pair_id,source_i,source_j,varied_source,fixed_source,varied_multiplier,varied_strength_s^-1,fixed_multiplier,fixed_strength_s^-1,condition_id,varied_single_condition_id,fixed_single_condition_id,zero_condition_id,nbar,pair_infidelity,varied_only_infidelity,fixed_only_infidelity,zero_infidelity,additive_prediction,interaction_infidelity,pair_noise_penalty,relative_interaction_to_pair_noise
motional_dephasing__photon_scattering,motional_dephasing,photon_scattering,motional_dephasing,photon_scattering,0.0,0.0,1.0,4.0,rates_660d67d330352843,rates_7283b228c09abbcb,rates_660d67d330352843,rates_7283b228c09abbcb,0.01,0.0008083429031502387,0.0002487641440845,0.0008083429031502387,0.0002487641440845,0.0008083429031502387,0.0,0.0005595787590657387,0.0
motional_dephasing__photon_scattering,motional_dephasing,photon_scattering,motional_dephasing,photon_scattering,0.0,0.0,1.0,4.0,rates_660d67d330352843,rates_7283b228c09abbcb,rates_660d67d330352843,rates_7283b228c09abbcb,1.0,0.0018607331791671289,0.0013018788028587,0.0018607331791671289,0.0013018788028587,0.0018607331791671289,0.0,0.000558854376308429,0.0
motional_dephasing__photon_scattering,motional_dephasing,photon_scattering,motional_dephasing,photon_scattering,0.0,0.0,1.0,4.0,rates_660d67d330352843,rates_7283b228c09abbcb,rates_660d67d330352843,rates_7283b228c09abbcb,2.0,0.003583542645914095,0.0030258929745734,0.003583542645914095,0.0030258929745734,0.003583542645914095,0.0,0.0005576496713406952,0.0
motional_dephasing__photon_scattering,motional_dephasing,photon_scattering,motional_dephasing,photon_scattering,0.0,0.0,1.0,4.0,rates_660d67d330352843,rates_7283b228c09abbcb,rates_660d67d330352843,rates_7283b228c09abbcb,3.0,0.005906435989762593,0.0053504253160057,0.005906435989762593,0.0053504253160057,0.005906435989762593,0.0,0.0005560106737568932,0.0
motional_dephasing__photon_scattering,motional_dephasing,photon_scattering,motional_dephasing,photon_scattering,0.0,0.0,1.0,4.0,rates_660d67d330352843,rates_7283b228c09abbcb,rates_660d67d330352843,rates_7283b228c09abbcb,4.0,0.008775455665467446,0.0082214370008468,0.008775455665467446,0.0082214370008468,0.008775455665467446,0.0,0.0005540186646206466,0.0
motional_dephasing__photon_scattering,motional_dephasing,photon_scattering,motional_dephasing,photon_scattering,0.5,9.0,1.0,4.0,rates_dc58ae7c10144f92,rates_70251d48c79bc447,rates_660d67d330352843,rates_7283b228c09abbcb,0.01,0.0010499156192146364,0.000490509003878592,0.0008083429031502387,0.0002487641440845,0.0010500877629443307,-1.7214372969426815e-07,0.0008011514751301364,-0.00021487038973036366
motional_dephasing__photon_scattering,motional_dephasing,photon_scattering,motional_dephasing,photon_scattering,0.5,9.0,1.0,4.0,rates_dc58ae7c10144f92,rates_70251d48c79bc447,rates_660d67d330352843,rates_7283b228c09abbcb,1.0,0.0024304346969301616,0.0018719740065380464,0.0018607331791671289,0.0013018788028587,0.0024308283828464753,-3.9368591631377264e-07,0.0011285558940714617,-0.000348840423750287
motional_dephasing__photon_scattering,motional_dephasing,photon_scattering,motional_dephasing,photon_scattering,0.5,9.0,1.0,4.0,rates_dc58ae7c10144f92,rates_70251d48c79bc447,rates_660d67d330352843,rates_7283b228c09abbcb,2.0,0.00446610221166599,0.003909116252208689,0.003583542645914095,0.0030258929745734,0.004466765923549384,-6.637118833939526e-07,0.00144020923709259,-0.00046084406786184437
motional_dephasing__photon_scattering,motional_dephasing,photon_scattering,motional_dephasing,photon_scattering,0.5,9.0,1.0,4.0,rates_dc58ae7c10144f92,rates_70251d48c79bc447,rates_660d67d330352843,rates_7283b228c09abbcb,3.0,0.0070826801484378255,0.006527497107274627,0.005906435989762593,0.0053504253160057,0.00708350778103152,-8.276325936945605e-07,0.0017322548324321257,-0.0004777776215134267
motional_dephasing__photon_scattering,motional_dephasing,photon_scattering,motional_dephasing,photon_scattering,0.5,9.0,1.0,4.0,rates_dc58ae7c10144f92,rates_70251d48c79bc447,rates_660d67d330352843,rates_7283b228c09abbcb,4.0,0.010225729922914817,0.009672802340193742,0.008775455665467446,0.0082214370008468,0.010226821004814389,-1.0910818995721328e-06,0.002004292922068017,-0.000544372475479463
motional_dephasing__photon_scattering,motional_dephasing,photon_scattering,motional_dephasing,photon_scattering,1.0,18.0,1.0,4.0,rates_1956bc5693502c6b,rates_65e4c1ad12cf1435,rates_660d67d330352843,rates_7283b228c09abbcb,0.01,0.0012911060060766255,0.0007318486089153975,0.0008083429031502387,0.0002487641440845,0.0012914273679811362,-3.2136190451065826e-07,0.0010423418619921255,-0.0003083075872022168
motional_dephasing__photon_scattering,motional_dephasing,photon_scattering,motional_dephasing,photon_scattering,1.0,18.0,1.0,4.0,rates_1956bc5693502c6b,rates_65e4c1ad12cf1435,rates_660d67d330352843,rates_7283b228c09abbcb,1.0,0.0029980500009620936,0.002440037037965803,0.0018607331791671289,0.0013018788028587,0.002998891414274232,-8.414133121385434e-07,0.0016961711981033937,-0.0004960662656454642
motional_dephasing__photon_scattering,motional_dephasing,photon_scattering,motional_dephasing,photon_scattering,1.0,18.0,1.0,4.0,rates_1956bc5693502c6b,rates_65e4c1ad12cf1435,rates_660d67d330352843,rates_7283b228c09abbcb,2.0,0.005343763972258886,0.0047873986741631125,0.003583542645914095,0.0030258929745734,0.005345048345503808,-1.2843732449217826e-06,0.002317870997685486,-0.0005541176563338925
motional_dephasing__photon_scattering,motional_dephasing,photon_scattering,motional_dephasing,photon_scattering,1.0,18.0,1.0,4.0,rates_1956bc5693502c6b,rates_65e4c1ad12cf1435,rates_660d67d330352843,rates_7283b228c09abbcb,3.0,0.008250161598049033,0.007695838986599868,0.005906435989762593,0.0053504253160057,0.008251849660356761,-1.688062307728111e-06,0.002899736282043333,-0.0005821433894459527
motional_dephasing__photon_scattering,motional_dephasing,photon_scattering,motional_dephasing,photon_scattering,1.0,18.0,1.0,4.0,rates_1956bc5693502c6b,rates_65e4c1ad12cf1435,rates_660d67d330352843,rates_7283b228c09abbcb,4.0,0.011662766184938222,0.011110896620583288,0.008775455665467446,0.0082214370008468,0.011664915285203935,-2.1491002657123004e-06,0.0034413291840914226,-0.0006244971494291106
motional_dephasing__photon_scattering,motional_dephasing,photon_scattering,motional_dephasing,photon_scattering,2.0,36.0,1.0,4.0,rates_53af069691f7b638,rates_7f1e3dd0f07550fa,rates_660d67d330352843,rates_7283b228c09abbcb,0.01,0.0017723557690676461,0.0012134626861624032,0.0008083429031502387,0.0002487641440845,0.0017730414452281418,-6.856761604957014e-07,0.001523591624983146,-0.0004500393341971057
motional_dephasing__photon_scattering,motional_dephasing,photon_scattering,motional_dephasing,photon_scattering,2.0,36.0,1.0,4.0,rates_53af069691f7b638,rates_7f1e3dd0f07550fa,rates_660d67d330352843,rates_7283b228c09abbcb,1.0,0.004127234769576327,0.003570025772967278,0.0018607331791671289,0.0013018788028587,0.004128880149275707,-1.6453796993802158e-06,0.002825355966717627,-0.00058236191076898
motional_dephasing__photon_scattering,motional_dephasing,photon_scattering,motional_dephasing,photon_scattering,2.0,36.0,1.0,4.0,rates_53af069691f7b638,rates_7f1e3dd0f07550fa,rates_660d67d330352843,rates_7283b228c09abbcb,2.0,0.007084465183287092,0.006529373669582839,0.003583542645914095,0.0030258929745734,0.007087023340923534,-2.5581576364418213e-06,0.004058572208713692,-0.000630309750544661
motional_dephasing__photon_scattering,motional_dephasing,photon_scattering,motional_dephasing,photon_scattering,2.0,36.0,1.0,4.0,rates_53af069691f7b638,rates_7f1e3dd0f07550fa,rates_660d67d330352843,rates_7283b228c09abbcb,3.0,0.010559402910801041,0.010006773416273207,0.005906435989762593,0.0053504253160057,0.0105627840900301,-3.381179229058895e-06,0.0052089775947953415,-0.0006491061187203551
motional_dephasing__photon_scattering,motional_dephasing,photon_scattering,motional_dephasing,photon_scattering,2.0,36.0,1.0,4.0,rates_53af069691f7b638,rates_7f1e3dd0f07550fa,rates_660d67d330352843,rates_7283b228c09abbcb,4.0,0.014497996924203393,0.013948140781947727,0.008775455665467446,0.0082214370008468,0.014502159446568373,-4.1625223649796594e-06,0.006276559923356594,-0.0006631853142180495
motional_dephasing__photon_scattering,motional_dephasing,photon_scattering,motional_dephasing,photon_scattering,4.0,72.0,1.0,4.0,rates_7d4c45df6c6c0625,rates_e627b957213b2032,rates_660d67d330352843,rates_7283b228c09abbcb,0.01,0.002730468061827196,0.0021722770595740126,0.0008083429031502387,0.0002487641440845,0.0027318558186397515,-1.3877568125555961e-06,0.002481703917742696,-0.0005591951572602866
motional_dephasing__photon_scattering,motional_dephasing,photon_scattering,motional_dephasing,photon_scattering,4.0,72.0,1.0,4.0,rates_7d4c45df6c6c0625,rates_e627b957213b2032,rates_660d67d330352843,rates_7283b228c09abbcb,1.0,0.006361589216711705,0.005805982307085733,0.0018607331791671289,0.0013018788028587,0.006364836683394162,-3.2474666824570605e-06,0.005059710413853005,-0.0006418285666242491
motional_dephasing__photon_scattering,motional_dephasing,photon_scattering,motional_dephasing,photon_scattering,4.0,72.0,1.0,4.0,rates_7d4c45df6c6c0625,rates_e627b957213b2032,rates_660d67d330352843,rates_7283b228c09abbcb,2.0,0.010509015648853426,0.009956403138607017,0.003583542645914095,0.0030258929745734,0.010514052809947712,-5.0371610942866185e-06,0.007483122674280026,-0.0006731362445252522
motional_dephasing__photon_scattering,motional_dephasing,photon_scattering,motional_dephasing,photon_scattering,4.0,72.0,1.0,4.0,rates_7d4c45df6c6c0625,rates_e627b957213b2032,rates_660d67d330352843,rates_7283b228c09abbcb,3.0,0.015078353617093532,0.014528978792705538,0.005906435989762593,0.0053504253160057,0.015084989466462431,-6.6358493688994935e-06,0.009727928301087832,-0.0006821441486320819
motional_dephasing__photon_scattering,motional_dephasing,photon_scattering,motional_dephasing,photon_scattering,4.0,72.0,1.0,4.0,rates_7d4c45df6c6c0625,rates_e627b957213b2032,rates_660d67d330352843,rates_7283b228c09abbcb,4.0,0.020019176411918194,0.019473294914213235,0.008775455665467446,0.0082214370008468,0.02002731357883388,-8.137166915687943e-06,0.011797739411071394,-0.0006897225504109503
motional_dephasing__photon_scattering,motional_dephasing,photon_scattering,photon_scattering,motional_dephasing,0.0,0.0,1.0,18.0,rates_65e4c1ad12cf1435,rates_7283b228c09abbcb,rates_65e4c1ad12cf1435,rates_7283b228c09abbcb,0.01,0.0007318486089153975,0.0002487641440845,0.0007318486089153975,0.0002487641440845,0.0007318486089153975,0.0,0.0004830844648308975,0.0
motional_dephasing__photon_scattering,motional_dephasing,photon_scattering,photon_scattering,motional_dephasing,0.0,0.0,1.0,18.0,rates_65e4c1ad12cf1435,rates_7283b228c09abbcb,rates_65e4c1ad12cf1435,rates_7283b228c09abbcb,1.0,0.002440037037965803,0.0013018788028587,0.002440037037965803,0.0013018788028587,0.002440037037965803,0.0,0.0011381582351071033,0.0
motional_dephasing__photon_scattering,motional_dephasing,photon_scattering,photon_scattering,motional_dephasing,0.0,0.0,1.0,18.0,rates_65e4c1ad12cf1435,rates_7283b228c09abbcb,rates_65e4c1ad12cf1435,rates_7283b228c09abbcb,2.0,0.0047873986741631125,0.0030258929745734,0.0047873986741631125,0.0030258929745734,0.0047873986741631125,0.0,0.0017615056995897126,0.0
motional_dephasing__photon_scattering,motional_dephasing,photon_scattering,photon_scattering,motional_dephasing,0.0,0.0,1.0,18.0,rates_65e4c1ad12cf1435,rates_7283b228c09abbcb,rates_65e4c1ad12cf1435,rates_7283b228c09abbcb,3.0,0.007695838986599868,0.0053504253160057,0.007695838986599868,0.0053504253160057,0.007695838986599868,0.0,0.002345413670594168,0.0
motional_dephasing__photon_scattering,motional_dephasing,photon_scattering,photon_scattering,motional_dephasing,0.0,0.0,1.0,18.0,rates_65e4c1ad12cf1435,rates_7283b228c09abbcb,rates_65e4c1ad12cf1435,rates_7283b228c09abbcb,4.0,0.011110896620583288,0.0082214370008468,0.011110896620583288,0.0082214370008468,0.011110896620583288,0.0,0.0028894596197364883,0.0
motional_dephasing__photon_scattering,motional_dephasing,photon_scattering,photon_scattering,motional_dephasing,0.5,2.0,1.0,18.0,rates_5a034204f6fe4b1a,rates_cba05db5d91a70e1,rates_65e4c1ad12cf1435,rates_7283b228c09abbcb,0.01,0.0010115555207932392,0.0005286263298017735,0.0007318486089153975,0.0002487641440845,0.001011710794632671,-1.5527383943176286e-07,0.0007627913767087391,-0.0002035600351196051
motional_dephasing__photon_scattering,motional_dephasing,photon_scattering,photon_scattering,motional_dephasing,0.5,2.0,1.0,18.0,rates_5a034204f6fe4b1a,rates_cba05db5d91a70e1,rates_65e4c1ad12cf1435,rates_7283b228c09abbcb,1.0,0.0027191168440279245,0.0015813673514564197,0.002440037037965803,0.0013018788028587,0.002719525586563523,-4.08742535598465e-07,0.0014172380411692246,-0.0002884078212162944
motional_dephasing__photon_scattering,motional_dephasing,photon_scattering,photon_scattering,motional_dephasing,0.5,2.0,1.0,18.0,rates_5a034204f6fe4b1a,rates_cba05db5d91a70e1,rates_65e4c1ad12cf1435,rates_7283b228c09abbcb,2.0,0.005065636697074161,0.0033047811572902708,0.0047873986741631125,0.0030258929745734,0.005066286856879983,-6.501598058226976e-07,0.0020397437225007607,-0.0003187458300033842
motional_dephasing__photon_scattering,motional_dephasing,photon_scattering,photon_scattering,motional_dephasing,0.5,2.0,1.0,18.0,rates_5a034204f6fe4b1a,rates_cba05db5d91a70e1,rates_65e4c1ad12cf1435,rates_7283b228c09abbcb,3.0,0.007973040325967795,0.005628473139051571,0.007695838986599868,0.0053504253160057,0.007973886809645739,-8.464836779437102e-07,0.0026226150099620954,-0.00032276322476929026
motional_dephasing__photon_scattering,motional_dephasing,photon_scattering,photon_scattering,motional_dephasing,0.5,2.0,1.0,18.0,rates_5a034204f6fe4b1a,rates_cba05db5d91a70e1,rates_65e4c1ad12cf1435,rates_7283b228c09abbcb,4.0,0.011386909742858053,0.008498517210057344,0.011110896620583288,0.0082214370008468,0.011387976829793832,-1.0670869357784496e-06,0.0031654727420112536,-0.0003371019189697562
motional_dephasing__photon_scattering,motional_dephasing,photon_scattering,photon_scattering,motional_dephasing,1.0,4.0,1.0,18.0,rates_1956bc5693502c6b,rates_660d67d330352843,rates_65e4c1ad12cf1435,rates_7283b228c09abbcb,0.01,0.0012911060060766255,0.0008083429031502387,0.0007318486089153975,0.0002487641440845,0.0012914273679811362,-3.2136190451065826e-07,0.0010423418619921255,-0.0003083075872022168
motional_dephasing__photon_scattering,motional_dephasing,photon_scattering,photon_scattering,motional_dephasing,1.0,4.0,1.0,18.0,rates_1956bc5693502c6b,rates_660d67d330352843,rates_65e4c1ad12cf1435,rates_7283b228c09abbcb,1.0,0.0029980500009620936,0.0018607331791671289,0.002440037037965803,0.0013018788028587,0.002998891414274232,-8.414133121385434e-07,0.0016961711981033937,-0.0004960662656454642
motional_dephasing__photon_scattering,motional_dephasing,photon_scattering,photon_scattering,motional_dephasing,1.0,4.0,1.0,18.0,rates_1956bc5693502c6b,rates_660d67d330352843,rates_65e4c1ad12cf1435,rates_7283b228c09abbcb,2.0,0.005343763972258886,0.003583542645914095,0.0047873986741631125,0.0030258929745734,0.005345048345503808,-1.2843732449217826e-06,0.002317870997685486,-0.0005541176563338925
motional_dephasing__photon_scattering,motional_dephasing,photon_scattering,photon_scattering,motional_dephasing,1.0,4.0,1.0,18.0,rates_1956bc5693502c6b,rates_660d67d330352843,rates_65e4c1ad12cf1435,rates_7283b228c09abbcb,3.0,0.008250161598049033,0.005906435989762593,0.007695838986599868,0.0053504253160057,0.008251849660356761,-1.688062307728111e-06,0.002899736282043333,-0.0005821433894459527
motional_dephasing__photon_scattering,motional_dephasing,photon_scattering,photon_scattering,motional_dephasing,1.0,4.0,1.0,18.0,rates_1956bc5693502c6b,rates_660d67d330352843,rates_65e4c1ad12cf1435,rates_7283b228c09abbcb,4.0,0.011662766184938222,0.008775455665467446,0.011110896620583288,0.0082214370008468,0.011664915285203935,-2.1491002657123004e-06,0.0034413291840914226,-0.0006244971494291106
motional_dephasing__photon_scattering,motional_dephasing,photon_scattering,photon_scattering,motional_dephasing,2.0,8.0,1.0,18.0,rates_6f4d35c55359373b,rates_a6b00ad014b8547a,rates_65e4c1ad12cf1435,rates_7283b228c09abbcb,0.01,0.0018498803447645207,0.0013674834534253,0.0007318486089153975,0.0002487641440845,0.0018505679182561974,-6.87573491676757e-07,0.0016011162006800206,-0.00042943384832701904
motional_dephasing__photon_scattering,motional_dephasing,photon_scattering,photon_scattering,motional_dephasing,2.0,8.0,1.0,18.0,rates_6f4d35c55359373b,rates_a6b00ad014b8547a,rates_65e4c1ad12cf1435,rates_7283b228c09abbcb,1.0,0.0035556257011764014,0.0024191346070624453,0.002440037037965803,0.0013018788028587,0.0035572928421695486,-1.66714099314718e-06,0.0022537468983177015,-0.0007397197060555511
motional_dephasing__photon_scattering,motional_dephasing,photon_scattering,photon_scattering,motional_dephasing,2.0,8.0,1.0,18.0,rates_6f4d35c55359373b,rates_a6b00ad014b8547a,rates_65e4c1ad12cf1435,rates_7283b228c09abbcb,2.0,0.005899680277037689,0.004140728326187615,0.0047873986741631125,0.0030258929745734,0.0059022340257773274,-2.5537487396386227e-06,0.002873787302464289,-0.0008886352644987918
motional_dephasing__photon_scattering,motional_dephasing,photon_scattering,photon_scattering,motional_dephasing,2.0,8.0,1.0,18.0,rates_6f4d35c55359373b,rates_a6b00ad014b8547a,rates_65e4c1ad12cf1435,rates_7283b228c09abbcb,3.0,0.008804042144155089,0.006462005815290994,0.007695838986599868,0.0053504253160057,0.008807419485885162,-3.3773417300736464e-06,0.003453616828149389,-0.0009779144294601394
motional_dephasing__photon_scattering,motional_dephasing,photon_scattering,photon_scattering,motional_dephasing,2.0,8.0,1.0,18.0,rates_6f4d35c55359373b,rates_a6b00ad014b8547a,rates_65e4c1ad12cf1435,rates_7283b228c09abbcb,4.0,0.012214258650139365,0.009329000587058878,0.011110896620583288,0.0082214370008468,0.012218460206795366,-4.2015566560013595e-06,0.003992821649292565,-0.0010522775683571486
motional_dephasing__photon_scattering,motional_dephasing,photon_scattering,photon_scattering,motional_dephasing,4.0,16.0,1.0,18.0,rates_de7c92c5d91f74df,rates_57b91a072f7de420,rates_65e4c1ad12cf1435,rates_7283b228c09abbcb,0.01,0.0029660675752041232,0.002484354652018461,0.0007318486089153975,0.0002487641440845,0.002967439116849359,-1.3715416452356188e-06,0.0027173034311196234,-0.0005047436475176775
motional_dephasing__photon_scattering,motional_dephasing,photon_scattering,photon_scattering,motional_dephasing,4.0,16.0,1.0,18.0,rates_de7c92c5d91f74df,rates_57b91a072f7de420,rates_65e4c1ad12cf1435,rates_7283b228c09abbcb,1.0,0.004669416865533238,0.0035345741750463233,0.002440037037965803,0.0013018788028587,0.004672732410153427,-3.3155446201886193e-06,0.003367538062674538,-0.0009845603994614912
motional_dephasing__photon_scattering,motional_dephasing,photon_scattering,photon_scattering,motional_dephasing,4.0,16.0,1.0,18.0,rates_de7c92c5d91f74df,rates_57b91a072f7de420,rates_65e4c1ad12cf1435,rates_7283b228c09abbcb,2.0,0.007010192963200934,0.005253784842659925,0.0047873986741631125,0.0030258929745734,0.007015290542249638,-5.097579048703865e-06,0.003984299988627534,-0.0012794164754797543
motional_dephasing__photon_scattering,motional_dephasing,photon_scattering,photon_scattering,motional_dephasing,4.0,16.0,1.0,18.0,rates_de7c92c5d91f74df,rates_57b91a072f7de420,rates_65e4c1ad12cf1435,rates_7283b228c09abbcb,3.0,0.00991043360814603,0.007571785533531661,0.007695838986599868,0.0053504253160057,0.009917199204125829,-6.765595979799088e-06,0.00456000829214033,-0.0014836806309015552
motional_dephasing__photon_scattering,motional_dephasing,photon_scattering,photon_scattering,motional_dephasing,4.0,16.0,1.0,18.0,rates_de7c92c5d91f74df,rates_57b91a072f7de420,rates_65e4c1ad12cf1435,rates_7283b228c09abbcb,4.0,0.013315879022487542,0.010434767180510507,0.011110896620583288,0.0082214370008468,0.013324226800246995,-8.34777775945289e-06,0.005094442021640742,-0.0016386049196344297
motional_dephasing__spin_dephasing,motional_dephasing,spin_dephasing,motional_dephasing,spin_dephasing,0.0,0.0,1.0,3.3333333333333335,rates_87cf81c0f802ee14,rates_7283b228c09abbcb,rates_87cf81c0f802ee14,rates_7283b228c09abbcb,0.01,0.0005153042151032627,0.0002487641440845,0.0005153042151032627,0.0002487641440845,0.0005153042151032627,0.0,0.00026654007101876276,0.0
motional_dephasing__spin_dephasing,motional_dephasing,spin_dephasing,motional_dephasing,spin_dephasing,0.0,0.0,1.0,3.3333333333333335,rates_87cf81c0f802ee14,rates_7283b228c09abbcb,rates_87cf81c0f802ee14,rates_7283b228c09abbcb,1.0,0.0015680744438917316,0.0013018788028587,0.0015680744438917316,0.0013018788028587,0.0015680744438917316,0.0,0.00026619564103303166,0.0
motional_dephasing__spin_dephasing,motional_dephasing,spin_dephasing,motional_dephasing,spin_dephasing,0.0,0.0,1.0,3.3333333333333335,rates_87cf81c0f802ee14,rates_7283b228c09abbcb,rates_87cf81c0f802ee14,rates_7283b228c09abbcb,2.0,0.003291500706756878,0.0030258929745734,0.003291500706756878,0.0030258929745734,0.003291500706756878,0.0,0.0002656077321834781,0.0
motional_dephasing__spin_dephasing,motional_dephasing,spin_dephasing,motional_dephasing,spin_dephasing,0.0,0.0,1.0,3.3333333333333335,rates_87cf81c0f802ee14,rates_7283b228c09abbcb,rates_87cf81c0f802ee14,rates_7283b228c09abbcb,3.0,0.005615245408348679,0.0053504253160057,0.005615245408348679,0.0053504253160057,0.005615245408348679,0.0,0.00026482009234297943,0.0
motional_dephasing__spin_dephasing,motional_dephasing,spin_dephasing,motional_dephasing,spin_dephasing,0.0,0.0,1.0,3.3333333333333335,rates_87cf81c0f802ee14,rates_7283b228c09abbcb,rates_87cf81c0f802ee14,rates_7283b228c09abbcb,4.0,0.00848531813188913,0.0082214370008468,0.00848531813188913,0.0082214370008468,0.00848531813188913,0.0,0.0002638811310423303,0.0
motional_dephasing__spin_dephasing,motional_dephasing,spin_dephasing,motional_dephasing,spin_dephasing,0.5,9.0,1.0,3.3333333333333335,rates_f178564d2b994859,rates_70251d48c79bc447,rates_87cf81c0f802ee14,rates_7283b228c09abbcb,0.01,0.0007569591105234252,0.000490509003878592,0.0005153042151032627,0.0002487641440845,0.0007570490748973547,-8.99643739294461e-08,0.0005081949664389252,-0.00017702728257986005
motional_dephasing__spin_dephasing,motional_dephasing,spin_dephasing,motional_dephasing,spin_dephasing,0.5,9.0,1.0,3.3333333333333335,rates_f178564d2b994859,rates_70251d48c79bc447,rates_87cf81c0f802ee14,rates_7283b228c09abbcb,1.0,0.0021379806347674446,0.0018719740065380464,0.0015680744438917316,0.0013018788028587,0.002138169647571078,-1.8901280363341905e-07,0.0008361018319087447,-0.00022606433381675524
motional_dephasing__spin_dephasing,motional_dephasing,spin_dephasing,motional_dephasing,spin_dephasing,0.5,9.0,1.0,3.3333333333333335,rates_f178564d2b994859,rates_70251d48c79bc447,rates_87cf81c0f802ee14,rates_7283b228c09abbcb,2.0,0.004174433709666303,0.003909116252208689,0.003291500706756878,0.0030258929745734,0.004174723984392167,-2.902747258635985e-07,0.0011485407350929032,-0.0002527335052161809
motional_dephasing__spin_dephasing,motional_dephasing,spin_dephasing,motional_dephasing,spin_dephasing,0.5,9.0,1.0,3.3333333333333335,rates_f178564d2b994859,rates_70251d48c79bc447,rates_87cf81c0f802ee14,rates_7283b228c09abbcb,3.0,0.00679194913781056,0.006527497107274627,0.005615245408348679,0.0053504253160057,0.006792317199617606,-3.6806180704618274e-07,0.0014415238218048604,-0.0002553282862751105
motional_dephasing__spin_dephasing,motional_dephasing,spin_dephasing,motional_dephasing,spin_dephasing,0.5,9.0,1.0,3.3333333333333335,rates_f178564d2b994859,rates_70251d48c79bc447,rates_87cf81c0f802ee14,rates_7283b228c09abbcb,4.0,0.009936193407850347,0.009672802340193742,0.00848531813188913,0.0082214370008468,0.009936683471236073,-4.900633857260472e-07,0.0017147564070035468,-0.00028579183826022797
motional_dephasing__spin_dephasing,motional_dephasing,spin_dephasing,motional_dephasing,spin_dephasing,1.0,18.0,1.0,3.3333333333333335,rates_c78d3b44752e1de2,rates_65e4c1ad12cf1435,rates_87cf81c0f802ee14,rates_7283b228c09abbcb,0.01,0.0009982295831267862,0.0007318486089153975,0.0005153042151032627,0.0002487641440845,0.0009983886799341602,-1.590968073739759e-07,0.0007494654390422862,-0.00021228037890216758
motional_dephasing__spin_dephasing,motional_dephasing,spin_dephasing,motional_dephasing,spin_dephasing,1.0,18.0,1.0,3.3333333333333335,rates_c78d3b44752e1de2,rates_65e4c1ad12cf1435,rates_87cf81c0f802ee14,rates_7283b228c09abbcb,1.0,0.00270583455964013,0.002440037037965803,0.0015680744438917316,0.0013018788028587,0.002706232678998835,-3.9811935870475573e-07,0.0014039557567814302,-0.0002835697327225216
motional_dephasing__spin_dephasing,motional_dephasing,spin_dephasing,motional_dephasing,spin_dephasing,1.0,18.0,1.0,3.3333333333333335,rates_c78d3b44752e1de2,rates_65e4c1ad12cf1435,rates_87cf81c0f802ee14,rates_7283b228c09abbcb,2.0,0.005052430623348814,0.0047873986741631125,0.003291500706756878,0.0030258929745734,0.005053006406346591,-5.757829977769136e-07,0.0020265376487754137,-0.00028412154006852275
motional_dephasing__spin_dephasing,motional_dephasing,spin_dephasing,motional_dephasing,spin_dephasing,1.0,18.0,1.0,3.3333333333333335,rates_c78d3b44752e1de2,rates_65e4c1ad12cf1435,rates_87cf81c0f802ee14,rates_7283b228c09abbcb,3.0,0.00795990134335689,0.007695838986599868,0.005615245408348679,0.0053504253160057,0.007960659078942847,-7.577355859572643e-07,0.0026094760273511902,-0.0002903784430341832
motional_dephasing__spin_dephasing,motional_dephasing,spin_dephasing,motional_dephasing,spin_dephasing,1.0,18.0,1.0,3.3333333333333335,rates_c78d3b44752e1de2,rates_65e4c1ad12cf1435,rates_87cf81c0f802ee14,rates_7283b228c09abbcb,4.0,0.01137379335070876,0.011110896620583288,0.00848531813188913,0.0082214370008468,0.011374777751625618,-9.844009168577528e-07,0.003152356349861961,-0.0003122746312931464
motional_dephasing__spin_dephasing,motional_dephasing,spin_dephasing,motional_dephasing,spin_dephasing,2.0,36.0,1.0,3.3333333333333335,rates_360eade92eac1e2f,rates_7f1e3dd0f07550fa,rates_87cf81c0f802ee14,rates_7283b228c09abbcb,0.01,0.001479694156622413,0.0012134626861624032,0.0005153042151032627,0.0002487641440845,0.0014800027571811659,-3.086005587527637e-07,0.001230930012537913,-0.00025070520306552256
motional_dephasing__spin_dephasing,motional_dephasing,spin_dephasing,motional_dephasing,spin_dephasing,2.0,36.0,1.0,3.3333333333333335,rates_360eade92eac1e2f,rates_7f1e3dd0f07550fa,rates_87cf81c0f802ee14,rates_7283b228c09abbcb,1.0,0.003835450156507769,0.003570025772967278,0.0015680744438917316,0.0013018788028587,0.0038362214140003096,-7.712574925404156e-07,0.0025335713536490693,-0.00030441514561237187
motional_dephasing__spin_dephasing,motional_dephasing,spin_dephasing,motional_dephasing,spin_dephasing,2.0,36.0,1.0,3.3333333333333335,rates_360eade92eac1e2f,rates_7f1e3dd0f07550fa,rates_87cf81c0f802ee14,rates_7283b228c09abbcb,2.0,0.006793817662929746,0.006529373669582839,0.003291500706756878,0.0030258929745734,0.006794981401766317,-1.163738836570255e-06,0.0037679246883563465,-0.0003088540596807693
motional_dephasing__spin_dephasing,motional_dephasing,spin_dephasing,motional_dephasing,spin_dephasing,2.0,36.0,1.0,3.3333333333333335,rates_360eade92eac1e2f,rates_7f1e3dd0f07550fa,rates_87cf81c0f802ee14,rates_7283b228c09abbcb,3.0,0.010270040514656076,0.010006773416273207,0.005615245408348679,0.0053504253160057,0.010271593508616186,-1.5529939601105491e-06,0.004919615198650376,-0.0003156738682603855
motional_dephasing__spin_dephasing,motional_dephasing,spin_dephasing,motional_dephasing,spin_dephasing,2.0,36.0,1.0,3.3333333333333335,rates_360eade92eac1e2f,rates_7f1e3dd0f07550fa,rates_87cf81c0f802ee14,rates_7283b228c09abbcb,4.0,0.014210114012886521,0.013948140781947727,0.00848531813188913,0.0082214370008468,0.014212021912990057,-1.9079001035357535e-06,0.005988677012039721,-0.00031858457213506156
motional_dephasing__spin_dephasing,motional_dephasing,spin_dephasing,motional_dephasing,spin_dephasing,4.0,72.0,1.0,3.3333333333333335,rates_6a8c834ff6e2e567,rates_e627b957213b2032,rates_87cf81c0f802ee14,rates_7283b228c09abbcb,0.01,0.0024381556284254202,0.0021722770595740126,0.0005153042151032627,0.0002487641440845,0.0024388171305927756,-6.615021673553323e-07,0.0021893914843409204,-0.00030213973703952104
motional_dephasing__spin_dephasing,motional_dephasing,spin_dephasing,motional_dephasing,spin_dephasing,4.0,72.0,1.0,3.3333333333333335,rates_6a8c834ff6e2e567,rates_e627b957213b2032,rates_87cf81c0f802ee14,rates_7283b228c09abbcb,1.0,0.006070679459359463,0.005805982307085733,0.0015680744438917316,0.0013018788028587,0.006072177948118765,-1.4984887593020788e-06,0.004768800656500763,-0.00031422759457545364
motional_dephasing__spin_dephasing,motional_dephasing,spin_dephasing,motional_dephasing,spin_dephasing,4.0,72.0,1.0,3.3333333333333335,rates_6a8c834ff6e2e567,rates_e627b957213b2032,rates_87cf81c0f802ee14,rates_7283b228c09abbcb,2.0,0.010219680078599525,0.009956403138607017,0.003291500706756878,0.0030258929745734,0.010222010870790495,-2.3307921909708484e-06,0.007193787104026125,-0.0003240007185737233
motional_dephasing__spin_dephasing,motional_dephasing,spin_dephasing,motional_dephasing,spin_dephasing,4.0,72.0,1.0,3.3333333333333335,rates_6a8c834ff6e2e567,rates_e627b957213b2032,rates_87cf81c0f802ee14,rates_7283b228c09abbcb,3.0,0.014790760655408741,0.014528978792705538,0.005615245408348679,0.0053504253160057,0.014793798885048517,-3.038229639776291e-06,0.009440335339403041,-0.000321834927525828
motional_dephasing__spin_dephasing,motional_dephasing,spin_dephasing,motional_dephasing,spin_dephasing,4.0,72.0,1.0,3.3333333333333335,rates_6a8c834ff6e2e567,rates_e627b957213b2032,rates_87cf81c0f802ee14,rates_7283b228c09abbcb,4.0,0.01973348391737062,0.019473294914213235,0.00848531813188913,0.0082214370008468,0.019737176045255565,-3.6921278849452732e-06,0.01151204691652382,-0.0003207186273403539
motional_dephasing__spin_dephasing,motional_dephasing,spin_dephasing,spin_dephasing,motional_dephasing,0.0,0.0,1.0,18.0,rates_65e4c1ad12cf1435,rates_7283b228c09abbcb,rates_65e4c1ad12cf1435,rates_7283b228c09abbcb,0.01,0.0007318486089153975,0.0002487641440845,0.0007318486089153975,0.0002487641440845,0.0007318486089153975,0.0,0.0004830844648308975,0.0
motional_dephasing__spin_dephasing,motional_dephasing,spin_dephasing,spin_dephasing,motional_dephasing,0.0,0.0,1.0,18.0,rates_65e4c1ad12cf1435,rates_7283b228c09abbcb,rates_65e4c1ad12cf1435,rates_7283b228c09abbcb,1.0,0.002440037037965803,0.0013018788028587,0.002440037037965803,0.0013018788028587,0.002440037037965803,0.0,0.0011381582351071033,0.0
motional_dephasing__spin_dephasing,motional_dephasing,spin_dephasing,spin_dephasing,motional_dephasing,0.0,0.0,1.0,18.0,rates_65e4c1ad12cf1435,rates_7283b228c09abbcb,rates_65e4c1ad12cf1435,rates_7283b228c09abbcb,2.0,0.0047873986741631125,0.0030258929745734,0.0047873986741631125,0.0030258929745734,0.0047873986741631125,0.0,0.0017615056995897126,0.0
motional_dephasing__spin_dephasing,motional_dephasing,spin_dephasing,spin_dephasing,motional_dephasing,0.0,0.0,1.0,18.0,rates_65e4c1ad12cf1435,rates_7283b228c09abbcb,rates_65e4c1ad12cf1435,rates_7283b228c09abbcb,3.0,0.007695838986599868,0.0053504253160057,0.007695838986599868,0.0053504253160057,0.007695838986599868,0.0,0.002345413670594168,0.0
motional_dephasing__spin_dephasing,motional_dephasing,spin_dephasing,spin_dephasing,motional_dephasing,0.0,0.0,1.0,18.0,rates_65e4c1ad12cf1435,rates_7283b228c09abbcb,rates_65e4c1ad12cf1435,rates_7283b228c09abbcb,4.0,0.011110896620583288,0.0082214370008468,0.011110896620583288,0.0082214370008468,0.011110896620583288,0.0,0.0028894596197364883,0.0
motional_dephasing__spin_dephasing,motional_dephasing,spin_dephasing,spin_dephasing,motional_dephasing,0.5,1.6666666666666667,1.0,18.0,rates_6c688fb66a893df8,rates_a6ce76b38e46ff5e,rates_65e4c1ad12cf1435,rates_7283b228c09abbcb,0.01,0.0008650632991624718,0.000382058435276611,0.0007318486089153975,0.0002487641440845,0.0008651429001075084,-7.960094503662273e-08,0.0006162991550779718,-0.0001291595881330584
motional_dephasing__spin_dephasing,motional_dephasing,spin_dephasing,spin_dephasing,motional_dephasing,0.5,1.6666666666666667,1.0,18.0,rates_6c688fb66a893df8,rates_a6ce76b38e46ff5e,rates_65e4c1ad12cf1435,rates_7283b228c09abbcb,1.0,0.0025729443628803583,0.0014349793142726108,0.002440037037965803,0.0013018788028587,0.002573137549379714,-1.9318649935578386e-07,0.0012710655600216584,-0.00015198783243917965
motional_dephasing__spin_dephasing,motional_dephasing,spin_dephasing,spin_dephasing,motional_dephasing,0.5,1.6666666666666667,1.0,18.0,rates_6c688fb66a893df8,rates_a6ce76b38e46ff5e,rates_65e4c1ad12cf1435,rates_7283b228c09abbcb,2.0,0.004919918073974072,0.0031587185580059796,0.0047873986741631125,0.0030258929745734,0.004920224257595692,-3.0618362161990986e-07,0.0018940250994006723,-0.0001616576368057613
motional_dephasing__spin_dephasing,motional_dephasing,spin_dephasing,spin_dephasing,motional_dephasing,0.5,1.6666666666666667,1.0,18.0,rates_6c688fb66a893df8,rates_a6ce76b38e46ff5e,rates_65e4c1ad12cf1435,rates_7283b228c09abbcb,3.0,0.007827881556239147,0.00548285991671027,0.007695838986599868,0.0053504253160057,0.007828273587304438,-3.9203106529106524e-07,0.002477456240233447,-0.00015823935007389868
motional_dephasing__spin_dephasing,motional_dephasing,spin_dephasing,spin_dephasing,motional_dephasing,0.5,1.6666666666666667,1.0,18.0,rates_6c688fb66a893df8,rates_a6ce76b38e46ff5e,rates_65e4c1ad12cf1435,rates_7283b228c09abbcb,4.0,0.011242353311070041,0.008353370746752908,0.011110896620583288,0.0082214370008468,0.011242830366489397,-4.770554193553322e-07,0.0030209163102232414,-0.0001579174562833482
motional_dephasing__spin_dephasing,motional_dephasing,spin_dephasing,spin_dephasing,motional_dephasing,1.0,3.3333333333333335,1.0,18.0,rates_c78d3b44752e1de2,rates_87cf81c0f802ee14,rates_65e4c1ad12cf1435,rates_7283b228c09abbcb,0.01,0.0009982295831267862,0.0005153042151032627,0.0007318486089153975,0.0002487641440845,0.0009983886799341602,-1.590968073739759e-07,0.0007494654390422862,-0.00021228037890216758
motional_dephasing__spin_dephasing,motional_dephasing,spin_dephasing,spin_dephasing,motional_dephasing,1.0,3.3333333333333335,1.0,18.0,rates_c78d3b44752e1de2,rates_87cf81c0f802ee14,rates_65e4c1ad12cf1435,rates_7283b228c09abbcb,1.0,0.00270583455964013,0.0015680744438917316,0.002440037037965803,0.0013018788028587,0.002706232678998835,-3.9811935870475573e-07,0.0014039557567814302,-0.0002835697327225216
motional_dephasing__spin_dephasing,motional_dephasing,spin_dephasing,spin_dephasing,motional_dephasing,1.0,3.3333333333333335,1.0,18.0,rates_c78d3b44752e1de2,rates_87cf81c0f802ee14,rates_65e4c1ad12cf1435,rates_7283b228c09abbcb,2.0,0.005052430623348814,0.003291500706756878,0.0047873986741631125,0.0030258929745734,0.005053006406346591,-5.757829977769136e-07,0.0020265376487754137,-0.00028412154006852275
motional_dephasing__spin_dephasing,motional_dephasing,spin_dephasing,spin_dephasing,motional_dephasing,1.0,3.3333333333333335,1.0,18.0,rates_c78d3b44752e1de2,rates_87cf81c0f802ee14,rates_65e4c1ad12cf1435,rates_7283b228c09abbcb,3.0,0.00795990134335689,0.005615245408348679,0.007695838986599868,0.0053504253160057,0.007960659078942847,-7.577355859572643e-07,0.0026094760273511902,-0.0002903784430341832
motional_dephasing__spin_dephasing,motional_dephasing,spin_dephasing,spin_dephasing,motional_dephasing,1.0,3.3333333333333335,1.0,18.0,rates_c78d3b44752e1de2,rates_87cf81c0f802ee14,rates_65e4c1ad12cf1435,rates_7283b228c09abbcb,4.0,0.01137379335070876,0.00848531813188913,0.011110896620583288,0.0082214370008468,0.011374777751625618,-9.844009168577528e-07,0.003152356349861961,-0.0003122746312931464
motional_dephasing__spin_dephasing,motional_dephasing,spin_dephasing,spin_dephasing,motional_dephasing,2.0,6.666666666666667,1.0,18.0,rates_405ddd5e4fdb9f22,rates_b641ff121079f20c,rates_65e4c1ad12cf1435,rates_7283b228c09abbcb,0.01,0.0012644844258872245,0.0007817128734529666,0.0007318486089153975,0.0002487641440845,0.001264797338283864,-3.1291239663950275e-07,0.0010157202818027245,-0.0003080694579457825
motional_dephasing__spin_dephasing,motional_dephasing,spin_dephasing,spin_dephasing,motional_dephasing,2.0,6.666666666666667,1.0,18.0,rates_405ddd5e4fdb9f22,rates_b641ff121079f20c,rates_65e4c1ad12cf1435,rates_7283b228c09abbcb,1.0,0.00297151914339433,0.001834113709671903,0.002440037037965803,0.0013018788028587,0.002972271944779006,-7.52801384676198e-07,0.00166964034053563,-0.0004508763752286286
motional_dephasing__spin_dephasing,motional_dephasing,spin_dephasing,spin_dephasing,motional_dephasing,2.0,6.666666666666667,1.0,18.0,rates_405ddd5e4fdb9f22,rates_b641ff121079f20c,rates_65e4c1ad12cf1435,rates_7283b228c09abbcb,2.0,0.005317333465614693,0.003557008479872059,0.0047873986741631125,0.0030258929745734,0.005318514179461772,-1.1807138470786016e-06,0.002291440491041293,-0.0005152714424375267
motional_dephasing__spin_dephasing,motional_dephasing,spin_dephasing,spin_dephasing,motional_dephasing,2.0,6.666666666666667,1.0,18.0,rates_405ddd5e4fdb9f22,rates_b641ff121079f20c,rates_65e4c1ad12cf1435,rates_7283b228c09abbcb,3.0,0.008223849673459682,0.005879971656656435,0.007695838986599868,0.0053504253160057,0.008225385327250603,-1.535653790921132e-06,0.0028734243574539825,-0.0005344333449869579
motional_dephasing__spin_dephasing,motional_dephasing,spin_dephasing,spin_dephasing,motional_dephasing,2.0,6.666666666666667,1.0,18.0,rates_405ddd5e4fdb9f22,rates_b641ff121079f20c,rates_65e4c1ad12cf1435,rates_7283b228c09abbcb,4.0,0.011636598556897026,0.008749067591736215,0.011110896620583288,0.0082214370008468,0.011638527211472703,-1.928654575676647e-06,0.0034151615560502266,-0.0005647330423534091
motional_dephasing__spin_dephasing,motional_dephasing,spin_dephasing,spin_dephasing,motional_dephasing,4.0,13.333333333333334,1.0,18.0,rates_e3c1dfd931a34ad1,rates_14c3539000a4de2d,rates_65e4c1ad12cf1435,rates_7283b228c09abbcb,0.01,0.001796668645798194,0.0013142085457644725,0.0007318486089153975,0.0002487641440845,0.00179729301059537,-6.24364797176041e-07,0.001547904501713694,-0.000403361316208334
motional_dephasing__spin_dephasing,motional_dephasing,spin_dephasing,spin_dephasing,motional_dephasing,4.0,13.333333333333334,1.0,18.0,rates_e3c1dfd931a34ad1,rates_14c3539000a4de2d,rates_65e4c1ad12cf1435,rates_7283b228c09abbcb,1.0,0.003502572111767299,0.0023659522682372147,0.002440037037965803,0.0013018788028587,0.003504110503344318,-1.538391577018787e-06,0.0022006933089085993,-0.0006990486001803355
motional_dephasing__spin_dephasing,motional_dephasing,spin_dephasing,spin_dephasing,motional_dephasing,4.0,13.333333333333334,1.0,18.0,rates_e3c1dfd931a34ad1,rates_14c3539000a4de2d,rates_65e4c1ad12cf1435,rates_7283b228c09abbcb,2.0,0.005846808808890325,0.004087676807516871,0.0047873986741631125,0.0030258929745734,0.005849182507106584,-2.3736982162590736e-06,0.002820915834316925,-0.0008414636790586333
motional_dephasing__spin_dephasing,motional_dephasing,spin_dephasing,spin_dephasing,motional_dephasing,4.0,13.333333333333334,1.0,18.0,rates_e3c1dfd931a34ad1,rates_14c3539000a4de2d,rates_65e4c1ad12cf1435,rates_7283b228c09abbcb,3.0,0.00875141085032849,0.006409099840242072,0.007695838986599868,0.0053504253160057,0.00875451351083624,-3.102660507750543e-06,0.0034009855343227896,-0.000912282771108096
motional_dephasing__spin_dephasing,motional_dephasing,spin_dephasing,spin_dephasing,motional_dephasing,4.0,13.333333333333334,1.0,18.0,rates_e3c1dfd931a34ad1,rates_14c3539000a4de2d,rates_65e4c1ad12cf1435,rates_7283b228c09abbcb,4.0,0.012161880373260159,0.009276302215450727,0.011110896620583288,0.0082214370008468,0.012165761835187215,-3.881461927056351e-06,0.003940443372413359,-0.000985031774401345
motional_heating__motional_dephasing,motional_heating,motional_dephasing,motional_dephasing,motional_heating,0.0,0.0,1.0,10.0,rates_a8953962d6e58e19,rates_7283b228c09abbcb,rates_a8953962d6e58e19,rates_7283b228c09abbcb,0.01,0.0006387326460262077,0.0002487641440845,0.0006387326460262077,0.0002487641440845,0.0006387326460262077,0.0,0.00038996850194170774,0.0
motional_heating__motional_dephasing,motional_heating,motional_dephasing,motional_dephasing,motional_heating,0.0,0.0,1.0,10.0,rates_a8953962d6e58e19,rates_7283b228c09abbcb,rates_a8953962d6e58e19,rates_7283b228c09abbcb,1.0,0.0016840630080643404,0.0013018788028587,0.0016840630080643404,0.0013018788028587,0.0016840630080643404,0.0,0.0003821842052056405,0.0
motional_heating__motional_dephasing,motional_heating,motional_dephasing,motional_dephasing,motional_heating,0.0,0.0,1.0,10.0,rates_a8953962d6e58e19,rates_7283b228c09abbcb,rates_a8953962d6e58e19,rates_7283b228c09abbcb,2.0,0.0034001847779550065,0.0030258929745734,0.0034001847779550065,0.0030258929745734,0.0034001847779550065,0.0,0.0003742918033816066,0.0
motional_heating__motional_dephasing,motional_heating,motional_dephasing,motional_dephasing,motional_heating,0.0,0.0,1.0,10.0,rates_a8953962d6e58e19,rates_7283b228c09abbcb,rates_a8953962d6e58e19,rates_7283b228c09abbcb,3.0,0.005716773502899564,0.0053504253160057,0.005716773502899564,0.0053504253160057,0.005716773502899564,0.0,0.00036634818689386395,0.0
motional_heating__motional_dephasing,motional_heating,motional_dephasing,motional_dephasing,motional_heating,0.0,0.0,1.0,10.0,rates_a8953962d6e58e19,rates_7283b228c09abbcb,rates_a8953962d6e58e19,rates_7283b228c09abbcb,4.0,0.008579927670973042,0.0082214370008468,0.008579927670973042,0.0082214370008468,0.008579927670973042,0.0,0.0003584906701262422,0.0
motional_heating__motional_dephasing,motional_heating,motional_dephasing,motional_dephasing,motional_heating,0.5,9.0,1.0,10.0,rates_6d2ebea4f1e4f35a,rates_70251d48c79bc447,rates_a8953962d6e58e19,rates_7283b228c09abbcb,0.01,0.0008803304078984775,0.000490509003878592,0.0006387326460262077,0.0002487641440845,0.0008804775058202997,-1.470979218221643e-07,0.0006315662638139775,-0.00023290972024669567
motional_heating__motional_dephasing,motional_heating,motional_dephasing,motional_dephasing,motional_heating,0.5,9.0,1.0,10.0,rates_6d2ebea4f1e4f35a,rates_70251d48c79bc447,rates_a8953962d6e58e19,rates_7283b228c09abbcb,1.0,0.0022536332121567693,0.0018719740065380464,0.0016840630080643404,0.0013018788028587,0.002254158211743687,-5.249995869175891e-07,0.0009517544092980694,-0.0005516124556804342
motional_heating__motional_dephasing,motional_heating,motional_dephasing,motional_dephasing,motional_heating,0.5,9.0,1.0,10.0,rates_6d2ebea4f1e4f35a,rates_70251d48c79bc447,rates_a8953962d6e58e19,rates_7283b228c09abbcb,2.0,0.004282540039450056,0.003909116252208689,0.0034001847779550065,0.0030258929745734,0.004283408055590295,-8.680161402395414e-07,0.0012566470648766558,-0.0006907397983894071
motional_heating__motional_dephasing,motional_heating,motional_dephasing,motional_dephasing,motional_heating,0.5,9.0,1.0,10.0,rates_6d2ebea4f1e4f35a,rates_70251d48c79bc447,rates_a8953962d6e58e19,rates_7283b228c09abbcb,3.0,0.006892684036814645,0.006527497107274627,0.005716773502899564,0.0053504253160057,0.006893845294168491,-1.1612573538460902e-06,0.001542258720808945,-0.0007529588506635177
motional_heating__motional_dephasing,motional_heating,motional_dephasing,motional_dephasing,motional_heating,0.5,9.0,1.0,10.0,rates_6d2ebea4f1e4f35a,rates_70251d48c79bc447,rates_a8953962d6e58e19,rates_7283b228c09abbcb,4.0,0.010029846044963597,0.009672802340193742,0.008579927670973042,0.0082214370008468,0.010031293010319985,-1.4469653563872753e-06,0.0018084090441167974,-0.0008001316743546556
motional_heating__motional_dephasing,motional_heating,motional_dephasing,motional_dephasing,motional_heating,1.0,18.0,1.0,10.0,rates_2524745c632f6db4,rates_65e4c1ad12cf1435,rates_a8953962d6e58e19,rates_7283b228c09abbcb,0.01,0.0011215243243913875,0.0007318486089153975,0.0006387326460262077,0.0002487641440845,0.0011218171108571052,-2.927864657176812e-07,0.0008727601803068875,-0.00033547184246505047
motional_heating__motional_dephasing,motional_heating,motional_dephasing,motional_dephasing,motional_heating,1.0,18.0,1.0,10.0,rates_2524745c632f6db4,rates_65e4c1ad12cf1435,rates_a8953962d6e58e19,rates_7283b228c09abbcb,1.0,0.002821158289240011,0.002440037037965803,0.0016840630080643404,0.0013018788028587,0.0028222212431714437,-1.0629539314325684e-06,0.0015192794863813112,-0.0006996434434617164
motional_heating__motional_dephasing,motional_heating,motional_dephasing,motional_dephasing,motional_heating,1.0,18.0,1.0,10.0,rates_2524745c632f6db4,rates_65e4c1ad12cf1435,rates_a8953962d6e58e19,rates_7283b228c09abbcb,2.0,0.0051599323880836545,0.0047873986741631125,0.0034001847779550065,0.0030258929745734,0.005161690477544719,-1.7580894610645659e-06,0.0021340394135102546,-0.0008238317670865819
motional_heating__motional_dephasing,motional_heating,motional_dephasing,motional_dephasing,motional_heating,1.0,18.0,1.0,10.0,rates_2524745c632f6db4,rates_65e4c1ad12cf1435,rates_a8953962d6e58e19,rates_7283b228c09abbcb,3.0,0.008059869835949862,0.007695838986599868,0.005716773502899564,0.0053504253160057,0.008062187173493732,-2.3173375438695354e-06,0.0027094445199441625,-0.0008552814153645383
motional_heating__motional_dephasing,motional_heating,motional_dephasing,motional_dephasing,motional_heating,1.0,18.0,1.0,10.0,rates_2524745c632f6db4,rates_65e4c1ad12cf1435,rates_a8953962d6e58e19,rates_7283b228c09abbcb,4.0,0.011466548911510444,0.011110896620583288,0.008579927670973042,0.0082214370008468,0.01146938729070953,-2.83837919908686e-06,0.0032451119106636436,-0.0008746629630120817
motional_heating__motional_dephasing,motional_heating,motional_dephasing,motional_dephasing,motional_heating,2.0,36.0,1.0,10.0,rates_590721c3770d8a77,rates_7f1e3dd0f07550fa,rates_a8953962d6e58e19,rates_7283b228c09abbcb,0.01,0.0016028287651266293,0.0012134626861624032,0.0006387326460262077,0.0002487641440845,0.0016034311881041108,-6.024229774815367e-07,0.0013540646210421293,-0.0004448997249613491
motional_heating__motional_dephasing,motional_heating,motional_dephasing,motional_dephasing,motional_heating,2.0,36.0,1.0,10.0,rates_590721c3770d8a77,rates_7f1e3dd0f07550fa,rates_a8953962d6e58e19,rates_7283b228c09abbcb,1.0,0.0039500894861645985,0.003570025772967278,0.0016840630080643404,0.0013018788028587,0.0039522099781729185,-2.1204920083199227e-06,0.0026482106833058986,-0.0008007263250191267
motional_heating__motional_dephasing,motional_heating,motional_dephasing,motional_dephasing,motional_heating,2.0,36.0,1.0,10.0,rates_590721c3770d8a77,rates_7f1e3dd0f07550fa,rates_a8953962d6e58e19,rates_7283b228c09abbcb,2.0,0.006900229043187545,0.006529373669582839,0.0034001847779550065,0.0030258929745734,0.006903665472964445,-3.4364297769005903e-06,0.0038743360686141447,-0.0008869725589215099
motional_heating__motional_dephasing,motional_heating,motional_dephasing,motional_dephasing,motional_heating,2.0,36.0,1.0,10.0,rates_590721c3770d8a77,rates_7f1e3dd0f07550fa,rates_a8953962d6e58e19,rates_7283b228c09abbcb,3.0,0.010368515675608814,0.010006773416273207,0.005716773502899564,0.0053504253160057,0.010373121603167071,-4.605927558257172e-06,0.005018090359603114,-0.000917864611473728
motional_heating__motional_dephasing,motional_heating,motional_dephasing,motional_dephasing,motional_heating,2.0,36.0,1.0,10.0,rates_590721c3770d8a77,rates_7f1e3dd0f07550fa,rates_a8953962d6e58e19,rates_7283b228c09abbcb,4.0,0.014301043132968871,0.013948140781947727,0.008579927670973042,0.0082214370008468,0.014306631452073969,-5.588319105097328e-06,0.0060796061321220715,-0.0009191909777791377
motional_heating__motional_dephasing,motional_heating,motional_dephasing,motional_dephasing,motional_heating,4.0,72.0,1.0,10.0,rates_8142d8384202664f,rates_e627b957213b2032,rates_a8953962d6e58e19,rates_7283b228c09abbcb,0.01,0.002560997602963133,0.0021722770595740126,0.0006387326460262077,0.0002487641440845,0.0025622455615157205,-1.2479585525873582e-06,0.0023122334588786334,-0.0005397199611463897
motional_heating__motional_dephasing,motional_heating,motional_dephasing,motional_dephasing,motional_heating,4.0,72.0,1.0,10.0,rates_8142d8384202664f,rates_e627b957213b2032,rates_a8953962d6e58e19,rates_7283b228c09abbcb,1.0,0.0061839759450801335,0.005805982307085733,0.0016840630080643404,0.0013018788028587,0.0061881665122913735,-4.1905672112400524e-06,0.004882097142221434,-0.000858353918237128
motional_heating__motional_dephasing,motional_heating,motional_dephasing,motional_dephasing,motional_heating,4.0,72.0,1.0,10.0,rates_8142d8384202664f,rates_e627b957213b2032,rates_a8953962d6e58e19,rates_7283b228c09abbcb,2.0,0.010323899811655934,0.009956403138607017,0.0034001847779550065,0.0030258929745734,0.010330694941988624,-6.795130332689497e-06,0.0072980068370825345,-0.0009310939937959735
motional_heating__motional_dephasing,motional_heating,motional_dephasing,motional_dephasing,motional_heating,4.0,72.0,1.0,10.0,rates_8142d8384202664f,rates_e627b957213b2032,rates_a8953962d6e58e19,rates_7283b228c09abbcb,3.0,0.014886290217602793,0.014528978792705538,0.005716773502899564,0.0053504253160057,0.014895326979599402,-9.036761996608633e-06,0.009535864901597094,-0.0009476604471499099
motional_heating__motional_dephasing,motional_heating,motional_dephasing,motional_dephasing,motional_heating,4.0,72.0,1.0,10.0,rates_8142d8384202664f,rates_e627b957213b2032,rates_a8953962d6e58e19,rates_7283b228c09abbcb,4.0,0.01982082256354012,0.019473294914213235,0.008579927670973042,0.0082214370008468,0.019831785584339477,-1.0963020799358014e-05,0.01159938556269332,-0.0009451380627106645
motional_heating__motional_dephasing,motional_heating,motional_dephasing,motional_heating,motional_dephasing,0.0,0.0,1.0,18.0,rates_65e4c1ad12cf1435,rates_7283b228c09abbcb,rates_65e4c1ad12cf1435,rates_7283b228c09abbcb,0.01,0.0007318486089153975,0.0002487641440845,0.0007318486089153975,0.0002487641440845,0.0007318486089153975,0.0,0.0004830844648308975,0.0
motional_heating__motional_dephasing,motional_heating,motional_dephasing,motional_heating,motional_dephasing,0.0,0.0,1.0,18.0,rates_65e4c1ad12cf1435,rates_7283b228c09abbcb,rates_65e4c1ad12cf1435,rates_7283b228c09abbcb,1.0,0.002440037037965803,0.0013018788028587,0.002440037037965803,0.0013018788028587,0.002440037037965803,0.0,0.0011381582351071033,0.0
motional_heating__motional_dephasing,motional_heating,motional_dephasing,motional_heating,motional_dephasing,0.0,0.0,1.0,18.0,rates_65e4c1ad12cf1435,rates_7283b228c09abbcb,rates_65e4c1ad12cf1435,rates_7283b228c09abbcb,2.0,0.0047873986741631125,0.0030258929745734,0.0047873986741631125,0.0030258929745734,0.0047873986741631125,0.0,0.0017615056995897126,0.0
motional_heating__motional_dephasing,motional_heating,motional_dephasing,motional_heating,motional_dephasing,0.0,0.0,1.0,18.0,rates_65e4c1ad12cf1435,rates_7283b228c09abbcb,rates_65e4c1ad12cf1435,rates_7283b228c09abbcb,3.0,0.007695838986599868,0.0053504253160057,0.007695838986599868,0.0053504253160057,0.007695838986599868,0.0,0.002345413670594168,0.0
motional_heating__motional_dephasing,motional_heating,motional_dephasing,motional_heating,motional_dephasing,0.0,0.0,1.0,18.0,rates_65e4c1ad12cf1435,rates_7283b228c09abbcb,rates_65e4c1ad12cf1435,rates_7283b228c09abbcb,4.0,0.011110896620583288,0.0082214370008468,0.011110896620583288,0.0082214370008468,0.011110896620583288,0.0,0.0028894596197364883,0.0
motional_heating__motional_dephasing,motional_heating,motional_dephasing,motional_heating,motional_dephasing,0.5,5.0,1.0,18.0,rates_935232b07d52685d,rates_d40c9e1dbffac54a,rates_65e4c1ad12cf1435,rates_7283b228c09abbcb,0.01,0.0009267712089849889,0.00044382747593396665,0.0007318486089153975,0.0002487641440845,0.0009269119407648641,-1.407317798752302e-07,0.0006780070649004888,-0.00020756683397670116
motional_heating__motional_dephasing,motional_heating,motional_dephasing,motional_heating,motional_dephasing,0.5,5.0,1.0,18.0,rates_935232b07d52685d,rates_d40c9e1dbffac54a,rates_65e4c1ad12cf1435,rates_7283b228c09abbcb,1.0,0.002630651624595637,0.001493035115540886,0.002440037037965803,0.0013018788028587,0.0026311933506479894,-5.417260523525244e-07,0.001328772821736937,-0.0004076889920463562
motional_heating__motional_dephasing,motional_heating,motional_dephasing,motional_heating,motional_dephasing,0.5,5.0,1.0,18.0,rates_935232b07d52685d,rates_d40c9e1dbffac54a,rates_65e4c1ad12cf1435,rates_7283b228c09abbcb,2.0,0.004973730643724084,0.003213085281055905,0.0047873986741631125,0.0030258929745734,0.004974590980645618,-8.603369215341716e-07,0.0019478376691506837,-0.00044168820387856277
motional_heating__motional_dephasing,motional_heating,motional_dephasing,motional_heating,motional_dephasing,0.5,5.0,1.0,18.0,rates_935232b07d52685d,rates_d40c9e1dbffac54a,rates_65e4c1ad12cf1435,rates_7283b228c09abbcb,3.0,0.00787793270756798,0.005533633946487315,0.007695838986599868,0.0053504253160057,0.007879047617081483,-1.114909513502682e-06,0.002527507391562281,-0.0004411102880350209
motional_heating__motional_dephasing,motional_heating,motional_dephasing,motional_heating,motional_dephasing,0.5,5.0,1.0,18.0,rates_935232b07d52685d,rates_d40c9e1dbffac54a,rates_65e4c1ad12cf1435,rates_7283b228c09abbcb,4.0,0.011288774196227869,0.008400749344639635,0.011110896620583288,0.0082214370008468,0.011290208964376124,-1.4347681482548835e-06,0.003067337195381069,-0.0004677569034194938
motional_heating__motional_dephasing,motional_heating,motional_dephasing,motional_heating,motional_dephasing,1.0,10.0,1.0,18.0,rates_2524745c632f6db4,rates_a8953962d6e58e19,rates_65e4c1ad12cf1435,rates_7283b228c09abbcb,0.01,0.0011215243243913875,0.0006387326460262077,0.0007318486089153975,0.0002487641440845,0.0011218171108571052,-2.927864657176812e-07,0.0008727601803068875,-0.00033547184246505047
motional_heating__motional_dephasing,motional_heating,motional_dephasing,motional_heating,motional_dephasing,1.0,10.0,1.0,18.0,rates_2524745c632f6db4,rates_a8953962d6e58e19,rates_65e4c1ad12cf1435,rates_7283b228c09abbcb,1.0,0.002821158289240011,0.0016840630080643404,0.002440037037965803,0.0013018788028587,0.0028222212431714437,-1.0629539314325684e-06,0.0015192794863813112,-0.0006996434434617164
motional_heating__motional_dephasing,motional_heating,motional_dephasing,motional_heating,motional_dephasing,1.0,10.0,1.0,18.0,rates_2524745c632f6db4,rates_a8953962d6e58e19,rates_65e4c1ad12cf1435,rates_7283b228c09abbcb,2.0,0.0051599323880836545,0.0034001847779550065,0.0047873986741631125,0.0030258929745734,0.005161690477544719,-1.7580894610645659e-06,0.0021340394135102546,-0.0008238317670865819
motional_heating__motional_dephasing,motional_heating,motional_dephasing,motional_heating,motional_dephasing,1.0,10.0,1.0,18.0,rates_2524745c632f6db4,rates_a8953962d6e58e19,rates_65e4c1ad12cf1435,rates_7283b228c09abbcb,3.0,0.008059869835949862,0.005716773502899564,0.007695838986599868,0.0053504253160057,0.008062187173493732,-2.3173375438695354e-06,0.0027094445199441625,-0.0008552814153645383
motional_heating__motional_dephasing,motional_heating,motional_dephasing,motional_heating,motional_dephasing,1.0,10.0,1.0,18.0,rates_2524745c632f6db4,rates_a8953962d6e58e19,rates_65e4c1ad12cf1435,rates_7283b228c09abbcb,4.0,0.011466548911510444,0.008579927670973042,0.011110896620583288,0.0082214370008468,0.01146938729070953,-2.83837919908686e-06,0.0032451119106636436,-0.0008746629630120817
motional_heating__motional_dephasing,motional_heating,motional_dephasing,motional_heating,motional_dephasing,2.0,20.0,1.0,18.0,rates_3fa0e6fcd1bc3bb5,rates_95304e3098130ea3,rates_65e4c1ad12cf1435,rates_7283b228c09abbcb,0.01,0.0015107096955505606,0.00102825162399367,0.0007318486089153975,0.0002487641440845,0.0015113360888245676,-6.263932740069918e-07,0.0012619455514660605,-0.0004963710781969014
motional_heating__motional_dephasing,motional_heating,motional_dephasing,motional_heating,motional_dephasing,2.0,20.0,1.0,18.0,rates_3fa0e6fcd1bc3bb5,rates_95304e3098130ea3,rates_65e4c1ad12cf1435,rates_7283b228c09abbcb,1.0,0.0032018063972841793,0.0020657804870172214,0.002440037037965803,0.0013018788028587,0.0032039387221243247,-2.1323248401454095e-06,0.0018999275944254794,-0.0011223190012092038
motional_heating__motional_dephasing,motional_heating,motional_dephasing,motional_heating,motional_dephasing,2.0,20.0,1.0,18.0,rates_3fa0e6fcd1bc3bb5,rates_95304e3098130ea3,rates_65e4c1ad12cf1435,rates_7283b228c09abbcb,2.0,0.005532061397884647,0.0037740332750584304,0.0047873986741631125,0.0030258929745734,0.005535538974648143,-3.4775767634963317e-06,0.0025061684233112468,-0.001387606966534844
motional_heating__motional_dephasing,motional_heating,motional_dephasing,motional_heating,motional_dephasing,2.0,20.0,1.0,18.0,rates_3fa0e6fcd1bc3bb5,rates_95304e3098130ea3,rates_65e4c1ad12cf1435,rates_7283b228c09abbcb,3.0,0.008423468986079263,0.006082654765813267,0.007695838986599868,0.0053504253160057,0.008428068436407435,-4.59945032817155e-06,0.0030730436700735636,-0.0014967084174438196
motional_heating__motional_dephasing,motional_heating,motional_dephasing,motional_heating,motional_dephasing,2.0,20.0,1.0,18.0,rates_3fa0e6fcd1bc3bb5,rates_95304e3098130ea3,rates_65e4c1ad12cf1435,rates_7283b228c09abbcb,4.0,0.011821768072628913,0.008937989578852168,0.011110896620583288,0.0082214370008468,0.011827449198588656,-5.681125959743072e-06,0.0036003310717821133,-0.001577945429593783
motional_heating__motional_dephasing,motional_heating,motional_dephasing,motional_heating,motional_dephasing,4.0,40.0,1.0,18.0,rates_15e2db7947d1c0fd,rates_0e752ad71c6095d9,rates_65e4c1ad12cf1435,rates_7283b228c09abbcb,0.01,0.0022876247519466597,0.0018057867413734385,0.0007318486089153975,0.0002487641440845,0.002288871206204336,-1.2464542576764992e-06,0.00203886060786216,-0.0006113484427871037
motional_heating__motional_dephasing,motional_heating,motional_dephasing,motional_heating,motional_dephasing,4.0,40.0,1.0,18.0,rates_15e2db7947d1c0fd,rates_0e752ad71c6095d9,rates_65e4c1ad12cf1435,rates_7283b228c09abbcb,1.0,0.003961696612709842,0.002827783905809178,0.002440037037965803,0.0013018788028587,0.003965942140916281,-4.245528206439468e-06,0.002659817809851142,-0.0015961725614120432
motional_heating__motional_dephasing,motional_heating,motional_dephasing,motional_heating,motional_dephasing,4.0,40.0,1.0,18.0,rates_15e2db7947d1c0fd,rates_0e752ad71c6095d9,rates_65e4c1ad12cf1435,rates_7283b228c09abbcb,2.0,0.006274928396108215,0.004520313771534945,0.0047873986741631125,0.0030258929745734,0.006281819471124658,-6.891075016442899e-06,0.003249035421534815,-0.0021209602612419715
motional_heating__motional_dephasing,motional_heating,motional_dephasing,motional_heating,motional_dephasing,4.0,40.0,1.0,18.0,rates_15e2db7947d1c0fd,rates_0e752ad71c6095d9,rates_65e4c1ad12cf1435,rates_7283b228c09abbcb,3.0,0.009149378626467475,0.006813150070945517,0.007695838986599868,0.0053504253160057,0.009158563741539685,-9.185115072210537e-06,0.003798953310461775,-0.0024178015157269874
motional_heating__motional_dephasing,motional_heating,motional_dephasing,motional_heating,motional_dephasing,4.0,40.0,1.0,18.0,rates_15e2db7947d1c0fd,rates_0e752ad71c6095d9,rates_65e4c1ad12cf1435,rates_7283b228c09abbcb,4.0,0.012531016249048621,0.00965286588746006,0.011110896620583288,0.0082214370008468,0.012542325507196549,-1.1309258147927659e-05,0.004309579248201821,-0.0026242139885573434
motional_heating__photon_scattering,motional_heating,photon_scattering,motional_heating,photon_scattering,0.0,0.0,1.0,4.0,rates_660d67d330352843,rates_7283b228c09abbcb,rates_660d67d330352843,rates_7283b228c09abbcb,0.01,0.0008083429031502387,0.0002487641440845,0.0008083429031502387,0.0002487641440845,0.0008083429031502387,0.0,0.0005595787590657387,0.0
motional_heating__photon_scattering,motional_heating,photon_scattering,motional_heating,photon_scattering,0.0,0.0,1.0,4.0,rates_660d67d330352843,rates_7283b228c09abbcb,rates_660d67d330352843,rates_7283b228c09abbcb,1.0,0.0018607331791671289,0.0013018788028587,0.0018607331791671289,0.0013018788028587,0.0018607331791671289,0.0,0.000558854376308429,0.0
motional_heating__photon_scattering,motional_heating,photon_scattering,motional_heating,photon_scattering,0.0,0.0,1.0,4.0,rates_660d67d330352843,rates_7283b228c09abbcb,rates_660d67d330352843,rates_7283b228c09abbcb,2.0,0.003583542645914095,0.0030258929745734,0.003583542645914095,0.0030258929745734,0.003583542645914095,0.0,0.0005576496713406952,0.0
motional_heating__photon_scattering,motional_heating,photon_scattering,motional_heating,photon_scattering,0.0,0.0,1.0,4.0,rates_660d67d330352843,rates_7283b228c09abbcb,rates_660d67d330352843,rates_7283b228c09abbcb,3.0,0.005906435989762593,0.0053504253160057,0.005906435989762593,0.0053504253160057,0.005906435989762593,0.0,0.0005560106737568932,0.0
motional_heating__photon_scattering,motional_heating,photon_scattering,motional_heating,photon_scattering,0.0,0.0,1.0,4.0,rates_660d67d330352843,rates_7283b228c09abbcb,rates_660d67d330352843,rates_7283b228c09abbcb,4.0,0.008775455665467446,0.0082214370008468,0.008775455665467446,0.0082214370008468,0.008775455665467446,0.0,0.0005540186646206466,0.0
motional_heating__photon_scattering,motional_heating,photon_scattering,motional_heating,photon_scattering,0.5,5.0,1.0,4.0,rates_1a9c026201883970,rates_d40c9e1dbffac54a,rates_660d67d330352843,rates_7283b228c09abbcb,0.01,0.0010032551458891703,0.00044382747593396665,0.0008083429031502387,0.0002487641440845,0.0010034062349997053,-1.5108911053502393e-07,0.0007544910018046703,-0.00020025303174409402
motional_heating__photon_scattering,motional_heating,photon_scattering,motional_heating,photon_scattering,0.5,5.0,1.0,4.0,rates_1a9c026201883970,rates_d40c9e1dbffac54a,rates_660d67d330352843,rates_7283b228c09abbcb,1.0,0.0020517451243465823,0.001493035115540886,0.0018607331791671289,0.0013018788028587,0.002051889491849315,-1.443675027327715e-07,0.0007498663214878824,-0.00019252431879633952
motional_heating__photon_scattering,motional_heating,photon_scattering,motional_heating,photon_scattering,0.5,5.0,1.0,4.0,rates_1a9c026201883970,rates_d40c9e1dbffac54a,rates_660d67d330352843,rates_7283b228c09abbcb,2.0,0.0037705919597872395,0.003213085281055905,0.003583542645914095,0.0030258929745734,0.0037707349523966004,-1.4299260936087577e-07,0.0007446989852138396,-0.00019201397101382592
motional_heating__photon_scattering,motional_heating,photon_scattering,motional_heating,photon_scattering,0.5,5.0,1.0,4.0,rates_1a9c026201883970,rates_d40c9e1dbffac54a,rates_660d67d330352843,rates_7283b228c09abbcb,3.0,0.006089514048196909,0.005533633946487315,0.005906435989762593,0.0053504253160057,0.006089644620244208,-1.305720472993821e-07,0.0007390887321912093,-0.00017666626700189208
motional_heating__photon_scattering,motional_heating,photon_scattering,motional_heating,photon_scattering,0.5,5.0,1.0,4.0,rates_1a9c026201883970,rates_d40c9e1dbffac54a,rates_660d67d330352843,rates_7283b228c09abbcb,4.0,0.00895458967766627,0.008400749344639635,0.008775455665467446,0.0082214370008468,0.008954768009260282,-1.7833159401264842e-07,0.0007331526768194693,-0.00024323936834859375
motional_heating__photon_scattering,motional_heating,photon_scattering,motional_heating,photon_scattering,1.0,10.0,1.0,4.0,rates_c7ff262f79a0349b,rates_a8953962d6e58e19,rates_660d67d330352843,rates_7283b228c09abbcb,0.01,0.001198061642989301,0.0006387326460262077,0.0008083429031502387,0.0002487641440845,0.0011983114050919464,-2.497621026454396e-07,0.0009492974989048009,-0.0002631020338024578
motional_heating__photon_scattering,motional_heating,photon_scattering,motional_heating,photon_scattering,1.0,10.0,1.0,4.0,rates_c7ff262f79a0349b,rates_a8953962d6e58e19,rates_660d67d330352843,rates_7283b228c09abbcb,1.0,0.0022426243383690814,0.0016840630080643404,0.0018607331791671289,0.0013018788028587,0.0022429173843727694,-2.9304600368800643e-07,0.0009407455355103815,-0.00031150400679714156
motional_heating__photon_scattering,motional_heating,photon_scattering,motional_heating,photon_scattering,1.0,10.0,1.0,4.0,rates_c7ff262f79a0349b,rates_a8953962d6e58e19,rates_660d67d330352843,rates_7283b228c09abbcb,2.0,0.003957533531849022,0.0034001847779550065,0.003583542645914095,0.0030258929745734,0.003957834449295702,-3.0091744667934406e-07,0.0009316405572756224,-0.00032299736666607863
motional_heating__photon_scattering,motional_heating,photon_scattering,motional_heating,photon_scattering,1.0,10.0,1.0,4.0,rates_c7ff262f79a0349b,rates_a8953962d6e58e19,rates_660d67d330352843,rates_7283b228c09abbcb,3.0,0.006272513652705647,0.005716773502899564,0.005906435989762593,0.0053504253160057,0.006272784176656457,-2.705239508099533e-07,0.0009220883366999472,-0.0002933818160829675
motional_heating__photon_scattering,motional_heating,photon_scattering,motional_heating,photon_scattering,1.0,10.0,1.0,4.0,rates_c7ff262f79a0349b,rates_a8953962d6e58e19,rates_660d67d330352843,rates_7283b228c09abbcb,4.0,0.009133660508245045,0.008579927670973042,0.008775455665467446,0.0082214370008468,0.009133946335593689,-2.8582734864363024e-07,0.0009122235073982451,-0.0003133303914287838
motional_heating__photon_scattering,motional_heating,photon_scattering,motional_heating,photon_scattering,2.0,20.0,1.0,4.0,rates_734e958b365fba1a,rates_95304e3098130ea3,rates_660d67d330352843,rates_7283b228c09abbcb,0.01,0.0015872797632606739,0.00102825162399367,0.0008083429031502387,0.0002487641440845,0.0015878303830594088,-5.506197987348912e-07,0.0013385156191761738,-0.0004113659869533575
motional_heating__photon_scattering,motional_heating,photon_scattering,motional_heating,photon_scattering,2.0,20.0,1.0,4.0,rates_734e958b365fba1a,rates_95304e3098130ea3,rates_660d67d330352843,rates_7283b228c09abbcb,1.0,0.0026240475713720235,0.0020657804870172214,0.0018607331791671289,0.0013018788028587,0.0026246348633256504,-5.872919536268825e-07,0.0013221687685133236,-0.0004441883423757217
motional_heating__photon_scattering,motional_heating,photon_scattering,motional_heating,photon_scattering,2.0,20.0,1.0,4.0,rates_734e958b365fba1a,rates_95304e3098130ea3,rates_660d67d330352843,rates_7283b228c09abbcb,2.0,0.004331117040950461,0.0037740332750584304,0.003583542645914095,0.0030258929745734,0.004331682946399126,-5.65905448664944e-07,0.0013052240663770608,-0.0004335695787741182
motional_heating__photon_scattering,motional_heating,photon_scattering,motional_heating,photon_scattering,2.0,20.0,1.0,4.0,rates_734e958b365fba1a,rates_95304e3098130ea3,rates_660d67d330352843,rates_7283b228c09abbcb,3.0,0.0066380986181908685,0.006082654765813267,0.005906435989762593,0.0053504253160057,0.00663866543957016,-5.668213792914267e-07,0.0012876733021851688,-0.00044019036375883265
motional_heating__photon_scattering,motional_heating,photon_scattering,motional_heating,photon_scattering,2.0,20.0,1.0,4.0,rates_734e958b365fba1a,rates_95304e3098130ea3,rates_660d67d330352843,rates_7283b228c09abbcb,4.0,0.009491480076247782,0.008937989578852168,0.008775455665467446,0.0082214370008468,0.009492008243472815,-5.281672250320724e-07,0.0012700430754009825,-0.0004158655995705638
motional_heating__photon_scattering,motional_heating,photon_scattering,motional_heating,photon_scattering,4.0,40.0,1.0,4.0,rates_5ee16b592439d3eb,rates_0e752ad71c6095d9,rates_660d67d330352843,rates_7283b228c09abbcb,0.01,0.0023642241935128983,0.0018057867413734385,0.0008083429031502387,0.0002487641440845,0.0023653655004391774,-1.141306926279173e-06,0.0021154600494283984,-0.000539507671906901
motional_heating__photon_scattering,motional_heating,photon_scattering,motional_heating,photon_scattering,4.0,40.0,1.0,4.0,rates_5ee16b592439d3eb,rates_0e752ad71c6095d9,rates_660d67d330352843,rates_7283b228c09abbcb,1.0,0.0033855104678301995,0.002827783905809178,0.0018607331791671289,0.0013018788028587,0.003386638282117607,-1.12781428740754e-06,0.0020836316649714996,-0.0005412733480526015
motional_heating__photon_scattering,motional_heating,photon_scattering,motional_heating,photon_scattering,4.0,40.0,1.0,4.0,rates_5ee16b592439d3eb,rates_0e752ad71c6095d9,rates_660d67d330352843,rates_7283b228c09abbcb,2.0,0.005076853802528092,0.004520313771534945,0.003583542645914095,0.0030258929745734,0.00507796344287564,-1.1096403475484296e-06,0.002050960827954692,-0.0005410343934530488
motional_heating__photon_scattering,motional_heating,photon_scattering,motional_heating,photon_scattering,4.0,40.0,1.0,4.0,rates_5ee16b592439d3eb,rates_0e752ad71c6095d9,rates_660d67d330352843,rates_7283b228c09abbcb,3.0,0.0073681168437929045,0.006813150070945517,0.005906435989762593,0.0053504253160057,0.0073691607447024104,-1.0439009095059015e-06,0.002017691527787205,-0.0005173738874994158
motional_heating__photon_scattering,motional_heating,photon_scattering,motional_heating,photon_scattering,4.0,40.0,1.0,4.0,rates_5ee16b592439d3eb,rates_0e752ad71c6095d9,rates_660d67d330352843,rates_7283b228c09abbcb,4.0,0.010205833179661283,0.00965286588746006,0.008775455665467446,0.0082214370008468,0.010206884552080707,-1.0513724194236018e-06,0.0019843961788144834,-0.0005298198165508019
motional_heating__photon_scattering,motional_heating,photon_scattering,photon_scattering,motional_heating,0.0,0.0,1.0,10.0,rates_a8953962d6e58e19,rates_7283b228c09abbcb,rates_a8953962d6e58e19,rates_7283b228c09abbcb,0.01,0.0006387326460262077,0.0002487641440845,0.0006387326460262077,0.0002487641440845,0.0006387326460262077,0.0,0.00038996850194170774,0.0
motional_heating__photon_scattering,motional_heating,photon_scattering,photon_scattering,motional_heating,0.0,0.0,1.0,10.0,rates_a8953962d6e58e19,rates_7283b228c09abbcb,rates_a8953962d6e58e19,rates_7283b228c09abbcb,1.0,0.0016840630080643404,0.0013018788028587,0.0016840630080643404,0.0013018788028587,0.0016840630080643404,0.0,0.0003821842052056405,0.0
motional_heating__photon_scattering,motional_heating,photon_scattering,photon_scattering,motional_heating,0.0,0.0,1.0,10.0,rates_a8953962d6e58e19,rates_7283b228c09abbcb,rates_a8953962d6e58e19,rates_7283b228c09abbcb,2.0,0.0034001847779550065,0.0030258929745734,0.0034001847779550065,0.0030258929745734,0.0034001847779550065,0.0,0.0003742918033816066,0.0
motional_heating__photon_scattering,motional_heating,photon_scattering,photon_scattering,motional_heating,0.0,0.0,1.0,10.0,rates_a8953962d6e58e19,rates_7283b228c09abbcb,rates_a8953962d6e58e19,rates_7283b228c09abbcb,3.0,0.005716773502899564,0.0053504253160057,0.005716773502899564,0.0053504253160057,0.005716773502899564,0.0,0.00036634818689386395,0.0
motional_heating__photon_scattering,motional_heating,photon_scattering,photon_scattering,motional_heating,0.0,0.0,1.0,10.0,rates_a8953962d6e58e19,rates_7283b228c09abbcb,rates_a8953962d6e58e19,rates_7283b228c09abbcb,4.0,0.008579927670973042,0.0082214370008468,0.008579927670973042,0.0082214370008468,0.008579927670973042,0.0,0.0003584906701262422,0.0
motional_heating__photon_scattering,motional_heating,photon_scattering,photon_scattering,motional_heating,0.5,2.0,1.0,10.0,rates_0ddd426d8d9d7e11,rates_cba05db5d91a70e1,rates_a8953962d6e58e19,rates_7283b228c09abbcb,0.01,0.000918472396673975,0.0005286263298017735,0.0006387326460262077,0.0002487641440845,0.0009185948317434812,-1.2243506950621562e-07,0.0006697082525894749,-0.0001828185169180933
motional_heating__photon_scattering,motional_heating,photon_scattering,photon_scattering,motional_heating,0.5,2.0,1.0,10.0,rates_0ddd426d8d9d7e11,rates_cba05db5d91a70e1,rates_a8953962d6e58e19,rates_7283b228c09abbcb,1.0,0.0019633854366581938,0.0015813673514564197,0.0016840630080643404,0.0013018788028587,0.00196355155666206,-1.661200038664476e-07,0.0006615066337994939,-0.00025112371574008955
motional_heating__photon_scattering,motional_heating,photon_scattering,photon_scattering,motional_heating,0.5,2.0,1.0,10.0,rates_0ddd426d8d9d7e11,rates_cba05db5d91a70e1,rates_a8953962d6e58e19,rates_7283b228c09abbcb,2.0,0.0036789365886964465,0.0033047811572902708,0.0034001847779550065,0.0030258929745734,0.0036790729606718774,-1.3637197543089896e-07,0.0006530436141230465,-0.00020882521853311277
motional_heating__photon_scattering,motional_heating,photon_scattering,photon_scattering,motional_heating,0.5,2.0,1.0,10.0,rates_0ddd426d8d9d7e11,rates_cba05db5d91a70e1,rates_a8953962d6e58e19,rates_7283b228c09abbcb,3.0,0.005994684222309643,0.005628473139051571,0.005716773502899564,0.0053504253160057,0.005994821325945435,-1.3710363579166884e-07,0.0006442589063039433,-0.00021280828941616086
motional_heating__photon_scattering,motional_heating,photon_scattering,photon_scattering,motional_heating,0.5,2.0,1.0,10.0,rates_0ddd426d8d9d7e11,rates_cba05db5d91a70e1,rates_a8953962d6e58e19,rates_7283b228c09abbcb,4.0,0.008856853341184356,0.008498517210057344,0.008579927670973042,0.0082214370008468,0.008857007880183586,-1.5453899922940328e-07,0.0006354163403375565,-0.00024320904172421264
motional_heating__photon_scattering,motional_heating,photon_scattering,photon_scattering,motional_heating,1.0,4.0,1.0,10.0,rates_c7ff262f79a0349b,rates_660d67d330352843,rates_a8953962d6e58e19,rates_7283b228c09abbcb,0.01,0.001198061642989301,0.0008083429031502387,0.0006387326460262077,0.0002487641440845,0.0011983114050919464,-2.497621026454396e-07,0.0009492974989048009,-0.0002631020338024578
motional_heating__photon_scattering,motional_heating,photon_scattering,photon_scattering,motional_heating,1.0,4.0,1.0,10.0,rates_c7ff262f79a0349b,rates_660d67d330352843,rates_a8953962d6e58e19,rates_7283b228c09abbcb,1.0,0.0022426243383690814,0.0018607331791671289,0.0016840630080643404,0.0013018788028587,0.0022429173843727694,-2.9304600368800643e-07,0.0009407455355103815,-0.00031150400679714156
motional_heating__photon_scattering,motional_heating,photon_scattering,photon_scattering,motional_heating,1.0,4.0,1.0,10.0,rates_c7ff262f79a0349b,rates_660d67d330352843,rates_a8953962d6e58e19,rates_7283b228c09abbcb,2.0,0.003957533531849022,0.003583542645914095,0.0034001847779550065,0.0030258929745734,0.003957834449295702,-3.0091744667934406e-07,0.0009316405572756224,-0.00032299736666607863
motional_heating__photon_scattering,motional_heating,photon_scattering,photon_scattering,motional_heating,1.0,4.0,1.0,10.0,rates_c7ff262f79a0349b,rates_660d67d330352843,rates_a8953962d6e58e19,rates_7283b228c09abbcb,3.0,0.006272513652705647,0.005906435989762593,0.005716773502899564,0.0053504253160057,0.006272784176656457,-2.705239508099533e-07,0.0009220883366999472,-0.0002933818160829675
motional_heating__photon_scattering,motional_heating,photon_scattering,photon_scattering,motional_heating,1.0,4.0,1.0,10.0,rates_c7ff262f79a0349b,rates_660d67d330352843,rates_a8953962d6e58e19,rates_7283b228c09abbcb,4.0,0.009133660508245045,0.008775455665467446,0.008579927670973042,0.0082214370008468,0.009133946335593689,-2.8582734864363024e-07,0.0009122235073982451,-0.0003133303914287838
motional_heating__photon_scattering,motional_heating,photon_scattering,photon_scattering,motional_heating,2.0,8.0,1.0,10.0,rates_a2a634c42104bf42,rates_a6b00ad014b8547a,rates_a8953962d6e58e19,rates_7283b228c09abbcb,0.01,0.0017569069543285076,0.0013674834534253,0.0006387326460262077,0.0002487641440845,0.0017574519553670077,-5.450010385000311e-07,0.0015081428102440076,-0.0003613723016137003
motional_heating__photon_scattering,motional_heating,photon_scattering,photon_scattering,motional_heating,2.0,8.0,1.0,10.0,rates_a2a634c42104bf42,rates_a6b00ad014b8547a,rates_a8953962d6e58e19,rates_7283b228c09abbcb,1.0,0.0028007415857583817,0.0024191346070624453,0.0016840630080643404,0.0013018788028587,0.002801318812268086,-5.772265097040916e-07,0.0014988627828996818,-0.000385109641982968
motional_heating__photon_scattering,motional_heating,photon_scattering,photon_scattering,motional_heating,2.0,8.0,1.0,10.0,rates_a2a634c42104bf42,rates_a6b00ad014b8547a,rates_a8953962d6e58e19,rates_7283b228c09abbcb,2.0,0.004514466066390055,0.004140728326187615,0.0034001847779550065,0.0030258929745734,0.0045150201295692215,-5.540631791665918e-07,0.001488573091816655,-0.00037221093288097325
motional_heating__photon_scattering,motional_heating,photon_scattering,photon_scattering,motional_heating,2.0,8.0,1.0,10.0,rates_a2a634c42104bf42,rates_a6b00ad014b8547a,rates_a8953962d6e58e19,rates_7283b228c09abbcb,3.0,0.0068278140410434895,0.006462005815290994,0.005716773502899564,0.0053504253160057,0.006828354002184858,-5.399611413686722e-07,0.0014773887250377898,-0.0003654834589013536
motional_heating__photon_scattering,motional_heating,photon_scattering,photon_scattering,motional_heating,2.0,8.0,1.0,10.0,rates_a2a634c42104bf42,rates_a6b00ad014b8547a,rates_a8953962d6e58e19,rates_7283b228c09abbcb,4.0,0.009686984883083172,0.009329000587058878,0.008579927670973042,0.0082214370008468,0.00968749125718512,-5.063741019481482e-07,0.0014655478822363718,-0.00034551863373814856
motional_heating__photon_scattering,motional_heating,photon_scattering,photon_scattering,motional_heating,4.0,16.0,1.0,10.0,rates_df1e41669f921008,rates_57b91a072f7de420,rates_a8953962d6e58e19,rates_7283b228c09abbcb,0.01,0.002873214636913368,0.002484354652018461,0.0006387326460262077,0.0002487641440845,0.002874323153960169,-1.108517046800872e-06,0.0026244504928288684,-0.0004223806278037323
motional_heating__photon_scattering,motional_heating,photon_scattering,photon_scattering,motional_heating,4.0,16.0,1.0,10.0,rates_df1e41669f921008,rates_57b91a072f7de420,rates_a8953962d6e58e19,rates_7283b228c09abbcb,1.0,0.00391563163731834,0.0035345741750463233,0.0016840630080643404,0.0013018788028587,0.003916758380251964,-1.126742933624074e-06,0.00261375283445964,-0.00043108243395057426
motional_heating__photon_scattering,motional_heating,photon_scattering,photon_scattering,motional_heating,4.0,16.0,1.0,10.0,rates_df1e41669f921008,rates_57b91a072f7de420,rates_a8953962d6e58e19,rates_7283b228c09abbcb,2.0,0.005626974646855132,0.005253784842659925,0.0034001847779550065,0.0030258929745734,0.005628076646041532,-1.1019991864001655e-06,0.002601081672281732,-0.00042366958259848296
motional_heating__photon_scattering,motional_heating,photon_scattering,photon_scattering,motional_heating,4.0,16.0,1.0,10.0,rates_df1e41669f921008,rates_57b91a072f7de420,rates_a8953962d6e58e19,rates_7283b228c09abbcb,3.0,0.007937050238843613,0.007571785533531661,0.005716773502899564,0.0053504253160057,0.007938133720425525,-1.0834815819121824e-06,0.002586624922837913,-0.0004188785054786535
motional_heating__photon_scattering,motional_heating,photon_scattering,photon_scattering,motional_heating,4.0,16.0,1.0,10.0,rates_df1e41669f921008,rates_57b91a072f7de420,rates_a8953962d6e58e19,rates_7283b228c09abbcb,4.0,0.010792233837352727,0.010434767180510507,0.008579927670973042,0.0082214370008468,0.010793257850636749,-1.024013284021963e-06,0.0025707968365059272,-0.00039832524666310866
motional_heating__spin_dephasing,motional_heating,spin_dephasing,motional_heating,spin_dephasing,0.0,0.0,1.0,3.3333333333333335,rates_87cf81c0f802ee14,rates_7283b228c09abbcb,rates_87cf81c0f802ee14,rates_7283b228c09abbcb,0.01,0.0005153042151032627,0.0002487641440845,0.0005153042151032627,0.0002487641440845,0.0005153042151032627,0.0,0.00026654007101876276,0.0
motional_heating__spin_dephasing,motional_heating,spin_dephasing,motional_heating,spin_dephasing,0.0,0.0,1.0,3.3333333333333335,rates_87cf81c0f802ee14,rates_7283b228c09abbcb,rates_87cf81c0f802ee14,rates_7283b228c09abbcb,1.0,0.0015680744438917316,0.0013018788028587,0.0015680744438917316,0.0013018788028587,0.0015680744438917316,0.0,0.00026619564103303166,0.0
motional_heating__spin_dephasing,motional_heating,spin_dephasing,motional_heating,spin_dephasing,0.0,0.0,1.0,3.3333333333333335,rates_87cf81c0f802ee14,rates_7283b228c09abbcb,rates_87cf81c0f802ee14,rates_7283b228c09abbcb,2.0,0.003291500706756878,0.0030258929745734,0.003291500706756878,0.0030258929745734,0.003291500706756878,0.0,0.0002656077321834781,0.0
motional_heating__spin_dephasing,motional_heating,spin_dephasing,motional_heating,spin_dephasing,0.0,0.0,1.0,3.3333333333333335,rates_87cf81c0f802ee14,rates_7283b228c09abbcb,rates_87cf81c0f802ee14,rates_7283b228c09abbcb,3.0,0.005615245408348679,0.0053504253160057,0.005615245408348679,0.0053504253160057,0.005615245408348679,0.0,0.00026482009234297943,0.0
motional_heating__spin_dephasing,motional_heating,spin_dephasing,motional_heating,spin_dephasing,0.0,0.0,1.0,3.3333333333333335,rates_87cf81c0f802ee14,rates_7283b228c09abbcb,rates_87cf81c0f802ee14,rates_7283b228c09abbcb,4.0,0.00848531813188913,0.0082214370008468,0.00848531813188913,0.0082214370008468,0.00848531813188913,0.0,0.0002638811310423303,0.0
motional_heating__spin_dephasing,motional_heating,spin_dephasing,motional_heating,spin_dephasing,0.5,5.0,1.0,3.3333333333333335,rates_62f303442749859c,rates_d40c9e1dbffac54a,rates_87cf81c0f802ee14,rates_7283b228c09abbcb,0.01,0.0007102869331501172,0.00044382747593396665,0.0005153042151032627,0.0002487641440845,0.0007103675469527294,-8.061380261221128e-08,0.00046152278906561717,-0.00017466917023841694
motional_heating__spin_dephasing,motional_heating,spin_dephasing,motional_heating,spin_dephasing,0.5,5.0,1.0,3.3333333333333335,rates_62f303442749859c,rates_d40c9e1dbffac54a,rates_87cf81c0f802ee14,rates_7283b228c09abbcb,1.0,0.0017591390379472216,0.001493035115540886,0.0015680744438917316,0.0013018788028587,0.0017592307565739177,-9.171862669615088e-08,0.0004572602350885217,-0.00020058299335474675
motional_heating__spin_dephasing,motional_heating,spin_dephasing,motional_heating,spin_dephasing,0.5,5.0,1.0,3.3333333333333335,rates_62f303442749859c,rates_d40c9e1dbffac54a,rates_87cf81c0f802ee14,rates_7283b228c09abbcb,2.0,0.0034786515627522885,0.003213085281055905,0.003291500706756878,0.0030258929745734,0.0034786930132393833,-4.145048709477961e-08,0.00045275858817888856,-9.155096816938166e-05
motional_heating__spin_dephasing,motional_heating,spin_dephasing,motional_heating,spin_dephasing,0.5,5.0,1.0,3.3333333333333335,rates_62f303442749859c,rates_d40c9e1dbffac54a,rates_87cf81c0f802ee14,rates_7283b228c09abbcb,3.0,0.005798379271144349,0.005533633946487315,0.005615245408348679,0.0053504253160057,0.005798454038830295,-7.476768594527616e-08,0.00044795395513864966,-0.00016690931085123302
motional_heating__spin_dephasing,motional_heating,spin_dephasing,motional_heating,spin_dephasing,0.5,5.0,1.0,3.3333333333333335,rates_62f303442749859c,rates_d40c9e1dbffac54a,rates_87cf81c0f802ee14,rates_7283b228c09abbcb,4.0,0.008664554945404745,0.008400749344639635,0.00848531813188913,0.0082214370008468,0.008664630475681966,-7.553027722012606e-08,0.00044311794455794556,-0.00017045185858016891
motional_heating__spin_dephasing,motional_heating,spin_dephasing,motional_heating,spin_dephasing,1.0,10.0,1.0,3.3333333333333335,rates_16ce2bd9b8d23759,rates_a8953962d6e58e19,rates_87cf81c0f802ee14,rates_7283b228c09abbcb,0.01,0.0009051441697408569,0.0006387326460262077,0.0005153042151032627,0.0002487641440845,0.0009052727170449704,-1.2854730411355174e-07,0.0006563800256563568,-0.00019584280308501006
motional_heating__spin_dephasing,motional_heating,spin_dephasing,motional_heating,spin_dephasing,1.0,10.0,1.0,3.3333333333333335,rates_16ce2bd9b8d23759,rates_a8953962d6e58e19,rates_87cf81c0f802ee14,rates_7283b228c09abbcb,1.0,0.0019501243844848304,0.0016840630080643404,0.0015680744438917316,0.0013018788028587,0.001950258649097372,-1.3426461254167216e-07,0.0006482455816261305,-0.00020711998098755727
motional_heating__spin_dephasing,motional_heating,spin_dephasing,motional_heating,spin_dephasing,1.0,10.0,1.0,3.3333333333333335,rates_16ce2bd9b8d23759,rates_a8953962d6e58e19,rates_87cf81c0f802ee14,rates_7283b228c09abbcb,2.0,0.003665683397856556,0.0034001847779550065,0.003291500706756878,0.0030258929745734,0.0036657925101384846,-1.091122819284196e-07,0.0006397904232831562,-0.0001705437873991575
motional_heating__spin_dephasing,motional_heating,spin_dephasing,motional_heating,spin_dephasing,1.0,10.0,1.0,3.3333333333333335,rates_16ce2bd9b8d23759,rates_a8953962d6e58e19,rates_87cf81c0f802ee14,rates_7283b228c09abbcb,3.0,0.005981457985370087,0.005716773502899564,0.005615245408348679,0.0053504253160057,0.005981593595242543,-1.3560987245642142e-07,0.000631032669364387,-0.0002149015083371446
motional_heating__spin_dephasing,motional_heating,spin_dephasing,motional_heating,spin_dephasing,1.0,10.0,1.0,3.3333333333333335,rates_16ce2bd9b8d23759,rates_a8953962d6e58e19,rates_87cf81c0f802ee14,rates_7283b228c09abbcb,4.0,0.008843688778588321,0.008579927670973042,0.00848531813188913,0.0082214370008468,0.008843808802015372,-1.2002342705125235e-07,0.0006222517777415212,-0.00019288563141897392
motional_heating__spin_dephasing,motional_heating,spin_dephasing,motional_heating,spin_dephasing,2.0,20.0,1.0,3.3333333333333335,rates_504018cf22914d71,rates_95304e3098130ea3,rates_87cf81c0f802ee14,rates_7283b228c09abbcb,0.01,0.00129449580904617,0.00102825162399367,0.0005153042151032627,0.0002487641440845,0.0012947916950124328,-2.9588596626279294e-07,0.00104573166496167,-0.00028294635820713936
motional_heating__spin_dephasing,motional_heating,spin_dephasing,motional_heating,spin_dephasing,2.0,20.0,1.0,3.3333333333333335,rates_504018cf22914d71,rates_95304e3098130ea3,rates_87cf81c0f802ee14,rates_7283b228c09abbcb,1.0,0.0023316797327821437,0.0020657804870172214,0.0015680744438917316,0.0013018788028587,0.002331976128050253,-2.9639526810936595e-07,0.0010298009299234438,-0.00028781802336437994
motional_heating__spin_dephasing,motional_heating,spin_dephasing,motional_heating,spin_dephasing,2.0,20.0,1.0,3.3333333333333335,rates_504018cf22914d71,rates_95304e3098130ea3,rates_87cf81c0f802ee14,rates_7283b228c09abbcb,2.0,0.0040393781022644015,0.0037740332750584304,0.003291500706756878,0.0030258929745734,0.0040396410072419085,-2.6290497750700026e-07,0.0010134851276910016,-0.0002594068431038255
motional_heating__spin_dephasing,motional_heating,spin_dephasing,motional_heating,spin_dephasing,2.0,20.0,1.0,3.3333333333333335,rates_504018cf22914d71,rates_95304e3098130ea3,rates_87cf81c0f802ee14,rates_7283b228c09abbcb,3.0,0.006347267402622925,0.006082654765813267,0.005615245408348679,0.0053504253160057,0.006347474858156246,-2.074555333214656e-07,0.000996842086617225,-0.0002081127353134378
motional_heating__spin_dephasing,motional_heating,spin_dephasing,motional_heating,spin_dephasing,2.0,20.0,1.0,3.3333333333333335,rates_504018cf22914d71,rates_95304e3098130ea3,rates_87cf81c0f802ee14,rates_7283b228c09abbcb,4.0,0.009201619764513724,0.008937989578852168,0.00848531813188913,0.0082214370008468,0.009201870709894498,-2.509453807739148e-07,0.0009801827636669244,-0.000256018969192146
motional_heating__spin_dephasing,motional_heating,spin_dephasing,motional_heating,spin_dephasing,4.0,40.0,1.0,3.3333333333333335,rates_cf9789eef004e0c0,rates_0e752ad71c6095d9,rates_87cf81c0f802ee14,rates_7283b228c09abbcb,0.01,0.0020717925686017935,0.0018057867413734385,0.0005153042151032627,0.0002487641440845,0.0020723268123922015,-5.342437904079511e-07,0.0018230284245172935,-0.00029305291306656926
motional_heating__spin_dephasing,motional_heating,spin_dephasing,motional_heating,spin_dephasing,4.0,40.0,1.0,3.3333333333333335,rates_cf9789eef004e0c0,rates_0e752ad71c6095d9,rates_87cf81c0f802ee14,rates_7283b228c09abbcb,1.0,0.003093451057193164,0.002827783905809178,0.0015680744438917316,0.0013018788028587,0.0030939795468422097,-5.284896490457755e-07,0.001791572254334464,-0.00029498651129875844
motional_heating__spin_dephasing,motional_heating,spin_dephasing,motional_heating,spin_dephasing,4.0,40.0,1.0,3.3333333333333335,rates_cf9789eef004e0c0,rates_0e752ad71c6095d9,rates_87cf81c0f802ee14,rates_7283b228c09abbcb,2.0,0.004785428286056104,0.004520313771534945,0.003291500706756878,0.0030258929745734,0.004785921503718423,-4.932176623194395e-07,0.0017595353114827038,-0.00028031131805125346
motional_heating__spin_dephasing,motional_heating,spin_dephasing,motional_heating,spin_dephasing,4.0,40.0,1.0,3.3333333333333335,rates_cf9789eef004e0c0,rates_0e752ad71c6095d9,rates_87cf81c0f802ee14,rates_7283b228c09abbcb,3.0,0.007077507065257671,0.006813150070945517,0.005615245408348679,0.0053504253160057,0.007077970163288497,-4.6309803082567047e-07,0.0017270817492519713,-0.0002681390333875314
motional_heating__spin_dephasing,motional_heating,spin_dephasing,motional_heating,spin_dephasing,4.0,40.0,1.0,3.3333333333333335,rates_cf9789eef004e0c0,rates_0e752ad71c6095d9,rates_87cf81c0f802ee14,rates_7283b228c09abbcb,4.0,0.009916253452230683,0.00965286588746006,0.00848531813188913,0.0082214370008468,0.00991674701850239,-4.935662717073241e-07,0.0016948164513838834,-0.00029122107665659495
motional_heating__spin_dephasing,motional_heating,spin_dephasing,spin_dephasing,motional_heating,0.0,0.0,1.0,10.0,rates_a8953962d6e58e19,rates_7283b228c09abbcb,rates_a8953962d6e58e19,rates_7283b228c09abbcb,0.01,0.0006387326460262077,0.0002487641440845,0.0006387326460262077,0.0002487641440845,0.0006387326460262077,0.0,0.00038996850194170774,0.0
motional_heating__spin_dephasing,motional_heating,spin_dephasing,spin_dephasing,motional_heating,0.0,0.0,1.0,10.0,rates_a8953962d6e58e19,rates_7283b228c09abbcb,rates_a8953962d6e58e19,rates_7283b228c09abbcb,1.0,0.0016840630080643404,0.0013018788028587,0.0016840630080643404,0.0013018788028587,0.0016840630080643404,0.0,0.0003821842052056405,0.0
motional_heating__spin_dephasing,motional_heating,spin_dephasing,spin_dephasing,motional_heating,0.0,0.0,1.0,10.0,rates_a8953962d6e58e19,rates_7283b228c09abbcb,rates_a8953962d6e58e19,rates_7283b228c09abbcb,2.0,0.0034001847779550065,0.0030258929745734,0.0034001847779550065,0.0030258929745734,0.0034001847779550065,0.0,0.0003742918033816066,0.0
motional_heating__spin_dephasing,motional_heating,spin_dephasing,spin_dephasing,motional_heating,0.0,0.0,1.0,10.0,rates_a8953962d6e58e19,rates_7283b228c09abbcb,rates_a8953962d6e58e19,rates_7283b228c09abbcb,3.0,0.005716773502899564,0.0053504253160057,0.005716773502899564,0.0053504253160057,0.005716773502899564,0.0,0.00036634818689386395,0.0
motional_heating__spin_dephasing,motional_heating,spin_dephasing,spin_dephasing,motional_heating,0.0,0.0,1.0,10.0,rates_a8953962d6e58e19,rates_7283b228c09abbcb,rates_a8953962d6e58e19,rates_7283b228c09abbcb,4.0,0.008579927670973042,0.0082214370008468,0.008579927670973042,0.0082214370008468,0.008579927670973042,0.0,0.0003584906701262422,0.0
motional_heating__spin_dephasing,motional_heating,spin_dephasing,spin_dephasing,motional_heating,0.5,1.6666666666666667,1.0,10.0,rates_c359844b45a07d98,rates_a6ce76b38e46ff5e,rates_a8953962d6e58e19,rates_7283b228c09abbcb,0.01,0.0007719629048665855,0.000382058435276611,0.0006387326460262077,0.0002487641440845,0.0007720269372183187,-6.403235173319498e-08,0.0005231987607820854,-0.00012238628325013316
motional_heating__spin_dephasing,motional_heating,spin_dephasing,spin_dephasing,motional_heating,0.5,1.6666666666666667,1.0,10.0,rates_c359844b45a07d98,rates_a6ce76b38e46ff5e,rates_a8953962d6e58e19,rates_7283b228c09abbcb,1.0,0.0018171028622038232,0.0014349793142726108,0.0016840630080643404,0.0013018788028587,0.0018171635194782513,-6.065727442810392e-08,0.0005152240593451233,-0.00011772989503867985
motional_heating__spin_dephasing,motional_heating,spin_dephasing,spin_dephasing,motional_heating,0.5,1.6666666666666667,1.0,10.0,rates_c359844b45a07d98,rates_a6ce76b38e46ff5e,rates_a8953962d6e58e19,rates_7283b228c09abbcb,2.0,0.0035329384945669284,0.0031587185580059796,0.0034001847779550065,0.0030258929745734,0.003533010361387586,-7.186682065771222e-08,0.0005070455199935285,-0.00014173642764584422
motional_heating__spin_dephasing,motional_heating,spin_dephasing,spin_dephasing,motional_heating,0.5,1.6666666666666667,1.0,10.0,rates_c359844b45a07d98,rates_a6ce76b38e46ff5e,rates_a8953962d6e58e19,rates_7283b228c09abbcb,3.0,0.005849123068688344,0.00548285991671027,0.005716773502899564,0.0053504253160057,0.005849208103604134,-8.503491578937261e-08,0.0004986977526826447,-0.00017051393420552691
motional_heating__spin_dephasing,motional_heating,spin_dephasing,spin_dephasing,motional_heating,0.5,1.6666666666666667,1.0,10.0,rates_c359844b45a07d98,rates_a6ce76b38e46ff5e,rates_a8953962d6e58e19,rates_7283b228c09abbcb,4.0,0.008711820571177809,0.008353370746752908,0.008579927670973042,0.0082214370008468,0.00871186141687915,-4.0845701342051566e-08,0.0004903835703310086,-8.329337239924401e-05
motional_heating__spin_dephasing,motional_heating,spin_dephasing,spin_dephasing,motional_heating,1.0,3.3333333333333335,1.0,10.0,rates_16ce2bd9b8d23759,rates_87cf81c0f802ee14,rates_a8953962d6e58e19,rates_7283b228c09abbcb,0.01,0.0009051441697408569,0.0005153042151032627,0.0006387326460262077,0.0002487641440845,0.0009052727170449704,-1.2854730411355174e-07,0.0006563800256563568,-0.00019584280308501006
motional_heating__spin_dephasing,motional_heating,spin_dephasing,spin_dephasing,motional_heating,1.0,3.3333333333333335,1.0,10.0,rates_16ce2bd9b8d23759,rates_87cf81c0f802ee14,rates_a8953962d6e58e19,rates_7283b228c09abbcb,1.0,0.0019501243844848304,0.0015680744438917316,0.0016840630080643404,0.0013018788028587,0.001950258649097372,-1.3426461254167216e-07,0.0006482455816261305,-0.00020711998098755727
motional_heating__spin_dephasing,motional_heating,spin_dephasing,spin_dephasing,motional_heating,1.0,3.3333333333333335,1.0,10.0,rates_16ce2bd9b8d23759,rates_87cf81c0f802ee14,rates_a8953962d6e58e19,rates_7283b228c09abbcb,2.0,0.003665683397856556,0.003291500706756878,0.0034001847779550065,0.0030258929745734,0.0036657925101384846,-1.091122819284196e-07,0.0006397904232831562,-0.0001705437873991575
motional_heating__spin_dephasing,motional_heating,spin_dephasing,spin_dephasing,motional_heating,1.0,3.3333333333333335,1.0,10.0,rates_16ce2bd9b8d23759,rates_87cf81c0f802ee14,rates_a8953962d6e58e19,rates_7283b228c09abbcb,3.0,0.005981457985370087,0.005615245408348679,0.005716773502899564,0.0053504253160057,0.005981593595242543,-1.3560987245642142e-07,0.000631032669364387,-0.0002149015083371446
motional_heating__spin_dephasing,motional_heating,spin_dephasing,spin_dephasing,motional_heating,1.0,3.3333333333333335,1.0,10.0,rates_16ce2bd9b8d23759,rates_87cf81c0f802ee14,rates_a8953962d6e58e19,rates_7283b228c09abbcb,4.0,0.008843688778588321,0.00848531813188913,0.008579927670973042,0.0082214370008468,0.008843808802015372,-1.2002342705125235e-07,0.0006222517777415212,-0.00019288563141897392
motional_heating__spin_dephasing,motional_heating,spin_dephasing,spin_dephasing,motional_heating,2.0,6.666666666666667,1.0,10.0,rates_737a9e85290e171b,rates_b641ff121079f20c,rates_a8953962d6e58e19,rates_7283b228c09abbcb,0.01,0.0011714445925538053,0.0007817128734529666,0.0006387326460262077,0.0002487641440845,0.0011716813753946743,-2.367828408689817e-07,0.0009226804484693053,-0.0002566249683319899
motional_heating__spin_dephasing,motional_heating,spin_dephasing,spin_dephasing,motional_heating,2.0,6.666666666666667,1.0,10.0,rates_737a9e85290e171b,rates_b641ff121079f20c,rates_a8953962d6e58e19,rates_7283b228c09abbcb,1.0,0.0022160356948690563,0.001834113709671903,0.0016840630080643404,0.0013018788028587,0.0022162979148775434,-2.622200084871282e-07,0.0009141568920103564,-0.0002868435503565153
motional_heating__spin_dephasing,motional_heating,spin_dephasing,spin_dephasing,motional_heating,2.0,6.666666666666667,1.0,10.0,rates_737a9e85290e171b,rates_b641ff121079f20c,rates_a8953962d6e58e19,rates_7283b228c09abbcb,2.0,0.003931024445078202,0.003557008479872059,0.0034001847779550065,0.0030258929745734,0.003931300283253666,-2.7583817546403266e-07,0.0009051314705048018,-0.00030474929273003253
motional_heating__spin_dephasing,motional_heating,spin_dephasing,spin_dephasing,motional_heating,2.0,6.666666666666667,1.0,10.0,rates_737a9e85290e171b,rates_b641ff121079f20c,rates_a8953962d6e58e19,rates_7283b228c09abbcb,3.0,0.0062460674544553285,0.005879971656656435,0.005716773502899564,0.0053504253160057,0.006246319843550299,-2.523890949707175e-07,0.0008956421384496288,-0.00028179680715738445
motional_heating__spin_dephasing,motional_heating,spin_dephasing,spin_dephasing,motional_heating,2.0,6.666666666666667,1.0,10.0,rates_737a9e85290e171b,rates_b641ff121079f20c,rates_a8953962d6e58e19,rates_7283b228c09abbcb,4.0,0.009107361787136226,0.008749067591736215,0.008579927670973042,0.0082214370008468,0.009107558261862457,-1.964747262314659e-07,0.0008859247862894257,-0.00022177359666656726
motional_heating__spin_dephasing,motional_heating,spin_dephasing,spin_dephasing,motional_heating,4.0,13.333333333333334,1.0,10.0,rates_9411963805d3030e,rates_14c3539000a4de2d,rates_a8953962d6e58e19,rates_7283b228c09abbcb,0.01,0.0017036750574025428,0.0013142085457644725,0.0006387326460262077,0.0002487641440845,0.0017041770477061802,-5.019903036374614e-07,0.0014549109133180427,-0.00034503164354759817
motional_heating__spin_dephasing,motional_heating,spin_dephasing,spin_dephasing,motional_heating,4.0,13.333333333333334,1.0,10.0,rates_9411963805d3030e,rates_14c3539000a4de2d,rates_a8953962d6e58e19,rates_7283b228c09abbcb,1.0,0.0027476020376588917,0.0023659522682372147,0.0016840630080643404,0.0013018788028587,0.002748136473442855,-5.344357839635536e-07,0.0014457232348001918,-0.0003696667322618053
motional_heating__spin_dephasing,motional_heating,spin_dephasing,spin_dephasing,motional_heating,4.0,13.333333333333334,1.0,10.0,rates_9411963805d3030e,rates_14c3539000a4de2d,rates_a8953962d6e58e19,rates_7283b228c09abbcb,2.0,0.004461460719955235,0.004087676807516871,0.0034001847779550065,0.0030258929745734,0.004461968610898478,-5.078909432430778e-07,0.0014355677453818348,-0.00035379099654261745
motional_heating__spin_dephasing,motional_heating,spin_dephasing,spin_dephasing,motional_heating,4.0,13.333333333333334,1.0,10.0,rates_9411963805d3030e,rates_14c3539000a4de2d,rates_a8953962d6e58e19,rates_7283b228c09abbcb,3.0,0.006774944318663101,0.006409099840242072,0.005716773502899564,0.0053504253160057,0.006775448027135936,-5.03708472834874e-07,0.0014245190026574012,-0.00035359898456617257
motional_heating__spin_dephasing,motional_heating,spin_dephasing,spin_dephasing,motional_heating,4.0,13.333333333333334,1.0,10.0,rates_9411963805d3030e,rates_14c3539000a4de2d,rates_a8953962d6e58e19,rates_7283b228c09abbcb,4.0,0.00963429194872878,0.009276302215450727,0.008579927670973042,0.0082214370008468,0.009634792885576969,-5.009368481898036e-07,0.0014128549478819794,-0.0003545564595578346
spin_dephasing__photon_scattering,spin_dephasing,photon_scattering,photon_scattering,spin_dephasing,0.0,0.0,1.0,3.3333333333333335,rates_87cf81c0f802ee14,rates_7283b228c09abbcb,rates_87cf81c0f802ee14,rates_7283b228c09abbcb,0.01,0.0005153042151032627,0.0002487641440845,0.0005153042151032627,0.0002487641440845,0.0005153042151032627,0.0,0.00026654007101876276,0.0
spin_dephasing__photon_scattering,spin_dephasing,photon_scattering,photon_scattering,spin_dephasing,0.0,0.0,1.0,3.3333333333333335,rates_87cf81c0f802ee14,rates_7283b228c09abbcb,rates_87cf81c0f802ee14,rates_7283b228c09abbcb,1.0,0.0015680744438917316,0.0013018788028587,0.0015680744438917316,0.0013018788028587,0.0015680744438917316,0.0,0.00026619564103303166,0.0
spin_dephasing__photon_scattering,spin_dephasing,photon_scattering,photon_scattering,spin_dephasing,0.0,0.0,1.0,3.3333333333333335,rates_87cf81c0f802ee14,rates_7283b228c09abbcb,rates_87cf81c0f802ee14,rates_7283b228c09abbcb,2.0,0.003291500706756878,0.0030258929745734,0.003291500706756878,0.0030258929745734,0.003291500706756878,0.0,0.0002656077321834781,0.0
spin_dephasing__photon_scattering,spin_dephasing,photon_scattering,photon_scattering,spin_dephasing,0.0,0.0,1.0,3.3333333333333335,rates_87cf81c0f802ee14,rates_7283b228c09abbcb,rates_87cf81c0f802ee14,rates_7283b228c09abbcb,3.0,0.005615245408348679,0.0053504253160057,0.005615245408348679,0.0053504253160057,0.005615245408348679,0.0,0.00026482009234297943,0.0
spin_dephasing__photon_scattering,spin_dephasing,photon_scattering,photon_scattering,spin_dephasing,0.0,0.0,1.0,3.3333333333333335,rates_87cf81c0f802ee14,rates_7283b228c09abbcb,rates_87cf81c0f802ee14,rates_7283b228c09abbcb,4.0,0.00848531813188913,0.0082214370008468,0.00848531813188913,0.0082214370008468,0.00848531813188913,0.0,0.0002638811310423303,0.0
spin_dephasing__photon_scattering,spin_dephasing,photon_scattering,photon_scattering,spin_dephasing,0.5,2.0,1.0,3.3333333333333335,rates_63ff4977174f181f,rates_cba05db5d91a70e1,rates_87cf81c0f802ee14,rates_7283b228c09abbcb,0.01,0.0007950089134890481,0.0005286263298017735,0.0005153042151032627,0.0002487641440845,0.0007951664008205362,-1.5748733148807613e-07,0.0005462447694045481,-0.0002883090883593271
spin_dephasing__photon_scattering,spin_dephasing,photon_scattering,photon_scattering,spin_dephasing,0.5,2.0,1.0,3.3333333333333335,rates_63ff4977174f181f,rates_cba05db5d91a70e1,rates_87cf81c0f802ee14,rates_7283b228c09abbcb,1.0,0.0018474272376671763,0.0015813673514564197,0.0015680744438917316,0.0013018788028587,0.0018475629924894514,-1.3575482227506236e-07,0.0005455484348084764,-0.0002488410077149635
spin_dephasing__photon_scattering,spin_dephasing,photon_scattering,photon_scattering,spin_dephasing,0.5,2.0,1.0,3.3333333333333335,rates_63ff4977174f181f,rates_cba05db5d91a70e1,rates_87cf81c0f802ee14,rates_7283b228c09abbcb,2.0,0.0035702724597730384,0.0033047811572902708,0.003291500706756878,0.0030258929745734,0.003570388889473749,-1.1642970071043535e-07,0.0005443794851996385,-0.00021387598885681277
spin_dephasing__photon_scattering,spin_dephasing,photon_scattering,photon_scattering,spin_dephasing,0.5,2.0,1.0,3.3333333333333335,rates_63ff4977174f181f,rates_cba05db5d91a70e1,rates_87cf81c0f802ee14,rates_7283b228c09abbcb,3.0,0.005893207689297908,0.005628473139051571,0.005615245408348679,0.0053504253160057,0.00589329323139455,-8.554209664224377e-08,0.0005427823732922082,-0.00015759925312864198
spin_dephasing__photon_scattering,spin_dephasing,photon_scattering,photon_scattering,spin_dephasing,0.5,2.0,1.0,3.3333333333333335,rates_63ff4977174f181f,rates_cba05db5d91a70e1,rates_87cf81c0f802ee14,rates_7283b228c09abbcb,4.0,0.00876229563206965,0.008498517210057344,0.00848531813188913,0.0082214370008468,0.008762398341099674,-1.0270903002401743e-07,0.00054085863122285,-0.00018989995554253848
spin_dephasing__photon_scattering,spin_dephasing,photon_scattering,photon_scattering,spin_dephasing,1.0,4.0,1.0,3.3333333333333335,rates_c6c2edc9437efa76,rates_660d67d330352843,rates_87cf81c0f802ee14,rates_7283b228c09abbcb,0.01,0.0010746583323161252,0.0008083429031502387,0.0005153042151032627,0.0002487641440845,0.0010748829741690014,-2.246418528762447e-07,0.0008258941882316251,-0.0002719983456443007
spin_dephasing__photon_scattering,spin_dephasing,photon_scattering,photon_scattering,spin_dephasing,1.0,4.0,1.0,3.3333333333333335,rates_c6c2edc9437efa76,rates_660d67d330352843,rates_87cf81c0f802ee14,rates_7283b228c09abbcb,1.0,0.002126666506318209,0.0018607331791671289,0.0015680744438917316,0.0013018788028587,0.0021269288202001605,-2.623138819516854e-07,0.000824787703459509,-0.00031803806100822054
spin_dephasing__photon_scattering,spin_dephasing,photon_scattering,photon_scattering,spin_dephasing,1.0,4.0,1.0,3.3333333333333335,rates_c6c2edc9437efa76,rates_660d67d330352843,rates_87cf81c0f802ee14,rates_7283b228c09abbcb,2.0,0.003848920052706317,0.003583542645914095,0.003291500706756878,0.0030258929745734,0.003849150378097573,-2.303253912559755e-07,0.0008230270781329173,-0.0002798515351141076
spin_dephasing__photon_scattering,spin_dephasing,photon_scattering,photon_scattering,spin_dephasing,1.0,4.0,1.0,3.3333333333333335,rates_c6c2edc9437efa76,rates_660d67d330352843,rates_87cf81c0f802ee14,rates_7283b228c09abbcb,3.0,0.006171034434836686,0.005906435989762593,0.005615245408348679,0.0053504253160057,0.006171256082105572,-2.2164726888596054e-07,0.0008206091188309866,-0.0002701009089464081
spin_dephasing__photon_scattering,spin_dephasing,photon_scattering,photon_scattering,spin_dephasing,1.0,4.0,1.0,3.3333333333333335,rates_c6c2edc9437efa76,rates_660d67d330352843,rates_87cf81c0f802ee14,rates_7283b228c09abbcb,4.0,0.009039084688190924,0.008775455665467446,0.00848531813188913,0.0082214370008468,0.009039336796509777,-2.521083188530837e-07,0.0008176476873441238,-0.0003083336781297331
spin_dephasing__photon_scattering,spin_dephasing,photon_scattering,photon_scattering,spin_dephasing,2.0,8.0,1.0,3.3333333333333335,rates_4771f69755fa05c2,rates_a6b00ad014b8547a,rates_87cf81c0f802ee14,rates_7283b228c09abbcb,0.01,0.0016335696395746169,0.0013674834534253,0.0005153042151032627,0.0002487641440845,0.0016340235244440627,-4.5388486944581384e-07,0.0013848054954901168,-0.0003277607367417132
spin_dephasing__photon_scattering,spin_dephasing,photon_scattering,photon_scattering,spin_dephasing,2.0,8.0,1.0,3.3333333333333335,rates_4771f69755fa05c2,rates_a6b00ad014b8547a,rates_87cf81c0f802ee14,rates_7283b228c09abbcb,1.0,0.0026848518092315032,0.0024191346070624453,0.0015680744438917316,0.0013018788028587,0.002685330248095477,-4.784388639737444e-07,0.0013829730063728033,-0.0003459495317472402
spin_dephasing__photon_scattering,spin_dephasing,photon_scattering,photon_scattering,spin_dephasing,2.0,8.0,1.0,3.3333333333333335,rates_4771f69755fa05c2,rates_a6b00ad014b8547a,rates_87cf81c0f802ee14,rates_7283b228c09abbcb,2.0,0.004405903043575465,0.004140728326187615,0.003291500706756878,0.0030258929745734,0.004406336058371093,-4.330147956276009e-07,0.0013800100690020654,-0.0003137765479789067
spin_dephasing__photon_scattering,spin_dephasing,photon_scattering,photon_scattering,spin_dephasing,2.0,8.0,1.0,3.3333333333333335,rates_4771f69755fa05c2,rates_a6b00ad014b8547a,rates_87cf81c0f802ee14,rates_7283b228c09abbcb,3.0,0.0067263882077674975,0.006462005815290994,0.005615245408348679,0.0053504253160057,0.006726825907633974,-4.376998664762377e-07,0.0013759628917617978,-0.00031810441189718573
spin_dephasing__photon_scattering,spin_dephasing,photon_scattering,photon_scattering,spin_dephasing,2.0,8.0,1.0,3.3333333333333335,rates_4771f69755fa05c2,rates_a6b00ad014b8547a,rates_87cf81c0f802ee14,rates_7283b228c09abbcb,4.0,0.009592443617493451,0.009329000587058878,0.00848531813188913,0.0082214370008468,0.009592881718101208,-4.3810060775667514e-07,0.0013710066166466514,-0.00031954667646187337
spin_dephasing__photon_scattering,spin_dephasing,photon_scattering,photon_scattering,spin_dephasing,4.0,16.0,1.0,3.3333333333333335,rates_fea8b8a55496db85,rates_57b91a072f7de420,rates_87cf81c0f802ee14,rates_7283b228c09abbcb,0.01,0.002749988734794151,0.002484354652018461,0.0005153042151032627,0.0002487641440845,0.002750894723037224,-9.059882430731414e-07,0.002501224590709651,-0.0003622178697739786
spin_dephasing__photon_scattering,spin_dephasing,photon_scattering,photon_scattering,spin_dephasing,4.0,16.0,1.0,3.3333333333333335,rates_fea8b8a55496db85,rates_57b91a072f7de420,rates_87cf81c0f802ee14,rates_7283b228c09abbcb,1.0,0.00379987912421742,0.0035345741750463233,0.0015680744438917316,0.0013018788028587,0.003800769816079355,-8.906918619348489e-07,0.0024980003213587202,-0.0003565619484990222
spin_dephasing__photon_scattering,spin_dephasing,photon_scattering,photon_scattering,spin_dephasing,4.0,16.0,1.0,3.3333333333333335,rates_fea8b8a55496db85,rates_57b91a072f7de420,rates_87cf81c0f802ee14,rates_7283b228c09abbcb,2.0,0.005518517935673151,0.005253784842659925,0.003291500706756878,0.0030258929745734,0.0055193925748434035,-8.7463917025285e-07,0.0024926249610997507,-0.0003508908014252403
spin_dephasing__photon_scattering,spin_dephasing,photon_scattering,photon_scattering,spin_dephasing,4.0,16.0,1.0,3.3333333333333335,rates_fea8b8a55496db85,rates_57b91a072f7de420,rates_87cf81c0f802ee14,rates_7283b228c09abbcb,3.0,0.007835769836863293,0.007571785533531661,0.005615245408348679,0.0053504253160057,0.00783660562587464,-8.357890113469546e-07,0.0024853445208575936,-0.00033628698328654934
spin_dephasing__photon_scattering,spin_dephasing,photon_scattering,photon_scattering,spin_dephasing,4.0,16.0,1.0,3.3333333333333335,rates_fea8b8a55496db85,rates_57b91a072f7de420,rates_87cf81c0f802ee14,rates_7283b228c09abbcb,4.0,0.010697815026175284,0.010434767180510507,0.00848531813188913,0.0082214370008468,0.010698648311552837,-8.332853775536164e-07,0.0024763780253284837,-0.00033649360841953187
spin_dephasing__photon_scattering,spin_dephasing,photon_scattering,spin_dephasing,photon_scattering,0.0,0.0,1.0,4.0,rates_660d67d330352843,rates_7283b228c09abbcb,rates_660d67d330352843,rates_7283b228c09abbcb,0.01,0.0008083429031502387,0.0002487641440845,0.0008083429031502387,0.0002487641440845,0.0008083429031502387,0.0,0.0005595787590657387,0.0
spin_dephasing__photon_scattering,spin_dephasing,photon_scattering,spin_dephasing,photon_scattering,0.0,0.0,1.0,4.0,rates_660d67d330352843,rates_7283b228c09abbcb,rates_660d67d330352843,rates_7283b228c09abbcb,1.0,0.0018607331791671289,0.0013018788028587,0.0018607331791671289,0.0013018788028587,0.0018607331791671289,0.0,0.000558854376308429,0.0
spin_dephasing__photon_scattering,spin_dephasing,photon_scattering,spin_dephasing,photon_scattering,0.0,0.0,1.0,4.0,rates_660d67d330352843,rates_7283b228c09abbcb,rates_660d67d330352843,rates_7283b228c09abbcb,2.0,0.003583542645914095,0.0030258929745734,0.003583542645914095,0.0030258929745734,0.003583542645914095,0.0,0.0005576496713406952,0.0
spin_dephasing__photon_scattering,spin_dephasing,photon_scattering,spin_dephasing,photon_scattering,0.0,0.0,1.0,4.0,rates_660d67d330352843,rates_7283b228c09abbcb,rates_660d67d330352843,rates_7283b228c09abbcb,3.0,0.005906435989762593,0.0053504253160057,0.005906435989762593,0.0053504253160057,0.005906435989762593,0.0,0.0005560106737568932,0.0
spin_dephasing__photon_scattering,spin_dephasing,photon_scattering,spin_dephasing,photon_scattering,0.0,0.0,1.0,4.0,rates_660d67d330352843,rates_7283b228c09abbcb,rates_660d67d330352843,rates_7283b228c09abbcb,4.0,0.008775455665467446,0.0082214370008468,0.008775455665467446,0.0082214370008468,0.008775455665467446,0.0,0.0005540186646206466,0.0
spin_dephasing__photon_scattering,spin_dephasing,photon_scattering,spin_dephasing,photon_scattering,0.5,1.6666666666666667,1.0,4.0,rates_b2f8899f35c84854,rates_a6ce76b38e46ff5e,rates_660d67d330352843,rates_7283b228c09abbcb,0.01,0.0009415098866419891,0.000382058435276611,0.0008083429031502387,0.0002487641440845,0.0009416371943423497,-1.2730770036057347e-07,0.0006927457425574891,-0.00018377262037089828
spin_dephasing__photon_scattering,spin_dephasing,photon_scattering,spin_dephasing,photon_scattering,0.5,1.6666666666666667,1.0,4.0,rates_b2f8899f35c84854,rates_a6ce76b38e46ff5e,rates_660d67d330352843,rates_7283b228c09abbcb,1.0,0.0019937105047933557,0.0014349793142726108,0.0018607331791671289,0.0013018788028587,0.00199383369058104,-1.2318578768415883e-07,0.0006918317019346558,-0.00017805744856686816
spin_dephasing__photon_scattering,spin_dephasing,photon_scattering,spin_dephasing,photon_scattering,0.5,1.6666666666666667,1.0,4.0,rates_b2f8899f35c84854,rates_a6ce76b38e46ff5e,rates_660d67d330352843,rates_7283b228c09abbcb,2.0,0.003716233823569892,0.0031587185580059796,0.003583542645914095,0.0030258929745734,0.0037163682293466747,-1.3440577678255905e-07,0.0006903408489964923,-0.00019469480471557898
spin_dephasing__photon_scattering,spin_dephasing,photon_scattering,spin_dephasing,photon_scattering,0.5,1.6666666666666667,1.0,4.0,rates_b2f8899f35c84854,rates_a6ce76b38e46ff5e,rates_660d67d330352843,rates_7283b228c09abbcb,3.0,0.006038749605334126,0.00548285991671027,0.005906435989762593,0.0053504253160057,0.006038870590467163,-1.209851330369327e-07,0.0006883242893284264,-0.00017576763585514847
spin_dephasing__photon_scattering,spin_dephasing,photon_scattering,spin_dephasing,photon_scattering,0.5,1.6666666666666667,1.0,4.0,rates_b2f8899f35c84854,rates_a6ce76b38e46ff5e,rates_660d67d330352843,rates_7283b228c09abbcb,4.0,0.008907277607166697,0.008353370746752908,0.008775455665467446,0.0082214370008468,0.008907389411373555,-1.1180420685791281e-07,0.0006858406063198971,-0.00016301777093344615
spin_dephasing__photon_scattering,spin_dephasing,photon_scattering,spin_dephasing,photon_scattering,1.0,3.3333333333333335,1.0,4.0,rates_c6c2edc9437efa76,rates_87cf81c0f802ee14,rates_660d67d330352843,rates_7283b228c09abbcb,0.01,0.0010746583323161252,0.0005153042151032627,0.0008083429031502387,0.0002487641440845,0.0010748829741690014,-2.246418528762447e-07,0.0008258941882316251,-0.0002719983456443007
spin_dephasing__photon_scattering,spin_dephasing,photon_scattering,spin_dephasing,photon_scattering,1.0,3.3333333333333335,1.0,4.0,rates_c6c2edc9437efa76,rates_87cf81c0f802ee14,rates_660d67d330352843,rates_7283b228c09abbcb,1.0,0.002126666506318209,0.0015680744438917316,0.0018607331791671289,0.0013018788028587,0.0021269288202001605,-2.623138819516854e-07,0.000824787703459509,-0.00031803806100822054
spin_dephasing__photon_scattering,spin_dephasing,photon_scattering,spin_dephasing,photon_scattering,1.0,3.3333333333333335,1.0,4.0,rates_c6c2edc9437efa76,rates_87cf81c0f802ee14,rates_660d67d330352843,rates_7283b228c09abbcb,2.0,0.003848920052706317,0.003291500706756878,0.003583542645914095,0.0030258929745734,0.003849150378097573,-2.303253912559755e-07,0.0008230270781329173,-0.0002798515351141076
spin_dephasing__photon_scattering,spin_dephasing,photon_scattering,spin_dephasing,photon_scattering,1.0,3.3333333333333335,1.0,4.0,rates_c6c2edc9437efa76,rates_87cf81c0f802ee14,rates_660d67d330352843,rates_7283b228c09abbcb,3.0,0.006171034434836686,0.005615245408348679,0.005906435989762593,0.0053504253160057,0.006171256082105572,-2.2164726888596054e-07,0.0008206091188309866,-0.0002701009089464081
spin_dephasing__photon_scattering,spin_dephasing,photon_scattering,spin_dephasing,photon_scattering,1.0,3.3333333333333335,1.0,4.0,rates_c6c2edc9437efa76,rates_87cf81c0f802ee14,rates_660d67d330352843,rates_7283b228c09abbcb,4.0,0.009039084688190924,0.00848531813188913,0.008775455665467446,0.0082214370008468,0.009039336796509777,-2.521083188530837e-07,0.0008176476873441238,-0.0003083336781297331
spin_dephasing__photon_scattering,spin_dephasing,photon_scattering,spin_dephasing,photon_scattering,2.0,6.666666666666667,1.0,4.0,rates_b105ec6b15e0fd0e,rates_b641ff121079f20c,rates_660d67d330352843,rates_7283b228c09abbcb,0.01,0.0013408420797474951,0.0007817128734529666,0.0008083429031502387,0.0002487641440845,0.0013412916325187053,-4.495527712101207e-07,0.001092077935662995,-0.00041164898266825566
spin_dephasing__photon_scattering,spin_dephasing,photon_scattering,spin_dephasing,photon_scattering,2.0,6.666666666666667,1.0,4.0,rates_b105ec6b15e0fd0e,rates_b641ff121079f20c,rates_660d67d330352843,rates_7283b228c09abbcb,1.0,0.0023925366325621145,0.001834113709671903,0.0018607331791671289,0.0013018788028587,0.002392968085980332,-4.314534182174243e-07,0.0010906578297034146,-0.0003955900801030792
spin_dephasing__photon_scattering,spin_dephasing,photon_scattering,spin_dephasing,photon_scattering,2.0,6.666666666666667,1.0,4.0,rates_b105ec6b15e0fd0e,rates_b641ff121079f20c,rates_660d67d330352843,rates_7283b228c09abbcb,2.0,0.004114223771404801,0.003557008479872059,0.003583542645914095,0.0030258929745734,0.004114658151212754,-4.343798079529948e-07,0.0010883307968314014,-0.00039912479663137447
spin_dephasing__photon_scattering,spin_dephasing,photon_scattering,spin_dephasing,photon_scattering,2.0,6.666666666666667,1.0,4.0,rates_b105ec6b15e0fd0e,rates_b641ff121079f20c,rates_660d67d330352843,rates_7283b228c09abbcb,3.0,0.006435546452161156,0.005879971656656435,0.005906435989762593,0.0053504253160057,0.0064359823304133285,-4.3587825217239473e-07,0.0010851211361554564,-0.0004016862612377961
spin_dephasing__photon_scattering,spin_dephasing,photon_scattering,spin_dephasing,photon_scattering,2.0,6.666666666666667,1.0,4.0,rates_b105ec6b15e0fd0e,rates_b641ff121079f20c,rates_660d67d330352843,rates_7283b228c09abbcb,4.0,0.009302654271419741,0.008749067591736215,0.008775455665467446,0.0082214370008468,0.009303086256356861,-4.319849371201001e-07,0.0010812172705729414,-0.00039953573520999116
spin_dephasing__photon_scattering,spin_dephasing,photon_scattering,spin_dephasing,photon_scattering,4.0,13.333333333333334,1.0,4.0,rates_25f65c81072ccd16,rates_14c3539000a4de2d,rates_660d67d330352843,rates_7283b228c09abbcb,0.01,0.00187290929569206,0.0013142085457644725,0.0008083429031502387,0.0002487641440845,0.0018737873048302112,-8.780091381511198e-07,0.00162414515160756,-0.0005405977029097901
spin_dephasing__photon_scattering,spin_dephasing,photon_scattering,spin_dephasing,photon_scattering,4.0,13.333333333333334,1.0,4.0,rates_25f65c81072ccd16,rates_14c3539000a4de2d,rates_660d67d330352843,rates_7283b228c09abbcb,1.0,0.002923931471306651,0.0023659522682372147,0.0018607331791671289,0.0013018788028587,0.0029248066445456437,-8.751732389926034e-07,0.0016220526684479512,-0.0005395467459327362
spin_dephasing__photon_scattering,spin_dephasing,photon_scattering,spin_dephasing,photon_scattering,4.0,13.333333333333334,1.0,4.0,rates_25f65c81072ccd16,rates_14c3539000a4de2d,rates_660d67d330352843,rates_7283b228c09abbcb,2.0,0.004644453143862193,0.004087676807516871,0.003583542645914095,0.0030258929745734,0.004645326478857566,-8.73334995373648e-07,0.0016185601692887928,-0.0005395752422088811
spin_dephasing__photon_scattering,spin_dephasing,photon_scattering,spin_dephasing,photon_scattering,4.0,13.333333333333334,1.0,4.0,rates_25f65c81072ccd16,rates_14c3539000a4de2d,rates_660d67d330352843,rates_7283b228c09abbcb,3.0,0.006964252495842538,0.006409099840242072,0.005906435989762593,0.0053504253160057,0.006965110513998965,-8.580181564271649e-07,0.001613827179836838,-0.0005316666909240633
spin_dephasing__photon_scattering,spin_dephasing,photon_scattering,spin_dephasing,photon_scattering,4.0,13.333333333333334,1.0,4.0,rates_25f65c81072ccd16,rates_14c3539000a4de2d,rates_660d67d330352843,rates_7283b228c09abbcb,4.0,0.009829446505522199,0.009276302215450727,0.008775455665467446,0.0082214370008468,0.009830320880071373,-8.743745491743282e-07,0.0016080095046753992,-0.000543762052793857
