noise_source,noise_title,multiplier,varied_strength_s^-1,condition_id,nbar,pauli,pauli_weight,mode_class,h_rad_per_gate,gamma_per_gate
motional_dephasing,Motional dephasing,0.0,0.0,rates_d9ef54501046f3fe,0.01,IX,1,local,-3.661989649307116e-09,0.0003287949673959943
motional_dephasing,Motional dephasing,0.0,0.0,rates_d9ef54501046f3fe,0.01,IY,1,local,1.1266458281166382e-09,7.137902961903694e-05
motional_dephasing,Motional dephasing,0.0,0.0,rates_d9ef54501046f3fe,0.01,IZ,1,local,-2.9205223660429574e-11,0.00017445644122189265
motional_dephasing,Motional dephasing,0.0,0.0,rates_d9ef54501046f3fe,0.01,XI,1,local,-3.852230207960268e-10,0.0003287767174097862
motional_dephasing,Motional dephasing,0.0,0.0,rates_d9ef54501046f3fe,0.01,XX,2,correlated,0.013744564304512489,2.5525657692746087e-06
motional_dephasing,Motional dephasing,0.0,0.0,rates_d9ef54501046f3fe,0.01,XY,2,correlated,-6.138828089620554e-09,0.00017447682144190838
motional_dephasing,Motional dephasing,0.0,0.0,rates_d9ef54501046f3fe,0.01,XZ,2,correlated,-8.197485570505538e-10,7.135045425469113e-05
motional_dephasing,Motional dephasing,0.0,0.0,rates_d9ef54501046f3fe,0.01,YI,1,local,-1.5915385469762425e-09,7.136080841855421e-05
motional_dephasing,Motional dephasing,0.0,0.0,rates_d9ef54501046f3fe,0.01,YX,2,correlated,6.70477168699187e-09,0.00017447709233097067
motional_dephasing,Motional dephasing,0.0,0.0,rates_d9ef54501046f3fe,0.01,YY,2,correlated,-1.9378399735867574e-09,3.9618140625780063e-10
motional_dephasing,Motional dephasing,0.0,0.0,rates_d9ef54501046f3fe,0.01,YZ,2,correlated,-1.0192340997025982e-09,0.0
motional_dephasing,Motional dephasing,0.0,0.0,rates_d9ef54501046f3fe,0.01,ZI,1,local,4.6188064742326595e-11,0.00017445643010595733
motional_dephasing,Motional dephasing,0.0,0.0,rates_d9ef54501046f3fe,0.01,ZX,2,correlated,-1.137173070119173e-09,7.136841568150622e-05
motional_dephasing,Motional dephasing,0.0,0.0,rates_d9ef54501046f3fe,0.01,ZY,2,correlated,-4.6681070306210535e-09,2.6496328050466117e-09
motional_dephasing,Motional dephasing,0.0,0.0,rates_d9ef54501046f3fe,0.01,ZZ,2,correlated,-2.341915413507904e-17,8.71457312909274e-09
motional_dephasing,Motional dephasing,0.0,0.0,rates_d9ef54501046f3fe,1.0,IX,1,local,3.157191619296842e-09,0.0004328107197999577
motional_dephasing,Motional dephasing,0.0,0.0,rates_d9ef54501046f3fe,1.0,IY,1,local,1.1758737825680296e-09,9.545164833105181e-05
motional_dephasing,Motional dephasing,0.0,0.0,rates_d9ef54501046f3fe,1.0,IZ,1,local,-2.7494905040521725e-10,0.00015038140237105238
motional_dephasing,Motional dephasing,0.0,0.0,rates_d9ef54501046f3fe,1.0,XI,1,local,-2.7609813155852605e-10,0.00043281338347917717
motional_dephasing,Motional dephasing,0.0,0.0,rates_d9ef54501046f3fe,1.0,XX,2,correlated,0.028847155516070772,0.0004603918374987152
motional_dephasing,Motional dephasing,0.0,0.0,rates_d9ef54501046f3fe,1.0,XY,2,correlated,2.7898728865870535e-09,0.00015037922836646356
motional_dephasing,Motional dephasing,0.0,0.0,rates_d9ef54501046f3fe,1.0,XZ,2,correlated,-2.389097404587035e-10,9.54506091104073e-05
motional_dephasing,Motional dephasing,0.0,0.0,rates_d9ef54501046f3fe,1.0,YI,1,local,-9.312993961897272e-10,9.545442923971572e-05
motional_dephasing,Motional dephasing,0.0,0.0,rates_d9ef54501046f3fe,1.0,YX,2,correlated,4.106386609163793e-09,0.0001503798681536056
motional_dephasing,Motional dephasing,0.0,0.0,rates_d9ef54501046f3fe,1.0,YY,2,correlated,3.022954938581093e-10,0.0
motional_dephasing,Motional dephasing,0.0,0.0,rates_d9ef54501046f3fe,1.0,YZ,2,correlated,-4.6436702228146213e-10,0.0
motional_dephasing,Motional dephasing,0.0,0.0,rates_d9ef54501046f3fe,1.0,ZI,1,local,2.594465674473161e-10,0.00015038081136412842
motional_dephasing,Motional dephasing,0.0,0.0,rates_d9ef54501046f3fe,1.0,ZX,2,correlated,7.224708743555738e-11,9.544777942217003e-05
motional_dephasing,Motional dephasing,0.0,0.0,rates_d9ef54501046f3fe,1.0,ZY,2,correlated,-3.1887474696085805e-09,0.0
motional_dephasing,Motional dephasing,0.0,0.0,rates_d9ef54501046f3fe,1.0,ZZ,2,correlated,1.05439077862719e-16,1.1335461224794914e-08
motional_dephasing,Motional dephasing,0.0,0.0,rates_d9ef54501046f3fe,2.0,IX,1,local,4.2115384464136164e-08,0.0005277384452752996
motional_dephasing,Motional dephasing,0.0,0.0,rates_d9ef54501046f3fe,2.0,IY,1,local,4.417134003857696e-09,0.0001019817884032494
motional_dephasing,Motional dephasing,0.0,0.0,rates_d9ef54501046f3fe,2.0,IZ,1,local,6.395109753157316e-10,0.0001438443147058694
motional_dephasing,Motional dephasing,0.0,0.0,rates_d9ef54501046f3fe,2.0,XI,1,local,4.363339049276667e-08,0.0005277335224235898
motional_dephasing,Motional dephasing,0.0,0.0,rates_d9ef54501046f3fe,2.0,XX,2,correlated,0.043832839218828225,0.0013361236168177755
motional_dephasing,Motional dephasing,0.0,0.0,rates_d9ef54501046f3fe,2.0,XY,2,correlated,-3.043225112037004e-09,0.00014385880109570495
motional_dephasing,Motional dephasing,0.0,0.0,rates_d9ef54501046f3fe,2.0,XZ,2,correlated,-1.7389503561483905e-09,0.00010198054910161709
motional_dephasing,Motional dephasing,0.0,0.0,rates_d9ef54501046f3fe,2.0,YI,1,local,1.8576091825099894e-09,0.00010197786390049152
motional_dephasing,Motional dephasing,0.0,0.0,rates_d9ef54501046f3fe,2.0,YX,2,correlated,-1.770002785593489e-09,0.00014385801859767003
motional_dephasing,Motional dephasing,0.0,0.0,rates_d9ef54501046f3fe,2.0,YY,2,correlated,-5.996721713703566e-09,1.4524932785597486e-09
motional_dephasing,Motional dephasing,0.0,0.0,rates_d9ef54501046f3fe,2.0,YZ,2,correlated,8.711812371514069e-10,0.0
motional_dephasing,Motional dephasing,0.0,0.0,rates_d9ef54501046f3fe,2.0,ZI,1,local,2.624907306194053e-10,0.00014384408493901994
motional_dephasing,Motional dephasing,0.0,0.0,rates_d9ef54501046f3fe,2.0,ZX,2,correlated,-2.200963390033371e-09,0.0001019854858698707
motional_dephasing,Motional dephasing,0.0,0.0,rates_d9ef54501046f3fe,2.0,ZY,2,correlated,1.7924637514558796e-09,0.0
motional_dephasing,Motional dephasing,0.0,0.0,rates_d9ef54501046f3fe,2.0,ZZ,2,correlated,-5.0333959367867e-16,2.187585852481827e-09
motional_dephasing,Motional dephasing,0.0,0.0,rates_d9ef54501046f3fe,3.0,IX,1,local,1.633517850758438e-08,0.0006111265170973683
motional_dephasing,Motional dephasing,0.0,0.0,rates_d9ef54501046f3fe,3.0,IY,1,local,2.6441424244863184e-08,0.00010521557457173722
motional_dephasing,Motional dephasing,0.0,0.0,rates_d9ef54501046f3fe,3.0,IZ,1,local,3.338355605269098e-09,0.00014060667786666977
motional_dephasing,Motional dephasing,0.0,0.0,rates_d9ef54501046f3fe,3.0,XI,1,local,1.900153821674369e-08,0.0006111665284361574
motional_dephasing,Motional dephasing,0.0,0.0,rates_d9ef54501046f3fe,3.0,XX,2,correlated,0.05853798099772474,0.0025838988601185353
motional_dephasing,Motional dephasing,0.0,0.0,rates_d9ef54501046f3fe,3.0,XY,2,correlated,3.760411019699114e-08,0.00014055706920900704
motional_dephasing,Motional dephasing,0.0,0.0,rates_d9ef54501046f3fe,3.0,XZ,2,correlated,-5.265953716098178e-09,0.00010527186553137636
motional_dephasing,Motional dephasing,0.0,0.0,rates_d9ef54501046f3fe,3.0,YI,1,local,6.984131938685711e-09,0.00010526097532667904
motional_dephasing,Motional dephasing,0.0,0.0,rates_d9ef54501046f3fe,3.0,YX,2,correlated,2.7870998402258767e-09,0.0001405624514471519
motional_dephasing,Motional dephasing,0.0,0.0,rates_d9ef54501046f3fe,3.0,YY,2,correlated,-1.581090748984585e-08,0.0
motional_dephasing,Motional dephasing,0.0,0.0,rates_d9ef54501046f3fe,3.0,YZ,2,correlated,-1.9311994958363274e-08,2.540799106562862e-08
motional_dephasing,Motional dephasing,0.0,0.0,rates_d9ef54501046f3fe,3.0,ZI,1,local,6.000956549058769e-10,0.00014060085188337192
motional_dephasing,Motional dephasing,0.0,0.0,rates_d9ef54501046f3fe,3.0,ZX,2,correlated,-7.4011437307948745e-09,0.00010522690852763625
motional_dephasing,Motional dephasing,0.0,0.0,rates_d9ef54501046f3fe,3.0,ZY,2,correlated,-4.89091441444561e-09,0.0
motional_dephasing,Motional dephasing,0.0,0.0,rates_d9ef54501046f3fe,3.0,ZZ,2,correlated,1.9362832813453867e-15,2.100882735053128e-08
motional_dephasing,Motional dephasing,0.0,0.0,rates_d9ef54501046f3fe,4.0,IX,1,local,2.1995515864753338e-08,0.0006864748605409783
motional_dephasing,Motional dephasing,0.0,0.0,rates_d9ef54501046f3fe,4.0,IY,1,local,2.8421432259304476e-09,0.00010728699736146081
motional_dephasing,Motional dephasing,0.0,0.0,rates_d9ef54501046f3fe,4.0,IZ,1,local,3.694976763404218e-09,0.0001385538031774167
motional_dephasing,Motional dephasing,0.0,0.0,rates_d9ef54501046f3fe,4.0,XI,1,local,6.497174593149964e-09,0.0006864895904230364
motional_dephasing,Motional dephasing,0.0,0.0,rates_d9ef54501046f3fe,4.0,XX,2,correlated,0.0729512531672041,0.004165515214641414
motional_dephasing,Motional dephasing,0.0,0.0,rates_d9ef54501046f3fe,4.0,XY,2,correlated,2.870216570745786e-08,0.00013851627198529202
motional_dephasing,Motional dephasing,0.0,0.0,rates_d9ef54501046f3fe,4.0,XZ,2,correlated,1.0724403488584746e-09,0.00010730082466866457
motional_dephasing,Motional dephasing,0.0,0.0,rates_d9ef54501046f3fe,4.0,YI,1,local,-1.0359512837305509e-09,0.00010730649656733045
motional_dephasing,Motional dephasing,0.0,0.0,rates_d9ef54501046f3fe,4.0,YX,2,correlated,-1.0480117129969134e-08,0.0001385257255549922
motional_dephasing,Motional dephasing,0.0,0.0,rates_d9ef54501046f3fe,4.0,YY,2,correlated,1.112516562177931e-09,0.0
motional_dephasing,Motional dephasing,0.0,0.0,rates_d9ef54501046f3fe,4.0,YZ,2,correlated,-2.0449242529681708e-08,8.662480257972218e-09
motional_dephasing,Motional dephasing,0.0,0.0,rates_d9ef54501046f3fe,4.0,ZI,1,local,-3.5783537239043626e-09,0.0001385443435798225
motional_dephasing,Motional dephasing,0.0,0.0,rates_d9ef54501046f3fe,4.0,ZX,2,correlated,-1.5322244805788223e-09,0.00010728133149130108
motional_dephasing,Motional dephasing,0.0,0.0,rates_d9ef54501046f3fe,4.0,ZY,2,correlated,9.72329533795397e-09,0.0
motional_dephasing,Motional dephasing,0.0,0.0,rates_d9ef54501046f3fe,4.0,ZZ,2,correlated,1.0336510866799919e-15,1.7639422259657644e-08
motional_dephasing,Motional dephasing,0.5,9.0,rates_5f6c6c21f7229406,0.01,IX,1,local,-1.1308493992561042e-08,0.000439766790180469
motional_dephasing,Motional dephasing,0.5,9.0,rates_5f6c6c21f7229406,0.01,IY,1,local,1.8320801264151842e-09,7.135204353440974e-05
motional_dephasing,Motional dephasing,0.5,9.0,rates_5f6c6c21f7229406,0.01,IZ,1,local,-4.7739092770703144e-11,0.0001744832383592164
motional_dephasing,Motional dephasing,0.5,9.0,rates_5f6c6c21f7229406,0.01,XI,1,local,-4.830421888754168e-09,0.0004397704169951392
motional_dephasing,Motional dephasing,0.5,9.0,rates_5f6c6c21f7229406,0.01,XX,2,correlated,0.013740443423537231,8.321168491794837e-05
motional_dephasing,Motional dephasing,0.5,9.0,rates_5f6c6c21f7229406,0.01,XY,2,correlated,5.6985778438022133e-11,0.00017448482975793622
motional_dephasing,Motional dephasing,0.5,9.0,rates_5f6c6c21f7229406,0.01,XZ,2,correlated,5.745530573241265e-10,7.134251735805726e-05
motional_dephasing,Motional dephasing,0.5,9.0,rates_5f6c6c21f7229406,0.01,YI,1,local,-2.1346266795222426e-09,7.135592501476255e-05
motional_dephasing,Motional dephasing,0.5,9.0,rates_5f6c6c21f7229406,0.01,YX,2,correlated,3.4370493319944887e-09,0.0001744850430308503
motional_dephasing,Motional dephasing,0.5,9.0,rates_5f6c6c21f7229406,0.01,YY,2,correlated,1.0168247745946154e-09,0.0
motional_dephasing,Motional dephasing,0.5,9.0,rates_5f6c6c21f7229406,0.01,YZ,2,correlated,2.8223103828065236e-10,0.0
motional_dephasing,Motional dephasing,0.5,9.0,rates_5f6c6c21f7229406,0.01,ZI,1,local,1.3622728262981371e-10,0.00017448325615967576
motional_dephasing,Motional dephasing,0.5,9.0,rates_5f6c6c21f7229406,0.01,ZX,2,correlated,5.401841010829079e-10,7.133840480190913e-05
motional_dephasing,Motional dephasing,0.5,9.0,rates_5f6c6c21f7229406,0.01,ZY,2,correlated,-4.820037444083825e-09,0.0
motional_dephasing,Motional dephasing,0.5,9.0,rates_5f6c6c21f7229406,0.01,ZZ,2,correlated,-1.522173812785187e-16,1.2112972640308947e-08
motional_dephasing,Motional dephasing,0.5,9.0,rates_5f6c6c21f7229406,1.0,IX,1,local,5.182752194220688e-09,0.0007521177685066737
motional_dephasing,Motional dephasing,0.5,9.0,rates_5f6c6c21f7229406,1.0,IY,1,local,-1.8341598044086346e-09,9.542709789630922e-05
motional_dephasing,Motional dephasing,0.5,9.0,rates_5f6c6c21f7229406,1.0,IZ,1,local,-8.748195152120396e-11,0.0001504128612950299
motional_dephasing,Motional dephasing,0.5,9.0,rates_5f6c6c21f7229406,1.0,XI,1,local,1.2166356754772334e-08,0.0007521200017020204
motional_dephasing,Motional dephasing,0.5,9.0,rates_5f6c6c21f7229406,1.0,XX,2,correlated,0.028826549720998542,0.0005378756824278574
motional_dephasing,Motional dephasing,0.5,9.0,rates_5f6c6c21f7229406,1.0,XY,2,correlated,2.1750742442044063e-09,0.0001504010464080955
motional_dephasing,Motional dephasing,0.5,9.0,rates_5f6c6c21f7229406,1.0,XZ,2,correlated,-1.5100639029270854e-10,9.542190022238598e-05
motional_dephasing,Motional dephasing,0.5,9.0,rates_5f6c6c21f7229406,1.0,YI,1,local,1.0393045565624239e-09,9.543045342885296e-05
motional_dephasing,Motional dephasing,0.5,9.0,rates_5f6c6c21f7229406,1.0,YX,2,correlated,-1.4440639333538383e-09,0.00015040063757248176
motional_dephasing,Motional dephasing,0.5,9.0,rates_5f6c6c21f7229406,1.0,YY,2,correlated,4.2819155178306047e-10,0.0
motional_dephasing,Motional dephasing,0.5,9.0,rates_5f6c6c21f7229406,1.0,YZ,2,correlated,4.4700282260349494e-10,0.0
motional_dephasing,Motional dephasing,0.5,9.0,rates_5f6c6c21f7229406,1.0,ZI,1,local,-1.7050086520761857e-10,0.000150412931033508
motional_dephasing,Motional dephasing,0.5,9.0,rates_5f6c6c21f7229406,1.0,ZX,2,correlated,1.7104513271295708e-10,9.541888378816156e-05
motional_dephasing,Motional dephasing,0.5,9.0,rates_5f6c6c21f7229406,1.0,ZY,2,correlated,2.9284424328239757e-09,0.0
motional_dephasing,Motional dephasing,0.5,9.0,rates_5f6c6c21f7229406,1.0,ZZ,2,correlated,5.554069068827244e-17,1.128253057417584e-08
motional_dephasing,Motional dephasing,0.5,9.0,rates_5f6c6c21f7229406,2.0,IX,1,local,3.413537573299013e-08,0.0010484740310881548
motional_dephasing,Motional dephasing,0.5,9.0,rates_5f6c6c21f7229406,2.0,IY,1,local,-5.485088091641954e-09,0.00010195459197463466
motional_dephasing,Motional dephasing,0.5,9.0,rates_5f6c6c21f7229406,2.0,IZ,1,local,-4.4842442225223365e-10,0.0001438803576500318
motional_dephasing,Motional dephasing,0.5,9.0,rates_5f6c6c21f7229406,2.0,XI,1,local,3.9278508768745655e-08,0.0010484703730494812
motional_dephasing,Motional dephasing,0.5,9.0,rates_5f6c6c21f7229406,2.0,XX,2,correlated,0.04378607400956264,0.0014096330038982422
motional_dephasing,Motional dephasing,0.5,9.0,rates_5f6c6c21f7229406,2.0,XY,2,correlated,-4.457429891665144e-09,0.00014388413279541046
motional_dephasing,Motional dephasing,0.5,9.0,rates_5f6c6c21f7229406,2.0,XZ,2,correlated,-1.152539721112977e-09,0.00010194545443083312
motional_dephasing,Motional dephasing,0.5,9.0,rates_5f6c6c21f7229406,2.0,YI,1,local,-3.653827219502115e-10,0.0001019514438988207
motional_dephasing,Motional dephasing,0.5,9.0,rates_5f6c6c21f7229406,2.0,YX,2,correlated,-4.24098111907864e-09,0.00014388487290685394
motional_dephasing,Motional dephasing,0.5,9.0,rates_5f6c6c21f7229406,2.0,YY,2,correlated,-1.2714835767424576e-09,1.5176831709776128e-09
motional_dephasing,Motional dephasing,0.5,9.0,rates_5f6c6c21f7229406,2.0,YZ,2,correlated,2.7740311164717473e-09,0.0
motional_dephasing,Motional dephasing,0.5,9.0,rates_5f6c6c21f7229406,2.0,ZI,1,local,1.2788978431709174e-10,0.00014388045189080417
motional_dephasing,Motional dephasing,0.5,9.0,rates_5f6c6c21f7229406,2.0,ZX,2,correlated,3.6424110329922444e-11,0.00010194776815335225
motional_dephasing,Motional dephasing,0.5,9.0,rates_5f6c6c21f7229406,2.0,ZY,2,correlated,4.6282333321859914e-09,0.0
motional_dephasing,Motional dephasing,0.5,9.0,rates_5f6c6c21f7229406,2.0,ZZ,2,correlated,-6.53137060958025e-16,4.871764194315509e-09
motional_dephasing,Motional dephasing,0.5,9.0,rates_5f6c6c21f7229406,3.0,IX,1,local,6.379573810912339e-09,0.0013247896726901606
motional_dephasing,Motional dephasing,0.5,9.0,rates_5f6c6c21f7229406,3.0,IY,1,local,-1.734017332061589e-09,0.00010521358315512572
motional_dephasing,Motional dephasing,0.5,9.0,rates_5f6c6c21f7229406,3.0,IZ,1,local,-3.701241604661769e-10,0.00014062821498441868
motional_dephasing,Motional dephasing,0.5,9.0,rates_5f6c6c21f7229406,3.0,XI,1,local,6.479135085502236e-09,0.0013247835348382862
motional_dephasing,Motional dephasing,0.5,9.0,rates_5f6c6c21f7229406,3.0,XX,2,correlated,0.05845721479138188,0.00265213362979613
motional_dephasing,Motional dephasing,0.5,9.0,rates_5f6c6c21f7229406,3.0,XY,2,correlated,-5.117752471195669e-09,0.00014061869900206932
motional_dephasing,Motional dephasing,0.5,9.0,rates_5f6c6c21f7229406,3.0,XZ,2,correlated,1.5857795436314814e-09,0.00010519922586410915
motional_dephasing,Motional dephasing,0.5,9.0,rates_5f6c6c21f7229406,3.0,YI,1,local,-4.258018760578452e-09,0.00010520539025454544
motional_dephasing,Motional dephasing,0.5,9.0,rates_5f6c6c21f7229406,3.0,YX,2,correlated,-4.374262475834162e-09,0.0001406180518767772
motional_dephasing,Motional dephasing,0.5,9.0,rates_5f6c6c21f7229406,3.0,YY,2,correlated,2.310055840596608e-09,1.128539705243692e-08
motional_dephasing,Motional dephasing,0.5,9.0,rates_5f6c6c21f7229406,3.0,YZ,2,correlated,1.0059564801123474e-10,4.3273674589712594e-10
motional_dephasing,Motional dephasing,0.5,9.0,rates_5f6c6c21f7229406,3.0,ZI,1,local,1.8506944888995047e-10,0.0001406294945685048
motional_dephasing,Motional dephasing,0.5,9.0,rates_5f6c6c21f7229406,3.0,ZX,2,correlated,1.7578096159999917e-09,0.00010520678630480799
motional_dephasing,Motional dephasing,0.5,9.0,rates_5f6c6c21f7229406,3.0,ZY,2,correlated,2.7713183023829996e-09,6.929504305074345e-09
motional_dephasing,Motional dephasing,0.5,9.0,rates_5f6c6c21f7229406,3.0,ZZ,2,correlated,-4.798241603533359e-16,2.169704413097079e-09
motional_dephasing,Motional dephasing,0.5,9.0,rates_5f6c6c21f7229406,4.0,IX,1,local,-1.941579529217241e-09,0.0015847204518836973
motional_dephasing,Motional dephasing,0.5,9.0,rates_5f6c6c21f7229406,4.0,IY,1,local,2.5859201909636066e-09,0.00010726499426293818
motional_dephasing,Motional dephasing,0.5,9.0,rates_5f6c6c21f7229406,4.0,IZ,1,local,3.1632914522542207e-10,0.00013858415175902212
motional_dephasing,Motional dephasing,0.5,9.0,rates_5f6c6c21f7229406,4.0,XI,1,local,1.0315346838112082e-08,0.0015847310601769863
motional_dephasing,Motional dephasing,0.5,9.0,rates_5f6c6c21f7229406,4.0,XX,2,correlated,0.0728304964221806,0.004226963679209137
motional_dephasing,Motional dephasing,0.5,9.0,rates_5f6c6c21f7229406,4.0,XY,2,correlated,3.927555856657508e-09,0.00013856389799737516
motional_dephasing,Motional dephasing,0.5,9.0,rates_5f6c6c21f7229406,4.0,XZ,2,correlated,3.774245952128309e-10,0.00010724910110160758
motional_dephasing,Motional dephasing,0.5,9.0,rates_5f6c6c21f7229406,4.0,YI,1,local,-9.737607944569616e-10,0.00010727788793746178
motional_dephasing,Motional dephasing,0.5,9.0,rates_5f6c6c21f7229406,4.0,YX,2,correlated,9.987497238053683e-09,0.00013856577840811184
motional_dephasing,Motional dephasing,0.5,9.0,rates_5f6c6c21f7229406,4.0,YY,2,correlated,9.167724050671567e-11,2.415343091799352e-09
motional_dephasing,Motional dephasing,0.5,9.0,rates_5f6c6c21f7229406,4.0,YZ,2,correlated,-1.400574211419827e-09,5.145826430680852e-10
motional_dephasing,Motional dephasing,0.5,9.0,rates_5f6c6c21f7229406,4.0,ZI,1,local,2.9576525375288973e-10,0.0001385849165323641
motional_dephasing,Motional dephasing,0.5,9.0,rates_5f6c6c21f7229406,4.0,ZX,2,correlated,-8.033885487958948e-10,0.00010723356224340763
motional_dephasing,Motional dephasing,0.5,9.0,rates_5f6c6c21f7229406,4.0,ZY,2,correlated,-1.3288352324263822e-08,0.0
motional_dephasing,Motional dephasing,0.5,9.0,rates_5f6c6c21f7229406,4.0,ZZ,2,correlated,-9.599318490017494e-16,1.0631374985437328e-08
motional_dephasing,Motional dephasing,1.0,18.0,rates_5052894f24b711d8,0.01,IX,1,local,-6.004397287920888e-09,0.0005506084786575883
motional_dephasing,Motional dephasing,1.0,18.0,rates_5052894f24b711d8,0.01,IY,1,local,2.926191299961128e-09,7.133683495611218e-05
motional_dephasing,Motional dephasing,1.0,18.0,rates_5052894f24b711d8,0.01,IZ,1,local,8.427697469804215e-11,0.00017449977760146713
motional_dephasing,Motional dephasing,1.0,18.0,rates_5052894f24b711d8,0.01,XI,1,local,1.3828757756247916e-09,0.000550611275765521
motional_dephasing,Motional dephasing,1.0,18.0,rates_5052894f24b711d8,0.01,XX,2,correlated,0.013736447028339389,0.00016386527935669193
motional_dephasing,Motional dephasing,1.0,18.0,rates_5052894f24b711d8,0.01,XY,2,correlated,4.308445887860059e-09,0.00017450344307439313
motional_dephasing,Motional dephasing,1.0,18.0,rates_5052894f24b711d8,0.01,XZ,2,correlated,-2.852032704678869e-09,7.132348635696853e-05
motional_dephasing,Motional dephasing,1.0,18.0,rates_5052894f24b711d8,0.01,YI,1,local,4.517219828248625e-09,7.133976566212255e-05
motional_dephasing,Motional dephasing,1.0,18.0,rates_5052894f24b711d8,0.01,YX,2,correlated,-5.368854903815391e-10,0.00017450278706094115
motional_dephasing,Motional dephasing,1.0,18.0,rates_5052894f24b711d8,0.01,YY,2,correlated,-5.894589133106578e-09,2.2604993364210837e-09
motional_dephasing,Motional dephasing,1.0,18.0,rates_5052894f24b711d8,0.01,YZ,2,correlated,-7.028150373043214e-09,0.0
motional_dephasing,Motional dephasing,1.0,18.0,rates_5052894f24b711d8,0.01,ZI,1,local,4.740428733971178e-11,0.00017450025379900903
motional_dephasing,Motional dephasing,1.0,18.0,rates_5052894f24b711d8,0.01,ZX,2,correlated,-2.8835085735023763e-09,7.13207354674547e-05
motional_dephasing,Motional dephasing,1.0,18.0,rates_5052894f24b711d8,0.01,ZY,2,correlated,-3.589730874589837e-09,0.0
motional_dephasing,Motional dephasing,1.0,18.0,rates_5052894f24b711d8,0.01,ZZ,2,correlated,1.2421712521206583e-16,7.113531632447698e-09
motional_dephasing,Motional dephasing,1.0,18.0,rates_5052894f24b711d8,1.0,IX,1,local,1.0846679517510993e-08,0.0010704254569091842
motional_dephasing,Motional dephasing,1.0,18.0,rates_5052894f24b711d8,1.0,IY,1,local,5.386092245407848e-09,9.54030219456724e-05
motional_dephasing,Motional dephasing,1.0,18.0,rates_5052894f24b711d8,1.0,IZ,1,local,3.6160085530502834e-10,0.00015043619485647904
motional_dephasing,Motional dephasing,1.0,18.0,rates_5052894f24b711d8,1.0,XI,1,local,6.068784605535182e-09,0.0010704333394205763
motional_dephasing,Motional dephasing,1.0,18.0,rates_5052894f24b711d8,1.0,XX,2,correlated,0.02880627467169461,0.0006158910031808071
motional_dephasing,Motional dephasing,1.0,18.0,rates_5052894f24b711d8,1.0,XY,2,correlated,2.626645914980696e-09,0.00015042936564450842
motional_dephasing,Motional dephasing,1.0,18.0,rates_5052894f24b711d8,1.0,XZ,2,correlated,2.0693457093015124e-09,9.539528213653414e-05
motional_dephasing,Motional dephasing,1.0,18.0,rates_5052894f24b711d8,1.0,YI,1,local,-2.534531581110321e-09,9.54103777158078e-05
motional_dephasing,Motional dephasing,1.0,18.0,rates_5052894f24b711d8,1.0,YX,2,correlated,-4.741451268929992e-09,0.00015042890295126267
motional_dephasing,Motional dephasing,1.0,18.0,rates_5052894f24b711d8,1.0,YY,2,correlated,3.335271884371626e-09,3.4629859372435786e-09
motional_dephasing,Motional dephasing,1.0,18.0,rates_5052894f24b711d8,1.0,YZ,2,correlated,-2.1881122706642676e-09,0.0
motional_dephasing,Motional dephasing,1.0,18.0,rates_5052894f24b711d8,1.0,ZI,1,local,-7.567167684142628e-10,0.00015043629350323357
motional_dephasing,Motional dephasing,1.0,18.0,rates_5052894f24b711d8,1.0,ZX,2,correlated,9.479165212231954e-10,9.538829041401726e-05
motional_dephasing,Motional dephasing,1.0,18.0,rates_5052894f24b711d8,1.0,ZY,2,correlated,1.089457612462076e-09,0.0
motional_dephasing,Motional dephasing,1.0,18.0,rates_5052894f24b711d8,1.0,ZZ,2,correlated,-3.2747644707143887e-18,4.943264188175117e-09
motional_dephasing,Motional dephasing,1.0,18.0,rates_5052894f24b711d8,2.0,IX,1,local,2.8861033918535912e-08,0.001566725304167278
motional_dephasing,Motional dephasing,1.0,18.0,rates_5052894f24b711d8,2.0,IY,1,local,2.560460095039678e-09,0.0001019298001010783
motional_dephasing,Motional dephasing,1.0,18.0,rates_5052894f24b711d8,2.0,IZ,1,local,2.5194294209897316e-10,0.000143913533121567
motional_dephasing,Motional dephasing,1.0,18.0,rates_5052894f24b711d8,2.0,XI,1,local,3.133300121929388e-08,0.0015667197327385255
motional_dephasing,Motional dephasing,1.0,18.0,rates_5052894f24b711d8,2.0,XX,2,correlated,0.043739865582729485,0.0014847122636456828
motional_dephasing,Motional dephasing,1.0,18.0,rates_5052894f24b711d8,2.0,XY,2,correlated,-3.063666841863846e-09,0.0001439121240354926
motional_dephasing,Motional dephasing,1.0,18.0,rates_5052894f24b711d8,2.0,XZ,2,correlated,4.675034961728953e-10,0.00010190896586515412
motional_dephasing,Motional dephasing,1.0,18.0,rates_5052894f24b711d8,2.0,YI,1,local,-3.840851771216799e-09,0.00010192531593058432
motional_dephasing,Motional dephasing,1.0,18.0,rates_5052894f24b711d8,2.0,YX,2,correlated,3.5756605304612067e-09,0.00014391241639640873
motional_dephasing,Motional dephasing,1.0,18.0,rates_5052894f24b711d8,2.0,YY,2,correlated,7.257002375471172e-12,6.083356958647336e-09
motional_dephasing,Motional dephasing,1.0,18.0,rates_5052894f24b711d8,2.0,YZ,2,correlated,-7.760231458603157e-10,0.0
motional_dephasing,Motional dephasing,1.0,18.0,rates_5052894f24b711d8,2.0,ZI,1,local,-1.1896449604691412e-10,0.0001439127464209453
motional_dephasing,Motional dephasing,1.0,18.0,rates_5052894f24b711d8,2.0,ZX,2,correlated,-3.965084092688715e-10,0.00010191394437522608
motional_dephasing,Motional dephasing,1.0,18.0,rates_5052894f24b711d8,2.0,ZY,2,correlated,-4.65901691615407e-09,0.0
motional_dephasing,Motional dephasing,1.0,18.0,rates_5052894f24b711d8,2.0,ZZ,2,correlated,7.149212139668828e-16,6.472737549938212e-10
motional_dephasing,Motional dephasing,1.0,18.0,rates_5052894f24b711d8,3.0,IX,1,local,1.3495218900022492e-08,0.002033946288596012
motional_dephasing,Motional dephasing,1.0,18.0,rates_5052894f24b711d8,3.0,IY,1,local,4.2946623416361225e-09,0.00010516383324470671
motional_dephasing,Motional dephasing,1.0,18.0,rates_5052894f24b711d8,3.0,IZ,1,local,4.499774920141419e-10,0.00014065970464107155
motional_dephasing,Motional dephasing,1.0,18.0,rates_5052894f24b711d8,3.0,XI,1,local,3.170835876898074e-08,0.0020339702591774225
motional_dephasing,Motional dephasing,1.0,18.0,rates_5052894f24b711d8,3.0,XX,2,correlated,0.0583773119797686,0.002723344384544099
motional_dephasing,Motional dephasing,1.0,18.0,rates_5052894f24b711d8,3.0,XY,2,correlated,4.351726596501843e-09,0.00014065589568892136
motional_dephasing,Motional dephasing,1.0,18.0,rates_5052894f24b711d8,3.0,XZ,2,correlated,1.0670423424351578e-09,0.00010517483980294797
motional_dephasing,Motional dephasing,1.0,18.0,rates_5052894f24b711d8,3.0,YI,1,local,-1.5932882551594378e-09,0.00010518730864187094
motional_dephasing,Motional dephasing,1.0,18.0,rates_5052894f24b711d8,3.0,YX,2,correlated,-5.967907246736348e-09,0.0001406527950492376
motional_dephasing,Motional dephasing,1.0,18.0,rates_5052894f24b711d8,3.0,YY,2,correlated,3.0573889247965057e-09,1.8304693052535818e-08
motional_dephasing,Motional dephasing,1.0,18.0,rates_5052894f24b711d8,3.0,YZ,2,correlated,-1.5013064019170404e-09,1.3199009643322118e-08
motional_dephasing,Motional dephasing,1.0,18.0,rates_5052894f24b711d8,3.0,ZI,1,local,-2.0853888236074515e-10,0.00014066386813740248
motional_dephasing,Motional dephasing,1.0,18.0,rates_5052894f24b711d8,3.0,ZX,2,correlated,1.116177694156972e-09,0.00010515030154215023
motional_dephasing,Motional dephasing,1.0,18.0,rates_5052894f24b711d8,3.0,ZY,2,correlated,-2.244687054929627e-09,0.0
motional_dephasing,Motional dephasing,1.0,18.0,rates_5052894f24b711d8,3.0,ZZ,2,correlated,1.5348650974882493e-15,5.6538508143907235e-09
motional_dephasing,Motional dephasing,1.0,18.0,rates_5052894f24b711d8,4.0,IX,1,local,6.768329192221085e-09,0.0024761999143451266
motional_dephasing,Motional dephasing,1.0,18.0,rates_5052894f24b711d8,4.0,IY,1,local,-1.1832550132034046e-09,0.00010723471957601536
motional_dephasing,Motional dephasing,1.0,18.0,rates_5052894f24b711d8,4.0,IZ,1,local,8.679595777873655e-10,0.00013863206111731308
motional_dephasing,Motional dephasing,1.0,18.0,rates_5052894f24b711d8,4.0,XI,1,local,6.752210987084111e-09,0.0024762036153670305
motional_dephasing,Motional dephasing,1.0,18.0,rates_5052894f24b711d8,4.0,XX,2,correlated,0.07271085859203336,0.00429310288793495
motional_dephasing,Motional dephasing,1.0,18.0,rates_5052894f24b711d8,4.0,XY,2,correlated,6.322278501178176e-09,0.00013859706268990824
motional_dephasing,Motional dephasing,1.0,18.0,rates_5052894f24b711d8,4.0,XZ,2,correlated,7.703817852355547e-09,0.00010720053249328653
motional_dephasing,Motional dephasing,1.0,18.0,rates_5052894f24b711d8,4.0,YI,1,local,4.12189952755427e-09,0.00010723594984657109
motional_dephasing,Motional dephasing,1.0,18.0,rates_5052894f24b711d8,4.0,YX,2,correlated,-1.2996862622636972e-08,0.00013859638283894972
motional_dephasing,Motional dephasing,1.0,18.0,rates_5052894f24b711d8,4.0,YY,2,correlated,1.3524184298403636e-08,0.0
motional_dephasing,Motional dephasing,1.0,18.0,rates_5052894f24b711d8,4.0,YZ,2,correlated,-3.785248698753109e-09,0.0
motional_dephasing,Motional dephasing,1.0,18.0,rates_5052894f24b711d8,4.0,ZI,1,local,1.1295248279434453e-10,0.00013863414370672122
motional_dephasing,Motional dephasing,1.0,18.0,rates_5052894f24b711d8,4.0,ZX,2,correlated,8.626865532225653e-09,0.00010719789948489229
motional_dephasing,Motional dephasing,1.0,18.0,rates_5052894f24b711d8,4.0,ZY,2,correlated,1.2682800765769142e-08,0.0
motional_dephasing,Motional dephasing,1.0,18.0,rates_5052894f24b711d8,4.0,ZZ,2,correlated,5.59802420542159e-16,6.872368658986149e-09
motional_dephasing,Motional dephasing,2.0,36.0,rates_270dbb0a181563d6,0.01,IX,1,local,-1.16409142581679e-08,0.000771875104291474
motional_dephasing,Motional dephasing,2.0,36.0,rates_270dbb0a181563d6,0.01,IY,1,local,1.1734635310952992e-09,7.131082480926602e-05
motional_dephasing,Motional dephasing,2.0,36.0,rates_270dbb0a181563d6,0.01,IZ,1,local,6.439930307647202e-11,0.00017455239882466458
motional_dephasing,Motional dephasing,2.0,36.0,rates_270dbb0a181563d6,0.01,XI,1,local,-3.262367053799783e-09,0.0007718657773568759
motional_dephasing,Motional dephasing,2.0,36.0,rates_270dbb0a181563d6,0.01,XX,2,correlated,0.013728930787562352,0.0003251041686135154
motional_dephasing,Motional dephasing,2.0,36.0,rates_270dbb0a181563d6,0.01,XY,2,correlated,7.289866599694581e-10,0.00017451917861285304
motional_dephasing,Motional dephasing,2.0,36.0,rates_270dbb0a181563d6,0.01,XZ,2,correlated,6.413188484704962e-11,7.127942651956861e-05
motional_dephasing,Motional dephasing,2.0,36.0,rates_270dbb0a181563d6,0.01,YI,1,local,1.5226762114165431e-09,7.130139405471982e-05
motional_dephasing,Motional dephasing,2.0,36.0,rates_270dbb0a181563d6,0.01,YX,2,correlated,6.639436391863855e-09,0.0001745185669681169
motional_dephasing,Motional dephasing,2.0,36.0,rates_270dbb0a181563d6,0.01,YY,2,correlated,-2.65266275295341e-11,0.0
motional_dephasing,Motional dephasing,2.0,36.0,rates_270dbb0a181563d6,0.01,YZ,2,correlated,-2.38600681760937e-09,0.0
motional_dephasing,Motional dephasing,2.0,36.0,rates_270dbb0a181563d6,0.01,ZI,1,local,5.091381815284701e-11,0.00017455296396991495
motional_dephasing,Motional dephasing,2.0,36.0,rates_270dbb0a181563d6,0.01,ZX,2,correlated,-6.994578925175804e-11,7.128890377296852e-05
motional_dephasing,Motional dephasing,2.0,36.0,rates_270dbb0a181563d6,0.01,ZY,2,correlated,-3.6566418998189414e-09,0.0
motional_dephasing,Motional dephasing,2.0,36.0,rates_270dbb0a181563d6,0.01,ZZ,2,correlated,-1.1738334657330982e-16,1.4513703845171885e-08
motional_dephasing,Motional dephasing,2.0,36.0,rates_270dbb0a181563d6,1.0,IX,1,local,1.0498048943068019e-08,0.001704086246062722
motional_dephasing,Motional dephasing,2.0,36.0,rates_270dbb0a181563d6,1.0,IY,1,local,-1.8345365148464768e-09,9.536501930986811e-05
motional_dephasing,Motional dephasing,2.0,36.0,rates_270dbb0a181563d6,1.0,IZ,1,local,-4.317395267568239e-10,0.00015049356908856165
motional_dephasing,Motional dephasing,2.0,36.0,rates_270dbb0a181563d6,1.0,XI,1,local,9.7390714682315e-09,0.0017040778057649168
motional_dephasing,Motional dephasing,2.0,36.0,rates_270dbb0a181563d6,1.0,XX,2,correlated,0.02876671527906471,0.0007734587175133947
motional_dephasing,Motional dephasing,2.0,36.0,rates_270dbb0a181563d6,1.0,XY,2,correlated,-7.74418502623747e-09,0.00015047704974126882
motional_dephasing,Motional dephasing,2.0,36.0,rates_270dbb0a181563d6,1.0,XZ,2,correlated,-1.9285821479496654e-10,9.532853630886659e-05
motional_dephasing,Motional dephasing,2.0,36.0,rates_270dbb0a181563d6,1.0,YI,1,local,-3.421634461628576e-09,9.535686311306496e-05
motional_dephasing,Motional dephasing,2.0,36.0,rates_270dbb0a181563d6,1.0,YX,2,correlated,8.175028830783698e-10,0.00015047661795306684
motional_dephasing,Motional dephasing,2.0,36.0,rates_270dbb0a181563d6,1.0,YY,2,correlated,-1.3786105603472868e-10,6.956139776690594e-09
motional_dephasing,Motional dephasing,2.0,36.0,rates_270dbb0a181563d6,1.0,YZ,2,correlated,2.1992556272845078e-09,0.0
motional_dephasing,Motional dephasing,2.0,36.0,rates_270dbb0a181563d6,1.0,ZI,1,local,-5.049896442246726e-11,0.0001504934226594554
motional_dephasing,Motional dephasing,2.0,36.0,rates_270dbb0a181563d6,1.0,ZX,2,correlated,-2.579773469093752e-10,9.533727072271143e-05
motional_dephasing,Motional dephasing,2.0,36.0,rates_270dbb0a181563d6,1.0,ZY,2,correlated,-2.308249867844534e-09,0.0
motional_dephasing,Motional dephasing,2.0,36.0,rates_270dbb0a181563d6,1.0,ZZ,2,correlated,5.703774615016939e-17,5.205122955917463e-10
motional_dephasing,Motional dephasing,2.0,36.0,rates_270dbb0a181563d6,2.0,IX,1,local,4.307624167949586e-08,0.0025958433881297185
motional_dephasing,Motional dephasing,2.0,36.0,rates_270dbb0a181563d6,2.0,IY,1,local,2.22013158314577e-09,0.00010187242311531414
motional_dephasing,Motional dephasing,2.0,36.0,rates_270dbb0a181563d6,2.0,IZ,1,local,3.1578093576223623e-10,0.00014399193193773954
motional_dephasing,Motional dephasing,2.0,36.0,rates_270dbb0a181563d6,2.0,XI,1,local,3.416562248353712e-08,0.002595845614235612
motional_dephasing,Motional dephasing,2.0,36.0,rates_270dbb0a181563d6,2.0,XX,2,correlated,0.04364907424190668,0.0016394734333437457
motional_dephasing,Motional dephasing,2.0,36.0,rates_270dbb0a181563d6,2.0,XY,2,correlated,2.904693250161883e-09,0.00014395645358122975
motional_dephasing,Motional dephasing,2.0,36.0,rates_270dbb0a181563d6,2.0,XZ,2,correlated,2.869655364430716e-09,0.00010184291992286929
motional_dephasing,Motional dephasing,2.0,36.0,rates_270dbb0a181563d6,2.0,YI,1,local,-4.105502525240607e-10,0.0001018730289561984
motional_dephasing,Motional dephasing,2.0,36.0,rates_270dbb0a181563d6,2.0,YX,2,correlated,1.1863140094716754e-10,0.0001439593628604146
motional_dephasing,Motional dephasing,2.0,36.0,rates_270dbb0a181563d6,2.0,YY,2,correlated,5.670476523696859e-09,0.0
motional_dephasing,Motional dephasing,2.0,36.0,rates_270dbb0a181563d6,2.0,YZ,2,correlated,-7.467690207585137e-10,0.0
motional_dephasing,Motional dephasing,2.0,36.0,rates_270dbb0a181563d6,2.0,ZI,1,local,-3.995981586152401e-10,0.00014399106387989806
motional_dephasing,Motional dephasing,2.0,36.0,rates_270dbb0a181563d6,2.0,ZX,2,correlated,2.5679089531512783e-09,0.00010184027286098024
motional_dephasing,Motional dephasing,2.0,36.0,rates_270dbb0a181563d6,2.0,ZY,2,correlated,8.251451436102254e-10,0.0
motional_dephasing,Motional dephasing,2.0,36.0,rates_270dbb0a181563d6,2.0,ZZ,2,correlated,1.2940279067013957e-16,8.814326291799787e-09
motional_dephasing,Motional dephasing,2.0,36.0,rates_270dbb0a181563d6,3.0,IX,1,local,4.5976104825954964e-10,0.0034391639690472702
motional_dephasing,Motional dephasing,2.0,36.0,rates_270dbb0a181563d6,3.0,IY,1,local,-8.401391334281242e-09,0.00010513052492341755
motional_dephasing,Motional dephasing,2.0,36.0,rates_270dbb0a181563d6,3.0,IZ,1,local,-1.5075722005217744e-09,0.00014074650132728087
motional_dephasing,Motional dephasing,2.0,36.0,rates_270dbb0a181563d6,3.0,XI,1,local,1.3434456133082273e-08,0.0034391266433568086
motional_dephasing,Motional dephasing,2.0,36.0,rates_270dbb0a181563d6,3.0,XX,2,correlated,0.0582199515732293,0.002874552917684441
motional_dephasing,Motional dephasing,2.0,36.0,rates_270dbb0a181563d6,3.0,XY,2,correlated,-1.647503041767545e-08,0.0001407071834151257
motional_dephasing,Motional dephasing,2.0,36.0,rates_270dbb0a181563d6,3.0,XZ,2,correlated,7.742093642395045e-09,0.00010506482802691805
motional_dephasing,Motional dephasing,2.0,36.0,rates_270dbb0a181563d6,3.0,YI,1,local,1.0464294014253418e-10,0.00010509593050970498
motional_dephasing,Motional dephasing,2.0,36.0,rates_270dbb0a181563d6,3.0,YX,2,correlated,1.0934391283003898e-08,0.0001407086461014547
motional_dephasing,Motional dephasing,2.0,36.0,rates_270dbb0a181563d6,3.0,YY,2,correlated,1.7060507986644923e-08,1.8992497997841597e-08
motional_dephasing,Motional dephasing,2.0,36.0,rates_270dbb0a181563d6,3.0,YZ,2,correlated,4.511622635821525e-09,0.0
motional_dephasing,Motional dephasing,2.0,36.0,rates_270dbb0a181563d6,3.0,ZI,1,local,3.943127319917726e-10,0.00014074657159002905
motional_dephasing,Motional dephasing,2.0,36.0,rates_270dbb0a181563d6,3.0,ZX,2,correlated,8.542071074977576e-09,0.00010509788951142628
motional_dephasing,Motional dephasing,2.0,36.0,rates_270dbb0a181563d6,3.0,ZY,2,correlated,-3.6731762897569687e-09,2.254709787277709e-08
motional_dephasing,Motional dephasing,2.0,36.0,rates_270dbb0a181563d6,3.0,ZZ,2,correlated,-1.84221734667629e-15,1.1315577360532236e-08
motional_dephasing,Motional dephasing,2.0,36.0,rates_270dbb0a181563d6,4.0,IX,1,local,-1.5652900911909804e-08,0.004239210680323522
motional_dephasing,Motional dephasing,2.0,36.0,rates_270dbb0a181563d6,4.0,IY,1,local,-2.9184487382365425e-10,0.00010716639600225942
motional_dephasing,Motional dephasing,2.0,36.0,rates_270dbb0a181563d6,4.0,IZ,1,local,2.5027584203072717e-09,0.00013870924042211705
motional_dephasing,Motional dephasing,2.0,36.0,rates_270dbb0a181563d6,4.0,XI,1,local,6.024509455795863e-09,0.004239219037293496
motional_dephasing,Motional dephasing,2.0,36.0,rates_270dbb0a181563d6,4.0,XX,2,correlated,0.07247481759961232,0.00443916345145169
motional_dephasing,Motional dephasing,2.0,36.0,rates_270dbb0a181563d6,4.0,XY,2,correlated,2.264080303177998e-08,0.00013867455982508406
motional_dephasing,Motional dephasing,2.0,36.0,rates_270dbb0a181563d6,4.0,XZ,2,correlated,-2.892117994610944e-09,0.00010711330377544114
motional_dephasing,Motional dephasing,2.0,36.0,rates_270dbb0a181563d6,4.0,YI,1,local,4.0683268770535396e-09,0.00010717990636604739
motional_dephasing,Motional dephasing,2.0,36.0,rates_270dbb0a181563d6,4.0,YX,2,correlated,-3.5915060838042133e-10,0.000138662367976888
motional_dephasing,Motional dephasing,2.0,36.0,rates_270dbb0a181563d6,4.0,YY,2,correlated,-4.634794345849512e-09,8.51642974856811e-09
motional_dephasing,Motional dephasing,2.0,36.0,rates_270dbb0a181563d6,4.0,YZ,2,correlated,-2.3056381319859547e-08,9.815867507705997e-10
motional_dephasing,Motional dephasing,2.0,36.0,rates_270dbb0a181563d6,4.0,ZI,1,local,-1.4018669148684738e-10,0.00013871352733793233
motional_dephasing,Motional dephasing,2.0,36.0,rates_270dbb0a181563d6,4.0,ZX,2,correlated,-2.7112535197006e-09,0.00010710769834449112
motional_dephasing,Motional dephasing,2.0,36.0,rates_270dbb0a181563d6,4.0,ZY,2,correlated,-4.390242468250173e-09,0.0
motional_dephasing,Motional dephasing,2.0,36.0,rates_270dbb0a181563d6,4.0,ZZ,2,correlated,-1.2061513775487779e-15,0.0
motional_dephasing,Motional dephasing,4.0,72.0,rates_4f154ffd26e66cb6,0.01,IX,1,local,-1.2601925563868167e-08,0.0012127197701426282
motional_dephasing,Motional dephasing,4.0,72.0,rates_4f154ffd26e66cb6,0.01,IY,1,local,-1.0202576297729167e-09,7.125060181910114e-05
motional_dephasing,Motional dephasing,4.0,72.0,rates_4f154ffd26e66cb6,0.01,IZ,1,local,-2.4688906219720425e-10,0.0001746505081151659
motional_dephasing,Motional dephasing,4.0,72.0,rates_4f154ffd26e66cb6,0.01,XI,1,local,-4.229783584598129e-09,0.0012127021990533142
motional_dephasing,Motional dephasing,4.0,72.0,rates_4f154ffd26e66cb6,0.01,XX,2,correlated,0.013715636318720649,0.0006473921921969295
motional_dephasing,Motional dephasing,4.0,72.0,rates_4f154ffd26e66cb6,0.01,XY,2,correlated,-9.077241726290047e-09,0.00017455744827222144
motional_dephasing,Motional dephasing,4.0,72.0,rates_4f154ffd26e66cb6,0.01,XZ,2,correlated,-6.708985798683158e-09,7.119973791455271e-05
motional_dephasing,Motional dephasing,4.0,72.0,rates_4f154ffd26e66cb6,0.01,YI,1,local,-6.9544341263429596e-09,7.123308706594293e-05
motional_dephasing,Motional dephasing,4.0,72.0,rates_4f154ffd26e66cb6,0.01,YX,2,correlated,7.366329988852302e-09,0.0001745566001968039
motional_dephasing,Motional dephasing,4.0,72.0,rates_4f154ffd26e66cb6,0.01,YY,2,correlated,-1.3648313794760537e-08,0.0
motional_dephasing,Motional dephasing,4.0,72.0,rates_4f154ffd26e66cb6,0.01,YZ,2,correlated,1.0203709546569486e-08,0.0
motional_dephasing,Motional dephasing,4.0,72.0,rates_4f154ffd26e66cb6,0.01,ZI,1,local,1.9585064816947161e-10,0.00017465102958621255
motional_dephasing,Motional dephasing,4.0,72.0,rates_4f154ffd26e66cb6,0.01,ZX,2,correlated,-7.0042820697416215e-09,7.121757927337332e-05
motional_dephasing,Motional dephasing,4.0,72.0,rates_4f154ffd26e66cb6,0.01,ZY,2,correlated,2.5306842625568704e-09,1.0509076777743577e-09
motional_dephasing,Motional dephasing,4.0,72.0,rates_4f154ffd26e66cb6,0.01,ZZ,2,correlated,4.3142216479532183e-16,2.4060730164331134e-08
motional_dephasing,Motional dephasing,4.0,72.0,rates_4f154ffd26e66cb6,1.0,IX,1,local,1.233506203212521e-08,0.0029596733507947733
motional_dephasing,Motional dephasing,4.0,72.0,rates_4f154ffd26e66cb6,1.0,IY,1,local,9.479874481979129e-11,9.52736382975412e-05
motional_dephasing,Motional dephasing,4.0,72.0,rates_4f154ffd26e66cb6,1.0,IZ,1,local,-2.1443990128583117e-10,0.00015061973540778767
motional_dephasing,Motional dephasing,4.0,72.0,rates_4f154ffd26e66cb6,1.0,XI,1,local,1.0883111502611516e-08,0.002959664970814523
motional_dephasing,Motional dephasing,4.0,72.0,rates_4f154ffd26e66cb6,1.0,XX,2,correlated,0.02869160226472485,0.001094641014655629
motional_dephasing,Motional dephasing,4.0,72.0,rates_4f154ffd26e66cb6,1.0,XY,2,correlated,-2.461303203935592e-09,0.0001505583010989912
motional_dephasing,Motional dephasing,4.0,72.0,rates_4f154ffd26e66cb6,1.0,XZ,2,correlated,1.3303275219948451e-09,9.521256731456351e-05
motional_dephasing,Motional dephasing,4.0,72.0,rates_4f154ffd26e66cb6,1.0,YI,1,local,2.24107801409386e-09,9.526501052052067e-05
motional_dephasing,Motional dephasing,4.0,72.0,rates_4f154ffd26e66cb6,1.0,YX,2,correlated,2.8789645249263813e-09,0.0001505587759981482
motional_dephasing,Motional dephasing,4.0,72.0,rates_4f154ffd26e66cb6,1.0,YY,2,correlated,2.875239340801873e-09,1.6091425034455039e-09
motional_dephasing,Motional dephasing,4.0,72.0,rates_4f154ffd26e66cb6,1.0,YZ,2,correlated,-5.379650374756015e-10,0.0
motional_dephasing,Motional dephasing,4.0,72.0,rates_4f154ffd26e66cb6,1.0,ZI,1,local,2.2531257819164112e-10,0.00015061965000651688
motional_dephasing,Motional dephasing,4.0,72.0,rates_4f154ffd26e66cb6,1.0,ZX,2,correlated,1.672530785341811e-09,9.522080559457358e-05
motional_dephasing,Motional dephasing,4.0,72.0,rates_4f154ffd26e66cb6,1.0,ZY,2,correlated,-1.5136211652452184e-09,0.0
motional_dephasing,Motional dephasing,4.0,72.0,rates_4f154ffd26e66cb6,1.0,ZZ,2,correlated,1.8437707552858356e-16,5.664497816984526e-09
motional_dephasing,Motional dephasing,4.0,72.0,rates_4f154ffd26e66cb6,2.0,IX,1,local,2.2357726049280208e-08,0.00462516389312736
motional_dephasing,Motional dephasing,4.0,72.0,rates_4f154ffd26e66cb6,2.0,IY,1,local,-1.320218604418297e-08,0.00010175421665633265
motional_dephasing,Motional dephasing,4.0,72.0,rates_4f154ffd26e66cb6,2.0,IZ,1,local,7.499082172860685e-11,0.00014411351137884521
motional_dephasing,Motional dephasing,4.0,72.0,rates_4f154ffd26e66cb6,2.0,XI,1,local,2.1421031246357078e-08,0.004625188301498129
motional_dephasing,Motional dephasing,4.0,72.0,rates_4f154ffd26e66cb6,2.0,XX,2,correlated,0.04347401654591971,0.0019669606884436495
motional_dephasing,Motional dephasing,4.0,72.0,rates_4f154ffd26e66cb6,2.0,XY,2,correlated,6.250686910203133e-09,0.0001440765248321901
motional_dephasing,Motional dephasing,4.0,72.0,rates_4f154ffd26e66cb6,2.0,XZ,2,correlated,6.883610378219435e-10,0.00010171494079842467
motional_dephasing,Motional dephasing,4.0,72.0,rates_4f154ffd26e66cb6,2.0,YI,1,local,4.1908684813989865e-09,0.00010177891744327978
motional_dephasing,Motional dephasing,4.0,72.0,rates_4f154ffd26e66cb6,2.0,YX,2,correlated,-2.13915428577992e-08,0.0001440771532886377
motional_dephasing,Motional dephasing,4.0,72.0,rates_4f154ffd26e66cb6,2.0,YY,2,correlated,4.123193547089197e-09,1.4892693186302486e-08
motional_dephasing,Motional dephasing,4.0,72.0,rates_4f154ffd26e66cb6,2.0,YZ,2,correlated,-7.575059253072946e-09,7.526306699504222e-09
motional_dephasing,Motional dephasing,4.0,72.0,rates_4f154ffd26e66cb6,2.0,ZI,1,local,-6.481191062352588e-10,0.00014411278625571722
motional_dephasing,Motional dephasing,4.0,72.0,rates_4f154ffd26e66cb6,2.0,ZX,2,correlated,3.050345308549836e-09,0.00010169033667907675
motional_dephasing,Motional dephasing,4.0,72.0,rates_4f154ffd26e66cb6,2.0,ZY,2,correlated,7.499374952236836e-09,0.0
motional_dephasing,Motional dephasing,4.0,72.0,rates_4f154ffd26e66cb6,2.0,ZZ,2,correlated,2.767480729930463e-16,0.0
motional_dephasing,Motional dephasing,4.0,72.0,rates_4f154ffd26e66cb6,3.0,IX,1,local,1.2780056770916216e-08,0.006198214221250041
motional_dephasing,Motional dephasing,4.0,72.0,rates_4f154ffd26e66cb6,3.0,IY,1,local,7.498534558912445e-09,0.0001050118017442416
motional_dephasing,Motional dephasing,4.0,72.0,rates_4f154ffd26e66cb6,3.0,IZ,1,local,1.2390608337787426e-10,0.0001408902033567728
motional_dephasing,Motional dephasing,4.0,72.0,rates_4f154ffd26e66cb6,3.0,XI,1,local,3.366014837212042e-09,0.006198197786564115
motional_dephasing,Motional dephasing,4.0,72.0,rates_4f154ffd26e66cb6,3.0,XX,2,correlated,0.05791454150385376,0.00321090935006844
motional_dephasing,Motional dephasing,4.0,72.0,rates_4f154ffd26e66cb6,3.0,XY,2,correlated,-6.201848605281954e-09,0.00014082915390236083
motional_dephasing,Motional dephasing,4.0,72.0,rates_4f154ffd26e66cb6,3.0,XZ,2,correlated,-8.237155409375648e-09,0.00010492218037866275
motional_dephasing,Motional dephasing,4.0,72.0,rates_4f154ffd26e66cb6,3.0,YI,1,local,1.4906806820602264e-08,0.00010498855534189972
motional_dephasing,Motional dephasing,4.0,72.0,rates_4f154ffd26e66cb6,3.0,YX,2,correlated,5.927141656774266e-09,0.00014082819975832182
motional_dephasing,Motional dephasing,4.0,72.0,rates_4f154ffd26e66cb6,3.0,YY,2,correlated,-1.6665608947473597e-08,2.3605310291507307e-08
motional_dephasing,Motional dephasing,4.0,72.0,rates_4f154ffd26e66cb6,3.0,YZ,2,correlated,-5.0225184925374405e-09,0.0
motional_dephasing,Motional dephasing,4.0,72.0,rates_4f154ffd26e66cb6,3.0,ZI,1,local,7.834371082688187e-10,0.0001408935100963413
motional_dephasing,Motional dephasing,4.0,72.0,rates_4f154ffd26e66cb6,3.0,ZX,2,correlated,-8.40361227314675e-09,0.0001049430741891628
motional_dephasing,Motional dephasing,4.0,72.0,rates_4f154ffd26e66cb6,3.0,ZY,2,correlated,-8.774001301560258e-09,1.0709973294505126e-08
motional_dephasing,Motional dephasing,4.0,72.0,rates_4f154ffd26e66cb6,3.0,ZZ,2,correlated,2.1742965840336317e-15,5.641722307641456e-09
motional_dephasing,Motional dephasing,4.0,72.0,rates_4f154ffd26e66cb6,4.0,IX,1,local,-7.417523205614778e-09,0.007687893778199901
motional_dephasing,Motional dephasing,4.0,72.0,rates_4f154ffd26e66cb6,4.0,IY,1,local,-7.0771154634661685e-09,0.00010703717650773436
motional_dephasing,Motional dephasing,4.0,72.0,rates_4f154ffd26e66cb6,4.0,IZ,1,local,6.179057703421859e-10,0.0001388965146797094
motional_dephasing,Motional dephasing,4.0,72.0,rates_4f154ffd26e66cb6,4.0,XI,1,local,-8.372175698706796e-09,0.007687906749946406
motional_dephasing,Motional dephasing,4.0,72.0,rates_4f154ffd26e66cb6,4.0,XX,2,correlated,0.07201545095174665,0.004784063098658391
motional_dephasing,Motional dephasing,4.0,72.0,rates_4f154ffd26e66cb6,4.0,XY,2,correlated,9.24661347772686e-09,0.00013877331154932087
motional_dephasing,Motional dephasing,4.0,72.0,rates_4f154ffd26e66cb6,4.0,XZ,2,correlated,1.31935175790025e-09,0.00010695480834679288
motional_dephasing,Motional dephasing,4.0,72.0,rates_4f154ffd26e66cb6,4.0,YI,1,local,9.440141998976298e-10,0.0001070496539737186
motional_dephasing,Motional dephasing,4.0,72.0,rates_4f154ffd26e66cb6,4.0,YX,2,correlated,-4.8774528095697245e-09,0.00013877342104603573
motional_dephasing,Motional dephasing,4.0,72.0,rates_4f154ffd26e66cb6,4.0,YY,2,correlated,4.2463881582631316e-09,0.0
motional_dephasing,Motional dephasing,4.0,72.0,rates_4f154ffd26e66cb6,4.0,YZ,2,correlated,-3.699461107011496e-10,3.2461583525378312e-09
motional_dephasing,Motional dephasing,4.0,72.0,rates_4f154ffd26e66cb6,4.0,ZI,1,local,2.704310273247445e-10,0.00013889608283897928
motional_dephasing,Motional dephasing,4.0,72.0,rates_4f154ffd26e66cb6,4.0,ZX,2,correlated,2.3660458372706388e-09,0.0001069426532248612
motional_dephasing,Motional dephasing,4.0,72.0,rates_4f154ffd26e66cb6,4.0,ZY,2,correlated,6.957079814622625e-09,0.0
motional_dephasing,Motional dephasing,4.0,72.0,rates_4f154ffd26e66cb6,4.0,ZZ,2,correlated,5.1329558540671e-17,1.1320590730459767e-08
motional_heating,Motional heating,0.0,0.0,rates_955f664628d0ac20,0.01,IX,1,local,-1.214453199672927e-08,0.0003066700184668055
motional_heating,Motional heating,0.0,0.0,rates_955f664628d0ac20,0.01,IY,1,local,-4.83940922372702e-10,7.131817128393942e-05
motional_heating,Motional heating,0.0,0.0,rates_955f664628d0ac20,0.01,IZ,1,local,4.453785102813953e-11,0.0001745262597462529
motional_heating,Motional heating,0.0,0.0,rates_955f664628d0ac20,0.01,XI,1,local,-9.455217909977862e-09,0.0003066700005137906
motional_heating,Motional heating,0.0,0.0,rates_955f664628d0ac20,0.01,XX,2,correlated,0.013728606312715861,0.00016371404428650342
motional_heating,Motional heating,0.0,0.0,rates_955f664628d0ac20,0.01,XY,2,correlated,1.14743278619854e-09,0.00017450551696648623
motional_heating,Motional heating,0.0,0.0,rates_955f664628d0ac20,0.01,XZ,2,correlated,4.160080703772403e-09,7.131222868810475e-05
motional_heating,Motional heating,0.0,0.0,rates_955f664628d0ac20,0.01,YI,1,local,-1.092095035734264e-09,7.13183178697624e-05
motional_heating,Motional heating,0.0,0.0,rates_955f664628d0ac20,0.01,YX,2,correlated,3.6523045127821106e-10,0.00017450536773123016
motional_heating,Motional heating,0.0,0.0,rates_955f664628d0ac20,0.01,YY,2,correlated,8.297373505577697e-09,0.0
motional_heating,Motional heating,0.0,0.0,rates_955f664628d0ac20,0.01,YZ,2,correlated,-1.1711662471849183e-09,0.0
motional_heating,Motional heating,0.0,0.0,rates_955f664628d0ac20,0.01,ZI,1,local,-1.553838272744833e-11,0.0001745263097648218
motional_heating,Motional heating,0.0,0.0,rates_955f664628d0ac20,0.01,ZX,2,correlated,4.161795139478319e-09,7.131218132270286e-05
motional_heating,Motional heating,0.0,0.0,rates_955f664628d0ac20,0.01,ZY,2,correlated,-4.473930562611788e-10,0.0
motional_heating,Motional heating,0.0,0.0,rates_955f664628d0ac20,0.01,ZZ,2,correlated,-1.0854384830681467e-16,1.3469936859867356e-08
motional_heating,Motional heating,0.0,0.0,rates_955f664628d0ac20,1.0,IX,1,local,6.956138918698152e-09,0.0008311636019459083
motional_heating,Motional heating,0.0,0.0,rates_955f664628d0ac20,1.0,IY,1,local,-7.209739651971744e-10,9.540052599591333e-05
motional_heating,Motional heating,0.0,0.0,rates_955f664628d0ac20,1.0,IZ,1,local,9.275950805845578e-11,0.00015044686042678818
motional_heating,Motional heating,0.0,0.0,rates_955f664628d0ac20,1.0,XI,1,local,2.1476002881323124e-09,0.0008311668222145998
motional_heating,Motional heating,0.0,0.0,rates_955f664628d0ac20,1.0,XX,2,correlated,0.028798192090395858,0.0006155818207841208
motional_heating,Motional heating,0.0,0.0,rates_955f664628d0ac20,1.0,XY,2,correlated,1.2065408621600384e-09,0.00015042611848004197
motional_heating,Motional heating,0.0,0.0,rates_955f664628d0ac20,1.0,XZ,2,correlated,1.8521526690884161e-09,9.538991289666536e-05
motional_heating,Motional heating,0.0,0.0,rates_955f664628d0ac20,1.0,YI,1,local,4.252932044890907e-10,9.540325402426817e-05
motional_heating,Motional heating,0.0,0.0,rates_955f664628d0ac20,1.0,YX,2,correlated,-4.750101270487296e-09,0.00015042623847624466
motional_heating,Motional heating,0.0,0.0,rates_955f664628d0ac20,1.0,YY,2,correlated,4.1420641763840925e-09,0.0
motional_heating,Motional heating,0.0,0.0,rates_955f664628d0ac20,1.0,YZ,2,correlated,4.616349863769774e-10,0.0
motional_heating,Motional heating,0.0,0.0,rates_955f664628d0ac20,1.0,ZI,1,local,-3.537843533524354e-10,0.0001504466978816655
motional_heating,Motional heating,0.0,0.0,rates_955f664628d0ac20,1.0,ZX,2,correlated,2.0435542087839063e-09,9.538722741696372e-05
motional_heating,Motional heating,0.0,0.0,rates_955f664628d0ac20,1.0,ZY,2,correlated,4.930532551123856e-09,0.0
motional_heating,Motional heating,0.0,0.0,rates_955f664628d0ac20,1.0,ZZ,2,correlated,-3.397903385486758e-16,9.746600542185518e-09
motional_heating,Motional heating,0.0,0.0,rates_955f664628d0ac20,2.0,IX,1,local,3.473301468888392e-08,0.0013320273518615821
motional_heating,Motional heating,0.0,0.0,rates_955f664628d0ac20,2.0,IY,1,local,-6.796358051937059e-09,0.00010192212530302954
motional_heating,Motional heating,0.0,0.0,rates_955f664628d0ac20,2.0,IZ,1,local,-7.082759223252629e-10,0.00014392481351678657
motional_heating,Motional heating,0.0,0.0,rates_955f664628d0ac20,2.0,XI,1,local,2.9468837147415736e-08,0.001332033045831638
motional_heating,Motional heating,0.0,0.0,rates_955f664628d0ac20,2.0,XX,2,correlated,0.043731339550156366,0.0014842166417713292
motional_heating,Motional heating,0.0,0.0,rates_955f664628d0ac20,2.0,XY,2,correlated,1.4981048397694506e-09,0.0001439042278202918
motional_heating,Motional heating,0.0,0.0,rates_955f664628d0ac20,2.0,XZ,2,correlated,2.8703670515683474e-09,0.0001019125778144701
motional_heating,Motional heating,0.0,0.0,rates_955f664628d0ac20,2.0,YI,1,local,2.219731760935386e-09,0.00010192687644509444
motional_heating,Motional heating,0.0,0.0,rates_955f664628d0ac20,2.0,YX,2,correlated,-4.455946220574971e-09,0.00014390490715677974
motional_heating,Motional heating,0.0,0.0,rates_955f664628d0ac20,2.0,YY,2,correlated,7.64902603392494e-09,0.0
motional_heating,Motional heating,0.0,0.0,rates_955f664628d0ac20,2.0,YZ,2,correlated,2.19527855293671e-09,0.0
motional_heating,Motional heating,0.0,0.0,rates_955f664628d0ac20,2.0,ZI,1,local,3.759494917806735e-10,0.00014392470010867795
motional_heating,Motional heating,0.0,0.0,rates_955f664628d0ac20,2.0,ZX,2,correlated,4.745412127954171e-09,0.00010190726074491345
motional_heating,Motional heating,0.0,0.0,rates_955f664628d0ac20,2.0,ZY,2,correlated,5.466178127989898e-09,0.0
motional_heating,Motional heating,0.0,0.0,rates_955f664628d0ac20,2.0,ZZ,2,correlated,-6.625434773528939e-16,8.766635162061134e-09
motional_heating,Motional heating,0.0,0.0,rates_955f664628d0ac20,3.0,IX,1,local,1.3760010818160461e-08,0.0018037209954512633
motional_heating,Motional heating,0.0,0.0,rates_955f664628d0ac20,3.0,IY,1,local,1.1950271044473215e-09,0.00010518861785183375
motional_heating,Motional heating,0.0,0.0,rates_955f664628d0ac20,3.0,IZ,1,local,-6.82767483081794e-10,0.0001406772930998867
motional_heating,Motional heating,0.0,0.0,rates_955f664628d0ac20,3.0,XI,1,local,6.582548182052563e-09,0.0018037009032762527
motional_heating,Motional heating,0.0,0.0,rates_955f664628d0ac20,3.0,XX,2,correlated,0.05836817268337864,0.002722716917359472
motional_heating,Motional heating,0.0,0.0,rates_955f664628d0ac20,3.0,XY,2,correlated,-6.9455979590537745e-09,0.00014063873484215496
motional_heating,Motional heating,0.0,0.0,rates_955f664628d0ac20,3.0,XZ,2,correlated,-6.124605606574905e-09,0.00010515679339220333
motional_heating,Motional heating,0.0,0.0,rates_955f664628d0ac20,3.0,YI,1,local,5.156420858591735e-09,0.00010516682667877843
motional_heating,Motional heating,0.0,0.0,rates_955f664628d0ac20,3.0,YX,2,correlated,9.19636547500322e-09,0.00014063975243120493
motional_heating,Motional heating,0.0,0.0,rates_955f664628d0ac20,3.0,YY,2,correlated,-1.0959472551860045e-08,0.0
motional_heating,Motional heating,0.0,0.0,rates_955f664628d0ac20,3.0,YZ,2,correlated,3.0520213749653056e-09,0.0
motional_heating,Motional heating,0.0,0.0,rates_955f664628d0ac20,3.0,ZI,1,local,1.082267823810177e-09,0.00014067692298734116
motional_heating,Motional heating,0.0,0.0,rates_955f664628d0ac20,3.0,ZX,2,correlated,-5.547128560945566e-09,0.00010517793708923835
motional_heating,Motional heating,0.0,0.0,rates_955f664628d0ac20,3.0,ZY,2,correlated,-2.058704535363997e-09,1.1286852351161602e-08
motional_heating,Motional heating,0.0,0.0,rates_955f664628d0ac20,3.0,ZZ,2,correlated,-2.0048593441100982e-16,4.389877721316243e-09
motional_heating,Motional heating,0.0,0.0,rates_955f664628d0ac20,4.0,IX,1,local,1.553305701726465e-08,0.002250269778307254
motional_heating,Motional heating,0.0,0.0,rates_955f664628d0ac20,4.0,IY,1,local,1.1291736192547246e-10,0.00010723460741642358
motional_heating,Motional heating,0.0,0.0,rates_955f664628d0ac20,4.0,IZ,1,local,4.933080964548415e-10,0.00013862971594603084
motional_heating,Motional heating,0.0,0.0,rates_955f664628d0ac20,4.0,XI,1,local,1.6301773514931363e-08,0.0022502658040114655
motional_heating,Motional heating,0.0,0.0,rates_955f664628d0ac20,4.0,XX,2,correlated,0.07270086656218096,0.004292300370436474
motional_heating,Motional heating,0.0,0.0,rates_955f664628d0ac20,4.0,XY,2,correlated,2.0268258881234624e-09,0.0001386026011771282
motional_heating,Motional heating,0.0,0.0,rates_955f664628d0ac20,4.0,XZ,2,correlated,-3.816840787377826e-09,0.00010719795359451884
motional_heating,Motional heating,0.0,0.0,rates_955f664628d0ac20,4.0,YI,1,local,1.816898147307825e-09,0.00010722382365026591
motional_heating,Motional heating,0.0,0.0,rates_955f664628d0ac20,4.0,YX,2,correlated,-1.8130223287531812e-09,0.00013861066777233976
motional_heating,Motional heating,0.0,0.0,rates_955f664628d0ac20,4.0,YY,2,correlated,-6.84878661688546e-09,0.0
motional_heating,Motional heating,0.0,0.0,rates_955f664628d0ac20,4.0,YZ,2,correlated,-3.9941715352505435e-09,0.0
motional_heating,Motional heating,0.0,0.0,rates_955f664628d0ac20,4.0,ZI,1,local,-8.400896212117463e-11,0.0001386314283285599
motional_heating,Motional heating,0.0,0.0,rates_955f664628d0ac20,4.0,ZX,2,correlated,-3.654824519024534e-09,0.0001071989583832681
motional_heating,Motional heating,0.0,0.0,rates_955f664628d0ac20,4.0,ZY,2,correlated,2.300587454548448e-09,5.36559670585385e-09
motional_heating,Motional heating,0.0,0.0,rates_955f664628d0ac20,4.0,ZZ,2,correlated,9.118279286089182e-17,0.0
motional_heating,Motional heating,0.5,5.0,rates_85cf44b10a0a8ca1,0.01,IX,1,local,-1.0232842770571747e-08,0.00042863857062960434
motional_heating,Motional heating,0.5,5.0,rates_85cf44b10a0a8ca1,0.01,IY,1,local,8.534906708944309e-09,7.132567368076131e-05
motional_heating,Motional heating,0.5,5.0,rates_85cf44b10a0a8ca1,0.01,IZ,1,local,1.2688910577828326e-10,0.00017451227098154863
motional_heating,Motional heating,0.5,5.0,rates_85cf44b10a0a8ca1,0.01,XI,1,local,-3.974692758026307e-09,0.00042864376935099885
motional_heating,Motional heating,0.5,5.0,rates_85cf44b10a0a8ca1,0.01,XX,2,correlated,0.013732521610271263,0.00016379082361508876
motional_heating,Motional heating,0.5,5.0,rates_85cf44b10a0a8ca1,0.01,XY,2,correlated,1.6208026541193055e-09,0.0001745059291376235
motional_heating,Motional heating,0.5,5.0,rates_85cf44b10a0a8ca1,0.01,XZ,2,correlated,2.5820663361454308e-09,7.131969453929249e-05
motional_heating,Motional heating,0.5,5.0,rates_85cf44b10a0a8ca1,0.01,YI,1,local,4.234130548276231e-09,7.133100490766046e-05
motional_heating,Motional heating,0.5,5.0,rates_85cf44b10a0a8ca1,0.01,YX,2,correlated,8.641248683818302e-10,0.00017450555305278655
motional_heating,Motional heating,0.5,5.0,rates_85cf44b10a0a8ca1,0.01,YY,2,correlated,4.640365040215382e-09,0.0
motional_heating,Motional heating,0.5,5.0,rates_85cf44b10a0a8ca1,0.01,YZ,2,correlated,-2.570011651909117e-09,0.0
motional_heating,Motional heating,0.5,5.0,rates_85cf44b10a0a8ca1,0.01,ZI,1,local,1.2930456551552724e-10,0.0001745125169204619
motional_heating,Motional heating,0.5,5.0,rates_85cf44b10a0a8ca1,0.01,ZX,2,correlated,2.4184469210598574e-09,7.131449345914806e-05
motional_heating,Motional heating,0.5,5.0,rates_85cf44b10a0a8ca1,0.01,ZY,2,correlated,-4.367962188394702e-09,0.0
motional_heating,Motional heating,0.5,5.0,rates_85cf44b10a0a8ca1,0.01,ZZ,2,correlated,-1.925352836568577e-16,9.294976191387568e-09
motional_heating,Motional heating,0.5,5.0,rates_85cf44b10a0a8ca1,1.0,IX,1,local,5.8441809612265464e-09,0.0009507964776276592
motional_heating,Motional heating,0.5,5.0,rates_85cf44b10a0a8ca1,1.0,IY,1,local,2.335296751640993e-10,9.54020887438977e-05
motional_heating,Motional heating,0.5,5.0,rates_85cf44b10a0a8ca1,1.0,IZ,1,local,-2.934024372898717e-10,0.0001504404530132063
motional_heating,Motional heating,0.5,5.0,rates_85cf44b10a0a8ca1,1.0,XI,1,local,1.006267273525835e-08,0.0009508010245114587
motional_heating,Motional heating,0.5,5.0,rates_85cf44b10a0a8ca1,1.0,XX,2,correlated,0.028802247089589197,0.0006157369940520758
motional_heating,Motional heating,0.5,5.0,rates_85cf44b10a0a8ca1,1.0,XY,2,correlated,-2.110930479132404e-09,0.00015042889107833062
motional_heating,Motional heating,0.5,5.0,rates_85cf44b10a0a8ca1,1.0,XZ,2,correlated,-1.1501924399784549e-09,9.539251816665758e-05
motional_heating,Motional heating,0.5,5.0,rates_85cf44b10a0a8ca1,1.0,YI,1,local,-9.582434050879059e-10,9.540677934788785e-05
motional_heating,Motional heating,0.5,5.0,rates_85cf44b10a0a8ca1,1.0,YX,2,correlated,2.3662006309566444e-09,0.00015042822142679734
motional_heating,Motional heating,0.5,5.0,rates_85cf44b10a0a8ca1,1.0,YY,2,correlated,-2.0275662652864085e-09,1.2825853527876632e-09
motional_heating,Motional heating,0.5,5.0,rates_85cf44b10a0a8ca1,1.0,YZ,2,correlated,2.6455783404663635e-09,0.0
motional_heating,Motional heating,0.5,5.0,rates_85cf44b10a0a8ca1,1.0,ZI,1,local,-1.0008986921717256e-10,0.00015044092719345708
motional_heating,Motional heating,0.5,5.0,rates_85cf44b10a0a8ca1,1.0,ZX,2,correlated,-1.4751982067585384e-09,9.538802303245752e-05
motional_heating,Motional heating,0.5,5.0,rates_85cf44b10a0a8ca1,1.0,ZY,2,correlated,-4.0328689146816295e-09,0.0
motional_heating,Motional heating,0.5,5.0,rates_85cf44b10a0a8ca1,1.0,ZZ,2,correlated,1.0344542138754554e-16,6.8644086424155676e-09
motional_heating,Motional heating,0.5,5.0,rates_85cf44b10a0a8ca1,2.0,IX,1,local,2.456971323441396e-08,0.0014493808862986017
motional_heating,Motional heating,0.5,5.0,rates_85cf44b10a0a8ca1,2.0,IY,1,local,-2.3382231080552953e-09,0.00010192902226437278
motional_heating,Motional heating,0.5,5.0,rates_85cf44b10a0a8ca1,2.0,IZ,1,local,-9.74159530370989e-10,0.00014391957140032
motional_heating,Motional heating,0.5,5.0,rates_85cf44b10a0a8ca1,2.0,XI,1,local,3.696695437478011e-08,0.001449371448168614
motional_heating,Motional heating,0.5,5.0,rates_85cf44b10a0a8ca1,2.0,XX,2,correlated,0.04373559480519993,0.0014844642344641068
motional_heating,Motional heating,0.5,5.0,rates_85cf44b10a0a8ca1,2.0,XY,2,correlated,-1.1603887464293657e-09,0.00014390945017337916
motional_heating,Motional heating,0.5,5.0,rates_85cf44b10a0a8ca1,2.0,XZ,2,correlated,-6.20573795062495e-10,0.00010190649261861757
motional_heating,Motional heating,0.5,5.0,rates_85cf44b10a0a8ca1,2.0,YI,1,local,7.243117341433138e-09,0.000101922332166215
motional_heating,Motional heating,0.5,5.0,rates_85cf44b10a0a8ca1,2.0,YX,2,correlated,9.010018021475796e-09,0.00014390533098289663
motional_heating,Motional heating,0.5,5.0,rates_85cf44b10a0a8ca1,2.0,YY,2,correlated,8.068265242654881e-10,0.0
motional_heating,Motional heating,0.5,5.0,rates_85cf44b10a0a8ca1,2.0,YZ,2,correlated,-1.066499702002897e-09,0.0
motional_heating,Motional heating,0.5,5.0,rates_85cf44b10a0a8ca1,2.0,ZI,1,local,9.396355074796774e-10,0.0001439206030517746
motional_heating,Motional heating,0.5,5.0,rates_85cf44b10a0a8ca1,2.0,ZX,2,correlated,6.89347793963805e-10,0.0001019162702557
motional_heating,Motional heating,0.5,5.0,rates_85cf44b10a0a8ca1,2.0,ZY,2,correlated,-6.541988240799574e-09,2.3416902729497986e-10
motional_heating,Motional heating,0.5,5.0,rates_85cf44b10a0a8ca1,2.0,ZZ,2,correlated,6.932547928511237e-16,6.156460567036115e-09
motional_heating,Motional heating,0.5,5.0,rates_85cf44b10a0a8ca1,3.0,IX,1,local,-1.4518293796326146e-09,0.0019188136722930822
motional_heating,Motional heating,0.5,5.0,rates_85cf44b10a0a8ca1,3.0,IY,1,local,-1.7601258792432207e-08,0.00010515214763910565
motional_heating,Motional heating,0.5,5.0,rates_85cf44b10a0a8ca1,3.0,IZ,1,local,1.2952233808267984e-09,0.00014067152545905147
motional_heating,Motional heating,0.5,5.0,rates_85cf44b10a0a8ca1,3.0,XI,1,local,-5.186486103965369e-09,0.0019188553080589157
motional_heating,Motional heating,0.5,5.0,rates_85cf44b10a0a8ca1,3.0,XX,2,correlated,0.05837277512028374,0.002723021006639527
motional_heating,Motional heating,0.5,5.0,rates_85cf44b10a0a8ca1,3.0,XY,2,correlated,2.464312664085229e-08,0.00014063732924244834
motional_heating,Motional heating,0.5,5.0,rates_85cf44b10a0a8ca1,3.0,XZ,2,correlated,1.5585424524445826e-08,0.00010517795533455932
motional_heating,Motional heating,0.5,5.0,rates_85cf44b10a0a8ca1,3.0,YI,1,local,1.0202335900126528e-08,0.00010519251925674632
motional_heating,Motional heating,0.5,5.0,rates_85cf44b10a0a8ca1,3.0,YX,2,correlated,-2.5582582412677027e-08,0.00014063295269911916
motional_heating,Motional heating,0.5,5.0,rates_85cf44b10a0a8ca1,3.0,YY,2,correlated,3.537886578865339e-08,2.958227324060232e-08
motional_heating,Motional heating,0.5,5.0,rates_85cf44b10a0a8ca1,3.0,YZ,2,correlated,-1.2564165471436495e-08,2.517400482797454e-08
motional_heating,Motional heating,0.5,5.0,rates_85cf44b10a0a8ca1,3.0,ZI,1,local,-8.239743990737098e-10,0.00014067272903356312
motional_heating,Motional heating,0.5,5.0,rates_85cf44b10a0a8ca1,3.0,ZX,2,correlated,2.0812269849132902e-08,0.00010514075667653272
motional_heating,Motional heating,0.5,5.0,rates_85cf44b10a0a8ca1,3.0,ZY,2,correlated,1.60353801295365e-08,0.0
motional_heating,Motional heating,0.5,5.0,rates_85cf44b10a0a8ca1,3.0,ZZ,2,correlated,-3.570756425528193e-15,2.8317855184237586e-08
motional_heating,Motional heating,0.5,5.0,rates_85cf44b10a0a8ca1,4.0,IX,1,local,1.4217873118957508e-08,0.002363226955468151
motional_heating,Motional heating,0.5,5.0,rates_85cf44b10a0a8ca1,4.0,IY,1,local,-5.18459601818471e-09,0.00010722725672332269
motional_heating,Motional heating,0.5,5.0,rates_85cf44b10a0a8ca1,4.0,IZ,1,local,-7.826527685631817e-11,0.0001386281123969233
motional_heating,Motional heating,0.5,5.0,rates_85cf44b10a0a8ca1,4.0,XI,1,local,1.0956164956992941e-08,0.0023632402291514547
motional_heating,Motional heating,0.5,5.0,rates_85cf44b10a0a8ca1,4.0,XX,2,correlated,0.07270585277100235,0.004292704857485139
motional_heating,Motional heating,0.5,5.0,rates_85cf44b10a0a8ca1,4.0,XY,2,correlated,4.742045144534558e-10,0.0001386022917176277
motional_heating,Motional heating,0.5,5.0,rates_85cf44b10a0a8ca1,4.0,XZ,2,correlated,5.147203357440433e-09,0.00010720641300576716
motional_heating,Motional heating,0.5,5.0,rates_85cf44b10a0a8ca1,4.0,YI,1,local,1.1235969321742245e-09,0.00010723943031369961
motional_heating,Motional heating,0.5,5.0,rates_85cf44b10a0a8ca1,4.0,YX,2,correlated,-6.858232087532712e-09,0.0001386016707207278
motional_heating,Motional heating,0.5,5.0,rates_85cf44b10a0a8ca1,4.0,YY,2,correlated,9.356628230926508e-09,1.7060852266154787e-09
motional_heating,Motional heating,0.5,5.0,rates_85cf44b10a0a8ca1,4.0,YZ,2,correlated,2.0518596048219185e-09,2.832166444384699e-09
motional_heating,Motional heating,0.5,5.0,rates_85cf44b10a0a8ca1,4.0,ZI,1,local,-9.991678306309444e-10,0.0001386285910539807
motional_heating,Motional heating,0.5,5.0,rates_85cf44b10a0a8ca1,4.0,ZX,2,correlated,5.351648924263357e-09,0.00010719438175557606
motional_heating,Motional heating,0.5,5.0,rates_85cf44b10a0a8ca1,4.0,ZY,2,correlated,2.8700728824792297e-09,0.0
motional_heating,Motional heating,0.5,5.0,rates_85cf44b10a0a8ca1,4.0,ZZ,2,correlated,1.262878813510607e-16,3.240216346319172e-09
motional_heating,Motional heating,1.0,10.0,rates_5052894f24b711d8,0.01,IX,1,local,-6.004397287920888e-09,0.0005506084786575883
motional_heating,Motional heating,1.0,10.0,rates_5052894f24b711d8,0.01,IY,1,local,2.926191299961128e-09,7.133683495611218e-05
motional_heating,Motional heating,1.0,10.0,rates_5052894f24b711d8,0.01,IZ,1,local,8.427697469804215e-11,0.00017449977760146713
motional_heating,Motional heating,1.0,10.0,rates_5052894f24b711d8,0.01,XI,1,local,1.3828757756247916e-09,0.000550611275765521
motional_heating,Motional heating,1.0,10.0,rates_5052894f24b711d8,0.01,XX,2,correlated,0.013736447028339389,0.00016386527935669193
motional_heating,Motional heating,1.0,10.0,rates_5052894f24b711d8,0.01,XY,2,correlated,4.308445887860059e-09,0.00017450344307439313
motional_heating,Motional heating,1.0,10.0,rates_5052894f24b711d8,0.01,XZ,2,correlated,-2.852032704678869e-09,7.132348635696853e-05
motional_heating,Motional heating,1.0,10.0,rates_5052894f24b711d8,0.01,YI,1,local,4.517219828248625e-09,7.133976566212255e-05
motional_heating,Motional heating,1.0,10.0,rates_5052894f24b711d8,0.01,YX,2,correlated,-5.368854903815391e-10,0.00017450278706094115
motional_heating,Motional heating,1.0,10.0,rates_5052894f24b711d8,0.01,YY,2,correlated,-5.894589133106578e-09,2.2604993364210837e-09
motional_heating,Motional heating,1.0,10.0,rates_5052894f24b711d8,0.01,YZ,2,correlated,-7.028150373043214e-09,0.0
motional_heating,Motional heating,1.0,10.0,rates_5052894f24b711d8,0.01,ZI,1,local,4.740428733971178e-11,0.00017450025379900903
motional_heating,Motional heating,1.0,10.0,rates_5052894f24b711d8,0.01,ZX,2,correlated,-2.8835085735023763e-09,7.13207354674547e-05
motional_heating,Motional heating,1.0,10.0,rates_5052894f24b711d8,0.01,ZY,2,correlated,-3.589730874589837e-09,0.0
motional_heating,Motional heating,1.0,10.0,rates_5052894f24b711d8,0.01,ZZ,2,correlated,1.2421712521206583e-16,7.113531632447698e-09
motional_heating,Motional heating,1.0,10.0,rates_5052894f24b711d8,1.0,IX,1,local,1.0846679517510993e-08,0.0010704254569091842
motional_heating,Motional heating,1.0,10.0,rates_5052894f24b711d8,1.0,IY,1,local,5.386092245407848e-09,9.54030219456724e-05
motional_heating,Motional heating,1.0,10.0,rates_5052894f24b711d8,1.0,IZ,1,local,3.6160085530502834e-10,0.00015043619485647904
motional_heating,Motional heating,1.0,10.0,rates_5052894f24b711d8,1.0,XI,1,local,6.068784605535182e-09,0.0010704333394205763
motional_heating,Motional heating,1.0,10.0,rates_5052894f24b711d8,1.0,XX,2,correlated,0.02880627467169461,0.0006158910031808071
motional_heating,Motional heating,1.0,10.0,rates_5052894f24b711d8,1.0,XY,2,correlated,2.626645914980696e-09,0.00015042936564450842
motional_heating,Motional heating,1.0,10.0,rates_5052894f24b711d8,1.0,XZ,2,correlated,2.0693457093015124e-09,9.539528213653414e-05
motional_heating,Motional heating,1.0,10.0,rates_5052894f24b711d8,1.0,YI,1,local,-2.534531581110321e-09,9.54103777158078e-05
motional_heating,Motional heating,1.0,10.0,rates_5052894f24b711d8,1.0,YX,2,correlated,-4.741451268929992e-09,0.00015042890295126267
motional_heating,Motional heating,1.0,10.0,rates_5052894f24b711d8,1.0,YY,2,correlated,3.335271884371626e-09,3.4629859372435786e-09
motional_heating,Motional heating,1.0,10.0,rates_5052894f24b711d8,1.0,YZ,2,correlated,-2.1881122706642676e-09,0.0
motional_heating,Motional heating,1.0,10.0,rates_5052894f24b711d8,1.0,ZI,1,local,-7.567167684142628e-10,0.00015043629350323357
motional_heating,Motional heating,1.0,10.0,rates_5052894f24b711d8,1.0,ZX,2,correlated,9.479165212231954e-10,9.538829041401726e-05
motional_heating,Motional heating,1.0,10.0,rates_5052894f24b711d8,1.0,ZY,2,correlated,1.089457612462076e-09,0.0
motional_heating,Motional heating,1.0,10.0,rates_5052894f24b711d8,1.0,ZZ,2,correlated,-3.2747644707143887e-18,4.943264188175117e-09
motional_heating,Motional heating,1.0,10.0,rates_5052894f24b711d8,2.0,IX,1,local,2.8861033918535912e-08,0.001566725304167278
motional_heating,Motional heating,1.0,10.0,rates_5052894f24b711d8,2.0,IY,1,local,2.560460095039678e-09,0.0001019298001010783
motional_heating,Motional heating,1.0,10.0,rates_5052894f24b711d8,2.0,IZ,1,local,2.5194294209897316e-10,0.000143913533121567
motional_heating,Motional heating,1.0,10.0,rates_5052894f24b711d8,2.0,XI,1,local,3.133300121929388e-08,0.0015667197327385255
motional_heating,Motional heating,1.0,10.0,rates_5052894f24b711d8,2.0,XX,2,correlated,0.043739865582729485,0.0014847122636456828
motional_heating,Motional heating,1.0,10.0,rates_5052894f24b711d8,2.0,XY,2,correlated,-3.063666841863846e-09,0.0001439121240354926
motional_heating,Motional heating,1.0,10.0,rates_5052894f24b711d8,2.0,XZ,2,correlated,4.675034961728953e-10,0.00010190896586515412
motional_heating,Motional heating,1.0,10.0,rates_5052894f24b711d8,2.0,YI,1,local,-3.840851771216799e-09,0.00010192531593058432
motional_heating,Motional heating,1.0,10.0,rates_5052894f24b711d8,2.0,YX,2,correlated,3.5756605304612067e-09,0.00014391241639640873
motional_heating,Motional heating,1.0,10.0,rates_5052894f24b711d8,2.0,YY,2,correlated,7.257002375471172e-12,6.083356958647336e-09
motional_heating,Motional heating,1.0,10.0,rates_5052894f24b711d8,2.0,YZ,2,correlated,-7.760231458603157e-10,0.0
motional_heating,Motional heating,1.0,10.0,rates_5052894f24b711d8,2.0,ZI,1,local,-1.1896449604691412e-10,0.0001439127464209453
motional_heating,Motional heating,1.0,10.0,rates_5052894f24b711d8,2.0,ZX,2,correlated,-3.965084092688715e-10,0.00010191394437522608
motional_heating,Motional heating,1.0,10.0,rates_5052894f24b711d8,2.0,ZY,2,correlated,-4.65901691615407e-09,0.0
motional_heating,Motional heating,1.0,10.0,rates_5052894f24b711d8,2.0,ZZ,2,correlated,7.149212139668828e-16,6.472737549938212e-10
motional_heating,Motional heating,1.0,10.0,rates_5052894f24b711d8,3.0,IX,1,local,1.3495218900022492e-08,0.002033946288596012
motional_heating,Motional heating,1.0,10.0,rates_5052894f24b711d8,3.0,IY,1,local,4.2946623416361225e-09,0.00010516383324470671
motional_heating,Motional heating,1.0,10.0,rates_5052894f24b711d8,3.0,IZ,1,local,4.499774920141419e-10,0.00014065970464107155
motional_heating,Motional heating,1.0,10.0,rates_5052894f24b711d8,3.0,XI,1,local,3.170835876898074e-08,0.0020339702591774225
motional_heating,Motional heating,1.0,10.0,rates_5052894f24b711d8,3.0,XX,2,correlated,0.0583773119797686,0.002723344384544099
motional_heating,Motional heating,1.0,10.0,rates_5052894f24b711d8,3.0,XY,2,correlated,4.351726596501843e-09,0.00014065589568892136
motional_heating,Motional heating,1.0,10.0,rates_5052894f24b711d8,3.0,XZ,2,correlated,1.0670423424351578e-09,0.00010517483980294797
motional_heating,Motional heating,1.0,10.0,rates_5052894f24b711d8,3.0,YI,1,local,-1.5932882551594378e-09,0.00010518730864187094
motional_heating,Motional heating,1.0,10.0,rates_5052894f24b711d8,3.0,YX,2,correlated,-5.967907246736348e-09,0.0001406527950492376
motional_heating,Motional heating,1.0,10.0,rates_5052894f24b711d8,3.0,YY,2,correlated,3.0573889247965057e-09,1.8304693052535818e-08
motional_heating,Motional heating,1.0,10.0,rates_5052894f24b711d8,3.0,YZ,2,correlated,-1.5013064019170404e-09,1.3199009643322118e-08
motional_heating,Motional heating,1.0,10.0,rates_5052894f24b711d8,3.0,ZI,1,local,-2.0853888236074515e-10,0.00014066386813740248
motional_heating,Motional heating,1.0,10.0,rates_5052894f24b711d8,3.0,ZX,2,correlated,1.116177694156972e-09,0.00010515030154215023
motional_heating,Motional heating,1.0,10.0,rates_5052894f24b711d8,3.0,ZY,2,correlated,-2.244687054929627e-09,0.0
motional_heating,Motional heating,1.0,10.0,rates_5052894f24b711d8,3.0,ZZ,2,correlated,1.5348650974882493e-15,5.6538508143907235e-09
motional_heating,Motional heating,1.0,10.0,rates_5052894f24b711d8,4.0,IX,1,local,6.768329192221085e-09,0.0024761999143451266
motional_heating,Motional heating,1.0,10.0,rates_5052894f24b711d8,4.0,IY,1,local,-1.1832550132034046e-09,0.00010723471957601536
motional_heating,Motional heating,1.0,10.0,rates_5052894f24b711d8,4.0,IZ,1,local,8.679595777873655e-10,0.00013863206111731308
motional_heating,Motional heating,1.0,10.0,rates_5052894f24b711d8,4.0,XI,1,local,6.752210987084111e-09,0.0024762036153670305
motional_heating,Motional heating,1.0,10.0,rates_5052894f24b711d8,4.0,XX,2,correlated,0.07271085859203336,0.00429310288793495
motional_heating,Motional heating,1.0,10.0,rates_5052894f24b711d8,4.0,XY,2,correlated,6.322278501178176e-09,0.00013859706268990824
motional_heating,Motional heating,1.0,10.0,rates_5052894f24b711d8,4.0,XZ,2,correlated,7.703817852355547e-09,0.00010720053249328653
motional_heating,Motional heating,1.0,10.0,rates_5052894f24b711d8,4.0,YI,1,local,4.12189952755427e-09,0.00010723594984657109
motional_heating,Motional heating,1.0,10.0,rates_5052894f24b711d8,4.0,YX,2,correlated,-1.2996862622636972e-08,0.00013859638283894972
motional_heating,Motional heating,1.0,10.0,rates_5052894f24b711d8,4.0,YY,2,correlated,1.3524184298403636e-08,0.0
motional_heating,Motional heating,1.0,10.0,rates_5052894f24b711d8,4.0,YZ,2,correlated,-3.785248698753109e-09,0.0
motional_heating,Motional heating,1.0,10.0,rates_5052894f24b711d8,4.0,ZI,1,local,1.1295248279434453e-10,0.00013863414370672122
motional_heating,Motional heating,1.0,10.0,rates_5052894f24b711d8,4.0,ZX,2,correlated,8.626865532225653e-09,0.00010719789948489229
motional_heating,Motional heating,1.0,10.0,rates_5052894f24b711d8,4.0,ZY,2,correlated,1.2682800765769142e-08,0.0
motional_heating,Motional heating,1.0,10.0,rates_5052894f24b711d8,4.0,ZZ,2,correlated,5.59802420542159e-16,6.872368658986149e-09
motional_heating,Motional heating,2.0,20.0,rates_b9547fee09e3ad72,0.01,IX,1,local,-7.525448587068069e-09,0.00079453910096628
motional_heating,Motional heating,2.0,20.0,rates_b9547fee09e3ad72,0.01,IY,1,local,1.5157746965731908e-09,7.135537262968923e-05
motional_heating,Motional heating,2.0,20.0,rates_b9547fee09e3ad72,0.01,IZ,1,local,1.1761838142614682e-10,0.0001744866336437662
motional_heating,Motional heating,2.0,20.0,rates_b9547fee09e3ad72,0.01,XI,1,local,-8.500492563090792e-09,0.0007945446341121233
motional_heating,Motional heating,2.0,20.0,rates_b9547fee09e3ad72,0.01,XX,2,correlated,0.013744307869013397,0.0001640025462694156
motional_heating,Motional heating,2.0,20.0,rates_b9547fee09e3ad72,0.01,XY,2,correlated,1.2740815427770118e-09,0.0001744867365944728
motional_heating,Motional heating,2.0,20.0,rates_b9547fee09e3ad72,0.01,XZ,2,correlated,7.306271025525807e-11,7.133339248013943e-05
motional_heating,Motional heating,2.0,20.0,rates_b9547fee09e3ad72,0.01,YI,1,local,-7.935247872063396e-10,7.136072065014413e-05
motional_heating,Motional heating,2.0,20.0,rates_b9547fee09e3ad72,0.01,YX,2,correlated,-4.543952348883856e-09,0.00017448667671979013
motional_heating,Motional heating,2.0,20.0,rates_b9547fee09e3ad72,0.01,YY,2,correlated,1.2613629538134035e-10,0.0
motional_heating,Motional heating,2.0,20.0,rates_b9547fee09e3ad72,0.01,YZ,2,correlated,2.1276887394199056e-10,0.0
motional_heating,Motional heating,2.0,20.0,rates_b9547fee09e3ad72,0.01,ZI,1,local,-9.673435436928466e-11,0.0001744867290574591
motional_heating,Motional heating,2.0,20.0,rates_b9547fee09e3ad72,0.01,ZX,2,correlated,-3.9270286826232466e-12,7.132800892061908e-05
motional_heating,Motional heating,2.0,20.0,rates_b9547fee09e3ad72,0.01,ZY,2,correlated,3.225830609507715e-09,0.0
motional_heating,Motional heating,2.0,20.0,rates_b9547fee09e3ad72,0.01,ZZ,2,correlated,4.381271757791136e-17,1.3593956194138954e-08
motional_heating,Motional heating,2.0,20.0,rates_b9547fee09e3ad72,1.0,IX,1,local,6.933623640648971e-09,0.0013096873326973815
motional_heating,Motional heating,2.0,20.0,rates_b9547fee09e3ad72,1.0,IY,1,local,2.1277177238741016e-09,9.541292310851168e-05
motional_heating,Motional heating,2.0,20.0,rates_b9547fee09e3ad72,1.0,IZ,1,local,-2.1171469434775525e-10,0.0001504293491974818
motional_heating,Motional heating,2.0,20.0,rates_b9547fee09e3ad72,1.0,XI,1,local,6.359803122798558e-09,0.0013096867835636903
motional_heating,Motional heating,2.0,20.0,rates_b9547fee09e3ad72,1.0,XX,2,correlated,0.028814353209941274,0.0006161957136889175
motional_heating,Motional heating,2.0,20.0,rates_b9547fee09e3ad72,1.0,XY,2,correlated,-4.896956964571329e-09,0.00015042951900639878
motional_heating,Motional heating,2.0,20.0,rates_b9547fee09e3ad72,1.0,XZ,2,correlated,2.8413537750255337e-09,9.539168882159419e-05
motional_heating,Motional heating,2.0,20.0,rates_b9547fee09e3ad72,1.0,YI,1,local,-2.464706761322384e-09,9.541254443578994e-05
motional_heating,Motional heating,2.0,20.0,rates_b9547fee09e3ad72,1.0,YX,2,correlated,-1.8775367780082072e-09,0.00015043012027955716
motional_heating,Motional heating,2.0,20.0,rates_b9547fee09e3ad72,1.0,YY,2,correlated,5.262637730363053e-09,5.140215405811835e-09
motional_heating,Motional heating,2.0,20.0,rates_b9547fee09e3ad72,1.0,YZ,2,correlated,2.2604598925205686e-09,0.0
motional_heating,Motional heating,2.0,20.0,rates_b9547fee09e3ad72,1.0,ZI,1,local,-1.2524233236168224e-10,0.0001504289891154747
motional_heating,Motional heating,2.0,20.0,rates_b9547fee09e3ad72,1.0,ZX,2,correlated,2.282701985560309e-09,9.539182630482565e-05
motional_heating,Motional heating,2.0,20.0,rates_b9547fee09e3ad72,1.0,ZY,2,correlated,-3.081153529472254e-10,0.0
motional_heating,Motional heating,2.0,20.0,rates_b9547fee09e3ad72,1.0,ZZ,2,correlated,-1.1957567316232227e-16,4.419379370703552e-09
motional_heating,Motional heating,2.0,20.0,rates_b9547fee09e3ad72,2.0,IX,1,local,3.3551962635261286e-08,0.0018014122680259507
motional_heating,Motional heating,2.0,20.0,rates_b9547fee09e3ad72,2.0,IY,1,local,2.8299753440331053e-09,0.0001019356949793218
motional_heating,Motional heating,2.0,20.0,rates_b9547fee09e3ad72,2.0,IZ,1,local,2.690325043383102e-10,0.00014391200413761104
motional_heating,Motional heating,2.0,20.0,rates_b9547fee09e3ad72,2.0,XI,1,local,4.025323705073565e-08,0.0018014006870735123
motional_heating,Motional heating,2.0,20.0,rates_b9547fee09e3ad72,2.0,XX,2,correlated,0.043748385947550206,0.0014851937681336568
motional_heating,Motional heating,2.0,20.0,rates_b9547fee09e3ad72,2.0,XY,2,correlated,-5.837636497648449e-09,0.00014391070747409227
motional_heating,Motional heating,2.0,20.0,rates_b9547fee09e3ad72,2.0,XZ,2,correlated,2.0444947305861952e-09,0.00010190559038973148
motional_heating,Motional heating,2.0,20.0,rates_b9547fee09e3ad72,2.0,YI,1,local,-3.530641328592331e-09,0.00010192408682192981
motional_heating,Motional heating,2.0,20.0,rates_b9547fee09e3ad72,2.0,YX,2,correlated,4.230172935558671e-09,0.00014390900634153722
motional_heating,Motional heating,2.0,20.0,rates_b9547fee09e3ad72,2.0,YY,2,correlated,2.9071207822534277e-09,1.7353875034205421e-09
motional_heating,Motional heating,2.0,20.0,rates_b9547fee09e3ad72,2.0,YZ,2,correlated,2.551414927653395e-09,0.0
motional_heating,Motional heating,2.0,20.0,rates_b9547fee09e3ad72,2.0,ZI,1,local,-2.1219698840242434e-10,0.00014391358705864236
motional_heating,Motional heating,2.0,20.0,rates_b9547fee09e3ad72,2.0,ZX,2,correlated,9.139002306644009e-10,0.00010191731675720893
motional_heating,Motional heating,2.0,20.0,rates_b9547fee09e3ad72,2.0,ZY,2,correlated,-1.7797443325556681e-09,1.6241413661015336e-09
motional_heating,Motional heating,2.0,20.0,rates_b9547fee09e3ad72,2.0,ZZ,2,correlated,7.629452537085588e-17,4.64952960833008e-09
motional_heating,Motional heating,2.0,20.0,rates_b9547fee09e3ad72,3.0,IX,1,local,1.3372791371971105e-08,0.0022641987656404038
motional_heating,Motional heating,2.0,20.0,rates_b9547fee09e3ad72,3.0,IY,1,local,6.801769504986268e-09,0.00010518938388812563
motional_heating,Motional heating,2.0,20.0,rates_b9547fee09e3ad72,3.0,IZ,1,local,2.4411865439796025e-09,0.00014067230818419764
motional_heating,Motional heating,2.0,20.0,rates_b9547fee09e3ad72,3.0,XI,1,local,1.8629770092030346e-08,0.002264191286005609
motional_heating,Motional heating,2.0,20.0,rates_b9547fee09e3ad72,3.0,XX,2,correlated,0.058386490914590736,0.0027239574445479557
motional_heating,Motional heating,2.0,20.0,rates_b9547fee09e3ad72,3.0,XY,2,correlated,-1.963218811908373e-09,0.00014063047082451847
motional_heating,Motional heating,2.0,20.0,rates_b9547fee09e3ad72,3.0,XZ,2,correlated,3.3654984864005638e-09,0.00010516643719272597
motional_heating,Motional heating,2.0,20.0,rates_b9547fee09e3ad72,3.0,YI,1,local,2.4808769427218525e-09,0.00010517823221241419
motional_heating,Motional heating,2.0,20.0,rates_b9547fee09e3ad72,3.0,YX,2,correlated,-1.6343044347895002e-09,0.00014063496813022675
motional_heating,Motional heating,2.0,20.0,rates_b9547fee09e3ad72,3.0,YY,2,correlated,-1.928063106332226e-09,2.0070251688150535e-09
motional_heating,Motional heating,2.0,20.0,rates_b9547fee09e3ad72,3.0,YZ,2,correlated,3.276850139005155e-09,0.0
motional_heating,Motional heating,2.0,20.0,rates_b9547fee09e3ad72,3.0,ZI,1,local,-5.981056967650399e-10,0.00014067418894016584
motional_heating,Motional heating,2.0,20.0,rates_b9547fee09e3ad72,3.0,ZX,2,correlated,-1.0966690911137956e-09,0.0001051712108053777
motional_heating,Motional heating,2.0,20.0,rates_b9547fee09e3ad72,3.0,ZY,2,correlated,7.996143986004818e-09,4.151701187699031e-09
motional_heating,Motional heating,2.0,20.0,rates_b9547fee09e3ad72,3.0,ZZ,2,correlated,-1.5832068921513851e-15,1.8028179797104082e-08
motional_heating,Motional heating,2.0,20.0,rates_b9547fee09e3ad72,4.0,IX,1,local,-7.83556970194409e-10,0.0027021329830188394
motional_heating,Motional heating,2.0,20.0,rates_b9547fee09e3ad72,4.0,IY,1,local,5.33918376518695e-09,0.0001072429472112443
motional_heating,Motional heating,2.0,20.0,rates_b9547fee09e3ad72,4.0,IZ,1,local,1.8580145050881725e-09,0.00013862735994474862
motional_heating,Motional heating,2.0,20.0,rates_b9547fee09e3ad72,4.0,XI,1,local,-6.812312732880227e-09,0.0027021253180950187
motional_heating,Motional heating,2.0,20.0,rates_b9547fee09e3ad72,4.0,XX,2,correlated,0.07272082252045775,0.004293917513667346
motional_heating,Motional heating,2.0,20.0,rates_b9547fee09e3ad72,4.0,XY,2,correlated,9.523862709179125e-09,0.000138603588857159
motional_heating,Motional heating,2.0,20.0,rates_b9547fee09e3ad72,4.0,XZ,2,correlated,2.020677073279248e-09,0.00010719084216583044
motional_heating,Motional heating,2.0,20.0,rates_b9547fee09e3ad72,4.0,YI,1,local,-3.4399111808649073e-09,0.00010723646226036229
motional_heating,Motional heating,2.0,20.0,rates_b9547fee09e3ad72,4.0,YX,2,correlated,6.112725318243553e-09,0.00013860443669631134
motional_heating,Motional heating,2.0,20.0,rates_b9547fee09e3ad72,4.0,YY,2,correlated,3.5244374228756706e-09,4.161008680009812e-09
motional_heating,Motional heating,2.0,20.0,rates_b9547fee09e3ad72,4.0,YZ,2,correlated,-1.3319232520867748e-08,0.0
motional_heating,Motional heating,2.0,20.0,rates_b9547fee09e3ad72,4.0,ZI,1,local,-1.574231048535269e-09,0.00013862487409560336
motional_heating,Motional heating,2.0,20.0,rates_b9547fee09e3ad72,4.0,ZX,2,correlated,-9.934165826095802e-10,0.00010719896512487875
motional_heating,Motional heating,2.0,20.0,rates_b9547fee09e3ad72,4.0,ZY,2,correlated,-5.5127530681655e-09,6.018081250350193e-10
motional_heating,Motional heating,2.0,20.0,rates_b9547fee09e3ad72,4.0,ZZ,2,correlated,-1.2422853477420901e-15,1.022648408229715e-09
motional_heating,Motional heating,4.0,40.0,rates_c0f0c540e1976c9c,0.01,IX,1,local,-3.752803639966769e-09,0.001282384613053524
motional_heating,Motional heating,4.0,40.0,rates_c0f0c540e1976c9c,0.01,IY,1,local,5.10079715868297e-09,7.13989441165092e-05
motional_heating,Motional heating,4.0,40.0,rates_c0f0c540e1976c9c,0.01,IZ,1,local,1.5269045637734043e-10,0.00017444230191648606
motional_heating,Motional heating,4.0,40.0,rates_c0f0c540e1976c9c,0.01,XI,1,local,-3.529839233962722e-09,0.0012823833253357178
motional_heating,Motional heating,4.0,40.0,rates_c0f0c540e1976c9c,0.01,XX,2,correlated,0.013759974422688455,0.00016429700455646443
motional_heating,Motional heating,4.0,40.0,rates_c0f0c540e1976c9c,0.01,XY,2,correlated,3.6078898989066273e-09,0.0001744741578436304
motional_heating,Motional heating,4.0,40.0,rates_c0f0c540e1976c9c,0.01,XZ,2,correlated,4.674767112646417e-09,7.134807590216778e-05
motional_heating,Motional heating,4.0,40.0,rates_c0f0c540e1976c9c,0.01,YI,1,local,5.6000216230328904e-09,7.139772089339995e-05
motional_heating,Motional heating,4.0,40.0,rates_c0f0c540e1976c9c,0.01,YX,2,correlated,2.966648477501382e-10,0.00017447399825368834
motional_heating,Motional heating,4.0,40.0,rates_c0f0c540e1976c9c,0.01,YY,2,correlated,8.703833369954465e-09,1.6219853762780134e-10
motional_heating,Motional heating,4.0,40.0,rates_c0f0c540e1976c9c,0.01,YZ,2,correlated,-6.2202026447313845e-09,0.0
motional_heating,Motional heating,4.0,40.0,rates_c0f0c540e1976c9c,0.01,ZI,1,local,1.2635638242452712e-10,0.0001744422436659087
motional_heating,Motional heating,4.0,40.0,rates_c0f0c540e1976c9c,0.01,ZX,2,correlated,4.655306726163879e-09,7.134951696751575e-05
motional_heating,Motional heating,4.0,40.0,rates_c0f0c540e1976c9c,0.01,ZY,2,correlated,-2.258385943706055e-09,0.0
motional_heating,Motional heating,4.0,40.0,rates_c0f0c540e1976c9c,0.01,ZZ,2,correlated,-3.0836185610950093e-17,9.398461706588632e-09
motional_heating,Motional heating,4.0,40.0,rates_c0f0c540e1976c9c,1.0,IX,1,local,3.36590245916374e-09,0.0017881777003529418
motional_heating,Motional heating,4.0,40.0,rates_c0f0c540e1976c9c,1.0,IY,1,local,2.2377098445790666e-09,9.542242412545512e-05
motional_heating,Motional heating,4.0,40.0,rates_c0f0c540e1976c9c,1.0,IZ,1,local,7.097469939115114e-11,0.0001504213820054341
motional_heating,Motional heating,4.0,40.0,rates_c0f0c540e1976c9c,1.0,XI,1,local,7.806134301484836e-09,0.0017881761812485323
motional_heating,Motional heating,4.0,40.0,rates_c0f0c540e1976c9c,1.0,XX,2,correlated,0.028830465595292322,0.0006168035515892666
motional_heating,Motional heating,4.0,40.0,rates_c0f0c540e1976c9c,1.0,XY,2,correlated,-1.7373463226825814e-09,0.00015042533053826715
motional_heating,Motional heating,4.0,40.0,rates_c0f0c540e1976c9c,1.0,XZ,2,correlated,-1.4272852199323037e-09,9.539424356612957e-05
motional_heating,Motional heating,4.0,40.0,rates_c0f0c540e1976c9c,1.0,YI,1,local,-5.580751432327527e-10,9.542213335861565e-05
motional_heating,Motional heating,4.0,40.0,rates_c0f0c540e1976c9c,1.0,YX,2,correlated,-3.832048002376608e-09,0.00015042425712369324
motional_heating,Motional heating,4.0,40.0,rates_c0f0c540e1976c9c,1.0,YY,2,correlated,-3.2473722079082164e-09,3.854264372395687e-09
motional_heating,Motional heating,4.0,40.0,rates_c0f0c540e1976c9c,1.0,YZ,2,correlated,-4.695420422712027e-10,0.0
motional_heating,Motional heating,4.0,40.0,rates_c0f0c540e1976c9c,1.0,ZI,1,local,-2.2691307771383446e-10,0.00015042115895101313
motional_heating,Motional heating,4.0,40.0,rates_c0f0c540e1976c9c,1.0,ZX,2,correlated,-1.6750957079923105e-09,9.539583080130673e-05
motional_heating,Motional heating,4.0,40.0,rates_c0f0c540e1976c9c,1.0,ZY,2,correlated,2.2398587119631436e-09,0.0
motional_heating,Motional heating,4.0,40.0,rates_c0f0c540e1976c9c,1.0,ZZ,2,correlated,7.225342902319608e-17,6.0050297915649475e-09
motional_heating,Motional heating,4.0,40.0,rates_c0f0c540e1976c9c,2.0,IX,1,local,4.28781726115706e-08,0.0022707454276962025
motional_heating,Motional heating,4.0,40.0,rates_c0f0c540e1976c9c,2.0,IY,1,local,2.885834510312951e-09,0.00010193446296842375
motional_heating,Motional heating,4.0,40.0,rates_c0f0c540e1976c9c,2.0,IZ,1,local,3.0619782856968735e-10,0.00014391058045616983
motional_heating,Motional heating,4.0,40.0,rates_c0f0c540e1976c9c,2.0,XI,1,local,3.176547975626055e-08,0.0022707493152701037
motional_heating,Motional heating,4.0,40.0,rates_c0f0c540e1976c9c,2.0,XX,2,correlated,0.04376538486205242,0.001486162711787425
motional_heating,Motional heating,4.0,40.0,rates_c0f0c540e1976c9c,2.0,XY,2,correlated,-1.9694659636808024e-09,0.00014390306916084352
motional_heating,Motional heating,4.0,40.0,rates_c0f0c540e1976c9c,2.0,XZ,2,correlated,3.813321148949232e-10,0.00010191661485580899
motional_heating,Motional heating,4.0,40.0,rates_c0f0c540e1976c9c,2.0,YI,1,local,-9.36209882863081e-10,0.00010193490690257154
motional_heating,Motional heating,4.0,40.0,rates_c0f0c540e1976c9c,2.0,YX,2,correlated,1.2702497385843214e-09,0.0001439088866644672
motional_heating,Motional heating,4.0,40.0,rates_c0f0c540e1976c9c,2.0,YY,2,correlated,-4.521294516391393e-11,1.5925788379028694e-10
motional_heating,Motional heating,4.0,40.0,rates_c0f0c540e1976c9c,2.0,YZ,2,correlated,2.729248560234012e-09,0.0
motional_heating,Motional heating,4.0,40.0,rates_c0f0c540e1976c9c,2.0,ZI,1,local,3.618975731965834e-10,0.0001439099300521055
motional_heating,Motional heating,4.0,40.0,rates_c0f0c540e1976c9c,2.0,ZX,2,correlated,7.40207314098163e-10,0.00010191100382104767
motional_heating,Motional heating,4.0,40.0,rates_c0f0c540e1976c9c,2.0,ZY,2,correlated,-2.0712333381410043e-09,0.0
motional_heating,Motional heating,4.0,40.0,rates_c0f0c540e1976c9c,2.0,ZZ,2,correlated,3.0752830963553467e-16,5.65841855055399e-09
motional_heating,Motional heating,4.0,40.0,rates_c0f0c540e1976c9c,3.0,IX,1,local,6.006848443731184e-09,0.002724647282525947
motional_heating,Motional heating,4.0,40.0,rates_c0f0c540e1976c9c,3.0,IY,1,local,2.3092185256007477e-09,0.00010518866659265064
motional_heating,Motional heating,4.0,40.0,rates_c0f0c540e1976c9c,3.0,IZ,1,local,4.2880934248866505e-10,0.0001406812214480777
motional_heating,Motional heating,4.0,40.0,rates_c0f0c540e1976c9c,3.0,XI,1,local,1.2642684023566664e-09,0.00272464533235227
motional_heating,Motional heating,4.0,40.0,rates_c0f0c540e1976c9c,3.0,XX,2,correlated,0.058404746914695736,0.002725201863949315
motional_heating,Motional heating,4.0,40.0,rates_c0f0c540e1976c9c,3.0,XY,2,correlated,7.080906663998993e-09,0.00014062231013034032
motional_heating,Motional heating,4.0,40.0,rates_c0f0c540e1976c9c,3.0,XZ,2,correlated,-2.0638983950928534e-09,0.00010516889346649357
motional_heating,Motional heating,4.0,40.0,rates_c0f0c540e1976c9c,3.0,YI,1,local,7.12424796606593e-09,0.00010519108153072151
motional_heating,Motional heating,4.0,40.0,rates_c0f0c540e1976c9c,3.0,YX,2,correlated,7.698795051910092e-09,0.00014062231783388635
motional_heating,Motional heating,4.0,40.0,rates_c0f0c540e1976c9c,3.0,YY,2,correlated,-2.8693202423828526e-09,0.0
motional_heating,Motional heating,4.0,40.0,rates_c0f0c540e1976c9c,3.0,YZ,2,correlated,2.0613188351429197e-10,0.0
motional_heating,Motional heating,4.0,40.0,rates_c0f0c540e1976c9c,3.0,ZI,1,local,2.1148267581010484e-10,0.0001406774097416156
motional_heating,Motional heating,4.0,40.0,rates_c0f0c540e1976c9c,3.0,ZX,2,correlated,-1.8326742396494474e-09,0.00010517028253129375
motional_heating,Motional heating,4.0,40.0,rates_c0f0c540e1976c9c,3.0,ZY,2,correlated,-2.761827518858726e-10,0.0
motional_heating,Motional heating,4.0,40.0,rates_c0f0c540e1976c9c,3.0,ZZ,2,correlated,-1.1373328966783266e-16,1.671936296603337e-08
motional_heating,Motional heating,4.0,40.0,rates_c0f0c540e1976c9c,4.0,IX,1,local,-5.8294011729738746e-09,0.0031539412939730407
motional_heating,Motional heating,4.0,40.0,rates_c0f0c540e1976c9c,4.0,IY,1,local,2.6043753840736157e-09,0.0001072428037663981
motional_heating,Motional heating,4.0,40.0,rates_c0f0c540e1976c9c,4.0,IZ,1,local,1.1126784306021724e-09,0.0001386200742177096
motional_heating,Motional heating,4.0,40.0,rates_c0f0c540e1976c9c,4.0,XI,1,local,2.185389341516618e-09,0.003153938426478358
motional_heating,Motional heating,4.0,40.0,rates_c0f0c540e1976c9c,4.0,XX,2,correlated,0.07274075113636529,0.004295554687809997
motional_heating,Motional heating,4.0,40.0,rates_c0f0c540e1976c9c,4.0,XY,2,correlated,1.2390176154121005e-09,0.00013860319770904472
motional_heating,Motional heating,4.0,40.0,rates_c0f0c540e1976c9c,4.0,XZ,2,correlated,-4.216667391855271e-10,0.00010719792542637458
motional_heating,Motional heating,4.0,40.0,rates_c0f0c540e1976c9c,4.0,YI,1,local,1.1731775523462913e-09,0.00010724266619301835
motional_heating,Motional heating,4.0,40.0,rates_c0f0c540e1976c9c,4.0,YX,2,correlated,-1.7721593981667961e-09,0.00013860391140997999
motional_heating,Motional heating,4.0,40.0,rates_c0f0c540e1976c9c,4.0,YY,2,correlated,-1.8032701460985937e-09,6.613372154028581e-09
motional_heating,Motional heating,4.0,40.0,rates_c0f0c540e1976c9c,4.0,YZ,2,correlated,-5.205210087471563e-09,0.0
motional_heating,Motional heating,4.0,40.0,rates_c0f0c540e1976c9c,4.0,ZI,1,local,-1.0661097106232637e-09,0.00013861950992150938
motional_heating,Motional heating,4.0,40.0,rates_c0f0c540e1976c9c,4.0,ZX,2,correlated,-2.1790782206354764e-09,0.00010719791359535839
motional_heating,Motional heating,4.0,40.0,rates_c0f0c540e1976c9c,4.0,ZY,2,correlated,3.306896437599632e-10,0.0
motional_heating,Motional heating,4.0,40.0,rates_c0f0c540e1976c9c,4.0,ZZ,2,correlated,-3.279402087936347e-16,1.3832666496613188e-09
photon_scattering,Photon scattering,0.0,0.0,rates_fcafd99fe5655b45,0.01,IX,1,local,-1.1117580807214066e-09,0.0005256233358781278
photon_scattering,Photon scattering,0.0,0.0,rates_fcafd99fe5655b45,0.01,IY,1,local,-1.7877695119200167e-09,2.2204716447575555e-05
photon_scattering,Photon scattering,0.0,0.0,rates_fcafd99fe5655b45,0.01,IZ,1,local,-1.3178735695544015e-10,6.112958552930126e-05
photon_scattering,Photon scattering,0.0,0.0,rates_fcafd99fe5655b45,0.01,XI,1,local,2.841699687956378e-09,0.0005256175356066394
photon_scattering,Photon scattering,0.0,0.0,rates_fcafd99fe5655b45,0.01,XX,2,correlated,0.013736425090176335,0.00016386087197136343
photon_scattering,Photon scattering,0.0,0.0,rates_fcafd99fe5655b45,0.01,XY,2,correlated,-6.391544862747319e-09,6.113395200882083e-05
photon_scattering,Photon scattering,0.0,0.0,rates_fcafd99fe5655b45,0.01,XZ,2,correlated,-2.312646255696143e-09,2.2193622498756473e-05
photon_scattering,Photon scattering,0.0,0.0,rates_fcafd99fe5655b45,0.01,YI,1,local,-3.494686777692162e-09,2.219905972231714e-05
photon_scattering,Photon scattering,0.0,0.0,rates_fcafd99fe5655b45,0.01,YX,2,correlated,1.554476691801362e-09,6.113370742346158e-05
photon_scattering,Photon scattering,0.0,0.0,rates_fcafd99fe5655b45,0.01,YY,2,correlated,-4.6185153353804885e-09,6.854417177569466e-09
photon_scattering,Photon scattering,0.0,0.0,rates_fcafd99fe5655b45,0.01,YZ,2,correlated,3.042519694430036e-09,0.0
photon_scattering,Photon scattering,0.0,0.0,rates_fcafd99fe5655b45,0.01,ZI,1,local,8.887811606149096e-11,6.112974354660056e-05
photon_scattering,Photon scattering,0.0,0.0,rates_fcafd99fe5655b45,0.01,ZX,2,correlated,-2.331875976973045e-09,2.219936579309153e-05
photon_scattering,Photon scattering,0.0,0.0,rates_fcafd99fe5655b45,0.01,ZY,2,correlated,-2.0615838240237215e-09,2.90647390280719e-09
photon_scattering,Photon scattering,0.0,0.0,rates_fcafd99fe5655b45,0.01,ZZ,2,correlated,1.4106395248240694e-16,3.314589865760758e-09
photon_scattering,Photon scattering,0.0,0.0,rates_fcafd99fe5655b45,1.0,IX,1,local,4.629870158564187e-09,0.0010454387617763814
photon_scattering,Photon scattering,0.0,0.0,rates_fcafd99fe5655b45,1.0,IY,1,local,6.977154159410213e-10,3.128565845743613e-05
photon_scattering,Photon scattering,0.0,0.0,rates_fcafd99fe5655b45,1.0,IZ,1,local,1.3267537315214608e-10,5.2056497835868576e-05
photon_scattering,Photon scattering,0.0,0.0,rates_fcafd99fe5655b45,1.0,XI,1,local,2.4215543002829672e-09,0.0010454368475613025
photon_scattering,Photon scattering,0.0,0.0,rates_fcafd99fe5655b45,1.0,XX,2,correlated,0.02880624732977359,0.0006158833194617533
photon_scattering,Photon scattering,0.0,0.0,rates_fcafd99fe5655b45,1.0,XY,2,correlated,1.0795629734045923e-10,5.2044056128330206e-05
photon_scattering,Photon scattering,0.0,0.0,rates_fcafd99fe5655b45,1.0,XZ,2,correlated,-2.8533635326658504e-10,3.127801288695729e-05
photon_scattering,Photon scattering,0.0,0.0,rates_fcafd99fe5655b45,1.0,YI,1,local,2.4694157316518455e-09,3.12842486696535e-05
photon_scattering,Photon scattering,0.0,0.0,rates_fcafd99fe5655b45,1.0,YX,2,correlated,1.0655459382028405e-09,5.20440276989942e-05
photon_scattering,Photon scattering,0.0,0.0,rates_fcafd99fe5655b45,1.0,YY,2,correlated,-1.0351331328790288e-09,0.0
photon_scattering,Photon scattering,0.0,0.0,rates_fcafd99fe5655b45,1.0,YZ,2,correlated,1.461155015714515e-09,0.0
photon_scattering,Photon scattering,0.0,0.0,rates_fcafd99fe5655b45,1.0,ZI,1,local,3.308010267435662e-10,5.20559209267809e-05
photon_scattering,Photon scattering,0.0,0.0,rates_fcafd99fe5655b45,1.0,ZX,2,correlated,2.0547299344952708e-11,3.128002801279059e-05
photon_scattering,Photon scattering,0.0,0.0,rates_fcafd99fe5655b45,1.0,ZY,2,correlated,1.4122132272745027e-09,2.422053791794991e-10
photon_scattering,Photon scattering,0.0,0.0,rates_fcafd99fe5655b45,1.0,ZZ,2,correlated,-3.690700065661814e-17,7.0804224512523856e-09
photon_scattering,Photon scattering,0.0,0.0,rates_fcafd99fe5655b45,2.0,IX,1,local,2.964709638115166e-08,0.001541732949905654
photon_scattering,Photon scattering,0.0,0.0,rates_fcafd99fe5655b45,2.0,IY,1,local,1.7806060727818688e-09,3.374898286928764e-05
photon_scattering,Photon scattering,0.0,0.0,rates_fcafd99fe5655b45,2.0,IZ,1,local,-5.305374885403312e-11,4.958504443369661e-05
photon_scattering,Photon scattering,0.0,0.0,rates_fcafd99fe5655b45,2.0,XI,1,local,4.5927432907734296e-08,0.0015417232490873207
photon_scattering,Photon scattering,0.0,0.0,rates_fcafd99fe5655b45,2.0,XX,2,correlated,0.043739839574378506,0.0014847089694635287
photon_scattering,Photon scattering,0.0,0.0,rates_fcafd99fe5655b45,2.0,XY,2,correlated,3.0196016706370434e-10,4.959228189153962e-05
photon_scattering,Photon scattering,0.0,0.0,rates_fcafd99fe5655b45,2.0,XZ,2,correlated,-2.97276830415154e-10,3.3736673054807265e-05
photon_scattering,Photon scattering,0.0,0.0,rates_fcafd99fe5655b45,2.0,YI,1,local,5.332167220908064e-09,3.3739760388765845e-05
photon_scattering,Photon scattering,0.0,0.0,rates_fcafd99fe5655b45,2.0,YX,2,correlated,4.418039908798484e-09,4.9591556910015154e-05
photon_scattering,Photon scattering,0.0,0.0,rates_fcafd99fe5655b45,2.0,YY,2,correlated,-9.184578793139364e-10,3.962999673105336e-09
photon_scattering,Photon scattering,0.0,0.0,rates_fcafd99fe5655b45,2.0,YZ,2,correlated,-4.1662542640266115e-09,0.0
photon_scattering,Photon scattering,0.0,0.0,rates_fcafd99fe5655b45,2.0,ZI,1,local,2.2928811653016414e-10,4.95870645791237e-05
photon_scattering,Photon scattering,0.0,0.0,rates_fcafd99fe5655b45,2.0,ZX,2,correlated,-5.848855426328905e-10,3.3744600368823755e-05
photon_scattering,Photon scattering,0.0,0.0,rates_fcafd99fe5655b45,2.0,ZY,2,correlated,-3.118068918129981e-09,3.6235783037324998e-09
photon_scattering,Photon scattering,0.0,0.0,rates_fcafd99fe5655b45,2.0,ZZ,2,correlated,9.592013530674013e-16,3.410082172368434e-09
photon_scattering,Photon scattering,0.0,0.0,rates_fcafd99fe5655b45,3.0,IX,1,local,5.207440086544622e-10,0.0020089520780876046
photon_scattering,Photon scattering,0.0,0.0,rates_fcafd99fe5655b45,3.0,IY,1,local,1.774655494307286e-09,3.496253934169336e-05
photon_scattering,Photon scattering,0.0,0.0,rates_fcafd99fe5655b45,3.0,IZ,1,local,-1.6968957835544262e-10,4.8349554150276665e-05
photon_scattering,Photon scattering,0.0,0.0,rates_fcafd99fe5655b45,3.0,XI,1,local,-9.862064101363764e-09,0.002008963167896778
photon_scattering,Photon scattering,0.0,0.0,rates_fcafd99fe5655b45,3.0,XX,2,correlated,0.05837730107599249,0.002723354725409515
photon_scattering,Photon scattering,0.0,0.0,rates_fcafd99fe5655b45,3.0,XY,2,correlated,1.3221227194289361e-09,4.8356593103207764e-05
photon_scattering,Photon scattering,0.0,0.0,rates_fcafd99fe5655b45,3.0,XZ,2,correlated,-2.36448925202229e-09,3.497304169461123e-05
photon_scattering,Photon scattering,0.0,0.0,rates_fcafd99fe5655b45,3.0,YI,1,local,7.2233895781480535e-09,3.497064650062027e-05
photon_scattering,Photon scattering,0.0,0.0,rates_fcafd99fe5655b45,3.0,YX,2,correlated,-9.54531842119311e-09,4.835878267484418e-05
photon_scattering,Photon scattering,0.0,0.0,rates_fcafd99fe5655b45,3.0,YY,2,correlated,-5.088420441998266e-09,3.7624649618915346e-08
photon_scattering,Photon scattering,0.0,0.0,rates_fcafd99fe5655b45,3.0,YZ,2,correlated,-7.311884874596047e-09,1.1107266154526424e-08
photon_scattering,Photon scattering,0.0,0.0,rates_fcafd99fe5655b45,3.0,ZI,1,local,2.7808996607242805e-10,4.8348587052736594e-05
photon_scattering,Photon scattering,0.0,0.0,rates_fcafd99fe5655b45,3.0,ZX,2,correlated,-1.4916609782992042e-09,3.496371195165545e-05
photon_scattering,Photon scattering,0.0,0.0,rates_fcafd99fe5655b45,3.0,ZY,2,correlated,-1.866820080786293e-09,6.151958489939574e-09
photon_scattering,Photon scattering,0.0,0.0,rates_fcafd99fe5655b45,3.0,ZZ,2,correlated,2.344445768829116e-16,1.9473597199191894e-08
photon_scattering,Photon scattering,0.0,0.0,rates_fcafd99fe5655b45,4.0,IX,1,local,1.3712241998521532e-08,0.0024511975446332686
photon_scattering,Photon scattering,0.0,0.0,rates_fcafd99fe5655b45,4.0,IY,1,local,2.338317052203978e-09,3.574419766508421e-05
photon_scattering,Photon scattering,0.0,0.0,rates_fcafd99fe5655b45,4.0,IZ,1,local,1.0199000652916613e-09,4.759687677575966e-05
photon_scattering,Photon scattering,0.0,0.0,rates_fcafd99fe5655b45,4.0,XI,1,local,1.5308024222461615e-08,0.00245121096798753
photon_scattering,Photon scattering,0.0,0.0,rates_fcafd99fe5655b45,4.0,XX,2,correlated,0.07271081462354943,0.00429310949543499
photon_scattering,Photon scattering,0.0,0.0,rates_fcafd99fe5655b45,4.0,XY,2,correlated,7.846754675152479e-09,4.758369525589102e-05
photon_scattering,Photon scattering,0.0,0.0,rates_fcafd99fe5655b45,4.0,XZ,2,correlated,4.9478502791022845e-09,3.573714641040676e-05
photon_scattering,Photon scattering,0.0,0.0,rates_fcafd99fe5655b45,4.0,YI,1,local,8.734450070572942e-09,3.575419833587186e-05
photon_scattering,Photon scattering,0.0,0.0,rates_fcafd99fe5655b45,4.0,YX,2,correlated,-1.0389227384195107e-08,4.7588545373385875e-05
photon_scattering,Photon scattering,0.0,0.0,rates_fcafd99fe5655b45,4.0,YY,2,correlated,8.30028296002019e-09,1.6764732220708793e-09
photon_scattering,Photon scattering,0.0,0.0,rates_fcafd99fe5655b45,4.0,YZ,2,correlated,-5.320147543288668e-09,3.2331989947969194e-09
photon_scattering,Photon scattering,0.0,0.0,rates_fcafd99fe5655b45,4.0,ZI,1,local,-1.811016583985299e-09,4.7597900694696986e-05
photon_scattering,Photon scattering,0.0,0.0,rates_fcafd99fe5655b45,4.0,ZX,2,correlated,3.4199578131126895e-09,3.5721271704458255e-05
photon_scattering,Photon scattering,0.0,0.0,rates_fcafd99fe5655b45,4.0,ZY,2,correlated,7.458880730445035e-09,0.0
photon_scattering,Photon scattering,0.0,0.0,rates_fcafd99fe5655b45,4.0,ZZ,2,correlated,2.944511923633383e-16,3.3857720065089136e-09
photon_scattering,Photon scattering,0.5,2.0,rates_8ae24337088cca02,0.01,IX,1,local,-4.781530285571043e-09,0.00053810953144984
photon_scattering,Photon scattering,0.5,2.0,rates_8ae24337088cca02,0.01,IY,1,local,-3.5610769541480367e-09,4.6763875367869485e-05
photon_scattering,Photon scattering,0.5,2.0,rates_8ae24337088cca02,0.01,IZ,1,local,9.862397535417464e-11,0.00011782322878662991
photon_scattering,Photon scattering,0.5,2.0,rates_8ae24337088cca02,0.01,XI,1,local,-6.9433519323786535e-09,0.0005381222067254415
photon_scattering,Photon scattering,0.5,2.0,rates_8ae24337088cca02,0.01,XX,2,correlated,0.013736439594928514,0.00016385451209740122
photon_scattering,Photon scattering,0.5,2.0,rates_8ae24337088cca02,0.01,XY,2,correlated,4.147670263074669e-09,0.00011781004062038078
photon_scattering,Photon scattering,0.5,2.0,rates_8ae24337088cca02,0.01,XZ,2,correlated,-4.326995738166605e-09,4.676535346417104e-05
photon_scattering,Photon scattering,0.5,2.0,rates_8ae24337088cca02,0.01,YI,1,local,-3.0668031461369304e-09,4.677674482308669e-05
photon_scattering,Photon scattering,0.5,2.0,rates_8ae24337088cca02,0.01,YX,2,correlated,-5.691948269003644e-09,0.00011781009044796345
photon_scattering,Photon scattering,0.5,2.0,rates_8ae24337088cca02,0.01,YY,2,correlated,-8.586719167052277e-09,0.0
photon_scattering,Photon scattering,0.5,2.0,rates_8ae24337088cca02,0.01,YZ,2,correlated,6.175123921039585e-10,2.633495819947206e-09
photon_scattering,Photon scattering,0.5,2.0,rates_8ae24337088cca02,0.01,ZI,1,local,-7.214348922100303e-11,0.00011782297635727268
photon_scattering,Photon scattering,0.5,2.0,rates_8ae24337088cca02,0.01,ZX,2,correlated,-4.317727064763273e-09,4.675268661345785e-05
photon_scattering,Photon scattering,0.5,2.0,rates_8ae24337088cca02,0.01,ZY,2,correlated,4.128497474239977e-09,0.0
photon_scattering,Photon scattering,0.5,2.0,rates_8ae24337088cca02,0.01,ZZ,2,correlated,4.566168753462422e-17,9.870869986400993e-09
photon_scattering,Photon scattering,0.5,2.0,rates_8ae24337088cca02,1.0,IX,1,local,1.4520232056763828e-08,0.001057943502863937
photon_scattering,Photon scattering,0.5,2.0,rates_8ae24337088cca02,1.0,IY,1,local,1.6129831132370476e-09,6.335429353380463e-05
photon_scattering,Photon scattering,0.5,2.0,rates_8ae24337088cca02,1.0,IZ,1,local,-1.1206022308752293e-10,0.00010124456749691645
photon_scattering,Photon scattering,0.5,2.0,rates_8ae24337088cca02,1.0,XI,1,local,9.705610197825485e-09,0.0010579247019214717
photon_scattering,Photon scattering,0.5,2.0,rates_8ae24337088cca02,1.0,XX,2,correlated,0.028806256407968144,0.0006158889358040584
photon_scattering,Photon scattering,0.5,2.0,rates_8ae24337088cca02,1.0,XY,2,correlated,-6.104151055357717e-09,0.00010123840723275696
photon_scattering,Photon scattering,0.5,2.0,rates_8ae24337088cca02,1.0,XZ,2,correlated,1.8933806622351776e-09,6.332629511634721e-05
photon_scattering,Photon scattering,0.5,2.0,rates_8ae24337088cca02,1.0,YI,1,local,1.8376309522176893e-09,6.333566838152079e-05
photon_scattering,Photon scattering,0.5,2.0,rates_8ae24337088cca02,1.0,YX,2,correlated,1.1033107875780803e-09,0.00010123950759310485
photon_scattering,Photon scattering,0.5,2.0,rates_8ae24337088cca02,1.0,YY,2,correlated,2.802111198752064e-09,6.267288395782257e-10
photon_scattering,Photon scattering,0.5,2.0,rates_8ae24337088cca02,1.0,YZ,2,correlated,8.734560701850575e-10,0.0
photon_scattering,Photon scattering,0.5,2.0,rates_8ae24337088cca02,1.0,ZI,1,local,-5.2223969736879966e-11,0.00010124369242448214
photon_scattering,Photon scattering,0.5,2.0,rates_8ae24337088cca02,1.0,ZX,2,correlated,1.3686212136072352e-09,6.334469498056361e-05
photon_scattering,Photon scattering,0.5,2.0,rates_8ae24337088cca02,1.0,ZY,2,correlated,3.1942704857668903e-09,6.5334421987112146e-09
photon_scattering,Photon scattering,0.5,2.0,rates_8ae24337088cca02,1.0,ZZ,2,correlated,-1.9209502725015268e-16,2.149690233980983e-09
photon_scattering,Photon scattering,0.5,2.0,rates_8ae24337088cca02,2.0,IX,1,local,3.557078644077512e-08,0.0015542276185072136
photon_scattering,Photon scattering,0.5,2.0,rates_8ae24337088cca02,2.0,IY,1,local,6.667741889838607e-09,6.783554069488486e-05
photon_scattering,Photon scattering,0.5,2.0,rates_8ae24337088cca02,2.0,IZ,1,local,1.1846025996768526e-09,9.674615866533232e-05
photon_scattering,Photon scattering,0.5,2.0,rates_8ae24337088cca02,2.0,XI,1,local,4.481026484334323e-08,0.0015542231388167775
photon_scattering,Photon scattering,0.5,2.0,rates_8ae24337088cca02,2.0,XX,2,correlated,0.04373983975557056,0.0014847149427139887
photon_scattering,Photon scattering,0.5,2.0,rates_8ae24337088cca02,2.0,XY,2,correlated,-2.77841896584871e-09,9.675824994781343e-05
photon_scattering,Photon scattering,0.5,2.0,rates_8ae24337088cca02,2.0,XZ,2,correlated,-4.073767435681861e-09,6.78242637379912e-05
photon_scattering,Photon scattering,0.5,2.0,rates_8ae24337088cca02,2.0,YI,1,local,5.788191484402596e-09,6.783530121850168e-05
photon_scattering,Photon scattering,0.5,2.0,rates_8ae24337088cca02,2.0,YX,2,correlated,-6.091157743865423e-09,9.675392277444734e-05
photon_scattering,Photon scattering,0.5,2.0,rates_8ae24337088cca02,2.0,YY,2,correlated,-1.1652375616227429e-08,7.360864850915368e-09
photon_scattering,Photon scattering,0.5,2.0,rates_8ae24337088cca02,2.0,YZ,2,correlated,-2.518554440862645e-09,0.0
photon_scattering,Photon scattering,0.5,2.0,rates_8ae24337088cca02,2.0,ZI,1,local,-6.973035253401662e-11,9.674535169602847e-05
photon_scattering,Photon scattering,0.5,2.0,rates_8ae24337088cca02,2.0,ZX,2,correlated,-4.55998396255677e-09,6.782963735611277e-05
photon_scattering,Photon scattering,0.5,2.0,rates_8ae24337088cca02,2.0,ZY,2,correlated,2.7049050641310726e-09,0.0
photon_scattering,Photon scattering,0.5,2.0,rates_8ae24337088cca02,2.0,ZZ,2,correlated,-3.108787666778863e-16,0.0
photon_scattering,Photon scattering,0.5,2.0,rates_8ae24337088cca02,3.0,IX,1,local,2.0957015889731533e-08,0.002021462811034646
photon_scattering,Photon scattering,0.5,2.0,rates_8ae24337088cca02,3.0,IY,1,local,1.884930211776614e-09,7.008227980890097e-05
photon_scattering,Photon scattering,0.5,2.0,rates_8ae24337088cca02,3.0,IZ,1,local,-1.5549612746811857e-10,9.451827999209309e-05
photon_scattering,Photon scattering,0.5,2.0,rates_8ae24337088cca02,3.0,XI,1,local,7.616372682517493e-09,0.0020214510402358785
photon_scattering,Photon scattering,0.5,2.0,rates_8ae24337088cca02,3.0,XX,2,correlated,0.05837730821381574,0.002723333255583216
photon_scattering,Photon scattering,0.5,2.0,rates_8ae24337088cca02,3.0,XY,2,correlated,2.9269941167709605e-09,9.448728116568972e-05
photon_scattering,Photon scattering,0.5,2.0,rates_8ae24337088cca02,3.0,XZ,2,correlated,-1.2876546217298418e-09,7.005872121809532e-05
photon_scattering,Photon scattering,0.5,2.0,rates_8ae24337088cca02,3.0,YI,1,local,1.2278851578608169e-08,7.006349665566828e-05
photon_scattering,Photon scattering,0.5,2.0,rates_8ae24337088cca02,3.0,YX,2,correlated,6.142112310580792e-09,9.448904508878699e-05
photon_scattering,Photon scattering,0.5,2.0,rates_8ae24337088cca02,3.0,YY,2,correlated,-3.13806593875766e-09,1.8808469083658744e-08
photon_scattering,Photon scattering,0.5,2.0,rates_8ae24337088cca02,3.0,YZ,2,correlated,-3.5302800956342197e-09,3.6274672956089143e-09
photon_scattering,Photon scattering,0.5,2.0,rates_8ae24337088cca02,3.0,ZI,1,local,2.901746270479853e-10,9.451964853167103e-05
photon_scattering,Photon scattering,0.5,2.0,rates_8ae24337088cca02,3.0,ZX,2,correlated,-1.4068695212177092e-09,7.007437190064162e-05
photon_scattering,Photon scattering,0.5,2.0,rates_8ae24337088cca02,3.0,ZY,2,correlated,-8.184770884842247e-10,1.3264514084634861e-08
photon_scattering,Photon scattering,0.5,2.0,rates_8ae24337088cca02,3.0,ZZ,2,correlated,2.281366279680847e-16,2.458655189207029e-08
photon_scattering,Photon scattering,0.5,2.0,rates_8ae24337088cca02,4.0,IX,1,local,-5.2038112346196874e-09,0.0024637044110225803
photon_scattering,Photon scattering,0.5,2.0,rates_8ae24337088cca02,4.0,IY,1,local,5.756887267644036e-09,7.149538333174659e-05
photon_scattering,Photon scattering,0.5,2.0,rates_8ae24337088cca02,4.0,IZ,1,local,-1.4909952209186655e-09,9.31264964598813e-05
photon_scattering,Photon scattering,0.5,2.0,rates_8ae24337088cca02,4.0,XI,1,local,-4.097911680586768e-10,0.0024636990120111744
photon_scattering,Photon scattering,0.5,2.0,rates_8ae24337088cca02,4.0,XX,2,correlated,0.0727108288796364,0.00429309069047905
photon_scattering,Photon scattering,0.5,2.0,rates_8ae24337088cca02,4.0,XY,2,correlated,-3.823705177653529e-09,9.307731335090355e-05
photon_scattering,Photon scattering,0.5,2.0,rates_8ae24337088cca02,4.0,XZ,2,correlated,-1.9192474192455286e-09,7.145695947705304e-05
photon_scattering,Photon scattering,0.5,2.0,rates_8ae24337088cca02,4.0,YI,1,local,2.2025877898705638e-10,7.148996347500732e-05
photon_scattering,Photon scattering,0.5,2.0,rates_8ae24337088cca02,4.0,YX,2,correlated,5.3663878507726895e-09,9.307467151997164e-05
photon_scattering,Photon scattering,0.5,2.0,rates_8ae24337088cca02,4.0,YY,2,correlated,-4.992695700354821e-09,2.3919431171330803e-09
photon_scattering,Photon scattering,0.5,2.0,rates_8ae24337088cca02,4.0,YZ,2,correlated,9.013256284978134e-09,0.0
photon_scattering,Photon scattering,0.5,2.0,rates_8ae24337088cca02,4.0,ZI,1,local,1.9682553047813853e-09,9.31284291706845e-05
photon_scattering,Photon scattering,0.5,2.0,rates_8ae24337088cca02,4.0,ZX,2,correlated,-8.21623663450966e-10,7.146308845862118e-05
photon_scattering,Photon scattering,0.5,2.0,rates_8ae24337088cca02,4.0,ZY,2,correlated,3.2965669293671374e-09,3.335804000647452e-09
photon_scattering,Photon scattering,0.5,2.0,rates_8ae24337088cca02,4.0,ZZ,2,correlated,3.7485075635168834e-16,2.580085347214829e-08
photon_scattering,Photon scattering,1.0,4.0,rates_5052894f24b711d8,0.01,IX,1,local,-6.004397287920888e-09,0.0005506084786575883
photon_scattering,Photon scattering,1.0,4.0,rates_5052894f24b711d8,0.01,IY,1,local,2.926191299961128e-09,7.133683495611218e-05
photon_scattering,Photon scattering,1.0,4.0,rates_5052894f24b711d8,0.01,IZ,1,local,8.427697469804215e-11,0.00017449977760146713
photon_scattering,Photon scattering,1.0,4.0,rates_5052894f24b711d8,0.01,XI,1,local,1.3828757756247916e-09,0.000550611275765521
photon_scattering,Photon scattering,1.0,4.0,rates_5052894f24b711d8,0.01,XX,2,correlated,0.013736447028339389,0.00016386527935669193
photon_scattering,Photon scattering,1.0,4.0,rates_5052894f24b711d8,0.01,XY,2,correlated,4.308445887860059e-09,0.00017450344307439313
photon_scattering,Photon scattering,1.0,4.0,rates_5052894f24b711d8,0.01,XZ,2,correlated,-2.852032704678869e-09,7.132348635696853e-05
photon_scattering,Photon scattering,1.0,4.0,rates_5052894f24b711d8,0.01,YI,1,local,4.517219828248625e-09,7.133976566212255e-05
photon_scattering,Photon scattering,1.0,4.0,rates_5052894f24b711d8,0.01,YX,2,correlated,-5.368854903815391e-10,0.00017450278706094115
photon_scattering,Photon scattering,1.0,4.0,rates_5052894f24b711d8,0.01,YY,2,correlated,-5.894589133106578e-09,2.2604993364210837e-09
photon_scattering,Photon scattering,1.0,4.0,rates_5052894f24b711d8,0.01,YZ,2,correlated,-7.028150373043214e-09,0.0
photon_scattering,Photon scattering,1.0,4.0,rates_5052894f24b711d8,0.01,ZI,1,local,4.740428733971178e-11,0.00017450025379900903
photon_scattering,Photon scattering,1.0,4.0,rates_5052894f24b711d8,0.01,ZX,2,correlated,-2.8835085735023763e-09,7.13207354674547e-05
photon_scattering,Photon scattering,1.0,4.0,rates_5052894f24b711d8,0.01,ZY,2,correlated,-3.589730874589837e-09,0.0
photon_scattering,Photon scattering,1.0,4.0,rates_5052894f24b711d8,0.01,ZZ,2,correlated,1.2421712521206583e-16,7.113531632447698e-09
photon_scattering,Photon scattering,1.0,4.0,rates_5052894f24b711d8,1.0,IX,1,local,1.0846679517510993e-08,0.0010704254569091842
photon_scattering,Photon scattering,1.0,4.0,rates_5052894f24b711d8,1.0,IY,1,local,5.386092245407848e-09,9.54030219456724e-05
photon_scattering,Photon scattering,1.0,4.0,rates_5052894f24b711d8,1.0,IZ,1,local,3.6160085530502834e-10,0.00015043619485647904
photon_scattering,Photon scattering,1.0,4.0,rates_5052894f24b711d8,1.0,XI,1,local,6.068784605535182e-09,0.0010704333394205763
photon_scattering,Photon scattering,1.0,4.0,rates_5052894f24b711d8,1.0,XX,2,correlated,0.02880627467169461,0.0006158910031808071
photon_scattering,Photon scattering,1.0,4.0,rates_5052894f24b711d8,1.0,XY,2,correlated,2.626645914980696e-09,0.00015042936564450842
photon_scattering,Photon scattering,1.0,4.0,rates_5052894f24b711d8,1.0,XZ,2,correlated,2.0693457093015124e-09,9.539528213653414e-05
photon_scattering,Photon scattering,1.0,4.0,rates_5052894f24b711d8,1.0,YI,1,local,-2.534531581110321e-09,9.54103777158078e-05
photon_scattering,Photon scattering,1.0,4.0,rates_5052894f24b711d8,1.0,YX,2,correlated,-4.741451268929992e-09,0.00015042890295126267
photon_scattering,Photon scattering,1.0,4.0,rates_5052894f24b711d8,1.0,YY,2,correlated,3.335271884371626e-09,3.4629859372435786e-09
photon_scattering,Photon scattering,1.0,4.0,rates_5052894f24b711d8,1.0,YZ,2,correlated,-2.1881122706642676e-09,0.0
photon_scattering,Photon scattering,1.0,4.0,rates_5052894f24b711d8,1.0,ZI,1,local,-7.567167684142628e-10,0.00015043629350323357
photon_scattering,Photon scattering,1.0,4.0,rates_5052894f24b711d8,1.0,ZX,2,correlated,9.479165212231954e-10,9.538829041401726e-05
photon_scattering,Photon scattering,1.0,4.0,rates_5052894f24b711d8,1.0,ZY,2,correlated,1.089457612462076e-09,0.0
photon_scattering,Photon scattering,1.0,4.0,rates_5052894f24b711d8,1.0,ZZ,2,correlated,-3.2747644707143887e-18,4.943264188175117e-09
photon_scattering,Photon scattering,1.0,4.0,rates_5052894f24b711d8,2.0,IX,1,local,2.8861033918535912e-08,0.001566725304167278
photon_scattering,Photon scattering,1.0,4.0,rates_5052894f24b711d8,2.0,IY,1,local,2.560460095039678e-09,0.0001019298001010783
photon_scattering,Photon scattering,1.0,4.0,rates_5052894f24b711d8,2.0,IZ,1,local,2.5194294209897316e-10,0.000143913533121567
photon_scattering,Photon scattering,1.0,4.0,rates_5052894f24b711d8,2.0,XI,1,local,3.133300121929388e-08,0.0015667197327385255
photon_scattering,Photon scattering,1.0,4.0,rates_5052894f24b711d8,2.0,XX,2,correlated,0.043739865582729485,0.0014847122636456828
photon_scattering,Photon scattering,1.0,4.0,rates_5052894f24b711d8,2.0,XY,2,correlated,-3.063666841863846e-09,0.0001439121240354926
photon_scattering,Photon scattering,1.0,4.0,rates_5052894f24b711d8,2.0,XZ,2,correlated,4.675034961728953e-10,0.00010190896586515412
photon_scattering,Photon scattering,1.0,4.0,rates_5052894f24b711d8,2.0,YI,1,local,-3.840851771216799e-09,0.00010192531593058432
photon_scattering,Photon scattering,1.0,4.0,rates_5052894f24b711d8,2.0,YX,2,correlated,3.5756605304612067e-09,0.00014391241639640873
photon_scattering,Photon scattering,1.0,4.0,rates_5052894f24b711d8,2.0,YY,2,correlated,7.257002375471172e-12,6.083356958647336e-09
photon_scattering,Photon scattering,1.0,4.0,rates_5052894f24b711d8,2.0,YZ,2,correlated,-7.760231458603157e-10,0.0
photon_scattering,Photon scattering,1.0,4.0,rates_5052894f24b711d8,2.0,ZI,1,local,-1.1896449604691412e-10,0.0001439127464209453
photon_scattering,Photon scattering,1.0,4.0,rates_5052894f24b711d8,2.0,ZX,2,correlated,-3.965084092688715e-10,0.00010191394437522608
photon_scattering,Photon scattering,1.0,4.0,rates_5052894f24b711d8,2.0,ZY,2,correlated,-4.65901691615407e-09,0.0
photon_scattering,Photon scattering,1.0,4.0,rates_5052894f24b711d8,2.0,ZZ,2,correlated,7.149212139668828e-16,6.472737549938212e-10
photon_scattering,Photon scattering,1.0,4.0,rates_5052894f24b711d8,3.0,IX,1,local,1.3495218900022492e-08,0.002033946288596012
photon_scattering,Photon scattering,1.0,4.0,rates_5052894f24b711d8,3.0,IY,1,local,4.2946623416361225e-09,0.00010516383324470671
photon_scattering,Photon scattering,1.0,4.0,rates_5052894f24b711d8,3.0,IZ,1,local,4.499774920141419e-10,0.00014065970464107155
photon_scattering,Photon scattering,1.0,4.0,rates_5052894f24b711d8,3.0,XI,1,local,3.170835876898074e-08,0.0020339702591774225
photon_scattering,Photon scattering,1.0,4.0,rates_5052894f24b711d8,3.0,XX,2,correlated,0.0583773119797686,0.002723344384544099
photon_scattering,Photon scattering,1.0,4.0,rates_5052894f24b711d8,3.0,XY,2,correlated,4.351726596501843e-09,0.00014065589568892136
photon_scattering,Photon scattering,1.0,4.0,rates_5052894f24b711d8,3.0,XZ,2,correlated,1.0670423424351578e-09,0.00010517483980294797
photon_scattering,Photon scattering,1.0,4.0,rates_5052894f24b711d8,3.0,YI,1,local,-1.5932882551594378e-09,0.00010518730864187094
photon_scattering,Photon scattering,1.0,4.0,rates_5052894f24b711d8,3.0,YX,2,correlated,-5.967907246736348e-09,0.0001406527950492376
photon_scattering,Photon scattering,1.0,4.0,rates_5052894f24b711d8,3.0,YY,2,correlated,3.0573889247965057e-09,1.8304693052535818e-08
photon_scattering,Photon scattering,1.0,4.0,rates_5052894f24b711d8,3.0,YZ,2,correlated,-1.5013064019170404e-09,1.3199009643322118e-08
photon_scattering,Photon scattering,1.0,4.0,rates_5052894f24b711d8,3.0,ZI,1,local,-2.0853888236074515e-10,0.00014066386813740248
photon_scattering,Photon scattering,1.0,4.0,rates_5052894f24b711d8,3.0,ZX,2,correlated,1.116177694156972e-09,0.00010515030154215023
photon_scattering,Photon scattering,1.0,4.0,rates_5052894f24b711d8,3.0,ZY,2,correlated,-2.244687054929627e-09,0.0
photon_scattering,Photon scattering,1.0,4.0,rates_5052894f24b711d8,3.0,ZZ,2,correlated,1.5348650974882493e-15,5.6538508143907235e-09
photon_scattering,Photon scattering,1.0,4.0,rates_5052894f24b711d8,4.0,IX,1,local,6.768329192221085e-09,0.0024761999143451266
photon_scattering,Photon scattering,1.0,4.0,rates_5052894f24b711d8,4.0,IY,1,local,-1.1832550132034046e-09,0.00010723471957601536
photon_scattering,Photon scattering,1.0,4.0,rates_5052894f24b711d8,4.0,IZ,1,local,8.679595777873655e-10,0.00013863206111731308
photon_scattering,Photon scattering,1.0,4.0,rates_5052894f24b711d8,4.0,XI,1,local,6.752210987084111e-09,0.0024762036153670305
photon_scattering,Photon scattering,1.0,4.0,rates_5052894f24b711d8,4.0,XX,2,correlated,0.07271085859203336,0.00429310288793495
photon_scattering,Photon scattering,1.0,4.0,rates_5052894f24b711d8,4.0,XY,2,correlated,6.322278501178176e-09,0.00013859706268990824
photon_scattering,Photon scattering,1.0,4.0,rates_5052894f24b711d8,4.0,XZ,2,correlated,7.703817852355547e-09,0.00010720053249328653
photon_scattering,Photon scattering,1.0,4.0,rates_5052894f24b711d8,4.0,YI,1,local,4.12189952755427e-09,0.00010723594984657109
photon_scattering,Photon scattering,1.0,4.0,rates_5052894f24b711d8,4.0,YX,2,correlated,-1.2996862622636972e-08,0.00013859638283894972
photon_scattering,Photon scattering,1.0,4.0,rates_5052894f24b711d8,4.0,YY,2,correlated,1.3524184298403636e-08,0.0
photon_scattering,Photon scattering,1.0,4.0,rates_5052894f24b711d8,4.0,YZ,2,correlated,-3.785248698753109e-09,0.0
photon_scattering,Photon scattering,1.0,4.0,rates_5052894f24b711d8,4.0,ZI,1,local,1.1295248279434453e-10,0.00013863414370672122
photon_scattering,Photon scattering,1.0,4.0,rates_5052894f24b711d8,4.0,ZX,2,correlated,8.626865532225653e-09,0.00010719789948489229
photon_scattering,Photon scattering,1.0,4.0,rates_5052894f24b711d8,4.0,ZY,2,correlated,1.2682800765769142e-08,0.0
photon_scattering,Photon scattering,1.0,4.0,rates_5052894f24b711d8,4.0,ZZ,2,correlated,5.59802420542159e-16,6.872368658986149e-09
photon_scattering,Photon scattering,2.0,8.0,rates_8a9b52e075933311,0.01,IX,1,local,-4.293483486483801e-09,0.0005755918713542603
photon_scattering,Photon scattering,2.0,8.0,rates_8a9b52e075933311,0.01,IY,1,local,1.2213409003313056e-09,0.0001204761996843732
photon_scattering,Photon scattering,2.0,8.0,rates_8a9b52e075933311,0.01,IZ,1,local,-2.2324600991979124e-11,0.00028788037334208074
photon_scattering,Photon scattering,2.0,8.0,rates_8a9b52e075933311,0.01,XI,1,local,-1.3981406280711331e-08,0.0005755838853699824
photon_scattering,Photon scattering,2.0,8.0,rates_8a9b52e075933311,0.01,XX,2,correlated,0.013736517980131403,0.00016385510008988183
photon_scattering,Photon scattering,2.0,8.0,rates_8a9b52e075933311,0.01,XY,2,correlated,-2.884095317573138e-09,0.00028785649124443805
photon_scattering,Photon scattering,2.0,8.0,rates_8a9b52e075933311,0.01,XZ,2,correlated,1.8222378671364357e-09,0.0001204407716821218
photon_scattering,Photon scattering,2.0,8.0,rates_8a9b52e075933311,0.01,YI,1,local,3.334488962351237e-10,0.00012046778655442673
photon_scattering,Photon scattering,2.0,8.0,rates_8a9b52e075933311,0.01,YX,2,correlated,2.622371988016771e-09,0.00028785688936422296
photon_scattering,Photon scattering,2.0,8.0,rates_8a9b52e075933311,0.01,YY,2,correlated,3.6270298392877662e-09,0.0
photon_scattering,Photon scattering,2.0,8.0,rates_8a9b52e075933311,0.01,YZ,2,correlated,2.5491018556998576e-09,0.0
photon_scattering,Photon scattering,2.0,8.0,rates_8a9b52e075933311,0.01,ZI,1,local,-6.629704902948935e-11,0.00028788019254891194
photon_scattering,Photon scattering,2.0,8.0,rates_8a9b52e075933311,0.01,ZX,2,correlated,1.7247275542397847e-09,0.000120448967487688
photon_scattering,Photon scattering,2.0,8.0,rates_8a9b52e075933311,0.01,ZY,2,correlated,9.593512870961605e-10,0.0
photon_scattering,Photon scattering,2.0,8.0,rates_8a9b52e075933311,0.01,ZZ,2,correlated,7.32173636492436e-17,3.849213711076935e-08
photon_scattering,Photon scattering,2.0,8.0,rates_8a9b52e075933311,1.0,IX,1,local,6.504613791104457e-09,0.001095414587789558
photon_scattering,Photon scattering,2.0,8.0,rates_8a9b52e075933311,1.0,IY,1,local,-1.360143918121917e-09,0.00015952663209099955
photon_scattering,Photon scattering,2.0,8.0,rates_8a9b52e075933311,1.0,IZ,1,local,-4.4096839630853465e-10,0.0002488255011115364
photon_scattering,Photon scattering,2.0,8.0,rates_8a9b52e075933311,1.0,XI,1,local,1.1820675509203929e-08,0.001095414238184745
photon_scattering,Photon scattering,2.0,8.0,rates_8a9b52e075933311,1.0,XX,2,correlated,0.028806337091639066,0.0006158867891920346
photon_scattering,Photon scattering,2.0,8.0,rates_8a9b52e075933311,1.0,XY,2,correlated,-8.600169480903028e-10,0.00024880667698712095
photon_scattering,Photon scattering,2.0,8.0,rates_8a9b52e075933311,1.0,XZ,2,correlated,-3.720130498837287e-10,0.00015950065478077398
photon_scattering,Photon scattering,2.0,8.0,rates_8a9b52e075933311,1.0,YI,1,local,-9.581528720111437e-10,0.00015952815631752512
photon_scattering,Photon scattering,2.0,8.0,rates_8a9b52e075933311,1.0,YX,2,correlated,3.836353884917893e-09,0.00024880435862065177
photon_scattering,Photon scattering,2.0,8.0,rates_8a9b52e075933311,1.0,YY,2,correlated,6.431011350214748e-10,1.4806308550705948e-09
photon_scattering,Photon scattering,2.0,8.0,rates_8a9b52e075933311,1.0,YZ,2,correlated,3.563637304269336e-10,0.0
photon_scattering,Photon scattering,2.0,8.0,rates_8a9b52e075933311,1.0,ZI,1,local,3.166823656734185e-11,0.0002488253159884936
photon_scattering,Photon scattering,2.0,8.0,rates_8a9b52e075933311,1.0,ZX,2,correlated,1.3032939670919645e-10,0.00015950163404300095
photon_scattering,Photon scattering,2.0,8.0,rates_8a9b52e075933311,1.0,ZY,2,correlated,-4.604732494252603e-09,0.0
photon_scattering,Photon scattering,2.0,8.0,rates_8a9b52e075933311,1.0,ZZ,2,correlated,8.55922147160516e-17,2.012446130442505e-08
photon_scattering,Photon scattering,2.0,8.0,rates_8a9b52e075933311,2.0,IX,1,local,2.6879188972354697e-08,0.00159171788063471
photon_scattering,Photon scattering,2.0,8.0,rates_8a9b52e075933311,2.0,IY,1,local,-1.9967338158817676e-09,0.00017011788737769182
photon_scattering,Photon scattering,2.0,8.0,rates_8a9b52e075933311,2.0,IZ,1,local,-8.17168779170942e-10,0.00023824626823420813
photon_scattering,Photon scattering,2.0,8.0,rates_8a9b52e075933311,2.0,XI,1,local,3.289739640237902e-08,0.0015917002274375648
photon_scattering,Photon scattering,2.0,8.0,rates_8a9b52e075933311,2.0,XX,2,correlated,0.043739907523769876,0.0014847054576890089
photon_scattering,Photon scattering,2.0,8.0,rates_8a9b52e075933311,2.0,XY,2,correlated,-1.0451238805039347e-08,0.0002382244651299469
photon_scattering,Photon scattering,2.0,8.0,rates_8a9b52e075933311,2.0,XZ,2,correlated,-8.351691840350038e-10,0.0001700725090586587
photon_scattering,Photon scattering,2.0,8.0,rates_8a9b52e075933311,2.0,YI,1,local,-1.7795441811530804e-10,0.00017010056449017855
photon_scattering,Photon scattering,2.0,8.0,rates_8a9b52e075933311,2.0,YX,2,correlated,5.046031198833858e-09,0.0002382242803692648
photon_scattering,Photon scattering,2.0,8.0,rates_8a9b52e075933311,2.0,YY,2,correlated,-1.3662235936155348e-09,1.035110762965944e-09
photon_scattering,Photon scattering,2.0,8.0,rates_8a9b52e075933311,2.0,YZ,2,correlated,6.1465894289122225e-09,0.0
photon_scattering,Photon scattering,2.0,8.0,rates_8a9b52e075933311,2.0,ZI,1,local,8.005112292810072e-10,0.00023824683885531728
photon_scattering,Photon scattering,2.0,8.0,rates_8a9b52e075933311,2.0,ZX,2,correlated,1.0869335799859318e-11,0.0001700894460862797
photon_scattering,Photon scattering,2.0,8.0,rates_8a9b52e075933311,2.0,ZY,2,correlated,-4.991965198006594e-10,0.0
photon_scattering,Photon scattering,2.0,8.0,rates_8a9b52e075933311,2.0,ZZ,2,correlated,-4.873525391386405e-16,1.557548783915133e-08
photon_scattering,Photon scattering,2.0,8.0,rates_8a9b52e075933311,3.0,IX,1,local,-2.3181241160195875e-09,0.0020589579052489315
photon_scattering,Photon scattering,2.0,8.0,rates_8a9b52e075933311,3.0,IY,1,local,3.994934857446914e-09,0.00017539682154281538
photon_scattering,Photon scattering,2.0,8.0,rates_8a9b52e075933311,3.0,IZ,1,local,4.869795995858678e-10,0.00023295474129097823
photon_scattering,Photon scattering,2.0,8.0,rates_8a9b52e075933311,3.0,XI,1,local,1.5339360699750132e-08,0.002058941201709047
photon_scattering,Photon scattering,2.0,8.0,rates_8a9b52e075933311,3.0,XX,2,correlated,0.058377395776671386,0.0027233580846084474
photon_scattering,Photon scattering,2.0,8.0,rates_8a9b52e075933311,3.0,XY,2,correlated,-5.477747129177174e-09,0.00023295334707324915
photon_scattering,Photon scattering,2.0,8.0,rates_8a9b52e075933311,3.0,XZ,2,correlated,-5.084904441933041e-10,0.00017535460510763085
photon_scattering,Photon scattering,2.0,8.0,rates_8a9b52e075933311,3.0,YI,1,local,1.3563376374196313e-09,0.00017538072480895997
photon_scattering,Photon scattering,2.0,8.0,rates_8a9b52e075933311,3.0,YX,2,correlated,4.918301582532857e-09,0.0002329500695765869
photon_scattering,Photon scattering,2.0,8.0,rates_8a9b52e075933311,3.0,YY,2,correlated,-2.785288770134666e-09,1.8887520459833418e-08
photon_scattering,Photon scattering,2.0,8.0,rates_8a9b52e075933311,3.0,YZ,2,correlated,-8.61022909378456e-09,0.0
photon_scattering,Photon scattering,2.0,8.0,rates_8a9b52e075933311,3.0,ZI,1,local,-5.869557170120339e-10,0.0002329579116252991
photon_scattering,Photon scattering,2.0,8.0,rates_8a9b52e075933311,3.0,ZX,2,correlated,-2.0161293497859905e-09,0.00017537080900403347
photon_scattering,Photon scattering,2.0,8.0,rates_8a9b52e075933311,3.0,ZY,2,correlated,-1.0019890673074784e-08,2.5674343328424554e-09
photon_scattering,Photon scattering,2.0,8.0,rates_8a9b52e075933311,3.0,ZZ,2,correlated,2.989841434891659e-15,0.0
photon_scattering,Photon scattering,2.0,8.0,rates_8a9b52e075933311,4.0,IX,1,local,1.3039573255393719e-08,0.002501187707304854
photon_scattering,Photon scattering,2.0,8.0,rates_8a9b52e075933311,4.0,IY,1,local,9.578143616335866e-12,0.00017871949745914395
photon_scattering,Photon scattering,2.0,8.0,rates_8a9b52e075933311,4.0,IZ,1,local,1.6371767685539363e-09,0.0002296616916177498
photon_scattering,Photon scattering,2.0,8.0,rates_8a9b52e075933311,4.0,XI,1,local,6.7316865355125616e-09,0.002501191209804645
photon_scattering,Photon scattering,2.0,8.0,rates_8a9b52e075933311,4.0,XX,2,correlated,0.07271091599290258,0.004293101624669715
photon_scattering,Photon scattering,2.0,8.0,rates_8a9b52e075933311,4.0,XY,2,correlated,-1.70535921791114e-09,0.00022960859579806568
photon_scattering,Photon scattering,2.0,8.0,rates_8a9b52e075933311,4.0,XZ,2,correlated,-3.197121964619147e-09,0.0001786711476723082
photon_scattering,Photon scattering,2.0,8.0,rates_8a9b52e075933311,4.0,YI,1,local,-2.9611553914990995e-09,0.00017871905521415146
photon_scattering,Photon scattering,2.0,8.0,rates_8a9b52e075933311,4.0,YX,2,correlated,-7.032825633936787e-09,0.0002296153185582044
photon_scattering,Photon scattering,2.0,8.0,rates_8a9b52e075933311,4.0,YY,2,correlated,-1.0251984999511242e-08,0.0
photon_scattering,Photon scattering,2.0,8.0,rates_8a9b52e075933311,4.0,YZ,2,correlated,3.828798690100751e-09,0.0
photon_scattering,Photon scattering,2.0,8.0,rates_8a9b52e075933311,4.0,ZI,1,local,-7.091857765709794e-10,0.00022966073050031445
photon_scattering,Photon scattering,2.0,8.0,rates_8a9b52e075933311,4.0,ZX,2,correlated,-3.838933365183003e-09,0.00017866582827438034
photon_scattering,Photon scattering,2.0,8.0,rates_8a9b52e075933311,4.0,ZY,2,correlated,8.944424978798086e-09,0.0
photon_scattering,Photon scattering,2.0,8.0,rates_8a9b52e075933311,4.0,ZZ,2,correlated,7.114270325601116e-17,1.7202357725462115e-08
photon_scattering,Photon scattering,4.0,16.0,rates_8237b1a36457cbc1,0.01,IX,1,local,-2.543591190292807e-09,0.0006255091598035006
photon_scattering,Photon scattering,4.0,16.0,rates_8237b1a36457cbc1,0.01,IY,1,local,2.3720909151980306e-09,0.0002187327855785622
photon_scattering,Photon scattering,4.0,16.0,rates_8237b1a36457cbc1,0.01,IZ,1,local,-1.3443352284491128e-10,0.0005146186646517967
photon_scattering,Photon scattering,4.0,16.0,rates_8237b1a36457cbc1,0.01,XI,1,local,-3.5537048169253058e-09,0.0006255194890082293
photon_scattering,Photon scattering,4.0,16.0,rates_8237b1a36457cbc1,0.01,XX,2,correlated,0.013736781655356873,0.00016385621572917084
photon_scattering,Photon scattering,4.0,16.0,rates_8237b1a36457cbc1,0.01,XY,2,correlated,-2.6825522331673427e-11,0.0005145827325315651
photon_scattering,Photon scattering,4.0,16.0,rates_8237b1a36457cbc1,0.01,XZ,2,correlated,2.143941659488348e-09,0.00021869412898389314
photon_scattering,Photon scattering,4.0,16.0,rates_8237b1a36457cbc1,0.01,YI,1,local,-8.287166418970657e-10,0.00021874222619596914
photon_scattering,Photon scattering,4.0,16.0,rates_8237b1a36457cbc1,0.01,YX,2,correlated,-4.6381165935321877e-10,0.0005145829166760273
photon_scattering,Photon scattering,4.0,16.0,rates_8237b1a36457cbc1,0.01,YY,2,correlated,4.214903139568184e-09,0.0
photon_scattering,Photon scattering,4.0,16.0,rates_8237b1a36457cbc1,0.01,YZ,2,correlated,4.045467794167487e-09,0.0
photon_scattering,Photon scattering,4.0,16.0,rates_8237b1a36457cbc1,0.01,ZI,1,local,1.8372080555026032e-10,0.000514619116020726
photon_scattering,Photon scattering,4.0,16.0,rates_8237b1a36457cbc1,0.01,ZX,2,correlated,2.3074496640174136e-09,0.00021868405285561964
photon_scattering,Photon scattering,4.0,16.0,rates_8237b1a36457cbc1,0.01,ZY,2,correlated,-5.544289710096034e-10,0.0
photon_scattering,Photon scattering,4.0,16.0,rates_8237b1a36457cbc1,0.01,ZZ,2,correlated,1.0116351183983247e-16,1.1506475840438986e-07
photon_scattering,Photon scattering,4.0,16.0,rates_8237b1a36457cbc1,1.0,IX,1,local,8.416573700526325e-09,0.0011453551202539037
photon_scattering,Photon scattering,4.0,16.0,rates_8237b1a36457cbc1,1.0,IY,1,local,-1.6971047454293704e-09,0.00028776358675623433
photon_scattering,Photon scattering,4.0,16.0,rates_8237b1a36457cbc1,1.0,IZ,1,local,-2.4370897032282888e-11,0.0004455978980875456
photon_scattering,Photon scattering,4.0,16.0,rates_8237b1a36457cbc1,1.0,XI,1,local,1.1159415478176077e-09,0.0011453657789345735
photon_scattering,Photon scattering,4.0,16.0,rates_8237b1a36457cbc1,1.0,XX,2,correlated,0.028806563949894233,0.000615882118860514
photon_scattering,Photon scattering,4.0,16.0,rates_8237b1a36457cbc1,1.0,XY,2,correlated,1.5960903544247042e-09,0.0004455575494847456
photon_scattering,Photon scattering,4.0,16.0,rates_8237b1a36457cbc1,1.0,XZ,2,correlated,-4.629453534936965e-11,0.0002877258079258585
photon_scattering,Photon scattering,4.0,16.0,rates_8237b1a36457cbc1,1.0,YI,1,local,-4.563842626558856e-09,0.00028777419891925235
photon_scattering,Photon scattering,4.0,16.0,rates_8237b1a36457cbc1,1.0,YX,2,correlated,-4.073548629673441e-09,0.0004455570392072086
photon_scattering,Photon scattering,4.0,16.0,rates_8237b1a36457cbc1,1.0,YY,2,correlated,3.6237548868563437e-10,2.8286849973902656e-09
photon_scattering,Photon scattering,4.0,16.0,rates_8237b1a36457cbc1,1.0,YZ,2,correlated,5.436399212222328e-10,0.0
photon_scattering,Photon scattering,4.0,16.0,rates_8237b1a36457cbc1,1.0,ZI,1,local,-3.318350570894875e-10,0.00044559740728512815
photon_scattering,Photon scattering,4.0,16.0,rates_8237b1a36457cbc1,1.0,ZX,2,correlated,-1.7311973131640286e-10,0.0002877161968419608
photon_scattering,Photon scattering,4.0,16.0,rates_8237b1a36457cbc1,1.0,ZY,2,correlated,5.858891382020838e-10,0.0
photon_scattering,Photon scattering,4.0,16.0,rates_8237b1a36457cbc1,1.0,ZZ,2,correlated,-1.015701630040861e-16,6.264455479788184e-08
photon_scattering,Photon scattering,4.0,16.0,rates_8237b1a36457cbc1,2.0,IX,1,local,4.568557564535604e-08,0.0016416681689842337
photon_scattering,Photon scattering,4.0,16.0,rates_8237b1a36457cbc1,2.0,IY,1,local,3.564399261353925e-09,0.0003064731095452879
photon_scattering,Photon scattering,4.0,16.0,rates_8237b1a36457cbc1,2.0,IZ,1,local,6.536386386416985e-11,0.00042690786570606865
photon_scattering,Photon scattering,4.0,16.0,rates_8237b1a36457cbc1,2.0,XI,1,local,4.853128531143953e-08,0.0016416590246820782
photon_scattering,Photon scattering,4.0,16.0,rates_8237b1a36457cbc1,2.0,XX,2,correlated,0.04374012422876242,0.0014846941450179702
photon_scattering,Photon scattering,4.0,16.0,rates_8237b1a36457cbc1,2.0,XY,2,correlated,-3.054832553957196e-09,0.00042684918396575233
photon_scattering,Photon scattering,4.0,16.0,rates_8237b1a36457cbc1,2.0,XZ,2,correlated,5.097991080229674e-09,0.00030641841262181316
photon_scattering,Photon scattering,4.0,16.0,rates_8237b1a36457cbc1,2.0,YI,1,local,-1.5894984258229982e-09,0.00030646410914021054
photon_scattering,Photon scattering,4.0,16.0,rates_8237b1a36457cbc1,2.0,YX,2,correlated,6.746748580123609e-09,0.00042684917315358997
photon_scattering,Photon scattering,4.0,16.0,rates_8237b1a36457cbc1,2.0,YY,2,correlated,9.167625840847225e-09,0.0
photon_scattering,Photon scattering,4.0,16.0,rates_8237b1a36457cbc1,2.0,YZ,2,correlated,5.406907743155549e-09,0.0
photon_scattering,Photon scattering,4.0,16.0,rates_8237b1a36457cbc1,2.0,ZI,1,local,4.3358676436794986e-10,0.00042690806442078797
photon_scattering,Photon scattering,4.0,16.0,rates_8237b1a36457cbc1,2.0,ZX,2,correlated,5.164424571168158e-09,0.0003064272251250027
photon_scattering,Photon scattering,4.0,16.0,rates_8237b1a36457cbc1,2.0,ZY,2,correlated,-3.627160128583468e-10,0.0
photon_scattering,Photon scattering,4.0,16.0,rates_8237b1a36457cbc1,2.0,ZZ,2,correlated,-3.343333478400752e-16,5.4284481722558474e-08
photon_scattering,Photon scattering,4.0,16.0,rates_8237b1a36457cbc1,3.0,IX,1,local,-4.749404428983143e-09,0.0021089027521769546
photon_scattering,Photon scattering,4.0,16.0,rates_8237b1a36457cbc1,3.0,IY,1,local,-2.3895864622000392e-09,0.0003158037097418442
photon_scattering,Photon scattering,4.0,16.0,rates_8237b1a36457cbc1,3.0,IZ,1,local,1.656319986284899e-10,0.00041759516807096593
photon_scattering,Photon scattering,4.0,16.0,rates_8237b1a36457cbc1,3.0,XI,1,local,8.971216144605793e-10,0.0021089124707336813
photon_scattering,Photon scattering,4.0,16.0,rates_8237b1a36457cbc1,3.0,XX,2,correlated,0.05837762107510594,0.0027233185353130384
photon_scattering,Photon scattering,4.0,16.0,rates_8237b1a36457cbc1,3.0,XY,2,correlated,9.832300488999864e-09,0.0004174881515621944
photon_scattering,Photon scattering,4.0,16.0,rates_8237b1a36457cbc1,3.0,XZ,2,correlated,-1.2112296292284425e-08,0.00031576174154148513
photon_scattering,Photon scattering,4.0,16.0,rates_8237b1a36457cbc1,3.0,YI,1,local,-1.4411756409784513e-09,0.00031581630592587416
photon_scattering,Photon scattering,4.0,16.0,rates_8237b1a36457cbc1,3.0,YX,2,correlated,3.923729063040641e-09,0.0004174822860919013
photon_scattering,Photon scattering,4.0,16.0,rates_8237b1a36457cbc1,3.0,YY,2,correlated,-2.2255813872457932e-08,0.0
photon_scattering,Photon scattering,4.0,16.0,rates_8237b1a36457cbc1,3.0,YZ,2,correlated,9.516998822911925e-10,0.0
photon_scattering,Photon scattering,4.0,16.0,rates_8237b1a36457cbc1,3.0,ZI,1,local,-8.141984927846289e-10,0.0004175961304668178
photon_scattering,Photon scattering,4.0,16.0,rates_8237b1a36457cbc1,3.0,ZX,2,correlated,-1.2312670154352223e-08,0.0003157540484328215
photon_scattering,Photon scattering,4.0,16.0,rates_8237b1a36457cbc1,3.0,ZY,2,correlated,1.1796955646833095e-09,0.0
photon_scattering,Photon scattering,4.0,16.0,rates_8237b1a36457cbc1,3.0,ZZ,2,correlated,-1.50766313807552e-15,5.3687249392859624e-08
photon_scattering,Photon scattering,4.0,16.0,rates_8237b1a36457cbc1,4.0,IX,1,local,4.559814438581373e-09,0.002551148461477903
photon_scattering,Photon scattering,4.0,16.0,rates_8237b1a36457cbc1,4.0,IY,1,local,-6.792621086328406e-10,0.0003216731081671589
photon_scattering,Photon scattering,4.0,16.0,rates_8237b1a36457cbc1,4.0,IZ,1,local,8.592768570804188e-11,0.0004117115171637198
photon_scattering,Photon scattering,4.0,16.0,rates_8237b1a36457cbc1,4.0,XI,1,local,5.8234733748729486e-09,0.00255116623344429
photon_scattering,Photon scattering,4.0,16.0,rates_8237b1a36457cbc1,4.0,XX,2,correlated,0.07271112311185676,0.004293108011321961
photon_scattering,Photon scattering,4.0,16.0,rates_8237b1a36457cbc1,4.0,XY,2,correlated,-1.2994434124192588e-09,0.00041165314176196057
photon_scattering,Photon scattering,4.0,16.0,rates_8237b1a36457cbc1,4.0,XZ,2,correlated,-9.301863215610744e-10,0.00032161509511898027
photon_scattering,Photon scattering,4.0,16.0,rates_8237b1a36457cbc1,4.0,YI,1,local,-4.758034126059072e-09,0.00032169914123187987
photon_scattering,Photon scattering,4.0,16.0,rates_8237b1a36457cbc1,4.0,YX,2,correlated,-4.5349527356391515e-09,0.0004116493011933017
photon_scattering,Photon scattering,4.0,16.0,rates_8237b1a36457cbc1,4.0,YY,2,correlated,-1.1397416878165982e-09,1.2483201271542492e-08
photon_scattering,Photon scattering,4.0,16.0,rates_8237b1a36457cbc1,4.0,YZ,2,correlated,5.149906624893398e-09,0.0
photon_scattering,Photon scattering,4.0,16.0,rates_8237b1a36457cbc1,4.0,ZI,1,local,1.8486396945944246e-10,0.00041170768647372957
photon_scattering,Photon scattering,4.0,16.0,rates_8237b1a36457cbc1,4.0,ZX,2,correlated,-3.524803362953583e-10,0.0003215967333136775
photon_scattering,Photon scattering,4.0,16.0,rates_8237b1a36457cbc1,4.0,ZY,2,correlated,-2.248525597333759e-09,0.0
photon_scattering,Photon scattering,4.0,16.0,rates_8237b1a36457cbc1,4.0,ZZ,2,correlated,-4.3875602996127667e-16,2.89301618277768e-08
spin_dephasing,Spin dephasing,0.0,0.0,rates_7418570e02de0b71,0.01,IX,1,local,-3.815750209889331e-09,0.0005506156315450444
spin_dephasing,Spin dephasing,0.0,0.0,rates_7418570e02de0b71,0.01,IY,1,local,-4.823177661062997e-10,4.913322145874925e-05
spin_dephasing,Spin dephasing,0.0,0.0,rates_7418570e02de0b71,0.01,IZ,1,local,-1.34631689576399e-11,0.00011337288324685342
spin_dephasing,Spin dephasing,0.0,0.0,rates_7418570e02de0b71,0.01,XI,1,local,-3.233059690409262e-09,0.0005506198601484468
spin_dephasing,Spin dephasing,0.0,0.0,rates_7418570e02de0b71,0.01,XX,2,correlated,0.013736439484403198,0.00016385770990196184
spin_dephasing,Spin dephasing,0.0,0.0,rates_7418570e02de0b71,0.01,XY,2,correlated,-5.324984601152344e-10,0.00011336509367402803
spin_dephasing,Spin dephasing,0.0,0.0,rates_7418570e02de0b71,0.01,XZ,2,correlated,1.5218211391150275e-09,4.91268647966767e-05
spin_dephasing,Spin dephasing,0.0,0.0,rates_7418570e02de0b71,0.01,YI,1,local,5.406244362003178e-10,4.913730459189893e-05
spin_dephasing,Spin dephasing,0.0,0.0,rates_7418570e02de0b71,0.01,YX,2,correlated,-2.44185028405418e-09,0.00011336492987092458
spin_dephasing,Spin dephasing,0.0,0.0,rates_7418570e02de0b71,0.01,YY,2,correlated,2.9931290548539224e-09,0.0
spin_dephasing,Spin dephasing,0.0,0.0,rates_7418570e02de0b71,0.01,YZ,2,correlated,1.7614967227785597e-09,0.0
spin_dephasing,Spin dephasing,0.0,0.0,rates_7418570e02de0b71,0.01,ZI,1,local,2.448880495329659e-12,0.0001133730362485598
spin_dephasing,Spin dephasing,0.0,0.0,rates_7418570e02de0b71,0.01,ZX,2,correlated,1.5219496872305389e-09,4.9122792462910094e-05
spin_dephasing,Spin dephasing,0.0,0.0,rates_7418570e02de0b71,0.01,ZY,2,correlated,1.5602292823922864e-09,0.0
spin_dephasing,Spin dephasing,0.0,0.0,rates_7418570e02de0b71,0.01,ZZ,2,correlated,-5.826949381468354e-17,5.8104723953635224e-09
spin_dephasing,Spin dephasing,0.0,0.0,rates_7418570e02de0b71,1.0,IX,1,local,2.4119830867125593e-09,0.00107043630748107
spin_dephasing,Spin dephasing,0.0,0.0,rates_7418570e02de0b71,1.0,IY,1,local,5.285529217122909e-10,6.412177845894687e-05
spin_dephasing,Spin dephasing,0.0,0.0,rates_7418570e02de0b71,1.0,IZ,1,local,-1.609822503369625e-10,9.838585036428489e-05
spin_dephasing,Spin dephasing,0.0,0.0,rates_7418570e02de0b71,1.0,XI,1,local,8.85538116399846e-09,0.0010704345693068635
spin_dephasing,Spin dephasing,0.0,0.0,rates_7418570e02de0b71,1.0,XX,2,correlated,0.028806252748413697,0.0006158896697152908
spin_dephasing,Spin dephasing,0.0,0.0,rates_7418570e02de0b71,1.0,XY,2,correlated,-4.877289844769759e-09,9.838083567119093e-05
spin_dephasing,Spin dephasing,0.0,0.0,rates_7418570e02de0b71,1.0,XZ,2,correlated,-2.2018174682444107e-09,6.41103729351236e-05
spin_dephasing,Spin dephasing,0.0,0.0,rates_7418570e02de0b71,1.0,YI,1,local,4.6327545219055275e-10,6.412099369937954e-05
spin_dephasing,Spin dephasing,0.0,0.0,rates_7418570e02de0b71,1.0,YX,2,correlated,1.548448431108669e-10,9.837841013552481e-05
spin_dephasing,Spin dephasing,0.0,0.0,rates_7418570e02de0b71,1.0,YY,2,correlated,-4.643263636414487e-09,1.1179939733317254e-09
spin_dephasing,Spin dephasing,0.0,0.0,rates_7418570e02de0b71,1.0,YZ,2,correlated,3.803916271341222e-09,0.0
spin_dephasing,Spin dephasing,0.0,0.0,rates_7418570e02de0b71,1.0,ZI,1,local,1.3530661863825933e-10,9.838639287239377e-05
spin_dephasing,Spin dephasing,0.0,0.0,rates_7418570e02de0b71,1.0,ZX,2,correlated,-2.057898632887934e-09,6.411304072374764e-05
spin_dephasing,Spin dephasing,0.0,0.0,rates_7418570e02de0b71,1.0,ZY,2,correlated,-6.14026467654934e-10,0.0
spin_dephasing,Spin dephasing,0.0,0.0,rates_7418570e02de0b71,1.0,ZZ,2,correlated,-8.534956831776355e-17,2.3697149062907458e-09
spin_dephasing,Spin dephasing,0.0,0.0,rates_7418570e02de0b71,2.0,IX,1,local,4.372148839087082e-08,0.001566719950551549
spin_dephasing,Spin dephasing,0.0,0.0,rates_7418570e02de0b71,2.0,IY,1,local,1.0944231950873344e-09,6.817291354407318e-05
spin_dephasing,Spin dephasing,0.0,0.0,rates_7418570e02de0b71,2.0,IZ,1,local,6.03339451122039e-10,9.432819551074011e-05
spin_dephasing,Spin dephasing,0.0,0.0,rates_7418570e02de0b71,2.0,XI,1,local,3.633503182855148e-08,0.0015667337218965556
spin_dephasing,Spin dephasing,0.0,0.0,rates_7418570e02de0b71,2.0,XX,2,correlated,0.043739851954824924,0.0014847038078333232
spin_dephasing,Spin dephasing,0.0,0.0,rates_7418570e02de0b71,2.0,XY,2,correlated,4.883308003488495e-09,9.431829908932774e-05
spin_dephasing,Spin dephasing,0.0,0.0,rates_7418570e02de0b71,2.0,XZ,2,correlated,-2.9704282833727986e-09,6.81772052951689e-05
spin_dephasing,Spin dephasing,0.0,0.0,rates_7418570e02de0b71,2.0,YI,1,local,-2.015424160300776e-10,6.818672167364943e-05
spin_dephasing,Spin dephasing,0.0,0.0,rates_7418570e02de0b71,2.0,YX,2,correlated,-5.648846909875802e-09,9.431874407184746e-05
spin_dephasing,Spin dephasing,0.0,0.0,rates_7418570e02de0b71,2.0,YY,2,correlated,-6.228422321261663e-09,0.0
spin_dephasing,Spin dephasing,0.0,0.0,rates_7418570e02de0b71,2.0,YZ,2,correlated,-1.118746805950539e-10,4.754780385824581e-09
spin_dephasing,Spin dephasing,0.0,0.0,rates_7418570e02de0b71,2.0,ZI,1,local,-4.893950317181889e-10,9.432692696032278e-05
spin_dephasing,Spin dephasing,0.0,0.0,rates_7418570e02de0b71,2.0,ZX,2,correlated,-2.813604751763951e-09,6.816422073586988e-05
spin_dephasing,Spin dephasing,0.0,0.0,rates_7418570e02de0b71,2.0,ZY,2,correlated,3.8109710688651435e-09,0.0
spin_dephasing,Spin dephasing,0.0,0.0,rates_7418570e02de0b71,2.0,ZZ,2,correlated,-5.79215532570009e-16,5.404895441797619e-09
spin_dephasing,Spin dephasing,0.0,0.0,rates_7418570e02de0b71,3.0,IX,1,local,-2.5931542477320713e-09,0.002033954373356213
spin_dephasing,Spin dephasing,0.0,0.0,rates_7418570e02de0b71,3.0,IY,1,local,-3.3458533334108715e-09,7.019837255523996e-05
spin_dephasing,Spin dephasing,0.0,0.0,rates_7418570e02de0b71,3.0,IZ,1,local,8.943075903935695e-10,9.229012384061601e-05
spin_dephasing,Spin dephasing,0.0,0.0,rates_7418570e02de0b71,3.0,XI,1,local,1.0663719552878954e-08,0.0020339646605560743
spin_dephasing,Spin dephasing,0.0,0.0,rates_7418570e02de0b71,3.0,XX,2,correlated,0.058377285523671815,0.002723352969640072
spin_dephasing,Spin dephasing,0.0,0.0,rates_7418570e02de0b71,3.0,XY,2,correlated,3.894950927460548e-09,9.229447968409196e-05
spin_dephasing,Spin dephasing,0.0,0.0,rates_7418570e02de0b71,3.0,XZ,2,correlated,-2.5807488270532648e-09,7.020244815586778e-05
spin_dephasing,Spin dephasing,0.0,0.0,rates_7418570e02de0b71,3.0,YI,1,local,-1.4279918584065548e-09,7.021040049551809e-05
spin_dephasing,Spin dephasing,0.0,0.0,rates_7418570e02de0b71,3.0,YX,2,correlated,-1.0874375085945671e-08,9.228908512467343e-05
spin_dephasing,Spin dephasing,0.0,0.0,rates_7418570e02de0b71,3.0,YY,2,correlated,-4.977487061603461e-09,2.6173945837974452e-08
spin_dephasing,Spin dephasing,0.0,0.0,rates_7418570e02de0b71,3.0,YZ,2,correlated,-8.994400991680434e-09,7.925101060729571e-09
spin_dephasing,Spin dephasing,0.0,0.0,rates_7418570e02de0b71,3.0,ZI,1,local,-1.894633242587754e-09,9.229249348557583e-05
spin_dephasing,Spin dephasing,0.0,0.0,rates_7418570e02de0b71,3.0,ZX,2,correlated,-3.7038236051282303e-09,7.019344511673695e-05
spin_dephasing,Spin dephasing,0.0,0.0,rates_7418570e02de0b71,3.0,ZY,2,correlated,4.702452371249957e-10,1.8427904579891574e-09
spin_dephasing,Spin dephasing,0.0,0.0,rates_7418570e02de0b71,3.0,ZZ,2,correlated,9.850453762999477e-16,7.766547574766108e-09
spin_dephasing,Spin dephasing,0.0,0.0,rates_7418570e02de0b71,4.0,IX,1,local,1.4963814180628988e-09,0.002476205079248909
spin_dephasing,Spin dephasing,0.0,0.0,rates_7418570e02de0b71,4.0,IY,1,local,-1.3983005014898379e-09,7.148848026176894e-05
spin_dephasing,Spin dephasing,0.0,0.0,rates_7418570e02de0b71,4.0,IZ,1,local,5.6509824730416995e-11,9.102997280627894e-05
spin_dephasing,Spin dephasing,0.0,0.0,rates_7418570e02de0b71,4.0,XI,1,local,-2.8344422245488557e-10,0.0024762049857474755
spin_dephasing,Spin dephasing,0.0,0.0,rates_7418570e02de0b71,4.0,XX,2,correlated,0.07271081777790803,0.004293112056780818
spin_dephasing,Spin dephasing,0.0,0.0,rates_7418570e02de0b71,4.0,XY,2,correlated,-7.453175802582592e-09,9.102322151775566e-05
spin_dephasing,Spin dephasing,0.0,0.0,rates_7418570e02de0b71,4.0,XZ,2,correlated,2.888152898371177e-09,7.145598002942109e-05
spin_dephasing,Spin dephasing,0.0,0.0,rates_7418570e02de0b71,4.0,YI,1,local,-9.080148455136525e-09,7.148991850796281e-05
spin_dephasing,Spin dephasing,0.0,0.0,rates_7418570e02de0b71,4.0,YX,2,correlated,-5.140272392156097e-09,9.101932125768963e-05
spin_dephasing,Spin dephasing,0.0,0.0,rates_7418570e02de0b71,4.0,YY,2,correlated,3.0647059209761656e-09,4.4799787136063295e-09
spin_dephasing,Spin dephasing,0.0,0.0,rates_7418570e02de0b71,4.0,YZ,2,correlated,5.092992501893865e-09,2.5553077027175522e-09
spin_dephasing,Spin dephasing,0.0,0.0,rates_7418570e02de0b71,4.0,ZI,1,local,-9.130618507825208e-10,9.103011680843365e-05
spin_dephasing,Spin dephasing,0.0,0.0,rates_7418570e02de0b71,4.0,ZX,2,correlated,-4.407653685881697e-10,7.145829804214299e-05
spin_dephasing,Spin dephasing,0.0,0.0,rates_7418570e02de0b71,4.0,ZY,2,correlated,2.1799207163417507e-09,0.0
spin_dephasing,Spin dephasing,0.0,0.0,rates_7418570e02de0b71,4.0,ZZ,2,correlated,2.374103550414934e-16,0.0
spin_dephasing,Spin dephasing,0.5,1.6666666666666667,rates_044a6c959026d60d,0.01,IX,1,local,-2.0802710957404502e-09,0.000550607125241927
spin_dephasing,Spin dephasing,0.5,1.6666666666666667,rates_044a6c959026d60d,0.01,IY,1,local,4.662319980954079e-09,6.022945388747134e-05
spin_dephasing,Spin dephasing,0.5,1.6666666666666667,rates_044a6c959026d60d,0.01,IZ,1,local,1.4933799230612132e-10,0.00014393463747071705
spin_dephasing,Spin dephasing,0.5,1.6666666666666667,rates_044a6c959026d60d,0.01,XI,1,local,-1.4843531147301967e-09,0.0005506212555291529
spin_dephasing,Spin dephasing,0.5,1.6666666666666667,rates_044a6c959026d60d,0.01,XX,2,correlated,0.013736439995296156,0.00016386288010400012
spin_dephasing,Spin dephasing,0.5,1.6666666666666667,rates_044a6c959026d60d,0.01,XY,2,correlated,3.2780719740452452e-09,0.00014393607760307414
spin_dephasing,Spin dephasing,0.5,1.6666666666666667,rates_044a6c959026d60d,0.01,XZ,2,correlated,-8.068199338563102e-10,6.023026356694672e-05
spin_dephasing,Spin dephasing,0.5,1.6666666666666667,rates_044a6c959026d60d,0.01,YI,1,local,-1.4540654047990592e-09,6.024399043566563e-05
spin_dephasing,Spin dephasing,0.5,1.6666666666666667,rates_044a6c959026d60d,0.01,YX,2,correlated,-9.277626087664276e-09,0.00014393613277218756
spin_dephasing,Spin dephasing,0.5,1.6666666666666667,rates_044a6c959026d60d,0.01,YY,2,correlated,-1.88407087423532e-09,1.5962354549008595e-09
spin_dephasing,Spin dephasing,0.5,1.6666666666666667,rates_044a6c959026d60d,0.01,YZ,2,correlated,-2.0691189643835377e-09,2.5621397680870307e-09
spin_dephasing,Spin dephasing,0.5,1.6666666666666667,rates_044a6c959026d60d,0.01,ZI,1,local,-2.327500822576065e-10,0.00014393437460367186
spin_dephasing,Spin dephasing,0.5,1.6666666666666667,rates_044a6c959026d60d,0.01,ZX,2,correlated,-9.739551388496493e-10,6.021593471954175e-05
spin_dephasing,Spin dephasing,0.5,1.6666666666666667,rates_044a6c959026d60d,0.01,ZY,2,correlated,3.4742935414348855e-09,0.0
spin_dephasing,Spin dephasing,0.5,1.6666666666666667,rates_044a6c959026d60d,0.01,ZZ,2,correlated,1.0161371124976672e-16,4.5440352885615584e-09
spin_dephasing,Spin dephasing,0.5,1.6666666666666667,rates_044a6c959026d60d,1.0,IX,1,local,6.5948538663768256e-09,0.001070436337776339
spin_dephasing,Spin dephasing,0.5,1.6666666666666667,rates_044a6c959026d60d,1.0,IY,1,local,-1.639312581883211e-09,7.976835135158167e-05
spin_dephasing,Spin dephasing,0.5,1.6666666666666667,rates_044a6c959026d60d,1.0,IZ,1,local,7.602122467235375e-11,0.00012440862434197876
spin_dephasing,Spin dephasing,0.5,1.6666666666666667,rates_044a6c959026d60d,1.0,XI,1,local,3.427912977803566e-09,0.0010704310183698527
spin_dephasing,Spin dephasing,0.5,1.6666666666666667,rates_044a6c959026d60d,1.0,XX,2,correlated,0.028806286308252424,0.0006158918454831904
spin_dephasing,Spin dephasing,0.5,1.6666666666666667,rates_044a6c959026d60d,1.0,XY,2,correlated,-4.084346522714347e-09,0.0001244067683569898
spin_dephasing,Spin dephasing,0.5,1.6666666666666667,rates_044a6c959026d60d,1.0,XZ,2,correlated,7.300684228244195e-10,7.974756861664454e-05
spin_dephasing,Spin dephasing,0.5,1.6666666666666667,rates_044a6c959026d60d,1.0,YI,1,local,4.115669821794694e-10,7.976193607122747e-05
spin_dephasing,Spin dephasing,0.5,1.6666666666666667,rates_044a6c959026d60d,1.0,YX,2,correlated,1.9292998673080925e-09,0.00012440754023620602
spin_dephasing,Spin dephasing,0.5,1.6666666666666667,rates_044a6c959026d60d,1.0,YY,2,correlated,1.0900044114349267e-09,4.586268894971285e-09
spin_dephasing,Spin dephasing,0.5,1.6666666666666667,rates_044a6c959026d60d,1.0,YZ,2,correlated,4.3681078620147043e-10,0.0
spin_dephasing,Spin dephasing,0.5,1.6666666666666667,rates_044a6c959026d60d,1.0,ZI,1,local,-1.3750880130658023e-11,0.00012440881084924054
spin_dephasing,Spin dephasing,0.5,1.6666666666666667,rates_044a6c959026d60d,1.0,ZX,2,correlated,4.775572386067599e-10,7.975302551294997e-05
spin_dephasing,Spin dephasing,0.5,1.6666666666666667,rates_044a6c959026d60d,1.0,ZY,2,correlated,-2.6545205632472167e-09,0.0
spin_dephasing,Spin dephasing,0.5,1.6666666666666667,rates_044a6c959026d60d,1.0,ZZ,2,correlated,9.453899448042934e-17,1.4757265839014655e-09
spin_dephasing,Spin dephasing,0.5,1.6666666666666667,rates_044a6c959026d60d,2.0,IX,1,local,3.73702947424289e-08,0.001566723347414837
spin_dephasing,Spin dephasing,0.5,1.6666666666666667,rates_044a6c959026d60d,2.0,IY,1,local,-5.830510859041893e-10,8.505119716824421e-05
spin_dephasing,Spin dephasing,0.5,1.6666666666666667,rates_044a6c959026d60d,2.0,IZ,1,local,-2.0489220769905234e-10,0.00011911857151376368
spin_dephasing,Spin dephasing,0.5,1.6666666666666667,rates_044a6c959026d60d,2.0,XI,1,local,3.623043759820475e-08,0.0015667253436389527
spin_dephasing,Spin dephasing,0.5,1.6666666666666667,rates_044a6c959026d60d,2.0,XX,2,correlated,0.04373985769714746,0.00148471183752537
spin_dephasing,Spin dephasing,0.5,1.6666666666666667,rates_044a6c959026d60d,2.0,XY,2,correlated,-2.809180118525335e-09,0.00011912009463436877
spin_dephasing,Spin dephasing,0.5,1.6666666666666667,rates_044a6c959026d60d,2.0,XZ,2,correlated,9.172084685582847e-10,8.504205751936876e-05
spin_dephasing,Spin dephasing,0.5,1.6666666666666667,rates_044a6c959026d60d,2.0,YI,1,local,6.230509829441342e-10,8.505673323296021e-05
spin_dephasing,Spin dephasing,0.5,1.6666666666666667,rates_044a6c959026d60d,2.0,YX,2,correlated,4.392883464087402e-09,0.00011911762082145822
spin_dephasing,Spin dephasing,0.5,1.6666666666666667,rates_044a6c959026d60d,2.0,YY,2,correlated,2.7769572651620935e-09,4.237488670393898e-09
spin_dephasing,Spin dephasing,0.5,1.6666666666666667,rates_044a6c959026d60d,2.0,YZ,2,correlated,1.4714732031415785e-09,0.0
spin_dephasing,Spin dephasing,0.5,1.6666666666666667,rates_044a6c959026d60d,2.0,ZI,1,local,-2.2178114588001645e-10,0.00011911631105342957
spin_dephasing,Spin dephasing,0.5,1.6666666666666667,rates_044a6c959026d60d,2.0,ZX,2,correlated,6.475375702553898e-10,8.504125572876061e-05
spin_dephasing,Spin dephasing,0.5,1.6666666666666667,rates_044a6c959026d60d,2.0,ZY,2,correlated,-6.997886980071812e-09,0.0
spin_dephasing,Spin dephasing,0.5,1.6666666666666667,rates_044a6c959026d60d,2.0,ZZ,2,correlated,6.730827280776134e-16,0.0
spin_dephasing,Spin dephasing,0.5,1.6666666666666667,rates_044a6c959026d60d,3.0,IX,1,local,-3.695673868901041e-09,0.002033951399440404
spin_dephasing,Spin dephasing,0.5,1.6666666666666667,rates_044a6c959026d60d,3.0,IY,1,local,-1.8066348956255615e-09,8.768682851637152e-05
spin_dephasing,Spin dephasing,0.5,1.6666666666666667,rates_044a6c959026d60d,3.0,IZ,1,local,6.219948512009636e-10,0.00011647885998626042
spin_dephasing,Spin dephasing,0.5,1.6666666666666667,rates_044a6c959026d60d,3.0,XI,1,local,4.401672643829181e-09,0.0020339648552024957
spin_dephasing,Spin dephasing,0.5,1.6666666666666667,rates_044a6c959026d60d,3.0,XX,2,correlated,0.05837731699678697,0.0027233463285766648
spin_dephasing,Spin dephasing,0.5,1.6666666666666667,rates_044a6c959026d60d,3.0,XY,2,correlated,-1.022693164829305e-09,0.00011646486801650827
spin_dephasing,Spin dephasing,0.5,1.6666666666666667,rates_044a6c959026d60d,3.0,XZ,2,correlated,-5.667497918485147e-09,8.768732810832088e-05
spin_dephasing,Spin dephasing,0.5,1.6666666666666667,rates_044a6c959026d60d,3.0,YI,1,local,-3.1860667436795106e-09,8.76960931279353e-05
spin_dephasing,Spin dephasing,0.5,1.6666666666666667,rates_044a6c959026d60d,3.0,YX,2,correlated,-6.855089348066845e-09,0.00011646722325037617
spin_dephasing,Spin dephasing,0.5,1.6666666666666667,rates_044a6c959026d60d,3.0,YY,2,correlated,-1.0334904980704736e-08,2.427140798838079e-08
spin_dephasing,Spin dephasing,0.5,1.6666666666666667,rates_044a6c959026d60d,3.0,YZ,2,correlated,-1.570099781292587e-10,7.457899615195997e-09
spin_dephasing,Spin dephasing,0.5,1.6666666666666667,rates_044a6c959026d60d,3.0,ZI,1,local,-1.2122124972797583e-09,0.00011648114645462844
spin_dephasing,Spin dephasing,0.5,1.6666666666666667,rates_044a6c959026d60d,3.0,ZX,2,correlated,-6.023976519203697e-09,8.767342179093673e-05
spin_dephasing,Spin dephasing,0.5,1.6666666666666667,rates_044a6c959026d60d,3.0,ZY,2,correlated,6.15768441179171e-10,2.277860873305061e-09
spin_dephasing,Spin dephasing,0.5,1.6666666666666667,rates_044a6c959026d60d,3.0,ZZ,2,correlated,7.183344808471894e-16,1.2313751443851495e-08
spin_dephasing,Spin dephasing,0.5,1.6666666666666667,rates_044a6c959026d60d,4.0,IX,1,local,-8.543095255526581e-09,0.002476197632199961
spin_dephasing,Spin dephasing,0.5,1.6666666666666667,rates_044a6c959026d60d,4.0,IY,1,local,-4.216647991047032e-09,8.936402194334935e-05
spin_dephasing,Spin dephasing,0.5,1.6666666666666667,rates_044a6c959026d60d,4.0,IZ,1,local,1.6710245005941716e-09,0.0001148305876072436
spin_dephasing,Spin dephasing,0.5,1.6666666666666667,rates_044a6c959026d60d,4.0,XI,1,local,1.5542352935727253e-09,0.002476204062771766
spin_dephasing,Spin dephasing,0.5,1.6666666666666667,rates_044a6c959026d60d,4.0,XX,2,correlated,0.0727108556346369,0.004293105072219966
spin_dephasing,Spin dephasing,0.5,1.6666666666666667,rates_044a6c959026d60d,4.0,XY,2,correlated,6.1326416936142676e-09,0.00011480517381582832
spin_dephasing,Spin dephasing,0.5,1.6666666666666667,rates_044a6c959026d60d,4.0,XZ,2,correlated,1.0763859992086586e-08,8.932988406961501e-05
spin_dephasing,Spin dephasing,0.5,1.6666666666666667,rates_044a6c959026d60d,4.0,YI,1,local,-2.974827180923736e-09,8.937309005056402e-05
spin_dephasing,Spin dephasing,0.5,1.6666666666666667,rates_044a6c959026d60d,4.0,YX,2,correlated,2.3794036590261702e-09,0.00011479865256700927
spin_dephasing,Spin dephasing,0.5,1.6666666666666667,rates_044a6c959026d60d,4.0,YY,2,correlated,2.0136134651565962e-08,0.0
spin_dephasing,Spin dephasing,0.5,1.6666666666666667,rates_044a6c959026d60d,4.0,YZ,2,correlated,-3.786616169206692e-09,0.0
spin_dephasing,Spin dephasing,0.5,1.6666666666666667,rates_044a6c959026d60d,4.0,ZI,1,local,-8.797293803782591e-10,0.00011483229195413387
spin_dephasing,Spin dephasing,0.5,1.6666666666666667,rates_044a6c959026d60d,4.0,ZX,2,correlated,9.204062198600262e-09,8.93256328654805e-05
spin_dephasing,Spin dephasing,0.5,1.6666666666666667,rates_044a6c959026d60d,4.0,ZY,2,correlated,-4.394834347303477e-09,0.0
spin_dephasing,Spin dephasing,0.5,1.6666666666666667,rates_044a6c959026d60d,4.0,ZZ,2,correlated,2.096936173301254e-16,1.0996115019253874e-08
spin_dephasing,Spin dephasing,1.0,3.3333333333333335,rates_5052894f24b711d8,0.01,IX,1,local,-6.004397287920888e-09,0.0005506084786575883
spin_dephasing,Spin dephasing,1.0,3.3333333333333335,rates_5052894f24b711d8,0.01,IY,1,local,2.926191299961128e-09,7.133683495611218e-05
spin_dephasing,Spin dephasing,1.0,3.3333333333333335,rates_5052894f24b711d8,0.01,IZ,1,local,8.427697469804215e-11,0.00017449977760146713
spin_dephasing,Spin dephasing,1.0,3.3333333333333335,rates_5052894f24b711d8,0.01,XI,1,local,1.3828757756247916e-09,0.000550611275765521
spin_dephasing,Spin dephasing,1.0,3.3333333333333335,rates_5052894f24b711d8,0.01,XX,2,correlated,0.013736447028339389,0.00016386527935669193
spin_dephasing,Spin dephasing,1.0,3.3333333333333335,rates_5052894f24b711d8,0.01,XY,2,correlated,4.308445887860059e-09,0.00017450344307439313
spin_dephasing,Spin dephasing,1.0,3.3333333333333335,rates_5052894f24b711d8,0.01,XZ,2,correlated,-2.852032704678869e-09,7.132348635696853e-05
spin_dephasing,Spin dephasing,1.0,3.3333333333333335,rates_5052894f24b711d8,0.01,YI,1,local,4.517219828248625e-09,7.133976566212255e-05
spin_dephasing,Spin dephasing,1.0,3.3333333333333335,rates_5052894f24b711d8,0.01,YX,2,correlated,-5.368854903815391e-10,0.00017450278706094115
spin_dephasing,Spin dephasing,1.0,3.3333333333333335,rates_5052894f24b711d8,0.01,YY,2,correlated,-5.894589133106578e-09,2.2604993364210837e-09
spin_dephasing,Spin dephasing,1.0,3.3333333333333335,rates_5052894f24b711d8,0.01,YZ,2,correlated,-7.028150373043214e-09,0.0
spin_dephasing,Spin dephasing,1.0,3.3333333333333335,rates_5052894f24b711d8,0.01,ZI,1,local,4.740428733971178e-11,0.00017450025379900903
spin_dephasing,Spin dephasing,1.0,3.3333333333333335,rates_5052894f24b711d8,0.01,ZX,2,correlated,-2.8835085735023763e-09,7.13207354674547e-05
spin_dephasing,Spin dephasing,1.0,3.3333333333333335,rates_5052894f24b711d8,0.01,ZY,2,correlated,-3.589730874589837e-09,0.0
spin_dephasing,Spin dephasing,1.0,3.3333333333333335,rates_5052894f24b711d8,0.01,ZZ,2,correlated,1.2421712521206583e-16,7.113531632447698e-09
spin_dephasing,Spin dephasing,1.0,3.3333333333333335,rates_5052894f24b711d8,1.0,IX,1,local,1.0846679517510993e-08,0.0010704254569091842
spin_dephasing,Spin dephasing,1.0,3.3333333333333335,rates_5052894f24b711d8,1.0,IY,1,local,5.386092245407848e-09,9.54030219456724e-05
spin_dephasing,Spin dephasing,1.0,3.3333333333333335,rates_5052894f24b711d8,1.0,IZ,1,local,3.6160085530502834e-10,0.00015043619485647904
spin_dephasing,Spin dephasing,1.0,3.3333333333333335,rates_5052894f24b711d8,1.0,XI,1,local,6.068784605535182e-09,0.0010704333394205763
spin_dephasing,Spin dephasing,1.0,3.3333333333333335,rates_5052894f24b711d8,1.0,XX,2,correlated,0.02880627467169461,0.0006158910031808071
spin_dephasing,Spin dephasing,1.0,3.3333333333333335,rates_5052894f24b711d8,1.0,XY,2,correlated,2.626645914980696e-09,0.00015042936564450842
spin_dephasing,Spin dephasing,1.0,3.3333333333333335,rates_5052894f24b711d8,1.0,XZ,2,correlated,2.0693457093015124e-09,9.539528213653414e-05
spin_dephasing,Spin dephasing,1.0,3.3333333333333335,rates_5052894f24b711d8,1.0,YI,1,local,-2.534531581110321e-09,9.54103777158078e-05
spin_dephasing,Spin dephasing,1.0,3.3333333333333335,rates_5052894f24b711d8,1.0,YX,2,correlated,-4.741451268929992e-09,0.00015042890295126267
spin_dephasing,Spin dephasing,1.0,3.3333333333333335,rates_5052894f24b711d8,1.0,YY,2,correlated,3.335271884371626e-09,3.4629859372435786e-09
spin_dephasing,Spin dephasing,1.0,3.3333333333333335,rates_5052894f24b711d8,1.0,YZ,2,correlated,-2.1881122706642676e-09,0.0
spin_dephasing,Spin dephasing,1.0,3.3333333333333335,rates_5052894f24b711d8,1.0,ZI,1,local,-7.567167684142628e-10,0.00015043629350323357
spin_dephasing,Spin dephasing,1.0,3.3333333333333335,rates_5052894f24b711d8,1.0,ZX,2,correlated,9.479165212231954e-10,9.538829041401726e-05
spin_dephasing,Spin dephasing,1.0,3.3333333333333335,rates_5052894f24b711d8,1.0,ZY,2,correlated,1.089457612462076e-09,0.0
spin_dephasing,Spin dephasing,1.0,3.3333333333333335,rates_5052894f24b711d8,1.0,ZZ,2,correlated,-3.2747644707143887e-18,4.943264188175117e-09
spin_dephasing,Spin dephasing,1.0,3.3333333333333335,rates_5052894f24b711d8,2.0,IX,1,local,2.8861033918535912e-08,0.001566725304167278
spin_dephasing,Spin dephasing,1.0,3.3333333333333335,rates_5052894f24b711d8,2.0,IY,1,local,2.560460095039678e-09,0.0001019298001010783
spin_dephasing,Spin dephasing,1.0,3.3333333333333335,rates_5052894f24b711d8,2.0,IZ,1,local,2.5194294209897316e-10,0.000143913533121567
spin_dephasing,Spin dephasing,1.0,3.3333333333333335,rates_5052894f24b711d8,2.0,XI,1,local,3.133300121929388e-08,0.0015667197327385255
spin_dephasing,Spin dephasing,1.0,3.3333333333333335,rates_5052894f24b711d8,2.0,XX,2,correlated,0.043739865582729485,0.0014847122636456828
spin_dephasing,Spin dephasing,1.0,3.3333333333333335,rates_5052894f24b711d8,2.0,XY,2,correlated,-3.063666841863846e-09,0.0001439121240354926
spin_dephasing,Spin dephasing,1.0,3.3333333333333335,rates_5052894f24b711d8,2.0,XZ,2,correlated,4.675034961728953e-10,0.00010190896586515412
spin_dephasing,Spin dephasing,1.0,3.3333333333333335,rates_5052894f24b711d8,2.0,YI,1,local,-3.840851771216799e-09,0.00010192531593058432
spin_dephasing,Spin dephasing,1.0,3.3333333333333335,rates_5052894f24b711d8,2.0,YX,2,correlated,3.5756605304612067e-09,0.00014391241639640873
spin_dephasing,Spin dephasing,1.0,3.3333333333333335,rates_5052894f24b711d8,2.0,YY,2,correlated,7.257002375471172e-12,6.083356958647336e-09
spin_dephasing,Spin dephasing,1.0,3.3333333333333335,rates_5052894f24b711d8,2.0,YZ,2,correlated,-7.760231458603157e-10,0.0
spin_dephasing,Spin dephasing,1.0,3.3333333333333335,rates_5052894f24b711d8,2.0,ZI,1,local,-1.1896449604691412e-10,0.0001439127464209453
spin_dephasing,Spin dephasing,1.0,3.3333333333333335,rates_5052894f24b711d8,2.0,ZX,2,correlated,-3.965084092688715e-10,0.00010191394437522608
spin_dephasing,Spin dephasing,1.0,3.3333333333333335,rates_5052894f24b711d8,2.0,ZY,2,correlated,-4.65901691615407e-09,0.0
spin_dephasing,Spin dephasing,1.0,3.3333333333333335,rates_5052894f24b711d8,2.0,ZZ,2,correlated,7.149212139668828e-16,6.472737549938212e-10
spin_dephasing,Spin dephasing,1.0,3.3333333333333335,rates_5052894f24b711d8,3.0,IX,1,local,1.3495218900022492e-08,0.002033946288596012
spin_dephasing,Spin dephasing,1.0,3.3333333333333335,rates_5052894f24b711d8,3.0,IY,1,local,4.2946623416361225e-09,0.00010516383324470671
spin_dephasing,Spin dephasing,1.0,3.3333333333333335,rates_5052894f24b711d8,3.0,IZ,1,local,4.499774920141419e-10,0.00014065970464107155
spin_dephasing,Spin dephasing,1.0,3.3333333333333335,rates_5052894f24b711d8,3.0,XI,1,local,3.170835876898074e-08,0.0020339702591774225
spin_dephasing,Spin dephasing,1.0,3.3333333333333335,rates_5052894f24b711d8,3.0,XX,2,correlated,0.0583773119797686,0.002723344384544099
spin_dephasing,Spin dephasing,1.0,3.3333333333333335,rates_5052894f24b711d8,3.0,XY,2,correlated,4.351726596501843e-09,0.00014065589568892136
spin_dephasing,Spin dephasing,1.0,3.3333333333333335,rates_5052894f24b711d8,3.0,XZ,2,correlated,1.0670423424351578e-09,0.00010517483980294797
spin_dephasing,Spin dephasing,1.0,3.3333333333333335,rates_5052894f24b711d8,3.0,YI,1,local,-1.5932882551594378e-09,0.00010518730864187094
spin_dephasing,Spin dephasing,1.0,3.3333333333333335,rates_5052894f24b711d8,3.0,YX,2,correlated,-5.967907246736348e-09,0.0001406527950492376
spin_dephasing,Spin dephasing,1.0,3.3333333333333335,rates_5052894f24b711d8,3.0,YY,2,correlated,3.0573889247965057e-09,1.8304693052535818e-08
spin_dephasing,Spin dephasing,1.0,3.3333333333333335,rates_5052894f24b711d8,3.0,YZ,2,correlated,-1.5013064019170404e-09,1.3199009643322118e-08
spin_dephasing,Spin dephasing,1.0,3.3333333333333335,rates_5052894f24b711d8,3.0,ZI,1,local,-2.0853888236074515e-10,0.00014066386813740248
spin_dephasing,Spin dephasing,1.0,3.3333333333333335,rates_5052894f24b711d8,3.0,ZX,2,correlated,1.116177694156972e-09,0.00010515030154215023
spin_dephasing,Spin dephasing,1.0,3.3333333333333335,rates_5052894f24b711d8,3.0,ZY,2,correlated,-2.244687054929627e-09,0.0
spin_dephasing,Spin dephasing,1.0,3.3333333333333335,rates_5052894f24b711d8,3.0,ZZ,2,correlated,1.5348650974882493e-15,5.6538508143907235e-09
spin_dephasing,Spin dephasing,1.0,3.3333333333333335,rates_5052894f24b711d8,4.0,IX,1,local,6.768329192221085e-09,0.0024761999143451266
spin_dephasing,Spin dephasing,1.0,3.3333333333333335,rates_5052894f24b711d8,4.0,IY,1,local,-1.1832550132034046e-09,0.00010723471957601536
spin_dephasing,Spin dephasing,1.0,3.3333333333333335,rates_5052894f24b711d8,4.0,IZ,1,local,8.679595777873655e-10,0.00013863206111731308
spin_dephasing,Spin dephasing,1.0,3.3333333333333335,rates_5052894f24b711d8,4.0,XI,1,local,6.752210987084111e-09,0.0024762036153670305
spin_dephasing,Spin dephasing,1.0,3.3333333333333335,rates_5052894f24b711d8,4.0,XX,2,correlated,0.07271085859203336,0.00429310288793495
spin_dephasing,Spin dephasing,1.0,3.3333333333333335,rates_5052894f24b711d8,4.0,XY,2,correlated,6.322278501178176e-09,0.00013859706268990824
spin_dephasing,Spin dephasing,1.0,3.3333333333333335,rates_5052894f24b711d8,4.0,XZ,2,correlated,7.703817852355547e-09,0.00010720053249328653
spin_dephasing,Spin dephasing,1.0,3.3333333333333335,rates_5052894f24b711d8,4.0,YI,1,local,4.12189952755427e-09,0.00010723594984657109
spin_dephasing,Spin dephasing,1.0,3.3333333333333335,rates_5052894f24b711d8,4.0,YX,2,correlated,-1.2996862622636972e-08,0.00013859638283894972
spin_dephasing,Spin dephasing,1.0,3.3333333333333335,rates_5052894f24b711d8,4.0,YY,2,correlated,1.3524184298403636e-08,0.0
spin_dephasing,Spin dephasing,1.0,3.3333333333333335,rates_5052894f24b711d8,4.0,YZ,2,correlated,-3.785248698753109e-09,0.0
spin_dephasing,Spin dephasing,1.0,3.3333333333333335,rates_5052894f24b711d8,4.0,ZI,1,local,1.1295248279434453e-10,0.00013863414370672122
spin_dephasing,Spin dephasing,1.0,3.3333333333333335,rates_5052894f24b711d8,4.0,ZX,2,correlated,8.626865532225653e-09,0.00010719789948489229
spin_dephasing,Spin dephasing,1.0,3.3333333333333335,rates_5052894f24b711d8,4.0,ZY,2,correlated,1.2682800765769142e-08,0.0
spin_dephasing,Spin dephasing,1.0,3.3333333333333335,rates_5052894f24b711d8,4.0,ZZ,2,correlated,5.59802420542159e-16,6.872368658986149e-09
spin_dephasing,Spin dephasing,2.0,6.666666666666667,rates_b078dc36ac371a9a,0.01,IX,1,local,-1.3020146858402743e-09,0.000550595776079197
spin_dephasing,Spin dephasing,2.0,6.666666666666667,rates_b078dc36ac371a9a,0.01,IY,1,local,-4.025619460481482e-09,9.353837235270792e-05
spin_dephasing,Spin dephasing,2.0,6.666666666666667,rates_b078dc36ac371a9a,0.01,IZ,1,local,-1.0322752800398635e-10,0.00023564340631749843
spin_dephasing,Spin dephasing,2.0,6.666666666666667,rates_b078dc36ac371a9a,0.01,XI,1,local,-9.177219798623273e-09,0.0005505994233691274
spin_dephasing,Spin dephasing,2.0,6.666666666666667,rates_b078dc36ac371a9a,0.01,XX,2,correlated,0.013736476382074439,0.00016385441716858023
spin_dephasing,Spin dephasing,2.0,6.666666666666667,rates_b078dc36ac371a9a,0.01,XY,2,correlated,5.343129578866846e-10,0.000235622731138993
spin_dephasing,Spin dephasing,2.0,6.666666666666667,rates_b078dc36ac371a9a,0.01,XZ,2,correlated,-6.585405085559055e-10,9.35193658092173e-05
spin_dephasing,Spin dephasing,2.0,6.666666666666667,rates_b078dc36ac371a9a,0.01,YI,1,local,-2.2746564188177784e-09,9.354188165672761e-05
spin_dephasing,Spin dephasing,2.0,6.666666666666667,rates_b078dc36ac371a9a,0.01,YX,2,correlated,-9.992117829331944e-10,0.00023562296125112818
spin_dephasing,Spin dephasing,2.0,6.666666666666667,rates_b078dc36ac371a9a,0.01,YY,2,correlated,-1.148167578050767e-09,0.0
spin_dephasing,Spin dephasing,2.0,6.666666666666667,rates_b078dc36ac371a9a,0.01,YZ,2,correlated,2.255000465783985e-09,0.0
spin_dephasing,Spin dephasing,2.0,6.666666666666667,rates_b078dc36ac371a9a,0.01,ZI,1,local,-4.194228675009459e-11,0.00023564310717511493
spin_dephasing,Spin dephasing,2.0,6.666666666666667,rates_b078dc36ac371a9a,0.01,ZX,2,correlated,-7.534474948959469e-10,9.351592553588207e-05
spin_dephasing,Spin dephasing,2.0,6.666666666666667,rates_b078dc36ac371a9a,0.01,ZY,2,correlated,1.9300839141067506e-09,0.0
spin_dephasing,Spin dephasing,2.0,6.666666666666667,rates_b078dc36ac371a9a,0.01,ZZ,2,correlated,-2.9230148474798706e-17,2.837314391485583e-08
spin_dephasing,Spin dephasing,2.0,6.666666666666667,rates_b078dc36ac371a9a,1.0,IX,1,local,9.05343299844302e-09,0.0010704226024518197
spin_dephasing,Spin dephasing,2.0,6.666666666666667,rates_b078dc36ac371a9a,1.0,IY,1,local,-1.4830040527646647e-09,0.00012669311871081612
spin_dephasing,Spin dephasing,2.0,6.666666666666667,rates_b078dc36ac371a9a,1.0,IZ,1,local,-4.357331266568323e-12,0.0002024949196982231
spin_dephasing,Spin dephasing,2.0,6.666666666666667,rates_b078dc36ac371a9a,1.0,XI,1,local,9.16249383705062e-09,0.0010704197544420776
spin_dephasing,Spin dephasing,2.0,6.666666666666667,rates_b078dc36ac371a9a,1.0,XX,2,correlated,0.028806319065313443,0.0006158827005135253
spin_dephasing,Spin dephasing,2.0,6.666666666666667,rates_b078dc36ac371a9a,1.0,XY,2,correlated,1.3307838672488526e-09,0.0002024709819954351
spin_dephasing,Spin dephasing,2.0,6.666666666666667,rates_b078dc36ac371a9a,1.0,XZ,2,correlated,-1.7328499645655964e-09,0.00012666814319510223
spin_dephasing,Spin dephasing,2.0,6.666666666666667,rates_b078dc36ac371a9a,1.0,YI,1,local,3.4326604234447426e-09,0.000126690426861276
spin_dephasing,Spin dephasing,2.0,6.666666666666667,rates_b078dc36ac371a9a,1.0,YX,2,correlated,3.4237290253622276e-09,0.00020247128967018906
spin_dephasing,Spin dephasing,2.0,6.666666666666667,rates_b078dc36ac371a9a,1.0,YY,2,correlated,-3.088134600042688e-09,0.0
spin_dephasing,Spin dephasing,2.0,6.666666666666667,rates_b078dc36ac371a9a,1.0,YZ,2,correlated,-5.564511206662931e-10,0.0
spin_dephasing,Spin dephasing,2.0,6.666666666666667,rates_b078dc36ac371a9a,1.0,ZI,1,local,3.4580112095496637e-11,0.00020249464747891627
spin_dephasing,Spin dephasing,2.0,6.666666666666667,rates_b078dc36ac371a9a,1.0,ZX,2,correlated,-1.4117495441934178e-09,0.0001266707995875592
spin_dephasing,Spin dephasing,2.0,6.666666666666667,rates_b078dc36ac371a9a,1.0,ZY,2,correlated,-1.0853259366250468e-09,0.0
spin_dephasing,Spin dephasing,2.0,6.666666666666667,rates_b078dc36ac371a9a,1.0,ZZ,2,correlated,-1.4478202662035244e-17,1.85092016776481e-08
spin_dephasing,Spin dephasing,2.0,6.666666666666667,rates_b078dc36ac371a9a,2.0,IX,1,local,3.116556010883795e-08,0.0015667248950400866
spin_dephasing,Spin dephasing,2.0,6.666666666666667,rates_b078dc36ac371a9a,2.0,IY,1,local,-9.533006208347144e-09,0.0001356823309813121
spin_dephasing,Spin dephasing,2.0,6.666666666666667,rates_b078dc36ac371a9a,2.0,IZ,1,local,1.2838474899741865e-10,0.00019350950114240743
spin_dephasing,Spin dephasing,2.0,6.666666666666667,rates_b078dc36ac371a9a,2.0,XI,1,local,3.6044879943836214e-08,0.0015667056394541323
spin_dephasing,Spin dephasing,2.0,6.666666666666667,rates_b078dc36ac371a9a,2.0,XX,2,correlated,0.04373988463140677,0.0014847064228366393
spin_dephasing,Spin dephasing,2.0,6.666666666666667,rates_b078dc36ac371a9a,2.0,XY,2,correlated,-2.7037480416793006e-09,0.00019349528558573455
spin_dephasing,Spin dephasing,2.0,6.666666666666667,rates_b078dc36ac371a9a,2.0,XZ,2,correlated,1.1733590354039916e-09,0.00013564178395614586
spin_dephasing,Spin dephasing,2.0,6.666666666666667,rates_b078dc36ac371a9a,2.0,YI,1,local,2.633990442984122e-09,0.0001356642870057162
spin_dephasing,Spin dephasing,2.0,6.666666666666667,rates_b078dc36ac371a9a,2.0,YX,2,correlated,-2.4518918114712465e-09,0.0001934937982680492
spin_dephasing,Spin dephasing,2.0,6.666666666666667,rates_b078dc36ac371a9a,2.0,YY,2,correlated,2.3646057971623173e-09,2.2866308655922402e-09
spin_dephasing,Spin dephasing,2.0,6.666666666666667,rates_b078dc36ac371a9a,2.0,YZ,2,correlated,-2.562129227060572e-09,0.0
spin_dephasing,Spin dephasing,2.0,6.666666666666667,rates_b078dc36ac371a9a,2.0,ZI,1,local,-5.5188128068432604e-11,0.0001935098620699538
spin_dephasing,Spin dephasing,2.0,6.666666666666667,rates_b078dc36ac371a9a,2.0,ZX,2,correlated,1.4754315942595062e-09,0.00013566095432304855
spin_dephasing,Spin dephasing,2.0,6.666666666666667,rates_b078dc36ac371a9a,2.0,ZY,2,correlated,6.2981391246808535e-09,5.145609758595848e-10
spin_dephasing,Spin dephasing,2.0,6.666666666666667,rates_b078dc36ac371a9a,2.0,ZZ,2,correlated,-2.537669350726697e-16,1.0493809647843869e-08
spin_dephasing,Spin dephasing,2.0,6.666666666666667,rates_b078dc36ac371a9a,3.0,IX,1,local,-1.1401635505475662e-08,0.0020339500405911763
spin_dephasing,Spin dephasing,2.0,6.666666666666667,rates_b078dc36ac371a9a,3.0,IY,1,local,-5.333309560158633e-10,0.00014015753431398175
spin_dephasing,Spin dephasing,2.0,6.666666666666667,rates_b078dc36ac371a9a,3.0,IZ,1,local,4.5476415341064715e-10,0.0001890310194052003
spin_dephasing,Spin dephasing,2.0,6.666666666666667,rates_b078dc36ac371a9a,3.0,XI,1,local,8.843216288985286e-09,0.0020339526431336517
spin_dephasing,Spin dephasing,2.0,6.666666666666667,rates_b078dc36ac371a9a,3.0,XX,2,correlated,0.058377358883263265,0.002723344341301218
spin_dephasing,Spin dephasing,2.0,6.666666666666667,rates_b078dc36ac371a9a,3.0,XY,2,correlated,6.767598972833663e-09,0.0001890006049185091
spin_dephasing,Spin dephasing,2.0,6.666666666666667,rates_b078dc36ac371a9a,3.0,XZ,2,correlated,-3.5976416363274867e-09,0.00014013863795823227
spin_dephasing,Spin dephasing,2.0,6.666666666666667,rates_b078dc36ac371a9a,3.0,YI,1,local,2.0513940508962405e-10,0.0001401620392976716
spin_dephasing,Spin dephasing,2.0,6.666666666666667,rates_b078dc36ac371a9a,3.0,YX,2,correlated,5.55305541959274e-10,0.0001889966111474383
spin_dephasing,Spin dephasing,2.0,6.666666666666667,rates_b078dc36ac371a9a,3.0,YY,2,correlated,-5.537378058199114e-09,9.68979203801602e-09
spin_dephasing,Spin dephasing,2.0,6.666666666666667,rates_b078dc36ac371a9a,3.0,YZ,2,correlated,-7.744883735813347e-09,0.0
spin_dephasing,Spin dephasing,2.0,6.666666666666667,rates_b078dc36ac371a9a,3.0,ZI,1,local,-8.074630892215954e-10,0.0001890344550039381
spin_dephasing,Spin dephasing,2.0,6.666666666666667,rates_b078dc36ac371a9a,3.0,ZX,2,correlated,-3.5892203504791434e-09,0.0001401346911455474
spin_dephasing,Spin dephasing,2.0,6.666666666666667,rates_b078dc36ac371a9a,3.0,ZY,2,correlated,-2.4885440277701603e-09,0.0
spin_dephasing,Spin dephasing,2.0,6.666666666666667,rates_b078dc36ac371a9a,3.0,ZZ,2,correlated,1.6621519015362031e-15,6.91057196969963e-09
spin_dephasing,Spin dephasing,2.0,6.666666666666667,rates_b078dc36ac371a9a,4.0,IX,1,local,1.4306216256808482e-08,0.0024761904209594805
spin_dephasing,Spin dephasing,2.0,6.666666666666667,rates_b078dc36ac371a9a,4.0,IY,1,local,1.784872832386116e-09,0.0001429869790231036
spin_dephasing,Spin dephasing,2.0,6.666666666666667,rates_b078dc36ac371a9a,4.0,IZ,1,local,2.4368899350427416e-10,0.00018622133087567636
spin_dephasing,Spin dephasing,2.0,6.666666666666667,rates_b078dc36ac371a9a,4.0,XI,1,local,6.571890090682074e-09,0.002476192548270367
spin_dephasing,Spin dephasing,2.0,6.666666666666667,rates_b078dc36ac371a9a,4.0,XX,2,correlated,0.07271087610480655,0.004293105061074443
spin_dephasing,Spin dephasing,2.0,6.666666666666667,rates_b078dc36ac371a9a,4.0,XY,2,correlated,6.777834758703105e-10,0.00018617592541197493
spin_dephasing,Spin dephasing,2.0,6.666666666666667,rates_b078dc36ac371a9a,4.0,XZ,2,correlated,-8.309999049907558e-10,0.00014294465453136936
spin_dephasing,Spin dephasing,2.0,6.666666666666667,rates_b078dc36ac371a9a,4.0,YI,1,local,3.1242299813037702e-09,0.00014298375446000297
spin_dephasing,Spin dephasing,2.0,6.666666666666667,rates_b078dc36ac371a9a,4.0,YX,2,correlated,5.3005627094554935e-09,0.0001861803404242259
spin_dephasing,Spin dephasing,2.0,6.666666666666667,rates_b078dc36ac371a9a,4.0,YY,2,correlated,-3.82467299050495e-09,0.0
spin_dephasing,Spin dephasing,2.0,6.666666666666667,rates_b078dc36ac371a9a,4.0,YZ,2,correlated,1.4848522928835733e-09,0.0
spin_dephasing,Spin dephasing,2.0,6.666666666666667,rates_b078dc36ac371a9a,4.0,ZI,1,local,6.049807923415214e-10,0.00018622237321494625
spin_dephasing,Spin dephasing,2.0,6.666666666666667,rates_b078dc36ac371a9a,4.0,ZX,2,correlated,-2.29086943022405e-09,0.0001429424217424629
spin_dephasing,Spin dephasing,2.0,6.666666666666667,rates_b078dc36ac371a9a,4.0,ZY,2,correlated,-3.524088606476546e-09,0.0
spin_dephasing,Spin dephasing,2.0,6.666666666666667,rates_b078dc36ac371a9a,4.0,ZZ,2,correlated,-3.716726441329613e-18,1.3330474535881058e-08
spin_dephasing,Spin dephasing,4.0,13.333333333333334,rates_2bd2b1433a45a59b,0.01,IX,1,local,-8.311239888850053e-09,0.0005505599828692915
spin_dephasing,Spin dephasing,4.0,13.333333333333334,rates_2bd2b1433a45a59b,0.01,IY,1,local,-3.689132133149393e-09,0.00013794060241697484
spin_dephasing,Spin dephasing,4.0,13.333333333333334,rates_2bd2b1433a45a59b,0.01,IZ,1,local,-1.2395191445899898e-10,0.0003579080690976002
spin_dephasing,Spin dephasing,4.0,13.333333333333334,rates_2bd2b1433a45a59b,0.01,XI,1,local,-7.479722889510705e-09,0.0005505665235984252
spin_dephasing,Spin dephasing,4.0,13.333333333333334,rates_2bd2b1433a45a59b,0.01,XX,2,correlated,0.013736591616828163,0.00016385682897535276
spin_dephasing,Spin dephasing,4.0,13.333333333333334,rates_2bd2b1433a45a59b,0.01,XY,2,correlated,-2.1827210588210135e-09,0.0003578845133032815
spin_dephasing,Spin dephasing,4.0,13.333333333333334,rates_2bd2b1433a45a59b,0.01,XZ,2,correlated,5.425675943805432e-09,0.00013791338505255625
spin_dephasing,Spin dephasing,4.0,13.333333333333334,rates_2bd2b1433a45a59b,0.01,YI,1,local,-1.0352921057963256e-09,0.00013794731283904674
spin_dephasing,Spin dephasing,4.0,13.333333333333334,rates_2bd2b1433a45a59b,0.01,YX,2,correlated,-6.392444511402987e-09,0.0003578838239793476
spin_dephasing,Spin dephasing,4.0,13.333333333333334,rates_2bd2b1433a45a59b,0.01,YY,2,correlated,1.0829076811919663e-08,0.0
spin_dephasing,Spin dephasing,4.0,13.333333333333334,rates_2bd2b1433a45a59b,0.01,YZ,2,correlated,4.844679750546184e-09,0.0
spin_dephasing,Spin dephasing,4.0,13.333333333333334,rates_2bd2b1433a45a59b,0.01,ZI,1,local,2.33285819525784e-11,0.0003579082634957184
spin_dephasing,Spin dephasing,4.0,13.333333333333334,rates_2bd2b1433a45a59b,0.01,ZX,2,correlated,5.444616925622096e-09,0.0001379071695575736
spin_dephasing,Spin dephasing,4.0,13.333333333333334,rates_2bd2b1433a45a59b,0.01,ZY,2,correlated,5.6050508992855576e-09,0.0
spin_dephasing,Spin dephasing,4.0,13.333333333333334,rates_2bd2b1433a45a59b,0.01,ZZ,2,correlated,7.019967789015891e-17,6.029038527154292e-08
spin_dephasing,Spin dephasing,4.0,13.333333333333334,rates_2bd2b1433a45a59b,1.0,IX,1,local,6.855988051750129e-09,0.0010703963470648926
spin_dephasing,Spin dephasing,4.0,13.333333333333334,rates_2bd2b1433a45a59b,1.0,IY,1,local,2.5681314565174573e-09,0.00018926315269024476
spin_dephasing,Spin dephasing,4.0,13.333333333333334,rates_2bd2b1433a45a59b,1.0,IZ,1,local,-1.2412857916822282e-10,0.00030659344702012087
spin_dephasing,Spin dephasing,4.0,13.333333333333334,rates_2bd2b1433a45a59b,1.0,XI,1,local,7.862217862531122e-09,0.001070394279801765
spin_dephasing,Spin dephasing,4.0,13.333333333333334,rates_2bd2b1433a45a59b,1.0,XX,2,correlated,0.02880639144359513,0.0006158863178390431
spin_dephasing,Spin dephasing,4.0,13.333333333333334,rates_2bd2b1433a45a59b,1.0,XY,2,correlated,-5.712420563733575e-10,0.0003065696232301715
spin_dephasing,Spin dephasing,4.0,13.333333333333334,rates_2bd2b1433a45a59b,1.0,XZ,2,correlated,9.772774140442082e-10,0.0001892282282128192
spin_dephasing,Spin dephasing,4.0,13.333333333333334,rates_2bd2b1433a45a59b,1.0,YI,1,local,1.959174224485813e-09,0.00018926130712345864
spin_dephasing,Spin dephasing,4.0,13.333333333333334,rates_2bd2b1433a45a59b,1.0,YX,2,correlated,3.4980178687415958e-09,0.0003065697272765543
spin_dephasing,Spin dephasing,4.0,13.333333333333334,rates_2bd2b1433a45a59b,1.0,YY,2,correlated,1.7790486078708292e-09,4.332416433174306e-09
spin_dephasing,Spin dephasing,4.0,13.333333333333334,rates_2bd2b1433a45a59b,1.0,YZ,2,correlated,-1.1051862850623521e-09,0.0
spin_dephasing,Spin dephasing,4.0,13.333333333333334,rates_2bd2b1433a45a59b,1.0,ZI,1,local,4.280010467279382e-10,0.00030659329503698407
spin_dephasing,Spin dephasing,4.0,13.333333333333334,rates_2bd2b1433a45a59b,1.0,ZX,2,correlated,1.2263847200158889e-09,0.0001892301217158849
spin_dephasing,Spin dephasing,4.0,13.333333333333334,rates_2bd2b1433a45a59b,1.0,ZY,2,correlated,-3.967143749667043e-09,0.0
spin_dephasing,Spin dephasing,4.0,13.333333333333334,rates_2bd2b1433a45a59b,1.0,ZZ,2,correlated,1.6071368159068263e-16,3.2314126021705525e-08
spin_dephasing,Spin dephasing,4.0,13.333333333333334,rates_2bd2b1433a45a59b,2.0,IX,1,local,2.704008622531623e-08,0.0015666956605948825
spin_dephasing,Spin dephasing,4.0,13.333333333333334,rates_2bd2b1433a45a59b,2.0,IY,1,local,-5.5082240712286705e-09,0.00020316917273545003
spin_dephasing,Spin dephasing,4.0,13.333333333333334,rates_2bd2b1433a45a59b,2.0,IZ,1,local,-2.7289735284704487e-10,0.0002927006776854168
spin_dephasing,Spin dephasing,4.0,13.333333333333334,rates_2bd2b1433a45a59b,2.0,XI,1,local,2.3316551886263995e-08,0.0015666920624183359
spin_dephasing,Spin dephasing,4.0,13.333333333333334,rates_2bd2b1433a45a59b,2.0,XX,2,correlated,0.04373997347962952,0.0014846961329606312
spin_dephasing,Spin dephasing,4.0,13.333333333333334,rates_2bd2b1433a45a59b,2.0,XY,2,correlated,-4.70345832190987e-09,0.0002926577514409045
spin_dephasing,Spin dephasing,4.0,13.333333333333334,rates_2bd2b1433a45a59b,2.0,XZ,2,correlated,-7.851093283191316e-09,0.0002031279598736081
spin_dephasing,Spin dephasing,4.0,13.333333333333334,rates_2bd2b1433a45a59b,2.0,YI,1,local,-4.58445775628387e-09,0.00020316346483419053
spin_dephasing,Spin dephasing,4.0,13.333333333333334,rates_2bd2b1433a45a59b,2.0,YX,2,correlated,-1.2131861966476974e-09,0.00029265814837777697
spin_dephasing,Spin dephasing,4.0,13.333333333333334,rates_2bd2b1433a45a59b,2.0,YY,2,correlated,-1.556987117080196e-08,0.0
spin_dephasing,Spin dephasing,4.0,13.333333333333334,rates_2bd2b1433a45a59b,2.0,YZ,2,correlated,6.440900453138142e-09,0.0
spin_dephasing,Spin dephasing,4.0,13.333333333333334,rates_2bd2b1433a45a59b,2.0,ZI,1,local,-4.0451385964574316e-10,0.00029270159900464507
spin_dephasing,Spin dephasing,4.0,13.333333333333334,rates_2bd2b1433a45a59b,2.0,ZX,2,correlated,-8.600475211821247e-09,0.00020313234951810437
spin_dephasing,Spin dephasing,4.0,13.333333333333334,rates_2bd2b1433a45a59b,2.0,ZY,2,correlated,5.585381514469521e-09,0.0
spin_dephasing,Spin dephasing,4.0,13.333333333333334,rates_2bd2b1433a45a59b,2.0,ZZ,2,correlated,-1.1402117831391853e-15,3.331479495150371e-08
spin_dephasing,Spin dephasing,4.0,13.333333333333334,rates_2bd2b1433a45a59b,3.0,IX,1,local,-1.2868197503841648e-08,0.0020339443785731747
spin_dephasing,Spin dephasing,4.0,13.333333333333334,rates_2bd2b1433a45a59b,3.0,IY,1,local,5.614281001146924e-10,0.00021011424464811144
spin_dephasing,Spin dephasing,4.0,13.333333333333334,rates_2bd2b1433a45a59b,3.0,IZ,1,local,5.028071261244921e-10,0.0002857596582360783
spin_dephasing,Spin dephasing,4.0,13.333333333333334,rates_2bd2b1433a45a59b,3.0,XI,1,local,1.4405591679469523e-08,0.0020339246653396817
spin_dephasing,Spin dephasing,4.0,13.333333333333334,rates_2bd2b1433a45a59b,3.0,XX,2,correlated,0.058377433650700646,0.0027233445385878865
spin_dephasing,Spin dephasing,4.0,13.333333333333334,rates_2bd2b1433a45a59b,3.0,XY,2,correlated,-1.2366248011968391e-08,0.0002857215220583241
spin_dephasing,Spin dephasing,4.0,13.333333333333334,rates_2bd2b1433a45a59b,3.0,XZ,2,correlated,2.118022832825115e-09,0.000210063716647907
spin_dephasing,Spin dephasing,4.0,13.333333333333334,rates_2bd2b1433a45a59b,3.0,YI,1,local,2.689004347973006e-09,0.00021009941819975417
spin_dephasing,Spin dephasing,4.0,13.333333333333334,rates_2bd2b1433a45a59b,3.0,YX,2,correlated,1.091229142449089e-08,0.0002857180069655754
spin_dephasing,Spin dephasing,4.0,13.333333333333334,rates_2bd2b1433a45a59b,3.0,YY,2,correlated,3.1110480190882433e-09,9.21704293712299e-09
spin_dephasing,Spin dephasing,4.0,13.333333333333334,rates_2bd2b1433a45a59b,3.0,YZ,2,correlated,3.4611560599671294e-09,0.0
spin_dephasing,Spin dephasing,4.0,13.333333333333334,rates_2bd2b1433a45a59b,3.0,ZI,1,local,-9.650600734488355e-11,0.0002857618543992977
spin_dephasing,Spin dephasing,4.0,13.333333333333334,rates_2bd2b1433a45a59b,3.0,ZX,2,correlated,9.410251205713634e-10,0.00021007986202505947
spin_dephasing,Spin dephasing,4.0,13.333333333333334,rates_2bd2b1433a45a59b,3.0,ZY,2,correlated,-8.809941259822445e-09,0.0
spin_dephasing,Spin dephasing,4.0,13.333333333333334,rates_2bd2b1433a45a59b,3.0,ZZ,2,correlated,-5.31793859153986e-16,1.3358184738042345e-08
spin_dephasing,Spin dephasing,4.0,13.333333333333334,rates_2bd2b1433a45a59b,4.0,IX,1,local,2.124006263143537e-09,0.0024761900335336126
spin_dephasing,Spin dephasing,4.0,13.333333333333334,rates_2bd2b1433a45a59b,4.0,IY,1,local,9.563805130653162e-09,0.00021448992872505506
spin_dephasing,Spin dephasing,4.0,13.333333333333334,rates_2bd2b1433a45a59b,4.0,IZ,1,local,-4.399056819699886e-10,0.00028140612466743387
spin_dephasing,Spin dephasing,4.0,13.333333333333334,rates_2bd2b1433a45a59b,4.0,XI,1,local,-1.2195491213875977e-08,0.002476174885471039
spin_dephasing,Spin dephasing,4.0,13.333333333333334,rates_2bd2b1433a45a59b,4.0,XX,2,correlated,0.07271099403838785,0.004293105522488873
spin_dephasing,Spin dephasing,4.0,13.333333333333334,rates_2bd2b1433a45a59b,4.0,XY,2,correlated,-1.4390838898317339e-08,0.00028135461113683807
spin_dephasing,Spin dephasing,4.0,13.333333333333334,rates_2bd2b1433a45a59b,4.0,XZ,2,correlated,9.192665658396307e-09,0.00021440860243152713
spin_dephasing,Spin dephasing,4.0,13.333333333333334,rates_2bd2b1433a45a59b,4.0,YI,1,local,-6.7843851353735195e-09,0.0002144726533202159
spin_dephasing,Spin dephasing,4.0,13.333333333333334,rates_2bd2b1433a45a59b,4.0,YX,2,correlated,8.951273857382344e-09,0.0002813611279941996
spin_dephasing,Spin dephasing,4.0,13.333333333333334,rates_2bd2b1433a45a59b,4.0,YY,2,correlated,1.1986991461173989e-08,6.856841496110928e-09
spin_dephasing,Spin dephasing,4.0,13.333333333333334,rates_2bd2b1433a45a59b,4.0,YZ,2,correlated,1.039539552617488e-08,0.0
spin_dephasing,Spin dephasing,4.0,13.333333333333334,rates_2bd2b1433a45a59b,4.0,ZI,1,local,5.6854401233849e-10,0.0002814039697936497
spin_dephasing,Spin dephasing,4.0,13.333333333333334,rates_2bd2b1433a45a59b,4.0,ZX,2,correlated,5.035461466378251e-09,0.0002144215158526451
spin_dephasing,Spin dephasing,4.0,13.333333333333334,rates_2bd2b1433a45a59b,4.0,ZY,2,correlated,-4.991890200375789e-09,0.0
spin_dephasing,Spin dephasing,4.0,13.333333333333334,rates_2bd2b1433a45a59b,4.0,ZZ,2,correlated,1.4000554152504434e-15,1.5342277391236503e-08
