n_bar,chi_XX_XX_fit,chi_XX_XX_ci95_lower,chi_XX_XX_ci95_upper,abs_chi_II_XX_fit,abs_chi_II_XX_ci95_lower,abs_chi_II_XX_ci95_upper,chi_IX_IX_fit,chi_IX_IX_ci95_lower,chi_IX_IX_ci95_upper,chi_XI_XI_fit,chi_XI_XI_ci95_lower,chi_XI_XI_ci95_upper
0.01,0.0003526292178285,0.0003526292178285,0.0003526292178285,0.0137116490417486,0.0137116490417486,0.0137116490417486,0.0005489608622183,0.0005489608622183,0.0005489608622183,0.0005489657832441,0.0005489657832441,0.0005489657832441
0.03001001001001001,0.00036598421201665496,0.0003659314452579638,0.00036603571869871064,0.014019734524258257,0.014019480039775128,0.01401997882866076,0.0005596791726381181,0.000559673671855453,0.0005596862475618313,0.0005596839909781602,0.000559678156485881,0.0005596905545297838
0.05002002002002002,0.000379710574054766,0.0003796056741460595,0.00037981318664577013,0.01432764355036214,0.014327136439578225,0.014328129538037705,0.000570384584867223,0.0005703736408058938,0.0005703986712552476,0.0005703893011914037,0.0005703776918720458,0.0005704023610898204
0.07003003003003003,0.0003938075880616493,0.00039365118520205385,0.00039396090729874487,0.014635375937665502,0.014634617985416248,0.0146361010001409,0.0005810771143622787,0.000581060784255662,0.0005810981483751942,0.0005810817293385419,0.0005810644045714344,0.0005811012327094664
0.09004004004004003,0.00040827453884445894,0.0004080672223743971,0.00040847816697257334,0.014942931504307455,0.01494192451082796,0.01494389304574041,0.0005917567765654845,0.0005917351173768565,0.0005917846948102279,0.0005917612908598235,0.0005917383097389845,0.0005917871823107827
0.11005005005005004,0.0004231107118986873,0.0004228530705957746,0.0004233640753670745,0.015250310068960977,0.015249055827714327,0.0152515055061149,0.0006024235869045737,0.0006023966553276355,0.0006024583262691528,0.0006024280011810328,0.0006023994225157326,0.0006024602246045086
0.13006006006006005,0.0004383153934081648,0.0004380080226422982,0.00043861801878552966,0.015557511450832912,0.015556011748522159,0.015558938213051645,0.0006130775607928144,0.0006130454132522177,0.0006131190584261998,0.0006130818757134926,0.0006130477580288135,0.000613120375249809
0.15007007007007006,0.0004538878702450602,0.0004535311569985771,0.0004542392923394982,0.015864535469663973,0.015862792086244113,0.01586619099884652,0.0006237187136290097,0.0006236814062808806,0.000623766906828813,0.0006237229298540612,0.0006236833313914594,0.0006237676498909001
0.17008008008008008,0.00046982742996988036,0.00046942185847921375,0.00047022718575323987,0.016171381945728733,0.016169396654418678,0.016173263696304015,0.0006343470607974968,0.0006343046495299623,0.0006344018872075047,0.0006343511789851346,0.0006343061577030018,0.0006344020641570504
0.1900900900900901,0.00048613336083147026,0.00048567944861112295,0.0004865809894348724,0.01647805069983564,0.0164758252671302,0.016480156138737198,0.0006449626176681475,0.0006449151581018602,0.0006450240151945992,0.0006449666384746449,0.0006449162520488696,0.000645023630626502
0.2101001001001001,0.0005028049517670132,0.0005023032137835528,0.0005032999833734347,0.016784541553326985,0.016782077739008864,0.01678686815996778,0.0006555653995963691,0.0006555129470850316,0.0006556333064075031,0.0006555693236760616,0.0006555136295005907,0.0006556323670138475
0.2301101101101101,0.0005198414924020304,0.0005192924410793498,0.000520383452646022,0.017090854328078952,0.01708815564726567,0.01709339959432604,0.0006661554219231022,0.0006660980315539932,0.0006662297764487044,0.0006661592499283911,0.0006660983063267544,0.0006662282020767663
0.2501201201201201,0.0005372422730503815,0.0005366464182749579,0.0005378307026156597,0.01739698884650157,0.017394059482258657,0.017399750276650885,0.0006767326999748234,0.0006766704265693218,0.0006768134409057734,0.0006767364325561759,0.0006766702987592958,0.0006768111536253632
0.2701301301301301,0.0005550065847142641,0.0005543644338404197,0.0005556409549867313,0.017702944931538747,0.01769978727910647,0.017705920042289807,0.0006872972490635427,0.0006872301764964045,0.000687384314947286,0.0006873008868694965,0.0006872296199947121,0.0006873812955679462
0.2901401401401401,0.0005731337190842143,0.0005724457769393761,0.0005738128071934821,0.01800872240666824,0.018005338850597675,0.018011908727098923,0.0006978490844868057,0.0006977773384127201,0.0006979424141689782,0.0006978526281639693,0.0006977764350821489,0.0006979386436470129
0.31015015015015013,0.000591622968539106,0.0005908897374290653,0.0005923462066069031,0.01831432109590169,0.018310714010074808,0.01831771616744295,0.0007083882215276922,0.0007083118693750419,0.0007084877178895013,0.0007083916717207478,0.0007083106672834446,0.0007084832135896289
0.33016016016016014,0.0006104736261461514,0.0006096956058603247,0.0006112404492611103,0.018619740823784585,0.018615912571434363,0.018623342200195195,0.0007189146754548166,0.0007188337842578541,0.000719020185383242,0.0007189180328065226,0.000718832298555452,0.0007190151424816851
0.35017017017017016,0.0006296849856609009,0.0006288627559592225,0.0006304948318722221,0.018924981415396294,0.018920934392550368,0.01892878666273758,0.0007294284615223279,0.0007293430979220892,0.0007295399086840595,0.0007294317266735208,0.0007293411995877143,0.0007295343603436732
0.3701801801801802,0.0006492563415272433,0.0006483906490017895,0.0006501086518383606,0.019230042696350053,0.019225779427744876,0.01923404939296063,0.00073992959496991,0.0007398398252151299,0.0007400469045237431,0.0007399327685595065,0.0007398374238631169,0.0007400408638711005
0.3901901901901902,0.000669186988877405,0.0006682783607135805,0.0006700812072396497,0.019534924492792937,0.019530447339140715,0.01953913022926347,0.000750418091022781,0.0007503239809708072,0.0007505411885347441,0.0007504211736877807,0.0007503210661077967,0.0007505346685855695
0.4102002002002002,0.000689476223531951,0.0006885251928165284,0.000690411796838217,0.019839626631405916,0.01983493793754165,0.019844029010553838,0.0007608939648916941,0.0007607955800094019,0.0007610227760653701,0.0007608969572671813,0.0007607921412704594,0.0007610157894769156
0.43021021021021016,0.0007101233419997846,0.0007091304386697918,0.0007110997200781925,0.020144148939403812,0.020139251039418816,0.020148745576248073,0.000771357231772937,0.0007712546371376435,0.0007714916826087865,0.0007713601344920824,0.0007712506642858446,0.0007714842391459064
0.4502202202202202,0.0007311276414781469,0.0007300933859442235,0.0007321442770554231,0.020448491244535308,0.020443386461797837,0.020453279766271117,0.0007818079068483317,0.0007817011328599063,0.0007819479240751759,0.000781810720542396,0.0007816966500747262,0.0007819400361248031
0.4702302302302302,0.0007524884198526171,0.0007514131354315581,0.0007535447329607199,0.020752653375082964,0.02074734402225877,0.020757631421056508,0.0007922460052852354,0.000792135043316763,0.0007923915160364286,0.0007922487305835704,0.0007921301135439122,0.0007923831958776629
0.4902402402402402,0.0007742049756971133,0.000773089511688198,0.0007753004220136212,0.021056635159863196,0.0210511235389361,0.0210618003815464,0.0008026715422365393,0.000802556447802723,0.0008028224740490649,0.0008026741797665903,0.000802551071967059,0.0008028137338534909
0.5102502502502502,0.0007962766082738907,0.0007951212893776852,0.0007974106464089444,0.02136043642822629,0.021354724830518795,0.021365786489191557,0.00081308453284067,0.0008129653611668676,0.0008132408136542362,0.0008130870832279781,0.0008129595404362058,0.0008132316654862407
0.5302602602602602,0.0008187026175335435,0.0008175079700676759,0.0008198747090234562,0.0216640570100564,0.021658147716250253,0.021669589585951332,0.0008234849922215876,0.0008233617982444109,0.0008236465503777255,0.0008234874560897926,0.0008233555315856921,0.000823637006194814
0.5502702702702702,0.0008414823041150042,0.0008402488396610192,0.0008426919134158725,0.021967496735771534,0.021961392015928328,0.021973209514293688,0.0008338729354887881,0.0008337457738567002,0.0008340396997299459,0.0008338753134596295,0.0008337390602634437,0.0008340297713830603
0.5702802802802802,0.0008646149693455424,0.0008633431904694173,0.0008658615638268577,0.022270755436323574,0.022264457549905317,0.022276646117195185,0.0008442483777373013,0.0008441173028112158,0.000844420277205942,0.0008442506704306212,0.0008441101413034289,0.0008444099764397772
0.5902902902902902,0.0008880999152407669,0.0008867903218025923,0.0008893829651790264,0.022573832943198268,0.022567344139087973,0.022579899238141007,0.000854611334047692,0.000854476399901572,0.0008547882982853891,0.0008546135420814371,0.0008544687895256589,0.0008547776367387106
0.6103003003003002,0.0009119364445046244,0.0009105895336645261,0.000913255423076941,0.02287672908841522,0.022870051604937488,0.022882968721124927,0.0008649618194860593,0.0008648230799075157,0.0008651437784325933,0.0008649639434762835,0.0008648152117332514,0.0008651327676385541
0.6303103103103103,0.0009361238605293997,0.0009347401267534606,0.0009374782438071141,0.023179443704527916,0.02317257976946952,0.02318585441064932,0.0008752998491040374,0.0008751573575949276,0.0008754867330964916,0.0008753018896649035,0.0008751492678694558,0.0008754753844829493
0.6503203203203203,0.0009606614673957154,0.0009592414024618954,0.0009620507343380072,0.02348197662462369,0.0234749326208161,0.023488556151725182,0.0008856254379387946,0.0008854791637519221,0.0008858171777106525,0.0008856273956825769,0.0008854709485517857,0.0008858055026004867
0.6703303303303303,0.0009855485698725328,0.0009840926628765915,0.0009869722023200305,0.023784327682323757,0.023777106326915577,0.023791073789872098,0.0008959386010130344,0.0008957885456103162,0.0008961351276932751,0.0008959404765501205,0.0008957802684178402,0.0008961231373047037
0.6903403403403403,0.0010107844734171514,0.0010092932107785672,0.0010122419560855435,0.024086496711783176,0.024079100438110526,0.024093409350752767,0.0009062393533349943,0.0009060855629677502,0.000906440598447189,0.0009062411472738878,0.0009060772420916349,0.0009064283038940867
0.7103503503503503,0.0010363684841752086,0.0010348423496431025,0.0010378593046488553,0.0243884835476909,0.024380914775331042,0.024395564379086097,0.0009165277098984469,0.0009163702365039839,0.0009167336053598556,0.0009165294228457693,0.0009163618841836007,0.0009167210176520698
0.7303603603603603,0.0010622999089806798,0.0010607393836397343,0.0010638235577062225,0.024690288025269715,0.024682549160071995,0.024697535155337205,0.0009268036856826994,0.0009266425747322176,0.0009270141638033665,0.0009268053182431924,0.0009266342092905846,0.0009270012938470347
0.7503703703703704,0.0010885780553558794,0.0010869836176322612,0.0010901340256358537,0.024991909980276294,0.024984003414393025,0.02499932152451482,0.0009370672956525934,0.0009369025924089807,0.0009372822891344447,0.0009370688484291211,0.0009368942319958502,0.0009372691477323121
0.7703803803803804,0.0011152022315114587,0.0011135743571787397,0.0011167900194979038,0.025293349249001174,0.02528527736091852,0.02530092333214258,0.0009473185547585055,0.000947150304276712,0.0009475379966944438,0.0009473200283520565,0.0009471419668690765,0.0009475245945461801
0.7903903903903904,0.0011421717463464085,0.0011405109085314857,0.0011437908510344783,0.025594605668268745,0.025586370822837656,0.025602340424258994,0.0009575574779363461,0.000957385725063759,0.0009577813018093483,0.0009575588729460363,0.0009573774284663585,0.000957767645518521
0.8104004004004004,0.0011694859094480566,0.0011677925786370753,0.0011711358326696314,0.025895679075437286,0.025887283643722912,0.025903572647417463,0.0009677840801075616,0.0009676088694843788,0.0009680122197897745,0.000967785397130635,0.0009676004384312016,0.0009679983173606228
0.8304104104104103,0.00119714403109207,0.0011954186751363433,0.0011988243937365865,0.026196569308398907,0.02618801596012141,0.026204619848686283,0.0009779983761791316,0.0009778197522387368,0.0009782309186292363,0.0009779996158109643,0.0009778108618297913,0.0009782166274781281
0.8504204204204203,0.0012251454222424523,0.001223387964803498,0.0012268574082414999,0.026497276205579613,0.02648856727975864,0.026505481875648617,0.0009882003810435713,0.0009880184151835549,0.0009884374234845972,0.0009882015438776727,0.000988009020388102,0.0009884225910520427
0.8704304304304303,0.0012534893945515481,0.001251696198991623,0.0012552325898269082,0.02679779960593926,0.02678893742792687,0.02680615857640254,0.0009983901095789302,0.0009982052225577227,0.0009986315999357777,0.0009983911962069454,0.0009981949405654983,0.0009986162232483108
0.8904404404404404,0.0012821752603600373,0.0012803465977983253,0.0012839492529921719,0.027098139348971567,0.02708912623048355,0.027106649799560976,0.0010085675766487924,0.0010083798285284854,0.0010088134631004717,0.001008568587660504,0.0010083686370615636,0.0010087975301770768
0.9104504504504504,0.0013112023326969386,0.0013093384733860911,0.0013130067129202467,0.02739829527470414,0.027389133513851402,0.0274069553051087,0.0010187327971022766,0.0010185422475740172,0.0010189827321072892,0.001018733733085608,0.001018530124561707,0.001018966190609165
0.9304604604604604,0.0013405699252796107,0.0013386711386068155,0.0013424042854776896,0.027698267223698423,0.02768895910501831,0.02770707482871594,0.0010288857857740365,0.0010286922980296143,0.0010291396316478305,0.0010288866473150522,0.0010286794177371639,0.0010291225517474953
0.9504704704704704,0.0013702773525137485,0.0013683446210786075,0.0013721412872146528,0.027998055037049722,0.02798861115052171,0.028007008412347517,0.00103902655748426,0.0010388299863636923,0.0010392842485671915,0.0010390273451671703,0.0010388165312449952,0.001039266628850149
0.9704804804804804,0.0014003239294933857,0.0013983609622109571,0.0014022170353648865,0.028297658556387252,0.02828806399572492,0.028306755906757488,0.0010491551270386693,0.0010489555163797999,0.0010494165983098117,0.0010491558414458307,0.0010489414797280872,0.0010493984371596832
0.9904904904904904,0.0014307089720008938,0.0014287161839508008,0.0014326308478457407,0.028597077623874038,0.028587342913336356,0.028606317163214625,0.0010592715092285223,0.0010590689026291004,0.0010595366960427235,0.0010592721509404405,0.0010590542786207714,0.0010595179919031257
1.0105005005005003,0.0014614317965069832,0.0014594096004754212,0.0014633820432581601,0.02889631208220701,0.028886439433008528,0.028905692033502402,0.0010693757188306107,0.0010691701596488162,0.0010696445569176468,0.0010693762884259423,0.001069154943070416,0.0010696253082919792
1.0305105105105103,0.001492491720170702,0.0014904405266555761,0.0014944699408866906,0.029195361774616943,0.02918535346332979,0.029204880369919,0.001079467770607261,0.0010792593019622295,0.001079740196070991,0.0010794682686628163,0.0010792434863981322,0.0010797204015222195
1.0505205205205204,0.001523888060839437,0.001521808278055497,0.0015258938606994724,0.029494226544868492,0.029484085273986785,0.02950388202527729,0.0010895476793063344,0.0010893363440786807,0.0010898236286238552,0.001089548106397079,0.0010893201960624497,0.0010898032867742956
1.0705305305305304,0.0015556201370489125,0.001553512170932888,0.0015576531233482463,0.029792906237260153,0.029782634197681547,0.029802696852904854,0.0010996154596612272,0.001099401300493569,0.001099894869682025,0.0010996158163602842,0.0010993849437195334,0.0010998739792131298
1.0905405405405404,0.0015876872680231908,0.0015855515222389282,0.001589744975396978,0.030091400696624315,0.030081000065914514,0.03010132470664399,0.0011096711263908691,0.0011094541856883525,0.0011099539343359759,0.0011096714132695226,0.001109437626625559,0.0011099324939881179
1.1105505505505504,0.0016200887736746736,0.0016179256496182696,0.0016221706659921163,0.030389709768327215,0.03037918749219627,0.030399765440851687,0.0011197146941997259,0.0011194950141305477,0.0011200008376608722,0.001119714911827421,0.0011194782589520654,0.001119978846233129
1.1305605605605604,0.0016528239746040998,0.0016506338714090377,0.0016549295993033323,0.030687833298268966,0.030677197775558704,0.030698018910399628,0.0011297461777777967,0.0011295238002737317,0.0011300355947165672,0.001129746326722144,0.0011295068550899393,0.0011300130510665056
1.1505705705705704,0.001685892192100546,0.0016836756489208087,0.001688021099399133,0.030985771132883533,0.030975024833826553,0.030996087894837,0.001139765591800616,0.0011395405487669831,0.0011400582205476014,0.0011397656726273926,0.0011395234294163405,0.0011400353649613114
1.1705805805805805,0.0017192927481414282,0.0017170501652347284,0.0017214469316312027,0.03128352311913876,0.03127266849781001,0.03129397228533176,0.0011497729509292532,0.0011495451463929237,0.001150068867476093,0.0011497729642024042,0.0011495279962946989,0.0011500458572651934
1.1905905905905905,0.0017530249653924996,0.0017507567393032183,0.0017552059165403678,0.03158108910453635,0.031570120496155686,0.03159166913752236,0.0011597682698103115,0.0011595377415871556,0.0011600674530347322,0.001159768216091954,0.0011595205700747175,0.001160044262170262
1.2106006006006005,0.0017870881672078524,0.001784794692197026,0.0017892955659277632,0.03187846893711187,0.03186737488532391,0.03188917830628908,0.0011697515630759293,0.0011695183505609304,0.0011700539574889231,0.0011697514429263537,0.0011695011650923713,0.0011700305945568255
1.2306106106106105,0.0018214816776299162,0.001819163345680492,0.0018237152053681206,0.03217566246543475,0.03216444477776772,0.03218649800595066,0.0011797228453437796,0.0011794873203715857,0.001180028395781179,0.001179722659321451,0.0011794697956699057,0.0011800048692902122
1.2506206206206205,0.0018562048213894595,0.0018538620222115468,0.0018584641611215282,0.032472669538608286,0.03246133001269532,0.03248361014179167,0.0011896821312170696,0.0011894445077709156,0.0011899907828387978,0.0011896818798786317,0.0011894264761158392,0.0011899671009317745
1.2706306306306305,0.0018912569239055881,0.0018888900449417127,0.0018935412924310077,0.03276949000626965,0.032758030429870334,0.032780538879348516,0.0011996294352845415,0.0011993896508070247,0.001199941133573861,0.0011996291191848176,0.0011993712207249616,0.0011999173020033288
1.2906406406406405,0.0019266373112857467,0.0019242467377161045,0.0019289448122644028,0.033066123718589885,0.03305455085441441,0.03307728965651395,0.0012095647721204724,0.001209323090478514,0.0012098794628832349,0.0012095643918124674,0.0012093040437783343,0.001209855489859863
1.3106506506506506,0.001962345310325718,0.0019599314250734272,0.0019646755790325107,0.03336257052627386,0.03335089151449934,0.03337385190028969,0.0012194881562846735,0.0012192446295587658,0.0012198057856485707,0.0012194877123195777,0.0012192249595432906,0.0012197816793078256
1.3306606606606606,0.0019983802485096223,0.001995943432245977,0.002000732922243013,0.03365883028056033,0.03364704712665443,0.033670225470539876,0.0012293996023224904,0.0012291542822565938,0.0012297201167363026,0.00122939909524968,0.0012291339822734356,0.0012296958851386785
1.3506706706706706,0.002034741454009919,0.002032282085159642,0.0020371161720872826,0.03395490283322196,0.03394300116740436,0.03396641022764381,0.0012392991247648045,0.001239052062767136,0.0012396224709976505,0.0012392985551318446,0.0012390311262086469,0.0012395982097913644
1.3706806806806806,0.002071428255687405,0.0020689467104339026,0.002073824659440384,0.034250788036565206,0.03423876606322848,0.03426240603249597,0.0012491867381280307,0.0012489379852718553,0.0012495128632686186,0.0012491861064806776,0.0012489164055750723,0.001249488908411532
1.3906906906906906,0.002108439983091216,0.002105936635381829,0.0021108576471010046,0.03454648574343042,0.034534344952392874,0.03455821274650607,0.0012590624569141185,0.0012588120639385385,0.0012593913083699946,0.0012590617637963217,0.001258789834585133,0.0012593676780379016
1.4107007007007006,0.0021457759664588252,0.002143251188010084,0.002148214496655999,0.034841995807191856,0.034829743104551454,0.03485383023159893,0.001268926295610554,0.001268674004703754,0.0012692578211073516,0.0012689255415644577,0.0012686513512826917,0.0012692345333248703
1.4307107107107107,0.002183435536716044,0.002180889697018921,0.002185894578071349,0.035137318081757574,0.03512495872509859,0.03514925835021462,0.0012787782686903544,0.001278524036000187,0.0012791124162710456,0.0012787774542563014,0.0012785009332474527,0.0012790894889120343
1.4507207207207207,0.002221418025477023,0.0022188514918021853,0.002223897224984337,0.03543245242156952,0.035419988098859184,0.03544449696530833,0.0012886183906120749,0.0012883622685604878,0.001288955108636219,0.0012886175163286076,0.0012883387036886943,0.0012889325594241925
1.4707307307307307,0.002259722765044249,0.0022571359024473143,0.0022622217717158566,0.035727398681603545,0.03571483107126453,0.0357395459403505,0.0012984466758198033,0.0012981887050153111,0.001298785912962797,0.001298445742223666,0.0012981646768249677,0.0012987637594713457
1.4907407407407407,0.002298349088408549,0.0022957422597353356,0.0023008675532704037,0.03602215671736929,0.03600948748830106,0.03603440513932671,0.0013082631387431628,0.0013080033595430438,0.0013086048439954895,0.0013082621463693042,0.0013079788668608596,0.0013085831036486954
1.5107507507507507,0.0023372963292490876,0.002334669895140868,0.002339833702836866,0.03631672638491032,0.03630395719651023,0.03632907442673772,0.0013180677937973115,0.0013178062463081873,0.0013184119164637918,0.0013180667431788866,0.001317781287986991,0.0013183901814084033
1.5307607607607607,0.0023765638219333664,0.0023739181408321238,0.0023791179692803067,0.03661110754080406,0.03659824049314243,0.0366235536675995,0.0013278606553829412,0.0013275973794613575,0.0013282073056918072,0.0013278595470513138,0.001327571954380018,0.0013281851762431498
1.5507707707707707,0.002416150901517227,0.0024134863296709037,0.002418721441898086,0.03690530004216177,0.03689233730691886,0.03691784262689521,0.0013376417378862795,0.0013373767731392836,0.0013379908151528405,0.001337640572371024,0.001337350880202632,0.0013379683448034815
1.5707807807807808,0.002456056903744847,0.002453373795212603,0.0024586434589666177,0.037199303746628595,0.03718625418516487,0.037211940856014605,0.0013474110556790874,0.0013471444414648096,0.001347762339165763,0.0013474098335079917,0.001347118079603558,0.0013477396897964788
1.5907907907907908,0.002496281165048744,0.0024935798717062047,0.0024988833594443154,0.03749311851238356,0.03748000442966361,0.03750584862654646,0.0013571686231186614,0.0013569003985468928,0.0013575220626298318,0.0013571673448177287,0.001356873566717557,0.0013574992346300995
1.6108008008008008,0.0025368230225497742,0.0025341039015038366,0.002539440482971593,0.037786744198139516,0.037773567770090874,0.0377995658056753,0.0013669144545478324,0.0013666446584806064,0.0013672700002302386,0.0013669131206412838,0.0013666173556654232,0.0013672469968504007
1.6308108108108106,0.0025776818140571295,0.0025749452249768682,0.002580314169870863,0.03808018066314321,0.03806694405048054,0.03809309226110049,0.0013766485642949659,0.0013763775124246455,0.0013770062359455232,0.0013766471753052416,0.0013763494605539878,0.0013769829910862225
1.6508208208208206,0.0026188568780683417,0.0026161031666205627,0.002621503761146539,0.03837342776717524,0.038360133115438226,0.03838642786103627,0.0013863709666739616,0.0013860988407251172,0.0013867307273623512,0.0013863695231217247,0.0013860698954761155,0.0013867072319512154
1.6708308308308306,0.0026603475537692817,0.0026575770634525058,0.002663008598485031,0.0386664853705501,0.03865313481014122,0.0386795724742117,0.001396081675984255,0.0013958085214778775,0.001396443641036299,0.0013960801783883916,0.001395778674510706,0.0013964197340438393
1.6908408408408406,0.002702153181034156,0.0026993662531838943,0.0027048280242547513,0.03895935333411609,0.03894594898033857,0.03897252596987071,0.001405780706510815,0.0014055061998195773,0.0014061448964769257,0.0014057791553884382,0.0014054758117226938,0.0014061205119473637
1.7108508508508506,0.0027442731004255114,0.0027414700742195426,0.0027469621331777153,0.03925203151925544,0.039238575472351024,0.0392652880799703,0.001415468072524146,0.0014151921133984603,0.0014158344399324374,0.001415466468390598,0.0014151613211630472,0.0014158095802298692
1.7308608608608607,0.0027867066531942317,0.0027838878656578758,0.0027894145492839487,0.03954451978788419,0.03953101413307108,0.03955785830782342,0.0014251437882802861,0.0014248664118514413,0.0014255122911739151,0.0014251421316491388,0.0014248352168687718,0.0014254869534442451
1.7508708708708707,0.0028294531812795404,0.002826618967290936,0.0028321796763629828,0.0398368180024523,0.03982326480996291,0.03985023808275556,0.001434807868020809,0.0014345291091702429,0.001435178464734161,0.0014348061594038684,0.0014344975128629054,0.001435152883213515
1.7708808808808807,0.002872512027308996,0.002869662719604375,0.0028752568581334767,0.04012892602594353,0.04011532735106248,0.04014242618024101,0.0014444603259728228,0.0014441802193328032,0.001444832975130751,0.0014444585658801295,0.0014441482231545221,0.0014448076178095325
1.7908908908908907,0.002915882534598498,0.0029130184637774607,0.002918645301364959,0.04042084372187556,0.04040718982909443,0.04043440622559802,0.0014541011763489695,0.0014538197563032736,0.001454475486233134,0.0014540993652888022,0.0014537873617387308,0.0014544507127748592
1.8109009009009007,0.0029595640471522847,0.0029566855416830757,0.002962336878920129,0.04071257095429992,0.040698857290855116,0.04072618382098459,0.001463730433347427,0.001463447734032021,0.0014641059357012555,0.001463728571826303,0.0014634149425966738,0.0014640821824700786
1.8309109109109107,0.0030035559096629294,0.0030006632958877147,0.0030063360782488276,0.041004107587801986,0.040990335849198804,0.04101776896100308,0.0014733481111519067,0.001473064166455628,0.0014737247524625652,0.0014733461996745863,0.0014730309808043934,0.001473702041240965
1.8509209209209208,0.0030478574675113458,0.0030449510696514866,0.003050644472255271,0.04129545348750104,0.041281625357248344,0.04130916152357339,0.0014829542239316546,0.0014826690674968898,0.0014833320822863494,0.0014829522630011418,0.0014826361778974805,0.0014833103027431635
1.8709309309309308,0.0030924680667667862,0.0030895482069281137,0.0030952614794427743,0.04158660851905018,0.04157272566869137,0.041600361387117105,0.0014925487858414525,0.0014922624510648184,0.0014929282121582638,0.0014925467759589976,0.0014922299938357956,0.0014929066196796125
1.8909409409409408,0.003137387054186839,0.003134454052364933,0.0031401864618019163,0.041877572548636395,0.04186363663778029,0.041891405955410105,0.0015021318110216156,0.001501844331054639,0.0015025127605890274,0.0015021297526867175,0.0015018116514971338,0.0015024908012713318
1.9109509509509508,0.003182613777217433,0.003179667951302895,0.003185418769807609,0.04216834544298055,0.04215435811933234,0.04218225846221603,0.0015117033135979947,0.001511414721347792,0.0015120857417778367,0.001511701207308403,0.0015113813627649928,0.0015120633938305872
1.9309609609609608,0.003228147583992833,0.0032251892699598364,0.0032309605841582224,0.04245892706933736,0.042444889968729534,0.04247289630618858,0.0015212633076819746,0.0015209736358119325,0.001521647155703389,0.0015212611539336912,0.0015209395994601753,0.0015216244318704657
1.9509709709709708,0.0032739878233356444,0.0032710143759432965,0.0032768101253691055,0.04274931729549539,0.04273523204191867,0.042763337954918205,0.0015308118073704747,0.0015305210883009308,0.001531197031189624,0.0015308096066577578,0.0015304871719977417,0.001531173929792841
1.9709809809809808,0.003320133844756808,0.003317151450251446,0.0033229651197789205,0.04303951598977711,0.04302538419541137,0.043053586483671864,0.0015403488267459492,0.0015400570926548715,0.0015407353826172683,0.0015403465795613147,0.001540023770296897,0.0015407119019843925
1.9909909909909909,0.0033665849984556057,0.0033635910131616575,0.003369424919986071,0.04332952302103883,0.04331534628628401,0.043343641771479056,0.0015498743798763874,0.0015495816627000539,0.0015502625326470425,0.0015498720867106088,0.0015495486765539812,0.0015502383628166036
2.0110010010010004,0.0034133406353196545,0.0034103353839960685,0.0034161888792709604,0.04361933825867071,0.043605118172177805,0.04363350369787889,0.0015593884808153126,0.0015590948122489916,0.001559779008314843,0.0015593861421574265,0.0015590613589262679,0.001559753351431811
2.0310110110110107,0.0034604001069249136,0.003457383894943215,0.0034632563515959915,0.04390896157259681,0.043894699711298724,0.04392317137361301,0.0015688911436017826,0.0015685966259737269,0.0015692834200769215,0.0015688887599390904,0.001568562634098169,0.0015692573310126514
2.0510210210210205,0.0035077627655356746,0.00350473589619934,0.0035106266916055664,0.044198392833275035,0.044184090762417534,0.04421265691614593,0.0015783823822603906,0.0015780870696259536,0.0015787755757587355,0.0015783799540784588,0.0015780525158866395,0.0015787498494369708
2.0710310310310307,0.003555427964104574,0.0035523919573903604,0.003558299254626085,0.044487631911697176,0.04447329118486984,0.04450196639845203,0.0015878622108012642,0.0015875661362805555,0.0015882562563026077,0.0015878597385839274,0.0015875310180947263,0.0015882305600129982
2.0910410410410405,0.0036033950562725805,0.0036003509375753,0.0036062774963763443,0.04477667867938884,0.04476229930133823,0.04479108242010093,0.0015973306432200646,0.001597033845307453,0.001597726396766558,0.0015973281274494287,0.001596998154511569,0.00159770054780303
2.1110510510510507,0.0036516633963690056,0.0036486114863135744,0.0036545602130977003,0.04506553300840956,0.04505108872386728,0.04508000485862584,0.0016067876934979892,0.0016064902916726343,0.0016071856806048495,0.0016067851346544336,0.0016064539389124002,0.0016071588297353148
2.1310610610610605,0.0037002323394114945,0.003697169953785106,0.003703143311357588,0.0453541947713527,0.045339686753315345,0.0453687153698665,0.0016162333756017686,0.0016159355515348317,0.0016166332524998194,0.0016162307741639469,0.001615898385058544,0.00161660567716196
2.1510710710710708,0.003749101241106036,0.0037460251704447695,0.0037520261477524603,0.04564266384134547,0.045628093256784026,0.04565721710938322,0.0016256677034836694,0.0016253694244562447,0.0016260685623320035,0.0016256650599285126,0.001625331506697418,0.0016260411201306179
2.1710810810810806,0.0037982694578469513,0.0037951842448344184,0.003801208079565824,0.045930940092049004,0.04591630810192078,0.045945524520312864,0.0016350906910814916,0.0016347913976269292,0.0016354924909294556,0.0016350880058842105,0.0016347533175625315,0.0016354651772094804
2.191091091091091,0.0038477363467169052,0.0038446425158766575,0.0038506884647682505,0.04621902339765825,0.046204331156919035,0.04623363748824694,0.001644502352318571,0.0016442023973307215,0.0016449050525067705,0.0016444996259526575,0.0016441638428625056,0.0016448778725510294
2.2111011011011006,0.0038975012654868958,0.0038943991036106814,0.0039004666620173676,0.04650691363290205,0.04649216229051803,0.046521555899279914,0.0016539027011037767,0.0016536022013496823,0.0016543062491715312,0.0016538999340410076,0.0016535633371663192,0.0016542792202864313
2.231111111111111,0.003947563572616262,0.0039444515009732705,0.003950542030657863,0.0467946106730431,0.04677980137200296,0.04680931117478517,0.0016632917513315136,0.0016629907463581522,0.0016636960966438935,0.0016632889440419516,0.0016629515661716007,0.0016636692345318707
2.2511211211211206,0.003997922627252681,0.003994796055725321,0.004000913930721486,0.047082114393877945,0.04706724827120488,0.0470968773510638,0.0016726695168817205,0.0016723679213827413,0.0016730746194151716,0.0016726666698337158,0.0016723285435427788,0.001673047929388549
2.271131131131131,0.004048577789232169,0.004045443755369388,0.004051581722927045,0.047369424671737013,0.04735450285850077,0.04738424882914638,0.0016820360116198718,0.0016817338408116275,0.0016824418316433631,0.001682033125280066,0.0016816942884300312,0.0016824153189426855
2.2911411411411406,0.004099528419079076,0.004096388147239071,0.004102544768680407,0.04765654138348462,0.04764156500481345,0.04767142505142616,0.0016913912493969746,0.0016910874914369618,0.0016917977474712486,0.0016913883242303022,0.0016910488230699966,0.0016917714172655152
2.311151151151151,0.004150773878006095,0.004147627657883151,0.004153802430074499,0.04794346440651891,0.04792843458161169,0.04795840655317637,0.0017007352440495734,0.0017004308759713135,0.001701142381026394,0.0017007322805192627,0.0017003921960501219,0.0017011162384132918
2.3311611611611607,0.004202313527914256,0.004199156184345388,0.00420535406988931,0.0482301936187719,0.048215111460910114,0.04824519321785983,0.001710068009399744,0.00170976313065648,0.0017104757446567325,0.0017100650079673223,0.0017097242585564108,0.0017104497964272852
2.351171171171171,0.004254146731392924,0.00425097242244937,0.004257199051591886,0.04851672889870949,0.04850159551526928,0.04853178492946097,0.0017193895592551001,0.0017190841971851745,0.0017197978445308239,0.0017193865203803931,0.0017190451737325368,0.0017197721053337832
2.3711811811811807,0.0043062728517198065,0.004303081741241144,0.004309334756230987,0.048803070125331416,0.048787886617795595,0.04881814899139411,0.001728699907408788,0.0017283940891268123,0.0017291087042686226,0.0017286968315499232,0.0017283549188951408,0.0017290831791440895
2.391191191191191,0.004358691252860949,0.004355483504381444,0.004361759143406502,0.0490892171781713,0.04907398464214139,0.0491043135400242,0.0017379990676394893,0.0017376924413579906,0.0017384083379378258,0.0017379959552528976,0.001737653507612683,0.0017383830318545264
2.4112012012012007,0.004411401299470729,0.004408177076218841,0.004414474804170377,0.04937516993729664,0.049359889462504886,0.0493902824118068,0.0017472870537114198,0.0017469796034682622,0.0017476971305826138,0.0017472839052518389,0.0017469409534396486,0.0017476716774464322
2.431211211211211,0.004464402356891871,0.004461161821789752,0.004467481135080413,0.04966092828330879,0.0496456009536302,0.04967605549820139,0.0017565638793743308,0.0017562556274303693,0.0017569751037519838,0.0017565606952948064,0.001756216688063439,0.001756949008043075
2.4512212212212208,0.004517693791155431,0.004514437227664783,0.004520777584838035,0.04994649209734294,0.04993111899080731,0.0499616319563507,0.0017658295583635073,0.0017655205268199898,0.0017662419007642002,0.0017658263391153953,0.001765480585677403,0.0017662151302864975
2.471231231231231,0.004571274968980808,0.004568019531229288,0.004574366285180938,0.05023186126106817,0.050216443449872125,0.05024701170441352,0.0017750841043997696,0.0017747742837108695,0.0017754975355240954,0.0017750808504327388,0.0017747333815264562,0.001775470085749271
2.491241241241241,0.004625145257775732,0.004621893075608196,0.004628239203158044,0.050517035656687456,0.05050157420720644,0.05053219532948396,0.0017843275311894718,0.001784016694625913,0.0017847420219215967,0.0017843242429515065,0.0017839765660705113,0.0017847138883738168
2.511251251251251,0.004679304025636283,0.0046760554454684,0.004682401607929544,0.05080201516693757,0.050786511139737936,0.0508171827252223,0.0017935598524245037,0.0017932480189469158,0.0017939753738317244,0.0017935565303619048,0.0017932093801191393,0.0017939465520875075
2.531261261261261,0.004733750641346865,0.004730506006659776,0.004736852217825592,0.0510867996750892,0.051071254392541426,0.05110197378579215,0.0018027810817822893,0.0018024690038842082,0.0018031976051145937,0.0018027777263396763,0.0018024308438584448,0.0018031680908026711
2.551271271271271,0.004788484474380231,0.004785236029715101,0.004791589795811781,0.05137138906494692,0.051355803593248574,0.05138656840586055,0.001811991232925787,0.0018116785858500997,0.0018124087296154147,0.0018119878445461018,0.0018116399815880987,0.0018123785184165882
2.571281281281281,0.004843504894897467,0.004840249198584881,0.004846613713804766,0.05165578322084908,0.051640158606334856,0.05167096648059791,0.0018211903195034897,0.0018208769977146194,0.0018216087611644901,0.001821186898627998,0.0018208380812595013,0.0018215778488114922
2.5912912912912907,0.004898811273747999,0.004895548552543803,0.004901923038474826,0.051939982027667975,0.051924319310882615,0.05195516790567812,0.001830378355149425,0.0018300643794434592,0.001830797577365717,0.0018303749022177188,0.0018300251528012255,0.0018307660958545714
2.611301301301301,0.004954402982469591,0.00495113558681555,0.004957515377601297,0.052223985370809765,0.05220828558652017,0.052239172577278385,0.001839555353483156,0.0018392407445035563,0.0018399746596097885,0.0018395518689331548,0.0018392012097102396,0.0018399432677898124
2.6313113113113107,0.005010279393288345,0.005007005532308824,0.005013392157171112,0.052507793136214405,0.052492057313421756,0.05252297914004287,0.0018487213281097794,0.0018484061063477855,0.0018491406832575213,0.0018487178123777336,0.0018483662654692776,0.0018491093790146125
2.651321321321321,0.005066439879118702,0.00506315977918693,0.0050695527521924235,0.052791405210355795,0.05277563437230766,0.05280657166457139,0.0018578762926199273,0.00185756047841496,0.0018582956621898772,0.001857872746140419,0.0018575203335468437,0.0018582644483237892
2.6713313313313307,0.005122883813563438,0.005119597699799986,0.005125996538355924,0.05307482148024166,0.053059016644444026,0.053089966929544916,0.0018670202605897653,0.0018667038752213044,0.0018674396102725597,0.0018670166837957127,0.0018666634273972092,0.0018674084895260949
2.691341341341341,0.0051796105709136725,0.0051763186671888615,0.005182722892034868,0.0533580418334136,0.05334220401164302,0.05337316483482625,0.0018761532455809952,0.0018758363450291596,0.0018765725413560199,0.0018761496389036528,0.0018757959062341242,0.0018765415164152285
2.7113513513513507,0.005236619526148856,0.005233322055085163,0.005239731190285062,0.053641066157947066,0.05362519635626276,0.053656165280777615,0.001885275261140852,0.0018849578656347191,0.0018856949713401219,0.0018852716250098132,0.001884917614277994,0.001885663542769834
2.731361361361361,0.005293910054936785,0.00529060723791126,0.005297020810844872,0.053923894342451394,0.05390798316823971,0.05393896816826075,0.0018943863208021059,0.0018940689840712443,0.0018948073586133193,0.0018943826556453067,0.0018940283924746746,0.0018947744347125746
2.7513713713713708,0.005351481533633588,0.0053481735907802575,0.005354591132135212,0.05420652627606978,0.05419058863532955,0.05422157339863679,0.0019034864380830623,0.001903169788761404,0.0019039087818066688,0.0019034827443267816,0.0019031282670938262,0.0019038742517820816
2.771381381381381,0.005409333339283735,0.005406020489496011,0.005412441517597369,0.054488961848479275,0.054473000355649843,0.05450398087376642,0.00191257562648756,0.001912259059629916,0.0019129992545175933,0.0019125719045564229,0.0019122172419715987,0.0019129631083127678
2.791391391391391,0.005467464849620034,0.005464147310553126,0.005470571333799423,0.0547712009498908,0.054755210253209854,0.054786209554996086,0.0019216538995049737,0.0019213359260948938,0.0019220778376773274,0.0019216501498219526,0.0019212953270579315,0.00192204101806801
2.811401401401401,0.00552587544306363,0.005522553431136953,0.005528979989804572,0.05505324347104917,0.055037225168893956,0.05506827413236157,0.0019307212706102118,0.0019304027197333826,0.0019311451683359283,0.001930717493596631,0.0019303625356355074,0.001931107994795937
2.831411411411411,0.005584564498724004,0.00558123822912359,0.005587666866770763,0.05533508930323299,0.055319044823003434,0.0553501410795055,0.0019397777532637178,0.0019394577839343546,0.0019402015800385748,0.0019397739493392525,0.0019394188809730474,0.0019401640522294344
2.851421421421421,0.005643531396398985,0.005640201083079886,0.00564663134653847,0.05561673833825482,0.0556006686464313,0.055631810293861814,0.0019488233609114697,0.0019485028479576786,0.0019492470864937485,0.0019488195304941506,0.0019484643763253088,0.0019492092040861388
2.871431431431431,0.005702775516574724,0.005699441372263431,0.005705872811630702,0.05589819046846102,0.05588211504350585,0.055913281673385065,0.00195785810698498,0.0019575383760048544,0.0019582816953437106,0.001957854250491195,0.0019574990349330835,0.001958243464068439
2.891441441441441,0.005762296240425725,0.00575895847662257,0.005765390645253004,0.05617944558673188,0.05616337170506142,0.05619452929817651,0.0019668820049012965,0.0019665633819421486,0.0019673054160528514,0.0019668781227457927,0.001966522870023201,0.00196726684586348
2.911451451451451,0.005822092949814823,0.005818753087265444,0.005825184231293452,0.05646050358648146,0.05644443371038527,0.05647557195944995,0.0019758950680630006,0.001975577584124698,0.0019763182724363273,0.001975891160658885,0.0019755358948085272,0.0019762793631431593
2.931461461461461,0.005882165027293193,0.005878831017262983,0.005885252954322655,0.05674136436165778,0.056725310717320655,0.05675645900569913,0.0019848973098582083,0.0019845810057381036,0.0019853202781437043,0.0019848933776169544,0.0019845381224879648,0.0019852811135752076
2.951471471471471,0.005942511856100344,0.005939183954787836,0.005945596199593751,0.05702202780674267,0.05700600708902908,0.05703715065782003,0.001993888743660572,0.00199357259293424,0.0019943114468092913,0.0019938847869920163,0.0019935295662464507,0.001994272542574858
2.971481481481481,0.006003132820164132,0.005999811281208436,0.006006213353042423,0.057302493816751836,0.05728650733988977,0.05731764412481928,0.002002869382829277,0.0020025530519982523,0.0020032925474033707,0.0020028654021416246,0.00200251023925496,0.0020032531520508047
2.991491491491491,0.0060640273041007425,0.006060709905183781,0.00606710380128687,0.057582762287234864,0.05756681135390698,0.057597939307284074,0.0020118392407090435,0.0020115227495787064,0.0020122632424706575,0.0020118352364088712,0.002011480154670504,0.002012222955540446
3.011501501501501,0.006125194693214705,0.006121874288951495,0.0061282669316278385,0.057862833114275196,0.057846919015651685,0.05787803610632233,0.002020798330630127,0.002020481698878724,0.002021223142418216,0.002020794303122383,0.0020204394115104583,0.002021181966566182
3.031511511511511,0.006186634373498882,0.006183311156995012,0.006189702132048603,0.058142706194490135,0.05812683021026138,0.05815792563020608,0.002029746665908316,0.002029429913087239,0.0020301722660844507,0.0020297426155963237,0.002029388538784585,0.002030130198635417
3.0515215215215212,0.00624834573163448,0.006245019894825183,0.00625140879121497,0.05842238142503085,0.05840654482344022,0.05843760412392675,0.0020386842598449366,0.002038367405378989,0.002039110626873057,0.0020386801871303947,0.002038326951635314,0.0020390676652405557
3.071531531531531,0.006310328154991038,0.006306999888643692,0.006313386298475278,0.05870185870358238,0.05868605062951351,0.05871705710690747,0.0020476111257268464,0.002047294188914524,0.0020480382381730827,0.002047607031009835,0.002047254272829276,0.002047994379859009
3.0915415415415413,0.006372581031626441,0.006369250672314719,0.006375634043860405,0.05898113792836363,0.05896528908866913,0.05899631089207792,0.0020565272768264405,0.0020562102768401994,0.0020569551133589273,0.0020565231605054178,0.002056170371161184,0.0020569102854341935
3.111551551551551,0.006435103750286898,0.006431771505481189,0.00643815141808375,0.05926021899812736,0.059244320200894034,0.0592753653867823,0.0020654327264016444,0.0020651156822881797,0.002065861265790341,0.0020654285888734563,0.002065075792024289,0.0020658151875928613
3.1315615615615613,0.006497895700406975,0.0064945617583883255,0.006500937812541262,0.059539101812160225,0.05952315364969055,0.05955422049887781,0.0020743274876959235,0.002074010418376439,0.0020747567088124264,0.002074323329355799,0.002073970549891457,0.002074709375180614
3.151571571571571,0.006560956272109559,0.0065576208199822975,0.006563992619311403,0.05981778627028269,0.05980184295538546,0.059832876136734534,0.0020832115739382747,0.002082894498208757,0.002083641455755634,0.002083207395179831,0.002082854661048854,0.0020835940283260215
3.1715815815815813,0.006624284856205888,0.006620950893970827,0.006627315231155189,0.06009627227284915,0.06008034501129294,0.060111350845859834,0.0020920849983432294,0.0020917677570596893,0.0020925155199357725,0.0020920807995584738,0.0020917284974410356,0.0020924672273571767
3.191591591591591,0.006687880844195527,0.006684552909060531,0.006690905199115267,0.0603745597207478,0.06035865139624828,0.060389653994696084,0.0021009477741108554,0.0021006306711479645,0.002101378914653995,0.0021009435556901875,0.0021005911665882334,0.002101329718773418
3.2116016016016014,0.006751743628266389,0.006748421728288649,0.006754761953219969,0.060652648515400746,0.060636760169808804,0.06066776194825423,0.002109799914426753,0.002109482884483883,0.002110231638305169,0.002109795676758968,0.0021094432000187653,0.0021101815344069562
3.231611611611611,0.00681587260129472,0.006812548448090899,0.006818894827090562,0.060930538558763965,0.06091467122605591,0.060945676483503845,0.002118641432462058,0.002118324465324233,0.0021190729783024972,0.0021186371759343474,0.002118284803104699,0.002119022702685969
3.251621621621621,0.006880267156845104,0.006876940915903603,0.006883295656440574,0.061208229753327265,0.06119238445962562,0.06122339148774638,0.0021274723413734426,0.002127155462278074,0.0021279036873422716,0.0021274680663713958,0.002127116308677704,0.0021278527533669456
3.271631631631631,0.006944926689170468,0.0069415985248917995,0.006947951951527072,0.06148572200211436,0.06146989976570846,0.06150090686726218,0.002136292654303111,0.002135975881329059,0.002136723778794029,0.0021362883612107207,0.0021359372505309177,0.002136673168303713
3.291641641641641,0.00700985059321207,0.007006520668911443,0.007012878304902005,0.061763015208682756,0.06174721704004945,0.06177819957725376,0.0021451023843788034,0.002144786093260082,0.002145533266012102,0.002145098073578463,0.002144746833406996,0.0021454825572447553
3.311651651651651,0.007075038264599512,0.0070717067425094225,0.007078068812857696,0.06204010927712393,0.062024336178948196,0.06205531651662693,0.0021539015447137938,0.0021535858179508255,0.0021543325128872207,0.002153897216586305,0.0021535455559090104,0.002154281315932954
3.331661661661661,0.00714048909965073,0.007137156254210959,0.007143513438193166,0.06231700411206312,0.06230125707925882,0.06233223988689325,0.0021626901484068923,0.0021623744952797685,0.002163121682574685,0.0021626858033314627,0.00216233434984419,0.002163069882156641
3.3516716716716712,0.007206202495372001,0.007202870735224233,0.00720922043910877,0.06259369961865949,0.06257797963838999,0.06260896340272831,0.0021714682085424417,0.00217115264539351,0.002171900290988967,0.0021714638468966906,0.0021711126227570636,0.0021718481211992196
3.371681681681681,0.007272177849457939,0.007268852455080236,0.007275189215065996,0.06287019570260607,0.06285450375430487,0.0628854588453718,0.0021802357381903214,0.002179920281239008,0.0021806683509939836,0.0021802313603502786,0.0021798804226143905,0.0021806161885458983
3.3916916916916913,0.007338414560291499,0.007335092933177537,0.007341419067347952,0.06314649227012975,0.0631308293255212,0.06316172787714254,0.0021889927504059434,0.0021886774157490814,0.002189425864452042,0.0021889883567460552,0.0021886377519213943,0.0021893735415969796
3.411701701701701,0.007404912026943966,0.007401597552687333,0.007407909273393978,0.06342258922799122,0.06340695625111127,0.06343779729494252,0.0021977392582302564,0.0021974240618424052,0.002198172856106192,0.0021977348491233843,0.0021973843483246935,0.0021981197238241964
3.4317117117117113,0.007471669649174973,0.007468362536577225,0.007474659455418135,0.06369848648348517,0.06368288443070182,0.06371367144521135,0.002206475274689742,0.0022061598964653404,0.0022069093390962398,0.0022064708505071667,0.002206120286283772,0.0022068550174385365
3.451721721721721,0.007538686827432486,0.007535387283605626,0.007541669015646908,0.06397418394444,0.06395861376447423,0.0639893821707232,0.0022152008127964175,0.0022148856444741227,0.0022156353265472342,0.0022151963739078405,0.0022148457468972376,0.0022155798104214653
3.4717317317317313,0.007605962962852812,0.0076026711932234824,0.007608937356989571,0.06424968151921813,0.06423414415316436,0.06426489231726468,0.0022239158855478338,0.0022236009583730836,0.002224350831569468,0.0022239114323213825,0.0022235607594274214,0.0022242941159580504
3.491741741741741,0.00767349745726059,0.00767021327737294,0.007676463883038192,0.0645249791167157,0.06450947549806257,0.06454020179679303,0.0022326205059270787,0.0022323058364426495,0.002233055867258473,0.002232616038729302,0.002232265336757726,0.0022329979472183823
3.5117517517517514,0.007741289713168805,0.0077380130215467255,0.007744247998067629,0.06480007664636282,0.06478459855104299,0.06481531052179564,0.0022413146869027715,0.0022410003162754767,0.0022417499123838624,0.002241310206098649,0.002240959507149522,0.002241691317357577
3.531761761761761,0.007809339133778773,0.00780607013455398,0.007812289107035523,0.06507497401812341,0.06505953479589378,0.06509021840529024,0.0022499984414290682,0.0022496843403258327,0.0022504346166289844,0.002249993947382008,0.0022496432970862765,0.0022503742395157777
3.5517717717717714,0.007877645122980158,0.007874384037988721,0.00788058661558232,0.06534967114249529,0.06533427190479796,0.06536492536082487,0.002258671782445659,0.002258357940463861,0.0022591083568219363,0.0022586672755175027,0.0022583176194803465,0.002259046726818151
3.571781781781781,0.00794620708535095,0.007942954223041952,0.007949139930031244,0.06562416793051011,0.06560876196111046,0.06563942190636528,0.0022673347228777683,0.0022670211551122036,0.002267771680043291,0.0022673302034287904,0.002266981506880154,0.002267708792374891
3.5917917917917914,0.008015024426157483,0.008011780055413557,0.008017955423517761,0.06589846429373342,0.0658830396566358,0.06591370893497978,0.002275987275636156,0.002275674312497968,0.0022764245962955147,0.002275982744025069,0.0022756342792347563,0.0022763604492812167
3.611801801801801,0.008084096551354435,0.008080860846035086,0.008087026735486743,0.06617256014426459,0.06615711734999154,0.06618779472288468,0.002284629453617116,0.0022843168894161707,0.0022850671023913467,0.0022846249102010706,0.0022842766932846255,0.0022850017106173727
3.6318118118118115,0.008153422867584813,0.008150195999725107,0.00815635211757684,0.06644645539473695,0.06643099495019278,0.06646168548242141,0.0022932612697024765,0.002292949112518292,0.00229369923042585,0.002293256714837064,0.0022929087617856647,0.0022936334488407556
3.6518218218218212,0.008223002782179965,0.008219784921996327,0.008225930978139237,0.06672014995831754,0.06670469400441047,0.06673540239952677,0.0023018827367596007,0.002301571184683466,0.0023023209933749544,0.0023018781707988567,0.00230153053489138,0.0023022551000584056
3.6718318318318315,0.00829283570315958,0.00828962701905558,0.008295762726210357,0.06699364374870742,0.06697820354164895,0.06700890872293108,0.0023104938676413874,0.0023101835191370497,0.002310932401959522,0.0023104892909377923,0.0023101422537731503,0.0023108664009709214
3.6918418418418413,0.00836292103923168,0.008359721448408403,0.008365846771511845,0.06726693668014143,0.06725142629019959,0.06728220130295348,0.0023190946751862683,0.0023187853143702025,0.002319533441729255,0.0023190900880907498,0.002318744707889105,0.0023194673645080353
3.7118518518518515,0.00843325819979263,0.00843005689739608,0.008436182524450588,0.06754002866738829,0.0675245095489765,0.06755529196600475,0.0023276851722182105,0.0023273767808064724,0.002328123301971756,0.002327680575080148,0.00232733617641456,0.002328058003584811
3.7318618618618613,0.008503846594927129,0.00850064370548514,0.008506769335888665,0.06781291962575059,0.06779743299365258,0.06782818077113241,0.0023362653715467167,0.0023359579679312855,0.0023367023676266964,0.0023362607647139386,0.002335916316283105,0.0023366387448338372
3.7518718718718715,0.008574685635408221,0.008571481282784153,0.008577606634134082,0.06808560947106482,0.06807018316308645,0.06810086707168478,0.0023448352859668227,0.0023445288883909223,0.0023452711169146025,0.0023448306697856146,0.002344486185092419,0.0023452092128739277
3.7718818818818813,0.008645774732697281,0.00864256924281592,0.008648693875071573,0.06835809811970124,0.06834273322129919,0.0683733297706207,0.002353394928259099,0.002353088560733386,0.0023538295509968744,0.002353390303074202,0.002353045795534297,0.0023537693978362196
3.7918918918918916,0.008717113298944024,0.008713920325027767,0.008720024290460917,0.06863038548856407,0.06861501934317202,0.06864561157047083,0.0023619443111896525,0.002361637321338906,0.0023623777044075363,0.0023619396773442653,0.0023615951602862545,0.0023623193125486756
3.8119019019019014,0.008788700746986507,0.008785520451873998,0.008791613570274092,0.06890247149509136,0.06888710804063881,0.06891769437439706,0.0023704834475101223,0.0023701758507840625,0.002370915585293616,0.0023704788053459064,0.00237013429201153,0.0023708589698246455
3.8319119119119116,0.00886053649035112,0.008857369034851903,0.008863444671965849,0.06917435605725504,0.06915906607608431,0.06918957514735376,0.0023790123499576846,0.0023787057898432195,0.0023794432094362806,0.002379007699814764,0.002378663336505929,0.0023793883824628657
3.8519219219219214,0.008932619943252593,0.008929465486154227,0.008935519467021896,0.06944603909356087,0.06943075280623141,0.06946125381196029,0.002387531031255047,0.00238722424399343,0.002387960591758432,0.0023875263734720116,0.0023871824409757896,0.002387906762591684
3.871931931931931,0.009004950520593994,0.009001809218669178,0.009007841243900961,0.0697175205230485,0.06970223884696992,0.06973273029135908,0.0023960395041104556,0.0023957332709688057,0.0023964685109314,0.0023960348390243613,0.002395692333425223,0.002396414832075012
3.8919419419419414,0.009077527637966735,0.009074399667904057,0.009080409419619306,0.06998880026529146,0.06997352504408393,0.07000400446325644,0.0024045377812176895,0.0024042321209945374,0.002404966243554601,0.002404533109164063,0.0024041909222491994,0.002404912753203502
3.9119519519519512,0.00915035071165055,0.00914723653936403,0.00915322341187687,0.07025987824039709,0.07024465331571789,0.0702750572491383,0.0024130258752560604,0.0024127208184894495,0.002413453775812985,0.0024130211965689013,0.0024126803260825806,0.002413401160733537
3.9319619619619615,0.009223419158613534,0.009220318935811992,0.009226282639057285,0.07053075436900667,0.07051558120136313,0.07054589214281175,0.0024215037988904176,0.0024211993596801266,0.0024219307547754874,0.002421499113902199,0.0024211608117671504,0.002421878483391622
3.9519719719719713,0.009296732396512105,0.009293646272886164,0.009299586520227878,0.07080142857229532,0.07078630796558462,0.07081652443003535,0.0024299715647711434,0.0024296677571039194,0.002430397020900275,0.0024299668738128138,0.0024296301892479835,0.002430345054069862
3.9719819819819815,0.009370289843691017,0.009367210646280644,0.009373134475139653,0.07107190077197198,0.07105683352300736,0.07108695329807013,0.002438429185534155,0.0024381248282797827,0.002438853121234258,0.0024384244889351435,0.0024380877569241755,0.0024388021078253935
3.9919919919919913,0.00944409091918337,0.009441011150157715,0.009446925924227311,0.07134217089027949,0.0713271432422429,0.07135717945463418,0.0024468766738009054,0.0024465718258985135,0.0024472990548999652,0.00244687197188912,0.002446536626511379,0.0024472490860166824
4.012002002002001,0.009518135042710601,0.009515054808327383,0.009520960288609236,0.07161223884999456,0.07159721838393403,0.07162721212323776,0.0024553140421783803,0.002455009714717286,0.0024557348452008024,0.002455309335280213,0.002454976174311152,0.0024556859288784243
4.032012012012012,0.009592421634682487,0.0095893410405892,0.009595236990087507,0.07188210457442776,0.07186709190798075,0.07189707756089887,0.0024637413032591008,0.0024634375084035863,0.002464161290430878,0.00246373659169943,0.0024634059139511414,0.0024641126491163935
4.0520220220220216,0.009666950116197136,0.009663869267432129,0.009669755396915407,0.07215176798742352,0.07213678056226415,0.07216674013834917,0.002472158469621124,0.002471854640578764,0.002472579546899521,0.0024721537537233137,0.0024718249865027103,0.0024725314365431073
4.072032032032031,0.009741719909040996,0.009738638910034566,0.009744514845063288,0.07242122901336016,0.07240628303264066,0.07243616053478744,0.0024805655538280387,0.0024802614924409497,0.0024809853384040906,0.0024805608339139446,0.0024802330851152136,0.0024809387840189004
4.092042042042041,0.00981673043568886,0.009813650051031401,0.009819519804142238,0.07269048757714983,0.07267552583532509,0.07270537609485751,0.002488962568428971,0.0024886583016037423,0.002489380993909128,0.0024889578448189387,0.002488631575537333,0.00248933576147764
4.112052052052052,0.009891981119303856,0.00988891437843661,0.009894770125182991,0.07295954360423856,0.07294456899371829,0.0729743885386001,0.0024973495259585816,0.002497045110907434,0.0024977665344717045,0.0024973447989714514,0.0024970191166835656,0.0024977226370890876
4.132062062062062,0.009967471383737443,0.009964418421808664,0.009970259931112474,0.07322839702060625,0.0732135281374295,0.07324321350689204,0.002505726438937063,0.0025054218847744476,0.00250614304128721,0.0025057217088901734,0.002505396619789493,0.002506099413776576
4.152072072072071,0.010043200653529424,0.010040161603894334,0.010045988647013815,0.07349704775276666,0.07348221441799078,0.07351188363314282,0.002514093319870146,0.0025137888843702345,0.0025145084439870645,0.002514088587079331,0.0025137639502720087,0.0025144660920580326
4.172082082082081,0.010119168353907944,0.010116143348134952,0.010121955698657429,0.0737654957277674,0.07375065954516889,0.07378037892897013,0.0025224501812490924,0.0025221474334764715,0.0025228629375793317,0.0025224454460286896,0.0025221212767979955,0.0025228213047157446
4.192092092092092,0.010195373910789486,0.010192346079049022,0.010198160503746447,0.07403374087319001,0.0740189024116595,0.07404864116710469,0.0025307970355507026,0.002530495922088314,0.0025312083311089494,0.002530792298213551,0.0025304680995195004,0.002531165131710106
4.212102102102102,0.010271816750778859,0.01026878606089435,0.010274602402014384,0.07430178311714977,0.07428694294405644,0.07431664527099652,0.0025391338952373077,0.0025388320195344365,0.002539543738058977,0.0025391291560947524,0.0025388049588718495,0.0025394997023598506
4.2321121121121115,0.01034849630116922,0.010345462839374944,0.010351267974601631,0.07456962238829595,0.0745547810694838,0.07458447151227458,0.002547460772756776,0.002547158140534793,0.002547869886064387,0.0025474560321186693,0.00254713184786176,0.0025478258919416196
4.252122122122121,0.010425411989942065,0.010422375842137137,0.010428180156052798,0.07483725861581164,0.07482241671559588,0.07485210212720034,0.0025557776805425103,0.0025554742975115625,0.0025561866563238987,0.0025557729387172133,0.0025554509940484164,0.002556142097692328
4.272132132132132,0.010502563245767232,0.01049952449751585,0.010505319738913985,0.07510469172941378,0.07508984981057727,0.0751194904117324,0.002564084631013447,0.002563780502872446,0.0025644934390812966,0.002564079888307834,0.0025637585089126986,0.002564448332141246
4.292142142142142,0.01057994949800288,0.010576908234534582,0.010582696556544981,0.07537192165935319,0.0753570802831428,0.07538667493639807,0.0025723816365740572,0.002572076769010664,0.0025727902638258008,0.0025723768932935155,0.002572056094159627,0.0025727446635177447
4.3121521521521515,0.010657570176695524,0.010654526482905446,0.010660317658785735,0.07563894833641455,0.07562410806253748,0.07565365566092333,0.0025806687096143473,0.0025803631083049596,0.002581077180790055,0.0025806639660627805,0.002580343762113498,0.0025810321131568854
4.332162162162161,0.010735424712580008,0.01073237867302913,0.01073817240851574,0.07590577169191641,0.07589093569579981,0.07592043252288141,0.0025889458625098587,0.0025886399548128076,0.0025893541313247075,0.0025889411189896883,0.002588621525084145,0.002589309635583382
4.352172172172172,0.010813512537079519,0.010810464585252297,0.010816260013924718,0.0761723916577112,0.07615757173152109,0.07618700546035917,0.0025972131076216656,0.002596907115922736,0.0025976212068349754,0.0025972083644338366,0.002596889395366941,0.0025975772432163683
4.372182182182182,0.010891833082305577,0.010888801641895979,0.010894580247326651,0.07643880816618516,0.07642400487840229,0.07645337441195697,0.0026054704572963778,0.002605164948654825,0.0026058783742337766,0.0026054657147403554,0.002605147385242788,0.0026058347537002615
4.392192192192192,0.010970385781058042,0.010967385897778978,0.010973117973411314,0.07670502115025846,0.07669023506657283,0.0767195392788955,0.0026137179238661414,0.0026134130483272764,0.002614125645931096,0.002613713182239917,0.0026133954427463696,0.002614080504856259
4.412202202202201,0.011049170066825117,0.01104620189863474,0.011051886529440181,0.07697103054338512,0.07695626222669837,0.076985499534096,0.002621955519648635,0.002621651311711325,0.002622363023091897,0.0026219507792487264,0.0026216326659337635,0.002622316355267214
4.432212212212212,0.011128185373783342,0.011125249075721983,0.0111308921300971,0.07723683627955301,0.07722208628998102,0.07725125562353496,0.002630183256947071,0.002629879734814433,0.0026305905117538064,0.002630178518068528,0.0026298600394578466,0.0026305423324932877
4.452222222222222,0.011207431136797582,0.011204501075611856,0.011210142494633925,0.07750243829328383,0.07748770718815912,0.07751680748793023,0.0026384011480502004,0.0026380982814681827,0.002638808141803083,0.002638396410986602,0.0026380775755866313,0.0026387584477512004
4.472232232232232,0.011286906791421062,0.011283974787458611,0.011289622673144107,0.07776783651963323,0.07775312485350745,0.07778221374133176,0.002646609205232305,0.002646307026593286,0.0026470156457582376,0.0026466044702757644,0.0026462870230788914,0.0026469647563068274
4.4922422422422414,0.011366611773895325,0.011363678118353208,0.011369332060245988,0.07803303089419066,0.07801833979391919,0.07804741965132168,0.0026548074407532025,0.002654505972530251,0.0026552129255120365,0.0026548027081943703,0.002654486779986321,0.002655163808867916
4.512252252252251,0.011446545521150263,0.011443610494860213,0.0114492698578619,0.07829802135307945,0.07828333573571382,0.07831242124847129,0.0026629958668582454,0.002662695511108536,0.0026634003829773246,0.0026629911369863103,0.002662676752560305,0.0026633518034795424
4.532262262262262,0.011526707470804112,0.011523771157019903,0.011529425197015032,0.07856280783295683,0.07854816023445255,0.07857721847054586,0.0026711744957783217,0.0026708755441704523,0.0026715780305201216,0.0026711697688810124,0.002670856959308749,0.0026715299920961294
4.552272272272272,0.01160709706116343,0.011604159542847487,0.011609801747068202,0.0788273902710138,0.07881276402821921,0.07884181125584622,0.0026793433397298517,0.0026790458044294277,0.0026797458804915567,0.00267933861609344,0.002679026847250524,0.0026796983870332174
4.5722822822822815,0.011687713731223123,0.011684775091046295,0.011690405272661093,0.0790917686049754,0.07907716425845572,0.07910619936147906,0.0026875024109147922,0.0026872063039506226,0.002687903945227867,0.0026874976908240955,0.002687186727586986,0.0026878578189633733
4.592292292292291,0.011768556920666435,0.011765617241007767,0.01177123843245954,0.07935594277310033,0.07934136086067828,0.07937038261605281,0.0026956517215206348,0.0026953570591287026,0.0026960522108516244,0.0026956470052590165,0.0026953368616014148,0.002696007542290549
4.612302302302302,0.01184962606986495,0.011846684834247997,0.011852305687091329,0.0796199127141813,0.07960535377093934,0.07963436125162957,0.002703791283720404,0.0027034980970079923,0.0027041907123808422,0.002703786571569779,0.002703477261398811,0.0027041473877705714
4.632312312312312,0.011930920619878575,0.011927977822174073,0.011933597912421143,0.07988367836754479,0.07986914292582752,0.07989813520869476,0.0027119211096726607,0.0027116294103505093,0.002712320462563096,0.002711916401913494,0.0027116065699330245,0.002712277479934593
4.652322322322322,0.012012440012455581,0.012009516558032615,0.012015114916939526,0.08014723967305125,0.08013272826246767,0.08016171891572559,0.0027200412115214994,0.0027197510111638774,0.002720440527383601,0.0027200365084328096,0.0027197260075091214,0.0027203975891888824
4.672332332332331,0.012094183690032559,0.012091289952495006,0.012096856143718915,0.08041059657109491,0.08039610981216667,0.08042507080423443,0.0027281516013965496,0.002727861563893283,0.002728549406110815,0.0027281469032559126,0.0027278357634496395,0.0027285048145092353
4.692342342342342,0.01217615109573444,0.012173287277011778,0.012178821036518217,0.0806737490026039,0.08065928792573654,0.08068823145303931,0.0027362522914129756,0.0027359631122482633,0.00273664850866175,0.0027362475984965247,0.0027359377200944454,0.0027366035309738844
4.712352352352352,0.0122583416733745,0.01225548460667135,0.01226100227000195,0.08093669690904019,0.0809222620330715,0.08095118658725933,0.0027443432936714762,0.002744055315261013,0.0027447379127738462,0.002744338606253906,0.002744030446110876,0.0027446945714257364
4.732362362362362,0.012340754867454342,0.012337903597975151,0.012343403741396431,0.08119944023239965,0.08118503207337087,0.08121390936216062,0.0027524246202582842,0.0027521383387008797,0.0027528185210845373,0.002752419938612852,0.002752113508130179,0.00275277609752091
4.752372372372371,0.012423390123163916,0.012420544751342574,0.01242602231623293,0.08146197891521201,0.08144760038749717,0.0814764205076556,0.0027604962832451676,0.0027602117971187137,0.002760888759054529,0.0027604916076436952,0.0027601869180691454,0.002760847950543813
4.772382382382382,0.012506246886381519,0.012503407512044892,0.01250886219215429,0.08172431290054082,0.08170995237475044,0.08173870943353391,0.00276855829468943,0.0027682756226544924,0.0027689489722257025,0.0027685536254023063,0.002768250699199067,0.0027689101425734286
4.792392392392392,0.012589324603673763,0.012586491326042526,0.012591922921275232,0.08198644213198353,0.08197212223356018,0.0820007258600555,0.002776610666633908,0.002776329821299487,0.0027770002470256156,0.002776606003930091,0.002776304859463104,0.0027769626856743584
4.812402402402402,0.012672622722295614,0.012669795639985037,0.012675203952264529,0.08224836655367149,0.08223407487689012,0.082262536959894,0.002784653411106973,0.002784373491694417,0.002785042167699022,0.0027846487552539937,0.0027843487966928027,0.0027850063153973055
4.8324124124124115,0.01275614069019037,0.012753319901211133,0.012758704768916777,0.08251008611026985,0.08249582315548537,0.08252416333018511,0.002792686540122532,0.0027924075847297314,0.0027930748164676092,0.0027926818913864945,0.002792383015746958,0.002793041447880494
4.852422422422422,0.012839877955989683,0.012837063557748657,0.01284242538511329,0.08277160074697767,0.08275736701179624,0.08278562962275111,0.0028007100656800266,0.0028004310089342305,0.0028010978327129028,0.0028007054243256104,0.0028004071138504356,0.002801066970752618
4.872432432432432,0.012923833969013511,0.012921026058314586,0.012926364676106923,0.08303291040952784,0.08301870787556984,0.08304689056281214,0.0028087239997644318,0.002808445366559425,0.002809111246436068,0.0028087193660548946,0.0028084213244753864,0.0028090828958987233
4.892442442442442,0.01300800817927018,0.013005206852315054,0.013010522093426489,0.08329401504418717,0.08327984429388281,0.08330794610178528,0.0028167283543462577,0.0028164496079872703,0.0028171150696778362,0.00281672372854344,0.002816426114288403,0.0028170870183558475
4.9124524524524515,0.013092400037456344,0.013089605389845323,0.013094897089283072,0.08355491459775627,0.08354078210083002,0.0835687961916039,0.002824723141381551,0.002824444136458812,0.002825109314464312,0.0028247185237458717,0.0028244213633593423,0.0028250798833598318
4.932462462462462,0.013177008994956996,0.013174221121689806,0.013179489116570036,0.08381560901756967,0.08380150198963819,0.08382944078471763,0.00283270837281189,0.0028324291136782834,0.0028330939914981102,0.0028327037636023565,0.0028324071566446607,0.0028330631716920406
4.952472472472472,0.013261834503845457,0.013259053499322042,0.013264308584686203,0.0840760982514957,0.08406202193171095,0.0840899277482822,0.0028406840605643886,0.0028404045515456303,0.002841069095313244,0.002840679460038595,0.0028403840011274675,0.002841037070026032
4.972482482482482,0.0133468760168834,0.013344101974904723,0.013349349080623324,0.08433638224793663,0.0843223371178994,0.08435021183725357,0.002848650216551697,0.0028483704619464596,0.002849034656606881,0.0028486456249658247,0.0028483502434703137,0.0028490032955885585
4.992492492492492,0.013432132987520834,0.013429366001289685,0.013434604957907442,0.08459646095582857,0.08458244749448449,0.08461029025171653,0.0028566068526719984,0.002856326865831332,0.0028569906873477267,0.0028566022702808213,0.0028563070671048783,0.002856959977864315
5.012502502502502,0.013517604869896104,0.01351484790454743,0.013520075670875875,0.08485633432464146,0.08484235300828337,0.08487016294207539,0.0028645539808090105,0.0028642737881740777,0.002864937199489859,0.0028645494078658974,0.0028642547108923507,0.002864907126453221
5.032512512512512,0.013603291118835886,0.013600538023061175,0.013605760674554986,0.08511600230437914,0.08510205493138882,0.08512982985927088,0.0028724916128319866,0.002872211208374831,0.0028728742049727277,0.0028724870495889002,0.002872192872780085,0.002872844769776696
5.052522522522522,0.013689191189855203,0.013686444817736886,0.013691659424660232,0.08537546484557931,0.08536155296447231,0.08538929095478003,0.0028804197605957135,0.002880140488514435,0.0028808017157211548,0.0028804152073032166,0.0028801212075017,0.0028807714430178002
5.072532532532532,0.013775304539157415,0.013772565488094333,0.013777767991407177,0.08563472189931352,0.08562084654895938,0.08564854618061615,0.0028883384359405136,0.0028880600151304156,0.002888719743645337,0.0028883338928477687,0.002888039604498061,0.0028886883336971206
5.092542542542542,0.013861630623634224,0.013858899382421835,0.013864078619322016,0.08589377341718724,0.08587993506768454,0.08590759537127242,0.0028962476506922447,0.0028959700859413737,0.0028966283006408404,0.002896243118047016,0.0028959499062805975,0.002896595745662576
5.112552552552552,0.013948168900865652,0.01394545053289035,0.013950608230561328,0.08615261935133971,0.08613881846996904,0.08616643837641283,0.0029041474166622964,0.0029038702507624076,0.0029045273985886053,0.002904142894710954,0.0029038507671723234,0.0029044936551273133
5.132562562562562,0.014034918829120084,0.0140322084279083,0.014037356859055482,0.0864112596544441,0.08639749670567108,0.08642506743655366,0.002912037745647596,0.00291176058129748,0.0029124161289427173,0.002912033234635116,0.0029117418676393105,0.002912382117346168
5.152572572572572,0.014121879867354227,0.014119171467375657,0.014124316546977173,0.08666969427970747,0.08665600562154822,0.08668345439435345,0.0029199186494306027,0.0029196414882976035,0.002920295392780333,0.002919914149600572,0.0029196233862722027,0.0029202611442437835
5.1725825825825815,0.014209051475213128,0.01420635053610092,0.014211486754302926,0.08692792318087066,0.08691432594482836,0.08694163481681016,0.002927790139779313,0.0029275116922356952,0.002928165233052125,0.0029277856513739283,0.0029274955055822935,0.002928131516487122
5.192592592592592,0.014296433113030183,0.014293739721328644,0.014298866941696508,0.08718594631220847,0.08717235969727305,0.08719960924890847,0.002935652228447257,0.002935373938658969,0.002936025632565219,0.0029356477517073296,0.002935357812059701,0.002935994939274694
5.212602602602602,0.014384024241827113,0.014381338580637205,0.014386456570508955,0.08744376362852949,0.087430164916124,0.08745737765056726,0.002943504927173498,0.002943227776918518,0.0029438766329247428,0.002943500462338455,0.002943210641520221,0.0029438457511654845
5.232612612612612,0.014471824323313981,0.014469146751228611,0.014474255102778574,0.0877013750851762,0.08768780121939711,0.08771493998221627,0.0029513482476826365,0.0029510712464379993,0.0029517182459959557,0.0029513437949905217,0.002951054125456864,0.002951687040499322
5.252622622622622,0.014559832819889188,0.014557163422268767,0.01456226230660063,0.08795878063802498,0.08794521992711649,0.08797236446833788,0.002959182201684805,0.002958905262654859,0.002959550460726258,0.0029591777613722837,0.002958888250369691,0.002959518926730474
5.272632632632632,0.014648049194639485,0.014645388063257945,0.014650479548714755,0.08821598024348602,0.0882024594943323,0.08822956619569583,0.0029670068008756725,0.002966730364585093,0.002967373071777011,0.0029670023731780334,0.002966713027924567,0.0029673414499845215
5.292642642642642,0.014736472911339936,0.014733820135941163,0.014738904076946708,0.08847297385850339,0.08845951621798341,0.0884864990596392,0.002974822056936442,0.0029745458748946393,0.002975185386846578,0.0029748176420875965,0.00297452846977289,0.0029751546221016534
5.312652652652652,0.014825103434453969,0.014822459098647588,0.014827535355873528,0.08872976144055505,0.08871634653500432,0.08874322362948071,0.0029826279815338514,0.002982351793000393,0.002982990896582407,0.002982623579766339,0.0029823351065196516,0.0029829584549069983
5.332662662662662,0.01491394022913333,0.014911304415944644,0.014916372850760893,0.08898634294765283,0.08897296968621116,0.08899974147545646,0.002990424586320172,0.0029901483965113235,0.002990785916263362,0.0029904201978651615,0.0029901332265936417,0.002990754091363861
5.352672672672672,0.015002982761218125,0.015000355553088887,0.015005416027563175,0.08924271833834238,0.08922938646124139,0.08925605273299025,0.0029982118829332124,0.0029979356970409204,0.002998571453936698,0.0029982075080205025,0.0029979220440863753,0.0029985415575364376
5.372682682682682,0.015092230497236772,0.015089610752118853,0.015094664352923374,0.08949888757170324,0.08948559662380325,0.08951215273334028,0.003005989882996312,0.0030057137061882872,0.003006347686959308,0.003005985521854338,0.003005700439622392,0.003006321193205559
5.392692692692692,0.015181682904406043,0.015179072527424918,0.015184117294173188,0.08975485060734882,0.0897416017101127,0.089768011713518,0.003013758598118349,0.0030134824355381408,0.003014114627076672,0.0030137542509741785,0.0030134684520747843,0.0030140882827545804
5.412702702702702,0.01527133945063105,0.015268737596004537,0.015273774319332972,0.09001060740542642,0.08999738961218874,0.09002374520456495,0.0030215180398937324,0.003021241896660817,0.003021872286019297,0.0030215137069730734,0.003021226953413112,0.003021846039626402
5.432712712712712,0.015361199604505245,0.015358606121684791,0.01536363489711174,0.09026615792661716,0.09025296347182876,0.09027923114493984,0.00302926821990241,0.0030289921011122604,0.0030296206755027174,0.0030292639014296097,0.0030289772901996507,0.003029594458742956
5.452722722722722,0.015451262835310398,0.015448676937286557,0.015453696126411289,0.09052150213213601,0.09050838372105345,0.09053452888323371,0.0030370091497098598,0.003036733060434035,0.0030373596068801654,0.003037004845907907,0.0030367193983043346,0.0030373339690491666
5.472732732732732,0.015541528613016636,0.015538945417667219,0.015543956815286947,0.09077663998373188,0.09076351865212594,0.09078964382789476,0.003044740840867097,0.003044464786153317,0.0030450892680723243,0.003044736551957627,0.0030444510850233986,0.0030450648285686166
5.492742742742742,0.015631996408282427,0.015629417073815523,0.015634408145695642,0.0910315714436875,0.09101853867668681,0.09104454942848487,0.0030524633049106714,0.0030521870769610847,0.003052810219708055,0.0030524590311139647,0.0030521729670521017,0.0030527864565781876
5.5127527527527524,0.015722665692454563,0.0157200891545153,0.015725069794691085,0.09128629647481944,0.09127328853718462,0.09129926018145462,0.0030601765533626673,0.0030598998553699546,0.00306052181872573,0.003060172294897654,0.003059885123797298,0.0030604988646870885
5.532762762762762,0.01581353593756818,0.015810962248354824,0.015815951601398096,0.09154081504047817,0.09152786280728083,0.09155376283638378,0.0030678805977307016,0.003067603118472881,0.0030682240687392778,0.0030678763548149645,0.0030675893628620767,0.003068202064489686
5.552772772772772,0.015904606616346753,0.015902035941464537,0.015907026823322047,0.09179512710454803,0.09178222736293659,0.09180810355910243,0.00307557544950793,0.0030752971956499522,0.0030759185323424444,0.0030755712223577026,0.0030752844164997077,0.0030758960675655077
5.572782782782782,0.015995877202202097,0.015993310175590414,0.015998294620260728,0.09204923263144721,0.09203622862717926,0.09206222600390869,0.0030832611201730385,0.0030829820984142045,0.0030836049949580467,0.0030832569090032116,0.003082970296164384,0.003083580885479241
5.5927927927927925,0.016087347169234368,0.01608478384211936,0.01608976536945868,0.09230313158612778,0.09229002358767069,0.09231608476690951,0.00309093762119025,0.0030906578382639193,0.0030912827853311247,0.003090933426214373,0.003090647014748844,0.0030912556052129607
5.612802802802802,0.016179015992232045,0.016176456415466865,0.016181427373841744,0.09255682393407565,0.09254370658476875,0.09256973509295155,0.0030986049640093216,0.003098324426682622,0.0030989511988707722,0.0030986007854396026,0.003098313865159154,0.0030989218615321574
5.632812812812812,0.01627088314667196,0.016268324448026207,0.016273291359157973,0.09281030964131061,0.09279720342718872,0.09282317851976306,0.0031062631600655456,0.0031059818751390826,0.003106610454724635,0.003106258998112855,0.003105971335955383,0.003106580436910514
5.652822822822822,0.016362948108719282,0.016360384134002547,0.01636534523244504,0.09306358867438631,0.09305050143767496,0.09307645476831318,0.0031139122207797477,0.0031136301950873144,0.003114260564250896,0.003113908075653622,0.00311361968015664,0.0031142303242026716
5.672832832832833,0.016455210355227522,0.01645264118164514,0.016457599081859658,0.09331666100039031,0.09330361410831196,0.09332954386114575,0.00312155215755829,0.003121269397966577,0.003121901538793856,0.003121548029466931,0.003121258909209445,0.003121871520185837
5.692842842842842,0.0165476693637385,0.016545095068782965,0.01655005166183429,0.09356952658694394,0.0935564908097726,0.09358237023071579,0.0031291829817930664,0.003128899500838211,0.003129533341281303,0.0031291788709433455,0.0031288890345454626,0.003129503177241049
5.712852852852852,0.01664032461248241,0.016637745273929902,0.01664270427545021,0.09382218540220248,0.09380920559531815,0.0938350305813769,0.003136804704861509,0.0031365205333806004,0.003137156012918888,0.003136800611458969,0.0031365100675814963,0.00313712572447111
5.732862862862862,0.016733175580377773,0.016730591276284745,0.0167355525668413,0.09407463741485503,0.09406171464574303,0.0940875199611173,0.0031444173381265815,0.0031441324830674415,0.00314476958364165,0.003144413262375437,0.0031441220197194948,0.003144739173199927
5.752872872872873,0.016826221747031446,0.016823632555731216,0.01682859597514982,0.09432688259412461,0.09431400202711089,0.09433974222490006,0.003152020892936784,0.0031517361261224615,0.0031523737383683153,0.003152016835039928,0.0031517253964856995,0.0031523435347373856
5.772882882882882,0.01691946259273861,0.016916869605587283,0.016921833833251368,0.09457892090976801,0.0945660827998767,0.09459173244781888,0.003159615380626151,0.003159330922939167,0.0031599660663187822,0.003159611340785151,0.0031593201817581257,0.0031599388203793427
5.792892892892892,0.01701289759848281,0.017010299135558144,0.017015258824669068,0.09483075233207598,0.09481790183162396,0.09484351584468399,0.00316720081251425,0.0031669166863995115,0.0031675514172572433,0.0031671967909293565,0.003166905955377043,0.00316752503253713
5.812902902902902,0.017106526245935928,0.017103932486379154,0.01710887840149008,0.09508237683187307,0.09506957267141883,0.09509509238305879,0.0031747771999061855,0.0031744934134822953,0.0031751286453662285,0.00317477319677633,0.0031744834015833175,0.003175102138717677
5.832912912912912,0.017200348017458143,0.01719776486281457,0.017202698403092694,0.09533379438051776,0.09532104056080296,0.09534646896130505,0.0031823445540925957,0.003182061115457891,0.0031826951123039237,0.003182340569615394,0.0031820519966573313,0.0031826702028966984
5.8529229229229225,0.017294362396098033,0.017291789892777673,0.017296710911043334,0.09558500494990232,0.0955723328978845,0.09559762321604509,0.0031899028863496535,0.0031896191408470253,0.0031902524786186293,0.0031898989207214067,0.00318961158454745,0.003190229236317814
5.872932932932932,0.017388568865592466,0.017386006119587072,0.017390915408985446,0.09583600851245293,0.09582338640892436,0.09584857804420877,0.0031974522079390648,0.003197167322527221,0.0031978008265204005,0.0031974482613547663,0.003197162183158753,0.0031977781481876658
5.892942942942942,0.01748296691036667,0.017480403793635507,0.017485311381254164,0.09608680504112967,0.0960741873143269,0.09609938951833219,0.0032049925301080727,0.003204706511150181,0.003205340167317996,0.0032049886027614044,0.0032047037881859364,0.003205317615678242
5.912952952952952,0.017577556015534207,0.017574992572519488,0.017579898312876274,0.09633739450942638,0.09632480048982019,0.0963500018239369,0.003212523864089454,0.0032122370611844227,0.0032128705123055496,0.003212519956172791,0.003212236410778461,0.003212847398704733
5.9329629629629625,0.017672335666896976,0.01766977194189607,0.01767467437208405,0.09658777689137088,0.09657517865226556,0.0966003636978127,0.0032200462211015193,0.003219759321343138,0.003220391865326261,0.0032200423328059345,0.003219760062071552,0.00322036959751313
5.952972972972972,0.01776730535094522,0.017764741388110357,0.01776962704681807,0.09683795216152476,0.09682535027416993,0.09685049898650652,0.003227559612348115,0.0032272726188251485,0.0032279042171385105,0.003227555743863376,0.003227272989208254,0.0032278821686651444
5.972982982982982,0.01786246455485751,0.01785990039819559,0.017864769226496685,0.09708792029498353,0.09707531610575384,0.09710040683119078,0.003235064049018621,0.0032347769887554043,0.0032354073753296094,0.0032350602005331974,0.003234778432799144,0.0032353857801079786
5.992992992992992,0.017957812766500766,0.01795524845987311,0.017960119066967244,0.09733768126737659,0.09732507679523203,0.09735010724350937,0.0032425595422879523,0.0032422723625371544,0.0032428999345998333,0.003242555713989016,0.003242274070364563,0.0032428804174531732
6.013003003003003,0.018053349474430238,0.018050785061552346,0.018055666605403153,0.09758723505486713,0.09757463237828094,0.09759960020314526,0.00325004610331656,0.0032497583085418858,0.0032503833755056443,0.003250042295389986,0.0032497606251907308,0.003250366053985023
6.033013013013012,0.018149074167889512,0.018146509692330847,0.01815138652178052,0.0978365816341523,0.09782398132695924,0.09784888569030638,0.0032575237432504274,0.003257236547117311,0.0032578578911535826,0.0032575199558807976,0.003257238265036424,0.0032578444134044905
6.053023023023022,0.01824498633681053,0.01824242217420246,0.018247283430343868,0.09808572098246296,0.09807312619470293,0.09809796368572574,0.0032649924732210726,0.003264705237708497,0.0032653234928562676,0.0032649887065916787,0.0032647080108718506,0.0032653150042562663
6.073033033033032,0.018341085471813547,0.018338522029191773,0.01834336723602968,0.09833465307756402,0.09832203185354156,0.09834683417066137,0.0032724523043455513,0.003272165032373525,0.00327278195635821,0.0032724485586383945,0.003272169478209148,0.0032727779202143805
6.093043043043043,0.018437371064207175,0.0184348083833123,0.01843964595826343,0.09858337789775415,0.09857069380367094,0.09859549644601959,0.0032799032477264507,0.003279616406618175,0.0032802309455855203,0.003279899523122247,0.003279620788723259,0.0032802319358735017
6.1130530530530525,0.01853384260598835,0.018531280728373664,0.018536119507199952,0.09883189542186589,0.09881921029721075,0.09884399053518221,0.0032873453144518935,0.0032870609159652035,0.0032876729081352846,0.003287341611130073,0.003287063299599672,0.0032876770621487867
6.133063063063062,0.018630499589842364,0.018627957239061164,0.01863277845257114,0.09908020562926566,0.09906756402678336,0.09909230604055608,0.0032947785155955376,0.00329449537824034,0.0032951060723373643,0.0032947748337342486,0.00329449708938331,0.0032951110296175327
6.153073073073072,0.018727341509142834,0.018724822917150358,0.018729614738110776,0.09932830849985377,0.09931571142398245,0.099340438650473,0.0033022028622165752,0.003301921547429209,0.003302529269771296,0.0033021992019926865,0.003301921499193135,0.0033025340176254907
6.173083083083083,0.018824367857951725,0.018821873046647567,0.0188266282094005,0.09957620401406435,0.09956362021054031,0.09958831767673021,0.0033096183653597336,0.003309338888173698,0.003309945975246568,0.0033096147269488347,0.0033093373540945006,0.0033099480945280074
6.1930930930930925,0.018921578131019308,0.01891910713696427,0.01892382558978372,0.09982389215286544,0.09981131357091845,0.09983601427252187,0.003317025036055273,0.003316747409339355,0.0033173538645324676,0.0033170214196316787,0.003316742741296945,0.0033173533330165673
6.213103103103102,0.01901897182378424,0.019016523075204034,0.01902120659298092,0.10007137289775889,0.1000587471842785,0.10008350215857151,0.0033244228853189905,0.0033241471126586567,0.0033247529095894266,0.0033244192910557415,0.003324139209413016,0.0033247497454104154
6.233113113113112,0.019116548432373492,0.019114101428040136,0.019118780593131567,0.10031864623078048,0.10030597809044343,0.1003307802993513,0.0033318119241522166,0.003331536652817533,0.0033321416344255037,0.0033318083522210816,0.0033315290880622833,0.0033321373427957126
6.253123123123123,0.019214307453602378,0.019211859317073844,0.019216536943423585,0.10056571213449979,0.10055305998219917,0.10057783628271366,0.0033391921635418163,0.003338916660364316,0.0033395224735574425,0.003339188614113298,0.0033389102100248595,0.0033395171459711984
6.273133133133133,0.01931224838497453,0.019309798650634223,0.019314475177348644,0.10081257059202031,0.10079993103767192,0.10082460814645512,0.0033465636144601896,0.003346287885171379,0.0033468943809257176,0.0033465600877035204,0.003346280815161074,0.003346889911315603
6.293143143143142,0.019410370724681953,0.01940791945846426,0.019412594793397592,0.1010592215869794,0.10104652703077847,0.1010712131988799,0.0033539262878652712,0.0033536503382026357,0.003354257156498452,0.003353922783948421,0.003353642611454185,0.0033542538920571935
6.313153153153152,0.01950867397160496,0.01950622123952637,0.019510910763868693,0.10130566510354826,0.10129298745895929,0.10131768592390145,0.0033612801947005303,0.00336100403040742,0.003361609461011879,0.003361276713790205,0.003360996559891312,0.003361608811804925
6.333163163163163,0.01960715762531223,0.0196047034934692,0.019609411693563967,0.10155190112643195,0.10153924484959018,0.10156394956113586,0.003368625345894971,0.0033683489727204907,0.003368952772041744,0.0033686218881566173,0.0033683419837626473,0.0033689530204505914
6.353173173173173,0.01970582118606074,0.019703365318310267,0.019708073414997588,0.10179792964086941,0.10178529578386096,0.10180993379075462,0.0033759617523631317,0.0033756851760620267,0.0033762891539075297,0.0033759583179609385,0.0033756780406209385,0.003376288478642918
6.373183183183182,0.019804664154795853,0.019802206418129836,0.01980691064281617,0.10204375063263345,0.10203113995881075,0.10205573651653047,0.0033832894250050856,0.003383012651337629,0.003383616780458789,0.003383286014101985,0.0033830061639524523,0.0033836151973360394
6.393193193193192,0.019903686033151242,0.019901226494839386,0.019905920728930326,0.10228936408803076,0.10227677875054,0.10230135340284051,0.0033906083747064406,0.0033903297215545566,0.003390935662262947,0.0033906049874641107,0.0033903256024620156,0.0033909331874695066
6.413203203203203,0.020002886323448918,0.02000042505086426,0.020005107783677995,0.10253476999390185,0.1025222076162785,0.10254676250641746,0.0033979186123383382,0.0033976400391940676,0.0033982458305500257,0.003397915248917208,0.003397636333724005,0.003398243440187933
6.433213213213213,0.020102264528699235,0.020099801829418684,0.02010448875509024,0.1027799683376211,0.1027673384953448,0.10279196381485275,0.0034052201487574556,0.003404942373636374,0.0034055459136153776,0.0034052168093167035,0.003404938339570486,0.003405545277790345
6.4532232232232225,0.020201820152600886,0.02019935642637129,0.020204029766456796,0.10302495910709683,0.10301226219345594,0.10303694551168538,0.003412512994806006,0.003412235489382524,0.0034128372313231414,0.0034125096795035626,0.0034122316772996673,0.0034128406701390236
6.473233233233232,0.02030155269954091,0.02029909331916743,0.0203037511248038,0.10326974229077113,0.10325705627916798,0.10328168007162239,0.003419797161311734,0.003419518991734081,0.0034201198124062084,0.0034197938703042874,0.003419516318906772,0.0034201280083654426
6.493243243243242,0.020401461674594664,0.020399019613317717,0.020403657082856644,0.10351431787761999,0.10350167298405971,0.10352625286067924,0.003427072659087921,0.003426793540121946,0.003427393700650632,0.003427069392530913,0.0034267922964177845,0.003427402295457847
6.513253253253253,0.02050154658352587,0.020499121880961493,0.020503743254392207,0.10375868585715331,0.10374608312183711,0.1037705965894382,0.0034343394989333827,0.0034340594422994216,0.003434658924180362,0.0034343362569810194,0.0034340596206003486,0.0034346668895452593
6.533263263263263,0.020601806932786553,0.020599390679431263,0.020603996794239698,0.10400284621941476,0.1039902878380653,0.10401473095606956,0.003441597691632469,0.0034413167091132627,0.003441915372800787,0.0034415944744377166,0.003441316424658953,0.003441924216795215
6.553273273273272,0.020702242229517113,0.020699833659271787,0.02070443600188303,0.10424679895498198,0.10423428534839523,0.10425865605754474,0.0034488472479550646,0.0034485655085692286,0.003449161458728299,0.0034488440556696516,0.0034485643428081754,0.0034491740846681355
6.573283283283282,0.02080285198154627,0.020800456890197577,0.020805039863017967,0.10449054405496642,0.10447807564238215,0.1045023807587752,0.0034560881786565895,0.0034558087209019253,0.0034564002381539975,0.003456085011431013,0.003455804300668752,0.003456415338534935
6.593293293293293,0.02090363569739108,0.02090125118975909,0.020905817371036976,0.1047340815110134,0.10472162715744052,0.1047458846245046,0.0034633204944779965,0.0034630412632325274,0.0034636335063502246,0.0034633173524615227,0.0034630367688397983,0.00346364791213592
6.613303303303303,0.02100459288625694,0.02100219991714068,0.02100677029629056,0.10497741131530207,0.10496486946105288,0.10498918838787502,0.0034705442061457766,0.0034702635828276246,0.003470859344137199,0.003470541089486438,0.0034702607042392626,0.0034708710295180824
6.633313313313312,0.02110572305803758,0.021103321704541458,0.021107897294029135,0.10522053346054552,0.10520790449899146,0.10523228431668634,0.003477759324371951,0.003477479295817886,0.003478076633473781,0.0034777562332165583,0.0034774758828910847,0.003478085229078565
6.653323323323322,0.021207025723315086,0.02120462486430317,0.021209196885610463,0.10546344793999067,0.1054507595264386,0.10547518593883361,0.0034849658598540786,0.003484685950012607,0.0034852853146723076,0.003484962794348215,0.0034846825540349687,0.0034852920865394545
6.673333333333333,0.021308500393359874,0.02130610569170081,0.021310668658522634,0.10570615474741829,0.10569349138448202,0.10571790276090344,0.0034921638232752513,0.0034918827725483534,0.0034924839555008935,0.003492160783563278,0.0034918806589412242,0.0034924889592792365
6.693343343343343,0.02141014658013068,0.02140776138743767,0.021412306705915728,0.10594865387714303,0.10593601647587815,0.10596041176437496,0.003499353225304098,0.003499071043566587,0.0034996722628259525,0.0034993502115291553,0.003499070208267821,0.0034996781396098926
6.7133533533533525,0.021511963796274597,0.021509588140338914,0.021514114572028783,0.10619094532401338,0.10617823695228014,0.10620265926699207,0.003506534076594778,0.0035062507737802302,0.003506851956949479,0.003506531088898789,0.0035062512497436335,0.0035068593399137753
6.733363363363362,0.021613951555127065,0.021611585698292385,0.021616110345162472,0.10643302908341176,0.10642024457610853,0.10644468930848042,0.0035137063877869906,0.003513421982850256,0.0035140230937748354,0.003513703426310661,0.0035134236619951556,0.0035140325583157446
6.753373373373373,0.021716109370711834,0.021713753321330097,0.02171826495696846,0.1066749051512544,0.10666208548005518,0.10668656940381734,0.0035208701695059637,0.0035205846978997586,0.003521186897025195,0.0035208672343887883,0.0035205872302098047,0.0035211969981788294
6.773383383383383,0.021818436757741012,0.021816090545358748,0.021820588390916586,0.10691657352399139,0.1069037802353081,0.10692826070733936,0.0035280254323624663,0.0035277402419616375,0.0035283431779386774,0.0035280225237427246,0.0035277422873809783,0.0035283517263514164
6.7933933933933925,0.021920933231615036,0.021918599325778262,0.021923078240515936,0.10715803419860671,0.10714528669950713,0.10716972914623363,0.003535172186952797,0.0035348873008274563,0.003535490938032919,0.0035351693049675615,0.0035348897626506586,0.0035354988162131463
6.813403403403402,0.022023598308422702,0.02202127639645631,0.022025740605859764,0.10739928717261825,0.10738658545236578,0.10741093310002836,0.003542310443858791,0.0035420258892483935,0.0035426301878311245,0.0035423075886439268,0.0035420288529161323,0.0035426373639454445
6.833413413413413,0.02212643150494111,0.022124114515500486,0.022128574330567505,0.10764033244407764,0.10762767648907702,0.1076519283131188,0.0035494402136478174,0.0035491559983924195,0.003549759494891266,0.003549437385337984,0.003549159646540852,0.0035497674476489037
6.853423423423423,0.022229432338635727,0.022227119588535075,0.022231572126376827,0.10788117001157048,0.10786855980538629,0.10789271563062508,0.003556561506872782,0.0035562766852318514,0.0035568801161834007,0.0035565587056014362,0.003556281857472544,0.0035568890830003043
6.873433433433433,0.022332600327660334,0.022330279253626465,0.022334736804303718,0.10812179987421622,0.10810923607543686,0.10813334055403073,0.0035636743340721226,0.003563388054169054,0.0035639922687978453,0.0035636715599715223,0.003563394177075264,0.0035640021993169927
6.893443443443442,0.022435934990857078,0.02243360565363644,0.022438068050867142,0.10836222203166815,0.10834970497280766,0.10837374369411969,0.003570778705769813,0.003570491044570001,0.0035710972718893666,0.003570775958971015,0.003570497931151457,0.0035711068449570207
6.913453453453453,0.02253943584775643,0.02253709830841996,0.022541565400429016,0.10860243648411341,0.10858996613789744,0.10861399459509195,0.003577874632475361,0.00357758549016627,0.0035781944384068198,0.003577871913108229,0.0035775939839658346,0.003578203034756216
6.933463463463463,0.02264310241857718,0.022640771832436388,0.022645223226891525,0.10884244323227307,0.10883001956861639,0.10885403753332695,0.00358496212468381,0.0035846715116995354,0.003585283161046668,0.003584959432877013,0.0035846816899934566,0.0035852907791869455
6.953473473473473,0.0227469342242265,0.022744613787231575,0.022749057231136474,0.10908224227740201,0.1090698652634276,0.10909387250871122,0.003592041192875737,0.003591749143195771,0.0035923634343122818,0.0035920385287567507,0.003591760977727179,0.0035923700887075527
6.9734834834834825,0.02285093078629985,0.02284862085981922,0.02285305295191493,0.109321833621289,0.10930950322134689,0.10933345051462333,0.0035991118475172533,0.0035988187473599735,0.0035994352757809964,0.0035991092112123662,0.0035988318576213596,0.003599440973762349
6.993493493493493,0.022955091627081082,0.02295278169882959,0.02295721776928202,0.10956121726625666,0.10954888267175202,0.10957279758519567,0.003606174099060008,0.0036058809057609013,0.0036064987049239374,0.00360617149069432,0.003605893060155519,0.003606503444781624
7.013503503503503,0.02305941626954233,0.023057099606043487,0.023061546337680507,0.10980039321516148,0.10978806528727282,0.10981193695306404,0.0036132279579411805,0.0036129346782261835,0.0036135537321245756,0.0036132253776386064,0.003612945265529927,0.0036135575121816347
7.033513513513513,0.023163904237344095,0.023161591327275795,0.02316603813922045,0.11003936147139382,0.11002700422524775,0.11005086862389145,0.0036202734345834858,0.003619980075179799,0.0036205992324270593,0.00362027088246676,0.003619989100926403,0.0036206031570930205
7.0535235235235225,0.023268555054835244,0.023266241090416095,0.023270694032187216,0.1102781220388779,0.11026573569540707,0.11028959260386209,0.0036273105393951777,0.003627017107031041,0.003627636491757415,0.0036273080155858495,0.0036270249491726536,0.003627638882181208
7.073533533533532,0.023373368247052922,0.02337103837665157,0.023375510260296304,0.11051667492207182,0.11050425970300042,0.11052811517351621,0.0036343392827700386,0.0036340458048104906,0.003634666447227475,0.003634336787388483,0.0036340535533209606,0.0036346654219222866
7.093543543543543,0.023478343339722662,0.023476009696636584,0.023480489360160103,0.11075502012596752,0.11074257625380216,0.11076652893003844,0.0036413596750873908,0.0036410661895662625,0.003641688032024536,0.003641357208252805,0.0036410738239836646,0.0036416864182727627
7.113553553553553,0.0235834798592583,0.023581129441237823,0.02358562985440389,0.11099315765609082,0.11098069268047299,0.1110047345816364,0.0036483717267120847,0.003648078240106187,0.003648701538454678,0.003648369288542493,0.0036480857621933338,0.0036486990682339285
7.133563563563563,0.02368877733276204,0.023686418803781386,0.023690931270010963,0.1112310875185014,0.11121862374850594,0.11124273213128115,0.0036553754479945137,0.003655081966778132,0.0036557068693340083,0.0036553730386067675,0.003655089378313367,0.0036557033821379486
7.153573573573572,0.023794235288024407,0.02379186972564079,0.023796393134653603,0.11146880971979281,0.11145636688586381,0.11148052059112104,0.003662370849270599,0.0036620773799153016,0.0036627025046753183,0.0036623684687803813,0.0036620846826924424,0.003662699370302701
7.173583583583583,0.02389985325352427,0.023897480710847935,0.023902014976693055,0.11170632426709248,0.11169390269431734,0.11171809763720729,0.0036693579408618006,0.003669064074376358,0.0036696895759166033,0.003669355589383626,0.00366907170902591,0.0036696870430317622
7.193593593593593,0.024005630758428827,0.02400325156884116,0.024007796080489866,0.11194363116806166,0.11193123118078448,0.11195537107435084,0.0036763367330751103,0.003676041971723658,0.003676668344508314,0.0036763344107223275,0.0036760504627743377,0.003676666410614421
7.213603603603603,0.024111567332593623,0.024109181567001238,0.024113735927452428,0.11218073043089555,0.11216835235270765,0.1121924364657631,0.003683307236203056,0.003683013224097414,0.0036836388207567876,0.003683304943087854,0.003683020935599165,0.003683637483325673
7.233613613613612,0.024217662506562543,0.024215270216625524,0.024219834340999825,0.11241762206432307,0.11240526621805381,0.11242929287617383,0.0036902694605237003,0.00368997600140417,0.003690601014953852,0.0036902671967571046,0.003689982392536984,0.0036905985431128015
7.253623623623623,0.024323915811567808,0.024321514576932112,0.0243260806915829,0.1126543060776072,0.11264197278531435,0.11266594139518307,0.0036972234163006406,0.0036969299533874023,0.0036975549173759066,0.003697221181992518,0.0036969368072711363,0.003697549585539205
7.273633633633633,0.024430326779529964,0.024427905595147112,0.02443248013023998,0.11289078248054457,0.11287847206350517,0.11290238157245677,0.003704169113783007,0.0037038753137306666,0.0037045005164603496,0.0037041669090420713,0.0037038819537934284,0.0037044941370491763
7.293643643643643,0.024536894943057923,0.024534466049860898,0.024539051542484768,0.11312705128346591,0.11311476406216667,0.11313864158271858,0.003711106563205466,0.0037108122894167622,0.0037114378646876307,0.003711104388139275,0.0037108188585651936,0.0037114320455316737
7.3136536536536525,0.024643619835448907,0.024641201670435736,0.024645779644090732,0.11336311249723556,0.11335084879136378,0.11337473308171074,0.0037180357747882194,0.003717740825739189,0.003718367193937446,0.003718033629503178,0.0037177473851627723,0.0037183617123996682
7.333663663663663,0.024750500990688498,0.024748076861446998,0.024752663968958852,0.11359896613325195,0.11358672626168591,0.11361061674826699,0.003724956758737002,0.0037246609532730806,0.0037252878933561116,0.0037249546433383673,0.003724666401763023,0.0037252831831476488
7.353673673673673,0.02485753794345059,0.02485510760430296,0.02485970487038253,0.11383461220344726,0.11382239045663255,0.11384629259336505,0.003731869525243084,0.003731572868394879,0.0037322010261591505,0.003731867439834965,0.0037315772686499905,0.0037321964638575957
7.373683683683683,0.024964730229097454,0.024962293733174788,0.02496692175207848,0.11407005072028756,0.11405783010371306,0.11408176062852832,0.0037387740844832696,0.0037384767406844666,0.0037391072495048245,0.0037387720291686293,0.0037384815565121277,0.0037391015330723223
7.393693693693693,0.025072077383679656,0.025069634784313958,0.025074261755760118,0.11430528169677273,0.11429306252632287,0.11431702086582549,0.0037456704466198986,0.003745373378689115,0.003746005048713501,0.0037456684215005586,0.0037453790835759934,0.0037459984009384044
7.413703703703703,0.025179578943936135,0.025177130419491323,0.025181756132052844,0.11454030514643664,0.11452805640978543,0.11455207331787076,0.0037525586218008448,0.003752261666566903,0.003752894045150207,0.0037525566269774853,0.003752267907527202,0.0037528870591813143
7.433713713713713,0.02528723444729415,0.02528478520758531,0.02528941267704024,0.11477512108334692,0.11476279077512631,0.11478691799782374,0.0037594386201595166,0.003759141236593512,0.0037597748642040894,0.003759436655731679,0.0037591474634714466,0.0037597675197930734
7.453723723723723,0.02539504343186929,0.025392582906727232,0.025397224592021334,0.11500972952210507,0.11499731836092389,0.11502155491938959,0.0037663104518148574,0.0037660126506644568,0.0037666474643040077,0.0037663085178809472,0.003766018858983348,0.0037666398095393206
7.473733733733733,0.025503005436465515,0.025500545915941503,0.025505189486881207,0.11524413047784653,0.11523163918618852,0.1152559840968188,0.0037731741268713457,0.003772875918910177,0.003773511960010977,0.0037731722235286344,0.003772882104181599,0.0037735039849705857
7.493743743743743,0.025611120000575097,0.025608648234154013,0.025613306901037955,0.11547832396624055,0.11546575327042123,0.11549018675261268,0.003780029655418993,0.003779731051446166,0.00378036777854397,0.003780027782763619,0.003779737209170204,0.003780360865423024
7.513753753753753,0.025719386664378636,0.02571691071692647,0.025721576201319943,0.1157123100034902,0.11569966063361369,0.11572416517702494,0.0037868770475333467,0.0037865780583729797,0.003787214224449144,0.0037868752056603202,0.0037865841840384797,0.003787208201276648
7.533763763763763,0.025827804968745094,0.025825324870355406,0.02582999708292141,0.11594608860633256,0.11593337160673471,0.11595793594945432,0.0037937163132754884,0.0037934169497762264,0.003794052523255448,0.0037937145022786923,0.0037934230693541164,0.0037940474954143567
7.553773773773773,0.02593637445523178,0.025933890236073877,0.025938575495798397,0.1161796597920384,0.11616693675013243,0.11619149908760365,0.0038005474626920345,0.003800247735726576,0.00380088266752944,0.0038005456826642257,0.0038002549036601735,0.003800879082281301
7.573783783783783,0.026045094666084307,0.026042606356402594,0.026047291812887844,0.1164130235784125,0.11640029521741847,0.11642492009878246,0.0038073705058151368,0.003807070448223629,0.003807706967189136,0.0038073687568479474,0.003807078637168763,0.0038077025586998343
7.593793793793793,0.026153965144236648,0.026151472774349982,0.02615615923003584,0.1166461799837934,0.1166334470282392,0.11665815406463248,0.0038141854526624794,0.0038138851081203264,0.003814521470746319,0.003814183734846425,0.0038138925722199044,0.003814517597736449
7.613803803803803,0.0262629854333111,0.02626048903361212,0.026265183602323137,0.1168791290270536,0.11686635093677099,0.11689117890393774,0.0038209923132372843,0.003820691692732813,0.0038213266343985574,0.003820990626661758,0.0038206982915323486,0.0038213243697546475
7.633813813813813,0.02637215507761832,0.02636965467857284,0.026374358501225697,0.11711187072759933,0.11709903735910915,0.11712392309493291,0.003827791097528305,0.0038274902120703077,0.0038281247840149563,0.0038277894422815845,0.0038274959465401984,0.0038281234739132833
7.653823823823823,0.026481473622157293,0.026478965544640985,0.026483682284222012,0.11734440510537088,0.11733151750194076,0.11735645362743033,0.003834581815509831,0.003834282189527794,0.0038349173718504365,0.003834580191679082,0.0038342860241492934,0.0038349153335947945
7.673833833833833,0.026590940612615327,0.026588420764597356,0.026593154473980318,0.1175767321808422,0.11756379054657479,0.1175887750213517,0.0038413644771416876,0.0038410662066537767,0.003841700792921289,0.0038413628848129613,0.003841068272772367,0.0038416987080605973
7.693843843843843,0.0267005555953681,0.02669804269333808,0.026702774530767737,0.11780885197502125,0.11779588059363476,0.11782088550116633,0.0038481390923692333,0.003847842184492163,0.0038484761483534745,0.003848137531627471,0.003847842481591797,0.0038484737629388152
7.713853853853853,0.02681031811747958,0.026807802027146433,0.026812542859197472,0.11804076450944981,0.11802781669225013,0.11805276235000818,0.0038549056711233605,0.0038546086326783804,0.0038552434547017077,0.0038549041420523973,0.0038546086605519003,0.003855240776908059
7.733863863863863,0.02692022772670213,0.02691770779042607,0.026922460461103373,0.11827246980620347,0.11825954556358603,0.11828449566586162,0.0038616642233204983,0.003861366490335561,0.003862002721845255,0.003861662726003064,0.0038613661560269468,0.0038619997598695666
7.753873873873873,0.027030283971476422,0.027027760220148557,0.027032516857659124,0.1185039678878918,0.11849106761197715,0.11851598782513148,0.0038684147588626087,0.0038681163408591105,0.0038687539596494996,0.0038684132933803294,0.003868115639303484,0.0038687507217101355
7.773883883883883,0.02714048640093145,0.027137958865511503,0.027142723817169943,0.11873525877765817,0.1187223839076464,0.11874730715939838,0.00387515728763719,0.003874858194164947,0.0038754971528224547,0.00387515585407059,0.003874857122454212,0.0038754936723021213
7.793893893893893,0.027250834564884578,0.027248303276400234,0.027253076385420048,0.11896634249917976,0.11895345349720114,0.11897842053586312,0.0038818918195172728,0.0038815920601540784,0.0038822322767413067,0.0038818904179457802,0.0038815906266447134,0.0038822289991188408
7.813903903903903,0.027361328013841477,0.027358793003387765,0.027363574079425527,0.11919721907666772,0.11918426894633603,0.1192093265268864,0.003888618364361424,0.00388831794871262,0.0038889594011389662,0.0038886169948633698,0.0038883161592830726,0.0038889573725305005
7.833913913913913,0.02747196629899621,0.027469427597734804,0.027474216387463286,0.11942788853486698,0.11941487767174173,0.11944002515639246,0.003895336932013746,0.003895035869711782,0.003895677832272462,0.003895335594666364,0.0038950337212168137,0.003895675326286505
7.853923923923923,0.02758274897223111,0.027580206611389723,0.027585002957571096,0.11965835089905641,0.1196452944378262,0.11967051573383734,0.0039020475323038734,0.003901745833007873,0.0039023874397585466,0.0039020462271833084,0.0039017433967128744,0.003902385455672307
7.873933933933933,0.02769367558611688,0.027691129596988613,0.027695933342017493,0.11988860619504868,0.11987556686454988,0.11990076865272176,0.003908750175046977,0.003908447848442301,0.003909090828556832,0.003908748902228283,0.003908445791371098,0.0039090884582803735
7.893943943943943,0.02780474569391258,0.02780219610785524,0.027807007093765355,0.1201186544491904,0.1201056325697651,0.12013083355979425,0.0039154448700437616,0.003915141925841572,0.0039157862169248315,0.003915443629600905,0.0039151402406440204,0.003915783508924878
7.913953953953953,0.027915958849565572,0.027913399194902093,0.02791822376647198,0.12034849568836195,0.12033549157994317,0.12036069994481524,0.003922131627080468,0.0039218280750172915,0.003922471942632325,0.003922130419086329,0.003921826777628132,0.003922470032674901
7.933963963963963,0.028027314607711584,0.028024744960720726,0.0280295832589858,0.12057812993997762,0.12056514392208015,0.12059033853354899,0.00392881045592887,0.003928506310861055,0.00392915122401253,0.003928809280455247,0.003928505403119377,0.003929149647319883
7.953973973973973,0.028138812523674662,0.028136232972532534,0.028141089923688915,0.12080755723198561,0.12079458962369696,0.12081976957046481,0.0039354813663462765,0.003935177082558909,0.0039358225752732,0.003935480223463884,0.003935176112564551,0.003935821130789756
7.973983983983983,0.02825045215346721,0.02824786278674098,0.028252735030648405,0.12103677759286789,0.12102382871283922,0.1210489935490968,0.00394214436807553,0.00394183995693619,0.003942486006130399,0.0039421432578540085,0.003941839625709084,0.0039424845205380254
7.9939939939939935,0.028362233053789952,0.02835963740814032,0.028364515163428503,0.12126579105164041,0.12125286121807755,0.12127801049877698,0.00394879947084501,0.0039484949623001106,0.003949141526286191,0.003948798393352921,0.003948495271020693,0.0039491400069003755
8.014004004004002,0.028474154782031958,0.028471563865168106,0.028476435939233026,0.12149459763785289,0.12148164976731154,0.12150682044937372,0.00395544668436863,0.003955142259386479,0.003955789480071841,0.003955445639673459,0.003955142976415879,0.003955787599575754
8.034014014014014,0.028586216896270646,0.028583630971112464,0.02858850567803724,0.12172319738158897,0.12171022539527257,0.1217354232260732,0.003962086018345836,0.003961782335801589,0.003962429828576021,0.003962085006514,0.003961782843024913,0.003962427308248656
8.054024024024024,0.028698418955271754,0.02869583810797468,0.028700710885634046,0.12195159031346611,0.12193859452206114,0.12196383389059058,0.003968717482461611,0.003968414548159081,0.0039690623018225485,0.003968716503558454,0.00396841482995059,0.0039690591425891215
8.074034034034034,0.028810760518489364,0.02880818074319678,0.02881305483681543,0.12217977646463567,0.12216675717955992,0.12219204617138842,0.003975341086386471,0.0039750385810729035,0.003975686909451552,0.00397534014047627,0.0039750374683939745,0.003975684097193027
8.094044044044043,0.0289232411460659,0.028920658313402934,0.028925537813638096,0.12240775586678286,0.12239471340017267,0.1224200515312819,0.00398195683977647,0.003981653165351723,0.003982303661088845,0.003981955926922436,0.003981652270936624,0.003982301574448396
8.114054054054053,0.029035860398832127,0.029033282152855118,0.029038158940179155,0.1226355285521268,0.12262246321682439,0.12264785000185664,0.003988564752273191,0.003988259918886131,0.003988912566345935,0.003988563872537473,0.00398825924727527,0.003988911192648449
8.134064064064063,0.02914861783830714,0.029146044390169285,0.029150914859455784,0.12286309455342034,0.12285000666296111,0.12287544161523697,0.003995164833503755,0.003994859906794926,0.003995513631984132,0.003995163986947442,0.00399485842371715,0.003995511550248871
8.154074074074073,0.029261513026698383,0.029258945660467946,0.029263810152822655,0.12309045390395042,0.12307734377255017,0.1231028264040858,0.004001757093080819,0.00400145212523131,0.004002106868059218,0.004001756279763938,0.004001451597762557,0.004002103416769993
8.174084084084082,0.02937454552690162,0.029371982043729834,0.02937684449675159,0.12331760663753763,0.12330449449525847,0.1233300044016047,0.00400834154060257,0.004008036543100071,0.004008691781068067,0.004008340760584095,0.004008037091701937,0.004008687436110586
8.194094094094094,0.029487714902500982,0.029485156494207902,0.029490015585751792,0.12354455278853657,0.12353146452584964,0.12355697564153384,0.004014918185652737,0.004014613169994147,0.00401526881973814,0.004014917438990582,0.004014613413350085,0.004015264599067381
8.214104104104104,0.02960102071776891,0.029598467331585717,0.029603322983896337,0.12377129239183554,0.12375814265302153,0.12378373643697471,0.004021487037800578,0.004021182025588348,0.0040218368306676085,0.004021486324551608,0.004021182619884778,0.0040218325642560875
8.234114114114114,0.029714462537666186,0.029711910158250095,0.02971677051997885,0.12399782548285695,0.12398466185903612,0.12401027264964298,0.004028048106600883,0.004027743133888735,0.004028396316603509,0.004028047426820917,0.004027743464051111,0.004028392744330487
8.254124124124123,0.029828039927841946,0.029825479065075204,0.0298303521644102,0.12422415209755684,0.12421103665592367,0.12423660206189951,0.004034601401593983,0.00403429648001687,0.004034948020998848,0.004034600755337786,0.0040342965722803825,0.0040349462161483616
8.274134134134133,0.02994175245463366,0.02993918930468787,0.029944066678427327,0.12445027227242528,0.12443720484348916,0.1244627255767138,0.004041146932305743,0.004040841860765426,0.004041493543343534,0.0040411463196270364,0.004040841923157585,0.004041492052139553
8.294144144144143,0.030055599685067123,0.030053034341652782,0.030057915857160413,0.12467618604448609,0.12466316645631766,0.12468868702007727,0.004047684708247558,0.004047379408450869,0.004048031551812898,0.004047684129199021,0.00404737853035412,0.004048030157055823
8.314154154154153,0.030169581186856483,0.03016701374379084,0.03017189926824117,0.124901893451297,0.12488892152954371,0.12491444129991108,0.004054214738916359,0.004053908223004616,0.004054561802810569,0.004054214193549631,0.004053909003012828,0.00405456131685934
8.334164164164163,0.030283696528404225,0.030281127237495275,0.03028601647607972,0.12512739453094968,0.12511442026943437,0.12513998845181792,0.004060737033794617,0.004060428930384086,0.004061084305800555,0.004060736522160295,0.004060430805757734,0.004061084727266638
8.354174174174172,0.030397945278801155,0.030395374520977254,0.030400266818479144,0.12535268932206947,0.12533969894857186,0.12536529078630274,0.004067251602350333,0.00406694348088025,0.004067599070232877,0.004067251124497978,0.004066944886491018,0.004067600397703576
8.374184184184184,0.030512327007826467,0.030509754878779622,0.030514650403689773,0.12557777786381583,0.12556477254071172,0.1255903776661508,0.004073758454037042,0.004073450701981751,0.004074106105543542,0.00407375801001518,0.00407345126244564,0.004074108337582185
8.394194194194194,0.0306268412859476,0.03062426788144916,0.030629172749440745,0.12580266019588188,0.12578964025186865,0.12581525635304677,0.004080257598293815,0.004079949341471694,0.0040806054211545715,0.004080257188149941,0.004079949943089397,0.004080608552161684
8.414204204204204,0.030741487684320428,0.0307389131002168,0.03074382796141942,0.1260273363584947,0.1260143021226712,0.126039899012307,0.004086749044545256,0.004086441343841321,0.004087097026473978,0.004086748668325837,0.004086440937875154,0.004087101034747867
8.434214214214213,0.03085626577478909,0.0308536914363601,0.0308586131082183,0.12625180639241515,0.12623875819426836,0.12626432753325897,0.004093232802201508,0.004092925721554827,0.0040935809308957835,0.004093232459951978,0.00409292425624084,0.004093585067375741
8.454224224224223,0.03097117512988613,0.030968606991807257,0.03097352428634608,0.12647607033893815,0.12646300850832964,0.1264885631921224,0.004099708880658241,0.004099402135216252,0.0041000571438000065,0.004099708572423016,0.004099399907609455,0.004100060764279965
8.474234234234233,0.031086215322832386,0.0310836445872995,0.031088563968753813,0.12670012823989224,0.1266870531070452,0.12671262829843785,0.004106177289296672,0.004105870419829892,0.004106525737970927,0.004106177015119134,0.004105867825757827,0.004106528767490383
8.494244244244243,0.03120138592753703,0.031198812670218387,0.03120373187911605,0.12692398013764003,0.1269108920331257,0.1269364868996222,0.004112638037483539,0.004112331048945454,0.004112987046888765,0.0041126377974060584,0.004112327706653069,0.0041129890791091655
8.514254254254253,0.031316686518597606,0.031314110876007765,0.03131902559374696,0.12714762607507785,0.12713452550708618,0.12716013903793644,0.0041190911345711225,0.004118784016192556,0.00411944070080149,0.0041190909286350445,0.00411878019886925,0.004119441722638066
8.534264264264264,0.03143211667129996,0.031429545646167165,0.031434464337273704,0.127371066095636,0.12735795459483315,0.12738358475619596,0.004125536589897238,0.004125229356940104,0.004125886709033194,0.004125536418142892,0.004125224942618642,0.004125887009719126
8.554274274274274,0.03154767596161831,0.03154511158368588,0.03155003215081564,0.12759430024327853,0.12758122966005053,0.12760684070616166,0.00413197441278523,0.0041316671008234124,0.004132325080893551,0.004131974275251933,0.004131663426454274,0.0041323265965200464
8.574284284284284,0.03166336396621516,0.03166080907492266,0.031665723585027214,0.12781732856250347,0.127804326635127,0.12782988455101602,0.00413840461254398,0.0041380972330025715,0.004138755819332286,0.004138404509270039,0.00413809326630647,0.0041387585403071395
8.594294294294293,0.031779180262441434,0.03177663543547783,0.031781539697660836,0.1280401510983426,0.12802717500297595,0.1280527493068658,0.004144827198467909,0.004144519979667797,0.004145179267034646,0.004144827129490615,0.004144515492570744,0.004145182850307526
8.614304304304303,0.03189512442833631,0.031892589736069205,0.031897483612593265,0.12826276789636173,0.1282497772408113,0.12827540401638812,0.0041512421798369685,0.004150934666807594,0.004151595830300223,0.0041512421451926065,0.004150930126899929,0.004151598258321517
8.634314314314313,0.03201119604262736,0.03200867155511919,0.03201355490852056,0.12848517900266038,0.12847217418550017,0.12849784646663917,0.004157649565916643,0.0041573408803516464,0.004158004088838624,0.004157649565640491,0.004157337178583381,0.004158005829986893
8.654324324324323,0.03212739468473046,0.032124871727021664,0.032129753164829425,0.12870738446387198,0.1286943656602776,0.12872011751665885,0.004164049365957954,0.00416373941883407,0.00416440341402842,0.004164049400084292,0.004163736572628334,0.004164405783379978
8.674334334334333,0.03224371993474987,0.03224119780871529,0.03224607796159729,0.12892938432716392,0.1289163517127245,0.12894211796110874,0.004170441589197459,0.004170130720702521,0.004170795432508638,0.004170441657759558,0.004170127373936965,0.004170798146752723
8.694344344344344,0.03236017137347813,0.03235765486053295,0.03236252887959225,0.12915117864023726,0.12913813239095306,0.129163932468706,0.004176826244857246,0.004176514486500798,0.00417718018224714,0.004176826347887384,0.004176510631660475,0.004177182935869769
8.714354354354354,0.03247674858239615,0.032474239055698254,0.0324791055002731,0.12937276745132714,0.12935970774360672,0.12938554934411972,0.00418320334214494,0.0041828907102357685,0.004183556712191583,0.004183203479674396,0.0041828863665387276,0.004183560159933083
8.734364364364364,0.03259345114367319,0.032590948675451405,0.03259580740578934,0.1295941508092024,0.12958110215716595,0.1296069599462105,0.004189572890253702,0.004189259401143381,0.004189925670400024,0.00418957306231276,0.004189254571493897,0.0041899298281303414
8.754374374374374,0.032710278640166804,0.032707783302439626,0.0327126479261683,0.12981532876316582,0.1298022964831262,0.12982817183743053,0.004195934898362227,0.004195620574043463,0.0041962871898871615,0.004195935104980177,0.004195616277442585,0.004196291949634935
8.774384384384383,0.03282723065542293,0.032824742519995696,0.032829614547358554,0.13003630136305405,0.13002328481739844,0.13004921392207114,0.004202289375634742,0.004201974241120291,0.0042026412690452835,0.004202289616839886,0.00420197121083259,0.004202646533605955
8.794394394394393,0.03294430677367584,0.03294182591213799,0.03294670514865228,0.13025706865923758,0.13024403310654595,0.13027005017709842,0.004208636331221011,0.004208320402810126,0.004208987997414077,0.004208636607040663,0.004208318893538974,0.004208995157840562
8.814404404404403,0.03306150657984809,0.0330590330635704,0.03306391934668751,0.13047763070262078,0.13046455227288214,0.13049067983120433,0.004214975774256333,0.004214659370684431,0.004215329280927032,0.004214976084716819,0.004214659074490642,0.004215336522064407
8.834414414414413,0.033178829659550664,0.0331763635596824,0.03318125664505532,0.13069798754464185,0.13068486713123514,0.13071106977432548,0.00422130771386154,0.004220992314003843,0.004221662960931749,0.004221308058988205,0.004220991762793972,0.004221670367658181
8.854424424424424,0.03329627559908282,0.03329381698654906,0.03329871668442371,0.13091813923727297,0.13090498500324588,0.13093120742059491,0.004227632159142998,0.004227317767102055,0.00422798645678586,0.004227632538960205,0.004227316420484305,0.004227995463665331
8.874434434434434,0.033413843985432144,0.0334113859499529,0.03341629908005635,0.13113808583302,0.13112491809852192,0.13115113900289163,0.004233949119192611,0.004233635739257989,0.004234302454856186,0.004233949533723743,0.004233632345725736,0.004234312734174132
8.894444444444444,0.03353153440627461,0.03352907420355175,0.033533996144659586,0.13135782738492283,0.13134464692488979,0.13137086537211157,0.004240258603087816,0.0042399462713908695,0.004240610964247851,0.0042402590523552795,0.004239941458402493,0.004240622456251336
8.914454454454454,0.03364934644997449,0.03364687780472728,0.033651809266690286,0.1315773639465551,0.1315641796210163,0.13159038658197295,0.004246560619891582,0.004246248377917292,0.004246911994052044,0.004246561103916808,0.0042462445082366435,0.004246924684014743
8.934464464464464,0.03376727970558444,0.033764803296784454,0.033769743358411375,0.13179669557202445,0.13178354878924836,0.1318097171462814,0.004252855178652418,0.004252541810417857,0.004253206268129249,0.0042528556974558655,0.004252539563909667,0.004253219338597282
8.954474474474473,0.03388533376284538,0.0338828573547299,0.033887798203006254,0.1320158223159722,0.132002700237932,0.13202886050968668,0.004259142288404363,0.004258827811354443,0.004259492553382536,0.004259142842005519,0.004258826565191973,0.004259505494104375
8.974484484484483,0.03400350821218665,0.03400102040243856,0.03400597320432601,0.13223474423357368,0.1322215825163411,0.13224779822065907,0.004265421958166992,0.004265106389783938,0.004265771383574688,0.004265422546584377,0.004265106139426167,0.004265784192929198
8.994494494494493,0.03412180264472586,0.034119303622564726,0.03412426815616701,0.13245346138053807,0.13244026064077474,0.1324665303339612,0.004271694196945414,0.004271378775102075,0.0042720427616217554,0.004271694820196585,0.004271378295631788,0.004272057572295072
9.014504504504503,0.034240216652269014,0.0342377186253798,0.03424268265035267,0.13267197381310838,0.13265873466889394,0.13268505690492685,0.004277959013730276,0.0042776441550902294,0.004278306671334309,0.00427795967183182,0.00427764304281343,0.004278323710846273
9.034514514514514,0.034358749827310436,0.03435624922652119,0.03436121627939554,0.1328902815880615,0.13287701887386658,0.13290337798946128,0.004284216417497754,0.004283902127204703,0.004284563156567767,0.004284217110465305,0.004283900389960741,0.004284581619237004
9.054524524524524,0.034477401763032746,0.03447489301617971,0.034479868636497185,0.1331083847627081,0.13309511026634727,0.13312149364404102,0.0042904664172095635,0.004290152700390371,0.004290812898258643,0.004290467145057788,0.00429015022967218,0.004290831788893612
9.074534534534534,0.03459617205330695,0.034593655260923006,0.034598637620760195,0.13332628339489286,0.13331299777973926,0.13333940392571403,0.0042967090218129535,0.004296395883577519,0.00429705523224055,0.004296709784555566,0.004296392342586874,0.004297074519235143
9.094544544544544,0.0347150602926924,0.03471253555562915,0.034717521565731824,0.13354397754299427,0.13353068136649063,0.1335571088920996,0.0043029442402407045,0.0043026316856818484,0.004303290167446391,0.0043029450378904615,0.004302627746984665,0.00430331124191392
9.114554554554553,0.03483406607643673,0.034831533495860836,0.03483652300954373,0.13376146726592467,0.1337481607182512,0.13377460860138832,0.0043091720814111365,0.004308860133920559,0.004309517712795084,0.004309172913979845,0.004308855784154002,0.004309539961624047
9.134564564564563,0.03495318900047598,0.03495064867786535,0.03495564154826247,0.1339787526231302,0.13396543589483428,0.13399190311234221,0.004315392554228101,0.004315081233479441,0.004315737877191544,0.004315393421726615,0.004315076374973424,0.004315761759492356
9.154574574574573,0.03507242866143447,0.03506988105903376,0.0350748767786443,0.134195833674591,0.1341825069565838,0.1342089924842946,0.0043216056675809845,0.004321294983432559,0.004321950669526702,0.004321606570019212,0.004321289489642579,0.004321976182475502
9.174584584584583,0.03519178465662492,0.03518924300849332,0.03519422829813504,0.134412710480821,0.13439936235450337,0.1344258767771503,0.0043278114303447095,0.0043275013877189785,0.004328156098677485,0.004327812367731609,0.0043274952759179254,0.0043281832394154
9.194594594594594,0.035311256584048316,0.03530872585468141,0.03531369570487021,0.13462938310286807,0.1346160322200569,0.13464255605138525,0.00433400985137973,0.0043337004551804665,0.004334355729307714,0.004334010823723321,0.004333693745321253,0.004334382918705799
9.214604604604604,0.03543084404239403,0.03542832434269599,0.035433278597674873,0.13484585160231372,0.1348324936873004,0.13485903036804692,0.004340200939532039,0.00433989166874641,0.004340546542974019,0.004340201946839395,0.004339884894862584,0.004340575226358398
9.234614614614614,0.03555054663103976,0.03554803806861758,0.03555298139197878,0.1350621160412736,0.1350487479266173,0.13507529978875407,0.004346384703633161,0.0043460751502929565,0.004346729333133494,0.004346385745910419,0.004346068733382119,0.004346759042302742
9.254624624624624,0.03567036395005155,0.03566786663222506,0.03567281385975315,0.13527817648239707,0.1352647993324327,0.13529136437569683,0.004352561152500156,0.004352251323364379,0.004352905756415822,0.004352562229752514,0.0043522452697051205,0.004352935370348019
9.274634634634634,0.03579029560018376,0.03578780224080399,0.03579276053529567,0.13549403298886742,0.13548064838791052,0.13550722419163672,0.004358730294935619,0.004358420196776114,0.004359076227362457,0.00435873140716734,0.00435841451264191,0.004359104374928678
9.294644644644643,0.03591034118287911,0.03590784238448757,0.035912812217096614,0.1357096856244018,0.13569630805061386,0.13572287929990665,0.0043648921397276795,0.004364581779328958,0.004365239916278399,0.004364893286942095,0.004364576358101948,0.004365266892069826
9.314654654654653,0.03603050030026866,0.03602799614441057,0.036032971835530746,0.13592513445325116,0.13591177564544538,0.1359383443739565,0.00437104669565,0.004370736079809071,0.0043713963092395555,0.004371047877849512,0.004370730499666124,0.004371423353722202
9.334664664664663,0.036150772555171795,0.03614826312354788,0.03615324455713756,0.13614037954020036,0.13612700378592435,0.1361536299220143,0.00437719397146178,0.004376883106987972,0.0043775443868500205,0.004377195188647861,0.004376877367529418,0.0043775725106390195
9.354674674674675,0.03627115755109624,0.0362686429255595,0.03627362991623581,0.1363554209505682,0.13634201841805343,0.1363687110873221,0.004383333975907752,0.004383022869622543,0.004383684048832566,0.004383335228080949,0.004383017437675256,0.004383714354242727
9.374684684684684,0.03639165489223806,0.03638913515479059,0.03639412727507213,0.13657025875020723,0.13655683184966932,0.13658358362626652,0.004389466717718186,0.004389155376636005,0.0043898184759654695,0.004389468004878118,0.004389150510976906,0.004389846967547945
9.394694694694694,0.03651226418348164,0.036509740469863036,0.0365147372342067,0.1367848930055038,0.13677145866362217,0.1367982195917292,0.004395592205608883,0.004395280644638181,0.004395945906311245,0.0043955935277542515,0.004395276337671479,0.004395972037231615
9.414704704704704,0.03663298503039977,0.036630464530419495,0.036635465597954144,0.13699932378337842,0.1369858839223275,0.1370126516125654,0.004401710448281179,0.004401398674149613,0.004402066077935227,0.0044017118054097675,0.004401394926446934,0.004402089785196293
9.434714714714714,0.03675381703925349,0.0367512938520165,0.036756305071942504,0.13721355115128514,0.1372001020509929,0.13722687987212315,0.004407821454421946,0.004407510016520899,0.0044081789994741575,0.004407822846530618,0.004407506192829542,0.004408200277525294
9.454724724724723,0.036874759816992224,0.036872237915803796,0.036877255262782516,0.13742757517721207,0.13741411855361765,0.13744090443833454,0.0044139252327035925,0.004413614838445979,0.004414284679550886,0.004413926659788295,0.004413609915805586,0.00441430352291088
9.474734734734733,0.036995812971253726,0.03699330285313892,0.03699831577777361,0.1376413959296811,0.13762793197999768,0.13765472537967774,0.004420021791784059,0.0044197118995613896,0.004420383126774386,0.004420023253839828,0.004419706422083528,0.0044203993071223295
9.494744744744743,0.03711697611036411,0.03711446951875834,0.03711948622490406,0.13785501347774806,0.13784154239951174,0.13786834276517693,0.004426111140306816,0.004425801015439951,0.004426474349739745,0.004426112637327781,0.004425795720310773,0.00442648722379331
9.514754754754755,0.037238248843337804,0.03723574587223139,0.037240762628816385,0.1380684278910026,0.1380549498820694,0.1380817566644025,0.0044321932869008825,0.004431883920816333,0.004432558357028164,0.004432194818880256,0.004431877819120308,0.004432567923099105
9.534764764764764,0.03735963077987758,0.03735713152893826,0.037362142874643664,0.13828163923956815,0.13826815449811103,0.1382949671474709,0.004438268240180797,0.004437959646569644,0.004438635155078674,0.004438269807110892,0.004437952727130688,0.0044386414137072075
9.554774774774774,0.037481121530374514,0.037478626147434975,0.03748363145080422,0.13849464759410218,0.13848113847508783,0.13850797428504472,0.004444336008746641,0.004444028212626809,0.004444704710066354,0.004444337610618863,0.004444020452946052,0.004444707704271418
9.574784784784784,0.03760272070590809,0.037600227502355886,0.03760522827273341,0.1387074530257959,0.1386939189287079,0.13872077814833264,0.004450396601184028,0.0044500891479356975,0.004450766348621649,0.0044503982379888824,0.004450081005156107,0.004450766803431836
9.594794794794794,0.03772442791824608,0.03772192683707777,0.037726932952232145,0.13892005560637438,0.13890649706050384,0.13893337880908949,0.004456450026064107,0.004456142065562744,0.004456819741660509,0.004456451697791202,0.004456134403402617,0.004456819681288794
9.614804804804804,0.037846242779844615,0.03784373386711961,0.03784874510179771,0.13913245540809668,0.13911887921403332,0.13914577633961617,0.00446249629194356,0.004462188088450356,0.00446286596568421,0.004462497998581604,0.0044621806785603135,0.004462867116140353
9.634814814814813,0.03796816490384815,0.03796564820582052,0.03797066272436893,0.13934465250375558,0.13933108130870397,0.13935797081275972,0.004468535407364609,0.004468228191273879,0.004468905005306091,0.004468537148901412,0.004468219806012968,0.004468907383735759
9.654824824824823,0.038090193904089485,0.03808766946720659,0.038092686410563556,0.1395566469666778,0.13954312538770822,0.1395699687825313,0.0044745673808550025,0.004474261186784929,0.004474936881256681,0.004474569157277487,0.004474250991848317,0.004474939529125445
9.674834834834833,0.038212329395089756,0.0382097972737877,0.03821481656573569,0.13976843887072393,0.13975491257641515,0.13978176444764084,0.004480592220928031,0.004480287028462733,0.0044809616140332595,0.004480594032222225,0.004480276594459917,0.004480963696848496
9.694844844844845,0.03833457099205847,0.03833203137588441,0.03833705280525557,0.13998002829028836,0.1399664881632182,0.13999333830230495,0.004486609936082515,0.00448630571997159,0.004486979212139874,0.004486611782233561,0.004486294263216927,0.004486980720826923
9.714854854854854,0.03845691831089339,0.03845437124666216,0.038459394745181896,0.14019141530029944,0.14017786141261457,0.14020471960755712,0.0044926205348028115,0.004492317306690826,0.004492989684066465,0.004492622415794961,0.004492304849870312,0.004492990609574301
9.734864864864864,0.03857937096818069,0.038576816502890396,0.03858184200226198,0.1404025999762193,0.14038903248261875,0.14041589990560438,0.004498624025558809,0.004498320711074519,0.004498993196602,0.004498625941375437,0.004498308066177745,0.00449899337159064
9.754874874874874,0.038701928581194874,0.038699366830474945,0.03870439696325535,0.14061358239404398,0.1406000014498354,0.1406268775948191,0.004504620416805934,0.004504316253311169,0.004504990506236585,0.00450462236742953,0.004504303714297905,0.004504989015362381
9.774884884884884,0.03882459076789875,0.038822021824476347,0.038827061692210604,0.14082436263030337,0.14081076839140327,0.14083765275187096,0.004510609716985151,0.0045103047240727615,0.0045109807124080305,0.004510611702397323,0.004510293186867328,0.004510977549362402
9.794894894894894,0.038947357146943515,0.038944792701567844,0.03894982748671744,0.14103494076206127,0.14102133338499498,0.14104822545397597,0.0045165919345229524,0.004516286131802895,0.0045169638235065,0.004516593954704432,0.004516276130512002,0.004516958982050014
9.814904904904903,0.03907022733766865,0.03906766977483958,0.039072696364892176,0.14124531686691527,0.1412316965088173,0.1412585957788962,0.004522567077831367,0.004522260506836038,0.004522939847908055,0.004522569132762011,0.004522251427423543,0.004522933321870965
9.834914914914913,0.039193200960102,0.03919065034022237,0.03919567822038757,0.14145549102299693,0.1414418578416108,0.14146876380493978,0.00452853515530796,0.004528227867905437,0.004528908793974648,0.004528537244966752,0.004528220366253011,0.004528900577257433
9.854924924924925,0.039316277634959776,0.03931373401819492,0.03931875870280449,0.14166546330897153,0.1416518174626503,0.14167872961096098,0.0045344961753358325,0.004534188191280019,0.004534870670054132,0.004534498299700885,0.0045341823134001065,0.004534860981657758
9.874934934934934,0.03943945698364644,0.039436920429921744,0.03944194054676677,0.14187523380403833,0.1418615754517443,0.14188849572245532,0.004540450146283614,0.004540142302914601,0.0045408254844802425,0.004540452305332173,0.004540137222196296,0.004540816118946055
9.894944944944944,0.0395627386282549,0.039560209197253296,0.03956522435417187,0.14208480258793038,0.14207116487187524,0.1420980799909524,0.0045463970765054745,0.004546090428786195,0.004546773245572618,0.0045463992702139185,0.0045460849711962585,0.00454676559044355
9.914954954954954,0.039686122191566336,0.03968359994272584,0.039688609160584316,0.14229416974091466,0.14228059387622216,0.1423074416192334,0.004552336974341119,0.0045520315739681965,0.004552713954222568,0.004552339202684959,0.004552025632984714,0.0045527080227522245
9.934964964964964,0.03980960729705027,0.039807092358584074,0.0398120934569917,0.14250333534379203,0.1424897585789167,0.14251659284850524,0.00455826984811578,0.004557965705616089,0.004558647613066491,0.004558272111069671,0.004557959280389707,0.004558643424126911
9.954974974974974,0.0399331935688646,0.039930686039029134,0.03993568560290716,0.14271229947789704,0.14269872004950318,0.14272555778630097,0.004564195706140236,0.004563892483124777,0.004564573539871342,0.004564198003677968,0.004563885494664987,0.004564571802808104
9.974984984984983,0.040056880631855515,0.04005438056988656,0.04005937481531323,0.14292106222509843,0.14290748033220743,0.14293431390886757,0.004570114556710789,0.00456981138954382,0.004570491853528036,0.004570116888805298,0.004569804210969379,0.004570493121721928
9.994994994994993,0.04018066811155759,0.04017817557643349,0.040183164369116606,0.1431296236677985,0.1431160395097019,0.14314286842891139,0.004576026408109283,0.004575723786334545,0.004576403136149722,0.004576028774732648,0.004575715951058303,0.004576407425858861
10.015005005005005,0.04030455563419368,0.04030207068463286,0.04030705359912112,0.14333798388893357,0.14332437311966925,0.1433512214299527,0.004581931268603091,0.004581628269351772,0.004582307386723325,0.00458193366972654,0.0045816207231862095,0.004582314732013803
10.035015015015015,0.040428542826675025,0.04042606450523215,0.040431038505719955,0.14354614297197374,0.14353248611594588,0.14355937299605828,0.004587829146445127,0.004587526076622246,0.004588205985709079,0.004587831582039034,0.004587518585686662,0.004588213302949401
10.055025025025024,0.040552629316601196,0.04055014744872403,0.04055512396089978,0.14375410100092303,0.1437403987072098,0.14376732321184124,0.004593720049873834,0.0045934170290193475,0.004594096008672202,0.004593722519907727,0.004593409501853886,0.004594102998881221
10.075035035035034,0.04067681473226007,0.04067432943500841,0.0406793064102117,0.14396185806031936,0.14394811097925359,0.14397507216246122,0.004599603987113193,0.0045993012094212695,0.004599978816884473,0.004599606491555751,0.004599294930482395,0.004599985698907985
10.095045045045044,0.040801098702627936,0.04079861009320754,0.040803601474385616,0.14416941423523444,0.14415566248931702,0.14418261993362427,0.004605480966372718,0.004605179112581039,0.004605854650594052,0.0046054835051917795,0.004605174128703214,0.004605861375846514
10.115055055055054,0.040925480857369315,0.04092299576174705,0.040927986820347366,0.14437676961127388,0.14436301500962923,0.1443899663129458,0.004611350995847459,0.004611050077696563,0.004611723980501335,0.0046113535690100165,0.004611046396262432,0.0046117300888977066
10.135065065065064,0.04104996082683716,0.041047483629966866,0.04105246842831673,0.14458392427457714,0.14457016717970764,0.1445971111962271,0.004617214083717999,0.004616914112914528,0.004617586356218243,0.004617216691190206,0.004616911422590885,0.004617591846281034
10.155075075075073,0.041174538242072685,0.041172058819284735,0.041177046996119966,0.1447908783118176,0.14477711908581198,0.14480405515919778,0.004623070238150458,0.0046227705157447455,0.004623441785927865,0.004623072879897632,0.004622767916814785,0.004623446656202086
10.175085085085085,0.04129921273480556,0.04129672947118955,0.0413017225635719,0.1449976318102024,0.1449838708147201,0.14501079828974117,0.004628919467296485,0.004628619812641222,0.004629289296677381,0.004628922143283109,0.004628617054319299,0.004629294526852578
10.195095095095095,0.041423983937453626,0.04142149691006487,0.04142649239793422,0.1452041848574727,0.14519042255400336,0.145217321214726,0.0046347617792932725,0.004634460355148391,0.0046351293549455035,0.0046347644894829945,0.004634459270688499,0.0046351354664103455
10.215105105105104,0.0415488514831232,0.04154636076905352,0.041551354234865896,0.1454105375419033,0.14539677468679374,0.1454236385289229,0.004640597182263539,0.004640294689961559,0.004640963281154104,0.0046405999266191785,0.004640294589743642,0.004640969483039343
10.235115115115114,0.041673815005608884,0.04167132083199402,0.04167631192418382,0.1456166899523031,0.14560292690972396,0.1456297669920934,0.004646425684315544,0.004646123271645442,0.0046467904906910395,0.004646428462799087,0.004646123019579184,0.0046467971360974174
10.255125125125124,0.04179887413939362,0.04179637606725804,0.04180136510061523,0.14582264217801472,0.1458088793116133,0.14583570579807537,0.0046522472935430804,0.004651944999408838,0.004652610792212549,0.0046522501061156876,0.004651944568274562,0.004652620370140672
10.275135135135134,0.0419240285196487,0.04192152745337966,0.04192651526149999,0.1460283943089147,0.14601463250831687,0.1460414441661264,0.00465806201802547,0.004657760662108082,0.004658424356448147,0.004658064864647481,0.00465775924389419,0.004658436714803886
10.295145145145144,0.042049277782233746,0.042046773206749946,0.04205177003532154,0.14623394643541343,0.14622021797924686,0.14624698190930288,0.0046638698658275765,0.004663569583836259,0.0046642334882512826,0.004663872746458507,0.004663567054487464,0.0046642461781007515
10.315155155155153,0.04217462156369668,0.04217211360375092,0.042177119180241716,0.1464392986484552,0.14642559235679173,0.14645231861976896,0.004669670844999795,0.0046693716504956065,0.004670035729817186,0.0046696737595983435,0.004669368008984527,0.00467004876803047
10.335165165165163,0.04230005950127385,0.04229754936814598,0.042302562359160634,0.1466444510395181,0.14663072355871723,0.14665743784915017,0.004675464963578056,0.0046751665397082994,0.004675829801224378,0.004675467912102097,0.004675162136624302,0.004675841850260458
10.355175175175175,0.04242559123288987,0.04242307699899927,0.042428093798776455,0.14684940370061417,0.14683565584037916,0.1468623946598899,0.004681252229583823,0.004680954017755229,0.00468161630905546,0.0046812552119904205,0.004680949423004987,0.0046816268473629475
10.375185185185185,0.04255121639715771,0.042548698968310365,0.04255372990028122,0.14705415672428915,0.14704040165452337,0.14706713849745343,0.004687032651024096,0.004686733581937386,0.004687395959675233,0.0046870356672695,0.004686729876115586,0.004687404988999883
10.395195195195194,0.042676934633378676,0.042674414212811186,0.042679453184031886,0.14725871020362286,0.14724495700896634,0.1472716882657425,0.00469280623589141,0.004692507199802773,0.00469316876109647,0.004692809285931058,0.004692503503930103,0.004693179042902498
10.415205205205204,0.04280274558154244,0.04280022224654214,0.042805264633372746,0.14746306423222888,0.1474493132696891,0.14747603736746745,0.004698572992163832,0.004698274807167042,0.004698934721317947,0.004698576075952356,0.004698270314407533,0.004698946287575375
10.435215215215214,0.04292864888232698,0.042926122710183826,0.04293116833870969,0.1476672189042546,0.14765347053022562,0.14768015632902537,0.004704332927804966,0.00470403563366355,0.004704693848324443,0.004704336045296188,0.004704031337335496,0.004704706672068919
10.455225225225224,0.043054644177098624,0.04305211572017503,0.04305716396331922,0.14787117431438143,0.147857428884628,0.1478841138759313,0.004710086050763951,0.004709789208330158,0.004710446150086734,0.004710089201910887,0.004709785699567912,0.004710460236624473
10.475235235235234,0.04318073110791205,0.043178213986600336,0.04318325114928145,0.14807493055782442,0.14806118842746668,0.1480878899545589,0.0047158323689754575,0.004715535850156902,0.0047161919319688135,0.004715835553730326,0.0047155332776204475,0.004716206989176873
10.495245245245243,0.043306909317510224,0.04330440368945576,0.04330942953936756,0.14827848773033275,0.14826474925383018,0.14829144150695592,0.004721571890359694,0.004721275710368629,0.004721932382350519,0.004721575108673912,0.004721273117449556,0.0047219469376467635
10.515255255255255,0.04343317844932453,0.04343068447308068,0.04343569877703983,0.1484818459281893,0.14846811145932523,0.1484947937038595,0.0047273046228224,0.0047270087968599534,0.004727666035181228,0.00472730787464659,0.004727006064281589,0.004727680089940602
10.535265265265265,0.043559538147474625,0.043557056016729295,0.043562058506451534,0.14868500524821077,0.1486712751400767,0.14869794948813092,0.004733030574254857,0.004732734620680548,0.004733392898322697,0.004733033859538836,0.004732732247973455,0.0047334064539506565
10.555275275275275,0.04368598805676852,0.043683502805387374,0.04368850837244708,0.14888796578774788,0.1488742405781962,0.1489009025638912,0.0047387497525338725,0.004738454119456459,0.004739112979622409,0.004738753071226671,0.0047384519173372195,0.004739126037555004
10.575285285285284,0.04381252782270259,0.043810035671087585,0.043815048020561936,0.14909072764468506,0.149077008246915,0.1491036568543769,0.004744462165521791,0.004744167492731711,0.004744826286913574,0.00474446551757165,0.0047441654340717836,0.004744838848617537
10.595295295295294,0.043939157091461525,0.0439366580414556,0.04394167709702261,0.14929329091744079,0.14927957768133654,0.14930621192522112,0.004750167821066496,0.004749873562986304,0.004750532828015126,0.004750171206420865,0.004749872210606554,0.004750544894987954
10.615305305305304,0.044065875509918334,0.04406336956387217,0.04406839524874669,0.1494956557049672,0.14948194897960354,0.14950856371433688,0.0047558667270014,0.004755572988001962,0.004756232610731719,0.004755870145606943,0.004755572254754224,0.004756244184501766
10.635315315315314,0.04419268272563441,0.04419016988640976,0.04419520659701287,0.14969782210675048,0.14968412270079046,0.1497107275732918,0.004761558891145455,0.004761265895544513,0.004761925642853739,0.00476156234294805,0.004761265574312403,0.004761936712826444
10.655325325325324,0.044319578386859466,0.04431705878157475,0.044322110860045234,0.14989979022281055,0.14988609952454712,0.14991268808549466,0.00476724432130314,0.00476695207834966,0.004767611932157295,0.004767247806247885,0.004766952177063609,0.004767622280390575
10.675335335335335,0.04444656214253156,0.04444403612266705,0.04444910314604621,0.15010156015370127,0.15008787852281788,0.15011444863474283,0.004772923025264482,0.004772631544173513,0.004773291486404221,0.004772926543295691,0.0047726320707752725,0.004773299191570004
10.695345345345345,0.04457363364227703,0.04457111735670094,0.04457618315456935,0.15030313200051032,0.1502894658985828,0.15031601053697174,0.004778595010805028,0.004778304300757274,0.004778964311904956,0.0047785985618662395,0.004778304987484711,0.0047789693645505634
10.715355355355355,0.04470079253641064,0.0446982860764946,0.04470334010631784,0.1505045058648593,0.15049083973415509,0.15051735918950737,0.0047842602856858684,0.004783970355827248,0.004784630351598047,0.004784263869719847,0.00478397002257058,0.004784632963207298
10.735365365365364,0.04482803847593543,0.04482554209655098,0.04483057984879982,0.15070568184890354,0.15069202252237796,0.15071850920723587,0.004789918857653626,0.00478962971709483,0.0047902896797332875,0.00478992247460236,0.004789628360607626,0.004790291577206145
10.755375375375374,0.044955371112542795,0.04495287985357618,0.044957906171776155,0.15090666005533246,0.15089300860791058,0.15091949927042095,0.004795570734440458,0.004795282392256512,0.004795942304016473,0.004795574384245166,0.004795279949107846,0.004795942920873414
10.775385385385384,0.0450827900986125,0.04508029809645135,0.045085318727984984,0.15110744058736914,0.15109379841223605,0.15112027855923846,0.004801215923764056,0.00480092838899388,0.004801588232139106,0.004801219606365188,0.004800924392589062,0.004801586838707576
10.795395395395394,0.0452102950872126,0.04520780241433934,0.045212817144260786,0.15130802354877063,0.15129439098699982,0.1513208532045729,0.004806854433327644,0.004806567714973619,0.004807227471778405,0.004806858148664885,0.004806562168067804,0.004807225379550126
10.815405405405404,0.04533788573209952,0.04533539246113177,0.0453404007128072,0.15150840904382779,0.15149478764184285,0.1515212251226808,0.004812486270819988,0.00481220008440041,0.004812860030597295,0.0048124900188322535,0.004812193283244028,0.00481285870924601
10.835415415415415,0.04546556168771801,0.045463067891407215,0.04546807285947413,0.15170859717736543,0.1516949873732084,0.15172140247047874,0.004818111443915385,0.0048178247901240635,0.004818484079419331,0.004818115224540829,0.004817818404301623,0.004818484400549212
10.855425425425425,0.04559332260920116,0.04559082836043121,0.04559583221885637,0.15190858805474217,0.15189500061795844,0.15192142466749864,0.0048237299602736615,0.004823442843007325,0.004824100727649055,0.00482373377344968,0.004823437409895817,0.004824102915385145
10.875435435435435,0.04572116815237039,0.04571867352415623,0.045723676127047544,0.15210838178185046,0.15209486046128723,0.1521212846835052,0.004829341827540182,0.004829054849179769,0.004829710671840126,0.004829345673203415,0.004829049797897808,0.004829714299596789
10.895445445445445,0.04584909797373545,0.045846603039221674,0.04585160424065031,0.15230797846511662,0.15229451519744872,0.1523209473344504,0.0048349470533458495,0.004834659741593946,0.0048353139646075865,0.004834950931432178,0.004834655435042945,0.004835319449279938
10.915455455455454,0.04597711173049449,0.045974616562953964,0.045979616216958404,0.15250737821150095,0.15249392247556198,0.15252039454020033,0.004840545645307096,0.004840257579669763,0.004840910613612708,0.004840549555751649,0.00484025466729241,0.004840918477239165
10.935465465465464,0.04610520908053393,0.0461027138712308,0.0461077092602814,0.15270658112849744,0.1526931331370363,0.15271962820198426,0.004846137611025892,0.0048458486679878515,0.0048465019948338555,0.004846141553763045,0.004845847177676477,0.004846510169846824
10.955475475475474,0.04623338968242855,0.04623089397682497,0.04623588171573585,0.15290558732413417,0.1528921472899992,0.15291862910310958,0.00485172295808974,0.004851433388615745,0.004852086069250796,0.004851726933053122,0.004851433118569804,0.004852094424764033
10.975485485485484,0.04636165319544146,0.04635914484886176,0.046364144937624426,0.15310439690697283,0.15309096504310898,0.15311738234203964,0.00485730169407168,0.004857011370996904,0.004857666068494291,0.004857305701194174,0.004857012475359729,0.0048576720578687544
10.995495495495494,0.046489999279524144,0.04648749078232165,0.04649249069532842,0.15330300998610913,0.15328958650555494,0.15331593878882838,0.0048628738265302845,0.0048625827532803815,0.00486323945534472,0.004862877865744023,0.0048625853700143985,0.0048632430767477156
11.015505505505505,0.046618427595316383,0.046615925323306516,0.04662091864929332,0.15350142667117264,0.15348801178705693,0.15351429855640353,0.004868439363009661,0.004868147543049747,0.004868806237292637,0.004868443434246041,0.004868152425453399,0.004868807488973551
11.035515515515515,0.046746937804146294,0.04674444195987493,0.0467494284606522,0.15369964707232672,0.1536862409978656,0.15371249721885671,0.00487399831103945,0.004873705747874223,0.004874366421814181,0.004874002414229124,0.004873711713283906,0.004874365302104805
11.055525525525525,0.04687552956803036,0.04687303483142521,0.0468780197912258,0.1538976713002687,0.1538842555913432,0.1539105622320017,0.0048795506781348285,0.004879257375308681,0.004879920016371076,0.004879554813207714,0.004879264032151102,0.004879916523685932
11.075535535535534,0.047004202549673406,0.04700170817067523,0.047006687611589784,0.15409549946622964,0.15408206238751607,0.1541084307364158,0.004885096471796511,0.004884802595934875,0.004885464515181988,0.004885100638681788,0.004884810479376506,0.0048854611612473
11.095545545545544,0.04713295641246857,0.047130462465442106,0.047135431612159544,0.15429313168197464,0.15427968585461332,0.15430610284286292,0.004890635699510741,0.004890342936570937,0.0048910021554457676,0.004890639898136856,0.004890349736328732,0.0048909994925328635
11.115555555555554,0.047261790820497335,0.04725929737992169,0.04726425305449621,0.15449056805980252,0.15447716117355564,0.15450357866265335,0.0048961683687492995,0.004895875219161736,0.004896533219897204,0.004896172599043968,0.004895881191356161,0.004896534661912968
11.135565565565564,0.047390705438529517,0.047388212578996794,0.04739315432365607,0.15468780871254603,0.15467444988744408,0.15470085830764407,0.0049016944869695045,0.004901401572458169,0.004902057716063632,0.00490169874885971,0.0049014081117272285,0.004902063609745536
11.155575575575574,0.04751969993202331,0.04751720772823715,0.04752213527552841,0.15488485375357178,0.15487150501908456,0.154897940965782,0.004907214061614202,0.004906921464878832,0.004907575651458788,0.004907218355026205,0.004906928861979818,0.0049075830423682566
11.175585585585585,0.04764877396712521,0.0476462824938995,0.047651210230606464,0.1550817032967802,0.15506836486664977,0.15509482739535463,0.00491272710011178,0.004912434532365798,0.0049130870335828015,0.004912731424971115,0.004912443100695305,0.004913094350931562
11.195595595595595,0.047777927210670014,0.04777543654292745,0.04778036774432904,0.1552783574566056,0.15526502954463672,0.15529151750903022,0.004918233609876153,0.004917940555595926,0.004918591869922196,0.004918237966107635,0.004917950271166489,0.0049185991118126295
11.215605605605605,0.04790715933018093,0.047904669542951604,0.0479096040772888,0.15547481634801624,0.1554614993001786,0.1554880118951683,0.004923733598306781,0.004923440062529262,0.004924090167949899,0.004923737985834496,0.004923449266805067,0.004924097287385126
11.235615615615615,0.04803646999386948,0.04803398116228956,0.048038918897688444,0.15567108008651412,0.15565779817522238,0.15568424840383568,0.00492922707278865,0.004928932805159616,0.004929581935125226,0.004929231491535973,0.0049289417547167,0.0049295889067243965
11.255625625625624,0.04816585887063551,0.04816337106994576,0.048168311874421076,0.1558671487881352,0.15585393075143944,0.1558802752278704,0.004934714040692282,0.004934418385106328,0.004935068613630964,0.0049347184905818705,0.004934427758822264,0.0049350754487876985
11.275635635635634,0.048295325630067214,0.04829283893561169,0.04829778267707025,0.15606302256944932,0.1560498688261887,0.15607614206070075,0.004940194509373734,0.004939897957441279,0.004940549829364541,0.004940198990327533,0.004939907295084368,0.004940555810931896
11.295645645645644,0.0484248699424411,0.04842238442966574,0.04842733097590991,0.15625870154756002,0.1562455842051258,0.15627185138298966,0.004945668486174603,0.004945371524002042,0.004946022384887251,0.004945672998113844,0.004945380351302712,0.004946029762266389
11.315655655655654,0.04855449147872207,0.048552009494512646,0.04855695153078633,0.15645418584010493,0.15644107577345895,0.15646736550228887,0.004951135978422011,0.0049508397614816575,0.004951488444317812,0.004951140521267219,0.004950847999178264,0.004951497241586296
11.335665665665665,0.04868418991056333,0.04868171169574844,0.048686646115619785,0.15664947556525535,0.1566364736508964,0.1566626578590047,0.004956596993428621,0.004956300676228628,0.004956947974577012,0.004956601567099611,0.004956310373193941,0.004956958206431651
11.355675675675675,0.04881396491030638,0.048811490583082075,0.04881641498378531,0.1568445708417166,0.1568316773807689,0.15685771758972097,0.004962051538492632,0.00496175478431745,0.004962402155140089,0.004962056142908515,0.0049617663334983395,0.004962412540498847
11.375685685685685,0.048943816150981166,0.048941345851686545,0.04894626666130626,0.1570394717887278,0.15702659189489201,0.15705258257575364,0.004967499620897772,0.004967202438612512,0.004967851024677061,0.004967504255976958,0.004967214766032917,0.004967859980266295
11.395695695695695,0.04907374330630585,0.049071277232000735,0.04907619118099462,0.1572341785260619,0.15722123094212692,0.15724728667595134,0.004972941247913308,0.004972643606553251,0.004973293607132839,0.004972945913573504,0.00497265849323591,0.004973302038848678
11.415705705705705,0.049203746050687,0.049201284318550365,0.04920619081642439,0.15742869117402566,0.15741567671678086,0.15744182002463686,0.00497837642679404,0.004978078360098191,0.004978727694269144,0.004978381122952256,0.004978095437736201,0.004978737546040782
11.435715715715714,0.049333824059219565,0.04933136678630674,0.04933626564650621,0.15762300985345998,0.1576099289609654,0.15763612216967277,0.004983805164780303,0.004983506674103117,0.0049841566765999185,0.004983809891352852,0.00498352560260255,0.004984166256857576
11.455725725725724,0.04946397700768673,0.04946152431092527,0.04946641534717705,0.1578171346857393,0.15780402930286827,0.1578302377218372,0.004989227469097965,0.004988928559860966,0.004989579216581564,0.004989232226000469,0.004988949364343992,0.00498958789201974
11.475735735735734,0.049594204572560086,0.04959175656874572,0.049596641067494396,0.15801106579277216,0.15799800052452598,0.15802415197519665,0.0049946433469584325,0.004994344040485373,0.0049949953213914945,0.004994648134105821,0.004994366713507666,0.004995003625566112
11.495745745745745,0.04972450643099956,0.04972206096401195,0.04972694482613083,0.1582048032970008,0.15819177873223267,0.15821787125910083,0.005000052805558641,0.004999753507902386,0.005000404956480647,0.005000057622865155,0.0049997771418860155,0.005000412930363576
11.515755755755755,0.04985488226085336,0.04985244259108602,0.049857322528258814,0.1583983473214014,0.15838536404699957,0.15841139683677632,0.005005455852081067,0.005005157024013905,0.005005808162156022,0.005005460699460256,0.0050051795194288535,0.005005815813599636
11.535765765765765,0.049985331740658105,0.04998289851507997,0.04998776860885109,0.15859169798948403,0.15857875659034465,0.15860474988354087,0.005010852493693717,0.005010554158986424,0.005011204954165437,0.00501085737105845,0.005010575496294083,0.0050112122523602795
11.555775775775775,0.050115854549638725,0.05011342672761311,0.050118284867430696,0.15878485542529253,0.15877195681886072,0.15879790394920892,0.005016242737550133,0.0050159449189712295,0.0050165953396306496,0.0050162476448125945,0.005015965079677479,0.005016599451567136
11.575785785785785,0.05024645036770846,0.05024402848679206,0.05024887399703701,0.15897781975340475,0.15896496532019852,0.1589908273164348,0.005021626590789394,0.005021328586689332,0.005021978641106606,0.005021631527861089,0.005021348276760466,0.005021980225891209
11.595795795795794,0.05037711887546895,0.05037470123351279,0.050379535574333154,0.1591705910989323,0.15915778142016307,0.1591835993479467,0.005027004060536112,0.00502670695865766,0.005027356190661119,0.0050270090273278655,0.005026725094710125,0.005027354598012369
11.615805805805804,0.0505078597542101,0.050505440499171016,0.05051026944994795,0.15936316958752067,0.15935040524225544,0.15937616500322588,0.005032375153900432,0.0050320780056647375,0.005032727263623462,0.005032380150322395,0.005032095540679181,0.005032722575165928
11.635815815815814,0.05063867268591018,0.050636246538893905,0.050641077566280064,0.1595555553453492,0.15954281628632938,0.15956852799260507,0.005037739877978036,0.005037443851437774,0.005038092885798923,0.005037744903939685,0.005037459624444899,0.005038085331164084
11.655825825825824,0.05076955735323586,0.050767124561102925,0.05077195809423547,0.15974774849913118,0.1597350722614695,0.15976069792508005,0.005043098239850138,0.005042801591699833,0.005043451542038408,0.005043103295260278,0.005042818119558584,0.0050434439238148865
11.675835835835835,0.050900513439542064,0.050898074192708385,0.05090291866673319,0.15993974917611364,0.15992711710788313,0.15995267492868048,0.005048450246583492,0.005048154609674939,0.005048803689269899,0.0050484553313502566,0.005048170926551501,0.00504879615497932
11.695845845845845,0.05103154062887208,0.05102909496959954,0.05103393919375857,0.16013155750407768,0.16011897248423104,0.16014445913198577,0.00505379590523038,0.005053500476155231,0.005054149459754315,0.005053801019261237,0.0050535173898750355,0.00505414203169391
11.715855855855855,0.05116263860595755,0.051160193764827805,0.05116502990767941,0.16032317361133788,0.16031063636740023,0.16033604999055512,0.005059135222828621,0.0050588401630748256,0.005059489065431889,0.005059140366030377,0.005058857516526486,0.00505948156098079
11.735865865865865,0.05129380705621842,0.051291364760663496,0.0512961923631299,0.16051459762674317,0.16050210873038034,0.1605274476313986,0.005064468206401574,0.005064173975713452,0.005064822362270892,0.005064473378680365,0.005064191313488407,0.0050648147498477
11.755875875875875,0.05142504566576303,0.05142260599134115,0.05142742667122933,0.160705829679676,0.1606933594673215,0.1607186528697366,0.005069794862958123,0.005069500789095423,0.005070149483506027,0.005069800064219431,0.005069517945702571,0.005070141605287988
11.775885885885884,0.05155635412138802,0.05155391737120515,0.05155873074471794,0.16089686990005275,0.1608843239289938,0.16090967189896968,0.005075115199492694,0.005074820612116923,0.005075470063116151,0.00507512042964134,0.005074838960534136,0.00507546213428061
11.795895895895894,0.05168773211057835,0.051685298502970156,0.0516901042864997,0.16108771841832384,0.16107514917149904,0.16110048805313867,0.005080429222985245,0.00508013587799702,0.005080784317407801,0.005080434481925394,0.005080153670802716,0.005080776341415819
11.815905905905904,0.05181917932150738,0.051816749048540625,0.05182154698494177,0.1612783753654733,0.1612658590104148,0.16129112297921022,0.005085736940401268,0.0050854449420289485,0.005086092405177024,0.005085742228036431,0.005085462083419513,0.005086084203583343
11.835915915915916,0.051950695443036744,0.05194827011892065,0.05195305852910229,0.16146884087301924,0.16145638030908882,0.16148156663032848,0.005091038358691791,0.005090747721375056,0.005091395040695698,0.005091043674924829,0.005090764205280735,0.005091385759932268
11.855925925925925,0.052082280164716464,0.0520798705728424,0.05208464598658652,0.16165911507301345,0.16164671118357307,0.16167181791436835,0.005096333484793375,0.005096043062737062,0.005096691780678099,0.005096338829526497,0.005096060049809184,0.005096681017386002
11.875935935935935,0.05221393317678485,0.05221152816085906,0.05221630794824627,0.16184919809804174,0.16183685146030335,0.16186187761344453,0.00510162232562812,0.005101331686234712,0.0051019829253448005,0.005101627698762888,0.005101349675788601,0.005101969982853583
11.895945945945945,0.05234565417016858,0.05234324568377985,0.052348037686149575,0.16203909008122372,0.1620268012689352,0.16205174333944872,0.005106904888103655,0.0051066150685068765,0.005107265420939217,0.005106910289540988,0.005106633032026385,0.005107252663229666
11.915955955955955,0.05247744283648268,0.05247504046441773,0.052479835092156674,0.16222879115621283,0.16221656073962393,0.16224142701617691,0.005112181179113144,0.005111891942729726,0.005112542681839312,0.005112186608753317,0.00511191012535613,0.005112527212581043
11.935965965965964,0.05260929886803048,0.05260690534325898,0.05261168222103548,0.16241830145719652,0.16240613000302462,0.16243093785895169,0.005117451205535291,0.005117161287495822,0.005117813901065952,0.005117456663277937,0.005117180962596421,0.005117795794302567
11.955975975975974,0.052741221957803716,0.05273883740058747,0.05274358852849063,0.16260762111889585,0.16259550919029234,0.16262029144532572,0.00512271497423433,0.005122424380913441,0.005123078857486935,0.005122720459978448,0.0051224455505508235,0.005123060044668015
11.975985985985984,0.05287321179948238,0.05287082160110801,0.05287556145958555,0.162796750276566,0.16278467655933024,0.16280944864524935,0.00512797249206003,0.0051276812298533345,0.005128337557885608,0.005127978005703977,0.0051277035246395765,0.00512831803394286
11.995995995995996,0.05300526808743485,0.05300287878778151,0.05300760066027857,0.16298568906599592,0.16297362239717247,0.16299839489146423,0.005133223765847698,0.005132931997398122,0.005133590009030645,0.0051332293072892,0.00513295548581936,0.005133569768931291
12.016006006006005,0.053137390516717814,0.05313501359037699,0.05313971235465645,0.16317443762350833,0.16316237833000127,0.16318713614693367,0.005138468802418171,0.005138177315572813,0.005138836217676046,0.005138474371554321,0.005138200535770319,0.005138815256423153
12.036016016016015,0.05326957878307634,0.05326720047919998,0.053271899649497745,0.16336299608595994,0.16335094449451462,0.16337574362014481,0.005143707608577823,0.005143416427746936,0.005144076042982277,0.005143713205305086,0.0051434378314892315,0.005144054503193958
12.056026026026025,0.05340183258294377,0.05339944553398827,0.05340416189253365,0.16355136459074135,0.1635393210279358,0.1635641286929249,0.005148940191118563,0.00514864932257812,0.005149305943809412,0.0051489458153327755,0.005148671665606889,0.005149287516004872
12.076036036036035,0.05353415161344187,0.05353176824629189,0.0535364893184129,0.16373954327577683,0.1637275080680128,0.16375232249294697,0.005154166556817834,0.005153875932829623,0.00515452960759553,0.005154172208414207,0.005153899855412533,0.0051545151203539925
12.096046046046045,0.05366653557238065,0.053664151104342694,0.053668881624700085,0.1639275322795248,0.16391550575301866,0.16394032527426625,0.00515938671243861,0.005159096167377559,0.0051597498337817,0.005159392391311738,0.005159121897392157,0.00515973486671999
12.116056056056054,0.05379898415825855,0.053796578579668325,0.053801338509648584,0.16411533174097725,0.16410331422175145,0.16412814101596582,0.005164600664729411,0.0051643095096754145,0.005164965228283414,0.005164606370773256,0.0051643368588828445,0.005164949218074823
12.136066066066064,0.05393149707026227,0.0539290704164672,0.053933846352502535,0.16430294179966026,0.16429093361353397,0.16431576411798648,0.005169808420424278,0.005169516663794547,0.005170174961322001,0.0051698141535321904,0.005169545634451295,0.005170157362371027
12.156076076076076,0.05406407400826691,0.05406163870610108,0.054066412221793765,0.1644903625956337,0.1644783640682142,0.16450319683811868,0.005175009986242796,0.005174717636482511,0.005175378504962618,0.0051750157463075095,0.005174747798528078,0.005175359306298062
12.176086086086086,0.05419671467283585,0.054194292851344535,0.054199048307324374,0.16467759426949127,0.164665605726165,0.16469043118025536,0.005180205368890079,0.005179912447186544,0.0051805758658310655,0.005180211155803712,0.005179942699837201,0.005180554402059026
12.196096096096095,0.05432941876522084,0.05432700541413175,0.05433175557709946,0.1648646369623605,0.16485265872828425,0.16487742973951475,0.0051853945750567785,0.005185101091399772,0.005185767047651022,0.0051854003887108376,0.005185131471630908,0.0051857434784159575
12.216106106106105,0.054462185987362,0.05445978378142536,0.054464518290103604,0.165051490815903,0.16503952438403785,0.1650642391788225,0.005190577611419077,0.005190283574346055,0.005190952012977363,0.005190583451704462,0.005190314845075088,0.005190927166171208
12.236116116116115,0.054595016041887726,0.05459262521396806,0.05459733746411758,0.16523815597231395,0.16522620198912819,0.16525085964185465,0.0051957544846386984,0.005195460016830878,0.005196128823202091,0.0051957603514457,0.005195490642171499,0.005196104107981529
12.256126126126125,0.05472790863211477,0.054725523108740265,0.05473024103488832,0.1654246325743226,0.16541269062937272,0.16543731529963818,0.005200925201362897,0.005200631123553105,0.005201298517330286,0.005200931094581198,0.005200660716718208,0.005201274853824806
12.276136136136135,0.05486086346204827,0.05485848262184829,0.054863206831069336,0.16561092076519202,0.16559898952150404,0.1656235829095438,0.005206089768224461,0.005205795188096842,0.005206462009510244,0.005206095687743145,0.00520582481263631,0.005206438763329734
12.296146146146144,0.054993880236381625,0.05499149557191336,0.05499623448702577,0.1657970206887191,0.16578510047010367,0.16580966158766772,0.005211248191841716,0.005210953231375285,0.005211621332589533,0.005211254137549262,0.005210983303165622,0.005211596520333917
12.316156156156154,0.05512695866049664,0.055124583043613874,0.05512931657788269,0.16598293248923462,0.16597097759318263,0.16599555972710714,0.005216400478818518,0.0052161059361598,0.005216774580783659,0.00521640645060281,0.005216136633099122,0.0052167481314592595
12.336166166166166,0.05526009844046345,0.05525773274755306,0.055262460006848035,0.16616865631160327,0.16615669290775348,0.16618136252637872,0.005221546635744264,0.005221252883078856,0.005221921684124385,0.0052215526334925865,0.005221282154915329,0.005221893597543372
12.356176176176175,0.05539329928304042,0.055390943617129235,0.055395664270561855,0.16635419230122353,0.16634226010425465,0.16636701188490718,0.0052266866691938795,0.005226393357669547,0.00522706149414438,0.005226692692792924,0.005226421556580926,0.0052270328777405065
12.376186186186185,0.05552656089567443,0.055524208608089196,0.055528929139502144,0.16653954060402776,0.16652757076712918,0.16655247329204304,0.005231820585727824,0.005231526621052107,0.005232194153741372,0.005231826635063695,0.005231554844690956,0.00523216544622593
12.396196196196195,0.055659882986500556,0.05565754198526924,0.05566225124570333,0.16672470136648226,0.166712716470794,0.16673765828666262,0.0052369483918920995,0.005236653470527698,0.0052373201399582795,0.005236954466850304,0.0052366820258261055,0.005237291529697666
12.416206206206205,0.0557932652643423,0.05579093578509803,0.05579562528378834,0.16690967473558707,0.1668976873380232,0.16692264144152041,0.005242070094218235,0.00524177426610911,0.0052424400118106515,0.005242076194683697,0.005241803106552683,0.005242412634223809
12.436216216216215,0.05592670743871146,0.05592438955487023,0.055929065266053825,0.16709446085887628,0.1670824928795442,0.16710743688160176,0.0052471856992233,0.005246889714245346,0.005247554271156875,0.005247191825080353,0.00524691809342264,0.005247527968530921
12.456226226226224,0.056060209219808164,0.056057894259844906,0.05606257120434232,0.16727905988441757,0.16726713278805616,0.16729204425381528,0.005252295213409893,0.0052519985829911665,0.005252665404522582,0.005252301364542293,0.005252028252779222,0.005252637716268785
12.476236236236234,0.05619377031852093,0.05619144568364461,0.056196129850567954,0.16746347196081282,0.16745158762883222,0.16747646140307407,0.0052573986432661495,0.005257101355241627,0.005257767940225884,0.005257404819557071,0.005257133242716504,0.00525774088158795
12.496246246246246,0.05632739044642654,0.05632505972786121,0.056329746675220546,0.1676476972371975,0.1676358387412107,0.16766069128254707,0.00526249599526574,0.005262198068301642,0.005262864355206094,0.0052625021965977785,0.005262230922616733,0.005262838843517204
12.516256256256256,0.056461069315790174,0.05645874399932111,0.056463426911381974,0.16783173586324104,0.1678198446474216,0.16784478552381707,0.005267587275867872,0.005267288725353672,0.005267954654064709,0.005267593502123044,0.005267321512449199,0.005267930654532531
12.536266266266265,0.05659480663956531,0.056592490296651796,0.05659717069429557,0.1680155879891468,0.16800367842789454,0.16802869971327616,0.005272672491517281,0.0052723746742041906,0.005273038873955188,0.005272678742577029,0.005272407565393551,0.005273016448263303
12.556276276276275,0.05672860213139381,0.05672629293999742,0.05673096479650353,0.16819925376565184,0.16818737068537953,0.16821242746743584,0.005277751648644243,0.005277455025977305,0.005278117021321011,0.005277757924389441,0.005277486289527519,0.005278096220125476
12.576286286286285,0.05686245550560581,0.05686015353075863,0.05686481260262442,0.16838273334402737,0.1683708768453828,0.1683959683800565,0.005282824753664567,0.005282528307122665,0.005283189102591552,0.005282831053975518,0.005282557041750574,0.005283169930048017
12.596296296296295,0.05699636647721985,0.05699407178362149,0.05699872752144199,0.16856602687607813,0.16855419965773727,0.1685792265775151,0.005287891812979597,0.00528759499435896,0.005288255124182076,0.005287898137736034,0.005287623092073182,0.005288237534796999
12.616306306306305,0.05713033476194278,0.05712804741395734,0.057132690495103736,0.16874913451414297,0.16873730349103608,0.16876229302021908,0.005292952832976211,0.005292655904624247,0.0052933150924937495,0.005292959182057301,0.0052926833798537356,0.005293299078008115
12.636316316316314,0.057264360076169765,0.057262079645614854,0.05726670808757472,0.16893205641109443,0.16892021318988082,0.16894525853899864,0.00529800782002682,0.005297709541518234,0.0052983690139136235,0.005298014193311173,0.005297737656725816,0.005298354578168165
12.656326326326326,0.05739844213698437,0.057396144674974316,0.057400782971813946,0.16911479272033916,0.16910293756498523,0.1691280063079689,0.005303056780489374,0.005302756972294068,0.005303416888771508,0.00530306317785503,0.005302785910743338,0.0053034040415850135
12.676336336336336,0.05753258066215842,0.057530266202274055,0.05753491437501188,0.1692973435958173,0.16928547753398532,0.16931051495742463,0.0053080997207073525,0.0053078007896909815,0.005308458717806536,0.0053081061420318,0.0053078281482808205,0.005308448118538883
12.696346346346346,0.05766677537015213,0.05766444395312522,0.057669101872491725,0.16947970919200328,0.1694678336428465,0.16949295031768952,0.005313136647009773,0.005312838607257824,0.0053134945187284024,0.005313143092169942,0.005312864416552313,0.005313485653145805
12.716356356356355,0.057801025980114024,0.05779867790252351,0.05780336345346306,0.1696618896639051,0.16964997072199076,0.16967520028872213,0.0053181675657111875,0.0053178701552438175,0.005318525082970421,0.005318174034583453,0.005317895070438414,0.005318516471812859
12.736366366366365,0.05793533221188103,0.057932967511292614,0.05793768860298558,0.1698438851670647,0.16983198843145247,0.16985716061155087,0.00532319248311168,0.005322894590312339,0.005323551125244149,0.005323198975571864,0.005322919731628824,0.00532354126502391
12.756376376376375,0.05806969378597831,0.058067327440094706,0.05807206720405496,0.1700256958575579,0.17001378978156684,0.17003890065606478,0.005328211405496873,0.0053279120642198245,0.005328571165803839,0.005328217921420249,0.005327938406417259,0.005328560062546544
12.776386386386385,0.05820411042361946,0.05820174873162854,0.058206480459551055,0.17020732189199442,0.17019540674886002,0.17022045543640998,0.005333224339137922,0.00533292356720991,0.005333585210874241,0.005333230878399216,0.005332951136243957,0.005333572879530619
12.796396396396394,0.05833858184670632,0.0583362250280397,0.058340948119453145,0.17038876342751777,0.17037683949167465,0.17040182511299137,0.005338231290291515,0.005337929096950564,0.005338592659001304,0.005338237852764904,0.005337958755964436,0.0053385797068632454
12.816406406406406,0.058473107777829186,0.05847075601113587,0.05847546994431288,0.17057002062180546,0.17055808816888737,0.17058305590674439,0.005343232265199877,0.0053429286569322346,0.0053435924231396035,0.005343238850759002,0.005342960861048214,0.005343580529479906
12.836416416416416,0.0586076879402666,0.058605341279205504,0.058610045632528675,0.1707510936330687,0.1707391529399091,0.1707641089730205,0.005348227270090765,0.005347922253437655,0.005348586200481575,0.00534823387860872,0.005347957003528371,0.005348575352375903
12.856426426426426,0.05874232205798545,0.058739980617875415,0.058744675199876334,0.17093198262005257,0.17092003396468497,0.17094499191840218,0.005353216311177477,0.005352909892902723,0.005353573994520449,0.0053532229425268165,0.005352947189513637,0.005353563786676129
12.876436436436435,0.058877009855641003,0.05887467387164462,0.058879362192547344,0.1711126877420362,0.17110073140369428,0.17112569381247741,0.005358199394658839,0.005357891798319524,0.005358555764876201,0.005358206048711584,0.0053579314250975585,0.005358545553169029
12.896446446446445,0.05901175105857684,0.05900942058298981,0.059014095454446906,0.17129320915883237,0.17128124541795045,0.17130621144058525,0.005363176526719214,0.0053628686737104666,0.005363531553677664,0.0053631832033468494,0.00536290837248884,0.005363523478195249
12.916456456456455,0.05914654539282485,0.05914420818510715,0.05914888555932557,0.1714735470307879,0.17146154868178914,0.17148654420617598,0.005368147713528499,0.005367839613257056,0.005368501380772424,0.00536815441260198,0.005367879073749645,0.005368495118443414
12.936466466466465,0.059281392585105355,0.05927904513089892,0.05928372844674722,0.17165370151878337,0.17164170149280236,0.17166669309304855,0.005373112961242126,0.005372804623137638,0.005373467068250851,0.0053731196826318755,0.0053728438464603024,0.005373461178345223
12.956476476476475,0.0594162923628269,0.059413934690110595,0.05941862613416345,0.17183367278423325,0.17182167401755893,0.17184665826185316,0.005378072276001064,0.005377763709515987,0.005378427379936621,0.005378079019576976,0.005377802696856956,0.005378421827400092
12.976486486486484,0.059551244454086466,0.05954887659146588,0.059553597572515375,0.17201346098908588,0.17200143315874447,0.17202643987378108,0.005383025663931812,0.005382716878541298,0.005383381760069964,0.005383032429563259,0.005382755631161569,0.005383376540488619
12.996496496496496,0.05968624858766932,0.059683870564379245,0.059688621023445965,0.17219306629582348,0.17218100640263312,0.17220603809056476,0.005387973131146407,0.0053876641363481996,0.005388329296216469,0.005387979918702235,0.005387702655581918,0.005388325323624754
13.016506506506506,0.059821304493049024,0.0598189178321238,0.059823696186440796,0.17237248886746204,0.17236039705025932,0.1723854632882222,0.00539291468374242,0.005392605489056736,0.005393271716758204,0.005392921493090954,0.005392643776311598,0.005393268177939465
13.036516516516516,0.05995641190038758,0.05995403167869783,0.05995879787878531,0.1725517288675516,0.17253960741758131,0.17256477742652684,0.005397850327802956,0.0053975403311444054,0.005398208219467479,0.0053978571588120024,0.005397578999530011,0.005398205094583497
13.056526526526525,0.06009157054053524,0.060089192785746856,0.06009394642566921,0.17273078646017587,0.17271863475921453,0.17274390888913344,0.005402780069396656,0.005402469270493577,0.005403138805757312,0.005402786921933503,0.005402508331402382,0.005403133626855198
13.076536536536535,0.060226780145030676,0.060224406544524635,0.06022915035157531,0.1729096618099526,0.1728974779103343,0.17292285783486183,0.005407703914577692,0.005407392788925816,0.005408063434046533,0.005407710788509119,0.005407431778079748,0.005408055845204348
13.096546546546545,0.060362040446100815,0.060359671085782274,0.06036443063757187,0.17308835508203327,0.17307614012460237,0.17310162442304253,0.005412621869385776,0.005412310441819226,0.005412980859499791,0.005412628764578042,0.005412349376566923,0.005412972161867865
13.116556556556555,0.06049735117666098,0.06049498463507488,0.06049976201246106,0.17326686644210323,0.17325462241612055,0.17328020881351663,0.00541753393984615,0.005417222506963872,0.005417892387367309,0.005417540856165009,0.005417261265972852,0.005417882582979704
13.136566566566565,0.06063271207031483,0.06063034110284822,0.06063514312123539,0.1734451960563818,0.17343302808606148,0.17345861116663575,0.005422440131969592,0.005422127802131164,0.005422797973810661,0.005422447069280292,0.005422169142207194,0.005422787114660144
13.156576576576576,0.0607681228613543,0.06076574748591892,0.06077054754209112,0.17362334409162214,0.17361114499772262,0.17363679631884812,0.0054273404517524194,0.005427027931336919,0.005427697681918807,0.005427347409919697,0.005427069316860623,0.005427687209894796
13.176586586586586,0.060903583284759755,0.06090120351976266,0.060905999705466805,0.1738013107151112,0.17378908231203313,0.1738147517132326,0.005432234905176476,0.005431921841682431,0.00543259156532874,0.0054322418840645655,0.005431962396373308,0.005432581996901697
13.196596596596596,0.06103909307619981,0.06103670935287732,0.0610415184427626,0.17397909609466977,0.17396689158138573,0.17399252538710464,0.005437123498209145,0.005436810205726189,0.005437481046144977,0.005437130497681784,0.005436849617760282,0.005437470918613826
13.216606606606605,0.06117465197203147,0.06117226433641265,0.06117708638091786,0.17415670039865266,0.1741444866679489,0.1741701151998713,0.005442006236803344,0.005441692949812266,0.005442364680549985,0.0054420132567237645,0.005441733352856148,0.005442353980961468
13.236616616616615,0.06131025970930009,0.061307868182225875,0.06131270315047656,0.17433412379594843,0.17432183865247677,0.17434752366659706,0.005446883126897524,0.0054465695414728866,0.0054472424609177394,0.0054468901671284676,0.0054466117600977275,0.005447231189860424
13.256626626626625,0.06144591602573931,0.06144352062852305,0.0614483731703201,0.17451136645597953,0.17449901618952637,0.17452475095737932,0.005451754174415672,0.005451440295629808,0.0054521143931146755,0.005451761234819382,0.005451484334965023,0.005452102551212017
13.276636636636635,0.061581620659771165,0.06157922141420078,0.06158408454763341,0.17468842854870226,0.17467607041070046,0.1747017972428623,0.005456619385267305,0.005456305218200804,0.005456980447115907,0.005456626465705537,0.0054563507101549205,0.005456968070903083
13.296646646646645,0.061717373350506005,0.06171497027884624,0.06171984348332269,0.17486531024460686,0.1748529584952258,0.17487866269423766,0.005461478765347485,0.005461164319280111,0.005461840621757573,0.005461485865681496,0.005461210830502655,0.005461827754805978
13.316656656656656,0.0618531738377425,0.06185076696273732,0.06185565293682109,0.1750420117147173,0.17502971831676437,0.17505536944935784,0.005466332320536799,0.0054660176178341026,0.005466694965674264,0.005466339440627364,0.005466063790009576,0.005466681608778573
13.336666666666666,0.06198902186196765,0.06198661120684235,0.06199150997664103,0.17521853313059155,0.17520629861854636,0.17523194577139825,0.005471180056701373,0.005470865102495703,0.00547154348467828,0.00547118719640878,0.00547091328575968,0.005471529638664257
13.356676676676676,0.06212491716435688,0.062122511235496565,0.06212741396697478,0.17539487466432133,0.17538264584383606,0.17540831765065765,0.005476021979692864,0.0054757067791229,0.005476385079167362,0.005476029138876917,0.005475754654753872,0.005476371821128023
13.376686686686686,0.06226085948677382,0.06225844160531285,0.06226336173866118,0.17557103648853234,0.1755587467185014,0.175584454870632,0.005480858095348468,0.005480542653559137,0.005481220236411317,0.005480865273868491,0.005480590244209176,0.005481206958026843
13.396696696696695,0.06239684857177055,0.062394427360276915,0.062399353666679105,0.17574701877638405,0.1757346684432044,0.1757604119870158,0.005485688409490912,0.005485372731633301,0.0054860495840924825,0.005485695607205749,0.005485420050333077,0.005486036439766822
13.416706706706705,0.06253288416258744,0.06253045742039302,0.06253539213886715,0.17592282170156984,0.17591042936546886,0.17593624600986438,0.00549051292792846,0.005490197019159738,0.0054908731280271985,0.005490520144696479,0.005490244066457398,0.0054908607010276484
13.436716716716715,0.0626689660031532,0.06266653513864795,0.06267147465483539,0.17609844543831696,0.1760860050308916,0.17611191648976302,0.005495331656454912,0.005495014710372153,0.005495691899258935,0.005495338892134004,0.005495062639183088,0.005495678239841418
13.456726726726725,0.06280509383808489,0.06280265887682575,0.06280760740559865,0.17627389016138653,0.1762613959508632,0.17628740779392701,0.0055001446008495995,0.005499825637801198,0.005500505568896094,0.005500151855297184,0.005499875279162806,0.005500489989099253
13.476736736736735,0.06294126741268789,0.06293882838076573,0.06294378365953354,0.1764491560460735,0.1764366832807978,0.17646272009370234,0.005504951766877389,0.005504630789888579,0.005505313451582555,0.0055049590399504165,0.005504681754039333,0.005505297639324217
13.496746746746746,0.06307748647295594,0.06307504099287366,0.06308000647047048,0.17662424326820667,0.17661182326681107,0.17663785356095205,0.005509753160288683,0.005509430565233154,0.005510115713317298,0.0055097604518436335,0.0055094836366681955,0.005510100186024567
13.516756756756756,0.0632137507655711,0.06321128423783606,0.06321627754078017,0.17679915200414884,0.17678674021374868,0.17681280836805569,0.005514548786819417,0.0055142260168521496,0.00551491405905339,0.005514556096712309,0.005514279832737418,0.005514894939115507
13.536766766766766,0.06335006003790376,0.0633475725037029,0.06335258920707795,0.17697388243079645,0.17696146774844929,0.1769875835035325,0.005519338652191063,0.005519015715033409,0.005519706637400362,0.005519345980277447,0.005519070538751124,0.005519685735947487
13.556776776776776,0.0634864140380127,0.06348391362896784,0.06348894491150395,0.17714843472558006,0.17713600465320986,0.17716217973403114,0.005524122762110625,0.005523799673466357,0.005524493453833106,0.005524130108245594,0.005523855845934802,0.005524470750718332
13.576786786786785,0.06362281251464497,0.06362030169290908,0.06362534505944273,0.17732280906646383,0.17731027374816943,0.17733659782715294,0.005528901122270648,0.005528577926858471,0.0055292740108078605,0.00552890848630883,0.005528635408737645,0.005529249028482786
13.596796796796795,0.06375925521723601,0.06375673408091856,0.06376178950049276,0.177497005631946,0.177484380753698,0.17751083795753783,0.0055336737383492015,0.005533350453338209,0.005534047424099962,0.005533681120144775,0.0055334085369750695,0.005534021226382267
13.616806806806805,0.06389574189590955,0.06389321079641677,0.0638982782997984,0.17767102460105857,0.17765842406997215,0.17768485439931503,0.005538440616009899,0.005538117249337575,0.005538815075391252,0.005538448015416581,0.005538174516929306,0.005538787636147109
13.636816816816815,0.06403227230147773,0.06402973181094826,0.06403481068294536,0.17784486615336748,0.17783222293810994,0.17785867791966026,0.0055432017609018825,0.005542878320519849,0.005543576949410023,0.00554320917777294,0.005542937508005394,0.005543548300792329
13.656826826826826,0.06416884618544096,0.06416631728907858,0.06417138941944095,0.17801853046897245,0.17800582555252073,0.17803232393437812,0.005547957178659834,0.005547633672533761,0.005548333089433403,0.005547964612848083,0.005547692261996904,0.005548303225933262
13.676836836836836,0.06430546329998799,0.06430293951457457,0.06430801809734847,0.17819201772850707,0.1781792601188975,0.1782057921394104,0.005552706874903962,0.005552383078918751,0.005553083501023156,0.005552714326261776,0.005552441489297415,0.0055530524171708995
13.696846846846846,0.06444212339799596,0.06443957428477311,0.06444468970867098,0.17836532811313885,0.17835256671536673,0.17837908250725173,0.005557450855240019,0.005557126296450912,0.005557828189726423,0.005557458323619317,0.005557184377144944,0.0055577958800919055
13.716856856856856,0.06457882623303031,0.06457627086272653,0.06458138982560224,0.17853846180456917,0.1785257379734644,0.1785522468341138,0.005562189125259286,0.005561863224512729,0.005562567161075731,0.005562196610511549,0.005561921562099896,0.005562533620268606
13.736866866866865,0.06471557155934482,0.06471301628542239,0.06471812999651035,0.17871141898503326,0.1786986860801947,0.17872525421605207,0.00556692169053858,0.005566593920566299,0.0055673004205889914,0.005566929192514846,0.0055666534558200635,0.005567266237915869
13.756876876876875,0.06485235913188166,0.06484980412027365,0.06485492064726273,0.17888419983730014,0.1788714100501862,0.17889814360771542,0.005571648556640255,0.005571320941862319,0.005572027973769496,0.005571656075191118,0.0055713807684844045,0.005571992740152323
13.776886886886885,0.0649891887062712,0.06498663399934598,0.06499174823150973,0.17905680454467277,0.1790439582504107,0.17907077697355453,0.005576369729112198,0.005576040292724125,0.005576750017419937,0.00557637726408782,0.005576100923948037,0.005576716085455475
13.796896896896895,0.06512606003883233,0.0651235056788425,0.06512861863474897,0.179229233290988,0.17921633117974137,0.17924319994047924,0.005581085213487827,0.005580752599135547,0.005581466182964592,0.005581092764737938,0.005580815177071067,0.005581434798745909
13.816906906906906,0.06526297288657217,0.06526041895248962,0.0652655337222238,0.17940148626061653,0.17938852995855303,0.17941547159276972,0.005585795015286099,0.005585460392019642,0.005586176411542828,0.005585802582659993,0.005585523751245861,0.005586146827551756
13.836916916916916,0.06539992700718616,0.06539737367057358,0.06540248997674697,0.17957356363846283,0.17956055408126106,0.17958756683041716,0.005590499140011507,0.005590165390071271,0.005590881461575103,0.0055905067233580465,0.005590226682648679,0.0055908518469361184
13.856926926926926,0.06553692215905815,0.06553436883776231,0.06553948715607402,0.17974546560996535,0.1797324031961613,0.1797594610855936,0.005595197593154073,0.00559486472777147,0.0055955811785620285,0.005595205192321694,0.005594925238993763,0.005595550579413939
13.876936936936936,0.0656739581012603,0.06567139240353634,0.06567652501864758,0.17991719236109632,0.17990413655166856,0.17993115980568017,0.005599890380189361,0.005599558410610169,0.005600274664428146,0.00559989799502607,0.005599619103490736,0.0056002432177251985
13.896946946946946,0.06581103459355307,0.06580845658375636,0.06581360332359769,0.18008874407836195,0.1800756801079231,0.18010267790088721,0.005604577506578462,0.005604245560850807,0.0056049621936351355,0.005604585136931845,0.005604307371025396,0.005604930168736856
13.916956956956955,0.06594815139638531,0.0659455611399084,0.06595072183074151,0.18026012094880225,0.18024700028781873,0.1802740468776174,0.005609258977768004,0.0056089263547183165,0.005609644055095945,0.005609266623485227,0.005608988441533685,0.0056096125817184745
13.936966966966965,0.06608530827089419,0.06608270583417056,0.06608788030058353,0.18043132315999097,0.18041807364021067,0.18044524069475312,0.005613934799190155,0.005613601508520227,0.005614320254165123,0.0056139424601179605,0.005613663732178923,0.005614289825139912
13.956976976976975,0.06622250497890518,0.06621989042941306,0.06622508389022766,0.18060235090003599,0.18058903434146178,0.18061626189705798,0.005618604976262611,0.005618271027758644,0.0056189909615714205,0.0056186126522473285,0.005618334721151618,0.0056189613126450275
13.976986986986986,0.06635974128293223,0.06635711468919823,0.06636232966055891,0.18077320435757882,0.18075994839838885,0.1807871042379787,0.005623269514388606,0.00562293492154438,0.0056236561267217,0.0056232772052761445,0.005622999567572273,0.005623625730315866
13.996996996996996,0.06649701694617742,0.06649437837778038,0.06649961473071891,0.18094388372179496,0.1809305811805801,0.18095777532603702,0.0056279284189569055,0.005627593195426187,0.005628315650534889,0.005627936124592766,0.005627658052867175,0.005628284872343294
14.017007007007006,0.06663433173253129,0.06663168126010602,0.06663693318572446,0.18111438918239373,0.18110104042972888,0.18112827271859702,0.005632581695341813,0.005632245851191658,0.0056329695383232434,0.0056325894155710874,0.005632311618163818,0.0056329387041177984
14.037017017017016,0.06677168540657272,0.06676903189204988,0.06677428022847297,0.18128472092961834,0.18127132634057386,0.18129859600584988,0.0056372293489031665,0.0056368928942853724,0.005637617930189173,0.005637237083570531,0.00563695956936213,0.0056375865083975445
14.057027027027026,0.0669090777335689,0.0669064219584507,0.06691166881229482,0.18145487915424585,0.1814414391084024,0.18146874471470215,0.005641871384986337,0.005641534330137666,0.005642262076422876,0.005641879133936069,0.005641600946407902,0.0056422286894620595
14.077037037037035,0.06704650847947535,0.06704384463856654,0.06704910757750149,0.18162486404758718,0.18161143549751602,0.18163871970058304,0.00564650780892223,0.005646170164164635,0.005646900551930934,0.0056465155719982,0.0056462364514293425,0.0056468652526183325
14.097047047047045,0.06718397741093599,0.06718129197464527,0.06718658442257543,0.1817946758014871,0.18178123822749412,0.18180854393614354,0.005651138626027286,0.005650800658110474,0.00565153179395578,0.005651146403072962,0.0056508663560994625,0.005651496203158874
14.117057057057055,0.06732148429528298,0.06731877757392789,0.06732409911358483,0.18196431460832432,0.18195083817035052,0.1819782018816561,0.005655763841603481,0.005655425836214935,0.005656156669313484,0.0056557716324619365,0.005655490686200894,0.005656121773613084
14.137067067067065,0.0674590289005369,0.067456319469105,0.06746165141728197,0.18213378066101132,0.18212026581191465,0.18214768526101827,0.005660383460938327,0.005660045425947317,0.0056607763400337826,0.005660391265452229,0.005660109421740036,0.005660744092277757
14.157077077077076,0.06759661099540666,0.06759389897460731,0.06759924999465387,0.18230307415299452,0.18228952156199882,0.18231699440382163,0.005664997489304865,0.0056646594326316725,0.0056653918143475725,0.005665005307316494,0.005664723102576237,0.005665360817309057
14.177087087087086,0.06773423034928942,0.06773151577929183,0.067736888001087,0.1824721952782541,0.18245866127195717,0.182486130545902,0.005669605931961676,0.005669266538562345,0.005669999499822306,0.005669613763312918,0.005669331888468503,0.005669971953778424
14.197097097097096,0.0678718867322708,0.06786916982070772,0.06787456297965298,0.18264114423130426,0.18262763843071605,0.18265509387855983,0.005674208794152874,0.005673868663898595,0.005674603623100357,0.005674216638685222,0.005673934725468456,0.0056745774820044954
14.217107107107106,0.06800957991512467,0.06800686082222424,0.06801227469999478,0.18280992120719294,0.18279644419066657,0.18282381078262194,0.005678806081108108,0.00567846629732889,0.005679202155197894,0.005678813938662666,0.005678531184526781,0.005679173663091121
14.237117117117116,0.06814730966931332,0.06814458297922454,0.0681500152564288,0.18297852640150203,0.1829650786719625,0.1829923545626708,0.0056833977980425615,0.0056830583720018256,0.00568379510457489,0.00568340566846005,0.005683122086198838,0.005683764628567095
14.257127127127125,0.06828507576698727,0.06828232625339603,0.06828778188305144,0.18314696001034722,0.183133542261058,0.18316072651650206,0.005687983950156952,0.005687644247213114,0.0056883824804036184,0.005687991833277705,0.005687707435846932,0.005688352801436399
14.277137137137135,0.06842287798098547,0.06842012829462767,0.0684255845158694,0.18331522223037805,0.18330176766225745,0.18332894864980026,0.005692564542637531,0.0056922242914167675,0.0056929642877883895,0.005692572438301504,0.005692287238819479,0.005692935411713335
14.297147147147145,0.06856071608483517,0.0685579668293171,0.06856342282418003,0.183483313258778,0.18346981271905222,0.18349706151440612,0.005697139580656085,0.005696798786002487,0.005697540531818842,0.005697147488702855,0.005696861500451021,0.00569751246447072
14.317157157157157,0.06869858985275198,0.06869584111434708,0.06870129663006928,0.1836512332932644,0.18363773124561855,0.183665033565181,0.005701709069369939,0.005701367829146053,0.0057021112175699405,0.0057017169896387,0.00570143022606219,0.005702083964766507
14.337167167167166,0.06883649905963979,0.0688337509248289,0.06883920576303962,0.18381898253208845,0.18380553696591595,0.18383283438112175,0.005706273013921946,0.005705931737804132,0.00570667633754905,0.005706280946251523,0.005705993420959757,0.005706649917643806
14.357177177177176,0.06897444348109093,0.06897169603656163,0.06897714999769071,0.18398656117403508,0.18397317241986252,0.18400046415601196,0.005710831419440499,0.005710490116895276,0.0057112358604822205,0.005710839363669336,0.005710549642994034,0.005711210328130875
14.377187187187186,0.06911242289338594,0.06910967513332328,0.06911512724764377,0.18415396941842332,0.18414063780588047,0.18416792308415342,0.0057153842910395245,0.00571504297158819,0.005715789840031125,0.0057153922470057,0.005715100240884426,0.005715764873125855
14.397197197197196,0.06925043707349382,0.06924768142596785,0.06925314772256122,0.18432120746510586,0.1843079333229178,0.1843352113603665,0.00571993163381848,0.005719590234771862,0.005720337676255533,0.005719939601359706,0.005719646553108964,0.005720313309239488
14.417207207207205,0.06938848579907182,0.06938572799724335,0.0693912027380005,0.1844882755144693,0.184475059170449,0.18450232917998985,0.005724473452862362,0.005724131209317992,0.005724878515458991,0.005724481431815981,0.005724187799203246,0.005724852596238828
14.437217217217215,0.0695265688484656,0.06952381335619028,0.06952929163029144,0.18465517376743432,0.184642005841091,0.18466926821354673,0.0057290097532417,0.005728666677465128,0.005729413818634251,0.005729017743444692,0.005728723545680416,0.005729385872754833
14.457227227227225,0.0696646860007091,0.06966193291484973,0.06966741444508165,0.18482190242545507,0.1848087183085447,0.18483600556404367,0.005733540540012557,0.00573319664358949,0.005733943590791991,0.005733548541301541,0.00573325395002614,0.005733913628498094
14.477237237237237,0.06980283703552462,0.06980008648621792,0.06980557101156201,0.18498846169051994,0.18497524057151538,0.18500257283217858,0.005738065818216534,0.005737721109230686,0.005738470090366346,0.005738073830427766,0.0057377791030288686,0.005738435868971983
14.497247247247246,0.06994102173332278,0.06993827405481166,0.0699437611088017,0.18515485176515092,0.1851415757665649,0.18516897021699869,0.005742585592880762,0.005742240650620028,0.005742992531684705,0.005742593615850143,0.005742298762527131,0.00574295259934163
14.517257257257256,0.07007923987520259,0.07007647339769184,0.0700819847218302,0.18532107285240404,0.1853077423854282,0.1853351971150643,0.005747099869017912,0.0057467547408242585,0.005747509456264856,0.005747107902580989,0.005746812933620024,0.005747464242663451
14.537267267267266,0.07021749124295133,0.07021471478396606,0.070220241015256,0.1854871251558691,0.18547374063985306,0.18550125372575751,0.0057516086516261845,0.005751263146301554,0.005752020868800751,0.005751616695618148,0.005751319761393991,0.005751973701207197
14.557277277277276,0.0703557756190447,0.07035300256186,0.07035853038602924,0.18565300887966982,0.18563957074215465,0.18566714104770324,0.005756111945689316,0.0057557658685256355,0.005756526773970746,0.005756119999945009,0.005755822498713662,0.005756478185450652
14.577287287287286,0.07049409278664662,0.07049132333427174,0.070496852410679,0.1858187242284637,0.185805232905215,0.18583285928208618,0.0057606097561765796,0.005760263163263159,0.005761026379949442,0.005760617820530496,0.005760319141191138,0.005760977179576972
14.597297297297295,0.07063244252960948,0.07062967678360833,0.07063520687169476,0.18598427140744223,0.18597072734248352,0.18599840863062087,0.005765102088042783,0.005764756360924652,0.005765519805333055,0.0057651101623290655,0.005764810217145563,0.005765469336529479
14.617307307307305,0.07077082463247392,0.07076805621767095,0.07077359384778348,0.18614965062233063,0.18613605426797664,0.18616378929555175,0.005769588946228267,0.005769243082734139,0.005770007724934339,0.005769597030280722,0.005769295838263072,0.005769955373745717
14.637317317317317,0.07090923888046895,0.07090647619661887,0.07091201284988514,0.1863148620793882,0.18630121389627796,0.18632900147965317,0.005774070335658906,0.00577372434497967,0.0057744901344173385,0.005774078429310993,0.005773776009663013,0.005774437189067537
14.657327327327327,0.07104768505951191,0.07104492769143989,0.07105046364012736,0.18647990598540776,0.18646620644253806,0.18649404456300553,0.0057785462612461105,0.005778200152658273,0.005778967069638853,0.0057785543643309525,0.005778250746278747,0.005778913528196214
14.677337337337336,0.07118616295620848,0.07118340415588814,0.07118894600371595,0.18664478254771633,0.18663103212247495,0.186658921891459,0.005783016727886827,0.005782670150859499,0.005783438535410501,0.005783024840237205,0.005782720563930332,0.005783384395912253
14.697347347347346,0.07132467235785267,0.07132191233670881,0.071327463142302,0.18680949197417462,0.1867956916126925,0.18682363090862456,0.005787481740463536,0.0057871337372059324,0.00578790453652923,0.005787489861911899,0.005787186269276087,0.005787849796981334
14.717357357357356,0.07146321305242685,0.07146044752826544,0.07146601216477891,0.18697403447317718,0.1869601848113934,0.1869882178928951,0.0057919413038442485,0.005791591886983386,0.005792365077777315,0.005791949434222713,0.005791646546106921,0.005792309736154299
14.737367367367366,0.07160178482860173,0.07159901327798926,0.07160459319149273,0.1871384102536526,0.1871245118108412,0.18715261455655036,0.005796395422882517,0.005796045223432709,0.005796819928714069,0.005796403562022865,0.005796100004273391,0.005796764203851404
14.757377377377376,0.07174038747573633,0.07173761001134334,0.07174321136640527,0.18730261952506316,0.1872886728291523,0.1873168418000122,0.005800844102417424,0.005800493555721752,0.005801269041066382,0.005800852250151113,0.005800547881284137,0.0058012131936317785
14.777387387387385,0.07187902078387799,0.07187623751948816,0.07188186019086854,0.1874666624974051,0.1874526680850108,0.18748090063818978,0.005805287347273586,0.005804936485822516,0.005805712688013563,0.005805295503431743,0.005804990110461422,0.005805656735680629
14.797397397397395,0.07201768454376248,0.0720148955942759,0.07202053945515055,0.1876305393812085,0.1876165580691937,0.18764479258980157,0.005809725162261159,0.005809374010530424,0.0058101504839837125,0.005809733326674592,0.005809427024578843,0.005810095409741014
14.817407407407407,0.07215637854681384,0.07215358402825058,0.0721592489502061,0.18779425038753725,0.18778020420935607,0.18780851785919989,0.005814157552175828,0.005813806134891381,0.005814582349349267,0.005814165724675018,0.0058138585316461515,0.005814529222817828
14.837417417417416,0.07229510258514438,0.07229230261464782,0.07229798846767668,0.18795779572798924,0.18794368146790108,0.18797204705826806,0.005818584521798815,0.005818232488639046,0.005819010829169668,0.005818592702213927,0.005818284605076303,0.005818957605028414
14.857427427427426,0.07243385645155491,0.07243105273366997,0.0724367552522074,0.18812117561469607,0.1881070169426685,0.1881354710362051,0.005823006075896879,0.005822653301702926,0.005823433010169321,0.005823014264057756,0.005822705304171873,0.005823380210835968
14.877437437437436,0.07257263993953444,0.07256983761113871,0.07257554456667836,0.18828439026032326,0.18827022027998044,0.1882986995555759,0.005827422219222311,0.005827068312299647,0.005827849532691134,0.005827430414958486,0.005827120624948614,0.005827795959069023
14.897447447447446,0.07271145284326042,0.07270865199261148,0.07271436484118668,0.18844743987807033,0.18843325903406827,0.18846176220672098,0.005831832956512935,0.005831477957711238,0.005832261910878096,0.005831841159653622,0.005831530554003697,0.005832206293642302
14.917457457457456,0.07285029495759857,0.0728474859930075,0.07285323628447343,0.18861032468167038,0.1885961259040605,0.188624658059731,0.0058362382924921135,0.005835882683044446,0.005836666570721477,0.005836246502866222,0.005835934732797641,0.005836611219242954
14.937467467467465,0.07298916607810291,0.07298633990859933,0.07299213039406786,0.18877304488539073,0.18875877091770502,0.188787387211241,0.005840638231868741,0.005840282209458652,0.005841066610074875,0.005840646449304869,0.005840334479302628,0.00584101074054357
14.957477477477475,0.07312806600101594,0.07312525054130617,0.07313104581219837,0.18893560070403226,0.1889212754350055,0.18894994883751604,0.005845032779337248,0.005844676349837684,0.005845461476501429,0.0058450410036636835,0.005844728816656548,0.005845404862202199
14.977487487487487,0.07326699452326838,0.07326419013728391,0.0732699808464599,0.1890979923529298,0.1890836516439732,0.189112301356967,0.005849421939577598,0.005849064648924838,0.0058498509274918,0.00584943017062233,0.005849117773794771,0.005849795694605292
14.997497497497497,0.0734059514424793,0.07340315856762011,0.07340894322324709,0.18926022004795218,0.18924586419209216,0.18927448932572052,0.005853805717255293,0.005853447854509411,0.005854234974863526,0.005853813954846005,0.005853501361117574,0.005854181552204256
15.017507507507506,0.07354493655695618,0.07354214366384033,0.07354793113687326,0.1894222840055019,0.18940791449099484,0.18943651259073052,0.005858184117021364,0.005857826393273433,0.005858613608527228,0.0058581923609854385,0.005857879593861823,0.005858562012011613
15.037517517517516,0.07368394966569472,0.07368115018025892,0.07368694357641904,0.18958418444251554,0.18956980245620383,0.18959837206930183,0.005862557143512379,0.0058621991458714644,0.005862986857985452,0.005862565393676908,0.005862252460341847,0.0058629370569088495
15.057527527527526,0.07382299056837908,0.07382019924288415,0.0738259837263338,0.1897459215764633,0.1897315273992205,0.18976006798195152,0.005866924801350443,0.005866566059512749,0.005867354789929869,0.005866933057542217,0.005866619965232598,0.005867306725167409
15.077537537537536,0.07396205906538168,0.07395926139926043,0.0739650513867555,0.18990749562534945,0.18989308953988787,0.18992160054974916,0.005871287095143196,0.005870928450406867,0.00587171735053349,0.005871295357188708,0.005870982739711306,0.005871670757328664
15.097547547547546,0.07410115495776333,0.07409835097971562,0.07410414635851086,0.19006890680771196,0.19005448909858705,0.19008298060672568,0.005875644029483804,0.005875285020487943,0.005876074535493196,0.005875652297209268,0.0058753411923754386,0.005876027748907447
15.117557557557555,0.07424027804727312,0.07423746778653988,0.0742432684431151,0.19023015534262286,0.19021572629623718,0.19024426362656774,0.005879995608950979,0.005879636241236413,0.005880426329615889,0.00588000388218231,0.005879690794626818,0.005880382128558452
15.137567567567567,0.07437942813634853,0.07437661163653013,0.07438242114817267,0.19039124144968786,0.19037680135429544,0.19040536983845205,0.00588434183810896,0.005883982117233322,0.005884772762289515,0.005884350116671791,0.005884036962524109,0.00588472805993377
15.157577577577577,0.07451860502811535,0.07451578274891292,0.07452161518658819,0.19055216534904662,0.19053773276273783,0.1905663468367003,0.005888682721507526,0.005888320271446239,0.00588911344274731,0.005888691005227205,0.005888378042949384,0.005889068628417222
15.177587587587587,0.07465780852638768,0.07465498049730646,0.07466083578165739,0.19071292726137268,0.19069850969856622,0.19072716073267512,0.005893018263681986,0.005892655167907555,0.005893448573883828,0.005893026552383578,0.005892712660513046,0.005893405286042756
15.197597597597596,0.07479703843566805,0.07479420468671938,0.0748000799213593,0.1908735274078734,0.19085908313393088,0.19088781173588926,0.005897348469153185,0.005896985579412727,0.005897778356681763,0.005897356762661475,0.005897042678115903,0.005897737528489272
15.217607607607606,0.07493629456114725,0.07493345887077847,0.07493934068923806,0.19103396601029007,0.1910194818491325,0.19104829876776594,0.005901673342427504,0.005901310674117142,0.005902102795601555,0.005901681640567001,0.005901367399179164,0.005902064419750495
15.237617617617616,0.07507557670870443,0.0750727311532627,0.07507862711099814,0.19119424329089774,0.19117969596690973,0.19120862290370003,0.005905992887996859,0.0059056304566149,0.005906422052210457,0.005906001190591793,0.005905686799938626,0.005906385955403363
15.257627627627626,0.07521488468490707,0.07521204962134762,0.07521793912264192,0.1913543594725054,0.1913397590204254,0.19136874276043928,0.0059103071103386974,0.005909944931485889,0.00591073692124752,0.005910315417213029,0.005910000167348634,0.005910702137626604
15.277637637637635,0.075354218297011,0.07535139349248728,0.07535727664536913,0.19151431477845587,0.19149966115294975,0.19152870921719273,0.005914616013916005,0.005914253658164034,0.005915046452730746,0.0059146243248934215,0.0059143081973926205,0.0059150129813715716
15.297647647647647,0.07549357735296042,0.0754907299874816,0.07549663948598981,0.19167410943262597,0.1916594044668614,0.19168850446920432,0.005918919603177298,0.005918556551938479,0.005919350563204923,0.00591892791808122,0.005918610944232837,0.005919318490875335
15.317657657657657,0.07563296166138775,0.07563009254665126,0.0756360274519989,0.19183374365942615,0.1918189882653681,0.19184813148764865,0.005923217882556632,0.005922854153031734,0.005923648086978858,0.0059232262012102075,0.005922908395875182,0.005923618670359879
15.337667667667667,0.07577237103161388,0.07576949567480983,0.07577544035157643,0.19199321768380093,0.19197841182585682,0.19200759801374745,0.005927510856473593,0.0059271464958251694,0.005927940286070044,0.005927519178699714,0.0059272005568601766,0.005927913524032096
15.357677677677676,0.07591180527364803,0.07590892407921619,0.0759148779935873,0.19215253173122854,0.19213767537706286,0.19216690426990543,0.005931798529333307,0.005931433554532748,0.005932229042889584,0.0059318068549545945,0.0059314874330298325,0.005932203056083798
15.377687687687686,0.07605126419818764,0.0760483773509815,0.07605434018758138,0.19231168602772114,0.19229677914827176,0.19232605047904985,0.005936080905526427,0.0059357153337045105,0.0059365129815760085,0.0059360892343652515,0.005935769030270747,0.005936487270691699
15.397697697697696,0.0761907476166186,0.07618785515427222,0.07619383604930412,0.19247068079982488,0.19245576701660755,0.19248503660723673,0.005940357989429147,0.005939992847143945,0.0059407907353574525,0.005940366321307614,0.005940045350068087,0.005940766172017432
15.417707707707706,0.07633025534101513,0.07632735730172786,0.07633334627371148,0.19262951627461958,0.19261459760103336,0.19264386290934718,0.0059446297854031955,0.005944265292707678,0.005945062612750217,0.005944638120143154,0.0059443163969022965,0.005945039764207536
15.437717717717716,0.07646978718413974,0.0764668836066782,0.07647288046151272,0.19278819267971897,0.1927732697383318,0.19280253335439376,0.005948896297795827,0.005948532052960505,0.005949329182395839,0.00594890463521888,0.005948582175239646,0.005949306579344336
15.457727727727725,0.07660934295944327,0.07660643388314343,0.07661243849384147,0.19294671024327076,0.19293178365952143,0.1929611114821907,0.005953157530939846,0.005952793023229498,0.0059535904385509646,0.005953165870867337,0.005952842689532241,0.005953567197536461
15.477737737737737,0.07674892248106496,0.07674601182710795,0.07675202018436936,0.19310506919395637,0.1930901395961578,0.19311952998631163,0.005957413489153578,0.005957048724516272,0.005957846401660447,0.005957421831406608,0.005957097944218024,0.0059578225174268164
15.497747747747747,0.07688852556383236,0.07688561373407386,0.07689162534745554,0.1932632697609912,0.19324833778033337,0.19327778839835366,0.005961664176740885,0.005961299179308259,0.005962097081754875,0.005961672521140305,0.005961347943720755,0.0059620725106505745
15.517757757757757,0.07702815202326133,0.0770252391740421,0.07703125379814683,0.19342131217412453,0.1934063786314527,0.19343588588428867,0.005965909597991172,0.005965544380770541,0.005966342483052528,0.005965917944357591,0.005965592692450033,0.0059663192962603005
15.537767767767766,0.0771678016755561,0.07716488044045204,0.077170915251899,0.19357919666363932,0.19356426317976302,0.19359382442005504,0.005970149757179372,0.005969784325908368,0.005970582444815552,0.00597015810533315,0.00596983219480129,0.00597056169542643
15.557777777777776,0.07730747433760926,0.0773045419546634,0.07731060109474484,0.1937369234603526,0.19372199069809806,0.19375158832560052,0.005974384658565951,0.0059740190189973815,0.005974816753206932,0.005974393008327217,0.005974065557689171,0.005974796046474822
15.577787787787786,0.07744716982700166,0.07744422788638415,0.07745030965437795,0.1938944927956152,0.1938795614207812,0.19390909188373864,0.0059786143063969175,0.005978248464298739,0.005979045795114269,0.005978622657585555,0.005978295377414594,0.005979025052596103
15.597797797797796,0.07758688796200257,0.07758394054434145,0.07759004074759797,0.1940519049013118,0.19403697558267297,0.1940664622997077,0.005982838704903805,0.0059824730497996526,0.005983269574690876,0.005982847057339468,0.005982519267328687,0.005983248788399722
15.617807807807806,0.07772662856156955,0.07772367570991189,0.07772977078435919,0.19420916000986094,0.19419423341917078,0.19422374891187974,0.00598705785830369,0.005986692736740457,0.0059874880960753985,0.005987066211805794,0.00598673782783877,0.00598746725800779
15.637817817817817,0.07786639144534854,0.07786343320333611,0.07786952390351909,0.19436625835421506,0.19435133581681882,0.19438087734430545,0.005991271770799177,0.005990907620746895,0.005991701363391812,0.0059912801251869085,0.005990951514374221,0.0059916804655278065
15.657827827827827,0.07800617643367376,0.07800321309144709,0.078009320554003,0.19452320016786037,0.19450827854044414,0.19453784835571392,0.00599548044657841,0.005995118070976229,0.005995909866413889,0.005995488801670724,0.005995159984178257,0.005995889218811069
15.677837837837837,0.0781459833475678,0.07814301515359924,0.0781491389974993,0.19467998568481706,0.19466501851934082,0.19469466217138723,0.005999683889815063,0.005999323318200674,0.006000113925461695,0.005999692245430692,0.0059993632300487905,0.0060000939581239966
15.697847847847846,0.07828581200874163,0.07828284976726434,0.0782889785872853,0.19483661513963918,0.19482160284569147,0.19485131901711458,0.006003882104668348,0.0060035233667444995,0.006004312754826456,0.006003890460625801,0.0060035612607467785,0.0060042934567650025
15.717857857857856,0.07842566223959443,0.07842270735326419,0.07842883955103436,0.19499308876741464,0.19497803175837153,0.19500780860089778,0.006008075095283014,0.006007716593289818,0.006008506358689792,0.00600808345140057,0.006007754073065227,0.006008487718745707
15.737867867867866,0.0785655338632139,0.0785625864345805,0.07856871800617789,0.19514940680376505,0.19513435879523625,0.19516414942794097,0.0060122628657893395,0.006011904124297608,0.006012694741219066,0.006012271221885064,0.00601194167115162,0.006012676748062867
15.757877877877876,0.07870542670337594,0.07870248683498307,0.07870860290209522,0.19530556948484606,0.19529052519641268,0.19532035330853717,0.00601644542030314,0.006016086453242904,0.006016877248638738,0.006016453776194874,0.006016124059138955,0.006016859702713895
15.777887887887886,0.07884534058454482,0.07884240837892843,0.07884850871119574,0.1954615770473473,0.1954464949662627,0.19547638682729762,0.006020622762925766,0.006020263584336231,0.006021054433357305,0.00602063111843114,0.006020301241145756,0.006021036826047716
15.797897897897897,0.07898527533187319,0.07898235089156015,0.07898843510183359,0.1956174297284919,0.19560229688017977,0.19563226450288723,0.0060247948977441,0.0060244350851133156,0.006025226367280963,0.0060248032526805315,0.00602447322127606,0.006025208722518184
15.817907907907907,0.07912523077120195,0.07912231419870853,0.07912838953200645,0.19577312776603717,0.19575801796928813,0.19578798656395793,0.006028961828830562,0.006028602232360547,0.006029393083835604,0.006028970183015254,0.006028640003619429,0.00602937539607825
15.837917917917917,0.07926520672906047,0.07926229812689078,0.07926837452736302,0.19592867139827408,0.19591359283922918,0.1959435509350654,0.006033123560243104,0.006032763781578789,0.00603355430863401,0.006033131913493053,0.00603280159225094,0.006033536850666128
15.857927927927927,0.07940520303266631,0.07940229801182928,0.07940837974888111,0.19608406086402771,0.19606895499248225,0.19609895989508244,0.006037280096025218,0.0060369203825064435,0.006037710079027,0.006037288448157212,0.006036958123069906,0.00603769559281052
15.877937937937936,0.0795452195099255,0.07954230864861025,0.07954840398847035,0.19623929640265678,0.19622413694149207,0.19625421392979023,0.006041431440205925,0.006041072630580991,0.0060418606400134845,0.006041439791036545,0.006041109190201697,0.006041849960207056
15.897947947947946,0.07968525598943231,0.07968233401840466,0.07968843292648058,0.196394378254054,0.1963791796066762,0.1964092753815281,0.006045577596799785,0.006045219763584033,0.006046005995505885,0.006045585946145414,0.006045255217448579,0.006045999130033256
15.917957957957956,0.07982531230046941,0.07982237953113533,0.07982848148008026,0.1965493066586458,0.19653411951816147,0.19656416667907636,0.006049718569806885,0.0060493616296263975,0.00605014801884966,0.0060497269174837045,0.006049396062792718,0.006050141714303219
15.937967967967966,0.07996538827300778,0.07996244513819702,0.07996854947776921,0.19670408185739266,0.19668890722719456,0.19671890357357538,0.0060538543632128565,0.006053497647502321,0.006054283727187291,0.006053862709036846,0.006053532036147064,0.0060542764460965615
15.957977977977977,0.08010548373770676,0.08010253060523362,0.0801086456996124,0.19685870409178885,0.1968435443634928,0.1968734862974304,0.0060579849809888585,0.006057628320383465,0.006058413812225833,0.006057993324775808,0.006057662243513259,0.006058405965117691
15.977987987987987,0.08024559852591395,0.08024263572048365,0.0802487643335715,0.19701317360386245,0.1969980312538173,0.19702791508355472,0.00606211042709159,0.006061753845768742,0.006062538710296693,0.006062118768657091,0.006061787564104415,0.006062530285965128
15.997997997997997,0.08038573246966546,0.08038276031941519,0.08038890207670986,0.19716749063617542,0.1971523457163312,0.19718219016537009,0.006066230705463278,0.006065874227801214,0.006066658425281118,0.006066239044622732,0.006065907745268797,0.00606664941243801
16.018008008008007,0.08052588540168551,0.08052290423819532,0.0805290587613218,0.19732165543182373,0.1973065508956995,0.19733631177680624,0.0060703458200316905,0.006069989470610052,0.006070772961045829,0.006070354156600309,0.0060700227686141745,0.006070763348320707
16.03801801801802,0.08066605715538683,0.08066306731369048,0.08066923422038873,0.19747566823443702,0.19746058247530351,0.19749030589174804,0.006074455774710127,0.006074098851933802,0.006074882321443013,0.006074464108502938,0.006074132433096472,0.0060748720973828356
16.05802802802803,0.08080624756487047,0.080803249383466,0.08080942828757899,0.19762952928817892,0.19761446339016542,0.1976442733522889,0.0060785605733974235,0.006078203066790962,0.006078986763216131,0.006078568904229265,0.006078237263139378,0.00607897566337925
16.078038038038038,0.08094645646492572,0.08094345028578638,0.08094964079724806,0.19778323883774684,0.1977681938922904,0.1977980891756644,0.006082660219977945,0.006082302730141224,0.0060830866354635365,0.0060826685476634765,0.006082336894273814,0.0060830772197067355
16.09804804804805,0.08108668369103035,0.08108367951469758,0.08108987158443848,0.19793679712837203,0.19792177423423535,0.19795175360145004,0.006086754718321598,0.0060863984016719915,0.006087181327394601,0.006086763042675297,0.006086431305968184,0.00608717456651827
16.118058058058057,0.08122692907935027,0.08122392606010401,0.08123012048487974,0.19809020440581984,0.1980752050712881,0.19810526686973345,0.0060908440722838245,0.006090488816116613,0.006091270642619159,0.006090852393119988,0.006090520595188108,0.006091266720362101
16.13806806806807,0.08136719246673997,0.08136416979495531,0.0813703873349885,0.19824346091638925,0.19822848652030725,0.1982585436032227,0.0060949282857055915,0.006094573333030095,0.0060953552221625126,0.006094936602838346,0.006094604755516601,0.0060953537103381064
16.158078078078077,0.08150747369074203,0.08150443776693515,0.08151067197186838,0.19839656690691312,0.1983816185598731,0.19841165401121916,0.006099007362413412,0.0060986527268711375,0.006099434431888688,0.006099015675656704,0.006098683785192855,0.0060994355635239535
16.17808808808809,0.08164777258958765,0.08164473015146398,0.08165097441379392,0.19854952262475825,0.19853460144462987,0.19856461299720127,0.006103081306219324,0.0061027265159646505,0.006103508475399213,0.006103089615386935,0.006102757688044633,0.006103509689593232
16.198098098098097,0.08178808900219608,0.08178505264793635,0.08179129906489185,0.1987023283178253,0.1986874362514576,0.19871740904383087,0.006107150120920907,0.0061067961896926135,0.0061075774573903655,0.006107158425826445,0.006106826467885212,0.006107576678446108
16.218108108108108,0.08192842276817508,0.08192539928455883,0.08193164088509497,0.19885498423454886,0.19884012316153316,0.19887004144517184,0.006111213810301276,0.006110860250790471,0.006111642086603767,0.00611122211075818,0.006110890337240619,0.006111638416825743
16.23811811811812,0.08206877372782079,0.08206575257623511,0.08207199971305427,0.19900749062389717,0.19899266169350097,0.19902252253205638,0.00611527237812907,0.0061149178716264655,0.0061157015734701154,0.006115280673950622,0.006114949280200423,0.006115694983882456
16.258128128128128,0.08220914172211746,0.08220611121183231,0.08221237538810437,0.19915984773537246,0.19914505105031474,0.1991748525403654,0.006119325828158476,0.0061189702768583406,0.006119755921551715,0.006119334119157786,0.006119003135760096,0.006119750993103392
16.27813813813814,0.08234952659273789,0.08234648698896635,0.08235276775026394,0.19931205581901099,0.19929729038519398,0.19932703170647725,0.006123374164129207,0.006123017573077634,0.006123805134395853,0.006123382450119231,0.006123053016541415,0.006123800213372533
16.298148148148147,0.08248992818204322,0.08248687962189934,0.08249317664023523,0.1994641151253826,0.1994493820956129,0.19947906026726742,0.006127417389766514,0.00612706014846123,0.006127849215534805,0.006127425670560045,0.006127096403941344,0.006127841165462392
16.31815815815816,0.08263034633308278,0.08262729462061642,0.08263360189940434,0.1996160259055912,0.1996013268091846,0.19963093846010907,0.006131455508781181,0.00613109920367713,0.006131888168485837,0.006131463784190859,0.006131134140430828,0.006131876972955396
16.338168168168167,0.0827707808895943,0.08276773561669638,0.08277404336984114,0.19976778841127432,0.19975310898399753,0.1997826663765011,0.006135488524869527,0.006135132351724536,0.006135921996751197,0.006135496794707839,0.006135166511807875,0.00613590765385747
16.35817817817818,0.08291123169600395,0.08290819634936321,0.08291450073869329,0.1999194028946038,0.19990472485129115,0.19993428236529684,0.00613951644171341,0.0061391584376926924,0.006139950662805821,0.0061395247057926886,0.006139193556566372,0.0061399332117762166
16.37818818818819,0.0830516985974261,0.08304867346282094,0.08305497384972982,0.2000708696082849,0.20005618156863647,0.200085803105003,0.006143539262980216,0.006143181079594177,0.00614397421058972,0.006143547521112645,0.0061432160001569655,0.00614395365030471
16.398198198198198,0.08319218143966353,0.08318916680500754,0.08319546270221845,0.20022218880555692,0.200207421569662,0.20023708831631137,0.006147556992322867,0.006147198717260655,0.0061479919706897935,0.0061475652443204855,0.006147234905986269,0.006147968973021494
16.41820820820821,0.08333268006920735,0.08332966299847884,0.08333596714097848,0.20037336074019302,0.200358614666311,0.20038828390918959,0.006151569633379822,0.006151211304613805,0.006152004590958835,0.006151577879054521,0.0061512485305364704,0.006151980283596223
16.438218218218218,0.08347319433323697,0.0834701779966544,0.08347648701151288,0.2005243856665003,0.200509720304979,0.20053937147679943,0.006155577189775075,0.006155219063375254,0.006156013491979643,0.006155585428938605,0.00615525597363426,0.006155987811062094
16.45822822822823,0.08361372407962023,0.08361071399423771,0.08361702216000867,0.20067526383931963,0.20066060345759815,0.20069028463821553,0.0061595796651181525,0.0061592218489715305,0.006160016077391612,0.006159587897582125,0.006159258358601703,0.006159990236778037
16.478238238238237,0.08375426915691314,0.08375126551790958,0.08375757243333665,0.2008259955140257,0.20081135505141276,0.20084104438620262,0.006163577063004114,0.006163219575897005,0.006164012779962289,0.006163585288579998,0.0061632556305909825,0.006163987564160365
16.49824824824825,0.08389482941436026,0.08389183241815551,0.08389813767905135,0.2009765809465272,0.20096197956439057,0.2009916705458684,0.006167569387013563,0.006167212247859149,0.00616800439181944,0.006167577605512689,0.0061672469400871135,0.006167978797336018
16.518258258258257,0.08403540470189431,0.0840324145461522,0.08403870833673896,0.20112702039326655,0.20111245935640423,0.2011421020493458,0.006171556640712623,0.006171201399527729,0.006171990919886422,0.006171564851946195,0.006171233191595315,0.006171963994127217
16.53826826826827,0.0841759948701365,0.0841729974461386,0.0841792908419646,0.2012773141112202,0.20126279531756477,0.201292341538189,0.006175538827652965,0.006175187554217422,0.006175972367654651,0.006175547031432052,0.006175214352062253,0.006175944073540826
16.55827827827828,0.08431659977039624,0.08431359006780587,0.08431988842173382,0.20142746235789832,0.20141298688564416,0.2014424335616178,0.006179515951371784,0.00617916484218341,0.006179948738600963,0.006179524147507328,0.0061791904720313855,0.006179919127491158
16.578288288288288,0.0844572192546713,0.08445419755669227,0.08446051903841693,0.201577465391345,0.20156303432516431,0.2015923808685085,0.006183488015391822,0.006183137136899988,0.006183920036187631,0.00618349620369463,0.006183162292969082,0.006183891429180378
16.5982982982983,0.08459785317564793,0.08459481953559173,0.08460114543023518,0.2017273234701381,0.2017129156291325,0.2017422163541687,0.006187455023221343,0.006187105768792924,0.006187886263862341,0.006187463203502105,0.006187129570277658,0.006187859236697609
16.618308308308308,0.08473850138670048,0.08473546732348176,0.0847417776938732,0.20187703685338954,0.20186265880852405,0.20189194854445272,0.006191416978354153,0.006191069645921792,0.006191847425058219,0.006191425150423434,0.006191091821994555,0.00619182215041325
16.63831831831832,0.08487916374189194,0.08487613735776081,0.08488242534475943,0.20202660580074502,0.20201228180754166,0.2020415702378485,0.006195373884269596,0.006195028920611566,0.006195803523193815,0.006195382047937836,0.006195049035374249,0.006195779992137
16.658328328328327,0.08501984009597335,0.08501681256456935,0.08502310384159688,0.202176030572384,0.2021617618439699,0.20219090996889993,0.006199325744432535,0.006198980064917281,0.006199754560783455,0.006199333899510063,0.006199000215999162,0.006199732765120176
16.67833833833834,0.08516053030438424,0.08515749368860996,0.0851637960112921,0.2023253114290199,0.20231109918545848,0.20234010866803676,0.006203272562293387,0.006202925837696732,0.006203700760974164,0.006203280708590412,0.006202945801357916,0.006203680472599024
16.698348348348347,0.0853012342232524,0.08529818889805874,0.08530450182814092,0.20247444863190006,0.2024602941002058,0.20248921888773808,0.006207214341288092,0.006206866584820163,0.006207644354084561,0.006207222478614709,0.006206886164352379,0.006207623117794711
16.71835835835836,0.08544195170939413,0.08543889780241996,0.08544522114848134,0.2026234424428056,0.20260934685695975,0.2026381843395226,0.006211151084838129,0.006210802358224358,0.006211583840163598,0.006211159213004318,0.0062108215051484795,0.006211559704076568
16.73836836836837,0.08558268262031382,0.08557963217759766,0.08558595382933823,0.2027722931240515,0.20275819636104694,0.20278704183395302,0.0062150827963505075,0.006214735297256167,0.006215518301589509,0.006215090915166144,0.00621475189139235,0.0062154911456587525
16.758378378378378,0.08572342681420436,0.08572038412355265,0.08572669972842357,0.20292100093848658,0.20290689489866107,0.20293579515002927,0.006219009479217774,0.006218663647992722,0.006219447741721141,0.006219017588492626,0.006218677330351388,0.00621941753593539
16.77838838838839,0.08586418414994693,0.08586114805777278,0.0858674582848656,0.20306956614949367,0.20305545206739653,0.20308440634877054,0.0062229311368180145,0.006222585095568925,0.006223369814964974,0.006222939236361741,0.006222598788023006,0.006223338878100928
16.798398398398398,0.08600495448711103,0.08600191554765559,0.08600822960203029,0.20321798902098936,0.20320386814168784,0.20323283764325475,0.006226847772514842,0.006226501534131269,0.006227288872098216,0.006226855862137001,0.006226515613745143,0.006227255175334833
16.81840840840841,0.08614573768595467,0.08614271022618668,0.0861490137106164,0.2033662698174241,0.20335214339653274,0.20338103926014212,0.006230759389657406,0.006230413239991972,0.006231202886487673,0.006230767469167455,0.006230427457863577,0.006231166430801581
16.838418418418417,0.08628653360742387,0.08628350449706852,0.08628980992554212,0.20351440880378216,0.20350021834035356,0.2035291911792747,0.006234665991580391,0.006234320447555245,0.006235111848295414,0.006234674060787691,0.006234334313145004,0.006235072710598961
16.85842842842843,0.08642734211315325,0.0864243110266284,0.08643059603767478,0.20366240624558182,0.20364821916862072,0.20367720007087936,0.006238567581604023,0.006238222679628252,0.006239013723540441,0.006238575640317834,0.00623823618309124,0.0062389747521480275
16.87843843843844,0.0865681630654657,0.08656513021283295,0.08657140749879795,0.20381026240887512,0.20379609347274177,0.20382505767762762,0.0062424641630340495,0.0062421199458523105,0.0062429087080486945,0.006242472211063542,0.006242133071190072,0.006242871760587462
16.89844844844845,0.08670899632737243,0.08670596214774363,0.08671224939301116,0.203957977560248,0.2039438302429178,0.20397271283044477,0.006246355739161762,0.0062460122600456825,0.006246801197020371,0.0062463637763160145,0.006246023569790763,0.006246763739016183
16.91845845845846,0.08684984176257302,0.0868468035407729,0.08685310341885362,0.2041055519668202,0.20409141484024063,0.20412023396470486,0.006250242313263988,0.006249899609483836,0.0062506887955386115,0.006250250339351985,0.0062499087797129515,0.006250650690518147
16.938468468468468,0.0869906992354553,0.08698766399680677,0.08699396944016698,0.20425298589624535,0.2042388520946954,0.20426761274331767,0.00625412388860308,0.006253781800292934,0.006254569669528863,0.006254131903433722,0.006253789052220116,0.0062545326181623435
16.95847847847848,0.08713156861109556,0.08712853276019883,0.08713484732147968,0.20440027961671114,0.2043861998672213,0.2044148495565855,0.0062580004684269375,0.006257657624664677,0.006258445452910834,0.006258008471809036,0.006257665319534184,0.0062584094847234085
16.978488488488487,0.0872724497552583,0.08726941351865392,0.0872757349823229,0.20454743339693884,0.2045333765866452,0.20456194487253085,0.00626187205596898,0.006261529277036043,0.0062623162178178406,0.006261880047711272,0.006261536854427944,0.006262281275121625
16.9984984984985,0.08741334253439656,0.08741030614033671,0.08741662885567214,0.20469444750618374,0.2046804125499488,0.20470889971195982,0.006265738654448177,0.006265396720085018,0.006266181971143479,0.006265746634359309,0.006265403426199512,0.00626614805082183
17.018508508508507,0.08755424681565147,0.08755120695736603,0.08755752760368195,0.20484132221423482,0.20482730957736164,0.20485578881782068,0.006269600267069023,0.006269259204703592,0.0062700427159762635,0.006269608234957567,0.0062692650382697255,0.006270009112634539
17.03851851851852,0.08769516246685263,0.08769212653899446,0.08769845029719138,0.20498805779141527,0.20497406874964064,0.2050025765725735,0.006273456897021549,0.006273116745473,0.0062738984553900165,0.006273464852696001,0.006273121457415222,0.006273866689026905
17.05852852852853,0.08783608935651806,0.08783305267046156,0.0878393781483497,0.20513465450858187,0.20512068956298127,0.2051492252336124,0.006277308547481323,0.006276969289185697,0.006277749192443865,0.0062773164907501035,0.006276972653716439,0.006277718606224378
17.078538538538538,0.08797702735385385,0.08797398092454638,0.08798031173535892,0.2052811126371253,0.20526717229126554,0.2052956287911284,0.0062811552216094435,0.006280814777551482,0.006281594930182253,0.006281163152280903,0.006280818960442808,0.00628156546530927
17.09854854854855,0.08811797632875473,0.08811492022064703,0.08812124115817983,0.20542743244897016,0.20541351720891424,0.2054418860805315,0.006284996922552548,0.006284654533030405,0.006285435671634933,0.0062850048404349676,0.006284660315860337,0.006285407325160797
17.118558558558558,0.08825893615180362,0.08825587037642298,0.08826218674431328,0.20557361421657483,0.20555972459088687,0.20558800404323582,0.006288833653442805,0.006288489934260828,0.006289271419816969,0.006288841558344397,0.006288496725486269,0.0062892441887178255
17.13856856856857,0.08839990669427177,0.08839683119322084,0.08840315377452404,0.20571965821293176,0.20570579471268208,0.20573398591118966,0.006292665417397919,0.0062923207203849476,0.006293102177728735,0.0062926733091268295,0.0062923280510758725,0.006293076707301551
17.158578578578577,0.08854088782811882,0.08853781346203723,0.08854411463678964,0.20586556471156703,0.20585172878237998,0.20587987983171288,0.006296492217521134,0.006296147154155902,0.00629692794835591,0.006296500095885444,0.006296154129648035,0.006296904119223241
17.17858858858859,0.08868187942599268,0.08867880336622977,0.08868510765000238,0.2060113339865407,0.2059974842939447,0.20602560403244974,0.006300314056901216,0.006299970410763904,0.006300748734669491,0.0063003219217089524,0.0062999742107050696,0.006300724811289645
17.1985985985986,0.08882288136122966,0.08881980384314306,0.08882611337624621,0.20615696631244668,0.20614313540582835,0.20617116719054493,0.006304130938612483,0.006303786725012381,0.0063045644958345005,0.006304138789671606,0.006303792530915787,0.00630454170473589
17.21860860860861,0.08896389350785443,0.08896081480165487,0.08896712954356358,0.2063024619644127,0.20628870830484597,0.20631662701398373,0.006307942865714769,0.006307598620752546,0.0063083750722159404,0.006307950702833189,0.006307604189629824,0.006308353564725563
17.23861861861862,0.08910491574057992,0.08910183647913784,0.08910815559189098,0.20644782121810049,0.20643409690422193,0.20646192094380428,0.0063117498412534594,0.006311405684865888,0.006312180646444741,0.006311757664239029,0.006311410918326927,0.006312160445091027
17.258628628628628,0.08924594793480742,0.08924286845396902,0.08924919121583276,0.20659304434970543,0.206579264133443,0.2066071312895352,0.006315551868259462,0.006315206681400373,0.006315981221199757,0.006315559676919982,0.006315212853315274,0.006315962348662861
17.27863863863864,0.08938698996662658,0.089383910514934,0.08939023617463,0.20673813163595697,0.20672431839100636,0.20675225955090773,0.006319348949749224,0.006319002760882805,0.006319776799144492,0.00631935674389245,0.006319010523357475,0.006319758830878978
17.298648648648648,0.08952804171281542,0.08952497214372433,0.08953129059032147,0.20688308335411837,0.20686930715255974,0.20689722045610506,0.0063231410887247316,0.006322793904402415,0.006323567356242261,0.006323148868158362,0.0063228032692803195,0.006323551318404957
17.31865865865866,0.08966910305084022,0.08966603403137637,0.08967235438364465,0.20702789978198674,0.20701416287707688,0.2070420721067875,0.006326928288173498,0.006326581988080074,0.006327352975180365,0.006326936052705194,0.006326590720914146,0.006327338370975163
17.338668668668667,0.08981017385885566,0.08980709504395432,0.08981342166041545,0.2071725811978929,0.20715888453588144,0.20718676893313462,0.006330710551068574,0.006330365824882841,0.006331133578521755,0.006330718300505953,0.0063303738225843,0.006331120458071303
17.35867867867868,0.08995125401570474,0.08994817584886956,0.08995449420302146,0.2073171278807018,0.20730347241300845,0.20733131098095928,0.006334487880368546,0.006334144773637875,0.006334909283901971,0.00633449561451918,0.006334150680655888,0.006334897582448612
17.37868868868869,0.09009234340091876,0.09008926631435704,0.09009557580164787,0.20746154010981205,0.20744792679303747,0.20747575385045658,0.006338260279017537,0.006337918812926093,0.006338682317978506,0.006338267997688962,0.006337922708067979,0.006338669746847362
17.3986986986987,0.0902334418947174,0.09023036616016263,0.09023666822796492,0.20760581816515628,0.20759224841927734,0.20762006211456183,0.0063420277499451954,0.006341687865289938,0.006342449473111644,0.006342035452944909,0.006341689611710052,0.006342436893781135
17.41870870870871,0.09037454937800868,0.09037147906839119,0.09037778437034275,0.20774996232720097,0.20773643885665607,0.20776423462714583,0.006345790296066717,0.006345449007806451,0.006346212080416594,0.006345797983202187,0.006345451706346767,0.006346199082049049
17.438718718718718,0.09051566573238895,0.09051260125707256,0.0905188774988715,0.20789397287694628,0.20788054238251824,0.20790826781400082,0.0063495479202828236,0.006349206949188302,0.006349966910682013,0.00634955559136148,0.006349208891067747,0.006349955017821285
17.45872872872873,0.09065679084014297,0.0906537549598538,0.09066001162034314,0.20803785009592637,0.20802441818073572,0.20805218020688218,0.006353300625479772,0.006352960884158903,0.006353718269141328,0.00635330828030902,0.006352961182350441,0.006353705647134726
17.478738738738738,0.09079792458424357,0.09079492191566743,0.09080113654902054,0.20818159426620939,0.2081682076435568,0.20819595353203965,0.006357048414529361,0.006356707893656515,0.006357464577825624,0.006357056052916573,0.006356708573360658,0.006357451805735593
17.49874874874875,0.09093906684835235,0.0909360800516462,0.09094226276837494,0.2083252056703971,0.2083118656392333,0.2083395936510702,0.006360791290288915,0.006360449104788925,0.006361206028065771,0.006360798912041441,0.006360451063824581,0.006361195514575945
17.518758758758757,0.09108021751681883,0.09107723559435461,0.09108339713167245,0.20846868459162532,0.2084553251168846,0.20848310054008143,0.006364529255601296,0.0063641854007767005,0.006364942592125383,0.006364536860526463,0.006364188958381179,0.006364934298673513
17.53876876876877,0.09122137647468116,0.09121838507735003,0.09122453994297731,0.2086120313135636,0.20859864897660188,0.20862647168717424,0.006368262313294904,0.00636791745813268,0.0063686742234639595,0.006368269901200018,0.006367922556269015,0.006368668160742652
17.55877877877878,0.09136254360766566,0.09135954283653563,0.09136570968040927,0.20875524612041552,0.20874188957495915,0.20876964833075123,0.006371990466183669,0.006371647037122896,0.0063724057901641705,0.006371998036876017,0.0063716518858219365,0.006372394562184167
17.57878878878879,0.09150371880218705,0.09150070875930935,0.0915069056123256,0.20889832929691832,0.2088850200528168,0.2089126457988955,0.006375713717067058,0.0063753701782183975,0.006376132371195969,0.0063757212703539085,0.006375376365407361,0.006376114787134108
17.5987987987988,0.09164490194534841,0.09164189512146013,0.09164811116950423,0.20904128112834333,0.20902802126906325,0.20905551031001338,0.006379432068730075,0.006379088200011992,0.006379851241426311,0.0063794396044186815,0.006379095911027409,0.006379830076306649
17.618808808808808,0.09178609292494108,0.09178308122747204,0.09178932144831234,0.2091841019004955,0.2091707386899918,0.20919833892088083,0.006383145523943252,0.006382801982705564,0.0063835651823773475,0.006383153041840859,0.006382810642437662,0.006383543136406851
17.63881881881882,0.09192729162944488,0.09192426163831739,0.09193054159220766,0.2093267918997138,0.20931328579101882,0.2093410536012215,0.006386854085462661,0.006386510887573838,0.0063872741965410075,0.006386861585376503,0.006386520467907842,0.006387251454077094
17.658828828828828,0.09206849794802778,0.09206546263742553,0.09207175462616882,0.20946935141287107,0.20945570236546993,0.20948360619512843,0.006390557756029907,0.006390214898285543,0.006390978214300161,0.006390565237767208,0.006390225443996708,0.00639095486077012
17.67883883883884,0.09220971177054625,0.09220668118791518,0.09221295348658967,0.20961178072737408,0.20959811256202007,0.20962605129593573,0.006394256538372132,0.006393912323884447,0.006394676671011062,0.00639426400174011,0.006393923800329752,0.006394653359091693
17.69884884884885,0.09235093298754504,0.0923479074170364,0.09235416440317136,0.20975408013116317,0.2097405118204882,0.20976836540628213,0.006397950435202006,0.006397604815011131,0.0063983702049465645,0.006397957880007881,0.0063976167965284735,0.006398346951632844
17.71885885885886,0.09249216149025719,0.09248914170683024,0.09249540975667118,0.20989624991271286,0.20988278375646396,0.2099105488057697,0.0064016394492177435,0.006401291290082016,0.00640205881851878,0.006401646875268728,0.006401304916082013,0.0064020356409698696
17.73886886886887,0.09263339717060416,0.09263038026722914,0.09263665260500072,0.21003829036103142,0.21002490650758254,0.2100526008566739,0.006405323583103083,0.006404973089903213,0.006405742514124613,0.006405330990206394,0.00640498816173468,0.006405719429664338
17.75887887887888,0.09277463992119568,0.09277160974960204,0.09277789298457875,0.21018020176566093,0.21016676524007877,0.21019452007981848,0.006409002839527307,0.00640865152487801,0.006409421294145743,0.006409010227490164,0.006408666536216476,0.006409399374490657
17.77888888888889,0.09291588963532985,0.09291287185836221,0.0929191455146921,0.21032198441667746,0.21030844894520992,0.21033626797993155,0.006412677221145226,0.006412325162688118,0.006413095127852785,0.006412684589774855,0.006412340042243094,0.006413074999836817
17.798898898898898,0.0930571462069931,0.09305414113933574,0.09306040041611238,0.21046363860469078,0.21045016946785686,0.210477892016059,0.006416346730597187,0.006415994312825613,0.006416764045271293,0.006416354079700821,0.006416009755381798,0.006416743382322763
17.81890890890891,0.09319840953086024,0.09319537856162774,0.09320165363068493,0.2106051646208447,0.21059176221807627,0.21061941772340018,0.006420011370509075,0.00641965781144309,0.006420428054102404,0.006420018699893955,0.006419674793581758,0.006420406341541173
17.838918918918917,0.09333967950229437,0.09333661726116688,0.09334292009795814,0.21074656275681677,0.21073322748662404,0.21076088281095734,0.006423671143492302,0.0064233168522308745,0.00642408715666784,0.006423678452965684,0.006423332026132499,0.006424064952122095
17.85892892892893,0.09348095601734693,0.09347786251329986,0.09348419276061157,0.21088783330481853,0.21087446439043817,0.21090218982984743,0.006427326052143827,0.00642697302856686,0.006427741627149001,0.006427333341512979,0.006426985272792505,0.006427719389929247
17.87893893893894,0.0936222389727577,0.09361911430286331,0.09362547148208918,0.2110289765575952,0.21101555030245397,0.21104334016141799,0.00643097609904613,0.006430625836902559,0.006431391268905892,0.006430983368118339,0.0064306346316684426,0.006431368924674922
17.89894894894895,0.09376352826595478,0.09376039841527416,0.09376675627125942,0.211169992808426,0.21115650883222034,0.21118436234696344,0.006434621286767236,0.006434272101081731,0.006435040771754695,0.006434628535349803,0.0064342804250989835,0.006435013275765505
17.91895895895896,0.09390482379505474,0.09390169756149007,0.09390804430016975,0.21131088235112402,0.21129723496536285,0.21132525558070428,0.006438261617860695,0.006437910584756116,0.006438681734130047,0.006438268845760949,0.006437921383243721,0.0064386534454909565
17.938968968968968,0.09404612545886229,0.09404300609805007,0.094049334601072,0.21145164548003617,0.2114378008624586,0.21146601970517917,0.006441897094865599,0.006441546353984077,0.006442320142920072,0.006441904301890889,0.006441554474631777,0.006442286580031687
17.95897897897898,0.09418743315687056,0.09418432275091883,0.09419063064372356,0.21159228249004325,0.21157830469972416,0.21160666140490092,0.006445527720306578,0.006445180181387265,0.006445950714160264,0.0064455349062642765,0.0064451826345442,0.006445918481911542
17.978988988988988,0.0943287467892611,0.0943256324440065,0.09433194657179463,0.21173279367655978,0.21171869929644174,0.21174718965568637,0.0064491534966937825,0.006448806523129741,0.006449576326566262,0.006449160661391292,0.006448807787474673,0.006449543773660956
17.998998998999,0.09447006625690367,0.09446695659161947,0.0944732690009435,0.21187317933553446,0.21185917136903296,0.21188759192432466,0.006452774426522914,0.006452428026562765,0.006453197054518148,0.006452781569767666,0.006452428648763815,0.006453164198324274
18.019009009009007,0.09461139146135641,0.09460828535543088,0.09461458827292424,0.21201343976344958,0.21199941949740914,0.21202793641717305,0.0064563905122751964,0.006456041039369727,0.0064568116820259685,0.006456397633874655,0.006456044681101315,0.00645677975826578
18.03901901901902,0.09475272230486595,0.09474961964373793,0.09475591282841121,0.21215357525732145,0.2121395432648375,0.21216829239830814,0.006460001756417394,0.006459653062475894,0.006460422015703731,0.006460008856179057,0.006459655887067472,0.006460390270975967
18.05902902902903,0.09489405869036698,0.09489093262034162,0.09489724246977135,0.2122935861147001,0.2122794944168508,0.2123085260757466,0.006463608161401808,0.006463259192662632,0.006464030102205817,0.006463615239133206,0.006463262269228418,0.006463995883803998
18.07903903903904,0.09503540052148265,0.09503224456289386,0.09503857703954269,0.21243347263366955,0.21241936111753515,0.21244845504089863,0.006467209729666263,0.006466858196229231,0.006467632688545076,0.006467216785174974,0.0064668638301361,0.006467597389558772
18.09904904904905,0.09517674770252459,0.09517356187271474,0.09517991712888693,0.21257323511284762,0.21255914199398043,0.2125882308317183,0.0064708064636341345,0.0064704514878427405,0.006471231150054009,0.00647081349672777,0.006470460572328301,0.0064711926953114
18.119059059059058,0.09531810013849257,0.09531488450498848,0.09532126141850317,0.21271287385138604,0.21269872397558662,0.2127278823374597,0.006474398365714319,0.006474040012567208,0.006474824654149299,0.006474405376200535,0.006474052498328616,0.006474784286440802
18.13906906906907,0.09545945773507482,0.09545622844105667,0.0954626043219312,0.21285238914897037,0.21283817432122887,0.21286740985423436,0.006477985438301256,0.0064776237199997725,0.006478411248575915,0.006477992425987756,0.00647763961064648,0.006478374187758968
18.159079079079078,0.09560082039864783,0.09559757496019573,0.09560395198896983,0.21299178130582005,0.2129775011006306,0.21300681367867952,0.006481567683774911,0.006481204420069001,0.0064819941976395415,0.006481574648469445,0.006481221008241637,0.006481959450731666
18.17908908908909,0.09574218803627646,0.09573892867320828,0.09574532026837844,0.21313105062268844,0.21311670750630507,0.21314609410795857,0.006485145104500796,0.0064847814128030715,0.006485573326848203,0.006485152046011164,0.006484793801142511,0.006485538584357072
18.1990990990991,0.09588356055571387,0.09588030806942356,0.09588667885874336,0.21327019740086264,0.21325579218576884,0.21328525143976068,0.006488717702829949,0.006488353654469824,0.0064891438799872855,0.006488724620964004,0.006488364179439881,0.006489110148345116
18.21910910910911,0.0960249378654017,0.09602168880428934,0.09602805813024337,0.2134092219421637,0.21339482333369475,0.21342428597230093,0.006492285481098943,0.006491921097146254,0.006492708273018999,0.006492292375664588,0.00649193244788145,0.006492676427002997
18.23911911911912,0.09616631987446975,0.09616304986494408,0.09616944117713194,0.21354812454894648,0.21353362838292736,0.21356319800432058,0.006495848441629893,0.006495483743314723,0.006496273691046569,0.006495855312435088,0.006495496400623272,0.0064962379907599
18.25912912912913,0.09630770649273623,0.09630443055937501,0.0963108314579111,0.21368690552409986,0.21367235553816483,0.21370211437504086,0.006499406586730434,0.006499041595443519,0.006499834122164614,0.006499413433583204,0.006499053384360796,0.006499797881049806
18.27913913913914,0.09644909763070776,0.09644583838272636,0.09645222433167745,0.21382556517104637,0.21381089587515026,0.21384092237413344,0.006502959918693753,0.006502594655986876,0.006503389691726362,0.0065029667414021755,0.006502602118048406,0.0065033529562527215
18.299149149149148,0.0965904931995791,0.09658725144673196,0.0965936252991661,0.21396410379374253,0.21394936534194334,0.2139796083651335,0.006506508439798557,0.006506141856380108,0.006506940418210629,0.006506515238170781,0.006506151012243653,0.006506903218593528
18.31915915915916,0.09673189311123365,0.09672863143541233,0.09673502869426776,0.2141025216966787,0.2140877136274583,0.21411815444694857,0.006510052152309099,0.006509685876159371,0.006510486292238922,0.006510058926153332,0.006509692890713587,0.006510448670282478
18.339169169169168,0.09687329727824284,0.0968700443133862,0.09687643917501376,0.21424081918487908,0.2142258485471274,0.2142564919691234,0.0065135910584751605,0.006513224903117016,0.006514029061314883,0.006513597807599678,0.006513231006080343,0.006513991558486699
18.35917917917918,0.09701470561386663,0.09701143976129388,0.09701785827156865,0.21437899656390186,0.21436381744649557,0.2143947081622771,0.006517125160532056,0.006516758894219821,0.0065175639116130035,0.006517131884745209,0.006516764450306117,0.006517526735833343
18.37918918918919,0.09715611803205332,0.09715283929632809,0.0971592819325106,0.2145170541398389,0.21450174008697034,0.21453271341847135,0.0065206544607006416,0.0065202862549891836,0.00652109557387081,0.006520661159810845,0.006520293889853371,0.0065210579675921915
18.3991991991992,0.0972975344474393,0.09729424283350684,0.09730070946712044,0.214654992219316,0.21463958468145589,0.21467075568861504,0.006524178961187301,0.006523807771557159,0.006524621587628631,0.006524185635003049,0.006523816824676947,0.006524583019411231
18.41920920920921,0.0974389547753497,0.09743565028853801,0.0974421358856541,0.214792811109493,0.2147774063725179,0.21480864132786867,0.006527698664183957,0.0065273253219202704,0.006528144245771275,0.00652770531251382,0.006527338426828738,0.0065281038452839
18.43921921921922,0.09758037893179766,0.09757706157781897,0.09758356392386353,0.2149305111180633,0.21491511472224886,0.21494630453359878,0.006531213571868063,0.0065308427153087795,0.006531658616892093,0.006531220194520688,0.006530852040291765,0.0065316202198553806
18.45922922922923,0.09772180683348483,0.09771847997414225,0.09772499529651958,0.21506809255325438,0.21505269284651943,0.21508390002613997,0.00653472368640261,0.006534355354030904,0.006535172926935899,0.0065347302831867266,0.006534360677854106,0.0065351314151404424
18.479239239239238,0.09786323839780109,0.09785990698441911,0.0978664309454316,0.2152055557238275,0.21519008721487903,0.2152215067238721,0.006538229009936127,0.00653786207617327,0.0065386782557878605,0.006538235580660542,0.00653786520750961,0.0065386385466454835
18.49924924924925,0.09800467354282477,0.09800133803850232,0.09800786982420989,0.21534290093907776,0.2153274113898767,0.21535889346902928,0.006541729544602667,0.006541362595037302,0.006542182483660372,0.006541736089076282,0.00654136479288947,0.006542139421653012
18.51925925925926,0.09814611218732247,0.09814277275978651,0.0981493323461421,0.2154801285088343,0.21546455702307504,0.21549619496777533,0.0065452252925218305,0.006544858047737215,0.006545682803388557,0.006545231810553626,0.006544861936479841,0.006545636246747469
18.53926926926927,0.09828755425074907,0.09828421054116422,0.0982907914940204,0.21561723874345992,0.21560157497464738,0.21563330917714374,0.006548716255798743,0.006548346547578378,0.006549176634178338,0.006548722747197795,0.006548352373639031,0.006549128287615543
18.55927927927928,0.09842899965324797,0.09842562276796413,0.09843226469648653,0.21575423195385138,0.21573845706061537,0.2157706055321739,0.0065522024365240695,0.006551832164409851,0.006552664571073314,0.006552208901099539,0.006551835173808354,0.006552615546351174
18.57928928928929,0.09857044831565068,0.0985670478462869,0.09857372497977523,0.21589110845143922,0.2158752225435336,0.21590763252153722,0.0065556838367740065,0.006555312215321396,0.0065561482514337405,0.0065556902743351565,0.006555316658361926,0.006556098025033864
18.5992992992993,0.09871190015947721,0.09870848039503384,0.09871518787798478,0.21602786854818803,0.21601187092275861,0.21604440829147623,0.006559160458610288,0.006558789791418638,0.006559627283456314,0.006559166868966474,0.006558791834491966,0.006559575725728677
18.61930930930931,0.09885335510693588,0.09884992022181605,0.09885662465129418,0.21616451255659613,0.21614840317353995,0.21618107030322872,0.0065626323040801834,0.006562256937749446,0.006563101546193749,0.0065626386870408565,0.00656226307200179,0.006563048650486239
18.63931931931932,0.09899481308092331,0.09899136499384317,0.0989981236273483,0.21630104078969564,0.21628481928769047,0.21631776533682534,0.006566099375216492,0.006565719997181124,0.006566571041689663,0.006566105730591211,0.0065657293908479835,0.0065665193062168685
18.659329329329328,0.09913627400502449,0.09913281271924372,0.09913959621559101,0.21643745356105265,0.21642111009529047,0.21645439331377034,0.00656956167403755,0.006569178147109287,0.006570036849077128,0.00656956800163597,0.006569187089236253,0.006569986824340502
18.67933933933934,0.09927773780351275,0.09927426359088043,0.09928107145674642,0.21657375118476718,0.21655730222575761,0.21659083077615301,0.006573019202547232,0.0065726351233748636,0.006573502782229692,0.006573025502179115,0.0065726425810593665,0.006573442605627422
18.69934934934935,0.09941920440134969,0.09941574707223555,0.09942254951935459,0.216709933975473,0.21669326364875244,0.2167271110980232,0.0065764719627349425,0.006576085482596279,0.006576961463056793,0.006576478234210156,0.006576093392335804,0.00657689885134629
18.71935935935936,0.0995606737241853,0.0995572278948381,0.09956404280340185,0.21684600224833772,0.21682921430443616,0.21686327325168278,0.00657991995657562,0.006579530110705621,0.006580410703957703,0.006579926199704146,0.00657953989158212,0.0065803510180088886
18.73936936936937,0.099702145698358,0.09969868138629308,0.09970552553700443,0.21698195631906292,0.21696509544477485,0.21699920840215361,0.006583363186029741,0.006582964580642929,0.006583853204285031,0.006583369400621672,0.006582980622921548,0.006583795968689768
18.75937937937938,0.09984362025089437,0.0998401374349811,0.09984703332982114,0.21711779650388394,0.2171008840488675,0.21713506785576953,0.006586801653043319,0.006586402930824733,0.006587290908743745,0.006586807838908855,0.006586415620168981,0.006587233405249506
18.77938938938939,0.09998509730950943,0.09998159596893039,0.09998855766214472,0.2172535231195701,0.2172365028797302,0.2172709514750088,0.006590235359547894,0.00658983648692727,0.006590723911218215,0.006590241516497359,0.006589843949609056,0.006590671518835149
18.799399399399398,0.10012657680260656,0.10012305691685851,0.10013009944283584,0.21738913648342453,0.21737198939707833,0.2174067220578366,0.0065936643074605466,0.006593263951724519,0.006594155275330125,0.006593670435304379,0.006593268151355523,0.006594106918753429
18.81940940940941,0.10026805865927743,0.1002645003089225,0.10027159898109134,0.2175246369132842,0.2175073160400264,0.21754237992016587,0.006597088498683889,0.0065966878703290445,0.0065975857741534215,0.006597094597232651,0.006596692213704249,0.006597534534314004
18.839419419419418,0.10040954280930203,0.10040596451997502,0.100413126676908,0.2176600247275199,0.21764252907318968,0.21767788268316424,0.006600507935106073,0.006600104787870116,0.006601012081343495,0.006600514004170445,0.006600108888771422,0.0066009551822065
18.85942942942943,0.10055102918314877,0.10054743823315028,0.10055466174730575,0.2177953002450365,0.21777766851947303,0.21781335273042973,0.006603922618600782,0.006603513084868812,0.006604434862773319,0.006603928657991572,0.006603522771633877,0.0066043738876349215
18.87943943943944,0.10069251771197431,0.10068891526104039,0.10069619925863833,0.21793046378527253,0.2179126124171631,0.21794864923382304,0.006607332551027228,0.00660691839139726,0.006607852761404739,0.006607338560555373,0.006606932256345218,0.006607792427257706
18.89944944944945,0.10083400832762365,0.1008303954195659,0.1008377388293839,0.21806551566820037,0.2180474810957791,0.21808381811549324,0.006610737734230168,0.0066103250042431295,0.00661126649812945,0.006610743713706729,0.0066103359906132,0.006611207915107642
18.91945945945946,0.10097550096263025,0.10097187144777811,0.10097927949660153,0.21820045621432635,0.2181822373779388,0.2182187574117647,0.006614138170039889,0.006613722312545428,0.0066146745606855736,0.006614144119276063,0.006613728718428031,0.0066146169428388185
18.93946946946947,0.10111699555021572,0.10111334505078075,0.10112082239385374,0.21833528574469072,0.21831688931400517,0.2183536382571018,0.006617533860272211,0.006617114760849822,0.0066180784571597566,0.006617539779079327,0.0066171151732701975,0.006618013188991726
18.95947947947948,0.10125849202429024,0.10125481443126921,0.10126232587632501,0.21847000458086754,0.2184514572240132,0.21848845699252445,0.006620924806728489,0.006620502450456346,0.006621471554055886,0.0066209306949180135,0.006620505449940831,0.006621404576495043
18.979489489489488,0.1013999903194521,0.10139627882591837,0.10140383134246037,0.21860461304496465,0.21858589858771288,0.21862316648721863,0.0066243110111956155,0.006623885383115925,0.006624858789125136,0.006624316868579153,0.00662389191722236,0.006624798079351928
18.9994994994995,0.10154149037098806,0.10153774189532072,0.10154537037744041,0.2187391114596239,0.21872016771460148,0.21875776617365017,0.006627692475446019,0.006627263588569408,0.006628241953014193,0.0066276983018353115,0.006627273686823342,0.0066281834372775746
19.01950950950951,0.10168299211487315,0.10167919437020571,0.10168693214639767,0.21887350014802084,0.2188543785125637,0.21889225637460974,0.006631069201237653,0.0066306371045183506,0.006631622585534313,0.006631074996444591,0.006630644387965983,0.006631561607174792
19.03951951951952,0.10182449548777082,0.10182065648597778,0.10182846571636725,0.2190077794338651,0.21898856325675545,0.21902663741341946,0.006634441190314018,0.006634005869431745,0.006634998490443597,0.0066344469541506305,0.00663401025376806,0.006634934684169512
19.05952952952953,0.10196600042703277,0.10196215331005548,0.10196999143280991,0.21914194964139996,0.2191225472316227,0.21916101435794455,0.0066378084444041405,0.006637372533786936,0.006638370892488216,0.006637814176682611,0.006637371332199847,0.0066383038207170715
19.07953953953954,0.10210750687069911,0.10210362581866118,0.10211155318785645,0.21927601109540276,0.21925644981316153,0.21929524095946054,0.006641170965222584,0.006640735094155359,0.006641743372070195,0.006641176665755238,0.006640727624741719,0.00664166909063595
19.09954954954955,0.10224901475749826,0.10224509975221782,0.10225306330970863,0.21940996412118444,0.21939021537760958,0.21942925115800013,0.006644528754469451,0.006644086413203023,0.0066451004951164055,0.006644534423068766,0.006644084250618697,0.006645031976029782
19.11955955955956,0.1023905240268469,0.10238657494808848,0.10239458117658952,0.21954380904459014,0.2195238366177755,0.21956336753713196,0.00664788181383037,0.00664744271080253,0.006648456544093994,0.0066478874503089844,0.006647439097608482,0.00664839010666613
19.13956956956957,0.10253203461885024,0.10252805398884002,0.10253614867763138,0.2196775461919986,0.21965737992482495,0.2196973754395512,0.006651230144976511,0.006650782995573974,0.006651815314994361,0.006651235749147211,0.006650783232548328,0.006651743549882899
19.159579579579578,0.10267354647430163,0.1026695384905877,0.10267766720816587,0.21981117589032256,0.21979079374909774,0.21983109257529487,0.006654573749564576,0.006654119105978015,0.006655160362881969,0.006654579321240312,0.006654118666811791,0.006655089648494307
19.17958958958959,0.10281505953468285,0.10281102225548472,0.10281917928388505,0.21994469846700856,0.21992414336108546,0.21996472208657494,0.006657912629236805,0.006657456332977392,0.006658508609546545,0.006657918168230682,0.006657452662548367,0.006658432309070603
19.1995995995996,0.1029565737421641,0.10295251299014448,0.10296069235424289,0.22007811425003712,0.2200573636011769,0.22009832451683142,0.006661246785620965,0.006660788833617931,0.006661852329322068,0.006661252291746257,0.006660780026246473,0.006661768821294239
19.21960960960961,0.10309808903960363,0.10309400479918682,0.10310220636121736,0.22021142356792237,0.22019062787348714,0.22023188265490598,0.0066645762203303635,0.006664116609524165,0.006665191404755306,0.0066645816934005064,0.006664102727263133,0.006665107441920655
19.23961961961962,0.10323960537054842,0.10323549765431993,0.10324372124747329,0.22034462674971264,0.22032351791021326,0.22036531562485212,0.006667900934963847,0.0066674393759339435,0.006668525837792825,0.00666790637479244,0.006667423026403262,0.006668440917857748
19.25962962962963,0.10338112267923348,0.10337699071936648,0.10338523695636166,0.22047772412498987,0.22045637632880108,0.2204987139049351,0.006671220931105784,0.006670753520191319,0.006671855483496248,0.006671226337506602,0.006670738494482771,0.006671766455928382
19.27963963963964,0.10352264091058234,0.10351848495005746,0.10352680776381495,0.22061071602386992,0.22058916687892366,0.22063187019052294,0.006674536210326088,0.006674062912123981,0.006675180469267421,0.006674541583113073,0.006674045664913593,0.0066750896742077855
19.29964964964965,0.10366416001020667,0.10365997991587701,0.1036683346047828,0.22074360277700258,0.22072185100455052,0.22076518100003792,0.006677846774180204,0.006677367617669694,0.006678500816780751,0.006677852113167476,0.00667735161577479,0.006678408541073676
19.31965965965966,0.10380567992440677,0.10380147556264872,0.10380986208307157,0.22087638471557158,0.22085442903271968,0.22089816808853754,0.0066811526242091124,0.006680670812646743,0.006681812468974561,0.006681157929210961,0.006680651822718875,0.006681722750592386
19.339669669669668,0.10394720060017103,0.10394297183688347,0.10395143224239332,0.22100906217129426,0.2209868060529393,0.2210310131282586,0.006684453761939324,0.0066839690136039475,0.006685118476396479,0.0066844590327702225,0.006683944271191959,0.006685033050903703
19.35967967967968,0.1040887219851763,0.10408445297729806,0.10409303786509379,0.22114163547642202,0.22111903402246819,0.2211638487569855,0.006687750188882891,0.006687259838358678,0.006688422300311864,0.006687755425357491,0.006687235868493666,0.006688339525894406
19.37968968968969,0.10423024402778772,0.10422589315448963,0.10423464489719676,0.22127410496374017,0.2212513481039887,0.22129680889299647,0.0066910419065373955,0.006690547909874885,0.006691723833394981,0.006691047108470529,0.00669052286798304,0.006691641374967473
19.3996996996997,0.1043717666770587,0.10436733330246667,0.10437625275249203,0.22140647096656765,0.22138361147711458,0.22142965393544292,0.006694328916385956,0.006693831339100416,0.00669502265372607,0.006694334083592642,0.006693804792707769,0.0066949384560060915
19.41970970970971,0.10451328988273118,0.10450881066130849,0.10451785955655153,0.22153873381875752,0.22151566397652536,0.22156225475856453,0.006697611219897228,0.006697113619465594,0.006698316863645544,0.006697616352192669,0.0066970820798413055,0.00669822373788845
19.43971971971972,0.10465481359523528,0.10465029839261204,0.10465939068298809,0.22167089385469646,0.22164757824210712,0.2216946793049047,0.006700888818525392,0.006700390906193292,0.006701606364647032,0.006700893915724987,0.006700354770512865,0.0067015098695478535
19.45972972972973,0.10479633776568949,0.10479178454450966,0.10480097629588596,0.2218029514093053,0.22177937782074478,0.22182685367757912,0.006704161713710177,0.006703661076581266,0.006704891335033116,0.0067041667756295095,0.006703622780028658,0.0067047894548636295
19.47973973973974,0.10493786234590065,0.10493323840647395,0.10494257601596454,0.22193490681803854,0.22191095065838548,0.22195892007721055,0.006707429906876834,0.006706924796317109,0.006708171760496082,0.006707434933331685,0.0067068897926784435,0.006708068501532251
19.49974974974975,0.10507938728836401,0.10507469200706236,0.10508417598033858,0.22206676041688458,0.22204251869704322,0.22209088400028382,0.006710693399436158,0.006710181368768361,0.006711443142367832,0.006710698390242503,0.006710149015365541,0.006711340386011629
19.51975975975976,0.10522091254626298,0.10521614529657079,0.10522573746918895,0.22219851254236575,0.22217397379780848,0.22222274598360214,0.006713952192784475,0.0067134328492587944,0.0067147139349019325,0.006713957147758489,0.006713403540906968,0.0067146081954264835
19.53976976976977,0.10536243807346946,0.10535759925025732,0.10536728068942293,0.222330163531538,0.22230520663739578,0.22235476642863358,0.006717206288303641,0.006716683139693121,0.006717979781753914,0.006717211207261697,0.0067166533735982595,0.006717871581475764
19.55977977977978,0.10550396382454373,0.10549905391247588,0.10550882351282788,0.22246171372199153,0.2224363359044398,0.22248673979980046,0.006720455687361056,0.006719921404444983,0.006721235818919972,0.0067204605701197285,0.0067198984922762816,0.006721130056288612
19.57978978978979,0.10564548975473421,0.1056405059400223,0.10565036649450099,0.22259316345185015,0.2225676098477705,0.22261861885944828,0.006723700391309648,0.006723161712799627,0.006724487045483269,0.006723705237685718,0.006723138898255502,0.0067243838951689516
19.5997997997998,0.1057870158199778,0.10578197279532882,0.10579195172366274,0.22272451305977164,0.22269878559896636,0.22275040459514686,0.006726940401487883,0.006726400663420549,0.006727733572718238,0.006726945211298336,0.006726374592835898,0.006727633545774802
19.61980980980981,0.10592854197689974,0.10592342706195737,0.10593351207898002,0.2228557628849475,0.22282986038923086,0.22288191931188978,0.006730175719219756,0.006729633796758476,0.006730975354293284,0.006730180492281792,0.0067296055741794805,0.006730884284359464
19.63981981981982,0.10607006818281356,0.10606487725123602,0.10607505785467311,0.22298691326710326,0.22296047773114394,0.22301310822775983,0.006733406345814804,0.0067328588752751,0.006734212462137187,0.00673341108194583,0.006732830072444566,0.006734130440813511
19.659829829829828,0.10621159439572114,0.1062063420915095,0.10621664135144868,0.2231179645464983,0.2230909431217329,0.22314420323512912,0.006736632282568095,0.006736077929251337,0.00673744494751976,0.006736636981585732,0.006736047048497681,0.006737364109428324
19.67983983983984,0.1063531205743127,0.10634779074562985,0.10635825137711634,0.22324891706392574,0.22322136959621894,0.22327525684672847,0.006739853530760232,0.006739296863521399,0.00674067291731187,0.006739858192482317,0.006739258456550284,0.00674058799437133
19.69984984984985,0.10649464667796685,0.1064892389424486,0.10649989979578688,0.22337977116071267,0.22335199150633053,0.22340631904814792,0.006743070091657352,0.006742507554910474,0.006743896230959778,0.006743074715901941,0.006742468850394101,0.006743809251632277
19.71985985985986,0.10663617266675036,0.1066306993199257,0.10664152615166966,0.22351052717872,0.2234825182866586,0.22353737224289352,0.006746281966511127,0.006745711498888859,0.006747114872620813,0.006746286553096494,0.006745675322204926,0.006747030552990867
19.73986986986987,0.10677769850141859,0.10677216779993183,0.10678312676018553,0.22364118546034262,0.2236130238727061,0.22366844403447372,0.006749489156558766,0.00674891041181639,0.0067503287912259475,0.006749493705303409,0.006748877004142784,0.006750247215911999
19.75987987987988,0.10691922414341509,0.10691363435907793,0.10692472768992735,0.2237717463485091,0.2237434590916746,0.22379942176818848,0.006752691663023005,0.0067521039071904276,0.006753538657785692,0.006752696173745647,0.006752070436776542,0.006753454336356258
19.77988988988989,0.10706074955487181,0.10705510043510172,0.10706632890489685,0.22390221018668194,0.2238736772779067,0.2239303037160214,0.006755889487112124,0.00675529211334818,0.00675674988764257,0.006755893959631714,0.006755258668780345,0.006756655480676054
19.7998998998999,0.10720227469860893,0.10719653745925138,0.10720793036978687,0.22403257731885753,0.22400362344097036,0.22406109167678986,0.006759082630019935,0.006758478839474582,0.006759953588099205,0.006759087064155649,0.0067584433124193545,0.006759855837055353
19.81990990990991,0.10734379953813505,0.1073379706427294,0.10734953204998171,0.22416284808956624,0.22413364695163895,0.22419170941489322,0.006762271092925781,0.006761659871384952,0.006763149219108901,0.0067622754884970274,0.006761625057380893,0.0067630556940528955
19.83991991991992,0.10748532403764716,0.10747940282642147,0.10749113335845975,0.22429302284387212,0.22426357288387644,0.22432208118662206,0.006765454876994544,0.006764835343906266,0.006766340216724264,0.006765459233820967,0.0067648035730059255,0.006766250753476793
19.85992992992993,0.10762684816203046,0.10762083397257176,0.10763273300765096,0.2244231019273731,0.22439336043703326,0.2244523573420439,0.006768633983376637,0.006768006121634235,0.006769529055976748,0.006768638301278112,0.006767975991074006,0.006769437272803074
19.87993993993994,0.10776837187685859,0.10776226404410798,0.10777433274496082,0.22455308568620105,0.22452292895620965,0.22458263668172682,0.0067718084132080076,0.006771171316868558,0.006772717176251738,0.006771812692004654,0.006771141554039783,0.006772619152124741
19.89994994994995,0.10790989514839351,0.10790369300464167,0.10791593253840107,0.22468297446702176,0.22465239916521734,0.22471298182855742,0.006774978167610143,0.006774329212797778,0.0067759006688129465,0.006774982407122315,0.0067743031130314225,0.006775796392644599
19.91995995995996,0.10805141794358546,0.10804512081846773,0.10805753235667452,0.22481276861703478,0.22478177139640423,0.2248433769515333,0.00677814324769006,0.0067774901518062045,0.006779079589946887,0.006778147447738357,0.006777462516707456,0.006778968995551041
19.93996996996997,0.10819294023007307,0.10818655806481878,0.10819913216917493,0.2249424684839735,0.22491102468703103,0.22497347806011148,0.006781303654540312,0.00678064205696785,0.006782253941166269,0.006781307814945576,0.00678061299304001,0.006782136962018039
19.95997997997998,0.10833446197618338,0.10832801955256244,0.10834073194598715,0.2250720744161053,0.225040146761978,0.2251034055470847,0.006784459389238986,0.006783789244626912,0.006785423680174919,0.006784463509822309,0.006783758485346689,0.006785302878731206
19.97998998998999,0.10847598315093154,0.10846947060540121,0.10848233165788691,0.2252015867622313,0.2251691239872542,0.22523324153890364,0.006787610452849708,0.006786931715728666,0.0067885882132150506,0.006787614533432422,0.006786900585077192,0.006788467352560097
20.0,0.10861750372402129,0.10861091577549041,0.10862393127634126,0.2253310058716866,0.22529801643773495,0.22536298324251294,0.006790756846421629,0.006790069471203813,0.00679173842163234,0.006790760886825328,0.006790042209819845,0.006791628694571175
