noise_source,noise_title,nominal_rate_s^-1,nbar,sector,mode,coefficient_per_gate,coefficient_per_rate_s
motional_dephasing,Motional dephasing,18.0,0.01,A,"IX,IY",5.988852042692051e-09,3.327140023717806e-10
motional_dephasing,Motional dephasing,18.0,0.01,A,"IX,IZ",5.601921232378375e-09,3.1121784624324305e-10
motional_dephasing,Motional dephasing,18.0,0.01,A,"IX,XI",1.3750210934910705e-08,7.639006074950392e-10
motional_dephasing,Motional dephasing,18.0,0.01,A,"IX,XX",4.064003621916747e-09,2.2577797899537484e-10
motional_dephasing,Motional dephasing,18.0,0.01,A,"IX,XY",-1.953490027193237e-09,-1.0852722373295762e-10
motional_dephasing,Motional dephasing,18.0,0.01,A,"IX,XZ",-8.316919632645224e-10,-4.620510907025124e-11
motional_dephasing,Motional dephasing,18.0,0.01,A,"IX,YI",6.8199224026145054e-09,3.788845779230281e-10
motional_dephasing,Motional dephasing,18.0,0.01,A,"IX,YX",5.881236656635036e-10,3.267353698130576e-11
motional_dephasing,Motional dephasing,18.0,0.01,A,"IX,YY",-1.303512080053856e-09,-7.241733778076978e-11
motional_dephasing,Motional dephasing,18.0,0.01,A,"IX,YZ",-5.234225132017182e-11,-2.9079028511206566e-12
motional_dephasing,Motional dephasing,18.0,0.01,A,"IX,ZI",2.1226875384702585e-09,1.179270854705699e-10
motional_dephasing,Motional dephasing,18.0,0.01,A,"IX,ZX",-1.2478293670911434e-09,-6.932385372728574e-11
motional_dephasing,Motional dephasing,18.0,0.01,A,"IX,ZY",-1.237574370799983e-09,-6.875413171111017e-11
motional_dephasing,Motional dephasing,18.0,0.01,A,"IX,ZZ",-8.780379955815595e-10,-4.8779888643419976e-11
motional_dephasing,Motional dephasing,18.0,0.01,A,"IY,IZ",-4.2432761873837427e-10,-2.3573756596576347e-11
motional_dephasing,Motional dephasing,18.0,0.01,A,"IY,XI",-6.559714341028153e-09,-3.6442857450156403e-10
motional_dephasing,Motional dephasing,18.0,0.01,A,"IY,XX",2.206036760908513e-09,1.2255759782825074e-10
motional_dephasing,Motional dephasing,18.0,0.01,A,"IY,XY",4.111278094428297e-11,2.2840433857934985e-12
motional_dephasing,Motional dephasing,18.0,0.01,A,"IY,XZ",-6.017477206354382e-10,-3.343042892419101e-11
motional_dephasing,Motional dephasing,18.0,0.01,A,"IY,YI",-4.064986654872362e-11,-2.2583259193735346e-12
motional_dephasing,Motional dephasing,18.0,0.01,A,"IY,YX",-1.1143764140590764e-09,-6.19098007810598e-11
motional_dephasing,Motional dephasing,18.0,0.01,A,"IY,YY",-1.588859569951436e-09,-8.826997610841312e-11
motional_dephasing,Motional dephasing,18.0,0.01,A,"IY,YZ",-9.921382614513156e-10,-5.511879230285087e-11
motional_dephasing,Motional dephasing,18.0,0.01,A,"IY,ZI",-1.434570398633224e-09,-7.969835547962355e-11
motional_dephasing,Motional dephasing,18.0,0.01,A,"IY,ZX",-6.863900773724088e-10,-3.813278207624493e-11
motional_dephasing,Motional dephasing,18.0,0.01,A,"IY,ZY",1.012326528488147e-09,5.624036269378594e-11
motional_dephasing,Motional dephasing,18.0,0.01,A,"IY,ZZ",2.2671898130809563e-09,1.259549896156087e-10
motional_dephasing,Motional dephasing,18.0,0.01,A,"IZ,XI",-3.4523282380871157e-09,-1.9179601322706197e-10
motional_dephasing,Motional dephasing,18.0,0.01,A,"IZ,XX",2.0834140163816966e-09,1.1574522313231647e-10
motional_dephasing,Motional dephasing,18.0,0.01,A,"IZ,XY",-2.725835589146783e-10,-1.514353105081546e-11
motional_dephasing,Motional dephasing,18.0,0.01,A,"IZ,XZ",9.937126828910866e-10,5.5206260160615923e-11
motional_dephasing,Motional dephasing,18.0,0.01,A,"IZ,YI",1.5743697245301094e-09,8.746498469611719e-11
motional_dephasing,Motional dephasing,18.0,0.01,A,"IZ,YX",-1.2898908724769232e-09,-7.166060402649573e-11
motional_dephasing,Motional dephasing,18.0,0.01,A,"IZ,YY",2.588808453887506e-09,1.438226918826392e-10
motional_dephasing,Motional dephasing,18.0,0.01,A,"IZ,YZ",1.1833737135486838e-10,6.574298408603799e-12
motional_dephasing,Motional dephasing,18.0,0.01,A,"IZ,ZI",-7.215508337113615e-10,-4.0086157428408974e-11
motional_dephasing,Motional dephasing,18.0,0.01,A,"IZ,ZX",1.82795473545868e-09,1.0155304085881555e-10
motional_dephasing,Motional dephasing,18.0,0.01,A,"IZ,ZY",-3.6024351610117864e-10,-2.0013528672287703e-11
motional_dephasing,Motional dephasing,18.0,0.01,A,"IZ,ZZ",-1.1737081229066864e-09,-6.520600682814925e-11
motional_dephasing,Motional dephasing,18.0,0.01,A,"XI,XX",-4.7562261573497444e-09,-2.642347865194302e-10
motional_dephasing,Motional dephasing,18.0,0.01,A,"XI,XY",-2.9347908522113352e-09,-1.6304393623396306e-10
motional_dephasing,Motional dephasing,18.0,0.01,A,"XI,XZ",-1.1453706590353922e-09,-6.363170327974402e-11
motional_dephasing,Motional dephasing,18.0,0.01,A,"XI,YI",5.7365271684593354e-09,3.186959538032964e-10
motional_dephasing,Motional dephasing,18.0,0.01,A,"XI,YX",-6.023854481632997e-10,-3.346585823129442e-11
motional_dephasing,Motional dephasing,18.0,0.01,A,"XI,YY",-1.9545445862666036e-09,-1.0858581034814464e-10
motional_dephasing,Motional dephasing,18.0,0.01,A,"XI,YZ",2.2313432121098006e-09,1.239635117838778e-10
motional_dephasing,Motional dephasing,18.0,0.01,A,"XI,ZI",2.859440360282898e-09,1.5885779779349432e-10
motional_dephasing,Motional dephasing,18.0,0.01,A,"XI,ZX",-6.93957083508672e-10,-3.8553171306037337e-11
motional_dephasing,Motional dephasing,18.0,0.01,A,"XI,ZY",-1.9560685038217727e-09,-1.0867047243454293e-10
motional_dephasing,Motional dephasing,18.0,0.01,A,"XI,ZZ",-1.6835735780373155e-09,-9.353186544651753e-11
motional_dephasing,Motional dephasing,18.0,0.01,A,"XX,XY",-7.560480874777498e-10,-4.200267152654165e-11
motional_dephasing,Motional dephasing,18.0,0.01,A,"XX,XZ",-9.987429864214673e-09,-5.54857214678593e-10
motional_dephasing,Motional dephasing,18.0,0.01,A,"XX,YI",-3.3094087857971878e-09,-1.838560436553993e-10
motional_dephasing,Motional dephasing,18.0,0.01,A,"XX,YX",-8.771033346036272e-09,-4.872796303353484e-10
motional_dephasing,Motional dephasing,18.0,0.01,A,"XX,YY",2.0390449195531397e-11,1.1328027330850775e-12
motional_dephasing,Motional dephasing,18.0,0.01,A,"XX,YZ",-7.44804793882945e-09,-4.1378044104608056e-10
motional_dephasing,Motional dephasing,18.0,0.01,A,"XX,ZI",-2.3336921919564845e-09,-1.296495662198047e-10
motional_dephasing,Motional dephasing,18.0,0.01,A,"XX,ZX",-4.334313020125026e-09,-2.407951677847237e-10
motional_dephasing,Motional dephasing,18.0,0.01,A,"XX,ZY",-4.824169609893749e-09,-2.6800942277187493e-10
motional_dephasing,Motional dephasing,18.0,0.01,A,"XX,ZZ",2.889171747068483e-09,1.6050954150380462e-10
motional_dephasing,Motional dephasing,18.0,0.01,A,"XY,XZ",2.468343385151013e-09,1.3713018806394515e-10
motional_dephasing,Motional dephasing,18.0,0.01,A,"XY,YI",7.587154224312223e-12,4.215085680173457e-13
motional_dephasing,Motional dephasing,18.0,0.01,A,"XY,YX",8.576715857565194e-11,4.764842143091775e-12
motional_dephasing,Motional dephasing,18.0,0.01,A,"XY,YY",3.2303256626883284e-09,1.7946253681601823e-10
motional_dephasing,Motional dephasing,18.0,0.01,A,"XY,YZ",1.7176019466467786e-10,9.542233036926548e-12
motional_dephasing,Motional dephasing,18.0,0.01,A,"XY,ZI",1.0473541704526662e-09,5.8186342802925896e-11
motional_dephasing,Motional dephasing,18.0,0.01,A,"XY,ZX",2.1535278068100256e-09,1.196404337116681e-10
motional_dephasing,Motional dephasing,18.0,0.01,A,"XY,ZY",-1.5014756829783708e-09,-8.34153157210206e-11
motional_dephasing,Motional dephasing,18.0,0.01,A,"XY,ZZ",7.515226839277623e-10,4.175126021820902e-11
motional_dephasing,Motional dephasing,18.0,0.01,A,"XZ,YI",8.996700007005108e-10,4.9981666705583935e-11
motional_dephasing,Motional dephasing,18.0,0.01,A,"XZ,YX",-2.7248428683991437e-09,-1.5138015935550798e-10
motional_dephasing,Motional dephasing,18.0,0.01,A,"XZ,YY",-7.680486697380364e-10,-4.266937054100202e-11
motional_dephasing,Motional dephasing,18.0,0.01,A,"XZ,YZ",8.348897001345725e-13,4.638276111858736e-14
motional_dephasing,Motional dephasing,18.0,0.01,A,"XZ,ZI",-2.0835594061548847e-09,-1.1575330034193804e-10
motional_dephasing,Motional dephasing,18.0,0.01,A,"XZ,ZX",5.486039402122722e-10,3.047799667845957e-11
motional_dephasing,Motional dephasing,18.0,0.01,A,"XZ,ZY",2.231211285603449e-09,1.2395618253352494e-10
motional_dephasing,Motional dephasing,18.0,0.01,A,"XZ,ZZ",7.98533357533931e-10,4.436296430744061e-11
motional_dephasing,Motional dephasing,18.0,0.01,A,"YI,YX",-2.131456730886116e-09,-1.1841426282700644e-10
motional_dephasing,Motional dephasing,18.0,0.01,A,"YI,YY",-8.866070014716179e-10,-4.925594452620099e-11
motional_dephasing,Motional dephasing,18.0,0.01,A,"YI,YZ",7.73063282822007e-10,4.294796015677817e-11
motional_dephasing,Motional dephasing,18.0,0.01,A,"YI,ZI",-9.592416449500636e-10,-5.3291202497225756e-11
motional_dephasing,Motional dephasing,18.0,0.01,A,"YI,ZX",1.4326640748578163e-09,7.959244860321201e-11
motional_dephasing,Motional dephasing,18.0,0.01,A,"YI,ZY",-6.446688726960738e-11,-3.5814937372004096e-12
motional_dephasing,Motional dephasing,18.0,0.01,A,"YI,ZZ",6.33107259380812e-10,3.5172625521156223e-11
motional_dephasing,Motional dephasing,18.0,0.01,A,"YX,YY",3.4884717260013354e-09,1.9380398477785197e-10
motional_dephasing,Motional dephasing,18.0,0.01,A,"YX,YZ",-1.6984016852058576e-09,-9.435564917810319e-11
motional_dephasing,Motional dephasing,18.0,0.01,A,"YX,ZI",-2.0618140374474548e-09,-1.1454522430263637e-10
motional_dephasing,Motional dephasing,18.0,0.01,A,"YX,ZX",2.5283869698252756e-10,1.4046594276807086e-11
motional_dephasing,Motional dephasing,18.0,0.01,A,"YX,ZY",1.2136378270751216e-09,6.742432372639564e-11
motional_dephasing,Motional dephasing,18.0,0.01,A,"YX,ZZ",7.447992391097518e-10,4.137773550609732e-11
motional_dephasing,Motional dephasing,18.0,0.01,A,"YY,YZ",-6.51313883991277e-10,-3.618410466618205e-11
motional_dephasing,Motional dephasing,18.0,0.01,A,"YY,ZI",-2.4641907506988644e-09,-1.3689948614993692e-10
motional_dephasing,Motional dephasing,18.0,0.01,A,"YY,ZX",1.2552290595798813e-09,6.973494775443785e-11
motional_dephasing,Motional dephasing,18.0,0.01,A,"YY,ZY",7.480575370932685e-10,4.155875206073714e-11
motional_dephasing,Motional dephasing,18.0,0.01,A,"YY,ZZ",3.640309477208682e-09,2.0223941540048233e-10
motional_dephasing,Motional dephasing,18.0,0.01,A,"YZ,ZI",1.1623916837929176e-09,6.45773157662732e-11
motional_dephasing,Motional dephasing,18.0,0.01,A,"YZ,ZX",-1.1327725888373308e-09,-6.293181049096282e-11
motional_dephasing,Motional dephasing,18.0,0.01,A,"YZ,ZY",-1.3969215196331672e-09,-7.760675109073151e-11
motional_dephasing,Motional dephasing,18.0,0.01,A,"YZ,ZZ",-8.474800187801168e-10,-4.708222326556204e-11
motional_dephasing,Motional dephasing,18.0,0.01,A,"ZI,ZX",-1.4148788395274735e-09,-7.860437997374853e-11
motional_dephasing,Motional dephasing,18.0,0.01,A,"ZI,ZY",-1.3060360802772563e-10,-7.255756001540312e-12
motional_dephasing,Motional dephasing,18.0,0.01,A,"ZI,ZZ",-2.069274204731889e-10,-1.149596780406605e-11
motional_dephasing,Motional dephasing,18.0,0.01,A,"ZX,ZY",-1.2073184302207341e-09,-6.707324612337412e-11
motional_dephasing,Motional dephasing,18.0,0.01,A,"ZX,ZZ",5.02114495516605e-10,2.7895249750922502e-11
motional_dephasing,Motional dephasing,18.0,0.01,A,"ZY,ZZ",-3.457358338487701e-09,-1.9207546324931673e-10
motional_dephasing,Motional dephasing,18.0,0.01,C,"IX,IY",1.7241389914924628e-09,9.578549952735904e-11
motional_dephasing,Motional dephasing,18.0,0.01,C,"IX,IZ",1.9594850491712514e-09,1.0886028050951396e-10
motional_dephasing,Motional dephasing,18.0,0.01,C,"IX,XI",0.00022170283558491986,1.2316824199162214e-05
motional_dephasing,Motional dephasing,18.0,0.01,C,"IX,XX",3.7819956021178535e-09,2.101108667843252e-10
motional_dephasing,Motional dephasing,18.0,0.01,C,"IX,XY",3.1953070369733303e-09,1.7751705760962945e-10
motional_dephasing,Motional dephasing,18.0,0.01,C,"IX,XZ",-5.432358339215967e-09,-3.017976855119982e-10
motional_dephasing,Motional dephasing,18.0,0.01,C,"IX,YI",1.1251774463730844e-09,6.250985813183802e-11
motional_dephasing,Motional dephasing,18.0,0.01,C,"IX,YX",2.4653536718091784e-09,1.3696409287828768e-10
motional_dephasing,Motional dephasing,18.0,0.01,C,"IX,YY",-5.823662026976022e-09,-3.2353677927644566e-10
motional_dephasing,Motional dephasing,18.0,0.01,C,"IX,YZ",5.4077452146640496e-11,3.004302897035583e-12
motional_dephasing,Motional dephasing,18.0,0.01,C,"IX,ZI",-2.4054008791753803e-10,-1.3363338217641002e-11
motional_dephasing,Motional dephasing,18.0,0.01,C,"IX,ZX",-6.479335453125899e-09,-3.599630807292166e-10
motional_dephasing,Motional dephasing,18.0,0.01,C,"IX,ZY",1.066362436498977e-10,5.92423575832765e-12
motional_dephasing,Motional dephasing,18.0,0.01,C,"IX,ZZ",-6.4002080213679425e-09,-3.55567112298219e-10
motional_dephasing,Motional dephasing,18.0,0.01,C,"IY,IZ",-2.0841893900621593e-10,-1.1578829944789774e-11
motional_dephasing,Motional dephasing,18.0,0.01,C,"IY,XI",7.165776129817284e-10,3.98098673878738e-11
motional_dephasing,Motional dephasing,18.0,0.01,C,"IY,XX",1.3867385552069267e-09,7.704103084482926e-11
motional_dephasing,Motional dephasing,18.0,0.01,C,"IY,XY",-2.9202465320712154e-10,-1.6223591844840087e-11
motional_dephasing,Motional dephasing,18.0,0.01,C,"IY,XZ",1.7760755381423284e-09,9.867086323012936e-11
motional_dephasing,Motional dephasing,18.0,0.01,C,"IY,YI",1.0975263202540197e-10,6.097368445855665e-12
motional_dephasing,Motional dephasing,18.0,0.01,C,"IY,YX",2.0169790076101856e-09,1.1205438931167697e-10
motional_dephasing,Motional dephasing,18.0,0.01,C,"IY,YY",1.7188553932230546e-09,9.54919662901697e-11
motional_dephasing,Motional dephasing,18.0,0.01,C,"IY,YZ",-1.5637699857687326e-09,-8.687611032048514e-11
motional_dephasing,Motional dephasing,18.0,0.01,C,"IY,ZI",-2.4837925991029716e-10,-1.3798847772794287e-11
motional_dephasing,Motional dephasing,18.0,0.01,C,"IY,ZX",-4.3219391494714823e-10,-2.4010773052619347e-11
motional_dephasing,Motional dephasing,18.0,0.01,C,"IY,ZY",-1.095096719415271e-09,-6.083870663418172e-11
motional_dephasing,Motional dephasing,18.0,0.01,C,"IY,ZZ",1.830721352221084e-09,1.0170674179006023e-10
motional_dephasing,Motional dephasing,18.0,0.01,C,"IZ,XI",2.473020062490258e-09,1.37390003471681e-10
motional_dephasing,Motional dephasing,18.0,0.01,C,"IZ,XX",2.8223846715590082e-09,1.567991484199449e-10
motional_dephasing,Motional dephasing,18.0,0.01,C,"IZ,XY",2.4066359297645634e-10,1.3370199609803131e-11
motional_dephasing,Motional dephasing,18.0,0.01,C,"IZ,XZ",-1.5165854171857606e-09,-8.425474539920893e-11
motional_dephasing,Motional dephasing,18.0,0.01,C,"IZ,YI",-2.9251677274687007e-10,-1.625093181927056e-11
motional_dephasing,Motional dephasing,18.0,0.01,C,"IZ,YX",-1.6231193259858254e-09,-9.017329588810141e-11
motional_dephasing,Motional dephasing,18.0,0.01,C,"IZ,YY",-7.853562461782187e-10,-4.3630902565456595e-11
motional_dephasing,Motional dephasing,18.0,0.01,C,"IZ,YZ",1.2236716458737186e-10,6.798175810409547e-12
motional_dephasing,Motional dephasing,18.0,0.01,C,"IZ,ZI",3.6839803169305425e-10,2.0466557316280793e-11
motional_dephasing,Motional dephasing,18.0,0.01,C,"IZ,ZX",-6.968202070889665e-10,-3.8712233727164807e-11
motional_dephasing,Motional dephasing,18.0,0.01,C,"IZ,ZY",-3.635153110191105e-11,-2.019529505661725e-12
motional_dephasing,Motional dephasing,18.0,0.01,C,"IZ,ZZ",-1.2747398562616634e-09,-7.081888090342575e-11
motional_dephasing,Motional dephasing,18.0,0.01,C,"XI,XX",-2.3870529217039947e-09,-1.3261405120577748e-10
motional_dephasing,Motional dephasing,18.0,0.01,C,"XI,XY",5.182248038343608e-09,2.8790266879686716e-10
motional_dephasing,Motional dephasing,18.0,0.01,C,"XI,XZ",-6.955443431123255e-09,-3.8641352395129194e-10
motional_dephasing,Motional dephasing,18.0,0.01,C,"XI,YI",1.2804058019314231e-09,7.113365566285684e-11
motional_dephasing,Motional dephasing,18.0,0.01,C,"XI,YX",3.1501295206223627e-10,1.7500719559013126e-11
motional_dephasing,Motional dephasing,18.0,0.01,C,"XI,YY",-6.5031375739012436e-09,-3.612854207722913e-10
motional_dephasing,Motional dephasing,18.0,0.01,C,"XI,YZ",-3.8940434396912266e-11,-2.163357466495126e-12
motional_dephasing,Motional dephasing,18.0,0.01,C,"XI,ZI",-5.247762429802484e-10,-2.915423572112491e-11
motional_dephasing,Motional dephasing,18.0,0.01,C,"XI,ZX",-5.902506880475385e-09,-3.2791704891529917e-10
motional_dephasing,Motional dephasing,18.0,0.01,C,"XI,ZY",-1.2053442956843607e-10,-6.696357198246449e-12
motional_dephasing,Motional dephasing,18.0,0.01,C,"XI,ZZ",-6.3033057003575464e-09,-3.501836500198637e-10
motional_dephasing,Motional dephasing,18.0,0.01,C,"XX,XY",-8.187227578085865e-11,-4.548459765603258e-12
motional_dephasing,Motional dephasing,18.0,0.01,C,"XX,XZ",2.4335709788052817e-09,1.3519838771140453e-10
motional_dephasing,Motional dephasing,18.0,0.01,C,"XX,YI",1.5373773988154822e-09,8.540985548974901e-11
motional_dephasing,Motional dephasing,18.0,0.01,C,"XX,YX",-4.8285446959094275e-11,-2.682524831060793e-12
motional_dephasing,Motional dephasing,18.0,0.01,C,"XX,YY",1.2079773516053695e-08,6.710985286696497e-10
motional_dephasing,Motional dephasing,18.0,0.01,C,"XX,YZ",-1.304943336488821e-09,-7.249685202715673e-11
motional_dephasing,Motional dephasing,18.0,0.01,C,"XX,ZI",4.598760405904548e-09,2.5548668921691934e-10
motional_dephasing,Motional dephasing,18.0,0.01,C,"XX,ZX",-3.348289920018097e-09,-1.8601610666767205e-10
motional_dephasing,Motional dephasing,18.0,0.01,C,"XX,ZY",-1.894135057419701e-09,-1.052297254122056e-10
motional_dephasing,Motional dephasing,18.0,0.01,C,"XX,ZZ",-5.60199598337483e-10,-3.1122199907637945e-11
motional_dephasing,Motional dephasing,18.0,0.01,C,"XY,XZ",-1.3404620370745866e-09,-7.447011317081036e-11
motional_dephasing,Motional dephasing,18.0,0.01,C,"XY,YI",1.7157043334809578e-09,9.531690741560877e-11
motional_dephasing,Motional dephasing,18.0,0.01,C,"XY,YX",-3.831359139227944e-09,-2.1285328551266353e-10
motional_dephasing,Motional dephasing,18.0,0.01,C,"XY,YY",6.020617705395248e-10,3.3447876141084714e-11
motional_dephasing,Motional dephasing,18.0,0.01,C,"XY,YZ",1.815502068430192e-09,1.0086122602389956e-10
motional_dephasing,Motional dephasing,18.0,0.01,C,"XY,ZI",-1.2916159396110442e-09,-7.175644108950245e-11
motional_dephasing,Motional dephasing,18.0,0.01,C,"XY,ZX",2.363084131650079e-09,1.3128245175833772e-10
motional_dephasing,Motional dephasing,18.0,0.01,C,"XY,ZY",1.6944108087221034e-09,9.413393381789464e-11
motional_dephasing,Motional dephasing,18.0,0.01,C,"XY,ZZ",-4.274862944889988e-09,-2.3749238582722156e-10
motional_dephasing,Motional dephasing,18.0,0.01,C,"XZ,YI",9.320976464121851e-11,5.178320257845473e-12
motional_dephasing,Motional dephasing,18.0,0.01,C,"XZ,YX",7.93688680803259e-10,4.4093815600181054e-11
motional_dephasing,Motional dephasing,18.0,0.01,C,"XZ,YY",1.10673119116218e-09,6.148506617567666e-11
motional_dephasing,Motional dephasing,18.0,0.01,C,"XZ,YZ",-1.115529745394969e-09,-6.197387474416494e-11
motional_dephasing,Motional dephasing,18.0,0.01,C,"XZ,ZI",-4.059658457525048e-10,-2.255365809736138e-11
motional_dephasing,Motional dephasing,18.0,0.01,C,"XZ,ZX",-9.166925563433939e-10,-5.0927364241299663e-11
motional_dephasing,Motional dephasing,18.0,0.01,C,"XZ,ZY",-1.7097041577295068e-09,-9.498356431830593e-11
motional_dephasing,Motional dephasing,18.0,0.01,C,"XZ,ZZ",1.325844683402513e-09,7.365803796680628e-11
motional_dephasing,Motional dephasing,18.0,0.01,C,"YI,YX",1.3790701790813897e-12,7.66150099489661e-14
motional_dephasing,Motional dephasing,18.0,0.01,C,"YI,YY",3.582678935903484e-10,1.9903771866130466e-11
motional_dephasing,Motional dephasing,18.0,0.01,C,"YI,YZ",-4.3825672596635177e-10,-2.4347595887019543e-11
motional_dephasing,Motional dephasing,18.0,0.01,C,"YI,ZI",-7.768116833269336e-10,-4.315620462927409e-11
motional_dephasing,Motional dephasing,18.0,0.01,C,"YI,ZX",-8.055438193592665e-10,-4.4752434408848135e-11
motional_dephasing,Motional dephasing,18.0,0.01,C,"YI,ZY",-6.133860060809243e-10,-3.407700033782913e-11
motional_dephasing,Motional dephasing,18.0,0.01,C,"YI,ZZ",6.819652047227812e-10,3.7886955817932285e-11
motional_dephasing,Motional dephasing,18.0,0.01,C,"YX,YY",3.585100699414198e-10,1.9917226107856654e-11
motional_dephasing,Motional dephasing,18.0,0.01,C,"YX,YZ",1.2687051901506674e-09,7.048362167503708e-11
motional_dephasing,Motional dephasing,18.0,0.01,C,"YX,ZI",-4.891488644463096e-10,-2.7174936913683866e-11
motional_dephasing,Motional dephasing,18.0,0.01,C,"YX,ZX",-1.3725661859244924e-09,-7.625367699580514e-11
motional_dephasing,Motional dephasing,18.0,0.01,C,"YX,ZY",1.207518908570687e-09,6.708438380948261e-11
motional_dephasing,Motional dephasing,18.0,0.01,C,"YX,ZZ",-2.7651153082170784e-09,-1.5361751712317103e-10
motional_dephasing,Motional dephasing,18.0,0.01,C,"YY,YZ",-1.9358237386861015e-09,-1.0754576326033898e-10
motional_dephasing,Motional dephasing,18.0,0.01,C,"YY,ZI",-2.878933215380071e-10,-1.599407341877817e-11
motional_dephasing,Motional dephasing,18.0,0.01,C,"YY,ZX",-3.504222305625158e-10,-1.9467901697917546e-11
motional_dephasing,Motional dephasing,18.0,0.01,C,"YY,ZY",-3.526033457937204e-09,-1.95890747663178e-10
motional_dephasing,Motional dephasing,18.0,0.01,C,"YY,ZZ",1.496909875899424e-09,8.316165977219022e-11
motional_dephasing,Motional dephasing,18.0,0.01,C,"YZ,ZI",3.1076103636150664e-10,1.72645020200837e-11
motional_dephasing,Motional dephasing,18.0,0.01,C,"YZ,ZX",5.286817460604068e-10,2.937120811446704e-11
motional_dephasing,Motional dephasing,18.0,0.01,C,"YZ,ZY",1.0696244029045703e-09,5.94235779391428e-11
motional_dephasing,Motional dephasing,18.0,0.01,C,"YZ,ZZ",-1.9800623394974497e-09,-1.1000346330541387e-10
motional_dephasing,Motional dephasing,18.0,0.01,C,"ZI,ZX",3.9152310663752457e-10,2.17512837020847e-11
motional_dephasing,Motional dephasing,18.0,0.01,C,"ZI,ZY",-4.29611326434616e-10,-2.386729591303422e-11
motional_dephasing,Motional dephasing,18.0,0.01,C,"ZI,ZZ",-6.779079835876902e-10,-3.766155464376057e-11
motional_dephasing,Motional dephasing,18.0,0.01,C,"ZX,ZY",-1.6917841314595876e-09,-9.398800730331043e-11
motional_dephasing,Motional dephasing,18.0,0.01,C,"ZX,ZZ",1.2659425949383008e-09,7.033014416323893e-11
motional_dephasing,Motional dephasing,18.0,0.01,C,"ZY,ZZ",-8.906008082940184e-10,-4.947782268300102e-11
motional_dephasing,Motional dephasing,18.0,0.01,H,IX,-4.756730776436916e-09,-2.64262820913162e-10
motional_dephasing,Motional dephasing,18.0,0.01,H,IY,-2.5581850365256955e-09,-1.4212139091809418e-10
motional_dephasing,Motional dephasing,18.0,0.01,H,IZ,-4.3452971728464806e-11,-2.4140539849147113e-12
motional_dephasing,Motional dephasing,18.0,0.01,H,XI,4.092345285812303e-09,2.2735251587846127e-10
motional_dephasing,Motional dephasing,18.0,0.01,H,XX,-8.215065135471236e-06,-4.5639250752617974e-07
motional_dephasing,Motional dephasing,18.0,0.01,H,XY,-2.9080737958104616e-09,-1.6155965532280343e-10
motional_dephasing,Motional dephasing,18.0,0.01,H,XZ,1.4316359246788949e-09,7.953532914882749e-11
motional_dephasing,Motional dephasing,18.0,0.01,H,YI,3.261326209239768e-09,1.8118478940220932e-10
motional_dephasing,Motional dephasing,18.0,0.01,H,YX,-4.730873667844895e-09,-2.6282631488027195e-10
motional_dephasing,Motional dephasing,18.0,0.01,H,YY,2.9104989250399035e-09,1.6169438472443908e-10
motional_dephasing,Motional dephasing,18.0,0.01,H,YZ,5.010015008555282e-09,2.783341671419601e-10
motional_dephasing,Motional dephasing,18.0,0.01,H,ZI,-8.854395598779099e-11,-4.919108665988388e-12
motional_dephasing,Motional dephasing,18.0,0.01,H,ZX,1.5557490530297275e-09,8.643050294609597e-11
motional_dephasing,Motional dephasing,18.0,0.01,H,ZY,7.696913405981798e-09,4.276063003323221e-10
motional_dephasing,Motional dephasing,18.0,0.01,H,ZZ,-1.805503493001364e-15,-1.003057496111869e-16
motional_dephasing,Motional dephasing,18.0,0.01,S,IX,0.00022170394046858497,1.2316885581588054e-05
motional_dephasing,Motional dephasing,18.0,0.01,S,IY,5.922361396865777e-10,3.290200776036543e-11
motional_dephasing,Motional dephasing,18.0,0.01,S,IZ,6.941295289611014e-10,3.856275160895008e-11
motional_dephasing,Motional dephasing,18.0,0.01,S,XI,0.00022170242619642217,1.2316801455356787e-05
motional_dephasing,Motional dephasing,18.0,0.01,S,XX,0.00016131211799942218,8.961784333301233e-06
motional_dephasing,Motional dephasing,18.0,0.01,S,XY,-4.884396042058878e-10,-2.7135533566993768e-11
motional_dephasing,Motional dephasing,18.0,0.01,S,XZ,5.328117907001193e-10,2.9600655038895515e-11
motional_dephasing,Motional dephasing,18.0,0.01,S,YI,-8.641661090056166e-12,-4.800922827808981e-13
motional_dephasing,Motional dephasing,18.0,0.01,S,YX,4.5501055092494243e-10,2.527836394027458e-11
motional_dephasing,Motional dephasing,18.0,0.01,S,YY,3.3939462275610127e-09,1.8855256819783404e-10
motional_dephasing,Motional dephasing,18.0,0.01,S,YZ,1.5883849100508394e-09,8.824360611393552e-11
motional_dephasing,Motional dephasing,18.0,0.01,S,ZI,1.411390371389772e-09,7.841057618832067e-11
motional_dephasing,Motional dephasing,18.0,0.01,S,ZX,7.869780865913761e-10,4.372100481063201e-11
motional_dephasing,Motional dephasing,18.0,0.01,S,ZY,1.9240052156965987e-09,1.0688917864981104e-10
motional_dephasing,Motional dephasing,18.0,0.01,S,ZZ,4.500306429649593e-09,2.5001702386942186e-10
motional_dephasing,Motional dephasing,18.0,1.0,A,"IX,IY",-4.8804651948531415e-09,-2.71136955269619e-10
motional_dephasing,Motional dephasing,18.0,1.0,A,"IX,IZ",3.5403499765557887e-10,1.966861098086549e-11
motional_dephasing,Motional dephasing,18.0,1.0,A,"IX,XI",-6.473509499305807e-09,-3.5963941662810035e-10
motional_dephasing,Motional dephasing,18.0,1.0,A,"IX,XX",-5.098213083288975e-09,-2.8323406018272084e-10
motional_dephasing,Motional dephasing,18.0,1.0,A,"IX,XY",-1.4377596136547407e-10,-7.987553409193004e-12
motional_dephasing,Motional dephasing,18.0,1.0,A,"IX,XZ",3.4646827010598695e-10,1.9248237228110387e-11
motional_dephasing,Motional dephasing,18.0,1.0,A,"IX,YI",-4.52489678800629e-09,-2.5138315488923835e-10
motional_dephasing,Motional dephasing,18.0,1.0,A,"IX,YX",7.664811313776253e-10,4.2582285076534735e-11
motional_dephasing,Motional dephasing,18.0,1.0,A,"IX,YY",-1.730480996903596e-09,-9.613783316131088e-11
motional_dephasing,Motional dephasing,18.0,1.0,A,"IX,YZ",-1.1543565833903563e-09,-6.413092129946423e-11
motional_dephasing,Motional dephasing,18.0,1.0,A,"IX,ZI",6.353984971649106e-11,3.5299916509161697e-12
motional_dephasing,Motional dephasing,18.0,1.0,A,"IX,ZX",-4.1801311581963094e-10,-2.3222950878868384e-11
motional_dephasing,Motional dephasing,18.0,1.0,A,"IX,ZY",1.3603573244038795e-09,7.557540691132664e-11
motional_dephasing,Motional dephasing,18.0,1.0,A,"IX,ZZ",-6.402581309094958e-10,-3.556989616163866e-11
motional_dephasing,Motional dephasing,18.0,1.0,A,"IY,IZ",2.7254111058923714e-09,1.5141172810513175e-10
motional_dephasing,Motional dephasing,18.0,1.0,A,"IY,XI",3.928868858241251e-09,2.1827049212451396e-10
motional_dephasing,Motional dephasing,18.0,1.0,A,"IY,XX",4.310631225585041e-09,2.394795125325023e-10
motional_dephasing,Motional dephasing,18.0,1.0,A,"IY,XY",-3.17876603404157e-09,-1.7659811300230944e-10
motional_dephasing,Motional dephasing,18.0,1.0,A,"IY,XZ",-3.603743788842609e-10,-2.0020798826903382e-11
motional_dephasing,Motional dephasing,18.0,1.0,A,"IY,YI",-1.3271178176082642e-10,-7.372876764490357e-12
motional_dephasing,Motional dephasing,18.0,1.0,A,"IY,YX",1.02496465287788e-09,5.694248071543778e-11
motional_dephasing,Motional dephasing,18.0,1.0,A,"IY,YY",-4.0228102846141823e-10,-2.2348946025634345e-11
motional_dephasing,Motional dephasing,18.0,1.0,A,"IY,YZ",3.237311410233219e-10,1.798506339018455e-11
motional_dephasing,Motional dephasing,18.0,1.0,A,"IY,ZI",1.1347377867495988e-09,6.304098815275549e-11
motional_dephasing,Motional dephasing,18.0,1.0,A,"IY,ZX",8.620213493738333e-11,4.789007496521296e-12
motional_dephasing,Motional dephasing,18.0,1.0,A,"IY,ZY",-7.566523761755762e-10,-4.2036243120865344e-11
motional_dephasing,Motional dephasing,18.0,1.0,A,"IY,ZZ",2.1116457071428156e-09,1.1731365039682308e-10
motional_dephasing,Motional dephasing,18.0,1.0,A,"IZ,XI",6.501773740267115e-10,3.61209652237062e-11
motional_dephasing,Motional dephasing,18.0,1.0,A,"IZ,XX",-7.496653379663682e-11,-4.16480743314649e-12
motional_dephasing,Motional dephasing,18.0,1.0,A,"IZ,XY",-2.413562461326367e-10,-1.3408680340702039e-11
motional_dephasing,Motional dephasing,18.0,1.0,A,"IZ,XZ",-1.38069381332509e-09,-7.670521185139389e-11
motional_dephasing,Motional dephasing,18.0,1.0,A,"IZ,YI",-1.3333122090429127e-10,-7.407290050238404e-12
motional_dephasing,Motional dephasing,18.0,1.0,A,"IZ,YX",-1.7705431641005907e-09,-9.836350911669948e-11
motional_dephasing,Motional dephasing,18.0,1.0,A,"IZ,YY",1.186001944317788e-10,6.5888996906543775e-12
motional_dephasing,Motional dephasing,18.0,1.0,A,"IZ,YZ",8.918839838205145e-10,4.9549110212250806e-11
motional_dephasing,Motional dephasing,18.0,1.0,A,"IZ,ZI",-6.142413857207171e-10,-3.412452142892873e-11
motional_dephasing,Motional dephasing,18.0,1.0,A,"IZ,ZX",-9.650466235024886e-10,-5.361370130569381e-11
motional_dephasing,Motional dephasing,18.0,1.0,A,"IZ,ZY",-3.796605563371482e-10,-2.1092253129841568e-11
motional_dephasing,Motional dephasing,18.0,1.0,A,"IZ,ZZ",1.753883798550888e-09,9.743798880838267e-11
motional_dephasing,Motional dephasing,18.0,1.0,A,"XI,XX",1.8231036293347963e-09,1.0128353496304424e-10
motional_dephasing,Motional dephasing,18.0,1.0,A,"XI,XY",1.5402430642845876e-09,8.556905912692153e-11
motional_dephasing,Motional dephasing,18.0,1.0,A,"XI,XZ",9.135220413174444e-10,5.07512245176358e-11
motional_dephasing,Motional dephasing,18.0,1.0,A,"XI,YI",-3.909584069468176e-09,-2.1719911497045422e-10
motional_dephasing,Motional dephasing,18.0,1.0,A,"XI,YX",9.301092835945851e-10,5.167273797747695e-11
motional_dephasing,Motional dephasing,18.0,1.0,A,"XI,YY",-1.313222998889191e-09,-7.295683327162172e-11
motional_dephasing,Motional dephasing,18.0,1.0,A,"XI,YZ",-1.4365574842858968e-09,-7.980874912699426e-11
motional_dephasing,Motional dephasing,18.0,1.0,A,"XI,ZI",-1.4240516603423639e-09,-7.911398113013132e-11
motional_dephasing,Motional dephasing,18.0,1.0,A,"XI,ZX",3.1340109550212644e-10,1.741117197234036e-11
motional_dephasing,Motional dephasing,18.0,1.0,A,"XI,ZY",1.3732092338401504e-09,7.628940188000836e-11
motional_dephasing,Motional dephasing,18.0,1.0,A,"XI,ZZ",-1.2015162821452058e-10,-6.675090456362254e-12
motional_dephasing,Motional dephasing,18.0,1.0,A,"XX,XY",-2.9361251494276357e-09,-1.6311806385709087e-10
motional_dephasing,Motional dephasing,18.0,1.0,A,"XX,XZ",-1.6798410107480862e-09,-9.33245005971159e-11
motional_dephasing,Motional dephasing,18.0,1.0,A,"XX,YI",-1.1112664542762267e-09,-6.173702523756815e-11
motional_dephasing,Motional dephasing,18.0,1.0,A,"XX,YX",-2.8762417712209143e-09,-1.5979120951227302e-10
motional_dephasing,Motional dephasing,18.0,1.0,A,"XX,YY",-3.679845518278454e-13,-2.0443586212658078e-14
motional_dephasing,Motional dephasing,18.0,1.0,A,"XX,YZ",5.566844107473358e-09,3.0926911708185323e-10
motional_dephasing,Motional dephasing,18.0,1.0,A,"XX,ZI",7.703056038111168e-11,4.279475576728427e-12
motional_dephasing,Motional dephasing,18.0,1.0,A,"XX,ZX",-1.3044587530137253e-10,-7.246993072298474e-12
motional_dephasing,Motional dephasing,18.0,1.0,A,"XX,ZY",2.9044135280721932e-09,1.6135630711512185e-10
motional_dephasing,Motional dephasing,18.0,1.0,A,"XX,ZZ",1.9014517123968702e-09,1.0563620624427057e-10
motional_dephasing,Motional dephasing,18.0,1.0,A,"XY,XZ",2.6503556340913794e-09,1.472419796717433e-10
motional_dephasing,Motional dephasing,18.0,1.0,A,"XY,YI",-1.492213828373715e-09,-8.290076824298417e-11
motional_dephasing,Motional dephasing,18.0,1.0,A,"XY,YX",-5.875735907609091e-10,-3.264297726449495e-11
motional_dephasing,Motional dephasing,18.0,1.0,A,"XY,YY",-8.807527516822508e-11,-4.893070842679171e-12
motional_dephasing,Motional dephasing,18.0,1.0,A,"XY,YZ",-2.5137721772333446e-09,-1.3965400984629692e-10
motional_dephasing,Motional dephasing,18.0,1.0,A,"XY,ZI",2.558607118743205e-09,1.4214483993017806e-10
motional_dephasing,Motional dephasing,18.0,1.0,A,"XY,ZX",-3.107451537127982e-10,-1.726361965071101e-11
motional_dephasing,Motional dephasing,18.0,1.0,A,"XY,ZY",-1.6043508746001897e-09,-8.913060414445499e-11
motional_dephasing,Motional dephasing,18.0,1.0,A,"XY,ZZ",-1.6310659973363283e-09,-9.061477762979602e-11
motional_dephasing,Motional dephasing,18.0,1.0,A,"XZ,YI",-2.774722163475073e-10,-1.5415123130417075e-11
motional_dephasing,Motional dephasing,18.0,1.0,A,"XZ,YX",3.8998127531087756e-10,2.1665626406159865e-11
motional_dephasing,Motional dephasing,18.0,1.0,A,"XZ,YY",-3.095967085299335e-10,-1.719981714055186e-11
motional_dephasing,Motional dephasing,18.0,1.0,A,"XZ,YZ",9.142761836867438e-10,5.079312131593021e-11
motional_dephasing,Motional dephasing,18.0,1.0,A,"XZ,ZI",7.097477412428445e-10,3.9430430069046914e-11
motional_dephasing,Motional dephasing,18.0,1.0,A,"XZ,ZX",-2.465335247204945e-10,-1.3696306928916361e-11
motional_dephasing,Motional dephasing,18.0,1.0,A,"XZ,ZY",-6.762002964620231e-10,-3.756668313677906e-11
motional_dephasing,Motional dephasing,18.0,1.0,A,"XZ,ZZ",3.0121108036828063e-09,1.6733948909348924e-10
motional_dephasing,Motional dephasing,18.0,1.0,A,"YI,YX",-5.702811722030484e-10,-3.16822873446138e-11
motional_dephasing,Motional dephasing,18.0,1.0,A,"YI,YY",-1.1386357642993538e-09,-6.325754246107522e-11
motional_dephasing,Motional dephasing,18.0,1.0,A,"YI,YZ",3.214904025809156e-10,1.786057792116198e-11
motional_dephasing,Motional dephasing,18.0,1.0,A,"YI,ZI",-6.745323657776929e-10,-3.747402032098294e-11
motional_dephasing,Motional dephasing,18.0,1.0,A,"YI,ZX",6.668938244247091e-10,3.704965691248384e-11
motional_dephasing,Motional dephasing,18.0,1.0,A,"YI,ZY",1.3899202569655409e-09,7.721779205364116e-11
motional_dephasing,Motional dephasing,18.0,1.0,A,"YI,ZZ",3.581855531647518e-09,1.9899197398041765e-10
motional_dephasing,Motional dephasing,18.0,1.0,A,"YX,YY",-9.319796222331576e-11,-5.1776645679619865e-12
motional_dephasing,Motional dephasing,18.0,1.0,A,"YX,YZ",-1.868777144113923e-09,-1.0382095245077351e-10
motional_dephasing,Motional dephasing,18.0,1.0,A,"YX,ZI",-4.78722777131485e-10,-2.6595709840638058e-11
motional_dephasing,Motional dephasing,18.0,1.0,A,"YX,ZX",1.0176728182223417e-09,5.65373787901301e-11
motional_dephasing,Motional dephasing,18.0,1.0,A,"YX,ZY",-1.8203811403789269e-09,-1.0113228557660705e-10
motional_dephasing,Motional dephasing,18.0,1.0,A,"YX,ZZ",-1.3545757931209117e-09,-7.525421072893954e-11
motional_dephasing,Motional dephasing,18.0,1.0,A,"YY,YZ",6.810732269343267e-10,3.7837401496351485e-11
motional_dephasing,Motional dephasing,18.0,1.0,A,"YY,ZI",-8.398565968181741e-10,-4.6658699823231894e-11
motional_dephasing,Motional dephasing,18.0,1.0,A,"YY,ZX",1.1725453837349779e-09,6.514141020749877e-11
motional_dephasing,Motional dephasing,18.0,1.0,A,"YY,ZY",2.3826629443799135e-10,1.3237016357666186e-11
motional_dephasing,Motional dephasing,18.0,1.0,A,"YY,ZZ",4.8202694438851635e-09,2.677927468825091e-10
motional_dephasing,Motional dephasing,18.0,1.0,A,"YZ,ZI",-1.6180188039842943e-10,-8.988993355468302e-12
motional_dephasing,Motional dephasing,18.0,1.0,A,"YZ,ZX",1.89568170851584e-10,1.0531565047310222e-11
motional_dephasing,Motional dephasing,18.0,1.0,A,"YZ,ZY",1.699579781643463e-09,9.442109898019239e-11
motional_dephasing,Motional dephasing,18.0,1.0,A,"YZ,ZZ",-2.26079106276822e-09,-1.2559950348712334e-10
motional_dephasing,Motional dephasing,18.0,1.0,A,"ZI,ZX",-4.901690571313026e-11,-2.723161428507237e-12
motional_dephasing,Motional dephasing,18.0,1.0,A,"ZI,ZY",3.11580368210215e-10,1.7310020456123056e-11
motional_dephasing,Motional dephasing,18.0,1.0,A,"ZI,ZZ",1.4132942051009613e-09,7.851634472783118e-11
motional_dephasing,Motional dephasing,18.0,1.0,A,"ZX,ZY",2.2613864896753064e-09,1.2563258275973925e-10
motional_dephasing,Motional dephasing,18.0,1.0,A,"ZX,ZZ",3.0387607579403526e-09,1.6882004210779735e-10
motional_dephasing,Motional dephasing,18.0,1.0,A,"ZY,ZZ",-8.042371796904126e-10,-4.467984331613403e-11
motional_dephasing,Motional dephasing,18.0,1.0,C,"IX,IY",-1.3282201698048734e-09,-7.379000943360408e-11
motional_dephasing,Motional dephasing,18.0,1.0,C,"IX,IZ",-2.8193505483897874e-09,-1.5663058602165486e-10
motional_dephasing,Motional dephasing,18.0,1.0,C,"IX,XI",0.0006374629281116726,3.5414607117315145e-05
motional_dephasing,Motional dephasing,18.0,1.0,C,"IX,XX",-4.621843044354058e-09,-2.567690580196699e-10
motional_dephasing,Motional dephasing,18.0,1.0,C,"IX,XY",-1.4513976454350183e-10,-8.063320252416768e-12
motional_dephasing,Motional dephasing,18.0,1.0,C,"IX,XZ",3.814478749991385e-09,2.1191548611063248e-10
motional_dephasing,Motional dephasing,18.0,1.0,C,"IX,YI",-5.394785125794207e-10,-2.9971028476634484e-11
motional_dephasing,Motional dephasing,18.0,1.0,C,"IX,YX",5.741748547241794e-10,3.1898603040232193e-11
motional_dephasing,Motional dephasing,18.0,1.0,C,"IX,YY",4.155040858297701e-09,2.3083560323876114e-10
motional_dephasing,Motional dephasing,18.0,1.0,C,"IX,YZ",1.4917154392732117e-10,8.287307995962287e-12
motional_dephasing,Motional dephasing,18.0,1.0,C,"IX,ZI",-3.0032957138185758e-09,-1.6684976187880977e-10
motional_dephasing,Motional dephasing,18.0,1.0,C,"IX,ZX",3.3833584008479e-09,1.879643556026611e-10
motional_dephasing,Motional dephasing,18.0,1.0,C,"IX,ZY",-4.287400852477895e-10,-2.3818893624877195e-11
motional_dephasing,Motional dephasing,18.0,1.0,C,"IX,ZZ",4.620250299956875e-09,2.566805722198264e-10
motional_dephasing,Motional dephasing,18.0,1.0,C,"IY,IZ",-2.4186335926456293e-10,-1.3436853292475718e-11
motional_dephasing,Motional dephasing,18.0,1.0,C,"IY,XI",-8.458717376216821e-10,-4.699287431231567e-11
motional_dephasing,Motional dephasing,18.0,1.0,C,"IY,XX",1.6144120440712519e-09,8.968955800395844e-11
motional_dephasing,Motional dephasing,18.0,1.0,C,"IY,XY",-9.62182184301232e-10,-5.3454565794512884e-11
motional_dephasing,Motional dephasing,18.0,1.0,C,"IY,XZ",-7.885803833287107e-10,-4.381002129603948e-11
motional_dephasing,Motional dephasing,18.0,1.0,C,"IY,YI",2.1007283822603685e-09,1.1670713234779825e-10
motional_dephasing,Motional dephasing,18.0,1.0,C,"IY,YX",-1.2646416395040154e-09,-7.025786886133418e-11
motional_dephasing,Motional dephasing,18.0,1.0,C,"IY,YY",2.23379508829774e-09,1.2409972712765224e-10
motional_dephasing,Motional dephasing,18.0,1.0,C,"IY,YZ",1.5903417930269726e-09,8.835232183483181e-11
motional_dephasing,Motional dephasing,18.0,1.0,C,"IY,ZI",1.3292500972515305e-09,7.384722762508503e-11
motional_dephasing,Motional dephasing,18.0,1.0,C,"IY,ZX",1.3592524946324753e-09,7.551402747958196e-11
motional_dephasing,Motional dephasing,18.0,1.0,C,"IY,ZY",-1.054156961451903e-09,-5.856427563621684e-11
motional_dephasing,Motional dephasing,18.0,1.0,C,"IY,ZZ",1.1377231593325359e-10,6.320684218514088e-12
motional_dephasing,Motional dephasing,18.0,1.0,C,"IZ,XI",-1.4422275528201432e-09,-8.01237529344524e-11
motional_dephasing,Motional dephasing,18.0,1.0,C,"IZ,XX",-5.668213976284967e-09,-3.1490077646027597e-10
motional_dephasing,Motional dephasing,18.0,1.0,C,"IZ,XY",3.3154156736869633e-09,1.8418975964927573e-10
motional_dephasing,Motional dephasing,18.0,1.0,C,"IZ,XZ",1.0182754086487822e-09,5.657085603604346e-11
motional_dephasing,Motional dephasing,18.0,1.0,C,"IZ,YI",2.0999408534796163e-09,1.1666338074886757e-10
motional_dephasing,Motional dephasing,18.0,1.0,C,"IZ,YX",-4.946399165412834e-10,-2.747999536340463e-11
motional_dephasing,Motional dephasing,18.0,1.0,C,"IZ,YY",1.7976447945167046e-09,9.986915525092803e-11
motional_dephasing,Motional dephasing,18.0,1.0,C,"IZ,YZ",-3.849166659900939e-09,-2.1384259221671882e-10
motional_dephasing,Motional dephasing,18.0,1.0,C,"IZ,ZI",-3.009038565667432e-09,-1.6716880920374622e-10
motional_dephasing,Motional dephasing,18.0,1.0,C,"IZ,ZX",2.2059447617400464e-09,1.2255248676333592e-10
motional_dephasing,Motional dephasing,18.0,1.0,C,"IZ,ZY",6.979006611098722e-10,3.877225895054845e-11
motional_dephasing,Motional dephasing,18.0,1.0,C,"IZ,ZZ",8.187748918218408e-10,4.548749399010227e-11
motional_dephasing,Motional dephasing,18.0,1.0,C,"XI,XX",-3.919676574129971e-09,-2.177598096738873e-10
motional_dephasing,Motional dephasing,18.0,1.0,C,"XI,XY",-7.464706412682469e-10,-4.147059118156927e-11
motional_dephasing,Motional dephasing,18.0,1.0,C,"XI,XZ",4.268515364676821e-09,2.3713974248204564e-10
motional_dephasing,Motional dephasing,18.0,1.0,C,"XI,YI",-2.6993189718986553e-10,-1.4996216510548084e-11
motional_dephasing,Motional dephasing,18.0,1.0,C,"XI,YX",-1.2778235132039108e-09,-7.099019517799505e-11
motional_dephasing,Motional dephasing,18.0,1.0,C,"XI,YY",4.3161805494139045e-09,2.3978780830077247e-10
motional_dephasing,Motional dephasing,18.0,1.0,C,"XI,YZ",-2.359145700685599e-10,-1.3106365003808883e-11
motional_dephasing,Motional dephasing,18.0,1.0,C,"XI,ZI",-1.8517104256956094e-09,-1.0287280142753385e-10
motional_dephasing,Motional dephasing,18.0,1.0,C,"XI,ZX",5.066719169706869e-09,2.8148439831704826e-10
motional_dephasing,Motional dephasing,18.0,1.0,C,"XI,ZY",5.153500535786688e-10,2.8630558532148266e-11
motional_dephasing,Motional dephasing,18.0,1.0,C,"XI,ZZ",3.729474708072901e-09,2.071930393373834e-10
motional_dephasing,Motional dephasing,18.0,1.0,C,"XX,XY",8.330187049622228e-10,4.627881694234571e-11
motional_dephasing,Motional dephasing,18.0,1.0,C,"XX,XZ",-5.403630392334309e-09,-3.002016884630172e-10
motional_dephasing,Motional dephasing,18.0,1.0,C,"XX,YI",1.0054345192102458e-09,5.58574732894581e-11
motional_dephasing,Motional dephasing,18.0,1.0,C,"XX,YX",3.152141263730692e-10,1.7511895909614955e-11
motional_dephasing,Motional dephasing,18.0,1.0,C,"XX,YY",-8.717490815496314e-09,-4.843050453053508e-10
motional_dephasing,Motional dephasing,18.0,1.0,C,"XX,YZ",-1.0180580587419548e-09,-5.655878104121971e-11
motional_dephasing,Motional dephasing,18.0,1.0,C,"XX,ZI",-4.984659303690738e-09,-2.7692551687170766e-10
motional_dephasing,Motional dephasing,18.0,1.0,C,"XX,ZX",-2.5448056538481566e-09,-1.4137809188045313e-10
motional_dephasing,Motional dephasing,18.0,1.0,C,"XX,ZY",-2.0252378971049734e-09,-1.1251321650583186e-10
motional_dephasing,Motional dephasing,18.0,1.0,C,"XX,ZZ",-1.1455886388483033e-10,-6.364381326935018e-12
motional_dephasing,Motional dephasing,18.0,1.0,C,"XY,XZ",-1.2026986398318842e-09,-6.681659110177134e-11
motional_dephasing,Motional dephasing,18.0,1.0,C,"XY,YI",-2.313178004514021e-09,-1.2850988913966783e-10
motional_dephasing,Motional dephasing,18.0,1.0,C,"XY,YX",2.8351188966353677e-09,1.5750660536863155e-10
motional_dephasing,Motional dephasing,18.0,1.0,C,"XY,YY",-2.2749351970888347e-09,-1.2638528872715748e-10
motional_dephasing,Motional dephasing,18.0,1.0,C,"XY,YZ",5.584136382166412e-11,3.1022979900924514e-12
motional_dephasing,Motional dephasing,18.0,1.0,C,"XY,ZI",2.2851542730413152e-10,1.2695301516896195e-11
motional_dephasing,Motional dephasing,18.0,1.0,C,"XY,ZX",-3.307014263982138e-09,-1.8372301466567433e-10
motional_dephasing,Motional dephasing,18.0,1.0,C,"XY,ZY",2.7172414553357743e-10,1.5095785862976525e-11
motional_dephasing,Motional dephasing,18.0,1.0,C,"XY,ZZ",-8.922610686378503e-11,-4.957005936876946e-12
motional_dephasing,Motional dephasing,18.0,1.0,C,"XZ,YI",2.334683823897855e-09,1.2970465688321416e-10
motional_dephasing,Motional dephasing,18.0,1.0,C,"XZ,YX",-2.0217709709177115e-09,-1.1232060949542842e-10
motional_dephasing,Motional dephasing,18.0,1.0,C,"XZ,YY",2.875734524983888e-09,1.5976302916577155e-10
motional_dephasing,Motional dephasing,18.0,1.0,C,"XZ,YZ",-2.5221430321784107e-10,-1.4011905734324504e-11
motional_dephasing,Motional dephasing,18.0,1.0,C,"XZ,ZI",9.352186674528275e-10,5.195659263626819e-11
motional_dephasing,Motional dephasing,18.0,1.0,C,"XZ,ZX",2.218340699732747e-09,1.232411499851526e-10
motional_dephasing,Motional dephasing,18.0,1.0,C,"XZ,ZY",-1.0738552013355058e-09,-5.965862229641699e-11
motional_dephasing,Motional dephasing,18.0,1.0,C,"XZ,ZZ",3.5302040688824234e-10,1.9612244827124575e-11
motional_dephasing,Motional dephasing,18.0,1.0,C,"YI,YX",-1.6983863204662024e-09,-9.435479558145569e-11
motional_dephasing,Motional dephasing,18.0,1.0,C,"YI,YY",3.791448185716573e-09,2.106360103175874e-10
motional_dephasing,Motional dephasing,18.0,1.0,C,"YI,YZ",-1.7090837327089436e-09,-9.494909626160798e-11
motional_dephasing,Motional dephasing,18.0,1.0,C,"YI,ZI",1.0134556255924722e-09,5.6303090310692905e-11
motional_dephasing,Motional dephasing,18.0,1.0,C,"YI,ZX",2.925871198983224e-09,1.6254839994351246e-10
motional_dephasing,Motional dephasing,18.0,1.0,C,"YI,ZY",-3.53628097475185e-11,-1.9646005415288056e-12
motional_dephasing,Motional dephasing,18.0,1.0,C,"YI,ZZ",8.073118941211573e-10,4.485066078450874e-11
motional_dephasing,Motional dephasing,18.0,1.0,C,"YX,YY",-2.43290850940179e-09,-1.3516158385565498e-10
motional_dephasing,Motional dephasing,18.0,1.0,C,"YX,YZ",2.119140515488708e-09,1.1773002863826156e-10
motional_dephasing,Motional dephasing,18.0,1.0,C,"YX,ZI",2.4162659494114853e-09,1.3423699718952697e-10
motional_dephasing,Motional dephasing,18.0,1.0,C,"YX,ZX",1.1181785834177629e-09,6.212103241209793e-11
motional_dephasing,Motional dephasing,18.0,1.0,C,"YX,ZY",2.4793635881636645e-09,1.3774242156464802e-10
motional_dephasing,Motional dephasing,18.0,1.0,C,"YX,ZZ",-1.4453288515391071e-09,-8.029604730772817e-11
motional_dephasing,Motional dephasing,18.0,1.0,C,"YY,YZ",-1.9248347560109194e-09,-1.0693526422282886e-10
motional_dephasing,Motional dephasing,18.0,1.0,C,"YY,ZI",1.866782678996354e-09,1.0371014883313079e-10
motional_dephasing,Motional dephasing,18.0,1.0,C,"YY,ZX",3.504900897171435e-09,1.9471671650952415e-10
motional_dephasing,Motional dephasing,18.0,1.0,C,"YY,ZY",-1.453862070803376e-09,-8.0770115044632e-11
motional_dephasing,Motional dephasing,18.0,1.0,C,"YY,ZZ",2.821217915858175e-10,1.5673432865878748e-11
motional_dephasing,Motional dephasing,18.0,1.0,C,"YZ,ZI",-1.943552819335566e-10,-1.0797515662975366e-11
motional_dephasing,Motional dephasing,18.0,1.0,C,"YZ,ZX",-2.1875727511452173e-09,-1.2153181950806763e-10
motional_dephasing,Motional dephasing,18.0,1.0,C,"YZ,ZY",1.0264721277825073e-09,5.7026229321250406e-11
motional_dephasing,Motional dephasing,18.0,1.0,C,"YZ,ZZ",-2.629057359556284e-10,-1.4605874219757136e-11
motional_dephasing,Motional dephasing,18.0,1.0,C,"ZI,ZX",-8.036688751593546e-10,-4.4648270842186366e-11
motional_dephasing,Motional dephasing,18.0,1.0,C,"ZI,ZY",-4.2600429693453344e-09,-2.3666905385251856e-10
motional_dephasing,Motional dephasing,18.0,1.0,C,"ZI,ZZ",8.738208901650508e-10,4.854560500916949e-11
motional_dephasing,Motional dephasing,18.0,1.0,C,"ZX,ZY",-8.352762092435437e-10,-4.640423384686354e-11
motional_dephasing,Motional dephasing,18.0,1.0,C,"ZX,ZZ",1.6902887405589836e-09,9.390493003105464e-11
motional_dephasing,Motional dephasing,18.0,1.0,C,"ZY,ZZ",-5.906845571499309e-10,-3.281580873055172e-11
motional_dephasing,Motional dephasing,18.0,1.0,H,IX,5.896878259095765e-10,3.276043477275425e-11
motional_dephasing,Motional dephasing,18.0,1.0,H,IY,5.405526816166684e-09,3.0030704534259354e-10
motional_dephasing,Motional dephasing,18.0,1.0,H,IZ,-2.7848522021927063e-10,-1.5471401123292812e-11
motional_dephasing,Motional dephasing,18.0,1.0,H,XI,-6.3319276411164485e-09,-3.517737578398027e-10
motional_dephasing,Motional dephasing,18.0,1.0,H,XX,-4.098815962873692e-05,-2.2771199793742733e-06
motional_dephasing,Motional dephasing,18.0,1.0,H,XY,5.669887772678088e-09,3.149937651487827e-10
motional_dephasing,Motional dephasing,18.0,1.0,H,XZ,5.032129269497291e-10,2.7956273719429394e-11
motional_dephasing,Motional dephasing,18.0,1.0,H,YI,2.5181605391537506e-09,1.3989780773076393e-10
motional_dephasing,Motional dephasing,18.0,1.0,H,YX,4.957869265659718e-09,2.754371814255399e-10
motional_dephasing,Motional dephasing,18.0,1.0,H,YY,1.9020285546439676e-09,1.0566825303577598e-10
motional_dephasing,Motional dephasing,18.0,1.0,H,YZ,-2.843844965300926e-09,-1.5799138696116255e-10
motional_dephasing,Motional dephasing,18.0,1.0,H,ZI,1.9255862438000417e-10,1.0697701354444676e-11
motional_dephasing,Motional dephasing,18.0,1.0,H,ZX,8.830022813851216e-10,4.905568229917342e-11
motional_dephasing,Motional dephasing,18.0,1.0,H,ZY,-5.506254986217242e-09,-3.0590305478984676e-10
motional_dephasing,Motional dephasing,18.0,1.0,H,ZZ,-1.01657636034009e-15,-5.647646446333834e-17
motional_dephasing,Motional dephasing,18.0,1.0,S,IX,0.0006374590041953159,3.5414389121962e-05
motional_dephasing,Motional dephasing,18.0,1.0,S,IY,-1.2431987611669776e-09,-6.906659784260986e-11
motional_dephasing,Motional dephasing,18.0,1.0,S,IZ,1.0505869286504821e-10,5.836594048058234e-12
motional_dephasing,Motional dephasing,18.0,1.0,S,XI,0.0006374656525959823,3.541475847755457e-05
motional_dephasing,Motional dephasing,18.0,1.0,S,XX,0.00015552512451406112,8.640284695225618e-06
motional_dephasing,Motional dephasing,18.0,1.0,S,XY,-2.594772592265631e-09,-1.4415403290364616e-10
motional_dephasing,Motional dephasing,18.0,1.0,S,XZ,4.505721006665747e-10,2.503178337036526e-11
motional_dephasing,Motional dephasing,18.0,1.0,S,YI,2.922719783424524e-09,1.6237332130136245e-10
motional_dephasing,Motional dephasing,18.0,1.0,S,YX,-2.1318748505351655e-09,-1.1843749169639807e-10
motional_dephasing,Motional dephasing,18.0,1.0,S,YY,4.682492854666143e-09,2.6013849192589685e-10
motional_dephasing,Motional dephasing,18.0,1.0,S,YZ,4.312119657385368e-09,2.39562203188076e-10
motional_dephasing,Motional dephasing,18.0,1.0,S,ZI,-3.7522903543801747e-10,-2.0846057524334303e-11
motional_dephasing,Motional dephasing,18.0,1.0,S,ZX,1.1055770836378175e-09,6.142094909098986e-11
motional_dephasing,Motional dephasing,18.0,1.0,S,ZY,3.924461340839051e-09,2.1802563004661392e-10
motional_dephasing,Motional dephasing,18.0,1.0,S,ZZ,5.261768723238225e-09,2.923204846243458e-10
motional_dephasing,Motional dephasing,18.0,2.0,A,"IX,IY",9.00345369790121e-09,5.001918721056227e-10
motional_dephasing,Motional dephasing,18.0,2.0,A,"IX,IZ",-2.467627723427758e-09,-1.370904290793199e-10
motional_dephasing,Motional dephasing,18.0,2.0,A,"IX,XI",1.1218883600726766e-08,6.23271311151487e-10
motional_dephasing,Motional dephasing,18.0,2.0,A,"IX,XX",3.8129033155207395e-09,2.118279619733744e-10
motional_dephasing,Motional dephasing,18.0,2.0,A,"IX,XY",-5.51623685922234e-09,-3.0645760329012997e-10
motional_dephasing,Motional dephasing,18.0,2.0,A,"IX,XZ",9.207040217445254e-10,5.115022343025141e-11
motional_dephasing,Motional dephasing,18.0,2.0,A,"IX,YI",8.514870787404923e-09,4.730483770780513e-10
motional_dephasing,Motional dephasing,18.0,2.0,A,"IX,YX",-4.740915625268369e-09,-2.6338420140379826e-10
motional_dephasing,Motional dephasing,18.0,2.0,A,"IX,YY",-2.471845471568108e-09,-1.3732474842045045e-10
motional_dephasing,Motional dephasing,18.0,2.0,A,"IX,YZ",6.882643347470525e-09,3.823690748594736e-10
motional_dephasing,Motional dephasing,18.0,2.0,A,"IX,ZI",-2.3249688936566196e-09,-1.2916493853647886e-10
motional_dephasing,Motional dephasing,18.0,2.0,A,"IX,ZX",-1.577660087657891e-09,-8.76477826476606e-11
motional_dephasing,Motional dephasing,18.0,2.0,A,"IX,ZY",-7.046626002218342e-09,-3.9147922234546346e-10
motional_dephasing,Motional dephasing,18.0,2.0,A,"IX,ZZ",-1.6400862552609968e-09,-9.111590307005538e-11
motional_dephasing,Motional dephasing,18.0,2.0,A,"IY,IZ",-9.119127945862357e-10,-5.066182192145754e-11
motional_dephasing,Motional dephasing,18.0,2.0,A,"IY,XI",-7.845892055143296e-09,-4.358828919524053e-10
motional_dephasing,Motional dephasing,18.0,2.0,A,"IY,XX",5.36870811366789e-09,2.9826156187043836e-10
motional_dephasing,Motional dephasing,18.0,2.0,A,"IY,XY",4.132853159013438e-10,2.2960295327852435e-11
motional_dephasing,Motional dephasing,18.0,2.0,A,"IY,XZ",1.2739994559524473e-09,7.077774755291374e-11
motional_dephasing,Motional dephasing,18.0,2.0,A,"IY,YI",3.4183118522650064e-09,1.8990621401472257e-10
motional_dephasing,Motional dephasing,18.0,2.0,A,"IY,YX",-4.04459624865483e-10,-2.2469979159193502e-11
motional_dephasing,Motional dephasing,18.0,2.0,A,"IY,YY",2.8666390751847033e-09,1.5925772639915018e-10
motional_dephasing,Motional dephasing,18.0,2.0,A,"IY,YZ",2.1669412482732563e-09,1.2038562490406978e-10
motional_dephasing,Motional dephasing,18.0,2.0,A,"IY,ZI",-5.302344515014384e-09,-2.9457469527857693e-10
motional_dephasing,Motional dephasing,18.0,2.0,A,"IY,ZX",5.243191380592462e-09,2.9128841003291453e-10
motional_dephasing,Motional dephasing,18.0,2.0,A,"IY,ZY",2.143040723032318e-09,1.190578179462399e-10
motional_dephasing,Motional dephasing,18.0,2.0,A,"IY,ZZ",5.678492545766919e-10,3.1547180809816215e-11
motional_dephasing,Motional dephasing,18.0,2.0,A,"IZ,XI",2.3101219750708014e-09,1.2834010972615562e-10
motional_dephasing,Motional dephasing,18.0,2.0,A,"IZ,XX",-1.9044643693847618e-09,-1.058035760769312e-10
motional_dephasing,Motional dephasing,18.0,2.0,A,"IZ,XY",3.930235441566496e-10,2.183464134203609e-11
motional_dephasing,Motional dephasing,18.0,2.0,A,"IZ,XZ",3.2265362730291797e-09,1.7925201516828776e-10
motional_dephasing,Motional dephasing,18.0,2.0,A,"IZ,YI",1.589404047966587e-09,8.83002248870326e-11
motional_dephasing,Motional dephasing,18.0,2.0,A,"IZ,YX",-7.880699701372903e-12,-4.378166500762724e-13
motional_dephasing,Motional dephasing,18.0,2.0,A,"IZ,YY",2.733953071683263e-09,1.5188628176018128e-10
motional_dephasing,Motional dephasing,18.0,2.0,A,"IZ,YZ",-1.4785636356257531e-09,-8.214242420143072e-11
motional_dephasing,Motional dephasing,18.0,2.0,A,"IZ,ZI",6.001979845966749e-10,3.334433247759305e-11
motional_dephasing,Motional dephasing,18.0,2.0,A,"IZ,ZX",2.778327267899194e-09,1.5435151488328856e-10
motional_dephasing,Motional dephasing,18.0,2.0,A,"IZ,ZY",1.841614917883965e-09,1.023119398824425e-10
motional_dephasing,Motional dephasing,18.0,2.0,A,"IZ,ZZ",-2.1175991993614364e-09,-1.1764439996452424e-10
motional_dephasing,Motional dephasing,18.0,2.0,A,"XI,XX",-5.010597335437365e-09,-2.783665186354092e-10
motional_dephasing,Motional dephasing,18.0,2.0,A,"XI,XY",-6.275146159954589e-09,-3.4861923110858825e-10
motional_dephasing,Motional dephasing,18.0,2.0,A,"XI,XZ",1.2341045628481974e-10,6.856136460267763e-12
motional_dephasing,Motional dephasing,18.0,2.0,A,"XI,YI",8.688687606194096e-09,4.827048670107831e-10
motional_dephasing,Motional dephasing,18.0,2.0,A,"XI,YX",-3.23458436172086e-09,-1.7969913120671446e-10
motional_dephasing,Motional dephasing,18.0,2.0,A,"XI,YY",-2.189089914747174e-09,-1.21616106374843e-10
motional_dephasing,Motional dephasing,18.0,2.0,A,"XI,YZ",6.35242861551794e-09,3.529127008621078e-10
motional_dephasing,Motional dephasing,18.0,2.0,A,"XI,ZI",-2.6744257322404448e-09,-1.4857920734669138e-10
motional_dephasing,Motional dephasing,18.0,2.0,A,"XI,ZX",-4.389898876556641e-10,-2.4388327091981337e-11
motional_dephasing,Motional dephasing,18.0,2.0,A,"XI,ZY",-6.868863384773742e-09,-3.81603521376319e-10
motional_dephasing,Motional dephasing,18.0,2.0,A,"XI,ZZ",-1.885859483224711e-09,-1.0476997129026173e-10
motional_dephasing,Motional dephasing,18.0,2.0,A,"XX,XY",2.639671832867046e-09,1.4664843515928034e-10
motional_dephasing,Motional dephasing,18.0,2.0,A,"XX,XZ",-2.069922100472317e-09,-1.1499567224846205e-10
motional_dephasing,Motional dephasing,18.0,2.0,A,"XX,YI",2.7716976737289956e-09,1.539832040960553e-10
motional_dephasing,Motional dephasing,18.0,2.0,A,"XX,YX",1.743883822302461e-08,9.688243457235895e-10
motional_dephasing,Motional dephasing,18.0,2.0,A,"XX,YY",-9.595500389292145e-14,-5.330833549606747e-15
motional_dephasing,Motional dephasing,18.0,2.0,A,"XX,YZ",-1.508979314806725e-08,-8.383218415592917e-10
motional_dephasing,Motional dephasing,18.0,2.0,A,"XX,ZI",-2.186100429436373e-10,-1.2145002385757627e-11
motional_dephasing,Motional dephasing,18.0,2.0,A,"XX,ZX",3.6375921560439237e-09,2.0208845311355132e-10
motional_dephasing,Motional dephasing,18.0,2.0,A,"XX,ZY",-1.5145284221123055e-09,-8.414046789512808e-11
motional_dephasing,Motional dephasing,18.0,2.0,A,"XX,ZZ",4.093440974862159e-09,2.2741338749234216e-10
motional_dephasing,Motional dephasing,18.0,2.0,A,"XY,XZ",-2.3289166444349998e-09,-1.2938425802416666e-10
motional_dephasing,Motional dephasing,18.0,2.0,A,"XY,YI",1.1413637342148336e-09,6.340909634526853e-11
motional_dephasing,Motional dephasing,18.0,2.0,A,"XY,YX",1.2955569897600498e-09,7.197538832000278e-11
motional_dephasing,Motional dephasing,18.0,2.0,A,"XY,YY",-2.9310812901130974e-09,-1.6283784945072764e-10
motional_dephasing,Motional dephasing,18.0,2.0,A,"XY,YZ",2.0821670338437216e-09,1.1567594632465121e-10
motional_dephasing,Motional dephasing,18.0,2.0,A,"XY,ZI",-2.654859331647503e-09,-1.4749218509152794e-10
motional_dephasing,Motional dephasing,18.0,2.0,A,"XY,ZX",1.7541151210732556e-10,9.74508400596253e-12
motional_dephasing,Motional dephasing,18.0,2.0,A,"XY,ZY",-1.7261856980555226e-09,-9.589920544752904e-11
motional_dephasing,Motional dephasing,18.0,2.0,A,"XY,ZZ",2.853253255000535e-09,1.5851406972225194e-10
motional_dephasing,Motional dephasing,18.0,2.0,A,"XZ,YI",3.4000035961163706e-09,1.8888908867313171e-10
motional_dephasing,Motional dephasing,18.0,2.0,A,"XZ,YX",-2.545649755234978e-09,-1.4142498640194323e-10
motional_dephasing,Motional dephasing,18.0,2.0,A,"XZ,YY",2.689137830594104e-09,1.493965461441169e-10
motional_dephasing,Motional dephasing,18.0,2.0,A,"XZ,YZ",2.9433014860849994e-09,1.6351674922694442e-10
motional_dephasing,Motional dephasing,18.0,2.0,A,"XZ,ZI",-3.6688986522854976e-09,-2.0382770290474988e-10
motional_dephasing,Motional dephasing,18.0,2.0,A,"XZ,ZX",3.997446294946956e-09,2.220803497192753e-10
motional_dephasing,Motional dephasing,18.0,2.0,A,"XZ,ZY",2.527995797908252e-09,1.4044421099490288e-10
motional_dephasing,Motional dephasing,18.0,2.0,A,"XZ,ZZ",9.048014836996166e-10,5.026674909442314e-11
motional_dephasing,Motional dephasing,18.0,2.0,A,"YI,YX",8.693301265189825e-10,4.8296118139943475e-11
motional_dephasing,Motional dephasing,18.0,2.0,A,"YI,YY",-1.5828513056770435e-09,-8.793618364872464e-11
motional_dephasing,Motional dephasing,18.0,2.0,A,"YI,YZ",1.7864090293279855e-09,9.924494607377697e-11
motional_dephasing,Motional dephasing,18.0,2.0,A,"YI,ZI",-5.457196718495773e-10,-3.031775954719874e-11
motional_dephasing,Motional dephasing,18.0,2.0,A,"YI,ZX",-2.255744607651631e-09,-1.2531914486953506e-10
motional_dephasing,Motional dephasing,18.0,2.0,A,"YI,ZY",-1.8202659186200894e-10,-1.0112588436778275e-11
motional_dephasing,Motional dephasing,18.0,2.0,A,"YI,ZZ",5.477292365335958e-09,3.042940202964421e-10
motional_dephasing,Motional dephasing,18.0,2.0,A,"YX,YY",2.6000728270281792e-09,1.444484903904544e-10
motional_dephasing,Motional dephasing,18.0,2.0,A,"YX,YZ",-3.223449937039691e-09,-1.7908055205776063e-10
motional_dephasing,Motional dephasing,18.0,2.0,A,"YX,ZI",2.182116543719432e-09,1.2122869687330177e-10
motional_dephasing,Motional dephasing,18.0,2.0,A,"YX,ZX",3.763592831824681e-09,2.0908849065692672e-10
motional_dephasing,Motional dephasing,18.0,2.0,A,"YX,ZY",1.7024343520521094e-09,9.457968622511719e-11
motional_dephasing,Motional dephasing,18.0,2.0,A,"YX,ZZ",-1.4450207675521413e-09,-8.027893153067452e-11
motional_dephasing,Motional dephasing,18.0,2.0,A,"YY,YZ",2.2358079868613135e-10,1.2421155482562852e-11
motional_dephasing,Motional dephasing,18.0,2.0,A,"YY,ZI",2.7189444467524458e-09,1.5105246926402476e-10
motional_dephasing,Motional dephasing,18.0,2.0,A,"YY,ZX",1.2017209163957371e-09,6.676227313309651e-11
motional_dephasing,Motional dephasing,18.0,2.0,A,"YY,ZY",6.012107617731323e-10,3.340059787628513e-11
motional_dephasing,Motional dephasing,18.0,2.0,A,"YY,ZZ",-5.08065462307371e-10,-2.8225859017076168e-11
motional_dephasing,Motional dephasing,18.0,2.0,A,"YZ,ZI",-2.0603629311952587e-09,-1.1446460728862548e-10
motional_dephasing,Motional dephasing,18.0,2.0,A,"YZ,ZX",-1.2443965582958025e-09,-6.913314212754458e-11
motional_dephasing,Motional dephasing,18.0,2.0,A,"YZ,ZY",-6.813481609747434e-10,-3.785267560970797e-11
motional_dephasing,Motional dephasing,18.0,2.0,A,"YZ,ZZ",-1.2040865318418274e-10,-6.689369621343486e-12
motional_dephasing,Motional dephasing,18.0,2.0,A,"ZI,ZX",-4.165503693763814e-09,-2.3141687187576744e-10
motional_dephasing,Motional dephasing,18.0,2.0,A,"ZI,ZY",-1.6576165892087765e-09,-9.208981051159869e-11
motional_dephasing,Motional dephasing,18.0,2.0,A,"ZI,ZZ",2.1518563674231866e-09,1.195475759679548e-10
motional_dephasing,Motional dephasing,18.0,2.0,A,"ZX,ZY",9.319661810296893e-10,5.177589894609385e-11
motional_dephasing,Motional dephasing,18.0,2.0,A,"ZX,ZZ",5.94595900251981e-09,3.30331055695545e-10
motional_dephasing,Motional dephasing,18.0,2.0,A,"ZY,ZZ",4.568835121809327e-10,2.538241734338515e-11
motional_dephasing,Motional dephasing,18.0,2.0,C,"IX,IY",6.879372552822477e-10,3.821873640456931e-11
motional_dephasing,Motional dephasing,18.0,2.0,C,"IX,IZ",6.220306412098614e-09,3.45572578449923e-10
motional_dephasing,Motional dephasing,18.0,2.0,C,"IX,XI",0.0010387770187239142,5.770983437355079e-05
motional_dephasing,Motional dephasing,18.0,2.0,C,"IX,XX",4.349668812374414e-09,2.416482673541341e-10
motional_dephasing,Motional dephasing,18.0,2.0,C,"IX,XY",3.1919657419017306e-10,1.773314301056517e-11
motional_dephasing,Motional dephasing,18.0,2.0,C,"IX,XZ",-8.374443807574118e-09,-4.652468781985621e-10
motional_dephasing,Motional dephasing,18.0,2.0,C,"IX,YI",8.657932549374057e-10,4.8099625274300313e-11
motional_dephasing,Motional dephasing,18.0,2.0,C,"IX,YX",-1.0059381800082148e-09,-5.5885454444900824e-11
motional_dephasing,Motional dephasing,18.0,2.0,C,"IX,YY",-7.961897245151663e-09,-4.4232762473064795e-10
motional_dephasing,Motional dephasing,18.0,2.0,C,"IX,YZ",-4.259335081334652e-11,-2.36629726740814e-12
motional_dephasing,Motional dephasing,18.0,2.0,C,"IX,ZI",3.5514928066654443e-09,1.9730515592585803e-10
motional_dephasing,Motional dephasing,18.0,2.0,C,"IX,ZX",-9.118416873793262e-09,-5.065787152107368e-10
motional_dephasing,Motional dephasing,18.0,2.0,C,"IX,ZY",-2.0366186003603608e-10,-1.1314547779779782e-11
motional_dephasing,Motional dephasing,18.0,2.0,C,"IX,ZZ",-9.428771122101941e-09,-5.238206178945523e-10
motional_dephasing,Motional dephasing,18.0,2.0,C,"IY,IZ",-4.602823660217466e-10,-2.55712425567637e-11
motional_dephasing,Motional dephasing,18.0,2.0,C,"IY,XI",-3.983082491496429e-14,-2.212823606386905e-15
motional_dephasing,Motional dephasing,18.0,2.0,C,"IY,XX",1.1907755562665997e-09,6.615419757036665e-11
motional_dephasing,Motional dephasing,18.0,2.0,C,"IY,XY",1.6832159476758014e-09,9.351199709310007e-11
motional_dephasing,Motional dephasing,18.0,2.0,C,"IY,XZ",5.217968228431581e-09,2.898871238017545e-10
motional_dephasing,Motional dephasing,18.0,2.0,C,"IY,YI",-9.968823359303018e-11,-5.538235199612788e-12
motional_dephasing,Motional dephasing,18.0,2.0,C,"IY,YX",-8.829096951984642e-10,-4.90505386221369e-11
motional_dephasing,Motional dephasing,18.0,2.0,C,"IY,YY",2.611000434433334e-09,1.4505557969074077e-10
motional_dephasing,Motional dephasing,18.0,2.0,C,"IY,YZ",-2.656561832910004e-09,-1.475867684950002e-10
motional_dephasing,Motional dephasing,18.0,2.0,C,"IY,ZI",2.017561078163911e-09,1.1208672656466172e-10
motional_dephasing,Motional dephasing,18.0,2.0,C,"IY,ZX",1.3023542024892647e-09,7.235301124940359e-11
motional_dephasing,Motional dephasing,18.0,2.0,C,"IY,ZY",1.546364955258186e-09,8.590916418101034e-11
motional_dephasing,Motional dephasing,18.0,2.0,C,"IY,ZZ",-2.7013225962035606e-09,-1.5007347756686449e-10
motional_dephasing,Motional dephasing,18.0,2.0,C,"IZ,XI",5.1929269444277065e-09,2.884959413570948e-10
motional_dephasing,Motional dephasing,18.0,2.0,C,"IZ,XX",-3.2464578794218037e-09,-1.8035877107898909e-10
motional_dephasing,Motional dephasing,18.0,2.0,C,"IZ,XY",1.1060597531994173e-09,6.144776406663429e-11
motional_dephasing,Motional dephasing,18.0,2.0,C,"IZ,XZ",-6.644354795497372e-10,-3.6913082197207626e-11
motional_dephasing,Motional dephasing,18.0,2.0,C,"IZ,YI",-2.5830900163481524e-09,-1.4350500090823068e-10
motional_dephasing,Motional dephasing,18.0,2.0,C,"IZ,YX",-1.3068290634930157e-09,-7.260161463850087e-11
motional_dephasing,Motional dephasing,18.0,2.0,C,"IZ,YY",-2.1608324315991136e-09,-1.2004624619995076e-10
motional_dephasing,Motional dephasing,18.0,2.0,C,"IZ,YZ",-2.350483092889813e-09,-1.3058239404943405e-10
motional_dephasing,Motional dephasing,18.0,2.0,C,"IZ,ZI",5.6128177229742344e-09,3.118232068319019e-10
motional_dephasing,Motional dephasing,18.0,2.0,C,"IZ,ZX",-4.268720439304402e-09,-2.371511355169112e-10
motional_dephasing,Motional dephasing,18.0,2.0,C,"IZ,ZY",-1.4349717781728409e-09,-7.97206543429356e-11
motional_dephasing,Motional dephasing,18.0,2.0,C,"IZ,ZZ",-7.204100037408176e-10,-4.002277798560098e-11
motional_dephasing,Motional dephasing,18.0,2.0,C,"XI,XX",1.3511978981105036e-08,7.506654989502797e-10
motional_dephasing,Motional dephasing,18.0,2.0,C,"XI,XY",9.657918202091934e-10,5.365510112273297e-11
motional_dephasing,Motional dephasing,18.0,2.0,C,"XI,XZ",-8.75077463656212e-09,-4.861541464756733e-10
motional_dephasing,Motional dephasing,18.0,2.0,C,"XI,YI",2.885620062368396e-09,1.6031222568713312e-10
motional_dephasing,Motional dephasing,18.0,2.0,C,"XI,YX",-2.0258221467423624e-09,-1.1254567481902013e-10
motional_dephasing,Motional dephasing,18.0,2.0,C,"XI,YY",-8.642289163588952e-09,-4.801271757549418e-10
motional_dephasing,Motional dephasing,18.0,2.0,C,"XI,YZ",3.0734076463903626e-10,1.7074486924390904e-11
motional_dephasing,Motional dephasing,18.0,2.0,C,"XI,ZI",4.724684935033034e-09,2.6248249639072414e-10
motional_dephasing,Motional dephasing,18.0,2.0,C,"XI,ZX",-7.684954113055204e-09,-4.269418951697336e-10
motional_dephasing,Motional dephasing,18.0,2.0,C,"XI,ZY",-6.139608080921955e-11,-3.410893378289975e-12
motional_dephasing,Motional dephasing,18.0,2.0,C,"XI,ZZ",-7.975546613511587e-09,-4.4308592297286597e-10
motional_dephasing,Motional dephasing,18.0,2.0,C,"XX,XY",-4.943821618785786e-10,-2.7465675659921033e-11
motional_dephasing,Motional dephasing,18.0,2.0,C,"XX,XZ",6.739981031492596e-09,3.7444339063847756e-10
motional_dephasing,Motional dephasing,18.0,2.0,C,"XX,YI",1.0045929857684668e-09,5.581072143158149e-11
motional_dephasing,Motional dephasing,18.0,2.0,C,"XX,YX",-1.998658396395663e-09,-1.1103657757753684e-10
motional_dephasing,Motional dephasing,18.0,2.0,C,"XX,YY",1.7814085625881708e-08,9.896714236600948e-10
motional_dephasing,Motional dephasing,18.0,2.0,C,"XX,YZ",-4.8751581920112036e-09,-2.708421217784002e-10
motional_dephasing,Motional dephasing,18.0,2.0,C,"XX,ZI",1.8129785653696293e-08,1.0072103140942384e-09
motional_dephasing,Motional dephasing,18.0,2.0,C,"XX,ZX",1.1146511717027763e-08,6.192506509459868e-10
motional_dephasing,Motional dephasing,18.0,2.0,C,"XX,ZY",2.144640817116171e-10,1.1914671206200949e-11
motional_dephasing,Motional dephasing,18.0,2.0,C,"XX,ZZ",1.269583204744115e-09,7.053240026356194e-11
motional_dephasing,Motional dephasing,18.0,2.0,C,"XY,XZ",1.964635999009353e-09,1.091464443894085e-10
motional_dephasing,Motional dephasing,18.0,2.0,C,"XY,YI",3.540992756513734e-09,1.9672181980631857e-10
motional_dephasing,Motional dephasing,18.0,2.0,C,"XY,YX",-1.4560233851552037e-09,-8.089018806417798e-11
motional_dephasing,Motional dephasing,18.0,2.0,C,"XY,YY",2.3332555908855364e-09,1.2962531060475202e-10
motional_dephasing,Motional dephasing,18.0,2.0,C,"XY,YZ",1.7044504693616489e-09,9.469169274231383e-11
motional_dephasing,Motional dephasing,18.0,2.0,C,"XY,ZI",-3.0496464318290387e-09,-1.6942480176827992e-10
motional_dephasing,Motional dephasing,18.0,2.0,C,"XY,ZX",5.161872450399853e-09,2.867706916888807e-10
motional_dephasing,Motional dephasing,18.0,2.0,C,"XY,ZY",1.5454430052544317e-09,8.585794473635732e-11
motional_dephasing,Motional dephasing,18.0,2.0,C,"XY,ZZ",-1.2387476374538822e-10,-6.8819313191882346e-12
motional_dephasing,Motional dephasing,18.0,2.0,C,"XZ,YI",-1.618824416059459e-09,-8.993468978108105e-11
motional_dephasing,Motional dephasing,18.0,2.0,C,"XZ,YX",-3.4660443041664147e-12,-1.9255801689813416e-13
motional_dephasing,Motional dephasing,18.0,2.0,C,"XZ,YY",3.1683441955362773e-09,1.7601912197423764e-10
motional_dephasing,Motional dephasing,18.0,2.0,C,"XZ,YZ",-2.589528526353018e-09,-1.43862695908501e-10
motional_dephasing,Motional dephasing,18.0,2.0,C,"XZ,ZI",-6.13394565401863e-10,-3.4077475855659055e-11
motional_dephasing,Motional dephasing,18.0,2.0,C,"XZ,ZX",5.829848872866144e-12,3.23880492937008e-13
motional_dephasing,Motional dephasing,18.0,2.0,C,"XZ,ZY",1.6655298342005388e-09,9.252943523336327e-11
motional_dephasing,Motional dephasing,18.0,2.0,C,"XZ,ZZ",-2.4863595434659295e-09,-1.381310857481072e-10
motional_dephasing,Motional dephasing,18.0,2.0,C,"YI,YX",3.6774911221958985e-09,2.0430506234421658e-10
motional_dephasing,Motional dephasing,18.0,2.0,C,"YI,YY",-1.3670077736365836e-09,-7.594487631314354e-11
motional_dephasing,Motional dephasing,18.0,2.0,C,"YI,YZ",3.0709178991985903e-09,1.7060654995547724e-10
motional_dephasing,Motional dephasing,18.0,2.0,C,"YI,ZI",-5.924840444883419e-09,-3.2915780249352324e-10
motional_dephasing,Motional dephasing,18.0,2.0,C,"YI,ZX",-4.4221164835030115e-10,-2.4567313797238954e-11
motional_dephasing,Motional dephasing,18.0,2.0,C,"YI,ZY",-9.52626312412569e-10,-5.29236840229205e-11
motional_dephasing,Motional dephasing,18.0,2.0,C,"YI,ZZ",4.3022761105703966e-10,2.3901533947613314e-11
motional_dephasing,Motional dephasing,18.0,2.0,C,"YX,YY",-1.819272510930593e-09,-1.010706950516996e-10
motional_dephasing,Motional dephasing,18.0,2.0,C,"YX,YZ",8.851647405766313e-10,4.9175818920923965e-11
motional_dephasing,Motional dephasing,18.0,2.0,C,"YX,ZI",2.3942590070970786e-09,1.3301438928317102e-10
motional_dephasing,Motional dephasing,18.0,2.0,C,"YX,ZX",1.4575982447252697e-09,8.097768026251499e-11
motional_dephasing,Motional dephasing,18.0,2.0,C,"YX,ZY",2.5636538460445467e-10,1.4242521366914148e-11
motional_dephasing,Motional dephasing,18.0,2.0,C,"YX,ZZ",5.7162763254013965e-09,3.1757090696674425e-10
motional_dephasing,Motional dephasing,18.0,2.0,C,"YY,YZ",-3.222856729442166e-10,-1.7904759608012035e-11
motional_dephasing,Motional dephasing,18.0,2.0,C,"YY,ZI",9.37186732672189e-10,5.206592959289939e-11
motional_dephasing,Motional dephasing,18.0,2.0,C,"YY,ZX",-1.6934092167206339e-09,-9.407828981781299e-11
motional_dephasing,Motional dephasing,18.0,2.0,C,"YY,ZY",3.7477765654998904e-10,2.0820980919443836e-11
motional_dephasing,Motional dephasing,18.0,2.0,C,"YY,ZZ",6.806188539197969e-11,3.781215855109983e-12
motional_dephasing,Motional dephasing,18.0,2.0,C,"YZ,ZI",-5.731276087022174e-10,-3.184042270567874e-11
motional_dephasing,Motional dephasing,18.0,2.0,C,"YZ,ZX",3.219872551842319e-09,1.788818084356844e-10
motional_dephasing,Motional dephasing,18.0,2.0,C,"YZ,ZY",3.781342055881459e-10,2.1007455866008107e-11
motional_dephasing,Motional dephasing,18.0,2.0,C,"YZ,ZZ",5.132998094421743e-10,2.8516656080120792e-11
motional_dephasing,Motional dephasing,18.0,2.0,C,"ZI,ZX",-4.83485782152838e-09,-2.686032123071322e-10
motional_dephasing,Motional dephasing,18.0,2.0,C,"ZI,ZY",-1.6507062781052065e-09,-9.170590433917813e-11
motional_dephasing,Motional dephasing,18.0,2.0,C,"ZI,ZZ",-5.81332258708836e-09,-3.229623659493533e-10
motional_dephasing,Motional dephasing,18.0,2.0,C,"ZX,ZY",-9.779175772113974e-10,-5.432875428952208e-11
motional_dephasing,Motional dephasing,18.0,2.0,C,"ZX,ZZ",1.9218777329484704e-09,1.0677098516380392e-10
motional_dephasing,Motional dephasing,18.0,2.0,C,"ZY,ZZ",-1.984252106375148e-10,-1.1023622813195266e-11
motional_dephasing,Motional dephasing,18.0,2.0,H,IX,-2.1607420470399933e-09,-1.2004122483555518e-10
motional_dephasing,Motional dephasing,18.0,2.0,H,IY,-6.99564693734745e-09,-3.886470520748583e-10
motional_dephasing,Motional dephasing,18.0,2.0,H,IZ,7.579673605161262e-10,4.210929780645146e-11
motional_dephasing,Motional dephasing,18.0,2.0,H,XI,6.662927074553971e-09,3.701626152529984e-10
motional_dephasing,Motional dephasing,18.0,2.0,H,XX,-9.310828112925933e-05,-5.172682284958852e-06
motional_dephasing,Motional dephasing,18.0,2.0,H,XY,2.991254059520964e-09,1.66180781084498e-10
motional_dephasing,Motional dephasing,18.0,2.0,H,XZ,2.443028081652976e-09,1.357237823140542e-10
motional_dephasing,Motional dephasing,18.0,2.0,H,YI,-1.1416294340817704e-08,-6.342385744898725e-10
motional_dephasing,Motional dephasing,18.0,2.0,H,YX,-1.8399688557528904e-08,-1.0222049198627168e-09
motional_dephasing,Motional dephasing,18.0,2.0,H,YY,4.093798270144531e-09,2.274332372302517e-10
motional_dephasing,Motional dephasing,18.0,2.0,H,YZ,1.91447666964341e-09,1.0635981498018944e-10
motional_dephasing,Motional dephasing,18.0,2.0,H,ZI,-4.255073392690855e-10,-2.3639296626060306e-11
motional_dephasing,Motional dephasing,18.0,2.0,H,ZX,2.5767891452187516e-09,1.4315495251215286e-10
motional_dephasing,Motional dephasing,18.0,2.0,H,ZY,1.5490134098685408e-08,8.605630054825227e-10
motional_dephasing,Motional dephasing,18.0,2.0,H,ZZ,-2.05543076997239e-15,-1.1419059833179945e-16
motional_dephasing,Motional dephasing,18.0,2.0,S,IX,0.001038768589086446,5.770936606035812e-05
motional_dephasing,Motional dephasing,18.0,2.0,S,IY,2.858544744443678e-09,1.588080413579821e-10
motional_dephasing,Motional dephasing,18.0,2.0,S,IZ,-1.386171621280477e-10,-7.700953451558206e-12
motional_dephasing,Motional dephasing,18.0,2.0,S,XI,0.001038785241768517,5.771029120936206e-05
motional_dephasing,Motional dephasing,18.0,2.0,S,XX,0.000148668105739339,8.259339207741055e-06
motional_dephasing,Motional dephasing,18.0,2.0,S,XY,-1.0317595372901292e-09,-5.731997429389607e-11
motional_dephasing,Motional dephasing,18.0,2.0,S,XZ,8.064787049413607e-09,4.480437249674226e-10
motional_dephasing,Motional dephasing,18.0,2.0,S,YI,1.892593537347175e-09,1.051440854081764e-10
motional_dephasing,Motional dephasing,18.0,2.0,S,YX,-8.262751377205446e-11,-4.590417431780803e-12
motional_dephasing,Motional dephasing,18.0,2.0,S,YY,2.6493569821707877e-10,1.471864990094882e-11
motional_dephasing,Motional dephasing,18.0,2.0,S,YZ,8.734553512868178e-10,4.85252972937121e-11
motional_dephasing,Motional dephasing,18.0,2.0,S,ZI,-3.152321418654902e-09,-1.7512896770305011e-10
motional_dephasing,Motional dephasing,18.0,2.0,S,ZX,-4.291592175029299e-09,-2.3842178750162773e-10
motional_dephasing,Motional dephasing,18.0,2.0,S,ZY,1.7110714531181053e-10,9.505952517322808e-12
motional_dephasing,Motional dephasing,18.0,2.0,S,ZZ,5.585598206831952e-10,3.1031101149066397e-11
motional_dephasing,Motional dephasing,18.0,3.0,A,"IX,IY",-2.757978143499445e-10,-1.5322100797219138e-11
motional_dephasing,Motional dephasing,18.0,3.0,A,"IX,IZ",-6.301656419220235e-09,-3.5009202329001305e-10
motional_dephasing,Motional dephasing,18.0,3.0,A,"IX,XI",-1.485031863545348e-10,-8.250177019696378e-12
motional_dephasing,Motional dephasing,18.0,3.0,A,"IX,XX",2.775967565235415e-09,1.5422042029085637e-10
motional_dephasing,Motional dephasing,18.0,3.0,A,"IX,XY",2.2726913932913303e-09,1.2626063296062947e-10
motional_dephasing,Motional dephasing,18.0,3.0,A,"IX,XZ",1.0741868340090766e-09,5.967704633383759e-11
motional_dephasing,Motional dephasing,18.0,3.0,A,"IX,YI",2.590816494262392e-10,1.43934249681244e-11
motional_dephasing,Motional dephasing,18.0,3.0,A,"IX,YX",-3.5977039043275154e-09,-1.9987243912930642e-10
motional_dephasing,Motional dephasing,18.0,3.0,A,"IX,YY",-3.1418747575224048e-09,-1.745485976401336e-10
motional_dephasing,Motional dephasing,18.0,3.0,A,"IX,YZ",3.44804078276963e-10,1.9155782126497946e-11
motional_dephasing,Motional dephasing,18.0,3.0,A,"IX,ZI",-2.9521335284116044e-09,-1.6400741824508912e-10
motional_dephasing,Motional dephasing,18.0,3.0,A,"IX,ZX",2.1154041045632916e-09,1.175224502535162e-10
motional_dephasing,Motional dephasing,18.0,3.0,A,"IX,ZY",-2.7584969781881578e-09,-1.5324983212156432e-10
motional_dephasing,Motional dephasing,18.0,3.0,A,"IX,ZZ",-2.9418385400863584e-09,-1.6343547444924214e-10
motional_dephasing,Motional dephasing,18.0,3.0,A,"IY,IZ",-2.074105603923882e-09,-1.1522808910688233e-10
motional_dephasing,Motional dephasing,18.0,3.0,A,"IY,XI",1.2042914307502422e-09,6.690507948612457e-11
motional_dephasing,Motional dephasing,18.0,3.0,A,"IY,XX",-3.3679369814468514e-09,-1.8710761008038065e-10
motional_dephasing,Motional dephasing,18.0,3.0,A,"IY,XY",-2.263902465620984e-09,-1.2577235920116577e-10
motional_dephasing,Motional dephasing,18.0,3.0,A,"IY,XZ",6.861790298288983e-10,3.8121057212716573e-11
motional_dephasing,Motional dephasing,18.0,3.0,A,"IY,YI",-1.3728569592150931e-09,-7.626983106750517e-11
motional_dephasing,Motional dephasing,18.0,3.0,A,"IY,YX",1.3571497471447888e-09,7.539720817471048e-11
motional_dephasing,Motional dephasing,18.0,3.0,A,"IY,YY",-3.677606810573203e-09,-2.0431148947628904e-10
motional_dephasing,Motional dephasing,18.0,3.0,A,"IY,YZ",2.7507477486308853e-09,1.5281931936838253e-10
motional_dephasing,Motional dephasing,18.0,3.0,A,"IY,ZI",1.2192081870872648e-09,6.773378817151471e-11
motional_dephasing,Motional dephasing,18.0,3.0,A,"IY,ZX",-1.0099419461588575e-09,-5.6107885897714304e-11
motional_dephasing,Motional dephasing,18.0,3.0,A,"IY,ZY",-6.270319377671564e-10,-3.483510765373091e-11
motional_dephasing,Motional dephasing,18.0,3.0,A,"IY,ZZ",3.964766515650867e-09,2.2026480642504817e-10
motional_dephasing,Motional dephasing,18.0,3.0,A,"IZ,XI",6.2249680283400325e-09,3.458315571300018e-10
motional_dephasing,Motional dephasing,18.0,3.0,A,"IZ,XX",-3.471428586178264e-10,-1.928571436765702e-11
motional_dephasing,Motional dephasing,18.0,3.0,A,"IZ,XY",-2.574198989819393e-10,-1.4301105498996627e-11
motional_dephasing,Motional dephasing,18.0,3.0,A,"IZ,XZ",3.488478152794013e-10,1.9380434182188963e-11
motional_dephasing,Motional dephasing,18.0,3.0,A,"IZ,YI",1.823911487651465e-10,1.0132841598063695e-11
motional_dephasing,Motional dephasing,18.0,3.0,A,"IZ,YX",-2.358982410351065e-09,-1.3105457835283694e-10
motional_dephasing,Motional dephasing,18.0,3.0,A,"IZ,YY",3.912389443319228e-09,2.1735496907329042e-10
motional_dephasing,Motional dephasing,18.0,3.0,A,"IZ,YZ",-2.4800331564767873e-09,-1.3777961980426596e-10
motional_dephasing,Motional dephasing,18.0,3.0,A,"IZ,ZI",1.2373972386689485e-09,6.87442910371638e-11
motional_dephasing,Motional dephasing,18.0,3.0,A,"IZ,ZX",-6.482139758167284e-10,-3.60118875453738e-11
motional_dephasing,Motional dephasing,18.0,3.0,A,"IZ,ZY",-3.2390855559142256e-09,-1.7994919755079031e-10
motional_dephasing,Motional dephasing,18.0,3.0,A,"IZ,ZZ",1.575073675698085e-09,8.750409309433805e-11
motional_dephasing,Motional dephasing,18.0,3.0,A,"XI,XX",9.282025661167682e-10,5.156680922870934e-11
motional_dephasing,Motional dephasing,18.0,3.0,A,"XI,XY",3.5801109314433166e-09,1.9889505174685093e-10
motional_dephasing,Motional dephasing,18.0,3.0,A,"XI,XZ",-4.976181517429898e-10,-2.7645452874610546e-11
motional_dephasing,Motional dephasing,18.0,3.0,A,"XI,YI",-1.7581016648977235e-09,-9.767231471654019e-11
motional_dephasing,Motional dephasing,18.0,3.0,A,"XI,YX",-2.5731792315018156e-09,-1.4295440175010086e-10
motional_dephasing,Motional dephasing,18.0,3.0,A,"XI,YY",-5.849037819086589e-09,-3.249465455048105e-10
motional_dephasing,Motional dephasing,18.0,3.0,A,"XI,YZ",1.5569183559905637e-09,8.649546422169798e-11
motional_dephasing,Motional dephasing,18.0,3.0,A,"XI,ZI",-1.8346664484636108e-09,-1.0192591380353394e-10
motional_dephasing,Motional dephasing,18.0,3.0,A,"XI,ZX",5.51319208856571e-10,3.062884493647617e-11
motional_dephasing,Motional dephasing,18.0,3.0,A,"XI,ZY",-3.235435474057753e-09,-1.7974641522543074e-10
motional_dephasing,Motional dephasing,18.0,3.0,A,"XI,ZZ",-5.0714466631438665e-09,-2.817470368413259e-10
motional_dephasing,Motional dephasing,18.0,3.0,A,"XX,XY",-4.168895512281347e-09,-2.316053062378526e-10
motional_dephasing,Motional dephasing,18.0,3.0,A,"XX,XZ",2.597915457102566e-09,1.443286365056981e-10
motional_dephasing,Motional dephasing,18.0,3.0,A,"XX,YI",-9.312671075625355e-09,-5.173706153125197e-10
motional_dephasing,Motional dephasing,18.0,3.0,A,"XX,YX",6.327134307344727e-09,3.515074615191515e-10
motional_dephasing,Motional dephasing,18.0,3.0,A,"XX,YY",-1.7082858812582674e-13,-9.490477118101485e-15
motional_dephasing,Motional dephasing,18.0,3.0,A,"XX,YZ",-7.575642424459173e-11,-4.208690235810652e-12
motional_dephasing,Motional dephasing,18.0,3.0,A,"XX,ZI",1.051790561522539e-09,5.843280897347438e-11
motional_dephasing,Motional dephasing,18.0,3.0,A,"XX,ZX",4.075769412539064e-09,2.26431634029948e-10
motional_dephasing,Motional dephasing,18.0,3.0,A,"XX,ZY",3.872356164214898e-09,2.1513089801193877e-10
motional_dephasing,Motional dephasing,18.0,3.0,A,"XX,ZZ",8.502549314981072e-09,4.723638508322817e-10
motional_dephasing,Motional dephasing,18.0,3.0,A,"XY,XZ",2.846229015295566e-09,1.58123834183087e-10
motional_dephasing,Motional dephasing,18.0,3.0,A,"XY,YI",-2.6515096955843573e-09,-1.4730609419913095e-10
motional_dephasing,Motional dephasing,18.0,3.0,A,"XY,YX",2.307208736789723e-09,1.281782631549846e-10
motional_dephasing,Motional dephasing,18.0,3.0,A,"XY,YY",2.544851385522195e-09,1.4138063252901083e-10
motional_dephasing,Motional dephasing,18.0,3.0,A,"XY,YZ",-1.974501692215683e-09,-1.0969453845642684e-10
motional_dephasing,Motional dephasing,18.0,3.0,A,"XY,ZI",3.950188369651581e-09,2.1945490942508782e-10
motional_dephasing,Motional dephasing,18.0,3.0,A,"XY,ZX",-1.8331695435601632e-09,-1.0184275242000907e-10
motional_dephasing,Motional dephasing,18.0,3.0,A,"XY,ZY",-5.821745273654456e-09,-3.234302929808031e-10
motional_dephasing,Motional dephasing,18.0,3.0,A,"XY,ZZ",4.89981013314315e-10,2.722116740635083e-11
motional_dephasing,Motional dephasing,18.0,3.0,A,"XZ,YI",1.6342611762131084e-09,9.079228756739491e-11
motional_dephasing,Motional dephasing,18.0,3.0,A,"XZ,YX",-7.650482462741304e-10,-4.25026803485628e-11
motional_dephasing,Motional dephasing,18.0,3.0,A,"XZ,YY",-1.867984091444836e-09,-1.0377689396915757e-10
motional_dephasing,Motional dephasing,18.0,3.0,A,"XZ,YZ",1.351173311645029e-09,7.506518398027939e-11
motional_dephasing,Motional dephasing,18.0,3.0,A,"XZ,ZI",-2.758516354128396e-09,-1.5325090856268868e-10
motional_dephasing,Motional dephasing,18.0,3.0,A,"XZ,ZX",8.40771093140205e-10,4.6709505174455834e-11
motional_dephasing,Motional dephasing,18.0,3.0,A,"XZ,ZY",2.9522211719998374e-09,1.6401228733332429e-10
motional_dephasing,Motional dephasing,18.0,3.0,A,"XZ,ZZ",1.6413182766233948e-09,9.118434870129972e-11
motional_dephasing,Motional dephasing,18.0,3.0,A,"YI,YX",9.820545045567768e-10,5.4558583586487604e-11
motional_dephasing,Motional dephasing,18.0,3.0,A,"YI,YY",3.10614724417525e-09,1.725637357875139e-10
motional_dephasing,Motional dephasing,18.0,3.0,A,"YI,YZ",-1.7703260322149561e-09,-9.835144623416423e-11
motional_dephasing,Motional dephasing,18.0,3.0,A,"YI,ZI",2.0499074529139278e-09,1.138837473841071e-10
motional_dephasing,Motional dephasing,18.0,3.0,A,"YI,ZX",1.2334596343442639e-11,6.8525535241348e-13
motional_dephasing,Motional dephasing,18.0,3.0,A,"YI,ZY",-4.486896326718158e-09,-2.4927201815100877e-10
motional_dephasing,Motional dephasing,18.0,3.0,A,"YI,ZZ",2.9239517691660426e-09,1.6244176495366903e-10
motional_dephasing,Motional dephasing,18.0,3.0,A,"YX,YY",-1.0718095463986243e-09,-5.954497479992357e-11
motional_dephasing,Motional dephasing,18.0,3.0,A,"YX,YZ",-2.747778748945179e-09,-1.5265437494139884e-10
motional_dephasing,Motional dephasing,18.0,3.0,A,"YX,ZI",-1.2284543347840238e-10,-6.824746304355688e-12
motional_dephasing,Motional dephasing,18.0,3.0,A,"YX,ZX",-1.7239762008602932e-09,-9.577645560334962e-11
motional_dephasing,Motional dephasing,18.0,3.0,A,"YX,ZY",-9.134221966718632e-10,-5.074567759288129e-11
motional_dephasing,Motional dephasing,18.0,3.0,A,"YX,ZZ",3.5350636171723095e-10,1.963924231762394e-11
motional_dephasing,Motional dephasing,18.0,3.0,A,"YY,YZ",4.3775089640318015e-10,2.431949424462112e-11
motional_dephasing,Motional dephasing,18.0,3.0,A,"YY,ZI",5.169469792741911e-09,2.871927662634395e-10
motional_dephasing,Motional dephasing,18.0,3.0,A,"YY,ZX",-4.239310479013242e-09,-2.35517248834069e-10
motional_dephasing,Motional dephasing,18.0,3.0,A,"YY,ZY",-6.64231029375613e-09,-3.6901723854200726e-10
motional_dephasing,Motional dephasing,18.0,3.0,A,"YY,ZZ",1.0967195676506674e-08,6.092886486948152e-10
motional_dephasing,Motional dephasing,18.0,3.0,A,"YZ,ZI",-2.740007249901618e-09,-1.5222262499453433e-10
motional_dephasing,Motional dephasing,18.0,3.0,A,"YZ,ZX",3.6322063096161176e-09,2.0178923942311763e-10
motional_dephasing,Motional dephasing,18.0,3.0,A,"YZ,ZY",2.6996142761569544e-09,1.4997857089760858e-10
motional_dephasing,Motional dephasing,18.0,3.0,A,"YZ,ZZ",-1.710181093068271e-09,-9.501006072601505e-11
motional_dephasing,Motional dephasing,18.0,3.0,A,"ZI,ZX",-2.850465580442024e-09,-1.5835919891344578e-10
motional_dephasing,Motional dephasing,18.0,3.0,A,"ZI,ZY",4.331790999820903e-09,2.406550555456057e-10
motional_dephasing,Motional dephasing,18.0,3.0,A,"ZI,ZZ",-1.0157312054539253e-09,-5.6429511414106966e-11
motional_dephasing,Motional dephasing,18.0,3.0,A,"ZX,ZY",-5.704035826419033e-09,-3.168908792455018e-10
motional_dephasing,Motional dephasing,18.0,3.0,A,"ZX,ZZ",7.439370640176807e-09,4.132983688987115e-10
motional_dephasing,Motional dephasing,18.0,3.0,A,"ZY,ZZ",-3.7069749673900025e-09,-2.0594305374388902e-10
motional_dephasing,Motional dephasing,18.0,3.0,C,"IX,IY",-2.7138257466908437e-10,-1.507680970383802e-11
motional_dephasing,Motional dephasing,18.0,3.0,C,"IX,IZ",-3.729490071012738e-09,-2.07193892834041e-10
motional_dephasing,Motional dephasing,18.0,3.0,C,"IX,XI",0.0014225251737642634,7.902917632023686e-05
motional_dephasing,Motional dephasing,18.0,3.0,C,"IX,XX",4.32348793470437e-09,2.4019377415024277e-10
motional_dephasing,Motional dephasing,18.0,3.0,C,"IX,XY",-4.321033148928722e-09,-2.4005739716270675e-10
motional_dephasing,Motional dephasing,18.0,3.0,C,"IX,XZ",3.1437198428295054e-09,1.7465110237941696e-10
motional_dephasing,Motional dephasing,18.0,3.0,C,"IX,YI",-4.171990340635295e-10,-2.3177724114640527e-11
motional_dephasing,Motional dephasing,18.0,3.0,C,"IX,YX",-6.2728773412310475e-09,-3.4849318562394707e-10
motional_dephasing,Motional dephasing,18.0,3.0,C,"IX,YY",2.9083089832374855e-09,1.615727212909714e-10
motional_dephasing,Motional dephasing,18.0,3.0,C,"IX,YZ",-2.553576077074651e-10,-1.4186533761525838e-11
motional_dephasing,Motional dephasing,18.0,3.0,C,"IX,ZI",7.485123065972373e-10,4.1584017033179855e-11
motional_dephasing,Motional dephasing,18.0,3.0,C,"IX,ZX",3.0311546878709064e-09,1.683974826594948e-10
motional_dephasing,Motional dephasing,18.0,3.0,C,"IX,ZY",-3.6549181831131987e-10,-2.0305101017295547e-11
motional_dephasing,Motional dephasing,18.0,3.0,C,"IX,ZZ",1.686424334098526e-10,9.369024078325144e-12
motional_dephasing,Motional dephasing,18.0,3.0,C,"IY,IZ",-1.2176815504873773e-09,-6.764897502707652e-11
motional_dephasing,Motional dephasing,18.0,3.0,C,"IY,XI",3.553884008094734e-13,1.9743800044970745e-14
motional_dephasing,Motional dephasing,18.0,3.0,C,"IY,XX",3.9395509489979915e-09,2.1886394161099952e-10
motional_dephasing,Motional dephasing,18.0,3.0,C,"IY,XY",1.046976575135238e-09,5.8165365285291e-11
motional_dephasing,Motional dephasing,18.0,3.0,C,"IY,XZ",-1.2879385326790803e-10,-7.155214070439335e-12
motional_dephasing,Motional dephasing,18.0,3.0,C,"IY,YI",6.979712395923112e-10,3.877617997735062e-11
motional_dephasing,Motional dephasing,18.0,3.0,C,"IY,YX",-9.023815356116205e-10,-5.0132307533978915e-11
motional_dephasing,Motional dephasing,18.0,3.0,C,"IY,YY",5.650709160425254e-09,3.1392828669029186e-10
motional_dephasing,Motional dephasing,18.0,3.0,C,"IY,YZ",-5.635385472049144e-10,-3.130769706693969e-11
motional_dephasing,Motional dephasing,18.0,3.0,C,"IY,ZI",2.853855466482938e-09,1.5854752591571877e-10
motional_dephasing,Motional dephasing,18.0,3.0,C,"IY,ZX",2.818772113437981e-09,1.565984507465545e-10
motional_dephasing,Motional dephasing,18.0,3.0,C,"IY,ZY",-5.931574331968878e-09,-3.295319073316043e-10
motional_dephasing,Motional dephasing,18.0,3.0,C,"IY,ZZ",2.9932964362368823e-09,1.6629424645760457e-10
motional_dephasing,Motional dephasing,18.0,3.0,C,"IZ,XI",-4.871868292336724e-09,-2.7065934957426247e-10
motional_dephasing,Motional dephasing,18.0,3.0,C,"IZ,XX",3.3152583948147707e-09,1.8418102193415393e-10
motional_dephasing,Motional dephasing,18.0,3.0,C,"IZ,XY",-1.6007651204703562e-09,-8.893139558168646e-11
motional_dephasing,Motional dephasing,18.0,3.0,C,"IZ,XZ",1.26943671178876e-09,7.052426176604222e-11
motional_dephasing,Motional dephasing,18.0,3.0,C,"IZ,YI",6.834564412850434e-10,3.7969802293613524e-11
motional_dephasing,Motional dephasing,18.0,3.0,C,"IZ,YX",2.4144847860571395e-10,1.3413804366984108e-11
motional_dephasing,Motional dephasing,18.0,3.0,C,"IZ,YY",2.04897163486165e-09,1.138317574923139e-10
motional_dephasing,Motional dephasing,18.0,3.0,C,"IZ,YZ",-4.036607242520911e-09,-2.242559579178284e-10
motional_dephasing,Motional dephasing,18.0,3.0,C,"IZ,ZI",-2.297093945872907e-09,-1.276163303262726e-10
motional_dephasing,Motional dephasing,18.0,3.0,C,"IZ,ZX",9.897320825767768e-11,5.4985115698709825e-12
motional_dephasing,Motional dephasing,18.0,3.0,C,"IZ,ZY",9.098881473922127e-10,5.054934152178959e-11
motional_dephasing,Motional dephasing,18.0,3.0,C,"IZ,ZZ",-9.024053877739607e-10,-5.013363265410893e-11
motional_dephasing,Motional dephasing,18.0,3.0,C,"XI,XX",5.74165732350013e-10,3.189809624166739e-11
motional_dephasing,Motional dephasing,18.0,3.0,C,"XI,XY",-2.5716181458676613e-09,-1.4286767477042564e-10
motional_dephasing,Motional dephasing,18.0,3.0,C,"XI,XZ",9.48311784361916e-10,5.268398802010644e-11
motional_dephasing,Motional dephasing,18.0,3.0,C,"XI,YI",-1.9441051388916657e-09,-1.0800584104953698e-10
motional_dephasing,Motional dephasing,18.0,3.0,C,"XI,YX",-5.7382425060322405e-09,-3.1879125033512445e-10
motional_dephasing,Motional dephasing,18.0,3.0,C,"XI,YY",8.888270560465429e-10,4.937928089147461e-11
motional_dephasing,Motional dephasing,18.0,3.0,C,"XI,YZ",1.0222155903100728e-09,5.678975501722627e-11
motional_dephasing,Motional dephasing,18.0,3.0,C,"XI,ZI",1.0093472498357906e-09,5.607484721309948e-11
motional_dephasing,Motional dephasing,18.0,3.0,C,"XI,ZX",1.1960580813885176e-09,6.644767118825097e-11
motional_dephasing,Motional dephasing,18.0,3.0,C,"XI,ZY",-4.0114802820304785e-10,-2.228600156683599e-11
motional_dephasing,Motional dephasing,18.0,3.0,C,"XI,ZZ",1.7612245337396819e-09,9.784580742998233e-11
motional_dephasing,Motional dephasing,18.0,3.0,C,"XX,XY",1.6517840991373377e-10,9.176578328540765e-12
motional_dephasing,Motional dephasing,18.0,3.0,C,"XX,XZ",1.3233751242672602e-09,7.352084023707e-11
motional_dephasing,Motional dephasing,18.0,3.0,C,"XX,YI",4.854701152176611e-09,2.697056195653673e-10
motional_dephasing,Motional dephasing,18.0,3.0,C,"XX,YX",4.788627536958308e-10,2.6603486316435042e-11
motional_dephasing,Motional dephasing,18.0,3.0,C,"XX,YY",-2.8537530578344937e-09,-1.5854183654636076e-10
motional_dephasing,Motional dephasing,18.0,3.0,C,"XX,YZ",-3.329661260566574e-09,-1.8498118114258745e-10
motional_dephasing,Motional dephasing,18.0,3.0,C,"XX,ZI",-6.130294123258941e-09,-3.4057189573660786e-10
motional_dephasing,Motional dephasing,18.0,3.0,C,"XX,ZX",-2.1323434145002197e-09,-1.1846352302778998e-10
motional_dephasing,Motional dephasing,18.0,3.0,C,"XX,ZY",-5.662412498065857e-09,-3.145784721147698e-10
motional_dephasing,Motional dephasing,18.0,3.0,C,"XX,ZZ",-1.7077343223555838e-10,-9.487412901975466e-12
motional_dephasing,Motional dephasing,18.0,3.0,C,"XY,XZ",-2.0552161112654574e-09,-1.1417867284808097e-10
motional_dephasing,Motional dephasing,18.0,3.0,C,"XY,YI",2.081569230263268e-09,1.15642735014626e-10
motional_dephasing,Motional dephasing,18.0,3.0,C,"XY,YX",8.717715238851963e-10,4.8431751326955355e-11
motional_dephasing,Motional dephasing,18.0,3.0,C,"XY,YY",-1.0769779878896214e-09,-5.98321104383123e-11
motional_dephasing,Motional dephasing,18.0,3.0,C,"XY,YZ",2.7153060782683637e-09,1.5085033768157577e-10
motional_dephasing,Motional dephasing,18.0,3.0,C,"XY,ZI",-3.796267906617022e-09,-2.1090377258983457e-10
motional_dephasing,Motional dephasing,18.0,3.0,C,"XY,ZX",4.255355834357802e-10,2.3640865746432233e-11
motional_dephasing,Motional dephasing,18.0,3.0,C,"XY,ZY",4.227502675447625e-09,2.348612597470903e-10
motional_dephasing,Motional dephasing,18.0,3.0,C,"XY,ZZ",-3.8562281686790715e-09,-2.1423489825994843e-10
motional_dephasing,Motional dephasing,18.0,3.0,C,"XZ,YI",-7.823993552875378e-10,-4.3466630849307655e-11
motional_dephasing,Motional dephasing,18.0,3.0,C,"XZ,YX",-7.425263200683455e-10,-4.125146222601919e-11
motional_dephasing,Motional dephasing,18.0,3.0,C,"XZ,YY",2.8094378076701165e-09,1.5607987820389535e-10
motional_dephasing,Motional dephasing,18.0,3.0,C,"XZ,YZ",-1.5241675272080759e-09,-8.467597373378199e-11
motional_dephasing,Motional dephasing,18.0,3.0,C,"XZ,ZI",2.6811806207772705e-09,1.4895447893207058e-10
motional_dephasing,Motional dephasing,18.0,3.0,C,"XZ,ZX",2.378884616324674e-09,1.3216025646248188e-10
motional_dephasing,Motional dephasing,18.0,3.0,C,"XZ,ZY",-5.146266592442345e-09,-2.859036995801303e-10
motional_dephasing,Motional dephasing,18.0,3.0,C,"XZ,ZZ",2.5361650774183407e-09,1.4089805985657447e-10
motional_dephasing,Motional dephasing,18.0,3.0,C,"YI,YX",4.507040908428392e-10,2.5039116157935512e-11
motional_dephasing,Motional dephasing,18.0,3.0,C,"YI,YY",1.6703336921859535e-09,9.279631623255297e-11
motional_dephasing,Motional dephasing,18.0,3.0,C,"YI,YZ",1.0354501626660656e-09,5.752500903700365e-11
motional_dephasing,Motional dephasing,18.0,3.0,C,"YI,ZI",-1.8641832134939597e-09,-1.0356573408299777e-10
motional_dephasing,Motional dephasing,18.0,3.0,C,"YI,ZX",8.71981777619623e-10,4.844343208997905e-11
motional_dephasing,Motional dephasing,18.0,3.0,C,"YI,ZY",3.013814133502928e-09,1.6743411852794045e-10
motional_dephasing,Motional dephasing,18.0,3.0,C,"YI,ZZ",-1.927758185926974e-09,-1.0709767699594298e-10
motional_dephasing,Motional dephasing,18.0,3.0,C,"YX,YY",-7.24038797590261e-10,-4.022437764390339e-11
motional_dephasing,Motional dephasing,18.0,3.0,C,"YX,YZ",-4.113875780046303e-10,-2.2854865444701682e-11
motional_dephasing,Motional dephasing,18.0,3.0,C,"YX,ZI",2.3194249024535837e-10,1.288569390251991e-11
motional_dephasing,Motional dephasing,18.0,3.0,C,"YX,ZX",5.098002020634679e-10,2.832223344797044e-11
motional_dephasing,Motional dephasing,18.0,3.0,C,"YX,ZY",-1.0510255323912168e-09,-5.83903073550676e-11
motional_dephasing,Motional dephasing,18.0,3.0,C,"YX,ZZ",1.9693733352651927e-09,1.0940962973695515e-10
motional_dephasing,Motional dephasing,18.0,3.0,C,"YY,YZ",-3.717117599351966e-09,-2.0650653329733144e-10
motional_dephasing,Motional dephasing,18.0,3.0,C,"YY,ZI",2.6301471619726072e-11,1.4611928677625596e-12
motional_dephasing,Motional dephasing,18.0,3.0,C,"YY,ZX",5.506072647249593e-09,3.058929248471996e-10
motional_dephasing,Motional dephasing,18.0,3.0,C,"YY,ZY",-6.039299287237102e-09,-3.355166270687279e-10
motional_dephasing,Motional dephasing,18.0,3.0,C,"YY,ZZ",2.6007676887204907e-09,1.4448709381780504e-10
motional_dephasing,Motional dephasing,18.0,3.0,C,"YZ,ZI",8.335581174768773e-11,4.6308784304270965e-12
motional_dephasing,Motional dephasing,18.0,3.0,C,"YZ,ZX",9.031702516818135e-10,5.017612509343408e-11
motional_dephasing,Motional dephasing,18.0,3.0,C,"YZ,ZY",4.049431580961833e-09,2.249684211645463e-10
motional_dephasing,Motional dephasing,18.0,3.0,C,"YZ,ZZ",-3.0942250942589886e-09,-1.7190139412549936e-10
motional_dephasing,Motional dephasing,18.0,3.0,C,"ZI,ZX",-1.7901952146991556e-09,-9.945528970550865e-11
motional_dephasing,Motional dephasing,18.0,3.0,C,"ZI,ZY",-6.513387890503156e-09,-3.6185488280573085e-10
motional_dephasing,Motional dephasing,18.0,3.0,C,"ZI,ZZ",3.852457152477012e-09,2.14025397359834e-10
motional_dephasing,Motional dephasing,18.0,3.0,C,"ZX,ZY",2.306646055373937e-09,1.2814700307632982e-10
motional_dephasing,Motional dephasing,18.0,3.0,C,"ZX,ZZ",-2.673129231211451e-09,-1.4850717951174727e-10
motional_dephasing,Motional dephasing,18.0,3.0,C,"ZY,ZZ",-7.869698264991142e-09,-4.3720545916617457e-10
motional_dephasing,Motional dephasing,18.0,3.0,H,IX,-1.0295118148570843e-09,-5.7195100825393575e-11
motional_dephasing,Motional dephasing,18.0,3.0,H,IY,-1.7883650726458388e-09,-9.935361514699104e-11
motional_dephasing,Motional dephasing,18.0,3.0,H,IZ,1.080583294318987e-10,6.003240523994372e-12
motional_dephasing,Motional dephasing,18.0,3.0,H,XI,8.18067603453384e-10,4.544820019185467e-11
motional_dephasing,Motional dephasing,18.0,3.0,H,XX,-0.00016063831638847122,-8.924350910470623e-06
motional_dephasing,Motional dephasing,18.0,3.0,H,XY,-3.780581303433628e-09,-2.1003229463520157e-10
motional_dephasing,Motional dephasing,18.0,3.0,H,XZ,3.882747260874453e-09,2.1570818115969182e-10
motional_dephasing,Motional dephasing,18.0,3.0,H,YI,1.778364206060753e-09,9.87980114478196e-11
motional_dephasing,Motional dephasing,18.0,3.0,H,YX,5.7764020441083e-09,3.2091122467268335e-10
motional_dephasing,Motional dephasing,18.0,3.0,H,YY,8.50320468645621e-09,4.724002603586784e-10
motional_dephasing,Motional dephasing,18.0,3.0,H,YZ,-2.938262635994754e-09,-1.6323681311081967e-10
motional_dephasing,Motional dephasing,18.0,3.0,H,ZI,-1.4771382434675582e-09,-8.206323574819768e-11
motional_dephasing,Motional dephasing,18.0,3.0,H,ZX,2.8988821285170993e-09,1.6104900713983884e-10
motional_dephasing,Motional dephasing,18.0,3.0,H,ZY,1.009881316210243e-09,5.610451756723572e-11
motional_dephasing,Motional dephasing,18.0,3.0,H,ZZ,-2.3035674084103255e-15,-1.2797596713390698e-16
motional_dephasing,Motional dephasing,18.0,3.0,S,IX,0.0014225386881565579,7.902992711980877e-05
motional_dephasing,Motional dephasing,18.0,3.0,S,IY,3.433093319609587e-09,1.9072740664497706e-10
motional_dephasing,Motional dephasing,18.0,3.0,S,IZ,3.6912315920858974e-09,2.0506842178254986e-10
motional_dephasing,Motional dephasing,18.0,3.0,S,XI,0.001422510797497134,7.902837763872967e-05
motional_dephasing,Motional dephasing,18.0,3.0,S,XX,0.00013954491265465513,7.75249514748084e-06
motional_dephasing,Motional dephasing,18.0,3.0,S,XY,4.174700534808999e-09,2.3192780748938885e-10
motional_dephasing,Motional dephasing,18.0,3.0,S,XZ,-3.7177672192970773e-10,-2.0654262329428207e-11
motional_dephasing,Motional dephasing,18.0,3.0,S,YI,-6.527585561921095e-10,-3.6264364232894974e-11
motional_dephasing,Motional dephasing,18.0,3.0,S,YX,2.163296110172311e-09,1.2018311723179503e-10
motional_dephasing,Motional dephasing,18.0,3.0,S,YY,1.226477105780669e-08,6.813761698781494e-10
motional_dephasing,Motional dephasing,18.0,3.0,S,YZ,5.619548351827597e-09,3.121971306570887e-10
motional_dephasing,Motional dephasing,18.0,3.0,S,ZI,3.733398883120666e-09,2.074110490622592e-10
motional_dephasing,Motional dephasing,18.0,3.0,S,ZX,2.90747379096774e-09,1.6152632172043e-10
motional_dephasing,Motional dephasing,18.0,3.0,S,ZY,1.2688433412137191e-08,7.049129673409551e-10
motional_dephasing,Motional dephasing,18.0,3.0,S,ZZ,1.1659326688959106e-08,6.477403716088393e-10
motional_dephasing,Motional dephasing,18.0,4.0,A,"IX,IY",6.484050855980603e-09,3.6022504755447793e-10
motional_dephasing,Motional dephasing,18.0,4.0,A,"IX,IZ",-1.8995031060362442e-08,-1.055279503353469e-09
motional_dephasing,Motional dephasing,18.0,4.0,A,"IX,XI",-1.0478006636007597e-08,-5.821114797781998e-10
motional_dephasing,Motional dephasing,18.0,4.0,A,"IX,XX",2.004115911636062e-08,1.1133977286867012e-09
motional_dephasing,Motional dephasing,18.0,4.0,A,"IX,XY",7.779055436248483e-09,4.321697464582491e-10
motional_dephasing,Motional dephasing,18.0,4.0,A,"IX,XZ",3.257982697500351e-09,1.8099903875001952e-10
motional_dephasing,Motional dephasing,18.0,4.0,A,"IX,YI",6.646517297582364e-09,3.69250960976798e-10
motional_dephasing,Motional dephasing,18.0,4.0,A,"IX,YX",-8.075829494210135e-09,-4.486571941227853e-10
motional_dephasing,Motional dephasing,18.0,4.0,A,"IX,YY",-1.9742085899073794e-09,-1.0967825499485442e-10
motional_dephasing,Motional dephasing,18.0,4.0,A,"IX,YZ",-1.530653992701015e-08,-8.503633292783417e-10
motional_dephasing,Motional dephasing,18.0,4.0,A,"IX,ZI",-5.97350813809088e-11,-3.3186156322727114e-12
motional_dephasing,Motional dephasing,18.0,4.0,A,"IX,ZX",2.9584640833671625e-09,1.6435911574262014e-10
motional_dephasing,Motional dephasing,18.0,4.0,A,"IX,ZY",1.7332326805294e-08,9.629070447385556e-10
motional_dephasing,Motional dephasing,18.0,4.0,A,"IX,ZZ",-3.7076084586806423e-09,-2.0597824770448013e-10
motional_dephasing,Motional dephasing,18.0,4.0,A,"IY,IZ",-2.590034260375285e-09,-1.438907922430714e-10
motional_dephasing,Motional dephasing,18.0,4.0,A,"IY,XI",-1.5248267991924214e-08,-8.471259995513452e-10
motional_dephasing,Motional dephasing,18.0,4.0,A,"IY,XX",2.607440418496474e-09,1.448578010275819e-10
motional_dephasing,Motional dephasing,18.0,4.0,A,"IY,XY",4.5657650111751825e-09,2.536536117319546e-10
motional_dephasing,Motional dephasing,18.0,4.0,A,"IY,XZ",1.9084578453155976e-09,1.0602543585086653e-10
motional_dephasing,Motional dephasing,18.0,4.0,A,"IY,YI",7.242318912533227e-09,4.023510506962904e-10
motional_dephasing,Motional dephasing,18.0,4.0,A,"IY,YX",-2.4607082543480213e-10,-1.3670601413044562e-11
motional_dephasing,Motional dephasing,18.0,4.0,A,"IY,YY",-5.31233504034931e-09,-2.951297244638506e-10
motional_dephasing,Motional dephasing,18.0,4.0,A,"IY,YZ",2.4228019122078782e-11,1.3460010623377102e-12
motional_dephasing,Motional dephasing,18.0,4.0,A,"IY,ZI",1.9797659748605676e-09,1.0998699860336486e-10
motional_dephasing,Motional dephasing,18.0,4.0,A,"IY,ZX",-7.59274754391314e-09,-4.2181930799517447e-10
motional_dephasing,Motional dephasing,18.0,4.0,A,"IY,ZY",-5.50370586569792e-10,-3.057614369832178e-11
motional_dephasing,Motional dephasing,18.0,4.0,A,"IY,ZZ",2.517496881069175e-10,1.3986093783717638e-11
motional_dephasing,Motional dephasing,18.0,4.0,A,"IZ,XI",1.2133667383038143e-08,6.74092632391008e-10
motional_dephasing,Motional dephasing,18.0,4.0,A,"IZ,XX",3.6144735935197498e-09,2.0080408852887499e-10
motional_dephasing,Motional dephasing,18.0,4.0,A,"IZ,XY",-6.778906051947697e-10,-3.766058917748721e-11
motional_dephasing,Motional dephasing,18.0,4.0,A,"IZ,XZ",-4.4372407355823396e-10,-2.4651337419901888e-11
motional_dephasing,Motional dephasing,18.0,4.0,A,"IZ,YI",8.40762142503378e-09,4.670900791685434e-10
motional_dephasing,Motional dephasing,18.0,4.0,A,"IZ,YX",4.570918110326367e-09,2.539398950181315e-10
motional_dephasing,Motional dephasing,18.0,4.0,A,"IZ,YY",-7.3433642022407465e-09,-4.079646779022637e-10
motional_dephasing,Motional dephasing,18.0,4.0,A,"IZ,YZ",-4.7467234297596214e-09,-2.6370685720886786e-10
motional_dephasing,Motional dephasing,18.0,4.0,A,"IZ,ZI",1.225418087661199e-09,6.807878264784439e-11
motional_dephasing,Motional dephasing,18.0,4.0,A,"IZ,ZX",-8.163658308795085e-09,-4.5353657271083805e-10
motional_dephasing,Motional dephasing,18.0,4.0,A,"IZ,ZY",-6.316473087216124e-09,-3.509151715120069e-10
motional_dephasing,Motional dephasing,18.0,4.0,A,"IZ,ZZ",-1.9797810645318584e-10,-1.0998783691843658e-11
motional_dephasing,Motional dephasing,18.0,4.0,A,"XI,XX",-1.7358427740232594e-08,-9.643570966795885e-10
motional_dephasing,Motional dephasing,18.0,4.0,A,"XI,XY",-3.8474142118159253e-10,-2.1374523398977362e-11
motional_dephasing,Motional dephasing,18.0,4.0,A,"XI,XZ",-7.159899559798875e-10,-3.9777219776660416e-11
motional_dephasing,Motional dephasing,18.0,4.0,A,"XI,YI",1.2739568842055083e-08,7.077538245586157e-10
motional_dephasing,Motional dephasing,18.0,4.0,A,"XI,YX",-4.4578073844152505e-09,-2.4765596580084723e-10
motional_dephasing,Motional dephasing,18.0,4.0,A,"XI,YY",-9.197080306288055e-09,-5.109489059048919e-10
motional_dephasing,Motional dephasing,18.0,4.0,A,"XI,YZ",-2.2499908410907482e-08,-1.2499949117170823e-09
motional_dephasing,Motional dephasing,18.0,4.0,A,"XI,ZI",6.202466003191545e-09,3.445814446217525e-10
motional_dephasing,Motional dephasing,18.0,4.0,A,"XI,ZX",-4.624383844739355e-10,-2.5691021359663086e-11
motional_dephasing,Motional dephasing,18.0,4.0,A,"XI,ZY",1.2679662698075645e-08,7.04425705448647e-10
motional_dephasing,Motional dephasing,18.0,4.0,A,"XI,ZZ",-1.0201910574975038e-08,-5.667728097208354e-10
motional_dephasing,Motional dephasing,18.0,4.0,A,"XX,XY",2.9220032705460665e-09,1.6233351503033702e-10
motional_dephasing,Motional dephasing,18.0,4.0,A,"XX,XZ",2.6790580669557416e-08,1.4883655927531897e-09
motional_dephasing,Motional dephasing,18.0,4.0,A,"XX,YI",-5.606253308158591e-09,-3.114585171199217e-10
motional_dephasing,Motional dephasing,18.0,4.0,A,"XX,YX",-1.4628516664348732e-08,-8.126953702415962e-10
motional_dephasing,Motional dephasing,18.0,4.0,A,"XX,YY",1.2149078672053593e-13,6.749488151140885e-15
motional_dephasing,Motional dephasing,18.0,4.0,A,"XX,YZ",9.058725367064916e-09,5.032625203924954e-10
motional_dephasing,Motional dephasing,18.0,4.0,A,"XX,ZI",9.16779788278238e-09,5.093221045990211e-10
motional_dephasing,Motional dephasing,18.0,4.0,A,"XX,ZX",-1.630992303428046e-08,-9.061068352378033e-10
motional_dephasing,Motional dephasing,18.0,4.0,A,"XX,ZY",-2.4850189373935322e-08,-1.38056607632974e-09
motional_dephasing,Motional dephasing,18.0,4.0,A,"XX,ZZ",1.2540265908860865e-08,6.966814393811592e-10
motional_dephasing,Motional dephasing,18.0,4.0,A,"XY,XZ",1.1185451310224648e-09,6.214139616791471e-11
motional_dephasing,Motional dephasing,18.0,4.0,A,"XY,YI",-1.3479403029051325e-08,-7.488557238361847e-10
motional_dephasing,Motional dephasing,18.0,4.0,A,"XY,YX",-2.705360919057665e-09,-1.5029782883653693e-10
motional_dephasing,Motional dephasing,18.0,4.0,A,"XY,YY",9.753794028850433e-09,5.418774460472463e-10
motional_dephasing,Motional dephasing,18.0,4.0,A,"XY,YZ",4.525622582008563e-09,2.5142347677825346e-10
motional_dephasing,Motional dephasing,18.0,4.0,A,"XY,ZI",-6.22951337251534e-09,-3.460840762508522e-10
motional_dephasing,Motional dephasing,18.0,4.0,A,"XY,ZX",7.891574640371875e-09,4.384208133539931e-10
motional_dephasing,Motional dephasing,18.0,4.0,A,"XY,ZY",9.65907472040402e-10,5.3661526224466776e-11
motional_dephasing,Motional dephasing,18.0,4.0,A,"XY,ZZ",-5.960713385571961e-09,-3.311507436428867e-10
motional_dephasing,Motional dephasing,18.0,4.0,A,"XZ,YI",-5.588364864072109e-09,-3.104647146706727e-10
motional_dephasing,Motional dephasing,18.0,4.0,A,"XZ,YX",-8.554498794519795e-11,-4.7524993302887745e-12
motional_dephasing,Motional dephasing,18.0,4.0,A,"XZ,YY",4.455451130117365e-09,2.4752506278429805e-10
motional_dephasing,Motional dephasing,18.0,4.0,A,"XZ,YZ",-1.7382091415415274e-09,-9.656717453008486e-11
motional_dephasing,Motional dephasing,18.0,4.0,A,"XZ,ZI",-4.204828161160926e-09,-2.3360156450894034e-10
motional_dephasing,Motional dephasing,18.0,4.0,A,"XZ,ZX",2.705324619150306e-09,1.50295812175017e-10
motional_dephasing,Motional dephasing,18.0,4.0,A,"XZ,ZY",-1.7555760476178313e-09,-9.753200264543508e-11
motional_dephasing,Motional dephasing,18.0,4.0,A,"XZ,ZZ",-1.033952927058988e-09,-5.744182928105489e-11
motional_dephasing,Motional dephasing,18.0,4.0,A,"YI,YX",-4.294578252063847e-09,-2.3858768067021374e-10
motional_dephasing,Motional dephasing,18.0,4.0,A,"YI,YY",-9.229519662020462e-10,-5.127510923344701e-11
motional_dephasing,Motional dephasing,18.0,4.0,A,"YI,YZ",-4.65962218734981e-09,-2.5886789929721164e-10
motional_dephasing,Motional dephasing,18.0,4.0,A,"YI,ZI",-4.875143315971588e-09,-2.708412953317549e-10
motional_dephasing,Motional dephasing,18.0,4.0,A,"YI,ZX",1.9470578996208347e-09,1.081698833122686e-10
motional_dephasing,Motional dephasing,18.0,4.0,A,"YI,ZY",-2.923323532881267e-09,-1.6240686293784817e-10
motional_dephasing,Motional dephasing,18.0,4.0,A,"YI,ZZ",3.824428333283413e-10,2.1246824073796737e-11
motional_dephasing,Motional dephasing,18.0,4.0,A,"YX,YY",-3.999550921420067e-09,-2.2219727341222596e-10
motional_dephasing,Motional dephasing,18.0,4.0,A,"YX,YZ",-1.0046611151239375e-09,-5.5814506395774305e-11
motional_dephasing,Motional dephasing,18.0,4.0,A,"YX,ZI",6.789655439981036e-10,3.772030799989465e-11
motional_dephasing,Motional dephasing,18.0,4.0,A,"YX,ZX",-3.117026265917568e-09,-1.7316812588430933e-10
motional_dephasing,Motional dephasing,18.0,4.0,A,"YX,ZY",1.586236620771256e-09,8.812425670951423e-11
motional_dephasing,Motional dephasing,18.0,4.0,A,"YX,ZZ",5.221421797748033e-09,2.900789887637796e-10
motional_dephasing,Motional dephasing,18.0,4.0,A,"YY,YZ",1.4169273831749466e-09,7.87181879541637e-11
motional_dephasing,Motional dephasing,18.0,4.0,A,"YY,ZI",1.114118246776122e-09,6.1895458154229e-11
motional_dephasing,Motional dephasing,18.0,4.0,A,"YY,ZX",-7.650942601653458e-10,-4.2505236675852547e-11
motional_dephasing,Motional dephasing,18.0,4.0,A,"YY,ZY",-1.8419669534120289e-09,-1.0233149741177938e-10
motional_dephasing,Motional dephasing,18.0,4.0,A,"YY,ZZ",2.383076277619482e-09,1.3239312653441568e-10
motional_dephasing,Motional dephasing,18.0,4.0,A,"YZ,ZI",-5.4240356911990705e-09,-3.0133531617772614e-10
motional_dephasing,Motional dephasing,18.0,4.0,A,"YZ,ZX",-4.2256702271406165e-09,-2.347594570633676e-10
motional_dephasing,Motional dephasing,18.0,4.0,A,"YZ,ZY",-9.39542682529596e-09,-5.219681569608867e-10
motional_dephasing,Motional dephasing,18.0,4.0,A,"YZ,ZZ",-2.707804414930729e-09,-1.5043357860726273e-10
motional_dephasing,Motional dephasing,18.0,4.0,A,"ZI,ZX",-7.1403503617061e-09,-3.9668613120589443e-10
motional_dephasing,Motional dephasing,18.0,4.0,A,"ZI,ZY",-1.221118275986738e-09,-6.783990422148545e-11
motional_dephasing,Motional dephasing,18.0,4.0,A,"ZI,ZZ",4.71175713282568e-09,2.6176428515698223e-10
motional_dephasing,Motional dephasing,18.0,4.0,A,"ZX,ZY",5.762346202774262e-09,3.201303445985701e-10
motional_dephasing,Motional dephasing,18.0,4.0,A,"ZX,ZZ",-4.703879552448383e-10,-2.6132664180268793e-11
motional_dephasing,Motional dephasing,18.0,4.0,A,"ZY,ZZ",1.4261087400259095e-10,7.922826333477276e-12
motional_dephasing,Motional dephasing,18.0,4.0,C,"IX,IY",2.8356319930945753e-09,1.575351107274764e-10
motional_dephasing,Motional dephasing,18.0,4.0,C,"IX,IZ",-4.6288151099160206e-09,-2.571563949953345e-10
motional_dephasing,Motional dephasing,18.0,4.0,C,"IX,XI",0.0017893468162333147,9.940815645740638e-05
motional_dephasing,Motional dephasing,18.0,4.0,C,"IX,XX",8.578186557772629e-09,4.765659198762572e-10
motional_dephasing,Motional dephasing,18.0,4.0,C,"IX,XY",-1.4525848090114265e-08,-8.069915605619036e-10
motional_dephasing,Motional dephasing,18.0,4.0,C,"IX,XZ",-9.856425812522054e-09,-5.475792118067808e-10
motional_dephasing,Motional dephasing,18.0,4.0,C,"IX,YI",3.2437751841358437e-09,1.802097324519913e-10
motional_dephasing,Motional dephasing,18.0,4.0,C,"IX,YX",1.3026968728656674e-08,7.237204849253708e-10
motional_dephasing,Motional dephasing,18.0,4.0,C,"IX,YY",-1.2784219239856678e-08,-7.102344022142599e-10
motional_dephasing,Motional dephasing,18.0,4.0,C,"IX,YZ",-3.1904051447289107e-09,-1.7724473026271727e-10
motional_dephasing,Motional dephasing,18.0,4.0,C,"IX,ZI",7.113445633948584e-09,3.9519142410825463e-10
motional_dephasing,Motional dephasing,18.0,4.0,C,"IX,ZX",-1.1376787390380991e-08,-6.320437439100551e-10
motional_dephasing,Motional dephasing,18.0,4.0,C,"IX,ZY",1.9893783935949837e-09,1.1052102186638798e-10
motional_dephasing,Motional dephasing,18.0,4.0,C,"IX,ZZ",-7.517434858914632e-09,-4.176352699397018e-10
motional_dephasing,Motional dephasing,18.0,4.0,C,"IY,IZ",6.4080983463253015e-09,3.56005463684739e-10
motional_dephasing,Motional dephasing,18.0,4.0,C,"IY,XI",-1.0656774111680425e-09,-5.920430062044681e-11
motional_dephasing,Motional dephasing,18.0,4.0,C,"IY,XX",8.757177162840903e-09,4.865098423800502e-10
motional_dephasing,Motional dephasing,18.0,4.0,C,"IY,XY",-6.196638397539745e-09,-3.442576887522081e-10
motional_dephasing,Motional dephasing,18.0,4.0,C,"IY,XZ",-1.5609554344627255e-09,-8.671974635904031e-11
motional_dephasing,Motional dephasing,18.0,4.0,C,"IY,YI",-1.7136290363630015e-09,-9.520161313127787e-11
motional_dephasing,Motional dephasing,18.0,4.0,C,"IY,YX",4.668704157810126e-09,2.593724532116737e-10
motional_dephasing,Motional dephasing,18.0,4.0,C,"IY,YY",6.256736896119171e-10,3.4759649422884284e-11
motional_dephasing,Motional dephasing,18.0,4.0,C,"IY,YZ",1.5403037151922449e-09,8.557242862179138e-11
motional_dephasing,Motional dephasing,18.0,4.0,C,"IY,ZI",1.1123765003299472e-08,6.179869446277484e-10
motional_dephasing,Motional dephasing,18.0,4.0,C,"IY,ZX",5.731724879987742e-10,3.18429159999319e-11
motional_dephasing,Motional dephasing,18.0,4.0,C,"IY,ZY",5.4849075101150245e-09,3.0471708389527915e-10
motional_dephasing,Motional dephasing,18.0,4.0,C,"IY,ZZ",-2.4344332945409732e-09,-1.352462941411652e-10
motional_dephasing,Motional dephasing,18.0,4.0,C,"IZ,XI",1.937170915462249e-09,1.0762060641456939e-10
motional_dephasing,Motional dephasing,18.0,4.0,C,"IZ,XX",2.5206326134217107e-08,1.4003514519009505e-09
motional_dephasing,Motional dephasing,18.0,4.0,C,"IZ,XY",-1.1392326977851169e-08,-6.329070543250649e-10
motional_dephasing,Motional dephasing,18.0,4.0,C,"IZ,XZ",-1.4665454688072928e-09,-8.147474826707182e-11
motional_dephasing,Motional dephasing,18.0,4.0,C,"IZ,YI",-1.3882171591301788e-09,-7.712317550723216e-11
motional_dephasing,Motional dephasing,18.0,4.0,C,"IZ,YX",-1.2980439853468994e-10,-7.211355474149441e-12
motional_dephasing,Motional dephasing,18.0,4.0,C,"IZ,YY",1.7321259057670253e-09,9.622921698705696e-11
motional_dephasing,Motional dephasing,18.0,4.0,C,"IZ,YZ",1.1881721785904034e-09,6.600956547724463e-11
motional_dephasing,Motional dephasing,18.0,4.0,C,"IZ,ZI",5.472396716237652e-09,3.040220397909807e-10
motional_dephasing,Motional dephasing,18.0,4.0,C,"IZ,ZX",-3.5545821235226594e-10,-1.9747678464014775e-11
motional_dephasing,Motional dephasing,18.0,4.0,C,"IZ,ZY",1.6861725538331996e-09,9.367625299073331e-11
motional_dephasing,Motional dephasing,18.0,4.0,C,"IZ,ZZ",-7.660966823010419e-09,-4.2560926794502326e-10
motional_dephasing,Motional dephasing,18.0,4.0,C,"XI,XX",4.847852684661629e-09,2.6932514914786825e-10
motional_dephasing,Motional dephasing,18.0,4.0,C,"XI,XY",-2.2299513002668572e-08,-1.2388618334815874e-09
motional_dephasing,Motional dephasing,18.0,4.0,C,"XI,XZ",-6.319857987361672e-09,-3.511032215200929e-10
motional_dephasing,Motional dephasing,18.0,4.0,C,"XI,YI",-1.430168507343548e-09,-7.945380596353044e-11
motional_dephasing,Motional dephasing,18.0,4.0,C,"XI,YX",6.990968053950671e-09,3.883871141083706e-10
motional_dephasing,Motional dephasing,18.0,4.0,C,"XI,YY",-3.0078445037340757e-09,-1.6710247242967088e-10
motional_dephasing,Motional dephasing,18.0,4.0,C,"XI,YZ",1.8794064804249064e-09,1.0441147113471702e-10
motional_dephasing,Motional dephasing,18.0,4.0,C,"XI,ZI",1.995050670470334e-09,1.10836148359463e-10
motional_dephasing,Motional dephasing,18.0,4.0,C,"XI,ZX",-7.077898779589537e-09,-3.932165988660854e-10
motional_dephasing,Motional dephasing,18.0,4.0,C,"XI,ZY",-6.784920810170636e-10,-3.769400450094798e-11
motional_dephasing,Motional dephasing,18.0,4.0,C,"XI,ZZ",-1.6850182730247873e-08,-9.361212627915486e-10
motional_dephasing,Motional dephasing,18.0,4.0,C,"XX,XY",-1.4240051307765414e-09,-7.91113961542523e-11
motional_dephasing,Motional dephasing,18.0,4.0,C,"XX,XZ",-2.0299167149480294e-09,-1.1277315083044607e-10
motional_dephasing,Motional dephasing,18.0,4.0,C,"XX,YI",2.7562971950742077e-09,1.531276219485671e-10
motional_dephasing,Motional dephasing,18.0,4.0,C,"XX,YX",-2.3910343238270694e-09,-1.3283524021261496e-10
motional_dephasing,Motional dephasing,18.0,4.0,C,"XX,YY",2.0534962923597922e-08,1.140831273533218e-09
motional_dephasing,Motional dephasing,18.0,4.0,C,"XX,YZ",-2.4645364840688988e-11,-1.3691869355938328e-12
motional_dephasing,Motional dephasing,18.0,4.0,C,"XX,ZI",-1.1390249538456616e-08,-6.327916410253675e-10
motional_dephasing,Motional dephasing,18.0,4.0,C,"XX,ZX",5.9236004708094785e-09,3.2908891504497104e-10
motional_dephasing,Motional dephasing,18.0,4.0,C,"XX,ZY",-1.1145374869074513e-08,-6.191874927263619e-10
motional_dephasing,Motional dephasing,18.0,4.0,C,"XX,ZZ",5.133938529057715e-09,2.852188071698731e-10
motional_dephasing,Motional dephasing,18.0,4.0,C,"XY,XZ",3.90745421507505e-09,2.1708078972639165e-10
motional_dephasing,Motional dephasing,18.0,4.0,C,"XY,YI",-1.9813798990103586e-09,-1.1007666105613103e-10
motional_dephasing,Motional dephasing,18.0,4.0,C,"XY,YX",-1.3986071880921895e-09,-7.770039933845498e-11
motional_dephasing,Motional dephasing,18.0,4.0,C,"XY,YY",-4.167142480285307e-10,-2.3150791557140596e-11
motional_dephasing,Motional dephasing,18.0,4.0,C,"XY,YZ",-4.523937979344845e-09,-2.5132988774138026e-10
motional_dephasing,Motional dephasing,18.0,4.0,C,"XY,ZI",-8.077036050113928e-09,-4.4872422500632936e-10
motional_dephasing,Motional dephasing,18.0,4.0,C,"XY,ZX",2.8511742448585178e-09,1.5839856915880654e-10
motional_dephasing,Motional dephasing,18.0,4.0,C,"XY,ZY",-1.3550574964552075e-09,-7.52809720252893e-11
motional_dephasing,Motional dephasing,18.0,4.0,C,"XY,ZZ",7.682346682428057e-09,4.267970379126698e-10
motional_dephasing,Motional dephasing,18.0,4.0,C,"XZ,YI",2.3666206015968966e-09,1.314789223109387e-10
motional_dephasing,Motional dephasing,18.0,4.0,C,"XZ,YX",-4.8291348385132346e-09,-2.6828526880629083e-10
motional_dephasing,Motional dephasing,18.0,4.0,C,"XZ,YY",-2.1890251693833993e-09,-1.2161250941018886e-10
motional_dephasing,Motional dephasing,18.0,4.0,C,"XZ,YZ",6.617061013177547e-11,3.67614500732086e-12
motional_dephasing,Motional dephasing,18.0,4.0,C,"XZ,ZI",-7.1791982480715645e-09,-3.9884434711508693e-10
motional_dephasing,Motional dephasing,18.0,4.0,C,"XZ,ZX",-1.4456368873510165e-09,-8.03131604083898e-11
motional_dephasing,Motional dephasing,18.0,4.0,C,"XZ,ZY",-4.507623389941729e-09,-2.504235216634294e-10
motional_dephasing,Motional dephasing,18.0,4.0,C,"XZ,ZZ",7.501677373789136e-10,4.167598540993964e-11
motional_dephasing,Motional dephasing,18.0,4.0,C,"YI,YX",3.073472512306685e-09,1.7074847290592694e-10
motional_dephasing,Motional dephasing,18.0,4.0,C,"YI,YY",-1.2129181069108943e-09,-6.738433927282746e-11
motional_dephasing,Motional dephasing,18.0,4.0,C,"YI,YZ",-1.3746074728357556e-09,-7.636708182420865e-11
motional_dephasing,Motional dephasing,18.0,4.0,C,"YI,ZI",-2.6738351761937247e-09,-1.4854639867742915e-10
motional_dephasing,Motional dephasing,18.0,4.0,C,"YI,ZX",-4.388624783001213e-09,-2.4381248794451184e-10
motional_dephasing,Motional dephasing,18.0,4.0,C,"YI,ZY",-7.605590871453334e-09,-4.2253282619185193e-10
motional_dephasing,Motional dephasing,18.0,4.0,C,"YI,ZZ",3.755749568191569e-09,2.0865275378842048e-10
motional_dephasing,Motional dephasing,18.0,4.0,C,"YX,YY",-4.512596507452207e-09,-2.50699805969567e-10
motional_dephasing,Motional dephasing,18.0,4.0,C,"YX,YZ",-1.9024339978289843e-09,-1.0569077765716579e-10
motional_dephasing,Motional dephasing,18.0,4.0,C,"YX,ZI",7.3845300705948215e-09,4.102516705886012e-10
motional_dephasing,Motional dephasing,18.0,4.0,C,"YX,ZX",-2.674725990350524e-09,-1.485958883528069e-10
motional_dephasing,Motional dephasing,18.0,4.0,C,"YX,ZY",3.4256713212127033e-09,1.9031507340070574e-10
motional_dephasing,Motional dephasing,18.0,4.0,C,"YX,ZZ",-7.995373460158916e-10,-4.441874144532731e-11
motional_dephasing,Motional dephasing,18.0,4.0,C,"YY,YZ",1.5114259423085922e-09,8.396810790603289e-11
motional_dephasing,Motional dephasing,18.0,4.0,C,"YY,ZI",-4.741298844492986e-09,-2.634054913607214e-10
motional_dephasing,Motional dephasing,18.0,4.0,C,"YY,ZX",3.964225107241092e-11,2.2023472818006067e-12
motional_dephasing,Motional dephasing,18.0,4.0,C,"YY,ZY",-1.3152132638293064e-09,-7.306740354607258e-11
motional_dephasing,Motional dephasing,18.0,4.0,C,"YY,ZZ",-5.516209171515726e-09,-3.0645606508420703e-10
motional_dephasing,Motional dephasing,18.0,4.0,C,"YZ,ZI",1.2176155991002711e-09,6.764531106112617e-11
motional_dephasing,Motional dephasing,18.0,4.0,C,"YZ,ZX",-8.858010893986294e-10,-4.921117163325719e-11
motional_dephasing,Motional dephasing,18.0,4.0,C,"YZ,ZY",2.917502708551286e-09,1.6208348380840477e-10
motional_dephasing,Motional dephasing,18.0,4.0,C,"YZ,ZZ",-3.7127263605090877e-09,-2.062625755838382e-10
motional_dephasing,Motional dephasing,18.0,4.0,C,"ZI,ZX",-4.146680767085333e-11,-2.3037115372696296e-12
motional_dephasing,Motional dephasing,18.0,4.0,C,"ZI,ZY",1.9198503616515592e-09,1.0665835342508663e-10
motional_dephasing,Motional dephasing,18.0,4.0,C,"ZI,ZZ",-1.1753553450639326e-10,-6.5297519170218475e-12
motional_dephasing,Motional dephasing,18.0,4.0,C,"ZX,ZY",3.0709759335899113e-09,1.706097740883284e-10
motional_dephasing,Motional dephasing,18.0,4.0,C,"ZX,ZZ",-1.8102071944659357e-09,-1.0056706635921865e-10
motional_dephasing,Motional dephasing,18.0,4.0,C,"ZY,ZZ",-1.888644897081972e-09,-1.0492471650455401e-10
motional_dephasing,Motional dephasing,18.0,4.0,H,IX,-1.175231367323112e-08,-6.529063151795067e-10
motional_dephasing,Motional dephasing,18.0,4.0,H,IY,3.299951873659713e-11,1.8333065964776186e-12
motional_dephasing,Motional dephasing,18.0,4.0,H,IZ,-3.6965007413443503e-09,-2.0536115229690836e-10
motional_dephasing,Motional dephasing,18.0,4.0,H,XI,2.5648022058386176e-08,1.4248901143547876e-09
motional_dephasing,Motional dephasing,18.0,4.0,H,XX,-0.0002404445652213621,-1.3358031401186782e-05
motional_dephasing,Motional dephasing,18.0,4.0,H,XY,-2.7203749934864893e-08,-1.5113194408258274e-09
motional_dephasing,Motional dephasing,18.0,4.0,H,XZ,6.484270708873841e-09,3.602372616041023e-10
motional_dephasing,Motional dephasing,18.0,4.0,H,YI,-8.634856878189553e-09,-4.797142710105308e-10
motional_dephasing,Motional dephasing,18.0,4.0,H,YX,8.67904427611652e-09,4.821691264509177e-10
motional_dephasing,Motional dephasing,18.0,4.0,H,YY,1.2540844871566012e-08,6.967136039758896e-10
motional_dephasing,Motional dephasing,18.0,4.0,H,YZ,2.913882999800713e-08,1.6188238887781737e-09
motional_dephasing,Motional dephasing,18.0,4.0,H,ZI,5.135868184848737e-09,2.8532601026937426e-10
motional_dephasing,Motional dephasing,18.0,4.0,H,ZX,1.0283269762796427e-08,5.712927645998016e-10
motional_dephasing,Motional dephasing,18.0,4.0,H,ZY,-4.771129500269408e-09,-2.650627500149671e-10
motional_dephasing,Motional dephasing,18.0,4.0,H,ZZ,-4.3583855614417224e-15,-2.421325311912068e-16
motional_dephasing,Motional dephasing,18.0,4.0,S,IX,0.001789360518638585,9.940891770214361e-05
motional_dephasing,Motional dephasing,18.0,4.0,S,IY,6.8595318674334604e-09,3.8108510374630333e-10
motional_dephasing,Motional dephasing,18.0,4.0,S,IZ,7.167048225297651e-09,3.981693458498695e-10
motional_dephasing,Motional dephasing,18.0,4.0,S,XI,0.0017893514822535195,9.940841568075109e-05
motional_dephasing,Motional dephasing,18.0,4.0,S,XX,0.00012776855862290323,7.098253256827957e-06
motional_dephasing,Motional dephasing,18.0,4.0,S,XY,9.808009861743405e-09,5.448894367635225e-10
motional_dephasing,Motional dephasing,18.0,4.0,S,XZ,3.293913698520839e-09,1.8299520547337996e-10
motional_dephasing,Motional dephasing,18.0,4.0,S,YI,5.7961329518515375e-09,3.220073862139743e-10
motional_dephasing,Motional dephasing,18.0,4.0,S,YX,1.1549631384740952e-09,6.41646188041164e-11
motional_dephasing,Motional dephasing,18.0,4.0,S,YY,-1.6358869657116457e-09,-9.088260920620253e-11
motional_dephasing,Motional dephasing,18.0,4.0,S,YZ,3.346595532378177e-09,1.8592197402100985e-10
motional_dephasing,Motional dephasing,18.0,4.0,S,ZI,6.917736755798027e-09,3.8431870865544595e-10
motional_dephasing,Motional dephasing,18.0,4.0,S,ZX,4.7576125797494945e-09,2.6431180998608304e-10
motional_dephasing,Motional dephasing,18.0,4.0,S,ZY,2.6680266554271557e-09,1.4822370307928643e-10
motional_dephasing,Motional dephasing,18.0,4.0,S,ZZ,-7.47834730312159e-10,-4.1546373906231053e-11
motional_heating,Motional heating/diffusion,10.0,0.01,A,"IX,IY",1.705864800906047e-09,1.705864800906047e-10
motional_heating,Motional heating/diffusion,10.0,0.01,A,"IX,IZ",1.8382197832079186e-09,1.8382197832079187e-10
motional_heating,Motional heating/diffusion,10.0,0.01,A,"IX,XI",9.127136966127278e-09,9.127136966127278e-10
motional_heating,Motional heating/diffusion,10.0,0.01,A,"IX,XX",-4.550699809773229e-09,-4.550699809773229e-10
motional_heating,Motional heating/diffusion,10.0,0.01,A,"IX,XY",-2.6924455426316504e-09,-2.6924455426316505e-10
motional_heating,Motional heating/diffusion,10.0,0.01,A,"IX,XZ",-5.007141793464974e-10,-5.007141793464974e-11
motional_heating,Motional heating/diffusion,10.0,0.01,A,"IX,YI",2.4657677462324983e-09,2.4657677462324983e-10
motional_heating,Motional heating/diffusion,10.0,0.01,A,"IX,YX",-9.892720897852414e-10,-9.892720897852414e-11
motional_heating,Motional heating/diffusion,10.0,0.01,A,"IX,YY",-9.703021205933228e-10,-9.703021205933228e-11
motional_heating,Motional heating/diffusion,10.0,0.01,A,"IX,YZ",1.769975226526101e-09,1.769975226526101e-10
motional_heating,Motional heating/diffusion,10.0,0.01,A,"IX,ZI",8.581507751698342e-10,8.581507751698341e-11
motional_heating,Motional heating/diffusion,10.0,0.01,A,"IX,ZX",7.556658233145171e-10,7.55665823314517e-11
motional_heating,Motional heating/diffusion,10.0,0.01,A,"IX,ZY",-3.254454957944475e-09,-3.254454957944475e-10
motional_heating,Motional heating/diffusion,10.0,0.01,A,"IX,ZZ",-2.0847747334644834e-10,-2.0847747334644834e-11
motional_heating,Motional heating/diffusion,10.0,0.01,A,"IY,IZ",-1.2466772017372485e-09,-1.2466772017372486e-10
motional_heating,Motional heating/diffusion,10.0,0.01,A,"IY,XI",-1.5455762169768355e-09,-1.5455762169768355e-10
motional_heating,Motional heating/diffusion,10.0,0.01,A,"IY,XX",-9.212764908941233e-11,-9.212764908941234e-12
motional_heating,Motional heating/diffusion,10.0,0.01,A,"IY,XY",-5.857286049570669e-10,-5.857286049570669e-11
motional_heating,Motional heating/diffusion,10.0,0.01,A,"IY,XZ",-1.784423901582356e-09,-1.784423901582356e-10
motional_heating,Motional heating/diffusion,10.0,0.01,A,"IY,YI",-4.123076747093916e-10,-4.123076747093916e-11
motional_heating,Motional heating/diffusion,10.0,0.01,A,"IY,YX",-1.1811636178549084e-09,-1.1811636178549083e-10
motional_heating,Motional heating/diffusion,10.0,0.01,A,"IY,YY",-6.14998971903025e-10,-6.14998971903025e-11
motional_heating,Motional heating/diffusion,10.0,0.01,A,"IY,YZ",-1.2157618204935377e-10,-1.2157618204935378e-11
motional_heating,Motional heating/diffusion,10.0,0.01,A,"IY,ZI",-5.679053747754235e-10,-5.679053747754235e-11
motional_heating,Motional heating/diffusion,10.0,0.01,A,"IY,ZX",-1.9935841853937586e-10,-1.9935841853937586e-11
motional_heating,Motional heating/diffusion,10.0,0.01,A,"IY,ZY",1.132563120945828e-11,1.132563120945828e-12
motional_heating,Motional heating/diffusion,10.0,0.01,A,"IY,ZZ",-1.0092760583367243e-09,-1.0092760583367243e-10
motional_heating,Motional heating/diffusion,10.0,0.01,A,"IZ,XI",6.824677481371656e-10,6.824677481371656e-11
motional_heating,Motional heating/diffusion,10.0,0.01,A,"IZ,XX",1.141222475475146e-09,1.1412224754751461e-10
motional_heating,Motional heating/diffusion,10.0,0.01,A,"IZ,XY",-1.2572555317799314e-09,-1.2572555317799314e-10
motional_heating,Motional heating/diffusion,10.0,0.01,A,"IZ,XZ",-1.2195113394628002e-10,-1.2195113394628002e-11
motional_heating,Motional heating/diffusion,10.0,0.01,A,"IZ,YI",3.672403292616409e-10,3.6724032926164087e-11
motional_heating,Motional heating/diffusion,10.0,0.01,A,"IZ,YX",1.1229225841662935e-10,1.1229225841662934e-11
motional_heating,Motional heating/diffusion,10.0,0.01,A,"IZ,YY",3.4160794898175575e-10,3.4160794898175574e-11
motional_heating,Motional heating/diffusion,10.0,0.01,A,"IZ,YZ",4.533026783069095e-10,4.5330267830690946e-11
motional_heating,Motional heating/diffusion,10.0,0.01,A,"IZ,ZI",-5.024129068462173e-10,-5.0241290684621734e-11
motional_heating,Motional heating/diffusion,10.0,0.01,A,"IZ,ZX",9.77983646820716e-10,9.779836468207159e-11
motional_heating,Motional heating/diffusion,10.0,0.01,A,"IZ,ZY",1.2915766700313678e-09,1.2915766700313677e-10
motional_heating,Motional heating/diffusion,10.0,0.01,A,"IZ,ZZ",-5.148079486309288e-10,-5.148079486309288e-11
motional_heating,Motional heating/diffusion,10.0,0.01,A,"XI,XX",-1.4587575734950647e-08,-1.4587575734950647e-09
motional_heating,Motional heating/diffusion,10.0,0.01,A,"XI,XY",-4.330068362530723e-09,-4.3300683625307234e-10
motional_heating,Motional heating/diffusion,10.0,0.01,A,"XI,XZ",-7.580210801516289e-10,-7.58021080151629e-11
motional_heating,Motional heating/diffusion,10.0,0.01,A,"XI,YI",1.319896982269938e-09,1.3198969822699381e-10
motional_heating,Motional heating/diffusion,10.0,0.01,A,"XI,YX",-1.7015758591652755e-10,-1.7015758591652756e-11
motional_heating,Motional heating/diffusion,10.0,0.01,A,"XI,YY",-1.9740688608009055e-09,-1.9740688608009054e-10
motional_heating,Motional heating/diffusion,10.0,0.01,A,"XI,YZ",3.065192006676341e-09,3.065192006676341e-10
motional_heating,Motional heating/diffusion,10.0,0.01,A,"XI,ZI",2.0684726456714474e-09,2.0684726456714474e-10
motional_heating,Motional heating/diffusion,10.0,0.01,A,"XI,ZX",-3.178107228402735e-10,-3.178107228402735e-11
motional_heating,Motional heating/diffusion,10.0,0.01,A,"XI,ZY",-2.4107760266712285e-09,-2.4107760266712283e-10
motional_heating,Motional heating/diffusion,10.0,0.01,A,"XI,ZZ",-1.3365095204872089e-09,-1.336509520487209e-10
motional_heating,Motional heating/diffusion,10.0,0.01,A,"XX,XY",1.1857382737820697e-08,1.1857382737820698e-09
motional_heating,Motional heating/diffusion,10.0,0.01,A,"XX,XZ",-4.1381216422976145e-09,-4.1381216422976143e-10
motional_heating,Motional heating/diffusion,10.0,0.01,A,"XX,YI",1.5899785288628777e-09,1.5899785288628778e-10
motional_heating,Motional heating/diffusion,10.0,0.01,A,"XX,YX",7.48690159368067e-09,7.48690159368067e-10
motional_heating,Motional heating/diffusion,10.0,0.01,A,"XX,YY",1.1606462437053658e-11,1.1606462437053657e-12
motional_heating,Motional heating/diffusion,10.0,0.01,A,"XX,YZ",-3.9110962058375835e-09,-3.9110962058375834e-10
motional_heating,Motional heating/diffusion,10.0,0.01,A,"XX,ZI",5.121215184557078e-10,5.121215184557078e-11
motional_heating,Motional heating/diffusion,10.0,0.01,A,"XX,ZX",-4.166563947392556e-09,-4.1665639473925556e-10
motional_heating,Motional heating/diffusion,10.0,0.01,A,"XX,ZY",1.2530711776392118e-09,1.253071177639212e-10
motional_heating,Motional heating/diffusion,10.0,0.01,A,"XX,ZZ",2.2254499719316475e-09,2.2254499719316476e-10
motional_heating,Motional heating/diffusion,10.0,0.01,A,"XY,XZ",1.000802234862845e-10,1.000802234862845e-11
motional_heating,Motional heating/diffusion,10.0,0.01,A,"XY,YI",1.9280168117746165e-10,1.9280168117746165e-11
motional_heating,Motional heating/diffusion,10.0,0.01,A,"XY,YX",5.683528111881172e-10,5.6835281118811716e-11
motional_heating,Motional heating/diffusion,10.0,0.01,A,"XY,YY",-7.520861602988056e-10,-7.520861602988056e-11
motional_heating,Motional heating/diffusion,10.0,0.01,A,"XY,YZ",4.856293962478039e-10,4.8562939624780395e-11
motional_heating,Motional heating/diffusion,10.0,0.01,A,"XY,ZI",-5.834927582531423e-10,-5.834927582531423e-11
motional_heating,Motional heating/diffusion,10.0,0.01,A,"XY,ZX",-1.603721496826444e-10,-1.603721496826444e-11
motional_heating,Motional heating/diffusion,10.0,0.01,A,"XY,ZY",2.161652058261043e-09,2.161652058261043e-10
motional_heating,Motional heating/diffusion,10.0,0.01,A,"XY,ZZ",7.670534305106886e-10,7.670534305106886e-11
motional_heating,Motional heating/diffusion,10.0,0.01,A,"XZ,YI",1.5815199305773911e-09,1.5815199305773912e-10
motional_heating,Motional heating/diffusion,10.0,0.01,A,"XZ,YX",-1.7579155024018919e-09,-1.7579155024018918e-10
motional_heating,Motional heating/diffusion,10.0,0.01,A,"XZ,YY",8.0349693922633e-10,8.0349693922633e-11
motional_heating,Motional heating/diffusion,10.0,0.01,A,"XZ,YZ",9.755250631619125e-10,9.755250631619125e-11
motional_heating,Motional heating/diffusion,10.0,0.01,A,"XZ,ZI",-1.8186219914710039e-09,-1.8186219914710039e-10
motional_heating,Motional heating/diffusion,10.0,0.01,A,"XZ,ZX",5.705459935905022e-10,5.705459935905022e-11
motional_heating,Motional heating/diffusion,10.0,0.01,A,"XZ,ZY",1.1418279711732802e-09,1.1418279711732803e-10
motional_heating,Motional heating/diffusion,10.0,0.01,A,"XZ,ZZ",-2.1033483757164245e-09,-2.1033483757164245e-10
motional_heating,Motional heating/diffusion,10.0,0.01,A,"YI,YX",-5.641328617223767e-09,-5.641328617223767e-10
motional_heating,Motional heating/diffusion,10.0,0.01,A,"YI,YY",-9.324524234277865e-10,-9.324524234277865e-11
motional_heating,Motional heating/diffusion,10.0,0.01,A,"YI,YZ",1.0280062262813905e-09,1.0280062262813906e-10
motional_heating,Motional heating/diffusion,10.0,0.01,A,"YI,ZI",-4.563568156976351e-09,-4.563568156976351e-10
motional_heating,Motional heating/diffusion,10.0,0.01,A,"YI,ZX",2.4820039926315776e-09,2.4820039926315775e-10
motional_heating,Motional heating/diffusion,10.0,0.01,A,"YI,ZY",1.952192454609155e-10,1.952192454609155e-11
motional_heating,Motional heating/diffusion,10.0,0.01,A,"YI,ZZ",-2.0127546780521045e-09,-2.0127546780521044e-10
motional_heating,Motional heating/diffusion,10.0,0.01,A,"YX,YY",1.2742523388447659e-09,1.274252338844766e-10
motional_heating,Motional heating/diffusion,10.0,0.01,A,"YX,YZ",1.5119653931144651e-09,1.511965393114465e-10
motional_heating,Motional heating/diffusion,10.0,0.01,A,"YX,ZI",-3.4459240483443844e-09,-3.4459240483443846e-10
motional_heating,Motional heating/diffusion,10.0,0.01,A,"YX,ZX",-2.351885481571855e-09,-2.3518854815718547e-10
motional_heating,Motional heating/diffusion,10.0,0.01,A,"YX,ZY",1.947825952065372e-09,1.9478259520653718e-10
motional_heating,Motional heating/diffusion,10.0,0.01,A,"YX,ZZ",-7.732340524227441e-10,-7.732340524227441e-11
motional_heating,Motional heating/diffusion,10.0,0.01,A,"YY,YZ",-2.533331764816283e-11,-2.533331764816283e-12
motional_heating,Motional heating/diffusion,10.0,0.01,A,"YY,ZI",-1.8327864182941873e-09,-1.8327864182941873e-10
motional_heating,Motional heating/diffusion,10.0,0.01,A,"YY,ZX",3.669077171942606e-10,3.669077171942606e-11
motional_heating,Motional heating/diffusion,10.0,0.01,A,"YY,ZY",1.3510635680114922e-09,1.3510635680114922e-10
motional_heating,Motional heating/diffusion,10.0,0.01,A,"YY,ZZ",-2.1053967998716733e-09,-2.1053967998716733e-10
motional_heating,Motional heating/diffusion,10.0,0.01,A,"YZ,ZI",9.649630399709542e-11,9.649630399709542e-12
motional_heating,Motional heating/diffusion,10.0,0.01,A,"YZ,ZX",2.544123299437574e-11,2.544123299437574e-12
motional_heating,Motional heating/diffusion,10.0,0.01,A,"YZ,ZY",-1.1707899990032642e-09,-1.170789999003264e-10
motional_heating,Motional heating/diffusion,10.0,0.01,A,"YZ,ZZ",5.0909972757929406e-11,5.090997275792941e-12
motional_heating,Motional heating/diffusion,10.0,0.01,A,"ZI,ZX",-3.1090841826977526e-09,-3.1090841826977526e-10
motional_heating,Motional heating/diffusion,10.0,0.01,A,"ZI,ZY",5.613004710463079e-10,5.613004710463079e-11
motional_heating,Motional heating/diffusion,10.0,0.01,A,"ZI,ZZ",2.7438692373801497e-10,2.7438692373801496e-11
motional_heating,Motional heating/diffusion,10.0,0.01,A,"ZX,ZY",1.6948027764193712e-10,1.6948027764193712e-11
motional_heating,Motional heating/diffusion,10.0,0.01,A,"ZX,ZZ",-1.17224221854959e-09,-1.17224221854959e-10
motional_heating,Motional heating/diffusion,10.0,0.01,A,"ZY,ZZ",-1.241698902897991e-09,-1.2416989028979908e-10
motional_heating,Motional heating/diffusion,10.0,0.01,C,"IX,IY",6.191231428056302e-10,6.191231428056302e-11
motional_heating,Motional heating/diffusion,10.0,0.01,C,"IX,IZ",5.553707482273239e-09,5.553707482273239e-10
motional_heating,Motional heating/diffusion,10.0,0.01,C,"IX,XI",0.00024382173718629413,2.438217371862941e-05
motional_heating,Motional heating/diffusion,10.0,0.01,C,"IX,XX",8.594836638977966e-09,8.594836638977966e-10
motional_heating,Motional heating/diffusion,10.0,0.01,C,"IX,XY",1.369669652296253e-09,1.369669652296253e-10
motional_heating,Motional heating/diffusion,10.0,0.01,C,"IX,XZ",-7.594880965596423e-10,-7.594880965596424e-11
motional_heating,Motional heating/diffusion,10.0,0.01,C,"IX,YI",1.287713008422624e-09,1.287713008422624e-10
motional_heating,Motional heating/diffusion,10.0,0.01,C,"IX,YX",2.214809599493894e-09,2.214809599493894e-10
motional_heating,Motional heating/diffusion,10.0,0.01,C,"IX,YY",-6.564394921263468e-10,-6.564394921263468e-11
motional_heating,Motional heating/diffusion,10.0,0.01,C,"IX,YZ",6.731499629542922e-12,6.731499629542922e-13
motional_heating,Motional heating/diffusion,10.0,0.01,C,"IX,ZI",2.144099613610032e-09,2.1440996136100319e-10
motional_heating,Motional heating/diffusion,10.0,0.01,C,"IX,ZX",-1.4958680323512018e-09,-1.495868032351202e-10
motional_heating,Motional heating/diffusion,10.0,0.01,C,"IX,ZY",2.3836887329757294e-10,2.3836887329757294e-11
motional_heating,Motional heating/diffusion,10.0,0.01,C,"IX,ZZ",-2.098269389572879e-09,-2.0982693895728792e-10
motional_heating,Motional heating/diffusion,10.0,0.01,C,"IY,IZ",2.6555214705349684e-09,2.6555214705349683e-10
motional_heating,Motional heating/diffusion,10.0,0.01,C,"IY,XI",8.261855399303678e-10,8.261855399303678e-11
motional_heating,Motional heating/diffusion,10.0,0.01,C,"IY,XX",1.0079441449430452e-09,1.0079441449430452e-10
motional_heating,Motional heating/diffusion,10.0,0.01,C,"IY,XY",2.684172964503745e-09,2.684172964503745e-10
motional_heating,Motional heating/diffusion,10.0,0.01,C,"IY,XZ",-1.213541382204112e-09,-1.213541382204112e-10
motional_heating,Motional heating/diffusion,10.0,0.01,C,"IY,YI",-9.969850067717029e-10,-9.969850067717029e-11
motional_heating,Motional heating/diffusion,10.0,0.01,C,"IY,YX",7.296689279774133e-10,7.296689279774133e-11
motional_heating,Motional heating/diffusion,10.0,0.01,C,"IY,YY",-1.832053812871312e-09,-1.832053812871312e-10
motional_heating,Motional heating/diffusion,10.0,0.01,C,"IY,YZ",-9.686613538470175e-10,-9.686613538470176e-11
motional_heating,Motional heating/diffusion,10.0,0.01,C,"IY,ZI",1.486824987051777e-10,1.486824987051777e-11
motional_heating,Motional heating/diffusion,10.0,0.01,C,"IY,ZX",-6.189434986993439e-10,-6.189434986993439e-11
motional_heating,Motional heating/diffusion,10.0,0.01,C,"IY,ZY",-3.0136112192070046e-10,-3.013611219207005e-11
motional_heating,Motional heating/diffusion,10.0,0.01,C,"IY,ZZ",1.4958564766043744e-09,1.4958564766043744e-10
motional_heating,Motional heating/diffusion,10.0,0.01,C,"IZ,XI",5.412884299654301e-09,5.412884299654301e-10
motional_heating,Motional heating/diffusion,10.0,0.01,C,"IZ,XX",-2.9761827393262384e-09,-2.9761827393262384e-10
motional_heating,Motional heating/diffusion,10.0,0.01,C,"IZ,XY",1.6367832295368598e-09,1.63678322953686e-10
motional_heating,Motional heating/diffusion,10.0,0.01,C,"IZ,XZ",-3.30882490621956e-10,-3.3088249062195597e-11
motional_heating,Motional heating/diffusion,10.0,0.01,C,"IZ,YI",-3.552669519157804e-10,-3.552669519157804e-11
motional_heating,Motional heating/diffusion,10.0,0.01,C,"IZ,YX",-1.7447445493358001e-09,-1.7447445493358002e-10
motional_heating,Motional heating/diffusion,10.0,0.01,C,"IZ,YY",-7.869319609783682e-10,-7.869319609783681e-11
motional_heating,Motional heating/diffusion,10.0,0.01,C,"IZ,YZ",1.7100936704304123e-09,1.7100936704304122e-10
motional_heating,Motional heating/diffusion,10.0,0.01,C,"IZ,ZI",-1.089539250123624e-09,-1.0895392501236239e-10
motional_heating,Motional heating/diffusion,10.0,0.01,C,"IZ,ZX",-1.4648420580360794e-10,-1.4648420580360795e-11
motional_heating,Motional heating/diffusion,10.0,0.01,C,"IZ,ZY",5.044229141975903e-10,5.044229141975903e-11
motional_heating,Motional heating/diffusion,10.0,0.01,C,"IZ,ZZ",-8.95246845807275e-10,-8.952468458072751e-11
motional_heating,Motional heating/diffusion,10.0,0.01,C,"XI,XX",2.6262803398322255e-09,2.6262803398322255e-10
motional_heating,Motional heating/diffusion,10.0,0.01,C,"XI,XY",1.2601343585900968e-09,1.2601343585900968e-10
motional_heating,Motional heating/diffusion,10.0,0.01,C,"XI,XZ",-1.88686795883614e-09,-1.8868679588361402e-10
motional_heating,Motional heating/diffusion,10.0,0.01,C,"XI,YI",-1.5387182430284938e-09,-1.5387182430284938e-10
motional_heating,Motional heating/diffusion,10.0,0.01,C,"XI,YX",7.643184714088995e-10,7.643184714088995e-11
motional_heating,Motional heating/diffusion,10.0,0.01,C,"XI,YY",-2.0311715993058724e-09,-2.0311715993058725e-10
motional_heating,Motional heating/diffusion,10.0,0.01,C,"XI,YZ",-2.55369800631682e-11,-2.55369800631682e-12
motional_heating,Motional heating/diffusion,10.0,0.01,C,"XI,ZI",2.801402810241575e-09,2.801402810241575e-10
motional_heating,Motional heating/diffusion,10.0,0.01,C,"XI,ZX",-6.204300385899239e-10,-6.204300385899238e-11
motional_heating,Motional heating/diffusion,10.0,0.01,C,"XI,ZY",-2.1906222138464697e-10,-2.19062221384647e-11
motional_heating,Motional heating/diffusion,10.0,0.01,C,"XI,ZZ",-1.2321893736720176e-09,-1.2321893736720177e-10
motional_heating,Motional heating/diffusion,10.0,0.01,C,"XX,XY",4.1709467234158533e-11,4.170946723415854e-12
motional_heating,Motional heating/diffusion,10.0,0.01,C,"XX,XZ",7.017527711359461e-09,7.017527711359461e-10
motional_heating,Motional heating/diffusion,10.0,0.01,C,"XX,YI",1.0280123153450569e-09,1.0280123153450568e-10
motional_heating,Motional heating/diffusion,10.0,0.01,C,"XX,YX",-5.9508148687344e-11,-5.9508148687344e-12
motional_heating,Motional heating/diffusion,10.0,0.01,C,"XX,YY",2.3839990520878996e-09,2.3839990520878997e-10
motional_heating,Motional heating/diffusion,10.0,0.01,C,"XX,YZ",-8.525894319340936e-10,-8.525894319340937e-11
motional_heating,Motional heating/diffusion,10.0,0.01,C,"XX,ZI",3.8054048845380166e-09,3.8054048845380166e-10
motional_heating,Motional heating/diffusion,10.0,0.01,C,"XX,ZX",2.73327016374109e-09,2.73327016374109e-10
motional_heating,Motional heating/diffusion,10.0,0.01,C,"XX,ZY",-2.033746570486366e-09,-2.0337465704863658e-10
motional_heating,Motional heating/diffusion,10.0,0.01,C,"XX,ZZ",-4.13520711656783e-10,-4.13520711656783e-11
motional_heating,Motional heating/diffusion,10.0,0.01,C,"XY,XZ",8.596141132412733e-10,8.596141132412734e-11
motional_heating,Motional heating/diffusion,10.0,0.01,C,"XY,YI",8.268054971997155e-10,8.268054971997155e-11
motional_heating,Motional heating/diffusion,10.0,0.01,C,"XY,YX",-1.7769971317569298e-09,-1.7769971317569298e-10
motional_heating,Motional heating/diffusion,10.0,0.01,C,"XY,YY",8.714837230826248e-10,8.714837230826249e-11
motional_heating,Motional heating/diffusion,10.0,0.01,C,"XY,YZ",1.2221126551623941e-09,1.2221126551623942e-10
motional_heating,Motional heating/diffusion,10.0,0.01,C,"XY,ZI",-9.284346417196473e-10,-9.284346417196473e-11
motional_heating,Motional heating/diffusion,10.0,0.01,C,"XY,ZX",1.1658639553511019e-09,1.165863955351102e-10
motional_heating,Motional heating/diffusion,10.0,0.01,C,"XY,ZY",7.706263179026728e-10,7.706263179026728e-11
motional_heating,Motional heating/diffusion,10.0,0.01,C,"XY,ZZ",-1.026688531217793e-09,-1.0266885312177931e-10
motional_heating,Motional heating/diffusion,10.0,0.01,C,"XZ,YI",-1.078200529165699e-09,-1.078200529165699e-10
motional_heating,Motional heating/diffusion,10.0,0.01,C,"XZ,YX",5.6190664472755134e-11,5.619066447275513e-12
motional_heating,Motional heating/diffusion,10.0,0.01,C,"XZ,YY",-1.7830199145479661e-09,-1.783019914547966e-10
motional_heating,Motional heating/diffusion,10.0,0.01,C,"XZ,YZ",-2.391188614731642e-10,-2.391188614731642e-11
motional_heating,Motional heating/diffusion,10.0,0.01,C,"XZ,ZI",5.131701530192917e-10,5.131701530192917e-11
motional_heating,Motional heating/diffusion,10.0,0.01,C,"XZ,ZX",-1.173653187713975e-09,-1.173653187713975e-10
motional_heating,Motional heating/diffusion,10.0,0.01,C,"XZ,ZY",-6.530344928890409e-10,-6.530344928890409e-11
motional_heating,Motional heating/diffusion,10.0,0.01,C,"XZ,ZZ",-9.428259985615227e-11,-9.428259985615226e-12
motional_heating,Motional heating/diffusion,10.0,0.01,C,"YI,YX",2.521487705755299e-09,2.5214877057552994e-10
motional_heating,Motional heating/diffusion,10.0,0.01,C,"YI,YY",-2.95599480388729e-09,-2.95599480388729e-10
motional_heating,Motional heating/diffusion,10.0,0.01,C,"YI,YZ",5.095393729010332e-10,5.0953937290103324e-11
motional_heating,Motional heating/diffusion,10.0,0.01,C,"YI,ZI",-1.4587090917845208e-10,-1.458709091784521e-11
motional_heating,Motional heating/diffusion,10.0,0.01,C,"YI,ZX",-6.016181045741434e-09,-6.016181045741434e-10
motional_heating,Motional heating/diffusion,10.0,0.01,C,"YI,ZY",-2.1649389959467085e-10,-2.1649389959467085e-11
motional_heating,Motional heating/diffusion,10.0,0.01,C,"YI,ZZ",1.1964135254019166e-09,1.1964135254019166e-10
motional_heating,Motional heating/diffusion,10.0,0.01,C,"YX,YY",1.4955394767154012e-11,1.4955394767154011e-12
motional_heating,Motional heating/diffusion,10.0,0.01,C,"YX,YZ",9.327016104441238e-10,9.327016104441239e-11
motional_heating,Motional heating/diffusion,10.0,0.01,C,"YX,ZI",1.2156275502009705e-09,1.2156275502009704e-10
motional_heating,Motional heating/diffusion,10.0,0.01,C,"YX,ZX",-3.3128428356961182e-09,-3.312842835696118e-10
motional_heating,Motional heating/diffusion,10.0,0.01,C,"YX,ZY",2.1382770227031954e-09,2.1382770227031953e-10
motional_heating,Motional heating/diffusion,10.0,0.01,C,"YX,ZZ",-2.0766264721517977e-09,-2.0766264721517979e-10
motional_heating,Motional heating/diffusion,10.0,0.01,C,"YY,YZ",8.951954442753549e-10,8.951954442753549e-11
motional_heating,Motional heating/diffusion,10.0,0.01,C,"YY,ZI",6.733616233886846e-10,6.733616233886846e-11
motional_heating,Motional heating/diffusion,10.0,0.01,C,"YY,ZX",-2.1238953046622784e-09,-2.1238953046622784e-10
motional_heating,Motional heating/diffusion,10.0,0.01,C,"YY,ZY",-6.451504516036431e-10,-6.45150451603643e-11
motional_heating,Motional heating/diffusion,10.0,0.01,C,"YY,ZZ",5.899745774993266e-10,5.899745774993266e-11
motional_heating,Motional heating/diffusion,10.0,0.01,C,"YZ,ZI",3.738670113879952e-10,3.738670113879952e-11
motional_heating,Motional heating/diffusion,10.0,0.01,C,"YZ,ZX",4.887883727709309e-10,4.887883727709309e-11
motional_heating,Motional heating/diffusion,10.0,0.01,C,"YZ,ZY",-1.7156044513692262e-09,-1.7156044513692263e-10
motional_heating,Motional heating/diffusion,10.0,0.01,C,"YZ,ZZ",6.302753445245422e-10,6.302753445245422e-11
motional_heating,Motional heating/diffusion,10.0,0.01,C,"ZI,ZX",1.917895625931979e-10,1.917895625931979e-11
motional_heating,Motional heating/diffusion,10.0,0.01,C,"ZI,ZY",2.115419446775532e-09,2.1154194467755322e-10
motional_heating,Motional heating/diffusion,10.0,0.01,C,"ZI,ZZ",-1.80376955056199e-09,-1.80376955056199e-10
motional_heating,Motional heating/diffusion,10.0,0.01,C,"ZX,ZY",-1.2110214863594425e-09,-1.2110214863594426e-10
motional_heating,Motional heating/diffusion,10.0,0.01,C,"ZX,ZZ",1.0436221534954134e-09,1.0436221534954134e-10
motional_heating,Motional heating/diffusion,10.0,0.01,C,"ZY,ZZ",1.873621769827062e-09,1.873621769827062e-10
motional_heating,Motional heating/diffusion,10.0,0.01,H,IX,-1.4709439969184754e-08,-1.4709439969184754e-09
motional_heating,Motional heating/diffusion,10.0,0.01,H,IY,-7.225107653616208e-09,-7.225107653616208e-10
motional_heating,Motional heating/diffusion,10.0,0.01,H,IZ,-2.5673172661906174e-11,-2.5673172661906174e-12
motional_heating,Motional heating/diffusion,10.0,0.01,H,XI,-4.6069121953477316e-09,-4.6069121953477315e-10
motional_heating,Motional heating/diffusion,10.0,0.01,H,XX,7.740475843367532e-06,7.740475843367532e-07
motional_heating,Motional heating/diffusion,10.0,0.01,H,XY,2.8536431929872855e-09,2.8536431929872853e-10
motional_heating,Motional heating/diffusion,10.0,0.01,H,XZ,9.628140193025164e-10,9.628140193025164e-11
motional_heating,Motional heating/diffusion,10.0,0.01,H,YI,-2.915850810904076e-09,-2.915850810904076e-10
motional_heating,Motional heating/diffusion,10.0,0.01,H,YX,-3.985928834860393e-09,-3.9859288348603934e-10
motional_heating,Motional heating/diffusion,10.0,0.01,H,YY,2.2454588713481e-09,2.2454588713481e-10
motional_heating,Motional heating/diffusion,10.0,0.01,H,YZ,-9.58883771338729e-10,-9.588837713387289e-11
motional_heating,Motional heating/diffusion,10.0,0.01,H,ZI,-6.772894836687236e-11,-6.772894836687236e-12
motional_heating,Motional heating/diffusion,10.0,0.01,H,ZX,1.092305626828219e-09,1.092305626828219e-10
motional_heating,Motional heating/diffusion,10.0,0.01,H,ZY,4.291947494622979e-09,4.2919474946229787e-10
motional_heating,Motional heating/diffusion,10.0,0.01,H,ZZ,-1.3728837897424255e-15,-1.3728837897424254e-16
motional_heating,Motional heating/diffusion,10.0,0.01,S,IX,0.00024382013638907073,2.4382013638907073e-05
motional_heating,Motional heating/diffusion,10.0,0.01,S,IY,-9.356007232516096e-10,-9.356007232516096e-11
motional_heating,Motional heating/diffusion,10.0,0.01,S,IZ,1.1308256216325955e-09,1.1308256216325954e-10
motional_heating,Motional heating/diffusion,10.0,0.01,S,XI,0.0002438235115462131,2.438235115462131e-05
motional_heating,Motional heating/diffusion,10.0,0.01,S,XX,1.537738661627133e-07,1.537738661627133e-08
motional_heating,Motional heating/diffusion,10.0,0.01,S,XY,2.1521315288143723e-10,2.1521315288143723e-11
motional_heating,Motional heating/diffusion,10.0,0.01,S,XZ,-1.274480742305856e-09,-1.2744807423058561e-10
motional_heating,Motional heating/diffusion,10.0,0.01,S,YI,2.5708492849607417e-09,2.570849284960742e-10
motional_heating,Motional heating/diffusion,10.0,0.01,S,YX,2.4072100599469275e-09,2.4072100599469275e-10
motional_heating,Motional heating/diffusion,10.0,0.01,S,YY,-3.217669015183767e-09,-3.2176690151837667e-10
motional_heating,Motional heating/diffusion,10.0,0.01,S,YZ,-1.361708987227179e-09,-1.361708987227179e-10
motional_heating,Motional heating/diffusion,10.0,0.01,S,ZI,1.136848982601123e-09,1.136848982601123e-10
motional_heating,Motional heating/diffusion,10.0,0.01,S,ZX,2.9634463401747592e-09,2.963446340174759e-10
motional_heating,Motional heating/diffusion,10.0,0.01,S,ZY,-2.0545596052850483e-09,-2.0545596052850482e-10
motional_heating,Motional heating/diffusion,10.0,0.01,S,ZZ,-2.2890822988577426e-09,-2.2890822988577425e-10
motional_heating,Motional heating/diffusion,10.0,1.0,A,"IX,IY",-1.906256552711912e-09,-1.9062565527119121e-10
motional_heating,Motional heating/diffusion,10.0,1.0,A,"IX,IZ",1.948672656773954e-09,1.948672656773954e-10
motional_heating,Motional heating/diffusion,10.0,1.0,A,"IX,XI",-4.130102705156011e-09,-4.1301027051560113e-10
motional_heating,Motional heating/diffusion,10.0,1.0,A,"IX,XX",-6.709338797961092e-09,-6.709338797961092e-10
motional_heating,Motional heating/diffusion,10.0,1.0,A,"IX,XY",-9.064644592461978e-10,-9.064644592461978e-11
motional_heating,Motional heating/diffusion,10.0,1.0,A,"IX,XZ",1.1417053835144962e-11,1.1417053835144961e-12
motional_heating,Motional heating/diffusion,10.0,1.0,A,"IX,YI",-1.6033370386607305e-09,-1.6033370386607304e-10
motional_heating,Motional heating/diffusion,10.0,1.0,A,"IX,YX",-3.806109688962539e-10,-3.806109688962539e-11
motional_heating,Motional heating/diffusion,10.0,1.0,A,"IX,YY",-2.980178778467012e-09,-2.980178778467012e-10
motional_heating,Motional heating/diffusion,10.0,1.0,A,"IX,YZ",-7.10321887681145e-10,-7.10321887681145e-11
motional_heating,Motional heating/diffusion,10.0,1.0,A,"IX,ZI",2.6077034818689486e-09,2.607703481868949e-10
motional_heating,Motional heating/diffusion,10.0,1.0,A,"IX,ZX",-4.049061408255048e-10,-4.049061408255048e-11
motional_heating,Motional heating/diffusion,10.0,1.0,A,"IX,ZY",1.307219796248429e-09,1.307219796248429e-10
motional_heating,Motional heating/diffusion,10.0,1.0,A,"IX,ZZ",-2.668888931979751e-09,-2.6688889319797513e-10
motional_heating,Motional heating/diffusion,10.0,1.0,A,"IY,IZ",2.4476021439663097e-09,2.4476021439663096e-10
motional_heating,Motional heating/diffusion,10.0,1.0,A,"IY,XI",1.1618697331889546e-09,1.1618697331889546e-10
motional_heating,Motional heating/diffusion,10.0,1.0,A,"IY,XX",2.2090334814126917e-09,2.2090334814126916e-10
motional_heating,Motional heating/diffusion,10.0,1.0,A,"IY,XY",-2.4110517341725e-09,-2.4110517341725e-10
motional_heating,Motional heating/diffusion,10.0,1.0,A,"IY,XZ",4.020874467798932e-10,4.0208744677989323e-11
motional_heating,Motional heating/diffusion,10.0,1.0,A,"IY,YI",4.465240312777895e-11,4.465240312777895e-12
motional_heating,Motional heating/diffusion,10.0,1.0,A,"IY,YX",5.651737561400462e-10,5.651737561400462e-11
motional_heating,Motional heating/diffusion,10.0,1.0,A,"IY,YY",4.009480025964477e-10,4.009480025964477e-11
motional_heating,Motional heating/diffusion,10.0,1.0,A,"IY,YZ",-5.481475511486563e-10,-5.481475511486562e-11
motional_heating,Motional heating/diffusion,10.0,1.0,A,"IY,ZI",-1.6476499491801542e-10,-1.647649949180154e-11
motional_heating,Motional heating/diffusion,10.0,1.0,A,"IY,ZX",1.7330207109075296e-10,1.7330207109075296e-11
motional_heating,Motional heating/diffusion,10.0,1.0,A,"IY,ZY",1.2298177330670066e-10,1.2298177330670067e-11
motional_heating,Motional heating/diffusion,10.0,1.0,A,"IY,ZZ",-1.948255102864149e-11,-1.948255102864149e-12
motional_heating,Motional heating/diffusion,10.0,1.0,A,"IZ,XI",-3.9059053169236265e-10,-3.905905316923626e-11
motional_heating,Motional heating/diffusion,10.0,1.0,A,"IZ,XX",3.5692947356581426e-10,3.569294735658143e-11
motional_heating,Motional heating/diffusion,10.0,1.0,A,"IZ,XY",1.1708266123386813e-09,1.1708266123386813e-10
motional_heating,Motional heating/diffusion,10.0,1.0,A,"IZ,XZ",-1.5650594290022354e-09,-1.5650594290022354e-10
motional_heating,Motional heating/diffusion,10.0,1.0,A,"IZ,YI",8.253813104835953e-10,8.253813104835953e-11
motional_heating,Motional heating/diffusion,10.0,1.0,A,"IZ,YX",2.0235475968919644e-11,2.023547596891964e-12
motional_heating,Motional heating/diffusion,10.0,1.0,A,"IZ,YY",-1.268762028433454e-10,-1.268762028433454e-11
motional_heating,Motional heating/diffusion,10.0,1.0,A,"IZ,YZ",1.2346669620222626e-09,1.2346669620222627e-10
motional_heating,Motional heating/diffusion,10.0,1.0,A,"IZ,ZI",-2.238034540716427e-10,-2.238034540716427e-11
motional_heating,Motional heating/diffusion,10.0,1.0,A,"IZ,ZX",4.662616494790891e-10,4.662616494790891e-11
motional_heating,Motional heating/diffusion,10.0,1.0,A,"IZ,ZY",-8.789370317702633e-10,-8.789370317702632e-11
motional_heating,Motional heating/diffusion,10.0,1.0,A,"IZ,ZZ",9.551503618064224e-10,9.551503618064224e-11
motional_heating,Motional heating/diffusion,10.0,1.0,A,"XI,XX",-4.868711221196534e-09,-4.868711221196534e-10
motional_heating,Motional heating/diffusion,10.0,1.0,A,"XI,XY",2.6442090691232355e-10,2.6442090691232354e-11
motional_heating,Motional heating/diffusion,10.0,1.0,A,"XI,XZ",3.206530086977275e-10,3.206530086977275e-11
motional_heating,Motional heating/diffusion,10.0,1.0,A,"XI,YI",-1.0594255338773656e-09,-1.0594255338773656e-10
motional_heating,Motional heating/diffusion,10.0,1.0,A,"XI,YX",-2.9002342948419517e-11,-2.900234294841952e-12
motional_heating,Motional heating/diffusion,10.0,1.0,A,"XI,YY",-2.7202609101475525e-09,-2.7202609101475524e-10
motional_heating,Motional heating/diffusion,10.0,1.0,A,"XI,YZ",-1.4563811272463816e-11,-1.4563811272463816e-12
motional_heating,Motional heating/diffusion,10.0,1.0,A,"XI,ZI",2.0830968058052195e-09,2.0830968058052194e-10
motional_heating,Motional heating/diffusion,10.0,1.0,A,"XI,ZX",4.756637627328953e-10,4.756637627328953e-11
motional_heating,Motional heating/diffusion,10.0,1.0,A,"XI,ZY",4.120664769024612e-10,4.120664769024612e-11
motional_heating,Motional heating/diffusion,10.0,1.0,A,"XI,ZZ",-2.281635781967127e-09,-2.281635781967127e-10
motional_heating,Motional heating/diffusion,10.0,1.0,A,"XX,XY",5.18402168639118e-10,5.184021686391181e-11
motional_heating,Motional heating/diffusion,10.0,1.0,A,"XX,XZ",-5.271717626248087e-09,-5.271717626248087e-10
motional_heating,Motional heating/diffusion,10.0,1.0,A,"XX,YI",9.687901669547123e-10,9.687901669547123e-11
motional_heating,Motional heating/diffusion,10.0,1.0,A,"XX,YX",2.012221935621078e-09,2.0122219356210782e-10
motional_heating,Motional heating/diffusion,10.0,1.0,A,"XX,YY",-4.7098971549098496e-14,-4.70989715490985e-15
motional_heating,Motional heating/diffusion,10.0,1.0,A,"XX,YZ",2.1818258296573722e-09,2.181825829657372e-10
motional_heating,Motional heating/diffusion,10.0,1.0,A,"XX,ZI",-3.959098238200157e-11,-3.959098238200157e-12
motional_heating,Motional heating/diffusion,10.0,1.0,A,"XX,ZX",-6.73723340331795e-09,-6.73723340331795e-10
motional_heating,Motional heating/diffusion,10.0,1.0,A,"XX,ZY",9.595712691385678e-10,9.595712691385678e-11
motional_heating,Motional heating/diffusion,10.0,1.0,A,"XX,ZZ",5.325237867392883e-09,5.325237867392883e-10
motional_heating,Motional heating/diffusion,10.0,1.0,A,"XY,XZ",1.5241522721952248e-09,1.5241522721952248e-10
motional_heating,Motional heating/diffusion,10.0,1.0,A,"XY,YI",-1.2680767365644569e-09,-1.268076736564457e-10
motional_heating,Motional heating/diffusion,10.0,1.0,A,"XY,YX",-2.317346007802099e-10,-2.317346007802099e-11
motional_heating,Motional heating/diffusion,10.0,1.0,A,"XY,YY",-3.6012022233898444e-10,-3.601202223389844e-11
motional_heating,Motional heating/diffusion,10.0,1.0,A,"XY,YZ",-2.6992047088683766e-10,-2.6992047088683766e-11
motional_heating,Motional heating/diffusion,10.0,1.0,A,"XY,ZI",4.801749277591357e-10,4.801749277591357e-11
motional_heating,Motional heating/diffusion,10.0,1.0,A,"XY,ZX",-8.819789548929552e-10,-8.819789548929551e-11
motional_heating,Motional heating/diffusion,10.0,1.0,A,"XY,ZY",1.5183080043800984e-10,1.5183080043800984e-11
motional_heating,Motional heating/diffusion,10.0,1.0,A,"XY,ZZ",-7.041648908923859e-10,-7.041648908923858e-11
motional_heating,Motional heating/diffusion,10.0,1.0,A,"XZ,YI",2.665342823413512e-11,2.665342823413512e-12
motional_heating,Motional heating/diffusion,10.0,1.0,A,"XZ,YX",8.21447563357086e-10,8.214475633570861e-11
motional_heating,Motional heating/diffusion,10.0,1.0,A,"XZ,YY",4.709989110671203e-10,4.709989110671203e-11
motional_heating,Motional heating/diffusion,10.0,1.0,A,"XZ,YZ",-4.005256656458838e-10,-4.005256656458838e-11
motional_heating,Motional heating/diffusion,10.0,1.0,A,"XZ,ZI",-5.412678946669812e-10,-5.412678946669812e-11
motional_heating,Motional heating/diffusion,10.0,1.0,A,"XZ,ZX",2.2169250405068511e-10,2.216925040506851e-11
motional_heating,Motional heating/diffusion,10.0,1.0,A,"XZ,ZY",-8.869981261041668e-11,-8.869981261041667e-12
motional_heating,Motional heating/diffusion,10.0,1.0,A,"XZ,ZZ",4.5551093949579977e-10,4.555109394957998e-11
motional_heating,Motional heating/diffusion,10.0,1.0,A,"YI,YX",-1.0930409053309554e-09,-1.0930409053309554e-10
motional_heating,Motional heating/diffusion,10.0,1.0,A,"YI,YY",-2.511406024210169e-10,-2.511406024210169e-11
motional_heating,Motional heating/diffusion,10.0,1.0,A,"YI,YZ",6.039840413099723e-10,6.039840413099722e-11
motional_heating,Motional heating/diffusion,10.0,1.0,A,"YI,ZI",3.3601875919272285e-10,3.3601875919272287e-11
motional_heating,Motional heating/diffusion,10.0,1.0,A,"YI,ZX",1.3243664027582074e-09,1.3243664027582075e-10
motional_heating,Motional heating/diffusion,10.0,1.0,A,"YI,ZY",-7.8407951531853e-11,-7.840795153185299e-12
motional_heating,Motional heating/diffusion,10.0,1.0,A,"YI,ZZ",7.374191332128294e-10,7.374191332128294e-11
motional_heating,Motional heating/diffusion,10.0,1.0,A,"YX,YY",-2.0613717957924923e-11,-2.0613717957924925e-12
motional_heating,Motional heating/diffusion,10.0,1.0,A,"YX,YZ",2.297727681636742e-10,2.297727681636742e-11
motional_heating,Motional heating/diffusion,10.0,1.0,A,"YX,ZI",-1.7990202050573276e-09,-1.7990202050573277e-10
motional_heating,Motional heating/diffusion,10.0,1.0,A,"YX,ZX",1.24034956502054e-09,1.24034956502054e-10
motional_heating,Motional heating/diffusion,10.0,1.0,A,"YX,ZY",1.2359885727523708e-10,1.2359885727523708e-11
motional_heating,Motional heating/diffusion,10.0,1.0,A,"YX,ZZ",-8.942709003100907e-11,-8.942709003100906e-12
motional_heating,Motional heating/diffusion,10.0,1.0,A,"YY,YZ",6.181913333800387e-11,6.181913333800387e-12
motional_heating,Motional heating/diffusion,10.0,1.0,A,"YY,ZI",-7.597750269133911e-10,-7.597750269133911e-11
motional_heating,Motional heating/diffusion,10.0,1.0,A,"YY,ZX",1.8253615896401732e-10,1.825361589640173e-11
motional_heating,Motional heating/diffusion,10.0,1.0,A,"YY,ZY",5.446901155170275e-10,5.446901155170275e-11
motional_heating,Motional heating/diffusion,10.0,1.0,A,"YY,ZZ",-1.3044049178531397e-10,-1.3044049178531397e-11
motional_heating,Motional heating/diffusion,10.0,1.0,A,"YZ,ZI",1.1536929781627984e-09,1.1536929781627983e-10
motional_heating,Motional heating/diffusion,10.0,1.0,A,"YZ,ZX",5.2202460289596103e-11,5.22024602895961e-12
motional_heating,Motional heating/diffusion,10.0,1.0,A,"YZ,ZY",5.844924804746865e-10,5.844924804746865e-11
motional_heating,Motional heating/diffusion,10.0,1.0,A,"YZ,ZZ",-2.8775936578310885e-10,-2.8775936578310885e-11
motional_heating,Motional heating/diffusion,10.0,1.0,A,"ZI,ZX",-1.133389480934518e-09,-1.133389480934518e-10
motional_heating,Motional heating/diffusion,10.0,1.0,A,"ZI,ZY",9.273755420338297e-10,9.273755420338296e-11
motional_heating,Motional heating/diffusion,10.0,1.0,A,"ZI,ZZ",3.750817769461694e-10,3.750817769461694e-11
motional_heating,Motional heating/diffusion,10.0,1.0,A,"ZX,ZY",4.887610009123908e-10,4.887610009123908e-11
motional_heating,Motional heating/diffusion,10.0,1.0,A,"ZX,ZZ",1.6344154370348725e-10,1.6344154370348725e-11
motional_heating,Motional heating/diffusion,10.0,1.0,A,"ZY,ZZ",6.793903885725978e-10,6.793903885725978e-11
motional_heating,Motional heating/diffusion,10.0,1.0,C,"IX,IY",-6.870617781975244e-10,-6.870617781975244e-11
motional_heating,Motional heating/diffusion,10.0,1.0,C,"IX,IZ",-6.443471488193465e-10,-6.443471488193464e-11
motional_heating,Motional heating/diffusion,10.0,1.0,C,"IX,XI",0.00023911428567925802,2.3911428567925802e-05
motional_heating,Motional heating/diffusion,10.0,1.0,C,"IX,XX",-1.7848323194389725e-09,-1.7848323194389724e-10
motional_heating,Motional heating/diffusion,10.0,1.0,C,"IX,XY",5.940610160694628e-10,5.940610160694628e-11
motional_heating,Motional heating/diffusion,10.0,1.0,C,"IX,XZ",1.4544797434361879e-09,1.454479743436188e-10
motional_heating,Motional heating/diffusion,10.0,1.0,C,"IX,YI",-1.926872536060098e-10,-1.926872536060098e-11
motional_heating,Motional heating/diffusion,10.0,1.0,C,"IX,YX",3.196914377572325e-09,3.196914377572325e-10
motional_heating,Motional heating/diffusion,10.0,1.0,C,"IX,YY",1.4766261521064093e-09,1.4766261521064092e-10
motional_heating,Motional heating/diffusion,10.0,1.0,C,"IX,YZ",-8.142194393801672e-11,-8.142194393801671e-12
motional_heating,Motional heating/diffusion,10.0,1.0,C,"IX,ZI",-1.075419947251617e-09,-1.0754199472516169e-10
motional_heating,Motional heating/diffusion,10.0,1.0,C,"IX,ZX",1.103994547182571e-09,1.1039945471825709e-10
motional_heating,Motional heating/diffusion,10.0,1.0,C,"IX,ZY",-3.670046445859257e-11,-3.670046445859257e-12
motional_heating,Motional heating/diffusion,10.0,1.0,C,"IX,ZZ",1.8345241932797189e-09,1.834524193279719e-10
motional_heating,Motional heating/diffusion,10.0,1.0,C,"IY,IZ",1.0378990811219828e-09,1.0378990811219827e-10
motional_heating,Motional heating/diffusion,10.0,1.0,C,"IY,XI",-5.5751075499768485e-11,-5.5751075499768485e-12
motional_heating,Motional heating/diffusion,10.0,1.0,C,"IY,XX",2.953008204512686e-09,2.9530082045126863e-10
motional_heating,Motional heating/diffusion,10.0,1.0,C,"IY,XY",-1.3227266958193905e-09,-1.3227266958193904e-10
motional_heating,Motional heating/diffusion,10.0,1.0,C,"IY,XZ",-2.325172476636667e-10,-2.3251724766366672e-11
motional_heating,Motional heating/diffusion,10.0,1.0,C,"IY,YI",7.41024899264805e-10,7.41024899264805e-11
motional_heating,Motional heating/diffusion,10.0,1.0,C,"IY,YX",4.665836876182248e-10,4.665836876182248e-11
motional_heating,Motional heating/diffusion,10.0,1.0,C,"IY,YY",-2.7828716106972862e-11,-2.7828716106972862e-12
motional_heating,Motional heating/diffusion,10.0,1.0,C,"IY,YZ",7.660403190896183e-10,7.660403190896183e-11
motional_heating,Motional heating/diffusion,10.0,1.0,C,"IY,ZI",7.773708257441629e-10,7.77370825744163e-11
motional_heating,Motional heating/diffusion,10.0,1.0,C,"IY,ZX",1.9302429961202944e-10,1.9302429961202943e-11
motional_heating,Motional heating/diffusion,10.0,1.0,C,"IY,ZY",-4.8686114652971084e-11,-4.868611465297108e-12
motional_heating,Motional heating/diffusion,10.0,1.0,C,"IY,ZZ",6.982787236005483e-12,6.982787236005483e-13
motional_heating,Motional heating/diffusion,10.0,1.0,C,"IZ,XI",1.8036932540696052e-11,1.8036932540696052e-12
motional_heating,Motional heating/diffusion,10.0,1.0,C,"IZ,XX",-2.557043928129033e-09,-2.557043928129033e-10
motional_heating,Motional heating/diffusion,10.0,1.0,C,"IZ,XY",4.222984003255193e-09,4.222984003255193e-10
motional_heating,Motional heating/diffusion,10.0,1.0,C,"IZ,XZ",-6.797317971256831e-11,-6.7973179712568304e-12
motional_heating,Motional heating/diffusion,10.0,1.0,C,"IZ,YI",1.2863723319742396e-09,1.2863723319742395e-10
motional_heating,Motional heating/diffusion,10.0,1.0,C,"IZ,YX",-1.2151199589469007e-09,-1.2151199589469008e-10
motional_heating,Motional heating/diffusion,10.0,1.0,C,"IZ,YY",4.352123245393578e-10,4.352123245393578e-11
motional_heating,Motional heating/diffusion,10.0,1.0,C,"IZ,YZ",-3.8487684177757454e-10,-3.848768417775745e-11
motional_heating,Motional heating/diffusion,10.0,1.0,C,"IZ,ZI",-1.665201416440962e-09,-1.665201416440962e-10
motional_heating,Motional heating/diffusion,10.0,1.0,C,"IZ,ZX",1.0087072538208836e-09,1.0087072538208836e-10
motional_heating,Motional heating/diffusion,10.0,1.0,C,"IZ,ZY",1.064514603190475e-09,1.064514603190475e-10
motional_heating,Motional heating/diffusion,10.0,1.0,C,"IZ,ZZ",1.2539799560628985e-10,1.2539799560628985e-11
motional_heating,Motional heating/diffusion,10.0,1.0,C,"XI,XX",-2.4128071935450725e-11,-2.4128071935450724e-12
motional_heating,Motional heating/diffusion,10.0,1.0,C,"XI,XY",8.887721981142915e-10,8.887721981142914e-11
motional_heating,Motional heating/diffusion,10.0,1.0,C,"XI,XZ",1.6286253251159432e-09,1.628625325115943e-10
motional_heating,Motional heating/diffusion,10.0,1.0,C,"XI,YI",-2.888788474730759e-10,-2.888788474730759e-11
motional_heating,Motional heating/diffusion,10.0,1.0,C,"XI,YX",5.233567626588664e-10,5.233567626588664e-11
motional_heating,Motional heating/diffusion,10.0,1.0,C,"XI,YY",1.6646844852817771e-09,1.664684485281777e-10
motional_heating,Motional heating/diffusion,10.0,1.0,C,"XI,YZ",5.447538306668687e-12,5.447538306668686e-13
motional_heating,Motional heating/diffusion,10.0,1.0,C,"XI,ZI",4.831587021591059e-10,4.8315870215910594e-11
motional_heating,Motional heating/diffusion,10.0,1.0,C,"XI,ZX",2.3818831284989415e-09,2.3818831284989415e-10
motional_heating,Motional heating/diffusion,10.0,1.0,C,"XI,ZY",1.1255324930541157e-10,1.1255324930541157e-11
motional_heating,Motional heating/diffusion,10.0,1.0,C,"XI,ZZ",1.0276340002561916e-09,1.0276340002561917e-10
motional_heating,Motional heating/diffusion,10.0,1.0,C,"XX,XY",4.434282899577966e-10,4.434282899577966e-11
motional_heating,Motional heating/diffusion,10.0,1.0,C,"XX,XZ",-1.4942569736028517e-09,-1.4942569736028517e-10
motional_heating,Motional heating/diffusion,10.0,1.0,C,"XX,YI",2.6885832325199023e-09,2.688583232519902e-10
motional_heating,Motional heating/diffusion,10.0,1.0,C,"XX,YX",2.64386303947537e-10,2.64386303947537e-11
motional_heating,Motional heating/diffusion,10.0,1.0,C,"XX,YY",-3.1153622426768217e-09,-3.115362242676822e-10
motional_heating,Motional heating/diffusion,10.0,1.0,C,"XX,YZ",-2.388090949301132e-09,-2.388090949301132e-10
motional_heating,Motional heating/diffusion,10.0,1.0,C,"XX,ZI",-8.970559443488561e-10,-8.97055944348856e-11
motional_heating,Motional heating/diffusion,10.0,1.0,C,"XX,ZX",1.1065483020550226e-09,1.1065483020550227e-10
motional_heating,Motional heating/diffusion,10.0,1.0,C,"XX,ZY",-3.3121152311214017e-09,-3.3121152311214017e-10
motional_heating,Motional heating/diffusion,10.0,1.0,C,"XX,ZZ",6.629250576827573e-10,6.629250576827574e-11
motional_heating,Motional heating/diffusion,10.0,1.0,C,"XY,XZ",-4.602255269986164e-10,-4.6022552699861644e-11
motional_heating,Motional heating/diffusion,10.0,1.0,C,"XY,YI",-1.4595155762748141e-10,-1.4595155762748143e-11
motional_heating,Motional heating/diffusion,10.0,1.0,C,"XY,YX",2.922072172482957e-10,2.922072172482957e-11
motional_heating,Motional heating/diffusion,10.0,1.0,C,"XY,YY",-5.842190706003204e-10,-5.842190706003204e-11
motional_heating,Motional heating/diffusion,10.0,1.0,C,"XY,YZ",-9.57508735711653e-10,-9.57508735711653e-11
motional_heating,Motional heating/diffusion,10.0,1.0,C,"XY,ZI",-6.734427979237983e-10,-6.734427979237984e-11
motional_heating,Motional heating/diffusion,10.0,1.0,C,"XY,ZX",-6.590096732294277e-10,-6.590096732294277e-11
motional_heating,Motional heating/diffusion,10.0,1.0,C,"XY,ZY",-2.9122512227769565e-10,-2.9122512227769566e-11
motional_heating,Motional heating/diffusion,10.0,1.0,C,"XY,ZZ",5.424923453229953e-10,5.424923453229953e-11
motional_heating,Motional heating/diffusion,10.0,1.0,C,"XZ,YI",7.604065952641348e-10,7.604065952641348e-11
motional_heating,Motional heating/diffusion,10.0,1.0,C,"XZ,YX",3.9754052513416334e-10,3.9754052513416335e-11
motional_heating,Motional heating/diffusion,10.0,1.0,C,"XZ,YY",4.727553912758575e-10,4.7275539127585753e-11
motional_heating,Motional heating/diffusion,10.0,1.0,C,"XZ,YZ",8.617114087066044e-10,8.617114087066044e-11
motional_heating,Motional heating/diffusion,10.0,1.0,C,"XZ,ZI",9.62948513810339e-10,9.629485138103391e-11
motional_heating,Motional heating/diffusion,10.0,1.0,C,"XZ,ZX",7.463890623604221e-10,7.463890623604221e-11
motional_heating,Motional heating/diffusion,10.0,1.0,C,"XZ,ZY",-2.2215184482931953e-10,-2.2215184482931953e-11
motional_heating,Motional heating/diffusion,10.0,1.0,C,"XZ,ZZ",7.768094349039937e-12,7.768094349039937e-13
motional_heating,Motional heating/diffusion,10.0,1.0,C,"YI,YX",-9.117924707679928e-10,-9.117924707679927e-11
motional_heating,Motional heating/diffusion,10.0,1.0,C,"YI,YY",5.339607283267202e-10,5.339607283267202e-11
motional_heating,Motional heating/diffusion,10.0,1.0,C,"YI,YZ",-5.547768840864422e-10,-5.547768840864422e-11
motional_heating,Motional heating/diffusion,10.0,1.0,C,"YI,ZI",9.334491308253136e-10,9.334491308253136e-11
motional_heating,Motional heating/diffusion,10.0,1.0,C,"YI,ZX",1.7093264095879403e-09,1.7093264095879401e-10
motional_heating,Motional heating/diffusion,10.0,1.0,C,"YI,ZY",1.3007224091934481e-10,1.3007224091934481e-11
motional_heating,Motional heating/diffusion,10.0,1.0,C,"YI,ZZ",4.926435922301564e-10,4.9264359223015644e-11
motional_heating,Motional heating/diffusion,10.0,1.0,C,"YX,YY",1.809849258800282e-10,1.809849258800282e-11
motional_heating,Motional heating/diffusion,10.0,1.0,C,"YX,YZ",1.568392162353211e-09,1.568392162353211e-10
motional_heating,Motional heating/diffusion,10.0,1.0,C,"YX,ZI",5.034562671245623e-09,5.034562671245624e-10
motional_heating,Motional heating/diffusion,10.0,1.0,C,"YX,ZX",2.5743742870409954e-09,2.5743742870409953e-10
motional_heating,Motional heating/diffusion,10.0,1.0,C,"YX,ZY",-1.532277803398661e-10,-1.5322778033986612e-11
motional_heating,Motional heating/diffusion,10.0,1.0,C,"YX,ZZ",-1.0232275655867089e-09,-1.0232275655867089e-10
motional_heating,Motional heating/diffusion,10.0,1.0,C,"YY,YZ",3.474334203700879e-11,3.474334203700879e-12
motional_heating,Motional heating/diffusion,10.0,1.0,C,"YY,ZI",-7.394902338728301e-12,-7.394902338728301e-13
motional_heating,Motional heating/diffusion,10.0,1.0,C,"YY,ZX",2.569072753102421e-10,2.569072753102421e-11
motional_heating,Motional heating/diffusion,10.0,1.0,C,"YY,ZY",4.782175317064594e-10,4.7821753170645945e-11
motional_heating,Motional heating/diffusion,10.0,1.0,C,"YY,ZZ",1.7753933363056675e-10,1.7753933363056675e-11
motional_heating,Motional heating/diffusion,10.0,1.0,C,"YZ,ZI",2.876496579553774e-10,2.8764965795537742e-11
motional_heating,Motional heating/diffusion,10.0,1.0,C,"YZ,ZX",-7.654827970938698e-10,-7.654827970938697e-11
motional_heating,Motional heating/diffusion,10.0,1.0,C,"YZ,ZY",-8.356892926281037e-10,-8.356892926281037e-11
motional_heating,Motional heating/diffusion,10.0,1.0,C,"YZ,ZZ",3.9312219696776687e-10,3.931221969677669e-11
motional_heating,Motional heating/diffusion,10.0,1.0,C,"ZI,ZX",-1.8332549023413181e-09,-1.8332549023413181e-10
motional_heating,Motional heating/diffusion,10.0,1.0,C,"ZI,ZY",-4.623531399528731e-10,-4.623531399528731e-11
motional_heating,Motional heating/diffusion,10.0,1.0,C,"ZI,ZZ",4.937362395053399e-10,4.937362395053399e-11
motional_heating,Motional heating/diffusion,10.0,1.0,C,"ZX,ZY",3.6759486349021467e-10,3.6759486349021465e-11
motional_heating,Motional heating/diffusion,10.0,1.0,C,"ZX,ZZ",1.3173183295972294e-09,1.3173183295972293e-10
motional_heating,Motional heating/diffusion,10.0,1.0,C,"ZY,ZZ",4.1201732034242687e-10,4.120173203424269e-11
motional_heating,Motional heating/diffusion,10.0,1.0,H,IX,-5.9034426357127574e-09,-5.903442635712758e-10
motional_heating,Motional heating/diffusion,10.0,1.0,H,IY,1.4460511828539039e-09,1.4460511828539038e-10
motional_heating,Motional heating/diffusion,10.0,1.0,H,IZ,-3.025895969013543e-10,-3.025895969013543e-11
motional_heating,Motional heating/diffusion,10.0,1.0,H,XI,-7.744301784543262e-09,-7.744301784543261e-10
motional_heating,Motional heating/diffusion,10.0,1.0,H,XX,7.963541275391414e-06,7.963541275391414e-07
motional_heating,Motional heating/diffusion,10.0,1.0,H,XY,2.508632278708167e-09,2.508632278708167e-10
motional_heating,Motional heating/diffusion,10.0,1.0,H,XZ,2.2071643559875566e-09,2.2071643559875565e-10
motional_heating,Motional heating/diffusion,10.0,1.0,H,YI,-1.1679434198794127e-09,-1.1679434198794126e-10
motional_heating,Motional heating/diffusion,10.0,1.0,H,YX,8.355272305034255e-10,8.355272305034255e-11
motional_heating,Motional heating/diffusion,10.0,1.0,H,YY,5.325492131321102e-09,5.325492131321103e-10
motional_heating,Motional heating/diffusion,10.0,1.0,H,YZ,-8.200842005421332e-10,-8.200842005421332e-11
motional_heating,Motional heating/diffusion,10.0,1.0,H,ZI,-2.7900923866271952e-11,-2.7900923866271953e-12
motional_heating,Motional heating/diffusion,10.0,1.0,H,ZX,2.3963500585731798e-09,2.39635005857318e-10
motional_heating,Motional heating/diffusion,10.0,1.0,H,ZY,-2.0423209260985475e-09,-2.0423209260985475e-10
motional_heating,Motional heating/diffusion,10.0,1.0,H,ZZ,-7.954591282534579e-17,-7.954591282534578e-18
motional_heating,Motional heating/diffusion,10.0,1.0,S,IX,0.0002391109552364588,2.391109552364588e-05
motional_heating,Motional heating/diffusion,10.0,1.0,S,IY,-1.4050172225752583e-09,-1.4050172225752583e-10
motional_heating,Motional heating/diffusion,10.0,1.0,S,IZ,-2.4416007033290377e-09,-2.4416007033290376e-10
motional_heating,Motional heating/diffusion,10.0,1.0,S,XI,0.00023911633312330367,2.391163331233037e-05
motional_heating,Motional heating/diffusion,10.0,1.0,S,XX,3.477346294133235e-07,3.477346294133235e-08
motional_heating,Motional heating/diffusion,10.0,1.0,S,XY,-3.2529002868191903e-09,-3.25290028681919e-10
motional_heating,Motional heating/diffusion,10.0,1.0,S,XZ,4.787495553056184e-10,4.787495553056184e-11
motional_heating,Motional heating/diffusion,10.0,1.0,S,YI,1.3421305493301235e-09,1.3421305493301234e-10
motional_heating,Motional heating/diffusion,10.0,1.0,S,YX,-3.6849528231721424e-09,-3.684952823172142e-10
motional_heating,Motional heating/diffusion,10.0,1.0,S,YY,-3.560980834206931e-11,-3.560980834206931e-12
motional_heating,Motional heating/diffusion,10.0,1.0,S,YZ,1.3054286387222287e-10,1.3054286387222288e-11
motional_heating,Motional heating/diffusion,10.0,1.0,S,ZI,-2.908569498060099e-09,-2.9085694980600994e-10
motional_heating,Motional heating/diffusion,10.0,1.0,S,ZX,8.85557850634829e-11,8.85557850634829e-12
motional_heating,Motional heating/diffusion,10.0,1.0,S,ZY,-3.630498282577543e-10,-3.6304982825775433e-11
motional_heating,Motional heating/diffusion,10.0,1.0,S,ZZ,-6.690418616388466e-11,-6.690418616388467e-12
motional_heating,Motional heating/diffusion,10.0,2.0,A,"IX,IY",3.7718443771820274e-09,3.7718443771820275e-10
motional_heating,Motional heating/diffusion,10.0,2.0,A,"IX,IZ",-4.807381940602339e-09,-4.807381940602339e-10
motional_heating,Motional heating/diffusion,10.0,2.0,A,"IX,XI",1.0543699668553111e-08,1.0543699668553112e-09
motional_heating,Motional heating/diffusion,10.0,2.0,A,"IX,XX",4.67862232869916e-09,4.67862232869916e-10
motional_heating,Motional heating/diffusion,10.0,2.0,A,"IX,XY",1.2942682912479698e-10,1.2942682912479699e-11
motional_heating,Motional heating/diffusion,10.0,2.0,A,"IX,XZ",2.2216720924507129e-10,2.2216720924507128e-11
motional_heating,Motional heating/diffusion,10.0,2.0,A,"IX,YI",1.3221864974925849e-09,1.322186497492585e-10
motional_heating,Motional heating/diffusion,10.0,2.0,A,"IX,YX",-3.7347376567785035e-09,-3.7347376567785034e-10
motional_heating,Motional heating/diffusion,10.0,2.0,A,"IX,YY",-6.356707042142167e-09,-6.356707042142166e-10
motional_heating,Motional heating/diffusion,10.0,2.0,A,"IX,YZ",3.144491368837635e-10,3.144491368837635e-11
motional_heating,Motional heating/diffusion,10.0,2.0,A,"IX,ZI",-1.8615212995056787e-09,-1.8615212995056787e-10
motional_heating,Motional heating/diffusion,10.0,2.0,A,"IX,ZX",-3.862488890792818e-09,-3.8624888907928175e-10
motional_heating,Motional heating/diffusion,10.0,2.0,A,"IX,ZY",9.594208850747665e-11,9.594208850747665e-12
motional_heating,Motional heating/diffusion,10.0,2.0,A,"IX,ZZ",-6.083329302183111e-09,-6.083329302183111e-10
motional_heating,Motional heating/diffusion,10.0,2.0,A,"IY,IZ",-2.3390365419432984e-10,-2.3390365419432984e-11
motional_heating,Motional heating/diffusion,10.0,2.0,A,"IY,XI",-3.0271395961305076e-09,-3.0271395961305074e-10
motional_heating,Motional heating/diffusion,10.0,2.0,A,"IY,XX",-1.0113161685904241e-09,-1.0113161685904241e-10
motional_heating,Motional heating/diffusion,10.0,2.0,A,"IY,XY",2.1431747970496375e-09,2.1431747970496374e-10
motional_heating,Motional heating/diffusion,10.0,2.0,A,"IY,XZ",-1.426248148636523e-09,-1.426248148636523e-10
motional_heating,Motional heating/diffusion,10.0,2.0,A,"IY,YI",-4.916311479178419e-10,-4.9163114791784187e-11
motional_heating,Motional heating/diffusion,10.0,2.0,A,"IY,YX",2.314725353613844e-09,2.3147253536138438e-10
motional_heating,Motional heating/diffusion,10.0,2.0,A,"IY,YY",2.6916549729941555e-09,2.6916549729941554e-10
motional_heating,Motional heating/diffusion,10.0,2.0,A,"IY,YZ",9.745775790576201e-10,9.745775790576202e-11
motional_heating,Motional heating/diffusion,10.0,2.0,A,"IY,ZI",-3.631747303692174e-09,-3.631747303692174e-10
motional_heating,Motional heating/diffusion,10.0,2.0,A,"IY,ZX",1.6950566477257235e-09,1.6950566477257234e-10
motional_heating,Motional heating/diffusion,10.0,2.0,A,"IY,ZY",-1.2298414114151568e-09,-1.2298414114151567e-10
motional_heating,Motional heating/diffusion,10.0,2.0,A,"IY,ZZ",9.240087938069567e-10,9.240087938069567e-11
motional_heating,Motional heating/diffusion,10.0,2.0,A,"IZ,XI",5.522952467074272e-09,5.522952467074272e-10
motional_heating,Motional heating/diffusion,10.0,2.0,A,"IZ,XX",-3.4059705159461416e-10,-3.405970515946142e-11
motional_heating,Motional heating/diffusion,10.0,2.0,A,"IZ,XY",-1.6758304123467693e-09,-1.6758304123467693e-10
motional_heating,Motional heating/diffusion,10.0,2.0,A,"IZ,XZ",2.0369790130041004e-09,2.0369790130041005e-10
motional_heating,Motional heating/diffusion,10.0,2.0,A,"IZ,YI",2.799673015157478e-09,2.7996730151574776e-10
motional_heating,Motional heating/diffusion,10.0,2.0,A,"IZ,YX",7.595833801589805e-10,7.595833801589805e-11
motional_heating,Motional heating/diffusion,10.0,2.0,A,"IZ,YY",3.649993620592148e-09,3.649993620592148e-10
motional_heating,Motional heating/diffusion,10.0,2.0,A,"IZ,YZ",1.3644974111867643e-09,1.3644974111867643e-10
motional_heating,Motional heating/diffusion,10.0,2.0,A,"IZ,ZI",-7.825113152835058e-11,-7.825113152835058e-12
motional_heating,Motional heating/diffusion,10.0,2.0,A,"IZ,ZX",3.3987153678464802e-09,3.39871536784648e-10
motional_heating,Motional heating/diffusion,10.0,2.0,A,"IZ,ZY",3.6750662121385316e-09,3.6750662121385316e-10
motional_heating,Motional heating/diffusion,10.0,2.0,A,"IZ,ZZ",-1.8138185532661305e-09,-1.8138185532661306e-10
motional_heating,Motional heating/diffusion,10.0,2.0,A,"XI,XX",-8.647455397405435e-09,-8.647455397405434e-10
motional_heating,Motional heating/diffusion,10.0,2.0,A,"XI,XY",5.021295254015336e-10,5.021295254015336e-11
motional_heating,Motional heating/diffusion,10.0,2.0,A,"XI,XZ",8.756245088374475e-11,8.756245088374475e-12
motional_heating,Motional heating/diffusion,10.0,2.0,A,"XI,YI",4.98612412972207e-09,4.98612412972207e-10
motional_heating,Motional heating/diffusion,10.0,2.0,A,"XI,YX",-3.746419882940641e-10,-3.746419882940641e-11
motional_heating,Motional heating/diffusion,10.0,2.0,A,"XI,YY",-5.697881462528635e-09,-5.697881462528635e-10
motional_heating,Motional heating/diffusion,10.0,2.0,A,"XI,YZ",6.03593633466607e-11,6.035936334666071e-12
motional_heating,Motional heating/diffusion,10.0,2.0,A,"XI,ZI",-3.736483191986761e-09,-3.7364831919867613e-10
motional_heating,Motional heating/diffusion,10.0,2.0,A,"XI,ZX",1.9632212571254104e-10,1.9632212571254102e-11
motional_heating,Motional heating/diffusion,10.0,2.0,A,"XI,ZY",4.267038370298726e-10,4.267038370298726e-11
motional_heating,Motional heating/diffusion,10.0,2.0,A,"XI,ZZ",-6.356978382263209e-09,-6.356978382263208e-10
motional_heating,Motional heating/diffusion,10.0,2.0,A,"XX,XY",-3.4198530351714496e-09,-3.4198530351714495e-10
motional_heating,Motional heating/diffusion,10.0,2.0,A,"XX,XZ",3.851853810261689e-09,3.851853810261689e-10
motional_heating,Motional heating/diffusion,10.0,2.0,A,"XX,YI",7.448206240152364e-09,7.448206240152364e-10
motional_heating,Motional heating/diffusion,10.0,2.0,A,"XX,YX",1.136939719548875e-08,1.1369397195488751e-09
motional_heating,Motional heating/diffusion,10.0,2.0,A,"XX,YY",5.553377153976337e-16,5.553377153976338e-17
motional_heating,Motional heating/diffusion,10.0,2.0,A,"XX,YZ",-3.5549906161575817e-09,-3.5549906161575817e-10
motional_heating,Motional heating/diffusion,10.0,2.0,A,"XX,ZI",-2.409237576450405e-09,-2.409237576450405e-10
motional_heating,Motional heating/diffusion,10.0,2.0,A,"XX,ZX",5.270005933465771e-09,5.270005933465771e-10
motional_heating,Motional heating/diffusion,10.0,2.0,A,"XX,ZY",-3.6288329791170143e-09,-3.6288329791170144e-10
motional_heating,Motional heating/diffusion,10.0,2.0,A,"XX,ZZ",1.224752648901893e-08,1.224752648901893e-09
motional_heating,Motional heating/diffusion,10.0,2.0,A,"XY,XZ",-4.281034276896308e-09,-4.2810342768963076e-10
motional_heating,Motional heating/diffusion,10.0,2.0,A,"XY,YI",-1.3115406855519039e-09,-1.311540685551904e-10
motional_heating,Motional heating/diffusion,10.0,2.0,A,"XY,YX",1.9438984232229375e-12,1.9438984232229374e-13
motional_heating,Motional heating/diffusion,10.0,2.0,A,"XY,YY",-3.6852985509274047e-09,-3.685298550927405e-10
motional_heating,Motional heating/diffusion,10.0,2.0,A,"XY,YZ",-1.2948274991344219e-09,-1.294827499134422e-10
motional_heating,Motional heating/diffusion,10.0,2.0,A,"XY,ZI",-8.729143542040436e-10,-8.729143542040436e-11
motional_heating,Motional heating/diffusion,10.0,2.0,A,"XY,ZX",-1.8448456166774531e-09,-1.844845616677453e-10
motional_heating,Motional heating/diffusion,10.0,2.0,A,"XY,ZY",-4.405443489546917e-09,-4.405443489546917e-10
motional_heating,Motional heating/diffusion,10.0,2.0,A,"XY,ZZ",1.7351965648463732e-09,1.735196564846373e-10
motional_heating,Motional heating/diffusion,10.0,2.0,A,"XZ,YI",-1.8842431772611452e-09,-1.8842431772611453e-10
motional_heating,Motional heating/diffusion,10.0,2.0,A,"XZ,YX",2.1866419784777494e-09,2.1866419784777494e-10
motional_heating,Motional heating/diffusion,10.0,2.0,A,"XZ,YY",2.0846905762040924e-09,2.0846905762040924e-10
motional_heating,Motional heating/diffusion,10.0,2.0,A,"XZ,YZ",6.529188059551577e-10,6.529188059551577e-11
motional_heating,Motional heating/diffusion,10.0,2.0,A,"XZ,ZI",-3.256223860951344e-09,-3.2562238609513443e-10
motional_heating,Motional heating/diffusion,10.0,2.0,A,"XZ,ZX",-2.6935567910995467e-10,-2.6935567910995466e-11
motional_heating,Motional heating/diffusion,10.0,2.0,A,"XZ,ZY",-1.4395708387881174e-09,-1.4395708387881174e-10
motional_heating,Motional heating/diffusion,10.0,2.0,A,"XZ,ZZ",1.6231868036156506e-09,1.6231868036156507e-10
motional_heating,Motional heating/diffusion,10.0,2.0,A,"YI,YX",8.975314238349251e-10,8.975314238349252e-11
motional_heating,Motional heating/diffusion,10.0,2.0,A,"YI,YY",7.777361340797089e-10,7.77736134079709e-11
motional_heating,Motional heating/diffusion,10.0,2.0,A,"YI,YZ",1.8622224863953408e-10,1.862222486395341e-11
motional_heating,Motional heating/diffusion,10.0,2.0,A,"YI,ZI",1.756279416152488e-09,1.756279416152488e-10
motional_heating,Motional heating/diffusion,10.0,2.0,A,"YI,ZX",-6.253196393775763e-09,-6.253196393775763e-10
motional_heating,Motional heating/diffusion,10.0,2.0,A,"YI,ZY",1.5689070787443726e-09,1.5689070787443727e-10
motional_heating,Motional heating/diffusion,10.0,2.0,A,"YI,ZZ",3.338463024173548e-09,3.338463024173548e-10
motional_heating,Motional heating/diffusion,10.0,2.0,A,"YX,YY",-2.5857215010363553e-09,-2.585721501036355e-10
motional_heating,Motional heating/diffusion,10.0,2.0,A,"YX,YZ",-3.9163402949426105e-09,-3.9163402949426103e-10
motional_heating,Motional heating/diffusion,10.0,2.0,A,"YX,ZI",5.845556886428121e-09,5.845556886428121e-10
motional_heating,Motional heating/diffusion,10.0,2.0,A,"YX,ZX",3.319714143786864e-09,3.319714143786864e-10
motional_heating,Motional heating/diffusion,10.0,2.0,A,"YX,ZY",8.971935563442257e-10,8.971935563442257e-11
motional_heating,Motional heating/diffusion,10.0,2.0,A,"YX,ZZ",1.256820338048631e-09,1.256820338048631e-10
motional_heating,Motional heating/diffusion,10.0,2.0,A,"YY,YZ",-8.335238246365598e-10,-8.335238246365598e-11
motional_heating,Motional heating/diffusion,10.0,2.0,A,"YY,ZI",-1.1678633358588277e-09,-1.1678633358588276e-10
motional_heating,Motional heating/diffusion,10.0,2.0,A,"YY,ZX",-9.101709227229755e-10,-9.101709227229756e-11
motional_heating,Motional heating/diffusion,10.0,2.0,A,"YY,ZY",-4.221872490147172e-11,-4.221872490147172e-12
motional_heating,Motional heating/diffusion,10.0,2.0,A,"YY,ZZ",5.814148311673485e-10,5.8141483116734845e-11
motional_heating,Motional heating/diffusion,10.0,2.0,A,"YZ,ZI",-3.4668979315263225e-09,-3.4668979315263224e-10
motional_heating,Motional heating/diffusion,10.0,2.0,A,"YZ,ZX",-2.392470937555427e-10,-2.392470937555427e-11
motional_heating,Motional heating/diffusion,10.0,2.0,A,"YZ,ZY",-2.549148737601756e-11,-2.5491487376017557e-12
motional_heating,Motional heating/diffusion,10.0,2.0,A,"YZ,ZZ",-1.3828035116265547e-10,-1.3828035116265546e-11
motional_heating,Motional heating/diffusion,10.0,2.0,A,"ZI,ZX",-6.771187432436703e-09,-6.771187432436703e-10
motional_heating,Motional heating/diffusion,10.0,2.0,A,"ZI,ZY",-6.61598440622573e-10,-6.61598440622573e-11
motional_heating,Motional heating/diffusion,10.0,2.0,A,"ZI,ZZ",3.9798724346596504e-11,3.979872434659651e-12
motional_heating,Motional heating/diffusion,10.0,2.0,A,"ZX,ZY",2.1082020796504814e-09,2.1082020796504815e-10
motional_heating,Motional heating/diffusion,10.0,2.0,A,"ZX,ZZ",3.5923879085067874e-09,3.592387908506787e-10
motional_heating,Motional heating/diffusion,10.0,2.0,A,"ZY,ZZ",6.89933160988056e-10,6.89933160988056e-11
motional_heating,Motional heating/diffusion,10.0,2.0,C,"IX,IY",3.3803878450351893e-10,3.380387845035189e-11
motional_heating,Motional heating/diffusion,10.0,2.0,C,"IX,IZ",2.9709453438674575e-12,2.9709453438674576e-13
motional_heating,Motional heating/diffusion,10.0,2.0,C,"IX,XI",0.00023448566888911704,2.3448566888911704e-05
motional_heating,Motional heating/diffusion,10.0,2.0,C,"IX,XX",-2.194341490755796e-09,-2.1943414907557962e-10
motional_heating,Motional heating/diffusion,10.0,2.0,C,"IX,XY",-5.22969484864866e-09,-5.22969484864866e-10
motional_heating,Motional heating/diffusion,10.0,2.0,C,"IX,XZ",-3.6159695434617578e-09,-3.6159695434617577e-10
motional_heating,Motional heating/diffusion,10.0,2.0,C,"IX,YI",8.35113014196498e-10,8.351130141964979e-11
motional_heating,Motional heating/diffusion,10.0,2.0,C,"IX,YX",-2.3985772670753125e-09,-2.3985772670753124e-10
motional_heating,Motional heating/diffusion,10.0,2.0,C,"IX,YY",-3.53012865564137e-09,-3.53012865564137e-10
motional_heating,Motional heating/diffusion,10.0,2.0,C,"IX,YZ",-5.07920129920546e-11,-5.07920129920546e-12
motional_heating,Motional heating/diffusion,10.0,2.0,C,"IX,ZI",-3.806794241859296e-12,-3.806794241859296e-13
motional_heating,Motional heating/diffusion,10.0,2.0,C,"IX,ZX",-4.98663155610226e-09,-4.986631556102259e-10
motional_heating,Motional heating/diffusion,10.0,2.0,C,"IX,ZY",-2.1820948491879004e-10,-2.1820948491879003e-11
motional_heating,Motional heating/diffusion,10.0,2.0,C,"IX,ZZ",-3.190743469145213e-09,-3.190743469145213e-10
motional_heating,Motional heating/diffusion,10.0,2.0,C,"IY,IZ",-1.9845784172767744e-09,-1.9845784172767745e-10
motional_heating,Motional heating/diffusion,10.0,2.0,C,"IY,XI",5.138057066535149e-10,5.138057066535149e-11
motional_heating,Motional heating/diffusion,10.0,2.0,C,"IY,XX",5.978972335009835e-09,5.978972335009835e-10
motional_heating,Motional heating/diffusion,10.0,2.0,C,"IY,XY",1.0904621493072522e-10,1.0904621493072522e-11
motional_heating,Motional heating/diffusion,10.0,2.0,C,"IY,XZ",3.836285247786026e-09,3.8362852477860257e-10
motional_heating,Motional heating/diffusion,10.0,2.0,C,"IY,YI",1.1410379295904167e-09,1.1410379295904167e-10
motional_heating,Motional heating/diffusion,10.0,2.0,C,"IY,YX",5.456976165629961e-10,5.4569761656299615e-11
motional_heating,Motional heating/diffusion,10.0,2.0,C,"IY,YY",3.5260958255454197e-09,3.5260958255454195e-10
motional_heating,Motional heating/diffusion,10.0,2.0,C,"IY,YZ",1.0972403180950436e-09,1.0972403180950436e-10
motional_heating,Motional heating/diffusion,10.0,2.0,C,"IY,ZI",6.678934930838975e-10,6.678934930838975e-11
motional_heating,Motional heating/diffusion,10.0,2.0,C,"IY,ZX",1.4065845589499674e-09,1.4065845589499673e-10
motional_heating,Motional heating/diffusion,10.0,2.0,C,"IY,ZY",4.408393146860074e-09,4.4083931468600736e-10
motional_heating,Motional heating/diffusion,10.0,2.0,C,"IY,ZZ",-1.6458397332761162e-09,-1.6458397332761163e-10
motional_heating,Motional heating/diffusion,10.0,2.0,C,"IZ,XI",-4.634411615410458e-10,-4.634411615410458e-11
motional_heating,Motional heating/diffusion,10.0,2.0,C,"IZ,XX",4.128838146462579e-09,4.1288381464625793e-10
motional_heating,Motional heating/diffusion,10.0,2.0,C,"IZ,XY",-6.454563012853609e-10,-6.45456301285361e-11
motional_heating,Motional heating/diffusion,10.0,2.0,C,"IZ,XZ",-5.729118272537948e-10,-5.729118272537948e-11
motional_heating,Motional heating/diffusion,10.0,2.0,C,"IZ,YI",4.0652434372965053e-10,4.0652434372965055e-11
motional_heating,Motional heating/diffusion,10.0,2.0,C,"IZ,YX",-4.4641447582104725e-09,-4.4641447582104727e-10
motional_heating,Motional heating/diffusion,10.0,2.0,C,"IZ,YY",-2.2137416419553186e-09,-2.2137416419553185e-10
motional_heating,Motional heating/diffusion,10.0,2.0,C,"IZ,YZ",-8.041461514970807e-10,-8.041461514970806e-11
motional_heating,Motional heating/diffusion,10.0,2.0,C,"IZ,ZI",5.217466307559841e-09,5.217466307559841e-10
motional_heating,Motional heating/diffusion,10.0,2.0,C,"IZ,ZX",-1.1249100305529058e-09,-1.1249100305529058e-10
motional_heating,Motional heating/diffusion,10.0,2.0,C,"IZ,ZY",1.285969730489141e-09,1.285969730489141e-10
motional_heating,Motional heating/diffusion,10.0,2.0,C,"IZ,ZZ",-9.47287313059302e-10,-9.47287313059302e-11
motional_heating,Motional heating/diffusion,10.0,2.0,C,"XI,XX",1.3300592294379933e-08,1.3300592294379934e-09
motional_heating,Motional heating/diffusion,10.0,2.0,C,"XI,XY",-4.386336864753122e-09,-4.3863368647531223e-10
motional_heating,Motional heating/diffusion,10.0,2.0,C,"XI,XZ",-3.3288318440918502e-09,-3.32883184409185e-10
motional_heating,Motional heating/diffusion,10.0,2.0,C,"XI,YI",3.994252646747526e-09,3.994252646747526e-10
motional_heating,Motional heating/diffusion,10.0,2.0,C,"XI,YX",-6.781291912263164e-09,-6.781291912263165e-10
motional_heating,Motional heating/diffusion,10.0,2.0,C,"XI,YY",-3.6534138405761e-09,-3.6534138405761e-10
motional_heating,Motional heating/diffusion,10.0,2.0,C,"XI,YZ",4.248197630842657e-10,4.248197630842657e-11
motional_heating,Motional heating/diffusion,10.0,2.0,C,"XI,ZI",3.783851563702764e-09,3.783851563702764e-10
motional_heating,Motional heating/diffusion,10.0,2.0,C,"XI,ZX",-2.4299356529317674e-09,-2.4299356529317676e-10
motional_heating,Motional heating/diffusion,10.0,2.0,C,"XI,ZY",-1.5575853528178453e-10,-1.5575853528178454e-11
motional_heating,Motional heating/diffusion,10.0,2.0,C,"XI,ZZ",-2.8987001367542964e-09,-2.8987001367542965e-10
motional_heating,Motional heating/diffusion,10.0,2.0,C,"XX,XY",-1.9392484231010448e-10,-1.939248423101045e-11
motional_heating,Motional heating/diffusion,10.0,2.0,C,"XX,XZ",3.728152278977373e-10,3.728152278977373e-11
motional_heating,Motional heating/diffusion,10.0,2.0,C,"XX,YI",5.26932183636347e-09,5.26932183636347e-10
motional_heating,Motional heating/diffusion,10.0,2.0,C,"XX,YX",-1.6068715261054397e-09,-1.6068715261054397e-10
motional_heating,Motional heating/diffusion,10.0,2.0,C,"XX,YY",8.88545879106557e-09,8.88545879106557e-10
motional_heating,Motional heating/diffusion,10.0,2.0,C,"XX,YZ",-6.478419969696879e-09,-6.47841996969688e-10
motional_heating,Motional heating/diffusion,10.0,2.0,C,"XX,ZI",1.063809724573342e-08,1.063809724573342e-09
motional_heating,Motional heating/diffusion,10.0,2.0,C,"XX,ZX",1.1362671430340335e-08,1.1362671430340335e-09
motional_heating,Motional heating/diffusion,10.0,2.0,C,"XX,ZY",-5.576206839156371e-09,-5.576206839156371e-10
motional_heating,Motional heating/diffusion,10.0,2.0,C,"XX,ZZ",1.6031703927796464e-09,1.6031703927796463e-10
motional_heating,Motional heating/diffusion,10.0,2.0,C,"XY,XZ",-1.3615039784101149e-09,-1.361503978410115e-10
motional_heating,Motional heating/diffusion,10.0,2.0,C,"XY,YI",-2.414815561340521e-11,-2.414815561340521e-12
motional_heating,Motional heating/diffusion,10.0,2.0,C,"XY,YX",2.702994363251705e-09,2.702994363251705e-10
motional_heating,Motional heating/diffusion,10.0,2.0,C,"XY,YY",2.729116304387366e-09,2.7291163043873656e-10
motional_heating,Motional heating/diffusion,10.0,2.0,C,"XY,YZ",1.0363742787839848e-09,1.0363742787839848e-10
motional_heating,Motional heating/diffusion,10.0,2.0,C,"XY,ZI",-4.177195107768257e-09,-4.1771951077682565e-10
motional_heating,Motional heating/diffusion,10.0,2.0,C,"XY,ZX",2.069569910518407e-09,2.069569910518407e-10
motional_heating,Motional heating/diffusion,10.0,2.0,C,"XY,ZY",-1.5125692277732498e-09,-1.5125692277732499e-10
motional_heating,Motional heating/diffusion,10.0,2.0,C,"XY,ZZ",1.0292980541657586e-09,1.0292980541657587e-10
motional_heating,Motional heating/diffusion,10.0,2.0,C,"XZ,YI",1.1331208456367728e-09,1.1331208456367727e-10
motional_heating,Motional heating/diffusion,10.0,2.0,C,"XZ,YX",2.805568590278474e-09,2.805568590278474e-10
motional_heating,Motional heating/diffusion,10.0,2.0,C,"XZ,YY",3.814911656648534e-09,3.814911656648534e-10
motional_heating,Motional heating/diffusion,10.0,2.0,C,"XZ,YZ",1.3660596224023588e-09,1.3660596224023588e-10
motional_heating,Motional heating/diffusion,10.0,2.0,C,"XZ,ZI",-1.6437996836891683e-09,-1.6437996836891683e-10
motional_heating,Motional heating/diffusion,10.0,2.0,C,"XZ,ZX",1.1740472133351888e-09,1.1740472133351887e-10
motional_heating,Motional heating/diffusion,10.0,2.0,C,"XZ,ZY",4.229556665043689e-09,4.2295566650436885e-10
motional_heating,Motional heating/diffusion,10.0,2.0,C,"XZ,ZZ",-1.6558923781293385e-09,-1.6558923781293386e-10
motional_heating,Motional heating/diffusion,10.0,2.0,C,"YI,YX",5.759063027242502e-09,5.759063027242502e-10
motional_heating,Motional heating/diffusion,10.0,2.0,C,"YI,YY",2.5143541789198507e-09,2.514354178919851e-10
motional_heating,Motional heating/diffusion,10.0,2.0,C,"YI,YZ",2.75582349595946e-09,2.75582349595946e-10
motional_heating,Motional heating/diffusion,10.0,2.0,C,"YI,ZI",-9.82418552088383e-09,-9.824185520883828e-10
motional_heating,Motional heating/diffusion,10.0,2.0,C,"YI,ZX",-3.484490996083122e-09,-3.484490996083122e-10
motional_heating,Motional heating/diffusion,10.0,2.0,C,"YI,ZY",-9.802735533204608e-10,-9.802735533204608e-11
motional_heating,Motional heating/diffusion,10.0,2.0,C,"YI,ZZ",-1.5754881523823756e-09,-1.5754881523823756e-10
motional_heating,Motional heating/diffusion,10.0,2.0,C,"YX,YY",1.4912341722650027e-09,1.4912341722650027e-10
motional_heating,Motional heating/diffusion,10.0,2.0,C,"YX,YZ",5.0960773957358845e-11,5.096077395735884e-12
motional_heating,Motional heating/diffusion,10.0,2.0,C,"YX,ZI",2.1495270771409126e-09,2.1495270771409126e-10
motional_heating,Motional heating/diffusion,10.0,2.0,C,"YX,ZX",-1.0092024210377907e-09,-1.0092024210377907e-10
motional_heating,Motional heating/diffusion,10.0,2.0,C,"YX,ZY",2.19728676199468e-09,2.19728676199468e-10
motional_heating,Motional heating/diffusion,10.0,2.0,C,"YX,ZZ",3.829503767629434e-09,3.829503767629434e-10
motional_heating,Motional heating/diffusion,10.0,2.0,C,"YY,YZ",3.2999401911328713e-10,3.299940191132871e-11
motional_heating,Motional heating/diffusion,10.0,2.0,C,"YY,ZI",-1.1738731098224984e-09,-1.1738731098224984e-10
motional_heating,Motional heating/diffusion,10.0,2.0,C,"YY,ZX",1.745577830748968e-09,1.745577830748968e-10
motional_heating,Motional heating/diffusion,10.0,2.0,C,"YY,ZY",-1.226838678690383e-11,-1.226838678690383e-12
motional_heating,Motional heating/diffusion,10.0,2.0,C,"YY,ZZ",4.3912026459155297e-10,4.39120264591553e-11
motional_heating,Motional heating/diffusion,10.0,2.0,C,"YZ,ZI",-1.7701756930565943e-11,-1.7701756930565942e-12
motional_heating,Motional heating/diffusion,10.0,2.0,C,"YZ,ZX",3.243393165546475e-09,3.243393165546475e-10
motional_heating,Motional heating/diffusion,10.0,2.0,C,"YZ,ZY",1.7156793834341736e-10,1.7156793834341737e-11
motional_heating,Motional heating/diffusion,10.0,2.0,C,"YZ,ZZ",-4.470744525426202e-10,-4.470744525426202e-11
motional_heating,Motional heating/diffusion,10.0,2.0,C,"ZI,ZX",-4.747143421696452e-09,-4.747143421696451e-10
motional_heating,Motional heating/diffusion,10.0,2.0,C,"ZI,ZY",-2.1534766054652754e-09,-2.1534766054652754e-10
motional_heating,Motional heating/diffusion,10.0,2.0,C,"ZI,ZZ",-3.318696596056891e-09,-3.318696596056891e-10
motional_heating,Motional heating/diffusion,10.0,2.0,C,"ZX,ZY",-1.0983804607032632e-09,-1.0983804607032633e-10
motional_heating,Motional heating/diffusion,10.0,2.0,C,"ZX,ZZ",-4.832970994191329e-10,-4.832970994191329e-11
motional_heating,Motional heating/diffusion,10.0,2.0,C,"ZY,ZZ",-2.9243764332297737e-10,-2.924376433229774e-11
motional_heating,Motional heating/diffusion,10.0,2.0,H,IX,-6.9767934314467695e-09,-6.97679343144677e-10
motional_heating,Motional heating/diffusion,10.0,2.0,H,IY,-1.2474314445911722e-10,-1.2474314445911722e-11
motional_heating,Motional heating/diffusion,10.0,2.0,H,IZ,4.131378327452136e-10,4.131378327452136e-11
motional_heating,Motional heating/diffusion,10.0,2.0,H,XI,6.349618876715697e-09,6.349618876715697e-10
motional_heating,Motional heating/diffusion,10.0,2.0,H,XX,8.403015461660305e-06,8.403015461660306e-07
motional_heating,Motional heating/diffusion,10.0,2.0,H,XY,-3.880944237117017e-09,-3.8809442371170173e-10
motional_heating,Motional heating/diffusion,10.0,2.0,H,XZ,6.5862940534377565e-09,6.586294053437756e-10
motional_heating,Motional heating/diffusion,10.0,2.0,H,YI,-1.1136026268171428e-08,-1.1136026268171429e-09
motional_heating,Motional heating/diffusion,10.0,2.0,H,YX,-1.0411544543521165e-08,-1.0411544543521165e-09
motional_heating,Motional heating/diffusion,10.0,2.0,H,YY,1.2248017006372315e-08,1.2248017006372315e-09
motional_heating,Motional heating/diffusion,10.0,2.0,H,YZ,3.0817499494320342e-09,3.081749949432034e-10
motional_heating,Motional heating/diffusion,10.0,2.0,H,ZI,-5.197487989524661e-10,-5.197487989524661e-11
motional_heating,Motional heating/diffusion,10.0,2.0,H,ZX,6.355827979852271e-09,6.355827979852271e-10
motional_heating,Motional heating/diffusion,10.0,2.0,H,ZY,3.0079258150947648e-09,3.007925815094765e-10
motional_heating,Motional heating/diffusion,10.0,2.0,H,ZZ,-1.0371804015234773e-15,-1.0371804015234773e-16
motional_heating,Motional heating/diffusion,10.0,2.0,S,IX,0.00023447857710676918,2.3447857710676918e-05
motional_heating,Motional heating/diffusion,10.0,2.0,S,IY,1.525681737413534e-09,1.525681737413534e-10
motional_heating,Motional heating/diffusion,10.0,2.0,S,IZ,-8.823939534239288e-10,-8.823939534239287e-11
motional_heating,Motional heating/diffusion,10.0,2.0,S,XI,0.00023449272748801638,2.3449272748801638e-05
motional_heating,Motional heating/diffusion,10.0,2.0,S,XX,5.804510459334227e-07,5.8045104593342266e-08
motional_heating,Motional heating/diffusion,10.0,2.0,S,XY,2.762281305193669e-09,2.762281305193669e-10
motional_heating,Motional heating/diffusion,10.0,2.0,S,XZ,5.781925265639258e-09,5.781925265639258e-10
motional_heating,Motional heating/diffusion,10.0,2.0,S,YI,-8.320726248311518e-10,-8.320726248311517e-11
motional_heating,Motional heating/diffusion,10.0,2.0,S,YX,2.484335937151332e-09,2.484335937151332e-10
motional_heating,Motional heating/diffusion,10.0,2.0,S,YY,4.282905081206146e-10,4.282905081206146e-11
motional_heating,Motional heating/diffusion,10.0,2.0,S,YZ,2.0741923598881305e-10,2.0741923598881306e-11
motional_heating,Motional heating/diffusion,10.0,2.0,S,ZI,-6.407273732977496e-09,-6.407273732977496e-10
motional_heating,Motional heating/diffusion,10.0,2.0,S,ZX,-7.971464692826789e-09,-7.971464692826789e-10
motional_heating,Motional heating/diffusion,10.0,2.0,S,ZY,2.52243493860339e-10,2.52243493860339e-11
motional_heating,Motional heating/diffusion,10.0,2.0,S,ZZ,-2.5802618492827274e-10,-2.5802618492827275e-11
motional_heating,Motional heating/diffusion,10.0,3.0,A,"IX,IY",-1.2980409943183124e-08,-1.2980409943183124e-09
motional_heating,Motional heating/diffusion,10.0,3.0,A,"IX,IZ",1.9666409164514442e-08,1.966640916451444e-09
motional_heating,Motional heating/diffusion,10.0,3.0,A,"IX,XI",2.211528579181279e-09,2.211528579181279e-10
motional_heating,Motional heating/diffusion,10.0,3.0,A,"IX,XX",-2.1067542002204178e-08,-2.1067542002204177e-09
motional_heating,Motional heating/diffusion,10.0,3.0,A,"IX,XY",-6.013825445728525e-10,-6.013825445728526e-11
motional_heating,Motional heating/diffusion,10.0,3.0,A,"IX,XZ",9.118380343721139e-10,9.11838034372114e-11
motional_heating,Motional heating/diffusion,10.0,3.0,A,"IX,YI",-1.1821187621662455e-08,-1.1821187621662455e-09
motional_heating,Motional heating/diffusion,10.0,3.0,A,"IX,YX",-2.706601388213095e-09,-2.706601388213095e-10
motional_heating,Motional heating/diffusion,10.0,3.0,A,"IX,YY",1.1845948224866219e-09,1.184594822486622e-10
motional_heating,Motional heating/diffusion,10.0,3.0,A,"IX,YZ",-9.468864297576763e-09,-9.468864297576762e-10
motional_heating,Motional heating/diffusion,10.0,3.0,A,"IX,ZI",-4.929890657181079e-09,-4.929890657181079e-10
motional_heating,Motional heating/diffusion,10.0,3.0,A,"IX,ZX",-1.503815103059748e-09,-1.5038151030597481e-10
motional_heating,Motional heating/diffusion,10.0,3.0,A,"IX,ZY",1.4534163083506284e-08,1.4534163083506284e-09
motional_heating,Motional heating/diffusion,10.0,3.0,A,"IX,ZZ",6.396960808045639e-10,6.396960808045639e-11
motional_heating,Motional heating/diffusion,10.0,3.0,A,"IY,IZ",-1.0953352913387317e-08,-1.0953352913387316e-09
motional_heating,Motional heating/diffusion,10.0,3.0,A,"IY,XI",3.061766941820875e-09,3.061766941820875e-10
motional_heating,Motional heating/diffusion,10.0,3.0,A,"IY,XX",1.757131226775057e-08,1.757131226775057e-09
motional_heating,Motional heating/diffusion,10.0,3.0,A,"IY,XY",-5.609551601408351e-09,-5.609551601408351e-10
motional_heating,Motional heating/diffusion,10.0,3.0,A,"IY,XZ",-3.4488472273907535e-09,-3.4488472273907536e-10
motional_heating,Motional heating/diffusion,10.0,3.0,A,"IY,YI",-1.6038859270100374e-09,-1.6038859270100374e-10
motional_heating,Motional heating/diffusion,10.0,3.0,A,"IY,YX",-4.601001695866617e-09,-4.601001695866617e-10
motional_heating,Motional heating/diffusion,10.0,3.0,A,"IY,YY",-4.9792476182809585e-09,-4.979247618280958e-10
motional_heating,Motional heating/diffusion,10.0,3.0,A,"IY,YZ",2.961989272768719e-09,2.961989272768719e-10
motional_heating,Motional heating/diffusion,10.0,3.0,A,"IY,ZI",5.041418154632892e-09,5.041418154632892e-10
motional_heating,Motional heating/diffusion,10.0,3.0,A,"IY,ZX",-6.54072555952714e-09,-6.540725559527141e-10
motional_heating,Motional heating/diffusion,10.0,3.0,A,"IY,ZY",5.109178738182255e-10,5.1091787381822557e-11
motional_heating,Motional heating/diffusion,10.0,3.0,A,"IY,ZZ",4.4753080544959766e-10,4.4753080544959766e-11
motional_heating,Motional heating/diffusion,10.0,3.0,A,"IZ,XI",-1.0724070641577903e-08,-1.0724070641577902e-09
motional_heating,Motional heating/diffusion,10.0,3.0,A,"IZ,XX",2.8096868927961828e-09,2.809686892796183e-10
motional_heating,Motional heating/diffusion,10.0,3.0,A,"IZ,XY",7.309978020440073e-10,7.309978020440074e-11
motional_heating,Motional heating/diffusion,10.0,3.0,A,"IZ,XZ",1.930442030171987e-09,1.930442030171987e-10
motional_heating,Motional heating/diffusion,10.0,3.0,A,"IZ,YI",8.961918683116311e-10,8.961918683116312e-11
motional_heating,Motional heating/diffusion,10.0,3.0,A,"IZ,YX",3.905269497379815e-09,3.905269497379815e-10
motional_heating,Motional heating/diffusion,10.0,3.0,A,"IZ,YY",4.023773997184189e-09,4.023773997184189e-10
motional_heating,Motional heating/diffusion,10.0,3.0,A,"IZ,YZ",-2.0976571041987033e-09,-2.0976571041987032e-10
motional_heating,Motional heating/diffusion,10.0,3.0,A,"IZ,ZI",-3.440834574558374e-09,-3.440834574558374e-10
motional_heating,Motional heating/diffusion,10.0,3.0,A,"IZ,ZX",5.13280025688796e-10,5.13280025688796e-11
motional_heating,Motional heating/diffusion,10.0,3.0,A,"IZ,ZY",3.3050392126636734e-10,3.3050392126636736e-11
motional_heating,Motional heating/diffusion,10.0,3.0,A,"IZ,ZZ",-8.232648222620531e-09,-8.232648222620532e-10
motional_heating,Motional heating/diffusion,10.0,3.0,A,"XI,XX",1.2721091253556414e-08,1.2721091253556413e-09
motional_heating,Motional heating/diffusion,10.0,3.0,A,"XI,XY",-7.583995154641669e-09,-7.583995154641669e-10
motional_heating,Motional heating/diffusion,10.0,3.0,A,"XI,XZ",2.1062051597364117e-10,2.1062051597364116e-11
motional_heating,Motional heating/diffusion,10.0,3.0,A,"XI,YI",-5.991671905254618e-09,-5.991671905254618e-10
motional_heating,Motional heating/diffusion,10.0,3.0,A,"XI,YX",-3.3667403332920472e-09,-3.3667403332920473e-10
motional_heating,Motional heating/diffusion,10.0,3.0,A,"XI,YY",-9.902133823533752e-10,-9.902133823533752e-11
motional_heating,Motional heating/diffusion,10.0,3.0,A,"XI,YZ",-1.479547458384371e-08,-1.479547458384371e-09
motional_heating,Motional heating/diffusion,10.0,3.0,A,"XI,ZI",-4.608526068077684e-09,-4.6085260680776837e-10
motional_heating,Motional heating/diffusion,10.0,3.0,A,"XI,ZX",-2.1474836082319766e-09,-2.1474836082319765e-10
motional_heating,Motional heating/diffusion,10.0,3.0,A,"XI,ZY",1.1436318606555336e-08,1.1436318606555337e-09
motional_heating,Motional heating/diffusion,10.0,3.0,A,"XI,ZZ",-2.5433064883212476e-09,-2.543306488321248e-10
motional_heating,Motional heating/diffusion,10.0,3.0,A,"XX,XY",1.2040182994950257e-08,1.2040182994950257e-09
motional_heating,Motional heating/diffusion,10.0,3.0,A,"XX,XZ",-3.145857410975006e-08,-3.145857410975006e-09
motional_heating,Motional heating/diffusion,10.0,3.0,A,"XX,YI",-4.637170654299416e-09,-4.6371706542994163e-10
motional_heating,Motional heating/diffusion,10.0,3.0,A,"XX,YX",5.625114348030298e-09,5.625114348030297e-10
motional_heating,Motional heating/diffusion,10.0,3.0,A,"XX,YY",-2.1944345130069031e-13,-2.1944345130069033e-14
motional_heating,Motional heating/diffusion,10.0,3.0,A,"XX,YZ",2.1449148607816003e-08,2.1449148607816004e-09
motional_heating,Motional heating/diffusion,10.0,3.0,A,"XX,ZI",-1.249260032859299e-09,-1.249260032859299e-10
motional_heating,Motional heating/diffusion,10.0,3.0,A,"XX,ZX",8.297322949246461e-09,8.297322949246461e-10
motional_heating,Motional heating/diffusion,10.0,3.0,A,"XX,ZY",-3.6687944494953457e-09,-3.668794449495346e-10
motional_heating,Motional heating/diffusion,10.0,3.0,A,"XX,ZZ",8.554761863194757e-10,8.554761863194757e-11
motional_heating,Motional heating/diffusion,10.0,3.0,A,"XY,XZ",8.391924127717624e-10,8.391924127717623e-11
motional_heating,Motional heating/diffusion,10.0,3.0,A,"XY,YI",1.6888502202773782e-09,1.6888502202773783e-10
motional_heating,Motional heating/diffusion,10.0,3.0,A,"XY,YX",1.2899367193643306e-09,1.2899367193643307e-10
motional_heating,Motional heating/diffusion,10.0,3.0,A,"XY,YY",1.210003331968315e-09,1.210003331968315e-10
motional_heating,Motional heating/diffusion,10.0,3.0,A,"XY,YZ",-1.2623948896279587e-09,-1.2623948896279588e-10
motional_heating,Motional heating/diffusion,10.0,3.0,A,"XY,ZI",-2.8236109951280892e-09,-2.823610995128089e-10
motional_heating,Motional heating/diffusion,10.0,3.0,A,"XY,ZX",-1.7117364666218286e-09,-1.7117364666218286e-10
motional_heating,Motional heating/diffusion,10.0,3.0,A,"XY,ZY",3.5375947113031917e-09,3.537594711303192e-10
motional_heating,Motional heating/diffusion,10.0,3.0,A,"XY,ZZ",-6.410847427685406e-09,-6.410847427685407e-10
motional_heating,Motional heating/diffusion,10.0,3.0,A,"XZ,YI",-1.992371406082148e-09,-1.992371406082148e-10
motional_heating,Motional heating/diffusion,10.0,3.0,A,"XZ,YX",-4.802421417151065e-10,-4.802421417151065e-11
motional_heating,Motional heating/diffusion,10.0,3.0,A,"XZ,YY",-1.0420808524150924e-09,-1.0420808524150924e-10
motional_heating,Motional heating/diffusion,10.0,3.0,A,"XZ,YZ",3.940763892760963e-09,3.940763892760963e-10
motional_heating,Motional heating/diffusion,10.0,3.0,A,"XZ,ZI",-7.352663062317155e-10,-7.352663062317156e-11
motional_heating,Motional heating/diffusion,10.0,3.0,A,"XZ,ZX",-6.15886108209075e-10,-6.158861082090751e-11
motional_heating,Motional heating/diffusion,10.0,3.0,A,"XZ,ZY",-1.3683261426309291e-10,-1.3683261426309291e-11
motional_heating,Motional heating/diffusion,10.0,3.0,A,"XZ,ZZ",-5.125424966551142e-09,-5.125424966551142e-10
motional_heating,Motional heating/diffusion,10.0,3.0,A,"YI,YX",1.7908889452581932e-09,1.7908889452581932e-10
motional_heating,Motional heating/diffusion,10.0,3.0,A,"YI,YY",-4.728804921008203e-09,-4.728804921008203e-10
motional_heating,Motional heating/diffusion,10.0,3.0,A,"YI,YZ",6.047231353565282e-09,6.047231353565282e-10
motional_heating,Motional heating/diffusion,10.0,3.0,A,"YI,ZI",-5.3041924410481886e-09,-5.304192441048189e-10
motional_heating,Motional heating/diffusion,10.0,3.0,A,"YI,ZX",6.7791578678633646e-09,6.779157867863365e-10
motional_heating,Motional heating/diffusion,10.0,3.0,A,"YI,ZY",1.3280872185748786e-09,1.3280872185748785e-10
motional_heating,Motional heating/diffusion,10.0,3.0,A,"YI,ZZ",1.5664721905233248e-09,1.5664721905233249e-10
motional_heating,Motional heating/diffusion,10.0,3.0,A,"YX,YY",-1.7569688525497987e-10,-1.7569688525497986e-11
motional_heating,Motional heating/diffusion,10.0,3.0,A,"YX,YZ",4.83403620268401e-09,4.83403620268401e-10
motional_heating,Motional heating/diffusion,10.0,3.0,A,"YX,ZI",-1.936764022433552e-09,-1.9367640224335522e-10
motional_heating,Motional heating/diffusion,10.0,3.0,A,"YX,ZX",-2.4350894851524752e-09,-2.435089485152475e-10
motional_heating,Motional heating/diffusion,10.0,3.0,A,"YX,ZY",4.780419746060902e-09,4.780419746060901e-10
motional_heating,Motional heating/diffusion,10.0,3.0,A,"YX,ZZ",-4.169631346818491e-09,-4.1696313468184905e-10
motional_heating,Motional heating/diffusion,10.0,3.0,A,"YY,YZ",1.2483216338266991e-09,1.2483216338266992e-10
motional_heating,Motional heating/diffusion,10.0,3.0,A,"YY,ZI",-3.60835016678511e-09,-3.60835016678511e-10
motional_heating,Motional heating/diffusion,10.0,3.0,A,"YY,ZX",3.2501679626179648e-09,3.250167962617965e-10
motional_heating,Motional heating/diffusion,10.0,3.0,A,"YY,ZY",2.5282610278650555e-09,2.5282610278650554e-10
motional_heating,Motional heating/diffusion,10.0,3.0,A,"YY,ZZ",-1.169675765363417e-08,-1.169675765363417e-09
motional_heating,Motional heating/diffusion,10.0,3.0,A,"YZ,ZI",3.6443215734688438e-09,3.6443215734688437e-10
motional_heating,Motional heating/diffusion,10.0,3.0,A,"YZ,ZX",-8.667350482006087e-09,-8.667350482006087e-10
motional_heating,Motional heating/diffusion,10.0,3.0,A,"YZ,ZY",-2.5596851286104783e-10,-2.5596851286104783e-11
motional_heating,Motional heating/diffusion,10.0,3.0,A,"YZ,ZZ",-2.281308000515983e-09,-2.281308000515983e-10
motional_heating,Motional heating/diffusion,10.0,3.0,A,"ZI,ZX",6.0202846561939334e-09,6.020284656193934e-10
motional_heating,Motional heating/diffusion,10.0,3.0,A,"ZI,ZY",-1.406419347248519e-09,-1.406419347248519e-10
motional_heating,Motional heating/diffusion,10.0,3.0,A,"ZI,ZZ",3.2374074930257784e-09,3.2374074930257786e-10
motional_heating,Motional heating/diffusion,10.0,3.0,A,"ZX,ZY",5.403471613195643e-09,5.403471613195643e-10
motional_heating,Motional heating/diffusion,10.0,3.0,A,"ZX,ZZ",-4.7523351097608175e-09,-4.752335109760818e-10
motional_heating,Motional heating/diffusion,10.0,3.0,A,"ZY,ZZ",-3.1539617251559933e-09,-3.153961725155993e-10
motional_heating,Motional heating/diffusion,10.0,3.0,C,"IX,IY",-1.2305195325742131e-09,-1.230519532574213e-10
motional_heating,Motional heating/diffusion,10.0,3.0,C,"IX,IZ",-1.2302450525663285e-08,-1.2302450525663285e-09
motional_heating,Motional heating/diffusion,10.0,3.0,C,"IX,XI",0.00022996052949841546,2.2996052949841548e-05
motional_heating,Motional heating/diffusion,10.0,3.0,C,"IX,XX",-1.3403061095484503e-08,-1.3403061095484503e-09
motional_heating,Motional heating/diffusion,10.0,3.0,C,"IX,XY",5.567085774722427e-09,5.567085774722427e-10
motional_heating,Motional heating/diffusion,10.0,3.0,C,"IX,XZ",5.35299463405517e-09,5.352994634055169e-10
motional_heating,Motional heating/diffusion,10.0,3.0,C,"IX,YI",1.5904972670839607e-09,1.5904972670839607e-10
motional_heating,Motional heating/diffusion,10.0,3.0,C,"IX,YX",-6.4678172656714405e-09,-6.467817265671441e-10
motional_heating,Motional heating/diffusion,10.0,3.0,C,"IX,YY",5.529473958481056e-09,5.529473958481056e-10
motional_heating,Motional heating/diffusion,10.0,3.0,C,"IX,YZ",4.731046954472742e-10,4.731046954472742e-11
motional_heating,Motional heating/diffusion,10.0,3.0,C,"IX,ZI",9.559017015835276e-09,9.559017015835276e-10
motional_heating,Motional heating/diffusion,10.0,3.0,C,"IX,ZX",8.335185402578905e-09,8.335185402578906e-10
motional_heating,Motional heating/diffusion,10.0,3.0,C,"IX,ZY",-1.331148586755657e-09,-1.3311485867556571e-10
motional_heating,Motional heating/diffusion,10.0,3.0,C,"IX,ZZ",1.4604669080727095e-08,1.4604669080727094e-09
motional_heating,Motional heating/diffusion,10.0,3.0,C,"IY,IZ",-3.303264930193682e-09,-3.303264930193682e-10
motional_heating,Motional heating/diffusion,10.0,3.0,C,"IY,XI",-3.1347400677196198e-09,-3.1347400677196197e-10
motional_heating,Motional heating/diffusion,10.0,3.0,C,"IY,XX",3.670369941924959e-09,3.670369941924959e-10
motional_heating,Motional heating/diffusion,10.0,3.0,C,"IY,XY",-1.8646262098007192e-09,-1.8646262098007193e-10
motional_heating,Motional heating/diffusion,10.0,3.0,C,"IY,XZ",-3.3590413549828397e-09,-3.3590413549828395e-10
motional_heating,Motional heating/diffusion,10.0,3.0,C,"IY,YI",-3.758182733736599e-09,-3.7581827337365995e-10
motional_heating,Motional heating/diffusion,10.0,3.0,C,"IY,YX",1.018809234045102e-10,1.018809234045102e-11
motional_heating,Motional heating/diffusion,10.0,3.0,C,"IY,YY",-6.617722754792291e-09,-6.617722754792291e-10
motional_heating,Motional heating/diffusion,10.0,3.0,C,"IY,YZ",3.3382723135473215e-10,3.338272313547322e-11
motional_heating,Motional heating/diffusion,10.0,3.0,C,"IY,ZI",-1.2753699048928425e-09,-1.2753699048928425e-10
motional_heating,Motional heating/diffusion,10.0,3.0,C,"IY,ZX",-4.421593300023652e-09,-4.421593300023652e-10
motional_heating,Motional heating/diffusion,10.0,3.0,C,"IY,ZY",1.8176073584635893e-09,1.8176073584635892e-10
motional_heating,Motional heating/diffusion,10.0,3.0,C,"IY,ZZ",1.5105269471286849e-09,1.510526947128685e-10
motional_heating,Motional heating/diffusion,10.0,3.0,C,"IZ,XI",1.0395829985491563e-08,1.0395829985491562e-09
motional_heating,Motional heating/diffusion,10.0,3.0,C,"IZ,XX",-1.1215411788856227e-08,-1.1215411788856226e-09
motional_heating,Motional heating/diffusion,10.0,3.0,C,"IZ,XY",1.3499981491171317e-08,1.3499981491171316e-09
motional_heating,Motional heating/diffusion,10.0,3.0,C,"IZ,XZ",9.590226013572051e-09,9.590226013572051e-10
motional_heating,Motional heating/diffusion,10.0,3.0,C,"IZ,YI",-5.338819862364491e-09,-5.338819862364491e-10
motional_heating,Motional heating/diffusion,10.0,3.0,C,"IZ,YX",4.970404014430966e-09,4.970404014430966e-10
motional_heating,Motional heating/diffusion,10.0,3.0,C,"IZ,YY",5.1829066110929445e-09,5.182906611092944e-10
motional_heating,Motional heating/diffusion,10.0,3.0,C,"IZ,YZ",6.469993455874071e-09,6.46999345587407e-10
motional_heating,Motional heating/diffusion,10.0,3.0,C,"IZ,ZI",-8.073700851045197e-09,-8.073700851045197e-10
motional_heating,Motional heating/diffusion,10.0,3.0,C,"IZ,ZX",3.987320379337291e-09,3.987320379337291e-10
motional_heating,Motional heating/diffusion,10.0,3.0,C,"IZ,ZY",3.899491704089725e-09,3.899491704089725e-10
motional_heating,Motional heating/diffusion,10.0,3.0,C,"IZ,ZZ",-1.007100383634005e-08,-1.007100383634005e-09
motional_heating,Motional heating/diffusion,10.0,3.0,C,"XI,XX",8.08748834086428e-09,8.08748834086428e-10
motional_heating,Motional heating/diffusion,10.0,3.0,C,"XI,XY",1.808427804481786e-08,1.808427804481786e-09
motional_heating,Motional heating/diffusion,10.0,3.0,C,"XI,XZ",1.4787305104118319e-08,1.4787305104118318e-09
motional_heating,Motional heating/diffusion,10.0,3.0,C,"XI,YI",-1.1844041558091201e-09,-1.18440415580912e-10
motional_heating,Motional heating/diffusion,10.0,3.0,C,"XI,YX",-2.6920628300273572e-09,-2.6920628300273574e-10
motional_heating,Motional heating/diffusion,10.0,3.0,C,"XI,YY",1.2249194632686489e-08,1.2249194632686489e-09
motional_heating,Motional heating/diffusion,10.0,3.0,C,"XI,YZ",-8.208623670096369e-10,-8.208623670096369e-11
motional_heating,Motional heating/diffusion,10.0,3.0,C,"XI,ZI",1.2770917103599892e-09,1.277091710359989e-10
motional_heating,Motional heating/diffusion,10.0,3.0,C,"XI,ZX",1.0067389199314514e-08,1.0067389199314515e-09
motional_heating,Motional heating/diffusion,10.0,3.0,C,"XI,ZY",1.6804946924861983e-09,1.6804946924861984e-10
motional_heating,Motional heating/diffusion,10.0,3.0,C,"XI,ZZ",3.3980999985777135e-09,3.3980999985777135e-10
motional_heating,Motional heating/diffusion,10.0,3.0,C,"XX,XY",3.62597835082248e-09,3.62597835082248e-10
motional_heating,Motional heating/diffusion,10.0,3.0,C,"XX,XZ",-1.3108361433492017e-08,-1.3108361433492017e-09
motional_heating,Motional heating/diffusion,10.0,3.0,C,"XX,YI",-2.1654283275017427e-10,-2.1654283275017428e-11
motional_heating,Motional heating/diffusion,10.0,3.0,C,"XX,YX",1.894504800308607e-09,1.8945048003086068e-10
motional_heating,Motional heating/diffusion,10.0,3.0,C,"XX,YY",-1.921225596289226e-08,-1.921225596289226e-09
motional_heating,Motional heating/diffusion,10.0,3.0,C,"XX,YZ",8.93952249561643e-10,8.93952249561643e-11
motional_heating,Motional heating/diffusion,10.0,3.0,C,"XX,ZI",-2.908875521172416e-08,-2.9088755211724163e-09
motional_heating,Motional heating/diffusion,10.0,3.0,C,"XX,ZX",7.250775068687167e-10,7.250775068687168e-11
motional_heating,Motional heating/diffusion,10.0,3.0,C,"XX,ZY",-7.035836321534352e-10,-7.035836321534352e-11
motional_heating,Motional heating/diffusion,10.0,3.0,C,"XX,ZZ",-6.918493214783104e-10,-6.918493214783105e-11
motional_heating,Motional heating/diffusion,10.0,3.0,C,"XY,XZ",4.75881725566514e-09,4.75881725566514e-10
motional_heating,Motional heating/diffusion,10.0,3.0,C,"XY,YI",-4.050515670211951e-09,-4.050515670211951e-10
motional_heating,Motional heating/diffusion,10.0,3.0,C,"XY,YX",1.1450435610061537e-09,1.1450435610061537e-10
motional_heating,Motional heating/diffusion,10.0,3.0,C,"XY,YY",5.786782255710332e-09,5.786782255710332e-10
motional_heating,Motional heating/diffusion,10.0,3.0,C,"XY,YZ",5.562580442849526e-09,5.562580442849526e-10
motional_heating,Motional heating/diffusion,10.0,3.0,C,"XY,ZI",-6.775522260002771e-09,-6.775522260002771e-10
motional_heating,Motional heating/diffusion,10.0,3.0,C,"XY,ZX",3.522684511484859e-09,3.522684511484859e-10
motional_heating,Motional heating/diffusion,10.0,3.0,C,"XY,ZY",4.223822210130203e-09,4.223822210130203e-10
motional_heating,Motional heating/diffusion,10.0,3.0,C,"XY,ZZ",-6.18683341204494e-09,-6.186833412044941e-10
motional_heating,Motional heating/diffusion,10.0,3.0,C,"XZ,YI",-3.6344699385334955e-09,-3.6344699385334954e-10
motional_heating,Motional heating/diffusion,10.0,3.0,C,"XZ,YX",1.5920095095698575e-09,1.5920095095698575e-10
motional_heating,Motional heating/diffusion,10.0,3.0,C,"XZ,YY",-5.679220139103483e-09,-5.679220139103483e-10
motional_heating,Motional heating/diffusion,10.0,3.0,C,"XZ,YZ",-6.803845588860703e-10,-6.803845588860703e-11
motional_heating,Motional heating/diffusion,10.0,3.0,C,"XZ,ZI",-2.8938391936215997e-09,-2.8938391936215997e-10
motional_heating,Motional heating/diffusion,10.0,3.0,C,"XZ,ZX",-2.386700467202704e-09,-2.386700467202704e-10
motional_heating,Motional heating/diffusion,10.0,3.0,C,"XZ,ZY",5.909376675620832e-10,5.909376675620832e-11
motional_heating,Motional heating/diffusion,10.0,3.0,C,"XZ,ZZ",-9.386154778275416e-11,-9.386154778275416e-12
motional_heating,Motional heating/diffusion,10.0,3.0,C,"YI,YX",-1.6735015543639108e-09,-1.673501554363911e-10
motional_heating,Motional heating/diffusion,10.0,3.0,C,"YI,YY",-5.283144869952102e-09,-5.283144869952101e-10
motional_heating,Motional heating/diffusion,10.0,3.0,C,"YI,YZ",-9.832158809204109e-09,-9.83215880920411e-10
motional_heating,Motional heating/diffusion,10.0,3.0,C,"YI,ZI",5.544944522610514e-09,5.544944522610514e-10
motional_heating,Motional heating/diffusion,10.0,3.0,C,"YI,ZX",2.335919918438168e-09,2.335919918438168e-10
motional_heating,Motional heating/diffusion,10.0,3.0,C,"YI,ZY",-8.186133659807543e-09,-8.186133659807543e-10
motional_heating,Motional heating/diffusion,10.0,3.0,C,"YI,ZZ",2.7804812247379002e-09,2.7804812247379e-10
motional_heating,Motional heating/diffusion,10.0,3.0,C,"YX,YY",1.3339226314593644e-09,1.3339226314593644e-10
motional_heating,Motional heating/diffusion,10.0,3.0,C,"YX,YZ",3.3243145637918477e-09,3.324314563791848e-10
motional_heating,Motional heating/diffusion,10.0,3.0,C,"YX,ZI",-3.878208741152787e-09,-3.8782087411527867e-10
motional_heating,Motional heating/diffusion,10.0,3.0,C,"YX,ZX",3.2137237476443305e-09,3.2137237476443305e-10
motional_heating,Motional heating/diffusion,10.0,3.0,C,"YX,ZY",8.209796948545554e-10,8.209796948545554e-11
motional_heating,Motional heating/diffusion,10.0,3.0,C,"YX,ZZ",-1.297905786685722e-09,-1.297905786685722e-10
motional_heating,Motional heating/diffusion,10.0,3.0,C,"YY,YZ",2.966063663108641e-09,2.966063663108641e-10
motional_heating,Motional heating/diffusion,10.0,3.0,C,"YY,ZI",-1.196980559392568e-09,-1.196980559392568e-10
motional_heating,Motional heating/diffusion,10.0,3.0,C,"YY,ZX",-4.930836415565784e-09,-4.930836415565784e-10
motional_heating,Motional heating/diffusion,10.0,3.0,C,"YY,ZY",3.157340615399969e-09,3.157340615399969e-10
motional_heating,Motional heating/diffusion,10.0,3.0,C,"YY,ZZ",-5.724568888216511e-09,-5.724568888216511e-10
motional_heating,Motional heating/diffusion,10.0,3.0,C,"YZ,ZI",-7.122287042120034e-10,-7.122287042120035e-11
motional_heating,Motional heating/diffusion,10.0,3.0,C,"YZ,ZX",-1.5861810510716653e-09,-1.5861810510716652e-10
motional_heating,Motional heating/diffusion,10.0,3.0,C,"YZ,ZY",3.0508017374300186e-10,3.050801737430019e-11
motional_heating,Motional heating/diffusion,10.0,3.0,C,"YZ,ZZ",7.878351085908165e-09,7.878351085908165e-10
motional_heating,Motional heating/diffusion,10.0,3.0,C,"ZI,ZX",-1.226223036196174e-09,-1.226223036196174e-10
motional_heating,Motional heating/diffusion,10.0,3.0,C,"ZI,ZY",2.159823065593134e-09,2.159823065593134e-10
motional_heating,Motional heating/diffusion,10.0,3.0,C,"ZI,ZZ",-2.141257375935111e-09,-2.141257375935111e-10
motional_heating,Motional heating/diffusion,10.0,3.0,C,"ZX,ZY",-3.437908086957978e-09,-3.437908086957978e-10
motional_heating,Motional heating/diffusion,10.0,3.0,C,"ZX,ZZ",2.266507435332985e-09,2.266507435332985e-10
motional_heating,Motional heating/diffusion,10.0,3.0,C,"ZY,ZZ",4.679898837711676e-09,4.679898837711675e-10
motional_heating,Motional heating/diffusion,10.0,3.0,H,IX,8.859148345556287e-09,8.859148345556287e-10
motional_heating,Motional heating/diffusion,10.0,3.0,H,IY,1.3390084442758867e-08,1.3390084442758866e-09
motional_heating,Motional heating/diffusion,10.0,3.0,H,IZ,-2.153824337313917e-10,-2.153824337313917e-11
motional_heating,Motional heating/diffusion,10.0,3.0,H,XI,-2.4929575994788083e-08,-2.4929575994788085e-09
motional_heating,Motional heating/diffusion,10.0,3.0,H,XX,9.11498462689928e-06,9.11498462689928e-07
motional_heating,Motional heating/diffusion,10.0,3.0,H,XY,1.1496691975379487e-08,1.1496691975379486e-09
motional_heating,Motional heating/diffusion,10.0,3.0,H,XZ,-1.7113235800760043e-10,-1.7113235800760043e-11
motional_heating,Motional heating/diffusion,10.0,3.0,H,YI,-6.685389858242067e-10,-6.685389858242067e-11
motional_heating,Motional heating/diffusion,10.0,3.0,H,YX,2.9146188426157342e-08,2.9146188426157343e-09
motional_heating,Motional heating/diffusion,10.0,3.0,H,YY,8.554844306637968e-10,8.554844306637968e-11
motional_heating,Motional heating/diffusion,10.0,3.0,H,YZ,3.558240331195978e-09,3.558240331195978e-10
motional_heating,Motional heating/diffusion,10.0,3.0,H,ZI,1.8800754828992367e-09,1.8800754828992366e-10
motional_heating,Motional heating/diffusion,10.0,3.0,H,ZX,-2.3000164685410168e-10,-2.300016468541017e-11
motional_heating,Motional heating/diffusion,10.0,3.0,H,ZY,-2.1560887456042728e-08,-2.1560887456042726e-09
motional_heating,Motional heating/diffusion,10.0,3.0,H,ZZ,-2.865167745448726e-16,-2.8651677454487256e-17
motional_heating,Motional heating/diffusion,10.0,3.0,S,IX,0.00022996813472667956,2.2996813472667958e-05
motional_heating,Motional heating/diffusion,10.0,3.0,S,IY,4.133541981789224e-09,4.133541981789224e-10
motional_heating,Motional heating/diffusion,10.0,3.0,S,IZ,1.9911504857501243e-08,1.9911504857501243e-09
motional_heating,Motional heating/diffusion,10.0,3.0,S,XI,0.00022998105812318392,2.2998105812318392e-05
motional_heating,Motional heating/diffusion,10.0,3.0,S,XX,7.223973164401252e-07,7.223973164401251e-08
motional_heating,Motional heating/diffusion,10.0,3.0,S,XY,6.6423743970965045e-09,6.642374397096504e-10
motional_heating,Motional heating/diffusion,10.0,3.0,S,XZ,3.771390296273966e-09,3.771390296273966e-10
motional_heating,Motional heating/diffusion,10.0,3.0,S,YI,9.639245670604282e-09,9.639245670604282e-10
motional_heating,Motional heating/diffusion,10.0,3.0,S,YX,-9.458111534227766e-10,-9.458111534227766e-11
motional_heating,Motional heating/diffusion,10.0,3.0,S,YY,-1.141957952746392e-08,-1.141957952746392e-09
motional_heating,Motional heating/diffusion,10.0,3.0,S,YZ,2.3339569148606975e-09,2.3339569148606975e-10
motional_heating,Motional heating/diffusion,10.0,3.0,S,ZI,1.978846982637699e-09,1.9788469826376988e-10
motional_heating,Motional heating/diffusion,10.0,3.0,S,ZX,6.004386840394806e-09,6.004386840394805e-10
motional_heating,Motional heating/diffusion,10.0,3.0,S,ZY,-3.022950603501066e-09,-3.0229506035010657e-10
motional_heating,Motional heating/diffusion,10.0,3.0,S,ZZ,-3.901935476645775e-09,-3.9019354766457747e-10
motional_heating,Motional heating/diffusion,10.0,4.0,A,"IX,IY",-2.1624721577399358e-09,-2.1624721577399358e-10
motional_heating,Motional heating/diffusion,10.0,4.0,A,"IX,IZ",5.549727684072286e-09,5.549727684072286e-10
motional_heating,Motional heating/diffusion,10.0,4.0,A,"IX,XI",7.827393688062125e-09,7.827393688062125e-10
motional_heating,Motional heating/diffusion,10.0,4.0,A,"IX,XX",-2.2443311937525764e-09,-2.2443311937525764e-10
motional_heating,Motional heating/diffusion,10.0,4.0,A,"IX,XY",2.5579375133508187e-09,2.5579375133508187e-10
motional_heating,Motional heating/diffusion,10.0,4.0,A,"IX,XZ",-7.889501584860595e-10,-7.889501584860595e-11
motional_heating,Motional heating/diffusion,10.0,4.0,A,"IX,YI",-2.0019949898119394e-09,-2.0019949898119394e-10
motional_heating,Motional heating/diffusion,10.0,4.0,A,"IX,YX",-2.222393945080512e-09,-2.2223939450805118e-10
motional_heating,Motional heating/diffusion,10.0,4.0,A,"IX,YY",-4.019514723834634e-09,-4.019514723834634e-10
motional_heating,Motional heating/diffusion,10.0,4.0,A,"IX,YZ",7.969409054479402e-10,7.969409054479402e-11
motional_heating,Motional heating/diffusion,10.0,4.0,A,"IX,ZI",-4.998482646589086e-09,-4.998482646589087e-10
motional_heating,Motional heating/diffusion,10.0,4.0,A,"IX,ZX",-2.811222028279103e-10,-2.811222028279103e-11
motional_heating,Motional heating/diffusion,10.0,4.0,A,"IX,ZY",-5.317378770258784e-09,-5.317378770258783e-10
motional_heating,Motional heating/diffusion,10.0,4.0,A,"IX,ZZ",-5.4639419243590106e-09,-5.463941924359011e-10
motional_heating,Motional heating/diffusion,10.0,4.0,A,"IY,IZ",-6.785393047667385e-10,-6.785393047667385e-11
motional_heating,Motional heating/diffusion,10.0,4.0,A,"IY,XI",2.513520232133565e-09,2.513520232133565e-10
motional_heating,Motional heating/diffusion,10.0,4.0,A,"IY,XX",1.4280116677683289e-09,1.428011667768329e-10
motional_heating,Motional heating/diffusion,10.0,4.0,A,"IY,XY",-1.5950619236248307e-09,-1.5950619236248308e-10
motional_heating,Motional heating/diffusion,10.0,4.0,A,"IY,XZ",-5.467340247932361e-10,-5.467340247932361e-11
motional_heating,Motional heating/diffusion,10.0,4.0,A,"IY,YI",-3.1816415244327334e-09,-3.1816415244327336e-10
motional_heating,Motional heating/diffusion,10.0,4.0,A,"IY,YX",2.981637169559168e-09,2.981637169559168e-10
motional_heating,Motional heating/diffusion,10.0,4.0,A,"IY,YY",8.078446659766517e-10,8.078446659766517e-11
motional_heating,Motional heating/diffusion,10.0,4.0,A,"IY,YZ",-2.176878435608592e-09,-2.1768784356085922e-10
motional_heating,Motional heating/diffusion,10.0,4.0,A,"IY,ZI",6.517925161067218e-13,6.517925161067218e-14
motional_heating,Motional heating/diffusion,10.0,4.0,A,"IY,ZX",2.516554823487003e-09,2.516554823487003e-10
motional_heating,Motional heating/diffusion,10.0,4.0,A,"IY,ZY",-5.5238619250514976e-11,-5.523861925051497e-12
motional_heating,Motional heating/diffusion,10.0,4.0,A,"IY,ZZ",-3.1318008771777483e-09,-3.131800877177748e-10
motional_heating,Motional heating/diffusion,10.0,4.0,A,"IZ,XI",-5.255374178090179e-09,-5.255374178090179e-10
motional_heating,Motional heating/diffusion,10.0,4.0,A,"IZ,XX",8.338734946111657e-10,8.338734946111656e-11
motional_heating,Motional heating/diffusion,10.0,4.0,A,"IZ,XY",-1.7653630312821538e-09,-1.7653630312821538e-10
motional_heating,Motional heating/diffusion,10.0,4.0,A,"IZ,XZ",-1.8784331408961745e-09,-1.8784331408961745e-10
motional_heating,Motional heating/diffusion,10.0,4.0,A,"IZ,YI",-3.4626688680987817e-09,-3.462668868098782e-10
motional_heating,Motional heating/diffusion,10.0,4.0,A,"IZ,YX",9.567769841714481e-10,9.567769841714481e-11
motional_heating,Motional heating/diffusion,10.0,4.0,A,"IZ,YY",1.142515841998971e-09,1.142515841998971e-10
motional_heating,Motional heating/diffusion,10.0,4.0,A,"IZ,YZ",-2.3485789261419777e-09,-2.348578926141978e-10
motional_heating,Motional heating/diffusion,10.0,4.0,A,"IZ,ZI",1.5715296444816558e-09,1.5715296444816558e-10
motional_heating,Motional heating/diffusion,10.0,4.0,A,"IZ,ZX",1.983606855239182e-09,1.9836068552391818e-10
motional_heating,Motional heating/diffusion,10.0,4.0,A,"IZ,ZY",2.3002720501717332e-09,2.3002720501717332e-10
motional_heating,Motional heating/diffusion,10.0,4.0,A,"IZ,ZZ",-2.229505729850281e-09,-2.229505729850281e-10
motional_heating,Motional heating/diffusion,10.0,4.0,A,"XI,XX",1.5139560168954658e-08,1.513956016895466e-09
motional_heating,Motional heating/diffusion,10.0,4.0,A,"XI,XY",2.456316550831145e-09,2.4563165508311453e-10
motional_heating,Motional heating/diffusion,10.0,4.0,A,"XI,XZ",-3.355053867681784e-10,-3.3550538676817844e-11
motional_heating,Motional heating/diffusion,10.0,4.0,A,"XI,YI",-2.8607543073482757e-09,-2.8607543073482757e-10
motional_heating,Motional heating/diffusion,10.0,4.0,A,"XI,YX",-1.491306592634213e-09,-1.4913065926342128e-10
motional_heating,Motional heating/diffusion,10.0,4.0,A,"XI,YY",-3.12587155761085e-09,-3.12587155761085e-10
motional_heating,Motional heating/diffusion,10.0,4.0,A,"XI,YZ",1.450783149169108e-09,1.4507831491691081e-10
motional_heating,Motional heating/diffusion,10.0,4.0,A,"XI,ZI",-5.683598457939946e-09,-5.683598457939947e-10
motional_heating,Motional heating/diffusion,10.0,4.0,A,"XI,ZX",7.33899767289699e-10,7.33899767289699e-11
motional_heating,Motional heating/diffusion,10.0,4.0,A,"XI,ZY",-4.299913132394376e-09,-4.2999131323943757e-10
motional_heating,Motional heating/diffusion,10.0,4.0,A,"XI,ZZ",-3.235827913993146e-09,-3.235827913993146e-10
motional_heating,Motional heating/diffusion,10.0,4.0,A,"XX,XY",-1.2346690770486864e-08,-1.2346690770486864e-09
motional_heating,Motional heating/diffusion,10.0,4.0,A,"XX,XZ",-1.3137702272991467e-08,-1.3137702272991466e-09
motional_heating,Motional heating/diffusion,10.0,4.0,A,"XX,YI",1.568556852699048e-09,1.568556852699048e-10
motional_heating,Motional heating/diffusion,10.0,4.0,A,"XX,YX",2.403704678966984e-08,2.4037046789669842e-09
motional_heating,Motional heating/diffusion,10.0,4.0,A,"XX,YY",3.0184925709922706e-14,3.0184925709922705e-15
motional_heating,Motional heating/diffusion,10.0,4.0,A,"XX,YZ",1.9210038931169146e-09,1.9210038931169145e-10
motional_heating,Motional heating/diffusion,10.0,4.0,A,"XX,ZI",-9.478373266627103e-10,-9.478373266627102e-11
motional_heating,Motional heating/diffusion,10.0,4.0,A,"XX,ZX",9.920013535462862e-09,9.920013535462861e-10
motional_heating,Motional heating/diffusion,10.0,4.0,A,"XX,ZY",7.853609858520233e-09,7.853609858520232e-10
motional_heating,Motional heating/diffusion,10.0,4.0,A,"XX,ZZ",7.922785356746139e-09,7.922785356746138e-10
motional_heating,Motional heating/diffusion,10.0,4.0,A,"XY,XZ",-6.884977256487656e-10,-6.884977256487656e-11
motional_heating,Motional heating/diffusion,10.0,4.0,A,"XY,YI",2.4537416882100876e-09,2.4537416882100874e-10
motional_heating,Motional heating/diffusion,10.0,4.0,A,"XY,YX",-1.1753980098425866e-09,-1.1753980098425867e-10
motional_heating,Motional heating/diffusion,10.0,4.0,A,"XY,YY",-2.650538360922427e-09,-2.6505383609224273e-10
motional_heating,Motional heating/diffusion,10.0,4.0,A,"XY,YZ",2.2683538534500226e-09,2.2683538534500225e-10
motional_heating,Motional heating/diffusion,10.0,4.0,A,"XY,ZI",-1.4936809767033757e-09,-1.4936809767033756e-10
motional_heating,Motional heating/diffusion,10.0,4.0,A,"XY,ZX",-1.8435847448439392e-09,-1.8435847448439392e-10
motional_heating,Motional heating/diffusion,10.0,4.0,A,"XY,ZY",-3.738180554866091e-09,-3.738180554866091e-10
motional_heating,Motional heating/diffusion,10.0,4.0,A,"XY,ZZ",-1.2096559791126007e-10,-1.2096559791126007e-11
motional_heating,Motional heating/diffusion,10.0,4.0,A,"XZ,YI",1.531673990965398e-09,1.5316739909653981e-10
motional_heating,Motional heating/diffusion,10.0,4.0,A,"XZ,YX",-1.3664630153373343e-09,-1.3664630153373342e-10
motional_heating,Motional heating/diffusion,10.0,4.0,A,"XZ,YY",-3.8881637117928707e-10,-3.8881637117928704e-11
motional_heating,Motional heating/diffusion,10.0,4.0,A,"XZ,YZ",3.3109727307918035e-09,3.3109727307918036e-10
motional_heating,Motional heating/diffusion,10.0,4.0,A,"XZ,ZI",-3.204231336268741e-10,-3.204231336268741e-11
motional_heating,Motional heating/diffusion,10.0,4.0,A,"XZ,ZX",-1.2059991856162832e-09,-1.2059991856162833e-10
motional_heating,Motional heating/diffusion,10.0,4.0,A,"XZ,ZY",-4.7932909508372333e-11,-4.793290950837233e-12
motional_heating,Motional heating/diffusion,10.0,4.0,A,"XZ,ZZ",2.8403389660141768e-09,2.8403389660141767e-10
motional_heating,Motional heating/diffusion,10.0,4.0,A,"YI,YX",3.4474366510580178e-09,3.4474366510580176e-10
motional_heating,Motional heating/diffusion,10.0,4.0,A,"YI,YY",-2.214934045214782e-09,-2.214934045214782e-10
motional_heating,Motional heating/diffusion,10.0,4.0,A,"YI,YZ",3.079480543166994e-09,3.0794805431669937e-10
motional_heating,Motional heating/diffusion,10.0,4.0,A,"YI,ZI",-1.5264318326678562e-09,-1.526431832667856e-10
motional_heating,Motional heating/diffusion,10.0,4.0,A,"YI,ZX",2.5090232916137405e-09,2.5090232916137407e-10
motional_heating,Motional heating/diffusion,10.0,4.0,A,"YI,ZY",-2.590986246366741e-09,-2.590986246366741e-10
motional_heating,Motional heating/diffusion,10.0,4.0,A,"YI,ZZ",-2.307007245401734e-09,-2.3070072454017339e-10
motional_heating,Motional heating/diffusion,10.0,4.0,A,"YX,YY",1.5461795906526978e-09,1.5461795906526977e-10
motional_heating,Motional heating/diffusion,10.0,4.0,A,"YX,YZ",-1.3999292574261113e-09,-1.3999292574261112e-10
motional_heating,Motional heating/diffusion,10.0,4.0,A,"YX,ZI",-2.0629821684622776e-09,-2.0629821684622777e-10
motional_heating,Motional heating/diffusion,10.0,4.0,A,"YX,ZX",6.235709127551139e-10,6.235709127551139e-11
motional_heating,Motional heating/diffusion,10.0,4.0,A,"YX,ZY",1.121791172449837e-11,1.121791172449837e-12
motional_heating,Motional heating/diffusion,10.0,4.0,A,"YX,ZZ",-1.2493402208368461e-09,-1.249340220836846e-10
motional_heating,Motional heating/diffusion,10.0,4.0,A,"YY,YZ",-5.413542950797057e-10,-5.4135429507970565e-11
motional_heating,Motional heating/diffusion,10.0,4.0,A,"YY,ZI",1.4645715483884778e-09,1.4645715483884776e-10
motional_heating,Motional heating/diffusion,10.0,4.0,A,"YY,ZX",-2.537995909070912e-09,-2.537995909070912e-10
motional_heating,Motional heating/diffusion,10.0,4.0,A,"YY,ZY",2.2760321226864295e-09,2.2760321226864294e-10
motional_heating,Motional heating/diffusion,10.0,4.0,A,"YY,ZZ",5.6859674711220826e-09,5.685967471122082e-10
motional_heating,Motional heating/diffusion,10.0,4.0,A,"YZ,ZI",3.5995053514918677e-09,3.5995053514918677e-10
motional_heating,Motional heating/diffusion,10.0,4.0,A,"YZ,ZX",9.024135068083118e-10,9.024135068083119e-11
motional_heating,Motional heating/diffusion,10.0,4.0,A,"YZ,ZY",3.6340500886472e-09,3.6340500886472e-10
motional_heating,Motional heating/diffusion,10.0,4.0,A,"YZ,ZZ",3.7004522353856636e-10,3.7004522353856636e-11
motional_heating,Motional heating/diffusion,10.0,4.0,A,"ZI,ZX",1.290802139534374e-09,1.290802139534374e-10
motional_heating,Motional heating/diffusion,10.0,4.0,A,"ZI,ZY",-1.1401700682531063e-09,-1.1401700682531063e-10
motional_heating,Motional heating/diffusion,10.0,4.0,A,"ZI,ZZ",-1.4898172997439277e-09,-1.4898172997439278e-10
motional_heating,Motional heating/diffusion,10.0,4.0,A,"ZX,ZY",9.035892798477668e-10,9.035892798477668e-11
motional_heating,Motional heating/diffusion,10.0,4.0,A,"ZX,ZZ",1.932803934873797e-09,1.9328039348737972e-10
motional_heating,Motional heating/diffusion,10.0,4.0,A,"ZY,ZZ",8.798917116009566e-10,8.798917116009565e-11
motional_heating,Motional heating/diffusion,10.0,4.0,C,"IX,IY",-8.038797244785379e-10,-8.038797244785379e-11
motional_heating,Motional heating/diffusion,10.0,4.0,C,"IX,IZ",-7.497481076524912e-10,-7.497481076524912e-11
motional_heating,Motional heating/diffusion,10.0,4.0,C,"IX,XI",0.0002255774022901888,2.255774022901888e-05
motional_heating,Motional heating/diffusion,10.0,4.0,C,"IX,XX",-8.436291456714595e-09,-8.436291456714595e-10
motional_heating,Motional heating/diffusion,10.0,4.0,C,"IX,XY",5.012399017368328e-09,5.012399017368328e-10
motional_heating,Motional heating/diffusion,10.0,4.0,C,"IX,XZ",4.263871006292609e-09,4.263871006292609e-10
motional_heating,Motional heating/diffusion,10.0,4.0,C,"IX,YI",-2.1078853760661473e-09,-2.1078853760661474e-10
motional_heating,Motional heating/diffusion,10.0,4.0,C,"IX,YX",-9.75679031289539e-09,-9.756790312895391e-10
motional_heating,Motional heating/diffusion,10.0,4.0,C,"IX,YY",6.126208501078356e-09,6.126208501078356e-10
motional_heating,Motional heating/diffusion,10.0,4.0,C,"IX,YZ",4.204406528457584e-10,4.204406528457584e-11
motional_heating,Motional heating/diffusion,10.0,4.0,C,"IX,ZI",6.689355143365152e-09,6.689355143365153e-10
motional_heating,Motional heating/diffusion,10.0,4.0,C,"IX,ZX",4.4214634147246065e-09,4.4214634147246064e-10
motional_heating,Motional heating/diffusion,10.0,4.0,C,"IX,ZY",-3.67169408089194e-10,-3.67169408089194e-11
motional_heating,Motional heating/diffusion,10.0,4.0,C,"IX,ZZ",-1.8960441059293438e-11,-1.8960441059293437e-12
motional_heating,Motional heating/diffusion,10.0,4.0,C,"IY,IZ",-3.028831915861627e-09,-3.028831915861627e-10
motional_heating,Motional heating/diffusion,10.0,4.0,C,"IY,XI",5.628504652223382e-10,5.6285046522233814e-11
motional_heating,Motional heating/diffusion,10.0,4.0,C,"IY,XX",4.107179947567905e-09,4.1071799475679046e-10
motional_heating,Motional heating/diffusion,10.0,4.0,C,"IY,XY",1.0942711935027492e-09,1.0942711935027492e-10
motional_heating,Motional heating/diffusion,10.0,4.0,C,"IY,XZ",1.361886523673586e-09,1.361886523673586e-10
motional_heating,Motional heating/diffusion,10.0,4.0,C,"IY,YI",-9.018675213100425e-10,-9.018675213100425e-11
motional_heating,Motional heating/diffusion,10.0,4.0,C,"IY,YX",-1.050719870132495e-09,-1.050719870132495e-10
motional_heating,Motional heating/diffusion,10.0,4.0,C,"IY,YY",1.6586059015094858e-09,1.6586059015094857e-10
motional_heating,Motional heating/diffusion,10.0,4.0,C,"IY,YZ",-1.23981514047215e-09,-1.23981514047215e-10
motional_heating,Motional heating/diffusion,10.0,4.0,C,"IY,ZI",-2.8980533691657965e-09,-2.8980533691657966e-10
motional_heating,Motional heating/diffusion,10.0,4.0,C,"IY,ZX",1.6418245906411266e-09,1.6418245906411265e-10
motional_heating,Motional heating/diffusion,10.0,4.0,C,"IY,ZY",-3.4298764582445715e-10,-3.4298764582445713e-11
motional_heating,Motional heating/diffusion,10.0,4.0,C,"IY,ZZ",1.0123623831356348e-09,1.0123623831356348e-10
motional_heating,Motional heating/diffusion,10.0,4.0,C,"IZ,XI",-4.943280012305477e-10,-4.9432800123054766e-11
motional_heating,Motional heating/diffusion,10.0,4.0,C,"IZ,XX",-9.141348375062722e-09,-9.141348375062722e-10
motional_heating,Motional heating/diffusion,10.0,4.0,C,"IZ,XY",2.575611404679653e-09,2.5756114046796533e-10
motional_heating,Motional heating/diffusion,10.0,4.0,C,"IZ,XZ",3.1474065687494467e-09,3.1474065687494467e-10
motional_heating,Motional heating/diffusion,10.0,4.0,C,"IZ,YI",1.111141980421e-09,1.111141980421e-10
motional_heating,Motional heating/diffusion,10.0,4.0,C,"IZ,YX",-2.5680672941204794e-09,-2.5680672941204796e-10
motional_heating,Motional heating/diffusion,10.0,4.0,C,"IZ,YY",2.54467801251279e-10,2.5446780125127898e-11
motional_heating,Motional heating/diffusion,10.0,4.0,C,"IZ,YZ",4.247838719777474e-10,4.247838719777474e-11
motional_heating,Motional heating/diffusion,10.0,4.0,C,"IZ,ZI",-2.26870677475165e-09,-2.2687067747516502e-10
motional_heating,Motional heating/diffusion,10.0,4.0,C,"IZ,ZX",-2.719612497355308e-10,-2.719612497355308e-11
motional_heating,Motional heating/diffusion,10.0,4.0,C,"IZ,ZY",-2.5733487429199655e-10,-2.5733487429199655e-11
motional_heating,Motional heating/diffusion,10.0,4.0,C,"IZ,ZZ",9.436835097420668e-10,9.436835097420668e-11
motional_heating,Motional heating/diffusion,10.0,4.0,C,"XI,XX",1.1130927114673606e-08,1.1130927114673605e-09
motional_heating,Motional heating/diffusion,10.0,4.0,C,"XI,XY",6.1506151400564715e-09,6.150615140056472e-10
motional_heating,Motional heating/diffusion,10.0,4.0,C,"XI,XZ",3.611249416312519e-09,3.611249416312519e-10
motional_heating,Motional heating/diffusion,10.0,4.0,C,"XI,YI",2.8435656194616844e-10,2.8435656194616845e-11
motional_heating,Motional heating/diffusion,10.0,4.0,C,"XI,YX",-9.792380887954477e-09,-9.792380887954476e-10
motional_heating,Motional heating/diffusion,10.0,4.0,C,"XI,YY",3.647848316626634e-09,3.647848316626634e-10
motional_heating,Motional heating/diffusion,10.0,4.0,C,"XI,YZ",5.522690483379489e-10,5.522690483379489e-11
motional_heating,Motional heating/diffusion,10.0,4.0,C,"XI,ZI",6.883781157054917e-09,6.883781157054917e-10
motional_heating,Motional heating/diffusion,10.0,4.0,C,"XI,ZX",3.326306371872627e-09,3.3263063718726267e-10
motional_heating,Motional heating/diffusion,10.0,4.0,C,"XI,ZY",-6.049935952271773e-10,-6.049935952271773e-11
motional_heating,Motional heating/diffusion,10.0,4.0,C,"XI,ZZ",1.2845055196386334e-09,1.2845055196386334e-10
motional_heating,Motional heating/diffusion,10.0,4.0,C,"XX,XY",7.508886520975684e-10,7.508886520975684e-11
motional_heating,Motional heating/diffusion,10.0,4.0,C,"XX,XZ",-6.843542592734287e-09,-6.843542592734287e-10
motional_heating,Motional heating/diffusion,10.0,4.0,C,"XX,YI",4.51544261231119e-09,4.5154426123111904e-10
motional_heating,Motional heating/diffusion,10.0,4.0,C,"XX,YX",1.2460935656003965e-09,1.2460935656003965e-10
motional_heating,Motional heating/diffusion,10.0,4.0,C,"XX,YY",-8.133848096226953e-09,-8.133848096226953e-10
motional_heating,Motional heating/diffusion,10.0,4.0,C,"XX,YZ",-5.161582864639186e-09,-5.161582864639185e-10
motional_heating,Motional heating/diffusion,10.0,4.0,C,"XX,ZI",-1.2889848264039994e-09,-1.2889848264039995e-10
motional_heating,Motional heating/diffusion,10.0,4.0,C,"XX,ZX",9.377635955010619e-09,9.377635955010618e-10
motional_heating,Motional heating/diffusion,10.0,4.0,C,"XX,ZY",-1.9845462717055743e-09,-1.9845462717055744e-10
motional_heating,Motional heating/diffusion,10.0,4.0,C,"XX,ZZ",2.210402373514362e-09,2.210402373514362e-10
motional_heating,Motional heating/diffusion,10.0,4.0,C,"XY,XZ",-1.6017584770759144e-09,-1.6017584770759144e-10
motional_heating,Motional heating/diffusion,10.0,4.0,C,"XY,YI",-2.0877664943308468e-09,-2.0877664943308468e-10
motional_heating,Motional heating/diffusion,10.0,4.0,C,"XY,YX",1.8934553736561623e-09,1.8934553736561623e-10
motional_heating,Motional heating/diffusion,10.0,4.0,C,"XY,YY",1.0455994254053719e-09,1.0455994254053719e-10
motional_heating,Motional heating/diffusion,10.0,4.0,C,"XY,YZ",1.6142474479015413e-09,1.6142474479015414e-10
motional_heating,Motional heating/diffusion,10.0,4.0,C,"XY,ZI",1.7666842402019292e-10,1.7666842402019292e-11
motional_heating,Motional heating/diffusion,10.0,4.0,C,"XY,ZX",6.474159986156347e-10,6.474159986156346e-11
motional_heating,Motional heating/diffusion,10.0,4.0,C,"XY,ZY",-3.1985949700593294e-10,-3.198594970059329e-11
motional_heating,Motional heating/diffusion,10.0,4.0,C,"XY,ZZ",-1.859321088487513e-09,-1.8593210884875129e-10
motional_heating,Motional heating/diffusion,10.0,4.0,C,"XZ,YI",8.305867530354356e-10,8.305867530354357e-11
motional_heating,Motional heating/diffusion,10.0,4.0,C,"XZ,YX",2.449669585021692e-09,2.449669585021692e-10
motional_heating,Motional heating/diffusion,10.0,4.0,C,"XZ,YY",-2.304843088110198e-09,-2.304843088110198e-10
motional_heating,Motional heating/diffusion,10.0,4.0,C,"XZ,YZ",1.1245179495190453e-09,1.1245179495190453e-10
motional_heating,Motional heating/diffusion,10.0,4.0,C,"XZ,ZI",1.5294158331678463e-09,1.5294158331678462e-10
motional_heating,Motional heating/diffusion,10.0,4.0,C,"XZ,ZX",-6.307019564624864e-10,-6.307019564624864e-11
motional_heating,Motional heating/diffusion,10.0,4.0,C,"XZ,ZY",-3.3752189493665275e-10,-3.3752189493665277e-11
motional_heating,Motional heating/diffusion,10.0,4.0,C,"XZ,ZZ",-3.825984373545006e-10,-3.825984373545006e-11
motional_heating,Motional heating/diffusion,10.0,4.0,C,"YI,YX",2.5428516164934486e-09,2.5428516164934485e-10
motional_heating,Motional heating/diffusion,10.0,4.0,C,"YI,YY",2.9119511067403672e-09,2.911951106740367e-10
motional_heating,Motional heating/diffusion,10.0,4.0,C,"YI,YZ",4.196647053023016e-10,4.1966470530230155e-11
motional_heating,Motional heating/diffusion,10.0,4.0,C,"YI,ZI",4.856681540443414e-10,4.856681540443414e-11
motional_heating,Motional heating/diffusion,10.0,4.0,C,"YI,ZX",2.49290521559484e-09,2.4929052155948404e-10
motional_heating,Motional heating/diffusion,10.0,4.0,C,"YI,ZY",1.1950107220628196e-09,1.1950107220628196e-10
motional_heating,Motional heating/diffusion,10.0,4.0,C,"YI,ZZ",1.6722359099760136e-10,1.6722359099760137e-11
motional_heating,Motional heating/diffusion,10.0,4.0,C,"YX,YY",-1.7647753516125104e-09,-1.7647753516125103e-10
motional_heating,Motional heating/diffusion,10.0,4.0,C,"YX,YZ",-3.2146479855168577e-10,-3.2146479855168576e-11
motional_heating,Motional heating/diffusion,10.0,4.0,C,"YX,ZI",-4.70080484609961e-09,-4.700804846099611e-10
motional_heating,Motional heating/diffusion,10.0,4.0,C,"YX,ZX",1.4181477401745095e-10,1.4181477401745095e-11
motional_heating,Motional heating/diffusion,10.0,4.0,C,"YX,ZY",-3.5073655709989384e-09,-3.5073655709989386e-10
motional_heating,Motional heating/diffusion,10.0,4.0,C,"YX,ZZ",1.4294858890123892e-09,1.4294858890123891e-10
motional_heating,Motional heating/diffusion,10.0,4.0,C,"YY,YZ",-2.3256124375152817e-09,-2.3256124375152817e-10
motional_heating,Motional heating/diffusion,10.0,4.0,C,"YY,ZI",2.2986688419072495e-09,2.2986688419072493e-10
motional_heating,Motional heating/diffusion,10.0,4.0,C,"YY,ZX",-4.002345684082361e-09,-4.002345684082361e-10
motional_heating,Motional heating/diffusion,10.0,4.0,C,"YY,ZY",-1.1769373078359643e-09,-1.1769373078359642e-10
motional_heating,Motional heating/diffusion,10.0,4.0,C,"YY,ZZ",-2.1330136570457377e-09,-2.1330136570457377e-10
motional_heating,Motional heating/diffusion,10.0,4.0,C,"YZ,ZI",-1.961500088164741e-09,-1.961500088164741e-10
motional_heating,Motional heating/diffusion,10.0,4.0,C,"YZ,ZX",-1.7395383204608098e-10,-1.7395383204608097e-11
motional_heating,Motional heating/diffusion,10.0,4.0,C,"YZ,ZY",-9.265550983389827e-10,-9.265550983389827e-11
motional_heating,Motional heating/diffusion,10.0,4.0,C,"YZ,ZZ",-9.904446079727526e-10,-9.904446079727526e-11
motional_heating,Motional heating/diffusion,10.0,4.0,C,"ZI,ZX",-2.254374887216819e-09,-2.254374887216819e-10
motional_heating,Motional heating/diffusion,10.0,4.0,C,"ZI,ZY",-6.241813339914708e-10,-6.241813339914708e-11
motional_heating,Motional heating/diffusion,10.0,4.0,C,"ZI,ZZ",-8.847819546831037e-10,-8.847819546831037e-11
motional_heating,Motional heating/diffusion,10.0,4.0,C,"ZX,ZY",-2.460627267885408e-09,-2.460627267885408e-10
motional_heating,Motional heating/diffusion,10.0,4.0,C,"ZX,ZZ",1.381177486016107e-09,1.381177486016107e-10
motional_heating,Motional heating/diffusion,10.0,4.0,C,"ZY,ZZ",-2.6872879195697552e-09,-2.6872879195697553e-10
motional_heating,Motional heating/diffusion,10.0,4.0,H,IX,1.3038576176658097e-08,1.3038576176658097e-09
motional_heating,Motional heating/diffusion,10.0,4.0,H,IY,4.632783081514578e-09,4.632783081514578e-10
motional_heating,Motional heating/diffusion,10.0,4.0,H,IZ,1.655299871594604e-09,1.6552998715946038e-10
motional_heating,Motional heating/diffusion,10.0,4.0,H,XI,-4.345441976462236e-09,-4.3454419764622363e-10
motional_heating,Motional heating/diffusion,10.0,4.0,H,XX,9.901173078002977e-06,9.901173078002977e-07
motional_heating,Motional heating/diffusion,10.0,4.0,H,XY,6.93066778551408e-09,6.93066778551408e-10
motional_heating,Motional heating/diffusion,10.0,4.0,H,XZ,5.0116357242358205e-09,5.011635724235821e-10
motional_heating,Motional heating/diffusion,10.0,4.0,H,YI,-1.1280101965416136e-08,-1.1280101965416137e-09
motional_heating,Motional heating/diffusion,10.0,4.0,H,YX,-6.132597283789527e-10,-6.132597283789527e-11
motional_heating,Motional heating/diffusion,10.0,4.0,H,YY,7.922860843479223e-09,7.922860843479223e-10
motional_heating,Motional heating/diffusion,10.0,4.0,H,YZ,-3.5994630027346848e-09,-3.599463002734685e-10
motional_heating,Motional heating/diffusion,10.0,4.0,H,ZI,-2.0737742942327463e-09,-2.0737742942327462e-10
motional_heating,Motional heating/diffusion,10.0,4.0,H,ZX,1.1956616096870432e-09,1.1956616096870433e-10
motional_heating,Motional heating/diffusion,10.0,4.0,H,ZY,2.3332044989364967e-09,2.3332044989364966e-10
motional_heating,Motional heating/diffusion,10.0,4.0,H,ZZ,1.9915697139444775e-16,1.9915697139444775e-17
motional_heating,Motional heating/diffusion,10.0,4.0,S,IX,0.00022557499131858248,2.255749913185825e-05
motional_heating,Motional heating/diffusion,10.0,4.0,S,IY,-8.81767596899773e-10,-8.81767596899773e-11
motional_heating,Motional heating/diffusion,10.0,4.0,S,IZ,-8.391081365442983e-10,-8.391081365442983e-11
motional_heating,Motional heating/diffusion,10.0,4.0,S,XI,0.00022558000396420545,2.2558000396420543e-05
motional_heating,Motional heating/diffusion,10.0,4.0,S,XX,1.0241292651211077e-06,1.0241292651211077e-07
motional_heating,Motional heating/diffusion,10.0,4.0,S,XY,-4.271783262462404e-09,-4.271783262462404e-10
motional_heating,Motional heating/diffusion,10.0,4.0,S,XZ,-1.3417934026444998e-09,-1.3417934026444998e-10
motional_heating,Motional heating/diffusion,10.0,4.0,S,YI,-1.3511746143333222e-09,-1.351174614333322e-10
motional_heating,Motional heating/diffusion,10.0,4.0,S,YX,-4.395481650637696e-10,-4.395481650637696e-11
motional_heating,Motional heating/diffusion,10.0,4.0,S,YY,-5.129637142367604e-09,-5.129637142367604e-10
motional_heating,Motional heating/diffusion,10.0,4.0,S,YZ,-5.584235646593702e-10,-5.5842356465937023e-11
motional_heating,Motional heating/diffusion,10.0,4.0,S,ZI,1.4726837946075545e-10,1.4726837946075544e-11
motional_heating,Motional heating/diffusion,10.0,4.0,S,ZX,-9.893982099637422e-10,-9.893982099637422e-11
motional_heating,Motional heating/diffusion,10.0,4.0,S,ZY,-3.1480472553596097e-09,-3.1480472553596097e-10
motional_heating,Motional heating/diffusion,10.0,4.0,S,ZZ,-5.158794099442297e-09,-5.158794099442298e-10
photon_scattering,Photon scattering,4.0,0.01,A,"IX,IY",4.2550511768788275e-09,1.0637627942197069e-09
photon_scattering,Photon scattering,4.0,0.01,A,"IX,IZ",-1.1282277237512512e-09,-2.820569309378128e-10
photon_scattering,Photon scattering,4.0,0.01,A,"IX,XI",6.802033242875419e-09,1.7005083107188548e-09
photon_scattering,Photon scattering,4.0,0.01,A,"IX,XX",5.721977286144416e-10,1.430494321536104e-10
photon_scattering,Photon scattering,4.0,0.01,A,"IX,XY",-4.55772574107417e-09,-1.1394314352685425e-09
photon_scattering,Photon scattering,4.0,0.01,A,"IX,XZ",-5.846170823182436e-10,-1.461542705795609e-10
photon_scattering,Photon scattering,4.0,0.01,A,"IX,YI",8.376039476905679e-09,2.0940098692264198e-09
photon_scattering,Photon scattering,4.0,0.01,A,"IX,YX",5.597159181061961e-09,1.3992897952654903e-09
photon_scattering,Photon scattering,4.0,0.01,A,"IX,YY",7.024354024159032e-10,1.756088506039758e-10
photon_scattering,Photon scattering,4.0,0.01,A,"IX,YZ",1.4570611870239279e-09,3.6426529675598197e-10
photon_scattering,Photon scattering,4.0,0.01,A,"IX,ZI",-5.460711603489889e-10,-1.3651779008724723e-10
photon_scattering,Photon scattering,4.0,0.01,A,"IX,ZX",3.935293848828115e-11,9.838234622070287e-12
photon_scattering,Photon scattering,4.0,0.01,A,"IX,ZY",-6.898660093949689e-09,-1.7246650234874222e-09
photon_scattering,Photon scattering,4.0,0.01,A,"IX,ZZ",1.38487893060496e-09,3.4621973265124e-10
photon_scattering,Photon scattering,4.0,0.01,A,"IY,IZ",-1.3969983508761573e-09,-3.492495877190393e-10
photon_scattering,Photon scattering,4.0,0.01,A,"IY,XI",-5.410213137866937e-09,-1.3525532844667343e-09
photon_scattering,Photon scattering,4.0,0.01,A,"IY,XX",3.1586591903399632e-09,7.896647975849908e-10
photon_scattering,Photon scattering,4.0,0.01,A,"IY,XY",-4.2128380793632176e-09,-1.0532095198408044e-09
photon_scattering,Photon scattering,4.0,0.01,A,"IY,XZ",-1.2067929205081502e-09,-3.0169823012703755e-10
photon_scattering,Photon scattering,4.0,0.01,A,"IY,YI",-5.06049361563111e-11,-1.2651234039077774e-11
photon_scattering,Photon scattering,4.0,0.01,A,"IY,YX",-2.981442889978768e-09,-7.45360722494692e-10
photon_scattering,Photon scattering,4.0,0.01,A,"IY,YY",-2.131866298785704e-09,-5.32966574696426e-10
photon_scattering,Photon scattering,4.0,0.01,A,"IY,YZ",-8.483640584741012e-11,-2.120910146185253e-11
photon_scattering,Photon scattering,4.0,0.01,A,"IY,ZI",-4.538891556923394e-09,-1.1347228892308484e-09
photon_scattering,Photon scattering,4.0,0.01,A,"IY,ZX",3.5144779485241413e-09,8.786194871310353e-10
photon_scattering,Photon scattering,4.0,0.01,A,"IY,ZY",1.549228117231255e-10,3.8730702930781375e-11
photon_scattering,Photon scattering,4.0,0.01,A,"IY,ZZ",2.0187536754781727e-10,5.0468841886954316e-11
photon_scattering,Photon scattering,4.0,0.01,A,"IZ,XI",2.894661507261901e-10,7.236653768154752e-11
photon_scattering,Photon scattering,4.0,0.01,A,"IZ,XX",1.5551553944845648e-09,3.887888486211412e-10
photon_scattering,Photon scattering,4.0,0.01,A,"IZ,XY",-1.767048292292507e-10,-4.417620730731268e-11
photon_scattering,Photon scattering,4.0,0.01,A,"IZ,XZ",-3.7335818948663314e-09,-9.333954737165829e-10
photon_scattering,Photon scattering,4.0,0.01,A,"IZ,YI",-1.6529967155111752e-11,-4.132491788777938e-12
photon_scattering,Photon scattering,4.0,0.01,A,"IZ,YX",4.217207996859543e-10,1.0543019992148857e-10
photon_scattering,Photon scattering,4.0,0.01,A,"IZ,YY",1.1202655989014735e-09,2.8006639972536837e-10
photon_scattering,Photon scattering,4.0,0.01,A,"IZ,YZ",-5.124329979046198e-10,-1.2810824947615494e-10
photon_scattering,Photon scattering,4.0,0.01,A,"IZ,ZI",-4.988860304556982e-10,-1.2472150761392454e-10
photon_scattering,Photon scattering,4.0,0.01,A,"IZ,ZX",-1.4281050882919988e-09,-3.570262720729997e-10
photon_scattering,Photon scattering,4.0,0.01,A,"IZ,ZY",-4.80379257206897e-10,-1.2009481430172426e-10
photon_scattering,Photon scattering,4.0,0.01,A,"IZ,ZZ",-6.151833018760906e-10,-1.5379582546902264e-10
photon_scattering,Photon scattering,4.0,0.01,A,"XI,XX",1.4430456268751044e-09,3.607614067187761e-10
photon_scattering,Photon scattering,4.0,0.01,A,"XI,XY",-4.234256180584514e-09,-1.0585640451461285e-09
photon_scattering,Photon scattering,4.0,0.01,A,"XI,XZ",-9.915233505100534e-10,-2.4788083762751334e-10
photon_scattering,Photon scattering,4.0,0.01,A,"XI,YI",1.1373892466947278e-09,2.8434731167368196e-10
photon_scattering,Photon scattering,4.0,0.01,A,"XI,YX",-1.0217879701065184e-09,-2.554469925266296e-10
photon_scattering,Photon scattering,4.0,0.01,A,"XI,YY",-3.31314738344855e-10,-8.282868458621375e-11
photon_scattering,Photon scattering,4.0,0.01,A,"XI,YZ",7.140270639240246e-09,1.7850676598100616e-09
photon_scattering,Photon scattering,4.0,0.01,A,"XI,ZI",-7.876004224818676e-09,-1.969001056204669e-09
photon_scattering,Photon scattering,4.0,0.01,A,"XI,ZX",-6.071709766196564e-10,-1.517927441549141e-10
photon_scattering,Photon scattering,4.0,0.01,A,"XI,ZY",-1.884525796546032e-09,-4.71131449136508e-10
photon_scattering,Photon scattering,4.0,0.01,A,"XI,ZZ",3.3915004831262334e-10,8.478751207815583e-11
photon_scattering,Photon scattering,4.0,0.01,A,"XX,XY",8.14371829078778e-09,2.035929572696945e-09
photon_scattering,Photon scattering,4.0,0.01,A,"XX,XZ",1.3040839222739497e-09,3.260209805684874e-10
photon_scattering,Photon scattering,4.0,0.01,A,"XX,YI",-9.620086389601875e-10,-2.4050215974004686e-10
photon_scattering,Photon scattering,4.0,0.01,A,"XX,YX",-7.417481540720792e-09,-1.854370385180198e-09
photon_scattering,Photon scattering,4.0,0.01,A,"XX,YY",1.9611862824725075e-11,4.902965706181269e-12
photon_scattering,Photon scattering,4.0,0.01,A,"XX,YZ",-8.89583785526317e-09,-2.2239594638157923e-09
photon_scattering,Photon scattering,4.0,0.01,A,"XX,ZI",-7.636473791696103e-10,-1.9091184479240257e-10
photon_scattering,Photon scattering,4.0,0.01,A,"XX,ZX",9.791235037813002e-09,2.4478087594532505e-09
photon_scattering,Photon scattering,4.0,0.01,A,"XX,ZY",-2.68178682928981e-10,-6.704467073224525e-11
photon_scattering,Photon scattering,4.0,0.01,A,"XX,ZZ",-1.0685612421517367e-09,-2.6714031053793417e-10
photon_scattering,Photon scattering,4.0,0.01,A,"XY,XZ",3.1918493662439596e-09,7.979623415609899e-10
photon_scattering,Photon scattering,4.0,0.01,A,"XY,YI",1.9627415407334793e-09,4.906853851833698e-10
photon_scattering,Photon scattering,4.0,0.01,A,"XY,YX",3.6519068180290667e-10,9.129767045072667e-11
photon_scattering,Photon scattering,4.0,0.01,A,"XY,YY",6.299274924365406e-10,1.5748187310913516e-10
photon_scattering,Photon scattering,4.0,0.01,A,"XY,YZ",-1.6515760012068344e-09,-4.128940003017086e-10
photon_scattering,Photon scattering,4.0,0.01,A,"XY,ZI",-4.419641962816725e-10,-1.1049104907041812e-10
photon_scattering,Photon scattering,4.0,0.01,A,"XY,ZX",2.2684694909899947e-10,5.671173727474987e-11
photon_scattering,Photon scattering,4.0,0.01,A,"XY,ZY",-1.3397057869958103e-08,-3.349264467489526e-09
photon_scattering,Photon scattering,4.0,0.01,A,"XY,ZZ",3.1463878392366436e-09,7.865969598091609e-10
photon_scattering,Photon scattering,4.0,0.01,A,"XZ,YI",5.813473532547063e-09,1.4533683831367658e-09
photon_scattering,Photon scattering,4.0,0.01,A,"XZ,YX",-6.198570831399409e-09,-1.5496427078498523e-09
photon_scattering,Photon scattering,4.0,0.01,A,"XZ,YY",-1.7756646031297291e-09,-4.439161507824323e-10
photon_scattering,Photon scattering,4.0,0.01,A,"XZ,YZ",2.995511327227921e-09,7.488778318069802e-10
photon_scattering,Photon scattering,4.0,0.01,A,"XZ,ZI",3.763722994219996e-10,9.40930748554999e-11
photon_scattering,Photon scattering,4.0,0.01,A,"XZ,ZX",9.945246376795685e-10,2.4863115941989213e-10
photon_scattering,Photon scattering,4.0,0.01,A,"XZ,ZY",6.50881707922453e-09,1.6272042698061326e-09
photon_scattering,Photon scattering,4.0,0.01,A,"XZ,ZZ",1.3017367286221237e-08,3.2543418215553092e-09
photon_scattering,Photon scattering,4.0,0.01,A,"YI,YX",2.236773677158469e-10,5.591934192896172e-11
photon_scattering,Photon scattering,4.0,0.01,A,"YI,YY",-3.760997473532138e-09,-9.402493683830346e-10
photon_scattering,Photon scattering,4.0,0.01,A,"YI,YZ",2.2353392929474582e-10,5.5883482323686455e-11
photon_scattering,Photon scattering,4.0,0.01,A,"YI,ZI",-3.0813752583384675e-09,-7.703438145846169e-10
photon_scattering,Photon scattering,4.0,0.01,A,"YI,ZX",-4.748560228257611e-10,-1.1871400570644027e-10
photon_scattering,Photon scattering,4.0,0.01,A,"YI,ZY",2.413697449461445e-10,6.034243623653613e-11
photon_scattering,Photon scattering,4.0,0.01,A,"YI,ZZ",8.652721979901713e-10,2.1631804949754282e-10
photon_scattering,Photon scattering,4.0,0.01,A,"YX,YY",7.98092923153046e-09,1.995232307882615e-09
photon_scattering,Photon scattering,4.0,0.01,A,"YX,YZ",-1.3872547599073172e-08,-3.468136899768293e-09
photon_scattering,Photon scattering,4.0,0.01,A,"YX,ZI",-8.593162486426865e-10,-2.1482906216067162e-10
photon_scattering,Photon scattering,4.0,0.01,A,"YX,ZX",3.422651732497005e-09,8.556629331242513e-10
photon_scattering,Photon scattering,4.0,0.01,A,"YX,ZY",-9.059523179377648e-10,-2.264880794844412e-10
photon_scattering,Photon scattering,4.0,0.01,A,"YX,ZZ",-3.5501635697213084e-09,-8.875408924303271e-10
photon_scattering,Photon scattering,4.0,0.01,A,"YY,YZ",2.459780031991587e-09,6.149450079978967e-10
photon_scattering,Photon scattering,4.0,0.01,A,"YY,ZI",-2.350977093850327e-09,-5.877442734625817e-10
photon_scattering,Photon scattering,4.0,0.01,A,"YY,ZX",2.6737733124146416e-09,6.684433281036604e-10
photon_scattering,Photon scattering,4.0,0.01,A,"YY,ZY",4.088486010189424e-09,1.022121502547356e-09
photon_scattering,Photon scattering,4.0,0.01,A,"YY,ZZ",1.6804012747919227e-08,4.201003186979807e-09
photon_scattering,Photon scattering,4.0,0.01,A,"YZ,ZI",2.541842750708884e-09,6.35460687677221e-10
photon_scattering,Photon scattering,4.0,0.01,A,"YZ,ZX",-2.7565725020092326e-09,-6.891431255023081e-10
photon_scattering,Photon scattering,4.0,0.01,A,"YZ,ZY",6.949627251494686e-09,1.7374068128736715e-09
photon_scattering,Photon scattering,4.0,0.01,A,"YZ,ZZ",-2.5203879627841566e-09,-6.300969906960391e-10
photon_scattering,Photon scattering,4.0,0.01,A,"ZI,ZX",1.4506936247743211e-09,3.626734061935803e-10
photon_scattering,Photon scattering,4.0,0.01,A,"ZI,ZY",-2.4859652104720424e-09,-6.214913026180106e-10
photon_scattering,Photon scattering,4.0,0.01,A,"ZI,ZZ",2.6678587675482866e-10,6.669646918870717e-11
photon_scattering,Photon scattering,4.0,0.01,A,"ZX,ZY",-9.298163126084114e-10,-2.3245407815210285e-10
photon_scattering,Photon scattering,4.0,0.01,A,"ZX,ZZ",1.341375373225238e-08,3.353438433063095e-09
photon_scattering,Photon scattering,4.0,0.01,A,"ZY,ZZ",-1.4713950422903758e-09,-3.6784876057259395e-10
photon_scattering,Photon scattering,4.0,0.01,C,"IX,IY",1.0564938136753266e-09,2.6412345341883164e-10
photon_scattering,Photon scattering,4.0,0.01,C,"IX,IZ",6.263401939462717e-09,1.5658504848656792e-09
photon_scattering,Photon scattering,4.0,0.01,C,"IX,XI",5.924959646812858e-09,1.4812399117032145e-09
photon_scattering,Photon scattering,4.0,0.01,C,"IX,XX",4.159656505172884e-09,1.039914126293221e-09
photon_scattering,Photon scattering,4.0,0.01,C,"IX,XY",4.45056025361192e-10,1.11264006340298e-10
photon_scattering,Photon scattering,4.0,0.01,C,"IX,XZ",-4.509163234822068e-09,-1.127290808705517e-09
photon_scattering,Photon scattering,4.0,0.01,C,"IX,YI",8.608290969249624e-10,2.152072742312406e-10
photon_scattering,Photon scattering,4.0,0.01,C,"IX,YX",-7.926215745763635e-09,-1.981553936440909e-09
photon_scattering,Photon scattering,4.0,0.01,C,"IX,YY",-1.8386792679923085e-09,-4.5966981699807713e-10
photon_scattering,Photon scattering,4.0,0.01,C,"IX,YZ",3.058164463137223e-11,7.645411157843058e-12
photon_scattering,Photon scattering,4.0,0.01,C,"IX,ZI",2.4977139149290443e-09,6.244284787322611e-10
photon_scattering,Photon scattering,4.0,0.01,C,"IX,ZX",-6.505885167411457e-10,-1.6264712918528643e-10
photon_scattering,Photon scattering,4.0,0.01,C,"IX,ZY",1.9149134736659172e-10,4.787283684164793e-11
photon_scattering,Photon scattering,4.0,0.01,C,"IX,ZZ",-7.255756045490751e-09,-1.8139390113726878e-09
photon_scattering,Photon scattering,4.0,0.01,C,"IY,IZ",-8.750261398176084e-09,-2.187565349544021e-09
photon_scattering,Photon scattering,4.0,0.01,C,"IY,XI",8.491062994369744e-10,2.122765748592436e-10
photon_scattering,Photon scattering,4.0,0.01,C,"IY,XX",-6.201931340018508e-10,-1.550482835004627e-10
photon_scattering,Photon scattering,4.0,0.01,C,"IY,XY",3.415527739139868e-09,8.53881934784967e-10
photon_scattering,Photon scattering,4.0,0.01,C,"IY,XZ",-2.678340652954749e-05,-6.6958516323868726e-06
photon_scattering,Photon scattering,4.0,0.01,C,"IY,YI",-1.1887360033295833e-09,-2.971840008323958e-10
photon_scattering,Photon scattering,4.0,0.01,C,"IY,YX",7.961981157998359e-10,1.9904952894995897e-10
photon_scattering,Photon scattering,4.0,0.01,C,"IY,YY",1.3572586843182755e-08,3.3931467107956886e-09
photon_scattering,Photon scattering,4.0,0.01,C,"IY,YZ",-6.27812991115683e-09,-1.5695324777892076e-09
photon_scattering,Photon scattering,4.0,0.01,C,"IY,ZI",-1.713493967979938e-09,-4.283734919949845e-10
photon_scattering,Photon scattering,4.0,0.01,C,"IY,ZX",-7.508200576751646e-10,-1.8770501441879115e-10
photon_scattering,Photon scattering,4.0,0.01,C,"IY,ZY",-1.848812757769942e-09,-4.622031894424855e-10
photon_scattering,Photon scattering,4.0,0.01,C,"IY,ZZ",-7.413817181830493e-10,-1.8534542954576232e-10
photon_scattering,Photon scattering,4.0,0.01,C,"IZ,XI",6.91154100554259e-09,1.7278852513856475e-09
photon_scattering,Photon scattering,4.0,0.01,C,"IZ,XX",-4.875979641211328e-09,-1.218994910302832e-09
photon_scattering,Photon scattering,4.0,0.01,C,"IZ,XY",3.936759116932269e-05,9.841897792330672e-06
photon_scattering,Photon scattering,4.0,0.01,C,"IZ,XZ",-1.839647028773554e-09,-4.599117571933885e-10
photon_scattering,Photon scattering,4.0,0.01,C,"IZ,YI",-2.4129390578835667e-09,-6.032347644708917e-10
photon_scattering,Photon scattering,4.0,0.01,C,"IZ,YX",2.759841782964808e-09,6.89960445741202e-10
photon_scattering,Photon scattering,4.0,0.01,C,"IZ,YY",-3.2218340282346855e-09,-8.054585070586714e-10
photon_scattering,Photon scattering,4.0,0.01,C,"IZ,YZ",-1.2967893971656445e-08,-3.241973492914111e-09
photon_scattering,Photon scattering,4.0,0.01,C,"IZ,ZI",2.436441210106437e-09,6.091103025266093e-10
photon_scattering,Photon scattering,4.0,0.01,C,"IZ,ZX",-4.166304433501829e-09,-1.0415761083754573e-09
photon_scattering,Photon scattering,4.0,0.01,C,"IZ,ZY",-1.1381740899616641e-09,-2.8454352249041603e-10
photon_scattering,Photon scattering,4.0,0.01,C,"IZ,ZZ",-2.4693472165754772e-09,-6.173368041438693e-10
photon_scattering,Photon scattering,4.0,0.01,C,"XI,XX",-7.606183752885785e-09,-1.9015459382214463e-09
photon_scattering,Photon scattering,4.0,0.01,C,"XI,XY",-1.638182199078145e-09,-4.0954554976953624e-10
photon_scattering,Photon scattering,4.0,0.01,C,"XI,XZ",-4.456042454046454e-09,-1.1140106135116135e-09
photon_scattering,Photon scattering,4.0,0.01,C,"XI,YI",3.653901160986821e-11,9.134752902467052e-12
photon_scattering,Photon scattering,4.0,0.01,C,"XI,YX",-1.1890863060813973e-09,-2.972715765203493e-10
photon_scattering,Photon scattering,4.0,0.01,C,"XI,YY",-7.37940435751233e-09,-1.8448510893780826e-09
photon_scattering,Photon scattering,4.0,0.01,C,"XI,YZ",3.0900490662401404e-11,7.725122665600351e-12
photon_scattering,Photon scattering,4.0,0.01,C,"XI,ZI",-2.686438736749753e-09,-6.716096841874382e-10
photon_scattering,Photon scattering,4.0,0.01,C,"XI,ZX",-8.477970739409401e-09,-2.1194926848523503e-09
photon_scattering,Photon scattering,4.0,0.01,C,"XI,ZY",-2.5232707527113594e-10,-6.308176881778399e-11
photon_scattering,Photon scattering,4.0,0.01,C,"XI,ZZ",-2.1771060889923512e-09,-5.442765222480878e-10
photon_scattering,Photon scattering,4.0,0.01,C,"XX,XY",1.1018474561438594e-10,2.7546186403596484e-11
photon_scattering,Photon scattering,4.0,0.01,C,"XX,XZ",5.831301169438995e-09,1.4578252923597488e-09
photon_scattering,Photon scattering,4.0,0.01,C,"XX,YI",-4.514217251183097e-10,-1.1285543127957742e-10
photon_scattering,Photon scattering,4.0,0.01,C,"XX,YX",-1.5663537690903523e-10,-3.915884422725881e-11
photon_scattering,Photon scattering,4.0,0.01,C,"XX,YY",8.591258361359401e-09,2.1478145903398503e-09
photon_scattering,Photon scattering,4.0,0.01,C,"XX,YZ",6.223270449141302e-10,1.5558176122853255e-10
photon_scattering,Photon scattering,4.0,0.01,C,"XX,ZI",6.090175230021013e-09,1.5225438075052533e-09
photon_scattering,Photon scattering,4.0,0.01,C,"XX,ZX",-5.048791255565635e-09,-1.2621978138914087e-09
photon_scattering,Photon scattering,4.0,0.01,C,"XX,ZY",-1.8982309845674477e-10,-4.745577461418619e-11
photon_scattering,Photon scattering,4.0,0.01,C,"XX,ZZ",-6.082749176049746e-10,-1.5206872940124366e-10
photon_scattering,Photon scattering,4.0,0.01,C,"XY,XZ",-9.376766363234689e-09,-2.3441915908086722e-09
photon_scattering,Photon scattering,4.0,0.01,C,"XY,YI",5.214917028934786e-09,1.3037292572336965e-09
photon_scattering,Photon scattering,4.0,0.01,C,"XY,YX",-6.4565090872901914e-09,-1.6141272718225479e-09
photon_scattering,Photon scattering,4.0,0.01,C,"XY,YY",1.0926947215514858e-09,2.7317368038787145e-10
photon_scattering,Photon scattering,4.0,0.01,C,"XY,YZ",3.2909359569461435e-09,8.227339892365359e-10
photon_scattering,Photon scattering,4.0,0.01,C,"XY,ZI",3.3011513590573605e-09,8.252878397643401e-10
photon_scattering,Photon scattering,4.0,0.01,C,"XY,ZX",-9.638701312327364e-10,-2.409675328081841e-10
photon_scattering,Photon scattering,4.0,0.01,C,"XY,ZY",2.885970564169659e-09,7.214926410424148e-10
photon_scattering,Photon scattering,4.0,0.01,C,"XY,ZZ",-2.0605043009963856e-09,-5.151260752490964e-10
photon_scattering,Photon scattering,4.0,0.01,C,"XZ,YI",-8.091188621789937e-10,-2.0227971554474842e-10
photon_scattering,Photon scattering,4.0,0.01,C,"XZ,YX",-2.66850760275701e-09,-6.671269006892525e-10
photon_scattering,Photon scattering,4.0,0.01,C,"XZ,YY",-3.0756715197869912e-09,-7.689178799467478e-10
photon_scattering,Photon scattering,4.0,0.01,C,"XZ,YZ",-6.009744130856203e-10,-1.5024360327140508e-10
photon_scattering,Photon scattering,4.0,0.01,C,"XZ,ZI",6.844123181037233e-10,1.7110307952593083e-10
photon_scattering,Photon scattering,4.0,0.01,C,"XZ,ZX",-1.333047095814732e-09,-3.33261773953683e-10
photon_scattering,Photon scattering,4.0,0.01,C,"XZ,ZY",-6.479130718123461e-10,-1.6197826795308653e-10
photon_scattering,Photon scattering,4.0,0.01,C,"XZ,ZZ",1.1241611921910944e-09,2.810402980477736e-10
photon_scattering,Photon scattering,4.0,0.01,C,"YI,YX",-3.341842450486836e-09,-8.35460612621709e-10
photon_scattering,Photon scattering,4.0,0.01,C,"YI,YY",1.274648855597277e-08,3.1866221389931925e-09
photon_scattering,Photon scattering,4.0,0.01,C,"YI,YZ",1.4788430319863815e-09,3.6971075799659537e-10
photon_scattering,Photon scattering,4.0,0.01,C,"YI,ZI",-1.6753395541971938e-09,-4.1883488854929846e-10
photon_scattering,Photon scattering,4.0,0.01,C,"YI,ZX",-2.6776596217570346e-05,-6.6941490543925865e-06
photon_scattering,Photon scattering,4.0,0.01,C,"YI,ZY",-2.7391548784540973e-09,-6.847887196135243e-10
photon_scattering,Photon scattering,4.0,0.01,C,"YI,ZZ",-7.648080351718451e-10,-1.9120200879296128e-10
photon_scattering,Photon scattering,4.0,0.01,C,"YX,YY",-7.934701432327132e-11,-1.983675358081783e-11
photon_scattering,Photon scattering,4.0,0.01,C,"YX,YZ",4.355957182541965e-09,1.0889892956354913e-09
photon_scattering,Photon scattering,4.0,0.01,C,"YX,ZI",3.9364099245891735e-05,9.841024811472934e-06
photon_scattering,Photon scattering,4.0,0.01,C,"YX,ZX",-2.704302080179038e-09,-6.760755200447595e-10
photon_scattering,Photon scattering,4.0,0.01,C,"YX,ZY",5.157817081743608e-09,1.289454270435902e-09
photon_scattering,Photon scattering,4.0,0.01,C,"YX,ZZ",-2.5330259189141334e-09,-6.332564797285334e-10
photon_scattering,Photon scattering,4.0,0.01,C,"YY,YZ",-9.59670210575502e-09,-2.399175526438755e-09
photon_scattering,Photon scattering,4.0,0.01,C,"YY,ZI",3.6452535869653135e-09,9.113133967413284e-10
photon_scattering,Photon scattering,4.0,0.01,C,"YY,ZX",-4.810862885081604e-09,-1.202715721270401e-09
photon_scattering,Photon scattering,4.0,0.01,C,"YY,ZY",-2.7523635419873443e-09,-6.880908854968361e-10
photon_scattering,Photon scattering,4.0,0.01,C,"YY,ZZ",3.3459647203972347e-09,8.364911800993087e-10
photon_scattering,Photon scattering,4.0,0.01,C,"YZ,ZI",-1.2690334028812311e-09,-3.172583507203078e-10
photon_scattering,Photon scattering,4.0,0.01,C,"YZ,ZX",2.780626157058627e-10,6.951565392646568e-11
photon_scattering,Photon scattering,4.0,0.01,C,"YZ,ZY",7.847975361023928e-10,1.961993840255982e-10
photon_scattering,Photon scattering,4.0,0.01,C,"YZ,ZZ",-1.3520516392975464e-09,-3.380129098243866e-10
photon_scattering,Photon scattering,4.0,0.01,C,"ZI,ZX",5.8083098394660966e-09,1.4520774598665241e-09
photon_scattering,Photon scattering,4.0,0.01,C,"ZI,ZY",-1.3043328366954775e-08,-3.2608320917386937e-09
photon_scattering,Photon scattering,4.0,0.01,C,"ZI,ZZ",-8.790668583363356e-09,-2.197667145840839e-09
photon_scattering,Photon scattering,4.0,0.01,C,"ZX,ZY",-6.923618025402936e-10,-1.730904506350734e-10
photon_scattering,Photon scattering,4.0,0.01,C,"ZX,ZZ",3.3827336978984727e-09,8.456834244746182e-10
photon_scattering,Photon scattering,4.0,0.01,C,"ZY,ZZ",-8.086469534013283e-09,-2.0216173835033206e-09
photon_scattering,Photon scattering,4.0,0.01,H,IX,1.4899801541409326e-09,3.7249503853523316e-10
photon_scattering,Photon scattering,4.0,0.01,H,IY,-5.91559562472716e-09,-1.47889890618179e-09
photon_scattering,Photon scattering,4.0,0.01,H,IZ,9.865313577477383e-11,2.4663283943693458e-11
photon_scattering,Photon scattering,4.0,0.01,H,XI,6.471046509715532e-10,1.617761627428883e-10
photon_scattering,Photon scattering,4.0,0.01,H,XX,1.3103316019683024e-08,3.275829004920756e-09
photon_scattering,Photon scattering,4.0,0.01,H,XY,4.832298923257595e-09,1.2080747308143987e-09
photon_scattering,Photon scattering,4.0,0.01,H,XZ,-6.252002490055568e-10,-1.563000622513892e-10
photon_scattering,Photon scattering,4.0,0.01,H,YI,4.999975104024416e-09,1.249993776006104e-09
photon_scattering,Photon scattering,4.0,0.01,H,YX,-6.182740929078962e-09,-1.5456852322697405e-09
photon_scattering,Photon scattering,4.0,0.01,H,YY,-1.0462928174276086e-09,-2.6157320435690214e-10
photon_scattering,Photon scattering,4.0,0.01,H,YZ,3.7238573052303173e-10,9.309643263075793e-11
photon_scattering,Photon scattering,4.0,0.01,H,ZI,-9.838174184393272e-11,-2.459543546098318e-11
photon_scattering,Photon scattering,4.0,0.01,H,ZX,-3.346420651276072e-10,-8.36605162819018e-11
photon_scattering,Photon scattering,4.0,0.01,H,ZY,9.063262789553451e-09,2.2658156973883627e-09
photon_scattering,Photon scattering,4.0,0.01,H,ZZ,-2.932738575312414e-15,-7.331846438281035e-16
photon_scattering,Photon scattering,4.0,0.01,S,IX,2.4998392124725235e-05,6.249598031181309e-06
photon_scattering,Photon scattering,4.0,0.01,S,IY,4.91397017619017e-05,1.2284925440475425e-05
photon_scattering,Photon scattering,4.0,0.01,S,IZ,0.00011335842869305956,2.833960717326489e-05
photon_scattering,Photon scattering,4.0,0.01,S,XI,2.5003089950510112e-05,6.250772487627528e-06
photon_scattering,Photon scattering,4.0,0.01,S,XX,4.74411792850818e-09,1.186029482127045e-09
photon_scattering,Photon scattering,4.0,0.01,S,XY,0.00011334867352421943,2.8337168381054857e-05
photon_scattering,Photon scattering,4.0,0.01,S,XZ,4.9142241218336455e-05,1.2285560304584114e-05
photon_scattering,Photon scattering,4.0,0.01,S,YI,4.914150864669403e-05,1.2285377161673507e-05
photon_scattering,Photon scattering,4.0,0.01,S,YX,0.00011334984929318218,2.8337462323295546e-05
photon_scattering,Photon scattering,4.0,0.01,S,YY,-9.866295107229211e-09,-2.466573776807303e-09
photon_scattering,Photon scattering,4.0,0.01,S,YZ,-3.5598481223626886e-09,-8.899620305906721e-10
photon_scattering,Photon scattering,4.0,0.01,S,ZI,0.00011335825511152797,2.833956377788199e-05
photon_scattering,Photon scattering,4.0,0.01,S,ZX,4.913988256577604e-05,1.228497064144401e-05
photon_scattering,Photon scattering,4.0,0.01,S,ZY,-6.6454365783491574e-09,-1.6613591445872894e-09
photon_scattering,Photon scattering,4.0,0.01,S,ZZ,6.20290530952436e-09,1.55072632738109e-09
photon_scattering,Photon scattering,4.0,1.0,A,"IX,IY",-2.895216558876801e-09,-7.238041397192003e-10
photon_scattering,Photon scattering,4.0,1.0,A,"IX,IZ",-2.206095824097218e-09,-5.515239560243045e-10
photon_scattering,Photon scattering,4.0,1.0,A,"IX,XI",-1.1202289212121759e-08,-2.8005723030304397e-09
photon_scattering,Photon scattering,4.0,1.0,A,"IX,XX",-2.936790045553174e-09,-7.341975113882935e-10
photon_scattering,Photon scattering,4.0,1.0,A,"IX,XY",-6.965581595691836e-11,-1.741395398922959e-11
photon_scattering,Photon scattering,4.0,1.0,A,"IX,XZ",2.876189575470423e-10,7.190473938676058e-11
photon_scattering,Photon scattering,4.0,1.0,A,"IX,YI",-2.7006514673931977e-10,-6.751628668482994e-11
photon_scattering,Photon scattering,4.0,1.0,A,"IX,YX",-3.4045501552752135e-09,-8.511375388188034e-10
photon_scattering,Photon scattering,4.0,1.0,A,"IX,YY",7.646032385892118e-10,1.9115080964730295e-10
photon_scattering,Photon scattering,4.0,1.0,A,"IX,YZ",-1.997784585690569e-09,-4.994461464226422e-10
photon_scattering,Photon scattering,4.0,1.0,A,"IX,ZI",4.425385684527806e-09,1.1063464211319516e-09
photon_scattering,Photon scattering,4.0,1.0,A,"IX,ZX",-7.577985914496691e-10,-1.8944964786241728e-10
photon_scattering,Photon scattering,4.0,1.0,A,"IX,ZY",4.207944925535634e-09,1.0519862313839085e-09
photon_scattering,Photon scattering,4.0,1.0,A,"IX,ZZ",1.0006337584356053e-09,2.501584396089013e-10
photon_scattering,Photon scattering,4.0,1.0,A,"IY,IZ",2.0947942904341836e-09,5.236985726085459e-10
photon_scattering,Photon scattering,4.0,1.0,A,"IY,XI",-7.132104940740961e-11,-1.7830262351852402e-11
photon_scattering,Photon scattering,4.0,1.0,A,"IY,XX",8.596814289596053e-10,2.1492035723990134e-10
photon_scattering,Photon scattering,4.0,1.0,A,"IY,XY",6.816127995147569e-09,1.7040319987868922e-09
photon_scattering,Photon scattering,4.0,1.0,A,"IY,XZ",6.876066591984846e-10,1.7190166479962115e-10
photon_scattering,Photon scattering,4.0,1.0,A,"IY,YI",-5.900874385153384e-10,-1.475218596288346e-10
photon_scattering,Photon scattering,4.0,1.0,A,"IY,YX",2.0800901351901557e-10,5.200225337975389e-11
photon_scattering,Photon scattering,4.0,1.0,A,"IY,YY",-2.5482473939782353e-09,-6.370618484945588e-10
photon_scattering,Photon scattering,4.0,1.0,A,"IY,YZ",-7.418571839375087e-10,-1.8546429598437717e-10
photon_scattering,Photon scattering,4.0,1.0,A,"IY,ZI",2.114278309612389e-09,5.285695774030972e-10
photon_scattering,Photon scattering,4.0,1.0,A,"IY,ZX",-2.9239004858678665e-09,-7.309751214669666e-10
photon_scattering,Photon scattering,4.0,1.0,A,"IY,ZY",-8.351148747304805e-10,-2.0877871868262012e-10
photon_scattering,Photon scattering,4.0,1.0,A,"IY,ZZ",1.1362447448540979e-09,2.8406118621352447e-10
photon_scattering,Photon scattering,4.0,1.0,A,"IZ,XI",-3.0127014806207e-09,-7.53175370155175e-10
photon_scattering,Photon scattering,4.0,1.0,A,"IZ,XX",-1.198315621352389e-10,-2.995789053380973e-11
photon_scattering,Photon scattering,4.0,1.0,A,"IZ,XY",1.3317492380909983e-09,3.3293730952274956e-10
photon_scattering,Photon scattering,4.0,1.0,A,"IZ,XZ",8.168534750542953e-09,2.0421336876357383e-09
photon_scattering,Photon scattering,4.0,1.0,A,"IZ,YI",1.4526055804853873e-09,3.631513951213468e-10
photon_scattering,Photon scattering,4.0,1.0,A,"IZ,YX",4.0731060571030353e-10,1.0182765142757588e-10
photon_scattering,Photon scattering,4.0,1.0,A,"IZ,YY",-3.605184406396909e-10,-9.012961015992273e-11
photon_scattering,Photon scattering,4.0,1.0,A,"IZ,YZ",-1.6404421577770182e-09,-4.1011053944425454e-10
photon_scattering,Photon scattering,4.0,1.0,A,"IZ,ZI",-5.399533946384347e-10,-1.3498834865960868e-10
photon_scattering,Photon scattering,4.0,1.0,A,"IZ,ZX",-1.9101605047947737e-10,-4.775401261986934e-11
photon_scattering,Photon scattering,4.0,1.0,A,"IZ,ZY",-3.2688882142230548e-09,-8.172220535557637e-10
photon_scattering,Photon scattering,4.0,1.0,A,"IZ,ZZ",5.694096527717783e-10,1.4235241319294458e-10
photon_scattering,Photon scattering,4.0,1.0,A,"XI,XX",1.0555466878879127e-09,2.6388667197197817e-10
photon_scattering,Photon scattering,4.0,1.0,A,"XI,XY",2.1053402097128103e-09,5.263350524282026e-10
photon_scattering,Photon scattering,4.0,1.0,A,"XI,XZ",9.291715421784757e-10,2.3229288554461893e-10
photon_scattering,Photon scattering,4.0,1.0,A,"XI,YI",-2.1750419606288864e-09,-5.437604901572216e-10
photon_scattering,Photon scattering,4.0,1.0,A,"XI,YX",-2.4136237624039026e-09,-6.034059406009757e-10
photon_scattering,Photon scattering,4.0,1.0,A,"XI,YY",1.3122076512111223e-09,3.280519128027806e-10
photon_scattering,Photon scattering,4.0,1.0,A,"XI,YZ",-4.011426271763373e-09,-1.0028565679408433e-09
photon_scattering,Photon scattering,4.0,1.0,A,"XI,ZI",3.119236627244223e-09,7.798091568110558e-10
photon_scattering,Photon scattering,4.0,1.0,A,"XI,ZX",4.596662801201815e-10,1.1491657003004537e-10
photon_scattering,Photon scattering,4.0,1.0,A,"XI,ZY",1.4655891689542885e-09,3.6639729223857213e-10
photon_scattering,Photon scattering,4.0,1.0,A,"XI,ZZ",1.6022754996125378e-09,4.0056887490313446e-10
photon_scattering,Photon scattering,4.0,1.0,A,"XX,XY",-2.005125835717182e-10,-5.012814589292955e-11
photon_scattering,Photon scattering,4.0,1.0,A,"XX,XZ",4.199995164806073e-10,1.0499987912015182e-10
photon_scattering,Photon scattering,4.0,1.0,A,"XX,YI",-7.512819284511143e-10,-1.8782048211277857e-10
photon_scattering,Photon scattering,4.0,1.0,A,"XX,YX",9.599754584843554e-09,2.3999386462108886e-09
photon_scattering,Photon scattering,4.0,1.0,A,"XX,YY",5.441065403370823e-14,1.3602663508427057e-14
photon_scattering,Photon scattering,4.0,1.0,A,"XX,YZ",4.411383920959751e-09,1.1028459802399379e-09
photon_scattering,Photon scattering,4.0,1.0,A,"XX,ZI",-1.9560982586343292e-10,-4.890245646585823e-11
photon_scattering,Photon scattering,4.0,1.0,A,"XX,ZX",-5.783996332435331e-09,-1.4459990831088328e-09
photon_scattering,Photon scattering,4.0,1.0,A,"XX,ZY",-1.430055526014129e-09,-3.5751388150353224e-10
photon_scattering,Photon scattering,4.0,1.0,A,"XX,ZZ",-2.3398439333748704e-09,-5.849609833437176e-10
photon_scattering,Photon scattering,4.0,1.0,A,"XY,XZ",5.225233145313939e-09,1.3063082863284847e-09
photon_scattering,Photon scattering,4.0,1.0,A,"XY,YI",-2.70083627364464e-10,-6.7520906841116e-11
photon_scattering,Photon scattering,4.0,1.0,A,"XY,YX",-4.5997705114333585e-10,-1.1499426278583396e-10
photon_scattering,Photon scattering,4.0,1.0,A,"XY,YY",4.620302313980194e-09,1.1550755784950485e-09
photon_scattering,Photon scattering,4.0,1.0,A,"XY,YZ",-4.4427082246272223e-10,-1.1106770561568056e-10
photon_scattering,Photon scattering,4.0,1.0,A,"XY,ZI",5.103791099533016e-10,1.275947774883254e-10
photon_scattering,Photon scattering,4.0,1.0,A,"XY,ZX",2.295213873911213e-09,5.738034684778033e-10
photon_scattering,Photon scattering,4.0,1.0,A,"XY,ZY",-1.0846063884865634e-08,-2.7115159712164086e-09
photon_scattering,Photon scattering,4.0,1.0,A,"XY,ZZ",-3.2849919846255373e-09,-8.212479961563843e-10
photon_scattering,Photon scattering,4.0,1.0,A,"XZ,YI",-2.8795780325185633e-09,-7.198945081296408e-10
photon_scattering,Photon scattering,4.0,1.0,A,"XZ,YX",4.856751795652429e-10,1.2141879489131073e-10
photon_scattering,Photon scattering,4.0,1.0,A,"XZ,YY",2.0421369747694424e-10,5.105342436923606e-11
photon_scattering,Photon scattering,4.0,1.0,A,"XZ,YZ",1.474120772163178e-10,3.685301930407945e-11
photon_scattering,Photon scattering,4.0,1.0,A,"XZ,ZI",9.612510679662526e-10,2.4031276699156314e-10
photon_scattering,Photon scattering,4.0,1.0,A,"XZ,ZX",-8.098934189719116e-10,-2.024733547429779e-10
photon_scattering,Photon scattering,4.0,1.0,A,"XZ,ZY",1.1391663476265926e-09,2.8479158690664814e-10
photon_scattering,Photon scattering,4.0,1.0,A,"XZ,ZZ",1.1511976178168133e-08,2.877994044542033e-09
photon_scattering,Photon scattering,4.0,1.0,A,"YI,YX",9.329570010401593e-09,2.332392502600398e-09
photon_scattering,Photon scattering,4.0,1.0,A,"YI,YY",3.402121872050294e-11,8.505304680125736e-12
photon_scattering,Photon scattering,4.0,1.0,A,"YI,YZ",-1.0802824552772466e-10,-2.7007061381931166e-11
photon_scattering,Photon scattering,4.0,1.0,A,"YI,ZI",2.1986030842001468e-09,5.496507710500367e-10
photon_scattering,Photon scattering,4.0,1.0,A,"YI,ZX",1.4449462777051446e-09,3.6123656942628615e-10
photon_scattering,Photon scattering,4.0,1.0,A,"YI,ZY",1.9081720005409847e-10,4.770430001352462e-11
photon_scattering,Photon scattering,4.0,1.0,A,"YI,ZZ",-7.954401562056743e-10,-1.9886003905141858e-10
photon_scattering,Photon scattering,4.0,1.0,A,"YX,YY",-6.649006749341727e-10,-1.6622516873354318e-10
photon_scattering,Photon scattering,4.0,1.0,A,"YX,YZ",-1.0784305086696223e-08,-2.6960762716740558e-09
photon_scattering,Photon scattering,4.0,1.0,A,"YX,ZI",-1.909240990654032e-09,-4.77310247663508e-10
photon_scattering,Photon scattering,4.0,1.0,A,"YX,ZX",1.2263044063386351e-09,3.065761015846588e-10
photon_scattering,Photon scattering,4.0,1.0,A,"YX,ZY",-6.986649682333666e-11,-1.7466624205834165e-11
photon_scattering,Photon scattering,4.0,1.0,A,"YX,ZZ",2.2307004473914234e-09,5.576751118478558e-10
photon_scattering,Photon scattering,4.0,1.0,A,"YY,YZ",2.729731804133217e-09,6.824329510333043e-10
photon_scattering,Photon scattering,4.0,1.0,A,"YY,ZI",2.8820686301609227e-10,7.205171575402307e-11
photon_scattering,Photon scattering,4.0,1.0,A,"YY,ZX",-3.4341346252503826e-10,-8.585336563125957e-11
photon_scattering,Photon scattering,4.0,1.0,A,"YY,ZY",3.9199208675486955e-10,9.799802168871739e-11
photon_scattering,Photon scattering,4.0,1.0,A,"YY,ZZ",1.035108070655797e-08,2.5877701766394923e-09
photon_scattering,Photon scattering,4.0,1.0,A,"YZ,ZI",8.17339929244262e-10,2.043349823110655e-10
photon_scattering,Photon scattering,4.0,1.0,A,"YZ,ZX",-1.4777312262573e-09,-3.69432806564325e-10
photon_scattering,Photon scattering,4.0,1.0,A,"YZ,ZY",2.172891773201933e-09,5.432229433004833e-10
photon_scattering,Photon scattering,4.0,1.0,A,"YZ,ZZ",-1.680777179958035e-10,-4.2019429498950874e-11
photon_scattering,Photon scattering,4.0,1.0,A,"ZI,ZX",8.38811037070964e-09,2.09702759267741e-09
photon_scattering,Photon scattering,4.0,1.0,A,"ZI,ZY",4.017790452983227e-10,1.0044476132458068e-10
photon_scattering,Photon scattering,4.0,1.0,A,"ZI,ZZ",1.013023468260027e-10,2.5325586706500677e-11
photon_scattering,Photon scattering,4.0,1.0,A,"ZX,ZY",1.2588228566820792e-09,3.147057141705198e-10
photon_scattering,Photon scattering,4.0,1.0,A,"ZX,ZZ",1.0785102993847118e-08,2.6962757484617795e-09
photon_scattering,Photon scattering,4.0,1.0,A,"ZY,ZZ",-2.1375806271256777e-09,-5.343951567814194e-10
photon_scattering,Photon scattering,4.0,1.0,C,"IX,IY",-1.2055890893954433e-09,-3.0139727234886083e-10
photon_scattering,Photon scattering,4.0,1.0,C,"IX,IZ",-1.131216669214519e-09,-2.8280416730362975e-10
photon_scattering,Photon scattering,4.0,1.0,C,"IX,XI",4.9640959831156686e-09,1.2410239957789171e-09
photon_scattering,Photon scattering,4.0,1.0,C,"IX,XX",-4.174176178290898e-09,-1.0435440445727244e-09
photon_scattering,Photon scattering,4.0,1.0,C,"IX,XY",2.944299346535332e-09,7.36074836633833e-10
photon_scattering,Photon scattering,4.0,1.0,C,"IX,XZ",-4.031056783499252e-11,-1.007764195874813e-11
photon_scattering,Photon scattering,4.0,1.0,C,"IX,YI",1.832253623232935e-13,4.580634058082338e-14
photon_scattering,Photon scattering,4.0,1.0,C,"IX,YX",4.069709142468428e-09,1.017427285617107e-09
photon_scattering,Photon scattering,4.0,1.0,C,"IX,YY",2.326230422880869e-10,5.8155760572021725e-11
photon_scattering,Photon scattering,4.0,1.0,C,"IX,YZ",-1.6623820038114819e-10,-4.1559550095287047e-11
photon_scattering,Photon scattering,4.0,1.0,C,"IX,ZI",1.8418597936518551e-09,4.604649484129638e-10
photon_scattering,Photon scattering,4.0,1.0,C,"IX,ZX",1.970751382313627e-09,4.926878455784068e-10
photon_scattering,Photon scattering,4.0,1.0,C,"IX,ZY",9.097796814120614e-13,2.2744492035301534e-13
photon_scattering,Photon scattering,4.0,1.0,C,"IX,ZZ",2.5845764533185083e-09,6.461441133296271e-10
photon_scattering,Photon scattering,4.0,1.0,C,"IY,IZ",-3.329822050753046e-09,-8.324555126882615e-10
photon_scattering,Photon scattering,4.0,1.0,C,"IY,XI",-3.2409185568457375e-10,-8.102296392114344e-11
photon_scattering,Photon scattering,4.0,1.0,C,"IY,XX",-7.232592862499441e-10,-1.8081482156248603e-10
photon_scattering,Photon scattering,4.0,1.0,C,"IY,XY",-1.4925743688463231e-09,-3.731435922115808e-10
photon_scattering,Photon scattering,4.0,1.0,C,"IY,XZ",-3.348974283102047e-05,-8.372435707755117e-06
photon_scattering,Photon scattering,4.0,1.0,C,"IY,YI",-6.264523078243509e-11,-1.5661307695608772e-11
photon_scattering,Photon scattering,4.0,1.0,C,"IY,YX",1.9160943169306975e-09,4.790235792326744e-10
photon_scattering,Photon scattering,4.0,1.0,C,"IY,YY",1.1281380623644078e-08,2.8203451559110196e-09
photon_scattering,Photon scattering,4.0,1.0,C,"IY,YZ",-8.619317948650984e-10,-2.154829487162746e-10
photon_scattering,Photon scattering,4.0,1.0,C,"IY,ZI",8.384840938358886e-11,2.0962102345897215e-11
photon_scattering,Photon scattering,4.0,1.0,C,"IY,ZX",-8.252317682350367e-10,-2.0630794205875919e-10
photon_scattering,Photon scattering,4.0,1.0,C,"IY,ZY",-5.87462187059133e-10,-1.4686554676478326e-10
photon_scattering,Photon scattering,4.0,1.0,C,"IY,ZZ",7.128603806807936e-11,1.782150951701984e-11
photon_scattering,Photon scattering,4.0,1.0,C,"IZ,XI",1.1555046051992754e-10,2.8887615129981885e-11
photon_scattering,Photon scattering,4.0,1.0,C,"IZ,XX",5.091990286691816e-10,1.272997571672954e-10
photon_scattering,Photon scattering,4.0,1.0,C,"IZ,XY",3.586422965887484e-05,8.96605741471871e-06
photon_scattering,Photon scattering,4.0,1.0,C,"IZ,XZ",1.3172272962681717e-09,3.2930682406704294e-10
photon_scattering,Photon scattering,4.0,1.0,C,"IZ,YI",1.4569976656571885e-09,3.642494164142971e-10
photon_scattering,Photon scattering,4.0,1.0,C,"IZ,YX",-1.7035322872125705e-10,-4.258830718031426e-11
photon_scattering,Photon scattering,4.0,1.0,C,"IZ,YY",3.6345106411766608e-09,9.086276602941652e-10
photon_scattering,Photon scattering,4.0,1.0,C,"IZ,YZ",-1.128639390234944e-08,-2.82159847558736e-09
photon_scattering,Photon scattering,4.0,1.0,C,"IZ,ZI",-8.723723955061954e-10,-2.1809309887654886e-10
photon_scattering,Photon scattering,4.0,1.0,C,"IZ,ZX",1.7231343681523323e-09,4.307835920380831e-10
photon_scattering,Photon scattering,4.0,1.0,C,"IZ,ZY",1.1129892391490057e-09,2.7824730978725143e-10
photon_scattering,Photon scattering,4.0,1.0,C,"IZ,ZZ",-3.602077539053249e-09,-9.005193847633123e-10
photon_scattering,Photon scattering,4.0,1.0,C,"XI,XX",2.278552984172904e-09,5.69638246043226e-10
photon_scattering,Photon scattering,4.0,1.0,C,"XI,XY",-3.841232048267987e-09,-9.603080120669968e-10
photon_scattering,Photon scattering,4.0,1.0,C,"XI,XZ",2.4385143838669963e-09,6.096285959667491e-10
photon_scattering,Photon scattering,4.0,1.0,C,"XI,YI",-1.4790925067653854e-11,-3.6977312669134635e-12
photon_scattering,Photon scattering,4.0,1.0,C,"XI,YX",2.2785579337070882e-09,5.696394834267721e-10
photon_scattering,Photon scattering,4.0,1.0,C,"XI,YY",2.748579020049267e-09,6.871447550123168e-10
photon_scattering,Photon scattering,4.0,1.0,C,"XI,YZ",9.463414569909218e-11,2.3658536424773045e-11
photon_scattering,Photon scattering,4.0,1.0,C,"XI,ZI",4.854570124048056e-09,1.213642531012014e-09
photon_scattering,Photon scattering,4.0,1.0,C,"XI,ZX",8.178126206341543e-10,2.0445315515853857e-10
photon_scattering,Photon scattering,4.0,1.0,C,"XI,ZY",7.055610120731871e-11,1.7639025301829678e-11
photon_scattering,Photon scattering,4.0,1.0,C,"XI,ZZ",-5.944841615678427e-10,-1.4862104039196068e-10
photon_scattering,Photon scattering,4.0,1.0,C,"XX,XY",5.258707824554361e-10,1.3146769561385904e-10
photon_scattering,Photon scattering,4.0,1.0,C,"XX,XZ",-2.5173265887752656e-09,-6.293316471938164e-10
photon_scattering,Photon scattering,4.0,1.0,C,"XX,YI",-1.2955186561989586e-09,-3.2387966404973965e-10
photon_scattering,Photon scattering,4.0,1.0,C,"XX,YX",3.297501677494289e-10,8.243754193735723e-11
photon_scattering,Photon scattering,4.0,1.0,C,"XX,YY",-3.1869341432725152e-09,-7.967335358181288e-10
photon_scattering,Photon scattering,4.0,1.0,C,"XX,YZ",1.4571528200077596e-09,3.642882050019399e-10
photon_scattering,Photon scattering,4.0,1.0,C,"XX,ZI",-5.2935619875054686e-09,-1.3233904968763671e-09
photon_scattering,Photon scattering,4.0,1.0,C,"XX,ZX",5.1350282454092635e-09,1.2837570613523159e-09
photon_scattering,Photon scattering,4.0,1.0,C,"XX,ZY",6.199248524844622e-10,1.5498121312111554e-10
photon_scattering,Photon scattering,4.0,1.0,C,"XX,ZZ",1.2218695029849643e-10,3.0546737574624106e-11
photon_scattering,Photon scattering,4.0,1.0,C,"XY,XZ",-3.5143994086808176e-09,-8.785998521702044e-10
photon_scattering,Photon scattering,4.0,1.0,C,"XY,YI",-1.7043208041461552e-09,-4.260802010365388e-10
photon_scattering,Photon scattering,4.0,1.0,C,"XY,YX",-7.707836754333504e-10,-1.926959188583376e-10
photon_scattering,Photon scattering,4.0,1.0,C,"XY,YY",-8.425515907462685e-10,-2.1063789768656712e-10
photon_scattering,Photon scattering,4.0,1.0,C,"XY,YZ",1.239253166025408e-09,3.09813291506352e-10
photon_scattering,Photon scattering,4.0,1.0,C,"XY,ZI",6.853287592054637e-10,1.7133218980136592e-10
photon_scattering,Photon scattering,4.0,1.0,C,"XY,ZX",-1.578329345257403e-09,-3.9458233631435076e-10
photon_scattering,Photon scattering,4.0,1.0,C,"XY,ZY",1.434649012409468e-09,3.58662253102367e-10
photon_scattering,Photon scattering,4.0,1.0,C,"XY,ZZ",-3.4312044897686205e-10,-8.578011224421551e-11
photon_scattering,Photon scattering,4.0,1.0,C,"XZ,YI",1.0342412394330754e-10,2.5856030985826885e-11
photon_scattering,Photon scattering,4.0,1.0,C,"XZ,YX",4.3686329785803586e-10,1.0921582446450896e-10
photon_scattering,Photon scattering,4.0,1.0,C,"XZ,YY",-2.7555380848351787e-09,-6.888845212087947e-10
photon_scattering,Photon scattering,4.0,1.0,C,"XZ,YZ",1.0194988134988693e-09,2.548747033747173e-10
photon_scattering,Photon scattering,4.0,1.0,C,"XZ,ZI",-1.8622738653947421e-09,-4.6556846634868554e-10
photon_scattering,Photon scattering,4.0,1.0,C,"XZ,ZX",-1.2218133883835336e-10,-3.054533470958834e-11
photon_scattering,Photon scattering,4.0,1.0,C,"XZ,ZY",1.67383758008742e-11,4.18459395021855e-12
photon_scattering,Photon scattering,4.0,1.0,C,"XZ,ZZ",2.5015121526369036e-09,6.253780381592259e-10
photon_scattering,Photon scattering,4.0,1.0,C,"YI,YX",2.4749467742347353e-09,6.187366935586838e-10
photon_scattering,Photon scattering,4.0,1.0,C,"YI,YY",1.2059575048694048e-08,3.014893762173512e-09
photon_scattering,Photon scattering,4.0,1.0,C,"YI,YZ",-8.329221623812808e-10,-2.082305405953202e-10
photon_scattering,Photon scattering,4.0,1.0,C,"YI,ZI",-1.281082943328976e-09,-3.20270735832244e-10
photon_scattering,Photon scattering,4.0,1.0,C,"YI,ZX",-3.3480421655206605e-05,-8.370105413801651e-06
photon_scattering,Photon scattering,4.0,1.0,C,"YI,ZY",-1.7856792745533549e-09,-4.464198186383387e-10
photon_scattering,Photon scattering,4.0,1.0,C,"YI,ZZ",1.0643469370816122e-10,2.6608673427040304e-11
photon_scattering,Photon scattering,4.0,1.0,C,"YX,YY",-5.983042032900849e-11,-1.4957605082252122e-11
photon_scattering,Photon scattering,4.0,1.0,C,"YX,YZ",4.719171323620854e-10,1.1797928309052134e-10
photon_scattering,Photon scattering,4.0,1.0,C,"YX,ZI",3.5871548885902254e-05,8.967887221475564e-06
photon_scattering,Photon scattering,4.0,1.0,C,"YX,ZX",1.4463496776810288e-10,3.615874194202572e-11
photon_scattering,Photon scattering,4.0,1.0,C,"YX,ZY",7.408870940207285e-11,1.8522177350518212e-11
photon_scattering,Photon scattering,4.0,1.0,C,"YX,ZZ",-1.0900672768388784e-09,-2.725168192097196e-10
photon_scattering,Photon scattering,4.0,1.0,C,"YY,YZ",-3.8548463989635504e-09,-9.637115997408876e-10
photon_scattering,Photon scattering,4.0,1.0,C,"YY,ZI",-1.7712073070666601e-09,-4.4280182676666503e-10
photon_scattering,Photon scattering,4.0,1.0,C,"YY,ZX",-3.603503032331036e-10,-9.00875758082759e-11
photon_scattering,Photon scattering,4.0,1.0,C,"YY,ZY",-2.2299925728890145e-09,-5.574981432222536e-10
photon_scattering,Photon scattering,4.0,1.0,C,"YY,ZZ",1.7696963768216724e-09,4.424240942054181e-10
photon_scattering,Photon scattering,4.0,1.0,C,"YZ,ZI",1.7293569795412287e-10,4.323392448853072e-11
photon_scattering,Photon scattering,4.0,1.0,C,"YZ,ZX",-8.430759855604603e-10,-2.1076899639011508e-10
photon_scattering,Photon scattering,4.0,1.0,C,"YZ,ZY",1.4568208443335822e-09,3.6420521108339556e-10
photon_scattering,Photon scattering,4.0,1.0,C,"YZ,ZZ",-2.5921944067404914e-09,-6.480486016851229e-10
photon_scattering,Photon scattering,4.0,1.0,C,"ZI,ZX",-4.544885259189137e-09,-1.1362213147972843e-09
photon_scattering,Photon scattering,4.0,1.0,C,"ZI,ZY",-1.184576308947597e-08,-2.9614407723689923e-09
photon_scattering,Photon scattering,4.0,1.0,C,"ZI,ZZ",1.774960706743537e-09,4.4374017668588427e-10
photon_scattering,Photon scattering,4.0,1.0,C,"ZX,ZY",7.171873596022359e-11,1.7929683990055898e-11
photon_scattering,Photon scattering,4.0,1.0,C,"ZX,ZZ",6.077489931932091e-10,1.5193724829830228e-10
photon_scattering,Photon scattering,4.0,1.0,C,"ZY,ZZ",-4.0455342382968815e-09,-1.0113835595742204e-09
photon_scattering,Photon scattering,4.0,1.0,H,IX,-2.7850370012340807e-10,-6.962592503085202e-11
photon_scattering,Photon scattering,4.0,1.0,H,IY,2.2994061182066936e-09,5.748515295516734e-10
photon_scattering,Photon scattering,4.0,1.0,H,IZ,-5.159937018065682e-10,-1.2899842545164205e-10
photon_scattering,Photon scattering,4.0,1.0,H,XI,-4.2704768351417486e-09,-1.0676192087854371e-09
photon_scattering,Photon scattering,4.0,1.0,H,XX,1.2738346980969902e-08,3.1845867452424755e-09
photon_scattering,Photon scattering,4.0,1.0,H,XY,-7.274637925120823e-10,-1.8186594812802057e-10
photon_scattering,Photon scattering,4.0,1.0,H,XZ,-1.7652611324202352e-09,-4.413152831050588e-10
photon_scattering,Photon scattering,4.0,1.0,H,YI,-5.374363767189353e-09,-1.3435909417973383e-09
photon_scattering,Photon scattering,4.0,1.0,H,YX,5.054166089402296e-09,1.263541522350574e-09
photon_scattering,Photon scattering,4.0,1.0,H,YY,-2.3398176687483434e-09,-5.849544171870859e-10
photon_scattering,Photon scattering,4.0,1.0,H,YZ,1.925585777807232e-09,4.81396444451808e-10
photon_scattering,Photon scattering,4.0,1.0,H,ZI,2.3980423533243736e-11,5.995105883310934e-12
photon_scattering,Photon scattering,4.0,1.0,H,ZX,-1.6010721140733238e-09,-4.0026802851833094e-10
photon_scattering,Photon scattering,4.0,1.0,H,ZY,-3.915972494897067e-09,-9.789931237242668e-10
photon_scattering,Photon scattering,4.0,1.0,H,ZZ,1.1728700544479974e-16,2.9321751361199935e-17
photon_scattering,Photon scattering,4.0,1.0,S,IX,2.5000596626906582e-05,6.2501491567266455e-06
photon_scattering,Photon scattering,4.0,1.0,S,IY,6.414494543833648e-05,1.603623635958412e-05
photon_scattering,Photon scattering,4.0,1.0,S,IZ,9.834986169844002e-05,2.4587465424610006e-05
photon_scattering,Photon scattering,4.0,1.0,S,XI,2.5000706390856695e-05,6.250176597714174e-06
photon_scattering,Photon scattering,4.0,1.0,S,XX,1.103603536421055e-08,2.7590088410526376e-09
photon_scattering,Photon scattering,4.0,1.0,S,XY,9.83456436399543e-05,2.4586410909988576e-05
photon_scattering,Photon scattering,4.0,1.0,S,XZ,6.414250629955713e-05,1.603562657488928e-05
photon_scattering,Photon scattering,4.0,1.0,S,YI,6.414247060328674e-05,1.6035617650821684e-05
photon_scattering,Photon scattering,4.0,1.0,S,YX,9.834595653084233e-05,2.4586489132710584e-05
photon_scattering,Photon scattering,4.0,1.0,S,YY,-3.1260426199783984e-09,-7.815106549945996e-10
photon_scattering,Photon scattering,4.0,1.0,S,YZ,-5.140973063162864e-09,-1.285243265790716e-09
photon_scattering,Photon scattering,4.0,1.0,S,ZI,9.834989647120813e-05,2.4587474117802032e-05
photon_scattering,Photon scattering,4.0,1.0,S,ZX,6.414737829070577e-05,1.6036844572676444e-05
photon_scattering,Photon scattering,4.0,1.0,S,ZY,-2.0454963845775373e-10,-5.113740961443843e-11
photon_scattering,Photon scattering,4.0,1.0,S,ZZ,4.908376400698724e-09,1.227094100174681e-09
photon_scattering,Photon scattering,4.0,2.0,A,"IX,IY",5.4666082899509e-09,1.366652072487725e-09
photon_scattering,Photon scattering,4.0,2.0,A,"IX,IZ",-4.2734188857655956e-09,-1.0683547214413989e-09
photon_scattering,Photon scattering,4.0,2.0,A,"IX,XI",1.163694843006553e-08,2.9092371075163827e-09
photon_scattering,Photon scattering,4.0,2.0,A,"IX,XX",6.259948032787765e-09,1.5649870081969412e-09
photon_scattering,Photon scattering,4.0,2.0,A,"IX,XY",-3.1552431549749104e-09,-7.888107887437276e-10
photon_scattering,Photon scattering,4.0,2.0,A,"IX,XZ",9.974997608753416e-10,2.493749402188354e-10
photon_scattering,Photon scattering,4.0,2.0,A,"IX,YI",5.53900972472455e-09,1.3847524311811375e-09
photon_scattering,Photon scattering,4.0,2.0,A,"IX,YX",2.233206453286624e-09,5.58301613321656e-10
photon_scattering,Photon scattering,4.0,2.0,A,"IX,YY",-7.529330885005302e-09,-1.8823327212513255e-09
photon_scattering,Photon scattering,4.0,2.0,A,"IX,YZ",9.138980182457407e-10,2.2847450456143517e-10
photon_scattering,Photon scattering,4.0,2.0,A,"IX,ZI",-2.7325127047902635e-09,-6.831281761975659e-10
photon_scattering,Photon scattering,4.0,2.0,A,"IX,ZX",-2.3452707866960356e-09,-5.863176966740089e-10
photon_scattering,Photon scattering,4.0,2.0,A,"IX,ZY",-8.166987915090081e-09,-2.0417469787725203e-09
photon_scattering,Photon scattering,4.0,2.0,A,"IX,ZZ",-7.171500364652864e-09,-1.792875091163216e-09
photon_scattering,Photon scattering,4.0,2.0,A,"IY,IZ",1.1994103911964248e-08,2.998525977991062e-09
photon_scattering,Photon scattering,4.0,2.0,A,"IY,XI",-3.4275041508690997e-09,-8.568760377172749e-10
photon_scattering,Photon scattering,4.0,2.0,A,"IY,XX",4.964540124125577e-09,1.2411350310313942e-09
photon_scattering,Photon scattering,4.0,2.0,A,"IY,XY",3.059969984161367e-08,7.649924960403418e-09
photon_scattering,Photon scattering,4.0,2.0,A,"IY,XZ",-2.7190942702904795e-10,-6.797735675726199e-11
photon_scattering,Photon scattering,4.0,2.0,A,"IY,YI",-6.739061555985245e-11,-1.684765388996311e-11
photon_scattering,Photon scattering,4.0,2.0,A,"IY,YX",6.745997347171042e-09,1.6864993367927605e-09
photon_scattering,Photon scattering,4.0,2.0,A,"IY,YY",1.9230425692869427e-09,4.807606423217357e-10
photon_scattering,Photon scattering,4.0,2.0,A,"IY,YZ",9.045413952987249e-10,2.2613534882468122e-10
photon_scattering,Photon scattering,4.0,2.0,A,"IY,ZI",-6.6913507321427285e-09,-1.6728376830356821e-09
photon_scattering,Photon scattering,4.0,2.0,A,"IY,ZX",7.498651343862175e-09,1.8746628359655437e-09
photon_scattering,Photon scattering,4.0,2.0,A,"IY,ZY",-3.706943558446641e-10,-9.267358896116603e-11
photon_scattering,Photon scattering,4.0,2.0,A,"IY,ZZ",-8.820719466702606e-10,-2.2051798666756515e-10
photon_scattering,Photon scattering,4.0,2.0,A,"IZ,XI",6.780465283121018e-09,1.6951163207802544e-09
photon_scattering,Photon scattering,4.0,2.0,A,"IZ,XX",-1.0168998573288004e-09,-2.542249643322001e-10
photon_scattering,Photon scattering,4.0,2.0,A,"IZ,XY",-2.411844837124874e-10,-6.029612092812185e-11
photon_scattering,Photon scattering,4.0,2.0,A,"IZ,XZ",3.310535150439505e-08,8.276337876098763e-09
photon_scattering,Photon scattering,4.0,2.0,A,"IZ,YI",-4.2206955232686664e-10,-1.0551738808171666e-10
photon_scattering,Photon scattering,4.0,2.0,A,"IZ,YX",1.3452842972932855e-10,3.363210743233214e-11
photon_scattering,Photon scattering,4.0,2.0,A,"IZ,YY",2.1568304558193376e-09,5.392076139548344e-10
photon_scattering,Photon scattering,4.0,2.0,A,"IZ,YZ",1.3268693499355184e-09,3.317173374838796e-10
photon_scattering,Photon scattering,4.0,2.0,A,"IZ,ZI",3.3849861535564346e-10,8.462465383891087e-11
photon_scattering,Photon scattering,4.0,2.0,A,"IZ,ZX",6.70016339914241e-09,1.6750408497856025e-09
photon_scattering,Photon scattering,4.0,2.0,A,"IZ,ZY",2.8376380113166707e-09,7.094095028291677e-10
photon_scattering,Photon scattering,4.0,2.0,A,"IZ,ZZ",-7.966125652682608e-10,-1.991531413170652e-10
photon_scattering,Photon scattering,4.0,2.0,A,"XI,XX",-9.103497493969602e-09,-2.2758743734924005e-09
photon_scattering,Photon scattering,4.0,2.0,A,"XI,XY",-6.016202997870019e-09,-1.5040507494675048e-09
photon_scattering,Photon scattering,4.0,2.0,A,"XI,XZ",7.2628037948622e-10,1.81570094871555e-10
photon_scattering,Photon scattering,4.0,2.0,A,"XI,YI",3.182603915312172e-09,7.95650978828043e-10
photon_scattering,Photon scattering,4.0,2.0,A,"XI,YX",8.297572201168457e-10,2.0743930502921143e-10
photon_scattering,Photon scattering,4.0,2.0,A,"XI,YY",-7.37183411476474e-09,-1.842958528691185e-09
photon_scattering,Photon scattering,4.0,2.0,A,"XI,YZ",6.5760756239306045e-09,1.6440189059826511e-09
photon_scattering,Photon scattering,4.0,2.0,A,"XI,ZI",-2.591686476790409e-09,-6.479216191976023e-10
photon_scattering,Photon scattering,4.0,2.0,A,"XI,ZX",5.165502500405775e-10,1.2913756251014437e-10
photon_scattering,Photon scattering,4.0,2.0,A,"XI,ZY",-1.8626247725016087e-09,-4.656561931254022e-10
photon_scattering,Photon scattering,4.0,2.0,A,"XI,ZZ",-7.554498401613643e-09,-1.888624600403411e-09
photon_scattering,Photon scattering,4.0,2.0,A,"XX,XY",8.746973926774308e-09,2.186743481693577e-09
photon_scattering,Photon scattering,4.0,2.0,A,"XX,XZ",1.3911087584411354e-09,3.4777718961028384e-10
photon_scattering,Photon scattering,4.0,2.0,A,"XX,YI",4.6974763186033535e-09,1.1743690796508384e-09
photon_scattering,Photon scattering,4.0,2.0,A,"XX,YX",1.5534402351056788e-09,3.883600587764197e-10
photon_scattering,Photon scattering,4.0,2.0,A,"XX,YY",-3.952939544872342e-14,-9.882348862180854e-15
photon_scattering,Photon scattering,4.0,2.0,A,"XX,YZ",-8.247207169144678e-09,-2.0618017922861696e-09
photon_scattering,Photon scattering,4.0,2.0,A,"XX,ZI",-1.6469286046627158e-09,-4.1173215116567894e-10
photon_scattering,Photon scattering,4.0,2.0,A,"XX,ZX",1.267091072434226e-09,3.167727681085565e-10
photon_scattering,Photon scattering,4.0,2.0,A,"XX,ZY",5.126321459147884e-10,1.281580364786971e-10
photon_scattering,Photon scattering,4.0,2.0,A,"XX,ZZ",1.4814334082151127e-08,3.7035835205377817e-09
photon_scattering,Photon scattering,4.0,2.0,A,"XY,XZ",3.048650771382971e-09,7.621626928457427e-10
photon_scattering,Photon scattering,4.0,2.0,A,"XY,YI",-5.7294550760385495e-09,-1.4323637690096374e-09
photon_scattering,Photon scattering,4.0,2.0,A,"XY,YX",2.559267399604519e-10,6.398168499011297e-11
photon_scattering,Photon scattering,4.0,2.0,A,"XY,YY",-3.635669748006977e-09,-9.089174370017443e-10
photon_scattering,Photon scattering,4.0,2.0,A,"XY,YZ",5.0821454191942195e-09,1.2705363547985549e-09
photon_scattering,Photon scattering,4.0,2.0,A,"XY,ZI",-7.443698640035767e-10,-1.8609246600089417e-10
photon_scattering,Photon scattering,4.0,2.0,A,"XY,ZX",-1.8746458703001734e-09,-4.686614675750434e-10
photon_scattering,Photon scattering,4.0,2.0,A,"XY,ZY",-2.8359493410672895e-09,-7.089873352668224e-10
photon_scattering,Photon scattering,4.0,2.0,A,"XY,ZZ",7.493644728909299e-09,1.8734111822273248e-09
photon_scattering,Photon scattering,4.0,2.0,A,"XZ,YI",6.063227400529474e-09,1.5158068501323685e-09
photon_scattering,Photon scattering,4.0,2.0,A,"XZ,YX",-4.7908577892004e-09,-1.1977144473001e-09
photon_scattering,Photon scattering,4.0,2.0,A,"XZ,YY",6.058444855691887e-09,1.5146112139229717e-09
photon_scattering,Photon scattering,4.0,2.0,A,"XZ,YZ",6.825618493480728e-10,1.706404623370182e-10
photon_scattering,Photon scattering,4.0,2.0,A,"XZ,ZI",-6.7776683032957114e-09,-1.6944170758239279e-09
photon_scattering,Photon scattering,4.0,2.0,A,"XZ,ZX",9.041240223246932e-10,2.260310055811733e-10
photon_scattering,Photon scattering,4.0,2.0,A,"XZ,ZY",4.496801250009894e-09,1.1242003125024735e-09
photon_scattering,Photon scattering,4.0,2.0,A,"XZ,ZZ",1.0353336551571184e-09,2.588334137892796e-10
photon_scattering,Photon scattering,4.0,2.0,A,"YI,YX",2.5288196578000616e-08,6.322049144500154e-09
photon_scattering,Photon scattering,4.0,2.0,A,"YI,YY",-3.0051919234265096e-09,-7.512979808566274e-10
photon_scattering,Photon scattering,4.0,2.0,A,"YI,YZ",1.0014860818902727e-09,2.5037152047256816e-10
photon_scattering,Photon scattering,4.0,2.0,A,"YI,ZI",9.679778648170916e-09,2.419944662042729e-09
photon_scattering,Photon scattering,4.0,2.0,A,"YI,ZX",-2.8625868306206897e-09,-7.156467076551724e-10
photon_scattering,Photon scattering,4.0,2.0,A,"YI,ZY",1.2389083358130153e-09,3.097270839532538e-10
photon_scattering,Photon scattering,4.0,2.0,A,"YI,ZZ",4.900993665188734e-09,1.2252484162971836e-09
photon_scattering,Photon scattering,4.0,2.0,A,"YX,YY",7.658889204448255e-09,1.9147223011120638e-09
photon_scattering,Photon scattering,4.0,2.0,A,"YX,YZ",-2.666729383705702e-09,-6.666823459264255e-10
photon_scattering,Photon scattering,4.0,2.0,A,"YX,ZI",2.224726462990593e-09,5.561816157476482e-10
photon_scattering,Photon scattering,4.0,2.0,A,"YX,ZX",1.2841292449356348e-08,3.210323112339087e-09
photon_scattering,Photon scattering,4.0,2.0,A,"YX,ZY",6.271033871137054e-09,1.5677584677842635e-09
photon_scattering,Photon scattering,4.0,2.0,A,"YX,ZZ",-3.1383041641164806e-09,-7.845760410291201e-10
photon_scattering,Photon scattering,4.0,2.0,A,"YY,YZ",-4.033818663242645e-10,-1.0084546658106613e-10
photon_scattering,Photon scattering,4.0,2.0,A,"YY,ZI",3.2955025622064144e-11,8.238756405516036e-12
photon_scattering,Photon scattering,4.0,2.0,A,"YY,ZX",-4.353321317725112e-09,-1.088330329431278e-09
photon_scattering,Photon scattering,4.0,2.0,A,"YY,ZY",3.307756972641937e-09,8.269392431604842e-10
photon_scattering,Photon scattering,4.0,2.0,A,"YY,ZZ",1.2840404492290186e-08,3.2101011230725466e-09
photon_scattering,Photon scattering,4.0,2.0,A,"YZ,ZI",3.5659996376492767e-10,8.914999094123192e-11
photon_scattering,Photon scattering,4.0,2.0,A,"YZ,ZX",-2.434771860570389e-09,-6.086929651425972e-10
photon_scattering,Photon scattering,4.0,2.0,A,"YZ,ZY",4.629196100239101e-09,1.1572990250597752e-09
photon_scattering,Photon scattering,4.0,2.0,A,"YZ,ZZ",-3.372242954020064e-09,-8.43060738505016e-10
photon_scattering,Photon scattering,4.0,2.0,A,"ZI,ZX",2.174563475213678e-08,5.436408688034195e-09
photon_scattering,Photon scattering,4.0,2.0,A,"ZI,ZY",-3.0075809318461917e-09,-7.518952329615479e-10
photon_scattering,Photon scattering,4.0,2.0,A,"ZI,ZZ",1.1726491713964824e-09,2.931622928491206e-10
photon_scattering,Photon scattering,4.0,2.0,A,"ZX,ZY",-1.3287173924869004e-09,-3.321793481217251e-10
photon_scattering,Photon scattering,4.0,2.0,A,"ZX,ZZ",4.175540925146333e-09,1.0438852312865833e-09
photon_scattering,Photon scattering,4.0,2.0,A,"ZY,ZZ",4.682011923667929e-10,1.1705029809169822e-10
photon_scattering,Photon scattering,4.0,2.0,C,"IX,IY",-8.16926144024798e-10,-2.042315360061995e-10
photon_scattering,Photon scattering,4.0,2.0,C,"IX,IZ",7.452781747821391e-09,1.863195436955348e-09
photon_scattering,Photon scattering,4.0,2.0,C,"IX,XI",1.076325779200203e-08,2.6908144480005075e-09
photon_scattering,Photon scattering,4.0,2.0,C,"IX,XX",-4.530703729735688e-09,-1.132675932433922e-09
photon_scattering,Photon scattering,4.0,2.0,C,"IX,XY",-6.36117252270502e-09,-1.590293130676255e-09
photon_scattering,Photon scattering,4.0,2.0,C,"IX,XZ",-3.720352220143759e-09,-9.300880550359397e-10
photon_scattering,Photon scattering,4.0,2.0,C,"IX,YI",3.852275458532482e-10,9.630688646331206e-11
photon_scattering,Photon scattering,4.0,2.0,C,"IX,YX",-2.3809869240918474e-09,-5.952467310229619e-10
photon_scattering,Photon scattering,4.0,2.0,C,"IX,YY",-6.510114169959924e-10,-1.627528542489981e-10
photon_scattering,Photon scattering,4.0,2.0,C,"IX,YZ",3.759399848532198e-11,9.398499621330495e-12
photon_scattering,Photon scattering,4.0,2.0,C,"IX,ZI",-7.116848577058534e-10,-1.7792121442646334e-10
photon_scattering,Photon scattering,4.0,2.0,C,"IX,ZX",-2.4069216323245494e-09,-6.017304080811373e-10
photon_scattering,Photon scattering,4.0,2.0,C,"IX,ZY",-2.60554568128709e-10,-6.513864203217725e-11
photon_scattering,Photon scattering,4.0,2.0,C,"IX,ZZ",-8.32873251392007e-09,-2.0821831284800176e-09
photon_scattering,Photon scattering,4.0,2.0,C,"IY,IZ",-8.953057379946522e-09,-2.2382643449866306e-09
photon_scattering,Photon scattering,4.0,2.0,C,"IY,XI",-3.6332870857934565e-10,-9.083217714483641e-11
photon_scattering,Photon scattering,4.0,2.0,C,"IY,XX",7.301199570998554e-09,1.8252998927496385e-09
photon_scattering,Photon scattering,4.0,2.0,C,"IY,XY",5.340805136730973e-09,1.3352012841827432e-09
photon_scattering,Photon scattering,4.0,2.0,C,"IY,XZ",-3.546003435352367e-05,-8.865008588380918e-06
photon_scattering,Photon scattering,4.0,2.0,C,"IY,YI",3.9068191821574796e-10,9.767047955393699e-11
photon_scattering,Photon scattering,4.0,2.0,C,"IY,YX",-1.5146330168619021e-09,-3.7865825421547554e-10
photon_scattering,Photon scattering,4.0,2.0,C,"IY,YY",3.1861414241770582e-09,7.965353560442646e-10
photon_scattering,Photon scattering,4.0,2.0,C,"IY,YZ",-4.3291995717149545e-09,-1.0822998929287386e-09
photon_scattering,Photon scattering,4.0,2.0,C,"IY,ZI",6.250631370222432e-09,1.562657842555608e-09
photon_scattering,Photon scattering,4.0,2.0,C,"IY,ZX",6.258390290731275e-10,1.5645975726828187e-10
photon_scattering,Photon scattering,4.0,2.0,C,"IY,ZY",2.192859779113896e-09,5.48214944778474e-10
photon_scattering,Photon scattering,4.0,2.0,C,"IY,ZZ",4.254851314976465e-09,1.0637128287441163e-09
photon_scattering,Photon scattering,4.0,2.0,C,"IZ,XI",3.6231057402012253e-09,9.057764350503063e-10
photon_scattering,Photon scattering,4.0,2.0,C,"IZ,XX",-4.780914369454119e-09,-1.1952285923635298e-09
photon_scattering,Photon scattering,4.0,2.0,C,"IZ,XY",3.709573239961317e-05,9.273933099903292e-06
photon_scattering,Photon scattering,4.0,2.0,C,"IZ,XZ",-5.0944447321924735e-09,-1.2736111830481184e-09
photon_scattering,Photon scattering,4.0,2.0,C,"IZ,YI",5.8753574180859834e-09,1.4688393545214959e-09
photon_scattering,Photon scattering,4.0,2.0,C,"IZ,YX",-1.2474717246745876e-08,-3.118679311686469e-09
photon_scattering,Photon scattering,4.0,2.0,C,"IZ,YY",-6.963376791346194e-09,-1.7408441978365485e-09
photon_scattering,Photon scattering,4.0,2.0,C,"IZ,YZ",-1.9367843366942483e-09,-4.841960841735621e-10
photon_scattering,Photon scattering,4.0,2.0,C,"IZ,ZI",6.109855010665126e-09,1.5274637526662814e-09
photon_scattering,Photon scattering,4.0,2.0,C,"IZ,ZX",-5.830329931394966e-09,-1.4575824828487415e-09
photon_scattering,Photon scattering,4.0,2.0,C,"IZ,ZY",5.7762250684747346e-09,1.4440562671186836e-09
photon_scattering,Photon scattering,4.0,2.0,C,"IZ,ZZ",1.5319654146016707e-09,3.829913536504177e-10
photon_scattering,Photon scattering,4.0,2.0,C,"XI,XX",-3.5814142358631976e-09,-8.953535589657994e-10
photon_scattering,Photon scattering,4.0,2.0,C,"XI,XY",-3.883689509202386e-09,-9.709223773005964e-10
photon_scattering,Photon scattering,4.0,2.0,C,"XI,XZ",-4.632551942212666e-09,-1.1581379855531664e-09
photon_scattering,Photon scattering,4.0,2.0,C,"XI,YI",1.989978587108743e-09,4.974946467771858e-10
photon_scattering,Photon scattering,4.0,2.0,C,"XI,YX",-5.098249209980519e-09,-1.2745623024951298e-09
photon_scattering,Photon scattering,4.0,2.0,C,"XI,YY",-7.083332932372133e-09,-1.7708332330930333e-09
photon_scattering,Photon scattering,4.0,2.0,C,"XI,YZ",1.1580831220940002e-10,2.8952078052350004e-11
photon_scattering,Photon scattering,4.0,2.0,C,"XI,ZI",2.50714158260834e-10,6.26785395652085e-11
photon_scattering,Photon scattering,4.0,2.0,C,"XI,ZX",-6.1507442875533045e-09,-1.5376860718883261e-09
photon_scattering,Photon scattering,4.0,2.0,C,"XI,ZY",1.0703260736828273e-10,2.6758151842070683e-11
photon_scattering,Photon scattering,4.0,2.0,C,"XI,ZZ",-1.617046807869336e-09,-4.04261701967334e-10
photon_scattering,Photon scattering,4.0,2.0,C,"XX,XY",5.893405942680419e-10,1.4733514856701046e-10
photon_scattering,Photon scattering,4.0,2.0,C,"XX,XZ",6.901444195642164e-09,1.725361048910541e-09
photon_scattering,Photon scattering,4.0,2.0,C,"XX,YI",7.115010920880694e-09,1.7787527302201734e-09
photon_scattering,Photon scattering,4.0,2.0,C,"XX,YX",-8.947865608891632e-10,-2.236966402222908e-10
photon_scattering,Photon scattering,4.0,2.0,C,"XX,YY",8.984639094654545e-09,2.2461597736636363e-09
photon_scattering,Photon scattering,4.0,2.0,C,"XX,YZ",-8.13790765589256e-09,-2.03447691397314e-09
photon_scattering,Photon scattering,4.0,2.0,C,"XX,ZI",1.2889243100855199e-08,3.2223107752137998e-09
photon_scattering,Photon scattering,4.0,2.0,C,"XX,ZX",3.518815760043393e-09,8.797039400108482e-10
photon_scattering,Photon scattering,4.0,2.0,C,"XX,ZY",-6.7632035268523625e-09,-1.6908008817130906e-09
photon_scattering,Photon scattering,4.0,2.0,C,"XX,ZZ",1.084303545530299e-09,2.7107588638257473e-10
photon_scattering,Photon scattering,4.0,2.0,C,"XY,XZ",-7.168068434512276e-09,-1.792017108628069e-09
photon_scattering,Photon scattering,4.0,2.0,C,"XY,YI",5.197110516866039e-09,1.2992776292165097e-09
photon_scattering,Photon scattering,4.0,2.0,C,"XY,YX",-2.7977518741815254e-09,-6.994379685453814e-10
photon_scattering,Photon scattering,4.0,2.0,C,"XY,YY",1.3265901252029352e-09,3.316475313007338e-10
photon_scattering,Photon scattering,4.0,2.0,C,"XY,YZ",-6.465684325320741e-10,-1.6164210813301853e-10
photon_scattering,Photon scattering,4.0,2.0,C,"XY,ZI",-1.2938937245087962e-08,-3.2347343112719904e-09
photon_scattering,Photon scattering,4.0,2.0,C,"XY,ZX",7.0651451638744616e-09,1.7662862909686154e-09
photon_scattering,Photon scattering,4.0,2.0,C,"XY,ZY",-1.521877440526157e-09,-3.8046936013153927e-10
photon_scattering,Photon scattering,4.0,2.0,C,"XY,ZZ",-2.7918350539430496e-10,-6.979587634857624e-11
photon_scattering,Photon scattering,4.0,2.0,C,"XZ,YI",-3.7960047254263666e-10,-9.490011813565917e-11
photon_scattering,Photon scattering,4.0,2.0,C,"XZ,YX",5.71343921237627e-09,1.4283598030940676e-09
photon_scattering,Photon scattering,4.0,2.0,C,"XZ,YY",2.064215468142058e-09,5.160538670355145e-10
photon_scattering,Photon scattering,4.0,2.0,C,"XZ,YZ",1.5580576707168223e-10,3.8951441767920557e-11
photon_scattering,Photon scattering,4.0,2.0,C,"XZ,ZI",8.44600546491173e-10,2.1115013662279324e-10
photon_scattering,Photon scattering,4.0,2.0,C,"XZ,ZX",-4.963357269768418e-11,-1.2408393174421044e-11
photon_scattering,Photon scattering,4.0,2.0,C,"XZ,ZY",1.4371211117936182e-09,3.5928027794840455e-10
photon_scattering,Photon scattering,4.0,2.0,C,"XZ,ZZ",-1.3492135803086448e-09,-3.373033950771612e-10
photon_scattering,Photon scattering,4.0,2.0,C,"YI,YX",-8.393979323198185e-10,-2.0984948307995463e-10
photon_scattering,Photon scattering,4.0,2.0,C,"YI,YY",1.2397064219369472e-09,3.099266054842368e-10
photon_scattering,Photon scattering,4.0,2.0,C,"YI,YZ",4.3521029558149776e-09,1.0880257389537444e-09
photon_scattering,Photon scattering,4.0,2.0,C,"YI,ZI",-9.863514807302571e-09,-2.4658787018256428e-09
photon_scattering,Photon scattering,4.0,2.0,C,"YI,ZX",-3.546455528492025e-05,-8.866138821230062e-06
photon_scattering,Photon scattering,4.0,2.0,C,"YI,ZY",-2.7847635481908655e-09,-6.961908870477164e-10
photon_scattering,Photon scattering,4.0,2.0,C,"YI,ZZ",5.005391654396481e-09,1.2513479135991201e-09
photon_scattering,Photon scattering,4.0,2.0,C,"YX,YY",-6.109617322175008e-10,-1.527404330543752e-10
photon_scattering,Photon scattering,4.0,2.0,C,"YX,YZ",2.3073698872601427e-09,5.768424718150357e-10
photon_scattering,Photon scattering,4.0,2.0,C,"YX,ZI",3.710755632990811e-05,9.276889082477027e-06
photon_scattering,Photon scattering,4.0,2.0,C,"YX,ZX",-3.340846629595537e-09,-8.352116573988842e-10
photon_scattering,Photon scattering,4.0,2.0,C,"YX,ZY",2.9411052059835624e-09,7.352763014958906e-10
photon_scattering,Photon scattering,4.0,2.0,C,"YX,ZZ",2.698088343279809e-09,6.745220858199522e-10
photon_scattering,Photon scattering,4.0,2.0,C,"YY,YZ",-7.56924324287769e-09,-1.8923108107194227e-09
photon_scattering,Photon scattering,4.0,2.0,C,"YY,ZI",3.899164919019514e-09,9.747912297548785e-10
photon_scattering,Photon scattering,4.0,2.0,C,"YY,ZX",-3.099913889709223e-09,-7.749784724273057e-10
photon_scattering,Photon scattering,4.0,2.0,C,"YY,ZY",-3.058771108356219e-09,-7.646927770890548e-10
photon_scattering,Photon scattering,4.0,2.0,C,"YY,ZZ",1.7911512569723363e-09,4.477878142430841e-10
photon_scattering,Photon scattering,4.0,2.0,C,"YZ,ZI",5.586825343684646e-09,1.3967063359211615e-09
photon_scattering,Photon scattering,4.0,2.0,C,"YZ,ZX",1.3940795004282997e-09,3.485198751070749e-10
photon_scattering,Photon scattering,4.0,2.0,C,"YZ,ZY",1.3412506600506869e-09,3.353126650126717e-10
photon_scattering,Photon scattering,4.0,2.0,C,"YZ,ZZ",-2.44857816963501e-09,-6.121445424087525e-10
photon_scattering,Photon scattering,4.0,2.0,C,"ZI,ZX",9.440789840028247e-10,2.360197460007062e-10
photon_scattering,Photon scattering,4.0,2.0,C,"ZI,ZY",-2.619196901615669e-09,-6.547992254039173e-10
photon_scattering,Photon scattering,4.0,2.0,C,"ZI,ZZ",-1.0468166254041895e-08,-2.6170415635104737e-09
photon_scattering,Photon scattering,4.0,2.0,C,"ZX,ZY",-1.4703643451319635e-09,-3.675910862829909e-10
photon_scattering,Photon scattering,4.0,2.0,C,"ZX,ZZ",3.370602661917468e-09,8.42650665479367e-10
photon_scattering,Photon scattering,4.0,2.0,C,"ZY,ZZ",-7.044819210030882e-09,-1.7612048025077204e-09
photon_scattering,Photon scattering,4.0,2.0,H,IX,-9.24938440241709e-09,-2.3123461006042726e-09
photon_scattering,Photon scattering,4.0,2.0,H,IY,-7.430975412202641e-09,-1.8577438530506603e-09
photon_scattering,Photon scattering,4.0,2.0,H,IZ,2.6354702828226536e-11,6.588675707056634e-12
photon_scattering,Photon scattering,4.0,2.0,H,XI,6.114147080083094e-09,1.5285367700207735e-09
photon_scattering,Photon scattering,4.0,2.0,H,XX,3.880774206242366e-08,9.701935515605914e-09
photon_scattering,Photon scattering,4.0,2.0,H,XY,4.25099306902257e-09,1.0627482672556424e-09
photon_scattering,Photon scattering,4.0,2.0,H,XZ,6.738436105311891e-09,1.6846090263279726e-09
photon_scattering,Photon scattering,4.0,2.0,H,YI,-4.0894042683963555e-09,-1.0223510670990889e-09
photon_scattering,Photon scattering,4.0,2.0,H,YX,-1.3460399081567995e-08,-3.3650997703919987e-09
photon_scattering,Photon scattering,4.0,2.0,H,YY,1.4814541326189327e-08,3.703635331547332e-09
photon_scattering,Photon scattering,4.0,2.0,H,YZ,5.929186905957462e-10,1.4822967264893656e-10
photon_scattering,Photon scattering,4.0,2.0,H,ZI,-5.260151151475516e-10,-1.315037787868879e-10
photon_scattering,Photon scattering,4.0,2.0,H,ZX,7.483248216100175e-09,1.870812054025044e-09
photon_scattering,Photon scattering,4.0,2.0,H,ZY,9.352894896671363e-09,2.3382237241678408e-09
photon_scattering,Photon scattering,4.0,2.0,H,ZZ,-1.1073975399514246e-15,-2.7684938498785614e-16
photon_scattering,Photon scattering,4.0,2.0,S,IX,2.499829807503993e-05,6.249574518759983e-06
photon_scattering,Photon scattering,4.0,2.0,S,IY,6.819990397326464e-05,1.704997599331616e-05
photon_scattering,Photon scattering,4.0,2.0,S,IZ,9.427558874911007e-05,2.3568897187277517e-05
photon_scattering,Photon scattering,4.0,2.0,S,XI,2.501685603889738e-05,6.254214009724345e-06
photon_scattering,Photon scattering,4.0,2.0,S,XX,3.1112706978854714e-08,7.778176744713678e-09
photon_scattering,Photon scattering,4.0,2.0,S,XY,9.428166612470635e-05,2.3570416531176588e-05
photon_scattering,Photon scattering,4.0,2.0,S,XZ,6.821182316971481e-05,1.7052955792428702e-05
photon_scattering,Photon scattering,4.0,2.0,S,YI,6.820517510694174e-05,1.7051293776735435e-05
photon_scattering,Photon scattering,4.0,2.0,S,YX,9.427805569139074e-05,2.3569513922847686e-05
photon_scattering,Photon scattering,4.0,2.0,S,YY,-3.0708806146709016e-09,-7.677201536677254e-10
photon_scattering,Photon scattering,4.0,2.0,S,YZ,1.303955601060871e-09,3.2598890026521777e-10
photon_scattering,Photon scattering,4.0,2.0,S,ZI,9.427022442799952e-05,2.356755610699988e-05
photon_scattering,Photon scattering,4.0,2.0,S,ZX,6.81959327654316e-05,1.70489831913579e-05
photon_scattering,Photon scattering,4.0,2.0,S,ZY,-5.180175617654887e-09,-1.2950439044137217e-09
photon_scattering,Photon scattering,4.0,2.0,S,ZZ,4.626638458721905e-09,1.1566596146804763e-09
photon_scattering,Photon scattering,4.0,3.0,A,"IX,IY",7.127221343954524e-09,1.781805335988631e-09
photon_scattering,Photon scattering,4.0,3.0,A,"IX,IZ",-1.2152124380140234e-09,-3.0380310950350585e-10
photon_scattering,Photon scattering,4.0,3.0,A,"IX,XI",-9.739030113594326e-09,-2.4347575283985816e-09
photon_scattering,Photon scattering,4.0,3.0,A,"IX,XX",1.0757569512072851e-08,2.6893923780182128e-09
photon_scattering,Photon scattering,4.0,3.0,A,"IX,XY",-6.419298111789576e-10,-1.604824527947394e-10
photon_scattering,Photon scattering,4.0,3.0,A,"IX,XZ",2.512677971035473e-10,6.281694927588682e-11
photon_scattering,Photon scattering,4.0,3.0,A,"IX,YI",2.492526867363417e-09,6.231317168408543e-10
photon_scattering,Photon scattering,4.0,3.0,A,"IX,YX",7.0054229839747145e-09,1.7513557459936786e-09
photon_scattering,Photon scattering,4.0,3.0,A,"IX,YY",-1.884573997980294e-09,-4.711434994950735e-10
photon_scattering,Photon scattering,4.0,3.0,A,"IX,YZ",2.381816919991948e-09,5.95454229997987e-10
photon_scattering,Photon scattering,4.0,3.0,A,"IX,ZI",-7.583897171167876e-09,-1.895974292791969e-09
photon_scattering,Photon scattering,4.0,3.0,A,"IX,ZX",1.7884717254393895e-09,4.471179313598474e-10
photon_scattering,Photon scattering,4.0,3.0,A,"IX,ZY",-1.587089077963358e-08,-3.967722694908395e-09
photon_scattering,Photon scattering,4.0,3.0,A,"IX,ZZ",-3.37883820590171e-09,-8.447095514754275e-10
photon_scattering,Photon scattering,4.0,3.0,A,"IY,IZ",4.78604177524326e-09,1.196510443810815e-09
photon_scattering,Photon scattering,4.0,3.0,A,"IY,XI",6.993716287033119e-10,1.7484290717582798e-10
photon_scattering,Photon scattering,4.0,3.0,A,"IY,XX",-9.435065623382359e-10,-2.3587664058455896e-10
photon_scattering,Photon scattering,4.0,3.0,A,"IY,XY",1.1481919988048832e-08,2.870479997012208e-09
photon_scattering,Photon scattering,4.0,3.0,A,"IY,XZ",2.33243774829111e-10,5.831094370727774e-11
photon_scattering,Photon scattering,4.0,3.0,A,"IY,YI",-5.979806912062167e-10,-1.4949517280155417e-10
photon_scattering,Photon scattering,4.0,3.0,A,"IY,YX",-7.489726837455541e-10,-1.8724317093638854e-10
photon_scattering,Photon scattering,4.0,3.0,A,"IY,YY",4.332040000873387e-09,1.0830100002183467e-09
photon_scattering,Photon scattering,4.0,3.0,A,"IY,YZ",1.9243376525786947e-09,4.810844131446737e-10
photon_scattering,Photon scattering,4.0,3.0,A,"IY,ZI",-3.192232126031657e-09,-7.980580315079142e-10
photon_scattering,Photon scattering,4.0,3.0,A,"IY,ZX",9.62463245638176e-09,2.40615811409544e-09
photon_scattering,Photon scattering,4.0,3.0,A,"IY,ZY",2.4241606859355405e-09,6.060401714838851e-10
photon_scattering,Photon scattering,4.0,3.0,A,"IY,ZZ",-1.387873542963622e-08,-3.469683857409055e-09
photon_scattering,Photon scattering,4.0,3.0,A,"IZ,XI",1.492849502478074e-08,3.732123756195185e-09
photon_scattering,Photon scattering,4.0,3.0,A,"IZ,XX",2.47017715090189e-09,6.175442877254725e-10
photon_scattering,Photon scattering,4.0,3.0,A,"IZ,XY",1.9810526587607666e-09,4.952631646901916e-10
photon_scattering,Photon scattering,4.0,3.0,A,"IZ,XZ",1.429941260509404e-08,3.57485315127351e-09
photon_scattering,Photon scattering,4.0,3.0,A,"IZ,YI",-7.77356449013374e-09,-1.943391122533435e-09
photon_scattering,Photon scattering,4.0,3.0,A,"IZ,YX",3.094479205721059e-09,7.736198014302648e-10
photon_scattering,Photon scattering,4.0,3.0,A,"IZ,YY",1.12458883602653e-09,2.811472090066325e-10
photon_scattering,Photon scattering,4.0,3.0,A,"IZ,YZ",4.9691968903568504e-09,1.2422992225892126e-09
photon_scattering,Photon scattering,4.0,3.0,A,"IZ,ZI",5.389576545897514e-10,1.3473941364743784e-10
photon_scattering,Photon scattering,4.0,3.0,A,"IZ,ZX",-5.649848845077425e-10,-1.4124622112693563e-10
photon_scattering,Photon scattering,4.0,3.0,A,"IZ,ZY",2.7657282050032792e-09,6.914320512508198e-10
photon_scattering,Photon scattering,4.0,3.0,A,"IZ,ZZ",-5.711456952982029e-10,-1.4278642382455074e-10
photon_scattering,Photon scattering,4.0,3.0,A,"XI,XX",7.585863319447698e-10,1.8964658298619245e-10
photon_scattering,Photon scattering,4.0,3.0,A,"XI,XY",8.145507592771609e-10,2.0363768981929023e-10
photon_scattering,Photon scattering,4.0,3.0,A,"XI,XZ",-2.6424848365297116e-09,-6.606212091324279e-10
photon_scattering,Photon scattering,4.0,3.0,A,"XI,YI",4.17101292230393e-09,1.0427532305759825e-09
photon_scattering,Photon scattering,4.0,3.0,A,"XI,YX",6.379805868645116e-09,1.594951467161279e-09
photon_scattering,Photon scattering,4.0,3.0,A,"XI,YY",-5.716350917542843e-09,-1.4290877293857108e-09
photon_scattering,Photon scattering,4.0,3.0,A,"XI,YZ",1.1273268535542772e-08,2.818317133885693e-09
photon_scattering,Photon scattering,4.0,3.0,A,"XI,ZI",1.6178083052110887e-08,4.044520763027722e-09
photon_scattering,Photon scattering,4.0,3.0,A,"XI,ZX",4.574614476839973e-10,1.1436536192099933e-10
photon_scattering,Photon scattering,4.0,3.0,A,"XI,ZY",-4.347488535769784e-09,-1.086872133942446e-09
photon_scattering,Photon scattering,4.0,3.0,A,"XI,ZZ",-4.269055184668012e-09,-1.067263796167003e-09
photon_scattering,Photon scattering,4.0,3.0,A,"XX,XY",4.73139391383385e-09,1.1828484784584624e-09
photon_scattering,Photon scattering,4.0,3.0,A,"XX,XZ",9.908994517195748e-09,2.477248629298937e-09
photon_scattering,Photon scattering,4.0,3.0,A,"XX,YI",7.878459080589759e-09,1.9696147701474397e-09
photon_scattering,Photon scattering,4.0,3.0,A,"XX,YX",-4.549702323948558e-09,-1.1374255809871396e-09
photon_scattering,Photon scattering,4.0,3.0,A,"XX,YY",-2.3600599714294284e-14,-5.900149928573571e-15
photon_scattering,Photon scattering,4.0,3.0,A,"XX,YZ",-8.938713255725e-09,-2.23467831393125e-09
photon_scattering,Photon scattering,4.0,3.0,A,"XX,ZI",-2.5845787047280483e-10,-6.461446761820121e-11
photon_scattering,Photon scattering,4.0,3.0,A,"XX,ZX",-6.461970994046691e-09,-1.6154927485116728e-09
photon_scattering,Photon scattering,4.0,3.0,A,"XX,ZY",7.998104713711022e-09,1.9995261784277554e-09
photon_scattering,Photon scattering,4.0,3.0,A,"XX,ZZ",7.624616199637834e-09,1.9061540499094586e-09
photon_scattering,Photon scattering,4.0,3.0,A,"XY,XZ",-2.5850461796131452e-09,-6.462615449032863e-10
photon_scattering,Photon scattering,4.0,3.0,A,"XY,YI",-1.052426933952724e-09,-2.63106733488181e-10
photon_scattering,Photon scattering,4.0,3.0,A,"XY,YX",2.170366794778918e-09,5.425916986947295e-10
photon_scattering,Photon scattering,4.0,3.0,A,"XY,YY",-1.465306596753331e-08,-3.6632664918833275e-09
photon_scattering,Photon scattering,4.0,3.0,A,"XY,YZ",2.8626721646241573e-09,7.156680411560393e-10
photon_scattering,Photon scattering,4.0,3.0,A,"XY,ZI",-1.966231706314955e-09,-4.915579265787388e-10
photon_scattering,Photon scattering,4.0,3.0,A,"XY,ZX",-8.595997356420782e-09,-2.1489993391051956e-09
photon_scattering,Photon scattering,4.0,3.0,A,"XY,ZY",-3.1732129267641474e-08,-7.933032316910369e-09
photon_scattering,Photon scattering,4.0,3.0,A,"XY,ZZ",8.035088591571106e-09,2.0087721478927766e-09
photon_scattering,Photon scattering,4.0,3.0,A,"XZ,YI",1.1202918044010708e-08,2.800729511002677e-09
photon_scattering,Photon scattering,4.0,3.0,A,"XZ,YX",-3.679805775228538e-09,-9.199514438071345e-10
photon_scattering,Photon scattering,4.0,3.0,A,"XZ,YY",8.331866858586649e-10,2.0829667146466622e-10
photon_scattering,Photon scattering,4.0,3.0,A,"XZ,YZ",4.254928760512265e-09,1.0637321901280662e-09
photon_scattering,Photon scattering,4.0,3.0,A,"XZ,ZI",-5.6833771377347294e-09,-1.4208442844336824e-09
photon_scattering,Photon scattering,4.0,3.0,A,"XZ,ZX",4.60101349978785e-09,1.1502533749469625e-09
photon_scattering,Photon scattering,4.0,3.0,A,"XZ,ZY",-5.002792712016756e-10,-1.250698178004189e-10
photon_scattering,Photon scattering,4.0,3.0,A,"XZ,ZZ",2.752009156871929e-08,6.880022892179822e-09
photon_scattering,Photon scattering,4.0,3.0,A,"YI,YX",1.2202483212927937e-08,3.0506208032319843e-09
photon_scattering,Photon scattering,4.0,3.0,A,"YI,YY",-2.727796188306354e-09,-6.819490470765885e-10
photon_scattering,Photon scattering,4.0,3.0,A,"YI,YZ",-3.244376411937481e-10,-8.110941029843702e-11
photon_scattering,Photon scattering,4.0,3.0,A,"YI,ZI",8.679642541000887e-12,2.1699106352502218e-12
photon_scattering,Photon scattering,4.0,3.0,A,"YI,ZX",2.8672501417208415e-10,7.168125354302104e-11
photon_scattering,Photon scattering,4.0,3.0,A,"YI,ZY",-8.835893798973361e-10,-2.2089734497433403e-10
photon_scattering,Photon scattering,4.0,3.0,A,"YI,ZZ",-8.504294444116115e-09,-2.126073611029029e-09
photon_scattering,Photon scattering,4.0,3.0,A,"YX,YY",2.0899135503280497e-09,5.224783875820124e-10
photon_scattering,Photon scattering,4.0,3.0,A,"YX,YZ",-2.9070410585378137e-08,-7.267602646344534e-09
photon_scattering,Photon scattering,4.0,3.0,A,"YX,ZI",-2.849618439057021e-09,-7.124046097642553e-10
photon_scattering,Photon scattering,4.0,3.0,A,"YX,ZX",5.5773090753879375e-09,1.3943272688469844e-09
photon_scattering,Photon scattering,4.0,3.0,A,"YX,ZY",6.791003274895834e-09,1.6977508187239585e-09
photon_scattering,Photon scattering,4.0,3.0,A,"YX,ZZ",-9.416400527354216e-09,-2.354100131838554e-09
photon_scattering,Photon scattering,4.0,3.0,A,"YY,YZ",-2.0951021890156654e-09,-5.237755472539163e-10
photon_scattering,Photon scattering,4.0,3.0,A,"YY,ZI",-2.6801095902445677e-09,-6.700273975611419e-10
photon_scattering,Photon scattering,4.0,3.0,A,"YY,ZX",-1.5879519054001554e-09,-3.9698797635003886e-10
photon_scattering,Photon scattering,4.0,3.0,A,"YY,ZY",-3.150767891571569e-09,-7.876919728928922e-10
photon_scattering,Photon scattering,4.0,3.0,A,"YY,ZZ",1.9309785458120516e-08,4.827446364530129e-09
photon_scattering,Photon scattering,4.0,3.0,A,"YZ,ZI",5.178241492149675e-09,1.2945603730374187e-09
photon_scattering,Photon scattering,4.0,3.0,A,"YZ,ZX",6.024143095694597e-09,1.5060357739236492e-09
photon_scattering,Photon scattering,4.0,3.0,A,"YZ,ZY",7.900297130040816e-09,1.975074282510204e-09
photon_scattering,Photon scattering,4.0,3.0,A,"YZ,ZZ",-4.2998316030175215e-09,-1.0749579007543804e-09
photon_scattering,Photon scattering,4.0,3.0,A,"ZI,ZX",1.02852555507969e-08,2.571313887699225e-09
photon_scattering,Photon scattering,4.0,3.0,A,"ZI,ZY",-3.6390634785174336e-10,-9.097658696293584e-11
photon_scattering,Photon scattering,4.0,3.0,A,"ZI,ZZ",5.617714028543468e-10,1.404428507135867e-10
photon_scattering,Photon scattering,4.0,3.0,A,"ZX,ZY",-5.239509432416775e-10,-1.3098773581041937e-10
photon_scattering,Photon scattering,4.0,3.0,A,"ZX,ZZ",2.92695762775131e-08,7.317394069378275e-09
photon_scattering,Photon scattering,4.0,3.0,A,"ZY,ZZ",1.6898136489981779e-09,4.2245341224954447e-10
photon_scattering,Photon scattering,4.0,3.0,C,"IX,IY",1.2886147083567857e-09,3.2215367708919643e-10
photon_scattering,Photon scattering,4.0,3.0,C,"IX,IZ",7.3598753867271825e-09,1.8399688466817956e-09
photon_scattering,Photon scattering,4.0,3.0,C,"IX,XI",1.654640056004488e-08,4.13660014001122e-09
photon_scattering,Photon scattering,4.0,3.0,C,"IX,XX",1.7376451108464924e-09,4.344112777116231e-10
photon_scattering,Photon scattering,4.0,3.0,C,"IX,XY",-1.5053220534267954e-08,-3.7633051335669884e-09
photon_scattering,Photon scattering,4.0,3.0,C,"IX,XZ",2.3600512762569675e-09,5.900128190642419e-10
photon_scattering,Photon scattering,4.0,3.0,C,"IX,YI",-6.117339262112862e-10,-1.5293348155282155e-10
photon_scattering,Photon scattering,4.0,3.0,C,"IX,YX",1.295135838338799e-08,3.2378395958469974e-09
photon_scattering,Photon scattering,4.0,3.0,C,"IX,YY",4.712983778322755e-09,1.1782459445806887e-09
photon_scattering,Photon scattering,4.0,3.0,C,"IX,YZ",1.9971457653755478e-10,4.9928644134388695e-11
photon_scattering,Photon scattering,4.0,3.0,C,"IX,ZI",7.778277977217687e-10,1.9445694943044218e-10
photon_scattering,Photon scattering,4.0,3.0,C,"IX,ZX",-1.0454259492075921e-09,-2.6135648730189803e-10
photon_scattering,Photon scattering,4.0,3.0,C,"IX,ZY",-1.4561287139253007e-10,-3.6403217848132517e-11
photon_scattering,Photon scattering,4.0,3.0,C,"IX,ZZ",-9.10423079353432e-09,-2.27605769838358e-09
photon_scattering,Photon scattering,4.0,3.0,C,"IY,IZ",-2.665673766467252e-08,-6.66418441616813e-09
photon_scattering,Photon scattering,4.0,3.0,C,"IY,XI",1.7731092145927345e-09,4.4327730364818363e-10
photon_scattering,Photon scattering,4.0,3.0,C,"IY,XX",3.4822520134818908e-09,8.705630033704727e-10
photon_scattering,Photon scattering,4.0,3.0,C,"IY,XY",1.2110259781078563e-08,3.027564945269641e-09
photon_scattering,Photon scattering,4.0,3.0,C,"IY,XZ",-3.7095997762050935e-05,-9.273999440512734e-06
photon_scattering,Photon scattering,4.0,3.0,C,"IY,YI",-1.789517052768332e-09,-4.47379263192083e-10
photon_scattering,Photon scattering,4.0,3.0,C,"IY,YX",-7.000202469918706e-09,-1.7500506174796765e-09
photon_scattering,Photon scattering,4.0,3.0,C,"IY,YY",2.886119571649496e-08,7.21529892912374e-09
photon_scattering,Photon scattering,4.0,3.0,C,"IY,YZ",1.178821664774801e-09,2.9470541619370026e-10
photon_scattering,Photon scattering,4.0,3.0,C,"IY,ZI",5.703537730725949e-10,1.4258844326814872e-10
photon_scattering,Photon scattering,4.0,3.0,C,"IY,ZX",-1.0329099991220804e-09,-2.582274997805201e-10
photon_scattering,Photon scattering,4.0,3.0,C,"IY,ZY",-2.1440929760277793e-09,-5.360232440069448e-10
photon_scattering,Photon scattering,4.0,3.0,C,"IY,ZZ",4.9505731411134725e-09,1.2376432852783681e-09
photon_scattering,Photon scattering,4.0,3.0,C,"IZ,XI",5.974613905306211e-09,1.4936534763265528e-09
photon_scattering,Photon scattering,4.0,3.0,C,"IZ,XX",-9.270894209303942e-09,-2.3177235523259856e-09
photon_scattering,Photon scattering,4.0,3.0,C,"IZ,XY",3.8741469912806685e-05,9.685367478201671e-06
photon_scattering,Photon scattering,4.0,3.0,C,"IZ,XZ",-6.626084731841039e-10,-1.6565211829602598e-10
photon_scattering,Photon scattering,4.0,3.0,C,"IZ,YI",4.225952419586735e-10,1.0564881048966837e-10
photon_scattering,Photon scattering,4.0,3.0,C,"IZ,YX",-2.403156565192941e-09,-6.007891412982352e-10
photon_scattering,Photon scattering,4.0,3.0,C,"IZ,YY",-7.657939931979227e-09,-1.9144849829948066e-09
photon_scattering,Photon scattering,4.0,3.0,C,"IZ,YZ",-2.717032309294118e-08,-6.792580773235295e-09
photon_scattering,Photon scattering,4.0,3.0,C,"IZ,ZI",-6.566197392936977e-09,-1.6415493482342442e-09
photon_scattering,Photon scattering,4.0,3.0,C,"IZ,ZX",-2.87539803604903e-09,-7.188495090122575e-10
photon_scattering,Photon scattering,4.0,3.0,C,"IZ,ZY",4.401306837685815e-09,1.1003267094214538e-09
photon_scattering,Photon scattering,4.0,3.0,C,"IZ,ZZ",8.869938520932832e-09,2.217484630233208e-09
photon_scattering,Photon scattering,4.0,3.0,C,"XI,XX",-8.326850705371293e-09,-2.0817126763428234e-09
photon_scattering,Photon scattering,4.0,3.0,C,"XI,XY",-6.143813801773623e-10,-1.5359534504434056e-10
photon_scattering,Photon scattering,4.0,3.0,C,"XI,XZ",-3.417853464221025e-09,-8.544633660552563e-10
photon_scattering,Photon scattering,4.0,3.0,C,"XI,YI",-9.587847015113728e-10,-2.396961753778432e-10
photon_scattering,Photon scattering,4.0,3.0,C,"XI,YX",-1.2316710053415606e-08,-3.0791775133539014e-09
photon_scattering,Photon scattering,4.0,3.0,C,"XI,YY",-5.653484190487758e-09,-1.4133710476219395e-09
photon_scattering,Photon scattering,4.0,3.0,C,"XI,YZ",8.403264229790765e-10,2.1008160574476913e-10
photon_scattering,Photon scattering,4.0,3.0,C,"XI,ZI",-3.469066862756519e-10,-8.672667156891297e-11
photon_scattering,Photon scattering,4.0,3.0,C,"XI,ZX",1.7560373184591057e-10,4.3900932961477644e-11
photon_scattering,Photon scattering,4.0,3.0,C,"XI,ZY",-8.944300045006446e-10,-2.2360750112516115e-10
photon_scattering,Photon scattering,4.0,3.0,C,"XI,ZZ",7.964685983582936e-10,1.991171495895734e-10
photon_scattering,Photon scattering,4.0,3.0,C,"XX,XY",1.6050521420277828e-09,4.012630355069457e-10
photon_scattering,Photon scattering,4.0,3.0,C,"XX,XZ",6.368602330056599e-09,1.5921505825141497e-09
photon_scattering,Photon scattering,4.0,3.0,C,"XX,YI",4.74088330402274e-09,1.185220826005685e-09
photon_scattering,Photon scattering,4.0,3.0,C,"XX,YX",-6.060746424358587e-10,-1.5151866060896467e-10
photon_scattering,Photon scattering,4.0,3.0,C,"XX,YY",1.6515174006164602e-09,4.1287935015411504e-10
photon_scattering,Photon scattering,4.0,3.0,C,"XX,YZ",-2.459353449315609e-09,-6.148383623289023e-10
photon_scattering,Photon scattering,4.0,3.0,C,"XX,ZI",1.1912418656383192e-08,2.978104664095798e-09
photon_scattering,Photon scattering,4.0,3.0,C,"XX,ZX",-4.647668915856163e-09,-1.1619172289640408e-09
photon_scattering,Photon scattering,4.0,3.0,C,"XX,ZY",-5.143544815641146e-09,-1.2858862039102865e-09
photon_scattering,Photon scattering,4.0,3.0,C,"XX,ZZ",1.110682278824687e-09,2.7767056970617174e-10
photon_scattering,Photon scattering,4.0,3.0,C,"XY,XZ",-2.72115565284779e-08,-6.802889132119475e-09
photon_scattering,Photon scattering,4.0,3.0,C,"XY,YI",4.3169833764009155e-09,1.0792458441002289e-09
photon_scattering,Photon scattering,4.0,3.0,C,"XY,YX",3.6372405724317464e-09,9.093101431079366e-10
photon_scattering,Photon scattering,4.0,3.0,C,"XY,YY",4.908155962975293e-09,1.2270389907438233e-09
photon_scattering,Photon scattering,4.0,3.0,C,"XY,YZ",-5.19008049358347e-10,-1.2975201233958674e-10
photon_scattering,Photon scattering,4.0,3.0,C,"XY,ZI",-4.43729433797092e-09,-1.10932358449273e-09
photon_scattering,Photon scattering,4.0,3.0,C,"XY,ZX",5.536360702130069e-09,1.3840901755325173e-09
photon_scattering,Photon scattering,4.0,3.0,C,"XY,ZY",-5.175753143315474e-09,-1.2939382858288686e-09
photon_scattering,Photon scattering,4.0,3.0,C,"XY,ZZ",-3.4966439184454705e-09,-8.741609796113676e-10
photon_scattering,Photon scattering,4.0,3.0,C,"XZ,YI",-4.053186979639676e-09,-1.013296744909919e-09
photon_scattering,Photon scattering,4.0,3.0,C,"XZ,YX",3.638819343048728e-10,9.09704835762182e-11
photon_scattering,Photon scattering,4.0,3.0,C,"XZ,YY",3.957799905824371e-10,9.894499764560928e-11
photon_scattering,Photon scattering,4.0,3.0,C,"XZ,YZ",-1.9948846251625334e-09,-4.987211562906334e-10
photon_scattering,Photon scattering,4.0,3.0,C,"XZ,ZI",8.581452288747726e-09,2.1453630721869315e-09
photon_scattering,Photon scattering,4.0,3.0,C,"XZ,ZX",-3.015274682659495e-09,-7.538186706648738e-10
photon_scattering,Photon scattering,4.0,3.0,C,"XZ,ZY",-2.297788612423701e-09,-5.744471531059252e-10
photon_scattering,Photon scattering,4.0,3.0,C,"XZ,ZZ",-4.2013544884691895e-09,-1.0503386221172974e-09
photon_scattering,Photon scattering,4.0,3.0,C,"YI,YX",-3.2808143630017826e-10,-8.202035907504456e-11
photon_scattering,Photon scattering,4.0,3.0,C,"YI,YY",2.760240678905973e-08,6.900601697264933e-09
photon_scattering,Photon scattering,4.0,3.0,C,"YI,YZ",3.2235803314912e-09,8.058950828728e-10
photon_scattering,Photon scattering,4.0,3.0,C,"YI,ZI",-1.1962627603400344e-08,-2.990656900850086e-09
photon_scattering,Photon scattering,4.0,3.0,C,"YI,ZX",-3.7070958831321756e-05,-9.267739707830439e-06
photon_scattering,Photon scattering,4.0,3.0,C,"YI,ZY",5.369030443233458e-09,1.3422576108083645e-09
photon_scattering,Photon scattering,4.0,3.0,C,"YI,ZZ",1.988141209071455e-09,4.970353022678637e-10
photon_scattering,Photon scattering,4.0,3.0,C,"YX,YY",-1.066008336777384e-09,-2.66502084194346e-10
photon_scattering,Photon scattering,4.0,3.0,C,"YX,YZ",8.345964147748527e-10,2.0864910369371316e-10
photon_scattering,Photon scattering,4.0,3.0,C,"YX,ZI",3.877043996760794e-05,9.692609991901986e-06
photon_scattering,Photon scattering,4.0,3.0,C,"YX,ZX",-1.4038811659043008e-08,-3.509702914760752e-09
photon_scattering,Photon scattering,4.0,3.0,C,"YX,ZY",3.795503816185034e-09,9.488759540462585e-10
photon_scattering,Photon scattering,4.0,3.0,C,"YX,ZZ",8.117340667914274e-10,2.0293351669785685e-10
photon_scattering,Photon scattering,4.0,3.0,C,"YY,YZ",-1.5118972306930974e-08,-3.779743076732743e-09
photon_scattering,Photon scattering,4.0,3.0,C,"YY,ZI",8.984421561821725e-09,2.2461053904554313e-09
photon_scattering,Photon scattering,4.0,3.0,C,"YY,ZX",-6.172211679885899e-09,-1.5430529199714748e-09
photon_scattering,Photon scattering,4.0,3.0,C,"YY,ZY",-5.112311839246072e-09,-1.278077959811518e-09
photon_scattering,Photon scattering,4.0,3.0,C,"YY,ZZ",5.076871085118018e-09,1.2692177712795046e-09
photon_scattering,Photon scattering,4.0,3.0,C,"YZ,ZI",4.122428959393733e-09,1.0306072398484333e-09
photon_scattering,Photon scattering,4.0,3.0,C,"YZ,ZX",4.3450026515412925e-09,1.0862506628853231e-09
photon_scattering,Photon scattering,4.0,3.0,C,"YZ,ZY",3.293301894181607e-10,8.233254735454017e-11
photon_scattering,Photon scattering,4.0,3.0,C,"YZ,ZZ",-6.536370652263055e-09,-1.6340926630657637e-09
photon_scattering,Photon scattering,4.0,3.0,C,"ZI,ZX",7.403083189889284e-09,1.850770797472321e-09
photon_scattering,Photon scattering,4.0,3.0,C,"ZI,ZY",-2.86004918786972e-08,-7.1501229696743e-09
photon_scattering,Photon scattering,4.0,3.0,C,"ZI,ZZ",-8.318892134739268e-09,-2.079723033684817e-09
photon_scattering,Photon scattering,4.0,3.0,C,"ZX,ZY",1.5108636318864227e-09,3.777159079716057e-10
photon_scattering,Photon scattering,4.0,3.0,C,"ZX,ZZ",3.3692092478305186e-09,8.423023119576297e-10
photon_scattering,Photon scattering,4.0,3.0,C,"ZY,ZZ",-1.1596297011330858e-08,-2.8990742528327144e-09
photon_scattering,Photon scattering,4.0,3.0,H,IX,-8.253513178149378e-10,-2.0633782945373446e-10
photon_scattering,Photon scattering,4.0,3.0,H,IY,-8.21789065510475e-09,-2.0544726637761875e-09
photon_scattering,Photon scattering,4.0,3.0,H,IZ,1.5642939331322217e-09,3.910734832830554e-10
photon_scattering,Photon scattering,4.0,3.0,H,XI,9.17210393967915e-09,2.2930259849197876e-09
photon_scattering,Photon scattering,4.0,3.0,H,XX,5.460680378190425e-08,1.3651700945476062e-08
photon_scattering,Photon scattering,4.0,3.0,H,XY,7.421076120786661e-09,1.8552690301966653e-09
photon_scattering,Photon scattering,4.0,3.0,H,XZ,3.442448623613663e-09,8.606121559034157e-10
photon_scattering,Photon scattering,4.0,3.0,H,YI,2.899317909623796e-09,7.24829477405949e-10
photon_scattering,Photon scattering,4.0,3.0,H,YX,-1.3661608243159228e-08,-3.415402060789807e-09
photon_scattering,Photon scattering,4.0,3.0,H,YY,7.624733426085574e-09,1.9061833565213935e-09
photon_scattering,Photon scattering,4.0,3.0,H,YZ,-4.313718573971752e-09,-1.078429643492938e-09
photon_scattering,Photon scattering,4.0,3.0,H,ZI,-2.367071829777153e-09,-5.917679574442882e-10
photon_scattering,Photon scattering,4.0,3.0,H,ZX,2.979351794833718e-09,7.448379487084295e-10
photon_scattering,Photon scattering,4.0,3.0,H,ZY,1.2623391034734565e-08,3.1558477586836413e-09
photon_scattering,Photon scattering,4.0,3.0,H,ZZ,-1.5172265420385304e-15,-3.793066355096326e-16
photon_scattering,Photon scattering,4.0,3.0,S,IX,2.5005914021176002e-05,6.2514785052940005e-06
photon_scattering,Photon scattering,4.0,3.0,S,IY,7.022790004341715e-05,1.7556975010854286e-05
photon_scattering,Photon scattering,4.0,3.0,S,IZ,9.224382613015245e-05,2.3060956532538113e-05
photon_scattering,Photon scattering,4.0,3.0,S,XI,2.5013621249344847e-05,6.253405312336212e-06
photon_scattering,Photon scattering,4.0,3.0,S,XX,3.1200725148789593e-08,7.800181287197398e-09
photon_scattering,Photon scattering,4.0,3.0,S,XY,9.224718389097723e-05,2.306179597274431e-05
photon_scattering,Photon scattering,4.0,3.0,S,XZ,7.0242980308455e-05,1.756074507711375e-05
photon_scattering,Photon scattering,4.0,3.0,S,YI,7.023671811187867e-05,1.755917952796967e-05
photon_scattering,Photon scattering,4.0,3.0,S,YX,9.22433033469064e-05,2.30608258367266e-05
photon_scattering,Photon scattering,4.0,3.0,S,YY,8.132264629089796e-10,2.033066157272449e-10
photon_scattering,Photon scattering,4.0,3.0,S,YZ,-5.481366953483547e-10,-1.3703417383708867e-10
photon_scattering,Photon scattering,4.0,3.0,S,ZI,9.224902473367937e-05,2.3062256183419842e-05
photon_scattering,Photon scattering,4.0,3.0,S,ZX,7.023480795080236e-05,1.755870198770059e-05
photon_scattering,Photon scattering,4.0,3.0,S,ZY,-8.802629796458232e-09,-2.200657449114558e-09
photon_scattering,Photon scattering,4.0,3.0,S,ZZ,-1.8371058790964817e-09,-4.5927646977412043e-10
photon_scattering,Photon scattering,4.0,4.0,A,"IX,IY",2.8428101605267676e-09,7.107025401316919e-10
photon_scattering,Photon scattering,4.0,4.0,A,"IX,IZ",-2.9015473818806047e-09,-7.253868454701512e-10
photon_scattering,Photon scattering,4.0,4.0,A,"IX,XI",1.921812284660186e-08,4.804530711650465e-09
photon_scattering,Photon scattering,4.0,4.0,A,"IX,XX",1.1577336249907555e-08,2.8943340624768887e-09
photon_scattering,Photon scattering,4.0,4.0,A,"IX,XY",-2.3164171081035266e-09,-5.791042770258817e-10
photon_scattering,Photon scattering,4.0,4.0,A,"IX,XZ",6.487205180030496e-10,1.621801295007624e-10
photon_scattering,Photon scattering,4.0,4.0,A,"IX,YI",3.4467710069731292e-09,8.616927517432823e-10
photon_scattering,Photon scattering,4.0,4.0,A,"IX,YX",-3.2421657143217187e-09,-8.105414285804297e-10
photon_scattering,Photon scattering,4.0,4.0,A,"IX,YY",-1.1289347191749716e-08,-2.822336797937429e-09
photon_scattering,Photon scattering,4.0,4.0,A,"IX,YZ",-8.855255585956692e-10,-2.213813896489173e-10
photon_scattering,Photon scattering,4.0,4.0,A,"IX,ZI",-1.1559342404055997e-08,-2.8898356010139992e-09
photon_scattering,Photon scattering,4.0,4.0,A,"IX,ZX",3.4209397356049514e-12,8.552349339012379e-13
photon_scattering,Photon scattering,4.0,4.0,A,"IX,ZY",-1.560310601151805e-08,-3.900776502879513e-09
photon_scattering,Photon scattering,4.0,4.0,A,"IX,ZZ",-1.2379779272531812e-08,-3.094944818132953e-09
photon_scattering,Photon scattering,4.0,4.0,A,"IY,IZ",2.594977015944196e-09,6.48744253986049e-10
photon_scattering,Photon scattering,4.0,4.0,A,"IY,XI",-3.290279286576507e-09,-8.225698216441267e-10
photon_scattering,Photon scattering,4.0,4.0,A,"IY,XX",5.107443321720942e-09,1.2768608304302355e-09
photon_scattering,Photon scattering,4.0,4.0,A,"IY,XY",3.6703456458226214e-09,9.175864114556553e-10
photon_scattering,Photon scattering,4.0,4.0,A,"IY,XZ",3.5624351870843826e-09,8.906087967710956e-10
photon_scattering,Photon scattering,4.0,4.0,A,"IY,YI",-2.1810580731112668e-09,-5.452645182778167e-10
photon_scattering,Photon scattering,4.0,4.0,A,"IY,YX",9.937543928329935e-09,2.4843859820824837e-09
photon_scattering,Photon scattering,4.0,4.0,A,"IY,YY",4.99359444750455e-09,1.2483986118761374e-09
photon_scattering,Photon scattering,4.0,4.0,A,"IY,YZ",-2.7990257326817007e-09,-6.997564331704252e-10
photon_scattering,Photon scattering,4.0,4.0,A,"IY,ZI",-9.377894636483291e-09,-2.344473659120823e-09
photon_scattering,Photon scattering,4.0,4.0,A,"IY,ZX",1.358150800057072e-08,3.39537700014268e-09
photon_scattering,Photon scattering,4.0,4.0,A,"IY,ZY",-1.147817642778927e-09,-2.8695441069473176e-10
photon_scattering,Photon scattering,4.0,4.0,A,"IY,ZZ",-1.3019732353623035e-08,-3.2549330884057586e-09
photon_scattering,Photon scattering,4.0,4.0,A,"IZ,XI",4.167845008767119e-09,1.0419612521917798e-09
photon_scattering,Photon scattering,4.0,4.0,A,"IZ,XX",3.2888198929219894e-09,8.222049732304974e-10
photon_scattering,Photon scattering,4.0,4.0,A,"IZ,XY",3.7112385591663925e-09,9.278096397915981e-10
photon_scattering,Photon scattering,4.0,4.0,A,"IZ,XZ",2.6711137470292944e-09,6.677784367573236e-10
photon_scattering,Photon scattering,4.0,4.0,A,"IZ,YI",-3.802428356810626e-09,-9.506070892026566e-10
photon_scattering,Photon scattering,4.0,4.0,A,"IZ,YX",3.86285770741027e-09,9.657144268525675e-10
photon_scattering,Photon scattering,4.0,4.0,A,"IZ,YY",-1.3604441087291572e-10,-3.401110271822893e-11
photon_scattering,Photon scattering,4.0,4.0,A,"IZ,YZ",3.695167217566048e-09,9.23791804391512e-10
photon_scattering,Photon scattering,4.0,4.0,A,"IZ,ZI",3.7115692679069154e-10,9.278923169767289e-11
photon_scattering,Photon scattering,4.0,4.0,A,"IZ,ZX",8.993274869016805e-09,2.2483187172542013e-09
photon_scattering,Photon scattering,4.0,4.0,A,"IZ,ZY",6.494575925559033e-09,1.6236439813897583e-09
photon_scattering,Photon scattering,4.0,4.0,A,"IZ,ZZ",2.6488710812465536e-10,6.622177703116384e-11
photon_scattering,Photon scattering,4.0,4.0,A,"XI,XX",1.2459195834096003e-08,3.1147989585240008e-09
photon_scattering,Photon scattering,4.0,4.0,A,"XI,XY",9.917944810597944e-09,2.479486202649486e-09
photon_scattering,Photon scattering,4.0,4.0,A,"XI,XZ",2.2020509305983676e-09,5.505127326495919e-10
photon_scattering,Photon scattering,4.0,4.0,A,"XI,YI",2.7227246858217104e-09,6.806811714554276e-10
photon_scattering,Photon scattering,4.0,4.0,A,"XI,YX",7.843613326040304e-09,1.960903331510076e-09
photon_scattering,Photon scattering,4.0,4.0,A,"XI,YY",-1.0750278364564578e-08,-2.6875695911411446e-09
photon_scattering,Photon scattering,4.0,4.0,A,"XI,YZ",1.1606821480234867e-08,2.9017053700587167e-09
photon_scattering,Photon scattering,4.0,4.0,A,"XI,ZI",-1.8316335448939308e-08,-4.579083862234827e-09
photon_scattering,Photon scattering,4.0,4.0,A,"XI,ZX",3.2423941581996014e-10,8.105985395499004e-11
photon_scattering,Photon scattering,4.0,4.0,A,"XI,ZY",-1.5969323295179576e-09,-3.992330823794894e-10
photon_scattering,Photon scattering,4.0,4.0,A,"XI,ZZ",-1.133028228169627e-08,-2.8325705704240675e-09
photon_scattering,Photon scattering,4.0,4.0,A,"XX,XY",-1.9582080887687708e-08,-4.895520221921927e-09
photon_scattering,Photon scattering,4.0,4.0,A,"XX,XZ",-2.633948648652709e-09,-6.584871621631772e-10
photon_scattering,Photon scattering,4.0,4.0,A,"XX,YI",7.098108859161233e-09,1.7745272147903082e-09
photon_scattering,Photon scattering,4.0,4.0,A,"XX,YX",1.7355048926665804e-08,4.338762231666451e-09
photon_scattering,Photon scattering,4.0,4.0,A,"XX,YY",-2.8856319506121876e-15,-7.214079876530469e-16
photon_scattering,Photon scattering,4.0,4.0,A,"XX,YZ",-7.926799089182269e-09,-1.981699772295567e-09
photon_scattering,Photon scattering,4.0,4.0,A,"XX,ZI",7.259784099793348e-10,1.814946024948337e-10
photon_scattering,Photon scattering,4.0,4.0,A,"XX,ZX",1.9560162614628037e-08,4.890040653657009e-09
photon_scattering,Photon scattering,4.0,4.0,A,"XX,ZY",6.033702864931212e-09,1.508425716232803e-09
photon_scattering,Photon scattering,4.0,4.0,A,"XX,ZZ",2.287722042384833e-08,5.719305105962082e-09
photon_scattering,Photon scattering,4.0,4.0,A,"XY,XZ",-8.914661891730417e-10,-2.2286654729326043e-10
photon_scattering,Photon scattering,4.0,4.0,A,"XY,YI",-6.703642211468795e-09,-1.6759105528671987e-09
photon_scattering,Photon scattering,4.0,4.0,A,"XY,YX",-7.814525422668422e-10,-1.9536313556671055e-10
photon_scattering,Photon scattering,4.0,4.0,A,"XY,YY",-7.625793347973741e-09,-1.9064483369934353e-09
photon_scattering,Photon scattering,4.0,4.0,A,"XY,YZ",8.407436846314047e-09,2.1018592115785117e-09
photon_scattering,Photon scattering,4.0,4.0,A,"XY,ZI",-3.7552255737001766e-09,-9.388063934250441e-10
photon_scattering,Photon scattering,4.0,4.0,A,"XY,ZX",-2.1557822371814754e-09,-5.389455592953688e-10
photon_scattering,Photon scattering,4.0,4.0,A,"XY,ZY",8.768951966184038e-09,2.1922379915460095e-09
photon_scattering,Photon scattering,4.0,4.0,A,"XY,ZZ",1.825797276358996e-08,4.56449319089749e-09
photon_scattering,Photon scattering,4.0,4.0,A,"XZ,YI",1.2926947915241152e-08,3.231736978810288e-09
photon_scattering,Photon scattering,4.0,4.0,A,"XZ,YX",-1.205948857315917e-08,-3.0148721432897924e-09
photon_scattering,Photon scattering,4.0,4.0,A,"XZ,YY",8.680127155943498e-09,2.1700317889858746e-09
photon_scattering,Photon scattering,4.0,4.0,A,"XZ,YZ",-3.376738551420563e-09,-8.441846378551408e-10
photon_scattering,Photon scattering,4.0,4.0,A,"XZ,ZI",-1.094063530868034e-08,-2.735158827170085e-09
photon_scattering,Photon scattering,4.0,4.0,A,"XZ,ZX",1.594054476451015e-09,3.9851361911275377e-10
photon_scattering,Photon scattering,4.0,4.0,A,"XZ,ZY",6.973982727986979e-09,1.7434956819967447e-09
photon_scattering,Photon scattering,4.0,4.0,A,"XZ,ZZ",-9.90059670516287e-09,-2.4751491762907176e-09
photon_scattering,Photon scattering,4.0,4.0,A,"YI,YX",6.703567151754655e-09,1.6758917879386638e-09
photon_scattering,Photon scattering,4.0,4.0,A,"YI,YY",-7.470779237987865e-09,-1.867694809496966e-09
photon_scattering,Photon scattering,4.0,4.0,A,"YI,YZ",-1.2143362317737514e-09,-3.0358405794343786e-10
photon_scattering,Photon scattering,4.0,4.0,A,"YI,ZI",-1.1201354293122848e-08,-2.800338573280712e-09
photon_scattering,Photon scattering,4.0,4.0,A,"YI,ZX",2.9998176719717697e-09,7.499544179929424e-10
photon_scattering,Photon scattering,4.0,4.0,A,"YI,ZY",-2.7736971138473665e-09,-6.934242784618416e-10
photon_scattering,Photon scattering,4.0,4.0,A,"YI,ZZ",1.2250517594446475e-09,3.0626293986116187e-10
photon_scattering,Photon scattering,4.0,4.0,A,"YX,YY",1.8891585982802043e-08,4.722896495700511e-09
photon_scattering,Photon scattering,4.0,4.0,A,"YX,YZ",1.0675867290652111e-08,2.6689668226630278e-09
photon_scattering,Photon scattering,4.0,4.0,A,"YX,ZI",-3.519588056401065e-09,-8.798970141002662e-10
photon_scattering,Photon scattering,4.0,4.0,A,"YX,ZX",1.3007643355396694e-08,3.2519108388491736e-09
photon_scattering,Photon scattering,4.0,4.0,A,"YX,ZY",9.430116001452171e-09,2.357529000363043e-09
photon_scattering,Photon scattering,4.0,4.0,A,"YX,ZZ",-7.848250120259533e-09,-1.9620625300648833e-09
photon_scattering,Photon scattering,4.0,4.0,A,"YY,YZ",-4.012059188731123e-09,-1.0030147971827807e-09
photon_scattering,Photon scattering,4.0,4.0,A,"YY,ZI",-2.735551290647962e-09,-6.838878226619905e-10
photon_scattering,Photon scattering,4.0,4.0,A,"YY,ZX",-7.797188470055613e-09,-1.949297117513903e-09
photon_scattering,Photon scattering,4.0,4.0,A,"YY,ZY",7.199335431631924e-09,1.799833857907981e-09
photon_scattering,Photon scattering,4.0,4.0,A,"YY,ZZ",-6.6872955159401e-09,-1.671823878985025e-09
photon_scattering,Photon scattering,4.0,4.0,A,"YZ,ZI",7.3803227970141775e-09,1.8450806992535444e-09
photon_scattering,Photon scattering,4.0,4.0,A,"YZ,ZX",-6.620095021472412e-09,-1.655023755368103e-09
photon_scattering,Photon scattering,4.0,4.0,A,"YZ,ZY",6.063457003852024e-09,1.515864250963006e-09
photon_scattering,Photon scattering,4.0,4.0,A,"YZ,ZZ",-5.8181943055243616e-09,-1.4545485763810904e-09
photon_scattering,Photon scattering,4.0,4.0,A,"ZI,ZX",3.002708668968172e-09,7.50677167242043e-10
photon_scattering,Photon scattering,4.0,4.0,A,"ZI,ZY",-7.693634617545414e-09,-1.9234086543863536e-09
photon_scattering,Photon scattering,4.0,4.0,A,"ZI,ZZ",-1.0807951746378276e-09,-2.701987936594569e-10
photon_scattering,Photon scattering,4.0,4.0,A,"ZX,ZY",-4.336321789143349e-09,-1.0840804472858372e-09
photon_scattering,Photon scattering,4.0,4.0,A,"ZX,ZZ",-1.0101960860204813e-08,-2.5254902150512033e-09
photon_scattering,Photon scattering,4.0,4.0,A,"ZY,ZZ",4.652969181929523e-09,1.1632422954823807e-09
photon_scattering,Photon scattering,4.0,4.0,C,"IX,IY",2.0033879460799286e-10,5.0084698651998216e-11
photon_scattering,Photon scattering,4.0,4.0,C,"IX,IZ",-4.39776580732047e-09,-1.0994414518301176e-09
photon_scattering,Photon scattering,4.0,4.0,C,"IX,XI",1.0696974344326774e-08,2.6742435860816935e-09
photon_scattering,Photon scattering,4.0,4.0,C,"IX,XX",-1.091308338552749e-08,-2.7282708463818727e-09
photon_scattering,Photon scattering,4.0,4.0,C,"IX,XY",-8.22279654071384e-09,-2.05569913517846e-09
photon_scattering,Photon scattering,4.0,4.0,C,"IX,XZ",-2.2592574707461686e-09,-5.648143676865422e-10
photon_scattering,Photon scattering,4.0,4.0,C,"IX,YI",5.511404416372608e-10,1.377851104093152e-10
photon_scattering,Photon scattering,4.0,4.0,C,"IX,YX",-1.9577973329468135e-08,-4.894493332367034e-09
photon_scattering,Photon scattering,4.0,4.0,C,"IX,YY",6.031267558310673e-09,1.5078168895776683e-09
photon_scattering,Photon scattering,4.0,4.0,C,"IX,YZ",2.0167165305158953e-10,5.041791326289738e-11
photon_scattering,Photon scattering,4.0,4.0,C,"IX,ZI",-1.2067512450601127e-09,-3.016878112650282e-10
photon_scattering,Photon scattering,4.0,4.0,C,"IX,ZX",-1.0577489351252756e-09,-2.644372337813189e-10
photon_scattering,Photon scattering,4.0,4.0,C,"IX,ZY",-9.144412802861864e-11,-2.286103200715466e-11
photon_scattering,Photon scattering,4.0,4.0,C,"IX,ZZ",-1.1706724088484402e-08,-2.9266810221211004e-09
photon_scattering,Photon scattering,4.0,4.0,C,"IY,IZ",5.214378732861217e-09,1.3035946832153042e-09
photon_scattering,Photon scattering,4.0,4.0,C,"IY,XI",-6.440146888819351e-10,-1.6100367222048376e-10
photon_scattering,Photon scattering,4.0,4.0,C,"IY,XX",1.3502383566691257e-08,3.3755958916728143e-09
photon_scattering,Photon scattering,4.0,4.0,C,"IY,XY",-6.071818913243987e-09,-1.5179547283109968e-09
photon_scattering,Photon scattering,4.0,4.0,C,"IY,XZ",-3.8698513786374754e-05,-9.674628446593689e-06
photon_scattering,Photon scattering,4.0,4.0,C,"IY,YI",-4.219443308427814e-09,-1.0548608271069536e-09
photon_scattering,Photon scattering,4.0,4.0,C,"IY,YX",-2.6682135068848547e-09,-6.670533767212137e-10
photon_scattering,Photon scattering,4.0,4.0,C,"IY,YY",-5.850912363016757e-09,-1.4627280907541893e-09
photon_scattering,Photon scattering,4.0,4.0,C,"IY,YZ",-8.28424516646034e-09,-2.071061291615085e-09
photon_scattering,Photon scattering,4.0,4.0,C,"IY,ZI",5.259079062744236e-09,1.314769765686059e-09
photon_scattering,Photon scattering,4.0,4.0,C,"IY,ZX",2.342815467833912e-09,5.85703866958478e-10
photon_scattering,Photon scattering,4.0,4.0,C,"IY,ZY",7.497420611068564e-09,1.874355152767141e-09
photon_scattering,Photon scattering,4.0,4.0,C,"IY,ZZ",5.003189408980253e-09,1.2507973522450631e-09
photon_scattering,Photon scattering,4.0,4.0,C,"IZ,XI",7.32120834178844e-09,1.83030208544711e-09
photon_scattering,Photon scattering,4.0,4.0,C,"IZ,XX",-1.2765436777073868e-08,-3.191359194268467e-09
photon_scattering,Photon scattering,4.0,4.0,C,"IZ,XY",4.0375527773341115e-05,1.0093881943335279e-05
photon_scattering,Photon scattering,4.0,4.0,C,"IZ,XZ",1.1133419478839902e-08,2.7833548697099755e-09
photon_scattering,Photon scattering,4.0,4.0,C,"IZ,YI",8.67979323433314e-09,2.169948308583285e-09
photon_scattering,Photon scattering,4.0,4.0,C,"IZ,YX",-1.9449075324578213e-08,-4.862268831144553e-09
photon_scattering,Photon scattering,4.0,4.0,C,"IZ,YY",-1.798007614359742e-08,-4.495019035899355e-09
photon_scattering,Photon scattering,4.0,4.0,C,"IZ,YZ",7.1882491022840694e-09,1.7970622755710174e-09
photon_scattering,Photon scattering,4.0,4.0,C,"IZ,ZI",8.532149881929903e-09,2.133037470482476e-09
photon_scattering,Photon scattering,4.0,4.0,C,"IZ,ZX",-1.2798024905206772e-08,-3.199506226301693e-09
photon_scattering,Photon scattering,4.0,4.0,C,"IZ,ZY",3.5977156598668723e-09,8.994289149667181e-10
photon_scattering,Photon scattering,4.0,4.0,C,"IZ,ZZ",4.9928859520745504e-09,1.2482214880186376e-09
photon_scattering,Photon scattering,4.0,4.0,C,"XI,XX",8.126125528314847e-09,2.0315313820787118e-09
photon_scattering,Photon scattering,4.0,4.0,C,"XI,XY",-6.737715390983503e-09,-1.6844288477458757e-09
photon_scattering,Photon scattering,4.0,4.0,C,"XI,XZ",-1.3310287845479168e-09,-3.327571961369792e-10
photon_scattering,Photon scattering,4.0,4.0,C,"XI,YI",1.528430838547408e-09,3.82107709636852e-10
photon_scattering,Photon scattering,4.0,4.0,C,"XI,YX",-1.3468261466080472e-08,-3.367065366520118e-09
photon_scattering,Photon scattering,4.0,4.0,C,"XI,YY",-7.924866929254558e-09,-1.9812167323136395e-09
photon_scattering,Photon scattering,4.0,4.0,C,"XI,YZ",1.5290639309624724e-10,3.822659827406181e-11
photon_scattering,Photon scattering,4.0,4.0,C,"XI,ZI",1.0118981600507841e-08,2.5297454001269603e-09
photon_scattering,Photon scattering,4.0,4.0,C,"XI,ZX",-2.4621005481583243e-09,-6.155251370395811e-10
photon_scattering,Photon scattering,4.0,4.0,C,"XI,ZY",-2.624724888439319e-10,-6.561812221098298e-11
photon_scattering,Photon scattering,4.0,4.0,C,"XI,ZZ",1.9492829877215413e-09,4.873207469303853e-10
photon_scattering,Photon scattering,4.0,4.0,C,"XX,XY",2.5474696628553756e-09,6.368674157138439e-10
photon_scattering,Photon scattering,4.0,4.0,C,"XX,XZ",-7.688045712357842e-09,-1.9220114280894606e-09
photon_scattering,Photon scattering,4.0,4.0,C,"XX,YI",1.0681979116847854e-08,2.6704947792119634e-09
photon_scattering,Photon scattering,4.0,4.0,C,"XX,YX",-1.3105265189845103e-09,-3.276316297461276e-10
photon_scattering,Photon scattering,4.0,4.0,C,"XX,YY",3.3087920272836293e-09,8.271980068209073e-10
photon_scattering,Photon scattering,4.0,4.0,C,"XX,YZ",-1.1512649977115747e-08,-2.8781624942789367e-09
photon_scattering,Photon scattering,4.0,4.0,C,"XX,ZI",1.3048313969588749e-08,3.2620784923971873e-09
photon_scattering,Photon scattering,4.0,4.0,C,"XX,ZX",9.886416201834834e-09,2.4716040504587085e-09
photon_scattering,Photon scattering,4.0,4.0,C,"XX,ZY",-1.0527976266207587e-08,-2.6319940665518966e-09
photon_scattering,Photon scattering,4.0,4.0,C,"XX,ZZ",2.106156861406955e-09,5.265392153517387e-10
photon_scattering,Photon scattering,4.0,4.0,C,"XY,XZ",5.7421033675950995e-09,1.4355258418987749e-09
photon_scattering,Photon scattering,4.0,4.0,C,"XY,YI",9.915432085192193e-09,2.4788580212980483e-09
photon_scattering,Photon scattering,4.0,4.0,C,"XY,YX",-8.91793916900944e-09,-2.22948479225236e-09
photon_scattering,Photon scattering,4.0,4.0,C,"XY,YY",1.720284668507791e-09,4.3007116712694777e-10
photon_scattering,Photon scattering,4.0,4.0,C,"XY,YZ",-5.801062043979725e-09,-1.4502655109949312e-09
photon_scattering,Photon scattering,4.0,4.0,C,"XY,ZI",-1.7318559927048202e-08,-4.3296399817620505e-09
photon_scattering,Photon scattering,4.0,4.0,C,"XY,ZX",1.118678566824852e-08,2.79669641706213e-09
photon_scattering,Photon scattering,4.0,4.0,C,"XY,ZY",-7.767203883079471e-09,-1.9418009707698678e-09
photon_scattering,Photon scattering,4.0,4.0,C,"XY,ZZ",-3.845694150501172e-10,-9.61423537625293e-11
photon_scattering,Photon scattering,4.0,4.0,C,"XZ,YI",2.503970880623613e-09,6.259927201559032e-10
photon_scattering,Photon scattering,4.0,4.0,C,"XZ,YX",9.38450177101743e-09,2.3461254427543576e-09
photon_scattering,Photon scattering,4.0,4.0,C,"XZ,YY",-6.348766954555909e-10,-1.5871917386389772e-10
photon_scattering,Photon scattering,4.0,4.0,C,"XZ,YZ",2.068883338770311e-10,5.1722083469257775e-11
photon_scattering,Photon scattering,4.0,4.0,C,"XZ,ZI",1.3458699744817925e-09,3.364674936204481e-10
photon_scattering,Photon scattering,4.0,4.0,C,"XZ,ZX",-1.6687264479688443e-09,-4.171816119922111e-10
photon_scattering,Photon scattering,4.0,4.0,C,"XZ,ZY",8.943026789221732e-10,2.235756697305433e-10
photon_scattering,Photon scattering,4.0,4.0,C,"XZ,ZZ",-5.22550901649137e-09,-1.3063772541228424e-09
photon_scattering,Photon scattering,4.0,4.0,C,"YI,YX",3.698990010274908e-09,9.24747502568727e-10
photon_scattering,Photon scattering,4.0,4.0,C,"YI,YY",-3.702152781340922e-09,-9.255381953352305e-10
photon_scattering,Photon scattering,4.0,4.0,C,"YI,YZ",7.595007577388548e-09,1.898751894347137e-09
photon_scattering,Photon scattering,4.0,4.0,C,"YI,ZI",1.5639356289410723e-08,3.909839072352681e-09
photon_scattering,Photon scattering,4.0,4.0,C,"YI,ZX",-3.8699868683020986e-05,-9.674967170755247e-06
photon_scattering,Photon scattering,4.0,4.0,C,"YI,ZY",-7.47613289255507e-09,-1.8690332231387674e-09
photon_scattering,Photon scattering,4.0,4.0,C,"YI,ZZ",3.594020436612741e-09,8.985051091531853e-10
photon_scattering,Photon scattering,4.0,4.0,C,"YX,YY",-2.4474094981329204e-09,-6.118523745332301e-10
photon_scattering,Photon scattering,4.0,4.0,C,"YX,YZ",4.599586657714715e-09,1.1498966644286788e-09
photon_scattering,Photon scattering,4.0,4.0,C,"YX,ZI",4.0370869308130324e-05,1.0092717327032581e-05
photon_scattering,Photon scattering,4.0,4.0,C,"YX,ZX",1.2318211743156044e-08,3.079552935789011e-09
photon_scattering,Photon scattering,4.0,4.0,C,"YX,ZY",5.88747951932573e-09,1.4718698798314325e-09
photon_scattering,Photon scattering,4.0,4.0,C,"YX,ZZ",2.916859968607451e-09,7.292149921518627e-10
photon_scattering,Photon scattering,4.0,4.0,C,"YY,YZ",8.266905678128916e-09,2.066726419532229e-09
photon_scattering,Photon scattering,4.0,4.0,C,"YY,ZI",8.0250691325963e-09,2.006267283149075e-09
photon_scattering,Photon scattering,4.0,4.0,C,"YY,ZX",-1.2880509763587583e-08,-3.2201274408968957e-09
photon_scattering,Photon scattering,4.0,4.0,C,"YY,ZY",1.0577217501389029e-08,2.6443043753472573e-09
photon_scattering,Photon scattering,4.0,4.0,C,"YY,ZZ",1.2951787034878783e-09,3.2379467587196957e-10
photon_scattering,Photon scattering,4.0,4.0,C,"YZ,ZI",4.1676754071315554e-09,1.0419188517828889e-09
photon_scattering,Photon scattering,4.0,4.0,C,"YZ,ZX",7.376113825575188e-10,1.844028456393797e-10
photon_scattering,Photon scattering,4.0,4.0,C,"YZ,ZY",4.984094134488086e-11,1.2460235336220215e-11
photon_scattering,Photon scattering,4.0,4.0,C,"YZ,ZZ",7.808296922367215e-09,1.9520742305918038e-09
photon_scattering,Photon scattering,4.0,4.0,C,"ZI,ZX",1.4040173070288319e-10,3.5100432675720796e-11
photon_scattering,Photon scattering,4.0,4.0,C,"ZI,ZY",8.087290595127157e-09,2.021822648781789e-09
photon_scattering,Photon scattering,4.0,4.0,C,"ZI,ZZ",-2.083656256607959e-08,-5.209140641519897e-09
photon_scattering,Photon scattering,4.0,4.0,C,"ZX,ZY",-1.5245692823996395e-09,-3.811423205999099e-10
photon_scattering,Photon scattering,4.0,4.0,C,"ZX,ZZ",7.749950341232969e-09,1.9374875853082422e-09
photon_scattering,Photon scattering,4.0,4.0,C,"ZY,ZZ",-2.5139358840690263e-11,-6.284839710172566e-12
photon_scattering,Photon scattering,4.0,4.0,H,IX,9.457104696742919e-09,2.3642761741857297e-09
photon_scattering,Photon scattering,4.0,4.0,H,IY,5.8989731741360145e-09,1.4747432935340036e-09
photon_scattering,Photon scattering,4.0,4.0,H,IZ,-9.169718196237429e-11,-2.2924295490593572e-11
photon_scattering,Photon scattering,4.0,4.0,H,XI,8.575381712471915e-09,2.1438454281179787e-09
photon_scattering,Photon scattering,4.0,4.0,H,XX,1.303682647949613e-09,3.2592066198740326e-10
photon_scattering,Photon scattering,4.0,4.0,H,XY,1.097578247225338e-08,2.743945618063345e-09
photon_scattering,Photon scattering,4.0,4.0,H,XZ,1.0863954920939036e-08,2.715988730234759e-09
photon_scattering,Photon scattering,4.0,4.0,H,YI,-1.1820572563856361e-08,-2.9551431409640903e-09
photon_scattering,Photon scattering,4.0,4.0,H,YX,-1.498273523027967e-08,-3.745683807569917e-09
photon_scattering,Photon scattering,4.0,4.0,H,YY,2.2877331062315886e-08,5.7193327655789716e-09
photon_scattering,Photon scattering,4.0,4.0,H,YZ,-2.101965307851503e-09,-5.254913269628757e-10
photon_scattering,Photon scattering,4.0,4.0,H,ZI,-1.965397343103417e-09,-4.913493357758543e-10
photon_scattering,Photon scattering,4.0,4.0,H,ZX,1.002805977854873e-08,2.5070149446371825e-09
photon_scattering,Photon scattering,4.0,4.0,H,ZY,1.1858542114665342e-08,2.9646355286663354e-09
photon_scattering,Photon scattering,4.0,4.0,H,ZZ,8.122321250554567e-16,2.0305803126386418e-16
photon_scattering,Photon scattering,4.0,4.0,S,IX,2.499551149107775e-05,6.248877872769438e-06
photon_scattering,Photon scattering,4.0,4.0,S,IY,7.150701128894353e-05,1.787675282223588e-05
photon_scattering,Photon scattering,4.0,4.0,S,IZ,9.097635204676852e-05,2.274408801169213e-05
photon_scattering,Photon scattering,4.0,4.0,S,XI,2.501954186001273e-05,6.2548854650031824e-06
photon_scattering,Photon scattering,4.0,4.0,S,XX,2.843668851392931e-08,7.109172128482328e-09
photon_scattering,Photon scattering,4.0,4.0,S,XY,9.096949424278278e-05,2.2742373560695696e-05
photon_scattering,Photon scattering,4.0,4.0,S,XZ,7.152049341785474e-05,1.7880123354463686e-05
photon_scattering,Photon scattering,4.0,4.0,S,YI,7.153523892974778e-05,1.7883809732436946e-05
photon_scattering,Photon scattering,4.0,4.0,S,YX,9.096694335777137e-05,2.2741735839442843e-05
photon_scattering,Photon scattering,4.0,4.0,S,YY,-1.1076237367734138e-08,-2.7690593419335346e-09
photon_scattering,Photon scattering,4.0,4.0,S,YZ,3.7900459888009184e-09,9.475114972002296e-10
photon_scattering,Photon scattering,4.0,4.0,S,ZI,9.097607250324999e-05,2.2744018125812498e-05
photon_scattering,Photon scattering,4.0,4.0,S,ZX,7.149605662448729e-05,1.7874014156121823e-05
photon_scattering,Photon scattering,4.0,4.0,S,ZY,-1.6777695484644802e-08,-4.1944238711612004e-09
photon_scattering,Photon scattering,4.0,4.0,S,ZZ,-6.5703533346428075e-09,-1.6425883336607019e-09
spin_dephasing,Spin dephasing,3.3333333333333335,0.01,A,"IX,IY",-1.3139184481635654e-09,-3.9417553444906963e-10
spin_dephasing,Spin dephasing,3.3333333333333335,0.01,A,"IX,IZ",6.4061833025895e-10,1.92185499077685e-10
spin_dephasing,Spin dephasing,3.3333333333333335,0.01,A,"IX,XI",6.604760549275854e-10,1.981428164782756e-10
spin_dephasing,Spin dephasing,3.3333333333333335,0.01,A,"IX,XX",-5.28038329550426e-09,-1.5841149886512778e-09
spin_dephasing,Spin dephasing,3.3333333333333335,0.01,A,"IX,XY",-4.912933536744409e-09,-1.4738800610233227e-09
spin_dephasing,Spin dephasing,3.3333333333333335,0.01,A,"IX,XZ",-6.706907968423349e-10,-2.0120723905270046e-10
spin_dephasing,Spin dephasing,3.3333333333333335,0.01,A,"IX,YI",1.4318049879024284e-09,4.2954149637072853e-10
spin_dephasing,Spin dephasing,3.3333333333333335,0.01,A,"IX,YX",1.712745762750597e-10,5.138237288251791e-11
spin_dephasing,Spin dephasing,3.3333333333333335,0.01,A,"IX,YY",-5.892547142931529e-09,-1.7677641428794587e-09
spin_dephasing,Spin dephasing,3.3333333333333335,0.01,A,"IX,YZ",1.2890239593230805e-09,3.867071877969241e-10
spin_dephasing,Spin dephasing,3.3333333333333335,0.01,A,"IX,ZI",-7.2809830129241e-09,-2.18429490387723e-09
spin_dephasing,Spin dephasing,3.3333333333333335,0.01,A,"IX,ZX",-1.3399490538203606e-10,-4.019847161461082e-11
spin_dephasing,Spin dephasing,3.3333333333333335,0.01,A,"IX,ZY",-3.5223813925174417e-09,-1.0567144177552324e-09
spin_dephasing,Spin dephasing,3.3333333333333335,0.01,A,"IX,ZZ",-5.242838003483642e-09,-1.5728514010450925e-09
spin_dephasing,Spin dephasing,3.3333333333333335,0.01,A,"IY,IZ",5.906017643632179e-10,1.7718052930896534e-10
spin_dephasing,Spin dephasing,3.3333333333333335,0.01,A,"IY,XI",-4.312477642762278e-09,-1.2937432928286834e-09
spin_dephasing,Spin dephasing,3.3333333333333335,0.01,A,"IY,XX",3.911502410120489e-09,1.1734507230361468e-09
spin_dephasing,Spin dephasing,3.3333333333333335,0.01,A,"IY,XY",-1.0309111091495214e-08,-3.092733327448564e-09
spin_dephasing,Spin dephasing,3.3333333333333335,0.01,A,"IY,XZ",-1.0998541308580825e-09,-3.2995623925742473e-10
spin_dephasing,Spin dephasing,3.3333333333333335,0.01,A,"IY,YI",2.7078003659831728e-11,8.123401097949518e-12
spin_dephasing,Spin dephasing,3.3333333333333335,0.01,A,"IY,YX",3.5911652934383334e-09,1.0773495880315e-09
spin_dephasing,Spin dephasing,3.3333333333333335,0.01,A,"IY,YY",-2.5057922995906517e-10,-7.517376898771954e-11
spin_dephasing,Spin dephasing,3.3333333333333335,0.01,A,"IY,YZ",-9.911196163825444e-11,-2.9733588491476334e-11
spin_dephasing,Spin dephasing,3.3333333333333335,0.01,A,"IY,ZI",9.156545673990701e-10,2.74696370219721e-10
spin_dephasing,Spin dephasing,3.3333333333333335,0.01,A,"IY,ZX",1.74293592360081e-10,5.22880777080243e-11
spin_dephasing,Spin dephasing,3.3333333333333335,0.01,A,"IY,ZY",3.9487888622019737e-10,1.184636658660592e-10
spin_dephasing,Spin dephasing,3.3333333333333335,0.01,A,"IY,ZZ",-1.717478976630772e-09,-5.152436929892316e-10
spin_dephasing,Spin dephasing,3.3333333333333335,0.01,A,"IZ,XI",6.916401759645051e-09,2.0749205278935153e-09
spin_dephasing,Spin dephasing,3.3333333333333335,0.01,A,"IZ,XX",1.604073179091889e-09,4.812219537275667e-10
spin_dephasing,Spin dephasing,3.3333333333333335,0.01,A,"IZ,XY",3.405445669286937e-11,1.0216337007860812e-11
spin_dephasing,Spin dephasing,3.3333333333333335,0.01,A,"IZ,XZ",-9.767445913259595e-09,-2.9302337739778782e-09
spin_dephasing,Spin dephasing,3.3333333333333335,0.01,A,"IZ,YI",-2.1061611536885316e-09,-6.318483461065594e-10
spin_dephasing,Spin dephasing,3.3333333333333335,0.01,A,"IZ,YX",3.9365739872105936e-10,1.1809721961631781e-10
spin_dephasing,Spin dephasing,3.3333333333333335,0.01,A,"IZ,YY",9.181078887629871e-10,2.7543236662889615e-10
spin_dephasing,Spin dephasing,3.3333333333333335,0.01,A,"IZ,YZ",1.4542393696272472e-09,4.3627181088817415e-10
spin_dephasing,Spin dephasing,3.3333333333333335,0.01,A,"IZ,ZI",-4.988981964654017e-10,-1.4966945893962048e-10
spin_dephasing,Spin dephasing,3.3333333333333335,0.01,A,"IZ,ZX",5.218221400204671e-09,1.5654664200614014e-09
spin_dephasing,Spin dephasing,3.3333333333333335,0.01,A,"IZ,ZY",1.4491477925386117e-09,4.347443377615835e-10
spin_dephasing,Spin dephasing,3.3333333333333335,0.01,A,"IZ,ZZ",-6.652395059859796e-10,-1.9957185179579387e-10
spin_dephasing,Spin dephasing,3.3333333333333335,0.01,A,"XI,XX",7.87227425411242e-12,2.3616822762337255e-12
spin_dephasing,Spin dephasing,3.3333333333333335,0.01,A,"XI,XY",-2.3564764387993866e-09,-7.069429316398159e-10
spin_dephasing,Spin dephasing,3.3333333333333335,0.01,A,"XI,XZ",-1.10156445777988e-09,-3.30469337333964e-10
spin_dephasing,Spin dephasing,3.3333333333333335,0.01,A,"XI,YI",1.409735185307765e-09,4.2292055559232947e-10
spin_dephasing,Spin dephasing,3.3333333333333335,0.01,A,"XI,YX",1.0705551230347239e-09,3.2116653691041717e-10
spin_dephasing,Spin dephasing,3.3333333333333335,0.01,A,"XI,YY",-7.34306533154212e-09,-2.2029195994626357e-09
spin_dephasing,Spin dephasing,3.3333333333333335,0.01,A,"XI,YZ",3.3340393306084686e-09,1.0002117991825406e-09
spin_dephasing,Spin dephasing,3.3333333333333335,0.01,A,"XI,ZI",-4.27662998803233e-09,-1.2829889964096989e-09
spin_dephasing,Spin dephasing,3.3333333333333335,0.01,A,"XI,ZX",-5.608431762681002e-10,-1.6825295288043007e-10
spin_dephasing,Spin dephasing,3.3333333333333335,0.01,A,"XI,ZY",-2.5040222869678556e-09,-7.512066860903567e-10
spin_dephasing,Spin dephasing,3.3333333333333335,0.01,A,"XI,ZZ",-6.633008282727246e-09,-1.989902484818174e-09
spin_dephasing,Spin dephasing,3.3333333333333335,0.01,A,"XX,XY",1.06537633309127e-08,3.1961289992738098e-09
spin_dephasing,Spin dephasing,3.3333333333333335,0.01,A,"XX,XZ",-4.0748209144522616e-10,-1.2224462743356785e-10
spin_dephasing,Spin dephasing,3.3333333333333335,0.01,A,"XX,YI",7.959713740843906e-10,2.3879141222531715e-10
spin_dephasing,Spin dephasing,3.3333333333333335,0.01,A,"XX,YX",3.8533834051404895e-09,1.1560150215421468e-09
spin_dephasing,Spin dephasing,3.3333333333333335,0.01,A,"XX,YY",2.2356935784035708e-11,6.707080735210712e-12
spin_dephasing,Spin dephasing,3.3333333333333335,0.01,A,"XX,YZ",-3.523922332268683e-09,-1.0571766996806047e-09
spin_dephasing,Spin dephasing,3.3333333333333335,0.01,A,"XX,ZI",-6.583383537482367e-10,-1.97501506124471e-10
spin_dephasing,Spin dephasing,3.3333333333333335,0.01,A,"XX,ZX",6.379374870779505e-09,1.9138124612338514e-09
spin_dephasing,Spin dephasing,3.3333333333333335,0.01,A,"XX,ZY",1.7185765982974686e-09,5.155729794892405e-10
spin_dephasing,Spin dephasing,3.3333333333333335,0.01,A,"XX,ZZ",1.2512148421198193e-08,3.753644526359458e-09
spin_dephasing,Spin dephasing,3.3333333333333335,0.01,A,"XY,XZ",1.617297870045849e-09,4.851893610137547e-10
spin_dephasing,Spin dephasing,3.3333333333333335,0.01,A,"XY,YI",-4.55895277051045e-09,-1.367685831153135e-09
spin_dephasing,Spin dephasing,3.3333333333333335,0.01,A,"XY,YX",3.6520262524637554e-10,1.0956078757391266e-10
spin_dephasing,Spin dephasing,3.3333333333333335,0.01,A,"XY,YY",-3.2484419909885077e-09,-9.745325972965522e-10
spin_dephasing,Spin dephasing,3.3333333333333335,0.01,A,"XY,YZ",4.9744510730930375e-09,1.4923353219279112e-09
spin_dephasing,Spin dephasing,3.3333333333333335,0.01,A,"XY,ZI",-4.139012391445858e-10,-1.2417037174337572e-10
spin_dephasing,Spin dephasing,3.3333333333333335,0.01,A,"XY,ZX",-1.8623033070929932e-09,-5.58690992127898e-10
spin_dephasing,Spin dephasing,3.3333333333333335,0.01,A,"XY,ZY",-1.2117085530285171e-08,-3.635125659085551e-09
spin_dephasing,Spin dephasing,3.3333333333333335,0.01,A,"XY,ZZ",5.6874062137555185e-11,1.7062218641266556e-11
spin_dephasing,Spin dephasing,3.3333333333333335,0.01,A,"XZ,YI",2.4238365642992354e-09,7.271509692897706e-10
spin_dephasing,Spin dephasing,3.3333333333333335,0.01,A,"XZ,YX",-7.445082350937117e-10,-2.2335247052811351e-10
spin_dephasing,Spin dephasing,3.3333333333333335,0.01,A,"XZ,YY",5.035880157116334e-09,1.5107640471349002e-09
spin_dephasing,Spin dephasing,3.3333333333333335,0.01,A,"XZ,YZ",3.0260183184958538e-09,9.07805495548756e-10
spin_dephasing,Spin dephasing,3.3333333333333335,0.01,A,"XZ,ZI",-6.064722286179656e-09,-1.8194166858538966e-09
spin_dephasing,Spin dephasing,3.3333333333333335,0.01,A,"XZ,ZX",9.168388467247916e-10,2.7505165401743747e-10
spin_dephasing,Spin dephasing,3.3333333333333335,0.01,A,"XZ,ZY",-4.3431302477049094e-10,-1.3029390743114728e-10
spin_dephasing,Spin dephasing,3.3333333333333335,0.01,A,"XZ,ZZ",1.1548727430065112e-08,3.4646182290195335e-09
spin_dephasing,Spin dephasing,3.3333333333333335,0.01,A,"YI,YX",-1.5238590290209436e-09,-4.5715770870628304e-10
spin_dephasing,Spin dephasing,3.3333333333333335,0.01,A,"YI,YY",-4.35741737984926e-09,-1.307225213954778e-09
spin_dephasing,Spin dephasing,3.3333333333333335,0.01,A,"YI,YZ",4.5800471053477223e-10,1.3740141316043167e-10
spin_dephasing,Spin dephasing,3.3333333333333335,0.01,A,"YI,ZI",-3.0100510082108238e-09,-9.030153024632471e-10
spin_dephasing,Spin dephasing,3.3333333333333335,0.01,A,"YI,ZX",-3.6237227424857937e-10,-1.0871168227457381e-10
spin_dephasing,Spin dephasing,3.3333333333333335,0.01,A,"YI,ZY",2.243707830451644e-10,6.731123491354932e-11
spin_dephasing,Spin dephasing,3.3333333333333335,0.01,A,"YI,ZZ",1.4214346406150817e-09,4.2643039218452447e-10
spin_dephasing,Spin dephasing,3.3333333333333335,0.01,A,"YX,YY",3.21277336667471e-09,9.63832010002413e-10
spin_dephasing,Spin dephasing,3.3333333333333335,0.01,A,"YX,YZ",-1.2620649756364413e-08,-3.7861949269093236e-09
spin_dephasing,Spin dephasing,3.3333333333333335,0.01,A,"YX,ZI",-1.0756207983881833e-09,-3.22686239516455e-10
spin_dephasing,Spin dephasing,3.3333333333333335,0.01,A,"YX,ZX",4.499469432956337e-09,1.349840829886901e-09
spin_dephasing,Spin dephasing,3.3333333333333335,0.01,A,"YX,ZY",5.691820193026718e-09,1.7075460579080153e-09
spin_dephasing,Spin dephasing,3.3333333333333335,0.01,A,"YX,ZZ",-5.751813089513892e-09,-1.7255439268541674e-09
spin_dephasing,Spin dephasing,3.3333333333333335,0.01,A,"YY,YZ",5.191481064778249e-10,1.5574443194334746e-10
spin_dephasing,Spin dephasing,3.3333333333333335,0.01,A,"YY,ZI",-2.279572382567761e-09,-6.838717147703283e-10
spin_dephasing,Spin dephasing,3.3333333333333335,0.01,A,"YY,ZX",-3.976051326158232e-09,-1.1928153978474697e-09
spin_dephasing,Spin dephasing,3.3333333333333335,0.01,A,"YY,ZY",1.8330257045313559e-09,5.499077113594068e-10
spin_dephasing,Spin dephasing,3.3333333333333335,0.01,A,"YY,ZZ",6.1401229717029555e-09,1.8420368915108865e-09
spin_dephasing,Spin dephasing,3.3333333333333335,0.01,A,"YZ,ZI",3.091682482730489e-09,9.275047448191467e-10
spin_dephasing,Spin dephasing,3.3333333333333335,0.01,A,"YZ,ZX",-1.659970222476803e-09,-4.979910667430409e-10
spin_dephasing,Spin dephasing,3.3333333333333335,0.01,A,"YZ,ZY",8.428094793247465e-10,2.528428437974239e-10
spin_dephasing,Spin dephasing,3.3333333333333335,0.01,A,"YZ,ZZ",-3.706008126737668e-09,-1.1118024380213004e-09
spin_dephasing,Spin dephasing,3.3333333333333335,0.01,A,"ZI,ZX",2.1990976196453005e-11,6.597292858935901e-12
spin_dephasing,Spin dephasing,3.3333333333333335,0.01,A,"ZI,ZY",-2.9985589403019774e-09,-8.995676820905932e-10
spin_dephasing,Spin dephasing,3.3333333333333335,0.01,A,"ZI,ZZ",8.850582949626843e-11,2.655174884888053e-11
spin_dephasing,Spin dephasing,3.3333333333333335,0.01,A,"ZX,ZY",4.943190915967578e-09,1.4829572747902733e-09
spin_dephasing,Spin dephasing,3.3333333333333335,0.01,A,"ZX,ZZ",1.2103277978192786e-08,3.6309833934578356e-09
spin_dephasing,Spin dephasing,3.3333333333333335,0.01,A,"ZY,ZZ",-7.711769277094212e-10,-2.3135307831282633e-10
spin_dephasing,Spin dephasing,3.3333333333333335,0.01,C,"IX,IY",8.894714220362341e-10,2.668414266108702e-10
spin_dephasing,Spin dephasing,3.3333333333333335,0.01,C,"IX,IZ",4.690740299309059e-09,1.4072220897927177e-09
spin_dephasing,Spin dephasing,3.3333333333333335,0.01,C,"IX,XI",6.087342323541516e-09,1.8262026970624546e-09
spin_dephasing,Spin dephasing,3.3333333333333335,0.01,C,"IX,XX",3.2951596056265048e-09,9.885478816879513e-10
spin_dephasing,Spin dephasing,3.3333333333333335,0.01,C,"IX,XY",-6.237860973051657e-09,-1.8713582919154973e-09
spin_dephasing,Spin dephasing,3.3333333333333335,0.01,C,"IX,XZ",-3.105556099348438e-09,-9.316668298045313e-10
spin_dephasing,Spin dephasing,3.3333333333333335,0.01,C,"IX,YI",7.816158815440142e-10,2.344847644632042e-10
spin_dephasing,Spin dephasing,3.3333333333333335,0.01,C,"IX,YX",-4.450821321471323e-09,-1.3352463964413968e-09
spin_dephasing,Spin dephasing,3.3333333333333335,0.01,C,"IX,YY",-1.323911585237504e-10,-3.9717347557125116e-11
spin_dephasing,Spin dephasing,3.3333333333333335,0.01,C,"IX,YZ",-2.4349552363054507e-11,-7.304865708916352e-12
spin_dephasing,Spin dephasing,3.3333333333333335,0.01,C,"IX,ZI",7.095166213880302e-10,2.1285498641640907e-10
spin_dephasing,Spin dephasing,3.3333333333333335,0.01,C,"IX,ZX",-6.180920244297817e-10,-1.854276073289345e-10
spin_dephasing,Spin dephasing,3.3333333333333335,0.01,C,"IX,ZY",2.3915359021689504e-10,7.174607706506851e-11
spin_dephasing,Spin dephasing,3.3333333333333335,0.01,C,"IX,ZZ",-2.3451413135818077e-09,-7.035423940745423e-10
spin_dephasing,Spin dephasing,3.3333333333333335,0.01,C,"IY,IZ",-5.037320558540749e-09,-1.5111961675622247e-09
spin_dephasing,Spin dephasing,3.3333333333333335,0.01,C,"IY,XI",7.077070365207543e-10,2.123121109562263e-10
spin_dephasing,Spin dephasing,3.3333333333333335,0.01,C,"IY,XX",6.1969499189713226e-09,1.8590849756913967e-09
spin_dephasing,Spin dephasing,3.3333333333333335,0.01,C,"IY,XY",2.175246399027604e-09,6.525739197082813e-10
spin_dephasing,Spin dephasing,3.3333333333333335,0.01,C,"IY,XZ",-1.3150810953584632e-05,-3.94524328607539e-06
spin_dephasing,Spin dephasing,3.3333333333333335,0.01,C,"IY,YI",-1.217140679642939e-09,-3.6514220389288166e-10
spin_dephasing,Spin dephasing,3.3333333333333335,0.01,C,"IY,YX",-1.2929562869278064e-09,-3.878868860783419e-10
spin_dephasing,Spin dephasing,3.3333333333333335,0.01,C,"IY,YY",1.2096628531503145e-08,3.6289885594509432e-09
spin_dephasing,Spin dephasing,3.3333333333333335,0.01,C,"IY,YZ",9.694625309324226e-10,2.9083875927972675e-10
spin_dephasing,Spin dephasing,3.3333333333333335,0.01,C,"IY,ZI",4.932791998437666e-09,1.4798375995312998e-09
spin_dephasing,Spin dephasing,3.3333333333333335,0.01,C,"IY,ZX",-7.508207340184487e-10,-2.2524622020553462e-10
spin_dephasing,Spin dephasing,3.3333333333333335,0.01,C,"IY,ZY",-1.5760900305513304e-09,-4.728270091653991e-10
spin_dephasing,Spin dephasing,3.3333333333333335,0.01,C,"IY,ZZ",6.076129398521418e-09,1.8228388195564252e-09
spin_dephasing,Spin dephasing,3.3333333333333335,0.01,C,"IZ,XI",7.57160850084096e-09,2.271482550252288e-09
spin_dephasing,Spin dephasing,3.3333333333333335,0.01,C,"IZ,XX",-7.386263024906439e-09,-2.2158789074719316e-09
spin_dephasing,Spin dephasing,3.3333333333333335,0.01,C,"IZ,XY",2.078920145978657e-05,6.236760437935971e-06
spin_dephasing,Spin dephasing,3.3333333333333335,0.01,C,"IZ,XZ",5.480146816979109e-10,1.6440440450937325e-10
spin_dephasing,Spin dephasing,3.3333333333333335,0.01,C,"IZ,YI",4.028193567321408e-09,1.2084580701964224e-09
spin_dephasing,Spin dephasing,3.3333333333333335,0.01,C,"IZ,YX",-1.0330365959816401e-08,-3.09910978794492e-09
spin_dephasing,Spin dephasing,3.3333333333333335,0.01,C,"IZ,YY",1.753958293774535e-10,5.261874881323605e-11
spin_dephasing,Spin dephasing,3.3333333333333335,0.01,C,"IZ,YZ",-1.1682861456467395e-08,-3.5048584369402183e-09
spin_dephasing,Spin dephasing,3.3333333333333335,0.01,C,"IZ,ZI",-5.13132043292056e-09,-1.539396129876168e-09
spin_dephasing,Spin dephasing,3.3333333333333335,0.01,C,"IZ,ZX",1.2882474587980981e-09,3.8647423763942943e-10
spin_dephasing,Spin dephasing,3.3333333333333335,0.01,C,"IZ,ZY",5.492601987579512e-09,1.6477805962738535e-09
spin_dephasing,Spin dephasing,3.3333333333333335,0.01,C,"IZ,ZZ",1.1043976240648418e-09,3.313192872194525e-10
spin_dephasing,Spin dephasing,3.3333333333333335,0.01,C,"XI,XX",-1.6037616648364862e-09,-4.811284994509459e-10
spin_dephasing,Spin dephasing,3.3333333333333335,0.01,C,"XI,XY",7.28822166636027e-11,2.186466499908081e-11
spin_dephasing,Spin dephasing,3.3333333333333335,0.01,C,"XI,XZ",1.4189767224042028e-09,4.256930167212608e-10
spin_dephasing,Spin dephasing,3.3333333333333335,0.01,C,"XI,YI",-2.6186868924270705e-10,-7.856060677281211e-11
spin_dephasing,Spin dephasing,3.3333333333333335,0.01,C,"XI,YX",-8.048783184045228e-09,-2.4146349552135683e-09
spin_dephasing,Spin dephasing,3.3333333333333335,0.01,C,"XI,YY",-1.7035585416286611e-09,-5.110675624885983e-10
spin_dephasing,Spin dephasing,3.3333333333333335,0.01,C,"XI,YZ",1.0112181134255043e-10,3.0336543402765126e-11
spin_dephasing,Spin dephasing,3.3333333333333335,0.01,C,"XI,ZI",3.0435748968869744e-09,9.130724690660923e-10
spin_dephasing,Spin dephasing,3.3333333333333335,0.01,C,"XI,ZX",-1.228751623289737e-09,-3.6862548698692107e-10
spin_dephasing,Spin dephasing,3.3333333333333335,0.01,C,"XI,ZY",-3.1532209884113397e-10,-9.459662965234018e-11
spin_dephasing,Spin dephasing,3.3333333333333335,0.01,C,"XI,ZZ",-9.295204287844832e-10,-2.7885612863534496e-10
spin_dephasing,Spin dephasing,3.3333333333333335,0.01,C,"XX,XY",2.2078371634677323e-10,6.623511490403197e-11
spin_dephasing,Spin dephasing,3.3333333333333335,0.01,C,"XX,XZ",4.3432726176407305e-09,1.302981785292219e-09
spin_dephasing,Spin dephasing,3.3333333333333335,0.01,C,"XX,YI",6.257298582373531e-09,1.8771895747120593e-09
spin_dephasing,Spin dephasing,3.3333333333333335,0.01,C,"XX,YX",-4.685834214626892e-11,-1.4057502643880675e-11
spin_dephasing,Spin dephasing,3.3333333333333335,0.01,C,"XX,YY",1.5733086343889977e-09,4.719925903166993e-10
spin_dephasing,Spin dephasing,3.3333333333333335,0.01,C,"XX,YZ",-6.114381246954559e-09,-1.8343143740863676e-09
spin_dephasing,Spin dephasing,3.3333333333333335,0.01,C,"XX,ZI",2.6933465408963332e-09,8.080039622688999e-10
spin_dephasing,Spin dephasing,3.3333333333333335,0.01,C,"XX,ZX",7.668300667352175e-10,2.3004902002056523e-10
spin_dephasing,Spin dephasing,3.3333333333333335,0.01,C,"XX,ZY",-7.03273891813801e-09,-2.1098216754414028e-09
spin_dephasing,Spin dephasing,3.3333333333333335,0.01,C,"XX,ZZ",-2.6805503308215416e-10,-8.041650992464624e-11
spin_dephasing,Spin dephasing,3.3333333333333335,0.01,C,"XY,XZ",-5.602574553783505e-09,-1.6807723661350513e-09
spin_dephasing,Spin dephasing,3.3333333333333335,0.01,C,"XY,YI",-2.391395576771853e-10,-7.174186730315558e-11
spin_dephasing,Spin dephasing,3.3333333333333335,0.01,C,"XY,YX",1.0606353559934132e-09,3.1819060679802396e-10
spin_dephasing,Spin dephasing,3.3333333333333335,0.01,C,"XY,YY",1.0471093338433858e-09,3.1413280015301574e-10
spin_dephasing,Spin dephasing,3.3333333333333335,0.01,C,"XY,YZ",1.0547750244851922e-09,3.1643250734555764e-10
spin_dephasing,Spin dephasing,3.3333333333333335,0.01,C,"XY,ZI",-9.789056210168902e-09,-2.9367168630506705e-09
spin_dephasing,Spin dephasing,3.3333333333333335,0.01,C,"XY,ZX",5.6086926951415584e-09,1.6826078085424674e-09
spin_dephasing,Spin dephasing,3.3333333333333335,0.01,C,"XY,ZY",6.133207329235926e-10,1.8399621987707776e-10
spin_dephasing,Spin dephasing,3.3333333333333335,0.01,C,"XY,ZZ",-2.2674495103997943e-09,-6.802348531199383e-10
spin_dephasing,Spin dephasing,3.3333333333333335,0.01,C,"XZ,YI",-8.0911765418186e-10,-2.42735296254558e-10
spin_dephasing,Spin dephasing,3.3333333333333335,0.01,C,"XZ,YX",3.853232753024126e-09,1.1559698259072379e-09
spin_dephasing,Spin dephasing,3.3333333333333335,0.01,C,"XZ,YY",-1.4616780579279069e-09,-4.3850341737837204e-10
spin_dephasing,Spin dephasing,3.3333333333333335,0.01,C,"XZ,YZ",-3.679117347943509e-10,-1.1037352043830527e-10
spin_dephasing,Spin dephasing,3.3333333333333335,0.01,C,"XZ,ZI",2.7740375106568744e-09,8.322112531970623e-10
spin_dephasing,Spin dephasing,3.3333333333333335,0.01,C,"XZ,ZX",-1.3614513894124365e-09,-4.0843541682373094e-10
spin_dephasing,Spin dephasing,3.3333333333333335,0.01,C,"XZ,ZY",-6.684315779736887e-10,-2.005294733921066e-10
spin_dephasing,Spin dephasing,3.3333333333333335,0.01,C,"XZ,ZZ",-4.545682894087568e-10,-1.3637048682262703e-10
spin_dephasing,Spin dephasing,3.3333333333333335,0.01,C,"YI,YX",2.4491564338325344e-09,7.347469301497603e-10
spin_dephasing,Spin dephasing,3.3333333333333335,0.01,C,"YI,YY",1.1244620647082312e-08,3.3733861941246934e-09
spin_dephasing,Spin dephasing,3.3333333333333335,0.01,C,"YI,YZ",-4.088843890287644e-09,-1.2266531670862933e-09
spin_dephasing,Spin dephasing,3.3333333333333335,0.01,C,"YI,ZI",-3.0892333347235212e-09,-9.267700004170563e-10
spin_dephasing,Spin dephasing,3.3333333333333335,0.01,C,"YI,ZX",-1.3142934405561434e-05,-3.94288032166843e-06
spin_dephasing,Spin dephasing,3.3333333333333335,0.01,C,"YI,ZY",-1.336517166916096e-09,-4.0095515007482876e-10
spin_dephasing,Spin dephasing,3.3333333333333335,0.01,C,"YI,ZZ",6.080789409670447e-09,1.824236822901134e-09
spin_dephasing,Spin dephasing,3.3333333333333335,0.01,C,"YX,YY",-6.533702206013808e-11,-1.960110661804142e-11
spin_dephasing,Spin dephasing,3.3333333333333335,0.01,C,"YX,YZ",4.560470239315003e-09,1.368141071794501e-09
spin_dephasing,Spin dephasing,3.3333333333333335,0.01,C,"YX,ZI",2.0777824136761908e-05,6.233347241028572e-06
spin_dephasing,Spin dephasing,3.3333333333333335,0.01,C,"YX,ZX",-3.800757671550821e-09,-1.1402273014652463e-09
spin_dephasing,Spin dephasing,3.3333333333333335,0.01,C,"YX,ZY",5.39934167545344e-09,1.619802502636032e-09
spin_dephasing,Spin dephasing,3.3333333333333335,0.01,C,"YX,ZZ",-2.7990245769986883e-09,-8.397073730996065e-10
spin_dephasing,Spin dephasing,3.3333333333333335,0.01,C,"YY,YZ",-4.281034972490648e-09,-1.2843104917471943e-09
spin_dephasing,Spin dephasing,3.3333333333333335,0.01,C,"YY,ZI",6.156009707213993e-09,1.846802912164198e-09
spin_dephasing,Spin dephasing,3.3333333333333335,0.01,C,"YY,ZX",-5.673658068041754e-09,-1.7020974204125262e-09
spin_dephasing,Spin dephasing,3.3333333333333335,0.01,C,"YY,ZY",-1.8521665603210708e-09,-5.556499680963212e-10
spin_dephasing,Spin dephasing,3.3333333333333335,0.01,C,"YY,ZZ",2.3690751614909924e-09,7.107225484472977e-10
spin_dephasing,Spin dephasing,3.3333333333333335,0.01,C,"YZ,ZI",5.522531549871986e-09,1.6567594649615956e-09
spin_dephasing,Spin dephasing,3.3333333333333335,0.01,C,"YZ,ZX",6.796837135418224e-11,2.0390511406254673e-11
spin_dephasing,Spin dephasing,3.3333333333333335,0.01,C,"YZ,ZY",1.5191293415523093e-10,4.5573880246569275e-11
spin_dephasing,Spin dephasing,3.3333333333333335,0.01,C,"YZ,ZZ",-2.085023381828914e-09,-6.255070145486742e-10
spin_dephasing,Spin dephasing,3.3333333333333335,0.01,C,"ZI,ZX",4.300849357529535e-10,1.2902548072588603e-10
spin_dephasing,Spin dephasing,3.3333333333333335,0.01,C,"ZI,ZY",-1.1598375009578365e-08,-3.4795125028735093e-09
spin_dephasing,Spin dephasing,3.3333333333333335,0.01,C,"ZI,ZZ",-4.32971790586058e-09,-1.298915371758174e-09
spin_dephasing,Spin dephasing,3.3333333333333335,0.01,C,"ZX,ZY",-6.511349582609934e-10,-1.95340487478298e-10
spin_dephasing,Spin dephasing,3.3333333333333335,0.01,C,"ZX,ZZ",4.28371843127411e-09,1.285115529382233e-09
spin_dephasing,Spin dephasing,3.3333333333333335,0.01,C,"ZY,ZZ",-1.3328068244737722e-09,-3.9984204734213166e-10
spin_dephasing,Spin dephasing,3.3333333333333335,0.01,H,IX,-1.1620083056882755e-10,-3.486024917064826e-11
spin_dephasing,Spin dephasing,3.3333333333333335,0.01,H,IY,-4.732766067555634e-09,-1.4198298202666901e-09
spin_dephasing,Spin dephasing,3.3333333333333335,0.01,H,IZ,1.523196269874964e-10,4.569588809624892e-11
spin_dephasing,Spin dephasing,3.3333333333333335,0.01,H,XI,-5.380674516284289e-09,-1.6142023548852865e-09
spin_dephasing,Spin dephasing,3.3333333333333335,0.01,H,XX,7.868394060439058e-09,2.3605182181317174e-09
spin_dephasing,Spin dephasing,3.3333333333333335,0.01,H,XY,7.036910004041039e-09,2.1110730012123117e-09
spin_dephasing,Spin dephasing,3.3333333333333335,0.01,H,XZ,6.135893263587683e-09,1.840767979076305e-09
spin_dephasing,Spin dephasing,3.3333333333333335,0.01,H,YI,-1.1198771272302973e-09,-3.359631381690892e-10
spin_dephasing,Spin dephasing,3.3333333333333335,0.01,H,YX,-3.0906562723509493e-09,-9.271968817052848e-10
spin_dephasing,Spin dephasing,3.3333333333333335,0.01,H,YY,1.2556680014803413e-08,3.767004004441024e-09
spin_dephasing,Spin dephasing,3.3333333333333335,0.01,H,YZ,-1.0239325756625016e-09,-3.0717977269875045e-10
spin_dephasing,Spin dephasing,3.3333333333333335,0.01,H,ZI,-1.137817464248172e-10,-3.4134523927445155e-11
spin_dephasing,Spin dephasing,3.3333333333333335,0.01,H,ZX,6.249358946080871e-09,1.874807683824261e-09
spin_dephasing,Spin dephasing,3.3333333333333335,0.01,H,ZY,4.301597302939328e-09,1.2904791908817983e-09
spin_dephasing,Spin dephasing,3.3333333333333335,0.01,H,ZZ,-5.371366196145077e-15,-1.611409858843523e-15
spin_dephasing,Spin dephasing,3.3333333333333335,0.01,S,IX,-1.5159520625772686e-09,-4.5478561877318053e-10
spin_dephasing,Spin dephasing,3.3333333333333335,0.01,S,IY,2.2201221319182612e-05,6.660366395754783e-06
spin_dephasing,Spin dephasing,3.3333333333333335,0.01,S,IZ,6.1125211512975e-05,1.83375634538925e-05
spin_dephasing,Spin dephasing,3.3333333333333335,0.01,S,XI,7.98221245159903e-09,2.3946637354797088e-09
spin_dephasing,Spin dephasing,3.3333333333333335,0.01,S,XX,4.807056182119405e-09,1.4421168546358215e-09
spin_dephasing,Spin dephasing,3.3333333333333335,0.01,S,XY,6.111774189010094e-05,1.833532256703028e-05
spin_dephasing,Spin dephasing,3.3333333333333335,0.01,S,XZ,2.2208608114004554e-05,6.662582434201366e-06
spin_dephasing,Spin dephasing,3.3333333333333335,0.01,S,YI,2.220783008227558e-05,6.6623490246826735e-06
spin_dephasing,Spin dephasing,3.3333333333333335,0.01,S,YX,6.111915878179001e-05,1.8335747634537002e-05
spin_dephasing,Spin dephasing,3.3333333333333335,0.01,S,YY,-3.415584667739401e-09,-1.0246754003218202e-09
spin_dephasing,Spin dephasing,3.3333333333333335,0.01,S,YZ,-2.2810511793769535e-11,-6.84315353813086e-12
spin_dephasing,Spin dephasing,3.3333333333333335,0.01,S,ZI,6.11248079010534e-05,1.8337442370316018e-05
spin_dephasing,Spin dephasing,3.3333333333333335,0.01,S,ZX,2.2201436494207295e-05,6.660430948262188e-06
spin_dephasing,Spin dephasing,3.3333333333333335,0.01,S,ZY,-4.837617264409719e-09,-1.4512851793229157e-09
spin_dephasing,Spin dephasing,3.3333333333333335,0.01,S,ZZ,3.1271695173649744e-09,9.381508552094923e-10
spin_dephasing,Spin dephasing,3.3333333333333335,1.0,A,"IX,IY",-5.10963163997564e-09,-1.5328894919926918e-09
spin_dephasing,Spin dephasing,3.3333333333333335,1.0,A,"IX,IZ",2.986443848164991e-10,8.959331544494972e-11
spin_dephasing,Spin dephasing,3.3333333333333335,1.0,A,"IX,XI",-5.815337685349665e-09,-1.7446013056048993e-09
spin_dephasing,Spin dephasing,3.3333333333333335,1.0,A,"IX,XX",-2.6151838610169246e-09,-7.845551583050773e-10
spin_dephasing,Spin dephasing,3.3333333333333335,1.0,A,"IX,XY",3.985390924690993e-10,1.195617277407298e-10
spin_dephasing,Spin dephasing,3.3333333333333335,1.0,A,"IX,XZ",1.206148955184389e-10,3.618446865553167e-11
spin_dephasing,Spin dephasing,3.3333333333333335,1.0,A,"IX,YI",-2.906180280862974e-09,-8.718540842588921e-10
spin_dephasing,Spin dephasing,3.3333333333333335,1.0,A,"IX,YX",-2.711754347632085e-09,-8.135263042896255e-10
spin_dephasing,Spin dephasing,3.3333333333333335,1.0,A,"IX,YY",1.7407469116400666e-09,5.2222407349202e-10
spin_dephasing,Spin dephasing,3.3333333333333335,1.0,A,"IX,YZ",-4.90105227315857e-09,-1.470315681947571e-09
spin_dephasing,Spin dephasing,3.3333333333333335,1.0,A,"IX,ZI",7.130991469682218e-09,2.139297440904665e-09
spin_dephasing,Spin dephasing,3.3333333333333335,1.0,A,"IX,ZX",-9.23951764647344e-10,-2.7718552939420316e-10
spin_dephasing,Spin dephasing,3.3333333333333335,1.0,A,"IX,ZY",1.1517217277641031e-08,3.4551651832923093e-09
spin_dephasing,Spin dephasing,3.3333333333333335,1.0,A,"IX,ZZ",2.117439320965697e-09,6.35231796289709e-10
spin_dephasing,Spin dephasing,3.3333333333333335,1.0,A,"IY,IZ",2.843962778978933e-09,8.531888336936799e-10
spin_dephasing,Spin dephasing,3.3333333333333335,1.0,A,"IY,XI",-5.868561040801836e-09,-1.7605683122405508e-09
spin_dephasing,Spin dephasing,3.3333333333333335,1.0,A,"IY,XX",2.224459211649081e-10,6.673377634947243e-11
spin_dephasing,Spin dephasing,3.3333333333333335,1.0,A,"IY,XY",7.785239255503283e-09,2.335571776650985e-09
spin_dephasing,Spin dephasing,3.3333333333333335,1.0,A,"IY,XZ",5.03922085020927e-10,1.511766255062781e-10
spin_dephasing,Spin dephasing,3.3333333333333335,1.0,A,"IY,YI",2.0682113240072648e-10,6.204633972021795e-11
spin_dephasing,Spin dephasing,3.3333333333333335,1.0,A,"IY,YX",-3.413986695987213e-09,-1.024196008796164e-09
spin_dephasing,Spin dephasing,3.3333333333333335,1.0,A,"IY,YY",-2.6010540698148993e-09,-7.803162209444697e-10
spin_dephasing,Spin dephasing,3.3333333333333335,1.0,A,"IY,YZ",-8.402642149866139e-10,-2.520792644959841e-10
spin_dephasing,Spin dephasing,3.3333333333333335,1.0,A,"IY,ZI",4.673862433996226e-09,1.4021587301988676e-09
spin_dephasing,Spin dephasing,3.3333333333333335,1.0,A,"IY,ZX",-1.1855091623458062e-08,-3.5565274870374184e-09
spin_dephasing,Spin dephasing,3.3333333333333335,1.0,A,"IY,ZY",-1.0770005575828741e-09,-3.2310016727486224e-10
spin_dephasing,Spin dephasing,3.3333333333333335,1.0,A,"IY,ZZ",1.0319447150519218e-09,3.095834145155765e-10
spin_dephasing,Spin dephasing,3.3333333333333335,1.0,A,"IZ,XI",-5.851637197622283e-09,-1.7554911592866848e-09
spin_dephasing,Spin dephasing,3.3333333333333335,1.0,A,"IZ,XX",-1.482225243852891e-11,-4.446675731558673e-12
spin_dephasing,Spin dephasing,3.3333333333333335,1.0,A,"IZ,XY",1.14477871368734e-09,3.4343361410620203e-10
spin_dephasing,Spin dephasing,3.3333333333333335,1.0,A,"IZ,XZ",8.387163275766905e-09,2.5161489827300714e-09
spin_dephasing,Spin dephasing,3.3333333333333335,1.0,A,"IZ,YI",8.003936948224062e-09,2.4011810844672187e-09
spin_dephasing,Spin dephasing,3.3333333333333335,1.0,A,"IZ,YX",2.2774199039253717e-10,6.832259711776115e-11
spin_dephasing,Spin dephasing,3.3333333333333335,1.0,A,"IZ,YY",-1.9629284777893018e-10,-5.888785433367905e-11
spin_dephasing,Spin dephasing,3.3333333333333335,1.0,A,"IZ,YZ",-1.853480404009851e-09,-5.560441212029553e-10
spin_dephasing,Spin dephasing,3.3333333333333335,1.0,A,"IZ,ZI",-5.397889550213997e-10,-1.6193668650641993e-10
spin_dephasing,Spin dephasing,3.3333333333333335,1.0,A,"IZ,ZX",-3.0164156707154146e-09,-9.049247012146243e-10
spin_dephasing,Spin dephasing,3.3333333333333335,1.0,A,"IZ,ZY",-3.6390497432582e-09,-1.09171492297746e-09
spin_dephasing,Spin dephasing,3.3333333333333335,1.0,A,"IZ,ZZ",5.505425855273076e-10,1.6516277565819227e-10
spin_dephasing,Spin dephasing,3.3333333333333335,1.0,A,"XI,XX",6.1046586128410644e-09,1.8313975838523192e-09
spin_dephasing,Spin dephasing,3.3333333333333335,1.0,A,"XI,XY",4.082141294093005e-09,1.2246423882279015e-09
spin_dephasing,Spin dephasing,3.3333333333333335,1.0,A,"XI,XZ",1.1035860221116841e-09,3.3107580663350525e-10
spin_dephasing,Spin dephasing,3.3333333333333335,1.0,A,"XI,YI",4.0438252298985535e-09,1.213147568969566e-09
spin_dephasing,Spin dephasing,3.3333333333333335,1.0,A,"XI,YX",-2.1238686968151772e-09,-6.371606090445532e-10
spin_dephasing,Spin dephasing,3.3333333333333335,1.0,A,"XI,YY",5.916257755007699e-09,1.7748773265023095e-09
spin_dephasing,Spin dephasing,3.3333333333333335,1.0,A,"XI,YZ",-1.016578038623919e-08,-3.0497341158717568e-09
spin_dephasing,Spin dephasing,3.3333333333333335,1.0,A,"XI,ZI",-4.472948867986353e-09,-1.341884660395906e-09
spin_dephasing,Spin dephasing,3.3333333333333335,1.0,A,"XI,ZX",5.666120724132448e-10,1.6998362172397345e-10
spin_dephasing,Spin dephasing,3.3333333333333335,1.0,A,"XI,ZY",3.371989975238331e-09,1.0115969925714993e-09
spin_dephasing,Spin dephasing,3.3333333333333335,1.0,A,"XI,ZZ",6.0655400190674504e-09,1.819662005720235e-09
spin_dephasing,Spin dephasing,3.3333333333333335,1.0,A,"XX,XY",-2.1956895488781853e-09,-6.587068646634556e-10
spin_dephasing,Spin dephasing,3.3333333333333335,1.0,A,"XX,XZ",-1.8929237636415836e-09,-5.678771290924751e-10
spin_dephasing,Spin dephasing,3.3333333333333335,1.0,A,"XX,YI",-1.3079391952335573e-09,-3.9238175857006717e-10
spin_dephasing,Spin dephasing,3.3333333333333335,1.0,A,"XX,YX",1.743787957641681e-09,5.231363872925043e-10
spin_dephasing,Spin dephasing,3.3333333333333335,1.0,A,"XX,YY",-3.585258892057241e-14,-1.0755776676171722e-14
spin_dephasing,Spin dephasing,3.3333333333333335,1.0,A,"XX,YZ",7.16036280067574e-09,2.148108840202722e-09
spin_dephasing,Spin dephasing,3.3333333333333335,1.0,A,"XX,ZI",-3.8564084234510206e-10,-1.1569225270353062e-10
spin_dephasing,Spin dephasing,3.3333333333333335,1.0,A,"XX,ZX",1.5477484307515006e-09,4.6432452922545017e-10
spin_dephasing,Spin dephasing,3.3333333333333335,1.0,A,"XX,ZY",-7.817722576192563e-09,-2.3453167728577686e-09
spin_dephasing,Spin dephasing,3.3333333333333335,1.0,A,"XX,ZZ",-7.919643851818099e-09,-2.3758931555454295e-09
spin_dephasing,Spin dephasing,3.3333333333333335,1.0,A,"XY,XZ",5.776799522142154e-09,1.7330398566426462e-09
spin_dephasing,Spin dephasing,3.3333333333333335,1.0,A,"XY,YI",1.3924282903475072e-09,4.1772848710425213e-10
spin_dephasing,Spin dephasing,3.3333333333333335,1.0,A,"XY,YX",-4.6013994516114284e-10,-1.3804198354834285e-10
spin_dephasing,Spin dephasing,3.3333333333333335,1.0,A,"XY,YY",1.1150382433175238e-08,3.345114729952571e-09
spin_dephasing,Spin dephasing,3.3333333333333335,1.0,A,"XY,YZ",-2.7742678581166427e-09,-8.322803574349927e-10
spin_dephasing,Spin dephasing,3.3333333333333335,1.0,A,"XY,ZI",6.899469804373836e-10,2.0698409413121508e-10
spin_dephasing,Spin dephasing,3.3333333333333335,1.0,A,"XY,ZX",8.846085004737895e-09,2.6538255014213684e-09
spin_dephasing,Spin dephasing,3.3333333333333335,1.0,A,"XY,ZY",-1.4178117295623024e-08,-4.253435188686907e-09
spin_dephasing,Spin dephasing,3.3333333333333335,1.0,A,"XY,ZZ",-6.2005597885893006e-09,-1.86016793657679e-09
spin_dephasing,Spin dephasing,3.3333333333333335,1.0,A,"XZ,YI",-1.2170199321994995e-08,-3.6510597965984984e-09
spin_dephasing,Spin dephasing,3.3333333333333335,1.0,A,"XZ,YX",3.045718626788366e-09,9.137155880365097e-10
spin_dephasing,Spin dephasing,3.3333333333333335,1.0,A,"XZ,YY",-2.3896088195210112e-09,-7.168826458563034e-10
spin_dephasing,Spin dephasing,3.3333333333333335,1.0,A,"XZ,YZ",-6.118673540211334e-09,-1.8356020620634002e-09
spin_dephasing,Spin dephasing,3.3333333333333335,1.0,A,"XZ,ZI",3.4203345842692235e-09,1.026100375280767e-09
spin_dephasing,Spin dephasing,3.3333333333333335,1.0,A,"XZ,ZX",-1.6068019633278505e-09,-4.820405889983552e-10
spin_dephasing,Spin dephasing,3.3333333333333335,1.0,A,"XZ,ZY",-1.5141836038920318e-09,-4.5425508116760953e-10
spin_dephasing,Spin dephasing,3.3333333333333335,1.0,A,"XZ,ZZ",1.510379187066415e-08,4.531137561199245e-09
spin_dephasing,Spin dephasing,3.3333333333333335,1.0,A,"YI,YX",1.411196766448096e-08,4.2335902993442875e-09
spin_dephasing,Spin dephasing,3.3333333333333335,1.0,A,"YI,YY",6.858880302685355e-10,2.0576640908056064e-10
spin_dephasing,Spin dephasing,3.3333333333333335,1.0,A,"YI,YZ",-2.5448604072149222e-11,-7.634581221644766e-12
spin_dephasing,Spin dephasing,3.3333333333333335,1.0,A,"YI,ZI",3.945338527028572e-09,1.1836015581085715e-09
spin_dephasing,Spin dephasing,3.3333333333333335,1.0,A,"YI,ZX",2.0494296302074675e-09,6.148288890622402e-10
spin_dephasing,Spin dephasing,3.3333333333333335,1.0,A,"YI,ZY",4.155251988578436e-10,1.2465755965735307e-10
spin_dephasing,Spin dephasing,3.3333333333333335,1.0,A,"YI,ZZ",-1.605314097943635e-09,-4.815942293830905e-10
spin_dephasing,Spin dephasing,3.3333333333333335,1.0,A,"YX,YY",-3.962179095665349e-09,-1.1886537286996046e-09
spin_dephasing,Spin dephasing,3.3333333333333335,1.0,A,"YX,YZ",-1.4973455134941216e-08,-4.492036540482365e-09
spin_dephasing,Spin dephasing,3.3333333333333335,1.0,A,"YX,ZI",-2.510438234921887e-09,-7.53131470476566e-10
spin_dephasing,Spin dephasing,3.3333333333333335,1.0,A,"YX,ZX",6.552819195418103e-10,1.9658457586254307e-10
spin_dephasing,Spin dephasing,3.3333333333333335,1.0,A,"YX,ZY",-3.258399488279392e-09,-9.775198464838177e-10
spin_dephasing,Spin dephasing,3.3333333333333335,1.0,A,"YX,ZZ",9.144259607795743e-09,2.7432778823387226e-09
spin_dephasing,Spin dephasing,3.3333333333333335,1.0,A,"YY,YZ",-2.762349441921024e-10,-8.287048325763072e-11
spin_dephasing,Spin dephasing,3.3333333333333335,1.0,A,"YY,ZI",2.545317944101926e-10,7.635953832305778e-11
spin_dephasing,Spin dephasing,3.3333333333333335,1.0,A,"YY,ZX",2.654477560865354e-09,7.963432682596063e-10
spin_dephasing,Spin dephasing,3.3333333333333335,1.0,A,"YY,ZY",-1.7106285432146017e-09,-5.131885629643805e-10
spin_dephasing,Spin dephasing,3.3333333333333335,1.0,A,"YY,ZZ",7.520960276445447e-09,2.256288082933634e-09
spin_dephasing,Spin dephasing,3.3333333333333335,1.0,A,"YZ,ZI",5.217467478774174e-10,1.565240243632252e-10
spin_dephasing,Spin dephasing,3.3333333333333335,1.0,A,"YZ,ZX",-7.282552847179505e-09,-2.1847658541538512e-09
spin_dephasing,Spin dephasing,3.3333333333333335,1.0,A,"YZ,ZY",7.292240708881589e-10,2.1876722126644767e-10
spin_dephasing,Spin dephasing,3.3333333333333335,1.0,A,"YZ,ZZ",-1.5909956822303819e-09,-4.772987046691145e-10
spin_dephasing,Spin dephasing,3.3333333333333335,1.0,A,"ZI,ZX",1.3616901585589657e-08,4.085070475676897e-09
spin_dephasing,Spin dephasing,3.3333333333333335,1.0,A,"ZI,ZY",8.544095330547502e-10,2.5632285991642505e-10
spin_dephasing,Spin dephasing,3.3333333333333335,1.0,A,"ZI,ZZ",2.1011535399491187e-10,6.303460619847356e-11
spin_dephasing,Spin dephasing,3.3333333333333335,1.0,A,"ZX,ZY",3.4507132570542006e-09,1.0352139771162601e-09
spin_dephasing,Spin dephasing,3.3333333333333335,1.0,A,"ZX,ZZ",1.4780774124766066e-08,4.43423223742982e-09
spin_dephasing,Spin dephasing,3.3333333333333335,1.0,A,"ZY,ZZ",-3.032120758329992e-09,-9.096362274989975e-10
spin_dephasing,Spin dephasing,3.3333333333333335,1.0,C,"IX,IY",-8.973298254517283e-10,-2.691989476355185e-10
spin_dephasing,Spin dephasing,3.3333333333333335,1.0,C,"IX,IZ",-3.145949665952303e-09,-9.437848997856909e-10
spin_dephasing,Spin dephasing,3.3333333333333335,1.0,C,"IX,XI",1.8679333277646514e-09,5.603799983293954e-10
spin_dephasing,Spin dephasing,3.3333333333333335,1.0,C,"IX,XX",-5.383516774303582e-09,-1.6150550322910744e-09
spin_dephasing,Spin dephasing,3.3333333333333335,1.0,C,"IX,XY",5.916764581190977e-09,1.775029374357293e-09
spin_dephasing,Spin dephasing,3.3333333333333335,1.0,C,"IX,XZ",-5.874231834690369e-09,-1.7622695504071106e-09
spin_dephasing,Spin dephasing,3.3333333333333335,1.0,C,"IX,YI",3.072731774148785e-10,9.218195322446355e-11
spin_dephasing,Spin dephasing,3.3333333333333335,1.0,C,"IX,YX",-3.3229267098257195e-09,-9.968780129477158e-10
spin_dephasing,Spin dephasing,3.3333333333333335,1.0,C,"IX,YY",-3.104239408586914e-09,-9.312718225760741e-10
spin_dephasing,Spin dephasing,3.3333333333333335,1.0,C,"IX,YZ",-3.9405905878970545e-10,-1.1821771763691162e-10
spin_dephasing,Spin dephasing,3.3333333333333335,1.0,C,"IX,ZI",1.517532377960032e-09,4.552597133880096e-10
spin_dephasing,Spin dephasing,3.3333333333333335,1.0,C,"IX,ZX",-4.280033767086356e-09,-1.2840101301259068e-09
spin_dephasing,Spin dephasing,3.3333333333333335,1.0,C,"IX,ZY",-7.1854577214241344e-12,-2.1556373164272402e-12
spin_dephasing,Spin dephasing,3.3333333333333335,1.0,C,"IX,ZZ",3.3823907749914132e-09,1.014717232497424e-09
spin_dephasing,Spin dephasing,3.3333333333333335,1.0,C,"IY,IZ",-4.896463153240837e-09,-1.468938945972251e-09
spin_dephasing,Spin dephasing,3.3333333333333335,1.0,C,"IY,XI",-3.5413030324082895e-10,-1.0623909097224868e-10
spin_dephasing,Spin dephasing,3.3333333333333335,1.0,C,"IY,XX",-3.424074907991432e-09,-1.0272224723974295e-09
spin_dephasing,Spin dephasing,3.3333333333333335,1.0,C,"IY,XY",-2.8648703026745805e-09,-8.594610908023741e-10
spin_dephasing,Spin dephasing,3.3333333333333335,1.0,C,"IY,XZ",-1.7054007281226687e-05,-5.116202184368006e-06
spin_dephasing,Spin dephasing,3.3333333333333335,1.0,C,"IY,YI",-2.417533283433299e-10,-7.252599850299898e-11
spin_dephasing,Spin dephasing,3.3333333333333335,1.0,C,"IY,YX",8.466996667015885e-09,2.5400990001047654e-09
spin_dephasing,Spin dephasing,3.3333333333333335,1.0,C,"IY,YY",1.5486788629680544e-08,4.646036588904163e-09
spin_dephasing,Spin dephasing,3.3333333333333335,1.0,C,"IY,YZ",1.7312307845965283e-09,5.193692353789585e-10
spin_dephasing,Spin dephasing,3.3333333333333335,1.0,C,"IY,ZI",-2.7411746876877104e-09,-8.223524063063131e-10
spin_dephasing,Spin dephasing,3.3333333333333335,1.0,C,"IY,ZX",-8.25233562007734e-10,-2.475700686023202e-10
spin_dephasing,Spin dephasing,3.3333333333333335,1.0,C,"IY,ZY",5.6194685977006424e-09,1.6858405793101927e-09
spin_dephasing,Spin dephasing,3.3333333333333335,1.0,C,"IY,ZZ",-3.1377217125392283e-09,-9.413165137617684e-10
spin_dephasing,Spin dephasing,3.3333333333333335,1.0,C,"IZ,XI",-3.879572017298195e-10,-1.1638716051894585e-10
spin_dephasing,Spin dephasing,3.3333333333333335,1.0,C,"IZ,XX",7.449750958333227e-09,2.234925287499968e-09
spin_dephasing,Spin dephasing,3.3333333333333335,1.0,C,"IZ,XY",1.850387795947986e-05,5.551163387843957e-06
spin_dephasing,Spin dephasing,3.3333333333333335,1.0,C,"IZ,XZ",3.864455481967207e-09,1.159336644590162e-09
spin_dephasing,Spin dephasing,3.3333333333333335,1.0,C,"IZ,YI",-1.0024654770442495e-09,-3.007396431132748e-10
spin_dephasing,Spin dephasing,3.3333333333333335,1.0,C,"IZ,YX",5.113996326858606e-09,1.5341988980575816e-09
spin_dephasing,Spin dephasing,3.3333333333333335,1.0,C,"IZ,YY",6.494914963583651e-09,1.9484744890750954e-09
spin_dephasing,Spin dephasing,3.3333333333333335,1.0,C,"IZ,YZ",-1.5231297953376264e-08,-4.569389386012879e-09
spin_dephasing,Spin dephasing,3.3333333333333335,1.0,C,"IZ,ZI",2.9394646460999914e-09,8.818393938299974e-10
spin_dephasing,Spin dephasing,3.3333333333333335,1.0,C,"IZ,ZX",4.282704925744934e-09,1.2848114777234803e-09
spin_dephasing,Spin dephasing,3.3333333333333335,1.0,C,"IZ,ZY",-1.831681748221324e-09,-5.495045244663972e-10
spin_dephasing,Spin dephasing,3.3333333333333335,1.0,C,"IZ,ZZ",-1.007470968108526e-08,-3.022412904325578e-09
spin_dephasing,Spin dephasing,3.3333333333333335,1.0,C,"XI,XX",2.3100549365672625e-09,6.930164809701787e-10
spin_dephasing,Spin dephasing,3.3333333333333335,1.0,C,"XI,XY",-1.1999750440859369e-09,-3.5999251322578103e-10
spin_dephasing,Spin dephasing,3.3333333333333335,1.0,C,"XI,XZ",4.6181943880743836e-09,1.385458316422315e-09
spin_dephasing,Spin dephasing,3.3333333333333335,1.0,C,"XI,YI",2.1782168073163258e-11,6.5346504219489775e-12
spin_dephasing,Spin dephasing,3.3333333333333335,1.0,C,"XI,YX",5.18704080942904e-09,1.556112242828712e-09
spin_dephasing,Spin dephasing,3.3333333333333335,1.0,C,"XI,YY",2.4467085810898584e-09,7.340125743269575e-10
spin_dephasing,Spin dephasing,3.3333333333333335,1.0,C,"XI,YZ",5.264223648727288e-11,1.5792670946181864e-11
spin_dephasing,Spin dephasing,3.3333333333333335,1.0,C,"XI,ZI",4.127147973644307e-09,1.2381443920932921e-09
spin_dephasing,Spin dephasing,3.3333333333333335,1.0,C,"XI,ZX",3.4183929832463996e-09,1.0255178949739198e-09
spin_dephasing,Spin dephasing,3.3333333333333335,1.0,C,"XI,ZY",3.4856070962564695e-10,1.0456821288769408e-10
spin_dephasing,Spin dephasing,3.3333333333333335,1.0,C,"XI,ZZ",-4.872979037048938e-09,-1.4618937111146813e-09
spin_dephasing,Spin dephasing,3.3333333333333335,1.0,C,"XX,XY",2.3636317846362668e-11,7.0908953539088e-12
spin_dephasing,Spin dephasing,3.3333333333333335,1.0,C,"XX,XZ",-4.7147993740305465e-09,-1.4144398122091638e-09
spin_dephasing,Spin dephasing,3.3333333333333335,1.0,C,"XX,YI",-4.12011431218347e-09,-1.236034293655041e-09
spin_dephasing,Spin dephasing,3.3333333333333335,1.0,C,"XX,YX",5.550133350902385e-10,1.6650400052707153e-10
spin_dephasing,Spin dephasing,3.3333333333333335,1.0,C,"XX,YY",5.91044476296469e-10,1.7731334288894067e-10
spin_dephasing,Spin dephasing,3.3333333333333335,1.0,C,"XX,YZ",3.801210348250689e-09,1.1403631044752067e-09
spin_dephasing,Spin dephasing,3.3333333333333335,1.0,C,"XX,ZI",-8.160672475373302e-09,-2.4482017426119905e-09
spin_dephasing,Spin dephasing,3.3333333333333335,1.0,C,"XX,ZX",4.223470750378472e-09,1.2670412251135415e-09
spin_dephasing,Spin dephasing,3.3333333333333335,1.0,C,"XX,ZY",3.855788549546091e-09,1.1567365648638272e-09
spin_dephasing,Spin dephasing,3.3333333333333335,1.0,C,"XX,ZZ",2.6191038995928897e-10,7.85731169877867e-11
spin_dephasing,Spin dephasing,3.3333333333333335,1.0,C,"XY,XZ",-5.8315715703105105e-09,-1.749471471093153e-09
spin_dephasing,Spin dephasing,3.3333333333333335,1.0,C,"XY,YI",-4.2643928611400976e-09,-1.2793178583420292e-09
spin_dephasing,Spin dephasing,3.3333333333333335,1.0,C,"XY,YX",-4.940654182881615e-09,-1.4821962548644843e-09
spin_dephasing,Spin dephasing,3.3333333333333335,1.0,C,"XY,YY",-1.4781503477233181e-09,-4.4344510431699543e-10
spin_dephasing,Spin dephasing,3.3333333333333335,1.0,C,"XY,YZ",1.6669141882116337e-09,5.000742564634901e-10
spin_dephasing,Spin dephasing,3.3333333333333335,1.0,C,"XY,ZI",5.969676772117746e-09,1.7909030316353238e-09
spin_dephasing,Spin dephasing,3.3333333333333335,1.0,C,"XY,ZX",-5.199930964445401e-09,-1.5599792893336204e-09
spin_dephasing,Spin dephasing,3.3333333333333335,1.0,C,"XY,ZY",1.7045433325775677e-09,5.113629997732703e-10
spin_dephasing,Spin dephasing,3.3333333333333335,1.0,C,"XY,ZZ",4.3337988712438305e-10,1.300139661373149e-10
spin_dephasing,Spin dephasing,3.3333333333333335,1.0,C,"XZ,YI",1.0342391676498794e-10,3.102717502949638e-11
spin_dephasing,Spin dephasing,3.3333333333333335,1.0,C,"XZ,YX",-1.2260437923783316e-09,-3.6781313771349946e-10
spin_dephasing,Spin dephasing,3.3333333333333335,1.0,C,"XZ,YY",-2.5914463765940766e-09,-7.77433912978223e-10
spin_dephasing,Spin dephasing,3.3333333333333335,1.0,C,"XZ,YZ",1.3920976604728653e-09,4.176292981418596e-10
spin_dephasing,Spin dephasing,3.3333333333333335,1.0,C,"XZ,ZI",-8.413592685239056e-09,-2.5240778055717165e-09
spin_dephasing,Spin dephasing,3.3333333333333335,1.0,C,"XZ,ZX",-3.0128885172983716e-10,-9.038665551895114e-11
spin_dephasing,Spin dephasing,3.3333333333333335,1.0,C,"XZ,ZY",5.309322739887057e-10,1.592796821966117e-10
spin_dephasing,Spin dephasing,3.3333333333333335,1.0,C,"XZ,ZZ",2.4960017610436493e-09,7.488005283130947e-10
spin_dephasing,Spin dephasing,3.3333333333333335,1.0,C,"YI,YX",2.4459818767478935e-09,7.33794563024368e-10
spin_dephasing,Spin dephasing,3.3333333333333335,1.0,C,"YI,YY",1.540851032656556e-08,4.622553097969668e-09
spin_dephasing,Spin dephasing,3.3333333333333335,1.0,C,"YI,YZ",-3.047351565811467e-09,-9.142054697434401e-10
spin_dephasing,Spin dephasing,3.3333333333333335,1.0,C,"YI,ZI",-4.516955929120093e-09,-1.3550867787360277e-09
spin_dephasing,Spin dephasing,3.3333333333333335,1.0,C,"YI,ZX",-1.705154736215875e-05,-5.1154642086476255e-06
spin_dephasing,Spin dephasing,3.3333333333333335,1.0,C,"YI,ZY",-7.614276798392519e-09,-2.2842830395177556e-09
spin_dephasing,Spin dephasing,3.3333333333333335,1.0,C,"YI,ZZ",-2.2433814345216858e-09,-6.730144303565057e-10
spin_dephasing,Spin dephasing,3.3333333333333335,1.0,C,"YX,YY",6.97699840404876e-10,2.0930995212146278e-10
spin_dephasing,Spin dephasing,3.3333333333333335,1.0,C,"YX,YZ",3.9420125608677544e-11,1.1826037682603262e-11
spin_dephasing,Spin dephasing,3.3333333333333335,1.0,C,"YX,ZI",1.849551123916069e-05,5.548653371748207e-06
spin_dephasing,Spin dephasing,3.3333333333333335,1.0,C,"YX,ZX",-2.6447794294102076e-09,-7.934338288230622e-10
spin_dephasing,Spin dephasing,3.3333333333333335,1.0,C,"YX,ZY",-1.995297806922726e-10,-5.985893420768178e-11
spin_dephasing,Spin dephasing,3.3333333333333335,1.0,C,"YX,ZZ",-1.7040758785848152e-09,-5.112227635754446e-10
spin_dephasing,Spin dephasing,3.3333333333333335,1.0,C,"YY,YZ",-2.6222270685746805e-09,-7.866681205724041e-10
spin_dephasing,Spin dephasing,3.3333333333333335,1.0,C,"YY,ZI",-8.702944357249371e-09,-2.6108833071748114e-09
spin_dephasing,Spin dephasing,3.3333333333333335,1.0,C,"YY,ZX",4.729330604803914e-10,1.418799181441174e-10
spin_dephasing,Spin dephasing,3.3333333333333335,1.0,C,"YY,ZY",-3.782666411526576e-09,-1.1347999234579728e-09
spin_dephasing,Spin dephasing,3.3333333333333335,1.0,C,"YY,ZZ",5.179185748911909e-10,1.5537557246735727e-10
spin_dephasing,Spin dephasing,3.3333333333333335,1.0,C,"YZ,ZI",-2.366914825188055e-09,-7.100744475564164e-10
spin_dephasing,Spin dephasing,3.3333333333333335,1.0,C,"YZ,ZX",-1.2647555040336934e-09,-3.79426651210108e-10
spin_dephasing,Spin dephasing,3.3333333333333335,1.0,C,"YZ,ZY",2.65768666764326e-09,7.973060002929779e-10
spin_dephasing,Spin dephasing,3.3333333333333335,1.0,C,"YZ,ZZ",-2.658915089709268e-09,-7.976745269127803e-10
spin_dephasing,Spin dephasing,3.3333333333333335,1.0,C,"ZI,ZX",-3.216051235052668e-09,-9.648153705158003e-10
spin_dephasing,Spin dephasing,3.3333333333333335,1.0,C,"ZI,ZY",-1.538837359870247e-08,-4.616512079610741e-09
spin_dephasing,Spin dephasing,3.3333333333333335,1.0,C,"ZI,ZZ",5.094161206553529e-09,1.5282483619660585e-09
spin_dephasing,Spin dephasing,3.3333333333333335,1.0,C,"ZX,ZY",-4.932551449505296e-10,-1.479765434851589e-10
spin_dephasing,Spin dephasing,3.3333333333333335,1.0,C,"ZX,ZZ",-6.506605855972352e-11,-1.9519817567917056e-11
spin_dephasing,Spin dephasing,3.3333333333333335,1.0,C,"ZY,ZZ",-4.055954816428711e-09,-1.2167864449286132e-09
spin_dephasing,Spin dephasing,3.3333333333333335,1.0,H,IX,5.1049990125515705e-09,1.5314997037654712e-09
spin_dephasing,Spin dephasing,3.3333333333333335,1.0,H,IY,4.532279244263892e-09,1.3596837732791675e-09
spin_dephasing,Spin dephasing,3.3333333333333335,1.0,H,IZ,-8.82771964579384e-10,-2.648315893738152e-10
spin_dephasing,Spin dephasing,3.3333333333333335,1.0,H,XI,-3.6148202021365167e-09,-1.0844460606409549e-09
spin_dephasing,Spin dephasing,3.3333333333333335,1.0,H,XX,-1.3812577383778737e-10,-4.143773215133621e-11
spin_dephasing,Spin dephasing,3.3333333333333335,1.0,H,XY,-7.632119300479226e-09,-2.2896357901437677e-09
spin_dephasing,Spin dephasing,3.3333333333333335,1.0,H,XZ,-4.3305841911513585e-09,-1.2991752573454075e-09
spin_dephasing,Spin dephasing,3.3333333333333335,1.0,H,YI,-4.42928527518599e-09,-1.3287855825557969e-09
spin_dephasing,Spin dephasing,3.3333333333333335,1.0,H,YX,7.955273674524386e-09,2.3865821023573155e-09
spin_dephasing,Spin dephasing,3.3333333333333335,1.0,H,YY,-7.91973338068684e-09,-2.3759200142060517e-09
spin_dephasing,Spin dephasing,3.3333333333333335,1.0,H,YZ,8.234272017336892e-09,2.4702816052010676e-09
spin_dephasing,Spin dephasing,3.3333333333333335,1.0,H,ZI,4.501976649181696e-10,1.3505929947545087e-10
spin_dephasing,Spin dephasing,3.3333333333333335,1.0,H,ZX,-4.224820002711302e-09,-1.2674460008133907e-09
spin_dephasing,Spin dephasing,3.3333333333333335,1.0,H,ZY,-6.743913241199411e-09,-2.0231739723598233e-09
spin_dephasing,Spin dephasing,3.3333333333333335,1.0,H,ZZ,-1.858761139778876e-16,-5.576283419336628e-17
spin_dephasing,Spin dephasing,3.3333333333333335,1.0,S,IX,3.95179166682967e-09,1.185537500048901e-09
spin_dephasing,Spin dephasing,3.3333333333333335,1.0,S,IY,3.1298039464148906e-05,9.389411839244671e-06
spin_dephasing,Spin dephasing,3.3333333333333335,1.0,S,IZ,5.202741595153157e-05,1.560822478545947e-05
spin_dephasing,Spin dephasing,3.3333333333333335,1.0,S,XI,2.903574884989394e-09,8.710724654968182e-10
spin_dephasing,Spin dephasing,3.3333333333333335,1.0,S,XX,1.052716673212003e-08,3.1581500196360087e-09
spin_dephasing,Spin dephasing,3.3333333333333335,1.0,S,XY,5.2023757644307196e-05,1.5607127293292157e-05
spin_dephasing,Spin dephasing,3.3333333333333335,1.0,S,XZ,3.129544365343764e-05,9.388633096031292e-06
spin_dephasing,Spin dephasing,3.3333333333333335,1.0,S,YI,3.1293825431598927e-05,9.388147629479678e-06
spin_dephasing,Spin dephasing,3.3333333333333335,1.0,S,YX,5.20260257945518e-05,1.5607807738365538e-05
spin_dephasing,Spin dephasing,3.3333333333333335,1.0,S,YY,1.693312232361262e-09,5.079936697083785e-10
spin_dephasing,Spin dephasing,3.3333333333333335,1.0,S,YZ,-1.93945907268477e-09,-5.818377218054309e-10
spin_dephasing,Spin dephasing,3.3333333333333335,1.0,S,ZI,5.2027071799692834e-05,1.5608121539907848e-05
spin_dephasing,Spin dephasing,3.3333333333333335,1.0,S,ZX,3.130047850936884e-05,9.390143552810652e-06
spin_dephasing,Spin dephasing,3.3333333333333335,1.0,S,ZY,1.7269804758101236e-09,5.180941427430371e-10
spin_dephasing,Spin dephasing,3.3333333333333335,1.0,S,ZZ,4.9287532978017044e-09,1.4786259893405112e-09
spin_dephasing,Spin dephasing,3.3333333333333335,2.0,A,"IX,IY",-1.808255754837889e-10,-5.424767264513667e-11
spin_dephasing,Spin dephasing,3.3333333333333335,2.0,A,"IX,IZ",-1.0890663722368947e-08,-3.267199116710684e-09
spin_dephasing,Spin dephasing,3.3333333333333335,2.0,A,"IX,XI",-1.762223222292702e-08,-5.286669666878106e-09
spin_dephasing,Spin dephasing,3.3333333333333335,2.0,A,"IX,XX",6.7452865823071615e-09,2.023585974692148e-09
spin_dephasing,Spin dephasing,3.3333333333333335,2.0,A,"IX,XY",3.044125746529128e-09,9.132377239587384e-10
spin_dephasing,Spin dephasing,3.3333333333333335,2.0,A,"IX,XZ",-3.91144134543757e-11,-1.173432403631271e-11
spin_dephasing,Spin dephasing,3.3333333333333335,2.0,A,"IX,YI",-4.305082513016524e-09,-1.2915247539049573e-09
spin_dephasing,Spin dephasing,3.3333333333333335,2.0,A,"IX,YX",-6.287651736116131e-10,-1.8862955208348393e-10
spin_dephasing,Spin dephasing,3.3333333333333335,2.0,A,"IX,YY",-6.320965373987225e-09,-1.8962896121961674e-09
spin_dephasing,Spin dephasing,3.3333333333333335,2.0,A,"IX,YZ",-9.913143425431664e-10,-2.9739430276294994e-10
spin_dephasing,Spin dephasing,3.3333333333333335,2.0,A,"IX,ZI",-6.667653120259055e-10,-2.0002959360777162e-10
spin_dephasing,Spin dephasing,3.3333333333333335,2.0,A,"IX,ZX",-3.988609875752049e-09,-1.1965829627256147e-09
spin_dephasing,Spin dephasing,3.3333333333333335,2.0,A,"IX,ZY",4.4210829547399495e-09,1.3263248864219849e-09
spin_dephasing,Spin dephasing,3.3333333333333335,2.0,A,"IX,ZZ",-5.9624844864844045e-09,-1.7887453459453213e-09
spin_dephasing,Spin dephasing,3.3333333333333335,2.0,A,"IY,IZ",1.1995317780040836e-08,3.5985953340122508e-09
spin_dephasing,Spin dephasing,3.3333333333333335,2.0,A,"IY,XI",4.093631385282859e-11,1.2280894155848577e-11
spin_dephasing,Spin dephasing,3.3333333333333335,2.0,A,"IY,XX",-3.3717339220802086e-10,-1.0115201766240625e-10
spin_dephasing,Spin dephasing,3.3333333333333335,2.0,A,"IY,XY",3.2773545009054905e-08,9.832063502716471e-09
spin_dephasing,Spin dephasing,3.3333333333333335,2.0,A,"IY,XZ",2.138927128856128e-10,6.416781386568384e-11
spin_dephasing,Spin dephasing,3.3333333333333335,2.0,A,"IY,YI",1.158808459003152e-09,3.476425377009456e-10
spin_dephasing,Spin dephasing,3.3333333333333335,2.0,A,"IY,YX",2.5102566253556175e-09,7.530769876066852e-10
spin_dephasing,Spin dephasing,3.3333333333333335,2.0,A,"IY,YY",4.938517870674514e-10,1.4815553612023542e-10
spin_dephasing,Spin dephasing,3.3333333333333335,2.0,A,"IY,YZ",9.907925078635586e-10,2.9723775235906757e-10
spin_dephasing,Spin dephasing,3.3333333333333335,2.0,A,"IY,ZI",4.404571842936849e-09,1.3213715528810546e-09
spin_dephasing,Spin dephasing,3.3333333333333335,2.0,A,"IY,ZX",-6.055798141854558e-09,-1.8167394425563674e-09
spin_dephasing,Spin dephasing,3.3333333333333335,2.0,A,"IY,ZY",4.00417188488055e-10,1.201251565464165e-10
spin_dephasing,Spin dephasing,3.3333333333333335,2.0,A,"IY,ZZ",-2.905737940912087e-10,-8.717213822736261e-11
spin_dephasing,Spin dephasing,3.3333333333333335,2.0,A,"IZ,XI",4.0170429307423405e-09,1.205112879222702e-09
spin_dephasing,Spin dephasing,3.3333333333333335,2.0,A,"IZ,XX",-5.339464072924914e-10,-1.6018392218774742e-10
spin_dephasing,Spin dephasing,3.3333333333333335,2.0,A,"IZ,XY",2.719462377483791e-10,8.158387132451373e-11
spin_dephasing,Spin dephasing,3.3333333333333335,2.0,A,"IZ,XZ",3.3943318110073523e-08,1.0182995433022057e-08
spin_dephasing,Spin dephasing,3.3333333333333335,2.0,A,"IZ,YI",2.1655480404703405e-09,6.496644121411021e-10
spin_dephasing,Spin dephasing,3.3333333333333335,2.0,A,"IZ,YX",5.615809559214038e-12,1.6847428677642113e-12
spin_dephasing,Spin dephasing,3.3333333333333335,2.0,A,"IZ,YY",1.960574243432526e-09,5.881722730297578e-10
spin_dephasing,Spin dephasing,3.3333333333333335,2.0,A,"IZ,YZ",-3.6510750501222257e-10,-1.0953225150366677e-10
spin_dephasing,Spin dephasing,3.3333333333333335,2.0,A,"IZ,ZI",3.386116390818571e-10,1.0158349172455713e-10
spin_dephasing,Spin dephasing,3.3333333333333335,2.0,A,"IZ,ZX",3.6893533735455515e-09,1.1068060120636653e-09
spin_dephasing,Spin dephasing,3.3333333333333335,2.0,A,"IZ,ZY",3.0821182837736797e-10,9.246354851321038e-11
spin_dephasing,Spin dephasing,3.3333333333333335,2.0,A,"IZ,ZZ",-1.2864306466027463e-09,-3.859291939808239e-10
spin_dephasing,Spin dephasing,3.3333333333333335,2.0,A,"XI,XX",3.6561275853493103e-10,1.096838275604793e-10
spin_dephasing,Spin dephasing,3.3333333333333335,2.0,A,"XI,XY",4.070428442946193e-09,1.2211285328838578e-09
spin_dephasing,Spin dephasing,3.3333333333333335,2.0,A,"XI,XZ",-2.1042671667676274e-10,-6.312801500302882e-11
spin_dephasing,Spin dephasing,3.3333333333333335,2.0,A,"XI,YI",3.903348745489179e-09,1.1710046236467536e-09
spin_dephasing,Spin dephasing,3.3333333333333335,2.0,A,"XI,YX",-2.0097339471033085e-09,-6.029201841309925e-10
spin_dephasing,Spin dephasing,3.3333333333333335,2.0,A,"XI,YY",-3.555829583723423e-09,-1.066748875117027e-09
spin_dephasing,Spin dephasing,3.3333333333333335,2.0,A,"XI,YZ",-5.08170693987618e-09,-1.524512081962854e-09
spin_dephasing,Spin dephasing,3.3333333333333335,2.0,A,"XI,ZI",1.0414174867445047e-08,3.124252460233514e-09
spin_dephasing,Spin dephasing,3.3333333333333335,2.0,A,"XI,ZX",-2.215925996871134e-10,-6.647777990613402e-11
spin_dephasing,Spin dephasing,3.3333333333333335,2.0,A,"XI,ZY",-5.726388509818055e-10,-1.7179165529454166e-10
spin_dephasing,Spin dephasing,3.3333333333333335,2.0,A,"XI,ZZ",-3.738705732432901e-09,-1.1216117197298701e-09
spin_dephasing,Spin dephasing,3.3333333333333335,2.0,A,"XX,XY",-6.140035051193927e-09,-1.8420105153581781e-09
spin_dephasing,Spin dephasing,3.3333333333333335,2.0,A,"XX,XZ",8.528727076000545e-09,2.5586181228001634e-09
spin_dephasing,Spin dephasing,3.3333333333333335,2.0,A,"XX,YI",4.4155971889844534e-09,1.324679156695336e-09
spin_dephasing,Spin dephasing,3.3333333333333335,2.0,A,"XX,YX",6.200575706972763e-09,1.8601727120918288e-09
spin_dephasing,Spin dephasing,3.3333333333333335,2.0,A,"XX,YY",-4.2048086054339426e-14,-1.2614425816301827e-14
spin_dephasing,Spin dephasing,3.3333333333333335,2.0,A,"XX,YZ",3.1589729390787956e-09,9.476918817236386e-10
spin_dephasing,Spin dephasing,3.3333333333333335,2.0,A,"XX,ZI",-1.41967837057376e-09,-4.25903511172128e-10
spin_dephasing,Spin dephasing,3.3333333333333335,2.0,A,"XX,ZX",-1.1457641284810862e-08,-3.4372923854432584e-09
spin_dephasing,Spin dephasing,3.3333333333333335,2.0,A,"XX,ZY",-1.801816079384572e-09,-5.405448238153716e-10
spin_dephasing,Spin dephasing,3.3333333333333335,2.0,A,"XX,ZZ",9.788822736375864e-09,2.9366468209127587e-09
spin_dephasing,Spin dephasing,3.3333333333333335,2.0,A,"XY,XZ",5.5234040077283325e-09,1.6570212023184997e-09
spin_dephasing,Spin dephasing,3.3333333333333335,2.0,A,"XY,YI",-3.5880348306610127e-09,-1.0764104491983037e-09
spin_dephasing,Spin dephasing,3.3333333333333335,2.0,A,"XY,YX",2.5581378430721233e-10,7.67441352921637e-11
spin_dephasing,Spin dephasing,3.3333333333333335,2.0,A,"XY,YY",2.648874552707586e-10,7.946623658122758e-11
spin_dephasing,Spin dephasing,3.3333333333333335,2.0,A,"XY,YZ",2.3114994829242335e-09,6.9344984487727e-10
spin_dephasing,Spin dephasing,3.3333333333333335,2.0,A,"XY,ZI",-6.154568808917407e-10,-1.846370642675222e-10
spin_dephasing,Spin dephasing,3.3333333333333335,2.0,A,"XY,ZX",7.126820231880805e-10,2.1380460695642413e-10
spin_dephasing,Spin dephasing,3.3333333333333335,2.0,A,"XY,ZY",-1.1310621077813397e-08,-3.393186323344019e-09
spin_dephasing,Spin dephasing,3.3333333333333335,2.0,A,"XY,ZZ",-5.511539852114809e-09,-1.6534619556344427e-09
spin_dephasing,Spin dephasing,3.3333333333333335,2.0,A,"XZ,YI",-7.749353014223922e-09,-2.3248059042671765e-09
spin_dephasing,Spin dephasing,3.3333333333333335,2.0,A,"XZ,YX",6.305356395518908e-09,1.8916069186556725e-09
spin_dephasing,Spin dephasing,3.3333333333333335,2.0,A,"XZ,YY",3.5690733283845635e-09,1.070721998515369e-09
spin_dephasing,Spin dephasing,3.3333333333333335,2.0,A,"XZ,YZ",-9.903406049921106e-11,-2.9710218149763315e-11
spin_dephasing,Spin dephasing,3.3333333333333335,2.0,A,"XZ,ZI",-3.4114358059967855e-09,-1.0234307417990356e-09
spin_dephasing,Spin dephasing,3.3333333333333335,2.0,A,"XZ,ZX",-3.2207434636056086e-10,-9.662230390816825e-11
spin_dephasing,Spin dephasing,3.3333333333333335,2.0,A,"XZ,ZY",-5.387670345203563e-09,-1.6163011035610686e-09
spin_dephasing,Spin dephasing,3.3333333333333335,2.0,A,"XZ,ZZ",9.227134265632102e-09,2.7681402796896306e-09
spin_dephasing,Spin dephasing,3.3333333333333335,2.0,A,"YI,YX",3.613721303259944e-08,1.0841163909779831e-08
spin_dephasing,Spin dephasing,3.3333333333333335,2.0,A,"YI,YY",2.8847279448664373e-09,8.654183834599312e-10
spin_dephasing,Spin dephasing,3.3333333333333335,2.0,A,"YI,YZ",1.4220996940096692e-09,4.2662990820290076e-10
spin_dephasing,Spin dephasing,3.3333333333333335,2.0,A,"YI,ZI",1.6314028522894282e-08,4.894208556868284e-09
spin_dephasing,Spin dephasing,3.3333333333333335,2.0,A,"YI,ZX",-4.4168133926950175e-09,-1.3250440178085052e-09
spin_dephasing,Spin dephasing,3.3333333333333335,2.0,A,"YI,ZY",9.680475608439296e-10,2.904142682531789e-10
spin_dephasing,Spin dephasing,3.3333333333333335,2.0,A,"YI,ZZ",-1.8248039707001414e-09,-5.474411912100425e-10
spin_dephasing,Spin dephasing,3.3333333333333335,2.0,A,"YX,YY",-9.457075949089072e-09,-2.8371227847267216e-09
spin_dephasing,Spin dephasing,3.3333333333333335,2.0,A,"YX,YZ",-1.1409361077995063e-08,-3.4228083233985188e-09
spin_dephasing,Spin dephasing,3.3333333333333335,2.0,A,"YX,ZI",3.7516247156470665e-09,1.12548741469412e-09
spin_dephasing,Spin dephasing,3.3333333333333335,2.0,A,"YX,ZX",6.637948347916026e-09,1.9913845043748077e-09
spin_dephasing,Spin dephasing,3.3333333333333335,2.0,A,"YX,ZY",3.232032257712654e-09,9.69609677313796e-10
spin_dephasing,Spin dephasing,3.3333333333333335,2.0,A,"YX,ZZ",4.881459512237608e-09,1.4644378536712822e-09
spin_dephasing,Spin dephasing,3.3333333333333335,2.0,A,"YY,YZ",-3.6674340532994742e-09,-1.1002302159898422e-09
spin_dephasing,Spin dephasing,3.3333333333333335,2.0,A,"YY,ZI",8.274495550885859e-10,2.4823486652657577e-10
spin_dephasing,Spin dephasing,3.3333333333333335,2.0,A,"YY,ZX",-1.8340172337493588e-09,-5.502051701248076e-10
spin_dephasing,Spin dephasing,3.3333333333333335,2.0,A,"YY,ZY",-1.9212754390191695e-09,-5.763826317057508e-10
spin_dephasing,Spin dephasing,3.3333333333333335,2.0,A,"YY,ZZ",8.534710598847976e-09,2.5604131796543927e-09
spin_dephasing,Spin dephasing,3.3333333333333335,2.0,A,"YZ,ZI",-4.4163991179270126e-09,-1.3249197353781038e-09
spin_dephasing,Spin dephasing,3.3333333333333335,2.0,A,"YZ,ZX",1.0516965771387612e-09,3.1550897314162834e-10
spin_dephasing,Spin dephasing,3.3333333333333335,2.0,A,"YZ,ZY",-5.548202420924906e-09,-1.6644607262774718e-09
spin_dephasing,Spin dephasing,3.3333333333333335,2.0,A,"YZ,ZZ",5.646167068140403e-10,1.693850120442121e-10
spin_dephasing,Spin dephasing,3.3333333333333335,2.0,A,"ZI,ZX",3.11529996491734e-08,9.34589989475202e-09
spin_dephasing,Spin dephasing,3.3333333333333335,2.0,A,"ZI,ZY",2.6026801062823842e-09,7.808040318847152e-10
spin_dephasing,Spin dephasing,3.3333333333333335,2.0,A,"ZI,ZZ",1.2742448986407796e-09,3.8227346959223384e-10
spin_dephasing,Spin dephasing,3.3333333333333335,2.0,A,"ZX,ZY",4.2891792856386114e-09,1.2867537856915833e-09
spin_dephasing,Spin dephasing,3.3333333333333335,2.0,A,"ZX,ZZ",1.2398329723538705e-08,3.7194989170616112e-09
spin_dephasing,Spin dephasing,3.3333333333333335,2.0,A,"ZY,ZZ",-3.6923219265905684e-09,-1.1076965779771704e-09
spin_dephasing,Spin dephasing,3.3333333333333335,2.0,C,"IX,IY",-4.6518902719637005e-10,-1.39556708158911e-10
spin_dephasing,Spin dephasing,3.3333333333333335,2.0,C,"IX,IZ",-2.656888025830576e-09,-7.970664077491727e-10
spin_dephasing,Spin dephasing,3.3333333333333335,2.0,C,"IX,XI",8.095759947238005e-09,2.4287279841714014e-09
spin_dephasing,Spin dephasing,3.3333333333333335,2.0,C,"IX,XX",-1.4886106000478983e-08,-4.465831800143695e-09
spin_dephasing,Spin dephasing,3.3333333333333335,2.0,C,"IX,XY",-2.3103294530357608e-09,-6.930988359107282e-10
spin_dephasing,Spin dephasing,3.3333333333333335,2.0,C,"IX,XZ",-2.750175232783718e-10,-8.250525698351154e-11
spin_dephasing,Spin dephasing,3.3333333333333335,2.0,C,"IX,YI",1.341485533915478e-09,4.024456601746434e-10
spin_dephasing,Spin dephasing,3.3333333333333335,2.0,C,"IX,YX",1.2318608397507222e-08,3.6955825192521665e-09
spin_dephasing,Spin dephasing,3.3333333333333335,2.0,C,"IX,YY",-1.2486461781204316e-09,-3.7459385343612944e-10
spin_dephasing,Spin dephasing,3.3333333333333335,2.0,C,"IX,YZ",-1.121014824516481e-09,-3.363044473549443e-10
spin_dephasing,Spin dephasing,3.3333333333333335,2.0,C,"IX,ZI",2.1243123149512958e-09,6.372936944853887e-10
spin_dephasing,Spin dephasing,3.3333333333333335,2.0,C,"IX,ZX",-3.1329632491755215e-09,-9.398889747526565e-10
spin_dephasing,Spin dephasing,3.3333333333333335,2.0,C,"IX,ZY",1.0775043455296302e-09,3.2325130365888904e-10
spin_dephasing,Spin dephasing,3.3333333333333335,2.0,C,"IX,ZZ",1.2337595639941175e-09,3.701278691982352e-10
spin_dephasing,Spin dephasing,3.3333333333333335,2.0,C,"IY,IZ",-4.552532778553752e-09,-1.3657598335661257e-09
spin_dephasing,Spin dephasing,3.3333333333333335,2.0,C,"IY,XI",-1.1420875374804332e-10,-3.4262626124412995e-11
spin_dephasing,Spin dephasing,3.3333333333333335,2.0,C,"IY,XX",4.771938408932667e-09,1.4315815226798e-09
spin_dephasing,Spin dephasing,3.3333333333333335,2.0,C,"IY,XY",-4.9908023392640134e-09,-1.497240701779204e-09
spin_dephasing,Spin dephasing,3.3333333333333335,2.0,C,"IY,XZ",-1.8087451494358354e-05,-5.426235448307506e-06
spin_dephasing,Spin dephasing,3.3333333333333335,2.0,C,"IY,YI",2.620130956922905e-10,7.860392870768715e-11
spin_dephasing,Spin dephasing,3.3333333333333335,2.0,C,"IY,YX",1.0726955970446463e-09,3.2180867911339387e-10
spin_dephasing,Spin dephasing,3.3333333333333335,2.0,C,"IY,YY",1.1425864857189e-08,3.4277594571567e-09
spin_dephasing,Spin dephasing,3.3333333333333335,2.0,C,"IY,YZ",5.471200661298844e-09,1.6413601983896531e-09
spin_dephasing,Spin dephasing,3.3333333333333335,2.0,C,"IY,ZI",3.240104191289614e-09,9.720312573868842e-10
spin_dephasing,Spin dephasing,3.3333333333333335,2.0,C,"IY,ZX",6.258408302228257e-10,1.877522490668477e-10
spin_dephasing,Spin dephasing,3.3333333333333335,2.0,C,"IY,ZY",2.8918763341270106e-09,8.675629002381032e-10
spin_dephasing,Spin dephasing,3.3333333333333335,2.0,C,"IY,ZZ",1.7157512608695825e-09,5.147253782608747e-10
spin_dephasing,Spin dephasing,3.3333333333333335,2.0,C,"IZ,XI",-2.5998210361031156e-09,-7.799463108309347e-10
spin_dephasing,Spin dephasing,3.3333333333333335,2.0,C,"IZ,XX",3.279699591955017e-09,9.839098775865052e-10
spin_dephasing,Spin dephasing,3.3333333333333335,2.0,C,"IZ,XY",1.9086447306381788e-05,5.725934191914536e-06
spin_dephasing,Spin dephasing,3.3333333333333335,2.0,C,"IZ,XZ",5.667783020729702e-09,1.7003349062189105e-09
spin_dephasing,Spin dephasing,3.3333333333333335,2.0,C,"IZ,YI",2.5088400004754673e-09,7.526520001426402e-10
spin_dephasing,Spin dephasing,3.3333333333333335,2.0,C,"IZ,YX",-6.0965268155136116e-09,-1.8289580446540833e-09
spin_dephasing,Spin dephasing,3.3333333333333335,2.0,C,"IZ,YY",5.960229108697396e-09,1.7880687326092188e-09
spin_dephasing,Spin dephasing,3.3333333333333335,2.0,C,"IZ,YZ",-1.0458767841642214e-08,-3.1376303524926643e-09
spin_dephasing,Spin dephasing,3.3333333333333335,2.0,C,"IZ,ZI",-2.5283876673657693e-09,-7.585163002097308e-10
spin_dephasing,Spin dephasing,3.3333333333333335,2.0,C,"IZ,ZX",5.265602736358742e-09,1.5796808209076225e-09
spin_dephasing,Spin dephasing,3.3333333333333335,2.0,C,"IZ,ZY",2.955622368510013e-09,8.866867105530038e-10
spin_dephasing,Spin dephasing,3.3333333333333335,2.0,C,"IZ,ZZ",-2.285742841795848e-09,-6.857228525387544e-10
spin_dephasing,Spin dephasing,3.3333333333333335,2.0,C,"XI,XX",5.260652126476885e-10,1.5781956379430653e-10
spin_dephasing,Spin dephasing,3.3333333333333335,2.0,C,"XI,XY",-9.211481596099337e-09,-2.763444478829801e-09
spin_dephasing,Spin dephasing,3.3333333333333335,2.0,C,"XI,XZ",9.9369210066453e-10,2.9810763019935896e-10
spin_dephasing,Spin dephasing,3.3333333333333335,2.0,C,"XI,YI",2.0409665780080977e-09,6.122899734024293e-10
spin_dephasing,Spin dephasing,3.3333333333333335,2.0,C,"XI,YX",-1.3377189851433042e-09,-4.0131569554299126e-10
spin_dephasing,Spin dephasing,3.3333333333333335,2.0,C,"XI,YY",2.605731575441535e-09,7.817194726324604e-10
spin_dephasing,Spin dephasing,3.3333333333333335,2.0,C,"XI,YZ",1.2518865676587498e-09,3.755659702976249e-10
spin_dephasing,Spin dephasing,3.3333333333333335,2.0,C,"XI,ZI",3.105893238278259e-09,9.317679714834777e-10
spin_dephasing,Spin dephasing,3.3333333333333335,2.0,C,"XI,ZX",3.689610387648028e-09,1.1068831162944083e-09
spin_dephasing,Spin dephasing,3.3333333333333335,2.0,C,"XI,ZY",-1.2089885295746909e-09,-3.626965588724072e-10
spin_dephasing,Spin dephasing,3.3333333333333335,2.0,C,"XI,ZZ",-1.7729759620454266e-09,-5.31892788613628e-10
spin_dephasing,Spin dephasing,3.3333333333333335,2.0,C,"XX,XY",-2.837794702161881e-10,-8.513384106485642e-11
spin_dephasing,Spin dephasing,3.3333333333333335,2.0,C,"XX,XZ",-3.530738565651174e-09,-1.059221569695352e-09
spin_dephasing,Spin dephasing,3.3333333333333335,2.0,C,"XX,YI",3.86615752340842e-09,1.159847257022526e-09
spin_dephasing,Spin dephasing,3.3333333333333335,2.0,C,"XX,YX",-1.2273488184485117e-09,-3.682046455345535e-10
spin_dephasing,Spin dephasing,3.3333333333333335,2.0,C,"XX,YY",-5.824881558705347e-11,-1.747464467611604e-11
spin_dephasing,Spin dephasing,3.3333333333333335,2.0,C,"XX,YZ",-6.04819605264067e-09,-1.814458815792201e-09
spin_dephasing,Spin dephasing,3.3333333333333335,2.0,C,"XX,ZI",-7.320400886345176e-11,-2.196120265903553e-11
spin_dephasing,Spin dephasing,3.3333333333333335,2.0,C,"XX,ZX",6.033040549805444e-09,1.809912164941633e-09
spin_dephasing,Spin dephasing,3.3333333333333335,2.0,C,"XX,ZY",-3.828327310043505e-09,-1.1484981930130514e-09
spin_dephasing,Spin dephasing,3.3333333333333335,2.0,C,"XX,ZZ",1.1343296806115557e-09,3.402989041834667e-10
spin_dephasing,Spin dephasing,3.3333333333333335,2.0,C,"XY,XZ",-4.102510805092593e-09,-1.2307532415277779e-09
spin_dephasing,Spin dephasing,3.3333333333333335,2.0,C,"XY,YI",-5.899103565216973e-09,-1.7697310695650919e-09
spin_dephasing,Spin dephasing,3.3333333333333335,2.0,C,"XY,YX",5.583375811473912e-09,1.6750127434421734e-09
spin_dephasing,Spin dephasing,3.3333333333333335,2.0,C,"XY,YY",7.871086585286227e-10,2.361325975585868e-10
spin_dephasing,Spin dephasing,3.3333333333333335,2.0,C,"XY,YZ",1.9658607593947215e-09,5.897582278184164e-10
spin_dephasing,Spin dephasing,3.3333333333333335,2.0,C,"XY,ZI",-6.560747955816011e-09,-1.968224386744803e-09
spin_dephasing,Spin dephasing,3.3333333333333335,2.0,C,"XY,ZX",2.8296974385567663e-09,8.489092315670299e-10
spin_dephasing,Spin dephasing,3.3333333333333335,2.0,C,"XY,ZY",2.5190128070184315e-10,7.557038421055294e-11
spin_dephasing,Spin dephasing,3.3333333333333335,2.0,C,"XY,ZZ",-4.276423351902353e-10,-1.2829270055707059e-10
spin_dephasing,Spin dephasing,3.3333333333333335,2.0,C,"XZ,YI",-3.795992014028473e-10,-1.1387976042085418e-10
spin_dephasing,Spin dephasing,3.3333333333333335,2.0,C,"XZ,YX",3.5717206547772906e-09,1.0715161964331871e-09
spin_dephasing,Spin dephasing,3.3333333333333335,2.0,C,"XZ,YY",1.5555353681834709e-09,4.666606104550412e-10
spin_dephasing,Spin dephasing,3.3333333333333335,2.0,C,"XZ,YZ",9.760037515880343e-10,2.928011254764103e-10
spin_dephasing,Spin dephasing,3.3333333333333335,2.0,C,"XZ,ZI",-1.7430275679756895e-09,-5.229082703927068e-10
spin_dephasing,Spin dephasing,3.3333333333333335,2.0,C,"XZ,ZX",-1.7830187227199977e-10,-5.349056168159993e-11
spin_dephasing,Spin dephasing,3.3333333333333335,2.0,C,"XZ,ZY",1.5717899033596364e-09,4.715369710078909e-10
spin_dephasing,Spin dephasing,3.3333333333333335,2.0,C,"XZ,ZZ",-4.0375680113619055e-12,-1.2112704034085716e-12
spin_dephasing,Spin dephasing,3.3333333333333335,2.0,C,"YI,YX",4.497787886404583e-09,1.3493363659213748e-09
spin_dephasing,Spin dephasing,3.3333333333333335,2.0,C,"YI,YY",9.208082350999088e-09,2.7624247052997262e-09
spin_dephasing,Spin dephasing,3.3333333333333335,2.0,C,"YI,YZ",-1.336047153379724e-09,-4.008141460139172e-10
spin_dephasing,Spin dephasing,3.3333333333333335,2.0,C,"YI,ZI",-1.863177429988216e-08,-5.589532289964648e-09
spin_dephasing,Spin dephasing,3.3333333333333335,2.0,C,"YI,ZX",-1.8078203509391978e-05,-5.423461052817593e-06
spin_dephasing,Spin dephasing,3.3333333333333335,2.0,C,"YI,ZY",6.318278136014874e-10,1.895483440804462e-10
spin_dephasing,Spin dephasing,3.3333333333333335,2.0,C,"YI,ZZ",2.736936912876501e-09,8.210810738629502e-10
spin_dephasing,Spin dephasing,3.3333333333333335,2.0,C,"YX,YY",-2.5689546925916163e-10,-7.706864077774848e-11
spin_dephasing,Spin dephasing,3.3333333333333335,2.0,C,"YX,YZ",-3.2343672625811307e-09,-9.70310178774339e-10
spin_dephasing,Spin dephasing,3.3333333333333335,2.0,C,"YX,ZI",1.9094806741491194e-05,5.728442022447358e-06
spin_dephasing,Spin dephasing,3.3333333333333335,2.0,C,"YX,ZX",-1.3549712514381523e-08,-4.064913754314457e-09
spin_dephasing,Spin dephasing,3.3333333333333335,2.0,C,"YX,ZY",-1.7655793743286009e-09,-5.296738122985802e-10
spin_dephasing,Spin dephasing,3.3333333333333335,2.0,C,"YX,ZZ",1.6580326414571048e-09,4.974097924371314e-10
spin_dephasing,Spin dephasing,3.3333333333333335,2.0,C,"YY,YZ",-1.042472883982141e-09,-3.127418651946423e-10
spin_dephasing,Spin dephasing,3.3333333333333335,2.0,C,"YY,ZI",-4.186207685743298e-09,-1.2558623057229894e-09
spin_dephasing,Spin dephasing,3.3333333333333335,2.0,C,"YY,ZX",3.695000679580693e-09,1.1085002038742078e-09
spin_dephasing,Spin dephasing,3.3333333333333335,2.0,C,"YY,ZY",-8.273135520710266e-09,-2.4819406562130797e-09
spin_dephasing,Spin dephasing,3.3333333333333335,2.0,C,"YY,ZZ",1.6247986102653724e-09,4.874395830796117e-10
spin_dephasing,Spin dephasing,3.3333333333333335,2.0,C,"YZ,ZI",2.793767159595213e-09,8.381301478785639e-10
spin_dephasing,Spin dephasing,3.3333333333333335,2.0,C,"YZ,ZX",8.73858803084158e-10,2.6215764092524736e-10
spin_dephasing,Spin dephasing,3.3333333333333335,2.0,C,"YZ,ZY",2.273065460616433e-09,6.819196381849299e-10
spin_dephasing,Spin dephasing,3.3333333333333335,2.0,C,"YZ,ZZ",-5.690066670251856e-09,-1.7070200010755567e-09
spin_dephasing,Spin dephasing,3.3333333333333335,2.0,C,"ZI,ZX",-1.918789806829245e-09,-5.756369420487735e-10
spin_dephasing,Spin dephasing,3.3333333333333335,2.0,C,"ZI,ZY",-1.1109526287578435e-08,-3.33285788627353e-09
spin_dephasing,Spin dephasing,3.3333333333333335,2.0,C,"ZI,ZZ",6.71599498328542e-09,2.014798494985626e-09
spin_dephasing,Spin dephasing,3.3333333333333335,2.0,C,"ZX,ZY",-1.304138966797496e-09,-3.9124169003924875e-10
spin_dephasing,Spin dephasing,3.3333333333333335,2.0,C,"ZX,ZZ",-2.590081714407485e-09,-7.770245143222455e-10
spin_dephasing,Spin dephasing,3.3333333333333335,2.0,C,"ZY,ZZ",-2.761478365212176e-09,-8.284435095636527e-10
spin_dephasing,Spin dephasing,3.3333333333333335,2.0,H,IX,3.195331739987875e-09,9.585995219963625e-10
spin_dephasing,Spin dephasing,3.3333333333333335,2.0,H,IY,3.0234809456589465e-09,9.070442836976839e-10
spin_dephasing,Spin dephasing,3.3333333333333335,2.0,H,IZ,4.4152680816716037e-10,1.3245804245014812e-10
spin_dephasing,Spin dephasing,3.3333333333333335,2.0,H,XI,9.575289431788006e-09,2.8725868295364017e-09
spin_dephasing,Spin dephasing,3.3333333333333335,2.0,H,XX,1.79565568145552e-10,5.38696704436656e-11
spin_dephasing,Spin dephasing,3.3333333333333335,2.0,H,XY,-3.786930230940003e-09,-1.1360790692820009e-09
spin_dephasing,Spin dephasing,3.3333333333333335,2.0,H,XZ,5.4968583611525245e-09,1.6490575083457572e-09
spin_dephasing,Spin dephasing,3.3333333333333335,2.0,H,YI,-6.599154673954481e-09,-1.9797464021863442e-09
spin_dephasing,Spin dephasing,3.3333333333333335,2.0,H,YX,-4.930837183647658e-10,-1.4792511550942973e-10
spin_dephasing,Spin dephasing,3.3333333333333335,2.0,H,YY,9.789119505832397e-09,2.936735851749719e-09
spin_dephasing,Spin dephasing,3.3333333333333335,2.0,H,YZ,2.7499314070943665e-09,8.2497942212831e-10
spin_dephasing,Spin dephasing,3.3333333333333335,2.0,H,ZI,8.358794570277595e-10,2.5076383710832786e-10
spin_dephasing,Spin dephasing,3.3333333333333335,2.0,H,ZX,5.928394295951074e-09,1.7785182887853223e-09
spin_dephasing,Spin dephasing,3.3333333333333335,2.0,H,ZY,-2.210803354951476e-09,-6.632410064854428e-10
spin_dephasing,Spin dephasing,3.3333333333333335,2.0,H,ZZ,3.603965694635311e-16,1.0811897083905934e-16
spin_dephasing,Spin dephasing,3.3333333333333335,2.0,S,IX,5.728391782820199e-09,1.7185175348460597e-09
spin_dephasing,Spin dephasing,3.3333333333333335,2.0,S,IY,3.37559132844758e-05,1.012677398534274e-05
spin_dephasing,Spin dephasing,3.3333333333333335,2.0,S,IZ,4.955246435421707e-05,1.486573930626512e-05
spin_dephasing,Spin dephasing,3.3333333333333335,2.0,S,XI,8.843662486270618e-09,2.653098745881185e-09
spin_dephasing,Spin dephasing,3.3333333333333335,2.0,S,XX,3.492448594378874e-08,1.0477345783136622e-08
spin_dephasing,Spin dephasing,3.3333333333333335,2.0,S,XY,4.95656944286384e-05,1.486970832859152e-05
spin_dephasing,Spin dephasing,3.3333333333333335,2.0,S,XZ,3.375574388862676e-05,1.0126723166588028e-05
spin_dephasing,Spin dephasing,3.3333333333333335,2.0,S,YI,3.3747334123760974e-05,1.0124200237128292e-05
spin_dephasing,Spin dephasing,3.3333333333333335,2.0,S,YX,4.9559461791546155e-05,1.4867838537463846e-05
spin_dephasing,Spin dephasing,3.3333333333333335,2.0,S,YY,4.8943643923889005e-09,1.46830931771667e-09
spin_dephasing,Spin dephasing,3.3333333333333335,2.0,S,YZ,6.059676556718842e-10,1.8179029670156524e-10
spin_dephasing,Spin dephasing,3.3333333333333335,2.0,S,ZI,4.954564218352317e-05,1.4863692655056951e-05
spin_dephasing,Spin dephasing,3.3333333333333335,2.0,S,ZX,3.375778383609444e-05,1.0127335150828332e-05
spin_dephasing,Spin dephasing,3.3333333333333335,2.0,S,ZY,5.1392812963326146e-09,1.5417843888997844e-09
spin_dephasing,Spin dephasing,3.3333333333333335,2.0,S,ZZ,2.5018527440277296e-09,7.505558232083188e-10
spin_dephasing,Spin dephasing,3.3333333333333335,3.0,A,"IX,IY",-1.4961565273613304e-10,-4.488469582083991e-11
spin_dephasing,Spin dephasing,3.3333333333333335,3.0,A,"IX,IZ",8.492110398936154e-09,2.547633119680846e-09
spin_dephasing,Spin dephasing,3.3333333333333335,3.0,A,"IX,XI",7.899896977910554e-09,2.369969093373166e-09
spin_dephasing,Spin dephasing,3.3333333333333335,3.0,A,"IX,XX",1.2854120755983193e-08,3.8562362267949575e-09
spin_dephasing,Spin dephasing,3.3333333333333335,3.0,A,"IX,XY",-9.431726054700832e-09,-2.8295178164102493e-09
spin_dephasing,Spin dephasing,3.3333333333333335,3.0,A,"IX,XZ",1.559068431336471e-10,4.677205294009413e-11
spin_dephasing,Spin dephasing,3.3333333333333335,3.0,A,"IX,YI",1.0116328411860752e-08,3.0348985235582257e-09
spin_dephasing,Spin dephasing,3.3333333333333335,3.0,A,"IX,YX",6.469252036831808e-09,1.9407756110495426e-09
spin_dephasing,Spin dephasing,3.3333333333333335,3.0,A,"IX,YY",-2.3129620117889757e-09,-6.938886035366926e-10
spin_dephasing,Spin dephasing,3.3333333333333335,3.0,A,"IX,YZ",3.1582423659681088e-09,9.474727097904327e-10
spin_dephasing,Spin dephasing,3.3333333333333335,3.0,A,"IX,ZI",-8.632260928192757e-09,-2.589678278457827e-09
spin_dephasing,Spin dephasing,3.3333333333333335,3.0,A,"IX,ZX",1.9570452725016223e-09,5.871135817504866e-10
spin_dephasing,Spin dephasing,3.3333333333333335,3.0,A,"IX,ZY",-8.903858808556716e-09,-2.6711576425670148e-09
spin_dephasing,Spin dephasing,3.3333333333333335,3.0,A,"IX,ZZ",-2.652417739752485e-09,-7.957253219257455e-10
spin_dephasing,Spin dephasing,3.3333333333333335,3.0,A,"IY,IZ",2.9927983443317673e-09,8.978395032995301e-10
spin_dephasing,Spin dephasing,3.3333333333333335,3.0,A,"IY,XI",-1.4288729281614314e-08,-4.286618784484294e-09
spin_dephasing,Spin dephasing,3.3333333333333335,3.0,A,"IY,XX",6.702915242664791e-09,2.0108745727994373e-09
spin_dephasing,Spin dephasing,3.3333333333333335,3.0,A,"IY,XY",1.4440289363934004e-08,4.332086809180201e-09
spin_dephasing,Spin dephasing,3.3333333333333335,3.0,A,"IY,XZ",2.9481090472989445e-10,8.844327141896833e-11
spin_dephasing,Spin dephasing,3.3333333333333335,3.0,A,"IY,YI",1.3704177104756589e-09,4.1112531314269763e-10
spin_dephasing,Spin dephasing,3.3333333333333335,3.0,A,"IY,YX",-2.5768026836003735e-10,-7.73040805080112e-11
spin_dephasing,Spin dephasing,3.3333333333333335,3.0,A,"IY,YY",-2.6049317882388637e-09,-7.814795364716591e-10
spin_dephasing,Spin dephasing,3.3333333333333335,3.0,A,"IY,YZ",8.529645952677458e-10,2.5588937858032373e-10
spin_dephasing,Spin dephasing,3.3333333333333335,3.0,A,"IY,ZI",-4.189857203761852e-09,-1.2569571611285555e-09
spin_dephasing,Spin dephasing,3.3333333333333335,3.0,A,"IY,ZX",3.890436739173961e-09,1.1671310217521882e-09
spin_dephasing,Spin dephasing,3.3333333333333335,3.0,A,"IY,ZY",6.588353089948202e-10,1.9765059269844604e-10
spin_dephasing,Spin dephasing,3.3333333333333335,3.0,A,"IY,ZZ",-7.096117931058696e-09,-2.1288353793176086e-09
spin_dephasing,Spin dephasing,3.3333333333333335,3.0,A,"IZ,XI",1.4131051650703393e-08,4.239315495211018e-09
spin_dephasing,Spin dephasing,3.3333333333333335,3.0,A,"IZ,XX",3.2978018490494418e-09,9.893405547148325e-10
spin_dephasing,Spin dephasing,3.3333333333333335,3.0,A,"IZ,XY",2.191995235534062e-09,6.575985706602186e-10
spin_dephasing,Spin dephasing,3.3333333333333335,3.0,A,"IZ,XZ",1.5815625195767966e-08,4.744687558730389e-09
spin_dephasing,Spin dephasing,3.3333333333333335,3.0,A,"IZ,YI",-1.001240745128655e-09,-3.003722235385965e-10
spin_dephasing,Spin dephasing,3.3333333333333335,3.0,A,"IZ,YX",3.054543931285465e-09,9.163631793856395e-10
spin_dephasing,Spin dephasing,3.3333333333333335,3.0,A,"IZ,YY",1.0887063556406547e-09,3.266119066921964e-10
spin_dephasing,Spin dephasing,3.3333333333333335,3.0,A,"IZ,YZ",-1.3942770473909811e-09,-4.182831142172943e-10
spin_dephasing,Spin dephasing,3.3333333333333335,3.0,A,"IZ,ZI",5.389011958154814e-10,1.616703587446444e-10
spin_dephasing,Spin dephasing,3.3333333333333335,3.0,A,"IZ,ZX",1.89351412483335e-09,5.68054237450005e-10
spin_dephasing,Spin dephasing,3.3333333333333335,3.0,A,"IZ,ZY",-3.756079764250398e-09,-1.1268239292751195e-09
spin_dephasing,Spin dephasing,3.3333333333333335,3.0,A,"IZ,ZZ",1.6404980008092288e-10,4.921494002427686e-11
spin_dephasing,Spin dephasing,3.3333333333333335,3.0,A,"XI,XX",-1.946424699338445e-09,-5.839274098015335e-10
spin_dephasing,Spin dephasing,3.3333333333333335,3.0,A,"XI,XY",6.501937208285247e-09,1.950581162485574e-09
spin_dephasing,Spin dephasing,3.3333333333333335,3.0,A,"XI,XZ",1.2951078684558055e-10,3.885323605367416e-11
spin_dephasing,Spin dephasing,3.3333333333333335,3.0,A,"XI,YI",4.349981735786396e-09,1.3049945207359187e-09
spin_dephasing,Spin dephasing,3.3333333333333335,3.0,A,"XI,YX",2.881648800662859e-10,8.644946401988577e-11
spin_dephasing,Spin dephasing,3.3333333333333335,3.0,A,"XI,YY",-6.413923572882511e-09,-1.9241770718647532e-09
spin_dephasing,Spin dephasing,3.3333333333333335,3.0,A,"XI,YZ",4.9579262859484705e-09,1.487377885784541e-09
spin_dephasing,Spin dephasing,3.3333333333333335,3.0,A,"XI,ZI",1.2897288592800325e-08,3.8691865778400974e-09
spin_dephasing,Spin dephasing,3.3333333333333335,3.0,A,"XI,ZX",1.208612896961294e-09,3.625838690883882e-10
spin_dephasing,Spin dephasing,3.3333333333333335,3.0,A,"XI,ZY",-4.9507115840724204e-09,-1.4852134752217261e-09
spin_dephasing,Spin dephasing,3.3333333333333335,3.0,A,"XI,ZZ",-6.122018094419804e-09,-1.8366054283259412e-09
spin_dephasing,Spin dephasing,3.3333333333333335,3.0,A,"XX,XY",4.73080306278224e-10,1.419240918834672e-10
spin_dephasing,Spin dephasing,3.3333333333333335,3.0,A,"XX,XZ",-1.025228739707798e-09,-3.075686219123394e-10
spin_dephasing,Spin dephasing,3.3333333333333335,3.0,A,"XX,YI",6.661693802880699e-10,1.9985081408642097e-10
spin_dephasing,Spin dephasing,3.3333333333333335,3.0,A,"XX,YX",-3.721339772555568e-09,-1.1164019317666703e-09
spin_dephasing,Spin dephasing,3.3333333333333335,3.0,A,"XX,YY",-3.2712556517823786e-16,-9.813766955347135e-17
spin_dephasing,Spin dephasing,3.3333333333333335,3.0,A,"XX,YZ",-1.0241467707806397e-08,-3.072440312341919e-09
spin_dephasing,Spin dephasing,3.3333333333333335,3.0,A,"XX,ZI",-5.2417259512500595e-12,-1.5725177853750178e-12
spin_dephasing,Spin dephasing,3.3333333333333335,3.0,A,"XX,ZX",-4.219865439552565e-09,-1.2659596318657694e-09
spin_dephasing,Spin dephasing,3.3333333333333335,3.0,A,"XX,ZY",7.442413435142655e-10,2.2327240305427966e-10
spin_dephasing,Spin dephasing,3.3333333333333335,3.0,A,"XX,ZZ",8.752285001199578e-09,2.6256855003598733e-09
spin_dephasing,Spin dephasing,3.3333333333333335,3.0,A,"XY,XZ",6.8085963541261005e-09,2.04257890623783e-09
spin_dephasing,Spin dephasing,3.3333333333333335,3.0,A,"XY,YI",-3.0360082827548604e-09,-9.108024848264581e-10
spin_dephasing,Spin dephasing,3.3333333333333335,3.0,A,"XY,YX",2.1704009513264343e-09,6.511202853979303e-10
spin_dephasing,Spin dephasing,3.3333333333333335,3.0,A,"XY,YY",-8.585287064615494e-10,-2.5755861193846483e-10
spin_dephasing,Spin dephasing,3.3333333333333335,3.0,A,"XY,YZ",5.766879751631833e-09,1.7300639254895498e-09
spin_dephasing,Spin dephasing,3.3333333333333335,3.0,A,"XY,ZI",-1.926281644354684e-09,-5.778844933064052e-10
spin_dephasing,Spin dephasing,3.3333333333333335,3.0,A,"XY,ZX",-1.8240897331988612e-09,-5.472269199596583e-10
spin_dephasing,Spin dephasing,3.3333333333333335,3.0,A,"XY,ZY",-3.608693144496385e-08,-1.0826079433489154e-08
spin_dephasing,Spin dephasing,3.3333333333333335,3.0,A,"XY,ZZ",2.270688266306146e-09,6.812064798918438e-10
spin_dephasing,Spin dephasing,3.3333333333333335,3.0,A,"XZ,YI",5.388163453901508e-09,1.6164490361704524e-09
spin_dephasing,Spin dephasing,3.3333333333333335,3.0,A,"XZ,YX",-4.677006933977241e-09,-1.4031020801931723e-09
spin_dephasing,Spin dephasing,3.3333333333333335,3.0,A,"XZ,YY",2.6763864654616904e-09,8.02915939638507e-10
spin_dephasing,Spin dephasing,3.3333333333333335,3.0,A,"XZ,YZ",3.744761111317953e-09,1.1234283333953859e-09
spin_dephasing,Spin dephasing,3.3333333333333335,3.0,A,"XZ,ZI",-5.699625759554842e-09,-1.7098877278664526e-09
spin_dephasing,Spin dephasing,3.3333333333333335,3.0,A,"XZ,ZX",2.632604421996293e-09,7.897813265988879e-10
spin_dephasing,Spin dephasing,3.3333333333333335,3.0,A,"XZ,ZY",7.0068713414181466e-09,2.102061402425444e-09
spin_dephasing,Spin dephasing,3.3333333333333335,3.0,A,"XZ,ZZ",3.289083854852272e-08,9.867251564556817e-09
spin_dephasing,Spin dephasing,3.3333333333333335,3.0,A,"YI,YX",8.489035388568098e-09,2.5467106165704294e-09
spin_dephasing,Spin dephasing,3.3333333333333335,3.0,A,"YI,YY",-1.1068774189974102e-08,-3.3206322569922303e-09
spin_dephasing,Spin dephasing,3.3333333333333335,3.0,A,"YI,YZ",-1.3645014266138588e-09,-4.0935042798415763e-10
spin_dephasing,Spin dephasing,3.3333333333333335,3.0,A,"YI,ZI",-8.354666764128364e-09,-2.506400029238509e-09
spin_dephasing,Spin dephasing,3.3333333333333335,3.0,A,"YI,ZX",9.220429671072899e-10,2.7661289013218697e-10
spin_dephasing,Spin dephasing,3.3333333333333335,3.0,A,"YI,ZY",-1.239141407742083e-09,-3.7174242232262486e-10
spin_dephasing,Spin dephasing,3.3333333333333335,3.0,A,"YI,ZZ",-3.3604547134473654e-10,-1.0081364140342096e-10
spin_dephasing,Spin dephasing,3.3333333333333335,3.0,A,"YX,YY",1.1411520234697231e-08,3.423456070409169e-09
spin_dephasing,Spin dephasing,3.3333333333333335,3.0,A,"YX,YZ",-3.576040098836182e-08,-1.0728120296508547e-08
spin_dephasing,Spin dephasing,3.3333333333333335,3.0,A,"YX,ZI",-3.63427548359778e-09,-1.090282645079334e-09
spin_dephasing,Spin dephasing,3.3333333333333335,3.0,A,"YX,ZX",1.3900412043705583e-08,4.170123613111675e-09
spin_dephasing,Spin dephasing,3.3333333333333335,3.0,A,"YX,ZY",7.340852775268871e-09,2.2022558325806613e-09
spin_dephasing,Spin dephasing,3.3333333333333335,3.0,A,"YX,ZZ",-1.0721802669254011e-08,-3.216540800776203e-09
spin_dephasing,Spin dephasing,3.3333333333333335,3.0,A,"YY,YZ",-9.968993777016978e-09,-2.990698133105093e-09
spin_dephasing,Spin dephasing,3.3333333333333335,3.0,A,"YY,ZI",-3.5815841651764564e-09,-1.074475249552937e-09
spin_dephasing,Spin dephasing,3.3333333333333335,3.0,A,"YY,ZX",-8.743283824596704e-10,-2.622985147379011e-10
spin_dephasing,Spin dephasing,3.3333333333333335,3.0,A,"YY,ZY",1.032465826000258e-09,3.0973974780007737e-10
spin_dephasing,Spin dephasing,3.3333333333333335,3.0,A,"YY,ZZ",2.156143670551514e-08,6.468431011654542e-09
spin_dephasing,Spin dephasing,3.3333333333333335,3.0,A,"YZ,ZI",1.3407689578070756e-08,4.022306873421227e-09
spin_dephasing,Spin dephasing,3.3333333333333335,3.0,A,"YZ,ZX",-9.036651707812483e-09,-2.7109955123437446e-09
spin_dephasing,Spin dephasing,3.3333333333333335,3.0,A,"YZ,ZY",-7.368719032521676e-09,-2.2106157097565025e-09
spin_dephasing,Spin dephasing,3.3333333333333335,3.0,A,"YZ,ZZ",-8.369190845018325e-09,-2.5107572535054976e-09
spin_dephasing,Spin dephasing,3.3333333333333335,3.0,A,"ZI,ZX",8.260891102657217e-09,2.478267330797165e-09
spin_dephasing,Spin dephasing,3.3333333333333335,3.0,A,"ZI,ZY",-8.417692086279056e-09,-2.5253076258837167e-09
spin_dephasing,Spin dephasing,3.3333333333333335,3.0,A,"ZI,ZZ",3.586731685326273e-10,1.076019505597882e-10
spin_dephasing,Spin dephasing,3.3333333333333335,3.0,A,"ZX,ZY",6.51168966241649e-09,1.953506898724947e-09
spin_dephasing,Spin dephasing,3.3333333333333335,3.0,A,"ZX,ZZ",3.717383892659495e-08,1.1152151677978485e-08
spin_dephasing,Spin dephasing,3.3333333333333335,3.0,A,"ZY,ZZ",-1.3228913983040989e-08,-3.968674194912297e-09
spin_dephasing,Spin dephasing,3.3333333333333335,3.0,C,"IX,IY",2.059174017216437e-09,6.177522051649311e-10
spin_dephasing,Spin dephasing,3.3333333333333335,3.0,C,"IX,IZ",1.3480825680648885e-09,4.0442477041946653e-10
spin_dephasing,Spin dephasing,3.3333333333333335,3.0,C,"IX,XI",1.4419935272020801e-08,4.32598058160624e-09
spin_dephasing,Spin dephasing,3.3333333333333335,3.0,C,"IX,XX",-3.766174727076888e-09,-1.1298524181230664e-09
spin_dephasing,Spin dephasing,3.3333333333333335,3.0,C,"IX,XY",-1.6257728186373538e-08,-4.877318455912061e-09
spin_dephasing,Spin dephasing,3.3333333333333335,3.0,C,"IX,XZ",-1.2952515383790572e-08,-3.8857546151371715e-09
spin_dephasing,Spin dephasing,3.3333333333333335,3.0,C,"IX,YI",-9.755392289104197e-11,-2.926617686731259e-11
spin_dephasing,Spin dephasing,3.3333333333333335,3.0,C,"IX,YX",9.433794307205637e-09,2.830138292161691e-09
spin_dephasing,Spin dephasing,3.3333333333333335,3.0,C,"IX,YY",-3.3584689598456694e-09,-1.0075406879537007e-09
spin_dephasing,Spin dephasing,3.3333333333333335,3.0,C,"IX,YZ",-9.067379848432366e-10,-2.7202139545297095e-10
spin_dephasing,Spin dephasing,3.3333333333333335,3.0,C,"IX,ZI",6.641168897572098e-09,1.9923506692716294e-09
spin_dephasing,Spin dephasing,3.3333333333333335,3.0,C,"IX,ZX",-1.4437481057012046e-09,-4.3312443171036134e-10
spin_dephasing,Spin dephasing,3.3333333333333335,3.0,C,"IX,ZY",-1.6944375536126706e-10,-5.083312660838012e-11
spin_dephasing,Spin dephasing,3.3333333333333335,3.0,C,"IX,ZZ",-9.301434144981762e-09,-2.7904302434945284e-09
spin_dephasing,Spin dephasing,3.3333333333333335,3.0,C,"IY,IZ",-2.5589693290542668e-08,-7.6769079871628e-09
spin_dephasing,Spin dephasing,3.3333333333333335,3.0,C,"IY,XI",-3.0990675932747513e-10,-9.297202779824253e-11
spin_dephasing,Spin dephasing,3.3333333333333335,3.0,C,"IY,XX",5.594688912359461e-09,1.6784066737078384e-09
spin_dephasing,Spin dephasing,3.3333333333333335,3.0,C,"IY,XY",5.638074739280264e-09,1.6914224217840792e-09
spin_dephasing,Spin dephasing,3.3333333333333335,3.0,C,"IY,XZ",-1.8918056559603932e-05,-5.6754169678811795e-06
spin_dephasing,Spin dephasing,3.3333333333333335,3.0,C,"IY,YI",-1.8293002570189205e-09,-5.487900771056761e-10
spin_dephasing,Spin dephasing,3.3333333333333335,3.0,C,"IY,YX",-2.282542163246137e-10,-6.847626489738411e-11
spin_dephasing,Spin dephasing,3.3333333333333335,3.0,C,"IY,YY",3.766935543435288e-08,1.1300806630305864e-08
spin_dephasing,Spin dephasing,3.3333333333333335,3.0,C,"IY,YZ",-6.7639633441128564e-09,-2.029189003233857e-09
spin_dephasing,Spin dephasing,3.3333333333333335,3.0,C,"IY,ZI",3.028645360827325e-09,9.085936082481974e-10
spin_dephasing,Spin dephasing,3.3333333333333335,3.0,C,"IY,ZX",-1.0329581187591069e-09,-3.0988743562773207e-10
spin_dephasing,Spin dephasing,3.3333333333333335,3.0,C,"IY,ZY",-2.074025381407891e-09,-6.222076144223673e-10
spin_dephasing,Spin dephasing,3.3333333333333335,3.0,C,"IY,ZZ",3.3570375019844413e-09,1.0071112505953323e-09
spin_dephasing,Spin dephasing,3.3333333333333335,3.0,C,"IZ,XI",1.4418353917477798e-08,4.3255061752433395e-09
spin_dephasing,Spin dephasing,3.3333333333333335,3.0,C,"IZ,XX",-1.0376279605503882e-08,-3.1128838816511646e-09
spin_dephasing,Spin dephasing,3.3333333333333335,3.0,C,"IZ,XY",1.9957581676137072e-05,5.987274502841121e-06
spin_dephasing,Spin dephasing,3.3333333333333335,3.0,C,"IZ,XZ",5.772766692716789e-09,1.7318300078150366e-09
spin_dephasing,Spin dephasing,3.3333333333333335,3.0,C,"IZ,YI",4.389729570084876e-10,1.3169188710254628e-10
spin_dephasing,Spin dephasing,3.3333333333333335,3.0,C,"IZ,YX",-4.879002530615986e-09,-1.4637007591847958e-09
spin_dephasing,Spin dephasing,3.3333333333333335,3.0,C,"IZ,YY",-2.284793787570057e-09,-6.85438136271017e-10
spin_dephasing,Spin dephasing,3.3333333333333335,3.0,C,"IZ,YZ",-3.496988513447694e-08,-1.049096554034308e-08
spin_dephasing,Spin dephasing,3.3333333333333335,3.0,C,"IZ,ZI",1.1636712594351603e-09,3.491013778305481e-10
spin_dephasing,Spin dephasing,3.3333333333333335,3.0,C,"IZ,ZX",-3.873046692382979e-09,-1.1619140077148935e-09
spin_dephasing,Spin dephasing,3.3333333333333335,3.0,C,"IZ,ZY",3.867861720873935e-09,1.1603585162621804e-09
spin_dephasing,Spin dephasing,3.3333333333333335,3.0,C,"IZ,ZZ",-4.489488195318093e-09,-1.3468464585954278e-09
spin_dephasing,Spin dephasing,3.3333333333333335,3.0,C,"XI,XX",-3.1154540880949892e-09,-9.346362264284967e-10
spin_dephasing,Spin dephasing,3.3333333333333335,3.0,C,"XI,XY",7.075086751021832e-09,2.1225260253065495e-09
spin_dephasing,Spin dephasing,3.3333333333333335,3.0,C,"XI,XZ",3.5406923469858254e-09,1.0622077040957477e-09
spin_dephasing,Spin dephasing,3.3333333333333335,3.0,C,"XI,YI",-1.0320920913073853e-09,-3.096276273922156e-10
spin_dephasing,Spin dephasing,3.3333333333333335,3.0,C,"XI,YX",-1.3606561868194669e-08,-4.081968560458401e-09
spin_dephasing,Spin dephasing,3.3333333333333335,3.0,C,"XI,YY",-6.138472829954095e-09,-1.8415418489862285e-09
spin_dephasing,Spin dephasing,3.3333333333333335,3.0,C,"XI,YZ",6.707847379007882e-10,2.0123542137023646e-10
spin_dephasing,Spin dephasing,3.3333333333333335,3.0,C,"XI,ZI",-3.397159744449346e-11,-1.0191479233348038e-11
spin_dephasing,Spin dephasing,3.3333333333333335,3.0,C,"XI,ZX",-7.668333913842856e-09,-2.3005001741528567e-09
spin_dephasing,Spin dephasing,3.3333333333333335,3.0,C,"XI,ZY",4.061022589967331e-10,1.2183067769901994e-10
spin_dephasing,Spin dephasing,3.3333333333333335,3.0,C,"XI,ZZ",-6.737768428106864e-09,-2.021330528432059e-09
spin_dephasing,Spin dephasing,3.3333333333333335,3.0,C,"XX,XY",2.076687982586493e-09,6.23006394775948e-10
spin_dephasing,Spin dephasing,3.3333333333333335,3.0,C,"XX,XZ",8.373497436638362e-10,2.512049230991509e-10
spin_dephasing,Spin dephasing,3.3333333333333335,3.0,C,"XX,YI",5.023266811472041e-09,1.5069800434416122e-09
spin_dephasing,Spin dephasing,3.3333333333333335,3.0,C,"XX,YX",5.013445698885795e-10,1.5040337096657384e-10
spin_dephasing,Spin dephasing,3.3333333333333335,3.0,C,"XX,YY",1.0041812182079682e-08,3.0125436546239044e-09
spin_dephasing,Spin dephasing,3.3333333333333335,3.0,C,"XX,YZ",-2.1466121390162233e-09,-6.43983641704867e-10
spin_dephasing,Spin dephasing,3.3333333333333335,3.0,C,"XX,ZI",6.457662521701659e-09,1.9372987565104974e-09
spin_dephasing,Spin dephasing,3.3333333333333335,3.0,C,"XX,ZX",-3.955624339303067e-09,-1.18668730179092e-09
spin_dephasing,Spin dephasing,3.3333333333333335,3.0,C,"XX,ZY",-6.58294033188207e-09,-1.974882099564621e-09
spin_dephasing,Spin dephasing,3.3333333333333335,3.0,C,"XX,ZZ",9.443813484843388e-10,2.833144045453016e-10
spin_dephasing,Spin dephasing,3.3333333333333335,3.0,C,"XY,XZ",-2.7586837957090607e-08,-8.276051387127181e-09
spin_dephasing,Spin dephasing,3.3333333333333335,3.0,C,"XY,YI",5.3142196728588485e-09,1.5942659018576546e-09
spin_dephasing,Spin dephasing,3.3333333333333335,3.0,C,"XY,YX",-4.171684123420914e-09,-1.2515052370262742e-09
spin_dephasing,Spin dephasing,3.3333333333333335,3.0,C,"XY,YY",2.183846915681481e-09,6.551540747044443e-10
spin_dephasing,Spin dephasing,3.3333333333333335,3.0,C,"XY,YZ",6.4331639532829464e-09,1.9299491859848838e-09
spin_dephasing,Spin dephasing,3.3333333333333335,3.0,C,"XY,ZI",-6.913121433767885e-09,-2.0739364301303653e-09
spin_dephasing,Spin dephasing,3.3333333333333335,3.0,C,"XY,ZX",6.027489611664563e-09,1.808246883499369e-09
spin_dephasing,Spin dephasing,3.3333333333333335,3.0,C,"XY,ZY",1.5893349872961753e-09,4.768004961888526e-10
spin_dephasing,Spin dephasing,3.3333333333333335,3.0,C,"XY,ZZ",-1.0681845555487399e-10,-3.2045536666462195e-11
spin_dephasing,Spin dephasing,3.3333333333333335,3.0,C,"XZ,YI",-4.0531944527497385e-09,-1.2159583358249215e-09
spin_dephasing,Spin dephasing,3.3333333333333335,3.0,C,"XZ,YX",2.3476233156581655e-09,7.042869946974496e-10
spin_dephasing,Spin dephasing,3.3333333333333335,3.0,C,"XZ,YY",-5.940917965472889e-09,-1.7822753896418667e-09
spin_dephasing,Spin dephasing,3.3333333333333335,3.0,C,"XZ,YZ",-3.233434534650731e-10,-9.700303603952192e-11
spin_dephasing,Spin dephasing,3.3333333333333335,3.0,C,"XZ,ZI",1.8091036163993859e-09,5.427310849198157e-10
spin_dephasing,Spin dephasing,3.3333333333333335,3.0,C,"XZ,ZX",-3.0550223270123323e-09,-9.165066981036997e-10
spin_dephasing,Spin dephasing,3.3333333333333335,3.0,C,"XZ,ZY",6.216156827405703e-11,1.8648470482217107e-11
spin_dephasing,Spin dephasing,3.3333333333333335,3.0,C,"XZ,ZZ",2.3052440148249984e-09,6.915732044474995e-10
spin_dephasing,Spin dephasing,3.3333333333333335,3.0,C,"YI,YX",7.859157122514122e-09,2.3577471367542365e-09
spin_dephasing,Spin dephasing,3.3333333333333335,3.0,C,"YI,YY",3.4086955564995766e-08,1.022608666949873e-08
spin_dephasing,Spin dephasing,3.3333333333333335,3.0,C,"YI,YZ",-3.9570117718302335e-09,-1.18710353154907e-09
spin_dephasing,Spin dephasing,3.3333333333333335,3.0,C,"YI,ZI",-3.811348726844259e-08,-1.1434046180532777e-08
spin_dephasing,Spin dephasing,3.3333333333333335,3.0,C,"YI,ZX",-1.893705815122352e-05,-5.681117445367056e-06
spin_dephasing,Spin dephasing,3.3333333333333335,3.0,C,"YI,ZY",-9.843262542568152e-09,-2.9529787627704456e-09
spin_dephasing,Spin dephasing,3.3333333333333335,3.0,C,"YI,ZZ",2.75656748725077e-09,8.26970246175231e-10
spin_dephasing,Spin dephasing,3.3333333333333335,3.0,C,"YX,YY",1.5527779594843795e-10,4.6583338784531384e-11
spin_dephasing,Spin dephasing,3.3333333333333335,3.0,C,"YX,YZ",9.005463592057247e-09,2.701639077617174e-09
spin_dephasing,Spin dephasing,3.3333333333333335,3.0,C,"YX,ZI",1.9952717359912952e-05,5.985815207973886e-06
spin_dephasing,Spin dephasing,3.3333333333333335,3.0,C,"YX,ZX",-3.8500943236989343e-08,-1.1550282971096802e-08
spin_dephasing,Spin dephasing,3.3333333333333335,3.0,C,"YX,ZY",1.2138650072510336e-08,3.6415950217531006e-09
spin_dephasing,Spin dephasing,3.3333333333333335,3.0,C,"YX,ZZ",2.1207803466113883e-10,6.362341039834165e-11
spin_dephasing,Spin dephasing,3.3333333333333335,3.0,C,"YY,YZ",-1.2071234923459677e-08,-3.621370477037903e-09
spin_dephasing,Spin dephasing,3.3333333333333335,3.0,C,"YY,ZI",1.020882708819756e-08,3.062648126459268e-09
spin_dephasing,Spin dephasing,3.3333333333333335,3.0,C,"YY,ZX",-1.4184428631821143e-08,-4.2553285895463425e-09
spin_dephasing,Spin dephasing,3.3333333333333335,3.0,C,"YY,ZY",-1.1878503026645635e-08,-3.5635509079936903e-09
spin_dephasing,Spin dephasing,3.3333333333333335,3.0,C,"YY,ZZ",1.080982081125393e-08,3.2429462433761787e-09
spin_dephasing,Spin dephasing,3.3333333333333335,3.0,C,"YZ,ZI",6.1464543737036746e-09,1.8439363121111023e-09
spin_dephasing,Spin dephasing,3.3333333333333335,3.0,C,"YZ,ZX",2.519818897509579e-09,7.559456692528736e-10
spin_dephasing,Spin dephasing,3.3333333333333335,3.0,C,"YZ,ZY",6.970362004157807e-09,2.091108601247342e-09
spin_dephasing,Spin dephasing,3.3333333333333335,3.0,C,"YZ,ZZ",-1.8124782331970524e-08,-5.4374346995911575e-09
spin_dephasing,Spin dephasing,3.3333333333333335,3.0,C,"ZI,ZX",6.811956383710334e-09,2.0435869151131e-09
spin_dephasing,Spin dephasing,3.3333333333333335,3.0,C,"ZI,ZY",-3.3841044209389025e-08,-1.0152313262816707e-08
spin_dephasing,Spin dephasing,3.3333333333333335,3.0,C,"ZI,ZZ",-1.7507662847296777e-08,-5.252298854189033e-09
spin_dephasing,Spin dephasing,3.3333333333333335,3.0,C,"ZX,ZY",-9.66955580047432e-10,-2.9008667401422964e-10
spin_dephasing,Spin dephasing,3.3333333333333335,3.0,C,"ZX,ZZ",1.1581298393627945e-08,3.4743895180883835e-09
spin_dephasing,Spin dephasing,3.3333333333333335,3.0,C,"ZY,ZZ",-5.564335806633833e-09,-1.6693007419901498e-09
spin_dephasing,Spin dephasing,3.3333333333333335,3.0,H,IX,-5.797676255059131e-09,-1.7393028765177392e-09
spin_dephasing,Spin dephasing,3.3333333333333335,3.0,H,IY,-2.3621733933718673e-09,-7.086520180115601e-10
spin_dephasing,Spin dephasing,3.3333333333333335,3.0,H,IZ,3.3528474680821935e-11,1.005854240424658e-11
spin_dephasing,Spin dephasing,3.3333333333333335,3.0,H,XI,9.00258573022383e-09,2.700775719067149e-09
spin_dephasing,Spin dephasing,3.3333333333333335,3.0,H,XX,2.8931660088495377e-08,8.679498026548613e-09
spin_dephasing,Spin dephasing,3.3333333333333335,3.0,H,XY,8.851109182469832e-09,2.6553327547409495e-09
spin_dephasing,Spin dephasing,3.3333333333333335,3.0,H,XZ,3.551891056894509e-09,1.0655673170683527e-09
spin_dephasing,Spin dephasing,3.3333333333333335,3.0,H,YI,2.4283867750973657e-09,7.285160325292096e-10
spin_dephasing,Spin dephasing,3.3333333333333335,3.0,H,YX,-7.985262269946602e-09,-2.3955786809839806e-09
spin_dephasing,Spin dephasing,3.3333333333333335,3.0,H,YY,8.752319777935638e-09,2.6256959333806913e-09
spin_dephasing,Spin dephasing,3.3333333333333335,3.0,H,YZ,2.5278760355664706e-09,7.583628106699412e-10
spin_dephasing,Spin dephasing,3.3333333333333335,3.0,H,ZI,-1.5006151323791817e-09,-4.501845397137545e-10
spin_dephasing,Spin dephasing,3.3333333333333335,3.0,H,ZX,3.0214246329523617e-09,9.064273898857085e-10
spin_dephasing,Spin dephasing,3.3333333333333335,3.0,H,ZY,1.3513813840275998e-08,4.054144152082799e-09
spin_dephasing,Spin dephasing,3.3333333333333335,3.0,H,ZZ,-2.022681617185149e-15,-6.068044851555447e-16
spin_dephasing,Spin dephasing,3.3333333333333335,3.0,S,IX,1.6536499851605357e-10,4.9609499554816066e-11
spin_dephasing,Spin dephasing,3.3333333333333335,3.0,S,IY,3.4970764268789963e-05,1.0491229280636989e-05
spin_dephasing,Spin dephasing,3.3333333333333335,3.0,S,IZ,4.833811943001218e-05,1.4501435829003653e-05
spin_dephasing,Spin dephasing,3.3333333333333335,3.0,S,XI,1.2861510937108809e-08,3.8584532811326425e-09
spin_dephasing,Spin dephasing,3.3333333333333335,3.0,S,XX,1.360701523859891e-08,4.082104571579673e-09
spin_dephasing,Spin dephasing,3.3333333333333335,3.0,S,XY,4.830964605995732e-05,1.4492893817987194e-05
spin_dephasing,Spin dephasing,3.3333333333333335,3.0,S,XZ,3.499530940045881e-05,1.0498592820137643e-05
spin_dephasing,Spin dephasing,3.3333333333333335,3.0,S,YI,3.498972236519799e-05,1.0496916709559398e-05
spin_dephasing,Spin dephasing,3.3333333333333335,3.0,S,YX,4.831154992131677e-05,1.449346497639503e-05
spin_dephasing,Spin dephasing,3.3333333333333335,3.0,S,YY,1.1090458092720987e-08,3.3271374278162958e-09
spin_dephasing,Spin dephasing,3.3333333333333335,3.0,S,YZ,3.440204992032688e-09,1.0320614976098063e-09
spin_dephasing,Spin dephasing,3.3333333333333335,3.0,S,ZI,4.833868116200325e-05,1.4501604348600974e-05
spin_dephasing,Spin dephasing,3.3333333333333335,3.0,S,ZX,3.497584958803261e-05,1.0492754876409783e-05
spin_dephasing,Spin dephasing,3.3333333333333335,3.0,S,ZY,-5.83163943766458e-09,-1.749491831299374e-09
spin_dephasing,Spin dephasing,3.3333333333333335,3.0,S,ZZ,2.4158220044601553e-08,7.247466013380465e-09
spin_dephasing,Spin dephasing,3.3333333333333335,4.0,A,"IX,IY",-2.8144513961825703e-08,-8.443354188547711e-09
spin_dephasing,Spin dephasing,3.3333333333333335,4.0,A,"IX,IZ",3.148559693940613e-08,9.445679081821838e-09
spin_dephasing,Spin dephasing,3.3333333333333335,4.0,A,"IX,XI",4.4640541775272275e-08,1.3392162532581682e-08
spin_dephasing,Spin dephasing,3.3333333333333335,4.0,A,"IX,XX",8.407727989019362e-09,2.5223183967058086e-09
spin_dephasing,Spin dephasing,3.3333333333333335,4.0,A,"IX,XY",-1.9590648541173245e-08,-5.877194562351973e-09
spin_dephasing,Spin dephasing,3.3333333333333335,4.0,A,"IX,XZ",1.0851501354439247e-09,3.255450406331774e-10
spin_dephasing,Spin dephasing,3.3333333333333335,4.0,A,"IX,YI",2.4116851264363535e-08,7.23505537930906e-09
spin_dephasing,Spin dephasing,3.3333333333333335,4.0,A,"IX,YX",-7.85770378970759e-09,-2.3573111369122768e-09
spin_dephasing,Spin dephasing,3.3333333333333335,4.0,A,"IX,YY",1.2411031652701435e-08,3.72330949581043e-09
spin_dephasing,Spin dephasing,3.3333333333333335,4.0,A,"IX,YZ",-5.95172470369141e-09,-1.7855174111074229e-09
spin_dephasing,Spin dephasing,3.3333333333333335,4.0,A,"IX,ZI",9.992917388637565e-09,2.997875216591269e-09
spin_dephasing,Spin dephasing,3.3333333333333335,4.0,A,"IX,ZX",4.0734833616249404e-09,1.222045008487482e-09
spin_dephasing,Spin dephasing,3.3333333333333335,4.0,A,"IX,ZY",2.2191394510900932e-08,6.657418353270279e-09
spin_dephasing,Spin dephasing,3.3333333333333335,4.0,A,"IX,ZZ",1.0768065685407363e-08,3.230419705622209e-09
spin_dephasing,Spin dephasing,3.3333333333333335,4.0,A,"IY,IZ",-3.464196509475704e-08,-1.0392589528427111e-08
spin_dephasing,Spin dephasing,3.3333333333333335,4.0,A,"IY,XI",-3.353468046086026e-08,-1.0060404138258078e-08
spin_dephasing,Spin dephasing,3.3333333333333335,4.0,A,"IY,XX",9.819832192374717e-09,2.945949657712415e-09
spin_dephasing,Spin dephasing,3.3333333333333335,4.0,A,"IY,XY",1.5243925608869349e-09,4.5731776826608046e-10
spin_dephasing,Spin dephasing,3.3333333333333335,4.0,A,"IY,XZ",-2.6476606612070773e-09,-7.942981983621231e-10
spin_dephasing,Spin dephasing,3.3333333333333335,4.0,A,"IY,YI",4.65056208715197e-09,1.395168626145591e-09
spin_dephasing,Spin dephasing,3.3333333333333335,4.0,A,"IY,YX",-1.145091302115697e-08,-3.435273906347091e-09
spin_dephasing,Spin dephasing,3.3333333333333335,4.0,A,"IY,YY",-3.553121647805613e-08,-1.0659364943416838e-08
spin_dephasing,Spin dephasing,3.3333333333333335,4.0,A,"IY,YZ",-7.125152486844188e-09,-2.1375457460532564e-09
spin_dephasing,Spin dephasing,3.3333333333333335,4.0,A,"IY,ZI",4.57535857949724e-09,1.3726075738491719e-09
spin_dephasing,Spin dephasing,3.3333333333333335,4.0,A,"IY,ZX",-2.4998829951426353e-08,-7.499648985427905e-09
spin_dephasing,Spin dephasing,3.3333333333333335,4.0,A,"IY,ZY",-6.324222398270556e-09,-1.897266719481167e-09
spin_dephasing,Spin dephasing,3.3333333333333335,4.0,A,"IY,ZZ",3.271496721823394e-08,9.814490165470183e-09
spin_dephasing,Spin dephasing,3.3333333333333335,4.0,A,"IZ,XI",-1.7120420980497218e-08,-5.136126294149165e-09
spin_dephasing,Spin dephasing,3.3333333333333335,4.0,A,"IZ,XX",1.8663120606801652e-10,5.5989361820404955e-11
spin_dephasing,Spin dephasing,3.3333333333333335,4.0,A,"IZ,XY",-2.2453935432347765e-09,-6.736180629704329e-10
spin_dephasing,Spin dephasing,3.3333333333333335,4.0,A,"IZ,XZ",3.882389946107967e-09,1.16471698383239e-09
spin_dephasing,Spin dephasing,3.3333333333333335,4.0,A,"IZ,YI",2.1375728562595437e-08,6.412718568778631e-09
spin_dephasing,Spin dephasing,3.3333333333333335,4.0,A,"IZ,YX",3.3136300134385465e-09,9.940890040315639e-10
spin_dephasing,Spin dephasing,3.3333333333333335,4.0,A,"IZ,YY",5.583422777730627e-09,1.675026833319188e-09
spin_dephasing,Spin dephasing,3.3333333333333335,4.0,A,"IZ,YZ",-3.654814058530316e-08,-1.0964442175590947e-08
spin_dephasing,Spin dephasing,3.3333333333333335,4.0,A,"IZ,ZI",3.7178282157797635e-10,1.115348464733929e-10
spin_dephasing,Spin dephasing,3.3333333333333335,4.0,A,"IZ,ZX",-5.566811366297723e-09,-1.6700434098893167e-09
spin_dephasing,Spin dephasing,3.3333333333333335,4.0,A,"IZ,ZY",-2.8714287687548165e-08,-8.61428630626445e-09
spin_dephasing,Spin dephasing,3.3333333333333335,4.0,A,"IZ,ZZ",-4.661675787163684e-09,-1.398502736149105e-09
spin_dephasing,Spin dephasing,3.3333333333333335,4.0,A,"XI,XX",-2.5140931648313485e-09,-7.542279494494046e-10
spin_dephasing,Spin dephasing,3.3333333333333335,4.0,A,"XI,XY",-1.5674453308242143e-08,-4.7023359924726425e-09
spin_dephasing,Spin dephasing,3.3333333333333335,4.0,A,"XI,XZ",9.250780065047115e-09,2.7752340195141342e-09
spin_dephasing,Spin dephasing,3.3333333333333335,4.0,A,"XI,YI",-1.829272185078845e-08,-5.487816555236535e-09
spin_dephasing,Spin dephasing,3.3333333333333335,4.0,A,"XI,YX",-3.7541857405926144e-08,-1.1262557221777843e-08
spin_dephasing,Spin dephasing,3.3333333333333335,4.0,A,"XI,YY",5.865408470058581e-09,1.7596225410175741e-09
spin_dephasing,Spin dephasing,3.3333333333333335,4.0,A,"XI,YZ",-1.4313221160639401e-08,-4.29396634819182e-09
spin_dephasing,Spin dephasing,3.3333333333333335,4.0,A,"XI,ZI",-3.7592876490144795e-09,-1.1277862947043438e-09
spin_dephasing,Spin dephasing,3.3333333333333335,4.0,A,"XI,ZX",-1.6176560685171125e-09,-4.852968205551337e-10
spin_dephasing,Spin dephasing,3.3333333333333335,4.0,A,"XI,ZY",8.758495376491815e-09,2.6275486129475447e-09
spin_dephasing,Spin dephasing,3.3333333333333335,4.0,A,"XI,ZZ",5.8379164199535375e-09,1.7513749259860612e-09
spin_dephasing,Spin dephasing,3.3333333333333335,4.0,A,"XX,XY",5.346184796621534e-08,1.60385543898646e-08
spin_dephasing,Spin dephasing,3.3333333333333335,4.0,A,"XX,XZ",-3.963741254776374e-08,-1.189122376432912e-08
spin_dephasing,Spin dephasing,3.3333333333333335,4.0,A,"XX,YI",-2.8578797069478816e-08,-8.573639120843645e-09
spin_dephasing,Spin dephasing,3.3333333333333335,4.0,A,"XX,YX",3.902350539571406e-08,1.1707051618714217e-08
spin_dephasing,Spin dephasing,3.3333333333333335,4.0,A,"XX,YY",-2.738141924868227e-13,-8.214425774604681e-14
spin_dephasing,Spin dephasing,3.3333333333333335,4.0,A,"XX,YZ",6.15900144091221e-09,1.847700432273663e-09
spin_dephasing,Spin dephasing,3.3333333333333335,4.0,A,"XX,ZI",3.3973409277017705e-10,1.0192022783105311e-10
spin_dephasing,Spin dephasing,3.3333333333333335,4.0,A,"XX,ZX",-4.974498749731805e-09,-1.4923496249195414e-09
spin_dephasing,Spin dephasing,3.3333333333333335,4.0,A,"XX,ZY",-1.944822215004322e-08,-5.8344666450129655e-09
spin_dephasing,Spin dephasing,3.3333333333333335,4.0,A,"XX,ZZ",-1.7439522668014763e-08,-5.2318568004044284e-09
spin_dephasing,Spin dephasing,3.3333333333333335,4.0,A,"XY,XZ",4.6803336221913355e-08,1.4041000866574005e-08
spin_dephasing,Spin dephasing,3.3333333333333335,4.0,A,"XY,YI",1.0034813856886432e-08,3.0104441570659293e-09
spin_dephasing,Spin dephasing,3.3333333333333335,4.0,A,"XY,YX",-7.820557937180968e-10,-2.34616738115429e-10
spin_dephasing,Spin dephasing,3.3333333333333335,4.0,A,"XY,YY",5.679569339570212e-08,1.7038708018710634e-08
spin_dephasing,Spin dephasing,3.3333333333333335,4.0,A,"XY,YZ",-4.736615962951596e-09,-1.4209847888854786e-09
spin_dephasing,Spin dephasing,3.3333333333333335,4.0,A,"XY,ZI",-3.2060816781063617e-09,-9.618245034319085e-10
spin_dephasing,Spin dephasing,3.3333333333333335,4.0,A,"XY,ZX",2.3020073293768023e-08,6.906021988130407e-09
spin_dephasing,Spin dephasing,3.3333333333333335,4.0,A,"XY,ZY",3.278610802362857e-08,9.83583240708857e-09
spin_dephasing,Spin dephasing,3.3333333333333335,4.0,A,"XY,ZZ",-4.2117052107011756e-08,-1.2635115632103526e-08
spin_dephasing,Spin dephasing,3.3333333333333335,4.0,A,"XZ,YI",-2.6755094700478963e-08,-8.02652841014369e-09
spin_dephasing,Spin dephasing,3.3333333333333335,4.0,A,"XZ,YX",1.8956646243410426e-09,5.686993873023127e-10
spin_dephasing,Spin dephasing,3.3333333333333335,4.0,A,"XZ,YY",-1.4237712673386887e-08,-4.271313802016066e-09
spin_dephasing,Spin dephasing,3.3333333333333335,4.0,A,"XZ,YZ",1.3013256832374103e-08,3.903977049712231e-09
spin_dephasing,Spin dephasing,3.3333333333333335,4.0,A,"XZ,ZI",1.2626187567781777e-08,3.787856270334533e-09
spin_dephasing,Spin dephasing,3.3333333333333335,4.0,A,"XZ,ZX",-5.237834569432996e-09,-1.5713503708298987e-09
spin_dephasing,Spin dephasing,3.3333333333333335,4.0,A,"XZ,ZY",2.7500546515249437e-08,8.250163954574831e-09
spin_dephasing,Spin dephasing,3.3333333333333335,4.0,A,"XZ,ZZ",-2.386275286132038e-08,-7.158825858396113e-09
spin_dephasing,Spin dephasing,3.3333333333333335,4.0,A,"YI,YX",-1.1889171394445467e-08,-3.56675141833364e-09
spin_dephasing,Spin dephasing,3.3333333333333335,4.0,A,"YI,YY",-1.823280142257268e-08,-5.469840426771803e-09
spin_dephasing,Spin dephasing,3.3333333333333335,4.0,A,"YI,YZ",-3.483155200408068e-09,-1.0449465601224204e-09
spin_dephasing,Spin dephasing,3.3333333333333335,4.0,A,"YI,ZI",-2.5663576706410418e-08,-7.699073011923125e-09
spin_dephasing,Spin dephasing,3.3333333333333335,4.0,A,"YI,ZX",-2.2451476432299414e-09,-6.735442929689824e-10
spin_dephasing,Spin dephasing,3.3333333333333335,4.0,A,"YI,ZY",-4.1909596773996485e-09,-1.2572879032198945e-09
spin_dephasing,Spin dephasing,3.3333333333333335,4.0,A,"YI,ZZ",1.7205430811244623e-08,5.161629243373387e-09
spin_dephasing,Spin dephasing,3.3333333333333335,4.0,A,"YX,YY",1.4299138894079578e-08,4.2897416682238736e-09
spin_dephasing,Spin dephasing,3.3333333333333335,4.0,A,"YX,YZ",2.784167860374423e-08,8.352503581123268e-09
spin_dephasing,Spin dephasing,3.3333333333333335,4.0,A,"YX,ZI",1.4717368482040366e-09,4.4152105446121093e-10
spin_dephasing,Spin dephasing,3.3333333333333335,4.0,A,"YX,ZX",2.9558406564770566e-08,8.86752196943117e-09
spin_dephasing,Spin dephasing,3.3333333333333335,4.0,A,"YX,ZY",-1.0452007181989005e-08,-3.135602154596701e-09
spin_dephasing,Spin dephasing,3.3333333333333335,4.0,A,"YX,ZZ",8.282406026603549e-10,2.4847218079810647e-10
spin_dephasing,Spin dephasing,3.3333333333333335,4.0,A,"YY,YZ",7.914165798100386e-10,2.374249739430116e-10
spin_dephasing,Spin dephasing,3.3333333333333335,4.0,A,"YY,ZI",-3.971679992041691e-09,-1.1915039976125073e-09
spin_dephasing,Spin dephasing,3.3333333333333335,4.0,A,"YY,ZX",1.4580238702047982e-08,4.3740716106143945e-09
spin_dephasing,Spin dephasing,3.3333333333333335,4.0,A,"YY,ZY",6.54352329153167e-09,1.963056987459501e-09
spin_dephasing,Spin dephasing,3.3333333333333335,4.0,A,"YY,ZZ",-5.3875453907075116e-09,-1.6162636172122534e-09
spin_dephasing,Spin dephasing,3.3333333333333335,4.0,A,"YZ,ZI",1.332584688178391e-08,3.997754064535173e-09
spin_dephasing,Spin dephasing,3.3333333333333335,4.0,A,"YZ,ZX",-3.717244821171089e-08,-1.1151734463513266e-08
spin_dephasing,Spin dephasing,3.3333333333333335,4.0,A,"YZ,ZY",1.0485247116734375e-08,3.1455741350203125e-09
spin_dephasing,Spin dephasing,3.3333333333333335,4.0,A,"YZ,ZZ",-1.1425880720779638e-08,-3.4277642162338913e-09
spin_dephasing,Spin dephasing,3.3333333333333335,4.0,A,"ZI,ZX",-1.1345579103483073e-08,-3.403673731044922e-09
spin_dephasing,Spin dephasing,3.3333333333333335,4.0,A,"ZI,ZY",-1.874094667952934e-08,-5.622284003858802e-09
spin_dephasing,Spin dephasing,3.3333333333333335,4.0,A,"ZI,ZZ",-1.4892499953914666e-09,-4.4677499861744e-10
spin_dephasing,Spin dephasing,3.3333333333333335,4.0,A,"ZX,ZY",2.2119856462028725e-08,6.635956938608617e-09
spin_dephasing,Spin dephasing,3.3333333333333335,4.0,A,"ZX,ZZ",-2.462435343904983e-08,-7.3873060317149486e-09
spin_dephasing,Spin dephasing,3.3333333333333335,4.0,A,"ZY,ZZ",-3.151297706512986e-08,-9.453893119538958e-09
spin_dephasing,Spin dephasing,3.3333333333333335,4.0,C,"IX,IY",6.117056644292067e-10,1.83511699328762e-10
spin_dephasing,Spin dephasing,3.3333333333333335,4.0,C,"IX,IZ",1.6326392178209547e-08,4.897917653462864e-09
spin_dephasing,Spin dephasing,3.3333333333333335,4.0,C,"IX,XI",8.665245866094845e-09,2.5995737598284536e-09
spin_dephasing,Spin dephasing,3.3333333333333335,4.0,C,"IX,XX",9.505946954477828e-09,2.851784086343348e-09
spin_dephasing,Spin dephasing,3.3333333333333335,4.0,C,"IX,XY",6.416054794465181e-09,1.9248164383395543e-09
spin_dephasing,Spin dephasing,3.3333333333333335,4.0,C,"IX,XZ",-3.724568953499755e-08,-1.1173706860499264e-08
spin_dephasing,Spin dephasing,3.3333333333333335,4.0,C,"IX,YI",-2.662219380087108e-09,-7.986658140261323e-10
spin_dephasing,Spin dephasing,3.3333333333333335,4.0,C,"IX,YX",-6.305232212325959e-09,-1.8915696636977877e-09
spin_dephasing,Spin dephasing,3.3333333333333335,4.0,C,"IX,YY",-6.505213970738698e-09,-1.9515641912216094e-09
spin_dephasing,Spin dephasing,3.3333333333333335,4.0,C,"IX,YZ",2.687897876324595e-09,8.063693628973784e-10
spin_dephasing,Spin dephasing,3.3333333333333335,4.0,C,"IX,ZI",3.968976417110396e-08,1.1906929251331189e-08
spin_dephasing,Spin dephasing,3.3333333333333335,4.0,C,"IX,ZX",1.5643056927999663e-08,4.692917078399899e-09
spin_dephasing,Spin dephasing,3.3333333333333335,4.0,C,"IX,ZY",-3.3994042355137453e-09,-1.0198212706541236e-09
spin_dephasing,Spin dephasing,3.3333333333333335,4.0,C,"IX,ZZ",1.1099221667964931e-08,3.329766500389479e-09
spin_dephasing,Spin dephasing,3.3333333333333335,4.0,C,"IY,IZ",7.12577224453308e-10,2.137731673359924e-10
spin_dephasing,Spin dephasing,3.3333333333333335,4.0,C,"IY,XI",-6.842583726133448e-09,-2.0527751178400343e-09
spin_dephasing,Spin dephasing,3.3333333333333335,4.0,C,"IY,XX",-4.720227455851661e-09,-1.4160682367554983e-09
spin_dephasing,Spin dephasing,3.3333333333333335,4.0,C,"IY,XY",1.6443545375254368e-08,4.93306361257631e-09
spin_dephasing,Spin dephasing,3.3333333333333335,4.0,C,"IY,XZ",-1.9761540665968674e-05,-5.928462199790602e-06
spin_dephasing,Spin dephasing,3.3333333333333335,4.0,C,"IY,YI",-4.767757920448536e-09,-1.4303273761345607e-09
spin_dephasing,Spin dephasing,3.3333333333333335,4.0,C,"IY,YX",2.250824680783215e-08,6.752474042349645e-09
spin_dephasing,Spin dephasing,3.3333333333333335,4.0,C,"IY,YY",-1.6475656963978416e-08,-4.942697089193525e-09
spin_dephasing,Spin dephasing,3.3333333333333335,4.0,C,"IY,YZ",-3.337629800189967e-08,-1.0012889400569902e-08
spin_dephasing,Spin dephasing,3.3333333333333335,4.0,C,"IY,ZI",-9.302022357451973e-09,-2.790606707235592e-09
spin_dephasing,Spin dephasing,3.3333333333333335,4.0,C,"IY,ZX",2.343330302550422e-09,7.029990907651266e-10
spin_dephasing,Spin dephasing,3.3333333333333335,4.0,C,"IY,ZY",-1.355138186023662e-08,-4.065414558070986e-09
spin_dephasing,Spin dephasing,3.3333333333333335,4.0,C,"IY,ZZ",-2.1364212182836803e-08,-6.409263654851041e-09
spin_dephasing,Spin dephasing,3.3333333333333335,4.0,C,"IZ,XI",1.9787860259112616e-08,5.9363580777337845e-09
spin_dephasing,Spin dephasing,3.3333333333333335,4.0,C,"IZ,XX",3.089986852079932e-10,9.269960556239796e-11
spin_dephasing,Spin dephasing,3.3333333333333335,4.0,C,"IZ,XY",2.0784979744855804e-05,6.235493923456741e-06
spin_dephasing,Spin dephasing,3.3333333333333335,4.0,C,"IZ,XZ",-9.294625038059769e-09,-2.7883875114179307e-09
spin_dephasing,Spin dephasing,3.3333333333333335,4.0,C,"IZ,YI",-1.488655318306057e-08,-4.465965954918171e-09
spin_dephasing,Spin dephasing,3.3333333333333335,4.0,C,"IZ,YX",1.8679260638142984e-08,5.603778191442895e-09
spin_dephasing,Spin dephasing,3.3333333333333335,4.0,C,"IZ,YY",3.7717863201575954e-08,1.1315358960472785e-08
spin_dephasing,Spin dephasing,3.3333333333333335,4.0,C,"IZ,YZ",2.7883223874945727e-08,8.364967162483718e-09
spin_dephasing,Spin dephasing,3.3333333333333335,4.0,C,"IZ,ZI",1.9203859291655022e-08,5.761157787496507e-09
spin_dephasing,Spin dephasing,3.3333333333333335,4.0,C,"IZ,ZX",1.1549284657351464e-09,3.464785397205439e-10
spin_dephasing,Spin dephasing,3.3333333333333335,4.0,C,"IZ,ZY",-1.2721452880767874e-08,-3.816435864230362e-09
spin_dephasing,Spin dephasing,3.3333333333333335,4.0,C,"IZ,ZZ",-5.491167704408161e-08,-1.6473503113224482e-08
spin_dephasing,Spin dephasing,3.3333333333333335,4.0,C,"XI,XX",1.2666956438113041e-08,3.800086931433912e-09
spin_dephasing,Spin dephasing,3.3333333333333335,4.0,C,"XI,XY",2.096593808876549e-08,6.2897814266296465e-09
spin_dephasing,Spin dephasing,3.3333333333333335,4.0,C,"XI,XZ",2.4794236369727644e-08,7.438270910918293e-09
spin_dephasing,Spin dephasing,3.3333333333333335,4.0,C,"XI,YI",4.312795602864582e-09,1.2938386808593748e-09
spin_dephasing,Spin dephasing,3.3333333333333335,4.0,C,"XI,YX",6.801100287362526e-09,2.0403300862087578e-09
spin_dephasing,Spin dephasing,3.3333333333333335,4.0,C,"XI,YY",-6.78487687833315e-09,-2.035463063499945e-09
spin_dephasing,Spin dephasing,3.3333333333333335,4.0,C,"XI,YZ",-3.3969735504919243e-09,-1.0190920651475773e-09
spin_dephasing,Spin dephasing,3.3333333333333335,4.0,C,"XI,ZI",1.033369930023331e-08,3.1001097900699928e-09
spin_dephasing,Spin dephasing,3.3333333333333335,4.0,C,"XI,ZX",-2.7617729238725628e-08,-8.285318771617688e-09
spin_dephasing,Spin dephasing,3.3333333333333335,4.0,C,"XI,ZY",4.108877645467593e-09,1.2326632936402779e-09
spin_dephasing,Spin dephasing,3.3333333333333335,4.0,C,"XI,ZZ",-1.5089718429344743e-08,-4.5269155288034225e-09
spin_dephasing,Spin dephasing,3.3333333333333335,4.0,C,"XX,XY",4.797005790688688e-09,1.4391017372066061e-09
spin_dephasing,Spin dephasing,3.3333333333333335,4.0,C,"XX,XZ",1.362288034620464e-08,4.086864103861392e-09
spin_dephasing,Spin dephasing,3.3333333333333335,4.0,C,"XX,YI",-7.2444446106024045e-09,-2.1733333831807214e-09
spin_dephasing,Spin dephasing,3.3333333333333335,4.0,C,"XX,YX",5.8687709646709664e-09,1.7606312894012899e-09
spin_dephasing,Spin dephasing,3.3333333333333335,4.0,C,"XX,YY",1.0958567765686358e-08,3.287570329705907e-09
spin_dephasing,Spin dephasing,3.3333333333333335,4.0,C,"XX,YZ",1.026759953622518e-08,3.080279860867554e-09
spin_dephasing,Spin dephasing,3.3333333333333335,4.0,C,"XX,ZI",-4.2846439792256686e-08,-1.2853931937677005e-08
spin_dephasing,Spin dephasing,3.3333333333333335,4.0,C,"XX,ZX",1.0261270120128956e-08,3.0783810360386866e-09
spin_dephasing,Spin dephasing,3.3333333333333335,4.0,C,"XX,ZY",8.007943183606508e-09,2.4023829550819523e-09
spin_dephasing,Spin dephasing,3.3333333333333335,4.0,C,"XX,ZZ",-1.6358524032936413e-09,-4.907557209880924e-10
spin_dephasing,Spin dephasing,3.3333333333333335,4.0,C,"XY,XZ",4.596662648205909e-09,1.3789987944617726e-09
spin_dephasing,Spin dephasing,3.3333333333333335,4.0,C,"XY,YI",-4.039836752509065e-09,-1.2119510257527193e-09
spin_dephasing,Spin dephasing,3.3333333333333335,4.0,C,"XY,YX",-2.0683588567344256e-08,-6.205076570203276e-09
spin_dephasing,Spin dephasing,3.3333333333333335,4.0,C,"XY,YY",-6.3650502885449785e-09,-1.9095150865634935e-09
spin_dephasing,Spin dephasing,3.3333333333333335,4.0,C,"XY,YZ",3.400946496572005e-08,1.0202839489716015e-08
spin_dephasing,Spin dephasing,3.3333333333333335,4.0,C,"XY,ZI",2.0809813909156278e-08,6.242944172746883e-09
spin_dephasing,Spin dephasing,3.3333333333333335,4.0,C,"XY,ZX",-1.0202553580859271e-08,-3.060766074257781e-09
spin_dephasing,Spin dephasing,3.3333333333333335,4.0,C,"XY,ZY",3.707481804002325e-08,1.1122445412006973e-08
spin_dephasing,Spin dephasing,3.3333333333333335,4.0,C,"XY,ZZ",8.679943949403942e-09,2.6039831848211825e-09
spin_dephasing,Spin dephasing,3.3333333333333335,4.0,C,"XZ,YI",2.5045237223186116e-09,7.513571166955834e-10
spin_dephasing,Spin dephasing,3.3333333333333335,4.0,C,"XZ,YX",-7.353559103200486e-09,-2.206067730960146e-09
spin_dephasing,Spin dephasing,3.3333333333333335,4.0,C,"XZ,YY",-4.164812176708523e-08,-1.2494436530125568e-08
spin_dephasing,Spin dephasing,3.3333333333333335,4.0,C,"XZ,YZ",-1.495404035886718e-09,-4.486212107660154e-10
spin_dephasing,Spin dephasing,3.3333333333333335,4.0,C,"XZ,ZI",-2.3831977982835983e-08,-7.149593394850795e-09
spin_dephasing,Spin dephasing,3.3333333333333335,4.0,C,"XZ,ZX",-2.2168773667372448e-09,-6.650632100211735e-10
spin_dephasing,Spin dephasing,3.3333333333333335,4.0,C,"XZ,ZY",-8.074986879857165e-11,-2.4224960639571492e-11
spin_dephasing,Spin dephasing,3.3333333333333335,4.0,C,"XZ,ZZ",3.085375138642687e-08,9.25612541592806e-09
spin_dephasing,Spin dephasing,3.3333333333333335,4.0,C,"YI,YX",6.217457764745004e-09,1.865237329423501e-09
spin_dephasing,Spin dephasing,3.3333333333333335,4.0,C,"YI,YY",-2.1191339322494077e-08,-6.3574017967482225e-09
spin_dephasing,Spin dephasing,3.3333333333333335,4.0,C,"YI,YZ",-2.2913455520135627e-08,-6.8740366560406876e-09
spin_dephasing,Spin dephasing,3.3333333333333335,4.0,C,"YI,ZI",2.721917484640134e-08,8.165752453920402e-09
spin_dephasing,Spin dephasing,3.3333333333333335,4.0,C,"YI,ZX",-1.977715191028328e-05,-5.933145573084984e-06
spin_dephasing,Spin dephasing,3.3333333333333335,4.0,C,"YI,ZY",-4.220455451227278e-08,-1.2661366353681832e-08
spin_dephasing,Spin dephasing,3.3333333333333335,4.0,C,"YI,ZZ",-1.596434108460377e-08,-4.789302325381131e-09
spin_dephasing,Spin dephasing,3.3333333333333335,4.0,C,"YX,YY",1.6790467678656418e-10,5.037140303596925e-11
spin_dephasing,Spin dephasing,3.3333333333333335,4.0,C,"YX,YZ",1.972687352427273e-08,5.918062057281819e-09
spin_dephasing,Spin dephasing,3.3333333333333335,4.0,C,"YX,ZI",2.0798067961567617e-05,6.239420388470285e-06
spin_dephasing,Spin dephasing,3.3333333333333335,4.0,C,"YX,ZX",2.8141359531435008e-08,8.442407859430501e-09
spin_dephasing,Spin dephasing,3.3333333333333335,4.0,C,"YX,ZY",1.5983615527828163e-08,4.795084658348449e-09
spin_dephasing,Spin dephasing,3.3333333333333335,4.0,C,"YX,ZZ",1.2308362373976743e-09,3.6925087121930226e-10
spin_dephasing,Spin dephasing,3.3333333333333335,4.0,C,"YY,YZ",1.6847762967584137e-09,5.054328890275241e-10
spin_dephasing,Spin dephasing,3.3333333333333335,4.0,C,"YY,ZI",-4.7774427921455454e-09,-1.4332328376436636e-09
spin_dephasing,Spin dephasing,3.3333333333333335,4.0,C,"YY,ZX",-2.4664764652668966e-08,-7.3994293958006896e-09
spin_dephasing,Spin dephasing,3.3333333333333335,4.0,C,"YY,ZY",7.01614071166411e-09,2.104842213499233e-09
spin_dephasing,Spin dephasing,3.3333333333333335,4.0,C,"YY,ZZ",8.507722048564035e-10,2.5523166145692103e-10
spin_dephasing,Spin dephasing,3.3333333333333335,4.0,C,"YZ,ZI",-1.2738397113854147e-08,-3.821519134156244e-09
spin_dephasing,Spin dephasing,3.3333333333333335,4.0,C,"YZ,ZX",-3.5320941096666833e-09,-1.059628232900005e-09
spin_dephasing,Spin dephasing,3.3333333333333335,4.0,C,"YZ,ZY",4.21785326604345e-09,1.2653559798130348e-09
spin_dephasing,Spin dephasing,3.3333333333333335,4.0,C,"YZ,ZZ",1.125814700051028e-08,3.377444100153084e-09
spin_dephasing,Spin dephasing,3.3333333333333335,4.0,C,"ZI,ZX",8.074153244744961e-09,2.4222459734234884e-09
spin_dephasing,Spin dephasing,3.3333333333333335,4.0,C,"ZI,ZY",2.8257419583194407e-08,8.477225874958323e-09
spin_dephasing,Spin dephasing,3.3333333333333335,4.0,C,"ZI,ZZ",-1.2160337353462828e-08,-3.6481012060388484e-09
spin_dephasing,Spin dephasing,3.3333333333333335,4.0,C,"ZX,ZY",-6.726209940503983e-09,-2.0178629821511948e-09
spin_dephasing,Spin dephasing,3.3333333333333335,4.0,C,"ZX,ZZ",1.4537486267982427e-08,4.3612458803947275e-09
spin_dephasing,Spin dephasing,3.3333333333333335,4.0,C,"ZY,ZZ",-1.1188648400820034e-08,-3.3565945202460103e-09
spin_dephasing,Spin dephasing,3.3333333333333335,4.0,H,IX,-1.4072985644381286e-08,-4.221895693314386e-09
spin_dephasing,Spin dephasing,3.3333333333333335,4.0,H,IY,-1.0600456993720431e-08,-3.1801370981161293e-09
spin_dephasing,Spin dephasing,3.3333333333333335,4.0,H,IZ,-4.5016082243755605e-09,-1.3504824673126682e-09
spin_dephasing,Spin dephasing,3.3333333333333335,4.0,H,XI,-3.15125550082637e-09,-9.453766502479109e-10
spin_dephasing,Spin dephasing,3.3333333333333335,4.0,H,XX,4.420020647926018e-08,1.3260061943778053e-08
spin_dephasing,Spin dephasing,3.3333333333333335,4.0,H,XY,2.7140307517922946e-09,8.142092255376884e-10
spin_dephasing,Spin dephasing,3.3333333333333335,4.0,H,XZ,-1.4017862491794245e-08,-4.205358747538274e-09
spin_dephasing,Spin dephasing,3.3333333333333335,4.0,H,YI,-7.776901857949778e-09,-2.3330705573849335e-09
spin_dephasing,Spin dephasing,3.3333333333333335,4.0,H,YX,4.533205402284493e-08,1.3599616206853479e-08
spin_dephasing,Spin dephasing,3.3333333333333335,4.0,H,YY,-1.743934860767303e-08,-5.231804582301909e-09
spin_dephasing,Spin dephasing,3.3333333333333335,4.0,H,YZ,1.47984266425545e-08,4.43952799276635e-09
spin_dephasing,Spin dephasing,3.3333333333333335,4.0,H,ZI,3.935385109472046e-09,1.1806155328416137e-09
spin_dephasing,Spin dephasing,3.3333333333333335,4.0,H,ZX,-9.176813599581624e-09,-2.753044079874487e-09
spin_dephasing,Spin dephasing,3.3333333333333335,4.0,H,ZY,-1.0808762453186155e-08,-3.2426287359558463e-09
spin_dephasing,Spin dephasing,3.3333333333333335,4.0,H,ZZ,2.9602976662710474e-16,8.880892998813142e-17
spin_dephasing,Spin dephasing,3.3333333333333335,4.0,S,IX,2.5089901998098395e-08,7.526970599429517e-09
spin_dephasing,Spin dephasing,3.3333333333333335,4.0,S,IY,3.5784760842871204e-05,1.0735428252861362e-05
spin_dephasing,Spin dephasing,3.3333333333333335,4.0,S,IZ,4.760435432209716e-05,1.4281306296629147e-05
spin_dephasing,Spin dephasing,3.3333333333333335,4.0,S,XI,-8.166459060884483e-09,-2.449937718265345e-09
spin_dephasing,Spin dephasing,3.3333333333333335,4.0,S,XX,-2.769277135612473e-08,-8.307831406837419e-09
spin_dephasing,Spin dephasing,3.3333333333333335,4.0,S,XY,4.74875373163571e-05,1.4246261194907129e-05
spin_dephasing,Spin dephasing,3.3333333333333335,4.0,S,XZ,3.5738309314830506e-05,1.072149279444915e-05
spin_dephasing,Spin dephasing,3.3333333333333335,4.0,S,YI,3.575434270707196e-05,1.0726302812121588e-05
spin_dephasing,Spin dephasing,3.3333333333333335,4.0,S,YX,4.7482212315511015e-05,1.4244663694653304e-05
spin_dephasing,Spin dephasing,3.3333333333333335,4.0,S,YY,-1.2379891708069659e-08,-3.7139675124208975e-09
spin_dephasing,Spin dephasing,3.3333333333333335,4.0,S,YZ,-5.49521683383935e-09,-1.648565050151805e-09
spin_dephasing,Spin dephasing,3.3333333333333335,4.0,S,ZI,4.760877864689127e-05,1.428263359406738e-05
spin_dephasing,Spin dephasing,3.3333333333333335,4.0,S,ZX,3.5770587700856186e-05,1.0731176310256855e-05
spin_dephasing,Spin dephasing,3.3333333333333335,4.0,S,ZY,8.72080349235716e-09,2.616241047707148e-09
spin_dephasing,Spin dephasing,3.3333333333333335,4.0,S,ZZ,4.5972761016079905e-08,1.379182830482397e-08
