condition_id,nbar,pauli,pauli_weight,mode_class,h_rad_per_gate,gamma_per_gate
rates_043985184c08dfb1,0.01,IX,1,local,-1.4544950173252894e-09,0.0009434228352939271
rates_043985184c08dfb1,0.01,IY,1,local,-9.91125413226526e-10,4.431350224122716e-05
rates_043985184c08dfb1,0.01,IZ,1,local,-5.187973995989001e-11,0.00012238576982266783
rates_043985184c08dfb1,0.01,XI,1,local,-1.266063707200084e-08,0.0009434306172623799
rates_043985184c08dfb1,0.01,XX,2,correlated,0.013707419988188838,0.0006472913899577061
rates_043985184c08dfb1,0.01,XY,2,correlated,6.929573151102455e-10,0.0001223232009581095
rates_043985184c08dfb1,0.01,XZ,2,correlated,4.178021401326619e-10,4.43077926580563e-05
rates_043985184c08dfb1,0.01,YI,1,local,-5.135779285723346e-09,4.432055525114367e-05
rates_043985184c08dfb1,0.01,YX,2,correlated,-1.9519495224906003e-09,0.00012232364733798153
rates_043985184c08dfb1,0.01,YY,2,correlated,9.03035194692681e-10,0.0
rates_043985184c08dfb1,0.01,YZ,2,correlated,2.3970563614142496e-09,0.0
rates_043985184c08dfb1,0.01,ZI,1,local,2.0969252094958697e-11,0.00012238563692354594
rates_043985184c08dfb1,0.01,ZX,2,correlated,3.5461557411590755e-10,4.430042616920689e-05
rates_043985184c08dfb1,0.01,ZY,2,correlated,1.1981621835506427e-09,0.0
rates_043985184c08dfb1,0.01,ZZ,2,correlated,6.480674159285926e-17,9.202954855029122e-09
rates_043985184c08dfb1,1.0,IX,1,local,1.307285854666617e-08,0.0026949684301665433
rates_043985184c08dfb1,1.0,IY,1,local,-3.0496761665490495e-09,6.24609592137917e-05
rates_043985184c08dfb1,1.0,IZ,1,local,-1.208496089220669e-11,0.00010424362662400019
rates_043985184c08dfb1,1.0,XI,1,local,1.0343964908395101e-08,0.002694970560455596
rates_043985184c08dfb1,1.0,XX,2,correlated,0.028683200626834555,0.0010944445615521969
rates_043985184c08dfb1,1.0,XY,2,correlated,-4.115994684088969e-10,0.0001041971422753485
rates_043985184c08dfb1,1.0,XZ,2,correlated,3.4878035798945313e-09,6.243003408960643e-05
rates_043985184c08dfb1,1.0,YI,1,local,-5.616864588462059e-09,6.246197796415738e-05
rates_043985184c08dfb1,1.0,YX,2,correlated,-9.766418986431418e-10,0.00010419707599146084
rates_043985184c08dfb1,1.0,YY,2,correlated,7.36393381088077e-09,0.0
rates_043985184c08dfb1,1.0,YZ,2,correlated,1.28321609676109e-09,0.0
rates_043985184c08dfb1,1.0,ZI,1,local,-8.905150901733622e-11,0.00010424426885578841
rates_043985184c08dfb1,1.0,ZX,2,correlated,3.5575436861628942e-09,6.242843939197593e-05
rates_043985184c08dfb1,1.0,ZY,2,correlated,9.350934917464622e-10,0.0
rates_043985184c08dfb1,1.0,ZZ,2,correlated,-1.7127279690342124e-16,4.713392636910771e-09
rates_043985184c08dfb1,2.0,IX,1,local,2.639251660531545e-08,0.004364901744254007
rates_043985184c08dfb1,2.0,IY,1,local,-1.9802058201499897e-10,6.736648825895618e-05
rates_043985184c08dfb1,2.0,IZ,1,local,2.2919261496040028e-10,9.933643252143663e-05
rates_043985184c08dfb1,2.0,XI,1,local,2.122422301371323e-08,0.004364904106748372
rates_043985184c08dfb1,2.0,XX,2,correlated,0.04346519082733276,0.001966695114560168
rates_043985184c08dfb1,2.0,XY,2,correlated,6.824012803154478e-10,9.930255495282475e-05
rates_043985184c08dfb1,2.0,XZ,2,correlated,-2.366441843016518e-09,6.73258909152281e-05
rates_043985184c08dfb1,2.0,YI,1,local,3.1287446821588337e-09,6.736779803744146e-05
rates_043985184c08dfb1,2.0,YX,2,correlated,-3.904882960100011e-09,9.930304255761479e-05
rates_043985184c08dfb1,2.0,YY,2,correlated,-6.053420233764171e-09,5.900054591374479e-09
rates_043985184c08dfb1,2.0,YZ,2,correlated,-3.075184557086889e-09,0.0
rates_043985184c08dfb1,2.0,ZI,1,local,1.0474051449181717e-10,9.933630838137672e-05
rates_043985184c08dfb1,2.0,ZX,2,correlated,-2.4358696858494975e-09,6.732421767157995e-05
rates_043985184c08dfb1,2.0,ZY,2,correlated,9.212231425490341e-11,0.0
rates_043985184c08dfb1,2.0,ZZ,2,correlated,9.097578050156492e-17,0.0
rates_043985184c08dfb1,3.0,IX,1,local,1.1630288978992451e-08,0.005942183138658908
rates_043985184c08dfb1,3.0,IY,1,local,5.2330177664484545e-09,6.980291129165227e-05
rates_043985184c08dfb1,3.0,IZ,1,local,8.817128051156113e-10,9.690621548419902e-05
rates_043985184c08dfb1,3.0,XI,1,local,1.8546888099281583e-08,0.005942184891428092
rates_043985184c08dfb1,3.0,XX,2,correlated,0.057905162956158725,0.003210657990420916
rates_043985184c08dfb1,3.0,XY,2,correlated,5.919825612103512e-09,9.68425861834782e-05
rates_043985184c08dfb1,3.0,XZ,2,correlated,-1.9704008830776793e-09,6.976212351355968e-05
rates_043985184c08dfb1,3.0,YI,1,local,3.2390089645390364e-09,6.980642796127069e-05
rates_043985184c08dfb1,3.0,YX,2,correlated,7.390017487249861e-09,9.684215528679902e-05
rates_043985184c08dfb1,3.0,YY,2,correlated,-4.527157836582672e-09,2.3423605006730135e-08
rates_043985184c08dfb1,3.0,YZ,2,correlated,-5.345520947879715e-09,6.173424534312535e-09
rates_043985184c08dfb1,3.0,ZI,1,local,-3.4202572983079117e-10,9.69061079324829e-05
rates_043985184c08dfb1,3.0,ZX,2,correlated,-2.2021135217738106e-09,6.975914528967696e-05
rates_043985184c08dfb1,3.0,ZY,2,correlated,-7.705500573411114e-09,4.6777231252244096e-09
rates_043985184c08dfb1,3.0,ZZ,2,correlated,8.958278834188204e-16,2.412702635595787e-08
rates_043985184c08dfb1,4.0,IX,1,local,6.062059334313784e-10,0.0074359689893702076
rates_043985184c08dfb1,4.0,IY,1,local,-3.434809398681256e-09,7.134582795262226e-05
rates_043985184c08dfb1,4.0,IZ,1,local,-2.5007519335618815e-10,9.537526218247406e-05
rates_043985184c08dfb1,4.0,XI,1,local,-1.6339575189498602e-09,0.007435981659845175
rates_043985184c08dfb1,4.0,XX,2,correlated,0.07200532646490469,0.004783841628509552
rates_043985184c08dfb1,4.0,XY,2,correlated,3.884208995428246e-09,9.531977398350724e-05
rates_043985184c08dfb1,4.0,XZ,2,correlated,1.6033119881736893e-09,7.128878206476787e-05
rates_043985184c08dfb1,4.0,YI,1,local,4.3788923851358374e-10,7.135717923240554e-05
rates_043985184c08dfb1,4.0,YX,2,correlated,-5.47097600829527e-09,9.532256518397656e-05
rates_043985184c08dfb1,4.0,YY,2,correlated,6.420039035715573e-09,9.560138600985029e-09
rates_043985184c08dfb1,4.0,YZ,2,correlated,-4.9048078097411575e-09,1.5013090209821614e-09
rates_043985184c08dfb1,4.0,ZI,1,local,7.711514917085081e-10,9.537470887929664e-05
rates_043985184c08dfb1,4.0,ZX,2,correlated,4.778330618879759e-09,7.127519288793564e-05
rates_043985184c08dfb1,4.0,ZY,2,correlated,-1.420931523873278e-09,0.0
rates_043985184c08dfb1,4.0,ZZ,2,correlated,-1.1069755240922615e-16,0.0
rates_0e752ad71c6095d9,0.01,IX,1,local,-2.613920118353698e-09,0.0010352092801683697
rates_0e752ad71c6095d9,0.01,IY,1,local,-4.8863634755715085e-09,4.743423421844223e-09
rates_0e752ad71c6095d9,0.01,IZ,1,local,-2.859978508022608e-11,5.428294230344778e-09
rates_0e752ad71c6095d9,0.01,XI,1,local,7.79220978759526e-09,0.0010352062737534935
rates_0e752ad71c6095d9,0.01,XX,2,correlated,0.013767692269720364,2.983145322779223e-06
rates_0e752ad71c6095d9,0.01,XY,2,correlated,1.3266206843830202e-09,3.739197201453397e-09
rates_0e752ad71c6095d9,0.01,XZ,2,correlated,3.003561495563629e-09,5.4460008607884575e-09
rates_0e752ad71c6095d9,0.01,YI,1,local,2.2997547433604163e-09,3.4943331019474165e-09
rates_0e752ad71c6095d9,0.01,YX,2,correlated,2.421768434605451e-09,3.783142042202477e-09
rates_0e752ad71c6095d9,0.01,YY,2,correlated,6.164786329228736e-09,6.910633900582299e-09
rates_0e752ad71c6095d9,0.01,YZ,2,correlated,1.6427301020696545e-09,8.210381157516255e-09
rates_0e752ad71c6095d9,0.01,ZI,1,local,5.967604329016704e-13,6.217301415471209e-09
rates_0e752ad71c6095d9,0.01,ZX,2,correlated,3.1419336591154522e-09,4.368547346349921e-09
rates_0e752ad71c6095d9,0.01,ZY,2,correlated,2.06477584414302e-09,9.280221498310254e-09
rates_0e752ad71c6095d9,0.01,ZZ,2,correlated,-3.6309738994631387e-14,1.0347472548938308e-08
rates_0e752ad71c6095d9,1.0,IX,1,local,1.3408624034954835e-08,0.0011251164574845793
rates_0e752ad71c6095d9,1.0,IY,1,local,1.3947733161738978e-09,4.513663886512973e-09
rates_0e752ad71c6095d9,1.0,IZ,1,local,1.7274576843795466e-10,6.157158078824375e-09
rates_0e752ad71c6095d9,1.0,XI,1,local,7.0099643431378674e-09,0.0011251012095201034
rates_0e752ad71c6095d9,1.0,XX,2,correlated,0.028871004286295143,0.000461402312079322
rates_0e752ad71c6095d9,1.0,XY,2,correlated,1.2547866378516315e-09,2.044127588862201e-09
rates_0e752ad71c6095d9,1.0,XZ,2,correlated,3.269423682917928e-09,1.922941361131854e-09
rates_0e752ad71c6095d9,1.0,YI,1,local,3.259053646743513e-09,1.9933129984679086e-09
rates_0e752ad71c6095d9,1.0,YX,2,correlated,7.545687379678286e-09,1.140513913833966e-09
rates_0e752ad71c6095d9,1.0,YY,2,correlated,5.760050882567705e-09,9.03886005655948e-10
rates_0e752ad71c6095d9,1.0,YZ,2,correlated,4.577559387395964e-11,2.0378879254751438e-09
rates_0e752ad71c6095d9,1.0,ZI,1,local,2.8383978118879324e-10,5.640939492517039e-09
rates_0e752ad71c6095d9,1.0,ZX,2,correlated,3.0283494651704234e-09,6.618217528913187e-09
rates_0e752ad71c6095d9,1.0,ZY,2,correlated,1.3036028618731584e-09,4.583809842365466e-09
rates_0e752ad71c6095d9,1.0,ZZ,2,correlated,-5.214933458361933e-16,5.1119565709373954e-09
rates_0e752ad71c6095d9,2.0,IX,1,local,3.586195085121531e-08,0.0012061429125472198
rates_0e752ad71c6095d9,2.0,IY,1,local,-7.14457074131281e-10,4.894914603409037e-09
rates_0e752ad71c6095d9,2.0,IZ,1,local,-3.7325200112433883e-10,1.3417177582504967e-08
rates_0e752ad71c6095d9,2.0,XI,1,local,3.6345544356711495e-08,0.0012061445179346606
rates_0e752ad71c6095d9,2.0,XX,2,correlated,0.04385811348621815,0.0013378006034731034
rates_0e752ad71c6095d9,2.0,XY,2,correlated,3.0480440193441697e-09,1.621876322522133e-08
rates_0e752ad71c6095d9,2.0,XZ,2,correlated,1.9835082305202868e-09,6.043376946049146e-09
rates_0e752ad71c6095d9,2.0,YI,1,local,5.629287404551758e-10,1.2165907207360058e-08
rates_0e752ad71c6095d9,2.0,YX,2,correlated,6.537387622551435e-10,7.00258271578132e-09
rates_0e752ad71c6095d9,2.0,YY,2,correlated,5.182996942381849e-09,3.10994959424329e-10
rates_0e752ad71c6095d9,2.0,YZ,2,correlated,-3.5942412972700693e-09,5.232780805731185e-10
rates_0e752ad71c6095d9,2.0,ZI,1,local,3.201695256212325e-10,6.223638047742882e-09
rates_0e752ad71c6095d9,2.0,ZX,2,correlated,2.3915474186731644e-09,1.36336727093447e-08
rates_0e752ad71c6095d9,2.0,ZY,2,correlated,-2.3950712407473273e-09,5.257652691036466e-10
rates_0e752ad71c6095d9,2.0,ZZ,2,correlated,1.717119408179492e-17,7.308404454536843e-10
rates_0e752ad71c6095d9,3.0,IX,1,local,-8.403661558136715e-09,0.0012759909747396912
rates_0e752ad71c6095d9,3.0,IY,1,local,-1.1113845394247515e-08,8.05179230822556e-09
rates_0e752ad71c6095d9,3.0,IZ,1,local,6.059429770117768e-10,1.4984888438399784e-08
rates_0e752ad71c6095d9,3.0,XI,1,local,5.875935724998711e-09,0.0012760161148294357
rates_0e752ad71c6095d9,3.0,XX,2,correlated,0.058565133973040855,0.0025861481188964525
rates_0e752ad71c6095d9,3.0,XY,2,correlated,1.055722375779246e-08,1.0539213442744113e-08
rates_0e752ad71c6095d9,3.0,XZ,2,correlated,8.677792032859692e-09,1.4043546796670809e-08
rates_0e752ad71c6095d9,3.0,YI,1,local,8.366899389862899e-09,9.712923195513727e-09
rates_0e752ad71c6095d9,3.0,YX,2,correlated,-1.3574030223812397e-08,1.3286768367178417e-08
rates_0e752ad71c6095d9,3.0,YY,2,correlated,1.9050252942541407e-08,2.282966507197034e-08
rates_0e752ad71c6095d9,3.0,YZ,2,correlated,-3.0821212430942137e-09,2.1287086515886738e-08
rates_0e752ad71c6095d9,3.0,ZI,1,local,-7.019065228443975e-10,1.5119100140895004e-08
rates_0e752ad71c6095d9,3.0,ZX,2,correlated,1.02862690562178e-08,8.329492691503543e-09
rates_0e752ad71c6095d9,3.0,ZY,2,correlated,9.410516335571248e-09,1.4750455316093574e-08
rates_0e752ad71c6095d9,3.0,ZZ,2,correlated,1.0074798946637332e-15,2.199626590636619e-08
rates_0e752ad71c6095d9,4.0,IX,1,local,-4.218692567503829e-09,0.0013381542030922939
rates_0e752ad71c6095d9,4.0,IY,1,local,-1.92277630328727e-09,8.371413172113024e-09
rates_0e752ad71c6095d9,4.0,IZ,1,local,9.263210634786022e-10,1.2273688771136508e-08
rates_0e752ad71c6095d9,4.0,XI,1,local,9.068363839406928e-09,0.001338149033171967
rates_0e752ad71c6095d9,4.0,XX,2,correlated,0.07298096807905753,0.004168557094085854
rates_0e752ad71c6095d9,4.0,XY,2,correlated,-1.820784081702196e-09,8.605556186050412e-09
rates_0e752ad71c6095d9,4.0,XZ,2,correlated,1.8560600468264975e-09,2.688095915206589e-09
rates_0e752ad71c6095d9,4.0,YI,1,local,4.406005899313959e-10,5.054403951707198e-09
rates_0e752ad71c6095d9,4.0,YX,2,correlated,3.9388340390904623e-10,2.308344097140015e-09
rates_0e752ad71c6095d9,4.0,YY,2,correlated,6.115430778924314e-10,9.119599696731526e-09
rates_0e752ad71c6095d9,4.0,YZ,2,correlated,3.3857457365429995e-09,6.855724842513489e-09
rates_0e752ad71c6095d9,4.0,ZI,1,local,5.488241261792398e-10,5.3664387549185515e-09
rates_0e752ad71c6095d9,4.0,ZX,2,correlated,5.324758391790944e-10,2.964220440502055e-09
rates_0e752ad71c6095d9,4.0,ZY,2,correlated,2.697464984350953e-09,7.405181624654233e-09
rates_0e752ad71c6095d9,4.0,ZZ,2,correlated,-5.620067582960928e-16,1.0478285979772378e-08
rates_10ba39339e235ff4,0.01,IX,1,local,-9.794904194375857e-09,0.0005528052790292502
rates_10ba39339e235ff4,0.01,IY,1,local,3.449883576136734e-09,9.820635272919965e-05
rates_10ba39339e235ff4,0.01,IZ,1,local,5.038699978307635e-12,0.00022682769665347387
rates_10ba39339e235ff4,0.01,XI,1,local,-1.2031114231627871e-08,0.0005528048727116546
rates_10ba39339e235ff4,0.01,XX,2,correlated,0.013720982804016749,0.00032497020143067986
rates_10ba39339e235ff4,0.01,XY,2,correlated,5.354948885353925e-09,0.00022676832914857268
rates_10ba39339e235ff4,0.01,XZ,2,correlated,4.15651579434845e-09,9.818955896496716e-05
rates_10ba39339e235ff4,0.01,YI,1,local,7.767392376595729e-09,9.820588741153897e-05
rates_10ba39339e235ff4,0.01,YX,2,correlated,8.728695460395225e-10,0.0002267682338964993
rates_10ba39339e235ff4,0.01,YY,2,correlated,8.274981353663268e-09,0.0
rates_10ba39339e235ff4,0.01,YZ,2,correlated,-4.126916485172844e-09,0.0
rates_10ba39339e235ff4,0.01,ZI,1,local,1.1347657132488729e-10,0.0002268276456290704
rates_10ba39339e235ff4,0.01,ZX,2,correlated,4.338217819307291e-09,9.819017055949852e-05
rates_10ba39339e235ff4,0.01,ZY,2,correlated,5.345870755877393e-10,0.0
rates_10ba39339e235ff4,0.01,ZZ,2,correlated,6.014753173250403e-17,2.4187510008386818e-08
rates_10ba39339e235ff4,1.0,IX,1,local,1.518368255123017e-08,0.0014896651759877474
rates_10ba39339e235ff4,1.0,IY,1,local,2.077037639694248e-09,0.0001281817955289302
rates_10ba39339e235ff4,1.0,IZ,1,local,1.190780268187925e-10,0.00019685886413845679
rates_10ba39339e235ff4,1.0,XI,1,local,3.591637420304668e-09,0.001489661564162079
rates_10ba39339e235ff4,1.0,XX,2,correlated,0.028758579748842737,0.0007731843003064168
rates_10ba39339e235ff4,1.0,XY,2,correlated,-3.0936594597544497e-09,0.0001968105056284999
rates_10ba39339e235ff4,1.0,XZ,2,correlated,1.249207473237617e-10,0.0001281443335247918
rates_10ba39339e235ff4,1.0,YI,1,local,-2.2112619062434326e-09,0.00012817723244937525
rates_10ba39339e235ff4,1.0,YX,2,correlated,1.6114078253525422e-09,0.0001968105152660688
rates_10ba39339e235ff4,1.0,YY,2,correlated,-4.434008977430854e-10,0.0
rates_10ba39339e235ff4,1.0,YZ,2,correlated,2.9685888856077233e-09,0.0
rates_10ba39339e235ff4,1.0,ZI,1,local,-1.3869500158863093e-10,0.0001968585879504124
rates_10ba39339e235ff4,1.0,ZX,2,correlated,-4.648854055450877e-10,0.00012814916315559758
rates_10ba39339e235ff4,1.0,ZY,2,correlated,-2.6667832443287074e-10,0.0
rates_10ba39339e235ff4,1.0,ZZ,2,correlated,-7.208428151109391e-17,1.3503537649810194e-08
rates_10ba39339e235ff4,2.0,IX,1,local,3.8702843921774584e-08,0.002385947018308598
rates_10ba39339e235ff4,2.0,IY,1,local,-1.0009216121587696e-09,0.00013629163202216534
rates_10ba39339e235ff4,2.0,IZ,1,local,-1.2799419846857535e-10,0.00018874275208289422
rates_10ba39339e235ff4,2.0,XI,1,local,3.9436545188928e-08,0.0023859489733664228
rates_10ba39339e235ff4,2.0,XX,2,correlated,0.04364051467827064,0.0016390729378336685
rates_10ba39339e235ff4,2.0,XY,2,correlated,1.0685109933202345e-09,0.0001887090508999857
rates_10ba39339e235ff4,2.0,XZ,2,correlated,-1.0041649431517156e-09,0.0001362530160350194
rates_10ba39339e235ff4,2.0,YI,1,local,1.0227668161041093e-09,0.00013629431150583173
rates_10ba39339e235ff4,2.0,YX,2,correlated,1.2160115567238574e-09,0.00018870727272585577
rates_10ba39339e235ff4,2.0,YY,2,correlated,-1.835784650434803e-09,3.0533588479592e-09
rates_10ba39339e235ff4,2.0,YZ,2,correlated,-1.6393486148265757e-09,0.0
rates_10ba39339e235ff4,2.0,ZI,1,local,1.2339006166344195e-10,0.0001887428330724885
rates_10ba39339e235ff4,2.0,ZX,2,correlated,-1.3447932950757445e-09,0.00013625203373656214
rates_10ba39339e235ff4,2.0,ZY,2,correlated,-2.7539649917930537e-09,0.0
rates_10ba39339e235ff4,2.0,ZZ,2,correlated,9.23203775643291e-16,7.59351879335915e-09
rates_10ba39339e235ff4,3.0,IX,1,local,8.119218022383997e-09,0.003233629837427819
rates_10ba39339e235ff4,3.0,IY,1,local,-1.4694217762670815e-09,0.00014033983899911168
rates_10ba39339e235ff4,3.0,IZ,1,local,-6.614111814406624e-10,0.00018471415301048576
rates_10ba39339e235ff4,3.0,XI,1,local,1.3109804974980563e-08,0.003233626684733907
rates_10ba39339e235ff4,3.0,XX,2,correlated,0.058210735960269634,0.002874065397287005
rates_10ba39339e235ff4,3.0,XY,2,correlated,-4.122196973723905e-09,0.00018464941135729426
rates_10ba39339e235ff4,3.0,XZ,2,correlated,-7.71405684079433e-10,0.0001402938817994446
rates_10ba39339e235ff4,3.0,YI,1,local,-1.2403383628985292e-09,0.00014033839593367712
rates_10ba39339e235ff4,3.0,YX,2,correlated,-1.4953592249448728e-09,0.00018464715966568868
rates_10ba39339e235ff4,3.0,YY,2,correlated,-2.693513857295392e-10,0.0
rates_10ba39339e235ff4,3.0,YZ,2,correlated,5.583516922667585e-09,0.0
rates_10ba39339e235ff4,3.0,ZI,1,local,3.920363994501785e-10,0.00018471483409543312
rates_10ba39339e235ff4,3.0,ZX,2,correlated,-4.45308686407932e-10,0.00014029689547147997
rates_10ba39339e235ff4,3.0,ZY,2,correlated,3.8342313176564166e-09,0.0
rates_10ba39339e235ff4,3.0,ZZ,2,correlated,-7.90435623865531e-16,8.144500372039777e-09
rates_10ba39339e235ff4,4.0,IX,1,local,-1.586718639907879e-09,0.004037933494542094
rates_10ba39339e235ff4,4.0,IY,1,local,-3.328369741407455e-10,0.00014289531534970417
rates_10ba39339e235ff4,4.0,IZ,1,local,-2.740508526842898e-10,0.00018217348967677452
rates_10ba39339e235ff4,4.0,XI,1,local,-5.3716589039060235e-09,0.004037933634670788
rates_10ba39339e235ff4,4.0,XX,2,correlated,0.07246481445258593,0.004438553411860596
rates_10ba39339e235ff4,4.0,XY,2,correlated,8.247363454111315e-09,0.00018210825415848142
rates_10ba39339e235ff4,4.0,XZ,2,correlated,3.1764822163278493e-09,0.0001428197423631597
rates_10ba39339e235ff4,4.0,YI,1,local,-6.393875614353567e-09,0.00014289228485544556
rates_10ba39339e235ff4,4.0,YX,2,correlated,1.520315712424609e-08,0.00018210802664375995
rates_10ba39339e235ff4,4.0,YY,2,correlated,7.970054896815478e-09,2.87187386371901e-09
rates_10ba39339e235ff4,4.0,YZ,2,correlated,-9.872741744552842e-09,0.0
rates_10ba39339e235ff4,4.0,ZI,1,local,3.7349418158175367e-10,0.00018217510739564427
rates_10ba39339e235ff4,4.0,ZX,2,correlated,1.5979958404627533e-09,0.00014282138265270434
rates_10ba39339e235ff4,4.0,ZY,2,correlated,-1.5968626320657364e-08,0.0
rates_10ba39339e235ff4,4.0,ZZ,2,correlated,-1.0680844323838485e-15,6.723483835652244e-09
rates_10c0db9943c7239f,0.01,IX,1,local,-1.1757289250970195e-08,0.000955931500364279
rates_10c0db9943c7239f,0.01,IY,1,local,-1.207507860504886e-09,2.453142047216002e-05
rates_10c0db9943c7239f,0.01,IZ,1,local,-5.694678937917568e-11,5.6734033261895506e-05
rates_10c0db9943c7239f,0.01,XI,1,local,-1.4081834141202975e-08,0.0009559335734375581
rates_10c0db9943c7239f,0.01,XX,2,correlated,0.013707398698519835,0.0006472939297345455
rates_10c0db9943c7239f,0.01,XY,2,correlated,1.7594156125683776e-09,5.6708140782169695e-05
rates_10c0db9943c7239f,0.01,XZ,2,correlated,1.6709505227583408e-09,2.452465709277996e-05
rates_10c0db9943c7239f,0.01,YI,1,local,-1.0753269651780586e-09,2.4533139793148442e-05
rates_10c0db9943c7239f,0.01,YX,2,correlated,-3.44455920900491e-09,5.6707692151324995e-05
rates_10c0db9943c7239f,0.01,YY,2,correlated,3.667387105802027e-09,2.093722222449741e-09
rates_10c0db9943c7239f,0.01,YZ,2,correlated,-1.491027372244644e-09,4.65655851020807e-10
rates_10c0db9943c7239f,0.01,ZI,1,local,-1.541327172441473e-10,5.673434810945191e-05
rates_10c0db9943c7239f,0.01,ZX,2,correlated,1.6516333586204243e-09,2.452307155513566e-05
rates_10c0db9943c7239f,0.01,ZY,2,correlated,2.5916241595221176e-09,0.0
rates_10c0db9943c7239f,0.01,ZZ,2,correlated,-2.2660493117724547e-17,2.6847928919653853e-09
rates_10c0db9943c7239f,1.0,IX,1,local,1.029513378040188e-08,0.0027074729914515453
rates_10c0db9943c7239f,1.0,IY,1,local,-2.9773429681825653e-09,3.201539190682718e-05
rates_10c0db9943c7239f,1.0,IZ,1,local,-2.4839616245508167e-10,4.925333057877359e-05
rates_10c0db9943c7239f,1.0,XI,1,local,1.0115313247341264e-08,0.0027074743447870362
rates_10c0db9943c7239f,1.0,XX,2,correlated,0.028683201203189453,0.001094441833833498
rates_10c0db9943c7239f,1.0,XY,2,correlated,-9.74400154516121e-10,4.922789742948116e-05
rates_10c0db9943c7239f,1.0,XZ,2,correlated,-1.3295660426180838e-09,3.200000917913924e-05
rates_10c0db9943c7239f,1.0,YI,1,local,-3.835342878944557e-09,3.20164601358678e-05
rates_10c0db9943c7239f,1.0,YX,2,correlated,-1.7842859181856261e-09,4.9228168591138564e-05
rates_10c0db9943c7239f,1.0,YY,2,correlated,-2.185205009716919e-09,2.381271485102231e-09
rates_10c0db9943c7239f,1.0,YZ,2,correlated,2.5343104684402665e-09,8.131008892816853e-10
rates_10c0db9943c7239f,1.0,ZI,1,local,9.474266584969808e-11,4.92533755004542e-05
rates_10c0db9943c7239f,1.0,ZX,2,correlated,-8.93158448233393e-10,3.1998624868265517e-05
rates_10c0db9943c7239f,1.0,ZY,2,correlated,2.788993191058468e-09,2.2959715357227795e-10
rates_10c0db9943c7239f,1.0,ZZ,2,correlated,-7.728890956326493e-17,6.686553079022356e-09
rates_10c0db9943c7239f,2.0,IX,1,local,2.0710018597626873e-08,0.00437740977235066
rates_10c0db9943c7239f,2.0,IY,1,local,-6.939729007267665e-10,3.4044130479577556e-05
rates_10c0db9943c7239f,2.0,IZ,1,local,4.47392809373606e-10,4.722786432049099e-05
rates_10c0db9943c7239f,2.0,XI,1,local,2.0989773546938146e-08,0.004377402247313096
rates_10c0db9943c7239f,2.0,XX,2,correlated,0.043465200570782285,0.001966691147835863
rates_10c0db9943c7239f,2.0,XY,2,correlated,2.9721854829102253e-09,4.72088893980104e-05
rates_10c0db9943c7239f,2.0,XZ,2,correlated,-4.498036435997967e-09,3.4016495720596293e-05
rates_10c0db9943c7239f,2.0,YI,1,local,7.943533342369706e-09,3.403647288450008e-05
rates_10c0db9943c7239f,2.0,YX,2,correlated,3.936052947066788e-10,4.720787818023953e-05
rates_10c0db9943c7239f,2.0,YY,2,correlated,-9.504323951655418e-09,3.085036996624421e-09
rates_10c0db9943c7239f,2.0,YZ,2,correlated,-6.205805356589651e-09,0.0
rates_10c0db9943c7239f,2.0,ZI,1,local,7.579436804648224e-11,4.722828133221616e-05
rates_10c0db9943c7239f,2.0,ZX,2,correlated,-4.6507851316064115e-09,3.402474752320263e-05
rates_10c0db9943c7239f,2.0,ZY,2,correlated,-1.4167461922561398e-10,2.7339704961742983e-09
rates_10c0db9943c7239f,2.0,ZZ,2,correlated,3.389668945057834e-16,2.0398719649192265e-09
rates_10c0db9943c7239f,3.0,IX,1,local,1.5603662159964545e-08,0.005954709504557692
rates_10c0db9943c7239f,3.0,IY,1,local,-9.306071962429894e-09,3.506246966840322e-05
rates_10c0db9943c7239f,3.0,IZ,1,local,2.7757145413056346e-10,4.6264710480509626e-05
rates_10c0db9943c7239f,3.0,XI,1,local,1.3636013150522858e-08,0.005954661368275559
rates_10c0db9943c7239f,3.0,XX,2,correlated,0.05790518722405046,0.003210619464478273
rates_10c0db9943c7239f,3.0,XY,2,correlated,3.994104911087702e-09,4.614685576233247e-05
rates_10c0db9943c7239f,3.0,XZ,2,correlated,-4.255784476607e-09,3.500126845076104e-05
rates_10c0db9943c7239f,3.0,YI,1,local,2.154368930154095e-08,3.5010528388851253e-05
rates_10c0db9943c7239f,3.0,YX,2,correlated,2.3897296184369897e-08,4.614138407246543e-05
rates_10c0db9943c7239f,3.0,YY,2,correlated,-7.825971827916199e-09,2.4691218171298083e-09
rates_10c0db9943c7239f,3.0,YZ,2,correlated,3.766858323553801e-09,1.7320188414684524e-09
rates_10c0db9943c7239f,3.0,ZI,1,local,2.2439791252492374e-09,4.626896000701591e-05
rates_10c0db9943c7239f,3.0,ZX,2,correlated,-1.515956311285832e-09,3.505443085304689e-05
rates_10c0db9943c7239f,3.0,ZY,2,correlated,7.731442646702194e-09,2.7807721773536243e-08
rates_10c0db9943c7239f,3.0,ZZ,2,correlated,-2.636763598871662e-16,4.20641969537533e-08
rates_10c0db9943c7239f,4.0,IX,1,local,-1.0135055205296301e-09,0.007448478724528473
rates_10c0db9943c7239f,4.0,IY,1,local,1.2414290113715197e-09,3.5689537979762074e-05
rates_10c0db9943c7239f,4.0,IZ,1,local,1.6901353883051053e-09,4.560633936595107e-05
rates_10c0db9943c7239f,4.0,XI,1,local,-1.2038322177043892e-08,0.007448479564204982
rates_10c0db9943c7239f,4.0,XX,2,correlated,0.07200529564357312,0.004783829173753676
rates_10c0db9943c7239f,4.0,XY,2,correlated,8.645530141273086e-09,4.5557479279373294e-05
rates_10c0db9943c7239f,4.0,XZ,2,correlated,-3.103475154015601e-09,3.5644467294955816e-05
rates_10c0db9943c7239f,4.0,YI,1,local,-2.067148210791694e-09,3.568762911368219e-05
rates_10c0db9943c7239f,4.0,YX,2,correlated,-2.49704135483803e-09,4.555625204913155e-05
rates_10c0db9943c7239f,4.0,YY,2,correlated,-7.181592228968241e-09,0.0
rates_10c0db9943c7239f,4.0,YZ,2,correlated,-7.55169910604764e-09,5.766044082443491e-10
rates_10c0db9943c7239f,4.0,ZI,1,local,-1.3978347134278776e-09,4.560689644292081e-05
rates_10c0db9943c7239f,4.0,ZX,2,correlated,-5.150909401913629e-09,3.564704631370777e-05
rates_10c0db9943c7239f,4.0,ZY,2,correlated,4.1666095568016735e-09,8.318580442534529e-10
rates_10c0db9943c7239f,4.0,ZZ,2,correlated,-6.139083574206459e-16,5.1186294369731655e-09
rates_14c3539000a4de2d,0.01,IX,1,local,-7.743307417727568e-09,5.995436419074004e-05
rates_14c3539000a4de2d,0.01,IY,1,local,2.978739281608311e-09,8.883475893427824e-05
rates_14c3539000a4de2d,0.01,IZ,1,local,-1.3272734906744244e-10,0.00024449494538627913
rates_14c3539000a4de2d,0.01,XI,1,local,-7.436469388404597e-09,5.994394294564641e-05
rates_14c3539000a4de2d,0.01,XX,2,correlated,0.013736880479414468,2.3967479958309503e-06
rates_14c3539000a4de2d,0.01,XY,2,correlated,-8.204041329359512e-09,0.0002445044538326532
rates_14c3539000a4de2d,0.01,XZ,2,correlated,1.0142423842487082e-09,8.882458333315634e-05
rates_14c3539000a4de2d,0.01,YI,1,local,-1.186179214844636e-10,8.88246001161053e-05
rates_14c3539000a4de2d,0.01,YX,2,correlated,2.251409458793075e-09,0.00024450418041754623
rates_14c3539000a4de2d,0.01,YY,2,correlated,1.6569057525817447e-09,0.0
rates_14c3539000a4de2d,0.01,YZ,2,correlated,2.983496875905979e-09,0.0
rates_14c3539000a4de2d,0.01,ZI,1,local,5.045675810713974e-11,0.00024449487090253037
rates_14c3539000a4de2d,0.01,ZX,2,correlated,6.899443441169547e-10,8.883509005061066e-05
rates_14c3539000a4de2d,0.01,ZY,2,correlated,-2.2681089229089184e-09,0.0
rates_14c3539000a4de2d,0.01,ZZ,2,correlated,-8.157727488042223e-17,2.3775539249271615e-08
rates_14c3539000a4de2d,1.0,IX,1,local,1.518813690444834e-08,0.00016869224154908034
rates_14c3539000a4de2d,1.0,IY,1,local,-8.889946558906599e-10,0.00012520720428937698
rates_14c3539000a4de2d,1.0,IZ,1,local,-1.699213622836447e-10,0.00020812290130111855
rates_14c3539000a4de2d,1.0,XI,1,local,1.5223064044113043e-08,0.00016868289015651514
rates_14c3539000a4de2d,1.0,XX,2,correlated,0.028839211797088846,0.00046005277984351417
rates_14c3539000a4de2d,1.0,XY,2,correlated,-2.127612729176045e-09,0.0002081305168057109
rates_14c3539000a4de2d,1.0,XZ,2,correlated,4.255554653513424e-09,0.0001252001444017216
rates_14c3539000a4de2d,1.0,YI,1,local,6.241703571555354e-10,0.00012519778849763612
rates_14c3539000a4de2d,1.0,YX,2,correlated,4.376750587853685e-09,0.0002081301293296865
rates_14c3539000a4de2d,1.0,YY,2,correlated,8.759285422558991e-09,3.825045985923455e-09
rates_14c3539000a4de2d,1.0,YZ,2,correlated,-1.2911687090777309e-09,0.0
rates_14c3539000a4de2d,1.0,ZI,1,local,3.1863251481251026e-10,0.00020812317329881838
rates_14c3539000a4de2d,1.0,ZX,2,correlated,4.359476007812027e-09,0.0001252096756731616
rates_14c3539000a4de2d,1.0,ZY,2,correlated,-3.2752951771136187e-09,0.0
rates_14c3539000a4de2d,1.0,ZZ,2,correlated,4.512024763541136e-16,1.3874556520614839e-08
rates_14c3539000a4de2d,2.0,IX,1,local,3.908149352044734e-08,0.0002682403559783213
rates_14c3539000a4de2d,2.0,IY,1,local,3.4752650519460493e-09,0.0001350621427465849
rates_14c3539000a4de2d,2.0,IZ,1,local,2.812207050486494e-10,0.00019827595876101967
rates_14c3539000a4de2d,2.0,XI,1,local,3.2257241058915274e-08,0.00026823879730767557
rates_14c3539000a4de2d,2.0,XX,2,correlated,0.043824439103237585,0.0013355354085030078
rates_14c3539000a4de2d,2.0,XY,2,correlated,3.5952626083066853e-09,0.00019825737324061043
rates_14c3539000a4de2d,2.0,XZ,2,correlated,-6.150548876455912e-10,0.00013506336928305237
rates_14c3539000a4de2d,2.0,YI,1,local,2.828284571907709e-09,0.00013505817032700507
rates_14c3539000a4de2d,2.0,YX,2,correlated,5.578763765466283e-09,0.00019826277365112075
rates_14c3539000a4de2d,2.0,YY,2,correlated,-2.8871873386416524e-09,0.0
rates_14c3539000a4de2d,2.0,YZ,2,correlated,1.877699521028205e-09,0.0
rates_14c3539000a4de2d,2.0,ZI,1,local,8.725615241078589e-10,0.000198275271444297
rates_14c3539000a4de2d,2.0,ZX,2,correlated,-9.196671588342104e-10,0.00013506262860695588
rates_14c3539000a4de2d,2.0,ZY,2,correlated,1.220488579216372e-09,0.0
rates_14c3539000a4de2d,2.0,ZZ,2,correlated,-2.8903840946162053e-16,2.3467909656966612e-08
rates_14c3539000a4de2d,3.0,IX,1,local,1.6541320662308156e-08,0.0003561653127158014
rates_14c3539000a4de2d,3.0,IY,1,local,-3.6094787278400285e-09,0.0001399827194903148
rates_14c3539000a4de2d,3.0,IZ,1,local,-3.2002067816346954e-10,0.00019333227851627861
rates_14c3539000a4de2d,3.0,XI,1,local,5.1371586454070354e-08,0.0003561687811046224
rates_14c3539000a4de2d,3.0,XX,2,correlated,0.058528947087313696,0.0025831622261433475
rates_14c3539000a4de2d,3.0,XY,2,correlated,-1.8336893397377005e-09,0.00019334643853467342
rates_14c3539000a4de2d,3.0,XZ,2,correlated,-5.022024169090841e-10,0.00014000166617078938
rates_14c3539000a4de2d,3.0,YI,1,local,5.313511337650495e-09,0.00013997940339884925
rates_14c3539000a4de2d,3.0,YX,2,correlated,1.287754815272198e-09,0.00019333511231477585
rates_14c3539000a4de2d,3.0,YY,2,correlated,4.5680578900109205e-10,4.085018799978744e-09
rates_14c3539000a4de2d,3.0,YZ,2,correlated,-1.1056969684961643e-09,0.0
rates_14c3539000a4de2d,3.0,ZI,1,local,7.666994404839017e-10,0.00019334596805961387
rates_14c3539000a4de2d,3.0,ZX,2,correlated,7.737347742688245e-10,0.00014000261893868987
rates_14c3539000a4de2d,3.0,ZY,2,correlated,-3.6398050843971892e-09,0.0
rates_14c3539000a4de2d,3.0,ZZ,2,correlated,5.201552011575817e-16,6.606843670244056e-09
rates_14c3539000a4de2d,4.0,IX,1,local,-7.845513193159016e-09,0.00043588877123148324
rates_14c3539000a4de2d,4.0,IY,1,local,-4.299090367410166e-09,0.00014308259638673066
rates_14c3539000a4de2d,4.0,IZ,1,local,5.093428482600439e-10,0.0001902546703140451
rates_14c3539000a4de2d,4.0,XI,1,local,-1.0029574830437616e-08,0.0004359142615725565
rates_14c3539000a4de2d,4.0,XX,2,correlated,0.07294137751768771,0.004164500553507658
rates_14c3539000a4de2d,4.0,XY,2,correlated,5.283166885996911e-09,0.0001902387503691349
rates_14c3539000a4de2d,4.0,XZ,2,correlated,-1.02023158065744e-09,0.00014308295153697188
rates_14c3539000a4de2d,4.0,YI,1,local,-6.857432407024856e-09,0.00014311765865016078
rates_14c3539000a4de2d,4.0,YX,2,correlated,-7.093920534366789e-09,0.0001902315829388606
rates_14c3539000a4de2d,4.0,YY,2,correlated,-2.8805639770636124e-11,0.0
rates_14c3539000a4de2d,4.0,YZ,2,correlated,3.993575047808603e-09,5.146472635484116e-09
rates_14c3539000a4de2d,4.0,ZI,1,local,-1.6280259743289247e-09,0.00019024999342165876
rates_14c3539000a4de2d,4.0,ZX,2,correlated,-1.6886050235936702e-09,0.00014305973359567565
rates_14c3539000a4de2d,4.0,ZY,2,correlated,1.565077511029886e-09,0.0
rates_14c3539000a4de2d,4.0,ZZ,2,correlated,1.020364816465445e-15,1.794770847609109e-08
rates_15e2db7947d1c0fd,0.01,IX,1,local,-6.4952135809973385e-09,0.0012573891962523935
rates_15e2db7947d1c0fd,0.01,IY,1,local,4.961279132038892e-10,8.740776455629313e-10
rates_15e2db7947d1c0fd,0.01,IZ,1,local,3.472899717592379e-11,6.822723192646788e-09
rates_15e2db7947d1c0fd,0.01,XI,1,local,-1.0940071933257224e-08,0.0012573981904706753
rates_15e2db7947d1c0fd,0.01,XX,2,correlated,0.013759947383751268,0.00016428284270314142
rates_15e2db7947d1c0fd,0.01,XY,2,correlated,1.7710951780635212e-09,6.931961375354276e-09
rates_15e2db7947d1c0fd,0.01,XZ,2,correlated,2.4770225029448785e-10,2.4352390900698854e-09
rates_15e2db7947d1c0fd,0.01,YI,1,local,-1.8277483225189808e-09,1.6199893226230472e-09
rates_15e2db7947d1c0fd,0.01,YX,2,correlated,-4.585794863420034e-09,3.1440087817262777e-09
rates_15e2db7947d1c0fd,0.01,YY,2,correlated,5.083388618983984e-10,1.1440510026802996e-09
rates_15e2db7947d1c0fd,0.01,YZ,2,correlated,-3.6325376098089704e-10,1.0893767873660239e-09
rates_15e2db7947d1c0fd,0.01,ZI,1,local,-7.006378680618349e-11,1.8769013282363214e-09
rates_15e2db7947d1c0fd,0.01,ZX,2,correlated,1.5149229589708492e-10,4.451997592195417e-11
rates_15e2db7947d1c0fd,0.01,ZY,2,correlated,1.557584506591807e-09,4.297068588541425e-10
rates_15e2db7947d1c0fd,0.01,ZZ,2,correlated,3.4064762563374527e-16,8.334507496047389e-10
rates_15e2db7947d1c0fd,1.0,IX,1,local,3.036325064081634e-09,0.0017631755801773934
rates_15e2db7947d1c0fd,1.0,IY,1,local,-7.015013195991804e-10,3.381145327125334e-09
rates_15e2db7947d1c0fd,1.0,IZ,1,local,-2.1600367964657828e-10,2.8772087914013106e-09
rates_15e2db7947d1c0fd,1.0,XI,1,local,9.984865133061843e-09,0.0017631866339671007
rates_15e2db7947d1c0fd,1.0,XX,2,correlated,0.028830424509996892,0.0006167857810882465
rates_15e2db7947d1c0fd,1.0,XY,2,correlated,3.2761061203593685e-09,2.7955899927821037e-09
rates_15e2db7947d1c0fd,1.0,XZ,2,correlated,-3.7112379907469837e-10,5.752736988017009e-09
rates_15e2db7947d1c0fd,1.0,YI,1,local,-5.9492636055821395e-09,3.1017880327530366e-09
rates_15e2db7947d1c0fd,1.0,YX,2,correlated,-3.4382891292396814e-09,2.9428513197279557e-09
rates_15e2db7947d1c0fd,1.0,YY,2,correlated,1.1362714079079726e-10,3.758279389366588e-09
rates_15e2db7947d1c0fd,1.0,YZ,2,correlated,-2.391286099342282e-10,5.193257482658377e-09
rates_15e2db7947d1c0fd,1.0,ZI,1,local,2.5811025876409267e-12,2.917078555091329e-09
rates_15e2db7947d1c0fd,1.0,ZX,2,correlated,1.6254798106507033e-10,1.4889344024208995e-09
rates_15e2db7947d1c0fd,1.0,ZY,2,correlated,1.0678185978391903e-09,3.0913924577042713e-09
rates_15e2db7947d1c0fd,1.0,ZZ,2,correlated,4.146264013091093e-16,3.796312834404569e-09
rates_15e2db7947d1c0fd,2.0,IX,1,local,3.755973037667377e-08,0.0022457493658697703
rates_15e2db7947d1c0fd,2.0,IY,1,local,-4.44365697920239e-09,4.985175228297469e-09
rates_15e2db7947d1c0fd,2.0,IZ,1,local,-5.34929718703873e-11,6.901561412591861e-09
rates_15e2db7947d1c0fd,2.0,XI,1,local,2.3916850123734067e-08,0.002245745106419993
rates_15e2db7947d1c0fd,2.0,XX,2,correlated,0.0437653856911685,0.0014861364524967825
rates_15e2db7947d1c0fd,2.0,XY,2,correlated,5.956428040250566e-10,8.329387685547356e-09
rates_15e2db7947d1c0fd,2.0,XZ,2,correlated,-7.317649604269339e-10,2.4038958295951805e-09
rates_15e2db7947d1c0fd,2.0,YI,1,local,-1.9106405571764825e-11,7.335824689727941e-09
rates_15e2db7947d1c0fd,2.0,YX,2,correlated,8.471847200700561e-11,1.3192308610863838e-08
rates_15e2db7947d1c0fd,2.0,YY,2,correlated,-1.612649467529338e-09,1.481977909530484e-10
rates_15e2db7947d1c0fd,2.0,YZ,2,correlated,-7.451914392368423e-10,1.2327638230248212e-10
rates_15e2db7947d1c0fd,2.0,ZI,1,local,-2.956697219578029e-10,1.2902915763150317e-08
rates_15e2db7947d1c0fd,2.0,ZX,2,correlated,-1.2879031102049266e-09,9.066878667784647e-09
rates_15e2db7947d1c0fd,2.0,ZY,2,correlated,2.0178141496174986e-09,2.996955992835143e-10
rates_15e2db7947d1c0fd,2.0,ZZ,2,correlated,-1.1448035112905234e-16,1.8505237273092057e-11
rates_15e2db7947d1c0fd,3.0,IX,1,local,5.6061347021224245e-09,0.002699631843377696
rates_15e2db7947d1c0fd,3.0,IY,1,local,-1.2929223611338674e-09,5.566462573324514e-09
rates_15e2db7947d1c0fd,3.0,IZ,1,local,-7.605279818980762e-10,5.484481489924953e-09
rates_15e2db7947d1c0fd,3.0,XI,1,local,1.82325775281845e-08,0.002699640462687215
rates_15e2db7947d1c0fd,3.0,XX,2,correlated,0.05840470765006275,0.0027251833527234463
rates_15e2db7947d1c0fd,3.0,XY,2,correlated,-1.6305828143864402e-09,5.728332967257915e-09
rates_15e2db7947d1c0fd,3.0,XZ,2,correlated,2.817689770510908e-09,8.046691481178574e-09
rates_15e2db7947d1c0fd,3.0,YI,1,local,-2.830195178846935e-09,6.63126788829695e-09
rates_15e2db7947d1c0fd,3.0,YX,2,correlated,-2.9966895957274204e-09,9.514710106817495e-09
rates_15e2db7947d1c0fd,3.0,YY,2,correlated,4.7634670851247815e-09,2.410036062439306e-08
rates_15e2db7947d1c0fd,3.0,YZ,2,correlated,-1.3158240369820618e-09,1.3682304212300875e-08
rates_15e2db7947d1c0fd,3.0,ZI,1,local,1.2204373855236812e-09,6.505509834593798e-09
rates_15e2db7947d1c0fd,3.0,ZX,2,correlated,3.4326093511127354e-09,8.118033760409066e-09
rates_15e2db7947d1c0fd,3.0,ZY,2,correlated,-4.170356071814615e-09,1.1356391597649545e-08
rates_15e2db7947d1c0fd,3.0,ZZ,2,correlated,9.696846354137228e-16,2.0107130624565095e-08
rates_15e2db7947d1c0fd,4.0,IX,1,local,3.214031444695262e-09,0.0031289340368216493
rates_15e2db7947d1c0fd,4.0,IY,1,local,2.3717680910543438e-09,5.31520899125712e-09
rates_15e2db7947d1c0fd,4.0,IZ,1,local,-2.619852026451921e-10,5.701491753970389e-09
rates_15e2db7947d1c0fd,4.0,XI,1,local,2.1436475363535082e-09,0.0031289418131670503
rates_15e2db7947d1c0fd,4.0,XX,2,correlated,0.07274069481616663,0.004295539113576768
rates_15e2db7947d1c0fd,4.0,XY,2,correlated,4.984418511573419e-10,9.190988393590564e-09
rates_15e2db7947d1c0fd,4.0,XZ,2,correlated,1.1954661012138294e-09,2.877333272463317e-09
rates_15e2db7947d1c0fd,4.0,YI,1,local,-2.361461864949409e-09,4.251948329089147e-09
rates_15e2db7947d1c0fd,4.0,YX,2,correlated,-5.081986897480421e-10,4.280804432937532e-09
rates_15e2db7947d1c0fd,4.0,YY,2,correlated,7.797843375631121e-10,4.859616945087194e-09
rates_15e2db7947d1c0fd,4.0,YZ,2,correlated,-3.3191401455294927e-09,4.903976855255094e-09
rates_15e2db7947d1c0fd,4.0,ZI,1,local,6.352590169943967e-10,3.472138147325944e-09
rates_15e2db7947d1c0fd,4.0,ZX,2,correlated,1.1313417208731952e-09,4.975419785370472e-10
rates_15e2db7947d1c0fd,4.0,ZY,2,correlated,-5.200580716868725e-09,3.439107840666709e-09
rates_15e2db7947d1c0fd,4.0,ZZ,2,correlated,-1.0219167443410905e-16,1.5680482155777664e-09
rates_17830da3b3822d7d,0.01,IX,1,local,-4.478753500872871e-09,0.0010655663555531967
rates_17830da3b3822d7d,0.01,IY,1,local,-5.068789097485554e-09,1.213158697848174e-09
rates_17830da3b3822d7d,0.01,IZ,1,local,2.532113489758634e-10,3.606461116075828e-09
rates_17830da3b3822d7d,0.01,XI,1,local,-7.2724705682789685e-09,0.0010655830693965009
rates_17830da3b3822d7d,0.01,XX,2,correlated,0.01371148505042256,0.0006473292299042049
rates_17830da3b3822d7d,0.01,XY,2,correlated,9.690014678750988e-09,3.1260662606815088e-09
rates_17830da3b3822d7d,0.01,XZ,2,correlated,-4.1379567459792395e-09,4.7797980619158715e-09
rates_17830da3b3822d7d,0.01,YI,1,local,2.1687772016293125e-09,4.427947757789707e-09
rates_17830da3b3822d7d,0.01,YX,2,correlated,-9.429706840994945e-09,3.813659171444939e-09
rates_17830da3b3822d7d,0.01,YY,2,correlated,-8.116082645903795e-09,3.6514240121182376e-09
rates_17830da3b3822d7d,0.01,YZ,2,correlated,-3.205396369423244e-09,4.070184434317048e-09
rates_17830da3b3822d7d,0.01,ZI,1,local,-2.0639683503528132e-10,4.69307046264201e-09
rates_17830da3b3822d7d,0.01,ZX,2,correlated,-3.981114169292784e-09,8.638730810339376e-10
rates_17830da3b3822d7d,0.01,ZY,2,correlated,7.543232059654745e-09,1.408160309313763e-09
rates_17830da3b3822d7d,0.01,ZZ,2,correlated,8.785661536984674e-16,6.0011192605947256e-09
rates_17830da3b3822d7d,1.0,IX,1,local,1.7621202899524708e-08,0.0028148216459791845
rates_17830da3b3822d7d,1.0,IY,1,local,2.4897151261521105e-09,2.253379651845572e-09
rates_17830da3b3822d7d,1.0,IZ,1,local,-2.1212986025455588e-10,1.977307780758527e-09
rates_17830da3b3822d7d,1.0,XI,1,local,7.778963684937554e-09,0.0028148192763707653
rates_17830da3b3822d7d,1.0,XX,2,correlated,0.02868738140707302,0.0010945323601426432
rates_17830da3b3822d7d,1.0,XY,2,correlated,-1.1678532176743204e-09,6.576874603749666e-09
rates_17830da3b3822d7d,1.0,XZ,2,correlated,2.063506280540294e-09,2.6607052626255134e-09
rates_17830da3b3822d7d,1.0,YI,1,local,3.923091979030916e-10,3.842404979785035e-09
rates_17830da3b3822d7d,1.0,YX,2,correlated,-1.6876977056236678e-09,9.018859325050747e-09
rates_17830da3b3822d7d,1.0,YY,2,correlated,3.8197997171256615e-09,8.669286622947314e-09
rates_17830da3b3822d7d,1.0,YZ,2,correlated,-4.066058893519013e-09,3.4027647531181254e-09
rates_17830da3b3822d7d,1.0,ZI,1,local,3.3972864073062916e-10,3.482626677656863e-09
rates_17830da3b3822d7d,1.0,ZX,2,correlated,2.207966168743956e-09,4.577910035427624e-09
rates_17830da3b3822d7d,1.0,ZY,2,correlated,-2.4260652275212306e-09,3.420494037315036e-09
rates_17830da3b3822d7d,1.0,ZZ,2,correlated,-1.4671746958150486e-15,4.499634403791475e-09
rates_17830da3b3822d7d,2.0,IX,1,local,1.7347526446454902e-08,0.004482561826349089
rates_17830da3b3822d7d,2.0,IY,1,local,9.236518946535577e-09,1.4237547767104956e-08
rates_17830da3b3822d7d,2.0,IZ,1,local,-8.381192209827395e-10,9.635731668850006e-09
rates_17830da3b3822d7d,2.0,XI,1,local,1.323814697518693e-08,0.004482505482329027
rates_17830da3b3822d7d,2.0,XX,2,correlated,0.04346960022579223,0.001966781986099135
rates_17830da3b3822d7d,2.0,XY,2,correlated,-2.647371178869199e-08,7.1544377916856e-09
rates_17830da3b3822d7d,2.0,XZ,2,correlated,1.1901833130999066e-08,1.5611579456774459e-09
rates_17830da3b3822d7d,2.0,YI,1,local,-1.0233519022898865e-08,8.820612845479394e-10
rates_17830da3b3822d7d,2.0,YX,2,correlated,2.7332930974827893e-08,7.910144285243337e-09
rates_17830da3b3822d7d,2.0,YY,2,correlated,2.0242668542612064e-08,1.1788537847124404e-08
rates_17830da3b3822d7d,2.0,YZ,2,correlated,1.4167146257472614e-08,4.1868231598389176e-10
rates_17830da3b3822d7d,2.0,ZI,1,local,8.921207201915291e-10,9.608035563595333e-09
rates_17830da3b3822d7d,2.0,ZX,2,correlated,8.087297247765255e-09,1.3455919272049865e-08
rates_17830da3b3822d7d,2.0,ZY,2,correlated,-1.143344760208897e-08,9.327355829976541e-09
rates_17830da3b3822d7d,2.0,ZZ,2,correlated,-8.373176846069825e-15,1.19761500768506e-08
rates_17830da3b3822d7d,3.0,IX,1,local,9.725621763121257e-09,0.006057686880390869
rates_17830da3b3822d7d,3.0,IY,1,local,4.337540084473625e-09,8.527916355342228e-09
rates_17830da3b3822d7d,3.0,IZ,1,local,1.1737052339320954e-09,6.037349115009348e-09
rates_17830da3b3822d7d,3.0,XI,1,local,1.6982740030574763e-08,0.00605768770740127
rates_17830da3b3822d7d,3.0,XX,2,correlated,0.057909846508703525,0.003210739219975929
rates_17830da3b3822d7d,3.0,XY,2,correlated,3.283100977780704e-09,5.247206844212222e-09
rates_17830da3b3822d7d,3.0,XZ,2,correlated,-1.4797424633824827e-09,1.040328674591453e-08
rates_17830da3b3822d7d,3.0,YI,1,local,-6.731786696078009e-10,7.1229014194499414e-09
rates_17830da3b3822d7d,3.0,YX,2,correlated,-3.6933693416364354e-09,5.797511565220834e-09
rates_17830da3b3822d7d,3.0,YY,2,correlated,-3.949046555528967e-09,2.030734124543361e-08
rates_17830da3b3822d7d,3.0,YZ,2,correlated,-3.775193051319971e-09,1.4423208977848434e-08
rates_17830da3b3822d7d,3.0,ZI,1,local,-8.955637906832812e-10,7.483035876533483e-09
rates_17830da3b3822d7d,3.0,ZX,2,correlated,-3.3714934359764913e-09,8.304890764237322e-09
rates_17830da3b3822d7d,3.0,ZY,2,correlated,3.0118655726173887e-09,1.3361014950813665e-08
rates_17830da3b3822d7d,3.0,ZZ,2,correlated,4.033786123707363e-15,1.825977091231279e-08
rates_17830da3b3822d7d,4.0,IX,1,local,4.261137798640658e-09,0.007549426098844155
rates_17830da3b3822d7d,4.0,IY,1,local,2.8909305988223784e-09,2.6212355683360652e-09
rates_17830da3b3822d7d,4.0,IZ,1,local,9.443991554967985e-10,6.366423936093594e-09
rates_17830da3b3822d7d,4.0,XI,1,local,1.0922014713681614e-08,0.007549447395535934
rates_17830da3b3822d7d,4.0,XX,2,correlated,0.07201035771310013,0.004783941040616085
rates_17830da3b3822d7d,4.0,XY,2,correlated,1.1412489021440464e-08,3.448793351053768e-09
rates_17830da3b3822d7d,4.0,XZ,2,correlated,3.7264805407465405e-09,4.521541203407996e-09
rates_17830da3b3822d7d,4.0,YI,1,local,2.0938565956021787e-09,7.769193562144963e-09
rates_17830da3b3822d7d,4.0,YX,2,correlated,-1.1000745108860607e-08,1.5785749985820774e-09
rates_17830da3b3822d7d,4.0,YY,2,correlated,4.993915883180279e-09,5.402511849528125e-09
rates_17830da3b3822d7d,4.0,YZ,2,correlated,-9.01288303646701e-09,4.1297713189398076e-09
rates_17830da3b3822d7d,4.0,ZI,1,local,-7.683251449485011e-10,3.8460586797939685e-09
rates_17830da3b3822d7d,4.0,ZX,2,correlated,1.7784782907181562e-09,1.2065603047922702e-09
rates_17830da3b3822d7d,4.0,ZY,2,correlated,3.4060019440175194e-09,1.515116244271697e-09
rates_17830da3b3822d7d,4.0,ZZ,2,correlated,-1.3798625194186065e-16,3.154348055325884e-09
rates_1956bc5693502c6b,0.01,IX,1,local,-2.0699505948885093e-08,0.00030667082708707254
rates_1956bc5693502c6b,0.01,IY,1,local,7.790056067834956e-09,4.91163932127972e-05
rates_1956bc5693502c6b,0.01,IZ,1,local,8.215155416196924e-11,0.00011335988093182908
rates_1956bc5693502c6b,0.01,XI,1,local,-1.8784509553540737e-08,0.00030668066337237535
rates_1956bc5693502c6b,0.01,XX,2,correlated,0.013728610042744449,0.00016373543070787266
rates_1956bc5693502c6b,0.01,XY,2,correlated,3.102982488903295e-09,0.00011339159927162078
rates_1956bc5693502c6b,0.01,XZ,2,correlated,-8.4378321552741e-09,4.912185450102997e-05
rates_1956bc5693502c6b,0.01,YI,1,local,9.290061237376203e-09,4.912635983090266e-05
rates_1956bc5693502c6b,0.01,YX,2,correlated,-6.0192660150556496e-09,0.0001133916167231607
rates_1956bc5693502c6b,0.01,YY,2,correlated,-1.724947818246202e-08,2.7245815372067052e-08
rates_1956bc5693502c6b,0.01,YZ,2,correlated,-1.260331624618941e-08,3.5588538470142944e-09
rates_1956bc5693502c6b,0.01,ZI,1,local,6.740751826643924e-11,0.00011335990510869823
rates_1956bc5693502c6b,0.01,ZX,2,correlated,-8.358262439464455e-09,4.911184623994629e-05
rates_1956bc5693502c6b,0.01,ZY,2,correlated,-8.377812945543222e-09,0.0
rates_1956bc5693502c6b,0.01,ZZ,2,correlated,5.730845357179792e-17,0.0
rates_1956bc5693502c6b,1.0,IX,1,local,8.312850161795873e-09,0.0008311768965421286
rates_1956bc5693502c6b,1.0,IY,1,local,-1.3631049597328252e-09,6.412306509945395e-05
rates_1956bc5693502c6b,1.0,IZ,1,local,-3.687479633983954e-10,9.838951063911798e-05
rates_1956bc5693502c6b,1.0,XI,1,local,9.638478344551746e-09,0.0008311653350703836
rates_1956bc5693502c6b,1.0,XX,2,correlated,0.028798186755728723,0.0006155853842345939
rates_1956bc5693502c6b,1.0,XY,2,correlated,-6.583833217335791e-09,9.83812685298625e-05
rates_1956bc5693502c6b,1.0,XZ,2,correlated,-4.5947466982453365e-11,6.410421700212057e-05
rates_1956bc5693502c6b,1.0,YI,1,local,-4.236405490975434e-09,6.411227159112062e-05
rates_1956bc5693502c6b,1.0,YX,2,correlated,5.02286321069255e-09,9.838023970521902e-05
rates_1956bc5693502c6b,1.0,YY,2,correlated,-9.801925759813988e-11,2.1085250420186112e-10
rates_1956bc5693502c6b,1.0,YZ,2,correlated,3.3267391358064812e-09,0.0
rates_1956bc5693502c6b,1.0,ZI,1,local,1.218756507536942e-10,9.838947629089906e-05
rates_1956bc5693502c6b,1.0,ZX,2,correlated,-4.3099050806246944e-10,6.41160736826436e-05
rates_1956bc5693502c6b,1.0,ZY,2,correlated,-2.5102775467092056e-09,3.30218520854398e-09
rates_1956bc5693502c6b,1.0,ZZ,2,correlated,-3.3826946006122284e-17,2.303149817725874e-09
rates_1956bc5693502c6b,2.0,IX,1,local,3.623645623363536e-08,0.0013320275461581666
rates_1956bc5693502c6b,2.0,IY,1,local,3.037784790529903e-10,6.817105884222704e-05
rates_1956bc5693502c6b,2.0,IZ,1,local,3.4183134408549966e-10,9.432563101819298e-05
rates_1956bc5693502c6b,2.0,XI,1,local,4.301338760988951e-08,0.001332041637957984
rates_1956bc5693502c6b,2.0,XX,2,correlated,0.04373133764347289,0.001484221911452266
rates_1956bc5693502c6b,2.0,XY,2,correlated,4.65604054487287e-09,9.432218779086387e-05
rates_1956bc5693502c6b,2.0,XZ,2,correlated,3.021663733976412e-10,6.817864140585955e-05
rates_1956bc5693502c6b,2.0,YI,1,local,-1.8532568954322904e-09,6.818525456397341e-05
rates_1956bc5693502c6b,2.0,YX,2,correlated,-5.966454898741829e-09,9.432445170678798e-05
rates_1956bc5693502c6b,2.0,YY,2,correlated,-1.8002280289295997e-10,3.2061358607812936e-10
rates_1956bc5693502c6b,2.0,YZ,2,correlated,-1.5043422595979107e-09,4.5002764059438694e-09
rates_1956bc5693502c6b,2.0,ZI,1,local,-3.404506329031654e-10,9.432591555614167e-05
rates_1956bc5693502c6b,2.0,ZX,2,correlated,-2.3205374278099348e-11,6.816189723054004e-05
rates_1956bc5693502c6b,2.0,ZY,2,correlated,2.2899550533539588e-09,0.0
rates_1956bc5693502c6b,2.0,ZZ,2,correlated,1.2695853041082936e-16,2.6219367321809323e-09
rates_1956bc5693502c6b,3.0,IX,1,local,1.4305646867390733e-08,0.0018037124982045736
rates_1956bc5693502c6b,3.0,IY,1,local,-3.159698637983712e-09,7.020631701941155e-05
rates_1956bc5693502c6b,3.0,IZ,1,local,3.595458522906232e-12,9.230677213191191e-05
rates_1956bc5693502c6b,3.0,XI,1,local,4.996204596669089e-09,0.0018037093959513849
rates_1956bc5693502c6b,3.0,XX,2,correlated,0.05836815296424284,0.002722716109085044
rates_1956bc5693502c6b,3.0,XY,2,correlated,1.1021879446651181e-09,9.227799400533923e-05
rates_1956bc5693502c6b,3.0,XZ,2,correlated,-1.3953882276961238e-09,7.019354163286175e-05
rates_1956bc5693502c6b,3.0,YI,1,local,5.8145228521430616e-09,7.020069059248727e-05
rates_1956bc5693502c6b,3.0,YX,2,correlated,2.04425192520356e-09,9.228241646531455e-05
rates_1956bc5693502c6b,3.0,YY,2,correlated,-2.4235828969237415e-09,1.8012045218511677e-08
rates_1956bc5693502c6b,3.0,YZ,2,correlated,-1.0077429302280703e-09,2.850924572082242e-09
rates_1956bc5693502c6b,3.0,ZI,1,local,1.2549498676326088e-09,9.230561678197724e-05
rates_1956bc5693502c6b,3.0,ZX,2,correlated,3.1139728406292936e-10,7.019590095028931e-05
rates_1956bc5693502c6b,3.0,ZY,2,correlated,-2.0328344785324575e-10,5.2226725669162345e-09
rates_1956bc5693502c6b,3.0,ZZ,2,correlated,1.621300974364143e-16,2.0020013986443014e-08
rates_1956bc5693502c6b,4.0,IX,1,local,1.0565637934440648e-08,0.0022502763304813427
rates_1956bc5693502c6b,4.0,IY,1,local,-1.4444835310093948e-09,7.149462462620202e-05
rates_1956bc5693502c6b,4.0,IZ,1,local,6.549779694751837e-10,9.104314645481127e-05
rates_1956bc5693502c6b,4.0,XI,1,local,1.1194602203040699e-08,0.00225026504123285
rates_1956bc5693502c6b,4.0,XX,2,correlated,0.07270086827364236,0.004292289096928162
rates_1956bc5693502c6b,4.0,XY,2,correlated,4.2379958824589926e-10,9.100237789494257e-05
rates_1956bc5693502c6b,4.0,XZ,2,correlated,-2.847291533773286e-09,7.145397017058185e-05
rates_1956bc5693502c6b,4.0,YI,1,local,-4.733709951654442e-10,7.148219893840751e-05
rates_1956bc5693502c6b,4.0,YX,2,correlated,-3.50730043328137e-09,9.100572468136907e-05
rates_1956bc5693502c6b,4.0,YY,2,correlated,-5.888890869319377e-09,0.0
rates_1956bc5693502c6b,4.0,YZ,2,correlated,2.331351672660102e-09,0.0
rates_1956bc5693502c6b,4.0,ZI,1,local,-3.7433823495122335e-10,9.10439796488412e-05
rates_1956bc5693502c6b,4.0,ZX,2,correlated,-3.241494169926907e-09,7.146221586850241e-05
rates_1956bc5693502c6b,4.0,ZY,2,correlated,1.1865867598465693e-08,4.170594844523772e-09
rates_1956bc5693502c6b,4.0,ZZ,2,correlated,-9.890980320285653e-16,1.3467892887725208e-08
rates_2524745c632f6db4,0.01,IX,1,local,-1.088074204037402e-08,0.0005256204566941729
rates_2524745c632f6db4,0.01,IY,1,local,-4.813202655359136e-09,2.365394405986923e-09
rates_2524745c632f6db4,0.01,IZ,1,local,-2.4572584550044703e-11,2.6229664061790815e-09
rates_2524745c632f6db4,0.01,XI,1,local,-9.633998679586253e-09,0.0005256182793016853
rates_2524745c632f6db4,0.01,XX,2,correlated,0.013736414901905213,0.00016384800617695857
rates_2524745c632f6db4,0.01,XY,2,correlated,1.651594992603607e-09,4.60654002641931e-09
rates_2524745c632f6db4,0.01,XZ,2,correlated,2.0119823433444232e-10,2.9587688502077846e-09
rates_2524745c632f6db4,0.01,YI,1,local,1.787375059672633e-09,3.0181462657073703e-09
rates_2524745c632f6db4,0.01,YX,2,correlated,-2.7350806161974486e-09,2.650048895087723e-09
rates_2524745c632f6db4,0.01,YY,2,correlated,6.766820356201031e-10,2.442762162213061e-09
rates_2524745c632f6db4,0.01,YZ,2,correlated,-3.1104938362960467e-09,1.1266871545183317e-09
rates_2524745c632f6db4,0.01,ZI,1,local,-3.022030362213562e-11,2.2197113872682242e-09
rates_2524745c632f6db4,0.01,ZX,2,correlated,4.318702937805741e-10,2.9960405865210246e-09
rates_2524745c632f6db4,0.01,ZY,2,correlated,2.4186035771741944e-09,1.4756705367206802e-09
rates_2524745c632f6db4,0.01,ZZ,2,correlated,-2.53169001947429e-16,1.8529564256661996e-09
rates_2524745c632f6db4,1.0,IX,1,local,1.88143772763658e-08,0.001045432254647636
rates_2524745c632f6db4,1.0,IY,1,local,1.656092222923368e-09,2.184222463704269e-09
rates_2524745c632f6db4,1.0,IZ,1,local,-8.172369646251551e-11,2.9440537336617378e-09
rates_2524745c632f6db4,1.0,XI,1,local,3.800196841224583e-09,0.0010454271794759155
rates_2524745c632f6db4,1.0,XX,2,correlated,0.028806231562106068,0.0006158701015008038
rates_2524745c632f6db4,1.0,XY,2,correlated,-1.3089004136777115e-09,3.951876307335537e-09
rates_2524745c632f6db4,1.0,XZ,2,correlated,-3.7163178861058237e-09,2.5950570063601477e-09
rates_2524745c632f6db4,1.0,YI,1,local,2.251371280116791e-09,7.147284026585786e-09
rates_2524745c632f6db4,1.0,YX,2,correlated,3.848340053799199e-09,6.212582342015119e-09
rates_2524745c632f6db4,1.0,YY,2,correlated,-7.4472861669865375e-09,5.288587874913736e-09
rates_2524745c632f6db4,1.0,YZ,2,correlated,-1.4573061685193214e-09,5.198825589120445e-09
rates_2524745c632f6db4,1.0,ZI,1,local,3.225496652588546e-10,5.04119685279813e-09
rates_2524745c632f6db4,1.0,ZX,2,correlated,-3.4993451779021587e-09,8.794585923442913e-09
rates_2524745c632f6db4,1.0,ZY,2,correlated,-4.175674620623756e-09,6.590956080822913e-09
rates_2524745c632f6db4,1.0,ZZ,2,correlated,3.975422669763974e-16,4.48507784817781e-09
rates_2524745c632f6db4,2.0,IX,1,local,3.59903899612321e-08,0.0015417285056090805
rates_2524745c632f6db4,2.0,IY,1,local,7.781222473220339e-10,1.1308746848098902e-08
rates_2524745c632f6db4,2.0,IZ,1,local,-2.2119819826504193e-10,8.630580199583357e-09
rates_2524745c632f6db4,2.0,XI,1,local,3.956161834775301e-08,0.001541709292804715
rates_2524745c632f6db4,2.0,XX,2,correlated,0.04373983040920267,0.0014846829580319042
rates_2524745c632f6db4,2.0,XY,2,correlated,-7.542568754643209e-09,1.5430507819733617e-08
rates_2524745c632f6db4,2.0,XZ,2,correlated,3.4506725054111492e-09,5.972345216775444e-09
rates_2524745c632f6db4,2.0,YI,1,local,-3.2547364594475718e-09,4.129208367022152e-09
rates_2524745c632f6db4,2.0,YX,2,correlated,6.141221438318833e-09,1.461104675594925e-08
rates_2524745c632f6db4,2.0,YY,2,correlated,6.672717184102874e-09,1.4937706444118562e-09
rates_2524745c632f6db4,2.0,YZ,2,correlated,-7.522564731548628e-10,8.399722796448556e-10
rates_2524745c632f6db4,2.0,ZI,1,local,-4.0236082184069134e-10,9.99193884045432e-09
rates_2524745c632f6db4,2.0,ZX,2,correlated,1.7746430429066966e-09,1.0449878991855913e-08
rates_2524745c632f6db4,2.0,ZY,2,correlated,-3.99318177238507e-09,1.0524349374479761e-09
rates_2524745c632f6db4,2.0,ZZ,2,correlated,-2.381690543183799e-16,1.2077363185057644e-09
rates_2524745c632f6db4,3.0,IX,1,local,-1.3458000381629131e-09,0.0020089392604579676
rates_2524745c632f6db4,3.0,IY,1,local,3.983771157976383e-09,5.441134703307879e-09
rates_2524745c632f6db4,3.0,IZ,1,local,1.2526444754732816e-09,1.0587815062099758e-08
rates_2524745c632f6db4,3.0,XI,1,local,9.069663749476264e-10,0.0020089591942831905
rates_2524745c632f6db4,3.0,XX,2,correlated,0.05837728123677969,0.002723290401432004
rates_2524745c632f6db4,3.0,XY,2,correlated,1.108852075490395e-08,5.186049540219055e-09
rates_2524745c632f6db4,3.0,XZ,2,correlated,1.507539994689766e-09,7.158554896416741e-09
rates_2524745c632f6db4,3.0,YI,1,local,2.738875474786278e-09,7.412392512195725e-09
rates_2524745c632f6db4,3.0,YX,2,correlated,-1.8739757132048182e-10,7.055823114904096e-09
rates_2524745c632f6db4,3.0,YY,2,correlated,4.273192599715678e-09,1.7763054226517874e-08
rates_2524745c632f6db4,3.0,YZ,2,correlated,-3.127548713641473e-09,1.7413217869567996e-08
rates_2524745c632f6db4,3.0,ZI,1,local,2.1520329846055227e-10,9.997344445413613e-09
rates_2524745c632f6db4,3.0,ZX,2,correlated,2.4545245067680812e-09,5.752098387445254e-09
rates_2524745c632f6db4,3.0,ZY,2,correlated,-1.5762663895910481e-09,1.2843792431514733e-08
rates_2524745c632f6db4,3.0,ZZ,2,correlated,2.179782096732072e-16,1.7714764429660468e-08
rates_2524745c632f6db4,4.0,IX,1,local,1.2974434641711033e-08,0.002451183765583122
rates_2524745c632f6db4,4.0,IY,1,local,1.9154700911751184e-09,7.994215826475932e-09
rates_2524745c632f6db4,4.0,IZ,1,local,1.07236479674482e-09,7.960589707260607e-09
rates_2524745c632f6db4,4.0,XI,1,local,4.955420780527463e-09,0.00245119244146752
rates_2524745c632f6db4,4.0,XX,2,correlated,0.07271081487554228,0.004293070090108892
rates_2524745c632f6db4,4.0,XY,2,correlated,3.3794965406428216e-09,5.161619719043064e-09
rates_2524745c632f6db4,4.0,XZ,2,correlated,-8.28501345294258e-09,5.0664970405211224e-09
rates_2524745c632f6db4,4.0,YI,1,local,-6.005450208528094e-09,1.0536706173231541e-08
rates_2524745c632f6db4,4.0,YX,2,correlated,-8.662157157960041e-10,8.484263744031398e-09
rates_2524745c632f6db4,4.0,YY,2,correlated,-1.829448439937792e-08,1.9529153460141445e-08
rates_2524745c632f6db4,4.0,YZ,2,correlated,-3.990801503384067e-09,1.3810119070488766e-08
rates_2524745c632f6db4,4.0,ZI,1,local,-3.6410651848285786e-10,9.605803532413223e-09
rates_2524745c632f6db4,4.0,ZX,2,correlated,-9.47129014642936e-09,6.097708596299739e-09
rates_2524745c632f6db4,4.0,ZY,2,correlated,-3.316399416813776e-09,1.1565743156452304e-08
rates_2524745c632f6db4,4.0,ZZ,2,correlated,3.239394004923848e-15,1.6769857092389928e-08
rates_2d87d3caf1b8c595,0.01,IX,1,local,-1.0398425002368722e-08,0.0005028035059811466
rates_2d87d3caf1b8c595,0.01,IY,1,local,3.798418680021089e-09,8.87380818726277e-05
rates_2d87d3caf1b8c595,0.01,IZ,1,local,2.1152558917644515e-11,0.0002446365412141419
rates_2d87d3caf1b8c595,0.01,XI,1,local,-1.1621634637887035e-08,0.0005027886148554739
rates_2d87d3caf1b8c595,0.01,XX,2,correlated,0.013721015859040472,0.0003249696818903034
rates_2d87d3caf1b8c595,0.01,XY,2,correlated,-8.009848928278165e-09,0.00024457124584355283
rates_2d87d3caf1b8c595,0.01,XZ,2,correlated,4.60646605052692e-09,8.871035607855821e-05
rates_2d87d3caf1b8c595,0.01,YI,1,local,-3.727733165857313e-09,8.872329604409046e-05
rates_2d87d3caf1b8c595,0.01,YX,2,correlated,6.696117707464255e-09,0.00024457102856905593
rates_2d87d3caf1b8c595,0.01,YY,2,correlated,9.07794158877474e-09,0.0
rates_2d87d3caf1b8c595,0.01,YZ,2,correlated,5.764804401187685e-09,0.0
rates_2d87d3caf1b8c595,0.01,ZI,1,local,-1.3623538811489081e-11,0.0002446364620601216
rates_2d87d3caf1b8c595,0.01,ZX,2,correlated,4.587640055418367e-09,8.872543833759384e-05
rates_2d87d3caf1b8c595,0.01,ZY,2,correlated,-1.5379231045459193e-09,0.0
rates_2d87d3caf1b8c595,0.01,ZZ,2,correlated,1.745197193094456e-16,3.1324968586667686e-08
rates_2d87d3caf1b8c595,1.0,IX,1,local,1.2691670017931277e-08,0.0014396566315821667
rates_2d87d3caf1b8c595,1.0,IY,1,local,-1.1258615295574603e-09,0.00012506239039371424
rates_2d87d3caf1b8c595,1.0,IZ,1,local,-1.4003862709551e-10,0.00020829884178413184
rates_2d87d3caf1b8c595,1.0,XI,1,local,8.645471323743714e-09,0.001439656325426587
rates_2d87d3caf1b8c595,1.0,XX,2,correlated,0.028758587802336644,0.0007731947499999228
rates_2d87d3caf1b8c595,1.0,XY,2,correlated,-2.1453829274783067e-09,0.0002082699738519101
rates_2d87d3caf1b8c595,1.0,XZ,2,correlated,1.0869019883293188e-10,0.00012502979158249343
rates_2d87d3caf1b8c595,1.0,YI,1,local,-1.0132270592512183e-09,0.00012506270824151275
rates_2d87d3caf1b8c595,1.0,YX,2,correlated,-3.205732135400596e-09,0.00020826991549693203
rates_2d87d3caf1b8c595,1.0,YY,2,correlated,4.898156231594884e-10,1.0406529352439617e-08
rates_2d87d3caf1b8c595,1.0,YZ,2,correlated,-2.7500555772794146e-09,0.0
rates_2d87d3caf1b8c595,1.0,ZI,1,local,-7.88498099407206e-11,0.00020829810212736092
rates_2d87d3caf1b8c595,1.0,ZX,2,correlated,1.7640181481993586e-10,0.00012503027174772652
rates_2d87d3caf1b8c595,1.0,ZY,2,correlated,-1.6790932276934964e-09,0.0
rates_2d87d3caf1b8c595,1.0,ZZ,2,correlated,2.920928027614523e-16,6.600631681855096e-09
rates_2d87d3caf1b8c595,2.0,IX,1,local,3.951997162534355e-08,0.0023359302136899654
rates_2d87d3caf1b8c595,2.0,IY,1,local,-6.172489792978566e-09,0.0001348873892510145
rates_2d87d3caf1b8c595,2.0,IZ,1,local,4.4074131096876303e-10,0.00019846982333974079
rates_2d87d3caf1b8c595,2.0,XI,1,local,2.600701113291922e-08,0.002335953203243366
rates_2d87d3caf1b8c595,2.0,XX,2,correlated,0.04364049371397684,0.0016390765890228413
rates_2d87d3caf1b8c595,2.0,XY,2,correlated,8.560221290651828e-09,0.00019843599617946125
rates_2d87d3caf1b8c595,2.0,XZ,2,correlated,-9.596765400308727e-10,0.0001348681660448121
rates_2d87d3caf1b8c595,2.0,YI,1,local,-8.867467792986932e-09,0.00013490584513181723
rates_2d87d3caf1b8c595,2.0,YX,2,correlated,-1.42193406976079e-08,0.00019844107884554592
rates_2d87d3caf1b8c595,2.0,YY,2,correlated,-1.2709734718762218e-09,8.578452157346095e-09
rates_2d87d3caf1b8c595,2.0,YZ,2,correlated,-6.607684338623604e-09,0.0
rates_2d87d3caf1b8c595,2.0,ZI,1,local,-1.3673620211533593e-09,0.00019846970176805025
rates_2d87d3caf1b8c595,2.0,ZX,2,correlated,-2.1572277667782066e-09,0.000134844749070747
rates_2d87d3caf1b8c595,2.0,ZY,2,correlated,5.222527281762445e-09,0.0
rates_2d87d3caf1b8c595,2.0,ZZ,2,correlated,-5.317649925792808e-16,7.297101162467151e-09
rates_2d87d3caf1b8c595,3.0,IX,1,local,-7.121592721559541e-10,0.003183624813491208
rates_2d87d3caf1b8c595,3.0,IY,1,local,-1.4711635829534165e-09,0.00013980179464612922
rates_2d87d3caf1b8c595,3.0,IZ,1,local,-5.108592219032816e-10,0.00019358363209790648
rates_2d87d3caf1b8c595,3.0,XI,1,local,1.235772992286726e-08,0.003183618485910507
rates_2d87d3caf1b8c595,3.0,XX,2,correlated,0.058210764354583854,0.002874069911934018
rates_2d87d3caf1b8c595,3.0,XY,2,correlated,-5.110091966196642e-09,0.00019352121857464525
rates_2d87d3caf1b8c595,3.0,XZ,2,correlated,-1.0536171466408316e-09,0.00013975657422487392
rates_2d87d3caf1b8c595,3.0,YI,1,local,-9.053325503198932e-09,0.00013980061076657356
rates_2d87d3caf1b8c595,3.0,YX,2,correlated,-1.545917198364151e-09,0.00019351933214535686
rates_2d87d3caf1b8c595,3.0,YY,2,correlated,2.800077014030233e-10,2.5118774192535356e-09
rates_2d87d3caf1b8c595,3.0,YZ,2,correlated,2.44081232864219e-09,0.0
rates_2d87d3caf1b8c595,3.0,ZI,1,local,-1.614706266830877e-09,0.00019358272273874315
rates_2d87d3caf1b8c595,3.0,ZX,2,correlated,-2.785360952176477e-09,0.00013976055389404673
rates_2d87d3caf1b8c595,3.0,ZY,2,correlated,2.3159978576047573e-09,0.0
rates_2d87d3caf1b8c595,3.0,ZZ,2,correlated,-1.1450334934754426e-15,7.829487547010572e-09
rates_2d87d3caf1b8c595,4.0,IX,1,local,-1.5608217026674733e-09,0.003987927422951543
rates_2d87d3caf1b8c595,4.0,IY,1,local,-3.0388752000987016e-10,0.00014289848235025655
rates_2d87d3caf1b8c595,4.0,IZ,1,local,-6.13467325797081e-10,0.0001905048477337911
rates_2d87d3caf1b8c595,4.0,XI,1,local,-1.3801902718112498e-09,0.003987918495406432
rates_2d87d3caf1b8c595,4.0,XX,2,correlated,0.07246481250665511,0.004438554883008823
rates_2d87d3caf1b8c595,4.0,XY,2,correlated,-7.185223006832348e-09,0.00019043855116221843
rates_2d87d3caf1b8c595,4.0,XZ,2,correlated,-3.6661713212252245e-09,0.0001428182999107454
rates_2d87d3caf1b8c595,4.0,YI,1,local,-2.2234033370987736e-09,0.0001428917317148863
rates_2d87d3caf1b8c595,4.0,YX,2,correlated,-4.895626063595594e-10,0.0001904375811134706
rates_2d87d3caf1b8c595,4.0,YY,2,correlated,-8.229492812878203e-09,6.212149536354776e-09
rates_2d87d3caf1b8c595,4.0,YZ,2,correlated,3.4389286566656768e-09,0.0
rates_2d87d3caf1b8c595,4.0,ZI,1,local,-5.039943679568551e-10,0.00019050399532037128
rates_2d87d3caf1b8c595,4.0,ZX,2,correlated,-4.7727123948158565e-09,0.00014282687300792176
rates_2d87d3caf1b8c595,4.0,ZY,2,correlated,1.3822090928270465e-09,0.0
rates_2d87d3caf1b8c595,4.0,ZZ,2,correlated,5.245707783460244e-16,1.3244379406564255e-08
rates_2f2bff26a9e90023,0.01,IX,1,local,-1.4974325309423405e-08,0.0005153286097761226
rates_2f2bff26a9e90023,0.01,IY,1,local,6.278883202776007e-09,2.4555891317520622e-05
rates_2f2bff26a9e90023,0.01,IZ,1,local,-8.01658201910862e-11,5.6706480067727076e-05
rates_2f2bff26a9e90023,0.01,XI,1,local,-1.5546513908430657e-08,0.0005153191055032977
rates_2f2bff26a9e90023,0.01,XX,2,correlated,0.013720935987608563,0.00032497263207895757
rates_2f2bff26a9e90023,0.01,XY,2,correlated,-7.983278231807443e-09,5.6692408123339105e-05
rates_2f2bff26a9e90023,0.01,XZ,2,correlated,2.27220142052518e-09,2.4542500805439965e-05
rates_2f2bff26a9e90023,0.01,YI,1,local,-3.4472643822662234e-09,2.4546531952606017e-05
rates_2f2bff26a9e90023,0.01,YX,2,correlated,4.655990252111637e-09,5.669235564150372e-05
rates_2f2bff26a9e90023,0.01,YY,2,correlated,4.1057557637730175e-09,1.6027098419114629e-09
rates_2f2bff26a9e90023,0.01,YZ,2,correlated,5.48140254564095e-09,0.0
rates_2f2bff26a9e90023,0.01,ZI,1,local,1.8534285841383317e-10,5.6706432082700886e-05
rates_2f2bff26a9e90023,0.01,ZX,2,correlated,2.0167595080348356e-09,2.4551960638322178e-05
rates_2f2bff26a9e90023,0.01,ZY,2,correlated,-2.4269254247194532e-09,3.790803735476654e-09
rates_2f2bff26a9e90023,0.01,ZZ,2,correlated,2.992175671471236e-16,2.7641151151259168e-09
rates_2f2bff26a9e90023,1.0,IX,1,local,1.1985881860546786e-08,0.0014521789511325262
rates_2f2bff26a9e90023,1.0,IY,1,local,-1.9402842540042494e-09,3.2046811956412016e-05
rates_2f2bff26a9e90023,1.0,IZ,1,local,-2.2679024175693085e-10,4.921269260777244e-05
rates_2f2bff26a9e90023,1.0,XI,1,local,9.929688515623695e-09,0.0014521739198849106
rates_2f2bff26a9e90023,1.0,XX,2,correlated,0.02875853281434708,0.0007731878708563213
rates_2f2bff26a9e90023,1.0,XY,2,correlated,-1.630301272572265e-09,4.920430200076192e-05
rates_2f2bff26a9e90023,1.0,XZ,2,correlated,9.163222465434466e-10,3.203409343280011e-05
rates_2f2bff26a9e90023,1.0,YI,1,local,2.247253029061468e-09,3.2041863197980244e-05
rates_2f2bff26a9e90023,1.0,YX,2,correlated,6.324535602734227e-09,4.9204791693065555e-05
rates_2f2bff26a9e90023,1.0,YY,2,correlated,2.295979008200722e-09,1.6411332872264775e-09
rates_2f2bff26a9e90023,1.0,YZ,2,correlated,4.5482585715170063e-11,0.0
rates_2f2bff26a9e90023,1.0,ZI,1,local,2.3035980359799517e-10,4.921225917325477e-05
rates_2f2bff26a9e90023,1.0,ZX,2,correlated,1.258954226342859e-09,3.203898593454211e-05
rates_2f2bff26a9e90023,1.0,ZY,2,correlated,-5.309438107285993e-09,2.561959804242911e-09
rates_2f2bff26a9e90023,1.0,ZZ,2,correlated,2.796510056268206e-16,2.0957247806726795e-09
rates_2f2bff26a9e90023,2.0,IX,1,local,1.8019671941697875e-08,0.002348465920668188
rates_2f2bff26a9e90023,2.0,IY,1,local,-6.453931308212548e-09,3.407688024906216e-05
rates_2f2bff26a9e90023,2.0,IZ,1,local,-2.0158709818743266e-10,4.7190411646097404e-05
rates_2f2bff26a9e90023,2.0,XI,1,local,3.05488304822419e-08,0.0023484536933168834
rates_2f2bff26a9e90023,2.0,XX,2,correlated,0.04364044630840893,0.0016390636243827732
rates_2f2bff26a9e90023,2.0,XY,2,correlated,-3.8551605059488575e-09,4.71725580867337e-05
rates_2f2bff26a9e90023,2.0,XZ,2,correlated,-2.4661091345269224e-09,3.405559324811263e-05
rates_2f2bff26a9e90023,2.0,YI,1,local,4.313643376790992e-10,3.406535488303498e-05
rates_2f2bff26a9e90023,2.0,YX,2,correlated,4.2775928225090705e-09,4.717085909731046e-05
rates_2f2bff26a9e90023,2.0,YY,2,correlated,-4.073830675484309e-09,0.0
rates_2f2bff26a9e90023,2.0,YZ,2,correlated,3.7003841419146454e-09,0.0
rates_2f2bff26a9e90023,2.0,ZI,1,local,-3.0123420707482925e-10,4.719203266025248e-05
rates_2f2bff26a9e90023,2.0,ZX,2,correlated,-2.12265518032399e-09,3.4067196583006313e-05
rates_2f2bff26a9e90023,2.0,ZY,2,correlated,1.6995072843044621e-09,4.92278711447091e-09
rates_2f2bff26a9e90023,2.0,ZZ,2,correlated,-5.638571484237545e-16,8.745106242023098e-09
rates_2f2bff26a9e90023,3.0,IX,1,local,8.226011068308504e-09,0.0031961261671239116
rates_2f2bff26a9e90023,3.0,IY,1,local,5.088237173354866e-10,3.507821110412937e-05
rates_2f2bff26a9e90023,3.0,IZ,1,local,-3.219153877315238e-10,4.618410713742797e-05
rates_2f2bff26a9e90023,3.0,XI,1,local,-7.729211887469897e-09,0.0031961333489794476
rates_2f2bff26a9e90023,3.0,XX,2,correlated,0.058210671594963445,0.002874055907901844
rates_2f2bff26a9e90023,3.0,XY,2,correlated,5.8373285106954e-09,4.6141813770959395e-05
rates_2f2bff26a9e90023,3.0,XZ,2,correlated,-1.9220842335038676e-10,3.507142134031045e-05
rates_2f2bff26a9e90023,3.0,YI,1,local,8.701367570602053e-10,3.5079788681441214e-05
rates_2f2bff26a9e90023,3.0,YX,2,correlated,-7.938727166992205e-10,4.614492212300656e-05
rates_2f2bff26a9e90023,3.0,YY,2,correlated,1.4786256381165167e-09,2.4322781321269722e-08
rates_2f2bff26a9e90023,3.0,YZ,2,correlated,-8.773460281160179e-10,1.0153372261930016e-08
rates_2f2bff26a9e90023,3.0,ZI,1,local,1.2186127864867667e-10,4.618412695704097e-05
rates_2f2bff26a9e90023,3.0,ZX,2,correlated,1.1913538228784062e-09,3.5066715579161294e-05
rates_2f2bff26a9e90023,3.0,ZY,2,correlated,1.9186119177484335e-09,7.633270555716638e-09
rates_2f2bff26a9e90023,3.0,ZZ,2,correlated,-1.4306879688031347e-16,3.121473974177641e-08
rates_2f2bff26a9e90023,4.0,IX,1,local,-3.5979775255880257e-10,0.004000432111339301
rates_2f2bff26a9e90023,4.0,IY,1,local,5.583939052001634e-09,3.5723469183433245e-05
rates_2f2bff26a9e90023,4.0,IZ,1,local,2.844642165801695e-09,4.553742491760128e-05
rates_2f2bff26a9e90023,4.0,XI,1,local,-4.165008061921837e-09,0.004000439260825866
rates_2f2bff26a9e90023,4.0,XX,2,correlated,0.07246475717212421,0.004438555028093031
rates_2f2bff26a9e90023,4.0,XY,2,correlated,8.051631206299994e-09,4.552842668557541e-05
rates_2f2bff26a9e90023,4.0,XZ,2,correlated,3.9067111074854225e-09,3.569229307732705e-05
rates_2f2bff26a9e90023,4.0,YI,1,local,2.9392280694938352e-09,3.573040706168077e-05
rates_2f2bff26a9e90023,4.0,YX,2,correlated,-1.06300927711895e-08,4.552898163229864e-05
rates_2f2bff26a9e90023,4.0,YY,2,correlated,2.803116090461112e-09,2.609352975689274e-08
rates_2f2bff26a9e90023,4.0,YZ,2,correlated,-8.51976626985099e-09,4.428159071761993e-09
rates_2f2bff26a9e90023,4.0,ZI,1,local,-1.1939841284122715e-09,4.5537468593034656e-05
rates_2f2bff26a9e90023,4.0,ZX,2,correlated,1.3182386655856128e-09,3.568475656729256e-05
rates_2f2bff26a9e90023,4.0,ZY,2,correlated,5.806593024731434e-09,6.989818793212699e-11
rates_2f2bff26a9e90023,4.0,ZZ,2,correlated,-3.935626500400566e-16,2.4555153543305563e-08
rates_32d7c04b5236f41d,0.01,IX,1,local,-2.3306782444846793e-09,0.0014320032163357653
rates_32d7c04b5236f41d,0.01,IY,1,local,-1.2751323661673407e-09,7.917764267850475e-10
rates_32d7c04b5236f41d,0.01,IZ,1,local,1.7974308643607782e-11,4.72941342885327e-09
rates_32d7c04b5236f41d,0.01,XI,1,local,-5.930799765364172e-09,0.0014320086059144157
rates_32d7c04b5236f41d,0.01,XX,2,correlated,0.013723806741004452,0.000647503518642266
rates_32d7c04b5236f41d,0.01,XY,2,correlated,4.967882575295331e-09,3.6275240931064488e-09
rates_32d7c04b5236f41d,0.01,XZ,2,correlated,4.056920864374149e-09,1.7970285366819658e-09
rates_32d7c04b5236f41d,0.01,YI,1,local,3.675312705804636e-09,2.1109955596772113e-09
rates_32d7c04b5236f41d,0.01,YX,2,correlated,-2.442193756084946e-09,3.222862345433116e-09
rates_32d7c04b5236f41d,0.01,YY,2,correlated,8.398807843701113e-09,9.673681044963825e-10
rates_32d7c04b5236f41d,0.01,YZ,2,correlated,-2.898189667367254e-09,1.2130766102660512e-09
rates_32d7c04b5236f41d,0.01,ZI,1,local,-3.564003167432409e-11,3.912191937255434e-09
rates_32d7c04b5236f41d,0.01,ZX,2,correlated,4.174409156774439e-09,4.042879490386009e-10
rates_32d7c04b5236f41d,0.01,ZY,2,correlated,1.8366452564536704e-09,5.037065115414778e-10
rates_32d7c04b5236f41d,0.01,ZZ,2,correlated,-7.960737631958992e-16,1.8223898405958505e-09
rates_32d7c04b5236f41d,1.0,IX,1,local,2.01286904230647e-09,0.003174370460140026
rates_32d7c04b5236f41d,1.0,IY,1,local,-3.4775386581171494e-09,1.73361271055294e-09
rates_32d7c04b5236f41d,1.0,IZ,1,local,2.8984898400613677e-10,1.7368981285033912e-09
rates_32d7c04b5236f41d,1.0,XI,1,local,4.547416834836153e-09,0.003174371654419039
rates_32d7c04b5236f41d,1.0,XX,2,correlated,0.028699940911693176,0.0010948278625134982
rates_32d7c04b5236f41d,1.0,XY,2,correlated,5.957851706809812e-09,2.072154550825469e-09
rates_32d7c04b5236f41d,1.0,XZ,2,correlated,-5.628751117891024e-10,2.72403582902964e-09
rates_32d7c04b5236f41d,1.0,YI,1,local,2.254701086638986e-09,2.9430996940532884e-09
rates_32d7c04b5236f41d,1.0,YX,2,correlated,-2.298815061050405e-09,1.2325619017181794e-09
rates_32d7c04b5236f41d,1.0,YY,2,correlated,-1.0590794304981689e-09,1.4249123838315503e-09
rates_32d7c04b5236f41d,1.0,YZ,2,correlated,-5.608640506409306e-09,1.4497293147853682e-09
rates_32d7c04b5236f41d,1.0,ZI,1,local,-1.6119800804741853e-10,1.4785007346673415e-09
rates_32d7c04b5236f41d,1.0,ZX,2,correlated,-4.6118448910932107e-10,2.335882869726122e-09
rates_32d7c04b5236f41d,1.0,ZY,2,correlated,2.2044907964499273e-09,1.3358378327833534e-09
rates_32d7c04b5236f41d,1.0,ZZ,2,correlated,2.479954588941865e-16,1.3832458889244392e-09
rates_32d7c04b5236f41d,2.0,IX,1,local,2.471745522562863e-08,0.004835439283340412
rates_32d7c04b5236f41d,2.0,IY,1,local,1.4941880916734482e-09,3.846438457186848e-09
rates_32d7c04b5236f41d,2.0,IZ,1,local,4.232230737650485e-11,7.606757393574756e-09
rates_32d7c04b5236f41d,2.0,XI,1,local,2.670987841775015e-08,0.00483544957019893
rates_32d7c04b5236f41d,2.0,XX,2,correlated,0.043482736685584326,0.0019671837842097657
rates_32d7c04b5236f41d,2.0,XY,2,correlated,1.3283324529162588e-09,8.166684675411408e-09
rates_32d7c04b5236f41d,2.0,XZ,2,correlated,-3.452118190901768e-10,7.502371496276176e-09
rates_32d7c04b5236f41d,2.0,YI,1,local,-1.1687287376216187e-09,6.284910790775618e-09
rates_32d7c04b5236f41d,2.0,YX,2,correlated,-4.116816550584421e-09,9.120149604708444e-09
rates_32d7c04b5236f41d,2.0,YY,2,correlated,-1.0498557239457236e-09,7.925283074894769e-10
rates_32d7c04b5236f41d,2.0,YZ,2,correlated,9.745026602066822e-10,1.1377286496865661e-09
rates_32d7c04b5236f41d,2.0,ZI,1,local,-7.4750515785334e-11,6.185019821850415e-09
rates_32d7c04b5236f41d,2.0,ZX,2,correlated,-6.470046190350733e-10,2.9609591814007408e-09
rates_32d7c04b5236f41d,2.0,ZY,2,correlated,1.0165665272159402e-09,4.254691970557076e-10
rates_32d7c04b5236f41d,2.0,ZZ,2,correlated,-9.165020468535651e-18,5.88174253225715e-10
rates_32d7c04b5236f41d,3.0,IX,1,local,5.614016974503638e-09,0.006404220193362684
rates_32d7c04b5236f41d,3.0,IY,1,local,5.717772820183073e-09,8.959615323093917e-09
rates_32d7c04b5236f41d,3.0,IZ,1,local,-1.1348225265471125e-09,1.748666835207541e-08
rates_32d7c04b5236f41d,3.0,XI,1,local,-8.813947542473076e-09,0.00640422004556967
rates_32d7c04b5236f41d,3.0,XX,2,correlated,0.057923885741983934,0.0032110950503881994
rates_32d7c04b5236f41d,3.0,XY,2,correlated,-2.293342957470606e-11,9.587003769518689e-09
rates_32d7c04b5236f41d,3.0,XZ,2,correlated,1.1199366578668267e-09,6.838968060970691e-09
rates_32d7c04b5236f41d,3.0,YI,1,local,4.263236004484319e-09,5.99539669508275e-09
rates_32d7c04b5236f41d,3.0,YX,2,correlated,1.6291344797869316e-08,2.6645350353210473e-09
rates_32d7c04b5236f41d,3.0,YY,2,correlated,4.668683937745178e-09,7.926184617933901e-09
rates_32d7c04b5236f41d,3.0,YZ,2,correlated,2.515691596436265e-09,7.0206966481008385e-09
rates_32d7c04b5236f41d,3.0,ZI,1,local,2.1424452181934582e-09,6.227163370818463e-09
rates_32d7c04b5236f41d,3.0,ZX,2,correlated,2.6129740738538784e-09,6.549023105935359e-09
rates_32d7c04b5236f41d,3.0,ZY,2,correlated,-1.2902657460481597e-08,8.535447463114503e-09
rates_32d7c04b5236f41d,3.0,ZZ,2,correlated,-2.2626696212103223e-15,9.35855469508251e-09
rates_32d7c04b5236f41d,4.0,IX,1,local,3.010937256325027e-10,0.007889839046001483
rates_32d7c04b5236f41d,4.0,IY,1,local,1.0360813590636897e-08,1.06688800628231e-08
rates_32d7c04b5236f41d,4.0,IZ,1,local,-2.825524479992231e-10,1.2479384795147518e-08
rates_32d7c04b5236f41d,4.0,XI,1,local,-6.937611021990019e-09,0.007889801205557882
rates_32d7c04b5236f41d,4.0,XX,2,correlated,0.07202553348365853,0.0047842809076722986
rates_32d7c04b5236f41d,4.0,XY,2,correlated,-1.0209152707795065e-08,5.260227256380368e-09
rates_32d7c04b5236f41d,4.0,XZ,2,correlated,3.8308596203083375e-09,3.6977148308364405e-10
rates_32d7c04b5236f41d,4.0,YI,1,local,8.118453007069238e-09,1.694514357304483e-09
rates_32d7c04b5236f41d,4.0,YX,2,correlated,2.0836705855395768e-08,1.7679868623797501e-09
rates_32d7c04b5236f41d,4.0,YY,2,correlated,1.3013437006498758e-09,7.835122757934458e-09
rates_32d7c04b5236f41d,4.0,YZ,2,correlated,2.384494677330005e-09,1.3100391387491049e-09
rates_32d7c04b5236f41d,4.0,ZI,1,local,3.5337657773464833e-09,9.944814527030884e-09
rates_32d7c04b5236f41d,4.0,ZX,2,correlated,2.435615992811594e-09,5.260529076581144e-09
rates_32d7c04b5236f41d,4.0,ZY,2,correlated,-8.559931753831566e-09,9.644802394526605e-09
rates_32d7c04b5236f41d,4.0,ZZ,2,correlated,-1.4380771953307962e-15,8.325345192752853e-09
rates_360eade92eac1e2f,0.01,IX,1,local,-5.849493239090403e-09,0.0005028190325039693
rates_360eade92eac1e2f,0.01,IY,1,local,-9.834030730122803e-10,2.2177768263010387e-05
rates_360eade92eac1e2f,0.01,IZ,1,local,1.368685763856993e-10,6.115883725737855e-05
rates_360eade92eac1e2f,0.01,XI,1,local,-5.4865302743350495e-09,0.0005028264234780859
rates_360eade92eac1e2f,0.01,XX,2,correlated,0.013720934810262563,0.00032496964401427825
rates_360eade92eac1e2f,0.01,XY,2,correlated,4.903872686695154e-09,6.114063333729301e-05
rates_360eade92eac1e2f,0.01,XZ,2,correlated,2.162389408106814e-09,2.2182108994146884e-05
rates_360eade92eac1e2f,0.01,YI,1,local,-4.434938143596601e-10,2.2185260068086805e-05
rates_360eade92eac1e2f,0.01,YX,2,correlated,-4.470551020916344e-09,6.114047582159578e-05
rates_360eade92eac1e2f,0.01,YY,2,correlated,4.318542024844465e-09,7.103958677947875e-09
rates_360eade92eac1e2f,0.01,YZ,2,correlated,-2.1992953729029783e-09,3.0873920327161648e-09
rates_360eade92eac1e2f,0.01,ZI,1,local,-7.545205768302951e-11,6.115885273455934e-05
rates_360eade92eac1e2f,0.01,ZX,2,correlated,2.2268167792563014e-09,2.2174759228677887e-05
rates_360eade92eac1e2f,0.01,ZY,2,correlated,3.5376392196170522e-09,0.0
rates_360eade92eac1e2f,0.01,ZZ,2,correlated,-1.668724164633609e-16,1.0461269357123649e-08
rates_360eade92eac1e2f,1.0,IX,1,local,1.9954527933800713e-08,0.0014396786535051528
rates_360eade92eac1e2f,1.0,IY,1,local,1.666865062427799e-09,3.126693004441398e-05
rates_360eade92eac1e2f,1.0,IZ,1,local,-1.5148462966430738e-11,5.2073726576815614e-05
rates_360eade92eac1e2f,1.0,XI,1,local,8.950267833571646e-09,0.0014396728494575632
rates_360eade92eac1e2f,1.0,XX,2,correlated,0.02875851911675431,0.0007731883313052826
rates_360eade92eac1e2f,1.0,XY,2,correlated,-3.4890692233378724e-09,5.206769083802241e-05
rates_360eade92eac1e2f,1.0,XZ,2,correlated,1.4407466856472494e-09,3.125360242394848e-05
rates_360eade92eac1e2f,1.0,YI,1,local,-3.414192070128825e-09,3.126057773900313e-05
rates_360eade92eac1e2f,1.0,YX,2,correlated,8.035252339753974e-10,5.2067810232371363e-05
rates_360eade92eac1e2f,1.0,YY,2,correlated,2.7927572457110554e-09,5.169558155478268e-09
rates_360eade92eac1e2f,1.0,YZ,2,correlated,1.0291079508229783e-09,9.188037974548215e-10
rates_360eade92eac1e2f,1.0,ZI,1,local,-2.485873493989732e-10,5.207314378537812e-05
rates_360eade92eac1e2f,1.0,ZX,2,correlated,9.630618148433836e-10,3.126041812637594e-05
rates_360eade92eac1e2f,1.0,ZY,2,correlated,-3.1598387071320603e-10,4.300275089940867e-09
rates_360eade92eac1e2f,1.0,ZZ,2,correlated,-6.014695192475461e-17,3.6846292705318417e-09
rates_360eade92eac1e2f,2.0,IX,1,local,3.1927368763050163e-08,0.0023359543926555412
rates_360eade92eac1e2f,2.0,IY,1,local,-2.8414112957872097e-09,3.371824721430547e-05
rates_360eade92eac1e2f,2.0,IZ,1,local,-6.198119249444843e-10,4.961329052433219e-05
rates_360eade92eac1e2f,2.0,XI,1,local,3.3083753767456906e-08,0.0023359607330256907
rates_360eade92eac1e2f,2.0,XX,2,correlated,0.043640429199107274,0.001639074758879041
rates_360eade92eac1e2f,2.0,XY,2,correlated,7.552903125528324e-09,4.961304699944275e-05
rates_360eade92eac1e2f,2.0,XZ,2,correlated,1.7567256594811118e-09,3.3717894848402635e-05
rates_360eade92eac1e2f,2.0,YI,1,local,4.621896625978001e-09,3.372332234936329e-05
rates_360eade92eac1e2f,2.0,YX,2,correlated,2.084463569624324e-09,4.961374871977086e-05
rates_360eade92eac1e2f,2.0,YY,2,correlated,6.727385179426393e-09,7.375546772639043e-09
rates_360eade92eac1e2f,2.0,YZ,2,correlated,-7.885651248926363e-09,3.1966492005989795e-09
rates_360eade92eac1e2f,2.0,ZI,1,local,3.132735466066487e-10,4.9614098387729255e-05
rates_360eade92eac1e2f,2.0,ZX,2,correlated,2.817540016481876e-09,3.371131012797502e-05
rates_360eade92eac1e2f,2.0,ZY,2,correlated,-5.231441212851414e-09,3.9274119026377896e-10
rates_360eade92eac1e2f,2.0,ZZ,2,correlated,1.7434240141152324e-15,1.28276937639768e-09
rates_360eade92eac1e2f,3.0,IX,1,local,-2.1290988158690373e-08,0.003183634568103685
rates_360eade92eac1e2f,3.0,IY,1,local,-2.8855094800158664e-10,3.494687352753153e-05
rates_360eade92eac1e2f,3.0,IZ,1,local,-8.655245336738969e-10,4.840207689501986e-05
rates_360eade92eac1e2f,3.0,XI,1,local,-6.175703393515815e-11,0.0031836265635395156
rates_360eade92eac1e2f,3.0,XX,2,correlated,0.05821068581796812,0.002874052996568657
rates_360eade92eac1e2f,3.0,XY,2,correlated,-9.889746293880274e-09,4.83576234449825e-05
rates_360eade92eac1e2f,3.0,XZ,2,correlated,-2.180156474502177e-11,3.492905104239618e-05
rates_360eade92eac1e2f,3.0,YI,1,local,-9.116335722904755e-09,3.494144397579092e-05
rates_360eade92eac1e2f,3.0,YX,2,correlated,4.4612230611956945e-09,4.8355951771943085e-05
rates_360eade92eac1e2f,3.0,YY,2,correlated,1.824009970086306e-10,3.075408840333431e-08
rates_360eade92eac1e2f,3.0,YZ,2,correlated,1.1241379062115073e-08,9.150772124630162e-09
rates_360eade92eac1e2f,3.0,ZI,1,local,3.461252179374629e-10,4.840341903071237e-05
rates_360eade92eac1e2f,3.0,ZX,2,correlated,-2.51557145505561e-10,3.493481009405252e-05
rates_360eade92eac1e2f,3.0,ZY,2,correlated,1.2989219077447395e-09,1.3567860426891954e-08
rates_360eade92eac1e2f,3.0,ZZ,2,correlated,-9.91029300002809e-17,3.711414455799533e-08
rates_360eade92eac1e2f,4.0,IX,1,local,2.7989131856675623e-09,0.003987935765691623
rates_360eade92eac1e2f,4.0,IY,1,local,3.896880860437563e-09,3.572537410941355e-05
rates_360eade92eac1e2f,4.0,IZ,1,local,-9.076185814216579e-11,4.762306605484199e-05
rates_360eade92eac1e2f,4.0,XI,1,local,1.0039860857543224e-08,0.003987937011211119
rates_360eade92eac1e2f,4.0,XX,2,correlated,0.0724647216402117,0.004438562184617843
rates_360eade92eac1e2f,4.0,XY,2,correlated,-8.154881966862097e-09,4.7614661123433365e-05
rates_360eade92eac1e2f,4.0,XZ,2,correlated,4.872064824355332e-09,3.5699096365065204e-05
rates_360eade92eac1e2f,4.0,YI,1,local,3.883950638418333e-10,3.5729765578683235e-05
rates_360eade92eac1e2f,4.0,YX,2,correlated,-9.133188652475249e-10,4.7606923725558884e-05
rates_360eade92eac1e2f,4.0,YY,2,correlated,8.692185669135587e-09,5.167818001832462e-09
rates_360eade92eac1e2f,4.0,YZ,2,correlated,5.0048584017220274e-09,3.843136275195389e-09
rates_360eade92eac1e2f,4.0,ZI,1,local,3.5493507872566325e-10,4.7623793477022526e-05
rates_360eade92eac1e2f,4.0,ZX,2,correlated,5.307299753110175e-09,3.5701714873307214e-05
rates_360eade92eac1e2f,4.0,ZY,2,correlated,-3.1654392664695684e-09,2.0177204568608276e-09
rates_360eade92eac1e2f,4.0,ZZ,2,correlated,3.102715699237216e-16,0.0
rates_370adf81f1b648c5,0.01,IX,1,local,-1.0122643031666735e-08,0.0006586460517079704
rates_370adf81f1b648c5,0.01,IY,1,local,2.5886706022073986e-09,8.977722457931118e-10
rates_370adf81f1b648c5,0.01,IZ,1,local,6.445117453994436e-11,2.0729690372388765e-09
rates_370adf81f1b648c5,0.01,XI,1,local,-6.540826473427485e-09,0.0006586552341826158
rates_370adf81f1b648c5,0.01,XX,2,correlated,0.013748182659244176,8.335352493170261e-05
rates_370adf81f1b648c5,0.01,XY,2,correlated,2.3374121405695462e-09,3.2518445762914105e-09
rates_370adf81f1b648c5,0.01,XZ,2,correlated,-4.377817021059338e-10,2.2074128197114232e-09
rates_370adf81f1b648c5,0.01,YI,1,local,-4.589655464805872e-09,3.900751078356e-09
rates_370adf81f1b648c5,0.01,YX,2,correlated,-4.305579963334192e-09,5.1974956366768535e-09
rates_370adf81f1b648c5,0.01,YY,2,correlated,-1.2435565820170047e-09,3.91216305714171e-09
rates_370adf81f1b648c5,0.01,YZ,2,correlated,-2.1853547590698075e-09,2.3050452404939558e-09
rates_370adf81f1b648c5,0.01,ZI,1,local,1.8325013428374415e-12,1.4929250532924102e-09
rates_370adf81f1b648c5,0.01,ZX,2,correlated,-7.051995613614209e-10,2.3439071120752615e-09
rates_370adf81f1b648c5,0.01,ZY,2,correlated,-1.8297207505254738e-10,6.141139270106749e-10
rates_370adf81f1b648c5,0.01,ZZ,2,correlated,9.51390633682797e-16,2.2887494344420514e-09
rates_370adf81f1b648c5,1.0,IX,1,local,9.508867104693006e-09,0.0009663076189232477
rates_370adf81f1b648c5,1.0,IY,1,local,7.84647470784287e-09,6.587905266257745e-09
rates_370adf81f1b648c5,1.0,IZ,1,local,-3.374577478386802e-10,4.3090606120451975e-09
rates_370adf81f1b648c5,1.0,XI,1,local,1.2452389724316115e-08,0.000966299574427214
rates_370adf81f1b648c5,1.0,XX,2,correlated,0.028834515434756028,0.0005381875454561494
rates_370adf81f1b648c5,1.0,XY,2,correlated,-6.976742960809008e-09,4.0383895501535185e-09
rates_370adf81f1b648c5,1.0,XZ,2,correlated,4.414405163707259e-10,4.108654039196047e-09
rates_370adf81f1b648c5,1.0,YI,1,local,-2.070671404241967e-09,2.7466428999532875e-09
rates_370adf81f1b648c5,1.0,YX,2,correlated,8.861463180533043e-09,3.2976530492281712e-09
rates_370adf81f1b648c5,1.0,YY,2,correlated,-3.1483040324260933e-10,4.017280009401401e-09
rates_370adf81f1b648c5,1.0,YZ,2,correlated,4.490897519320237e-09,2.789941658676736e-09
rates_370adf81f1b648c5,1.0,ZI,1,local,5.273471307544824e-10,2.2630788978141583e-09
rates_370adf81f1b648c5,1.0,ZX,2,correlated,3.839388115496269e-11,5.486256660558117e-09
rates_370adf81f1b648c5,1.0,ZY,2,correlated,-7.243858671596535e-09,3.94318711710584e-09
rates_370adf81f1b648c5,1.0,ZZ,2,correlated,-6.136377741340958e-16,3.5126956911789298e-09
rates_370adf81f1b648c5,2.0,IX,1,local,2.5493155464783577e-08,0.0012580335390877575
rates_370adf81f1b648c5,2.0,IY,1,local,1.5008088446487144e-09,6.444852516002434e-09
rates_370adf81f1b648c5,2.0,IZ,1,local,-2.2156256331514242e-11,8.705787193341564e-09
rates_370adf81f1b648c5,2.0,XI,1,local,3.527791890717124e-08,0.0012580633374102907
rates_370adf81f1b648c5,2.0,XX,2,correlated,0.04379449747603674,0.0014101303632739314
rates_370adf81f1b648c5,2.0,XY,2,correlated,1.003992356979532e-08,9.8626397055236e-09
rates_370adf81f1b648c5,2.0,XZ,2,correlated,-1.7946968822938237e-09,1.567846970188598e-08
rates_370adf81f1b648c5,2.0,YI,1,local,-1.936051697284353e-09,1.0361284510600228e-08
rates_370adf81f1b648c5,2.0,YX,2,correlated,-1.1919919625632364e-08,8.636092611977349e-09
rates_370adf81f1b648c5,2.0,YY,2,correlated,-1.8011154733910242e-09,3.949476163197156e-09
rates_370adf81f1b648c5,2.0,YZ,2,correlated,-3.3138170874792727e-09,5.273850659479406e-09
rates_370adf81f1b648c5,2.0,ZI,1,local,-1.0282353447919101e-09,6.6224438664429664e-09
rates_370adf81f1b648c5,2.0,ZX,2,correlated,-1.2579523574787067e-09,3.975388163188903e-09
rates_370adf81f1b648c5,2.0,ZY,2,correlated,3.927471229042622e-09,2.033715993787072e-09
rates_370adf81f1b648c5,2.0,ZZ,2,correlated,-2.3730829657503833e-17,3.766973124489509e-09
rates_370adf81f1b648c5,3.0,IX,1,local,1.1568799992101438e-08,0.0015298758615953443
rates_370adf81f1b648c5,3.0,IY,1,local,7.486988674290423e-09,7.974729282329515e-09
rates_370adf81f1b648c5,3.0,IZ,1,local,8.216878885872054e-10,8.563828282819941e-09
rates_370adf81f1b648c5,3.0,XI,1,local,1.032814534581538e-08,0.0015298775619748363
rates_370adf81f1b648c5,3.0,XX,2,correlated,0.05846628636025299,0.0026527807805877346
rates_370adf81f1b648c5,3.0,XY,2,correlated,-1.819556360504649e-10,6.502744350015679e-09
rates_370adf81f1b648c5,3.0,XZ,2,correlated,1.8380497991511853e-10,9.165522567519962e-09
rates_370adf81f1b648c5,3.0,YI,1,local,-2.394686323158581e-09,7.674885087623286e-09
rates_370adf81f1b648c5,3.0,YX,2,correlated,2.558965135734151e-09,4.424347425533923e-09
rates_370adf81f1b648c5,3.0,YY,2,correlated,-1.520332022822433e-10,1.649188208211499e-08
rates_370adf81f1b648c5,3.0,YZ,2,correlated,1.1257605778925489e-09,1.231672139873093e-08
rates_370adf81f1b648c5,3.0,ZI,1,local,-7.413040845780274e-10,7.25306961188115e-09
rates_370adf81f1b648c5,3.0,ZX,2,correlated,-3.8423489865363863e-10,8.62700863979611e-09
rates_370adf81f1b648c5,3.0,ZY,2,correlated,-1.865557768590457e-09,1.379444150038355e-08
rates_370adf81f1b648c5,3.0,ZZ,2,correlated,1.6806559802198969e-15,1.6374969875714018e-08
rates_370adf81f1b648c5,4.0,IX,1,local,8.345216777996394e-09,0.0017854723786539435
rates_370adf81f1b648c5,4.0,IY,1,local,2.885632495425453e-09,1.4175686276199557e-08
rates_370adf81f1b648c5,4.0,IZ,1,local,8.705037698402719e-10,1.2014601171073404e-08
rates_370adf81f1b648c5,4.0,XI,1,local,-3.0541299006911103e-09,0.0017854601727312783
rates_370adf81f1b648c5,4.0,XX,2,correlated,0.07284044181273665,0.004227828678588643
rates_370adf81f1b648c5,4.0,XY,2,correlated,-6.3034978126787284e-09,8.132776447623315e-09
rates_370adf81f1b648c5,4.0,XZ,2,correlated,3.704240069825471e-09,8.281968261810314e-09
rates_370adf81f1b648c5,4.0,YI,1,local,8.563063988979189e-09,5.771329828542466e-09
rates_370adf81f1b648c5,4.0,YX,2,correlated,-2.5368946666233758e-09,5.876580683769443e-09
rates_370adf81f1b648c5,4.0,YY,2,correlated,-4.5940444103914684e-11,7.16389715649754e-09
rates_370adf81f1b648c5,4.0,YZ,2,correlated,9.48123502635857e-09,7.3305271690922345e-09
rates_370adf81f1b648c5,4.0,ZI,1,local,1.1201300671427643e-09,1.06295522274348e-08
rates_370adf81f1b648c5,4.0,ZX,2,correlated,2.97985248147419e-09,4.448533445474204e-09
rates_370adf81f1b648c5,4.0,ZY,2,correlated,9.540168123861115e-09,9.600688723549489e-09
rates_370adf81f1b648c5,4.0,ZZ,2,correlated,2.612060519838623e-16,1.2173061530573043e-08
rates_3f28f4785d99bb44,0.01,IX,1,local,-8.929606609682951e-09,0.0009909220276077004
rates_3f28f4785d99bb44,0.01,IY,1,local,-4.83358882834751e-09,3.1842606187324754e-09
rates_3f28f4785d99bb44,0.01,IZ,1,local,-4.6210219448169117e-11,3.1617692219617794e-09
rates_3f28f4785d99bb44,0.01,XI,1,local,-6.3900397640050875e-09,0.0009909292883413814
rates_3f28f4785d99bb44,0.01,XX,2,correlated,0.013736861535261257,0.0003252265855129251
rates_3f28f4785d99bb44,0.01,XY,2,correlated,-2.9028966825118593e-09,5.904229693363603e-09
rates_3f28f4785d99bb44,0.01,XZ,2,correlated,1.0685113137964574e-09,4.163118708797655e-09
rates_3f28f4785d99bb44,0.01,YI,1,local,-7.664117420636782e-10,2.874251253734351e-09
rates_3f28f4785d99bb44,0.01,YX,2,correlated,-1.0013028168439725e-08,6.915394455697405e-09
rates_3f28f4785d99bb44,0.01,YY,2,correlated,1.936203442974757e-09,8.05368842770583e-09
rates_3f28f4785d99bb44,0.01,YZ,2,correlated,5.755329940724899e-10,5.589037860014044e-09
rates_3f28f4785d99bb44,0.01,ZI,1,local,-1.195572433002431e-10,3.670555178268718e-09
rates_3f28f4785d99bb44,0.01,ZX,2,correlated,9.518775475041805e-10,2.211949040489651e-09
rates_3f28f4785d99bb44,0.01,ZY,2,correlated,4.141715021457069e-09,5.238691151811132e-09
rates_3f28f4785d99bb44,0.01,ZZ,2,correlated,-1.0489200711426309e-16,4.81819139425653e-09
rates_3f28f4785d99bb44,1.0,IX,1,local,1.629165142939579e-08,0.0019184876360579775
rates_3f28f4785d99bb44,1.0,IY,1,local,2.8883881227943548e-09,5.112683209277822e-09
rates_3f28f4785d99bb44,1.0,IZ,1,local,2.8887990880511874e-10,4.695840887366292e-09
rates_3f28f4785d99bb44,1.0,XI,1,local,1.710252323222801e-08,0.0019184935762123064
rates_3f28f4785d99bb44,1.0,XX,2,correlated,0.028774859663966593,0.0007736966540926515
rates_3f28f4785d99bb44,1.0,XY,2,correlated,4.161571397463464e-09,2.737843116565439e-09
rates_3f28f4785d99bb44,1.0,XZ,2,correlated,7.806970380676998e-10,6.994433125022957e-09
rates_3f28f4785d99bb44,1.0,YI,1,local,2.841371150899164e-09,3.4484523329631755e-09
rates_3f28f4785d99bb44,1.0,YX,2,correlated,6.454296432745187e-10,5.019346639278249e-09
rates_3f28f4785d99bb44,1.0,YY,2,correlated,8.317125376166588e-10,1.681459440015327e-09
rates_3f28f4785d99bb44,1.0,YZ,2,correlated,-7.499632836870008e-10,2.8303292101484186e-09
rates_3f28f4785d99bb44,1.0,ZI,1,local,5.244176895429246e-11,6.8190237941246e-09
rates_3f28f4785d99bb44,1.0,ZX,2,correlated,6.009940514452617e-10,3.866328595822366e-09
rates_3f28f4785d99bb44,1.0,ZY,2,correlated,-8.308868593152029e-11,2.627357362271557e-09
rates_3f28f4785d99bb44,1.0,ZZ,2,correlated,-3.707587601575127e-16,3.1167617696795102e-09
rates_3f28f4785d99bb44,2.0,IX,1,local,2.714018078798224e-08,0.0028057346993862788
rates_3f28f4785d99bb44,2.0,IY,1,local,-1.5571510059343567e-09,9.411985604681605e-09
rates_3f28f4785d99bb44,2.0,IZ,1,local,-7.46209687846541e-10,8.948091073374571e-09
rates_3f28f4785d99bb44,2.0,XI,1,local,3.103415493579658e-08,0.0028057170414661483
rates_3f28f4785d99bb44,2.0,XX,2,correlated,0.043657642176080966,0.00163985744421138
rates_3f28f4785d99bb44,2.0,XY,2,correlated,-3.0520806227987432e-09,1.1208504303270332e-08
rates_3f28f4785d99bb44,2.0,XZ,2,correlated,1.1599803251470149e-09,5.0443533462888075e-09
rates_3f28f4785d99bb44,2.0,YI,1,local,5.645597564595018e-09,6.610511243732707e-09
rates_3f28f4785d99bb44,2.0,YX,2,correlated,1.0891963720087978e-08,4.2986620771203604e-09
rates_3f28f4785d99bb44,2.0,YY,2,correlated,4.129673520738717e-09,1.2562756005055372e-09
rates_3f28f4785d99bb44,2.0,YZ,2,correlated,-1.0682568485949117e-09,1.2765686579495533e-10
rates_3f28f4785d99bb44,2.0,ZI,1,local,4.6234098665280206e-10,5.889869850550958e-09
rates_3f28f4785d99bb44,2.0,ZX,2,correlated,1.8589896882982937e-09,1.4040789022336936e-08
rates_3f28f4785d99bb44,2.0,ZY,2,correlated,-6.821292923353466e-09,2.7134855170099503e-10
rates_3f28f4785d99bb44,2.0,ZZ,2,correlated,-1.4891707116584385e-17,1.3826650501619353e-09
rates_3f28f4785d99bb44,3.0,IX,1,local,-2.0863441726564072e-09,0.003644627765166512
rates_3f28f4785d99bb44,3.0,IY,1,local,-3.164000511423698e-09,5.297765442454456e-09
rates_3f28f4785d99bb44,3.0,IZ,1,local,8.685480109598764e-10,1.3304077467320342e-08
rates_3f28f4785d99bb44,3.0,XI,1,local,-6.925399487134756e-09,0.0036446479508091016
rates_3f28f4785d99bb44,3.0,XX,2,correlated,0.05822906604005935,0.0028749942443978918
rates_3f28f4785d99bb44,3.0,XY,2,correlated,1.4550859869156485e-08,5.970858102052629e-09
rates_3f28f4785d99bb44,3.0,XZ,2,correlated,7.042390628608726e-10,6.493554852469519e-09
rates_3f28f4785d99bb44,3.0,YI,1,local,-6.413394063653186e-10,6.432620775060416e-09
rates_3f28f4785d99bb44,3.0,YX,2,correlated,-9.259708503915474e-09,7.278195884733232e-09
rates_3f28f4785d99bb44,3.0,YY,2,correlated,1.1468892900560722e-09,1.486210159674209e-08
rates_3f28f4785d99bb44,3.0,YZ,2,correlated,-4.29817994776845e-09,1.6705629544733762e-08
rates_3f28f4785d99bb44,3.0,ZI,1,local,-1.7934880099586687e-10,9.885225728706878e-09
rates_3f28f4785d99bb44,3.0,ZX,2,correlated,1.344530653637118e-09,6.3569317379497114e-09
rates_3f28f4785d99bb44,3.0,ZY,2,correlated,9.505773799228353e-09,1.1005744198656677e-08
rates_3f28f4785d99bb44,3.0,ZZ,2,correlated,8.179562261635333e-17,1.5470956031028715e-08
rates_3f28f4785d99bb44,4.0,IX,1,local,8.767379582424404e-09,0.004440475466699741
rates_3f28f4785d99bb44,4.0,IY,1,local,2.2667718861542785e-09,1.286326105777013e-08
rates_3f28f4785d99bb44,4.0,IZ,1,local,-3.4915889924187747e-09,1.107422372634331e-08
rates_3f28f4785d99bb44,4.0,XI,1,local,-1.3480184376771896e-08,0.004440464322471787
rates_3f28f4785d99bb44,4.0,XX,2,correlated,0.07248479784968742,0.004439734670736373
rates_3f28f4785d99bb44,4.0,XY,2,correlated,-1.077117425047731e-08,6.072589800042334e-09
rates_3f28f4785d99bb44,4.0,XZ,2,correlated,3.968464364628139e-09,4.553808090074913e-09
rates_3f28f4785d99bb44,4.0,YI,1,local,-1.0704244933473163e-09,7.675532682140782e-09
rates_3f28f4785d99bb44,4.0,YX,2,correlated,2.0973512998973446e-08,4.5593198090641135e-09
rates_3f28f4785d99bb44,4.0,YY,2,correlated,1.3471944455082755e-08,8.10380365292732e-09
rates_3f28f4785d99bb44,4.0,YZ,2,correlated,9.969142796862194e-09,5.792327893250952e-09
rates_3f28f4785d99bb44,4.0,ZI,1,local,2.474689155648858e-09,1.0392969846762571e-08
rates_3f28f4785d99bb44,4.0,ZX,2,correlated,6.980548168076204e-09,5.817475837426728e-09
rates_3f28f4785d99bb44,4.0,ZY,2,correlated,-1.6551152342176938e-08,7.948389278208725e-09
rates_3f28f4785d99bb44,4.0,ZZ,2,correlated,6.578794318779354e-17,1.0364290130987497e-08
rates_3fa0e6fcd1bc3bb5,0.01,IX,1,local,-6.8233995757433025e-09,0.000769542437400587
rates_3fa0e6fcd1bc3bb5,0.01,IY,1,local,-1.4238440254739097e-09,9.81284628769443e-10
rates_3fa0e6fcd1bc3bb5,0.01,IZ,1,local,1.0634067587012787e-11,3.589717003380399e-09
rates_3fa0e6fcd1bc3bb5,0.01,XI,1,local,-1.0362503763593416e-08,0.0007695584305428876
rates_3fa0e6fcd1bc3bb5,0.01,XX,2,correlated,0.01374425862272891,0.0001639896914799132
rates_3fa0e6fcd1bc3bb5,0.01,XY,2,correlated,5.10535654627907e-09,3.824140713884212e-09
rates_3fa0e6fcd1bc3bb5,0.01,XZ,2,correlated,1.456369872506683e-09,4.040166680556261e-09
rates_3fa0e6fcd1bc3bb5,0.01,YI,1,local,-4.626362231334803e-09,3.6301641800546967e-09
rates_3fa0e6fcd1bc3bb5,0.01,YX,2,correlated,-7.61684999622845e-09,4.628333770547669e-09
rates_3fa0e6fcd1bc3bb5,0.01,YY,2,correlated,3.1375569496430847e-09,5.3364894904608195e-09
rates_3fa0e6fcd1bc3bb5,0.01,YZ,2,correlated,-2.1232766092874337e-09,3.724444797405852e-09
rates_3fa0e6fcd1bc3bb5,0.01,ZI,1,local,-1.6530723090536912e-11,1.9281916672600117e-09
rates_3fa0e6fcd1bc3bb5,0.01,ZX,2,correlated,1.5288091258065277e-09,1.1547948045942738e-09
rates_3fa0e6fcd1bc3bb5,0.01,ZY,2,correlated,2.6911004164263884e-09,5.673512513019892e-10
rates_3fa0e6fcd1bc3bb5,0.01,ZZ,2,correlated,-8.210820061160959e-16,4.832401281971814e-09
rates_3fa0e6fcd1bc3bb5,1.0,IX,1,local,1.1978130241501516e-08,0.001284694399404278
rates_3fa0e6fcd1bc3bb5,1.0,IY,1,local,1.1037592929531728e-09,7.637184885016376e-10
rates_3fa0e6fcd1bc3bb5,1.0,IZ,1,local,2.6966495107608563e-11,2.0950998469673634e-09
rates_3fa0e6fcd1bc3bb5,1.0,XI,1,local,5.172673443367934e-09,0.0012846918205440415
rates_3fa0e6fcd1bc3bb5,1.0,XX,2,correlated,0.028814319716501266,0.0006161828703917427
rates_3fa0e6fcd1bc3bb5,1.0,XY,2,correlated,-1.8561695700622118e-09,2.6077116940481063e-09
rates_3fa0e6fcd1bc3bb5,1.0,XZ,2,correlated,1.2255017056323734e-09,5.720767214132739e-10
rates_3fa0e6fcd1bc3bb5,1.0,YI,1,local,7.820177003276559e-10,1.6810322572314375e-09
rates_3fa0e6fcd1bc3bb5,1.0,YX,2,correlated,3.4419901409551986e-09,6.408495862176688e-09
rates_3fa0e6fcd1bc3bb5,1.0,YY,2,correlated,2.230603933850475e-09,8.973260722094252e-10
rates_3fa0e6fcd1bc3bb5,1.0,YZ,2,correlated,1.3110092259539785e-09,4.4968594842002834e-10
rates_3fa0e6fcd1bc3bb5,1.0,ZI,1,local,1.235381541152618e-10,6.0104121609657965e-09
rates_3fa0e6fcd1bc3bb5,1.0,ZX,2,correlated,1.078399633572891e-09,2.057925246987287e-09
rates_3fa0e6fcd1bc3bb5,1.0,ZY,2,correlated,-2.747958350716048e-09,4.544030839176543e-10
rates_3fa0e6fcd1bc3bb5,1.0,ZZ,2,correlated,5.15736948535511e-17,1.232620033602902e-09
rates_3fa0e6fcd1bc3bb5,2.0,IX,1,local,4.517774355320711e-08,0.0017764083361735269
rates_3fa0e6fcd1bc3bb5,2.0,IY,1,local,-4.455330420977038e-09,1.3191329080130512e-08
rates_3fa0e6fcd1bc3bb5,2.0,IZ,1,local,-3.702348223080246e-10,1.0154102386026147e-08
rates_3fa0e6fcd1bc3bb5,2.0,XI,1,local,4.287668202082e-08,0.0017763905070593852
rates_3fa0e6fcd1bc3bb5,2.0,XX,2,correlated,0.04374832387786126,0.001485155997491803
rates_3fa0e6fcd1bc3bb5,2.0,XY,2,correlated,1.0366725917130874e-09,1.1650502714259311e-08
rates_3fa0e6fcd1bc3bb5,2.0,XZ,2,correlated,-4.104037269321275e-10,1.0384415138415181e-08
rates_3fa0e6fcd1bc3bb5,2.0,YI,1,local,5.895069596055396e-09,9.270464849506497e-09
rates_3fa0e6fcd1bc3bb5,2.0,YX,2,correlated,5.753519364604273e-09,1.0342359915531396e-08
rates_3fa0e6fcd1bc3bb5,2.0,YY,2,correlated,5.180648415963575e-10,1.0020241045635305e-09
rates_3fa0e6fcd1bc3bb5,2.0,YZ,2,correlated,-4.758068415158875e-09,1.5971458081805579e-09
rates_3fa0e6fcd1bc3bb5,2.0,ZI,1,local,-4.3384255593354254e-11,1.1008431368900562e-08
rates_3fa0e6fcd1bc3bb5,2.0,ZX,2,correlated,-1.8379969457252476e-10,1.7887004294826064e-08
rates_3fa0e6fcd1bc3bb5,2.0,ZY,2,correlated,-6.178328880522866e-10,1.3085942454059886e-09
rates_3fa0e6fcd1bc3bb5,2.0,ZZ,2,correlated,4.0685227139832683e-16,4.2862923193415225e-10
rates_3fa0e6fcd1bc3bb5,3.0,IX,1,local,-2.6979741295280603e-09,0.0022391865989006103
rates_3fa0e6fcd1bc3bb5,3.0,IY,1,local,3.219851301470617e-10,7.538359055904442e-09
rates_3fa0e6fcd1bc3bb5,3.0,IZ,1,local,9.966287102308517e-11,5.761264354502875e-09
rates_3fa0e6fcd1bc3bb5,3.0,XI,1,local,1.3875922783797586e-08,0.0022391834267514597
rates_3fa0e6fcd1bc3bb5,3.0,XX,2,correlated,0.058386427590523676,0.002723920027180292
rates_3fa0e6fcd1bc3bb5,3.0,XY,2,correlated,-5.315511377316575e-09,6.514199147223017e-09
rates_3fa0e6fcd1bc3bb5,3.0,XZ,2,correlated,9.114491680285067e-10,9.357678260122748e-09
rates_3fa0e6fcd1bc3bb5,3.0,YI,1,local,1.3298027934408115e-09,5.428244453729906e-09
rates_3fa0e6fcd1bc3bb5,3.0,YX,2,correlated,-3.6942466842952836e-09,8.677668009507422e-09
rates_3fa0e6fcd1bc3bb5,3.0,YY,2,correlated,-4.5080315175292885e-10,2.4201645135026485e-08
rates_3fa0e6fcd1bc3bb5,3.0,YZ,2,correlated,2.0761827162979965e-09,1.4765242487214292e-08
rates_3fa0e6fcd1bc3bb5,3.0,ZI,1,local,-1.9160973607236696e-10,8.116781837532979e-09
rates_3fa0e6fcd1bc3bb5,3.0,ZX,2,correlated,-8.217037556526414e-11,8.497781085357523e-09
rates_3fa0e6fcd1bc3bb5,3.0,ZY,2,correlated,2.405442087543579e-09,1.5050187869468493e-08
rates_3fa0e6fcd1bc3bb5,3.0,ZZ,2,correlated,4.535734026974056e-15,2.222277604079989e-08
rates_3fa0e6fcd1bc3bb5,4.0,IX,1,local,1.2193144554582234e-08,0.0026771284246572473
rates_3fa0e6fcd1bc3bb5,4.0,IY,1,local,-4.208110548011477e-09,9.946019526014096e-09
rates_3fa0e6fcd1bc3bb5,4.0,IZ,1,local,-1.2774736308725138e-10,8.850298323021043e-09
rates_3fa0e6fcd1bc3bb5,4.0,XI,1,local,-1.4603056957041242e-08,0.002677104926230473
rates_3fa0e6fcd1bc3bb5,4.0,XX,2,correlated,0.07272078006128585,0.004293877917872897
rates_3fa0e6fcd1bc3bb5,4.0,XY,2,correlated,-1.1589116608956539e-08,5.091103059148925e-09
rates_3fa0e6fcd1bc3bb5,4.0,XZ,2,correlated,3.365139341773298e-09,3.6592997217706636e-09
rates_3fa0e6fcd1bc3bb5,4.0,YI,1,local,-2.7993202672175158e-09,7.256431484052357e-09
rates_3fa0e6fcd1bc3bb5,4.0,YX,2,correlated,-8.36808790094567e-09,1.2848061504457109e-08
rates_3fa0e6fcd1bc3bb5,4.0,YY,2,correlated,5.515708922918465e-09,1.3111183263739924e-08
rates_3fa0e6fcd1bc3bb5,4.0,YZ,2,correlated,5.059776179718816e-09,6.27761578287171e-09
rates_3fa0e6fcd1bc3bb5,4.0,ZI,1,local,-5.485815678557402e-10,1.2514114019065073e-08
rates_3fa0e6fcd1bc3bb5,4.0,ZX,2,correlated,3.1649879738578485e-09,6.965876159746587e-09
rates_3fa0e6fcd1bc3bb5,4.0,ZY,2,correlated,1.4500548502085045e-08,1.391859959752606e-08
rates_3fa0e6fcd1bc3bb5,4.0,ZZ,2,correlated,-1.882257049798036e-15,1.0724714580821748e-08
rates_405ddd5e4fdb9f22,0.01,IX,1,local,-1.990890996032514e-09,0.0002816755236185069
rates_405ddd5e4fdb9f22,0.01,IY,1,local,3.6100218019743917e-09,4.43905097746795e-05
rates_405ddd5e4fdb9f22,0.01,IZ,1,local,-8.056293800819883e-11,0.00012228619232942
rates_405ddd5e4fdb9f22,0.01,XI,1,local,-3.5229918655080034e-09,0.0002816752058729475
rates_405ddd5e4fdb9f22,0.01,XX,2,correlated,0.01372857554965377,0.00016371135701507913
rates_405ddd5e4fdb9f22,0.01,XY,2,correlated,-2.775520877880398e-09,0.0001222663465377264
rates_405ddd5e4fdb9f22,0.01,XZ,2,correlated,-1.0888460001261769e-09,4.43871489008863e-05
rates_405ddd5e4fdb9f22,0.01,YI,1,local,-5.919717764410582e-09,4.439008626973356e-05
rates_405ddd5e4fdb9f22,0.01,YX,2,correlated,4.585356928481393e-09,0.0001222666193694394
rates_405ddd5e4fdb9f22,0.01,YY,2,correlated,-2.338776216756052e-09,0.0
rates_405ddd5e4fdb9f22,0.01,YZ,2,correlated,3.888415655046092e-09,0.0
rates_405ddd5e4fdb9f22,0.01,ZI,1,local,1.5450691364297854e-10,0.00012228606411362482
rates_405ddd5e4fdb9f22,0.01,ZX,2,correlated,-1.2360434604044825e-09,4.43874277895007e-05
rates_405ddd5e4fdb9f22,0.01,ZY,2,correlated,-3.3211534765690174e-09,0.0
rates_405ddd5e4fdb9f22,0.01,ZZ,2,correlated,7.168438531508256e-17,9.407371800571518e-09
rates_405ddd5e4fdb9f22,1.0,IX,1,local,3.868326327352104e-09,0.0008061661939210862
rates_405ddd5e4fdb9f22,1.0,IY,1,local,6.14388079206256e-09,6.25630711945234e-05
rates_405ddd5e4fdb9f22,1.0,IZ,1,local,3.241359134129775e-10,0.00010410771589229871
rates_405ddd5e4fdb9f22,1.0,XI,1,local,8.09286377661402e-09,0.0008061729990371577
rates_405ddd5e4fdb9f22,1.0,XX,2,correlated,0.028798191706122366,0.0006155855250751406
rates_405ddd5e4fdb9f22,1.0,XY,2,correlated,5.061057378658169e-09,0.00010409786273471547
rates_405ddd5e4fdb9f22,1.0,XZ,2,correlated,-2.515324800499431e-09,6.256279933204081e-05
rates_405ddd5e4fdb9f22,1.0,YI,1,local,8.320443264457526e-10,6.257124870504464e-05
rates_405ddd5e4fdb9f22,1.0,YX,2,correlated,-8.462353246064651e-10,0.00010409768675571863
rates_405ddd5e4fdb9f22,1.0,YY,2,correlated,-6.001666354501135e-09,1.550773972493094e-09
rates_405ddd5e4fdb9f22,1.0,YZ,2,correlated,-3.933562780027886e-09,0.0
rates_405ddd5e4fdb9f22,1.0,ZI,1,local,-4.42426758842803e-11,0.00010410712991258804
rates_405ddd5e4fdb9f22,1.0,ZX,2,correlated,-3.0582436060393283e-09,6.255538377986055e-05
rates_405ddd5e4fdb9f22,1.0,ZY,2,correlated,-1.4782364042846276e-09,0.0
rates_405ddd5e4fdb9f22,1.0,ZZ,2,correlated,7.871248290237289e-17,4.101768282666063e-09
rates_405ddd5e4fdb9f22,2.0,IX,1,local,3.507981499870428e-08,0.00130703222618216
rates_405ddd5e4fdb9f22,2.0,IY,1,local,2.305503204281861e-09,6.74895560285195e-05
rates_405ddd5e4fdb9f22,2.0,IZ,1,local,3.302168489359433e-10,9.918746884518705e-05
rates_405ddd5e4fdb9f22,2.0,XI,1,local,3.4874723364530324e-08,0.0013070336774659947
rates_405ddd5e4fdb9f22,2.0,XX,2,correlated,0.043731322000952616,0.0014842168373197387
rates_405ddd5e4fdb9f22,2.0,XY,2,correlated,5.950789881898713e-09,9.917181393005004e-05
rates_405ddd5e4fdb9f22,2.0,XZ,2,correlated,-2.1811965202649423e-09,6.748171650163163e-05
rates_405ddd5e4fdb9f22,2.0,YI,1,local,2.624901809329677e-09,6.748911161267078e-05
rates_405ddd5e4fdb9f22,2.0,YX,2,correlated,2.493683319121338e-10,9.917415038660556e-05
rates_405ddd5e4fdb9f22,2.0,YY,2,correlated,-4.230285405094388e-09,0.0
rates_405ddd5e4fdb9f22,2.0,YZ,2,correlated,-3.7101036821394713e-09,0.0
rates_405ddd5e4fdb9f22,2.0,ZI,1,local,4.999600385630668e-11,9.918831364433885e-05
rates_405ddd5e4fdb9f22,2.0,ZX,2,correlated,-2.024257374326452e-09,6.747897966191333e-05
rates_405ddd5e4fdb9f22,2.0,ZY,2,correlated,1.4523917780076526e-09,0.0
rates_405ddd5e4fdb9f22,2.0,ZZ,2,correlated,1.9712633210109866e-16,8.334082426372834e-09
rates_405ddd5e4fdb9f22,3.0,IX,1,local,-9.351119249124161e-09,0.001778701255211832
rates_405ddd5e4fdb9f22,3.0,IY,1,local,1.3182260187882876e-08,6.993401440788646e-05
rates_405ddd5e4fdb9f22,3.0,IZ,1,local,1.4422450223670708e-09,9.66998190356664e-05
rates_405ddd5e4fdb9f22,3.0,XI,1,local,8.419666467980146e-09,0.0017787089695639445
rates_405ddd5e4fdb9f22,3.0,XX,2,correlated,0.05836820618108013,0.0027227436397778857
rates_405ddd5e4fdb9f22,3.0,XY,2,correlated,7.884891506382676e-10,9.672529126040569e-05
rates_405ddd5e4fdb9f22,3.0,XZ,2,correlated,-5.413599560143002e-09,6.993962304781824e-05
rates_405ddd5e4fdb9f22,3.0,YI,1,local,1.193516097535561e-08,6.994487382887285e-05
rates_405ddd5e4fdb9f22,3.0,YX,2,correlated,-5.733149520835282e-09,9.672585820152274e-05
rates_405ddd5e4fdb9f22,3.0,YY,2,correlated,-1.3881337820172469e-08,5.980029240383444e-08
rates_405ddd5e4fdb9f22,3.0,YZ,2,correlated,-1.481520608063358e-08,1.1759435578248455e-08
rates_405ddd5e4fdb9f22,3.0,ZI,1,local,-5.100169834019348e-11,9.670016502597587e-05
rates_405ddd5e4fdb9f22,3.0,ZX,2,correlated,-5.912891758927493e-09,6.992785068950648e-05
rates_405ddd5e4fdb9f22,3.0,ZY,2,correlated,-1.0657683192825651e-08,8.640395626627675e-09
rates_405ddd5e4fdb9f22,3.0,ZZ,2,correlated,3.1000628225974137e-15,2.3381393681430607e-08
rates_405ddd5e4fdb9f22,4.0,IX,1,local,8.881717778264259e-09,0.002225277625801063
rates_405ddd5e4fdb9f22,4.0,IY,1,local,2.1858870303785427e-09,7.15106717916149e-05
rates_405ddd5e4fdb9f22,4.0,IZ,1,local,1.9411084587359476e-09,9.518905209475566e-05
rates_405ddd5e4fdb9f22,4.0,XI,1,local,-1.2557533118169741e-08,0.0022252614927030616
rates_405ddd5e4fdb9f22,4.0,XX,2,correlated,0.07270087714759288,0.00429230121634706
rates_405ddd5e4fdb9f22,4.0,XY,2,correlated,-7.989386735463966e-10,9.516855502340811e-05
rates_405ddd5e4fdb9f22,4.0,XZ,2,correlated,6.206390312282285e-10,7.145447870022968e-05
rates_405ddd5e4fdb9f22,4.0,YI,1,local,3.734431486560021e-09,7.148950128113118e-05
rates_405ddd5e4fdb9f22,4.0,YX,2,correlated,-2.6956359477081393e-09,9.517758548669721e-05
rates_405ddd5e4fdb9f22,4.0,YY,2,correlated,-2.4380880089892513e-09,1.1482245558760198e-08
rates_405ddd5e4fdb9f22,4.0,YZ,2,correlated,-5.880893477105465e-09,0.0
rates_405ddd5e4fdb9f22,4.0,ZI,1,local,-2.222468895270118e-09,9.518527108594635e-05
rates_405ddd5e4fdb9f22,4.0,ZX,2,correlated,-2.0971235281587325e-09,7.147039975868516e-05
rates_405ddd5e4fdb9f22,4.0,ZY,2,correlated,5.6110070774454684e-09,8.836894111428906e-09
rates_405ddd5e4fdb9f22,4.0,ZZ,2,correlated,-6.80400417524287e-16,9.863239927489914e-09
rates_4607758b0fbf4666,0.01,IX,1,local,-7.228185913630441e-09,0.0005028102766873702
rates_4607758b0fbf4666,0.01,IY,1,local,-1.0877119398321894e-09,4.4358071034199855e-05
rates_4607758b0fbf4666,0.01,IZ,1,local,1.8016318865554612e-10,0.00012231337202978746
rates_4607758b0fbf4666,0.01,XI,1,local,-3.7082608480163134e-09,0.0005028259747722843
rates_4607758b0fbf4666,0.01,XX,2,correlated,0.013720948308684283,0.0003249764484249958
rates_4607758b0fbf4666,0.01,XY,2,correlated,9.905848041866513e-09,0.00012229157082588972
rates_4607758b0fbf4666,0.01,XZ,2,correlated,-8.659752173396874e-10,4.4367329097272075e-05
rates_4607758b0fbf4666,0.01,YI,1,local,9.503619495716946e-10,4.437392494927425e-05
rates_4607758b0fbf4666,0.01,YX,2,correlated,-7.70180453454794e-09,0.00012229110925498766
rates_4607758b0fbf4666,0.01,YY,2,correlated,-1.737527802433844e-09,1.2698027123121789e-09
rates_4607758b0fbf4666,0.01,YZ,2,correlated,-7.765594066363841e-09,3.8501909357732266e-09
rates_4607758b0fbf4666,0.01,ZI,1,local,-3.893855278613487e-11,0.00012231356315950986
rates_4607758b0fbf4666,0.01,ZX,2,correlated,-8.12040459667532e-10,4.435174562478965e-05
rates_4607758b0fbf4666,0.01,ZY,2,correlated,2.0003201874030245e-09,0.0
rates_4607758b0fbf4666,0.01,ZZ,2,correlated,-8.317609794654253e-17,3.8510433485248845e-09
rates_4607758b0fbf4666,1.0,IX,1,local,1.0353335374502362e-08,0.001439665301466566
rates_4607758b0fbf4666,1.0,IY,1,local,-3.3829625307324237e-09,6.252322680765648e-05
rates_4607758b0fbf4666,1.0,IZ,1,local,5.135062275648665e-10,0.00010414760502334844
rates_4607758b0fbf4666,1.0,XI,1,local,7.144887009745004e-09,0.0014396814281387063
rates_4607758b0fbf4666,1.0,XX,2,correlated,0.028758538471347017,0.0007731913380219872
rates_4607758b0fbf4666,1.0,XY,2,correlated,1.0424641241748107e-08,0.00010413661113959017
rates_4607758b0fbf4666,1.0,XZ,2,correlated,-1.627144165496836e-09,6.252187699174904e-05
rates_4607758b0fbf4666,1.0,YI,1,local,4.71707574321286e-09,6.253904155122426e-05
rates_4607758b0fbf4666,1.0,YX,2,correlated,-1.33886046132393e-08,0.00010413574473561334
rates_4607758b0fbf4666,1.0,YY,2,correlated,-3.320062116705754e-09,5.519493102998862e-09
rates_4607758b0fbf4666,1.0,YZ,2,correlated,-9.708197791530193e-09,3.9610384063040416e-09
rates_4607758b0fbf4666,1.0,ZI,1,local,-6.684426556695118e-10,0.00010414782102805235
rates_4607758b0fbf4666,1.0,ZX,2,correlated,-1.702852420065917e-09,6.250671264782892e-05
rates_4607758b0fbf4666,1.0,ZY,2,correlated,6.200635148377799e-09,0.0
rates_4607758b0fbf4666,1.0,ZZ,2,correlated,-3.6594735228778566e-16,7.204226886272161e-10
rates_4607758b0fbf4666,2.0,IX,1,local,2.9948297812306783e-08,0.002335956660416771
rates_4607758b0fbf4666,2.0,IY,1,local,1.5212438826101642e-09,6.744907559118714e-05
rates_4607758b0fbf4666,2.0,IZ,1,local,1.8930238078674946e-10,9.923910775939998e-05
rates_4607758b0fbf4666,2.0,XI,1,local,3.091528675061452e-08,0.002335953348151389
rates_4607758b0fbf4666,2.0,XX,2,correlated,0.04364044855148431,0.0016390690409243
rates_4607758b0fbf4666,2.0,XY,2,correlated,-2.3534186538733645e-09,9.921555107779531e-05
rates_4607758b0fbf4666,2.0,XZ,2,correlated,7.153997443425989e-10,6.742733564231806e-05
rates_4607758b0fbf4666,2.0,YI,1,local,-2.4487355822862976e-09,6.744527839269926e-05
rates_4607758b0fbf4666,2.0,YX,2,correlated,-4.281906998284417e-09,9.9216445166118e-05
rates_4607758b0fbf4666,2.0,YY,2,correlated,9.467787712627717e-10,0.0
rates_4607758b0fbf4666,2.0,YZ,2,correlated,2.7533075702070222e-09,0.0
rates_4607758b0fbf4666,2.0,ZI,1,local,-5.406398548426997e-10,9.923914869716698e-05
rates_4607758b0fbf4666,2.0,ZX,2,correlated,-3.1008493287518625e-10,6.743019781513669e-05
rates_4607758b0fbf4666,2.0,ZY,2,correlated,6.075222922012938e-09,0.0
rates_4607758b0fbf4666,2.0,ZZ,2,correlated,-8.326779867270663e-16,6.789785838778807e-09
rates_4607758b0fbf4666,3.0,IX,1,local,-8.823637489623637e-09,0.0031836257462369093
rates_4607758b0fbf4666,3.0,IY,1,local,6.3319946801213486e-09,6.989453828085512e-05
rates_4607758b0fbf4666,3.0,IZ,1,local,9.535619890788735e-10,9.678782796857866e-05
rates_4607758b0fbf4666,3.0,XI,1,local,9.043968883172995e-09,0.00318362856132013
rates_4607758b0fbf4666,3.0,XX,2,correlated,0.05821069271912762,0.0028740658411251447
rates_4607758b0fbf4666,3.0,XY,2,correlated,6.819745279653445e-10,9.6749249318346e-05
rates_4607758b0fbf4666,3.0,XZ,2,correlated,-5.414057808443404e-09,6.98787036479484e-05
rates_4607758b0fbf4666,3.0,YI,1,local,3.851555117217151e-09,6.989979758685777e-05
rates_4607758b0fbf4666,3.0,YX,2,correlated,3.6237952235765135e-09,9.674978322482997e-05
rates_4607758b0fbf4666,3.0,YY,2,correlated,-1.1775537162692734e-08,2.954146775072706e-08
rates_4607758b0fbf4666,3.0,YZ,2,correlated,-2.0434941811870736e-09,7.094632814864378e-09
rates_4607758b0fbf4666,3.0,ZI,1,local,-1.365649466024898e-10,9.678854786405827e-05
rates_4607758b0fbf4666,3.0,ZX,2,correlated,-5.719787417363214e-09,6.987219054426126e-05
rates_4607758b0fbf4666,3.0,ZY,2,correlated,-5.366485705103868e-09,6.3436648379301414e-09
rates_4607758b0fbf4666,3.0,ZZ,2,correlated,8.406369666987679e-16,2.5923240045896967e-08
rates_4607758b0fbf4666,4.0,IX,1,local,6.149424679858114e-10,0.003987944347389239
rates_4607758b0fbf4666,4.0,IY,1,local,1.0582747319580332e-09,7.145461225198146e-05
rates_4607758b0fbf4666,4.0,IZ,1,local,-1.3996763823712593e-09,9.526352513002386e-05
rates_4607758b0fbf4666,4.0,XI,1,local,-1.4769409483105602e-08,0.00398793273765176
rates_4607758b0fbf4666,4.0,XX,2,correlated,0.07246479643764535,0.004438550376372149
rates_4607758b0fbf4666,4.0,XY,2,correlated,4.732052000691655e-09,9.521601439873206e-05
rates_4607758b0fbf4666,4.0,XZ,2,correlated,-1.889854957833585e-09,7.139698684831368e-05
rates_4607758b0fbf4666,4.0,YI,1,local,4.1587537955046765e-09,7.144322219329713e-05
rates_4607758b0fbf4666,4.0,YX,2,correlated,1.6592154592523594e-08,9.52187650297546e-05
rates_4607758b0fbf4666,4.0,YY,2,correlated,2.772054111607518e-09,0.0
rates_4607758b0fbf4666,4.0,YZ,2,correlated,-6.084025722836854e-09,0.0
rates_4607758b0fbf4666,4.0,ZI,1,local,1.6801860048700324e-09,9.525972400808115e-05
rates_4607758b0fbf4666,4.0,ZX,2,correlated,2.43493316023345e-09,7.140942739934644e-05
rates_4607758b0fbf4666,4.0,ZY,2,correlated,-1.3720572697942178e-08,2.656200086761934e-09
rates_4607758b0fbf4666,4.0,ZZ,2,correlated,-3.9280328182939304e-16,3.927909139438135e-09
rates_4685856fe1f290d1,0.01,IX,1,local,-1.1563531687307696e-08,0.001920543103851375
rates_4685856fe1f290d1,0.01,IY,1,local,9.033450362624262e-10,2.188700220573988e-09
rates_4685856fe1f290d1,0.01,IZ,1,local,-1.5467972321364832e-10,5.962824934733197e-09
rates_4685856fe1f290d1,0.01,XI,1,local,-1.1916212707091463e-08,0.0019205423037447675
rates_4685856fe1f290d1,0.01,XX,2,correlated,0.013740190270165563,0.0006477270339752116
rates_4685856fe1f290d1,0.01,XY,2,correlated,-2.7727396410466462e-09,5.115657959261111e-09
rates_4685856fe1f290d1,0.01,XZ,2,correlated,-2.5391730840358023e-09,1.963816938489819e-09
rates_4685856fe1f290d1,0.01,YI,1,local,-3.5046862504731596e-09,2.5439189915610725e-09
rates_4685856fe1f290d1,0.01,YX,2,correlated,5.7925293240584594e-09,4.439428907820897e-09
rates_4685856fe1f290d1,0.01,YY,2,correlated,-4.898143876804081e-09,1.1175420554852026e-09
rates_4685856fe1f290d1,0.01,YZ,2,correlated,3.4720639562978233e-09,9.245456657461254e-10
rates_4685856fe1f290d1,0.01,ZI,1,local,1.4019708704270516e-10,5.506487147379261e-09
rates_4685856fe1f290d1,0.01,ZX,2,correlated,-2.5051583768704356e-09,2.0094704027921045e-09
rates_4685856fe1f290d1,0.01,ZY,2,correlated,-4.565486528170695e-09,9.831364740682756e-10
rates_4685856fe1f290d1,0.01,ZZ,2,correlated,4.700161098629505e-16,1.6452967230816407e-09
rates_4685856fe1f290d1,1.0,IX,1,local,5.813848703962276e-09,0.003653732362688533
rates_4685856fe1f290d1,1.0,IY,1,local,3.625995144038555e-09,4.072179368664816e-09
rates_4685856fe1f290d1,1.0,IZ,1,local,-2.2105189754864101e-10,4.317185488231693e-09
rates_4685856fe1f290d1,1.0,XI,1,local,1.487263361509375e-08,0.0036537297500604383
rates_4685856fe1f290d1,1.0,XX,2,correlated,0.02871667371555614,0.0010952163616899362
rates_4685856fe1f290d1,1.0,XY,2,correlated,6.839165383772304e-10,5.059773347578108e-09
rates_4685856fe1f290d1,1.0,XZ,2,correlated,1.2280077217830376e-09,3.935831454822956e-09
rates_4685856fe1f290d1,1.0,YI,1,local,-2.28640038451485e-09,2.6876843898148876e-09
rates_4685856fe1f290d1,1.0,YX,2,correlated,2.235035894489531e-09,3.4978618335124168e-09
rates_4685856fe1f290d1,1.0,YY,2,correlated,2.696612247182553e-09,6.305059322329639e-09
rates_4685856fe1f290d1,1.0,YZ,2,correlated,-2.1164560108625986e-09,3.9518808002438475e-09
rates_4685856fe1f290d1,1.0,ZI,1,local,7.580149877511369e-11,3.425131859250598e-09
rates_4685856fe1f290d1,1.0,ZX,2,correlated,1.2694115439041636e-09,1.9471168405914285e-09
rates_4685856fe1f290d1,1.0,ZY,2,correlated,-2.35080703007618e-09,4.329622708820526e-09
rates_4685856fe1f290d1,1.0,ZZ,2,correlated,-1.5941220992077304e-15,5.589276886805439e-09
rates_4685856fe1f290d1,2.0,IX,1,local,3.331132390581776e-08,0.005305951865623121
rates_4685856fe1f290d1,2.0,IY,1,local,2.9525006367932733e-09,3.1460325650481923e-09
rates_4685856fe1f290d1,2.0,IZ,1,local,1.5839488595212746e-10,9.06244014939579e-09
rates_4685856fe1f290d1,2.0,XI,1,local,2.3392195807919584e-08,0.005305950501991079
rates_4685856fe1f290d1,2.0,XX,2,correlated,0.043500269351135615,0.001967690380781415
rates_4685856fe1f290d1,2.0,XY,2,correlated,1.3020107617601746e-09,6.44067712734348e-09
rates_4685856fe1f290d1,2.0,XZ,2,correlated,-1.5136312513775953e-09,3.6004717995035244e-09
rates_4685856fe1f290d1,2.0,YI,1,local,1.571997211567257e-09,5.567954413709042e-09
rates_4685856fe1f290d1,2.0,YX,2,correlated,4.456845036042526e-09,1.0989073547613623e-08
rates_4685856fe1f290d1,2.0,YY,2,correlated,-4.2322446426798715e-09,3.694817393198778e-10
rates_4685856fe1f290d1,2.0,YZ,2,correlated,1.1548462867739437e-09,2.448586350213223e-10
rates_4685856fe1f290d1,2.0,ZI,1,local,5.210479058107128e-10,1.340776065823845e-08
rates_4685856fe1f290d1,2.0,ZX,2,correlated,-1.6442307583351457e-09,6.912923648880881e-09
rates_4685856fe1f290d1,2.0,ZY,2,correlated,-1.015057495370618e-09,2.7838996689497075e-10
rates_4685856fe1f290d1,2.0,ZZ,2,correlated,5.83470050470005e-16,2.984245767168048e-10
rates_4685856fe1f290d1,3.0,IX,1,local,3.799644450758357e-09,0.006866193811450278
rates_4685856fe1f290d1,3.0,IY,1,local,1.1489802010095598e-09,8.418301134362292e-09
rates_4685856fe1f290d1,3.0,IZ,1,local,-1.0317040603427544e-10,7.332771898437026e-09
rates_4685856fe1f290d1,3.0,XI,1,local,1.9405033983230797e-08,0.006866222530701342
rates_4685856fe1f290d1,3.0,XX,2,correlated,0.057942562160324104,0.0032115787566675204
rates_4685856fe1f290d1,3.0,XY,2,correlated,7.567728124083156e-09,5.5410374047893014e-09
rates_4685856fe1f290d1,3.0,XZ,2,correlated,-1.6865156170512194e-09,1.471950049884859e-08
rates_4685856fe1f290d1,3.0,YI,1,local,-4.022210014450696e-09,1.0888828455058423e-08
rates_4685856fe1f290d1,3.0,YX,2,correlated,-9.984850198862441e-09,7.969969182015924e-09
rates_4685856fe1f290d1,3.0,YY,2,correlated,-2.7486407797055017e-09,1.2521391931802449e-08
rates_4685856fe1f290d1,3.0,YZ,2,correlated,3.3900685195690236e-10,1.455168214777127e-08
rates_4685856fe1f290d1,3.0,ZI,1,local,-4.376230558778154e-10,9.49203471844414e-09
rates_4685856fe1f290d1,3.0,ZX,2,correlated,-2.4131954398812515e-09,9.268679462826057e-09
rates_4685856fe1f290d1,3.0,ZY,2,correlated,2.9120349614815674e-09,7.422215062754626e-09
rates_4685856fe1f290d1,3.0,ZZ,2,correlated,2.994765904961709e-15,1.1356801941572736e-08
rates_4685856fe1f290d1,4.0,IX,1,local,-4.772519141777842e-09,0.008343637959205695
rates_4685856fe1f290d1,4.0,IY,1,local,-4.066383641974908e-09,7.966894533840974e-09
rates_4685856fe1f290d1,4.0,IZ,1,local,1.901870578855469e-09,1.2281200071678989e-08
rates_4685856fe1f290d1,4.0,XI,1,local,-2.2514376747559097e-09,0.008343620684055288
rates_4685856fe1f290d1,4.0,XX,2,correlated,0.07204579515184444,0.004784785294435914
rates_4685856fe1f290d1,4.0,XY,2,correlated,-9.943531458526548e-09,1.1730339690590487e-09
rates_4685856fe1f290d1,4.0,XZ,2,correlated,1.540121017639649e-09,2.0908094501765393e-09
rates_4685856fe1f290d1,4.0,YI,1,local,-1.1422955907006829e-08,4.226046623531804e-09
rates_4685856fe1f290d1,4.0,YX,2,correlated,1.8962372435665478e-09,1.7476483207649884e-09
rates_4685856fe1f290d1,4.0,YY,2,correlated,-2.8632997081047112e-09,1.598820392175301e-09
rates_4685856fe1f290d1,4.0,YZ,2,correlated,9.892962826468805e-09,2.518032032645763e-09
rates_4685856fe1f290d1,4.0,ZI,1,local,1.7060861382157058e-10,8.771096836097766e-09
rates_4685856fe1f290d1,4.0,ZX,2,correlated,-1.8023357720139674e-09,2.21574487577203e-09
rates_4685856fe1f290d1,4.0,ZY,2,correlated,7.72451269401405e-09,3.78691792709875e-09
rates_4685856fe1f290d1,4.0,ZZ,2,correlated,1.461275659481756e-15,6.4282974533702575e-09
rates_4e8eb8555c2e82a0,0.01,IX,1,local,-7.285218402855214e-09,0.0014790089506168753
rates_4e8eb8555c2e82a0,0.01,IY,1,local,-8.10589042823058e-09,5.218913943298947e-09
rates_4e8eb8555c2e82a0,0.01,IZ,1,local,-1.666916484467562e-10,4.892170705372775e-09
rates_4e8eb8555c2e82a0,0.01,XI,1,local,-3.295752593372806e-09,0.001478998503662845
rates_4e8eb8555c2e82a0,0.01,XX,2,correlated,0.01375277023647944,0.00032548268209291864
rates_4e8eb8555c2e82a0,0.01,XY,2,correlated,-5.295034637507404e-09,4.3112358513226366e-09
rates_4e8eb8555c2e82a0,0.01,XZ,2,correlated,2.9477403965553806e-09,2.283236333442025e-09
rates_4e8eb8555c2e82a0,0.01,YI,1,local,-4.815052092560214e-09,1.2809560056193643e-09
rates_4e8eb8555c2e82a0,0.01,YX,2,correlated,3.2818610864588487e-09,2.148510389455953e-09
rates_4e8eb8555c2e82a0,0.01,YY,2,correlated,6.3911170655277385e-09,5.861809334377466e-09
rates_4e8eb8555c2e82a0,0.01,YZ,2,correlated,5.660229101392806e-09,2.2383093651283253e-09
rates_4e8eb8555c2e82a0,0.01,ZI,1,local,-5.050729205793738e-11,3.3312222646103082e-09
rates_4e8eb8555c2e82a0,0.01,ZX,2,correlated,3.0205196273816905e-09,2.312042148445298e-09
rates_4e8eb8555c2e82a0,0.01,ZY,2,correlated,2.306054639667387e-09,4.603550144748637e-09
rates_4e8eb8555c2e82a0,0.01,ZZ,2,correlated,1.5287864673127753e-15,8.471445418637216e-09
rates_4e8eb8555c2e82a0,1.0,IX,1,local,1.2463134903456962e-08,0.0023972814186425185
rates_4e8eb8555c2e82a0,1.0,IY,1,local,2.7146289685084824e-09,2.508160491066858e-09
rates_4e8eb8555c2e82a0,1.0,IZ,1,local,-1.0197690334058714e-10,3.7235816662124784e-09
rates_4e8eb8555c2e82a0,1.0,XI,1,local,6.438855206951748e-09,0.0023972750069617627
rates_4e8eb8555c2e82a0,1.0,XX,2,correlated,0.028791200444938672,0.000774232242190787
rates_4e8eb8555c2e82a0,1.0,XY,2,correlated,-4.213078330972656e-09,3.837236633652476e-09
rates_4e8eb8555c2e82a0,1.0,XZ,2,correlated,1.9680129383175965e-09,2.825183319188037e-09
rates_4e8eb8555c2e82a0,1.0,YI,1,local,-2.6435543011042706e-09,3.6159606437898404e-09
rates_4e8eb8555c2e82a0,1.0,YX,2,correlated,3.6449826993094576e-09,3.2930831128392263e-09
rates_4e8eb8555c2e82a0,1.0,YY,2,correlated,3.937552306331262e-09,5.392048817255319e-09
rates_4e8eb8555c2e82a0,1.0,YZ,2,correlated,3.747301935773757e-09,4.340207313547714e-09
rates_4e8eb8555c2e82a0,1.0,ZI,1,local,1.3666265157683456e-10,3.3995434488210123e-09
rates_4e8eb8555c2e82a0,1.0,ZX,2,correlated,1.9245896835176092e-09,4.739668739948966e-09
rates_4e8eb8555c2e82a0,1.0,ZY,2,correlated,-1.0244771149393925e-09,5.926845748413281e-09
rates_4e8eb8555c2e82a0,1.0,ZZ,2,correlated,-8.195808492821748e-16,6.423999120847013e-09
rates_4e8eb8555c2e82a0,2.0,IX,1,local,3.236090414832056e-08,0.0032754610078750694
rates_4e8eb8555c2e82a0,2.0,IY,1,local,2.048210620454302e-09,1.1025458452712219e-08
rates_4e8eb8555c2e82a0,2.0,IZ,1,local,-3.7582126833074707e-10,5.5766301717713404e-09
rates_4e8eb8555c2e82a0,2.0,XI,1,local,3.792975453103231e-08,0.003275470130907542
rates_4e8eb8555c2e82a0,2.0,XX,2,correlated,0.04367483429663184,0.001640670238896606
rates_4e8eb8555c2e82a0,2.0,XY,2,correlated,5.825886737705134e-10,8.100510774552679e-09
rates_4e8eb8555c2e82a0,2.0,XZ,2,correlated,-1.9311440099321884e-09,1.4993530464177504e-08
rates_4e8eb8555c2e82a0,2.0,YI,1,local,8.278929130780424e-09,8.747597023577813e-09
rates_4e8eb8555c2e82a0,2.0,YX,2,correlated,-1.4164036076847353e-09,7.362194507243985e-09
rates_4e8eb8555c2e82a0,2.0,YY,2,correlated,-3.23767373313817e-09,4.642990496041474e-10
rates_4e8eb8555c2e82a0,2.0,YZ,2,correlated,-1.5555533236902329e-10,5.648975860496539e-10
rates_4e8eb8555c2e82a0,2.0,ZI,1,local,8.535803450243001e-10,6.694883306421851e-09
rates_4e8eb8555c2e82a0,2.0,ZX,2,correlated,-2.7043436615255373e-10,8.310026867585502e-09
rates_4e8eb8555c2e82a0,2.0,ZY,2,correlated,-2.76464686000995e-09,6.309966280674171e-10
rates_4e8eb8555c2e82a0,2.0,ZZ,2,correlated,7.022778775433856e-16,1.9296263718826534e-10
rates_4e8eb8555c2e82a0,3.0,IX,1,local,4.775064034089216e-09,0.0041056051754663515
rates_4e8eb8555c2e82a0,3.0,IY,1,local,2.9878698771418625e-09,9.631339769505028e-09
rates_4e8eb8555c2e82a0,3.0,IZ,1,local,1.0193694557203344e-09,1.5287575093380923e-08
rates_4e8eb8555c2e82a0,3.0,XI,1,local,4.041503682601293e-09,0.004105618931726453
rates_4e8eb8555c2e82a0,3.0,XX,2,correlated,0.05824751517476549,0.0028759502530447487
rates_4e8eb8555c2e82a0,3.0,XY,2,correlated,7.52770679027135e-09,1.0940360246696704e-08
rates_4e8eb8555c2e82a0,3.0,XZ,2,correlated,3.013576591991944e-09,1.3006165937946628e-08
rates_4e8eb8555c2e82a0,3.0,YI,1,local,-1.140690097215371e-09,1.1190792381545524e-08
rates_4e8eb8555c2e82a0,3.0,YX,2,correlated,1.7251921901858213e-10,1.0975422028679238e-08
rates_4e8eb8555c2e82a0,3.0,YY,2,correlated,5.0821679664388335e-09,2.3972655818058916e-08
rates_4e8eb8555c2e82a0,3.0,YZ,2,correlated,-2.8179240558290005e-09,2.752286279530736e-08
rates_4e8eb8555c2e82a0,3.0,ZI,1,local,-1.4529949487140842e-10,1.4832160184647506e-08
rates_4e8eb8555c2e82a0,3.0,ZX,2,correlated,3.0819758759769773e-09,1.089514531892044e-08
rates_4e8eb8555c2e82a0,3.0,ZY,2,correlated,-1.5496359806875253e-09,2.48562255629065e-08
rates_4e8eb8555c2e82a0,3.0,ZZ,2,correlated,-6.05020800735253e-15,2.450606928841581e-08
rates_4e8eb8555c2e82a0,4.0,IX,1,local,3.123428918208344e-09,0.004892985454383513
rates_4e8eb8555c2e82a0,4.0,IY,1,local,1.6300583744007775e-09,7.998759781315066e-09
rates_4e8eb8555c2e82a0,4.0,IZ,1,local,-1.4608352679579704e-09,1.0096895392749735e-08
rates_4e8eb8555c2e82a0,4.0,XI,1,local,-1.149866852027504e-08,0.004892959587003907
rates_4e8eb8555c2e82a0,4.0,XX,2,correlated,0.07250485862631072,0.0044409791895872654
rates_4e8eb8555c2e82a0,4.0,XY,2,correlated,-6.271309535314471e-09,5.730330970203732e-09
rates_4e8eb8555c2e82a0,4.0,XZ,2,correlated,1.732621521274853e-09,2.2091575304923183e-09
rates_4e8eb8555c2e82a0,4.0,YI,1,local,-4.548077042343617e-09,4.613906276086804e-09
rates_4e8eb8555c2e82a0,4.0,YX,2,correlated,2.2071040468701085e-08,5.569769144378803e-09
rates_4e8eb8555c2e82a0,4.0,YY,2,correlated,5.186763975539016e-09,8.96179789588581e-09
rates_4e8eb8555c2e82a0,4.0,YZ,2,correlated,1.019385490053271e-09,4.0889574526712705e-09
rates_4e8eb8555c2e82a0,4.0,ZI,1,local,1.1933788177108732e-09,1.1409406177216536e-08
rates_4e8eb8555c2e82a0,4.0,ZX,2,correlated,1.5623501377312515e-09,4.7073463239379054e-09
rates_4e8eb8555c2e82a0,4.0,ZY,2,correlated,-1.506562224865422e-08,8.917438054905497e-09
rates_4e8eb8555c2e82a0,4.0,ZZ,2,correlated,6.222919264575895e-16,9.50280900323397e-09
rates_53af069691f7b638,0.01,IX,1,local,-1.535055953088372e-08,0.000527827281719029
rates_53af069691f7b638,0.01,IY,1,local,-3.368133211800873e-09,4.911051724778921e-05
rates_53af069691f7b638,0.01,IZ,1,local,-1.06109473666869e-10,0.0001134083363187063
rates_53af069691f7b638,0.01,XI,1,local,-9.892763130202312e-09,0.000527813176252361
rates_53af069691f7b638,0.01,XX,2,correlated,0.013720943040233965,0.00032497725372410455
rates_53af069691f7b638,0.01,XY,2,correlated,-3.013997593090119e-09,0.00011339015806682376
rates_53af069691f7b638,0.01,XZ,2,correlated,-6.986418740431957e-09,4.908813603437628e-05
rates_53af069691f7b638,0.01,YI,1,local,4.485105484595024e-09,4.9096158164614075e-05
rates_53af069691f7b638,0.01,YX,2,correlated,3.49304214837726e-09,0.00011338984071781403
rates_53af069691f7b638,0.01,YY,2,correlated,-1.3814217035603998e-08,2.853442223244739e-09
rates_53af069691f7b638,0.01,YZ,2,correlated,-2.846995826730821e-09,0.0
rates_53af069691f7b638,0.01,ZI,1,local,1.0781325138775766e-10,0.0001134087580383982
rates_53af069691f7b638,0.01,ZX,2,correlated,-6.771497202370967e-09,4.91023907473337e-05
rates_53af069691f7b638,0.01,ZY,2,correlated,-2.2833808592361555e-09,4.200294114365018e-09
rates_53af069691f7b638,0.01,ZZ,2,correlated,4.786503465275229e-17,1.5025362774183197e-09
rates_53af069691f7b638,1.0,IX,1,local,3.2096137037076795e-09,0.0014646701391442024
rates_53af069691f7b638,1.0,IY,1,local,1.3894952111209292e-09,6.408519040106275e-05
rates_53af069691f7b638,1.0,IZ,1,local,1.5547919801255069e-10,9.842428811771125e-05
rates_53af069691f7b638,1.0,XI,1,local,1.3638256240476194e-08,0.0014646776226939157
rates_53af069691f7b638,1.0,XX,2,correlated,0.028758536821212814,0.0007731911277360176
rates_53af069691f7b638,1.0,XY,2,correlated,2.2334244096282174e-09,9.841093389740784e-05
rates_53af069691f7b638,1.0,XZ,2,correlated,-1.373357046477107e-09,6.407779408468812e-05
rates_53af069691f7b638,1.0,YI,1,local,6.890727432505384e-10,6.409320658650113e-05
rates_53af069691f7b638,1.0,YX,2,correlated,-1.8731987503062182e-09,9.840964286044114e-05
rates_53af069691f7b638,1.0,YY,2,correlated,-3.1398264149532384e-09,3.408186880434513e-09
rates_53af069691f7b638,1.0,YZ,2,correlated,-2.5244705844471924e-09,1.972308421959698e-09
rates_53af069691f7b638,1.0,ZI,1,local,1.904186757077083e-12,9.842511674372694e-05
rates_53af069691f7b638,1.0,ZX,2,correlated,-1.3798585478328573e-09,6.407024031092161e-05
rates_53af069691f7b638,1.0,ZY,2,correlated,-2.164527416656366e-09,0.0
rates_53af069691f7b638,1.0,ZZ,2,correlated,2.7204236604871405e-16,0.0
rates_53af069691f7b638,2.0,IX,1,local,3.942821560796103e-08,0.002360950136894925
rates_53af069691f7b638,2.0,IY,1,local,9.344204095635079e-10,6.813991814796637e-05
rates_53af069691f7b638,2.0,IZ,1,local,4.0033083361220874e-10,9.437402178513374e-05
rates_53af069691f7b638,2.0,XI,1,local,2.914533151205503e-08,0.002360963977504834
rates_53af069691f7b638,2.0,XX,2,correlated,0.04364045874999412,0.00163906826264532
rates_53af069691f7b638,2.0,XY,2,correlated,2.964072570250415e-09,9.434935748194525e-05
rates_53af069691f7b638,2.0,XZ,2,correlated,-5.746666320216557e-10,6.813358051408135e-05
rates_53af069691f7b638,2.0,YI,1,local,-4.7376115504071625e-09,6.815239078956281e-05
rates_53af069691f7b638,2.0,YX,2,correlated,-4.2372289009861965e-09,9.435103873261575e-05
rates_53af069691f7b638,2.0,YY,2,correlated,-1.6296488941742363e-09,0.0
rates_53af069691f7b638,2.0,YZ,2,correlated,1.3164973906978814e-09,4.043344293278364e-09
rates_53af069691f7b638,2.0,ZI,1,local,5.547674912912689e-11,9.437331548979935e-05
rates_53af069691f7b638,2.0,ZX,2,correlated,-8.773329805697334e-10,6.812013291819414e-05
rates_53af069691f7b638,2.0,ZY,2,correlated,1.562068703843628e-09,0.0
rates_53af069691f7b638,2.0,ZZ,2,correlated,-4.934463922736188e-16,5.322868528757907e-09
rates_53af069691f7b638,3.0,IX,1,local,2.0131517950111993e-09,0.0032086423325868823
rates_53af069691f7b638,3.0,IY,1,local,-2.531401309469833e-09,7.01761653042114e-05
rates_53af069691f7b638,3.0,IZ,1,local,1.110988356768817e-11,9.235427001501515e-05
rates_53af069691f7b638,3.0,XI,1,local,4.91747256319953e-09,0.00320862044834304
rates_53af069691f7b638,3.0,XX,2,correlated,0.05821068710782545,0.0028740688321010396
rates_53af069691f7b638,3.0,XY,2,correlated,-5.265733099926629e-09,9.231763125829392e-05
rates_53af069691f7b638,3.0,XZ,2,correlated,-1.9753331656623897e-09,7.013703006088944e-05
rates_53af069691f7b638,3.0,YI,1,local,6.099106377548242e-09,7.015729557152513e-05
rates_53af069691f7b638,3.0,YX,2,correlated,7.651463748418325e-09,9.231978153267581e-05
rates_53af069691f7b638,3.0,YY,2,correlated,-4.51536536938694e-09,1.8216961289709092e-08
rates_53af069691f7b638,3.0,YZ,2,correlated,-1.030431941905514e-09,0.0
rates_53af069691f7b638,3.0,ZI,1,local,8.036065578372763e-10,9.235253586349483e-05
rates_53af069691f7b638,3.0,ZX,2,correlated,-1.5846465724286587e-09,7.015548368019374e-05
rates_53af069691f7b638,3.0,ZY,2,correlated,-3.3819310505872784e-09,1.2487787705382086e-08
rates_53af069691f7b638,3.0,ZZ,2,correlated,2.2858003546499663e-16,1.3986357101777522e-08
rates_53af069691f7b638,4.0,IX,1,local,2.9218877224375196e-09,0.004012931812789304
rates_53af069691f7b638,4.0,IY,1,local,2.5397764646888924e-09,7.144617729562097e-05
rates_53af069691f7b638,4.0,IZ,1,local,-5.421647311114095e-10,9.109170631464963e-05
rates_53af069691f7b638,4.0,XI,1,local,1.2485680145155582e-08,0.004012932408678211
rates_53af069691f7b638,4.0,XX,2,correlated,0.07246474547376945,0.004438553003226714
rates_53af069691f7b638,4.0,XY,2,correlated,2.1077843802658377e-09,9.10510026610157e-05
rates_53af069691f7b638,4.0,XZ,2,correlated,6.418308198086058e-10,7.140860946888574e-05
rates_53af069691f7b638,4.0,YI,1,local,-2.9880183005024167e-09,7.144726208276277e-05
rates_53af069691f7b638,4.0,YX,2,correlated,-1.3562123531679147e-09,9.1049617995804e-05
rates_53af069691f7b638,4.0,YY,2,correlated,1.0615493657059313e-09,0.0
rates_53af069691f7b638,4.0,YZ,2,correlated,6.280855995156257e-10,0.0
rates_53af069691f7b638,4.0,ZI,1,local,-7.650521624340933e-10,9.109324458822705e-05
rates_53af069691f7b638,4.0,ZX,2,correlated,6.588898349605352e-10,7.140737107323071e-05
rates_53af069691f7b638,4.0,ZY,2,correlated,4.921686741314881e-09,0.0
rates_53af069691f7b638,4.0,ZZ,2,correlated,-2.283805174977411e-16,7.512777809649579e-09
rates_57b91a072f7de420,0.01,IX,1,local,-9.251087911630235e-09,0.00015989385463713315
rates_57b91a072f7de420,0.01,IY,1,local,-3.179552573781998e-09,0.00019656199768913881
rates_57b91a072f7de420,0.01,IZ,1,local,8.59233503361531e-12,0.00045341706541073663
rates_57b91a072f7de420,0.01,XI,1,local,-5.024546229553884e-09,0.0001599006561082478
rates_57b91a072f7de420,0.01,XX,2,correlated,0.013737082270768787,2.395820524435841e-06
rates_57b91a072f7de420,0.01,XY,2,correlated,1.5049033904227663e-09,0.0004534246621494615
rates_57b91a072f7de420,0.01,XZ,2,correlated,-3.3713978678995175e-09,0.00019656888594311785
rates_57b91a072f7de420,0.01,YI,1,local,-1.470869802899461e-09,0.0001965690806327632
rates_57b91a072f7de420,0.01,YX,2,correlated,-4.499830265469537e-09,0.0004534247844772885
rates_57b91a072f7de420,0.01,YY,2,correlated,-6.572529354381386e-09,0.0
rates_57b91a072f7de420,0.01,YZ,2,correlated,-1.8284021852388314e-09,0.0
rates_57b91a072f7de420,0.01,ZI,1,local,-2.7509748308875145e-11,0.0004534169775291488
rates_57b91a072f7de420,0.01,ZX,2,correlated,-3.2815863568052076e-09,0.00019656176855261705
rates_57b91a072f7de420,0.01,ZY,2,correlated,6.881690144547788e-10,0.0
rates_57b91a072f7de420,0.01,ZZ,2,correlated,1.426511500653449e-16,8.216642230930021e-08
rates_57b91a072f7de420,1.0,IX,1,local,9.93214008690752e-09,0.00026864520881382157
rates_57b91a072f7de420,1.0,IY,1,local,-5.275378195647054e-09,0.00025657964996237954
rates_57b91a072f7de420,1.0,IZ,1,local,3.2231222104206043e-10,0.00039341205059050823
rates_57b91a072f7de420,1.0,XI,1,local,5.398095624019779e-10,0.00026865481424252833
rates_57b91a072f7de420,1.0,XX,2,correlated,0.028839392039984094,0.00046004018329229957
rates_57b91a072f7de420,1.0,XY,2,correlated,7.196274485117335e-09,0.0003934003475754112
rates_57b91a072f7de420,1.0,XZ,2,correlated,5.34758809959034e-09,0.0002565896835080414
rates_57b91a072f7de420,1.0,YI,1,local,4.839779050446064e-09,0.0002565884529747907
rates_57b91a072f7de420,1.0,YX,2,correlated,-3.5132906804347493e-09,0.0003934012974071699
rates_57b91a072f7de420,1.0,YY,2,correlated,1.1329832137258692e-08,0.0
rates_57b91a072f7de420,1.0,YZ,2,correlated,-1.8398023887209373e-09,0.0
rates_57b91a072f7de420,1.0,ZI,1,local,-2.5202978717392565e-10,0.00039341150388543227
rates_57b91a072f7de420,1.0,ZX,2,correlated,5.847037633154806e-09,0.0002565804773693466
rates_57b91a072f7de420,1.0,ZY,2,correlated,4.260669753998042e-09,0.0
rates_57b91a072f7de420,1.0,ZZ,2,correlated,-4.6683457731283726e-17,5.480509260817742e-08
rates_57b91a072f7de420,2.0,IX,1,local,3.582256704719868e-08,0.0003682064322142316
rates_57b91a072f7de420,2.0,IY,1,local,-1.4811669010872417e-09,0.00027284852861283223
rates_57b91a072f7de420,2.0,IZ,1,local,7.345745524648229e-10,0.00037714038315974936
rates_57b91a072f7de420,2.0,XI,1,local,3.947313485631167e-08,0.00036821117242653335
rates_57b91a072f7de420,2.0,XX,2,correlated,0.04382463670179533,0.0013355417734776532
rates_57b91a072f7de420,2.0,XY,2,correlated,1.425085942001372e-09,0.0003771404658561477
rates_57b91a072f7de420,2.0,XZ,2,correlated,-2.821186334284165e-09,0.000272857329170104
rates_57b91a072f7de420,2.0,YI,1,local,-5.017339754873906e-09,0.0002728545502928915
rates_57b91a072f7de420,2.0,YX,2,correlated,-5.9376416782786986e-09,0.0003771384454855323
rates_57b91a072f7de420,2.0,YY,2,correlated,-6.213147137773669e-09,0.0
rates_57b91a072f7de420,2.0,YZ,2,correlated,1.257815079465337e-09,0.0
rates_57b91a072f7de420,2.0,ZI,1,local,-8.072011179266851e-10,0.0003771403091302197
rates_57b91a072f7de420,2.0,ZX,2,correlated,-3.0667756277670237e-09,0.0002728534018907415
rates_57b91a072f7de420,2.0,ZY,2,correlated,6.2500108912659446e-09,0.0
rates_57b91a072f7de420,2.0,ZZ,2,correlated,-1.1737796781899801e-15,3.9879603365504087e-08
rates_57b91a072f7de420,3.0,IX,1,local,1.0220560430562835e-08,0.00045614721942561045
rates_57b91a072f7de420,3.0,IY,1,local,-1.136968696447475e-08,0.00028098437181111517
rates_57b91a072f7de420,3.0,IZ,1,local,-4.2004186439451073e-10,0.0003690183307978598
rates_57b91a072f7de420,3.0,XI,1,local,-2.2865603842479034e-09,0.0004561411964675884
rates_57b91a072f7de420,3.0,XX,2,correlated,0.05852908297184021,0.0025831516558265824
rates_57b91a072f7de420,3.0,XY,2,correlated,-1.961466525525986e-09,0.00036900459291764703
rates_57b91a072f7de420,3.0,XZ,2,correlated,7.06380073785902e-09,0.0002809834041251583
rates_57b91a072f7de420,3.0,YI,1,local,-7.988630768750279e-10,0.0002809773753912203
rates_57b91a072f7de420,3.0,YX,2,correlated,-3.48639068226912e-09,0.00036901024405273095
rates_57b91a072f7de420,3.0,YY,2,correlated,1.7392858988418344e-08,6.2104465670597894e-09
rates_57b91a072f7de420,3.0,YZ,2,correlated,9.51702325342684e-12,0.0
rates_57b91a072f7de420,3.0,ZI,1,local,-3.658337478115937e-10,0.00036901483645741286
rates_57b91a072f7de420,3.0,ZX,2,correlated,8.838291827995264e-09,0.0002809882437500458
rates_57b91a072f7de420,3.0,ZY,2,correlated,4.471038742005555e-09,0.0
rates_57b91a072f7de420,3.0,ZZ,2,correlated,-4.443257527322449e-16,2.169060003441234e-08
rates_57b91a072f7de420,4.0,IX,1,local,3.0256738484853574e-09,0.0005358867929733605
rates_57b91a072f7de420,4.0,IY,1,local,-1.425363008909644e-08,0.00028611201030533855
rates_57b91a072f7de420,4.0,IZ,1,local,-3.3081268908896706e-09,0.0003638975443635151
rates_57b91a072f7de420,4.0,XI,1,local,-4.0576175695560594e-10,0.0005358630498654172
rates_57b91a072f7de420,4.0,XX,2,correlated,0.07294156472276017,0.004164514306732752
rates_57b91a072f7de420,4.0,XY,2,correlated,-7.620897401060472e-09,0.0003639030554115407
rates_57b91a072f7de420,4.0,XZ,2,correlated,-8.430546913810918e-09,0.0002860744662388402
rates_57b91a072f7de420,4.0,YI,1,local,3.6170417819852643e-09,0.00028609493058284643
rates_57b91a072f7de420,4.0,YX,2,correlated,5.786005088442462e-09,0.00036390767075291167
rates_57b91a072f7de420,4.0,YY,2,correlated,-9.033825660790159e-09,1.501012858299601e-08
rates_57b91a072f7de420,4.0,YZ,2,correlated,-1.2056973750974568e-09,0.0
rates_57b91a072f7de420,4.0,ZI,1,local,6.065453969598013e-10,0.0003638922426986003
rates_57b91a072f7de420,4.0,ZX,2,correlated,-4.451312514258106e-09,0.00028609223228431347
rates_57b91a072f7de420,4.0,ZY,2,correlated,-5.256397329223314e-09,0.0
rates_57b91a072f7de420,4.0,ZZ,2,correlated,-3.3916408090589693e-16,2.376091458138052e-08
rates_590721c3770d8a77,0.01,IX,1,local,-3.3111295299024672e-09,0.0007468821462218927
rates_590721c3770d8a77,0.01,IY,1,local,1.549437747814406e-09,1.7508578885964943e-09
rates_590721c3770d8a77,0.01,IZ,1,local,-3.1950901501766894e-11,4.938714058828328e-09
rates_590721c3770d8a77,0.01,XI,1,local,-2.9617979556814437e-09,0.0007468796943728629
rates_590721c3770d8a77,0.01,XX,2,correlated,0.01372888710677498,0.00032509041430652555
rates_590721c3770d8a77,0.01,XY,2,correlated,-5.232100974961152e-10,1.0649292177154432e-09
rates_590721c3770d8a77,0.01,XZ,2,correlated,-1.5997498133409967e-09,9.700975034151446e-10
rates_590721c3770d8a77,0.01,YI,1,local,-2.2822473475553955e-09,1.1465632215472691e-09
rates_590721c3770d8a77,0.01,YX,2,correlated,3.303349452981165e-09,3.774392128865194e-10
rates_590721c3770d8a77,0.01,YY,2,correlated,-3.2239277497743478e-09,2.0148332854444803e-09
rates_590721c3770d8a77,0.01,YZ,2,correlated,2.802214961961647e-09,1.2726646078559e-09
rates_590721c3770d8a77,0.01,ZI,1,local,2.3829921098748963e-11,2.4326207177742767e-09
rates_590721c3770d8a77,0.01,ZX,2,correlated,-1.6719058145810702e-09,9.83676076195001e-10
rates_590721c3770d8a77,0.01,ZY,2,correlated,2.754773861848025e-10,1.9344890114524464e-09
rates_590721c3770d8a77,0.01,ZZ,2,correlated,4.338480949103175e-16,4.606205902270809e-09
rates_590721c3770d8a77,1.0,IX,1,local,6.659439165187508e-09,0.0016790802272279822
rates_590721c3770d8a77,1.0,IY,1,local,4.254961676723054e-10,4.584447261469691e-09
rates_590721c3770d8a77,1.0,IZ,1,local,8.419825124498338e-11,3.121021051394386e-09
rates_590721c3770d8a77,1.0,XI,1,local,1.0648862807066823e-08,0.0016790861937713804
rates_590721c3770d8a77,1.0,XX,2,correlated,0.02876669307546537,0.0007734378950874489
rates_590721c3770d8a77,1.0,XY,2,correlated,8.699401700449074e-10,4.287018522700038e-09
rates_590721c3770d8a77,1.0,XZ,2,correlated,-1.7738854341492317e-09,5.7085710121782896e-09
rates_590721c3770d8a77,1.0,YI,1,local,-8.871509793518047e-10,3.1207387025334827e-09
rates_590721c3770d8a77,1.0,YX,2,correlated,-4.961923224983598e-09,4.626216069188345e-09
rates_590721c3770d8a77,1.0,YY,2,correlated,-3.722842423903494e-09,7.4891514641426e-09
rates_590721c3770d8a77,1.0,YZ,2,correlated,-1.7587143772998514e-09,7.034578837206721e-09
rates_590721c3770d8a77,1.0,ZI,1,local,-2.799415118660088e-10,2.8874662306069774e-09
rates_590721c3770d8a77,1.0,ZX,2,correlated,-1.835422906184699e-09,2.3540443507257675e-09
rates_590721c3770d8a77,1.0,ZY,2,correlated,9.574941233537342e-10,5.424469239458454e-09
rates_590721c3770d8a77,1.0,ZZ,2,correlated,3.5976480507012153e-16,5.566160952291677e-09
rates_590721c3770d8a77,2.0,IX,1,local,2.6654057027920853e-08,0.0025708356366793044
rates_590721c3770d8a77,2.0,IY,1,local,5.097709673371646e-09,4.0135427220198625e-09
rates_590721c3770d8a77,2.0,IZ,1,local,-4.5807389987420584e-10,1.6222913873286983e-08
rates_590721c3770d8a77,2.0,XI,1,local,3.5500074850220316e-08,0.0025708480577367027
rates_590721c3770d8a77,2.0,XX,2,correlated,0.043649025216135916,0.0016394450196254673
rates_590721c3770d8a77,2.0,XY,2,correlated,3.841427362653485e-09,1.496436897655126e-08
rates_590721c3770d8a77,2.0,XZ,2,correlated,9.55127780067247e-12,8.104823606436837e-09
rates_590721c3770d8a77,2.0,YI,1,local,-3.8181892095056525e-09,9.624201945653447e-09
rates_590721c3770d8a77,2.0,YX,2,correlated,7.390683732646888e-09,5.594209453313459e-09
rates_590721c3770d8a77,2.0,YY,2,correlated,1.5098544757070975e-09,2.3026011665328805e-10
rates_590721c3770d8a77,2.0,YZ,2,correlated,1.5994090835772211e-09,2.4074768731452918e-09
rates_590721c3770d8a77,2.0,ZI,1,local,2.922247351183743e-10,5.518394460742088e-09
rates_590721c3770d8a77,2.0,ZX,2,correlated,3.771245682939326e-10,6.31060881675638e-09
rates_590721c3770d8a77,2.0,ZY,2,correlated,-8.939709134567642e-09,1.515161242564983e-09
rates_590721c3770d8a77,2.0,ZZ,2,correlated,2.382923709039717e-16,4.865361030725879e-10
rates_590721c3770d8a77,3.0,IX,1,local,9.31906655031385e-09,0.003414128959727601
rates_590721c3770d8a77,3.0,IY,1,local,7.963823874517029e-10,1.0255245154461431e-08
rates_590721c3770d8a77,3.0,IZ,1,local,2.1104568595055157e-10,6.7309071542019636e-09
rates_590721c3770d8a77,3.0,XI,1,local,1.7631138686041387e-08,0.003414127064417286
rates_590721c3770d8a77,3.0,XX,2,correlated,0.05821990689636361,0.00287449901671884
rates_590721c3770d8a77,3.0,XY,2,correlated,-2.685424818643918e-09,5.830234551867583e-09
rates_590721c3770d8a77,3.0,XZ,2,correlated,-4.2306305481857184e-10,1.3422286873545232e-08
rates_590721c3770d8a77,3.0,YI,1,local,-4.2205524018644475e-09,9.02920226746281e-09
rates_590721c3770d8a77,3.0,YX,2,correlated,2.0382772889359213e-09,8.178603570861004e-09
rates_590721c3770d8a77,3.0,YY,2,correlated,-1.0532919219391037e-09,2.180301340751027e-08
rates_590721c3770d8a77,3.0,YZ,2,correlated,4.484221559265849e-09,1.5945530463261998e-08
rates_590721c3770d8a77,3.0,ZI,1,local,-5.187549589927109e-10,1.1223110931364518e-08
rates_590721c3770d8a77,3.0,ZX,2,correlated,-1.6102478742367814e-09,8.736285166642543e-09
rates_590721c3770d8a77,3.0,ZY,2,correlated,1.1550469836822378e-09,1.6650879410516628e-08
rates_590721c3770d8a77,3.0,ZZ,2,correlated,3.690688681145895e-15,2.3557921348046906e-08
rates_590721c3770d8a77,4.0,IX,1,local,-1.7684617203245296e-09,0.0042141752599785
rates_590721c3770d8a77,4.0,IY,1,local,-4.605909011690254e-09,4.7575947003612035e-09
rates_590721c3770d8a77,4.0,IZ,1,local,3.658560232057875e-09,1.0605078020877918e-08
rates_590721c3770d8a77,4.0,XI,1,local,-8.901596393053221e-09,0.004214228777725173
rates_590721c3770d8a77,4.0,XX,2,correlated,0.07247478782993168,0.004439136996517864
rates_590721c3770d8a77,4.0,XY,2,correlated,1.6688939073732966e-08,1.1628207336692592e-08
rates_590721c3770d8a77,4.0,XZ,2,correlated,7.213228846053282e-09,1.1936883594662432e-08
rates_590721c3770d8a77,4.0,YI,1,local,2.2099349213614157e-09,1.4783040609784808e-08
rates_590721c3770d8a77,4.0,YX,2,correlated,-4.288456553396809e-08,9.784933859479858e-09
rates_590721c3770d8a77,4.0,YY,2,correlated,1.406617973498547e-08,2.0366226208900157e-08
rates_590721c3770d8a77,4.0,YZ,2,correlated,-1.2792113118691376e-08,1.5814875867695118e-08
rates_590721c3770d8a77,4.0,ZI,1,local,-3.603761795536795e-09,4.031105645512627e-09
rates_590721c3770d8a77,4.0,ZX,2,correlated,7.932203643006725e-09,2.6034066308994186e-09
rates_590721c3770d8a77,4.0,ZY,2,correlated,2.199456298784521e-08,3.5416965350060226e-09
rates_590721c3770d8a77,4.0,ZZ,2,correlated,-2.1763793354457764e-15,1.1589118486914074e-08
rates_5a034204f6fe4b1a,0.01,IX,1,local,-1.5439313991228708e-09,0.00029418539283468327
rates_5a034204f6fe4b1a,0.01,IY,1,local,1.5942501947065348e-09,2.4565243105290418e-05
rates_5a034204f6fe4b1a,0.01,IZ,1,local,-1.6266850687756265e-10,5.669647149525352e-05
rates_5a034204f6fe4b1a,0.01,XI,1,local,-7.358265815681091e-09,0.00029417655141983676
rates_5a034204f6fe4b1a,0.01,XX,2,correlated,0.013728568447464718,0.00016370901902897853
rates_5a034204f6fe4b1a,0.01,XY,2,correlated,-4.192489667589434e-09,5.668065793572808e-05
rates_5a034204f6fe4b1a,0.01,XZ,2,correlated,-8.613152661863849e-10,2.45546555537585e-05
rates_5a034204f6fe4b1a,0.01,YI,1,local,-6.17505335864991e-09,2.4556141896072054e-05
rates_5a034204f6fe4b1a,0.01,YX,2,correlated,9.64928360840089e-09,5.668103400551975e-05
rates_5a034204f6fe4b1a,0.01,YY,2,correlated,-1.5168786036879748e-09,0.0
rates_5a034204f6fe4b1a,0.01,YZ,2,correlated,4.139612543134536e-09,0.0
rates_5a034204f6fe4b1a,0.01,ZI,1,local,1.0748901593696483e-10,5.669633641696059e-05
rates_5a034204f6fe4b1a,0.01,ZX,2,correlated,-9.358483957008842e-10,2.456351577050312e-05
rates_5a034204f6fe4b1a,0.01,ZY,2,correlated,-5.2911725566540746e-09,3.4240893136608234e-09
rates_5a034204f6fe4b1a,0.01,ZZ,2,correlated,1.259656007966846e-16,5.490658024705393e-09
rates_5a034204f6fe4b1a,1.0,IX,1,local,5.9815340962005326e-09,0.0008186785235606649
rates_5a034204f6fe4b1a,1.0,IY,1,local,1.95305699552081e-09,3.206293423763404e-05
rates_5a034204f6fe4b1a,1.0,IZ,1,local,-2.4525784509733254e-10,4.9195086342717765e-05
rates_5a034204f6fe4b1a,1.0,XI,1,local,4.702371604222822e-09,0.0008186690882322591
rates_5a034204f6fe4b1a,1.0,XX,2,correlated,0.028798177950669218,0.0006155841125296787
rates_5a034204f6fe4b1a,1.0,XY,2,correlated,-2.7913218462860943e-09,4.918996947421681e-05
rates_5a034204f6fe4b1a,1.0,XZ,2,correlated,2.131173702625254e-09,3.204948989499488e-05
rates_5a034204f6fe4b1a,1.0,YI,1,local,9.939996089014644e-10,3.2054086893500616e-05
rates_5a034204f6fe4b1a,1.0,YX,2,correlated,5.547667318075312e-09,4.919025518573377e-05
rates_5a034204f6fe4b1a,1.0,YY,2,correlated,4.006672018253599e-09,6.104476471381848e-10
rates_5a034204f6fe4b1a,1.0,YZ,2,correlated,4.597430027823942e-10,0.0
rates_5a034204f6fe4b1a,1.0,ZI,1,local,4.1320706807406715e-10,4.9194607070405986e-05
rates_5a034204f6fe4b1a,1.0,ZX,2,correlated,2.2177002144422223e-09,3.2058530801669644e-05
rates_5a034204f6fe4b1a,1.0,ZY,2,correlated,-3.2727945759940027e-09,4.516783334287608e-09
rates_5a034204f6fe4b1a,1.0,ZZ,2,correlated,2.8225825827620734e-17,2.431515685953796e-09
rates_5a034204f6fe4b1a,2.0,IX,1,local,5.026066878985633e-08,0.0013195366845130806
rates_5a034204f6fe4b1a,2.0,IY,1,local,1.1609318694345993e-10,3.409008954808877e-05
rates_5a034204f6fe4b1a,2.0,IZ,1,local,-1.5050285790756663e-10,4.7160737291854924e-05
rates_5a034204f6fe4b1a,2.0,XI,1,local,4.2126544403452994e-08,0.001319529443900983
rates_5a034204f6fe4b1a,2.0,XX,2,correlated,0.0437312879057514,0.001484222571315021
rates_5a034204f6fe4b1a,2.0,XY,2,correlated,-2.895508985698283e-10,4.7160981915143706e-05
rates_5a034204f6fe4b1a,2.0,XZ,2,correlated,-3.6989816223851366e-09,3.408473035432737e-05
rates_5a034204f6fe4b1a,2.0,YI,1,local,1.2005792378983267e-09,3.4080278777486595e-05
rates_5a034204f6fe4b1a,2.0,YX,2,correlated,1.9014831676922916e-09,4.716248618711347e-05
rates_5a034204f6fe4b1a,2.0,YY,2,correlated,-8.05800928170171e-09,9.85702010324998e-10
rates_5a034204f6fe4b1a,2.0,YZ,2,correlated,-2.0362316552633174e-09,1.0897345904921908e-09
rates_5a034204f6fe4b1a,2.0,ZI,1,local,-1.2287263039265407e-10,4.716167496977385e-05
rates_5a034204f6fe4b1a,2.0,ZX,2,correlated,-4.396171332674862e-09,3.409209917151486e-05
rates_5a034204f6fe4b1a,2.0,ZY,2,correlated,-3.367872577127647e-10,6.602191366745017e-09
rates_5a034204f6fe4b1a,2.0,ZZ,2,correlated,1.243275968463748e-16,1.7028025469691122e-09
rates_5a034204f6fe4b1a,3.0,IX,1,local,8.94431586855838e-09,0.0017912225845077207
rates_5a034204f6fe4b1a,3.0,IY,1,local,9.196852876534961e-09,3.510420168817066e-05
rates_5a034204f6fe4b1a,3.0,IZ,1,local,-7.73464509830018e-10,4.6149894835518666e-05
rates_5a034204f6fe4b1a,3.0,XI,1,local,9.41929815519026e-09,0.0017911972547341593
rates_5a034204f6fe4b1a,3.0,XX,2,correlated,0.058368159781033345,0.0027227158665464445
rates_5a034204f6fe4b1a,3.0,XY,2,correlated,-1.6065712573231083e-08,4.613540185418284e-05
rates_5a034204f6fe4b1a,3.0,XZ,2,correlated,2.325131123727455e-09,3.508171913220808e-05
rates_5a034204f6fe4b1a,3.0,YI,1,local,-4.517186463275474e-09,3.5080624130490043e-05
rates_5a034204f6fe4b1a,3.0,YX,2,correlated,1.0374717088995443e-08,4.6137405836324205e-05
rates_5a034204f6fe4b1a,3.0,YY,2,correlated,2.2350134941618502e-09,3.229236928990237e-08
rates_5a034204f6fe4b1a,3.0,YZ,2,correlated,8.870842667530883e-09,4.937845057078275e-09
rates_5a034204f6fe4b1a,3.0,ZI,1,local,3.042269538174655e-10,4.614775878947041e-05
rates_5a034204f6fe4b1a,3.0,ZX,2,correlated,7.551217524100814e-10,3.510542881721428e-05
rates_5a034204f6fe4b1a,3.0,ZY,2,correlated,-4.657103419753786e-09,1.737598244159337e-08
rates_5a034204f6fe4b1a,3.0,ZZ,2,correlated,-8.472615700558391e-16,3.1722592956986984e-08
rates_5a034204f6fe4b1a,4.0,IX,1,local,-4.240676693533336e-10,0.002237769046121205
rates_5a034204f6fe4b1a,4.0,IY,1,local,1.7765462448460705e-09,3.5749196472201856e-05
rates_5a034204f6fe4b1a,4.0,IZ,1,local,4.4581719965177537e-10,4.551508457231802e-05
rates_5a034204f6fe4b1a,4.0,XI,1,local,-2.206235659745701e-09,0.0022377705146482733
rates_5a034204f6fe4b1a,4.0,XX,2,correlated,0.07270084664405635,0.004292306612419116
rates_5a034204f6fe4b1a,4.0,XY,2,correlated,2.1468291353627746e-09,4.550414988147087e-05
rates_5a034204f6fe4b1a,4.0,XZ,2,correlated,3.2093201956032243e-09,3.572726589429262e-05
rates_5a034204f6fe4b1a,4.0,YI,1,local,3.209618782004571e-09,3.575261956165962e-05
rates_5a034204f6fe4b1a,4.0,YX,2,correlated,-4.212658279335493e-09,4.550315501581064e-05
rates_5a034204f6fe4b1a,4.0,YY,2,correlated,3.945375580238505e-09,8.049816046957009e-09
rates_5a034204f6fe4b1a,4.0,YZ,2,correlated,-2.6806312322724984e-09,7.626996298991438e-10
rates_5a034204f6fe4b1a,4.0,ZI,1,local,-1.329440260831938e-09,4.551443104008846e-05
rates_5a034204f6fe4b1a,4.0,ZX,2,correlated,1.017478283140741e-09,3.572549121228733e-05
rates_5a034204f6fe4b1a,4.0,ZY,2,correlated,1.8273617577541616e-09,0.0
rates_5a034204f6fe4b1a,4.0,ZZ,2,correlated,1.494246211109331e-16,4.09452564778881e-09
rates_603c33ce831b855f,0.01,IX,1,local,6.465762628470118e-09,0.0009434346860237933
rates_603c33ce831b855f,0.01,IY,1,local,-2.2861969831071832e-09,1.1079578598176078e-05
rates_603c33ce831b855f,0.01,IZ,1,local,-1.5225738600033072e-10,3.06047767737426e-05
rates_603c33ce831b855f,0.01,XI,1,local,-7.581675530129078e-09,0.0009434307701644608
rates_603c33ce831b855f,0.01,XX,2,correlated,0.013707384721660214,0.0006472813571847647
rates_603c33ce831b855f,0.01,XY,2,correlated,-2.5205879741141976e-09,3.05689837174286e-05
rates_603c33ce831b855f,0.01,XZ,2,correlated,2.2707996650124124e-09,1.1072278873893562e-05
rates_603c33ce831b855f,0.01,YI,1,local,-4.5779332937128185e-09,1.1075268342030159e-05
rates_603c33ce831b855f,0.01,YX,2,correlated,5.175841730138783e-09,3.056989932367492e-05
rates_603c33ce831b855f,0.01,YY,2,correlated,4.838317219376645e-09,2.9246529588011313e-09
rates_603c33ce831b855f,0.01,YZ,2,correlated,6.970094891598342e-09,1.502988289186941e-09
rates_603c33ce831b855f,0.01,ZI,1,local,6.146544316619591e-12,3.0604253068801856e-05
rates_603c33ce831b855f,0.01,ZX,2,correlated,2.3039131808258516e-09,1.1076197216299986e-05
rates_603c33ce831b855f,0.01,ZY,2,correlated,1.1301409253599084e-09,3.0307495780612995e-09
rates_603c33ce831b855f,0.01,ZZ,2,correlated,8.907930182614552e-18,1.3698769015619769e-08
rates_603c33ce831b855f,1.0,IX,1,local,1.4896461029956847e-08,0.0026949738043385843
rates_603c33ce831b855f,1.0,IY,1,local,-2.949603717599826e-09,1.5613468983526724e-05
rates_603c33ce831b855f,1.0,IZ,1,local,5.7424557534428916e-11,2.6058953222151125e-05
rates_603c33ce831b855f,1.0,XI,1,local,9.818136989502012e-09,0.0026949757999836558
rates_603c33ce831b855f,1.0,XX,2,correlated,0.028683189408252145,0.0010944466926562626
rates_603c33ce831b855f,1.0,XY,2,correlated,3.380503377984946e-09,2.6051075744845222e-05
rates_603c33ce831b855f,1.0,XZ,2,correlated,3.0159544168819228e-09,1.5608706887722917e-05
rates_603c33ce831b855f,1.0,YI,1,local,1.5257830837980047e-09,1.5615739503105475e-05
rates_603c33ce831b855f,1.0,YX,2,correlated,-4.4174341896954177e-10,2.605170703527649e-05
rates_603c33ce831b855f,1.0,YY,2,correlated,5.975937684302754e-09,8.683714094574215e-10
rates_603c33ce831b855f,1.0,YZ,2,correlated,-3.614716302305179e-09,1.3132056822823216e-09
rates_603c33ce831b855f,1.0,ZI,1,local,1.2692989645921093e-10,2.6058195760956802e-05
rates_603c33ce831b855f,1.0,ZX,2,correlated,3.1991023158256085e-09,1.560656253836966e-05
rates_603c33ce831b855f,1.0,ZY,2,correlated,-8.687165403119125e-10,0.0
rates_603c33ce831b855f,1.0,ZZ,2,correlated,9.486134930483571e-17,0.0
rates_603c33ce831b855f,2.0,IX,1,local,2.6683187452327768e-08,0.004364905450769209
rates_603c33ce831b855f,2.0,IY,1,local,-1.4831096717615006e-09,1.68382048086481e-05
rates_603c33ce831b855f,2.0,IZ,1,local,-1.277732763260234e-11,2.4830148809073473e-05
rates_603c33ce831b855f,2.0,XI,1,local,2.8271383211291328e-08,0.004364908812811386
rates_603c33ce831b855f,2.0,XX,2,correlated,0.04346518789852365,0.001966693762622656
rates_603c33ce831b855f,2.0,XY,2,correlated,2.2647435943314554e-09,2.4829971924240175e-05
rates_603c33ce831b855f,2.0,XZ,2,correlated,-1.3852780272760609e-09,1.6832558360316547e-05
rates_603c33ce831b855f,2.0,YI,1,local,3.0022670661246797e-09,1.6842369437239415e-05
rates_603c33ce831b855f,2.0,YX,2,correlated,-1.1880146325380208e-09,2.4829377262537266e-05
rates_603c33ce831b855f,2.0,YY,2,correlated,-2.7840407676334637e-09,4.3926962393766865e-09
rates_603c33ce831b855f,2.0,YZ,2,correlated,-4.303918761643115e-09,2.0353700928520927e-09
rates_603c33ce831b855f,2.0,ZI,1,local,3.326427492021723e-10,2.4829493673560672e-05
rates_603c33ce831b855f,2.0,ZX,2,correlated,-7.621858082813143e-10,1.682964352842445e-05
rates_603c33ce831b855f,2.0,ZY,2,correlated,-2.0048888491962817e-09,3.8295812094385484e-10
rates_603c33ce831b855f,2.0,ZZ,2,correlated,8.076321719442889e-16,0.0
rates_603c33ce831b855f,3.0,IX,1,local,1.2606418266789769e-08,0.005942188358789035
rates_603c33ce831b855f,3.0,IY,1,local,-2.213350266636845e-08,1.744442467594814e-05
rates_603c33ce831b855f,3.0,IZ,1,local,-1.4069179908807272e-09,2.4231536816683464e-05
rates_603c33ce831b855f,3.0,XI,1,local,-4.135737860936265e-09,0.005942185985076309
rates_603c33ce831b855f,3.0,XX,2,correlated,0.05790518560438866,0.0032106524609774234
rates_603c33ce831b855f,3.0,XY,2,correlated,-3.3731902367174502e-09,2.4192569972164872e-05
rates_603c33ce831b855f,3.0,XZ,2,correlated,-9.723695492117497e-09,1.7436252366216284e-05
rates_603c33ce831b855f,3.0,YI,1,local,-1.3165087790089929e-08,1.743667162675909e-05
rates_603c33ce831b855f,3.0,YX,2,correlated,-6.84762496891893e-09,2.419617184352789e-05
rates_603c33ce831b855f,3.0,YY,2,correlated,-1.4970006708545796e-08,2.514192475125429e-08
rates_603c33ce831b855f,3.0,YZ,2,correlated,5.819135829600662e-09,9.871093695338061e-09
rates_603c33ce831b855f,3.0,ZI,1,local,-1.142185879633026e-09,2.4231210072402733e-05
rates_603c33ce831b855f,3.0,ZX,2,correlated,-9.465603801620582e-09,1.7440730290800132e-05
rates_603c33ce831b855f,3.0,ZY,2,correlated,1.0191339072471873e-08,1.2013085654566713e-08
rates_603c33ce831b855f,3.0,ZZ,2,correlated,4.755881845822909e-15,3.2137566983482524e-08
rates_603c33ce831b855f,4.0,IX,1,local,-1.4255518867974863e-08,0.007435977235683759
rates_603c33ce831b855f,4.0,IY,1,local,-7.36370225305468e-09,1.7841500013142863e-05
rates_603c33ce831b855f,4.0,IZ,1,local,-4.3429544072954465e-10,2.386206500428947e-05
rates_603c33ce831b855f,4.0,XI,1,local,-3.0408496302638877e-09,0.00743597736618051
rates_603c33ce831b855f,4.0,XX,2,correlated,0.07200529275349576,0.004783820851300861
rates_603c33ce831b855f,4.0,XY,2,correlated,4.940742983284172e-09,2.38061086182996e-05
rates_603c33ce831b855f,4.0,XZ,2,correlated,-1.9797358868434214e-09,1.7813376573086916e-05
rates_603c33ce831b855f,4.0,YI,1,local,-5.848029759026201e-09,1.7843940195123113e-05
rates_603c33ce831b855f,4.0,YX,2,correlated,-5.801350732336125e-09,2.3805226798670562e-05
rates_603c33ce831b855f,4.0,YY,2,correlated,-4.737738242599904e-10,2.4354041140528454e-09
rates_603c33ce831b855f,4.0,YZ,2,correlated,1.2279251090435867e-09,2.3871559270677445e-09
rates_603c33ce831b855f,4.0,ZI,1,local,-2.5171583861073096e-09,2.3863313188207117e-05
rates_603c33ce831b855f,4.0,ZX,2,correlated,-3.628113164799457e-09,1.7810570019303508e-05
rates_603c33ce831b855f,4.0,ZY,2,correlated,1.313615334339411e-08,1.510193360122758e-09
rates_603c33ce831b855f,4.0,ZZ,2,correlated,1.24322696407435e-15,2.006581012112263e-08
rates_61b7d4ddafada4b1,0.01,IX,1,local,2.335700225017529e-09,0.00017087575684100672
rates_61b7d4ddafada4b1,0.01,IY,1,local,1.2587840835721967e-09,8.88093265086875e-05
rates_61b7d4ddafada4b1,0.01,IZ,1,local,-1.6141833885829965e-10,0.0002445362384237465
rates_61b7d4ddafada4b1,0.01,XI,1,local,-1.0147414170125933e-08,0.00017086634988293901
rates_61b7d4ddafada4b1,0.01,XX,2,correlated,0.013732675789187722,8.305693942546058e-05
rates_61b7d4ddafada4b1,0.01,XY,2,correlated,-7.520295152268532e-09,0.00024451418194127106
rates_61b7d4ddafada4b1,0.01,XZ,2,correlated,2.2561510088551974e-09,8.879632910630682e-05
rates_61b7d4ddafada4b1,0.01,YI,1,local,-6.383936766619317e-09,8.879966488161107e-05
rates_61b7d4ddafada4b1,0.01,YX,2,correlated,5.919129593826585e-09,0.00024451475506534004
rates_61b7d4ddafada4b1,0.01,YY,2,correlated,4.502907948980908e-09,0.0
rates_61b7d4ddafada4b1,0.01,YZ,2,correlated,6.988947504478811e-09,0.0
rates_61b7d4ddafada4b1,0.01,ZI,1,local,1.0455212855546746e-10,0.0002445357159156676
rates_61b7d4ddafada4b1,0.01,ZX,2,correlated,2.1722110270275584e-09,8.880594011709736e-05
rates_61b7d4ddafada4b1,0.01,ZY,2,correlated,-1.7096845641042006e-09,0.0
rates_61b7d4ddafada4b1,0.01,ZZ,2,correlated,3.5763658782582914e-16,3.177205520511349e-08
rates_61b7d4ddafada4b1,1.0,IX,1,local,5.313870541322487e-09,0.0004879220729781602
rates_61b7d4ddafada4b1,1.0,IY,1,local,1.2164838789096207e-09,0.00012517216387101187
rates_61b7d4ddafada4b1,1.0,IZ,1,local,-1.3813896298417718e-10,0.0002081759650922271
rates_61b7d4ddafada4b1,1.0,XI,1,local,1.1080613310550152e-08,0.000487913986224839
rates_61b7d4ddafada4b1,1.0,XX,2,correlated,0.028818563029818424,0.0005375495507721956
rates_61b7d4ddafada4b1,1.0,XY,2,correlated,-4.8628227552463095e-09,0.00020815523862870622
rates_61b7d4ddafada4b1,1.0,XZ,2,correlated,3.6181202709508036e-10,0.00012515570564733693
rates_61b7d4ddafada4b1,1.0,YI,1,local,3.6327738513914824e-09,0.00012516436728874492
rates_61b7d4ddafada4b1,1.0,YX,2,correlated,3.2265807210295195e-09,0.0002081541491488106
rates_61b7d4ddafada4b1,1.0,YY,2,correlated,-7.334977157825781e-11,0.0
rates_61b7d4ddafada4b1,1.0,YZ,2,correlated,5.6411722172219915e-09,0.0
rates_61b7d4ddafada4b1,1.0,ZI,1,local,4.683010729308537e-10,0.00020817667148132992
rates_61b7d4ddafada4b1,1.0,ZX,2,correlated,5.18185534063073e-10,0.00012516388532053907
rates_61b7d4ddafada4b1,1.0,ZY,2,correlated,1.6074340123069207e-09,0.0
rates_61b7d4ddafada4b1,1.0,ZZ,2,correlated,-2.8454067163513857e-16,2.278028205364457e-08
rates_61b7d4ddafada4b1,2.0,IX,1,local,3.8934621428650856e-08,0.0007888752636613398
rates_61b7d4ddafada4b1,2.0,IY,1,local,-1.9841941202924548e-09,0.00013502316708424313
rates_61b7d4ddafada4b1,2.0,IZ,1,local,6.870713363431781e-10,0.00019831517506694395
rates_61b7d4ddafada4b1,2.0,XI,1,local,3.239504392466822e-08,0.000788870136227614
rates_61b7d4ddafada4b1,2.0,XX,2,correlated,0.04377761070741888,0.0014091053759554906
rates_61b7d4ddafada4b1,2.0,XY,2,correlated,-2.7995313399128734e-09,0.00019831357677103432
rates_61b7d4ddafada4b1,2.0,XZ,2,correlated,4.417792458379033e-11,0.00013501016515276012
rates_61b7d4ddafada4b1,2.0,YI,1,local,-2.9686628107783938e-09,0.000135016224966347
rates_61b7d4ddafada4b1,2.0,YX,2,correlated,-1.9393773093304326e-09,0.0001983156459038878
rates_61b7d4ddafada4b1,2.0,YY,2,correlated,-1.1001150454418398e-09,4.013922105996625e-09
rates_61b7d4ddafada4b1,2.0,YZ,2,correlated,3.304517794349653e-10,0.0
rates_61b7d4ddafada4b1,2.0,ZI,1,local,-5.205131265057442e-10,0.00019831500898796753
rates_61b7d4ddafada4b1,2.0,ZX,2,correlated,-9.881907081943087e-10,0.00013501520421796003
rates_61b7d4ddafada4b1,2.0,ZY,2,correlated,2.255982110675606e-09,0.0
rates_61b7d4ddafada4b1,2.0,ZZ,2,correlated,-2.305603739540891e-16,9.733851209000471e-09
rates_61b7d4ddafada4b1,3.0,IX,1,local,9.274132863227627e-09,0.001069668690746109
rates_61b7d4ddafada4b1,3.0,IY,1,local,-4.916638083011483e-09,0.0001399476113494077
rates_61b7d4ddafada4b1,3.0,IZ,1,local,-1.0428585395215252e-10,0.00019340661901034778
rates_61b7d4ddafada4b1,3.0,XI,1,local,1.2147228706604185e-08,0.0010696560095290362
rates_61b7d4ddafada4b1,3.0,XX,2,correlated,0.058448152261661376,0.002651441039399644
rates_61b7d4ddafada4b1,3.0,XY,2,correlated,-3.5281275692495276e-09,0.00019338013325555258
rates_61b7d4ddafada4b1,3.0,XZ,2,correlated,-1.9194719007169844e-09,0.0001399293459682045
rates_61b7d4ddafada4b1,3.0,YI,1,local,6.7736724918009285e-09,0.0001399351753892554
rates_61b7d4ddafada4b1,3.0,YX,2,correlated,1.1409217906326998e-09,0.0001933797511067284
rates_61b7d4ddafada4b1,3.0,YY,2,correlated,-2.4889948853741816e-09,9.123126047070338e-10
rates_61b7d4ddafada4b1,3.0,YZ,2,correlated,-1.2744186290765958e-10,0.0
rates_61b7d4ddafada4b1,3.0,ZI,1,local,-5.961705389011089e-11,0.00019340700576812858
rates_61b7d4ddafada4b1,3.0,ZX,2,correlated,-1.241903453540142e-09,0.00013994177731865783
rates_61b7d4ddafada4b1,3.0,ZY,2,correlated,1.8021219731837266e-09,1.6835137589543692e-09
rates_61b7d4ddafada4b1,3.0,ZZ,2,correlated,-9.021353903495807e-16,6.2754230562012125e-09
rates_61b7d4ddafada4b1,4.0,IX,1,local,-4.033766956478651e-09,0.001333961907685348
rates_61b7d4ddafada4b1,4.0,IY,1,local,-1.1144512699267756e-09,0.0001430452271376415
rates_61b7d4ddafada4b1,4.0,IZ,1,local,-5.404114048251065e-11,0.00019030487051402743
rates_61b7d4ddafada4b1,4.0,XI,1,local,3.859996664521522e-09,0.0013339577437514666
rates_61b7d4ddafada4b1,4.0,XX,2,correlated,0.07282057318846642,0.004226062885666597
rates_61b7d4ddafada4b1,4.0,XY,2,correlated,-5.5436354600689415e-09,0.00019030217231426832
rates_61b7d4ddafada4b1,4.0,XZ,2,correlated,-1.0570030561558485e-08,0.00014300877088228796
rates_61b7d4ddafada4b1,4.0,YI,1,local,3.0263328903033996e-09,0.0001430441199045446
rates_61b7d4ddafada4b1,4.0,YX,2,correlated,-7.47709008461803e-09,0.00019029883512254532
rates_61b7d4ddafada4b1,4.0,YY,2,correlated,-2.278767872753953e-08,1.191968831033434e-08
rates_61b7d4ddafada4b1,4.0,YZ,2,correlated,-1.3783184520171107e-09,0.0
rates_61b7d4ddafada4b1,4.0,ZI,1,local,-3.671493952250121e-10,0.00019030577546717755
rates_61b7d4ddafada4b1,4.0,ZX,2,correlated,-1.0816040634778235e-08,0.00014301231035463168
rates_61b7d4ddafada4b1,4.0,ZY,2,correlated,2.7485624080291322e-09,0.0
rates_61b7d4ddafada4b1,4.0,ZZ,2,correlated,4.310873151171729e-16,4.957765519300605e-09
rates_65e4c1ad12cf1435,0.01,IX,1,local,-5.658164211242201e-09,0.00028167787021237355
rates_65e4c1ad12cf1435,0.01,IY,1,local,2.041387953832427e-09,2.6066230557506237e-09
rates_65e4c1ad12cf1435,0.01,IZ,1,local,-5.271894995850133e-11,3.1723370649170076e-09
rates_65e4c1ad12cf1435,0.01,XI,1,local,-1.6584668892187196e-09,0.00028167414324223165
rates_65e4c1ad12cf1435,0.01,XX,2,correlated,0.013728574173033671,0.0001636949651776774
rates_65e4c1ad12cf1435,0.01,XY,2,correlated,-4.6498606323837385e-09,3.968963177865536e-09
rates_65e4c1ad12cf1435,0.01,XZ,2,correlated,-3.660526789395277e-10,2.537615997110911e-09
rates_65e4c1ad12cf1435,0.01,YI,1,local,3.1753350582610685e-09,2.5117891195796796e-09
rates_65e4c1ad12cf1435,0.01,YX,2,correlated,-1.065519971755256e-09,3.8976960690706485e-09
rates_65e4c1ad12cf1435,0.01,YY,2,correlated,-9.007116729770672e-10,8.007861900794823e-09
rates_65e4c1ad12cf1435,0.01,YZ,2,correlated,3.995185806581691e-09,4.284108405219555e-09
rates_65e4c1ad12cf1435,0.01,ZI,1,local,4.658132068274723e-11,3.879781464308072e-09
rates_65e4c1ad12cf1435,0.01,ZX,2,correlated,-3.471773784863962e-10,2.8598509432993524e-09
rates_65e4c1ad12cf1435,0.01,ZY,2,correlated,2.3158805178111646e-09,5.136251243846026e-09
rates_65e4c1ad12cf1435,0.01,ZZ,2,correlated,9.36437843116243e-16,7.847099020217001e-09
rates_65e4c1ad12cf1435,1.0,IX,1,local,1.1607916981805412e-08,0.0008061671233522765
rates_65e4c1ad12cf1435,1.0,IY,1,local,4.149589927464986e-09,2.7800252159316348e-09
rates_65e4c1ad12cf1435,1.0,IZ,1,local,-3.933175850092079e-11,4.81413429328981e-09
rates_65e4c1ad12cf1435,1.0,XI,1,local,8.809529540689932e-09,0.0008061688010671784
rates_65e4c1ad12cf1435,1.0,XX,2,correlated,0.028798159732442662,0.0006155637802550022
rates_65e4c1ad12cf1435,1.0,XY,2,correlated,4.426462358962877e-09,3.220993064579963e-09
rates_65e4c1ad12cf1435,1.0,XZ,2,correlated,2.348250200941618e-09,2.9454309922712435e-09
rates_65e4c1ad12cf1435,1.0,YI,1,local,4.777371571686052e-09,3.862806511526842e-09
rates_65e4c1ad12cf1435,1.0,YX,2,correlated,2.623488511780411e-09,3.2907029605031522e-09
rates_65e4c1ad12cf1435,1.0,YY,2,correlated,4.764599257924611e-09,5.189860400011158e-09
rates_65e4c1ad12cf1435,1.0,YZ,2,correlated,-2.721345818492326e-09,5.308787727307179e-09
rates_65e4c1ad12cf1435,1.0,ZI,1,local,1.78126117246689e-10,4.752501778188115e-09
rates_65e4c1ad12cf1435,1.0,ZX,2,correlated,2.5778988165729813e-09,3.9132831767792545e-09
rates_65e4c1ad12cf1435,1.0,ZY,2,correlated,-1.7087768116463045e-09,5.022277960877187e-09
rates_65e4c1ad12cf1435,1.0,ZZ,2,correlated,-1.1489105298793675e-15,6.223106690335031e-09
rates_65e4c1ad12cf1435,2.0,IX,1,local,4.206074751897777e-08,0.0013070216787389134
rates_65e4c1ad12cf1435,2.0,IY,1,local,-4.865288044137207e-09,1.1559487590504067e-08
rates_65e4c1ad12cf1435,2.0,IZ,1,local,3.3360497913094763e-10,7.481519468466002e-09
rates_65e4c1ad12cf1435,2.0,XI,1,local,3.982228723948261e-08,0.0013070263192550982
rates_65e4c1ad12cf1435,2.0,XX,2,correlated,0.04373127357434451,0.0014841860101438458
rates_65e4c1ad12cf1435,2.0,XY,2,correlated,1.4461275668779195e-09,7.471388437048148e-09
rates_65e4c1ad12cf1435,2.0,XZ,2,correlated,2.6734770575638794e-10,1.4258542209164893e-08
rates_65e4c1ad12cf1435,2.0,YI,1,local,-3.882782598099901e-09,1.1234969939095596e-08
rates_65e4c1ad12cf1435,2.0,YX,2,correlated,-1.1410678717688234e-08,1.2046921498342841e-08
rates_65e4c1ad12cf1435,2.0,YY,2,correlated,-1.8020779507927253e-10,9.865126481863692e-10
rates_65e4c1ad12cf1435,2.0,YZ,2,correlated,1.1457842899409e-09,1.1731627671039464e-09
rates_65e4c1ad12cf1435,2.0,ZI,1,local,-1.1148041841894933e-10,1.0932748622050778e-08
rates_65e4c1ad12cf1435,2.0,ZX,2,correlated,5.425556117803789e-10,1.0763420337086757e-08
rates_65e4c1ad12cf1435,2.0,ZY,2,correlated,1.2022557550304604e-08,7.523871001774199e-10
rates_65e4c1ad12cf1435,2.0,ZZ,2,correlated,-1.7118714083484888e-15,1.2764576860779808e-09
rates_65e4c1ad12cf1435,3.0,IX,1,local,1.111601001098028e-08,0.001778708035152758
rates_65e4c1ad12cf1435,3.0,IY,1,local,3.59013547619399e-09,9.818873534511306e-09
rates_65e4c1ad12cf1435,3.0,IZ,1,local,3.732672499796553e-10,1.0483660278406653e-08
rates_65e4c1ad12cf1435,3.0,XI,1,local,5.490784754051011e-09,0.0017786853591742397
rates_65e4c1ad12cf1435,3.0,XX,2,correlated,0.05836816228575879,0.0027226672087802203
rates_65e4c1ad12cf1435,3.0,XY,2,correlated,-2.94409324186934e-09,9.133206316236375e-09
rates_65e4c1ad12cf1435,3.0,XZ,2,correlated,2.1699729579564404e-09,6.7776612724512054e-09
rates_65e4c1ad12cf1435,3.0,YI,1,local,3.408760717482597e-09,7.025560652240258e-09
rates_65e4c1ad12cf1435,3.0,YX,2,correlated,1.2602474469276277e-08,5.49553183504508e-09
rates_65e4c1ad12cf1435,3.0,YY,2,correlated,3.890175907933899e-09,2.7200452267421967e-08
rates_65e4c1ad12cf1435,3.0,YZ,2,correlated,-4.813881080533454e-09,1.5997212287480384e-08
rates_65e4c1ad12cf1435,3.0,ZI,1,local,-2.4080210391877935e-10,9.516055196913245e-09
rates_65e4c1ad12cf1435,3.0,ZX,2,correlated,1.8718582131973263e-09,9.436634072681332e-09
rates_65e4c1ad12cf1435,3.0,ZY,2,correlated,-9.390757851252142e-09,2.3106821933858528e-08
rates_65e4c1ad12cf1435,3.0,ZZ,2,correlated,-3.5718905210536825e-16,2.4756018994313844e-08
rates_65e4c1ad12cf1435,4.0,IX,1,local,-1.9303569682180556e-08,0.0022252630556876627
rates_65e4c1ad12cf1435,4.0,IY,1,local,-2.0601624161401911e-10,1.3716386626332067e-08
rates_65e4c1ad12cf1435,4.0,IZ,1,local,-3.2693202420805655e-09,1.3382591724902208e-08
rates_65e4c1ad12cf1435,4.0,XI,1,local,2.0393761001943312e-08,0.0022252569064829517
rates_65e4c1ad12cf1435,4.0,XX,2,correlated,0.0727008640305879,0.00429224723821719
rates_65e4c1ad12cf1435,4.0,XY,2,correlated,-3.1974066436010594e-08,1.570487848182858e-08
rates_65e4c1ad12cf1435,4.0,XZ,2,correlated,2.1540038839191802e-09,7.647486505965888e-09
rates_65e4c1ad12cf1435,4.0,YI,1,local,-9.979611895811603e-10,1.2723842700674387e-08
rates_65e4c1ad12cf1435,4.0,YX,2,correlated,3.6582949872824936e-09,6.857932600707467e-09
rates_65e4c1ad12cf1435,4.0,YY,2,correlated,2.2828544491855824e-09,1.1151344147348682e-08
rates_65e4c1ad12cf1435,4.0,YZ,2,correlated,3.24357812154991e-08,1.164878943872369e-08
rates_65e4c1ad12cf1435,4.0,ZI,1,local,5.3979706552120406e-09,1.3354912862339393e-08
rates_65e4c1ad12cf1435,4.0,ZX,2,correlated,6.448509387732218e-09,8.05217425722815e-09
rates_65e4c1ad12cf1435,4.0,ZY,2,correlated,-2.394075402114831e-09,1.0737733659547713e-08
rates_65e4c1ad12cf1435,4.0,ZZ,2,correlated,-4.390551226710559e-15,1.0701445928192055e-08
rates_660d67d330352843,0.01,IX,1,local,5.885467321887448e-10,8.497158727669492e-05
rates_660d67d330352843,0.01,IY,1,local,-1.3160226323940535e-09,4.914098155691013e-05
rates_660d67d330352843,0.01,IZ,1,local,8.93871810557852e-11,0.00011336017230839952
rates_660d67d330352843,0.01,XI,1,local,-5.103707556021167e-09,8.497407240479564e-05
rates_660d67d330352843,0.01,XX,2,correlated,0.01373680234148524,2.386856704084925e-06
rates_660d67d330352843,0.01,XY,2,correlated,3.09051210722104e-09,0.0001133523963354325
rates_660d67d330352843,0.01,XZ,2,correlated,-2.4228888482964837e-09,4.91435114301796e-05
rates_660d67d330352843,0.01,YI,1,local,4.9139839484875714e-09,4.914329448575005e-05
rates_660d67d330352843,0.01,YX,2,correlated,-2.5173872194717506e-09,0.0001133525573872928
rates_660d67d330352843,0.01,YY,2,correlated,-4.857503404107945e-09,0.0
rates_660d67d330352843,0.01,YZ,2,correlated,-6.424435817241462e-10,0.0
rates_660d67d330352843,0.01,ZI,1,local,3.6743548472113483e-11,0.00011335998891035181
rates_660d67d330352843,0.01,ZX,2,correlated,-2.2375684989175487e-09,4.914122084629549e-05
rates_660d67d330352843,0.01,ZY,2,correlated,3.682229905553973e-09,0.0
rates_660d67d330352843,0.01,ZZ,2,correlated,-2.2619717131592843e-16,8.815105793659575e-09
rates_660d67d330352843,1.0,IX,1,local,1.0739725518158093e-08,0.0001937082327135762
rates_660d67d330352843,1.0,IY,1,local,1.0434692365034675e-09,6.414848559263537e-05
rates_660d67d330352843,1.0,IZ,1,local,-2.768402301271313e-10,9.83540877041536e-05
rates_660d67d330352843,1.0,XI,1,local,1.087098036782907e-08,0.00019370337179286777
rates_660d67d330352843,1.0,XX,2,correlated,0.02883916063041842,0.0004600492087059512
rates_660d67d330352843,1.0,XY,2,correlated,-1.9708891866605022e-09,9.835097633574674e-05
rates_660d67d330352843,1.0,XZ,2,correlated,7.977614829884064e-11,6.414451808819209e-05
rates_660d67d330352843,1.0,YI,1,local,-3.115152719823289e-09,6.414292762037431e-05
rates_660d67d330352843,1.0,YX,2,correlated,2.719785344924395e-09,9.835089603851423e-05
rates_660d67d330352843,1.0,YY,2,correlated,5.227530786655882e-10,0.0
rates_660d67d330352843,1.0,YZ,2,correlated,2.0480849212552394e-09,0.0
rates_660d67d330352843,1.0,ZI,1,local,9.547881645235086e-12,9.835454113253405e-05
rates_660d67d330352843,1.0,ZX,2,correlated,9.382440035408958e-11,6.414970292646236e-05
rates_660d67d330352843,1.0,ZY,2,correlated,-1.1849431798654327e-10,4.1019682914378145e-10
rates_660d67d330352843,1.0,ZZ,2,correlated,-7.686506157913814e-17,5.386643963886141e-09
rates_660d67d330352843,2.0,IX,1,local,3.497210524157551e-08,0.0002932508914278486
rates_660d67d330352843,2.0,IY,1,local,-5.30061654444475e-09,6.820810861593526e-05
rates_660d67d330352843,2.0,IZ,1,local,-3.980076608146015e-10,9.428271258612994e-05
rates_660d67d330352843,2.0,XI,1,local,3.927350715359461e-08,0.0002932574372250247
rates_660d67d330352843,2.0,XX,2,correlated,0.04382442066321574,0.0013355485208116336
rates_660d67d330352843,2.0,XY,2,correlated,2.7058665758376896e-09,9.428967297245929e-05
rates_660d67d330352843,2.0,XZ,2,correlated,4.5627557253350035e-09,6.821752062515406e-05
rates_660d67d330352843,2.0,YI,1,local,3.4441074316010858e-09,6.821402118360903e-05
rates_660d67d330352843,2.0,YX,2,correlated,-6.471389225293198e-09,9.428968894037036e-05
rates_660d67d330352843,2.0,YY,2,correlated,1.0540535195234032e-08,0.0
rates_660d67d330352843,2.0,YZ,2,correlated,-1.757737240336568e-10,1.1073632743840457e-09
rates_660d67d330352843,2.0,ZI,1,local,-2.1198820323216433e-10,9.428381319822236e-05
rates_660d67d330352843,2.0,ZX,2,correlated,5.4490147048304885e-09,6.821049147803272e-05
rates_660d67d330352843,2.0,ZY,2,correlated,5.885318414342628e-09,0.0
rates_660d67d330352843,2.0,ZZ,2,correlated,-6.663272495773111e-16,4.848235874181303e-09
rates_660d67d330352843,3.0,IX,1,local,1.132017046933435e-08,0.0003811752610171399
rates_660d67d330352843,3.0,IY,1,local,-2.8393900793769634e-09,7.02342858231771e-05
rates_660d67d330352843,3.0,IZ,1,local,1.8295028594971874e-09,9.225061855894364e-05
rates_660d67d330352843,3.0,XI,1,local,1.3844821131745898e-08,0.00038118818292678036
rates_660d67d330352843,3.0,XX,2,correlated,0.0585288552089511,0.0025831534968507198
rates_660d67d330352843,3.0,XY,2,correlated,8.257564197387385e-09,9.225214239662815e-05
rates_660d67d330352843,3.0,XZ,2,correlated,1.7296742982434017e-09,7.025012974666361e-05
rates_660d67d330352843,3.0,YI,1,local,4.5297144178619246e-09,7.024439643056744e-05
rates_660d67d330352843,3.0,YX,2,correlated,-6.835535777366831e-09,9.224663558215281e-05
rates_660d67d330352843,3.0,YY,2,correlated,3.0117047342157955e-09,1.5748907278301328e-08
rates_660d67d330352843,3.0,YZ,2,correlated,-6.189337045862335e-09,9.829527291095956e-09
rates_660d67d330352843,3.0,ZI,1,local,-1.1307356787245503e-09,9.225480739032413e-05
rates_660d67d330352843,3.0,ZX,2,correlated,1.9523278374564477e-09,7.024133711132515e-05
rates_660d67d330352843,3.0,ZY,2,correlated,2.222751804635496e-09,1.6157590493424273e-09
rates_660d67d330352843,3.0,ZZ,2,correlated,4.992572860594168e-16,1.1259586927755971e-08
rates_660d67d330352843,4.0,IX,1,local,1.9058485658618185e-09,0.000460897468007503
rates_660d67d330352843,4.0,IY,1,local,5.6599574193160036e-09,7.151328761097341e-05
rates_660d67d330352843,4.0,IZ,1,local,3.354833062732265e-10,9.098198705741855e-05
rates_660d67d330352843,4.0,XI,1,local,3.3211206982425667e-09,0.00046092438555707594
rates_660d67d330352843,4.0,XX,2,correlated,0.07294130989949199,0.004164506535749772
rates_660d67d330352843,4.0,XY,2,correlated,6.205465933634689e-09,9.097481057906856e-05
rates_660d67d330352843,4.0,XZ,2,correlated,6.5336880975998865e-09,7.152426645828823e-05
rates_660d67d330352843,4.0,YI,1,local,-4.183676864867562e-09,7.15415861070325e-05
rates_660d67d330352843,4.0,YX,2,correlated,-2.0003484548223645e-08,9.097206579475727e-05
rates_660d67d330352843,4.0,YY,2,correlated,1.2619340652619786e-08,1.1304614427154702e-09
rates_660d67d330352843,4.0,YZ,2,correlated,1.194985985807229e-09,1.1511707873046371e-08
rates_660d67d330352843,4.0,ZI,1,local,-1.7032948796445934e-09,9.098192914658957e-05
rates_660d67d330352843,4.0,ZX,2,correlated,6.1932994533945176e-09,7.149877065330996e-05
rates_660d67d330352843,4.0,ZY,2,correlated,1.4235596228835339e-08,0.0
rates_660d67d330352843,4.0,ZZ,2,correlated,8.124929672884278e-16,4.298395226559615e-09
rates_6a8c834ff6e2e567,0.01,IX,1,local,-5.3297836478941215e-09,0.0009434243403654213
rates_6a8c834ff6e2e567,0.01,IY,1,local,5.024599135805204e-09,2.2150478605118586e-05
rates_6a8c834ff6e2e567,0.01,IZ,1,local,6.483979357035267e-11,6.118854071153181e-05
rates_6a8c834ff6e2e567,0.01,XI,1,local,-8.552085423564864e-09,0.0009434393319147499
rates_6a8c834ff6e2e567,0.01,XX,2,correlated,0.013707404375582308,0.0006472963075645193
rates_6a8c834ff6e2e567,0.01,XY,2,correlated,3.164408329988214e-09,6.116515233374695e-05
rates_6a8c834ff6e2e567,0.01,XZ,2,correlated,2.755252522749558e-09,2.2159408360953406e-05
rates_6a8c834ff6e2e567,0.01,YI,1,local,4.673635629091067e-09,2.2165506812023984e-05
rates_6a8c834ff6e2e567,0.01,YX,2,correlated,-3.428090427199733e-09,6.116544567048187e-05
rates_6a8c834ff6e2e567,0.01,YY,2,correlated,5.319440662708973e-09,2.957398164739073e-09
rates_6a8c834ff6e2e567,0.01,YZ,2,correlated,-9.811530191835236e-10,6.243108727335472e-09
rates_6a8c834ff6e2e567,0.01,ZI,1,local,4.818165803338388e-11,6.118830009673682e-05
rates_6a8c834ff6e2e567,0.01,ZX,2,correlated,2.8313847381622675e-09,2.214432742901986e-05
rates_6a8c834ff6e2e567,0.01,ZY,2,correlated,-1.8838012882445393e-09,0.0
rates_6a8c834ff6e2e567,0.01,ZZ,2,correlated,-2.1199332909657697e-17,0.0
rates_6a8c834ff6e2e567,1.0,IX,1,local,1.5798091301847522e-08,0.0026949698266876742
rates_6a8c834ff6e2e567,1.0,IY,1,local,2.0194633518099305e-09,3.1227173650542856e-05
rates_6a8c834ff6e2e567,1.0,IZ,1,local,6.037378681933631e-11,5.212269347908505e-05
rates_6a8c834ff6e2e567,1.0,XI,1,local,7.907088637602095e-09,0.0026949754820771226
rates_6a8c834ff6e2e567,1.0,XX,2,correlated,0.02868318852031396,0.0010944423617869053
rates_6a8c834ff6e2e567,1.0,XY,2,correlated,2.971134868220682e-09,5.209586633412989e-05
rates_6a8c834ff6e2e567,1.0,XZ,2,correlated,-1.4307068547043717e-09,3.1216830017206584e-05
rates_6a8c834ff6e2e567,1.0,YI,1,local,1.3066697275810106e-09,3.123247779914819e-05
rates_6a8c834ff6e2e567,1.0,YX,2,correlated,-2.144567280000329e-11,5.209713142313526e-05
rates_6a8c834ff6e2e567,1.0,YY,2,correlated,-3.0488651890325138e-09,3.3044820270936086e-09
rates_6a8c834ff6e2e567,1.0,YZ,2,correlated,-7.205919333987513e-10,2.0427742863352618e-09
rates_6a8c834ff6e2e567,1.0,ZI,1,local,2.5395839053970657e-12,5.2121964369069184e-05
rates_6a8c834ff6e2e567,1.0,ZX,2,correlated,-1.5953110163015935e-09,3.121098989041036e-05
rates_6a8c834ff6e2e567,1.0,ZY,2,correlated,-5.581198412869808e-10,0.0
rates_6a8c834ff6e2e567,1.0,ZZ,2,correlated,8.576044415972126e-17,6.958046898201953e-09
rates_6a8c834ff6e2e567,2.0,IX,1,local,2.7083747665583827e-08,0.004364909887221361
rates_6a8c834ff6e2e567,2.0,IY,1,local,2.394743376433882e-09,3.368661102336315e-05
rates_6a8c834ff6e2e567,2.0,IZ,1,local,-1.1266277535918727e-10,4.967485514703212e-05
rates_6a8c834ff6e2e567,2.0,XI,1,local,2.0142707751359328e-08,0.004364903456714685
rates_6a8c834ff6e2e567,2.0,XX,2,correlated,0.043465187956830395,0.001966684542129597
rates_6a8c834ff6e2e567,2.0,XY,2,correlated,-2.2868116949906066e-09,4.96430988180107e-05
rates_6a8c834ff6e2e567,2.0,XZ,2,correlated,-2.4410950256516473e-09,3.365918171873319e-05
rates_6a8c834ff6e2e567,2.0,YI,1,local,-2.5634562121185093e-09,3.3679965045593175e-05
rates_6a8c834ff6e2e567,2.0,YX,2,correlated,4.722709849546074e-09,4.964454746011083e-05
rates_6a8c834ff6e2e567,2.0,YY,2,correlated,-4.926769751241338e-09,0.0
rates_6a8c834ff6e2e567,2.0,YZ,2,correlated,2.3686691943277136e-09,0.0
rates_6a8c834ff6e2e567,2.0,ZI,1,local,-4.496819962691751e-11,4.9673622696973144e-05
rates_6a8c834ff6e2e567,2.0,ZX,2,correlated,-3.0164426031995247e-09,3.36656115047613e-05
rates_6a8c834ff6e2e567,2.0,ZY,2,correlated,-1.585489028099068e-09,1.317162910981066e-09
rates_6a8c834ff6e2e567,2.0,ZZ,2,correlated,-2.632414581023372e-16,6.6624376415108655e-09
rates_6a8c834ff6e2e567,3.0,IX,1,local,2.7063816379917475e-09,0.005942191373119061
rates_6a8c834ff6e2e567,3.0,IY,1,local,3.7014244062980657e-10,3.4904807996510455e-05
rates_6a8c834ff6e2e567,3.0,IZ,1,local,-2.3796800303327367e-10,4.8453932389761195e-05
rates_6a8c834ff6e2e567,3.0,XI,1,local,-9.623119998007975e-09,0.005942178412967324
rates_6a8c834ff6e2e567,3.0,XX,2,correlated,0.05790516125858756,0.0032106605098852848
rates_6a8c834ff6e2e567,3.0,XY,2,correlated,-5.288190065693416e-09,4.841202005283549e-05
rates_6a8c834ff6e2e567,3.0,XZ,2,correlated,-2.908122079179991e-09,3.4872079005045474e-05
rates_6a8c834ff6e2e567,3.0,YI,1,local,2.11597239696965e-09,3.4891889649683934e-05
rates_6a8c834ff6e2e567,3.0,YX,2,correlated,3.69645442516973e-09,4.8411947153009175e-05
rates_6a8c834ff6e2e567,3.0,YY,2,correlated,-5.722098414531042e-09,2.9149320118063305e-08
rates_6a8c834ff6e2e567,3.0,YZ,2,correlated,9.203282856151331e-10,3.7033337342481607e-09
rates_6a8c834ff6e2e567,3.0,ZI,1,local,5.55238372663436e-10,4.8452030727936434e-05
rates_6a8c834ff6e2e567,3.0,ZX,2,correlated,-3.5276776187412467e-09,3.488697191335495e-05
rates_6a8c834ff6e2e567,3.0,ZY,2,correlated,-1.9980483927182816e-09,9.950597326148503e-09
rates_6a8c834ff6e2e567,3.0,ZZ,2,correlated,1.393859496959916e-15,2.8544527701582223e-08
rates_6a8c834ff6e2e567,4.0,IX,1,local,-7.194358718538017e-08,0.0074359861322140335
rates_6a8c834ff6e2e567,4.0,IY,1,local,-1.1184933208663452e-09,3.569117327252699e-05
rates_6a8c834ff6e2e567,4.0,IZ,1,local,7.725581919339846e-10,4.76990689955694e-05
rates_6a8c834ff6e2e567,4.0,XI,1,local,-4.9825864652421955e-08,0.007435969518324533
rates_6a8c834ff6e2e567,4.0,XX,2,correlated,0.07200540912684653,0.004783809657212907
rates_6a8c834ff6e2e567,4.0,XY,2,correlated,-6.68313887229441e-09,4.763513570469962e-05
rates_6a8c834ff6e2e567,4.0,XZ,2,correlated,7.047506196674328e-09,3.560412941285182e-05
rates_6a8c834ff6e2e567,4.0,YI,1,local,-4.670291990757446e-09,3.567886002568482e-05
rates_6a8c834ff6e2e567,4.0,YX,2,correlated,-1.4190969161553591e-09,4.762844352974296e-05
rates_6a8c834ff6e2e567,4.0,YY,2,correlated,1.2307252865878246e-08,3.9631090601320046e-08
rates_6a8c834ff6e2e567,4.0,YZ,2,correlated,8.337329512548098e-09,5.37306231599329e-09
rates_6a8c834ff6e2e567,4.0,ZI,1,local,-3.990170228778134e-10,4.770196284910522e-05
rates_6a8c834ff6e2e567,4.0,ZX,2,correlated,5.211789364979387e-09,3.562024120897563e-05
rates_6a8c834ff6e2e567,4.0,ZY,2,correlated,1.1684875555939527e-08,1.262333967679516e-08
rates_6a8c834ff6e2e567,4.0,ZZ,2,correlated,6.037888934998921e-16,5.0327377119907535e-08
rates_6c688fb66a893df8,0.01,IX,1,local,-4.27585911348811e-09,0.0002816792548998458
rates_6c688fb66a893df8,0.01,IY,1,local,6.7064282729324135e-09,1.1094257977536827e-05
rates_6c688fb66a893df8,0.01,IZ,1,local,1.573849351360214e-10,3.0566472600848665e-05
rates_6c688fb66a893df8,0.01,XI,1,local,-4.80780283262329e-09,0.00028168503360565515
rates_6c688fb66a893df8,0.01,XX,2,correlated,0.013728560159913207,0.00016371779167290975
rates_6c688fb66a893df8,0.01,XY,2,correlated,-2.484855454653886e-10,3.057119975918119e-05
rates_6c688fb66a893df8,0.01,XZ,2,correlated,9.087680089036684e-10,1.1099378989977527e-05
rates_6c688fb66a893df8,0.01,YI,1,local,-2.7776115884290175e-09,1.1099913969809466e-05
rates_6c688fb66a893df8,0.01,YX,2,correlated,-2.0696517021851774e-09,3.057136943928311e-05
rates_6c688fb66a893df8,0.01,YY,2,correlated,1.2029514705123058e-09,3.734330745417242e-09
rates_6c688fb66a893df8,0.01,YZ,2,correlated,-5.730122254007243e-10,2.161583615086566e-09
rates_6c688fb66a893df8,0.01,ZI,1,local,-4.039038093634082e-12,3.056648850612115e-05
rates_6c688fb66a893df8,0.01,ZX,2,correlated,5.377513431844724e-10,1.1093537408453401e-05
rates_6c688fb66a893df8,0.01,ZY,2,correlated,-1.6575083869991075e-09,0.0
rates_6c688fb66a893df8,0.01,ZZ,2,correlated,-5.594242299515182e-17,0.0
rates_6c688fb66a893df8,1.0,IX,1,local,8.707523168795192e-09,0.0008061782886579682
rates_6c688fb66a893df8,1.0,IY,1,local,2.3091483156160586e-09,1.5643685996713257e-05
rates_6c688fb66a893df8,1.0,IZ,1,local,1.1621691783515966e-10,2.6028806681056404e-05
rates_6c688fb66a893df8,1.0,XI,1,local,1.1934648557415099e-08,0.0008061695681498411
rates_6c688fb66a893df8,1.0,XX,2,correlated,0.02879817139013155,0.0006155811012388401
rates_6c688fb66a893df8,1.0,XY,2,correlated,-2.777851821318992e-09,2.602133867548692e-05
rates_6c688fb66a893df8,1.0,XZ,2,correlated,-7.962455442959386e-10,1.5634787379477837e-05
rates_6c688fb66a893df8,1.0,YI,1,local,-5.34824796067952e-10,1.563524738236465e-05
rates_6c688fb66a893df8,1.0,YX,2,correlated,6.5552962854817866e-09,2.6020486310591648e-05
rates_6c688fb66a893df8,1.0,YY,2,correlated,-2.190138142704157e-09,2.5020372572922466e-09
rates_6c688fb66a893df8,1.0,YZ,2,correlated,2.1824438775137834e-09,0.0
rates_6c688fb66a893df8,1.0,ZI,1,local,4.943337322933741e-11,2.6029067913133455e-05
rates_6c688fb66a893df8,1.0,ZX,2,correlated,-1.2684471467895599e-09,1.5643817124679507e-05
rates_6c688fb66a893df8,1.0,ZY,2,correlated,-2.7436160154016775e-09,4.355799312926768e-09
rates_6c688fb66a893df8,1.0,ZZ,2,correlated,-3.046435568622844e-17,5.736252006759753e-09
rates_6c688fb66a893df8,2.0,IX,1,local,3.068892616989337e-08,0.00130703246100274
rates_6c688fb66a893df8,2.0,IY,1,local,-8.293910657715633e-11,1.6864042609674313e-05
rates_6c688fb66a893df8,2.0,IZ,1,local,5.568129261600502e-10,2.4799588226479225e-05
rates_6c688fb66a893df8,2.0,XI,1,local,3.4046196627403414e-08,0.001307041050250633
rates_6c688fb66a893df8,2.0,XX,2,correlated,0.0437312817495736,0.0014842137037055028
rates_6c688fb66a893df8,2.0,XY,2,correlated,1.0794506758023436e-08,2.478872465057325e-05
rates_6c688fb66a893df8,2.0,XZ,2,correlated,7.162028641973056e-10,1.6874158359383632e-05
rates_6c688fb66a893df8,2.0,YI,1,local,1.3962703653340156e-09,1.6871618154597403e-05
rates_6c688fb66a893df8,2.0,YX,2,correlated,-2.8269895016078292e-09,2.4787606674592146e-05
rates_6c688fb66a893df8,2.0,YY,2,correlated,2.2223264760032847e-09,1.7695256638625152e-09
rates_6c688fb66a893df8,2.0,YZ,2,correlated,-4.9910285941036794e-09,5.545481383040134e-09
rates_6c688fb66a893df8,2.0,ZI,1,local,-1.4477301696807214e-09,2.4801013821116555e-05
rates_6c688fb66a893df8,2.0,ZX,2,correlated,-2.0006517281342749e-10,1.6866275220228698e-05
rates_6c688fb66a893df8,2.0,ZY,2,correlated,4.333449249730789e-09,1.540255899025442e-09
rates_6c688fb66a893df8,2.0,ZZ,2,correlated,1.4902218956497928e-16,7.814749820346523e-09
rates_6c688fb66a893df8,3.0,IX,1,local,-3.224887799122223e-08,0.0017787201824208119
rates_6c688fb66a893df8,3.0,IY,1,local,-3.498865408992389e-09,1.748227782460965e-05
rates_6c688fb66a893df8,3.0,IZ,1,local,-6.649284983466159e-10,2.4186897852820448e-05
rates_6c688fb66a893df8,3.0,XI,1,local,-5.8434687813409415e-09,0.0017787142953940567
rates_6c688fb66a893df8,3.0,XX,2,correlated,0.05836820274378011,0.002722709985323695
rates_6c688fb66a893df8,3.0,XY,2,correlated,-2.371789300354168e-08,2.416836976425619e-05
rates_6c688fb66a893df8,3.0,XZ,2,correlated,-4.800243688629932e-09,1.7471015709338184e-05
rates_6c688fb66a893df8,3.0,YI,1,local,-3.5817870488250435e-09,1.7483669653368054e-05
rates_6c688fb66a893df8,3.0,YX,2,correlated,-3.2420357613728115e-09,2.4155136149569796e-05
rates_6c688fb66a893df8,3.0,YY,2,correlated,-1.1767591800566502e-08,1.3559932114147948e-08
rates_6c688fb66a893df8,3.0,YZ,2,correlated,2.4899292138042846e-08,1.7727368145884225e-08
rates_6c688fb66a893df8,3.0,ZI,1,local,7.766261013667097e-10,2.4189673264047162e-05
rates_6c688fb66a893df8,3.0,ZX,2,correlated,-4.022215489541499e-09,1.7480081884732124e-05
rates_6c688fb66a893df8,3.0,ZY,2,correlated,6.093319490793248e-09,1.7008355206515877e-08
rates_6c688fb66a893df8,3.0,ZZ,2,correlated,2.9772111119121e-16,1.7005735183320964e-08
rates_6c688fb66a893df8,4.0,IX,1,local,4.3222609984759076e-09,0.002225260107842665
rates_6c688fb66a893df8,4.0,IY,1,local,-4.823793977240863e-09,1.7864748062551577e-05
rates_6c688fb66a893df8,4.0,IZ,1,local,1.178677331046728e-09,2.379988533206194e-05
rates_6c688fb66a893df8,4.0,XI,1,local,6.181309293911374e-09,0.0022252876302142123
rates_6c688fb66a893df8,4.0,XX,2,correlated,0.07270084721631186,0.004292300246140488
rates_6c688fb66a893df8,4.0,XY,2,correlated,1.7293325764184015e-08,2.3790289713968515e-05
rates_6c688fb66a893df8,4.0,XZ,2,correlated,5.3403705049227164e-09,1.7871586664857226e-05
rates_6c688fb66a893df8,4.0,YI,1,local,1.1612231898667919e-09,1.7892504857568197e-05
rates_6c688fb66a893df8,4.0,YX,2,correlated,-3.3432524018764083e-09,2.3785718647642605e-05
rates_6c688fb66a893df8,4.0,YY,2,correlated,1.4307324424266645e-08,1.6444357987932044e-09
rates_6c688fb66a893df8,4.0,YZ,2,correlated,-1.1779901186623696e-08,1.2214219547129075e-08
rates_6c688fb66a893df8,4.0,ZI,1,local,-7.400521733241116e-10,2.3801056152631425e-05
rates_6c688fb66a893df8,4.0,ZX,2,correlated,6.556307220888942e-09,1.7847230202826508e-05
rates_6c688fb66a893df8,4.0,ZY,2,correlated,-3.781897065822048e-09,0.0
rates_6c688fb66a893df8,4.0,ZZ,2,correlated,4.924807570556148e-16,3.725558962242373e-09
rates_6d2ebea4f1e4f35a,0.01,IX,1,local,-4.179130153288724e-09,0.0004147713905560632
rates_6d2ebea4f1e4f35a,0.01,IY,1,local,-1.0775283745410512e-09,2.4527451450895212e-09
rates_6d2ebea4f1e4f35a,0.01,IZ,1,local,8.251256668097365e-11,4.493005923554142e-09
rates_6d2ebea4f1e4f35a,0.01,XI,1,local,-4.8325304861948984e-09,0.00041477578434221107
rates_6d2ebea4f1e4f35a,0.01,XX,2,correlated,0.013740399876120803,8.318543873979799e-05
rates_6d2ebea4f1e4f35a,0.01,XY,2,correlated,8.371308895139262e-09,1.951468180936262e-09
rates_6d2ebea4f1e4f35a,0.01,XZ,2,correlated,-3.6343127236151227e-10,2.725093785060059e-09
rates_6d2ebea4f1e4f35a,0.01,YI,1,local,3.1110746738876612e-09,3.2641451695166365e-09
rates_6d2ebea4f1e4f35a,0.01,YX,2,correlated,1.4386381218188748e-09,3.192739070410726e-09
rates_6d2ebea4f1e4f35a,0.01,YY,2,correlated,-7.652849414236544e-10,5.5352977643485464e-09
rates_6d2ebea4f1e4f35a,0.01,YZ,2,correlated,-3.6579975536696925e-09,5.9084327946189135e-09
rates_6d2ebea4f1e4f35a,0.01,ZI,1,local,4.3026951526421164e-11,4.9569635608577896e-09
rates_6d2ebea4f1e4f35a,0.01,ZX,2,correlated,-3.9056841328896837e-10,3.0378313120235645e-09
rates_6d2ebea4f1e4f35a,0.01,ZY,2,correlated,1.0004615853101677e-09,5.231127218300203e-09
rates_6d2ebea4f1e4f35a,0.01,ZZ,2,correlated,-5.958945811987915e-16,8.648585596271983e-09
rates_6d2ebea4f1e4f35a,1.0,IX,1,local,9.158623654017736e-09,0.0007271299543185306
rates_6d2ebea4f1e4f35a,1.0,IY,1,local,-2.1898063580886137e-09,1.423840863436351e-09
rates_6d2ebea4f1e4f35a,1.0,IZ,1,local,1.5094890018626106e-10,1.7735686184405641e-09
rates_6d2ebea4f1e4f35a,1.0,XI,1,local,4.156466253416153e-09,0.0007271239302231807
rates_6d2ebea4f1e4f35a,1.0,XX,2,correlated,0.028826514021572994,0.0005378731526316681
rates_6d2ebea4f1e4f35a,1.0,XY,2,correlated,-3.771632209058495e-09,2.9866333088365946e-09
rates_6d2ebea4f1e4f35a,1.0,XZ,2,correlated,-5.634289475020842e-10,1.698632485950885e-10
rates_6d2ebea4f1e4f35a,1.0,YI,1,local,-1.5569920838877656e-09,1.158785352034758e-09
rates_6d2ebea4f1e4f35a,1.0,YX,2,correlated,-1.0985072925840298e-10,3.754204741946831e-09
rates_6d2ebea4f1e4f35a,1.0,YY,2,correlated,-1.899173663976032e-09,3.4996397853990757e-10
rates_6d2ebea4f1e4f35a,1.0,YZ,2,correlated,2.413113985954494e-09,3.761134311131228e-11
rates_6d2ebea4f1e4f35a,1.0,ZI,1,local,-1.0518553296545085e-10,3.11679139514841e-09
rates_6d2ebea4f1e4f35a,1.0,ZX,2,correlated,-9.353899722575025e-10,2.4179957871031665e-09
rates_6d2ebea4f1e4f35a,1.0,ZY,2,correlated,1.639023952989583e-09,3.958242022634081e-10
rates_6d2ebea4f1e4f35a,1.0,ZZ,2,correlated,3.787374794715069e-18,7.807106953104659e-10
rates_6d2ebea4f1e4f35a,2.0,IX,1,local,3.763660960921359e-08,0.001023473203768139
rates_6d2ebea4f1e4f35a,2.0,IY,1,local,-2.5792522582363867e-09,6.829502222403068e-09
rates_6d2ebea4f1e4f35a,2.0,IZ,1,local,-7.662435883095593e-10,8.170022373892643e-09
rates_6d2ebea4f1e4f35a,2.0,XI,1,local,3.188567631638869e-08,0.001023467104183583
rates_6d2ebea4f1e4f35a,2.0,XX,2,correlated,0.043786027671502845,0.0014096034547778286
rates_6d2ebea4f1e4f35a,2.0,XY,2,correlated,-7.738276572383614e-09,1.1246114393930655e-08
rates_6d2ebea4f1e4f35a,2.0,XZ,2,correlated,-2.995424581326364e-09,5.198204513083322e-09
rates_6d2ebea4f1e4f35a,2.0,YI,1,local,-1.0483968524955417e-09,7.024647776665129e-09
rates_6d2ebea4f1e4f35a,2.0,YX,2,correlated,2.7545984391378144e-09,1.3856735075286255e-08
rates_6d2ebea4f1e4f35a,2.0,YY,2,correlated,-5.199425183844543e-09,1.3388733421711224e-09
rates_6d2ebea4f1e4f35a,2.0,YZ,2,correlated,6.6708031226770174e-09,8.981462798859006e-10
rates_6d2ebea4f1e4f35a,2.0,ZI,1,local,7.550569600897593e-10,1.172627861915744e-08
rates_6d2ebea4f1e4f35a,2.0,ZX,2,correlated,-1.6070019859306406e-09,9.438132540480829e-09
rates_6d2ebea4f1e4f35a,2.0,ZY,2,correlated,-1.377347897779267e-09,4.1337020373517774e-10
rates_6d2ebea4f1e4f35a,2.0,ZZ,2,correlated,-2.3095980891054793e-16,7.024320339797663e-10
rates_6d2ebea4f1e4f35a,3.0,IX,1,local,-7.725610243071246e-09,0.001299778492473433
rates_6d2ebea4f1e4f35a,3.0,IY,1,local,-5.8866537753824256e-09,5.3770145437136586e-09
rates_6d2ebea4f1e4f35a,3.0,IZ,1,local,-1.0493523286890566e-09,7.265867291533967e-09
rates_6d2ebea4f1e4f35a,3.0,XI,1,local,2.4748323544545045e-10,0.0012997704853035049
rates_6d2ebea4f1e4f35a,3.0,XX,2,correlated,0.058457194602385604,0.002652094461187119
rates_6d2ebea4f1e4f35a,3.0,XY,2,correlated,-1.95960203266933e-08,9.481997227347343e-09
rates_6d2ebea4f1e4f35a,3.0,XZ,2,correlated,6.648972935864116e-09,8.329649523188227e-09
rates_6d2ebea4f1e4f35a,3.0,YI,1,local,-3.535228122613996e-09,5.28822478523651e-09
rates_6d2ebea4f1e4f35a,3.0,YX,2,correlated,-3.8969482031623505e-09,1.3278248637877028e-08
rates_6d2ebea4f1e4f35a,3.0,YY,2,correlated,1.2009956817868619e-08,1.9405344793000442e-08
rates_6d2ebea4f1e4f35a,3.0,YZ,2,correlated,1.183079042883807e-08,1.537081786087897e-08
rates_6d2ebea4f1e4f35a,3.0,ZI,1,local,8.694148593788623e-10,1.148181737651471e-08
rates_6d2ebea4f1e4f35a,3.0,ZX,2,correlated,6.281994966651372e-09,9.33447610309765e-09
rates_6d2ebea4f1e4f35a,3.0,ZY,2,correlated,-3.249963355707122e-10,1.6969208206926597e-08
rates_6d2ebea4f1e4f35a,3.0,ZZ,2,correlated,2.4482054818568096e-16,1.3681309994628688e-08
rates_6d2ebea4f1e4f35a,4.0,IX,1,local,-3.07793279139731e-08,0.001559721509309366
rates_6d2ebea4f1e4f35a,4.0,IY,1,local,-7.79478001156018e-09,1.15311458279328e-08
rates_6d2ebea4f1e4f35a,4.0,IZ,1,local,-3.1187975263854622e-09,2.358982093847475e-08
rates_6d2ebea4f1e4f35a,4.0,XI,1,local,-2.521086824389415e-08,0.0015597060166941512
rates_6d2ebea4f1e4f35a,4.0,XX,2,correlated,0.0728305109487175,0.004226900541356573
rates_6d2ebea4f1e4f35a,4.0,XY,2,correlated,-1.2163214304393067e-08,4.9352609168438685e-09
rates_6d2ebea4f1e4f35a,4.0,XZ,2,correlated,-1.8168085494879597e-08,7.504172892401541e-09
rates_6d2ebea4f1e4f35a,4.0,YI,1,local,-1.2089265827995136e-08,1.2386137081964832e-08
rates_6d2ebea4f1e4f35a,4.0,YX,2,correlated,4.909237550626863e-09,5.963838070415471e-09
rates_6d2ebea4f1e4f35a,4.0,YY,2,correlated,-3.3809234799918503e-08,9.261447203438335e-09
rates_6d2ebea4f1e4f35a,4.0,YZ,2,correlated,1.6448131869009917e-08,7.074031156351658e-09
rates_6d2ebea4f1e4f35a,4.0,ZI,1,local,-7.191235552729836e-10,2.1374970624362062e-08
rates_6d2ebea4f1e4f35a,4.0,ZX,2,correlated,-1.872018159699561e-08,6.996664423178367e-09
rates_6d2ebea4f1e4f35a,4.0,ZY,2,correlated,5.27880754354281e-09,8.797351648085854e-09
rates_6d2ebea4f1e4f35a,4.0,ZZ,2,correlated,4.952176220570586e-15,1.2384701308324614e-08
rates_6f4d35c55359373b,0.01,IX,1,local,-2.6729420196634537e-09,0.00033166873959659834
rates_6f4d35c55359373b,0.01,IY,1,local,-2.6815349147893874e-09,9.825143342988095e-05
rates_6f4d35c55359373b,0.01,IZ,1,local,-1.147435276346849e-11,0.00022676682308758595
rates_6f4d35c55359373b,0.01,XI,1,local,-3.915746259443029e-09,0.00033165646488110437
rates_6f4d35c55359373b,0.01,XX,2,correlated,0.013728627968835578,0.0001637162019246759
rates_6f4d35c55359373b,0.01,XY,2,correlated,-2.960146571826723e-09,0.00022674382709072483
rates_6f4d35c55359373b,0.01,XZ,2,correlated,1.2785625388225327e-09,9.823129473994908e-05
rates_6f4d35c55359373b,0.01,YI,1,local,2.763680518737563e-09,9.823933771775809e-05
rates_6f4d35c55359373b,0.01,YX,2,correlated,8.588945423173568e-10,0.00022674398864133943
rates_6f4d35c55359373b,0.01,YY,2,correlated,2.5443767394919264e-09,0.0
rates_6f4d35c55359373b,0.01,YZ,2,correlated,-1.0429718698553847e-09,0.0
rates_6f4d35c55359373b,0.01,ZI,1,local,-1.7335832378145794e-11,0.00022676664927260315
rates_6f4d35c55359373b,0.01,ZX,2,correlated,1.256928898318225e-09,9.824340271489163e-05
rates_6f4d35c55359373b,0.01,ZY,2,correlated,1.2592191161592709e-09,0.0
rates_6f4d35c55359373b,0.01,ZZ,2,correlated,2.0138379060445416e-17,1.9864959252891066e-08
rates_6f4d35c55359373b,1.0,IX,1,local,6.154177074492917e-09,0.000856157584810049
rates_6f4d35c55359373b,1.0,IY,1,local,-7.748037723810325e-10,0.000128234905017395
rates_6f4d35c55359373b,1.0,IZ,1,local,1.979538881793379e-10,0.00019677890983814145
rates_6f4d35c55359373b,1.0,XI,1,local,1.0120493681494903e-08,0.000856162221567004
rates_6f4d35c55359373b,1.0,XX,2,correlated,0.028798235170537104,0.0006155850483838066
rates_6f4d35c55359373b,1.0,XY,2,correlated,4.932215314551472e-09,0.00019675876355367797
rates_6f4d35c55359373b,1.0,XZ,2,correlated,-1.3140033895714938e-09,0.00012822292335101286
rates_6f4d35c55359373b,1.0,YI,1,local,4.5866351046989134e-10,0.00012823910109613465
rates_6f4d35c55359373b,1.0,YX,2,correlated,-2.2161209079422684e-09,0.00019675980145626487
rates_6f4d35c55359373b,1.0,YY,2,correlated,-2.2082756300302925e-09,1.201150441669475e-09
rates_6f4d35c55359373b,1.0,YZ,2,correlated,-4.754210586525049e-09,0.0
rates_6f4d35c55359373b,1.0,ZI,1,local,-1.4596330918582806e-10,0.0001967791896515638
rates_6f4d35c55359373b,1.0,ZX,2,correlated,-1.2111696525624756e-09,0.00012821740955549287
rates_6f4d35c55359373b,1.0,ZY,2,correlated,4.231647548843408e-10,0.0
rates_6f4d35c55359373b,1.0,ZZ,2,correlated,1.9493656975362988e-16,1.2293571274250154e-08
rates_6f4d35c55359373b,2.0,IX,1,local,4.709109252141192e-08,0.0013570059771052354
rates_6f4d35c55359373b,2.0,IY,1,local,-3.209279760784377e-09,0.00013634113387544272
rates_6f4d35c55359373b,2.0,IZ,1,local,9.087940635451308e-10,0.0001886613614405551
rates_6f4d35c55359373b,2.0,XI,1,local,3.351581308082833e-08,0.0013570436270858447
rates_6f4d35c55359373b,2.0,XX,2,correlated,0.04373137894291055,0.001484213570274021
rates_6f4d35c55359373b,2.0,XY,2,correlated,1.2349172778421831e-08,0.00018863136029694045
rates_6f4d35c55359373b,2.0,XZ,2,correlated,7.177311142506294e-09,0.00013635821084555483
rates_6f4d35c55359373b,2.0,YI,1,local,2.1505053777117756e-09,0.00013637477129278903
rates_6f4d35c55359373b,2.0,YX,2,correlated,-1.2517830893478077e-08,0.00018863500983652974
rates_6f4d35c55359373b,2.0,YY,2,correlated,1.4248099850843995e-08,0.0
rates_6f4d35c55359373b,2.0,YZ,2,correlated,5.064591477150268e-10,1.0320299165948765e-08
rates_6f4d35c55359373b,2.0,ZI,1,local,2.0756326348352686e-10,0.0001886615835367623
rates_6f4d35c55359373b,2.0,ZX,2,correlated,9.340426509944122e-09,0.0001363207017920993
rates_6f4d35c55359373b,2.0,ZY,2,correlated,7.182038623087885e-09,0.0
rates_6f4d35c55359373b,2.0,ZZ,2,correlated,-4.16130032776523e-16,1.3480324642135832e-08
rates_6f4d35c55359373b,3.0,IX,1,local,4.94429814709205e-09,0.0018287108584780383
rates_6f4d35c55359373b,3.0,IY,1,local,-4.8976602570059976e-09,0.00014041621650495617
rates_6f4d35c55359373b,3.0,IZ,1,local,2.803964810437822e-10,0.00018460892035316527
rates_6f4d35c55359373b,3.0,XI,1,local,3.2614115972422926e-09,0.001828707488049822
rates_6f4d35c55359373b,3.0,XX,2,correlated,0.058368193601578286,0.0027227251990151616
rates_6f4d35c55359373b,3.0,XY,2,correlated,-3.2224943130400084e-09,0.00018458086610326614
rates_6f4d35c55359373b,3.0,XZ,2,correlated,3.7711553234397486e-09,0.00014039221275261986
rates_6f4d35c55359373b,3.0,YI,1,local,-5.863480634289852e-09,0.00014041305193319712
rates_6f4d35c55359373b,3.0,YX,2,correlated,-1.5278592963870712e-09,0.00018458248970981955
rates_6f4d35c55359373b,3.0,YY,2,correlated,7.421583566265643e-09,5.3527829939770816e-09
rates_6f4d35c55359373b,3.0,YZ,2,correlated,2.1450927984887657e-10,0.0
rates_6f4d35c55359373b,3.0,ZI,1,local,-1.2004536368002242e-10,0.0001846082252939069
rates_6f4d35c55359373b,3.0,ZX,2,correlated,3.398681768136253e-09,0.0001403944487768865
rates_6f4d35c55359373b,3.0,ZY,2,correlated,-1.8888249194822657e-10,0.0
rates_6f4d35c55359373b,3.0,ZZ,2,correlated,2.773851026706678e-16,0.0
rates_6f4d35c55359373b,4.0,IX,1,local,4.386871924226993e-09,0.002275266051322642
rates_6f4d35c55359373b,4.0,IY,1,local,1.104251524740225e-09,0.00014297537673646035
rates_6f4d35c55359373b,4.0,IZ,1,local,-7.050127727912699e-10,0.0001820623831017837
rates_6f4d35c55359373b,4.0,XI,1,local,-3.001405301475501e-09,0.002275258866470856
rates_6f4d35c55359373b,4.0,XX,2,correlated,0.07270089951005897,0.004292305431371993
rates_6f4d35c55359373b,4.0,XY,2,correlated,2.479419357838655e-09,0.00018203519423232585
rates_6f4d35c55359373b,4.0,XZ,2,correlated,-1.5183901839502258e-09,0.0001429242636993329
rates_6f4d35c55359373b,4.0,YI,1,local,-4.85441324447182e-09,0.0001429705758027786
rates_6f4d35c55359373b,4.0,YX,2,correlated,1.0535198766233957e-08,0.00018203445053641696
rates_6f4d35c55359373b,4.0,YY,2,correlated,1.8668319154478486e-09,5.392969841919615e-09
rates_6f4d35c55359373b,4.0,YZ,2,correlated,-5.0924695030687285e-09,0.0
rates_6f4d35c55359373b,4.0,ZI,1,local,-7.495300662833708e-10,0.00018205883672558066
rates_6f4d35c55359373b,4.0,ZX,2,correlated,-1.5346088431187734e-09,0.00014293335470640269
rates_6f4d35c55359373b,4.0,ZY,2,correlated,-1.1072798956102468e-08,0.0
rates_6f4d35c55359373b,4.0,ZZ,2,correlated,-5.606789507157467e-16,2.953717695777791e-09
rates_70251d48c79bc447,0.01,IX,1,local,-1.0726295909304268e-08,0.0001709009013726165
rates_70251d48c79bc447,0.01,IY,1,local,-8.921870256522521e-11,3.4154833922484505e-09
rates_70251d48c79bc447,0.01,IZ,1,local,-5.513084907177458e-12,2.967176647605497e-09
rates_70251d48c79bc447,0.01,XI,1,local,-7.229960933752379e-09,0.00017088831505647527
rates_70251d48c79bc447,0.01,XX,2,correlated,0.013732600166141933,8.304374466877258e-05
rates_70251d48c79bc447,0.01,XY,2,correlated,-3.0423978592882373e-09,3.5108749579861143e-09
rates_70251d48c79bc447,0.01,XZ,2,correlated,-7.641750597892185e-12,1.1542253156815104e-09
rates_70251d48c79bc447,0.01,YI,1,local,-7.852710002400503e-10,1.510295993829863e-09
rates_70251d48c79bc447,0.01,YX,2,correlated,4.9043928952560935e-09,4.051564067545526e-09
rates_70251d48c79bc447,0.01,YY,2,correlated,1.566702802167834e-11,4.206965771975184e-09
rates_70251d48c79bc447,0.01,YZ,2,correlated,7.650259568351808e-10,2.4874289548486553e-09
rates_70251d48c79bc447,0.01,ZI,1,local,6.20996509039319e-11,5.4150465645637695e-09
rates_70251d48c79bc447,0.01,ZX,2,correlated,1.7694221419353325e-11,4.2056476139097285e-09
rates_70251d48c79bc447,0.01,ZY,2,correlated,-1.0291193290623916e-09,5.166441584154395e-09
rates_70251d48c79bc447,0.01,ZZ,2,correlated,-1.4686910735592027e-16,4.53301255264201e-09
rates_70251d48c79bc447,1.0,IX,1,local,2.3046604142063786e-09,0.0004879337089124383
rates_70251d48c79bc447,1.0,IY,1,local,1.0216328628301137e-09,2.922857991933831e-09
rates_70251d48c79bc447,1.0,IZ,1,local,3.097132686438767e-11,4.148037075778408e-09
rates_70251d48c79bc447,1.0,XI,1,local,5.3738750246782906e-09,0.00048793372727311285
rates_70251d48c79bc447,1.0,XX,2,correlated,0.028818488956883277,0.0005375332932023422
rates_70251d48c79bc447,1.0,XY,2,correlated,-2.1151159541440305e-09,2.6597231791801847e-09
rates_70251d48c79bc447,1.0,XZ,2,correlated,1.1642620679465138e-09,3.966706086730855e-09
rates_70251d48c79bc447,1.0,YI,1,local,-1.5544910483721975e-09,3.1738895297197535e-09
rates_70251d48c79bc447,1.0,YX,2,correlated,2.0890609795573732e-09,2.3863597579660938e-09
rates_70251d48c79bc447,1.0,YY,2,correlated,1.6833166513804984e-09,4.168217148804441e-09
rates_70251d48c79bc447,1.0,YZ,2,correlated,5.396349847358905e-09,5.821129222560182e-09
rates_70251d48c79bc447,1.0,ZI,1,local,1.0365971560598641e-10,3.921742731947146e-09
rates_70251d48c79bc447,1.0,ZX,2,correlated,9.110692881699011e-10,3.4026813728314266e-09
rates_70251d48c79bc447,1.0,ZY,2,correlated,9.310498684263012e-10,5.85137313553535e-09
rates_70251d48c79bc447,1.0,ZZ,2,correlated,-2.7360147878930423e-16,7.263882663009931e-09
rates_70251d48c79bc447,2.0,IX,1,local,3.7259715947438885e-08,0.0007888704387577975
rates_70251d48c79bc447,2.0,IY,1,local,4.017953947686465e-09,7.948186274025798e-09
rates_70251d48c79bc447,2.0,IZ,1,local,2.410304630314721e-10,1.6609835037711907e-08
rates_70251d48c79bc447,2.0,XI,1,local,4.936060828960992e-08,0.0007888864107556482
rates_70251d48c79bc447,2.0,XX,2,correlated,0.04377757111803413,0.0014090690673662554
rates_70251d48c79bc447,2.0,XY,2,correlated,7.588070757885629e-09,1.666161496044396e-08
rates_70251d48c79bc447,2.0,XZ,2,correlated,1.7761245343909807e-11,1.360434532165838e-08
rates_70251d48c79bc447,2.0,YI,1,local,9.139201261366038e-10,8.016313605007354e-09
rates_70251d48c79bc447,2.0,YX,2,correlated,1.9374934242833836e-09,1.059440506796707e-08
rates_70251d48c79bc447,2.0,YY,2,correlated,2.519439303682989e-11,1.6202360850550691e-10
rates_70251d48c79bc447,2.0,YZ,2,correlated,-2.361390821840918e-09,9.445796541316697e-10
rates_70251d48c79bc447,2.0,ZI,1,local,6.964770667788251e-10,9.491188250815905e-09
rates_70251d48c79bc447,2.0,ZX,2,correlated,3.110155900624954e-10,5.424721276022816e-09
rates_70251d48c79bc447,2.0,ZY,2,correlated,-4.735419815305659e-09,3.2159919768470074e-10
rates_70251d48c79bc447,2.0,ZZ,2,correlated,8.731820106437842e-16,4.0005915464061403e-10
rates_70251d48c79bc447,3.0,IX,1,local,-1.2727305522088677e-09,0.001069614665359454
rates_70251d48c79bc447,3.0,IY,1,local,-4.496851006392331e-09,1.3422889508907633e-08
rates_70251d48c79bc447,3.0,IZ,1,local,4.2410230481899556e-11,9.198699439128088e-09
rates_70251d48c79bc447,3.0,XI,1,local,4.0544562011802705e-08,0.001069692441195687
rates_70251d48c79bc447,3.0,XX,2,correlated,0.058448112877351056,0.0026513981280310663
rates_70251d48c79bc447,3.0,XY,2,correlated,6.3421930440759485e-09,2.0664767279190803e-08
rates_70251d48c79bc447,3.0,XZ,2,correlated,4.792588163279429e-09,2.9242697557592487e-08
rates_70251d48c79bc447,3.0,YI,1,local,-3.0622493465120055e-08,2.514935089064121e-08
rates_70251d48c79bc447,3.0,YX,2,correlated,-3.5763063305124506e-08,2.050923279947256e-08
rates_70251d48c79bc447,3.0,YY,2,correlated,1.3500376987112345e-08,1.8882098379463628e-08
rates_70251d48c79bc447,3.0,YZ,2,correlated,1.0602151994909546e-11,2.0337931796860096e-08
rates_70251d48c79bc447,3.0,ZI,1,local,-3.5856894831948995e-09,1.0667723651421897e-08
rates_70251d48c79bc447,3.0,ZX,2,correlated,4.4564413294205094e-09,8.778606628298893e-09
rates_70251d48c79bc447,3.0,ZY,2,correlated,4.533968080795219e-09,8.623983931418829e-09
rates_70251d48c79bc447,3.0,ZZ,2,correlated,6.766963320346672e-16,8.095693009198268e-09
rates_70251d48c79bc447,4.0,IX,1,local,-6.498377328736042e-09,0.0013339675872326162
rates_70251d48c79bc447,4.0,IY,1,local,3.6097480821841266e-09,5.666546427072518e-09
rates_70251d48c79bc447,4.0,IZ,1,local,-1.6175849410984528e-09,4.552710758407338e-09
rates_70251d48c79bc447,4.0,XI,1,local,2.6974702427998873e-09,0.0013339605502212088
rates_70251d48c79bc447,4.0,XX,2,correlated,0.07282052573742744,0.004226035689840868
rates_70251d48c79bc447,4.0,XY,2,correlated,-9.453086773648074e-09,5.5657040795792714e-09
rates_70251d48c79bc447,4.0,XZ,2,correlated,2.8219049204506427e-10,3.085340020546768e-09
rates_70251d48c79bc447,4.0,YI,1,local,1.7165797586933676e-09,6.545514420915315e-09
rates_70251d48c79bc447,4.0,YX,2,correlated,4.3700429895610105e-09,3.0662610678603916e-09
rates_70251d48c79bc447,4.0,YY,2,correlated,2.1563278527172563e-09,1.3980290082107511e-08
rates_70251d48c79bc447,4.0,YZ,2,correlated,5.890068424205762e-09,6.317142697155121e-09
rates_70251d48c79bc447,4.0,ZI,1,local,1.3823823278959114e-09,6.2141965005357145e-09
rates_70251d48c79bc447,4.0,ZX,2,correlated,2.4080243966111584e-09,2.4967186311019435e-09
rates_70251d48c79bc447,4.0,ZY,2,correlated,-5.25431765165242e-09,7.840265044033295e-09
rates_70251d48c79bc447,4.0,ZZ,2,correlated,7.588738324124334e-17,1.1700690029283617e-08
rates_7283b228c09abbcb,0.01,IX,1,local,-9.014333959039476e-10,5.9973929743028704e-05
rates_7283b228c09abbcb,0.01,IY,1,local,4.599572995398083e-09,2.014386934603056e-09
rates_7283b228c09abbcb,0.01,IZ,1,local,-9.26597703723571e-12,2.478207105242617e-09
rates_7283b228c09abbcb,0.01,XI,1,local,-5.750812206368293e-09,5.997171704631684e-05
rates_7283b228c09abbcb,0.01,XX,2,correlated,0.013736789238169168,2.382847178729613e-06
rates_7283b228c09abbcb,0.01,XY,2,correlated,-1.741786819161499e-09,4.457403101680936e-09
rates_7283b228c09abbcb,0.01,XZ,2,correlated,-1.7976886043286459e-09,2.0048041848635705e-09
rates_7283b228c09abbcb,0.01,YI,1,local,-8.599115536275106e-11,2.5204308967882616e-09
rates_7283b228c09abbcb,0.01,YX,2,correlated,3.665353676914303e-09,3.442685782843502e-09
rates_7283b228c09abbcb,0.01,YY,2,correlated,-3.811210581619316e-09,4.6139155065648324e-09
rates_7283b228c09abbcb,0.01,YZ,2,correlated,-1.014829336513181e-09,2.6957229913134252e-09
rates_7283b228c09abbcb,0.01,ZI,1,local,1.3512532420043294e-10,2.4683907325293853e-09
rates_7283b228c09abbcb,0.01,ZX,2,correlated,-1.902926413529346e-09,2.0728728623644623e-09
rates_7283b228c09abbcb,0.01,ZY,2,correlated,-5.381032890619856e-09,3.2122464424964876e-09
rates_7283b228c09abbcb,0.01,ZZ,2,correlated,2.6700504001365136e-15,3.3467925419553403e-09
rates_7283b228c09abbcb,1.0,IX,1,local,1.1018229105129519e-08,0.00016870811915738703
rates_7283b228c09abbcb,1.0,IY,1,local,-1.2559368954050083e-09,4.023223888017851e-09
rates_7283b228c09abbcb,1.0,IZ,1,local,2.391534758461816e-10,4.709075820555556e-09
rates_7283b228c09abbcb,1.0,XI,1,local,1.5141457156338184e-08,0.00016870314847120603
rates_7283b228c09abbcb,1.0,XX,2,correlated,0.028839147892071423,0.0004600386557405635
rates_7283b228c09abbcb,1.0,XY,2,correlated,-1.243425367399461e-09,5.815765370677207e-09
rates_7283b228c09abbcb,1.0,XZ,2,correlated,1.8450372586161073e-09,2.494859153011911e-09
rates_7283b228c09abbcb,1.0,YI,1,local,2.259211026157277e-09,9.40087002879882e-10
rates_7283b228c09abbcb,1.0,YX,2,correlated,-2.33438072574681e-09,5.422577919119722e-09
rates_7283b228c09abbcb,1.0,YY,2,correlated,2.862570727454103e-09,5.073673310892407e-10
rates_7283b228c09abbcb,1.0,YZ,2,correlated,1.2249917289451837e-10,9.96668238926988e-10
rates_7283b228c09abbcb,1.0,ZI,1,local,-1.443250661614692e-11,5.127731028235563e-09
rates_7283b228c09abbcb,1.0,ZX,2,correlated,1.6948965298521998e-09,2.807706158850865e-09
rates_7283b228c09abbcb,1.0,ZY,2,correlated,3.7974781314079645e-09,1.0978165763154246e-09
rates_7283b228c09abbcb,1.0,ZZ,2,correlated,-1.8627766009604876e-16,9.613383883432317e-10
rates_7283b228c09abbcb,2.0,IX,1,local,4.422148957106115e-08,0.00026825308965276837
rates_7283b228c09abbcb,2.0,IY,1,local,2.1303588909435065e-09,8.700942536344486e-09
rates_7283b228c09abbcb,2.0,IZ,1,local,-4.2436235053773925e-10,7.620137059979252e-09
rates_7283b228c09abbcb,2.0,XI,1,local,3.315936011163108e-08,0.00026824107748646983
rates_7283b228c09abbcb,2.0,XX,2,correlated,0.043824381855473694,0.001335517904404704
rates_7283b228c09abbcb,2.0,XY,2,correlated,-1.545126512365717e-09,8.503147633465115e-09
rates_7283b228c09abbcb,2.0,XZ,2,correlated,-2.1756803617675026e-09,6.193755375767727e-09
rates_7283b228c09abbcb,2.0,YI,1,local,7.533511704142871e-09,9.342376112906121e-09
rates_7283b228c09abbcb,2.0,YX,2,correlated,6.989009860603509e-09,1.2129548778984324e-08
rates_7283b228c09abbcb,2.0,YY,2,correlated,-4.274006069734077e-09,7.215767834164762e-10
rates_7283b228c09abbcb,2.0,YZ,2,correlated,-7.686923873636137e-10,2.9970769725665207e-10
rates_7283b228c09abbcb,2.0,ZI,1,local,3.1402691893402783e-10,1.4085070215015185e-08
rates_7283b228c09abbcb,2.0,ZX,2,correlated,-2.03423352553034e-09,1.5055012667455122e-08
rates_7283b228c09abbcb,2.0,ZY,2,correlated,-3.467576522445683e-09,5.812800052674583e-10
rates_7283b228c09abbcb,2.0,ZZ,2,correlated,4.494406281303746e-16,7.17897465324184e-10
rates_7283b228c09abbcb,3.0,IX,1,local,1.2145521845148672e-08,0.00035616934699601513
rates_7283b228c09abbcb,3.0,IY,1,local,5.378500542831828e-09,6.385780218171267e-09
rates_7283b228c09abbcb,3.0,IZ,1,local,2.652088950103751e-10,6.792428894711431e-09
rates_7283b228c09abbcb,3.0,XI,1,local,4.672717174220088e-09,0.00035617456167734776
rates_7283b228c09abbcb,3.0,XX,2,correlated,0.058528800602147206,0.0025831222961257903
rates_7283b228c09abbcb,3.0,XY,2,correlated,8.364880332971916e-10,4.958505842196908e-09
rates_7283b228c09abbcb,3.0,XZ,2,correlated,-1.7127742810415861e-09,7.14943803351519e-09
rates_7283b228c09abbcb,3.0,YI,1,local,1.6303964692421874e-09,7.678319128226103e-09
rates_7283b228c09abbcb,3.0,YX,2,correlated,6.8260724528177884e-09,3.3322355146459676e-09
rates_7283b228c09abbcb,3.0,YY,2,correlated,-4.613028787514012e-09,1.4935680769692502e-08
rates_7283b228c09abbcb,3.0,YZ,2,correlated,-1.875618463187833e-09,1.0377663606734242e-08
rates_7283b228c09abbcb,3.0,ZI,1,local,1.2363361297931217e-09,5.782656609591327e-09
rates_7283b228c09abbcb,3.0,ZX,2,correlated,-1.0270239447308232e-09,6.529160378370216e-09
rates_7283b228c09abbcb,3.0,ZY,2,correlated,-1.0400639196037144e-08,1.0418388475715024e-08
rates_7283b228c09abbcb,3.0,ZZ,2,correlated,1.8817027423290606e-15,1.3096691862946042e-08
rates_7283b228c09abbcb,4.0,IX,1,local,-7.551256086463743e-09,0.00043590253704923733
rates_7283b228c09abbcb,4.0,IY,1,local,-2.3901571651613765e-10,6.8568544390623534e-09
rates_7283b228c09abbcb,4.0,IZ,1,local,4.271805058402548e-10,6.215543282977817e-09
rates_7283b228c09abbcb,4.0,XI,1,local,-5.254261059378518e-09,0.0004359054242295872
rates_7283b228c09abbcb,4.0,XX,2,correlated,0.07294130859580919,0.004164478679593967
rates_7283b228c09abbcb,4.0,XY,2,correlated,-4.770316569701023e-09,5.896868670229524e-09
rates_7283b228c09abbcb,4.0,XZ,2,correlated,-4.3302668373405115e-09,4.3535727418074485e-09
rates_7283b228c09abbcb,4.0,YI,1,local,7.636895688541867e-09,6.927709969610381e-09
rates_7283b228c09abbcb,4.0,YX,2,correlated,-5.020749316629319e-09,5.702969553089514e-09
rates_7283b228c09abbcb,4.0,YY,2,correlated,-1.0257990404043555e-08,1.2787231005259654e-08
rates_7283b228c09abbcb,4.0,YZ,2,correlated,3.2969512895668097e-09,8.302193956693797e-09
rates_7283b228c09abbcb,4.0,ZI,1,local,2.6210246711581983e-10,6.437176084264366e-09
rates_7283b228c09abbcb,4.0,ZX,2,correlated,-3.834760310875386e-09,3.2945615753739166e-09
rates_7283b228c09abbcb,4.0,ZY,2,correlated,2.3770541164939233e-09,8.069706851094455e-09
rates_7283b228c09abbcb,4.0,ZZ,2,correlated,1.7985648349266544e-17,1.144928123272479e-08
rates_7affb8fbc133d6bd,0.01,IX,1,local,-1.4340942300269943e-08,0.0002928409262542508
rates_7affb8fbc133d6bd,0.01,IY,1,local,-5.19099283792198e-10,2.4095028126621765e-09
rates_7affb8fbc133d6bd,0.01,IZ,1,local,5.066267529554562e-12,4.5113521979047537e-10
rates_7affb8fbc133d6bd,0.01,XI,1,local,-6.121194202749684e-09,0.0002928376421450634
rates_7affb8fbc133d6bd,0.01,XX,2,correlated,0.013736501793110818,8.31274699352219e-05
rates_7affb8fbc133d6bd,0.01,XY,2,correlated,1.7421386811199345e-10,1.6637348665708959e-09
rates_7affb8fbc133d6bd,0.01,XZ,2,correlated,-9.955756649767626e-10,1.5260196808650195e-09
rates_7affb8fbc133d6bd,0.01,YI,1,local,-2.597336456487571e-10,2.63447758865206e-09
rates_7affb8fbc133d6bd,0.01,YX,2,correlated,1.3567638243982877e-09,6.4997881631389e-09
rates_7affb8fbc133d6bd,0.01,YY,2,correlated,-1.7536117110705238e-09,6.036381026726972e-10
rates_7affb8fbc133d6bd,0.01,YZ,2,correlated,-1.9227947316538735e-09,4.3081975091443363e-10
rates_7affb8fbc133d6bd,0.01,ZI,1,local,-4.3206314057641865e-11,5.4815789859269005e-09
rates_7affb8fbc133d6bd,0.01,ZX,2,correlated,-8.567141398212803e-10,3.116353268999396e-09
rates_7affb8fbc133d6bd,0.01,ZY,2,correlated,-1.4278049387460033e-09,3.1051908156683075e-10
rates_7affb8fbc133d6bd,0.01,ZZ,2,correlated,5.841941458499042e-17,1.7389402092761463e-11
rates_7affb8fbc133d6bd,1.0,IX,1,local,1.1984215275226563e-08,0.0006075317971094485
rates_7affb8fbc133d6bd,1.0,IY,1,local,5.5924141048085665e-09,2.294636617103721e-09
rates_7affb8fbc133d6bd,1.0,IZ,1,local,-5.339291921419172e-11,5.067977446442032e-09
rates_7affb8fbc133d6bd,1.0,XI,1,local,-2.815076609509806e-09,0.0006075299554303068
rates_7affb8fbc133d6bd,1.0,XX,2,correlated,0.028822497415873796,0.0005376956586431019
rates_7affb8fbc133d6bd,1.0,XY,2,correlated,2.2657993096440532e-09,1.5189909892857436e-09
rates_7affb8fbc133d6bd,1.0,XZ,2,correlated,-1.1958066766099116e-09,2.209684406908756e-09
rates_7affb8fbc133d6bd,1.0,YI,1,local,2.007726193662836e-09,2.7438575817791473e-09
rates_7affb8fbc133d6bd,1.0,YX,2,correlated,6.1830249344266875e-09,2.7218052199822883e-09
rates_7affb8fbc133d6bd,1.0,YY,2,correlated,-2.80748677929969e-09,2.1615895941325656e-09
rates_7affb8fbc133d6bd,1.0,YZ,2,correlated,1.5660780313161574e-09,2.8690219503082032e-09
rates_7affb8fbc133d6bd,1.0,ZI,1,local,1.4621869534703914e-10,6.496746804147019e-09
rates_7affb8fbc133d6bd,1.0,ZX,2,correlated,-1.5811313342614881e-09,3.621470590260429e-09
rates_7affb8fbc133d6bd,1.0,ZY,2,correlated,-1.3804385549408182e-09,3.2191012557223194e-09
rates_7affb8fbc133d6bd,1.0,ZZ,2,correlated,-1.327767370333719e-16,5.250145056223156e-09
rates_7affb8fbc133d6bd,2.0,IX,1,local,4.4403765182925725e-08,0.0009061773848736278
rates_7affb8fbc133d6bd,2.0,IY,1,local,5.080894410942772e-09,5.231835121084988e-09
rates_7affb8fbc133d6bd,2.0,IZ,1,local,-2.3470283428890146e-10,8.104368803805192e-09
rates_7affb8fbc133d6bd,2.0,XI,1,local,2.8883283343271413e-08,0.0009061750971358673
rates_7affb8fbc133d6bd,2.0,XX,2,correlated,0.043781798867039305,0.0014093342944237195
rates_7affb8fbc133d6bd,2.0,XY,2,correlated,-1.3352041391805681e-09,5.913913108545775e-09
rates_7affb8fbc133d6bd,2.0,XZ,2,correlated,7.693476361755208e-10,7.636648859893976e-09
rates_7affb8fbc133d6bd,2.0,YI,1,local,2.945046325642513e-09,7.4365418324920914e-09
rates_7affb8fbc133d6bd,2.0,YX,2,correlated,5.001114652255275e-09,1.571152022220891e-08
rates_7affb8fbc133d6bd,2.0,YY,2,correlated,4.965961744996819e-10,3.0811873126708425e-10
rates_7affb8fbc133d6bd,2.0,YZ,2,correlated,2.7363717784013277e-09,1.5123430173834007e-10
rates_7affb8fbc133d6bd,2.0,ZI,1,local,5.920656656990335e-11,1.7135262556226772e-08
rates_7affb8fbc133d6bd,2.0,ZX,2,correlated,-3.0784936975356037e-10,1.0516879297441627e-08
rates_7affb8fbc133d6bd,2.0,ZY,2,correlated,-1.8507301566635947e-09,1.939497693307854e-10
rates_7affb8fbc133d6bd,2.0,ZZ,2,correlated,6.295225835886035e-17,3.7396774305725744e-10
rates_7affb8fbc133d6bd,3.0,IX,1,local,2.5262775830217438e-08,0.0011847201716162934
rates_7affb8fbc133d6bd,3.0,IY,1,local,-6.824999201908292e-09,4.198535065783309e-09
rates_7affb8fbc133d6bd,3.0,IZ,1,local,-6.420359834423531e-10,5.24068336834543e-09
rates_7affb8fbc133d6bd,3.0,XI,1,local,-4.363811800672538e-09,0.0011847163566926604
rates_7affb8fbc133d6bd,3.0,XX,2,correlated,0.05845264209453787,0.0026517624063649927
rates_7affb8fbc133d6bd,3.0,XY,2,correlated,-1.0923553940549693e-08,1.1547907671148301e-08
rates_7affb8fbc133d6bd,3.0,XZ,2,correlated,-1.8588330809103252e-09,7.98383824521362e-09
rates_7affb8fbc133d6bd,3.0,YI,1,local,-6.667573787935423e-09,1.2871173715502279e-08
rates_7affb8fbc133d6bd,3.0,YX,2,correlated,-1.155080436981717e-08,6.365463694557941e-09
rates_7affb8fbc133d6bd,3.0,YY,2,correlated,-3.1649105470903746e-09,1.7701478613094644e-08
rates_7affb8fbc133d6bd,3.0,YZ,2,correlated,2.188972183587824e-09,1.1182873799808901e-08
rates_7affb8fbc133d6bd,3.0,ZI,1,local,-1.1650466701382476e-09,3.57135239090562e-09
rates_7affb8fbc133d6bd,3.0,ZX,2,correlated,-2.3927709740191087e-09,1.433390713111507e-08
rates_7affb8fbc133d6bd,3.0,ZY,2,correlated,2.9188101814451624e-09,1.1498518269626123e-08
rates_7affb8fbc133d6bd,3.0,ZZ,2,correlated,3.2818439259701015e-15,1.2138493801685385e-08
rates_7affb8fbc133d6bd,4.0,IX,1,local,6.718843530505326e-09,0.001446840457720149
rates_7affb8fbc133d6bd,4.0,IY,1,local,1.7414897396682688e-09,4.18080347505147e-09
rates_7affb8fbc133d6bd,4.0,IZ,1,local,1.2081404620457571e-10,7.568416436883488e-09
rates_7affb8fbc133d6bd,4.0,XI,1,local,6.32509816948976e-09,0.0014468502736953725
rates_7affb8fbc133d6bd,4.0,XX,2,correlated,0.07282549780542656,0.004226475031335468
rates_7affb8fbc133d6bd,4.0,XY,2,correlated,-9.6894816244023e-10,6.008475733230642e-09
rates_7affb8fbc133d6bd,4.0,XZ,2,correlated,-5.395319357520218e-10,4.295718437083776e-09
rates_7affb8fbc133d6bd,4.0,YI,1,local,-2.6313832423388023e-09,8.557420935649655e-09
rates_7affb8fbc133d6bd,4.0,YX,2,correlated,-1.6926665199688102e-09,4.555483748363252e-09
rates_7affb8fbc133d6bd,4.0,YY,2,correlated,-2.6604604725867397e-09,9.258442297156697e-09
rates_7affb8fbc133d6bd,4.0,YZ,2,correlated,5.170633888227449e-09,9.232290237291515e-09
rates_7affb8fbc133d6bd,4.0,ZI,1,local,9.626298545715724e-10,8.12123779839472e-09
rates_7affb8fbc133d6bd,4.0,ZX,2,correlated,-1.4060979468330354e-11,2.4175700174405845e-09
rates_7affb8fbc133d6bd,4.0,ZY,2,correlated,5.328356178493987e-10,7.166785365829663e-09
rates_7affb8fbc133d6bd,4.0,ZZ,2,correlated,2.3239917119165133e-18,1.0275512207173071e-08
rates_7b7e6184da369793,0.01,IX,1,local,-6.180198846434114e-09,0.0010433554792355316
rates_7b7e6184da369793,0.01,IY,1,local,4.201831250939621e-10,0.00019625582611374826
rates_7b7e6184da369793,0.01,IZ,1,local,-6.427020844383975e-11,0.0004538708830185505
rates_7b7e6184da369793,0.01,XI,1,local,-3.7043455761724456e-09,0.0010433499547405339
rates_7b7e6184da369793,0.01,XX,2,correlated,0.013707697957227162,0.0006472939814163348
rates_7b7e6184da369793,0.01,XY,2,correlated,-2.907597506121604e-09,0.0004536581256848934
rates_7b7e6184da369793,0.01,XZ,2,correlated,-3.2139939937529455e-10,0.00019618647688072026
rates_7b7e6184da369793,0.01,YI,1,local,-3.1221028981376077e-09,0.00019625020087751658
rates_7b7e6184da369793,0.01,YX,2,correlated,4.392616338161683e-09,0.00045365843398270493
rates_7b7e6184da369793,0.01,YY,2,correlated,-4.876861020244413e-10,0.0
rates_7b7e6184da369793,0.01,YZ,2,correlated,1.610161378058722e-09,0.0
rates_7b7e6184da369793,0.01,ZI,1,local,3.471092133020066e-11,0.0004538709313882767
rates_7b7e6184da369793,0.01,ZX,2,correlated,-3.555979971326109e-10,0.00019619174544910562
rates_7b7e6184da369793,0.01,ZY,2,correlated,-2.8037504336273843e-09,0.0
rates_7b7e6184da369793,0.01,ZZ,2,correlated,-8.790690799586527e-17,8.606490722244502e-08
rates_7b7e6184da369793,1.0,IX,1,local,1.4248201829684357e-08,0.0027949134198609086
rates_7b7e6184da369793,1.0,IY,1,local,-3.0028929531083345e-09,0.000256132874242225
rates_7b7e6184da369793,1.0,IZ,1,local,-8.561294085409752e-11,0.00039401094119844083
rates_7b7e6184da369793,1.0,XI,1,local,9.279422690295413e-09,0.00279491683252981
rates_7b7e6184da369793,1.0,XX,2,correlated,0.028683439684279964,0.0010944439093213587
rates_7b7e6184da369793,1.0,XY,2,correlated,6.564462994069253e-10,0.00039383798234447255
rates_7b7e6184da369793,1.0,XZ,2,correlated,-6.895113989329396e-10,0.00025600142333341385
rates_7b7e6184da369793,1.0,YI,1,local,1.941315104643476e-09,0.0002561349210831139
rates_7b7e6184da369793,1.0,YX,2,correlated,-4.233110163088198e-09,0.00039383874477474695
rates_7b7e6184da369793,1.0,YY,2,correlated,-8.585029696460735e-10,5.059297291304171e-09
rates_7b7e6184da369793,1.0,YZ,2,correlated,-2.1115856928074413e-09,0.0
rates_7b7e6184da369793,1.0,ZI,1,local,-1.491903941765485e-10,0.0003940111267061356
rates_7b7e6184da369793,1.0,ZX,2,correlated,-2.733908394969083e-10,0.00025599842855521715
rates_7b7e6184da369793,1.0,ZY,2,correlated,1.215935746819816e-09,0.0
rates_7b7e6184da369793,1.0,ZZ,2,correlated,2.280220367240122e-17,4.527734915465986e-08
rates_7b7e6184da369793,2.0,IX,1,local,2.206703408740938e-08,0.004464862346050341
rates_7b7e6184da369793,2.0,IY,1,local,6.012147813105101e-10,0.000272330063826729
rates_7b7e6184da369793,2.0,IZ,1,local,1.5970014297764047e-10,0.0003778433950613119
rates_7b7e6184da369793,2.0,XI,1,local,2.565964125481604e-08,0.004464854786922886
rates_7b7e6184da369793,2.0,XX,2,correlated,0.04346543674674104,0.0019666855387943426
rates_7b7e6184da369793,2.0,XY,2,correlated,-3.0109186828993802e-09,0.000377660225064435
rates_7b7e6184da369793,2.0,XZ,2,correlated,6.876226267482399e-11,0.000272152808705042
rates_7b7e6184da369793,2.0,YI,1,local,9.424670692445187e-10,0.00027232172451457996
rates_7b7e6184da369793,2.0,YX,2,correlated,3.951284165152345e-09,0.0003776606848172807
rates_7b7e6184da369793,2.0,YY,2,correlated,-6.090262716256711e-10,5.443026192253602e-09
rates_7b7e6184da369793,2.0,YZ,2,correlated,3.936639112662817e-10,0.0
rates_7b7e6184da369793,2.0,ZI,1,local,4.6052531527009383e-10,0.00037784442162810077
rates_7b7e6184da369793,2.0,ZX,2,correlated,1.550878749788468e-10,0.0002721596616973908
rates_7b7e6184da369793,2.0,ZY,2,correlated,-2.677027093732677e-09,0.0
rates_7b7e6184da369793,2.0,ZZ,2,correlated,1.459390842501652e-16,3.5078999995573346e-08
rates_7b7e6184da369793,3.0,IX,1,local,5.279508779010825e-09,0.006042164794423872
rates_7b7e6184da369793,3.0,IY,1,local,2.4442837749271057e-09,0.0002804015598063027
rates_7b7e6184da369793,3.0,IZ,1,local,-1.0964056497991e-09,0.000369800024825372
rates_7b7e6184da369793,3.0,XI,1,local,4.560653356363491e-09,0.006042136185761425
rates_7b7e6184da369793,3.0,XX,2,correlated,0.05790540584281224,0.0032106687703605885
rates_7b7e6184da369793,3.0,XY,2,correlated,-1.0685158329926341e-08,0.0003696002211465507
rates_7b7e6184da369793,3.0,XZ,2,correlated,-4.587030602340301e-09,0.0002801873405265839
rates_7b7e6184da369793,3.0,YI,1,local,8.154378155142007e-10,0.0002803730242692577
rates_7b7e6184da369793,3.0,YX,2,correlated,1.1820031204440816e-08,0.00036960512159897076
rates_7b7e6184da369793,3.0,YY,2,correlated,-7.070270915688435e-09,1.4882894421719547e-08
rates_7b7e6184da369793,3.0,YZ,2,correlated,-1.7162550625734382e-09,0.0
rates_7b7e6184da369793,3.0,ZI,1,local,8.923890765519524e-10,0.00036979765465132615
rates_7b7e6184da369793,3.0,ZX,2,correlated,-4.5887078579668115e-09,0.0002802133457847562
rates_7b7e6184da369793,3.0,ZY,2,correlated,-9.81653285378698e-09,0.0
rates_7b7e6184da369793,3.0,ZZ,2,correlated,1.2072727010179174e-15,1.7678190534706206e-08
rates_7b7e6184da369793,4.0,IX,1,local,-1.4278689301193202e-08,0.007535952451210814
rates_7b7e6184da369793,4.0,IY,1,local,9.702689086476e-11,0.0002854612624214165
rates_7b7e6184da369793,4.0,IZ,1,local,-5.37888698280681e-10,0.0003647738581425847
rates_7b7e6184da369793,4.0,XI,1,local,-1.9089652283312883e-08,0.007535936789271992
rates_7b7e6184da369793,4.0,XX,2,correlated,0.07200557507139999,0.004783829493449049
rates_7b7e6184da369793,4.0,XY,2,correlated,-1.5375074959153425e-08,0.0003645370200453256
rates_7b7e6184da369793,4.0,XZ,2,correlated,4.836218372601188e-09,0.00028521877903285944
rates_7b7e6184da369793,4.0,YI,1,local,-4.385818537942653e-09,0.00028544488149586224
rates_7b7e6184da369793,4.0,YX,2,correlated,7.493696681537193e-09,0.0003645386816719474
rates_7b7e6184da369793,4.0,YY,2,correlated,9.599709187592097e-09,5.931269587796024e-09
rates_7b7e6184da369793,4.0,YZ,2,correlated,1.2691143066060237e-08,0.0
rates_7b7e6184da369793,4.0,ZI,1,local,-1.0626451747744373e-09,0.00036477218032680413
rates_7b7e6184da369793,4.0,ZX,2,correlated,3.2750647260244755e-09,0.00028523517614777275
rates_7b7e6184da369793,4.0,ZY,2,correlated,-2.382031686097996e-09,0.0
rates_7b7e6184da369793,4.0,ZZ,2,correlated,3.433244049672684e-16,2.13098035727749e-08
rates_7d443f63742c20da,0.01,IX,1,local,-2.159588277838048e-09,0.0009433988676688957
rates_7d443f63742c20da,0.01,IY,1,local,1.0084994451198666e-09,8.862783842507092e-05
rates_7d443f63742c20da,0.01,IZ,1,local,5.83669244296081e-11,0.00024477211000046027
rates_7d443f63742c20da,0.01,XI,1,local,2.1821259678123445e-09,0.0009434088539094699
rates_7d443f63742c20da,0.01,XX,2,correlated,0.013707481950703967,0.0006472864140622071
rates_7d443f63742c20da,0.01,XY,2,correlated,7.124512300296726e-09,0.0002446425108035998
rates_7d443f63742c20da,0.01,XZ,2,correlated,3.4287152444732356e-09,8.861240357658488e-05
rates_7d443f63742c20da,0.01,YI,1,local,2.0766229391016187e-09,8.863802903340564e-05
rates_7d443f63742c20da,0.01,YX,2,correlated,-1.55469097329106e-09,0.0002446418944383259
rates_7d443f63742c20da,0.01,YY,2,correlated,6.978585225953108e-09,0.0
rates_7d443f63742c20da,0.01,YZ,2,correlated,-8.454098524554924e-10,0.0
rates_7d443f63742c20da,0.01,ZI,1,local,-7.535926556758743e-11,0.0002447723175548731
rates_7d443f63742c20da,0.01,ZX,2,correlated,3.394295116365995e-09,8.860262177758374e-05
rates_7d443f63742c20da,0.01,ZY,2,correlated,2.8125166885553424e-09,0.0
rates_7d443f63742c20da,0.01,ZZ,2,correlated,1.5274304778825336e-16,3.541158727117115e-08
rates_7d443f63742c20da,1.0,IX,1,local,4.00442856935131e-09,0.0026949546807366618
rates_7d443f63742c20da,1.0,IY,1,local,3.875816163189457e-10,0.00012492495680930662
rates_7d443f63742c20da,1.0,IZ,1,local,-2.815983747026541e-11,0.00020849792292833397
rates_7d443f63742c20da,1.0,XI,1,local,2.6844383105208146e-10,0.0026949499454892974
rates_7d443f63742c20da,1.0,XX,2,correlated,0.028683251462981393,0.001094432325664546
rates_7d443f63742c20da,1.0,XY,2,correlated,3.1844916694182316e-10,0.00020838076077031145
rates_7d443f63742c20da,1.0,XZ,2,correlated,1.7771474126587926e-09,0.0001248541584640943
rates_7d443f63742c20da,1.0,YI,1,local,-1.1041109562754402e-09,0.00012492016024930343
rates_7d443f63742c20da,1.0,YX,2,correlated,3.521597048423721e-09,0.00020838033712937973
rates_7d443f63742c20da,1.0,YY,2,correlated,3.4621145919897653e-09,0.0
rates_7d443f63742c20da,1.0,YZ,2,correlated,3.26421804174328e-09,0.0
rates_7d443f63742c20da,1.0,ZI,1,local,2.039149669915281e-10,0.0002084978755308237
rates_7d443f63742c20da,1.0,ZX,2,correlated,1.789237845017831e-09,0.0001248594260621366
rates_7d443f63742c20da,1.0,ZY,2,correlated,2.489623645879016e-09,0.0
rates_7d443f63742c20da,1.0,ZZ,2,correlated,-8.970302543198375e-17,2.6603085227444394e-08
rates_7d443f63742c20da,2.0,IX,1,local,4.750572247107237e-09,0.00436492378745146
rates_7d443f63742c20da,2.0,IY,1,local,1.82025691237306e-08,0.0001347663718416552
rates_7d443f63742c20da,2.0,IZ,1,local,-9.511692119459012e-10,0.00019869084258641775
rates_7d443f63742c20da,2.0,XI,1,local,1.1646523296409019e-08,0.004364856688995814
rates_7d443f63742c20da,2.0,XX,2,correlated,0.04346529686990013,0.0019666804291874813
rates_7d443f63742c20da,2.0,XY,2,correlated,-3.273240556561226e-08,0.00019858368985606217
rates_7d443f63742c20da,2.0,XZ,2,correlated,1.660449302143052e-08,0.00013461373146143063
rates_7d443f63742c20da,2.0,YI,1,local,-1.769883305009471e-08,0.00013470038802937658
rates_7d443f63742c20da,2.0,YX,2,correlated,3.766733918380144e-08,0.00019858174882919394
rates_7d443f63742c20da,2.0,YY,2,correlated,2.9168715997775596e-08,0.0
rates_7d443f63742c20da,2.0,YZ,2,correlated,1.9221535909637138e-08,0.0
rates_7d443f63742c20da,2.0,ZI,1,local,9.893542087647146e-10,0.00019869166068238797
rates_7d443f63742c20da,2.0,ZX,2,correlated,1.2154055977008888e-08,0.00013468083820478862
rates_7d443f63742c20da,2.0,ZY,2,correlated,-1.7519264521305595e-08,2.3147939005477107e-08
rates_7d443f63742c20da,2.0,ZZ,2,correlated,1.2478179544889156e-15,1.2944821826434139e-08
rates_7d443f63742c20da,3.0,IX,1,local,1.429264975660478e-08,0.005942183635038856
rates_7d443f63742c20da,3.0,IY,1,local,-2.7187086752992094e-09,0.00013962565366216264
rates_7d443f63742c20da,3.0,IZ,1,local,-2.1044342973329596e-10,0.00019382184343682676
rates_7d443f63742c20da,3.0,XI,1,local,3.426089932478058e-09,0.005942169021831415
rates_7d443f63742c20da,3.0,XX,2,correlated,0.057905219941597606,0.003210658261005464
rates_7d443f63742c20da,3.0,XY,2,correlated,-7.3903478721637374e-09,0.000193694996357674
rates_7d443f63742c20da,3.0,XZ,2,correlated,-3.6947087963687997e-10,0.00013952022356616102
rates_7d443f63742c20da,3.0,YI,1,local,-3.8591579378486763e-10,0.00013961163879382354
rates_7d443f63742c20da,3.0,YX,2,correlated,4.833903153170644e-09,0.00019369607275162692
rates_7d443f63742c20da,3.0,YY,2,correlated,-2.3614467634302634e-09,0.0
rates_7d443f63742c20da,3.0,YZ,2,correlated,6.606410486901421e-09,0.0
rates_7d443f63742c20da,3.0,ZI,1,local,6.044583267339773e-10,0.00019381977874181446
rates_7d443f63742c20da,3.0,ZX,2,correlated,-1.7465492892786076e-09,0.00013953522673488966
rates_7d443f63742c20da,3.0,ZY,2,correlated,6.325359438642314e-10,1.078261909907884e-09
rates_7d443f63742c20da,3.0,ZZ,2,correlated,-8.387695297824469e-16,1.0770669967019586e-08
rates_7d443f63742c20da,4.0,IX,1,local,-7.359492701467409e-09,0.007435965779547593
rates_7d443f63742c20da,4.0,IY,1,local,4.428259043824823e-09,0.00014268925126391906
rates_7d443f63742c20da,4.0,IZ,1,local,2.758624255742488e-10,0.0001907658871624345
rates_7d443f63742c20da,4.0,XI,1,local,-7.81849029797945e-09,0.007435970111795676
rates_7d443f63742c20da,4.0,XX,2,correlated,0.07200536158391042,0.004783829768514958
rates_7d443f63742c20da,4.0,XY,2,correlated,-1.0134576637592763e-08,0.00019064334591704717
rates_7d443f63742c20da,4.0,XZ,2,correlated,4.753641219719147e-09,0.0001425646546295782
rates_7d443f63742c20da,4.0,YI,1,local,-4.357204482505591e-09,0.0001426939684205979
rates_7d443f63742c20da,4.0,YX,2,correlated,7.857061177399275e-09,0.0001906395122533047
rates_7d443f63742c20da,4.0,YY,2,correlated,5.856341213398302e-09,2.2047686843739193e-09
rates_7d443f63742c20da,4.0,YZ,2,correlated,1.2014498186186222e-08,0.0
rates_7d443f63742c20da,4.0,ZI,1,local,2.5052717738060708e-09,0.00019076632403980292
rates_7d443f63742c20da,4.0,ZX,2,correlated,4.9896834163735906e-09,0.00014256333425874396
rates_7d443f63742c20da,4.0,ZY,2,correlated,-8.734362441097172e-09,0.0
rates_7d443f63742c20da,4.0,ZZ,2,correlated,-2.3886080179088958e-17,8.378312682522093e-09
rates_7d4c45df6c6c0625,0.01,IX,1,local,-4.826435624682105e-09,0.0009684329524827434
rates_7d4c45df6c6c0625,0.01,IY,1,local,-2.916090454012331e-09,4.906850969083798e-05
rates_7d4c45df6c6c0625,0.01,IZ,1,local,9.628307561722642e-12,0.00011346871999068931
rates_7d4c45df6c6c0625,0.01,XI,1,local,-7.650766101476951e-09,0.0009684250798536908
rates_7d4c45df6c6c0625,0.01,XX,2,correlated,0.013707412395390904,0.0006472941472442786
rates_7d4c45df6c6c0625,0.01,XY,2,correlated,-3.5027690384853566e-10,0.00011341624461201964
rates_7d4c45df6c6c0625,0.01,XZ,2,correlated,8.150690224199227e-10,4.9044465710899715e-05
rates_7d4c45df6c6c0625,0.01,YI,1,local,8.774941301962257e-10,4.9060762222156114e-05
rates_7d4c45df6c6c0625,0.01,YX,2,correlated,8.905559535661443e-10,0.00011341647656341295
rates_7d4c45df6c6c0625,0.01,YY,2,correlated,1.7227049184902027e-09,0.0
rates_7d4c45df6c6c0625,0.01,YZ,2,correlated,-1.8577505055239598e-09,0.0
rates_7d4c45df6c6c0625,0.01,ZI,1,local,5.833467227322717e-11,0.00011346839530571705
rates_7d4c45df6c6c0625,0.01,ZX,2,correlated,7.881285003667103e-10,4.9052305910731795e-05
rates_7d4c45df6c6c0625,0.01,ZY,2,correlated,8.568798176798483e-10,1.2772475115956593e-09
rates_7d4c45df6c6c0625,0.01,ZZ,2,correlated,-3.232695702928899e-17,4.902744812776763e-09
rates_7d4c45df6c6c0625,1.0,IX,1,local,1.0156664333899973e-08,0.0027199736453593438
rates_7d4c45df6c6c0625,1.0,IY,1,local,1.2730288849218664e-09,6.40361721135287e-05
rates_7d4c45df6c6c0625,1.0,IZ,1,local,-9.75022095493794e-11,9.850395317200251e-05
rates_7d4c45df6c6c0625,1.0,XI,1,local,4.816426938693213e-09,0.0027199688457153494
rates_7d4c45df6c6c0625,1.0,XX,2,correlated,0.028683197887981578,0.0010944456850526143
rates_7d4c45df6c6c0625,1.0,XY,2,correlated,-7.013077961494909e-09,9.846062457792267e-05
rates_7d4c45df6c6c0625,1.0,XZ,2,correlated,1.2629572882850214e-09,6.39982730916235e-05
rates_7d4c45df6c6c0625,1.0,YI,1,local,-5.419405274935767e-09,6.403068719201672e-05
rates_7d4c45df6c6c0625,1.0,YX,2,correlated,2.1758700072074156e-09,9.846075196935579e-05
rates_7d4c45df6c6c0625,1.0,YY,2,correlated,2.2104119159148783e-09,1.0040690049279441e-10
rates_7d4c45df6c6c0625,1.0,YZ,2,correlated,5.652514310666429e-09,0.0
rates_7d4c45df6c6c0625,1.0,ZI,1,local,-9.214325783599996e-11,9.850390794399304e-05
rates_7d4c45df6c6c0625,1.0,ZX,2,correlated,8.77264134664388e-10,6.4003675851034e-05
rates_7d4c45df6c6c0625,1.0,ZY,2,correlated,-1.2721384027217148e-09,8.35711955367302e-10
rates_7d4c45df6c6c0625,1.0,ZZ,2,correlated,-3.338586812579189e-17,1.9950133892977784e-09
rates_7d4c45df6c6c0625,2.0,IX,1,local,2.912714729945651e-08,0.004389898882082682
rates_7d4c45df6c6c0625,2.0,IY,1,local,3.0223730386362075e-09,6.807636189978274e-05
rates_7d4c45df6c6c0625,2.0,IZ,1,local,-3.562688339396178e-11,9.446471016861721e-05
rates_7d4c45df6c6c0625,2.0,XI,1,local,2.8584565375975516e-08,0.004389907885395534
rates_7d4c45df6c6c0625,2.0,XX,2,correlated,0.0434651947806077,0.001966683563113597
rates_7d4c45df6c6c0625,2.0,XY,2,correlated,2.9709685912228966e-09,9.44136812138609e-05
rates_7d4c45df6c6c0625,2.0,XZ,2,correlated,3.6055538474831667e-09,6.804200077094083e-05
rates_7d4c45df6c6c0625,2.0,YI,1,local,-1.888360817343672e-09,6.808496258305578e-05
rates_7d4c45df6c6c0625,2.0,YX,2,correlated,-4.719440377159621e-10,9.441293511624365e-05
rates_7d4c45df6c6c0625,2.0,YY,2,correlated,6.2031552837504886e-09,0.0
rates_7d4c45df6c6c0625,2.0,YZ,2,correlated,1.91598603106311e-09,2.2604110066767674e-09
rates_7d4c45df6c6c0625,2.0,ZI,1,local,8.712415579544747e-10,9.446495153928012e-05
rates_7d4c45df6c6c0625,2.0,ZX,2,correlated,3.731147550535483e-09,6.803390481451927e-05
rates_7d4c45df6c6c0625,2.0,ZY,2,correlated,1.1576559611996453e-09,0.0
rates_7d4c45df6c6c0625,2.0,ZZ,2,correlated,-1.7616532189650392e-16,7.477429063082464e-09
rates_7d4c45df6c6c0625,3.0,IX,1,local,1.194530415770034e-08,0.005967178081527823
rates_7d4c45df6c6c0625,3.0,IY,1,local,-5.69010814112608e-09,7.008459495521735e-05
rates_7d4c45df6c6c0625,3.0,IZ,1,local,-2.967128559893042e-10,9.246404472302658e-05
rates_7d4c45df6c6c0625,3.0,XI,1,local,5.246241745147179e-09,0.005967187943420192
rates_7d4c45df6c6c0625,3.0,XX,2,correlated,0.05790518749280936,0.0032106438491605444
rates_7d4c45df6c6c0625,3.0,XY,2,correlated,8.060807486455513e-09,9.237114239851952e-05
rates_7d4c45df6c6c0625,3.0,XZ,2,correlated,-5.867344776068307e-09,7.005401170939594e-05
rates_7d4c45df6c6c0625,3.0,YI,1,local,1.724654611789596e-09,7.009373346913831e-05
rates_7d4c45df6c6c0625,3.0,YX,2,correlated,-4.019666125349435e-09,9.237245627276747e-05
rates_7d4c45df6c6c0625,3.0,YY,2,correlated,-1.0696423044554685e-08,2.3079147733138033e-08
rates_7d4c45df6c6c0625,3.0,YZ,2,correlated,1.2819922960612421e-09,1.0333115104336055e-08
rates_7d4c45df6c6c0625,3.0,ZI,1,local,-1.0695279479944902e-10,9.246358494892843e-05
rates_7d4c45df6c6c0625,3.0,ZX,2,correlated,-5.2648966981431835e-09,7.0044019115016e-05
rates_7d4c45df6c6c0625,3.0,ZY,2,correlated,8.450504499965571e-09,4.694717002883653e-09
rates_7d4c45df6c6c0625,3.0,ZZ,2,correlated,1.9255693552113484e-15,4.0477607621616785e-08
rates_7d4c45df6c6c0625,4.0,IX,1,local,-1.593553751387881e-08,0.007460978014936147
rates_7d4c45df6c6c0625,4.0,IY,1,local,-4.064036767549622e-09,7.137328537875254e-05
rates_7d4c45df6c6c0625,4.0,IZ,1,local,1.1200527119941287e-09,9.12144328263549e-05
rates_7d4c45df6c6c0625,4.0,XI,1,local,-1.0321410131971165e-08,0.007460973582340203
rates_7d4c45df6c6c0625,4.0,XX,2,correlated,0.072005310795415,0.004783815277508367
rates_7d4c45df6c6c0625,4.0,XY,2,correlated,-7.014046597635295e-10,9.110405868175905e-05
rates_7d4c45df6c6c0625,4.0,XZ,2,correlated,-1.0838154360700076e-10,7.13009735786973e-05
rates_7d4c45df6c6c0625,4.0,YI,1,local,-8.347267588801463e-09,7.137177452749224e-05
rates_7d4c45df6c6c0625,4.0,YX,2,correlated,7.2369022811986926e-09,9.109897513603048e-05
rates_7d4c45df6c6c0625,4.0,YY,2,correlated,-1.2855215793410323e-09,0.0
rates_7d4c45df6c6c0625,4.0,YZ,2,correlated,8.869349785280851e-09,0.0
rates_7d4c45df6c6c0625,4.0,ZI,1,local,-6.690490750501038e-10,9.121491668961793e-05
rates_7d4c45df6c6c0625,4.0,ZX,2,correlated,-3.503137918684518e-09,7.130708411176478e-05
rates_7d4c45df6c6c0625,4.0,ZY,2,correlated,2.812310457142306e-09,0.0
rates_7d4c45df6c6c0625,4.0,ZZ,2,correlated,1.8135744978884961e-16,2.1743243731824177e-08
rates_7f1e3dd0f07550fa,0.01,IX,1,local,-8.820353762591717e-09,0.0005028234493886604
rates_7f1e3dd0f07550fa,0.01,IY,1,local,9.942180408904358e-10,1.2955433418158284e-09
rates_7f1e3dd0f07550fa,0.01,IZ,1,local,5.761130873289323e-12,3.4946369601697006e-09
rates_7f1e3dd0f07550fa,0.01,XI,1,local,-7.211451323636742e-10,0.0005028229821701087
rates_7f1e3dd0f07550fa,0.01,XX,2,correlated,0.013720917135266323,0.0003249617689711472
rates_7f1e3dd0f07550fa,0.01,XY,2,correlated,3.6585526223657924e-09,2.3587135447258488e-09
rates_7f1e3dd0f07550fa,0.01,XZ,2,correlated,4.451639984113048e-09,1.344182643364916e-09
rates_7f1e3dd0f07550fa,0.01,YI,1,local,2.4573179655360555e-09,2.461881765180482e-09
rates_7f1e3dd0f07550fa,0.01,YX,2,correlated,2.2894562044960952e-09,4.291222829036706e-09
rates_7f1e3dd0f07550fa,0.01,YY,2,correlated,9.115009456343615e-09,6.48072610077777e-10
rates_7f1e3dd0f07550fa,0.01,YZ,2,correlated,-3.4254962226286335e-09,9.923278750380918e-10
rates_7f1e3dd0f07550fa,0.01,ZI,1,local,5.196699941723396e-11,4.800412571812101e-09
rates_7f1e3dd0f07550fa,0.01,ZX,2,correlated,4.615481883947412e-09,1.3735627553434528e-09
rates_7f1e3dd0f07550fa,0.01,ZY,2,correlated,-1.7530403741535331e-09,1.0819997255656403e-09
rates_7f1e3dd0f07550fa,0.01,ZZ,2,correlated,-4.772265312908696e-16,1.5423933928020508e-09
rates_7f1e3dd0f07550fa,1.0,IX,1,local,5.471083375822332e-09,0.0014396750554062346
rates_7f1e3dd0f07550fa,1.0,IY,1,local,2.265792018181281e-09,3.2581325970504338e-09
rates_7f1e3dd0f07550fa,1.0,IZ,1,local,-1.1163261398210314e-10,3.017495510838214e-09
rates_7f1e3dd0f07550fa,1.0,XI,1,local,3.898522182007833e-09,0.001439669818453924
rates_7f1e3dd0f07550fa,1.0,XX,2,correlated,0.028758516029430845,0.0007731721086546279
rates_7f1e3dd0f07550fa,1.0,XY,2,correlated,-6.6034001403585455e-09,3.33550674535795e-09
rates_7f1e3dd0f07550fa,1.0,XZ,2,correlated,4.1648336298655466e-09,2.3129954852864624e-09
rates_7f1e3dd0f07550fa,1.0,YI,1,local,-2.0158353544592195e-09,3.394225054679892e-09
rates_7f1e3dd0f07550fa,1.0,YX,2,correlated,2.9875987655685114e-09,4.2940332670355665e-09
rates_7f1e3dd0f07550fa,1.0,YY,2,correlated,7.779535296045428e-09,4.860884625608451e-09
rates_7f1e3dd0f07550fa,1.0,YZ,2,correlated,4.401485317913685e-09,3.965301710814003e-09
rates_7f1e3dd0f07550fa,1.0,ZI,1,local,1.6530106418135507e-10,3.188251417476385e-09
rates_7f1e3dd0f07550fa,1.0,ZX,2,correlated,4.111709961302872e-09,4.8919318256608266e-09
rates_7f1e3dd0f07550fa,1.0,ZY,2,correlated,-2.5122427481563543e-09,5.3921833084045216e-09
rates_7f1e3dd0f07550fa,1.0,ZZ,2,correlated,-1.3174860321302368e-15,4.272768753610726e-09
rates_7f1e3dd0f07550fa,2.0,IX,1,local,2.748940265162185e-08,0.002335942263400517
rates_7f1e3dd0f07550fa,2.0,IY,1,local,-1.3681607287606598e-09,3.016402615261659e-09
rates_7f1e3dd0f07550fa,2.0,IZ,1,local,6.443717931000546e-10,7.94447505672789e-09
rates_7f1e3dd0f07550fa,2.0,XI,1,local,2.6901259414980446e-08,0.002335958797263972
rates_7f1e3dd0f07550fa,2.0,XX,2,correlated,0.04364043266684584,0.00163905401441239
rates_7f1e3dd0f07550fa,2.0,XY,2,correlated,7.524206946776569e-09,1.1749007363114376e-08
rates_7f1e3dd0f07550fa,2.0,XZ,2,correlated,-9.643709680332654e-10,7.755382920671757e-09
rates_7f1e3dd0f07550fa,2.0,YI,1,local,1.4285391383209648e-10,6.024946067629938e-09
rates_7f1e3dd0f07550fa,2.0,YX,2,correlated,-9.484823264750858e-09,1.5147818340052917e-08
rates_7f1e3dd0f07550fa,2.0,YY,2,correlated,-1.2401488698199631e-09,2.575746353603496e-09
rates_7f1e3dd0f07550fa,2.0,YZ,2,correlated,-6.88162349066911e-09,8.455937498085992e-10
rates_7f1e3dd0f07550fa,2.0,ZI,1,local,-8.676180863998979e-10,8.291050110020394e-09
rates_7f1e3dd0f07550fa,2.0,ZX,2,correlated,-7.826466290841071e-10,2.461077624896571e-09
rates_7f1e3dd0f07550fa,2.0,ZY,2,correlated,2.0667345014924536e-09,4.078966871299411e-10
rates_7f1e3dd0f07550fa,2.0,ZZ,2,correlated,3.3221996645600674e-16,2.1519844218241546e-09
rates_7f1e3dd0f07550fa,3.0,IX,1,local,9.642841126972424e-09,0.0031836211623716966
rates_7f1e3dd0f07550fa,3.0,IY,1,local,-3.7295248493257296e-09,9.899312287080372e-09
rates_7f1e3dd0f07550fa,3.0,IZ,1,local,1.8697686947530292e-10,9.45174775824907e-09
rates_7f1e3dd0f07550fa,3.0,XI,1,local,2.4596226719653012e-08,0.0031836153343131096
rates_7f1e3dd0f07550fa,3.0,XX,2,correlated,0.058210707232384674,0.002874018338561497
rates_7f1e3dd0f07550fa,3.0,XY,2,correlated,-5.224920280629052e-09,8.179130363066781e-09
rates_7f1e3dd0f07550fa,3.0,XZ,2,correlated,-3.2715543459289543e-10,1.0444792233188635e-08
rates_7f1e3dd0f07550fa,3.0,YI,1,local,-8.67204806982088e-09,5.41227568700153e-09
rates_7f1e3dd0f07550fa,3.0,YX,2,correlated,1.0471244134543205e-09,4.87785330942174e-09
rates_7f1e3dd0f07550fa,3.0,YY,2,correlated,-1.200544131470329e-09,2.1103682562757797e-08
rates_7f1e3dd0f07550fa,3.0,YZ,2,correlated,5.05926444791535e-09,1.2778374262549807e-08
rates_7f1e3dd0f07550fa,3.0,ZI,1,local,-4.558647486977794e-10,7.060191968649304e-09
rates_7f1e3dd0f07550fa,3.0,ZX,2,correlated,-1.1669612342383783e-09,7.754191803845817e-09
rates_7f1e3dd0f07550fa,3.0,ZY,2,correlated,2.328739147289985e-09,1.5012319911205756e-08
rates_7f1e3dd0f07550fa,3.0,ZZ,2,correlated,4.732676931467332e-15,2.1853352526017555e-08
rates_7f1e3dd0f07550fa,4.0,IX,1,local,1.0365236941162876e-08,0.003987925014855112
rates_7f1e3dd0f07550fa,4.0,IY,1,local,8.743118234790076e-10,7.39329886282605e-09
rates_7f1e3dd0f07550fa,4.0,IZ,1,local,-8.374867247092048e-10,6.6887334775978056e-09
rates_7f1e3dd0f07550fa,4.0,XI,1,local,2.7075992495146454e-09,0.003987929975481009
rates_7f1e3dd0f07550fa,4.0,XX,2,correlated,0.07246473335500107,0.004438526383408662
rates_7f1e3dd0f07550fa,4.0,XY,2,correlated,-1.2106087900884348e-08,7.172964069013157e-09
rates_7f1e3dd0f07550fa,4.0,XZ,2,correlated,7.5221045027431e-10,3.680617937919196e-09
rates_7f1e3dd0f07550fa,4.0,YI,1,local,-1.034586011914433e-08,7.404028295721465e-09
rates_7f1e3dd0f07550fa,4.0,YX,2,correlated,-1.2212821566128065e-08,1.2074509752723478e-08
rates_7f1e3dd0f07550fa,4.0,YY,2,correlated,7.325828588220861e-10,1.2903104402461994e-08
rates_7f1e3dd0f07550fa,4.0,YZ,2,correlated,1.0281837875318268e-08,1.0599105072597968e-08
rates_7f1e3dd0f07550fa,4.0,ZI,1,local,2.528767485804736e-10,8.93069078479618e-09
rates_7f1e3dd0f07550fa,4.0,ZX,2,correlated,1.489355753835172e-09,3.2500587486029853e-09
rates_7f1e3dd0f07550fa,4.0,ZY,2,correlated,7.258388754173049e-09,1.0275140235911409e-08
rates_7f1e3dd0f07550fa,4.0,ZZ,2,correlated,-2.866579947865084e-16,6.840905469700231e-09
rates_8142d8384202664f,0.01,IX,1,local,-5.315794132050608e-09,0.0011877296762745515
rates_8142d8384202664f,0.01,IY,1,local,-1.27880756845828e-10,4.019324778941334e-09
rates_8142d8384202664f,0.01,IZ,1,local,3.4245982485639526e-11,2.4722006157877387e-09
rates_8142d8384202664f,0.01,XI,1,local,-2.308496853957225e-09,0.0011877068313236015
rates_8142d8384202664f,0.01,XX,2,correlated,0.013715609585081542,0.0006473888039284447
rates_8142d8384202664f,0.01,XY,2,correlated,-8.556799092742384e-09,2.8983478539418165e-09
rates_8142d8384202664f,0.01,XZ,2,correlated,-2.291811778767401e-09,1.057576811426531e-09
rates_8142d8384202664f,0.01,YI,1,local,-1.653490652492496e-10,1.0295714684982512e-09
rates_8142d8384202664f,0.01,YX,2,correlated,7.708027996704975e-09,2.8555902260320697e-09
rates_8142d8384202664f,0.01,YY,2,correlated,-4.819523978781894e-09,7.474762039223139e-09
rates_8142d8384202664f,0.01,YZ,2,correlated,2.7791139416108318e-09,1.3129314415859144e-09
rates_8142d8384202664f,0.01,ZI,1,local,2.9345995730903945e-11,3.208618642507104e-09
rates_8142d8384202664f,0.01,ZX,2,correlated,-2.4633980878834028e-09,4.444291123594131e-09
rates_8142d8384202664f,0.01,ZY,2,correlated,-2.049220649124374e-09,6.752319774822567e-09
rates_8142d8384202664f,0.01,ZZ,2,correlated,4.1680131263048676e-16,7.484951828262351e-09
rates_8142d8384202664f,1.0,IX,1,local,9.9062031877851e-09,0.0029346661241113348
rates_8142d8384202664f,1.0,IY,1,local,3.8258578436758083e-10,2.2336745878490452e-09
rates_8142d8384202664f,1.0,IZ,1,local,1.0612335518361796e-10,3.3066460070396647e-09
rates_8142d8384202664f,1.0,XI,1,local,9.618985865694379e-09,0.0029346741958093357
rates_8142d8384202664f,1.0,XX,2,correlated,0.028691569427157775,0.001094625032628114
rates_8142d8384202664f,1.0,XY,2,correlated,4.109063863510076e-10,4.845930672145102e-09
rates_8142d8384202664f,1.0,XZ,2,correlated,-1.92134708175682e-09,4.040914136830653e-09
rates_8142d8384202664f,1.0,YI,1,local,-9.91561994969972e-10,3.908691605232632e-09
rates_8142d8384202664f,1.0,YX,2,correlated,-4.666878232196393e-09,4.129305244200861e-09
rates_8142d8384202664f,1.0,YY,2,correlated,-3.5961125163443596e-09,8.235084620035843e-09
rates_8142d8384202664f,1.0,YZ,2,correlated,-2.3157165021555157e-10,6.157812485277614e-09
rates_8142d8384202664f,1.0,ZI,1,local,-4.5912827127727566e-11,2.2553662828067378e-09
rates_8142d8384202664f,1.0,ZX,2,correlated,-1.7259387752636683e-09,3.179358591936382e-09
rates_8142d8384202664f,1.0,ZY,2,correlated,8.655131123691773e-10,4.39618668016927e-09
rates_8142d8384202664f,1.0,ZZ,2,correlated,9.055127108113854e-16,7.152660711547826e-09
rates_8142d8384202664f,2.0,IX,1,local,2.4332176264583912e-08,0.004600176857349158
rates_8142d8384202664f,2.0,IY,1,local,4.2475348959804656e-09,4.9370197769912395e-09
rates_8142d8384202664f,2.0,IZ,1,local,-2.8605700221272294e-10,1.1794953834444362e-08
rates_8142d8384202664f,2.0,XI,1,local,3.057744529737342e-08,0.004600177426626516
rates_8142d8384202664f,2.0,XX,2,correlated,0.043473962729412514,0.001966923139210549
rates_8142d8384202664f,2.0,XY,2,correlated,4.3288862788083395e-09,1.111382862459655e-08
rates_8142d8384202664f,2.0,XZ,2,correlated,-2.768622280128979e-09,6.147173358490507e-09
rates_8142d8384202664f,2.0,YI,1,local,6.18074816292208e-09,4.457672964788332e-09
rates_8142d8384202664f,2.0,YX,2,correlated,3.7390916765143645e-09,5.183783210625445e-09
rates_8142d8384202664f,2.0,YY,2,correlated,-4.882978320144524e-09,3.1710547332816237e-10
rates_8142d8384202664f,2.0,YZ,2,correlated,-3.820740260810034e-09,2.0509441639527588e-10
rates_8142d8384202664f,2.0,ZI,1,local,7.005595069753049e-10,7.43263736776171e-09
rates_8142d8384202664f,2.0,ZX,2,correlated,-2.1419975972671192e-09,6.134438020055644e-09
rates_8142d8384202664f,2.0,ZY,2,correlated,-2.8172823572984953e-09,4.57995798404387e-10
rates_8142d8384202664f,2.0,ZZ,2,correlated,1.2284267489434497e-15,3.826310206178629e-10
rates_8142d8384202664f,3.0,IX,1,local,-3.7018045406474125e-09,0.0061732093754277755
rates_8142d8384202664f,3.0,IY,1,local,5.7667753998008314e-09,6.572656268907535e-09
rates_8142d8384202664f,3.0,IZ,1,local,-4.6167876678988963e-10,7.2159802151556886e-09
rates_8142d8384202664f,3.0,XI,1,local,5.618212975054684e-10,0.006173184674451733
rates_8142d8384202664f,3.0,XX,2,correlated,0.057914489343214616,0.0032108634575178227
rates_8142d8384202664f,3.0,XY,2,correlated,-1.0720080382927922e-08,8.079349826965385e-09
rates_8142d8384202664f,3.0,XZ,2,correlated,4.897254765990135e-10,6.13242438329397e-09
rates_8142d8384202664f,3.0,YI,1,local,1.2031222984623405e-09,5.5513687454261714e-09
rates_8142d8384202664f,3.0,YX,2,correlated,1.4820212361530064e-08,6.797209024583459e-09
rates_8142d8384202664f,3.0,YY,2,correlated,1.8588640708912648e-09,1.9626046207934817e-08
rates_8142d8384202664f,3.0,YZ,2,correlated,6.550292429083126e-10,9.717365638238132e-09
rates_8142d8384202664f,3.0,ZI,1,local,1.614983807021592e-09,1.1577049933424507e-08
rates_8142d8384202664f,3.0,ZX,2,correlated,1.425351763303616e-09,8.725399694431424e-09
rates_8142d8384202664f,3.0,ZY,2,correlated,-1.218694606501675e-08,1.663048648271881e-08
rates_8142d8384202664f,3.0,ZZ,2,correlated,-1.07875373661327e-15,1.545106972575261e-08
rates_8142d8384202664f,4.0,IX,1,local,-8.545954765249806e-09,0.007662907053901415
rates_8142d8384202664f,4.0,IY,1,local,4.377985403352389e-09,6.6433951484510395e-09
rates_8142d8384202664f,4.0,IZ,1,local,-5.77841199745548e-10,7.985537098205729e-09
rates_8142d8384202664f,4.0,XI,1,local,-1.678256004083968e-08,0.007662898587788355
rates_8142d8384202664f,4.0,XX,2,correlated,0.07201542012422679,0.004784065006950082
rates_8142d8384202664f,4.0,XY,2,correlated,-5.411529055527803e-09,8.176488925488133e-09
rates_8142d8384202664f,4.0,XZ,2,correlated,-7.168062551337611e-09,1.1218986730831932e-09
rates_8142d8384202664f,4.0,YI,1,local,5.570201777190226e-09,3.6561212131141797e-09
rates_8142d8384202664f,4.0,YX,2,correlated,1.9034568876704575e-09,7.332169089328128e-09
rates_8142d8384202664f,4.0,YY,2,correlated,-1.2024078858026458e-08,7.639868474334867e-09
rates_8142d8384202664f,4.0,YZ,2,correlated,-4.184527577821833e-09,3.0065491379894693e-09
rates_8142d8384202664f,4.0,ZI,1,local,8.354127663745439e-10,4.9344492553161564e-09
rates_8142d8384202664f,4.0,ZX,2,correlated,-5.638787144119863e-09,1.3618393019179664e-09
rates_8142d8384202664f,4.0,ZY,2,correlated,-7.987624463663275e-09,3.4653282008958084e-09
rates_8142d8384202664f,4.0,ZZ,2,correlated,3.3659114683977987e-15,1.1132062320562408e-09
rates_81677bfe42e2c55f,0.01,IX,1,local,-4.2597640047171e-09,0.00018339627504651966
rates_81677bfe42e2c55f,0.01,IY,1,local,1.7840878977103528e-09,2.4563146951900876e-05
rates_81677bfe42e2c55f,0.01,IZ,1,local,-1.0635281637388199e-10,5.6680383088889014e-05
rates_81677bfe42e2c55f,0.01,XI,1,local,1.7308412191198114e-09,0.00018339980153680402
rates_81677bfe42e2c55f,0.01,XX,2,correlated,0.01373260519807617,8.306190815560234e-05
rates_81677bfe42e2c55f,0.01,XY,2,correlated,-3.880638929530347e-09,5.668383879055157e-05
rates_81677bfe42e2c55f,0.01,XZ,2,correlated,-3.215632946508601e-09,2.4565606499701118e-05
rates_81677bfe42e2c55f,0.01,YI,1,local,-4.231920487260079e-09,2.456649394329815e-05
rates_81677bfe42e2c55f,0.01,YX,2,correlated,-5.319361389903882e-09,5.668351865788823e-05
rates_81677bfe42e2c55f,0.01,YY,2,correlated,-6.567356422994276e-09,9.90093120935329e-09
rates_81677bfe42e2c55f,0.01,YZ,2,correlated,3.1829928935117815e-09,2.955183473830054e-09
rates_81677bfe42e2c55f,0.01,ZI,1,local,-9.412437094578967e-11,5.6680802480321186e-05
rates_81677bfe42e2c55f,0.01,ZX,2,correlated,-3.406716826443759e-09,2.4562160243020892e-05
rates_81677bfe42e2c55f,0.01,ZY,2,correlated,2.915303982930699e-09,9.871685399645596e-10
rates_81677bfe42e2c55f,0.01,ZZ,2,correlated,6.391260268130405e-16,7.226172345339756e-09
rates_81677bfe42e2c55f,1.0,IX,1,local,6.552424284088464e-09,0.0005004294573293277
rates_81677bfe42e2c55f,1.0,IY,1,local,2.493860776384639e-09,3.205599000927523e-05
rates_81677bfe42e2c55f,1.0,IZ,1,local,3.6688690609627224e-11,4.9187311793371864e-05
rates_81677bfe42e2c55f,1.0,XI,1,local,4.1268392613961686e-09,0.0005004477933786025
rates_81677bfe42e2c55f,1.0,XX,2,correlated,0.028818493461263257,0.0005375533206017147
rates_81677bfe42e2c55f,1.0,XY,2,correlated,8.262811422095758e-09,4.917953569836696e-05
rates_81677bfe42e2c55f,1.0,XZ,2,correlated,1.1906171556456156e-10,3.2072313843306826e-05
rates_81677bfe42e2c55f,1.0,YI,1,local,-1.7711618316739429e-09,3.207302937841402e-05
rates_81677bfe42e2c55f,1.0,YX,2,correlated,1.389128121646963e-09,4.917995798853176e-05
rates_81677bfe42e2c55f,1.0,YY,2,correlated,8.506574160657505e-10,0.0
rates_81677bfe42e2c55f,1.0,YZ,2,correlated,-2.335466491618558e-09,1.0589548745503494e-08
rates_81677bfe42e2c55f,1.0,ZI,1,local,9.770273459209991e-11,4.918790837529821e-05
rates_81677bfe42e2c55f,1.0,ZX,2,correlated,2.7838212296910205e-10,3.205425560681549e-05
rates_81677bfe42e2c55f,1.0,ZY,2,correlated,-4.426501350941751e-09,0.0
rates_81677bfe42e2c55f,1.0,ZZ,2,correlated,2.3636047473755354e-16,3.953387261220603e-09
rates_81677bfe42e2c55f,2.0,IX,1,local,3.1879330894345855e-08,0.0008013925730081506
rates_81677bfe42e2c55f,2.0,IY,1,local,-2.6709935030192526e-09,3.409930628564161e-05
rates_81677bfe42e2c55f,2.0,IZ,1,local,-3.7875442392219366e-10,4.715083394619059e-05
rates_81677bfe42e2c55f,2.0,XI,1,local,4.116790758634929e-08,0.0008013871298102602
rates_81677bfe42e2c55f,2.0,XX,2,correlated,0.043777575058561904,0.001409102717089729
rates_81677bfe42e2c55f,2.0,XY,2,correlated,1.1222579025121587e-10,4.715456395991863e-05
rates_81677bfe42e2c55f,2.0,XZ,2,correlated,-2.081461871709449e-09,3.409367417858484e-05
rates_81677bfe42e2c55f,2.0,YI,1,local,3.2369490428234635e-09,3.4094345696312473e-05
rates_81677bfe42e2c55f,2.0,YX,2,correlated,2.844989385958432e-09,4.715242824815754e-05
rates_81677bfe42e2c55f,2.0,YY,2,correlated,-2.85873012063081e-09,2.494756728757937e-10
rates_81677bfe42e2c55f,2.0,YZ,2,correlated,-1.3846169524497814e-09,0.0
rates_81677bfe42e2c55f,2.0,ZI,1,local,8.384800252315714e-10,4.715216336327908e-05
rates_81677bfe42e2c55f,2.0,ZX,2,correlated,-7.937269444634065e-10,3.4099441063495975e-05
rates_81677bfe42e2c55f,2.0,ZY,2,correlated,-1.4851280444002141e-09,2.4830564212836165e-09
rates_81677bfe42e2c55f,2.0,ZZ,2,correlated,2.0317619415275875e-16,2.1316048148594877e-09
rates_81677bfe42e2c55f,3.0,IX,1,local,1.1502371378617719e-08,0.0010821605336481868
rates_81677bfe42e2c55f,3.0,IY,1,local,-1.2408870668223309e-09,3.509475426357312e-05
rates_81677bfe42e2c55f,3.0,IZ,1,local,1.9745173208446362e-11,4.614051454767908e-05
rates_81677bfe42e2c55f,3.0,XI,1,local,3.6300983059260865e-09,0.0010821855633887743
rates_81677bfe42e2c55f,3.0,XX,2,correlated,0.05844806906797497,0.0026514355648108957
rates_81677bfe42e2c55f,3.0,XY,2,correlated,1.0822596979877349e-08,4.6123299601469195e-05
rates_81677bfe42e2c55f,3.0,XZ,2,correlated,4.163108263212809e-09,3.511893181283342e-05
rates_81677bfe42e2c55f,3.0,YI,1,local,6.771724557276396e-09,3.5118453480722406e-05
rates_81677bfe42e2c55f,3.0,YX,2,correlated,-1.2832799315053645e-08,4.612564223498486e-05
rates_81677bfe42e2c55f,3.0,YY,2,correlated,9.92046376734496e-09,2.5076064913705e-08
rates_81677bfe42e2c55f,3.0,YZ,2,correlated,-3.00103142673351e-09,1.3979430070120266e-08
rates_81677bfe42e2c55f,3.0,ZI,1,local,3.0620163570265e-10,4.613899394598293e-05
rates_81677bfe42e2c55f,3.0,ZX,2,correlated,7.800509266854827e-09,3.5094410569023494e-05
rates_81677bfe42e2c55f,3.0,ZY,2,correlated,7.543356095175215e-09,1.0781724752006175e-09
rates_81677bfe42e2c55f,3.0,ZZ,2,correlated,-5.626593115976147e-16,2.735107421190236e-08
rates_81677bfe42e2c55f,4.0,IX,1,local,-8.877113293329168e-09,0.0013464703616964872
rates_81677bfe42e2c55f,4.0,IY,1,local,-5.767196917015301e-10,3.575437461855781e-05
rates_81677bfe42e2c55f,4.0,IZ,1,local,-2.043169001217453e-10,4.550884548541966e-05
rates_81677bfe42e2c55f,4.0,XI,1,local,-9.397010668655393e-09,0.0013464716621160145
rates_81677bfe42e2c55f,4.0,XX,2,correlated,0.07282054176143361,0.0042260485261421035
rates_81677bfe42e2c55f,4.0,XY,2,correlated,2.2198255449487616e-09,4.5489620037077736e-05
rates_81677bfe42e2c55f,4.0,XZ,2,correlated,-3.359953369539787e-09,3.573196573929099e-05
rates_81677bfe42e2c55f,4.0,YI,1,local,-1.9663229462296487e-09,3.576009726258392e-05
rates_81677bfe42e2c55f,4.0,YX,2,correlated,-4.719424089410646e-09,4.548632514209431e-05
rates_81677bfe42e2c55f,4.0,YY,2,correlated,-6.166801956627833e-09,1.7201457497683644e-08
rates_81677bfe42e2c55f,4.0,YZ,2,correlated,-6.781436190204156e-10,5.821864340906747e-09
rates_81677bfe42e2c55f,4.0,ZI,1,local,-6.291315680752949e-10,4.5506424574158696e-05
rates_81677bfe42e2c55f,4.0,ZX,2,correlated,-3.3902445139285703e-09,3.573195891668152e-05
rates_81677bfe42e2c55f,4.0,ZY,2,correlated,5.3153850771537615e-09,3.5981294600351824e-09
rates_81677bfe42e2c55f,4.0,ZZ,2,correlated,5.137522736433311e-16,1.8951259726437963e-08
rates_87cf81c0f802ee14,0.01,IX,1,local,-1.0176342650603058e-09,5.997230543374332e-05
rates_87cf81c0f802ee14,0.01,IY,1,local,-1.3319303919987246e-10,2.2203127348111972e-05
rates_87cf81c0f802ee14,0.01,IZ,1,local,1.4305364870809243e-10,6.112758136162129e-05
rates_87cf81c0f802ee14,0.01,XI,1,local,-1.1131486710234964e-08,5.9979590900303226e-05
rates_87cf81c0f802ee14,0.01,XX,2,correlated,0.013736797106563205,2.3875458763218213e-06
rates_87cf81c0f802ee14,0.01,XY,2,correlated,5.295123201604468e-09,6.112209093560523e-05
rates_87cf81c0f802ee14,0.01,XZ,2,correlated,4.338204637572415e-09,2.2210504560078444e-05
rates_87cf81c0f802ee14,0.01,YI,1,local,-1.2058682812675504e-09,2.2210242154921595e-05
rates_87cf81c0f802ee14,0.01,YX,2,correlated,5.746974276972472e-10,6.112249310976319e-05
rates_87cf81c0f802ee14,0.01,YY,2,correlated,8.745469429779808e-09,1.089972922372633e-09
rates_87cf81c0f802ee14,0.01,YZ,2,correlated,-2.0387618192266857e-09,2.5645544572150696e-09
rates_87cf81c0f802ee14,0.01,ZI,1,local,2.1343528456560124e-11,6.112716793330082e-05
rates_87cf81c0f802ee14,0.01,ZX,2,correlated,4.346432517429233e-09,2.2203401008840355e-05
rates_87cf81c0f802ee14,0.01,ZY,2,correlated,-1.0794356619167554e-09,0.0
rates_87cf81c0f802ee14,0.01,ZZ,2,correlated,-2.6880929064447953e-15,6.365604048418744e-09
rates_87cf81c0f802ee14,1.0,IX,1,local,1.6123228174886318e-08,0.00016871200809600632
rates_87cf81c0f802ee14,1.0,IY,1,local,3.27634234402765e-09,3.130199983545777e-05
rates_87cf81c0f802ee14,1.0,IZ,1,local,-6.436185059494262e-10,5.203206217491434e-05
rates_87cf81c0f802ee14,1.0,XI,1,local,1.152663703628117e-08,0.0001687059891933436
rates_87cf81c0f802ee14,1.0,XX,2,correlated,0.028839147753945728,0.0004600491200542963
rates_87cf81c0f802ee14,1.0,XY,2,correlated,-8.875544690146105e-09,5.202951055690284e-05
rates_87cf81c0f802ee14,1.0,XZ,2,correlated,-2.4855469173581323e-09,3.129787565983997e-05
rates_87cf81c0f802ee14,1.0,YI,1,local,-2.1700742764205767e-09,3.129470266590463e-05
rates_87cf81c0f802ee14,1.0,YX,2,correlated,5.6208929270669e-09,5.2031385519887624e-05
rates_87cf81c0f802ee14,1.0,YY,2,correlated,-5.057162605311103e-09,2.137826963847413e-09
rates_87cf81c0f802ee14,1.0,YZ,2,correlated,8.35677114306319e-09,0.0
rates_87cf81c0f802ee14,1.0,ZI,1,local,4.357651482969996e-10,5.2032136678388475e-05
rates_87cf81c0f802ee14,1.0,ZX,2,correlated,-2.5299234607290584e-09,3.1303223362917024e-05
rates_87cf81c0f802ee14,1.0,ZY,2,correlated,-2.9464351087959166e-09,2.7619442482867615e-09
rates_87cf81c0f802ee14,1.0,ZZ,2,correlated,-3.848408039727867e-16,5.827238575082782e-09
rates_87cf81c0f802ee14,2.0,IX,1,local,4.74168213542553e-08,0.0002682588180444523
rates_87cf81c0f802ee14,2.0,IY,1,local,5.153839890878276e-09,3.376461422676784e-05
rates_87cf81c0f802ee14,2.0,IZ,1,local,1.716446984525227e-11,4.956008449112687e-05
rates_87cf81c0f802ee14,2.0,XI,1,local,4.273464950353803e-08,0.00026824992114949547
rates_87cf81c0f802ee14,2.0,XX,2,correlated,0.04382438203503936,0.0013355528288908096
rates_87cf81c0f802ee14,2.0,XY,2,correlated,-5.332056738422266e-09,4.9574197575945333e-05
rates_87cf81c0f802ee14,2.0,XZ,2,correlated,3.3211779925732715e-09,3.3761937643754886e-05
rates_87cf81c0f802ee14,2.0,YI,1,local,9.343570300655587e-10,3.37566765001998e-05
rates_87cf81c0f802ee14,2.0,YX,2,correlated,6.495926140252566e-09,4.957159134009006e-05
rates_87cf81c0f802ee14,2.0,YY,2,correlated,5.515113513088171e-09,5.615941985721582e-09
rates_87cf81c0f802ee14,2.0,YZ,2,correlated,1.981238984394573e-09,9.056748770586099e-10
rates_87cf81c0f802ee14,2.0,ZI,1,local,1.149906378184087e-09,4.9559727253763115e-05
rates_87cf81c0f802ee14,2.0,ZX,2,correlated,3.8941607950382886e-09,3.377283884831389e-05
rates_87cf81c0f802ee14,2.0,ZY,2,correlated,-5.678379829656693e-09,5.720562075219545e-09
rates_87cf81c0f802ee14,2.0,ZZ,2,correlated,8.060887570021234e-16,3.219749836538832e-09
rates_87cf81c0f802ee14,3.0,IX,1,local,6.347845538025121e-09,0.00035616951236107613
rates_87cf81c0f802ee14,3.0,IY,1,local,3.0163271214871025e-09,3.497715004928455e-05
rates_87cf81c0f802ee14,3.0,IZ,1,local,2.9873739474428e-10,4.8344911858957425e-05
rates_87cf81c0f802ee14,3.0,XI,1,local,1.3675302901250451e-08,0.00035618742318826036
rates_87cf81c0f802ee14,3.0,XX,2,correlated,0.05852882953380747,0.0025831359031404143
rates_87cf81c0f802ee14,3.0,XY,2,correlated,9.687597242689122e-09,4.831460456596962e-05
rates_87cf81c0f802ee14,3.0,XZ,2,correlated,1.8391167336517338e-09,3.5002458838485125e-05
rates_87cf81c0f802ee14,3.0,YI,1,local,4.058783233140979e-09,3.4997400684650956e-05
rates_87cf81c0f802ee14,3.0,YX,2,correlated,-1.1591898155492588e-09,4.831488215700921e-05
rates_87cf81c0f802ee14,3.0,YY,2,correlated,4.139291000470208e-09,2.602613905492532e-08
rates_87cf81c0f802ee14,3.0,YZ,2,correlated,6.522575648490881e-10,1.3817868733607537e-08
rates_87cf81c0f802ee14,3.0,ZI,1,local,-2.6427896347997304e-10,4.83444638188534e-05
rates_87cf81c0f802ee14,3.0,ZX,2,correlated,1.994400695843403e-09,3.498237874845862e-05
rates_87cf81c0f802ee14,3.0,ZY,2,correlated,3.1131746941817007e-09,4.586748874305422e-09
rates_87cf81c0f802ee14,3.0,ZZ,2,correlated,-1.071452764979002e-16,3.7254912040084534e-08
rates_87cf81c0f802ee14,4.0,IX,1,local,-2.162424175167549e-08,0.00043592762695124186
rates_87cf81c0f802ee14,4.0,IY,1,local,-1.0839472729873721e-08,3.579161769759213e-05
rates_87cf81c0f802ee14,4.0,IZ,1,local,-4.074427724008302e-09,4.761056986564251e-05
rates_87cf81c0f802ee14,4.0,XI,1,local,-8.40551654887554e-09,0.0004358972577709663
rates_87cf81c0f802ee14,4.0,XX,2,correlated,0.07294135279601584,0.004164450986822518
rates_87cf81c0f802ee14,4.0,XY,2,correlated,-2.0562858142774757e-09,4.749343418476877e-05
rates_87cf81c0f802ee14,4.0,XZ,2,correlated,-1.8348129296173925e-08,3.574266288737853e-05
rates_87cf81c0f802ee14,4.0,YI,1,local,-1.4000618298528972e-10,3.576127041706574e-05
rates_87cf81c0f802ee14,4.0,YX,2,correlated,4.0311304750633465e-08,4.748791528480631e-05
rates_87cf81c0f802ee14,4.0,YY,2,correlated,-2.7697338928270526e-08,4.0733970237885467e-10
rates_87cf81c0f802ee14,4.0,YZ,2,correlated,1.809537785846441e-08,2.806977142449345e-09
rates_87cf81c0f802ee14,4.0,ZI,1,local,4.19748757934621e-09,4.7615215823185154e-05
rates_87cf81c0f802ee14,4.0,ZX,2,correlated,-1.3011573946822554e-08,3.5773882262176305e-05
rates_87cf81c0f802ee14,4.0,ZY,2,correlated,-8.431708306409672e-09,1.679051048602759e-08
rates_87cf81c0f802ee14,4.0,ZZ,2,correlated,2.888059850683557e-16,5.7422041419095265e-08
rates_8c12b1161e3632d1,0.01,IX,1,local,-1.4951715939222447e-08,0.00022088401472667864
rates_8c12b1161e3632d1,0.01,IY,1,local,-1.9612574942148737e-09,9.826778025824038e-05
rates_8c12b1161e3632d1,0.01,IZ,1,local,-4.0242331014676513e-11,0.000226737415562463
rates_8c12b1161e3632d1,0.01,XI,1,local,2.479502002219811e-12,0.00022087778155556348
rates_8c12b1161e3632d1,0.01,XX,2,correlated,0.013732666909326126,8.306394069532673e-05
rates_8c12b1161e3632d1,0.01,XY,2,correlated,-3.1409968634320537e-09,0.00022673071642631524
rates_8c12b1161e3632d1,0.01,XZ,2,correlated,-4.015768199447115e-10,9.825800748098734e-05
rates_8c12b1161e3632d1,0.01,YI,1,local,3.3829141984191635e-09,9.826198672295523e-05
rates_8c12b1161e3632d1,0.01,YX,2,correlated,1.8481657264838424e-09,0.0002267300469735242
rates_8c12b1161e3632d1,0.01,YY,2,correlated,-7.855642916527595e-10,0.0
rates_8c12b1161e3632d1,0.01,YZ,2,correlated,-9.462611294044727e-11,0.0
rates_8c12b1161e3632d1,0.01,ZI,1,local,4.107310725297976e-11,0.00022673787768232698
rates_8c12b1161e3632d1,0.01,ZX,2,correlated,-2.726677600867184e-10,9.826400834745372e-05
rates_8c12b1161e3632d1,0.01,ZY,2,correlated,-1.947022799485328e-09,0.0
rates_8c12b1161e3632d1,0.01,ZZ,2,correlated,7.883593361713154e-18,1.8240820897625742e-08
rates_8c12b1161e3632d1,1.0,IX,1,local,1.3539504732799971e-08,0.0005379175579928651
rates_8c12b1161e3632d1,1.0,IY,1,local,1.902932783475529e-09,0.0001282569298759133
rates_8c12b1161e3632d1,1.0,IZ,1,local,1.3254587808958773e-10,0.0001967360600439418
rates_8c12b1161e3632d1,1.0,XI,1,local,1.92408420438145e-08,0.0005379321676344472
rates_8c12b1161e3632d1,1.0,XX,2,correlated,0.028818549250278724,0.0005375617576483457
rates_8c12b1161e3632d1,1.0,XY,2,correlated,4.2285253400614856e-09,0.00019673744061360774
rates_8c12b1161e3632d1,1.0,XZ,2,correlated,-1.2976272658157288e-09,0.00012826522855028554
rates_8c12b1161e3632d1,1.0,YI,1,local,1.4309382933320473e-09,0.00012827250836766952
rates_8c12b1161e3632d1,1.0,YX,2,correlated,-4.9009827942825514e-09,0.00019673739073023462
rates_8c12b1161e3632d1,1.0,YY,2,correlated,-2.566067309739706e-09,5.0999523164540475e-09
rates_8c12b1161e3632d1,1.0,YZ,2,correlated,-3.204344276017527e-09,0.0
rates_8c12b1161e3632d1,1.0,ZI,1,local,-1.532447632881323e-10,0.00019673586102189798
rates_8c12b1161e3632d1,1.0,ZX,2,correlated,-1.2327801314013973e-09,0.0001282498989633381
rates_8c12b1161e3632d1,1.0,ZY,2,correlated,-1.343881996259885e-09,0.0
rates_8c12b1161e3632d1,1.0,ZZ,2,correlated,4.3988847492010043e-16,7.922799729860944e-09
rates_8c12b1161e3632d1,2.0,IX,1,local,3.64826729564521e-08,0.0008388793206153912
rates_8c12b1161e3632d1,2.0,IY,1,local,-3.238028508593338e-09,0.000136393040888356
rates_8c12b1161e3632d1,2.0,IZ,1,local,-1.1713664291586385e-09,0.00018861548647155848
rates_8c12b1161e3632d1,2.0,XI,1,local,4.022511318173151e-08,0.0008388734065322099
rates_8c12b1161e3632d1,2.0,XX,2,correlated,0.04377760905697926,0.001409102098205679
rates_8c12b1161e3632d1,2.0,XY,2,correlated,-9.02767405114736e-09,0.0001886049248443006
rates_8c12b1161e3632d1,2.0,XZ,2,correlated,-2.5837434758285648e-09,0.00013638319828725883
rates_8c12b1161e3632d1,2.0,YI,1,local,-4.333811750310476e-09,0.0001363903618324986
rates_8c12b1161e3632d1,2.0,YX,2,correlated,3.823481970978861e-09,0.00018860272224114174
rates_8c12b1161e3632d1,2.0,YY,2,correlated,-3.989120413139963e-09,0.0
rates_8c12b1161e3632d1,2.0,YZ,2,correlated,9.066680170146893e-09,0.0
rates_8c12b1161e3632d1,2.0,ZI,1,local,7.556913073098073e-10,0.00018861431514947147
rates_8c12b1161e3632d1,2.0,ZX,2,correlated,-1.4926039568340657e-09,0.00013638925126681052
rates_8c12b1161e3632d1,2.0,ZY,2,correlated,-1.932996458636079e-09,0.0
rates_8c12b1161e3632d1,2.0,ZZ,2,correlated,-1.3939882237077266e-15,1.0048528924512501e-08
rates_8c12b1161e3632d1,3.0,IX,1,local,1.2110299561944443e-08,0.001119667549550088
rates_8c12b1161e3632d1,3.0,IY,1,local,3.6459288773444496e-09,0.00014045691977570136
rates_8c12b1161e3632d1,3.0,IZ,1,local,-2.314913949425757e-10,0.0001845584631156087
rates_8c12b1161e3632d1,3.0,XI,1,local,1.0305897594506811e-08,0.0011196652275209165
rates_8c12b1161e3632d1,3.0,XX,2,correlated,0.05844813070290737,0.0026514431219539685
rates_8c12b1161e3632d1,3.0,XY,2,correlated,-1.9663918032554632e-09,0.00018453909043899462
rates_8c12b1161e3632d1,3.0,XZ,2,correlated,-4.785226982636597e-10,0.00014044362300462299
rates_8c12b1161e3632d1,3.0,YI,1,local,-4.406732248559214e-10,0.0001404522341080403
rates_8c12b1161e3632d1,3.0,YX,2,correlated,3.406680053156106e-09,0.00018454187289285596
rates_8c12b1161e3632d1,3.0,YY,2,correlated,-5.369874055097564e-10,2.5613244312766483e-09
rates_8c12b1161e3632d1,3.0,YZ,2,correlated,8.221533414252257e-10,0.0
rates_8c12b1161e3632d1,3.0,ZI,1,local,3.302322932939572e-10,0.0001845585820412403
rates_8c12b1161e3632d1,3.0,ZX,2,correlated,3.327496677912984e-10,0.00014044540729212207
rates_8c12b1161e3632d1,3.0,ZY,2,correlated,-2.8470745438520392e-09,0.0
rates_8c12b1161e3632d1,3.0,ZZ,2,correlated,4.257848313991472e-16,3.1496694701156625e-09
rates_8c12b1161e3632d1,4.0,IX,1,local,-1.5215308290318637e-08,0.0013839781012513796
rates_8c12b1161e3632d1,4.0,IY,1,local,4.690487035090825e-09,0.00014302048725673542
rates_8c12b1161e3632d1,4.0,IZ,1,local,2.5252625896087876e-09,0.00018201593675881678
rates_8c12b1161e3632d1,4.0,XI,1,local,3.972266664004191e-09,0.0013839597286009857
rates_8c12b1161e3632d1,4.0,XX,2,correlated,0.07282062275637881,0.004226047081442639
rates_8c12b1161e3632d1,4.0,XY,2,correlated,1.1847686546691241e-08,0.00018199180369084733
rates_8c12b1161e3632d1,4.0,XZ,2,correlated,1.342219487290677e-09,0.0001429664770736735
rates_8c12b1161e3632d1,4.0,YI,1,local,4.443604154373093e-09,0.00014301310686334044
rates_8c12b1161e3632d1,4.0,YX,2,correlated,2.8475787189903734e-09,0.00018197513578522943
rates_8c12b1161e3632d1,4.0,YY,2,correlated,-1.117083778172046e-09,0.0
rates_8c12b1161e3632d1,4.0,YZ,2,correlated,-1.3268334473902894e-08,0.0
rates_8c12b1161e3632d1,4.0,ZI,1,local,-4.616212713460291e-10,0.00018201653530903182
rates_8c12b1161e3632d1,4.0,ZX,2,correlated,-1.4927433579625684e-09,0.0001429899268228563
rates_8c12b1161e3632d1,4.0,ZY,2,correlated,3.1293843391117537e-09,0.0
rates_8c12b1161e3632d1,4.0,ZZ,2,correlated,2.264964271008537e-16,1.5885658497107958e-08
rates_935232b07d52685d,0.01,IX,1,local,-1.1925573977614625e-08,0.0004036429216996915
rates_935232b07d52685d,0.01,IY,1,local,-1.2605925840867944e-09,4.4218871902645626e-09
rates_935232b07d52685d,0.01,IZ,1,local,-3.2069176471055e-11,3.603666850040929e-09
rates_935232b07d52685d,0.01,XI,1,local,1.8726309409906104e-09,0.00040364543213519856
rates_935232b07d52685d,0.01,XX,2,correlated,0.013732488149648768,0.0001637629390413929
rates_935232b07d52685d,0.01,XY,2,correlated,-3.41730578812077e-09,4.476986791900284e-09
rates_935232b07d52685d,0.01,XZ,2,correlated,1.4716041156006524e-09,4.918551060890451e-09
rates_935232b07d52685d,0.01,YI,1,local,-1.5483600792306804e-09,5.002351606490246e-09
rates_935232b07d52685d,0.01,YX,2,correlated,-5.889908232955733e-10,6.788767322168238e-09
rates_935232b07d52685d,0.01,YY,2,correlated,2.797286605716899e-09,8.3852740500513e-09
rates_935232b07d52685d,0.01,YZ,2,correlated,2.87930299897863e-09,7.941143324243354e-09
rates_935232b07d52685d,0.01,ZI,1,local,8.612178429117612e-11,5.897699681111608e-09
rates_935232b07d52685d,0.01,ZX,2,correlated,1.4366930400502072e-09,4.341972870738333e-09
rates_935232b07d52685d,0.01,ZY,2,correlated,-1.1530308123848852e-09,7.113671484562324e-09
rates_935232b07d52685d,0.01,ZZ,2,correlated,-9.061030199109279e-16,7.347354127559304e-09
rates_935232b07d52685d,1.0,IX,1,local,7.792083112760055e-09,0.0009257935927968667
rates_935232b07d52685d,1.0,IY,1,local,-1.058456911133097e-09,3.0577189954832627e-09
rates_935232b07d52685d,1.0,IZ,1,local,1.3688503821787345e-10,3.514240989745694e-09
rates_935232b07d52685d,1.0,XI,1,local,9.059299960136494e-09,0.0009258053184678947
rates_935232b07d52685d,1.0,XX,2,correlated,0.028802199031830202,0.0006157201634691575
rates_935232b07d52685d,1.0,XY,2,correlated,6.037862881152448e-09,2.980261409551532e-09
rates_935232b07d52685d,1.0,XZ,2,correlated,-4.318396124966021e-10,4.838077874009226e-09
rates_935232b07d52685d,1.0,YI,1,local,-2.6326555427378667e-10,4.503875096919649e-09
rates_935232b07d52685d,1.0,YX,2,correlated,-7.002943598087974e-09,3.779818068510698e-09
rates_935232b07d52685d,1.0,YY,2,correlated,-5.644315263664476e-10,7.029064338719658e-09
rates_935232b07d52685d,1.0,YZ,2,correlated,-3.74021309014005e-09,6.850404841864038e-09
rates_935232b07d52685d,1.0,ZI,1,local,-1.3790439887735853e-10,2.16639442986159e-09
rates_935232b07d52685d,1.0,ZX,2,correlated,-4.1729998335403676e-11,3.557178750667432e-09
rates_935232b07d52685d,1.0,ZY,2,correlated,3.250547257971598e-09,3.230649377285062e-09
rates_935232b07d52685d,1.0,ZZ,2,correlated,1.6155118601201158e-16,6.785638739272015e-09
rates_935232b07d52685d,2.0,IX,1,local,4.8034431274866526e-08,0.0014243735289075758
rates_935232b07d52685d,2.0,IY,1,local,-4.4033803466765565e-09,1.1252802926525187e-08
rates_935232b07d52685d,2.0,IZ,1,local,7.644029698975016e-10,6.457991950330407e-09
rates_935232b07d52685d,2.0,XI,1,local,3.8888331820006144e-08,0.0014243722630331687
rates_935232b07d52685d,2.0,XX,2,correlated,0.043735566014682654,0.0014844308499920896
rates_935232b07d52685d,2.0,XY,2,correlated,3.512542534809107e-09,8.9753926774789e-09
rates_935232b07d52685d,2.0,XZ,2,correlated,-1.6122098612070695e-09,1.1829255827604094e-08
rates_935232b07d52685d,2.0,YI,1,local,-1.1714327740390862e-09,9.91833867912506e-09
rates_935232b07d52685d,2.0,YX,2,correlated,-4.699954194585865e-09,1.7454460477656086e-08
rates_935232b07d52685d,2.0,YY,2,correlated,-3.6238430233466755e-09,3.002102891057739e-10
rates_935232b07d52685d,2.0,YZ,2,correlated,-4.555481935981732e-09,4.167439319034962e-10
rates_935232b07d52685d,2.0,ZI,1,local,-1.5443558568735919e-09,1.4034454776453875e-08
rates_935232b07d52685d,2.0,ZX,2,correlated,-3.1452260962141837e-09,1.1155777937922953e-08
rates_935232b07d52685d,2.0,ZY,2,correlated,4.956414199266196e-09,6.861037906072168e-10
rates_935232b07d52685d,2.0,ZZ,2,correlated,2.6629031898693844e-16,3.454330883834178e-10
rates_935232b07d52685d,3.0,IX,1,local,2.842679519480247e-09,0.0018938330036115184
rates_935232b07d52685d,3.0,IY,1,local,-3.2119539801203583e-09,7.979920828700372e-09
rates_935232b07d52685d,3.0,IZ,1,local,5.315003709389994e-10,9.102473512322633e-09
rates_935232b07d52685d,3.0,XI,1,local,1.593272205365267e-10,0.0018938108354545713
rates_935232b07d52685d,3.0,XX,2,correlated,0.058372712292491115,0.002722981841988525
rates_935232b07d52685d,3.0,XY,2,correlated,-9.730866628627593e-09,9.127652009547314e-09
rates_935232b07d52685d,3.0,XZ,2,correlated,-1.0315374355811043e-09,8.554102191805826e-09
rates_935232b07d52685d,3.0,YI,1,local,3.056430373343954e-09,7.642166802545473e-09
rates_935232b07d52685d,3.0,YX,2,correlated,-3.9778394562084976e-10,8.130878309075933e-09
rates_935232b07d52685d,3.0,YY,2,correlated,-2.159344203848276e-09,1.8822182427334584e-08
rates_935232b07d52685d,3.0,YZ,2,correlated,4.6440186383320345e-09,1.3343490677840214e-08
rates_935232b07d52685d,3.0,ZI,1,local,-9.47645001561168e-10,1.1025327858237508e-08
rates_935232b07d52685d,3.0,ZX,2,correlated,-1.5828379022530287e-09,1.1487001406931124e-08
rates_935232b07d52685d,3.0,ZY,2,correlated,5.8275002123020936e-09,1.889539744216624e-08
rates_935232b07d52685d,3.0,ZZ,2,correlated,2.8622330989891223e-15,1.7255110762535303e-08
rates_935232b07d52685d,4.0,IX,1,local,1.5646229214488737e-08,0.002338231898235147
rates_935232b07d52685d,4.0,IY,1,local,-2.8129278622091282e-09,3.747605491612269e-09
rates_935232b07d52685d,4.0,IZ,1,local,6.544940712413448e-10,7.48577602864369e-09
rates_935232b07d52685d,4.0,XI,1,local,-1.1617330570598308e-09,0.0023382366696845978
rates_935232b07d52685d,4.0,XX,2,correlated,0.07270582144542871,0.00429267289754515
rates_935232b07d52685d,4.0,XY,2,correlated,4.4262026362417384e-09,1.7595859840794509e-09
rates_935232b07d52685d,4.0,XZ,2,correlated,3.382323619376355e-10,1.6782294531164124e-09
rates_935232b07d52685d,4.0,YI,1,local,2.8473555909151736e-09,6.0571693513148436e-09
rates_935232b07d52685d,4.0,YX,2,correlated,-5.86468910735293e-09,8.397711970253852e-09
rates_935232b07d52685d,4.0,YY,2,correlated,5.722833508814152e-10,4.084964259649243e-09
rates_935232b07d52685d,4.0,YZ,2,correlated,2.0677408156040048e-11,4.873194766772878e-09
rates_935232b07d52685d,4.0,ZI,1,local,2.2938935364486923e-10,1.272250656418443e-08
rates_935232b07d52685d,4.0,ZX,2,correlated,1.6757420434376326e-09,2.4362444830602903e-09
rates_935232b07d52685d,4.0,ZY,2,correlated,8.708343332037393e-09,4.347306304149322e-09
rates_935232b07d52685d,4.0,ZZ,2,correlated,-6.9430767772744e-17,5.6482473212438045e-09
rates_95304e3098130ea3,0.01,IX,1,local,-8.417904890564103e-09,0.0005475973854899126
rates_95304e3098130ea3,0.01,IY,1,local,-1.1912517974405056e-09,1.42537186075014e-09
rates_95304e3098130ea3,0.01,IZ,1,local,2.6513661458966805e-11,3.009107978916128e-09
rates_95304e3098130ea3,0.01,XI,1,local,-1.1737816225657013e-08,0.0005476156873360541
rates_95304e3098130ea3,0.01,XX,2,correlated,0.01375226077161079,2.6897333367394382e-06
rates_95304e3098130ea3,0.01,XY,2,correlated,3.848818594224299e-09,3.866326637179748e-09
rates_95304e3098130ea3,0.01,XZ,2,correlated,-3.4842891807685065e-09,4.658292479686314e-09
rates_95304e3098130ea3,0.01,YI,1,local,-4.4447051190516e-09,4.956538972285549e-09
rates_95304e3098130ea3,0.01,YX,2,correlated,-6.6756986164117485e-09,4.461895261468132e-09
rates_95304e3098130ea3,0.01,YY,2,correlated,-6.8492441333606e-09,5.86114978660687e-09
rates_95304e3098130ea3,0.01,YZ,2,correlated,-3.6098799848123626e-10,4.968976461864305e-09
rates_95304e3098130ea3,0.01,ZI,1,local,-1.3675629662144586e-10,2.3792768239707883e-09
rates_95304e3098130ea3,0.01,ZX,2,correlated,-3.4687353323733882e-09,2.290387354439167e-09
rates_95304e3098130ea3,0.01,ZY,2,correlated,1.030821912213291e-09,9.869458716898402e-10
rates_95304e3098130ea3,0.01,ZZ,2,correlated,7.962431245695897e-14,4.924099669570241e-09
rates_95304e3098130ea3,1.0,IX,1,local,8.200256965754577e-09,0.0006469266591183356
rates_95304e3098130ea3,1.0,IY,1,local,-2.8229085065355073e-09,3.5477315390658264e-09
rates_95304e3098130ea3,1.0,IZ,1,local,-3.0051505500700974e-10,1.8253990614721344e-09
rates_95304e3098130ea3,1.0,XI,1,local,1.0348415514245128e-08,0.000646918209962746
rates_95304e3098130ea3,1.0,XX,2,correlated,0.028855071158652927,0.00046073245634014844
rates_95304e3098130ea3,1.0,XY,2,correlated,-5.4064964942929145e-09,5.682373567323306e-09
rates_95304e3098130ea3,1.0,XZ,2,correlated,3.435934448822341e-09,1.2256008241630076e-09
rates_95304e3098130ea3,1.0,YI,1,local,-4.750502698157343e-09,1.7597572607008841e-09
rates_95304e3098130ea3,1.0,YX,2,correlated,1.7045996483537343e-10,4.9888655878117544e-09
rates_95304e3098130ea3,1.0,YY,2,correlated,6.7915497442605785e-09,3.0558528243310363e-09
rates_95304e3098130ea3,1.0,YZ,2,correlated,9.07000705294702e-10,1.2547286393128052e-09
rates_95304e3098130ea3,1.0,ZI,1,local,1.739689383871618e-10,1.961700843973389e-09
rates_95304e3098130ea3,1.0,ZX,2,correlated,3.252788780151039e-09,3.3526223705321496e-09
rates_95304e3098130ea3,1.0,ZY,2,correlated,-3.6662110706526876e-10,2.590687945293122e-09
rates_95304e3098130ea3,1.0,ZZ,2,correlated,-6.495561925673726e-16,1.350420678275857e-09
rates_95304e3098130ea3,2.0,IX,1,local,4.029740194269779e-08,0.0007372130296620177
rates_95304e3098130ea3,2.0,IY,1,local,3.773903024165011e-09,3.0837489136469423e-09
rates_95304e3098130ea3,2.0,IZ,1,local,-1.275093659992735e-10,1.1467530974592873e-08
rates_95304e3098130ea3,2.0,XI,1,local,2.4847181950580398e-08,0.0007372139079923762
rates_95304e3098130ea3,2.0,XX,2,correlated,0.043841248845735904,0.0013366521647939526
rates_95304e3098130ea3,2.0,XY,2,correlated,-3.8030257475514666e-11,6.065362301684507e-09
rates_95304e3098130ea3,2.0,XZ,2,correlated,-1.049497756216389e-09,4.3289148254059165e-09
rates_95304e3098130ea3,2.0,YI,1,local,-3.1683912097002184e-09,1.070788388322315e-08
rates_95304e3098130ea3,2.0,YX,2,correlated,6.599810618976741e-09,9.053297543983128e-09
rates_95304e3098130ea3,2.0,YY,2,correlated,-1.5201257707154326e-09,7.355642247021496e-10
rates_95304e3098130ea3,2.0,YZ,2,correlated,5.758647656616991e-09,1.0604577856047625e-09
rates_95304e3098130ea3,2.0,ZI,1,local,2.6546282715198704e-10,1.3760328947989745e-08
rates_95304e3098130ea3,2.0,ZX,2,correlated,-9.541569985314387e-10,1.2303736525920081e-08
rates_95304e3098130ea3,2.0,ZY,2,correlated,-1.511197482104885e-09,9.313849968327582e-10
rates_95304e3098130ea3,2.0,ZZ,2,correlated,-1.9116501215243365e-16,1.404945946040237e-09
rates_95304e3098130ea3,3.0,IX,1,local,1.0947865223614708e-08,0.00081612259961125
rates_95304e3098130ea3,3.0,IY,1,local,4.969392293305335e-09,1.0256243068181405e-08
rates_95304e3098130ea3,3.0,IZ,1,local,-1.0002793581668834e-09,9.827451254490734e-09
rates_95304e3098130ea3,3.0,XI,1,local,8.659659645493586e-09,0.0008160837003404334
rates_95304e3098130ea3,3.0,XX,2,correlated,0.05854699239356254,0.002584625158412066
rates_95304e3098130ea3,3.0,XY,2,correlated,-2.0048400851481816e-08,1.1024034207929778e-08
rates_95304e3098130ea3,3.0,XZ,2,correlated,8.101484369544642e-09,8.272611161833196e-09
rates_95304e3098130ea3,3.0,YI,1,local,-5.408616580972251e-09,7.058681518382622e-09
rates_95304e3098130ea3,3.0,YX,2,correlated,1.5021602774028265e-08,8.594688490851793e-09
rates_95304e3098130ea3,3.0,YY,2,correlated,1.5282166675947546e-08,2.064872160554996e-08
rates_95304e3098130ea3,3.0,YZ,2,correlated,1.0903676122856137e-08,1.0723387749717478e-08
rates_95304e3098130ea3,3.0,ZI,1,local,1.4252669835021737e-09,1.2276160983560034e-08
rates_95304e3098130ea3,3.0,ZX,2,correlated,8.448677134428216e-09,1.373788923310186e-08
rates_95304e3098130ea3,3.0,ZY,2,correlated,-5.8458616962372675e-09,2.2159253690008998e-08
rates_95304e3098130ea3,3.0,ZZ,2,correlated,5.407669095640203e-16,1.968811295070816e-08
rates_95304e3098130ea3,4.0,IX,1,local,-5.491836984168763e-09,0.0008870560181361549
rates_95304e3098130ea3,4.0,IY,1,local,8.063847008874783e-10,1.1058081775422739e-08
rates_95304e3098130ea3,4.0,IZ,1,local,-3.811919679691811e-09,9.549502951928887e-09
rates_95304e3098130ea3,4.0,XI,1,local,-5.728316129609605e-09,0.000887031217063391
rates_95304e3098130ea3,4.0,XX,2,correlated,0.07296112095147603,0.0041665111441699185
rates_95304e3098130ea3,4.0,XY,2,correlated,-1.026487942571852e-08,8.063770218832284e-09
rates_95304e3098130ea3,4.0,XZ,2,correlated,3.58662250436477e-09,3.2999424213922373e-09
rates_95304e3098130ea3,4.0,YI,1,local,-2.207557608197874e-09,6.192367371918923e-09
rates_95304e3098130ea3,4.0,YX,2,correlated,2.82420306377242e-08,4.075760562491544e-09
rates_95304e3098130ea3,4.0,YY,2,correlated,9.941012658861016e-09,1.0417792467678572e-08
rates_95304e3098130ea3,4.0,YZ,2,correlated,5.4361528448881774e-09,4.364463313882552e-09
rates_95304e3098130ea3,4.0,ZI,1,local,2.2872444896644997e-09,9.905497939070218e-09
rates_95304e3098130ea3,4.0,ZX,2,correlated,1.9887419089537505e-09,5.662574694082281e-09
rates_95304e3098130ea3,4.0,ZY,2,correlated,-2.153921695012914e-08,9.948415450013298e-09
rates_95304e3098130ea3,4.0,ZZ,2,correlated,-7.214182909699653e-16,9.683880534700623e-09
rates_99b70abb21175f01,0.01,IX,1,local,-1.454214264365865e-09,0.000993416114565859
rates_99b70abb21175f01,0.01,IY,1,local,4.356433391713179e-09,9.813067081775774e-05
rates_99b70abb21175f01,0.01,IZ,1,local,-1.6664170481705693e-11,0.00022693647783266415
rates_99b70abb21175f01,0.01,XI,1,local,-9.309616682952364e-09,0.00099341165526976
rates_99b70abb21175f01,0.01,XX,2,correlated,0.013707471020840224,0.0006472946432766537
rates_99b70abb21175f01,0.01,XY,2,correlated,-3.932758374036247e-09,0.00022683199912589891
rates_99b70abb21175f01,0.01,XZ,2,correlated,-1.3195000518967517e-10,9.809387007675024e-05
rates_99b70abb21175f01,0.01,YI,1,local,3.3589290004371333e-09,9.81262986465138e-05
rates_99b70abb21175f01,0.01,YX,2,correlated,2.5366246505415114e-09,0.0002268321285586075
rates_99b70abb21175f01,0.01,YY,2,correlated,-5.069689356997636e-10,0.0
rates_99b70abb21175f01,0.01,YZ,2,correlated,2.3510305020585838e-09,0.0
rates_99b70abb21175f01,0.01,ZI,1,local,1.2418453684965742e-10,0.00022693609239175143
rates_99b70abb21175f01,0.01,ZX,2,correlated,-2.0434977764065476e-11,9.809849825657491e-05
rates_99b70abb21175f01,0.01,ZY,2,correlated,-1.854526074109343e-09,0.0
rates_99b70abb21175f01,0.01,ZZ,2,correlated,9.649049881331563e-18,2.0946443460376912e-08
rates_99b70abb21175f01,1.0,IX,1,local,9.092767854408092e-09,0.0027449608911883287
rates_99b70abb21175f01,1.0,IY,1,local,2.835877457329867e-09,0.00012806836652776133
rates_99b70abb21175f01,1.0,IZ,1,local,1.4071104923389036e-10,0.00019700753210704128
rates_99b70abb21175f01,1.0,XI,1,local,7.547182784462713e-09,0.00274495925038138
rates_99b70abb21175f01,1.0,XX,2,correlated,0.028683262742078428,0.0010944455691612907
rates_99b70abb21175f01,1.0,XY,2,correlated,2.3653126837550405e-09,0.00019691945489931436
rates_99b70abb21175f01,1.0,XZ,2,correlated,2.3994884199212465e-10,0.00012800068422731483
rates_99b70abb21175f01,1.0,YI,1,local,2.662188278921664e-09,0.00012806724681065594
rates_99b70abb21175f01,1.0,YX,2,correlated,-6.554760872196009e-10,0.00019691946457844694
rates_99b70abb21175f01,1.0,YY,2,correlated,-4.105797063338133e-11,1.3126139987833523e-09
rates_99b70abb21175f01,1.0,YZ,2,correlated,-3.5998220979782216e-09,0.0
rates_99b70abb21175f01,1.0,ZI,1,local,2.1056174415505655e-10,0.0001970070553856187
rates_99b70abb21175f01,1.0,ZX,2,correlated,3.606619364824528e-10,0.00012800227098560087
rates_99b70abb21175f01,1.0,ZY,2,correlated,9.849729479397691e-11,0.0
rates_99b70abb21175f01,1.0,ZZ,2,correlated,7.05050196435274e-17,1.0574102940474894e-08
rates_99b70abb21175f01,2.0,IX,1,local,3.2345405664952365e-08,0.004414896604732853
rates_99b70abb21175f01,2.0,IY,1,local,-1.2722255585210142e-09,0.00013616275525651353
rates_99b70abb21175f01,2.0,IZ,1,local,-3.5230481521863346e-10,0.00018892597139209762
rates_99b70abb21175f01,2.0,XI,1,local,2.175646366766499e-08,0.0044148962421441855
rates_99b70abb21175f01,2.0,XX,2,correlated,0.04346525235517953,0.0019666857939499164
rates_99b70abb21175f01,2.0,XY,2,correlated,-1.0078841028148121e-10,0.00018882763828017348
rates_99b70abb21175f01,2.0,XZ,2,correlated,-2.57829045450643e-09,0.0001360799526490884
rates_99b70abb21175f01,2.0,YI,1,local,-1.0305843059565052e-09,0.00013616152436480246
rates_99b70abb21175f01,2.0,YX,2,correlated,-2.163566105765133e-09,0.000188829975946209
rates_99b70abb21175f01,2.0,YY,2,correlated,-4.31877712200761e-09,0.0
rates_99b70abb21175f01,2.0,YZ,2,correlated,1.1177336398685049e-09,0.0
rates_99b70abb21175f01,2.0,ZI,1,local,1.8419564780909888e-10,0.0001889246672205215
rates_99b70abb21175f01,2.0,ZX,2,correlated,-1.8808337148339035e-09,0.00013608015004550983
rates_99b70abb21175f01,2.0,ZY,2,correlated,3.3352117440729972e-09,0.0
rates_99b70abb21175f01,2.0,ZZ,2,correlated,-4.971156935663606e-16,1.1047267500877709e-08
rates_99b70abb21175f01,3.0,IX,1,local,1.6338829060993317e-08,0.005992218459711718
rates_99b70abb21175f01,3.0,IY,1,local,-8.142457131350512e-09,0.0001402248235806098
rates_99b70abb21175f01,3.0,IZ,1,local,-2.1119947861019865e-09,0.00018489602452149116
rates_99b70abb21175f01,3.0,XI,1,local,9.821600606530709e-09,0.005992142362393008
rates_99b70abb21175f01,3.0,XX,2,correlated,0.05790524710622362,0.003210671072385824
rates_99b70abb21175f01,3.0,XY,2,correlated,-2.8953863961829127e-08,0.00018480292356706947
rates_99b70abb21175f01,3.0,XZ,2,correlated,4.429615560455984e-09,0.00014006352374624869
rates_99b70abb21175f01,3.0,YI,1,local,6.977348039665421e-10,0.00014015039982066694
rates_99b70abb21175f01,3.0,YX,2,correlated,1.9285166079915835e-08,0.00018480299424369646
rates_99b70abb21175f01,3.0,YY,2,correlated,1.0190878333091904e-08,5.961687571906548e-09
rates_99b70abb21175f01,3.0,YZ,2,correlated,6.255499617276667e-09,0.0
rates_99b70abb21175f01,3.0,ZI,1,local,1.5134744664386345e-09,0.00018489432262118675
rates_99b70abb21175f01,3.0,ZX,2,correlated,5.387010294148075e-09,0.00014013957872935478
rates_99b70abb21175f01,3.0,ZY,2,correlated,-4.8335005385563575e-09,3.215206645715285e-08
rates_99b70abb21175f01,3.0,ZZ,2,correlated,2.725330234717188e-16,0.0
rates_99b70abb21175f01,4.0,IX,1,local,-3.553480286544914e-09,0.007485977329931484
rates_99b70abb21175f01,4.0,IY,1,local,6.027891911326274e-09,0.00014273897006701435
rates_99b70abb21175f01,4.0,IZ,1,local,-1.0323680819357676e-09,0.000182389434797007
rates_99b70abb21175f01,4.0,XI,1,local,-1.9694394862512855e-09,0.007485959638223704
rates_99b70abb21175f01,4.0,XX,2,correlated,0.07200535220575774,0.004783834856435886
rates_99b70abb21175f01,4.0,XY,2,correlated,-9.013568896152663e-09,0.00018226458823850957
rates_99b70abb21175f01,4.0,XZ,2,correlated,-1.1190144155546816e-09,0.00014260456993537478
rates_99b70abb21175f01,4.0,YI,1,local,4.708208632136426e-09,0.00014272002985592355
rates_99b70abb21175f01,4.0,YX,2,correlated,5.974190813695184e-09,0.00018226664738773277
rates_99b70abb21175f01,4.0,YY,2,correlated,-4.261104979954131e-09,9.340428074204924e-10
rates_99b70abb21175f01,4.0,YZ,2,correlated,3.1941365114519198e-09,0.0
rates_99b70abb21175f01,4.0,ZI,1,local,2.020773551102106e-09,0.0001823900684117839
rates_99b70abb21175f01,4.0,ZX,2,correlated,-5.191961939314464e-10,0.00014262081738325262
rates_99b70abb21175f01,4.0,ZY,2,correlated,-4.144358076673031e-09,6.376842814209693e-09
rates_99b70abb21175f01,4.0,ZZ,2,correlated,-6.258769372751203e-16,0.0
rates_9cf49ad0d13c8639,0.01,IX,1,local,-9.70215626661695e-09,0.0006248622616214651
rates_9cf49ad0d13c8639,0.01,IY,1,local,6.83584301178198e-09,9.447192398962206e-09
rates_9cf49ad0d13c8639,0.01,IZ,1,local,-6.209024067082585e-11,9.612003763177855e-09
rates_9cf49ad0d13c8639,0.01,XI,1,local,-1.2095658370868993e-08,0.0006248261883764382
rates_9cf49ad0d13c8639,0.01,XX,2,correlated,0.013724925611850574,0.00032500076987596017
rates_9cf49ad0d13c8639,0.01,XY,2,correlated,-2.0795688539156167e-08,1.1021967522395861e-08
rates_9cf49ad0d13c8639,0.01,XZ,2,correlated,1.3975935975167365e-08,2.3649820924693122e-09
rates_9cf49ad0d13c8639,0.01,YI,1,local,-1.0832647864183158e-08,1.8004469758422243e-09
rates_9cf49ad0d13c8639,0.01,YX,2,correlated,1.7875063327628535e-08,1.0097595338543798e-08
rates_9cf49ad0d13c8639,0.01,YY,2,correlated,2.788832745048097e-08,1.1464978065575082e-08
rates_9cf49ad0d13c8639,0.01,YZ,2,correlated,1.175535526803252e-08,2.8479331731038236e-09
rates_9cf49ad0d13c8639,0.01,ZI,1,local,9.385880192052133e-11,1.0708200304009053e-08
rates_9cf49ad0d13c8639,0.01,ZX,2,correlated,1.3811773874063068e-08,9.309200251644573e-09
rates_9cf49ad0d13c8639,0.01,ZY,2,correlated,-8.834689041928463e-09,8.855408805601237e-09
rates_9cf49ad0d13c8639,0.01,ZZ,2,correlated,-1.017037964382166e-14,1.1687728659892649e-08
rates_9cf49ad0d13c8639,1.0,IX,1,local,7.118313318025703e-09,0.0015593829532971077
rates_9cf49ad0d13c8639,1.0,IY,1,local,-6.823852488554572e-09,3.949770781600491e-09
rates_9cf49ad0d13c8639,1.0,IZ,1,local,-3.741862399768096e-10,2.656190353501981e-09
rates_9cf49ad0d13c8639,1.0,XI,1,local,3.043399263363579e-09,0.0015593798633436189
rates_9cf49ad0d13c8639,1.0,XX,2,correlated,0.02876260521166441,0.0007733096696961703
rates_9cf49ad0d13c8639,1.0,XY,2,correlated,-3.987686364010316e-09,3.913854585747573e-09
rates_9cf49ad0d13c8639,1.0,XZ,2,correlated,2.773691422536451e-09,3.1592271419218906e-09
rates_9cf49ad0d13c8639,1.0,YI,1,local,-2.145100896329424e-09,3.4195576160261576e-09
rates_9cf49ad0d13c8639,1.0,YX,2,correlated,-8.328251623298635e-10,3.579473686259136e-09
rates_9cf49ad0d13c8639,1.0,YY,2,correlated,6.581780934165889e-09,3.1313569894992508e-09
rates_9cf49ad0d13c8639,1.0,YZ,2,correlated,1.3987222798754824e-09,2.672964047893292e-09
rates_9cf49ad0d13c8639,1.0,ZI,1,local,-2.9621235517298697e-12,1.700266027716785e-09
rates_9cf49ad0d13c8639,1.0,ZX,2,correlated,3.2768251540967934e-09,3.840569736150365e-09
rates_9cf49ad0d13c8639,1.0,ZY,2,correlated,8.232272052682444e-11,3.463964620061914e-09
rates_9cf49ad0d13c8639,1.0,ZZ,2,correlated,-6.020247758711429e-16,1.383987550430954e-09
rates_9cf49ad0d13c8639,2.0,IX,1,local,3.1085862602829094e-08,0.0024533954862762278
rates_9cf49ad0d13c8639,2.0,IY,1,local,3.333255092689139e-10,9.639042924567635e-09
rates_9cf49ad0d13c8639,2.0,IZ,1,local,7.517063153462772e-10,7.070853653094349e-09
rates_9cf49ad0d13c8639,2.0,XI,1,local,3.355554963552765e-08,0.00245339930857745
rates_9cf49ad0d13c8639,2.0,XX,2,correlated,0.04364472554131458,0.0016392481506169385
rates_9cf49ad0d13c8639,2.0,XY,2,correlated,8.351694710720269e-09,7.299148929859004e-09
rates_9cf49ad0d13c8639,2.0,XZ,2,correlated,3.4948712696477017e-09,1.2391973472206975e-08
rates_9cf49ad0d13c8639,2.0,YI,1,local,1.466943035387955e-09,5.2980999295853745e-09
rates_9cf49ad0d13c8639,2.0,YX,2,correlated,-3.4856457827693493e-10,1.1510320765744861e-08
rates_9cf49ad0d13c8639,2.0,YY,2,correlated,7.095967942664533e-09,4.3785517046168317e-10
rates_9cf49ad0d13c8639,2.0,YZ,2,correlated,-7.324241415778888e-09,5.939232091263726e-10
rates_9cf49ad0d13c8639,2.0,ZI,1,local,-2.947920958044451e-10,1.0395833271471556e-08
rates_9cf49ad0d13c8639,2.0,ZX,2,correlated,3.0751002255602543e-09,5.624714801994585e-09
rates_9cf49ad0d13c8639,2.0,ZY,2,correlated,-3.7839102829722763e-10,5.713824812597634e-10
rates_9cf49ad0d13c8639,2.0,ZZ,2,correlated,3.480149532894544e-16,1.3231966772275783e-09
rates_9cf49ad0d13c8639,3.0,IX,1,local,1.3203418326557822e-08,0.0032988554169410063
rates_9cf49ad0d13c8639,3.0,IY,1,local,-2.318505426279797e-09,9.787998999147545e-09
rates_9cf49ad0d13c8639,3.0,IZ,1,local,-1.988243810603579e-10,1.3493363261125198e-08
rates_9cf49ad0d13c8639,3.0,XI,1,local,1.6793829234405535e-08,0.0032988770129178772
rates_9cf49ad0d13c8639,3.0,XX,2,correlated,0.05821530573393995,0.00287423683487333
rates_9cf49ad0d13c8639,3.0,XY,2,correlated,6.5105903754942024e-09,1.1549540517919506e-08
rates_9cf49ad0d13c8639,3.0,XZ,2,correlated,-3.889732636719133e-09,1.4083311882499449e-08
rates_9cf49ad0d13c8639,3.0,YI,1,local,1.6361503140774637e-09,1.1185725097236352e-08
rates_9cf49ad0d13c8639,3.0,YX,2,correlated,-9.137930876566633e-09,1.3547772913929945e-08
rates_9cf49ad0d13c8639,3.0,YY,2,correlated,-7.188021036662497e-09,2.9784090889910638e-08
rates_9cf49ad0d13c8639,3.0,YZ,2,correlated,-2.1709596667414515e-09,3.21118538325247e-08
rates_9cf49ad0d13c8639,3.0,ZI,1,local,1.9401768115463009e-10,1.2945639516021636e-08
rates_9cf49ad0d13c8639,3.0,ZX,2,correlated,-3.159464834793037e-09,1.0475688591322224e-08
rates_9cf49ad0d13c8639,3.0,ZY,2,correlated,3.160077411729283e-09,2.641912296525925e-08
rates_9cf49ad0d13c8639,3.0,ZZ,2,correlated,-1.758009783517031e-15,2.6969639342969143e-08
rates_9cf49ad0d13c8639,4.0,IX,1,local,4.258389171038595e-09,0.0041010581571111785
rates_9cf49ad0d13c8639,4.0,IY,1,local,5.549785674429361e-09,6.877593340865774e-09
rates_9cf49ad0d13c8639,4.0,IZ,1,local,-4.914572887084464e-10,5.5381908179217896e-09
rates_9cf49ad0d13c8639,4.0,XI,1,local,-1.4179274993260616e-08,0.004101074484064007
rates_9cf49ad0d13c8639,4.0,XX,2,correlated,0.07246977089827285,0.004438821668333272
rates_9cf49ad0d13c8639,4.0,XY,2,correlated,4.089427393240039e-09,2.5482428222655534e-09
rates_9cf49ad0d13c8639,4.0,XZ,2,correlated,-2.761424344301335e-09,5.439395805789064e-09
rates_9cf49ad0d13c8639,4.0,YI,1,local,2.0851709868733592e-09,9.951518852416461e-09
rates_9cf49ad0d13c8639,4.0,YX,2,correlated,2.1996344982621895e-09,8.476140250833833e-09
rates_9cf49ad0d13c8639,4.0,YY,2,correlated,-5.702769139772479e-09,1.3563087919703926e-08
rates_9cf49ad0d13c8639,4.0,YZ,2,correlated,-1.4698631299474207e-09,1.1757246881981554e-08
rates_9cf49ad0d13c8639,4.0,ZI,1,local,6.346775555601045e-10,9.651769383209619e-09
rates_9cf49ad0d13c8639,4.0,ZX,2,correlated,-1.9595322792594272e-09,3.3556240468593512e-09
rates_9cf49ad0d13c8639,4.0,ZY,2,correlated,-6.959690107843824e-09,8.493923911445656e-09
rates_9cf49ad0d13c8639,4.0,ZZ,2,correlated,1.1770867013003496e-15,1.285747262217557e-08
rates_a6b00ad014b8547a,0.01,IX,1,local,-2.2782381860505027e-08,0.0001099286096309318
rates_a6b00ad014b8547a,0.01,IY,1,local,-1.2350600928164396e-08,9.825522651572901e-05
rates_a6b00ad014b8547a,0.01,IZ,1,local,3.47882108217808e-10,0.00022670830643953198
rates_a6b00ad014b8547a,0.01,XI,1,local,-1.698870164173952e-08,0.00010998548468065761
rates_a6b00ad014b8547a,0.01,XX,2,correlated,0.013736883149840258,2.393380606967359e-06
rates_a6b00ad014b8547a,0.01,XY,2,correlated,2.419764810897787e-08,0.00022671342054569137
rates_a6b00ad014b8547a,0.01,XZ,2,correlated,1.274371538732907e-08,9.83117201853507e-05
rates_a6b00ad014b8547a,0.01,YI,1,local,6.1048974021328516e-09,9.831216109415222e-05
rates_a6b00ad014b8547a,0.01,YX,2,correlated,-2.7619204637078645e-08,0.00022671321280174023
rates_a6b00ad014b8547a,0.01,YY,2,correlated,2.6320370217746606e-08,0.0
rates_a6b00ad014b8547a,0.01,YZ,2,correlated,-1.1506331757951047e-08,1.7217784159009842e-08
rates_a6b00ad014b8547a,0.01,ZI,1,local,-5.054636328252716e-10,0.00022670855578640854
rates_a6b00ad014b8547a,0.01,ZX,2,correlated,1.3312267633255292e-08,9.825474400177939e-05
rates_a6b00ad014b8547a,0.01,ZY,2,correlated,1.1943270440657042e-08,0.0
rates_a6b00ad014b8547a,0.01,ZZ,2,correlated,-1.2327975458806004e-16,1.6761162174015222e-08
rates_a6b00ad014b8547a,1.0,IX,1,local,1.210105755354581e-08,0.00021868715841991094
rates_a6b00ad014b8547a,1.0,IY,1,local,-3.9832069778104633e-10,0.00012828662672992035
rates_a6b00ad014b8547a,1.0,IZ,1,local,1.219194450080478e-10,0.00019670433913472548
rates_a6b00ad014b8547a,1.0,XI,1,local,3.5079684919271023e-10,0.0002187017650114324
rates_a6b00ad014b8547a,1.0,XX,2,correlated,0.028839198991024887,0.00046005083398469135
rates_a6b00ad014b8547a,1.0,XY,2,correlated,4.998670810584099e-09,0.00019670347995434805
rates_a6b00ad014b8547a,1.0,XZ,2,correlated,1.5154358369276108e-10,0.0001283012146540915
rates_a6b00ad014b8547a,1.0,YI,1,local,-8.859861435030312e-10,0.00012830004131148218
rates_a6b00ad014b8547a,1.0,YX,2,correlated,-6.177381988618861e-09,0.00019670491679056715
rates_a6b00ad014b8547a,1.0,YY,2,correlated,5.689156391940351e-10,0.0
rates_a6b00ad014b8547a,1.0,YZ,2,correlated,-1.2733501504239782e-09,0.0
rates_a6b00ad014b8547a,1.0,ZI,1,local,-1.611939620792181e-10,0.00019670381691144572
rates_a6b00ad014b8547a,1.0,ZX,2,correlated,2.6135447370760625e-10,0.00012828688545983463
rates_a6b00ad014b8547a,1.0,ZY,2,correlated,2.3693867627065166e-09,0.0
rates_a6b00ad014b8547a,1.0,ZZ,2,correlated,-2.0184730461810845e-16,1.3018582283987686e-08
rates_a6b00ad014b8547a,2.0,IX,1,local,4.422758043886035e-08,0.00031824401087032555
rates_a6b00ad014b8547a,2.0,IY,1,local,2.4804507807803234e-10,0.00013642571128790222
rates_a6b00ad014b8547a,2.0,IZ,1,local,7.777069954379493e-10,0.00018856864679224356
rates_a6b00ad014b8547a,2.0,XI,1,local,4.081404500431281e-08,0.0003182439005784844
rates_a6b00ad014b8547a,2.0,XX,2,correlated,0.043824444712388985,0.001335547041848031
rates_a6b00ad014b8547a,2.0,XY,2,correlated,1.082190213681121e-08,0.00018857112222860553
rates_a6b00ad014b8547a,2.0,XZ,2,correlated,2.3430644314186173e-09,0.00013642983643243731
rates_a6b00ad014b8547a,2.0,YI,1,local,6.5361356523866626e-09,0.00013642456487482203
rates_a6b00ad014b8547a,2.0,YX,2,correlated,-1.3256596201624046e-09,0.0001885739414399705
rates_a6b00ad014b8547a,2.0,YY,2,correlated,3.722414167155512e-09,0.0
rates_a6b00ad014b8547a,2.0,YZ,2,correlated,-9.744361589304706e-09,0.0
rates_a6b00ad014b8547a,2.0,ZI,1,local,3.318546930291936e-11,0.00018856844774861554
rates_a6b00ad014b8547a,2.0,ZX,2,correlated,1.7317378085416562e-09,0.00013642836267617126
rates_a6b00ad014b8547a,2.0,ZY,2,correlated,2.990500421877616e-09,0.0
rates_a6b00ad014b8547a,2.0,ZZ,2,correlated,1.091456464735643e-15,1.404978028313002e-08
rates_a6b00ad014b8547a,3.0,IX,1,local,1.1319290399266326e-08,0.00040617877518921077
rates_a6b00ad014b8547a,3.0,IY,1,local,4.981855928359475e-09,0.0001404923646386145
rates_a6b00ad014b8547a,3.0,IZ,1,local,5.5568832381934194e-11,0.00018452483356449467
rates_a6b00ad014b8547a,3.0,XI,1,local,-6.958683951501686e-09,0.000406169679195696
rates_a6b00ad014b8547a,3.0,XX,2,correlated,0.05852888503853788,0.002583143740227369
rates_a6b00ad014b8547a,3.0,XY,2,correlated,1.692261553699854e-09,0.00018448730823471715
rates_a6b00ad014b8547a,3.0,XZ,2,correlated,2.1943825991254129e-10,0.00014049087136522057
rates_a6b00ad014b8547a,3.0,YI,1,local,1.1180562387351517e-09,0.00014048607919715184
rates_a6b00ad014b8547a,3.0,YX,2,correlated,1.0374040604452118e-08,0.000184489195333937
rates_a6b00ad014b8547a,3.0,YY,2,correlated,-8.753805912013957e-10,0.0
rates_a6b00ad014b8547a,3.0,YZ,2,correlated,6.783313437029551e-10,0.0
rates_a6b00ad014b8547a,3.0,ZI,1,local,6.703176434702373e-10,0.00018451946452023948
rates_a6b00ad014b8547a,3.0,ZX,2,correlated,-3.6333874487677253e-10,0.0001405006387509161
rates_a6b00ad014b8547a,3.0,ZY,2,correlated,-3.963074409348638e-09,0.0
rates_a6b00ad014b8547a,3.0,ZZ,2,correlated,2.756907430017214e-16,1.3866591995484391e-08
rates_a6b00ad014b8547a,4.0,IX,1,local,1.8636057936438903e-08,0.00048588137200292507
rates_a6b00ad014b8547a,4.0,IY,1,local,2.2522247215487575e-08,0.00014303461017040788
rates_a6b00ad014b8547a,4.0,IZ,1,local,2.5746317650575847e-09,0.00018197627104693997
rates_a6b00ad014b8547a,4.0,XI,1,local,2.6756962517679296e-09,0.00048591699362824644
rates_a6b00ad014b8547a,4.0,XX,2,correlated,0.07294136640917509,0.00416448684836984
rates_a6b00ad014b8547a,4.0,XY,2,correlated,2.1131722633992757e-08,0.00018191960525381522
rates_a6b00ad014b8547a,4.0,XZ,2,correlated,2.4026461874795467e-09,0.00014305659000384623
rates_a6b00ad014b8547a,4.0,YI,1,local,7.853355165113685e-10,0.00014306792753447596
rates_a6b00ad014b8547a,4.0,YX,2,correlated,3.932926378242697e-09,0.00018192954283292396
rates_a6b00ad014b8547a,4.0,YY,2,correlated,-1.6518603152117247e-09,0.0
rates_a6b00ad014b8547a,4.0,YZ,2,correlated,-2.8425646413206908e-09,8.62500413767491e-09
rates_a6b00ad014b8547a,4.0,ZI,1,local,-1.2093895832800255e-10,0.00018197138625638466
rates_a6b00ad014b8547a,4.0,ZX,2,correlated,-1.3003564407195407e-09,0.000143018219849945
rates_a6b00ad014b8547a,4.0,ZY,2,correlated,-4.236915511438442e-09,0.0
rates_a6b00ad014b8547a,4.0,ZZ,2,correlated,-3.423741942490482e-16,3.014557290901762e-08
rates_a6ce76b38e46ff5e,0.01,IX,1,local,-5.745776770500373e-09,5.997345955858616e-05
rates_a6ce76b38e46ff5e,0.01,IY,1,local,-3.5646316738710124e-11,1.1098471622047301e-05
rates_a6ce76b38e46ff5e,0.01,IZ,1,local,5.25058294586078e-11,3.055703416318779e-05
rates_a6ce76b38e46ff5e,0.01,XI,1,local,6.088578217922613e-10,5.9979541808063e-05
rates_a6ce76b38e46ff5e,0.01,XX,2,correlated,0.013736789092742214,2.3925991791961392e-06
rates_a6ce76b38e46ff5e,0.01,XY,2,correlated,1.916966686766208e-09,3.056428325466674e-05
rates_a6ce76b38e46ff5e,0.01,XZ,2,correlated,-2.6033980443738456e-09,1.1105359131769688e-05
rates_a6ce76b38e46ff5e,0.01,YI,1,local,2.0242946515352485e-09,1.1104807387553506e-05
rates_a6ce76b38e46ff5e,0.01,YX,2,correlated,-3.7495352702487515e-09,3.056448577005926e-05
rates_a6ce76b38e46ff5e,0.01,YY,2,correlated,-5.313198804356076e-09,7.67974009968025e-09
rates_a6ce76b38e46ff5e,0.01,YZ,2,correlated,-2.3337728986052287e-09,6.823831597898212e-09
rates_a6ce76b38e46ff5e,0.01,ZI,1,local,1.1873585700140306e-11,3.0557042796560125e-05
rates_a6ce76b38e46ff5e,0.01,ZX,2,correlated,-2.6361748541323436e-09,1.109881220412513e-05
rates_a6ce76b38e46ff5e,0.01,ZY,2,correlated,3.411827897957785e-10,4.297333736502843e-09
rates_a6ce76b38e46ff5e,0.01,ZZ,2,correlated,3.5102474497894947e-15,4.303522805856105e-09
rates_a6ce76b38e46ff5e,1.0,IX,1,local,-1.1509378211494708e-10,0.00016870584990120262
rates_a6ce76b38e46ff5e,1.0,IY,1,local,-3.860235876972346e-09,1.56470548634726e-05
rates_a6ce76b38e46ff5e,1.0,IZ,1,local,2.2305988911888696e-10,2.600566075169481e-05
rates_a6ce76b38e46ff5e,1.0,XI,1,local,5.056946139246401e-09,0.0001687106099725998
rates_a6ce76b38e46ff5e,1.0,XX,2,correlated,0.028839149732493782,0.00046005935926757876
rates_a6ce76b38e46ff5e,1.0,XY,2,correlated,6.451499352886341e-10,2.602322068293068e-05
rates_a6ce76b38e46ff5e,1.0,XZ,2,correlated,-3.1873933895241223e-09,1.5651773015992962e-05
rates_a6ce76b38e46ff5e,1.0,YI,1,local,4.563961476484491e-09,1.565177266664654e-05
rates_a6ce76b38e46ff5e,1.0,YX,2,correlated,-4.830785564921928e-09,2.602355848172162e-05
rates_a6ce76b38e46ff5e,1.0,YY,2,correlated,-6.53333065729849e-09,1.0828357336600961e-08
rates_a6ce76b38e46ff5e,1.0,YZ,2,correlated,-3.903293181523586e-09,2.2113416698968764e-09
rates_a6ce76b38e46ff5e,1.0,ZI,1,local,-2.099344148535982e-10,2.6006021504182917e-05
rates_a6ce76b38e46ff5e,1.0,ZX,2,correlated,-3.121748494634865e-09,1.5646356651569977e-05
rates_a6ce76b38e46ff5e,1.0,ZY,2,correlated,-5.598964884517517e-10,3.916994450240045e-10
rates_a6ce76b38e46ff5e,1.0,ZZ,2,correlated,2.1575811851506048e-16,2.8060793910386107e-09
rates_a6ce76b38e46ff5e,2.0,IX,1,local,3.274056861566091e-08,0.0002682584166075427
rates_a6ce76b38e46ff5e,2.0,IY,1,local,4.312812127887429e-09,1.6879645299815355e-05
rates_a6ce76b38e46ff5e,2.0,IZ,1,local,-1.3423590217451192e-09,2.477512037543391e-05
rates_a6ce76b38e46ff5e,2.0,XI,1,local,3.922730252537493e-08,0.00026825366038938297
rates_a6ce76b38e46ff5e,2.0,XX,2,correlated,0.04382437600757207,0.0013355513618853172
rates_a6ce76b38e46ff5e,2.0,XY,2,correlated,-2.2093835795596747e-09,2.4790001461682607e-05
rates_a6ce76b38e46ff5e,2.0,XZ,2,correlated,-3.858743824824313e-09,1.6878485476901908e-05
rates_a6ce76b38e46ff5e,2.0,YI,1,local,2.7481297881839223e-09,1.6875085546724205e-05
rates_a6ce76b38e46ff5e,2.0,YX,2,correlated,6.736367172683133e-09,2.4787378510898804e-05
rates_a6ce76b38e46ff5e,2.0,YY,2,correlated,-5.882742697761732e-09,1.135449038209221e-08
rates_a6ce76b38e46ff5e,2.0,YZ,2,correlated,-2.097634905024024e-10,1.937582495436093e-09
rates_a6ce76b38e46ff5e,2.0,ZI,1,local,1.0145786743555188e-09,2.4776551192027043e-05
rates_a6ce76b38e46ff5e,2.0,ZX,2,correlated,-2.6683376654042086e-09,1.6884237358349443e-05
rates_a6ce76b38e46ff5e,2.0,ZY,2,correlated,-7.462248415398686e-09,3.967193021611394e-09
rates_a6ce76b38e46ff5e,2.0,ZZ,2,correlated,8.31030041457847e-16,1.0777905929499829e-08
rates_a6ce76b38e46ff5e,3.0,IX,1,local,1.9640692075516195e-08,0.0003561767659097309
rates_a6ce76b38e46ff5e,3.0,IY,1,local,3.5790007951967686e-09,1.748795210970027e-05
rates_a6ce76b38e46ff5e,3.0,IZ,1,local,3.125662395600355e-10,2.4168367051877468e-05
rates_a6ce76b38e46ff5e,3.0,XI,1,local,1.8128510649344622e-09,0.0003561834563263674
rates_a6ce76b38e46ff5e,3.0,XX,2,correlated,0.058528822096923276,0.0025831472460925682
rates_a6ce76b38e46ff5e,3.0,XY,2,correlated,6.1489454934801485e-09,2.4154635145089625e-05
rates_a6ce76b38e46ff5e,3.0,XZ,2,correlated,3.2451102317586407e-09,1.7497620338773085e-05
rates_a6ce76b38e46ff5e,3.0,YI,1,local,7.646032414872254e-10,1.749286435850114e-05
rates_a6ce76b38e46ff5e,3.0,YX,2,correlated,2.013869502933205e-09,2.415528882238261e-05
rates_a6ce76b38e46ff5e,3.0,YY,2,correlated,5.491403499726653e-09,2.418756776458744e-08
rates_a6ce76b38e46ff5e,3.0,YZ,2,correlated,-3.259646330508429e-09,1.201008967606547e-08
rates_a6ce76b38e46ff5e,3.0,ZI,1,local,-4.86037426816653e-10,2.4166479115764646e-05
rates_a6ce76b38e46ff5e,3.0,ZX,2,correlated,1.6305620574768403e-09,1.74939423057929e-05
rates_a6ce76b38e46ff5e,3.0,ZY,2,correlated,-2.9582858963427256e-09,8.190925811636489e-09
rates_a6ce76b38e46ff5e,3.0,ZZ,2,correlated,5.894332094243229e-16,2.4662784306114793e-08
rates_a6ce76b38e46ff5e,4.0,IX,1,local,9.257264881974717e-10,0.00043591712314829285
rates_a6ce76b38e46ff5e,4.0,IY,1,local,-1.1605184164914882e-09,1.7898496711128592e-05
rates_a6ce76b38e46ff5e,4.0,IZ,1,local,-8.52984836275443e-10,2.3788868251745156e-05
rates_a6ce76b38e46ff5e,4.0,XI,1,local,2.8653110720577626e-09,0.0004359019413957303
rates_a6ce76b38e46ff5e,4.0,XX,2,correlated,0.0729412832914207,0.0041645060831283585
rates_a6ce76b38e46ff5e,4.0,XY,2,correlated,-7.992676010879336e-09,2.3767488007336043e-05
rates_a6ce76b38e46ff5e,4.0,XZ,2,correlated,-4.22614091077292e-09,1.7869671325163118e-05
rates_a6ce76b38e46ff5e,4.0,YI,1,local,-1.6122243262361865e-09,1.7881443144439415e-05
rates_a6ce76b38e46ff5e,4.0,YX,2,correlated,1.8321129893446195e-09,2.3768247106672764e-05
rates_a6ce76b38e46ff5e,4.0,YY,2,correlated,-6.744498912479969e-09,6.592667057017859e-09
rates_a6ce76b38e46ff5e,4.0,YZ,2,correlated,5.108497834486904e-09,0.0
rates_a6ce76b38e46ff5e,4.0,ZI,1,local,-2.1308948756602706e-10,2.3789844006583734e-05
rates_a6ce76b38e46ff5e,4.0,ZX,2,correlated,-3.1657754147100796e-09,1.788499001866506e-05
rates_a6ce76b38e46ff5e,4.0,ZY,2,correlated,2.162426622220015e-09,7.024666406505939e-09
rates_a6ce76b38e46ff5e,4.0,ZZ,2,correlated,2.364972783869439e-16,1.189551644784504e-08
rates_a8953962d6e58e19,0.01,IX,1,local,-1.561087341706346e-08,0.00030379406613261287
rates_a8953962d6e58e19,0.01,IY,1,local,-2.6255346643736958e-09,1.0787862711460433e-09
rates_a8953962d6e58e19,0.01,IZ,1,local,-3.4939126616660934e-11,3.6090326713514163e-09
rates_a8953962d6e58e19,0.01,XI,1,local,-1.0357724377431742e-08,0.0003037952285919857
rates_a8953962d6e58e19,0.01,XX,2,correlated,0.013744529714012544,2.5366210454085956e-06
rates_a8953962d6e58e19,0.01,XY,2,correlated,1.1118563421444653e-09,4.672616227979171e-09
rates_a8953962d6e58e19,0.01,XZ,2,correlated,-8.348745691488554e-10,7.303232036114803e-10
rates_a8953962d6e58e19,0.01,YI,1,local,-3.001842001240656e-09,5.091280223570162e-09
rates_a8953962d6e58e19,0.01,YX,2,correlated,-3.205751097324659e-10,5.849895887605249e-09
rates_a8953962d6e58e19,0.01,YY,2,correlated,-1.5657516949554273e-09,1.396246219366357e-09
rates_a8953962d6e58e19,0.01,YZ,2,correlated,-1.9737130654537227e-09,1.3340140946688368e-09
rates_a8953962d6e58e19,0.01,ZI,1,local,6.739635935286207e-11,3.605239899962116e-09
rates_a8953962d6e58e19,0.01,ZX,2,correlated,-8.106207982695725e-10,5.036319218382126e-09
rates_a8953962d6e58e19,0.01,ZY,2,correlated,-1.0890853966040385e-09,1.1576865099608246e-09
rates_a8953962d6e58e19,0.01,ZZ,2,correlated,1.3613496780423959e-15,1.0577101533493748e-09
rates_a8953962d6e58e19,1.0,IX,1,local,5.114786538429232e-09,0.0004078190743938798
rates_a8953962d6e58e19,1.0,IY,1,local,1.9011431206587567e-10,2.618206958929345e-09
rates_a8953962d6e58e19,1.0,IZ,1,local,-6.343609025205742e-11,2.2674751000114203e-09
rates_a8953962d6e58e19,1.0,XI,1,local,7.397155468302155e-09,0.00040781948159510827
rates_a8953962d6e58e19,1.0,XX,2,correlated,0.02884711143334677,0.00046038639037013636
rates_a8953962d6e58e19,1.0,XY,2,correlated,1.2652068844666688e-09,2.562865190225026e-09
rates_a8953962d6e58e19,1.0,XZ,2,correlated,4.052201587080817e-09,2.973608334822756e-09
rates_a8953962d6e58e19,1.0,YI,1,local,1.0912675999335002e-09,2.282217534917056e-09
rates_a8953962d6e58e19,1.0,YX,2,correlated,-1.4988535233959495e-09,1.7376250091843005e-09
rates_a8953962d6e58e19,1.0,YY,2,correlated,8.188062831555197e-09,4.717573853884366e-10
rates_a8953962d6e58e19,1.0,YZ,2,correlated,-6.975850677371186e-10,1.1272108008676212e-09
rates_a8953962d6e58e19,1.0,ZI,1,local,-4.233346320646849e-11,2.219161484029528e-09
rates_a8953962d6e58e19,1.0,ZX,2,correlated,4.091246569624759e-09,2.8962617528880893e-09
rates_a8953962d6e58e19,1.0,ZY,2,correlated,1.755157247114774e-09,7.347666815802657e-10
rates_a8953962d6e58e19,1.0,ZZ,2,correlated,-2.2079126489246665e-16,8.944336381570481e-10
rates_a8953962d6e58e19,2.0,IX,1,local,3.724469618042837e-08,0.0005027316667595373
rates_a8953962d6e58e19,2.0,IY,1,local,2.005615790071891e-09,1.0226624548799782e-08
rates_a8953962d6e58e19,2.0,IZ,1,local,-1.1224502540512336e-11,6.737742800626383e-09
rates_a8953962d6e58e19,2.0,XI,1,local,3.950897899775532e-08,0.0005027338049744467
rates_a8953962d6e58e19,2.0,XX,2,correlated,0.043832784870935365,0.0013360983554505453
rates_a8953962d6e58e19,2.0,XY,2,correlated,-5.4260707348174575e-09,1.1265429006218131e-08
rates_a8953962d6e58e19,2.0,XZ,2,correlated,4.410613741620997e-09,1.1975680261999243e-08
rates_a8953962d6e58e19,2.0,YI,1,local,-3.6025145401682934e-09,8.510304134425258e-09
rates_a8953962d6e58e19,2.0,YX,2,correlated,-3.4225347117512194e-09,1.4613885099875462e-08
rates_a8953962d6e58e19,2.0,YY,2,correlated,7.9740109349007e-09,1.1498676898807132e-09
rates_a8953962d6e58e19,2.0,YZ,2,correlated,2.3130575515560143e-09,5.071269919853446e-10
rates_a8953962d6e58e19,2.0,ZI,1,local,-2.057218709830826e-10,7.677796000285846e-09
rates_a8953962d6e58e19,2.0,ZX,2,correlated,4.321594443195931e-09,7.083547504420015e-09
rates_a8953962d6e58e19,2.0,ZY,2,correlated,-4.5965068006249447e-10,8.335236314094968e-10
rates_a8953962d6e58e19,2.0,ZZ,2,correlated,-6.846518651013302e-16,4.598715002551712e-10
rates_a8953962d6e58e19,3.0,IX,1,local,2.100467011686312e-08,0.0005861374817225288
rates_a8953962d6e58e19,3.0,IY,1,local,1.8768584989993174e-08,1.0519322335373954e-08
rates_a8953962d6e58e19,3.0,IZ,1,local,4.9826514211312356e-11,2.6703934012266067e-08
rates_a8953962d6e58e19,3.0,XI,1,local,-2.0256858791665912e-08,0.0005861556198002161
rates_a8953962d6e58e19,3.0,XX,2,correlated,0.05853791558677413,0.002583844693441111
rates_a8953962d6e58e19,3.0,XY,2,correlated,1.2333180050701635e-08,1.160088001388778e-08
rates_a8953962d6e58e19,3.0,XZ,2,correlated,-1.883906659593214e-09,1.0920828416355246e-08
rates_a8953962d6e58e19,3.0,YI,1,local,9.61857474547173e-10,1.7317565055367374e-08
rates_a8953962d6e58e19,3.0,YX,2,correlated,3.5972260871373666e-08,2.3864242364992835e-09
rates_a8953962d6e58e19,3.0,YY,2,correlated,-3.757544281558577e-09,3.5161017318813863e-09
rates_a8953962d6e58e19,3.0,YZ,2,correlated,1.682621893255421e-09,1.2711620875957387e-08
rates_a8953962d6e58e19,3.0,ZI,1,local,3.1164116557410637e-09,7.761504080953937e-09
rates_a8953962d6e58e19,3.0,ZX,2,correlated,-1.2570255638224455e-09,1.2533547260598285e-08
rates_a8953962d6e58e19,3.0,ZY,2,correlated,-3.196152664942014e-08,7.395438081370109e-09
rates_a8953962d6e58e19,3.0,ZZ,2,correlated,1.7509759321565306e-15,9.194756611695734e-09
rates_a8953962d6e58e19,4.0,IX,1,local,5.487320055478954e-09,0.0006614775283676055
rates_a8953962d6e58e19,4.0,IY,1,local,4.393767311465918e-09,5.9750867465799946e-09
rates_a8953962d6e58e19,4.0,IZ,1,local,2.0824803941520007e-09,5.3764350150986396e-09
rates_a8953962d6e58e19,4.0,XI,1,local,-9.599703018256592e-09,0.0006614854281936325
rates_a8953962d6e58e19,4.0,XX,2,correlated,0.07295120976888718,0.004165502808858903
rates_a8953962d6e58e19,4.0,XY,2,correlated,2.1603512335669804e-09,1.6250853684647917e-09
rates_a8953962d6e58e19,4.0,XZ,2,correlated,6.813689104345999e-10,3.011779483089432e-09
rates_a8953962d6e58e19,4.0,YI,1,local,-3.643206307572473e-09,5.576535360980565e-09
rates_a8953962d6e58e19,4.0,YX,2,correlated,-5.6340090032976686e-09,5.263421686343972e-09
rates_a8953962d6e58e19,4.0,YY,2,correlated,-2.3351295975543618e-09,7.657593872539514e-09
rates_a8953962d6e58e19,4.0,YZ,2,correlated,-3.025116668975467e-10,7.743770621273488e-09
rates_a8953962d6e58e19,4.0,ZI,1,local,-1.8116718339847475e-09,6.584444277104209e-09
rates_a8953962d6e58e19,4.0,ZX,2,correlated,-2.6390986731957533e-09,2.3051634925972536e-09
rates_a8953962d6e58e19,4.0,ZY,2,correlated,4.710258626776376e-09,4.921659696903331e-09
rates_a8953962d6e58e19,4.0,ZZ,2,correlated,1.604268001337702e-16,6.290487306829379e-09
rates_ae8ba9de8b4b2cef,0.01,IX,1,local,-1.5758992847955333e-08,0.0005028193522745591
rates_ae8ba9de8b4b2cef,0.01,IY,1,local,2.5342534723619344e-09,1.1085905022140237e-05
rates_ae8ba9de8b4b2cef,0.01,IZ,1,local,1.3464301023204928e-11,3.057657163187948e-05
rates_ae8ba9de8b4b2cef,0.01,XI,1,local,1.0922845193370461e-09,0.0005028296294557545
rates_ae8ba9de8b4b2cef,0.01,XX,2,correlated,0.013720924442145238,0.0003249738402295529
rates_ae8ba9de8b4b2cef,0.01,XY,2,correlated,1.6387929859526137e-09,3.057307900573957e-05
rates_ae8ba9de8b4b2cef,0.01,XZ,2,correlated,4.121811005798209e-10,1.109438003818266e-05
rates_ae8ba9de8b4b2cef,0.01,YI,1,local,-4.203754860872833e-09,1.1096310447157033e-05
rates_ae8ba9de8b4b2cef,0.01,YX,2,correlated,-1.2913937929129245e-09,3.0572293312563776e-05
rates_ae8ba9de8b4b2cef,0.01,YY,2,correlated,8.411253084766188e-10,3.624991182787144e-09
rates_ae8ba9de8b4b2cef,0.01,YZ,2,correlated,1.267200018842071e-10,3.932377167552035e-09
rates_ae8ba9de8b4b2cef,0.01,ZI,1,local,-6.038081050238883e-11,3.057733862054215e-05
rates_ae8ba9de8b4b2cef,0.01,ZX,2,correlated,3.1863522481354287e-10,1.1083993315919049e-05
rates_ae8ba9de8b4b2cef,0.01,ZY,2,correlated,-1.9558864557245407e-09,0.0
rates_ae8ba9de8b4b2cef,0.01,ZZ,2,correlated,-1.9606137856393184e-16,2.2036745770726875e-09
rates_ae8ba9de8b4b2cef,1.0,IX,1,local,3.2548764683396814e-09,0.0014396769613124547
rates_ae8ba9de8b4b2cef,1.0,IY,1,local,1.3825890661282906e-09,1.563172638378633e-05
rates_ae8ba9de8b4b2cef,1.0,IZ,1,local,-2.1047056638111907e-10,2.6037207440249004e-05
rates_ae8ba9de8b4b2cef,1.0,XI,1,local,6.474520637935683e-09,0.001439677528056407
rates_ae8ba9de8b4b2cef,1.0,XX,2,correlated,0.0287585252510541,0.0007731870094689127
rates_ae8ba9de8b4b2cef,1.0,XY,2,correlated,1.6595591828054356e-09,2.6032350968502955e-05
rates_ae8ba9de8b4b2cef,1.0,XZ,2,correlated,-2.389971726723735e-09,1.5628753553253786e-05
rates_ae8ba9de8b4b2cef,1.0,YI,1,local,3.2325397110926347e-09,1.5632358396210494e-05
rates_ae8ba9de8b4b2cef,1.0,YX,2,correlated,3.3721838423149753e-09,2.603228845387992e-05
rates_ae8ba9de8b4b2cef,1.0,YY,2,correlated,-4.411618811071653e-09,3.971139884523371e-09
rates_ae8ba9de8b4b2cef,1.0,YZ,2,correlated,-2.0506407857308996e-09,7.682812639674615e-10
rates_ae8ba9de8b4b2cef,1.0,ZI,1,local,3.1739549020838663e-10,2.6037332150898597e-05
rates_ae8ba9de8b4b2cef,1.0,ZX,2,correlated,-1.9134023109517538e-09,1.5628059346576868e-05
rates_ae8ba9de8b4b2cef,1.0,ZY,2,correlated,-3.8996591300655534e-09,6.777450181662123e-10
rates_ae8ba9de8b4b2cef,1.0,ZZ,2,correlated,8.459346087348887e-17,4.159291943630836e-09
rates_ae8ba9de8b4b2cef,2.0,IX,1,local,4.07940094444246e-08,0.0023359612886104403
rates_ae8ba9de8b4b2cef,2.0,IY,1,local,-3.262993447523756e-09,1.6862501560725246e-05
rates_ae8ba9de8b4b2cef,2.0,IZ,1,local,-6.9940838827678e-11,2.480375242460362e-05
rates_ae8ba9de8b4b2cef,2.0,XI,1,local,3.9597983841331886e-08,0.002335955638412626
rates_ae8ba9de8b4b2cef,2.0,XX,2,correlated,0.04364043831352806,0.0016390746364178099
rates_ae8ba9de8b4b2cef,2.0,XY,2,correlated,3.4457914706156946e-09,2.480884723689777e-05
rates_ae8ba9de8b4b2cef,2.0,XZ,2,correlated,-1.340368803725878e-09,1.6856491721922253e-05
rates_ae8ba9de8b4b2cef,2.0,YI,1,local,5.005050754702076e-10,1.685659172522723e-05
rates_ae8ba9de8b4b2cef,2.0,YX,2,correlated,4.226076096803538e-09,2.4811227424623638e-05
rates_ae8ba9de8b4b2cef,2.0,YY,2,correlated,-3.866215685926123e-10,1.6277184216725648e-09
rates_ae8ba9de8b4b2cef,2.0,YZ,2,correlated,-6.130143667378809e-09,0.0
rates_ae8ba9de8b4b2cef,2.0,ZI,1,local,-6.967362605910478e-10,2.480295991646916e-05
rates_ae8ba9de8b4b2cef,2.0,ZX,2,correlated,-1.4436433329604167e-09,1.686081387874863e-05
rates_ae8ba9de8b4b2cef,2.0,ZY,2,correlated,-4.3473906259085926e-09,3.165365445017415e-09
rates_ae8ba9de8b4b2cef,2.0,ZZ,2,correlated,1.590788726995277e-15,1.3031384348341502e-11
rates_ae8ba9de8b4b2cef,3.0,IX,1,local,3.9839012636488766e-09,0.00318363645692866
rates_ae8ba9de8b4b2cef,3.0,IY,1,local,-3.578971447660074e-09,1.74709067717287e-05
rates_ae8ba9de8b4b2cef,3.0,IZ,1,local,-6.997861838079434e-10,2.419382976569016e-05
rates_ae8ba9de8b4b2cef,3.0,XI,1,local,1.0094886741869185e-08,0.003183632275719743
rates_ae8ba9de8b4b2cef,3.0,XX,2,correlated,0.058210684548112575,0.0028740705612444813
rates_ae8ba9de8b4b2cef,3.0,XY,2,correlated,9.56118124044655e-10,2.4181765836405974e-05
rates_ae8ba9de8b4b2cef,3.0,XZ,2,correlated,5.99013656088651e-09,1.746929506466923e-05
rates_ae8ba9de8b4b2cef,3.0,YI,1,local,4.156824977299211e-09,1.7468200007337955e-05
rates_ae8ba9de8b4b2cef,3.0,YX,2,correlated,-4.220233494263614e-09,2.4184613468856454e-05
rates_ae8ba9de8b4b2cef,3.0,YY,2,correlated,1.4551294048229674e-08,1.9898598362483736e-08
rates_ae8ba9de8b4b2cef,3.0,YZ,2,correlated,-4.070313378238332e-09,6.102014743586295e-09
rates_ae8ba9de8b4b2cef,3.0,ZI,1,local,6.377996763001455e-12,2.4192763224811925e-05
rates_ae8ba9de8b4b2cef,3.0,ZX,2,correlated,7.422061165215606e-09,1.747022075336167e-05
rates_ae8ba9de8b4b2cef,3.0,ZY,2,correlated,3.3563243520753684e-09,8.022469501068108e-09
rates_ae8ba9de8b4b2cef,3.0,ZZ,2,correlated,-1.0208944348258084e-15,1.4663913978051057e-08
rates_ae8ba9de8b4b2cef,4.0,IX,1,local,2.4994998020939547e-08,0.003987942276317878
rates_ae8ba9de8b4b2cef,4.0,IY,1,local,6.707293321473311e-10,1.7867891931748318e-05
rates_ae8ba9de8b4b2cef,4.0,IZ,1,local,1.2915622345211066e-09,2.381700032597927e-05
rates_ae8ba9de8b4b2cef,4.0,XI,1,local,2.6045248175332977e-08,0.003987930299450606
rates_ae8ba9de8b4b2cef,4.0,XX,2,correlated,0.07246472874162879,0.004438554898008264
rates_ae8ba9de8b4b2cef,4.0,XY,2,correlated,-1.3959724251847653e-09,2.3801323483655008e-05
rates_ae8ba9de8b4b2cef,4.0,XZ,2,correlated,2.2244597706823347e-09,1.7843855456611698e-05
rates_ae8ba9de8b4b2cef,4.0,YI,1,local,-7.6201299506724e-10,1.7859477334964618e-05
rates_ae8ba9de8b4b2cef,4.0,YX,2,correlated,9.163439085164236e-10,2.379685153312697e-05
rates_ae8ba9de8b4b2cef,4.0,YY,2,correlated,1.4974303822543227e-09,7.534783811776049e-10
rates_ae8ba9de8b4b2cef,4.0,YZ,2,correlated,-1.9696452715924752e-09,0.0
rates_ae8ba9de8b4b2cef,4.0,ZI,1,local,-4.5754912760184426e-10,2.3815603506545046e-05
rates_ae8ba9de8b4b2cef,4.0,ZX,2,correlated,2.764140334651758e-10,1.7858138824251632e-05
rates_ae8ba9de8b4b2cef,4.0,ZY,2,correlated,1.2552141281002236e-09,5.6039287897602374e-09
rates_ae8ba9de8b4b2cef,4.0,ZZ,2,correlated,-5.118295234476209e-17,2.539681701919927e-09
rates_b641ff121079f20c,0.01,IX,1,local,-4.69019762583473e-09,5.9968662555493e-05
rates_b641ff121079f20c,0.01,IY,1,local,7.767049678282167e-09,4.441269734323568e-05
rates_b641ff121079f20c,0.01,IZ,1,local,6.459096362216842e-11,0.0001222512522178887
rates_b641ff121079f20c,0.01,XI,1,local,-8.074865851322102e-09,5.997333466364562e-05
rates_b641ff121079f20c,0.01,XX,2,correlated,0.013736809174119593,2.3897322093401884e-06
rates_b641ff121079f20c,0.01,XY,2,correlated,-2.987786235921334e-10,0.00012224899205534733
rates_b641ff121079f20c,0.01,XZ,2,correlated,1.1171618022292785e-09,4.441715430671702e-05
rates_b641ff121079f20c,0.01,YI,1,local,2.2355542991038006e-09,4.441697206418574e-05
rates_b641ff121079f20c,0.01,YX,2,correlated,1.6288730347281282e-09,0.00012224892778262036
rates_b641ff121079f20c,0.01,YY,2,correlated,1.650131925390989e-09,0.0
rates_b641ff121079f20c,0.01,YZ,2,correlated,1.872219104534756e-09,6.426993715294373e-10
rates_b641ff121079f20c,0.01,ZI,1,local,1.0882607909650622e-10,0.00012225146826203657
rates_b641ff121079f20c,0.01,ZX,2,correlated,8.808662921950567e-10,4.441272781233158e-05
rates_b641ff121079f20c,0.01,ZY,2,correlated,-2.3804293844735987e-09,0.0
rates_b641ff121079f20c,0.01,ZZ,2,correlated,1.0683744407469212e-16,8.7771546743989e-09
rates_b641ff121079f20c,1.0,IX,1,local,1.003975055006453e-08,0.00016870064140115762
rates_b641ff121079f20c,1.0,IY,1,local,9.6815371070525e-10,6.259796546750391e-05
rates_b641ff121079f20c,1.0,IZ,1,local,1.0103586532800743e-10,0.00010406453353987625
rates_b641ff121079f20c,1.0,XI,1,local,9.393286834441434e-09,0.0001687077795263415
rates_b641ff121079f20c,1.0,XX,2,correlated,0.02883916219865401,0.00046005015687775047
rates_b641ff121079f20c,1.0,XY,2,correlated,2.617960171286442e-09,0.00010406232256522789
rates_b641ff121079f20c,1.0,XZ,2,correlated,2.3155465631988984e-09,6.260649723966183e-05
rates_b641ff121079f20c,1.0,YI,1,local,-1.3568721447272203e-09,6.260572068798706e-05
rates_b641ff121079f20c,1.0,YX,2,correlated,-2.2219758000339116e-09,0.0001040630419313415
rates_b641ff121079f20c,1.0,YY,2,correlated,4.551181599031308e-09,0.0
rates_b641ff121079f20c,1.0,YZ,2,correlated,4.508512596736004e-11,9.398559852743463e-10
rates_b641ff121079f20c,1.0,ZI,1,local,-8.526204532975972e-11,0.00010406387309807208
rates_b641ff121079f20c,1.0,ZX,2,correlated,2.0723503099995977e-09,6.259868309448535e-05
rates_b641ff121079f20c,1.0,ZY,2,correlated,1.2502763745648542e-09,0.0
rates_b641ff121079f20c,1.0,ZZ,2,correlated,-2.383542638759315e-19,5.103708316752699e-09
rates_b641ff121079f20c,2.0,IX,1,local,4.1690700400024574e-08,0.0002682483648305031
rates_b641ff121079f20c,2.0,IY,1,local,1.7848602485354505e-09,6.752479628812176e-05
rates_b641ff121079f20c,2.0,IZ,1,local,-2.7752899324715583e-10,9.91247530028177e-05
rates_b641ff121079f20c,2.0,XI,1,local,3.595995316521373e-08,0.000268256980320473
rates_b641ff121079f20c,2.0,XX,2,correlated,0.04382439844332306,0.001335556221888231
rates_b641ff121079f20c,2.0,XY,2,correlated,8.002548318843886e-10,9.91441709674238e-05
rates_b641ff121079f20c,2.0,XZ,2,correlated,-2.9108218040907475e-09,6.753720920231311e-05
rates_b641ff121079f20c,2.0,YI,1,local,-3.72088455034311e-09,6.753323352279955e-05
rates_b641ff121079f20c,2.0,YX,2,correlated,-3.751906376784386e-09,9.914294491523816e-05
rates_b641ff121079f20c,2.0,YY,2,correlated,-5.046623860829487e-09,4.933399369282939e-09
rates_b641ff121079f20c,2.0,YZ,2,correlated,-1.2531009169024488e-09,2.278218617926985e-09
rates_b641ff121079f20c,2.0,ZI,1,local,3.2233759022291635e-10,9.912447383860978e-05
rates_b641ff121079f20c,2.0,ZX,2,correlated,-2.3382559244434916e-09,6.753027718436021e-05
rates_b641ff121079f20c,2.0,ZY,2,correlated,-9.35939712756121e-10,0.0
rates_b641ff121079f20c,2.0,ZZ,2,correlated,5.103175010196864e-16,0.0
rates_b641ff121079f20c,3.0,IX,1,local,2.6015414062003425e-08,0.000356177924566732
rates_b641ff121079f20c,3.0,IY,1,local,1.0045921313627026e-10,6.999515690410213e-05
rates_b641ff121079f20c,3.0,IZ,1,local,-2.726212524948829e-10,9.667720574977806e-05
rates_b641ff121079f20c,3.0,XI,1,local,5.280305098272126e-09,0.00035617225801489236
rates_b641ff121079f20c,3.0,XX,2,correlated,0.058528861138898346,0.0025831410564557586
rates_b641ff121079f20c,3.0,XY,2,correlated,-8.071290218620916e-10,9.6649591820875e-05
rates_b641ff121079f20c,3.0,XZ,2,correlated,-2.664777986600609e-09,6.999091127429345e-05
rates_b641ff121079f20c,3.0,YI,1,local,-8.135407191675918e-09,6.998244788786774e-05
rates_b641ff121079f20c,3.0,YX,2,correlated,4.37364710260004e-09,9.66522534804471e-05
rates_b641ff121079f20c,3.0,YY,2,correlated,-5.816509667965951e-09,1.8681842186641504e-08
rates_b641ff121079f20c,3.0,YZ,2,correlated,3.826603941526102e-09,3.805381755855856e-09
rates_b641ff121079f20c,3.0,ZI,1,local,-3.3786795166948634e-11,9.667760621937474e-05
rates_b641ff121079f20c,3.0,ZX,2,correlated,-3.77327187169199e-09,7.000055815267118e-05
rates_b641ff121079f20c,3.0,ZY,2,correlated,5.019889854297466e-10,8.34175912871847e-09
rates_b641ff121079f20c,3.0,ZZ,2,correlated,-9.589957429957896e-16,3.0435976243210067e-08
rates_b641ff121079f20c,4.0,IX,1,local,1.4429580424904247e-08,0.0004359047069041201
rates_b641ff121079f20c,4.0,IY,1,local,3.0981435488882367e-09,7.154881282357068e-05
rates_b641ff121079f20c,4.0,IZ,1,local,-5.468434443701388e-10,9.513170179695202e-05
rates_b641ff121079f20c,4.0,XI,1,local,-1.3014609949627206e-08,0.00043590878947766243
rates_b641ff121079f20c,4.0,XX,2,correlated,0.07294130383566569,0.004164503720777433
rates_b641ff121079f20c,4.0,XY,2,correlated,1.2991074979583604e-09,9.511223131666142e-05
rates_b641ff121079f20c,4.0,XZ,2,correlated,-6.528179948709522e-09,7.153059722563951e-05
rates_b641ff121079f20c,4.0,YI,1,local,-3.907577156172403e-09,7.154772367544727e-05
rates_b641ff121079f20c,4.0,YX,2,correlated,7.653629961770369e-09,9.51172706053319e-05
rates_b641ff121079f20c,4.0,YY,2,correlated,-1.2001957876650819e-08,6.393236193236252e-09
rates_b641ff121079f20c,4.0,YZ,2,correlated,1.7758913961541348e-09,5.702052412109235e-09
rates_b641ff121079f20c,4.0,ZI,1,local,1.2299093600045817e-09,9.512767832158252e-05
rates_b641ff121079f20c,4.0,ZX,2,correlated,-5.752903212439246e-09,7.153067055816064e-05
rates_b641ff121079f20c,4.0,ZY,2,correlated,-7.016400790425798e-09,3.9302710102654965e-09
rates_b641ff121079f20c,4.0,ZZ,2,correlated,3.9204985632083586e-17,1.3025961415405463e-08
rates_c78d3b44752e1de2,0.01,IX,1,local,-1.6402465870769192e-08,0.00028167657324548365
rates_c78d3b44752e1de2,0.01,IY,1,local,-4.509359760875022e-10,2.2190893083051854e-05
rates_c78d3b44752e1de2,0.01,IZ,1,local,1.1529844932125596e-10,6.113451791562716e-05
rates_c78d3b44752e1de2,0.01,XI,1,local,-5.345251149043344e-09,0.00028168312878992384
rates_c78d3b44752e1de2,0.01,XX,2,correlated,0.013728575262665426,0.000163718735823605
rates_c78d3b44752e1de2,0.01,XY,2,correlated,-1.495749428258005e-09,6.113935639108747e-05
rates_c78d3b44752e1de2,0.01,XZ,2,correlated,1.3536538093997998e-09,2.2195594827891244e-05
rates_c78d3b44752e1de2,0.01,YI,1,local,3.3791798464806383e-09,2.219779706301772e-05
rates_c78d3b44752e1de2,0.01,YX,2,correlated,-6.985587953914645e-09,6.113882616561773e-05
rates_c78d3b44752e1de2,0.01,YY,2,correlated,2.615390119294419e-09,8.656935586138936e-09
rates_c78d3b44752e1de2,0.01,YZ,2,correlated,-6.249317724841695e-12,5.319722809419261e-09
rates_c78d3b44752e1de2,0.01,ZI,1,local,-1.6949626073170884e-10,6.113482004563478e-05
rates_c78d3b44752e1de2,0.01,ZX,2,correlated,1.4560874348706814e-09,2.2188918933551077e-05
rates_c78d3b44752e1de2,0.01,ZY,2,correlated,2.2474439765592055e-09,2.5831213740089393e-09
rates_c78d3b44752e1de2,0.01,ZZ,2,correlated,1.1161268954265376e-16,2.1570850497519903e-09
rates_c78d3b44752e1de2,1.0,IX,1,local,7.410111945300696e-09,0.0008061739903114741
rates_c78d3b44752e1de2,1.0,IY,1,local,-1.5866931735744092e-09,3.12827666998584e-05
rates_c78d3b44752e1de2,1.0,IZ,1,local,1.917713588129261e-10,5.2058657046471046e-05
rates_c78d3b44752e1de2,1.0,XI,1,local,7.46803989022095e-09,0.0008061743682771182
rates_c78d3b44752e1de2,1.0,XX,2,correlated,0.028798179589099592,0.000615579300037306
rates_c78d3b44752e1de2,1.0,XY,2,correlated,4.719019520806976e-09,5.2042648647666924e-05
rates_c78d3b44752e1de2,1.0,XZ,2,correlated,-2.6126009204086325e-10,3.127959168661047e-05
rates_c78d3b44752e1de2,1.0,YI,1,local,-7.702046042000417e-10,3.128287883091292e-05
rates_c78d3b44752e1de2,1.0,YX,2,correlated,-2.1132663881872684e-09,5.2043796565449225e-05
rates_c78d3b44752e1de2,1.0,YY,2,correlated,-2.2195270919346739e-10,0.0
rates_c78d3b44752e1de2,1.0,YZ,2,correlated,-2.19652925574163e-09,0.0
rates_c78d3b44752e1de2,1.0,ZI,1,local,-2.349385610381942e-10,5.2058440758270195e-05
rates_c78d3b44752e1de2,1.0,ZX,2,correlated,-1.5101355954410472e-10,3.1278547924694326e-05
rates_c78d3b44752e1de2,1.0,ZY,2,correlated,4.5652221885708095e-09,0.0
rates_c78d3b44752e1de2,1.0,ZZ,2,correlated,-3.4760469996681267e-17,6.7838126407073905e-09
rates_c78d3b44752e1de2,2.0,IX,1,local,3.715822020602261e-08,0.0013070305722729097
rates_c78d3b44752e1de2,2.0,IY,1,local,4.2962929170297255e-10,3.373721076567327e-05
rates_c78d3b44752e1de2,2.0,IZ,1,local,-3.2717980437592393e-10,4.958925056884296e-05
rates_c78d3b44752e1de2,2.0,XI,1,local,2.4148607369619367e-08,0.0013070407015309984
rates_c78d3b44752e1de2,2.0,XX,2,correlated,0.04373131296309952,0.001484224301896052
rates_c78d3b44752e1de2,2.0,XY,2,correlated,-4.708331036664067e-12,4.959073373330926e-05
rates_c78d3b44752e1de2,2.0,XZ,2,correlated,2.2058747595302988e-09,3.374570456987057e-05
rates_c78d3b44752e1de2,2.0,YI,1,local,3.105414196930609e-10,3.3747432168941164e-05
rates_c78d3b44752e1de2,2.0,YX,2,correlated,-2.0168551606244353e-09,4.959257963732587e-05
rates_c78d3b44752e1de2,2.0,YY,2,correlated,5.4025196840993846e-09,3.965335799026952e-09
rates_c78d3b44752e1de2,2.0,YZ,2,correlated,1.7104020113643795e-09,5.712957198338456e-09
rates_c78d3b44752e1de2,2.0,ZI,1,local,1.9979654653211302e-10,4.95867698122288e-05
rates_c78d3b44752e1de2,2.0,ZX,2,correlated,3.1864867810494663e-09,3.3736118016798296e-05
rates_c78d3b44752e1de2,2.0,ZY,2,correlated,-1.8489784826617826e-09,0.0
rates_c78d3b44752e1de2,2.0,ZZ,2,correlated,2.5675404164513317e-16,1.0421634994870962e-09
rates_c78d3b44752e1de2,3.0,IX,1,local,9.512168239274286e-09,0.0017787199520923635
rates_c78d3b44752e1de2,3.0,IY,1,local,7.495939849146438e-10,3.497143890071684e-05
rates_c78d3b44752e1de2,3.0,IZ,1,local,-8.204612304880846e-10,4.837810629932163e-05
rates_c78d3b44752e1de2,3.0,XI,1,local,1.6541118068915127e-10,0.001778709275066364
rates_c78d3b44752e1de2,3.0,XX,2,correlated,0.05836815315298648,0.0027227048666188334
rates_c78d3b44752e1de2,3.0,XY,2,correlated,-6.002468754333311e-09,4.8340501276809085e-05
rates_c78d3b44752e1de2,3.0,XZ,2,correlated,-1.7355018736160357e-09,3.4956954453085965e-05
rates_c78d3b44752e1de2,3.0,YI,1,local,-8.67260750752757e-09,3.4959043585328186e-05
rates_c78d3b44752e1de2,3.0,YX,2,correlated,-2.7483165839255315e-09,4.834078192311449e-05
rates_c78d3b44752e1de2,3.0,YY,2,correlated,-1.6258739373619863e-09,1.8661020913264125e-08
rates_c78d3b44752e1de2,3.0,YZ,2,correlated,8.400336772836018e-09,4.230886872552407e-09
rates_c78d3b44752e1de2,3.0,ZI,1,local,-1.6493496493173044e-11,4.837728952648312e-05
rates_c78d3b44752e1de2,3.0,ZX,2,correlated,-1.986528124003175e-09,3.4969885865093015e-05
rates_c78d3b44752e1de2,3.0,ZY,2,correlated,1.0202230642418264e-08,1.0475306515513719e-08
rates_c78d3b44752e1de2,3.0,ZZ,2,correlated,-9.33190925056837e-16,2.556264621722884e-08
rates_c78d3b44752e1de2,4.0,IX,1,local,-7.295461690749716e-10,0.0022252657130039347
rates_c78d3b44752e1de2,4.0,IY,1,local,2.4596708072631718e-09,3.5740834507104756e-05
rates_c78d3b44752e1de2,4.0,IZ,1,local,1.129389325760442e-09,4.760436263860078e-05
rates_c78d3b44752e1de2,4.0,XI,1,local,8.952830783344717e-09,0.002225278352622063
rates_c78d3b44752e1de2,4.0,XX,2,correlated,0.0727008345533215,0.004292296979234549
rates_c78d3b44752e1de2,4.0,XY,2,correlated,1.2265356373425521e-08,4.757857622614248e-05
rates_c78d3b44752e1de2,4.0,XZ,2,correlated,8.667547497227311e-10,3.573656734963326e-05
rates_c78d3b44752e1de2,4.0,YI,1,local,-9.608993377762728e-10,3.575865805833819e-05
rates_c78d3b44752e1de2,4.0,YX,2,correlated,-4.455851363487301e-09,4.757711474302263e-05
rates_c78d3b44752e1de2,4.0,YY,2,correlated,1.7992430186990187e-09,1.14306671589618e-09
rates_c78d3b44752e1de2,4.0,YZ,2,correlated,-8.163510069132755e-09,4.678401568715236e-09
rates_c78d3b44752e1de2,4.0,ZI,1,local,-4.87590674401074e-10,4.7603039361890285e-05
rates_c78d3b44752e1de2,4.0,ZX,2,correlated,1.6385592449792589e-09,3.572152855851971e-05
rates_c78d3b44752e1de2,4.0,ZY,2,correlated,3.019706105908858e-09,0.0
rates_c78d3b44752e1de2,4.0,ZZ,2,correlated,4.585671759959579e-16,9.169704829215669e-09
rates_cb746d6080b12982,0.01,IX,1,local,-6.05631006886335e-10,0.0006027473145984425
rates_cb746d6080b12982,0.01,IY,1,local,-1.4085934991741413e-09,0.000196412193341838
rates_cb746d6080b12982,0.01,IZ,1,local,-1.8681045796110172e-10,0.00045364763750199705
rates_cb746d6080b12982,0.01,XI,1,local,-5.212283766579908e-09,0.0006027409366907674
rates_cb746d6080b12982,0.01,XX,2,correlated,0.013721223196623568,0.0003249717706349857
rates_cb746d6080b12982,0.01,XY,2,correlated,-8.056053916189563e-09,0.0004535376029276108
rates_cb746d6080b12982,0.01,XZ,2,correlated,1.944393326096973e-09,0.00019637346442820898
rates_cb746d6080b12982,0.01,YI,1,local,-2.522059396431253e-09,0.00019640540540541055
rates_cb746d6080b12982,0.01,YX,2,correlated,2.04673488211814e-09,0.0004535379391115361
rates_cb746d6080b12982,0.01,YY,2,correlated,3.97529055608187e-09,0.0
rates_cb746d6080b12982,0.01,YZ,2,correlated,7.331341071967822e-09,0.0
rates_cb746d6080b12982,0.01,ZI,1,local,1.1758974742137386e-10,0.00045364766764491993
rates_cb746d6080b12982,0.01,ZX,2,correlated,2.041641615454313e-09,0.00019637988603902828
rates_cb746d6080b12982,0.01,ZY,2,correlated,4.4346260858550216e-10,0.0
rates_cb746d6080b12982,0.01,ZZ,2,correlated,-1.1917527810284347e-16,8.730539498907008e-08
rates_cb746d6080b12982,1.0,IX,1,local,8.103925623334271e-09,0.0015396236739140458
rates_cb746d6080b12982,1.0,IY,1,local,-1.960651642927271e-09,0.0002563634950245751
rates_cb746d6080b12982,1.0,IZ,1,local,-1.2453975778491582e-10,0.0003937167292205352
rates_cb746d6080b12982,1.0,XI,1,local,1.2206948164626969e-08,0.0015396120473868573
rates_cb746d6080b12982,1.0,XX,2,correlated,0.02875877697152996,0.0007731769588007494
rates_cb746d6080b12982,1.0,XY,2,correlated,-3.941409878930351e-09,0.00039361632949157997
rates_cb746d6080b12982,1.0,XZ,2,correlated,2.5059126110402805e-09,0.00025628561209931934
rates_cb746d6080b12982,1.0,YI,1,local,8.740044300711413e-10,0.0002563526483714788
rates_cb746d6080b12982,1.0,YX,2,correlated,6.3729358440669664e-09,0.0003936161759616509
rates_cb746d6080b12982,1.0,YY,2,correlated,5.000183095321178e-09,0.0
rates_cb746d6080b12982,1.0,YZ,2,correlated,3.6322655743943526e-09,0.0
rates_cb746d6080b12982,1.0,ZI,1,local,3.3938510426259523e-10,0.0003937167111065802
rates_cb746d6080b12982,1.0,ZX,2,correlated,2.6886466336583927e-09,0.00025629663039651563
rates_cb746d6080b12982,1.0,ZY,2,correlated,-9.831482478245248e-10,0.0
rates_cb746d6080b12982,1.0,ZZ,2,correlated,-1.6358145246599063e-16,5.350249005441586e-08
rates_cb746d6080b12982,2.0,IX,1,local,2.8901652126647067e-08,0.00243591912958109
rates_cb746d6080b12982,2.0,IY,1,local,-5.398719100866058e-09,0.0002725961904152753
rates_cb746d6080b12982,2.0,IZ,1,local,-1.271524873426378e-09,0.00037749184617750695
rates_cb746d6080b12982,2.0,XI,1,local,2.517896943487561e-08,0.002435901529646395
rates_cb746d6080b12982,2.0,XX,2,correlated,0.04364068352812494,0.0016390687941299814
rates_cb746d6080b12982,2.0,XY,2,correlated,-1.5757969754699204e-08,0.0003774036758350406
rates_cb746d6080b12982,2.0,XZ,2,correlated,-3.08013961463919e-09,0.00027249450201485305
rates_cb746d6080b12982,2.0,YI,1,local,-4.2843148686832125e-09,0.0002725765860681595
rates_cb746d6080b12982,2.0,YX,2,correlated,-2.9890000102769723e-10,0.0003774048618881431
rates_cb746d6080b12982,2.0,YY,2,correlated,-5.402329964461753e-09,6.3894251188062424e-09
rates_cb746d6080b12982,2.0,YZ,2,correlated,9.929031757638408e-09,0.0
rates_cb746d6080b12982,2.0,ZI,1,local,5.551204068483013e-10,0.0003774922997034456
rates_cb746d6080b12982,2.0,ZX,2,correlated,-2.055405572018483e-09,0.00027251246678136864
rates_cb746d6080b12982,2.0,ZY,2,correlated,3.5291356780618636e-09,0.0
rates_cb746d6080b12982,2.0,ZZ,2,correlated,-1.0734858245781868e-15,3.49672493295608e-08
rates_cb746d6080b12982,3.0,IX,1,local,8.148466535828939e-09,0.0032836035076557633
rates_cb746d6080b12982,3.0,IY,1,local,7.2577661502341015e-09,0.0002806899488834928
rates_cb746d6080b12982,3.0,IZ,1,local,-4.785304509164005e-11,0.00036942138822379636
rates_cb746d6080b12982,3.0,XI,1,local,1.6582163581748238e-08,0.003283585820672417
rates_cb746d6080b12982,3.0,XX,2,correlated,0.05821094021074104,0.002874060879937717
rates_cb746d6080b12982,3.0,XY,2,correlated,-2.146556184434403e-09,0.0003692940068034331
rates_cb746d6080b12982,3.0,XZ,2,correlated,1.8944877524196438e-09,0.00028058311021147747
rates_cb746d6080b12982,3.0,YI,1,local,6.655378511761824e-09,0.00028067423634769127
rates_cb746d6080b12982,3.0,YX,2,correlated,1.4351209802331496e-08,0.00036929798187227986
rates_cb746d6080b12982,3.0,YY,2,correlated,2.9472565263434895e-09,0.0
rates_cb746d6080b12982,3.0,YZ,2,correlated,5.868059654821408e-10,0.0
rates_cb746d6080b12982,3.0,ZI,1,local,1.3434082769013016e-09,0.00036942073006010685
rates_cb746d6080b12982,3.0,ZX,2,correlated,2.6411374200611757e-09,0.00028059550584234004
rates_cb746d6080b12982,3.0,ZY,2,correlated,-6.5648337107756615e-09,0.0
rates_cb746d6080b12982,3.0,ZZ,2,correlated,1.083582625459964e-15,3.463763343107464e-08
rates_cb746d6080b12982,4.0,IX,1,local,1.2162433130848566e-09,0.004087896259598396
rates_cb746d6080b12982,4.0,IY,1,local,-5.338967061530899e-09,0.00028577079062363906
rates_cb746d6080b12982,4.0,IZ,1,local,-1.7881983920496088e-09,0.00036432904286468076
rates_cb746d6080b12982,4.0,XI,1,local,1.7458706796312436e-08,0.004087900486625201
rates_cb746d6080b12982,4.0,XX,2,correlated,0.0724649918753873,0.004438560192349743
rates_cb746d6080b12982,4.0,XY,2,correlated,-4.997357195429297e-09,0.0003642326792153806
rates_cb746d6080b12982,4.0,XZ,2,correlated,-3.3943822925847166e-09,0.00028565489341457944
rates_cb746d6080b12982,4.0,YI,1,local,-1.2475472473377958e-09,0.00028577919862977257
rates_cb746d6080b12982,4.0,YX,2,correlated,-4.106375562995673e-10,0.00036422056229135644
rates_cb746d6080b12982,4.0,YY,2,correlated,-2.5976300215784173e-09,1.591715852525266e-08
rates_cb746d6080b12982,4.0,YZ,2,correlated,3.0903789063701682e-09,0.0
rates_cb746d6080b12982,4.0,ZI,1,local,1.3701460364800926e-10,0.00036433311306242747
rates_cb746d6080b12982,4.0,ZX,2,correlated,-2.2020589601331e-09,0.0002856545321347022
rates_cb746d6080b12982,4.0,ZY,2,correlated,-4.0413575618305045e-09,0.0
rates_cb746d6080b12982,4.0,ZZ,2,correlated,-3.6576077665391405e-16,2.186448565949517e-08
rates_cba05db5d91a70e1,0.01,IX,1,local,-1.8654305156510927e-08,7.247909708618582e-05
rates_cba05db5d91a70e1,0.01,IY,1,local,-1.1039547722131007e-09,2.45733211681698e-05
rates_cba05db5d91a70e1,0.01,IZ,1,local,-2.4105370868845977e-12,5.667621398213567e-05
rates_cba05db5d91a70e1,0.01,XI,1,local,-4.153469562196113e-09,7.247417519201072e-05
rates_cba05db5d91a70e1,0.01,XX,2,correlated,0.013736798411744404,2.3923133336424363e-06
rates_cba05db5d91a70e1,0.01,XY,2,correlated,2.1041208971339803e-11,5.6679471629478646e-05
rates_cba05db5d91a70e1,0.01,XZ,2,correlated,-1.8428726281910472e-09,2.4568651503846077e-05
rates_cba05db5d91a70e1,0.01,YI,1,local,1.9205574196844003e-09,2.4568747760728627e-05
rates_cba05db5d91a70e1,0.01,YX,2,correlated,1.8469908158821255e-09,5.6678964592331663e-05
rates_cba05db5d91a70e1,0.01,YY,2,correlated,-3.4998646637111984e-09,2.8868062241869653e-09
rates_cba05db5d91a70e1,0.01,YZ,2,correlated,-2.3809945531179803e-09,0.0
rates_cba05db5d91a70e1,0.01,ZI,1,local,-1.8137307047961154e-11,5.6676654544365815e-05
rates_cba05db5d91a70e1,0.01,ZX,2,correlated,-1.6977709235704924e-09,2.45732913880328e-05
rates_cba05db5d91a70e1,0.01,ZY,2,correlated,-1.6686982802187399e-09,2.8894263674945388e-09
rates_cba05db5d91a70e1,0.01,ZZ,2,correlated,3.719132833371874e-17,1.2474868858725584e-09
rates_cba05db5d91a70e1,1.0,IX,1,local,8.449217396571176e-09,0.0001812075839555131
rates_cba05db5d91a70e1,1.0,IY,1,local,8.33256562645867e-10,3.207191992238619e-05
rates_cba05db5d91a70e1,1.0,IZ,1,local,8.77926844828718e-11,4.9177002398933605e-05
rates_cba05db5d91a70e1,1.0,XI,1,local,2.199230092931885e-09,0.00018120945956003553
rates_cba05db5d91a70e1,1.0,XX,2,correlated,0.028839161003878892,0.0004600501613049407
rates_cba05db5d91a70e1,1.0,XY,2,correlated,1.1812844155170022e-09,4.9174934595354416e-05
rates_cba05db5d91a70e1,1.0,XZ,2,correlated,2.783253187326286e-09,3.2073763636117356e-05
rates_cba05db5d91a70e1,1.0,YI,1,local,9.020294851439377e-10,3.207274742567387e-05
rates_cba05db5d91a70e1,1.0,YX,2,correlated,-5.034847557964831e-09,4.9175956680190026e-05
rates_cba05db5d91a70e1,1.0,YY,2,correlated,5.182570024309912e-09,0.0
rates_cba05db5d91a70e1,1.0,YZ,2,correlated,-1.0401364522685386e-11,2.5826344368471706e-09
rates_cba05db5d91a70e1,1.0,ZI,1,local,-6.407819675887343e-11,4.9176998669043917e-05
rates_cba05db5d91a70e1,1.0,ZX,2,correlated,2.8400718855656035e-09,3.20719177786696e-05
rates_cba05db5d91a70e1,1.0,ZY,2,correlated,5.51915616791631e-09,1.9484251470819162e-09
rates_cba05db5d91a70e1,1.0,ZZ,2,correlated,-2.3194415312320423e-16,2.6057550628138474e-09
rates_cba05db5d91a70e1,2.0,IX,1,local,3.8372164219803144e-08,0.0002807440546509713
rates_cba05db5d91a70e1,2.0,IY,1,local,-1.7122225146279723e-09,3.4093359614876066e-05
rates_cba05db5d91a70e1,2.0,IZ,1,local,1.2073815110397068e-09,4.713861146239736e-05
rates_cba05db5d91a70e1,2.0,XI,1,local,3.832065532507476e-08,0.00028076612214957285
rates_cba05db5d91a70e1,2.0,XX,2,correlated,0.04382437875337655,0.0013355499628615326
rates_cba05db5d91a70e1,2.0,XY,2,correlated,1.3656539168012706e-08,4.714494449102488e-05
rates_cba05db5d91a70e1,2.0,XZ,2,correlated,3.3885071858544425e-09,3.411914123442793e-05
rates_cba05db5d91a70e1,2.0,YI,1,local,5.427475096350824e-09,3.411421914060431e-05
rates_cba05db5d91a70e1,2.0,YX,2,correlated,-6.892423548226808e-09,4.714715641272087e-05
rates_cba05db5d91a70e1,2.0,YY,2,correlated,5.939027197405303e-09,0.0
rates_cba05db5d91a70e1,2.0,YZ,2,correlated,-8.217058675796775e-09,9.528974114098664e-09
rates_cba05db5d91a70e1,2.0,ZI,1,local,-8.945575214396838e-10,4.713896124215928e-05
rates_cba05db5d91a70e1,2.0,ZX,2,correlated,2.5908771503396e-09,3.409572000714738e-05
rates_cba05db5d91a70e1,2.0,ZY,2,correlated,1.8321667948086545e-09,0.0
rates_cba05db5d91a70e1,2.0,ZZ,2,correlated,9.451258567128403e-16,2.298798261338511e-09
rates_cba05db5d91a70e1,3.0,IX,1,local,2.0114083894329626e-09,0.00036868620518962767
rates_cba05db5d91a70e1,3.0,IY,1,local,-5.507620045858091e-09,3.512039925292238e-05
rates_cba05db5d91a70e1,3.0,IZ,1,local,-1.002569646670071e-09,4.611349854037558e-05
rates_cba05db5d91a70e1,3.0,XI,1,local,1.6365169328264802e-08,0.0003686728419274885
rates_cba05db5d91a70e1,3.0,XX,2,correlated,0.05852884343706537,0.0025831634352189176
rates_cba05db5d91a70e1,3.0,XY,2,correlated,-1.3528525992348916e-08,4.612825482664624e-05
rates_cba05db5d91a70e1,3.0,XZ,2,correlated,1.260600329624555e-09,3.511770604197514e-05
rates_cba05db5d91a70e1,3.0,YI,1,local,-2.1239425148776535e-09,3.5109322961720334e-05
rates_cba05db5d91a70e1,3.0,YX,2,correlated,1.2372461883496604e-10,4.6128404505414126e-05
rates_cba05db5d91a70e1,3.0,YY,2,correlated,4.510173312331865e-09,2.925610276470736e-08
rates_cba05db5d91a70e1,3.0,YZ,2,correlated,3.4558164716424477e-09,3.823551414721578e-09
rates_cba05db5d91a70e1,3.0,ZI,1,local,-5.211587666480368e-10,4.611412819979885e-05
rates_cba05db5d91a70e1,3.0,ZX,2,correlated,1.2830013293316759e-09,3.512800308397529e-05
rates_cba05db5d91a70e1,3.0,ZY,2,correlated,-3.1390705664377536e-09,1.1129530842642733e-08
rates_cba05db5d91a70e1,3.0,ZZ,2,correlated,-3.2462259281921253e-16,1.6201676480672236e-08
rates_cba05db5d91a70e1,4.0,IX,1,local,1.0022781334409749e-08,0.0004484125212599235
rates_cba05db5d91a70e1,4.0,IY,1,local,-4.079838067629194e-09,3.5772206594942274e-05
rates_cba05db5d91a70e1,4.0,IZ,1,local,-1.5781716710565567e-09,4.5490267809853585e-05
rates_cba05db5d91a70e1,4.0,XI,1,local,-7.647097775608978e-10,0.0004484073746338511
rates_cba05db5d91a70e1,4.0,XX,2,correlated,0.0729412832181781,0.004164512577900149
rates_cba05db5d91a70e1,4.0,XY,2,correlated,-8.585677204249676e-09,4.54813703462484e-05
rates_cba05db5d91a70e1,4.0,XZ,2,correlated,4.6797924064588566e-09,3.575122479834959e-05
rates_cba05db5d91a70e1,4.0,YI,1,local,3.757696856135844e-09,3.5764561380677694e-05
rates_cba05db5d91a70e1,4.0,YX,2,correlated,7.86614688542514e-09,4.548889944159444e-05
rates_cba05db5d91a70e1,4.0,YY,2,correlated,9.261817700586112e-09,4.968379101918942e-09
rates_cba05db5d91a70e1,4.0,YZ,2,correlated,6.970606614338234e-09,1.524509179157819e-09
rates_cba05db5d91a70e1,4.0,ZI,1,local,2.470330189321122e-09,4.5488807978235935e-05
rates_cba05db5d91a70e1,4.0,ZX,2,correlated,5.885419734292042e-09,3.575280074149048e-05
rates_cba05db5d91a70e1,4.0,ZY,2,correlated,-8.09810666430756e-09,3.6806701016744856e-09
rates_cba05db5d91a70e1,4.0,ZZ,2,correlated,1.0829927552733588e-15,4.6145880116220395e-09
rates_ceb4eecb4eaacfc2,0.01,IX,1,local,-5.470267846801131e-09,0.0011463653780638806
rates_ceb4eecb4eaacfc2,0.01,IY,1,local,9.61092347545309e-09,4.363811902894374e-09
rates_ceb4eecb4eaacfc2,0.01,IZ,1,local,2.0230428669341744e-10,2.5136588751596436e-09
rates_ceb4eecb4eaacfc2,0.01,XI,1,local,4.2063931104306525e-09,0.001146376398202638
rates_ceb4eecb4eaacfc2,0.01,XX,2,correlated,0.013763735638022549,8.365404750457079e-05
rates_ceb4eecb4eaacfc2,0.01,XY,2,correlated,7.743579197220206e-09,1.1419153026757695e-08
rates_ceb4eecb4eaacfc2,0.01,XZ,2,correlated,5.003024430622635e-09,4.785933255096726e-09
rates_ceb4eecb4eaacfc2,0.01,YI,1,local,8.809173446189577e-09,3.725877881764354e-09
rates_ceb4eecb4eaacfc2,0.01,YX,2,correlated,-3.190828412323676e-09,7.491806591763961e-09
rates_ceb4eecb4eaacfc2,0.01,YY,2,correlated,9.318665843175938e-09,7.824713436255101e-09
rates_ceb4eecb4eaacfc2,0.01,YZ,2,correlated,-1.133070323075263e-08,4.8044753602268174e-09
rates_ceb4eecb4eaacfc2,0.01,ZI,1,local,4.744930967877517e-11,9.325064410940479e-10
rates_ceb4eecb4eaacfc2,0.01,ZX,2,correlated,4.8581251446800315e-09,3.112954344059067e-09
rates_ceb4eecb4eaacfc2,0.01,ZY,2,correlated,-5.775506775140301e-09,3.2841303732840275e-09
rates_ceb4eecb4eaacfc2,0.01,ZZ,2,correlated,-1.5058174130552638e-14,1.0540461359634379e-09
rates_ceb4eecb4eaacfc2,1.0,IX,1,local,1.6909857052692147e-08,0.0014446448588408005
rates_ceb4eecb4eaacfc2,1.0,IY,1,local,1.1308849215406629e-09,2.7696257558706364e-09
rates_ceb4eecb4eaacfc2,1.0,IZ,1,local,5.51267270907954e-11,2.3604077253192667e-09
rates_ceb4eecb4eaacfc2,1.0,XI,1,local,7.978001021710176e-09,0.0014446399297164045
rates_ceb4eecb4eaacfc2,1.0,XX,2,correlated,0.028850546232208882,0.0005388373765175309
rates_ceb4eecb4eaacfc2,1.0,XY,2,correlated,-1.565226269517192e-09,2.839319028318226e-09
rates_ceb4eecb4eaacfc2,1.0,XZ,2,correlated,1.2504166495856471e-09,2.2881707120814904e-09
rates_ceb4eecb4eaacfc2,1.0,YI,1,local,4.150523337636209e-09,4.947993839824316e-09
rates_ceb4eecb4eaacfc2,1.0,YX,2,correlated,2.599195757214773e-09,5.951052191126554e-09
rates_ceb4eecb4eaacfc2,1.0,YY,2,correlated,2.3297224213558778e-09,5.000812961298956e-09
rates_ceb4eecb4eaacfc2,1.0,YZ,2,correlated,-1.2066083705571287e-09,3.8495236883082505e-09
rates_ceb4eecb4eaacfc2,1.0,ZI,1,local,-3.438028747534404e-11,4.74615690747742e-09
rates_ceb4eecb4eaacfc2,1.0,ZX,2,correlated,1.2201245578774797e-09,6.263592364176215e-09
rates_ceb4eecb4eaacfc2,1.0,ZY,2,correlated,-2.8419467794720613e-09,4.7881016900907375e-09
rates_ceb4eecb4eaacfc2,1.0,ZZ,2,correlated,-1.140825520848239e-15,3.434881312974064e-09
rates_ceb4eecb4eaacfc2,2.0,IX,1,local,4.226296039040317e-08,0.0017271900992823187
rates_ceb4eecb4eaacfc2,2.0,IY,1,local,1.4897314572887696e-09,7.233899309360098e-09
rates_ceb4eecb4eaacfc2,2.0,IZ,1,local,8.812158925624429e-11,6.865827823765735e-09
rates_ceb4eecb4eaacfc2,2.0,XI,1,local,3.5551586136530574e-08,0.0017271910445311493
rates_ceb4eecb4eaacfc2,2.0,XX,2,correlated,0.0438114647931014,0.0014111865812176264
rates_ceb4eecb4eaacfc2,2.0,XY,2,correlated,3.6105561589658143e-10,9.839062900220607e-09
rates_ceb4eecb4eaacfc2,2.0,XZ,2,correlated,5.122639817336667e-10,8.19406474963653e-09
rates_ceb4eecb4eaacfc2,2.0,YI,1,local,-2.279648816011998e-09,1.0403419218866951e-08
rates_ceb4eecb4eaacfc2,2.0,YX,2,correlated,-2.978477787420903e-09,1.4185272665702409e-08
rates_ceb4eecb4eaacfc2,2.0,YY,2,correlated,1.3918084353943531e-09,1.3880282281316198e-10
rates_ceb4eecb4eaacfc2,2.0,YZ,2,correlated,-1.3511689387824729e-09,8.582081839575801e-11
rates_ceb4eecb4eaacfc2,2.0,ZI,1,local,2.320420143402023e-10,9.328494714728176e-09
rates_ceb4eecb4eaacfc2,2.0,ZX,2,correlated,1.492497601733945e-09,1.0506739569517143e-08
rates_ceb4eecb4eaacfc2,2.0,ZY,2,correlated,1.3089594962307586e-09,1.2028877199865562e-10
rates_ceb4eecb4eaacfc2,2.0,ZZ,2,correlated,-1.9252573157279772e-16,1.3363870687149726e-10
rates_ceb4eecb4eaacfc2,3.0,IX,1,local,2.0260604169077926e-08,0.001990055626789187
rates_ceb4eecb4eaacfc2,3.0,IY,1,local,-2.27340581000751e-09,1.389780508010514e-08
rates_ceb4eecb4eaacfc2,3.0,IZ,1,local,-8.085216250937864e-10,6.8998142778354235e-09
rates_ceb4eecb4eaacfc2,3.0,XI,1,local,1.3282479178802595e-08,0.0019900410477650585
rates_ceb4eecb4eaacfc2,3.0,XX,2,correlated,0.05848449887667624,0.002654183474841708
rates_ceb4eecb4eaacfc2,3.0,XY,2,correlated,-5.6336601751854405e-09,7.3248164605954885e-09
rates_ceb4eecb4eaacfc2,3.0,XZ,2,correlated,-3.4237227402800867e-09,1.3052445003105163e-08
rates_ceb4eecb4eaacfc2,3.0,YI,1,local,2.534126932235276e-09,1.1920835060063447e-08
rates_ceb4eecb4eaacfc2,3.0,YX,2,correlated,9.800605878487085e-10,8.336584435037105e-09
rates_ceb4eecb4eaacfc2,3.0,YY,2,correlated,-7.152434954874326e-09,1.6434310706001174e-08
rates_ceb4eecb4eaacfc2,3.0,YZ,2,correlated,-4.5533767178649105e-09,1.1718282265116593e-08
rates_ceb4eecb4eaacfc2,3.0,ZI,1,local,7.980755661822843e-10,7.038134459225839e-09
rates_ceb4eecb4eaacfc2,3.0,ZX,2,correlated,-2.7030632926201193e-09,1.5964019990048067e-08
rates_ceb4eecb4eaacfc2,3.0,ZY,2,correlated,-3.876808105009447e-09,1.423498994373995e-08
rates_ceb4eecb4eaacfc2,3.0,ZZ,2,correlated,3.1799261567902487e-15,1.091061171401217e-08
rates_ceb4eecb4eaacfc2,4.0,IX,1,local,1.7583667581353144e-10,0.0022369280744680134
rates_ceb4eecb4eaacfc2,4.0,IY,1,local,-6.0428097721287544e-09,8.744159837474402e-09
rates_ceb4eecb4eaacfc2,4.0,IZ,1,local,-8.19740968132911e-10,9.303240988646529e-09
rates_ceb4eecb4eaacfc2,4.0,XI,1,local,-1.7298554040762284e-08,0.002236929073301049
rates_ceb4eecb4eaacfc2,4.0,XX,2,correlated,0.07286030105640724,0.004229666288986807
rates_ceb4eecb4eaacfc2,4.0,XY,2,correlated,5.651780025416521e-09,2.291675590937979e-09
rates_ceb4eecb4eaacfc2,4.0,XZ,2,correlated,-4.152175174638348e-09,4.594029126103564e-09
rates_ceb4eecb4eaacfc2,4.0,YI,1,local,3.6962962273584007e-10,7.167220175079658e-09
rates_ceb4eecb4eaacfc2,4.0,YX,2,correlated,1.0213462849777963e-08,3.315582498006689e-09
rates_ceb4eecb4eaacfc2,4.0,YY,2,correlated,-3.83667918496997e-09,1.0208822553435724e-08
rates_ceb4eecb4eaacfc2,4.0,YZ,2,correlated,1.617981942551632e-09,8.74919298839823e-09
rates_ceb4eecb4eaacfc2,4.0,ZI,1,local,-3.738380396695595e-10,1.208700872266391e-08
rates_ceb4eecb4eaacfc2,4.0,ZX,2,correlated,-4.136750752856225e-09,2.5012224401030347e-09
rates_ceb4eecb4eaacfc2,4.0,ZY,2,correlated,-2.634076386533745e-09,9.39659642153548e-09
rates_ceb4eecb4eaacfc2,4.0,ZZ,2,correlated,-5.532270672962783e-16,1.4395899835921433e-08
rates_d3709cb034eafd9f,0.01,IX,1,local,-6.656760074394637e-11,0.0001708959326332699
rates_d3709cb034eafd9f,0.01,IY,1,local,2.2897732424250677e-09,1.1094653953310316e-05
rates_d3709cb034eafd9f,0.01,IZ,1,local,1.5154645255226642e-10,3.0571188294432905e-05
rates_d3709cb034eafd9f,0.01,XI,1,local,-6.3755817183866155e-09,0.0001709061392978462
rates_d3709cb034eafd9f,0.01,XX,2,correlated,0.0137326013544417,8.305439496305943e-05
rates_d3709cb034eafd9f,0.01,XY,2,correlated,5.346908832016532e-09,3.055890779206163e-05
rates_d3709cb034eafd9f,0.01,XZ,2,correlated,-2.0219438613265946e-09,1.1104666801868177e-05
rates_d3709cb034eafd9f,0.01,YI,1,local,-6.022550446495353e-10,1.1104673376642766e-05
rates_d3709cb034eafd9f,0.01,YX,2,correlated,-5.90638168459543e-09,3.055929506887983e-05
rates_d3709cb034eafd9f,0.01,YY,2,correlated,-4.284967851092393e-09,0.0
rates_d3709cb034eafd9f,0.01,YZ,2,correlated,-4.4224097317844853e-10,3.970282589273905e-09
rates_d3709cb034eafd9f,0.01,ZI,1,local,-1.6534323348453174e-10,3.057091549859519e-05
rates_d3709cb034eafd9f,0.01,ZX,2,correlated,-2.1640532266664873e-09,1.1094532906316232e-05
rates_d3709cb034eafd9f,0.01,ZY,2,correlated,5.7749717846225235e-09,0.0
rates_d3709cb034eafd9f,0.01,ZZ,2,correlated,-1.2758298443782545e-17,4.847197152175759e-09
rates_d3709cb034eafd9f,1.0,IX,1,local,7.403954406052172e-09,0.0004879440326968004
rates_d3709cb034eafd9f,1.0,IY,1,local,-4.237642092417637e-09,1.5649668686152306e-05
rates_d3709cb034eafd9f,1.0,IZ,1,local,-2.0466181750605313e-10,2.6019957649524197e-05
rates_d3709cb034eafd9f,1.0,XI,1,local,1.0499561941196669e-08,0.00048793287778738114
rates_d3709cb034eafd9f,1.0,XX,2,correlated,0.0288185021031213,0.000537555713542736
rates_d3709cb034eafd9f,1.0,XY,2,correlated,-4.173671622504673e-09,2.6019015269982587e-05
rates_d3709cb034eafd9f,1.0,XZ,2,correlated,2.4347007299530844e-09,1.5638373798848193e-05
rates_d3709cb034eafd9f,1.0,YI,1,local,2.0117416866744446e-09,1.5638410636763652e-05
rates_d3709cb034eafd9f,1.0,YX,2,correlated,2.751727165925777e-09,2.601946546387557e-05
rates_d3709cb034eafd9f,1.0,YY,2,correlated,5.554789432697571e-09,6.1087673811097365e-09
rates_d3709cb034eafd9f,1.0,YZ,2,correlated,1.7407364372475871e-09,0.0
rates_d3709cb034eafd9f,1.0,ZI,1,local,2.970337372035365e-11,2.6020091013566643e-05
rates_d3709cb034eafd9f,1.0,ZX,2,correlated,2.906540983036818e-09,1.5649048290800516e-05
rates_d3709cb034eafd9f,1.0,ZY,2,correlated,6.162616010154651e-10,5.392834336861649e-09
rates_d3709cb034eafd9f,1.0,ZZ,2,correlated,-1.6986651375104223e-16,7.177623265381718e-09
rates_d3709cb034eafd9f,2.0,IX,1,local,4.0690880260971035e-08,0.0007888928652875877
rates_d3709cb034eafd9f,2.0,IY,1,local,-1.7186653568156837e-09,1.687685918536102e-05
rates_d3709cb034eafd9f,2.0,IZ,1,local,1.684820932738209e-10,2.4790817944209395e-05
rates_d3709cb034eafd9f,2.0,XI,1,local,4.487927730026728e-08,0.0007888842409132205
rates_d3709cb034eafd9f,2.0,XX,2,correlated,0.04377756668221356,0.0014090989539768226
rates_d3709cb034eafd9f,2.0,XY,2,correlated,-4.145307159163539e-09,2.4789129851113527e-05
rates_d3709cb034eafd9f,2.0,XZ,2,correlated,2.8050318012777723e-09,1.6872462121579363e-05
rates_d3709cb034eafd9f,2.0,YI,1,local,2.7581159297549066e-09,1.6870898677074715e-05
rates_d3709cb034eafd9f,2.0,YX,2,correlated,-1.2846239277532294e-09,2.4785926774035648e-05
rates_d3709cb034eafd9f,2.0,YY,2,correlated,4.3632551814600215e-09,1.4998697496353366e-09
rates_d3709cb034eafd9f,2.0,YZ,2,correlated,3.842201520972344e-09,1.1152659464665088e-09
rates_d3709cb034eafd9f,2.0,ZI,1,local,-2.1362050351721085e-11,2.479023751155368e-05
rates_d3709cb034eafd9f,2.0,ZX,2,correlated,2.7643846683088576e-09,1.688220612933622e-05
rates_d3709cb034eafd9f,2.0,ZY,2,correlated,5.136412274488797e-09,4.026106231461838e-09
rates_d3709cb034eafd9f,2.0,ZZ,2,correlated,-1.6854445454191575e-15,5.4335517378836795e-09
rates_d3709cb034eafd9f,3.0,IX,1,local,8.919166799721449e-09,0.001069662411257914
rates_d3709cb034eafd9f,3.0,IY,1,local,-5.100320673264466e-09,1.747241904464943e-05
rates_d3709cb034eafd9f,3.0,IZ,1,local,-6.160146400464222e-11,2.41658144444642e-05
rates_d3709cb034eafd9f,3.0,XI,1,local,7.365843669438034e-09,0.001069685803078526
rates_d3709cb034eafd9f,3.0,XX,2,correlated,0.05844809578832963,0.002651441519943887
rates_d3709cb034eafd9f,3.0,XY,2,correlated,3.0205978684379727e-09,2.416601111395993e-05
rates_d3709cb034eafd9f,3.0,XZ,2,correlated,-5.821503194804073e-09,1.749931459923412e-05
rates_d3709cb034eafd9f,3.0,YI,1,local,-9.676766190874521e-09,1.749472269890621e-05
rates_d3709cb034eafd9f,3.0,YX,2,correlated,-1.2057834223752653e-08,2.416300052634872e-05
rates_d3709cb034eafd9f,3.0,YY,2,correlated,-1.0406595867921002e-08,3.058130602169455e-08
rates_d3709cb034eafd9f,3.0,YZ,2,correlated,7.757073483184465e-10,1.8885810904312694e-08
rates_d3709cb034eafd9f,3.0,ZI,1,local,-1.9651381141034715e-09,2.4168135402389773e-05
rates_d3709cb034eafd9f,3.0,ZX,2,correlated,-6.657737827182281e-09,1.7477700230489378e-05
rates_d3709cb034eafd9f,3.0,ZY,2,correlated,3.7136748247011466e-09,7.2414645998358784e-09
rates_d3709cb034eafd9f,3.0,ZZ,2,correlated,1.7089233889278442e-16,2.5889792756687846e-08
rates_d3709cb034eafd9f,4.0,IX,1,local,1.1960794416649115e-08,0.0013339764232188705
rates_d3709cb034eafd9f,4.0,IY,1,local,-3.20920293823765e-09,1.788619110489433e-05
rates_d3709cb034eafd9f,4.0,IZ,1,local,1.2356376124394055e-09,2.3793063088098697e-05
rates_d3709cb034eafd9f,4.0,XI,1,local,8.256325539935014e-09,0.0013339709569990792
rates_d3709cb034eafd9f,4.0,XX,2,correlated,0.07282052519633751,0.004226047841310573
rates_d3709cb034eafd9f,4.0,XY,2,correlated,1.6244249001116338e-09,2.377749110470844e-05
rates_d3709cb034eafd9f,4.0,XZ,2,correlated,-1.3060662593184178e-09,1.7859743848757542e-05
rates_d3709cb034eafd9f,4.0,YI,1,local,3.178977259006922e-10,1.787768593698747e-05
rates_d3709cb034eafd9f,4.0,YX,2,correlated,-3.1240973698373226e-09,2.3781892055029625e-05
rates_d3709cb034eafd9f,4.0,YY,2,correlated,-2.3763576022892843e-09,1.4079384956959791e-08
rates_d3709cb034eafd9f,4.0,YZ,2,correlated,-1.1039996161437047e-09,5.070320075847151e-09
rates_d3709cb034eafd9f,4.0,ZI,1,local,-3.6294794787072527e-10,2.3792656640737297e-05
rates_d3709cb034eafd9f,4.0,ZX,2,correlated,-2.5205658604503785e-10,1.7864254348254078e-05
rates_d3709cb034eafd9f,4.0,ZY,2,correlated,6.242253475951993e-09,6.474641233023507e-09
rates_d3709cb034eafd9f,4.0,ZZ,2,correlated,-2.784144332118792e-16,2.133526926916679e-08
rates_d40c9e1dbffac54a,0.01,IX,1,local,-6.660697104795014e-09,0.000181882405326488
rates_d40c9e1dbffac54a,0.01,IY,1,local,9.566657977791947e-10,3.555660905156288e-10
rates_d40c9e1dbffac54a,0.01,IZ,1,local,3.8819735163344664e-11,2.4872889412745855e-09
rates_d40c9e1dbffac54a,0.01,XI,1,local,-2.3879556395740186e-09,0.00018188999969042974
rates_d40c9e1dbffac54a,0.01,XX,2,correlated,0.01374066045588372,2.456229850528657e-06
rates_d40c9e1dbffac54a,0.01,XY,2,correlated,5.91425270282528e-09,9.372244424296827e-10
rates_d40c9e1dbffac54a,0.01,XZ,2,correlated,1.4121485975371608e-09,1.7027103946112444e-09
rates_d40c9e1dbffac54a,0.01,YI,1,local,6.0611968877625e-09,1.9564946191998054e-09
rates_d40c9e1dbffac54a,0.01,YX,2,correlated,-5.102902318976975e-10,4.046137937690304e-09
rates_d40c9e1dbffac54a,0.01,YY,2,correlated,2.978969539227142e-09,2.4197417954684146e-09
rates_d40c9e1dbffac54a,0.01,YZ,2,correlated,-2.7027430854777374e-09,2.1038627155383718e-09
rates_d40c9e1dbffac54a,0.01,ZI,1,local,-1.6955228240759315e-11,5.355191847028786e-09
rates_d40c9e1dbffac54a,0.01,ZX,2,correlated,1.5574702064046528e-09,1.3247660701721717e-09
rates_d40c9e1dbffac54a,0.01,ZY,2,correlated,-9.827078064698709e-12,4.282448082762429e-10
rates_d40c9e1dbffac54a,0.01,ZZ,2,correlated,-2.3933668935330956e-15,3.885413075803944e-09
rates_d40c9e1dbffac54a,1.0,IX,1,local,5.624737075502285e-09,0.0002882662092854298
rates_d40c9e1dbffac54a,1.0,IY,1,local,-1.739037024286454e-09,1.1514267828886956e-09
rates_d40c9e1dbffac54a,1.0,IZ,1,local,3.239749007381156e-10,4.376409659342564e-09
rates_d40c9e1dbffac54a,1.0,XI,1,local,9.066486670527649e-09,0.00028826285048752027
rates_d40c9e1dbffac54a,1.0,XX,2,correlated,0.028843139203255763,0.00046021558096080945
rates_d40c9e1dbffac54a,1.0,XY,2,correlated,-1.3771735921803327e-09,5.7424493461001374e-09
rates_d40c9e1dbffac54a,1.0,XZ,2,correlated,1.1194141677898288e-09,1.4456478865493522e-09
rates_d40c9e1dbffac54a,1.0,YI,1,local,5.943012482386074e-10,2.7320360717202727e-09
rates_d40c9e1dbffac54a,1.0,YX,2,correlated,-4.157582687197323e-09,9.494868976613838e-10
rates_d40c9e1dbffac54a,1.0,YY,2,correlated,2.1026367990028237e-09,8.054918977795359e-10
rates_d40c9e1dbffac54a,1.0,YZ,2,correlated,1.4281288594201978e-10,7.528027970390669e-10
rates_d40c9e1dbffac54a,1.0,ZI,1,local,-3.072393267012236e-10,9.853777602443352e-10
rates_d40c9e1dbffac54a,1.0,ZX,2,correlated,1.114301027338673e-09,3.7152681563830045e-09
rates_d40c9e1dbffac54a,1.0,ZY,2,correlated,4.494915049926947e-09,1.0872350727691416e-09
rates_d40c9e1dbffac54a,1.0,ZZ,2,correlated,-1.1522918119179382e-16,6.340638950301167e-10
rates_d40c9e1dbffac54a,2.0,IX,1,local,4.7347272246486384e-08,0.00038549435226612014
rates_d40c9e1dbffac54a,2.0,IY,1,local,3.814137448037992e-09,9.619849476653588e-09
rates_d40c9e1dbffac54a,2.0,IZ,1,local,-4.749606902496978e-10,9.02333410309702e-09
rates_d40c9e1dbffac54a,2.0,XI,1,local,3.947528414288894e-08,0.00038548496076101714
rates_d40c9e1dbffac54a,2.0,XX,2,correlated,0.0438286024263659,0.001335800152076577
rates_d40c9e1dbffac54a,2.0,XY,2,correlated,-2.454869228169369e-12,8.826859910704356e-09
rates_d40c9e1dbffac54a,2.0,XZ,2,correlated,-1.2330789292016336e-09,9.461689606488717e-09
rates_d40c9e1dbffac54a,2.0,YI,1,local,1.7179119556083614e-10,6.307326562230428e-09
rates_d40c9e1dbffac54a,2.0,YX,2,correlated,6.452137000175393e-09,1.8563003786290378e-08
rates_d40c9e1dbffac54a,2.0,YY,2,correlated,-1.5416388595591456e-09,2.728877789892191e-10
rates_d40c9e1dbffac54a,2.0,YZ,2,correlated,-1.6933134383876995e-09,6.131599941635017e-11
rates_d40c9e1dbffac54a,2.0,ZI,1,local,4.874651210170148e-10,1.746425618770308e-08
rates_d40c9e1dbffac54a,2.0,ZX,2,correlated,-8.864666152114121e-10,1.0189293850391794e-08
rates_d40c9e1dbffac54a,2.0,ZY,2,correlated,-3.287126234103069e-09,1.3171487446735075e-10
rates_d40c9e1dbffac54a,2.0,ZZ,2,correlated,3.7904955119491143e-16,2.194212235951537e-10
rates_d40c9e1dbffac54a,3.0,IX,1,local,-5.482131797320406e-09,0.00047116017742801584
rates_d40c9e1dbffac54a,3.0,IY,1,local,-8.679989997310433e-09,8.617481552269295e-09
rates_d40c9e1dbffac54a,3.0,IZ,1,local,-9.579812516536052e-10,1.6543653501952784e-08
rates_d40c9e1dbffac54a,3.0,XI,1,local,-7.569648093951119e-09,0.0004711388698339743
rates_d40c9e1dbffac54a,3.0,XX,2,correlated,0.058533337260704435,0.0025834642705473143
rates_d40c9e1dbffac54a,3.0,XY,2,correlated,-1.0877690767811768e-08,8.067813431320188e-09
rates_d40c9e1dbffac54a,3.0,XZ,2,correlated,-1.0416466440454094e-08,9.084971329691073e-09
rates_d40c9e1dbffac54a,3.0,YI,1,local,-1.0644636422677034e-08,6.657506656734554e-09
rates_d40c9e1dbffac54a,3.0,YX,2,correlated,7.686365789852808e-09,5.371536385015505e-09
rates_d40c9e1dbffac54a,3.0,YY,2,correlated,-2.0090495537420987e-08,2.0425920425274757e-08
rates_d40c9e1dbffac54a,3.0,YZ,2,correlated,1.3559034365662363e-08,1.330318168793158e-08
rates_d40c9e1dbffac54a,3.0,ZI,1,local,-7.423677426243123e-10,1.536416953487549e-08
rates_d40c9e1dbffac54a,3.0,ZX,2,correlated,-1.1724706822724675e-08,8.546826846733344e-09
rates_d40c9e1dbffac54a,3.0,ZY,2,correlated,5.7668021090108095e-09,1.8232584031455692e-08
rates_d40c9e1dbffac54a,3.0,ZZ,2,correlated,2.8978877149492465e-15,2.4086879744878928e-08
rates_d40c9e1dbffac54a,4.0,IX,1,local,1.6638146345559664e-08,0.0005486858733463622
rates_d40c9e1dbffac54a,4.0,IY,1,local,7.390145912485353e-09,3.541769497495751e-09
rates_d40c9e1dbffac54a,4.0,IZ,1,local,-1.9773278539560434e-09,5.8890613930721866e-09
rates_d40c9e1dbffac54a,4.0,XI,1,local,3.3184456476929487e-09,0.0005487016858631253
rates_d40c9e1dbffac54a,4.0,XX,2,correlated,0.07294624923035894,0.004164978284585336
rates_d40c9e1dbffac54a,4.0,XY,2,correlated,-1.479492559026655e-09,1.3216949453832318e-09
rates_d40c9e1dbffac54a,4.0,XZ,2,correlated,-2.2975448843703704e-09,3.9941890802241365e-09
rates_d40c9e1dbffac54a,4.0,YI,1,local,-6.86320879648811e-09,1.1233887323726776e-08
rates_d40c9e1dbffac54a,4.0,YX,2,correlated,5.703561276725138e-09,8.603061511010951e-09
rates_d40c9e1dbffac54a,4.0,YY,2,correlated,-4.5139964498685035e-09,5.2703783886248e-09
rates_d40c9e1dbffac54a,4.0,YZ,2,correlated,1.0020124961471978e-08,5.986727000076135e-09
rates_d40c9e1dbffac54a,4.0,ZI,1,local,2.774715755994438e-09,1.3347499502141585e-08
rates_d40c9e1dbffac54a,4.0,ZX,2,correlated,-1.2721843663201238e-09,3.0949200749939842e-09
rates_d40c9e1dbffac54a,4.0,ZY,2,correlated,-5.059273622874213e-09,3.627122060528033e-09
rates_d40c9e1dbffac54a,4.0,ZZ,2,correlated,-4.0559608580108686e-16,8.122222434989862e-09
rates_dbce33219f597cb7,0.01,IX,1,local,-1.6013785151175163e-08,0.0002708173446737915
rates_dbce33219f597cb7,0.01,IY,1,local,3.817708761201953e-09,0.00019652409259694514
rates_dbce33219f597cb7,0.01,IZ,1,local,9.828159176307997e-11,0.00045347760867970135
rates_dbce33219f597cb7,0.01,XI,1,local,-1.0569694049831246e-08,0.0002708216249360156
rates_dbce33219f597cb7,0.01,XX,2,correlated,0.013732902732578128,8.30606173671293e-05
rates_dbce33219f597cb7,0.01,XY,2,correlated,9.245057859818137e-10,0.0004534491881032142
rates_dbce33219f597cb7,0.01,XZ,2,correlated,-2.958511523984958e-09,0.00019652033028539563
rates_dbce33219f597cb7,0.01,YI,1,local,-2.852272731415978e-09,0.00019652885398571725
rates_dbce33219f597cb7,0.01,YX,2,correlated,1.196738632774215e-09,0.00045344933814182517
rates_dbce33219f597cb7,0.01,YY,2,correlated,-6.266653975392494e-09,0.0
rates_dbce33219f597cb7,0.01,YZ,2,correlated,3.1943131258338896e-10,0.0
rates_dbce33219f597cb7,0.01,ZI,1,local,-1.5994881797402454e-11,0.0004534775062574574
rates_dbce33219f597cb7,0.01,ZX,2,correlated,-3.2307564996707427e-09,0.0001965155212775254
rates_dbce33219f597cb7,0.01,ZY,2,correlated,-2.1046510040254224e-09,0.0
rates_dbce33219f597cb7,0.01,ZZ,2,correlated,-1.202735668043389e-16,8.634100703340075e-08
rates_dbce33219f597cb7,1.0,IX,1,local,1.4221869243805423e-08,0.0005878781386055112
rates_dbce33219f597cb7,1.0,IY,1,local,-2.220824520833591e-09,0.00025652527378652043
rates_dbce33219f597cb7,1.0,IZ,1,local,1.0054491575515596e-10,0.00039347956074818396
rates_dbce33219f597cb7,1.0,XI,1,local,1.308438515673948e-08,0.0005878828821729425
rates_dbce33219f597cb7,1.0,XX,2,correlated,0.02881874188087561,0.0005375550035168801
rates_dbce33219f597cb7,1.0,XY,2,correlated,1.5538431114610618e-09,0.0003934644360501127
rates_dbce33219f597cb7,1.0,XZ,2,correlated,6.453169299718741e-12,0.0002565142066462484
rates_dbce33219f597cb7,1.0,YI,1,local,-2.1704824019019638e-09,0.0002565295424740915
rates_dbce33219f597cb7,1.0,YX,2,correlated,-5.805403878124075e-09,0.00039346501763653683
rates_dbce33219f597cb7,1.0,YY,2,correlated,1.449692940502367e-10,3.4816107596750967e-09
rates_dbce33219f597cb7,1.0,YZ,2,correlated,-1.8041823628002186e-09,0.0
rates_dbce33219f597cb7,1.0,ZI,1,local,-9.697478062366252e-11,0.00039347968706049006
rates_dbce33219f597cb7,1.0,ZX,2,correlated,2.269470389365706e-10,0.00025650923005923103
rates_dbce33219f597cb7,1.0,ZY,2,correlated,3.1165046689223107e-09,0.0
rates_dbce33219f597cb7,1.0,ZZ,2,correlated,-1.391007478181895e-16,4.608669669330101e-08
rates_dbce33219f597cb7,2.0,IX,1,local,3.0083484817981194e-08,0.000888843343974095
rates_dbce33219f597cb7,2.0,IY,1,local,1.0136335680808737e-09,0.00027278666493528914
rates_dbce33219f597cb7,2.0,IZ,1,local,1.2656040411941118e-09,0.0003772281497285331
rates_dbce33219f597cb7,2.0,XI,1,local,3.8196718308910643e-08,0.0008888400759718479
rates_dbce33219f597cb7,2.0,XX,2,correlated,0.04377781707400411,0.0014090957021446729
rates_dbce33219f597cb7,2.0,XY,2,correlated,3.116535989737295e-09,0.00037720697734014105
rates_dbce33219f597cb7,2.0,XZ,2,correlated,-3.945558666054111e-09,0.0002727640686417307
rates_dbce33219f597cb7,2.0,YI,1,local,-9.196143411061e-10,0.00027278537448996036
rates_dbce33219f597cb7,2.0,YX,2,correlated,-2.8022234604139526e-09,0.0003772037717880936
rates_dbce33219f597cb7,2.0,YY,2,correlated,-1.1659463229329795e-08,1.8392815814637737e-09
rates_dbce33219f597cb7,2.0,YZ,2,correlated,-2.9711285403100963e-09,0.0
rates_dbce33219f597cb7,2.0,ZI,1,local,-4.093381054309236e-10,0.0003772288206748756
rates_dbce33219f597cb7,2.0,ZX,2,correlated,-6.318591226756458e-09,0.0002727678936925491
rates_dbce33219f597cb7,2.0,ZY,2,correlated,4.013242522878202e-09,0.0
rates_dbce33219f597cb7,2.0,ZZ,2,correlated,-3.0124761263044214e-16,4.057877817445488e-08
rates_dbce33219f597cb7,3.0,IX,1,local,-1.4441921177062973e-09,0.0011696250756011606
rates_dbce33219f597cb7,3.0,IY,1,local,-2.0249981548353655e-09,0.0002808887566372934
rates_dbce33219f597cb7,3.0,IZ,1,local,1.1083770510190734e-09,0.0003691280707650472
rates_dbce33219f597cb7,3.0,XI,1,local,1.0765260231045193e-08,0.0011696522064702794
rates_dbce33219f597cb7,3.0,XX,2,correlated,0.05844834513915352,0.002651428344233498
rates_dbce33219f597cb7,3.0,XY,2,correlated,1.1322588590750378e-08,0.00036907358031384194
rates_dbce33219f597cb7,3.0,XZ,2,correlated,7.254064376282676e-09,0.0002808994076338594
rates_dbce33219f597cb7,3.0,YI,1,local,7.567217392985155e-09,0.0002809179481573939
rates_dbce33219f597cb7,3.0,YX,2,correlated,-8.888600686075694e-09,0.0003690708498181182
rates_dbce33219f597cb7,3.0,YY,2,correlated,1.4909435260181702e-08,0.0
rates_dbce33219f597cb7,3.0,YZ,2,correlated,-1.0805952884438653e-09,0.0
rates_dbce33219f597cb7,3.0,ZI,1,local,-9.761786063469074e-10,0.00036912938448931695
rates_dbce33219f597cb7,3.0,ZX,2,correlated,7.865507042359763e-09,0.0002808716328863259
rates_dbce33219f597cb7,3.0,ZY,2,correlated,6.42712600632802e-09,0.0
rates_dbce33219f597cb7,3.0,ZZ,2,correlated,-3.907026041599288e-17,3.055394683486594e-08
rates_dbce33219f597cb7,4.0,IX,1,local,-6.169023273624229e-09,0.001433937603870957
rates_dbce33219f597cb7,4.0,IY,1,local,-1.3125037650094372e-09,0.00028601129363247074
rates_dbce33219f597cb7,4.0,IZ,1,local,-1.2123624913514856e-09,0.00036401442550129047
rates_dbce33219f597cb7,4.0,XI,1,local,2.310404504545103e-08,0.0014339347375326727
rates_dbce33219f597cb7,4.0,XX,2,correlated,0.07282078308406095,0.004226053885828753
rates_dbce33219f597cb7,4.0,XY,2,correlated,-5.369456928718469e-09,0.0003639891974631597
rates_dbce33219f597cb7,4.0,XZ,2,correlated,-5.794009832903735e-09,0.0002859737751068404
rates_dbce33219f597cb7,4.0,YI,1,local,-8.524597069111273e-10,0.0002860205623425009
rates_dbce33219f597cb7,4.0,YX,2,correlated,-4.508427933062203e-09,0.0003639758801303346
rates_dbce33219f597cb7,4.0,YY,2,correlated,-1.2528201973992146e-08,6.830616916392849e-09
rates_dbce33219f597cb7,4.0,YZ,2,correlated,5.543483074008325e-09,0.0
rates_dbce33219f597cb7,4.0,ZI,1,local,-1.4640830602253006e-09,0.00036401540074719734
rates_dbce33219f597cb7,4.0,ZX,2,correlated,-7.49465018778986e-09,0.0002859768484825334
rates_dbce33219f597cb7,4.0,ZY,2,correlated,4.079624078323596e-09,0.0
rates_dbce33219f597cb7,4.0,ZZ,2,correlated,-3.220983136670732e-16,2.709427473525372e-08
rates_dc58ae7c10144f92,0.01,IX,1,local,-9.952958527669099e-09,0.000195894774470323
rates_dc58ae7c10144f92,0.01,IY,1,local,-2.377127931573579e-09,4.913141369441496e-05
rates_dc58ae7c10144f92,0.01,IZ,1,local,-2.161628273311145e-10,0.00011336975835938999
rates_dc58ae7c10144f92,0.01,XI,1,local,-6.901063943342842e-09,0.00019589754189960898
rates_dc58ae7c10144f92,0.01,XX,2,correlated,0.013732614996396419,8.306148468450131e-05
rates_dc58ae7c10144f92,0.01,XY,2,correlated,-5.303486613244392e-09,0.00011336520793474681
rates_dc58ae7c10144f92,0.01,XZ,2,correlated,6.98356303767592e-10,4.9132162992118056e-05
rates_dc58ae7c10144f92,0.01,YI,1,local,-5.899108745869463e-09,4.91345147851087e-05
rates_dc58ae7c10144f92,0.01,YX,2,correlated,-1.3441259435256259e-09,0.00011336527494211631
rates_dc58ae7c10144f92,0.01,YY,2,correlated,1.6062456096211008e-09,0.0
rates_dc58ae7c10144f92,0.01,YZ,2,correlated,5.451474448903112e-09,0.0
rates_dc58ae7c10144f92,0.01,ZI,1,local,9.49056921549473e-11,0.00011336964542998611
rates_dc58ae7c10144f92,0.01,ZX,2,correlated,8.063506327888807e-10,4.9129107823120925e-05
rates_dc58ae7c10144f92,0.01,ZY,2,correlated,5.1840649586813494e-12,0.0
rates_dc58ae7c10144f92,0.01,ZZ,2,correlated,1.0957136842142704e-16,4.371060295481474e-09
rates_dc58ae7c10144f92,1.0,IX,1,local,5.01189715225589e-09,0.0005129382010025021
rates_dc58ae7c10144f92,1.0,IY,1,local,-1.5554459846018772e-09,6.413344898411474e-05
rates_dc58ae7c10144f92,1.0,IZ,1,local,-6.205342917551293e-11,9.837355093381391e-05
rates_dc58ae7c10144f92,1.0,XI,1,local,9.048216154785456e-09,0.0005129335131935364
rates_dc58ae7c10144f92,1.0,XX,2,correlated,0.028818498661919843,0.000537555222431793
rates_dc58ae7c10144f92,1.0,XY,2,correlated,-1.2645924781475226e-10,9.836427620811292e-05
rates_dc58ae7c10144f92,1.0,XZ,2,correlated,-2.149450436634304e-09,6.4126848249549e-05
rates_dc58ae7c10144f92,1.0,YI,1,local,-1.6866146572330992e-09,6.413052587823889e-05
rates_dc58ae7c10144f92,1.0,YX,2,correlated,-2.795076201341668e-10,9.836336362664585e-05
rates_dc58ae7c10144f92,1.0,YY,2,correlated,-4.44806996430501e-09,0.0
rates_dc58ae7c10144f92,1.0,YZ,2,correlated,-5.161502160678239e-11,0.0
rates_dc58ae7c10144f92,1.0,ZI,1,local,-4.129094865017372e-11,9.837301873798005e-05
rates_dc58ae7c10144f92,1.0,ZX,2,correlated,-2.511415470055206e-09,6.413121613156391e-05
rates_dc58ae7c10144f92,1.0,ZY,2,correlated,2.145774055764184e-09,0.0
rates_dc58ae7c10144f92,1.0,ZZ,2,correlated,-8.445777121895803e-17,5.626875129893956e-09
rates_dc58ae7c10144f92,2.0,IX,1,local,3.7419442428489405e-08,0.000813886775489193
rates_dc58ae7c10144f92,2.0,IY,1,local,1.677131781825098e-09,6.819447201993902e-05
rates_dc58ae7c10144f92,2.0,IZ,1,local,3.170196034590436e-10,9.430227615090574e-05
rates_dc58ae7c10144f92,2.0,XI,1,local,3.641065738700588e-08,0.0008138890849204183
rates_dc58ae7c10144f92,2.0,XX,2,correlated,0.04377758466783754,0.001409105780706473
rates_dc58ae7c10144f92,2.0,XY,2,correlated,2.4070678871789187e-09,9.430988737796236e-05
rates_dc58ae7c10144f92,2.0,XZ,2,correlated,-3.3779792145943385e-09,6.819247074485224e-05
rates_dc58ae7c10144f92,2.0,YI,1,local,1.92075687529757e-09,6.819730663710317e-05
rates_dc58ae7c10144f92,2.0,YX,2,correlated,-2.9007071011095167e-09,9.430785207149384e-05
rates_dc58ae7c10144f92,2.0,YY,2,correlated,-7.641090774871591e-09,1.8346590160040225e-09
rates_dc58ae7c10144f92,2.0,YZ,2,correlated,-3.4945104677570518e-09,0.0
rates_dc58ae7c10144f92,2.0,ZI,1,local,-3.0002894541303387e-10,9.430226142016354e-05
rates_dc58ae7c10144f92,2.0,ZX,2,correlated,-3.817561192301527e-09,6.81916861639668e-05
rates_dc58ae7c10144f92,2.0,ZY,2,correlated,6.596955511485431e-10,0.0
rates_dc58ae7c10144f92,2.0,ZZ,2,correlated,9.975176239555558e-17,8.464621724900423e-10
rates_dc58ae7c10144f92,3.0,IX,1,local,7.955235091172748e-09,0.0010946843279011295
rates_dc58ae7c10144f92,3.0,IY,1,local,6.00758427050415e-09,7.023435555704578e-05
rates_dc58ae7c10144f92,3.0,IZ,1,local,-8.937716231578794e-11,9.227699939628023e-05
rates_dc58ae7c10144f92,3.0,XI,1,local,1.2047043234047964e-08,0.0010946566743886845
rates_dc58ae7c10144f92,3.0,XX,2,correlated,0.05844810903108256,0.0026514358729596292
rates_dc58ae7c10144f92,3.0,XY,2,correlated,-1.127346022045566e-08,9.226055613886569e-05
rates_dc58ae7c10144f92,3.0,XZ,2,correlated,3.5159375408197177e-09,7.02045307273244e-05
rates_dc58ae7c10144f92,3.0,YI,1,local,-3.145057272570951e-09,7.020393370081178e-05
rates_dc58ae7c10144f92,3.0,YX,2,correlated,1.80102381465189e-08,9.22626374196434e-05
rates_dc58ae7c10144f92,3.0,YY,2,correlated,3.5816067815398572e-09,2.7610005447801052e-08
rates_dc58ae7c10144f92,3.0,YZ,2,correlated,4.6128899130890746e-09,0.0
rates_dc58ae7c10144f92,3.0,ZI,1,local,1.610759390342412e-09,9.227892360999817e-05
rates_dc58ae7c10144f92,3.0,ZX,2,correlated,1.8211586507757007e-09,7.0230947100701e-05
rates_dc58ae7c10144f92,3.0,ZY,2,correlated,-9.901070408597399e-09,1.7973092109654226e-08
rates_dc58ae7c10144f92,3.0,ZZ,2,correlated,6.219482550108368e-16,2.5061021323479274e-08
rates_dc58ae7c10144f92,4.0,IX,1,local,1.3417803091981035e-08,0.0013589783839089069
rates_dc58ae7c10144f92,4.0,IY,1,local,3.3543607853073146e-09,7.151521659213207e-05
rates_dc58ae7c10144f92,4.0,IZ,1,local,-1.7991511275766077e-09,9.099986858362686e-05
rates_dc58ae7c10144f92,4.0,XI,1,local,1.468185796077636e-08,0.0013589712600761332
rates_dc58ae7c10144f92,4.0,XX,2,correlated,0.07282054579225333,0.004226061416737175
rates_dc58ae7c10144f92,4.0,XY,2,correlated,-1.0235069503070365e-08,9.099800456047381e-05
rates_dc58ae7c10144f92,4.0,XZ,2,correlated,-1.0549232672594975e-09,7.148484642635467e-05
rates_dc58ae7c10144f92,4.0,YI,1,local,2.2652772966985797e-09,7.150224559130895e-05
rates_dc58ae7c10144f92,4.0,YX,2,correlated,1.0542852075406762e-08,9.099991567496687e-05
rates_dc58ae7c10144f92,4.0,YY,2,correlated,-1.5627325098226695e-09,4.48701081320649e-09
rates_dc58ae7c10144f92,4.0,YZ,2,correlated,4.511213489057576e-09,0.0
rates_dc58ae7c10144f92,4.0,ZI,1,local,2.2633114344422123e-09,9.100355377889784e-05
rates_dc58ae7c10144f92,4.0,ZX,2,correlated,-5.886022688107498e-11,7.149222111749856e-05
rates_dc58ae7c10144f92,4.0,ZY,2,correlated,-1.3082546884415141e-08,1.70443547253471e-09
rates_dc58ae7c10144f92,4.0,ZZ,2,correlated,8.699708734937199e-16,0.0
rates_de7c92c5d91f74df,0.01,IX,1,local,-1.2048772094597516e-08,0.00038159978860726417
rates_de7c92c5d91f74df,0.01,IY,1,local,3.341025821307443e-09,0.00019648524124841275
rates_de7c92c5d91f74df,0.01,IZ,1,local,9.346256172247457e-11,0.00045353043747495785
rates_de7c92c5d91f74df,0.01,XI,1,local,-2.8265766889959937e-09,0.00038160352303211165
rates_de7c92c5d91f74df,0.01,XX,2,correlated,0.013728834762181417,0.00016371837357144345
rates_de7c92c5d91f74df,0.01,XY,2,correlated,3.967935137970342e-09,0.0004534835834359195
rates_de7c92c5d91f74df,0.01,XZ,2,correlated,6.585368628345569e-10,0.0001964731734602027
rates_de7c92c5d91f74df,0.01,YI,1,local,4.181955348183648e-09,0.00019648933002039493
rates_de7c92c5d91f74df,0.01,YX,2,correlated,-5.67594800571123e-10,0.0004534836492245743
rates_de7c92c5d91f74df,0.01,YY,2,correlated,1.0468265718627165e-09,0.0
rates_de7c92c5d91f74df,0.01,YZ,2,correlated,-4.700069124190607e-09,0.0
rates_de7c92c5d91f74df,0.01,ZI,1,local,2.529841615138665e-11,0.0004535304279419202
rates_de7c92c5d91f74df,0.01,ZX,2,correlated,5.791464113686093e-10,0.00019646902843466275
rates_de7c92c5d91f74df,0.01,ZY,2,correlated,-1.9989306630215045e-09,0.0
rates_de7c92c5d91f74df,0.01,ZZ,2,correlated,-2.5444303092870066e-18,8.269314104722089e-08
rates_de7c92c5d91f74df,1.0,IX,1,local,5.304793847985939e-09,0.0009061092702820346
rates_de7c92c5d91f74df,1.0,IY,1,local,4.412019150827082e-09,0.00025646625327921683
rates_de7c92c5d91f74df,1.0,IZ,1,local,2.3041643305920514e-10,0.0003935637264126039
rates_de7c92c5d91f74df,1.0,XI,1,local,1.0467516967266999e-08,0.0009061202228993016
rates_de7c92c5d91f74df,1.0,XX,2,correlated,0.028798431944400602,0.0006155737877250412
rates_de7c92c5d91f74df,1.0,XY,2,correlated,2.777548376797515e-10,0.0003935093552694482
rates_de7c92c5d91f74df,1.0,XZ,2,correlated,4.1689966949482276e-10,0.00025644235661053397
rates_de7c92c5d91f74df,1.0,YI,1,local,-2.3215262715460954e-09,0.00025647729145723174
rates_de7c92c5d91f74df,1.0,YX,2,correlated,-3.999770796131447e-09,0.0003935078070978781
rates_de7c92c5d91f74df,1.0,YY,2,correlated,-4.266251000379227e-10,0.0
rates_de7c92c5d91f74df,1.0,YZ,2,correlated,4.940930499024702e-09,0.0
rates_de7c92c5d91f74df,1.0,ZI,1,local,4.345367434927682e-11,0.00039356442940972176
rates_de7c92c5d91f74df,1.0,ZX,2,correlated,2.160143309229861e-10,0.00025643216360627443
rates_de7c92c5d91f74df,1.0,ZY,2,correlated,3.7338952283650615e-09,0.0
rates_de7c92c5d91f74df,1.0,ZZ,2,correlated,-4.784967348985997e-16,5.492528602283318e-08
rates_de7c92c5d91f74df,2.0,IX,1,local,3.1560857721317076e-08,0.001406991482254725
rates_de7c92c5d91f74df,2.0,IY,1,local,-4.455784273602446e-10,0.0002727220121896285
rates_de7c92c5d91f74df,2.0,IZ,1,local,-4.24769728483662e-11,0.0003773109833353671
rates_de7c92c5d91f74df,2.0,XI,1,local,3.120235836439687e-08,0.0014069875466971773
rates_de7c92c5d91f74df,2.0,XX,2,correlated,0.04373156198646097,0.001484219350777782
rates_de7c92c5d91f74df,2.0,XY,2,correlated,-3.92723236145565e-09,0.0003772769273063582
rates_de7c92c5d91f74df,2.0,XZ,2,correlated,2.4145941496563976e-09,0.0002726756281155434
rates_de7c92c5d91f74df,2.0,YI,1,local,-2.0062401373693387e-09,0.00027271625832008976
rates_de7c92c5d91f74df,2.0,YX,2,correlated,-1.0058661827140378e-09,0.0003772781607990338
rates_de7c92c5d91f74df,2.0,YY,2,correlated,4.627689947010558e-09,8.593033339832838e-09
rates_de7c92c5d91f74df,2.0,YZ,2,correlated,1.3371520473352812e-09,0.0
rates_de7c92c5d91f74df,2.0,ZI,1,local,-4.571149889058526e-11,0.0003773119689354316
rates_de7c92c5d91f74df,2.0,ZX,2,correlated,2.3330153263839013e-09,0.0002726791628912844
rates_de7c92c5d91f74df,2.0,ZY,2,correlated,2.663967599292381e-10,0.0
rates_de7c92c5d91f74df,2.0,ZZ,2,correlated,-9.310039299075236e-18,3.475412886340748e-08
rates_de7c92c5d91f74df,3.0,IX,1,local,1.9111521399050263e-08,0.0018786814047020324
rates_de7c92c5d91f74df,3.0,IY,1,local,-1.298059089433702e-09,0.00028082389637468794
rates_de7c92c5d91f74df,3.0,IZ,1,local,5.149076745930159e-10,0.00036923158374624213
rates_de7c92c5d91f74df,3.0,XI,1,local,2.013393029601664e-08,0.0018786791314138742
rates_de7c92c5d91f74df,3.0,XX,2,correlated,0.05836841144868019,0.0027227022022947266
rates_de7c92c5d91f74df,3.0,XY,2,correlated,3.3108650125732187e-09,0.0003691534921520247
rates_de7c92c5d91f74df,3.0,XZ,2,correlated,5.397086836420425e-09,0.0002807806500421032
rates_de7c92c5d91f74df,3.0,YI,1,local,5.204032900579039e-09,0.0002808215229082472
rates_de7c92c5d91f74df,3.0,YX,2,correlated,6.953157235305836e-09,0.0003691502090053403
rates_de7c92c5d91f74df,3.0,YY,2,correlated,1.1155074654465274e-08,0.0
rates_de7c92c5d91f74df,3.0,YZ,2,correlated,1.2522974062872841e-09,0.0
rates_de7c92c5d91f74df,3.0,ZI,1,local,3.194522327765689e-10,0.000369233234567564
rates_de7c92c5d91f74df,3.0,ZX,2,correlated,5.5844836077142624e-09,0.00028078465583396007
rates_de7c92c5d91f74df,3.0,ZY,2,correlated,-1.2130970935253192e-09,0.0
rates_de7c92c5d91f74df,3.0,ZZ,2,correlated,9.571573535957372e-17,3.1133054296611723e-08
rates_de7c92c5d91f74df,4.0,IX,1,local,1.5271636191667392e-08,0.002325234592841746
rates_de7c92c5d91f74df,4.0,IY,1,local,6.24325804401986e-09,0.0002859375710141524
rates_de7c92c5d91f74df,4.0,IZ,1,local,3.282625640735476e-10,0.0003641248368297966
rates_de7c92c5d91f74df,4.0,XI,1,local,1.8174536430696292e-08,0.002325233151725957
rates_de7c92c5d91f74df,4.0,XX,2,correlated,0.07270108139308605,0.004292294628083201
rates_de7c92c5d91f74df,4.0,XY,2,correlated,2.56704855169126e-09,0.0003640610581630248
rates_de7c92c5d91f74df,4.0,XZ,2,correlated,1.712882449156628e-09,0.00028586495165935146
rates_de7c92c5d91f74df,4.0,YI,1,local,-2.6701130248257996e-09,0.00028593503647761695
rates_de7c92c5d91f74df,4.0,YX,2,correlated,1.8388535238754002e-09,0.0003640567120688973
rates_de7c92c5d91f74df,4.0,YY,2,correlated,1.0974621187658831e-09,3.5940668904947638e-09
rates_de7c92c5d91f74df,4.0,YZ,2,correlated,-1.2958188934742777e-09,0.0
rates_de7c92c5d91f74df,4.0,ZI,1,local,1.0569791092862765e-10,0.00036412679340628494
rates_de7c92c5d91f74df,4.0,ZX,2,correlated,8.114074414683599e-10,0.00028586987571428875
rates_de7c92c5d91f74df,4.0,ZY,2,correlated,8.011872762248257e-10,0.0
rates_de7c92c5d91f74df,4.0,ZZ,2,correlated,1.0672501275232964e-16,3.115293329379598e-08
rates_e3c1dfd931a34ad1,0.01,IX,1,local,-2.9800957871535054e-09,0.00028165190330216175
rates_e3c1dfd931a34ad1,0.01,IY,1,local,-1.2397993128473538e-09,8.877886597823649e-05
rates_e3c1dfd931a34ad1,0.01,IZ,1,local,-1.0869599231464541e-10,0.00024456242153431595
rates_e3c1dfd931a34ad1,0.01,XI,1,local,-8.377596901350905e-09,0.000281655281873675
rates_e3c1dfd931a34ad1,0.01,XX,2,correlated,0.0137286269949461,0.00016371886768513753
rates_e3c1dfd931a34ad1,0.01,XY,2,correlated,-1.4037445362181062e-09,0.0002445415241422462
rates_e3c1dfd931a34ad1,0.01,XZ,2,correlated,1.2772449519275583e-09,8.877566309978186e-05
rates_e3c1dfd931a34ad1,0.01,YI,1,local,5.280552741708249e-10,8.87820414521771e-05
rates_e3c1dfd931a34ad1,0.01,YX,2,correlated,-1.8413765749859145e-10,0.00024454180923048533
rates_e3c1dfd931a34ad1,0.01,YY,2,correlated,2.7757783754579226e-09,0.0
rates_e3c1dfd931a34ad1,0.01,YZ,2,correlated,2.5317048759196823e-10,0.0
rates_e3c1dfd931a34ad1,0.01,ZI,1,local,-3.2840566071195388e-12,0.0002445622875337802
rates_e3c1dfd931a34ad1,0.01,ZX,2,correlated,1.3614153747922894e-09,8.87723365376618e-05
rates_e3c1dfd931a34ad1,0.01,ZY,2,correlated,-2.75976348122626e-09,0.0
rates_e3c1dfd931a34ad1,0.01,ZZ,2,correlated,-1.767512182321155e-17,2.457573508507293e-08
rates_e3c1dfd931a34ad1,1.0,IX,1,local,1.1222719011154518e-08,0.0008061534948290192
rates_e3c1dfd931a34ad1,1.0,IY,1,local,1.3174405222328328e-10,0.0001251344866619659
rates_e3c1dfd931a34ad1,1.0,IZ,1,local,-5.972997967869902e-11,0.0002082127011296768
rates_e3c1dfd931a34ad1,1.0,XI,1,local,4.8592994674058324e-09,0.0008061532767447941
rates_e3c1dfd931a34ad1,1.0,XX,2,correlated,0.02879824777707838,0.0006155863057088485
rates_e3c1dfd931a34ad1,1.0,XY,2,correlated,-1.5676457559453095e-09,0.00020819712115251372
rates_e3c1dfd931a34ad1,1.0,XZ,2,correlated,9.118142058948038e-10,0.00012511585646507066
rates_e3c1dfd931a34ad1,1.0,YI,1,local,-2.908435243228618e-09,0.0001251334744851752
rates_e3c1dfd931a34ad1,1.0,YX,2,correlated,-4.312914674047707e-10,0.00020819751366804606
rates_e3c1dfd931a34ad1,1.0,YY,2,correlated,1.620927685680079e-09,5.2530042986612385e-09
rates_e3c1dfd931a34ad1,1.0,YZ,2,correlated,-2.009767470230406e-10,0.0
rates_e3c1dfd931a34ad1,1.0,ZI,1,local,6.78750005906088e-11,0.00020821273954730669
rates_e3c1dfd931a34ad1,1.0,ZX,2,correlated,7.699464653909783e-10,0.00012511643771016316
rates_e3c1dfd931a34ad1,1.0,ZY,2,correlated,-1.277832485049792e-09,0.0
rates_e3c1dfd931a34ad1,1.0,ZZ,2,correlated,5.217255088419214e-17,1.4250764358717319e-08
rates_e3c1dfd931a34ad1,2.0,IX,1,local,2.6209725144464566e-08,0.001307021583374634
rates_e3c1dfd931a34ad1,2.0,IY,1,local,2.1631551406395426e-09,0.00013498093119887507
rates_e3c1dfd931a34ad1,2.0,IZ,1,local,8.224061729369515e-11,0.0001983738241173848
rates_e3c1dfd931a34ad1,2.0,XI,1,local,2.472548259682238e-08,0.001307017489494367
rates_e3c1dfd931a34ad1,2.0,XX,2,correlated,0.04373135351212964,0.0014842177833530772
rates_e3c1dfd931a34ad1,2.0,XY,2,correlated,1.5622880143285952e-09,0.0001983492477080597
rates_e3c1dfd931a34ad1,2.0,XZ,2,correlated,2.0924724440758254e-09,0.00013495711190750583
rates_e3c1dfd931a34ad1,2.0,YI,1,local,1.5382829527929076e-09,0.0001349778518973148
rates_e3c1dfd931a34ad1,2.0,YX,2,correlated,5.021759101432909e-09,0.0001983494203727697
rates_e3c1dfd931a34ad1,2.0,YY,2,correlated,3.800039707818549e-09,3.7988038328738054e-10
rates_e3c1dfd931a34ad1,2.0,YZ,2,correlated,-1.2539876854535058e-09,0.0
rates_e3c1dfd931a34ad1,2.0,ZI,1,local,8.252982574167128e-10,0.00019837319159681026
rates_e3c1dfd931a34ad1,2.0,ZX,2,correlated,2.2890267264766176e-09,0.0001349606510659676
rates_e3c1dfd931a34ad1,2.0,ZY,2,correlated,-3.2202983389615457e-09,0.0
rates_e3c1dfd931a34ad1,2.0,ZZ,2,correlated,3.3206710120125556e-16,1.627532038696658e-08
rates_e3c1dfd931a34ad1,3.0,IX,1,local,-2.3548518357348743e-09,0.001778704768526182
rates_e3c1dfd931a34ad1,3.0,IY,1,local,2.722363721869226e-09,0.00013989401708853146
rates_e3c1dfd931a34ad1,3.0,IZ,1,local,1.2249880376213223e-09,0.00019347349264879678
rates_e3c1dfd931a34ad1,3.0,XI,1,local,1.2743363850201231e-08,0.0017787025109420641
rates_e3c1dfd931a34ad1,3.0,XX,2,correlated,0.0583682242406264,0.002722712898186947
rates_e3c1dfd931a34ad1,3.0,XY,2,correlated,7.478404834125122e-09,0.0001934214152669236
rates_e3c1dfd931a34ad1,3.0,XZ,2,correlated,3.2312679851348538e-09,0.00013987399133182836
rates_e3c1dfd931a34ad1,3.0,YI,1,local,1.1196207091655989e-08,0.00013989098398862232
rates_e3c1dfd931a34ad1,3.0,YX,2,correlated,9.919965645676757e-09,0.0001934200403466207
rates_e3c1dfd931a34ad1,3.0,YY,2,correlated,4.9249642677282495e-09,0.0
rates_e3c1dfd931a34ad1,3.0,YZ,2,correlated,-5.255708065276188e-09,0.0
rates_e3c1dfd931a34ad1,3.0,ZI,1,local,1.4270961898917553e-09,0.0001934765030706671
rates_e3c1dfd931a34ad1,3.0,ZX,2,correlated,3.980004394933361e-09,0.0001398753889309105
rates_e3c1dfd931a34ad1,3.0,ZY,2,correlated,-5.646137354921356e-09,0.0
rates_e3c1dfd931a34ad1,3.0,ZZ,2,correlated,2.0243407051233407e-15,1.1250988725744482e-08
rates_e3c1dfd931a34ad1,4.0,IX,1,local,-6.257980045748276e-10,0.0022252688458995955
rates_e3c1dfd931a34ad1,4.0,IY,1,local,1.529466558356439e-08,0.00014301091051132045
rates_e3c1dfd931a34ad1,4.0,IZ,1,local,1.8017292932385249e-09,0.00019038199140648866
rates_e3c1dfd931a34ad1,4.0,XI,1,local,-9.083241452062372e-09,0.002225244043028219
rates_e3c1dfd931a34ad1,4.0,XX,2,correlated,0.07270093507806606,0.004292297021570717
rates_e3c1dfd931a34ad1,4.0,XY,2,correlated,-1.0500413891200047e-08,0.0001903288547898645
rates_e3c1dfd931a34ad1,4.0,XZ,2,correlated,7.47685942930857e-09,0.00014293846674422569
rates_e3c1dfd931a34ad1,4.0,YI,1,local,-2.1046750261658985e-09,0.00014298076742892194
rates_e3c1dfd931a34ad1,4.0,YX,2,correlated,-1.682651053703103e-11,0.00019033734758739642
rates_e3c1dfd931a34ad1,4.0,YY,2,correlated,9.221369721960786e-09,6.885709377490003e-10
rates_e3c1dfd931a34ad1,4.0,YZ,2,correlated,6.1510881141498995e-09,0.0
rates_e3c1dfd931a34ad1,4.0,ZI,1,local,-2.860636719123877e-09,0.00019038201896635188
rates_e3c1dfd931a34ad1,4.0,ZX,2,correlated,1.7359247622458279e-09,0.00014296008946937546
rates_e3c1dfd931a34ad1,4.0,ZY,2,correlated,9.563018402344536e-09,3.649586807243088e-09
rates_e3c1dfd931a34ad1,4.0,ZZ,2,correlated,1.8200562506981957e-15,1.4991485818797307e-08
rates_e627b957213b2032,0.01,IX,1,local,-7.661573164640523e-09,0.0009434258589464365
rates_e627b957213b2032,0.01,IY,1,local,-5.31808234813727e-09,1.4875077017443552e-09
rates_e627b957213b2032,0.01,IZ,1,local,4.664136909520344e-11,7.980425522773944e-09
rates_e627b957213b2032,0.01,XI,1,local,-6.96841788566431e-09,0.0009434296815394694
rates_e627b957213b2032,0.01,XX,2,correlated,0.013707393018645745,0.0006472674209072594
rates_e627b957213b2032,0.01,XY,2,correlated,1.4828567825975811e-09,4.260108725074425e-09
rates_e627b957213b2032,0.01,XZ,2,correlated,6.7949174474028555e-09,2.6014555579827736e-09
rates_e627b957213b2032,0.01,YI,1,local,-2.84054619345872e-09,2.8165190670592554e-09
rates_e627b957213b2032,0.01,YX,2,correlated,-3.2837281779030334e-09,4.887429422978373e-09
rates_e627b957213b2032,0.01,YY,2,correlated,1.3742509391089448e-08,2.4980597451629554e-09
rates_e627b957213b2032,0.01,YZ,2,correlated,4.014800640597508e-09,2.4715815241348087e-09
rates_e627b957213b2032,0.01,ZI,1,local,-1.4001775475137314e-10,9.010504686597459e-09
rates_e627b957213b2032,0.01,ZX,2,correlated,6.780760546881744e-09,2.6931837415582194e-09
rates_e627b957213b2032,0.01,ZY,2,correlated,6.7981227856968935e-09,2.1020812301829456e-09
rates_e627b957213b2032,0.01,ZZ,2,correlated,-1.1646739137096578e-15,4.929712989817231e-09
rates_e627b957213b2032,1.0,IX,1,local,1.1231175780710968e-08,0.0026949634552890112
rates_e627b957213b2032,1.0,IY,1,local,3.1234562675992894e-09,4.489819666606606e-09
rates_e627b957213b2032,1.0,IZ,1,local,2.285632530402137e-10,3.7095364015421303e-09
rates_e627b957213b2032,1.0,XI,1,local,1.3162431695189297e-08,0.002694971332526232
rates_e627b957213b2032,1.0,XX,2,correlated,0.028683189150499902,0.001094429443942657
rates_e627b957213b2032,1.0,XY,2,correlated,3.6172692730533223e-09,4.774296365802483e-09
rates_e627b957213b2032,1.0,XZ,2,correlated,-1.6554596609302917e-09,6.162013659340138e-09
rates_e627b957213b2032,1.0,YI,1,local,2.5973648416195393e-09,3.4808233529455304e-09
rates_e627b957213b2032,1.0,YX,2,correlated,-5.48851897708932e-10,5.014274381777081e-09
rates_e627b957213b2032,1.0,YY,2,correlated,-3.6794339041620717e-09,4.8274302646984046e-09
rates_e627b957213b2032,1.0,YZ,2,correlated,-3.1779964545885467e-09,5.59826577089119e-09
rates_e627b957213b2032,1.0,ZI,1,local,-9.416150834558622e-11,3.8694146826033516e-09
rates_e627b957213b2032,1.0,ZX,2,correlated,-1.724022661464647e-09,3.3548219406480395e-09
rates_e627b957213b2032,1.0,ZY,2,correlated,-2.822698083643124e-09,4.1228560679745325e-09
rates_e627b957213b2032,1.0,ZZ,2,correlated,-3.50874056326255e-16,3.4583709502926385e-09
rates_e627b957213b2032,2.0,IX,1,local,2.40863611993787e-08,0.004364899088663819
rates_e627b957213b2032,2.0,IY,1,local,1.909531873896122e-09,8.589904355307473e-09
rates_e627b957213b2032,2.0,IZ,1,local,1.2874646343039774e-10,5.285779317444183e-09
rates_e627b957213b2032,2.0,XI,1,local,2.9436220738724463e-08,0.004364900898590292
rates_e627b957213b2032,2.0,XX,2,correlated,0.04346518447090672,0.0019666739917898793
rates_e627b957213b2032,2.0,XY,2,correlated,1.190465263684988e-09,8.984489100421046e-09
rates_e627b957213b2032,2.0,XZ,2,correlated,-1.3611694642245099e-09,9.600505378239165e-09
rates_e627b957213b2032,2.0,YI,1,local,-1.0328822992966768e-09,3.782450746171582e-09
rates_e627b957213b2032,2.0,YX,2,correlated,-1.0360640469962056e-09,1.124738720366912e-08
rates_e627b957213b2032,2.0,YY,2,correlated,-3.0512425034629944e-09,2.4240042100909823e-10
rates_e627b957213b2032,2.0,YZ,2,correlated,-4.159045083605508e-09,5.071361042541442e-10
rates_e627b957213b2032,2.0,ZI,1,local,2.3669229997719834e-11,6.482809861202025e-09
rates_e627b957213b2032,2.0,ZX,2,correlated,-1.5289781560373101e-09,2.9164902632695944e-09
rates_e627b957213b2032,2.0,ZY,2,correlated,-2.589167098572769e-09,6.491810759385228e-10
rates_e627b957213b2032,2.0,ZZ,2,correlated,9.155420722565178e-16,6.565971299651863e-10
rates_e627b957213b2032,3.0,IX,1,local,8.124557149629273e-09,0.005942183939043415
rates_e627b957213b2032,3.0,IY,1,local,7.49942110503655e-09,1.493115657621915e-08
rates_e627b957213b2032,3.0,IZ,1,local,-7.205856847756432e-11,9.600573171019251e-09
rates_e627b957213b2032,3.0,XI,1,local,4.68144439288316e-08,0.005942150616323857
rates_e627b957213b2032,3.0,XX,2,correlated,0.05790521688645578,0.0032105971725026996
rates_e627b957213b2032,3.0,XY,2,correlated,-9.153225951440652e-09,1.035525963355476e-08
rates_e627b957213b2032,3.0,XZ,2,correlated,7.309137611007928e-09,1.0149681266795459e-08
rates_e627b957213b2032,3.0,YI,1,local,9.704274070709427e-10,9.266248276784728e-09
rates_e627b957213b2032,3.0,YX,2,correlated,1.90558456876088e-08,1.2095252489678632e-08
rates_e627b957213b2032,3.0,YY,2,correlated,1.2188363046638967e-08,3.140889501374529e-08
rates_e627b957213b2032,3.0,YZ,2,correlated,1.1004458475313957e-09,1.1424531189089035e-08
rates_e627b957213b2032,3.0,ZI,1,local,1.4392601728552083e-09,1.3455018167470354e-08
rates_e627b957213b2032,3.0,ZX,2,correlated,5.4289748344307085e-09,1.1500102584625915e-08
rates_e627b957213b2032,3.0,ZY,2,correlated,-8.673945834984815e-09,2.1085148672767933e-08
rates_e627b957213b2032,3.0,ZZ,2,correlated,-1.1052220932750312e-14,3.112915457608584e-08
rates_e627b957213b2032,4.0,IX,1,local,-1.3632207651748369e-08,0.007435968921039782
rates_e627b957213b2032,4.0,IY,1,local,-2.113972957909341e-09,9.036315834595916e-09
rates_e627b957213b2032,4.0,IZ,1,local,-3.197075134442789e-09,6.771440779708959e-09
rates_e627b957213b2032,4.0,XI,1,local,-2.743550160041534e-09,0.00743596326866142
rates_e627b957213b2032,4.0,XX,2,correlated,0.07200529445965254,0.004783801409429387
rates_e627b957213b2032,4.0,XY,2,correlated,-2.3067019771117656e-08,7.840775122702412e-09
rates_e627b957213b2032,4.0,XZ,2,correlated,-5.716170527265773e-09,5.938046312103061e-09
rates_e627b957213b2032,4.0,YI,1,local,-9.920648201306683e-09,9.165229821893502e-09
rates_e627b957213b2032,4.0,YX,2,correlated,-1.345126950766289e-09,8.439250242641555e-09
rates_e627b957213b2032,4.0,YY,2,correlated,-8.937340183907904e-09,1.3664085710068049e-08
rates_e627b957213b2032,4.0,YZ,2,correlated,1.8736907764049753e-08,9.673167690543055e-09
rates_e627b957213b2032,4.0,ZI,1,local,1.8131193595523519e-09,9.966821063515269e-09
rates_e627b957213b2032,4.0,ZX,2,correlated,-4.876886908331583e-09,5.757358988861538e-09
rates_e627b957213b2032,4.0,ZY,2,correlated,-9.94688009814258e-10,1.0959803974664822e-08
rates_e627b957213b2032,4.0,ZZ,2,correlated,1.0807438417282451e-15,9.919502177990758e-09
rates_f178564d2b994859,0.01,IX,1,local,-1.1463696039199345e-08,0.00017089098016738555
rates_f178564d2b994859,0.01,IY,1,local,-2.5549181356136553e-09,2.2191711068314474e-05
rates_f178564d2b994859,0.01,IZ,1,local,2.180394132310751e-10,6.113171300708608e-05
rates_f178564d2b994859,0.01,XI,1,local,-3.466497724288634e-09,0.00017090579079066153
rates_f178564d2b994859,0.01,XX,2,correlated,0.013732604572258406,8.305868655018284e-05
rates_f178564d2b994859,0.01,XY,2,correlated,8.246339013218259e-09,6.112893807352605e-05
rates_f178564d2b994859,0.01,XZ,2,correlated,2.3955058874618524e-09,2.220619314517544e-05
rates_f178564d2b994859,0.01,YI,1,local,2.72604984670397e-09,2.220694783107297e-05
rates_f178564d2b994859,0.01,YX,2,correlated,-6.073832588466158e-09,6.112867582660772e-05
rates_f178564d2b994859,0.01,YY,2,correlated,4.721418451842126e-09,6.411161625921553e-09
rates_f178564d2b994859,0.01,YZ,2,correlated,-4.840143391898537e-09,8.35538147181757e-09
rates_f178564d2b994859,0.01,ZI,1,local,-6.584765539142846e-11,6.113178077571804e-05
rates_f178564d2b994859,0.01,ZX,2,correlated,2.4728248992477426e-09,2.219115086116841e-05
rates_f178564d2b994859,0.01,ZY,2,correlated,2.047132041460773e-09,8.287416128063415e-10
rates_f178564d2b994859,0.01,ZZ,2,correlated,-1.4876882099314644e-16,7.18626301570097e-09
rates_f178564d2b994859,1.0,IX,1,local,1.1385326183010233e-08,0.00048793159790501433
rates_f178564d2b994859,1.0,IY,1,local,1.9703158681204594e-09,3.1285319132440346e-05
rates_f178564d2b994859,1.0,IZ,1,local,1.991810588794243e-10,5.204253463308972e-05
rates_f178564d2b994859,1.0,XI,1,local,4.1185584555136925e-09,0.0004879445169021317
rates_f178564d2b994859,1.0,XX,2,correlated,0.02881848433928014,0.0005375576041932967
rates_f178564d2b994859,1.0,XY,2,correlated,6.842104930606233e-10,5.203999798378637e-05
rates_f178564d2b994859,1.0,XZ,2,correlated,-8.18170516634891e-10,3.129666857749168e-05
rates_f178564d2b994859,1.0,YI,1,local,-3.581641510247763e-09,3.1297163751660644e-05
rates_f178564d2b994859,1.0,YX,2,correlated,-5.7856676573527245e-09,5.204258977453734e-05
rates_f178564d2b994859,1.0,YY,2,correlated,-1.965839394780757e-09,2.508167078418372e-10
rates_f178564d2b994859,1.0,YZ,2,correlated,2.013941898357495e-09,5.15722881361918e-09
rates_f178564d2b994859,1.0,ZI,1,local,-2.3580428193297493e-10,5.204177797635851e-05
rates_f178564d2b994859,1.0,ZX,2,correlated,-1.0385473620753748e-09,3.128298882382197e-05
rates_f178564d2b994859,1.0,ZY,2,correlated,2.6341289882938926e-09,0.0
rates_f178564d2b994859,1.0,ZZ,2,correlated,-1.2962841250855713e-16,1.00889602412408e-09
rates_f178564d2b994859,2.0,IX,1,local,3.3359259676792375e-08,0.000788894890928998
rates_f178564d2b994859,2.0,IY,1,local,-3.313132133179317e-09,3.3758490368748046e-05
rates_f178564d2b994859,2.0,IZ,1,local,-1.8483195820560272e-10,4.957406383760961e-05
rates_f178564d2b994859,2.0,XI,1,local,2.9167892751737425e-08,0.0007888835262501377
rates_f178564d2b994859,2.0,XX,2,correlated,0.04377756570772638,0.001409105907910194
rates_f178564d2b994859,2.0,XY,2,correlated,-7.136212959682339e-09,4.958245324651595e-05
rates_f178564d2b994859,2.0,XZ,2,correlated,2.1909078694261245e-09,3.3746494270997813e-05
rates_f178564d2b994859,2.0,YI,1,local,-2.856672366472246e-09,3.3746520906012665e-05
rates_f178564d2b994859,2.0,YX,2,correlated,-1.0932610384965607e-10,4.9583809655503086e-05
rates_f178564d2b994859,2.0,YY,2,correlated,4.440268847133793e-09,6.775961209821944e-09
rates_f178564d2b994859,2.0,YZ,2,correlated,2.4024955498435803e-09,0.0
rates_f178564d2b994859,2.0,ZI,1,local,2.546334032582649e-10,4.957345795991963e-05
rates_f178564d2b994859,2.0,ZX,2,correlated,2.4173609099261106e-09,3.375771320751465e-05
rates_f178564d2b994859,2.0,ZY,2,correlated,1.1338997872880533e-09,4.640244052932577e-09
rates_f178564d2b994859,2.0,ZZ,2,correlated,-5.254688791290438e-16,4.008140930375666e-09
rates_f178564d2b994859,3.0,IX,1,local,3.3555691367462333e-10,0.001069682324624444
rates_f178564d2b994859,3.0,IY,1,local,5.818956303485912e-09,3.498697192871369e-05
rates_f178564d2b994859,3.0,IZ,1,local,7.600588605010973e-10,4.834706358794296e-05
rates_f178564d2b994859,3.0,XI,1,local,1.3055543106737013e-08,0.0010696666878423954
rates_f178564d2b994859,3.0,XX,2,correlated,0.058448056772267006,0.002651445884425234
rates_f178564d2b994859,3.0,XY,2,correlated,-2.944252988605355e-09,4.8345480233879666e-05
rates_f178564d2b994859,3.0,XZ,2,correlated,1.5360382985342226e-09,3.4975531025339596e-05
rates_f178564d2b994859,3.0,YI,1,local,4.5674725224189145e-09,3.497471445822442e-05
rates_f178564d2b994859,3.0,YX,2,correlated,6.5550907228737366e-09,4.834009994983109e-05
rates_f178564d2b994859,3.0,YY,2,correlated,-3.814448883622881e-10,1.6109477692508845e-08
rates_f178564d2b994859,3.0,YZ,2,correlated,-5.209862562189214e-09,2.2870795595707797e-10
rates_f178564d2b994859,3.0,ZI,1,local,9.500598510298313e-10,4.834853475825496e-05
rates_f178564d2b994859,3.0,ZX,2,correlated,7.793801502821651e-10,3.499169763995758e-05
rates_f178564d2b994859,3.0,ZY,2,correlated,-6.566399720392761e-09,8.23979219592011e-09
rates_f178564d2b994859,3.0,ZZ,2,correlated,4.438101833628716e-16,1.0228458389733436e-08
rates_f178564d2b994859,4.0,IX,1,local,-1.093994576749062e-08,0.0013339744213469035
rates_f178564d2b994859,4.0,IY,1,local,2.1802079382995464e-09,3.576777724770813e-05
rates_f178564d2b994859,4.0,IZ,1,local,-5.722660846759566e-10,4.757571225726833e-05
rates_f178564d2b994859,4.0,XI,1,local,-5.0354676512416985e-09,0.0013339698151607108
rates_f178564d2b994859,4.0,XX,2,correlated,0.07282055992008,0.004226054702084577
rates_f178564d2b994859,4.0,XY,2,correlated,-5.202581185373425e-09,4.757363721012654e-05
rates_f178564d2b994859,4.0,XZ,2,correlated,3.152706743020975e-10,3.5734388039056827e-05
rates_f178564d2b994859,4.0,YI,1,local,-4.843834560989178e-09,3.5768053691454596e-05
rates_f178564d2b994859,4.0,YX,2,correlated,1.3460403025421183e-09,4.7564996315405984e-05
rates_f178564d2b994859,4.0,YY,2,correlated,1.1319620093565252e-09,2.022444183602858e-08
rates_f178564d2b994859,4.0,YZ,2,correlated,2.6223404915186566e-09,4.0337028233018535e-09
rates_f178564d2b994859,4.0,ZI,1,local,-2.2653059700127158e-10,4.75760518162985e-05
rates_f178564d2b994859,4.0,ZX,2,correlated,8.335792188448392e-10,3.574241298786511e-05
rates_f178564d2b994859,4.0,ZY,2,correlated,-2.1689499166203622e-09,3.065078533936297e-09
rates_f178564d2b994859,4.0,ZZ,2,correlated,1.1455338423428453e-16,1.7688430715371434e-08
rates_fb241267f5ea81c6,0.01,IX,1,local,-6.1958008864663896e-09,0.00017089347475776409
rates_fb241267f5ea81c6,0.01,IY,1,local,1.8481860706872534e-09,4.440240249158646e-05
rates_fb241267f5ea81c6,0.01,IZ,1,local,-1.0523897709433629e-10,0.00012226153218055196
rates_fb241267f5ea81c6,0.01,XI,1,local,-1.0183589914028863e-08,0.00017089454670819143
rates_fb241267f5ea81c6,0.01,XX,2,correlated,0.013732626947557404,8.30666853615744e-05
rates_fb241267f5ea81c6,0.01,XY,2,correlated,-6.933645991639492e-09,0.00012226566390515783
rates_fb241267f5ea81c6,0.01,XZ,2,correlated,3.7836297443828245e-09,4.440211230792179e-05
rates_fb241267f5ea81c6,0.01,YI,1,local,-4.822218339048754e-09,4.440335134106114e-05
rates_fb241267f5ea81c6,0.01,YX,2,correlated,-1.6084274380745387e-11,0.00012226566876969209
rates_fb241267f5ea81c6,0.01,YY,2,correlated,7.58831673872612e-09,4.149768181643462e-09
rates_fb241267f5ea81c6,0.01,YZ,2,correlated,4.18208557014068e-09,0.0
rates_fb241267f5ea81c6,0.01,ZI,1,local,1.209957348408151e-11,0.00012226144047249688
rates_fb241267f5ea81c6,0.01,ZX,2,correlated,3.628378541912233e-09,4.440125030153153e-05
rates_fb241267f5ea81c6,0.01,ZY,2,correlated,-3.299945925469121e-09,0.0
rates_fb241267f5ea81c6,0.01,ZZ,2,correlated,7.964743899910667e-17,7.175801445017879e-10
rates_fb241267f5ea81c6,1.0,IX,1,local,9.326780980357898e-09,0.00048793973370489546
rates_fb241267f5ea81c6,1.0,IY,1,local,-1.54628179055469e-09,6.258902584063152e-05
rates_fb241267f5ea81c6,1.0,IZ,1,local,5.042209115830097e-11,0.00010408274010096303
rates_fb241267f5ea81c6,1.0,XI,1,local,6.655678781094525e-09,0.00048792962997653454
rates_fb241267f5ea81c6,1.0,XX,2,correlated,0.028818507685764307,0.0005375602056717556
rates_fb241267f5ea81c6,1.0,XY,2,correlated,-2.9181360073553553e-09,0.00010408420242707139
rates_fb241267f5ea81c6,1.0,XZ,2,correlated,2.2802505020297097e-09,6.257541543286201e-05
rates_fb241267f5ea81c6,1.0,YI,1,local,1.775332947188895e-09,6.257866235792535e-05
rates_fb241267f5ea81c6,1.0,YX,2,correlated,1.5330931444919274e-09,0.00010408393368539846
rates_fb241267f5ea81c6,1.0,YY,2,correlated,4.4496919911597334e-09,2.9880637815372e-09
rates_fb241267f5ea81c6,1.0,YZ,2,correlated,-1.0218757218902925e-09,0.0
rates_fb241267f5ea81c6,1.0,ZI,1,local,2.373232837682393e-10,0.00010408278260611317
rates_fb241267f5ea81c6,1.0,ZX,2,correlated,2.433261328075645e-09,6.258600515345516e-05
rates_fb241267f5ea81c6,1.0,ZY,2,correlated,-5.167888785986915e-10,2.2558568562409606e-09
rates_fb241267f5ea81c6,1.0,ZZ,2,correlated,7.312344373809729e-17,6.046735556383166e-10
rates_fb241267f5ea81c6,2.0,IX,1,local,4.025660437583426e-08,0.0007888956014169939
rates_fb241267f5ea81c6,2.0,IY,1,local,-1.2016355610344256e-09,6.752174723319586e-05
rates_fb241267f5ea81c6,2.0,IZ,1,local,-3.768135175689746e-10,9.915956583081405e-05
rates_fb241267f5ea81c6,2.0,XI,1,local,2.4232942766338296e-08,0.0007888726988427811
rates_fb241267f5ea81c6,2.0,XX,2,correlated,0.0437776024514341,0.0014091013749143045
rates_fb241267f5ea81c6,2.0,XY,2,correlated,-1.1176027483108753e-08,9.91529510598617e-05
rates_fb241267f5ea81c6,2.0,XZ,2,correlated,7.535177235261459e-10,6.749449590913254e-05
rates_fb241267f5ea81c6,2.0,YI,1,local,-5.241667241925301e-09,6.749855255704225e-05
rates_fb241267f5ea81c6,2.0,YX,2,correlated,6.700740754055685e-09,9.915239098418711e-05
rates_fb241267f5ea81c6,2.0,YY,2,correlated,3.607469098903109e-10,0.0
rates_fb241267f5ea81c6,2.0,YZ,2,correlated,5.69959934791513e-09,0.0
rates_fb241267f5ea81c6,2.0,ZI,1,local,4.5995403681763446e-10,9.915812999185306e-05
rates_fb241267f5ea81c6,2.0,ZX,2,correlated,7.109439360834306e-11,6.751968649963768e-05
rates_fb241267f5ea81c6,2.0,ZY,2,correlated,-7.663971215789847e-10,6.826007160615747e-09
rates_fb241267f5ea81c6,2.0,ZZ,2,correlated,-7.015216384442961e-16,6.893894737404829e-09
rates_fb241267f5ea81c6,3.0,IX,1,local,-3.4836538398260096e-10,0.0010696674338356643
rates_fb241267f5ea81c6,3.0,IY,1,local,7.099301918919094e-09,6.996369675351217e-05
rates_fb241267f5ea81c6,3.0,IZ,1,local,5.450544950563697e-10,9.671368445595321e-05
rates_fb241267f5ea81c6,3.0,XI,1,local,3.1837221156471417e-09,0.001069672906655551
rates_fb241267f5ea81c6,3.0,XX,2,correlated,0.058448093757358474,0.002651430221369008
rates_fb241267f5ea81c6,3.0,XY,2,correlated,1.481179586559977e-09,9.667493119713247e-05
rates_fb241267f5ea81c6,3.0,XZ,2,correlated,1.8494587116920107e-09,6.996941787576254e-05
rates_fb241267f5ea81c6,3.0,YI,1,local,-4.5288521141736815e-09,6.996955349423892e-05
rates_fb241267f5ea81c6,3.0,YX,2,correlated,6.00559796536098e-09,9.667264161393875e-05
rates_fb241267f5ea81c6,3.0,YY,2,correlated,1.6623615928043407e-09,6.569316372753093e-09
rates_fb241267f5ea81c6,3.0,YZ,2,correlated,5.38870446278943e-09,7.31583155680359e-09
rates_fb241267f5ea81c6,3.0,ZI,1,local,-7.324432264851873e-10,9.671491675586607e-05
rates_fb241267f5ea81c6,3.0,ZX,2,correlated,-6.689011879765647e-11,6.996461841679048e-05
rates_fb241267f5ea81c6,3.0,ZY,2,correlated,-2.0783873363548963e-09,3.3124833204081078e-09
rates_fb241267f5ea81c6,3.0,ZZ,2,correlated,-1.8449974103015986e-16,1.6903110139875055e-08
rates_fb241267f5ea81c6,4.0,IX,1,local,-1.5903009828900748e-08,0.0013339711087203756
rates_fb241267f5ea81c6,4.0,IY,1,local,-1.20656928344225e-09,7.151923664428342e-05
rates_fb241267f5ea81c6,4.0,IZ,1,local,-8.388565427107787e-10,9.515071079983378e-05
rates_fb241267f5ea81c6,4.0,XI,1,local,1.3865224313368194e-08,0.0013339705384296584
rates_fb241267f5ea81c6,4.0,XX,2,correlated,0.07282054943946854,0.004226054616522691
rates_fb241267f5ea81c6,4.0,XY,2,correlated,-3.045184968314973e-09,9.51591325385603e-05
rates_fb241267f5ea81c6,4.0,XZ,2,correlated,8.399118747006681e-10,7.149068998317195e-05
rates_fb241267f5ea81c6,4.0,YI,1,local,8.676962944193001e-10,7.15352525892233e-05
rates_fb241267f5ea81c6,4.0,YX,2,correlated,-4.933409315424287e-09,9.51406289571616e-05
rates_fb241267f5ea81c6,4.0,YY,2,correlated,1.0740793445801452e-09,1.9685271871844697e-08
rates_fb241267f5ea81c6,4.0,YZ,2,correlated,2.2813478764379285e-09,4.588033421266952e-09
rates_fb241267f5ea81c6,4.0,ZI,1,local,3.0276970708121564e-10,9.515124306476467e-05
rates_fb241267f5ea81c6,4.0,ZX,2,correlated,8.796314463884109e-10,7.149264536773954e-05
rates_fb241267f5ea81c6,4.0,ZY,2,correlated,9.668160069596602e-10,0.0
rates_fb241267f5ea81c6,4.0,ZZ,2,correlated,2.9346987785390887e-16,1.6377290525462773e-08
