nbar,polynomial_degree,sector,mode,rate_power,coefficient_per_nominal_multiplier_power,coefficient_per_rate_s_power
0.01,2,H,IX,1,-7.897156707117216e-09,-4.3873092817317865e-10
0.01,2,H,IX,2,1.5763011032597147e-09,4.8651268619126994e-12
0.01,2,H,IY,1,-2.655840085033872e-09,-1.4754667139077066e-10
0.01,2,H,IY,2,6.362652427207785e-11,1.9637816133357362e-13
0.01,2,H,IZ,1,-1.9282690158184785e-11,-1.0712605643435991e-12
0.01,2,H,IZ,2,8.504126296580006e-12,2.6247303384506193e-14
0.01,2,H,XI,1,4.4225056519997e-09,2.456947584444278e-10
0.01,2,H,XI,2,-1.1683632510670128e-09,-3.6060594168734963e-12
0.01,2,H,XX,1,-8.516927129245896e-06,-4.731626182914387e-07
0.01,2,H,XX,2,2.9191133604599775e-07,9.009609137222153e-10
0.01,2,H,XY,1,8.427504019680878e-10,4.6819466776004875e-11
0.01,2,H,XY,2,3.052893162688165e-11,9.422509761383226e-14
0.01,2,H,XZ,1,3.1073638246981435e-09,1.7263132359434131e-10
0.01,2,H,XZ,2,-2.3023234817221787e-10,-7.105936671982033e-13
0.01,2,H,YI,1,3.137592323350232e-09,1.7431068463056846e-10
0.01,2,H,YI,2,-9.530769563251433e-10,-2.9415955442134053e-12
0.01,2,H,YX,1,-1.3354203136513205e-09,-7.419001742507336e-11
0.01,2,H,YX,2,-8.590488699415499e-11,-2.6513854010541666e-13
0.01,2,H,YY,1,6.4747991053102586e-09,3.5971106140612547e-10
0.01,2,H,YY,2,-5.018560437021373e-10,-1.5489384064880781e-12
0.01,2,H,YZ,1,4.6055981313424337e-10,2.558665628523574e-11
0.01,2,H,YZ,2,1.5603736844378888e-10,4.815968161845335e-13
0.01,2,H,ZI,1,-5.7185308423249544e-11,-3.176961579069419e-12
0.01,2,H,ZI,2,-2.41720113290242e-12,-7.460497323772902e-15
0.01,2,H,ZX,1,3.3301097914275767e-09,1.8500609952375427e-10
0.01,2,H,ZX,2,-2.800302087526498e-10,-8.64290767755092e-13
0.01,2,H,ZY,1,4.451306849914975e-09,2.4729482499527635e-10
0.01,2,H,ZY,2,-3.930911825559801e-10,-1.2132443906048769e-12
0.01,2,H,ZZ,1,-2.657442066055535e-15,-1.4763567033641862e-16
0.01,2,H,ZZ,2,4.2952969647939627e-16,1.3257089397512231e-18
0.01,2,S,IX,1,0.00022198680668134607,1.2332600371185893e-05
0.01,2,S,IX,2,-2.809635500209766e-07,-8.671714506820266e-10
0.01,2,S,IY,1,3.1349485136555206e-10,1.7416380631419558e-11
0.01,2,S,IY,2,-1.219033831081219e-10,-3.7624500959296884e-13
0.01,2,S,IZ,1,5.841624570926749e-11,3.245346983848194e-12
0.01,2,S,IZ,2,3.246359253222156e-10,1.001962732475974e-12
0.01,2,S,XI,1,0.00022198338927634467,1.2332410515352482e-05
0.01,2,S,XI,2,-2.796842215482697e-07,-8.63222906013178e-10
0.01,2,S,XX,1,0.00016135027295089552,8.963904052827529e-06
0.01,2,S,XX,2,-3.2199589251208533e-08,-9.938144830619917e-11
0.01,2,S,XY,1,-1.5956616010805063e-09,-8.86478667266948e-11
0.01,2,S,XY,2,3.823528140449082e-10,1.1801012779163833e-12
0.01,2,S,XZ,1,-4.568106905687514e-10,-2.537837169826397e-11
0.01,2,S,XZ,2,1.4878787257030815e-10,4.592218289207042e-13
0.01,2,S,YI,1,-3.4931298240492004e-10,-1.9406276800273335e-11
0.01,2,S,YI,2,1.090796112861271e-10,3.3666546693249106e-13
0.01,2,S,YX,1,5.838957822875412e-10,3.243865457153007e-11
0.01,2,S,YX,2,-5.70569079928482e-11,-1.7610156787916112e-13
0.01,2,S,YY,1,-4.63141014991747e-10,-2.5730056388430388e-11
0.01,2,S,YY,2,-4.5988305171908156e-11,-1.419392134935437e-13
0.01,2,S,YZ,1,-2.671786818106265e-10,-1.4843260100590363e-11
0.01,2,S,YZ,2,3.9089612319820666e-11,1.2064695160438478e-13
0.01,2,S,ZI,1,1.5669273006380543e-09,8.705151670211413e-11
0.01,2,S,ZI,2,5.743756961383774e-12,1.7727644942542513e-14
0.01,2,S,ZX,1,4.040202111015451e-10,2.2445567283419172e-11
0.01,2,S,ZX,2,-7.725728189753886e-11,-2.384484009183298e-13
0.01,2,S,ZY,1,3.5535142054430277e-10,1.97417455857946e-11
0.01,2,S,ZY,2,-1.8258141662948659e-10,-5.635228908317488e-13
0.01,2,S,ZZ,1,1.0088405681192424e-09,5.60466982288468e-11
0.01,2,S,ZZ,2,-1.8627777156834984e-10,-5.749313937294748e-13
0.01,2,C,"IX,IY",1,1.4499926182668428e-09,8.055514545926904e-11
0.01,2,C,"IX,IY",2,-3.5059714113779286e-10,-1.0820899417833113e-12
0.01,2,C,"IX,IZ",1,1.8441878801332018e-09,1.0245488222962232e-10
0.01,2,C,"IX,IZ",2,1.4169592134141495e-11,4.373330905599227e-14
0.01,2,C,"IX,XI",1,0.0002219839646371809,1.2332442479843384e-05
0.01,2,C,"IX,XI",2,-2.800985660159633e-07,-8.645017469628497e-10
0.01,2,C,"IX,XX",1,3.2033296163750178e-09,1.7796275646527877e-10
0.01,2,C,"IX,XX",2,-1.1409519811989354e-10,-3.5214567320954797e-13
0.01,2,C,"IX,XY",1,5.934998517655634e-10,3.2972213986975746e-11
0.01,2,C,"IX,XY",2,-3.993044797920049e-10,-1.2324212339259412e-12
0.01,2,C,"IX,XZ",1,-1.1340368689364272e-09,-6.300204827424595e-11
0.01,2,C,"IX,XZ",2,-1.453322930691711e-10,-4.4855646009003426e-13
0.01,2,C,"IX,YI",1,1.3779188970047374e-09,7.655104983359652e-11
0.01,2,C,"IX,YI",2,-3.524482750583436e-10,-1.0878033180813074e-12
0.01,2,C,"IX,YX",1,1.0782822235987182e-09,5.990456797770657e-11
0.01,2,C,"IX,YX",2,-6.573422195251863e-10,-2.0288340108802045e-12
0.01,2,C,"IX,YY",1,-1.5353787362292936e-09,-8.529881867940519e-11
0.01,2,C,"IX,YY",2,-4.2269174755840465e-12,-1.3046041591308786e-14
0.01,2,C,"IX,YZ",1,-4.887106591603919e-11,-2.7150592175577327e-12
0.01,2,C,"IX,YZ",2,2.8929067400950332e-11,8.928724506466152e-14
0.01,2,C,"IX,ZI",1,7.804127691819152e-10,4.335626495455085e-11
0.01,2,C,"IX,ZI",2,9.593453407129048e-11,2.9609424096077306e-13
0.01,2,C,"IX,ZX",1,-2.321080855465522e-09,-1.2894893641475124e-10
0.01,2,C,"IX,ZX",2,1.7913790177478672e-10,5.528947585641565e-13
0.01,2,C,"IX,ZY",1,4.1247253583546903e-11,2.291514087974828e-12
0.01,2,C,"IX,ZY",2,3.894219092554039e-12,1.201919473010506e-14
0.01,2,C,"IX,ZZ",1,-2.619635752247464e-09,-1.4553531956930356e-10
0.01,2,C,"IX,ZZ",2,8.687250521782747e-11,2.681250161044058e-13
0.01,2,C,"IY,IZ",1,5.906752009845188e-10,3.281528894358438e-11
0.01,2,C,"IY,IZ",2,-1.4903509089890303e-11,-4.5998484845340444e-14
0.01,2,C,"IY,XI",1,7.286473767563858e-10,4.048040981979921e-11
0.01,2,C,"IY,XI",2,-1.2505092762923898e-10,-3.859596531766635e-13
0.01,2,C,"IY,XX",1,3.213433587427143e-09,1.7852408819039684e-10
0.01,2,C,"IY,XX",2,-2.514373635089052e-10,-7.760412453978556e-13
0.01,2,C,"IY,XY",1,6.284891784420455e-10,3.4916065469002525e-11
0.01,2,C,"IY,XY",2,-7.511363478463103e-12,-2.318322061254044e-14
0.01,2,C,"IY,XZ",1,8.3003903399541e-10,4.611327966641167e-11
0.01,2,C,"IY,XZ",2,-2.816426087381932e-10,-8.692673109203494e-13
0.01,2,C,"IY,YI",1,-7.902806410044731e-10,-4.390448005580406e-11
0.01,2,C,"IY,YI",2,1.6438028731982462e-10,5.073465658019279e-13
0.01,2,C,"IY,YX",1,1.8243075021643786e-09,1.0135041678690992e-10
0.01,2,C,"IY,YX",2,-3.78110854542552e-10,-1.1670088103165185e-12
0.01,2,C,"IY,YY",1,5.120425274430012e-10,2.8446807080166734e-11
0.01,2,C,"IY,YY",2,-3.501032448955912e-10,-1.080565570665405e-12
0.01,2,C,"IY,YZ",1,-1.7964031878959125e-09,-9.980017710532847e-11
0.01,2,C,"IY,YZ",2,3.405317201642763e-10,1.0510238276675194e-12
0.01,2,C,"IY,ZI",1,9.237862437876657e-10,5.132145798820365e-11
0.01,2,C,"IY,ZI",2,-1.4083497332793517e-10,-4.346758436047382e-13
0.01,2,C,"IY,ZX",1,-3.031876307333009e-10,-1.684375726296116e-11
0.01,2,C,"IY,ZX",2,6.016061031000295e-11,1.8568089601852762e-13
0.01,2,C,"IY,ZY",1,-1.5409698087940167e-09,-8.560943382188981e-11
0.01,2,C,"IY,ZY",2,3.517289232713775e-10,1.0855830965165973e-12
0.01,2,C,"IY,ZZ",1,2.260456738614209e-09,1.2558092992301161e-10
0.01,2,C,"IY,ZZ",2,-4.2977550757492275e-10,-1.3264676159719837e-12
0.01,2,C,"IZ,XI",1,2.862353373725697e-09,1.5901963187364982e-10
0.01,2,C,"IZ,XI",2,-1.084311569240886e-10,-3.346640645805204e-13
0.01,2,C,"IZ,XX",1,-9.466925534428696e-10,-5.259403074682609e-11
0.01,2,C,"IZ,XX",2,-2.4506979532484374e-11,-7.563882571754437e-14
0.01,2,C,"IZ,XY",1,-1.4913527647627312e-10,-8.285293137570729e-12
0.01,2,C,"IZ,XY",2,6.979962127235695e-11,2.1543092985295354e-13
0.01,2,C,"IZ,XZ",1,-9.32207001012637e-10,-5.178927783403539e-11
0.01,2,C,"IZ,XZ",2,1.2619878823217475e-10,3.8950243281535413e-13
0.01,2,C,"IZ,YI",1,7.135468305545985e-10,3.964149058636658e-11
0.01,2,C,"IZ,YI",2,-1.9851339365439395e-11,-6.126956594271419e-14
0.01,2,C,"IZ,YX",1,-2.837968561989489e-09,-1.5766492011052717e-10
0.01,2,C,"IZ,YX",2,3.332420851397315e-10,1.0285249541349737e-12
0.01,2,C,"IZ,YY",1,-9.113800554632837e-10,-5.063222530351576e-11
0.01,2,C,"IZ,YY",2,1.8457185100724926e-10,5.696662068124977e-13
0.01,2,C,"IZ,YZ",1,8.831839179424999e-10,4.906577321902777e-11
0.01,2,C,"IZ,YZ",2,-3.418365504547019e-11,-1.0550510816503145e-13
0.01,2,C,"IZ,ZI",1,-2.994400462696697e-09,-1.6635558126092762e-10
0.01,2,C,"IZ,ZI",2,8.092477677334986e-10,2.497678295473761e-12
0.01,2,C,"IZ,ZX",1,3.1916543442178e-10,1.7731413023432222e-11
0.01,2,C,"IZ,ZX",2,-2.694050084871001e-10,-8.314969397750003e-13
0.01,2,C,"IZ,ZY",1,7.769137818173263e-10,4.316187676762924e-11
0.01,2,C,"IZ,ZY",2,-6.091812951577782e-12,-1.8801891825857352e-14
0.01,2,C,"IZ,ZZ",1,-9.677018665990032e-10,-5.3761214811055735e-11
0.01,2,C,"IZ,ZZ",2,-4.053555088966287e-11,-1.2510972496809529e-13
0.01,2,C,"XI,XX",1,-3.853820130379587e-09,-2.1410111835442148e-10
0.01,2,C,"XI,XX",2,1.1661180716115362e-09,3.5991298506528896e-12
0.01,2,C,"XI,XY",1,2.2960025037349226e-09,1.2755569465194016e-10
0.01,2,C,"XI,XY",2,-6.227481954074704e-10,-1.922062331504538e-12
0.01,2,C,"XI,XZ",1,-2.948697135819088e-09,-1.638165075455049e-10
0.01,2,C,"XI,XZ",2,2.8648953661524014e-10,8.842269648618523e-13
0.01,2,C,"XI,YI",1,6.071675130431195e-10,3.3731528502395524e-11
0.01,2,C,"XI,YI",2,-1.8705383254323045e-10,-5.773266436519459e-13
0.01,2,C,"XI,YX",1,-1.3256683630997902e-09,-7.36482423944328e-11
0.01,2,C,"XI,YX",2,-2.0711804768362246e-10,-6.392532335914273e-13
0.01,2,C,"XI,YY",1,-2.912140700293433e-09,-1.6178559446074626e-10
0.01,2,C,"XI,YY",2,2.0768288888277352e-10,6.409965706258442e-13
0.01,2,C,"XI,YZ",1,9.458537592041553e-11,5.254743106689751e-12
0.01,2,C,"XI,YZ",2,-3.6512161213816106e-11,-1.1269185559819785e-13
0.01,2,C,"XI,ZI",1,-1.9391468209116322e-10,-1.0773037893953513e-11
0.01,2,C,"XI,ZI",2,2.0208987704515592e-10,6.237341884109751e-13
0.01,2,C,"XI,ZX",1,-1.7913090062949536e-09,-9.951716701638631e-11
0.01,2,C,"XI,ZX",2,-8.259657120891422e-12,-2.5492768891640192e-14
0.01,2,C,"XI,ZY",1,-8.615015953141216e-11,-4.786119973967342e-12
0.01,2,C,"XI,ZY",2,3.523408675977909e-12,1.0874718135734288e-14
0.01,2,C,"XI,ZZ",1,-2.288929668179935e-09,-1.2716275934332971e-10
0.01,2,C,"XI,ZZ",2,1.4951571614495105e-10,4.61468259706639e-13
0.01,2,C,"XX,XY",1,9.38416179282037e-11,5.213423218233538e-12
0.01,2,C,"XX,XY",2,-1.4102005906003045e-11,-4.352470958642915e-14
0.01,2,C,"XX,XZ",1,2.5096467671578266e-09,1.3942482039765704e-10
0.01,2,C,"XX,XZ",2,-4.940231003348385e-11,-1.5247626553544398e-13
0.01,2,C,"XX,YI",1,3.3261635156507567e-09,1.847868619805976e-10
0.01,2,C,"XX,YI",2,-2.721743965601689e-10,-8.400444338276818e-13
0.01,2,C,"XX,YX",1,2.3229772655342947e-12,1.2905429252968304e-13
0.01,2,C,"XX,YX",2,-6.968900708817292e-12,-2.150895280499164e-14
0.01,2,C,"XX,YY",1,3.20190380401971e-09,1.7788354466776167e-10
0.01,2,C,"XX,YY",2,3.46838806600484e-11,1.0704901438286543e-13
0.01,2,C,"XX,YZ",1,-3.153968349269325e-09,-1.7522046384829583e-10
0.01,2,C,"XX,YZ",2,2.6242388596488385e-10,8.099502653237156e-13
0.01,2,C,"XX,ZI",1,1.1794702249159145e-09,6.55261236064397e-11
0.01,2,C,"XX,ZI",2,1.0216536419074488e-10,3.15325198119583e-13
0.01,2,C,"XX,ZX",1,-3.245202546140432e-09,-1.802890303411351e-10
0.01,2,C,"XX,ZX",2,9.59862386328271e-10,2.9625382294082436e-12
0.01,2,C,"XX,ZY",1,-3.8864132158262e-09,-2.159118453236778e-10
0.01,2,C,"XX,ZY",2,3.512473948908971e-10,1.0840968978114108e-12
0.01,2,C,"XX,ZZ",1,-1.3332978510460043e-09,-7.407210283588913e-11
0.01,2,C,"XX,ZZ",2,3.2921622813066015e-10,1.0160994695390745e-12
0.01,2,C,"XY,XZ",1,-7.130561544004874e-10,-3.9614230800027076e-11
0.01,2,C,"XY,XZ",2,2.905175065317224e-10,8.966589707769209e-13
0.01,2,C,"XY,YI",1,1.7686063967942322e-09,9.82559109330129e-11
0.01,2,C,"XY,YI",2,-3.0029639483712685e-10,-9.268407248059471e-13
0.01,2,C,"XY,YX",1,-3.633684281488372e-09,-2.0187134897157623e-10
0.01,2,C,"XY,YX",2,5.851323240973435e-10,1.805963963263406e-12
0.01,2,C,"XY,YY",1,1.0167772889247055e-09,5.648762716248364e-11
0.01,2,C,"XY,YY",2,-2.659408441912232e-10,-8.208050746642691e-13
0.01,2,C,"XY,YZ",1,1.8067148448699395e-09,1.0037304693721886e-10
0.01,2,C,"XY,YZ",2,-3.6272690831383946e-10,-1.1195274947958008e-12
0.01,2,C,"XY,ZI",1,-2.2814274786608645e-09,-1.267459710367147e-10
0.01,2,C,"XY,ZI",2,2.601235574378874e-10,8.028504859194056e-13
0.01,2,C,"XY,ZX",1,2.487860212231946e-09,1.3821445623510812e-10
0.01,2,C,"XY,ZX",2,-5.346700184581558e-10,-1.6502161063523327e-12
0.01,2,C,"XY,ZY",1,2.2440884511085657e-09,1.2467158061714255e-10
0.01,2,C,"XY,ZY",2,-4.798876011972276e-10,-1.4811345715963814e-12
0.01,2,C,"XY,ZZ",1,-3.927187570898336e-09,-2.1817708727212975e-10
0.01,2,C,"XY,ZZ",2,1.0150456978584536e-09,3.132857092155721e-12
0.01,2,C,"XZ,YI",1,-8.276676032630173e-10,-4.598153351461207e-11
0.01,2,C,"XZ,YI",2,1.8678773310438056e-10,5.765053490875943e-13
0.01,2,C,"XZ,YX",1,1.0893273827552846e-09,6.051818793084914e-11
0.01,2,C,"XZ,YX",2,-1.9638024186495653e-10,-6.061118576078906e-13
0.01,2,C,"XZ,YY",1,-1.0503993118982437e-09,-5.83555173276802e-11
0.01,2,C,"XZ,YY",2,1.3940346175300925e-10,4.3025759800311497e-13
0.01,2,C,"XZ,YZ",1,-8.381668066132616e-10,-4.656482258962564e-11
0.01,2,C,"XZ,YZ",2,2.435410195247958e-10,7.516698133481352e-13
0.01,2,C,"XZ,ZI",1,1.3707088486221873e-09,7.615049159012151e-11
0.01,2,C,"XZ,ZI",2,-4.273633359938787e-10,-1.3190226419564156e-12
0.01,2,C,"XZ,ZX",1,-1.1438226809181314e-09,-6.354570449545175e-11
0.01,2,C,"XZ,ZX",2,3.011938526402179e-10,9.296106562969688e-13
0.01,2,C,"XZ,ZY",1,-1.240899683789392e-09,-6.89388713216329e-11
0.01,2,C,"XZ,ZY",2,2.7481517588572685e-10,8.481949873016261e-13
0.01,2,C,"XZ,ZZ",1,4.5775325429269933e-10,2.5430736349594407e-11
0.01,2,C,"XZ,ZZ",2,4.7451836738461455e-11,1.464562862298193e-13
0.01,2,C,"YI,YX",1,8.133986889234342e-12,4.5188816051301903e-13
0.01,2,C,"YI,YX",2,8.1248199163504e-11,2.507660468009383e-13
0.01,2,C,"YI,YY",1,-1.2779002093115787e-09,-7.099445607286548e-11
0.01,2,C,"YI,YY",2,7.118447641474552e-11,2.1970517411958493e-13
0.01,2,C,"YI,YZ",1,-3.808067977201453e-10,-2.115593320667474e-11
0.01,2,C,"YI,YZ",2,1.1153646145317196e-10,3.44248337818432e-13
0.01,2,C,"YI,ZI",1,-1.231783926550587e-09,-6.84324403639215e-11
0.01,2,C,"YI,ZI",2,5.285812796745492e-10,1.6314237026992259e-12
0.01,2,C,"YI,ZX",1,-2.3028506936894043e-09,-1.2793614964941135e-10
0.01,2,C,"YI,ZX",2,4.1537567032243843e-10,1.2820236738346864e-12
0.01,2,C,"YI,ZY",1,-2.1038920772142544e-10,-1.1688289317856968e-11
0.01,2,C,"YI,ZY",2,-1.5257173148374327e-11,-4.709004058140225e-14
0.01,2,C,"YI,ZZ",1,1.5199408413125463e-09,8.444115785069702e-11
0.01,2,C,"YI,ZZ",2,-2.91122637996902e-10,-8.985266604842655e-13
0.01,2,C,"YX,YY",1,3.54661581203412e-10,1.970342117796733e-11
0.01,2,C,"YX,YY",2,-7.795706074230316e-11,-2.4060821216760234e-13
0.01,2,C,"YX,YZ",1,1.4110854034319444e-09,7.83936335239969e-11
0.01,2,C,"YX,YZ",2,-1.6906185756996807e-10,-5.217958566974323e-13
0.01,2,C,"YX,ZI",1,8.848180057564421e-10,4.9156555875357896e-11
0.01,2,C,"YX,ZI",2,-1.9414406265789693e-10,-5.992100699317807e-13
0.01,2,C,"YX,ZX",1,-1.132597358427955e-09,-6.292207546821972e-11
0.01,2,C,"YX,ZX",2,4.991464038853778e-10,1.5405753206338822e-12
0.01,2,C,"YX,ZY",1,1.4327790562205911e-09,7.959883645669951e-11
0.01,2,C,"YX,ZY",2,-2.371658473777625e-10,-7.319933561042052e-13
0.01,2,C,"YX,ZZ",1,-2.9357672352402524e-09,-1.6309817973556958e-10
0.01,2,C,"YX,ZZ",2,6.52886938508533e-10,2.015083143544855e-12
0.01,2,C,"YY,YZ",1,-1.1585627131855915e-09,-6.43645951769773e-11
0.01,2,C,"YY,YZ",2,4.557965416065693e-10,1.4067794494029918e-12
0.01,2,C,"YY,ZI",1,2.5181965225895473e-10,1.398998068105304e-11
0.01,2,C,"YY,ZI",2,3.694544397023176e-11,1.1402914805627087e-13
0.01,2,C,"YY,ZX",1,-1.5474786265329542e-09,-8.597103480738634e-11
0.01,2,C,"YY,ZX",2,2.0603476625733662e-10,6.359097723991871e-13
0.01,2,C,"YY,ZY",1,-2.4340549157044613e-09,-1.352252730946923e-10
0.01,2,C,"YY,ZY",2,7.856448879985687e-10,2.4248299012301503e-12
0.01,2,C,"YY,ZZ",1,5.906179234596977e-10,3.2812106858872094e-11
0.01,2,C,"YY,ZZ",2,-1.4509239042837932e-10,-4.4781601984067695e-13
0.01,2,C,"YZ,ZI",1,8.085891310478289e-10,4.492161839154605e-11
0.01,2,C,"YZ,ZI",2,-1.4225587156435109e-11,-4.390613319887379e-14
0.01,2,C,"YZ,ZX",1,5.198957179903815e-10,2.8883095443910086e-11
0.01,2,C,"YZ,ZX",2,-7.455924691349201e-11,-2.301211324490494e-13
0.01,2,C,"YZ,ZY",1,-2.725126893959054e-10,-1.513959385532808e-11
0.01,2,C,"YZ,ZY",2,6.961755131390476e-11,2.1486898553674308e-13
0.01,2,C,"YZ,ZZ",1,-4.726136390155484e-10,-2.625631327864158e-11
0.01,2,C,"YZ,ZZ",2,2.5459228879895527e-10,7.857786691325779e-13
0.01,2,C,"ZI,ZX",1,8.269273282952675e-10,4.594040712751486e-11
0.01,2,C,"ZI,ZX",2,-1.840081648879158e-10,-5.679264348392463e-13
0.01,2,C,"ZI,ZY",1,-8.527211930654994e-11,-4.7373399614749965e-12
0.01,2,C,"ZI,ZY",2,2.678524459112762e-10,8.267050799730747e-13
0.01,2,C,"ZI,ZZ",1,-6.37104199287766e-10,-3.539467773820922e-11
0.01,2,C,"ZI,ZZ",2,-2.56405177959146e-10,-7.913740060467469e-13
0.01,2,C,"ZX,ZY",1,-1.5279121213549544e-09,-8.488400674194191e-11
0.01,2,C,"ZX,ZY",2,3.1845420989561106e-10,9.828833638753427e-13
0.01,2,C,"ZX,ZZ",1,4.4460075602385e-10,2.4700042001325e-11
0.01,2,C,"ZX,ZZ",2,1.3387467422338837e-10,4.131934389610752e-13
0.01,2,C,"ZY,ZZ",1,5.363084861646581e-10,2.9794915898036556e-11
0.01,2,C,"ZY,ZZ",2,-6.219370977750646e-11,-1.9195589437501995e-13
0.01,2,A,"IX,IY",1,2.172627852956041e-09,1.2070154738644674e-10
0.01,2,A,"IX,IY",2,-7.777543148688818e-11,-2.400476280459512e-13
0.01,2,A,"IX,IZ",1,2.6953908894776505e-09,1.497439383043139e-10
0.01,2,A,"IX,IZ",2,-7.199742330478471e-10,-2.222142694592121e-12
0.01,2,A,"IX,XI",1,1.4205176873103998e-08,7.891764929502221e-10
0.01,2,A,"IX,XI",2,-2.6025241875600998e-09,-8.032482060370678e-12
0.01,2,A,"IX,XX",1,4.562626073762807e-09,2.5347922632015596e-10
0.01,2,A,"IX,XX",2,-1.1895164794917718e-09,-3.6713471589252215e-12
0.01,2,A,"IX,XY",1,-8.120027959083311e-10,-4.511126643935173e-11
0.01,2,A,"IX,XY",2,-2.7056342535407445e-10,-8.350723004755385e-13
0.01,2,A,"IX,XZ",1,-9.979828205161566e-10,-5.544349002867537e-11
0.01,2,A,"IX,XZ",2,2.588230436613966e-10,7.988365545104833e-13
0.01,2,A,"IX,YI",1,3.716969100537699e-09,2.064982833632055e-10
0.01,2,A,"IX,YI",2,-3.401482949245696e-10,-1.0498404164338569e-12
0.01,2,A,"IX,YX",1,6.345099431142466e-10,3.525055239523592e-11
0.01,2,A,"IX,YX",2,-3.494662457022964e-10,-1.0785995237725197e-12
0.01,2,A,"IX,YY",1,-3.0673975143978962e-09,-1.7041097302210534e-10
0.01,2,A,"IX,YY",2,2.0929877186045875e-10,6.45983863766848e-13
0.01,2,A,"IX,YZ",1,6.705787600290756e-10,3.725437555717087e-11
0.01,2,A,"IX,YZ",2,1.9468466242652985e-11,6.008785877362032e-14
0.01,2,A,"IX,ZI",1,-1.7442836955480552e-10,-9.690464975266973e-12
0.01,2,A,"IX,ZI",2,-3.766427824992287e-10,-1.1624777237630516e-12
0.01,2,A,"IX,ZX",1,-1.0790098332638827e-09,-5.994499073688237e-11
0.01,2,A,"IX,ZX",2,2.8046397645480375e-10,8.656295569592709e-13
0.01,2,A,"IX,ZY",1,-2.1070494710699974e-09,-1.170583039483332e-10
0.01,2,A,"IX,ZY",2,2.8417257896555003e-10,8.770758610047841e-13
0.01,2,A,"IX,ZZ",1,-2.1114034973440933e-09,-1.1730019429689406e-10
0.01,2,A,"IX,ZZ",2,-1.9085075447037932e-11,-5.89045538488825e-14
0.01,2,A,"IY,IZ",1,-6.990370780283225e-10,-3.8835393223795694e-11
0.01,2,A,"IY,IZ",2,-3.5468354222682656e-12,-1.0947022908235387e-14
0.01,2,A,"IY,XI",1,-3.0231677277683524e-09,-1.6795376265379736e-10
0.01,2,A,"IY,XI",2,2.2725605838380946e-10,7.014075876043502e-13
0.01,2,A,"IY,XX",1,4.0056274947689166e-10,2.2253486082049538e-11
0.01,2,A,"IY,XX",2,4.0380348077864567e-10,1.2463070394402645e-12
0.01,2,A,"IY,XY",1,5.918714885817146e-11,3.2881749365650813e-12
0.01,2,A,"IY,XY",2,1.463549931138926e-11,4.5171294170954506e-14
0.01,2,A,"IY,XZ",1,-4.575685013508093e-10,-2.5420472297267182e-11
0.01,2,A,"IY,XZ",2,1.0410327236862842e-10,3.213063961994704e-13
0.01,2,A,"IY,YI",1,-2.072635798839437e-10,-1.1514643326885762e-11
0.01,2,A,"IY,YI",2,2.2824014924338736e-11,7.044449050721831e-14
0.01,2,A,"IY,YX",1,-3.2987033579091987e-10,-1.8326129766162214e-11
0.01,2,A,"IY,YX",2,1.5952935418657637e-10,4.92374549958569e-13
0.01,2,A,"IY,YY",1,-1.505099957368485e-09,-8.361666429824918e-11
0.01,2,A,"IY,YY",2,3.319756832370273e-10,1.0246163062871214e-12
0.01,2,A,"IY,YZ",1,-3.1791004440263594e-10,-1.7661669133479774e-11
0.01,2,A,"IY,YZ",2,7.982514681402159e-11,2.4637390991981973e-13
0.01,2,A,"IY,ZI",1,-7.293463890438394e-11,-4.0519243835768856e-12
0.01,2,A,"IY,ZI",2,-5.703724850710099e-11,-1.760408904540154e-13
0.01,2,A,"IY,ZX",1,-1.0772812211562826e-09,-5.984895673090459e-11
0.01,2,A,"IY,ZX",2,3.1616557327167233e-10,9.758196705915813e-13
0.01,2,A,"IY,ZY",1,5.334815203102043e-10,2.963786223945579e-11
0.01,2,A,"IY,ZY",2,-1.623831690554268e-10,-5.011826205414408e-13
0.01,2,A,"IY,ZZ",1,4.3303413751328197e-10,2.405745208407122e-11
0.01,2,A,"IY,ZZ",2,-6.741901395482856e-11,-2.0808337640379185e-13
0.01,2,A,"IZ,XI",1,3.8769517589885636e-10,2.1538620883269797e-11
0.01,2,A,"IZ,XI",2,1.5543987010236378e-10,4.797526855011228e-13
0.01,2,A,"IZ,XX",1,2.042054005558095e-09,1.134474447532275e-10
0.01,2,A,"IZ,XX",2,-4.760216359056257e-10,-1.469202579955635e-12
0.01,2,A,"IZ,XY",1,-1.8781078441414923e-10,-1.0433932467452735e-11
0.01,2,A,"IZ,XY",2,7.272642565942098e-11,2.2446427672660796e-13
0.01,2,A,"IZ,XZ",1,1.3270290333287075e-09,7.37238351849282e-11
0.01,2,A,"IZ,XZ",2,-3.412867365609031e-10,-1.0533541251879725e-12
0.01,2,A,"IZ,YI",1,1.8382922865231954e-11,1.0212734925128863e-12
0.01,2,A,"IZ,YI",2,5.5524823069468295e-12,1.713729107082355e-14
0.01,2,A,"IZ,YX",1,-1.040852945457146e-09,-5.7825163636508116e-11
0.01,2,A,"IZ,YX",2,2.4801544561007927e-10,7.654797704014792e-13
0.01,2,A,"IZ,YY",1,2.7901437330567615e-09,1.5500798516982009e-10
0.01,2,A,"IZ,YY",2,-8.126476916193047e-10,-2.5081718877139034e-12
0.01,2,A,"IZ,YZ",1,8.964386464930654e-10,4.980214702739252e-11
0.01,2,A,"IZ,YZ",2,-3.066105939588494e-10,-9.463289937001524e-13
0.01,2,A,"IZ,ZI",1,-3.7203102866308406e-10,-2.0668390481282447e-11
0.01,2,A,"IZ,ZI",2,4.514089557248828e-11,1.3932375176693915e-13
0.01,2,A,"IZ,ZX",1,2.4604312723021582e-09,1.3669062623900878e-10
0.01,2,A,"IZ,ZX",2,-4.936304277230724e-10,-1.5235507028489889e-12
0.01,2,A,"IZ,ZY",1,-5.698651996418767e-11,-3.165917775788204e-12
0.01,2,A,"IZ,ZY",2,-1.6755184271716247e-11,-5.171353170282792e-14
0.01,2,A,"IZ,ZZ",1,-1.2861213929602196e-09,-7.145118849778997e-11
0.01,2,A,"IZ,ZZ",2,3.747165544811644e-10,1.1565325755591492e-12
0.01,2,A,"XI,XX",1,-7.725540319002205e-09,-4.2919668438901136e-10
0.01,2,A,"XI,XX",2,1.5489467259997951e-09,4.780699771604306e-12
0.01,2,A,"XI,XY",1,-2.1217395010120724e-09,-1.178744167228929e-10
0.01,2,A,"XI,XY",2,-2.7461633451830033e-11,-8.475812793774702e-14
0.01,2,A,"XI,XZ",1,-9.37951278540631e-10,-5.2108404363368395e-11
0.01,2,A,"XI,XZ",2,1.9604779118071498e-10,6.050857752491203e-13
0.01,2,A,"XI,YI",1,1.4467345112840625e-09,8.037413951578125e-11
0.01,2,A,"XI,YI",2,6.781375304482083e-11,2.0930170692845936e-13
0.01,2,A,"XI,YX",1,3.625033418065428e-10,2.0139074544807934e-11
0.01,2,A,"XI,YX",2,-2.6177524071182055e-10,-8.079482738019152e-13
0.01,2,A,"XI,YY",1,-4.0387748226851305e-09,-2.243763790380628e-10
0.01,2,A,"XI,YY",2,4.172023703409781e-10,1.2876616368548707e-12
0.01,2,A,"XI,YZ",1,2.997430644976215e-09,1.6652392472090086e-10
0.01,2,A,"XI,YZ",2,-4.6019993544427167e-10,-1.4203701711242954e-12
0.01,2,A,"XI,ZI",1,1.9601069253384294e-09,1.088948291854683e-10
0.01,2,A,"XI,ZI",2,-9.527941118935352e-10,-2.9407225675726393e-12
0.01,2,A,"XI,ZX",1,-6.63072624709216e-10,-3.683736803940089e-11
0.01,2,A,"XI,ZX",2,2.38226157828494e-10,7.352659192237469e-13
0.01,2,A,"XI,ZY",1,-2.205229910436812e-09,-1.225127728020451e-10
0.01,2,A,"XI,ZY",2,3.7313127743706e-10,1.1516397451761113e-12
0.01,2,A,"XI,ZZ",1,-3.730244352139372e-09,-2.0723579734107624e-10
0.01,2,A,"XI,ZZ",2,3.959764946319255e-10,1.2221496747898935e-12
0.01,2,A,"XX,XY",1,2.280171698679072e-09,1.2667620548217068e-10
0.01,2,A,"XX,XY",2,4.0822515561751687e-10,1.2599541840046818e-12
0.01,2,A,"XX,XZ",1,-6.586834192508516e-09,-3.659352329171398e-10
0.01,2,A,"XX,XZ",2,1.3376861074485128e-09,4.128660825458373e-12
0.01,2,A,"XX,YI",1,-2.3490878233955868e-09,-1.305048790775326e-10
0.01,2,A,"XX,YI",2,3.0182376673718213e-10,9.315548356085869e-13
0.01,2,A,"XX,YX",1,-3.4689135307230592e-09,-1.927174183735033e-10
0.01,2,A,"XX,YX",2,1.2448852993536686e-09,3.842238578252063e-12
0.01,2,A,"XX,YY",1,2.1311252172577894e-11,1.1839584540321053e-12
0.01,2,A,"XX,YY",2,-4.1714043013651774e-12,-1.2874704633843141e-14
0.01,2,A,"XX,YZ",1,-4.155857863601404e-09,-2.3088099242230022e-10
0.01,2,A,"XX,YZ",2,3.639394580783158e-10,1.1232699323404808e-12
0.01,2,A,"XX,ZI",1,-1.9630715449727958e-09,-1.0905953027626643e-10
0.01,2,A,"XX,ZI",2,5.521104906402982e-10,1.704044724198451e-12
0.01,2,A,"XX,ZX",1,-3.129376716742699e-09,-1.7385426204126105e-10
0.01,2,A,"XX,ZX",2,1.1218906104458212e-09,3.462625340882164e-12
0.01,2,A,"XX,ZY",1,-2.332373748400347e-10,-1.2957631935557483e-11
0.01,2,A,"XX,ZY",2,-1.7187872367325574e-10,-5.30489887880419e-13
0.01,2,A,"XX,ZZ",1,6.450864803025504e-09,3.5838137794586135e-10
0.01,2,A,"XX,ZZ",2,-4.972279340343265e-10,-1.5346541173898964e-12
0.01,2,A,"XY,XZ",1,2.357231283394115e-09,1.3095729352189527e-10
0.01,2,A,"XY,XZ",2,-5.099678903489604e-10,-1.5739749702128407e-12
0.01,2,A,"XY,YI",1,-5.441018695490757e-10,-3.0227881641615315e-11
0.01,2,A,"XY,YI",2,-2.0647890022386333e-11,-6.372805562464917e-14
0.01,2,A,"XY,YX",1,4.663278923535001e-10,2.5907105130750003e-11
0.01,2,A,"XY,YX",2,-5.973188265497093e-11,-1.8435766251534237e-13
0.01,2,A,"XY,YY",1,2.064249614576963e-09,1.1468053414316462e-10
0.01,2,A,"XY,YY",2,-5.031304316248287e-10,-1.5528717025457675e-12
0.01,2,A,"XY,YZ",1,9.288173382899213e-10,5.160096323832896e-11
0.01,2,A,"XY,YZ",2,-9.943581620951205e-11,-3.069006673133088e-13
0.01,2,A,"XY,ZI",1,1.2418906583579571e-09,6.899392546433096e-11
0.01,2,A,"XY,ZI",2,-3.405218422453113e-10,-1.0509933402633066e-12
0.01,2,A,"XY,ZX",1,1.706961817858025e-09,9.483121210322361e-11
0.01,2,A,"XY,ZX",2,-2.868937598930869e-10,-8.854745675712558e-13
0.01,2,A,"XY,ZY",1,-1.5203406176919494e-10,-8.446336764955274e-12
0.01,2,A,"XY,ZY",2,2.653021040433908e-10,8.1883365445491e-13
0.01,2,A,"XY,ZZ",1,-2.443981452397566e-10,-1.3577674735542033e-11
0.01,2,A,"XY,ZZ",2,1.8918586311162085e-10,5.839069849124101e-13
0.01,2,A,"XZ,YI",1,1.6942064994967005e-09,9.412258330537225e-11
0.01,2,A,"XZ,YI",2,-3.901687251395928e-10,-1.2042244603073852e-12
0.01,2,A,"XZ,YX",1,-2.1961380782376673e-09,-1.2200767101320375e-10
0.01,2,A,"XZ,YX",2,3.1407200344939904e-10,9.693580353376514e-13
0.01,2,A,"XZ,YY",1,-3.43624942365375e-10,-1.9090274575854167e-11
0.01,2,A,"XZ,YY",2,2.7624780658670493e-10,8.526166869960029e-13
0.01,2,A,"XZ,YZ",1,6.262895092510186e-10,3.479386162505659e-11
0.01,2,A,"XZ,YZ",2,1.9020440039603018e-11,5.87050618506266e-14
0.01,2,A,"XZ,ZI",1,-2.158471331140215e-09,-1.1991507395223417e-10
0.01,2,A,"XZ,ZI",2,3.8328671735063345e-10,1.1829836955266464e-12
0.01,2,A,"XZ,ZX",1,5.791682667968242e-10,3.2176014822045784e-11
0.01,2,A,"XZ,ZX",2,-1.3690334921148276e-10,-4.225412012700085e-13
0.01,2,A,"XZ,ZY",1,2.036443491918846e-09,1.1313574955104701e-10
0.01,2,A,"XZ,ZY",2,-2.9559607296772253e-10,-9.123335585423534e-13
0.01,2,A,"XZ,ZZ",1,-1.2614971298504243e-09,-7.008317388057912e-11
0.01,2,A,"XZ,ZZ",2,1.1137815799338578e-10,3.4375974689316596e-13
0.01,2,A,"YI,YX",1,-2.7461718120329273e-09,-1.5256510066849595e-10
0.01,2,A,"YI,YX",2,5.792032588613281e-10,1.7876643792016298e-12
0.01,2,A,"YI,YY",1,-1.3107876881486189e-09,-7.282153823047883e-11
0.01,2,A,"YI,YY",2,2.2112636993485366e-10,6.824887960952273e-13
0.01,2,A,"YI,YZ",1,7.080329428829141e-10,3.9335163493495226e-11
0.01,2,A,"YI,YZ",2,-1.939249625739202e-10,-5.985338351046919e-13
0.01,2,A,"YI,ZI",1,-1.7717620873370309e-09,-9.84312270742795e-11
0.01,2,A,"YI,ZI",2,2.17029102888491e-10,6.698429101496636e-13
0.01,2,A,"YI,ZX",1,1.3124571641366564e-09,7.291428689648091e-11
0.01,2,A,"YI,ZX",2,-3.3028476137289056e-10,-1.019397411644724e-12
0.01,2,A,"YI,ZY",1,1.3288677588009794e-10,7.382598660005441e-12
0.01,2,A,"YI,ZY",2,-3.5399874309185696e-11,-1.0925887132464721e-13
0.01,2,A,"YI,ZZ",1,-9.84184481038258e-10,-5.467691561323655e-11
0.01,2,A,"YI,ZZ",2,3.0241249850119925e-10,9.333719089543188e-13
0.01,2,A,"YX,YY",1,2.4152916478805684e-09,1.3418286932669826e-10
0.01,2,A,"YX,YY",2,-4.0333153943889607e-10,-1.2448504303669632e-12
0.01,2,A,"YX,YZ",1,-2.60006728065474e-10,-1.4444818225859668e-11
0.01,2,A,"YX,YZ",2,2.662235309130585e-10,8.216775645464768e-13
0.01,2,A,"YX,ZI",1,-2.473473127274906e-09,-1.3741517373749477e-10
0.01,2,A,"YX,ZI",2,6.477595131186855e-10,1.9992577565391528e-12
0.01,2,A,"YX,ZX",1,-6.938608612370478e-10,-3.8547825624280437e-11
0.01,2,A,"YX,ZX",2,1.7587389822887974e-10,5.428206735459251e-13
0.01,2,A,"YX,ZY",1,2.236006629038344e-09,1.2422259050213021e-10
0.01,2,A,"YX,ZY",2,-4.0078177427374905e-10,-1.2369807847955218e-12
0.01,2,A,"YX,ZZ",1,-1.9850806631823678e-10,-1.102822590656871e-11
0.01,2,A,"YX,ZZ",2,-3.587216590406487e-11,-1.1071656143229898e-13
0.01,2,A,"YY,YZ",1,7.790079299852709e-10,4.327821833251505e-11
0.01,2,A,"YY,YZ",2,-1.651301355132033e-10,-5.09660912077788e-13
0.01,2,A,"YY,ZI",1,-2.826344478644527e-09,-1.5701913770247373e-10
0.01,2,A,"YY,ZI",2,6.839376923084302e-10,2.1109188034210806e-12
0.01,2,A,"YY,ZX",1,9.137853595487929e-10,5.076585330826628e-11
0.01,2,A,"YY,ZX",2,-3.729540669954328e-10,-1.1510927993686198e-12
0.01,2,A,"YY,ZY",1,1.1504197016792395e-09,6.391220564884664e-11
0.01,2,A,"YY,ZY",2,-1.6351656804543295e-10,-5.046807655723239e-13
0.01,2,A,"YY,ZZ",1,7.294911671964857e-10,4.052728706647143e-11
0.01,2,A,"YY,ZZ",2,-6.101320788160118e-10,-1.883123700049419e-12
0.01,2,A,"YZ,ZI",1,5.000435387567005e-10,2.7780196597594472e-11
0.01,2,A,"YZ,ZI",2,-1.5941797460764433e-12,-4.920307858260627e-15
0.01,2,A,"YZ,ZX",1,-7.77951817871397e-10,-4.321954543729983e-11
0.01,2,A,"YZ,ZX",2,2.874600086956893e-11,8.872222490607694e-14
0.01,2,A,"YZ,ZY",1,-1.184614704999883e-09,-6.581192805554906e-11
0.01,2,A,"YZ,ZY",2,3.611952392191976e-10,1.1148001210469062e-12
0.01,2,A,"YZ,ZZ",1,1.9141650020419247e-10,1.0634250011344027e-11
0.01,2,A,"YZ,ZZ",2,-2.088002199581139e-10,-6.44445123327512e-13
0.01,2,A,"ZI,ZX",1,-1.9531969707429866e-09,-1.0851094281905481e-10
0.01,2,A,"ZI,ZX",2,4.696635602911487e-10,1.449578889787496e-12
0.01,2,A,"ZI,ZY",1,9.081722276958657e-10,5.045401264977032e-11
0.01,2,A,"ZI,ZY",2,-3.624269493328149e-10,-1.118601695471651e-12
0.01,2,A,"ZI,ZZ",1,1.8317415123456818e-10,1.0176341735253787e-11
0.01,2,A,"ZI,ZZ",2,-4.967489377574306e-11,-1.5331757338192303e-13
0.01,2,A,"ZX,ZY",1,-1.3106196393715756e-09,-7.281220218730976e-11
0.01,2,A,"ZX,ZY",2,4.635605068796666e-10,1.4307423051841561e-12
0.01,2,A,"ZX,ZZ",1,-4.86073226653749e-10,-2.7004068147430497e-11
0.01,2,A,"ZX,ZZ",2,-6.300771039304701e-11,-1.944682419538488e-13
0.01,2,A,"ZY,ZZ",1,-1.9391260501418988e-09,-1.0772922500788326e-10
0.01,2,A,"ZY,ZZ",2,3.355665341600051e-10,1.0356991795061886e-12
0.01,3,H,IX,1,-1.559111879062401e-08,-8.661732661457783e-10
0.01,3,H,IX,2,8.59989155189001e-09,2.6542875160154353e-11
0.01,3,H,IX,3,-1.2821363507679422e-09,-2.198450532866842e-13
0.01,3,H,IY,1,-8.384771890824761e-09,-4.658206606013756e-10
0.01,3,H,IY,2,5.293398945202374e-09,1.6337651065439428e-11
0.01,3,H,IY,3,-9.546799996611466e-10,-1.6369684493503884e-13
0.01,3,H,IZ,1,-6.403433202848365e-11,-3.5574628904713137e-12
0.01,3,H,IZ,2,4.935657669720555e-11,1.5233511326298007e-13
0.01,3,H,IZ,3,-7.457497993323482e-12,-1.278720506399774e-15
0.01,3,H,XI,1,2.340246159757367e-10,1.3001367554207593e-11
0.01,3,H,XI,2,2.6551772186669773e-09,8.19499141563882e-12
0.01,3,H,XI,3,-6.979763784254114e-10,-1.1968044897555065e-13
0.01,3,H,XX,1,-8.503563951911284e-06,-4.724202195506269e-07
0.01,3,H,XX,2,2.797124866531817e-07,8.633101439913015e-10
0.01,3,H,XX,3,2.2268650711433563e-09,3.8183557461305834e-13
0.01,3,H,XY,1,-9.543070020176415e-09,-5.301705566764675e-10
0.01,3,H,XY,2,9.511437249921591e-09,2.935628780839997e-11
0.01,3,H,XY,3,-1.7307127005895363e-09,-2.967614370009493e-13
0.01,3,H,XZ,1,7.764587814652345e-10,4.313659897029081e-11
0.01,3,H,XZ,2,1.8975819327701523e-09,5.856734360401705e-12
0.01,3,H,XZ,3,-3.884264119943658e-10,-6.66026083666608e-14
0.01,3,H,YI,1,1.7659568080040122e-09,9.810871155577845e-11
0.01,3,H,YI,2,2.9904854156876853e-10,9.229893258295324e-13
0.01,3,H,YI,3,-2.285719288894855e-10,-3.919271757364292e-14
0.01,3,H,YX,1,-4.517701967289702e-09,-2.5098344262720567e-10
0.01,3,H,YX,2,2.8191059233994797e-09,8.700944208023085e-12
0.01,3,H,YX,3,-5.303014158671335e-10,-9.092959805677872e-14
0.01,3,H,YY,1,1.6948187735507715e-09,9.415659853059842e-11
0.01,3,H,YY,2,3.861646640403209e-09,1.1918662470380276e-11
0.01,3,H,YY,3,-7.965449365083613e-10,-1.3658177923668748e-13
0.01,3,H,YZ,1,1.167099319012036e-08,6.483885105622423e-10
0.01,3,H,YZ,2,-1.0077635729632962e-08,-3.110381398034865e-11
0.01,3,H,YZ,3,1.8681277584285936e-09,3.20323689716837e-13
0.01,3,H,ZI,1,-1.8917930481333164e-10,-1.0509961378518425e-11
0.01,3,H,ZI,2,1.1807621464688752e-10,3.6443276125582567e-13
0.01,3,H,ZI,3,-2.1995728470983368e-11,-3.771558379798245e-15
0.01,3,H,ZX,1,9.577361754128622e-10,5.320756530071457e-11
0.01,3,H,ZX,2,1.8856395059113118e-09,5.8198750182447895e-12
0.01,3,H,ZX,3,-3.953368131636145e-10,-6.778751940391195e-14
0.01,3,H,ZY,1,1.54067438027967e-08,8.559302112664833e-10
0.01,3,H,ZY,2,-1.039398558620509e-08,-3.2080202426558916e-11
0.01,3,H,ZY,3,1.8256346734469379e-09,3.130374954470058e-13
0.01,3,H,ZZ,1,-4.5279336201709015e-15,-2.515518677872723e-16
0.01,3,H,ZZ,2,2.1370461192456e-15,6.595821355696296e-18
0.01,3,H,ZZ,3,-3.117022399261241e-16,-5.344688613273733e-20
0.01,3,S,IX,1,0.00022198961237951428,1.233275624330635e-05
0.01,3,S,IX,2,-2.8352478890437405e-07,-8.750765089641175e-10
0.01,3,S,IX,3,4.675468336928141e-10,8.016921016680626e-14
0.01,3,S,IY,1,3.2873946136142195e-09,1.8263303408967886e-10
0.01,3,S,IY,2,-2.83668852743437e-09,-8.755211504427066e-12
0.01,3,S,IY,3,4.955762645221247e-10,8.497535399899258e-14
0.01,3,S,IZ,1,1.3184102213032151e-09,7.324501229462307e-11
0.01,3,S,IZ,2,-8.255753125631446e-10,-2.5480719523553847e-12
0.01,3,S,IZ,3,2.0996777217302117e-10,3.6002704419242315e-14
0.01,3,S,XI,1,0.00022197199775314034,1.233177765295224e-05
0.01,3,S,XI,2,-2.692852369021937e-07,-8.311272743894868e-10
0.01,3,S,XI,3,-1.8983049087638014e-09,-3.2549809821052837e-13
0.01,3,S,XX,1,0.00016132796881871786,8.962664934373214e-06
0.01,3,S,XX,2,-1.1838806597472901e-08,-3.6539526535410185e-11
0.01,3,S,XX,3,-3.7168026469334726e-09,-6.373118393232978e-13
0.01,3,S,XY,1,-5.930881902277494e-10,-3.294934390154163e-11
0.01,3,S,XY,2,-5.328668031158053e-10,-1.6446506269006335e-12
0.01,3,S,XY,3,1.6707072382423837e-10,2.864724345408751e-14
0.01,3,S,XZ,1,6.080758650552294e-11,3.3781992503068297e-12
0.01,3,S,XZ,2,-3.237305447856458e-10,-9.99168348103845e-13
0.01,3,S,XZ,3,8.625688580938731e-11,1.479027534454515e-14
0.01,3,S,YI,1,-1.3758045873584443e-09,-7.643358818658025e-11
0.01,3,S,YI,2,1.046133440496669e-09,3.228806915113176e-12
0.01,3,S,YI,3,-1.7105649679380545e-10,-2.933067503323139e-14
0.01,3,S,YX,1,1.0114435397181604e-09,5.619130776212002e-11
0.01,3,S,YX,2,-4.4735261166680146e-10,-1.3807179372432144e-12
0.01,3,S,YX,3,7.124736456216878e-11,1.221662629666817e-14
0.01,3,S,YY,1,6.911561059913465e-09,3.8397561443963695e-10
0.01,3,S,YY,2,-6.7781357335863285e-09,-2.0920172017241756e-11
0.01,3,S,YY,3,1.228934260878257e-09,2.1072260988996174e-13
0.01,3,S,YZ,1,3.1508882148170223e-09,1.7504934526761235e-10
0.01,3,S,YZ,2,-3.0811625734033625e-09,-9.509761029022723e-12
0.01,3,S,YZ,3,5.69593113399571e-10,9.76668575788016e-14
0.01,3,S,ZI,1,4.960866771477454e-09,2.756037095265252e-10
0.01,3,S,ZI,2,-3.092483215292181e-09,-9.54470128176599e-12
0.01,3,S,ZI,3,5.65572473667035e-10,9.697744747377144e-14
0.01,3,S,ZX,1,4.653730883825336e-09,2.585406046569631e-10
0.01,3,S,ZX,2,-3.956692476200015e-09,-1.2212013815432146e-11
0.01,3,S,ZX,3,7.081798005511127e-10,1.2143000695320863e-13
0.01,3,S,ZY,1,6.917886668495497e-09,3.843270371386387e-10
0.01,3,S,ZY,2,-6.173325767334862e-09,-1.9053474590539698e-11
0.01,3,S,ZY,3,1.0935932492611326e-09,1.875159892423067e-13
0.01,3,S,ZZ,1,9.47295041477368e-09,5.262750230429822e-10
0.01,3,S,ZZ,2,-7.912913337209722e-09,-2.442257202842507e-11
0.01,3,S,ZZ,3,1.4104752263533763e-09,2.4185103332533887e-13
0.01,3,C,"IX,IY",1,2.9649496559909847e-09,1.6471942533283248e-10
0.01,3,C,"IX,IY",2,-1.7335566182911793e-09,-5.35048338978759e-12
0.01,3,C,"IX,IY",3,2.524552976523816e-10,4.3287945413645686e-14
0.01,3,C,"IX,IZ",1,5.874193926855306e-09,3.26344107047517e-10
0.01,3,C,"IX,IZ",2,-3.6647037465265904e-09,-1.1310814032489476e-11
0.01,3,C,"IX,IZ",3,6.715678073581011e-10,1.1515223034260992e-13
0.01,3,C,"IX,XI",1,0.00022198218310431114,1.2332343505795063e-05
0.01,3,C,"IX,XI",2,-2.784722573452045e-07,-8.59482275756804e-10
0.01,3,C,"IX,XI",3,-2.968779970302471e-10,-5.0905006349493677e-14
0.01,3,C,"IX,XX",1,1.0799059253111595e-08,5.999477362839775e-10
0.01,3,C,"IX,XX",2,-7.048012151171127e-09,-2.1753123923367674e-11
0.01,3,C,"IX,XX",3,1.2657667105926994e-09,2.1703818768736274e-13
0.01,3,C,"IX,XY",1,-1.475592676546051e-10,-8.197737091922506e-12
0.01,3,C,"IX,XY",2,2.771864746133183e-10,8.55513810534933e-13
0.01,3,C,"IX,XY",3,-1.23491489139705e-10,-2.1174809523269032e-14
0.01,3,C,"IX,XZ",1,-1.2459923663213433e-08,-6.922179812896352e-10
0.01,3,C,"IX,XZ",2,1.0193734815290568e-08,3.1462144491637554e-11
0.01,3,C,"IX,XZ",3,-1.887367133606482e-09,-3.2362262236050785e-13
0.01,3,C,"IX,YI",1,2.756172607033833e-09,1.531207003907685e-10
0.01,3,C,"IX,YI",2,-1.6106153271550567e-09,-4.9710349603551135e-12
0.01,3,C,"IX,YI",3,2.2967479733194395e-10,3.9381823959524e-14
0.01,3,C,"IX,YX",1,-1.7415029986217175e-09,-9.675016659009542e-11
0.01,3,C,"IX,YX",2,1.9167563189159464e-09,5.91591456455539e-12
0.01,3,C,"IX,YX",3,-4.698943269446505e-10,-8.057172958584542e-14
0.01,3,C,"IX,YY",1,-1.209696450194268e-08,-6.720535834412599e-10
0.01,3,C,"IX,YY",2,9.637132384966419e-09,2.9744235756069195e-11
0.01,3,C,"IX,YY",3,-1.7600025688978253e-09,-3.017837052293939e-13
0.01,3,C,"IX,YZ",1,-1.449941206794225e-10,-8.055228926634584e-12
0.01,3,C,"IX,YZ",2,1.1667696139909081e-10,3.601140783922556e-13
0.01,3,C,"IX,YZ",3,-1.601812711336096e-11,-2.7465924405625788e-15
0.01,3,C,"IX,ZI",1,3.3965021062157737e-09,1.8869456145643186e-10
0.01,3,C,"IX,ZI",2,-2.292216054783682e-09,-7.074740909826179e-12
0.01,3,C,"IX,ZI",3,4.359500605101416e-10,7.475138211765117e-14
0.01,3,C,"IX,ZX",1,-1.2099939756335577e-08,-6.722188753519766e-10
0.01,3,C,"IX,ZX",2,9.105968997275817e-09,2.810484258418462e-11
0.01,3,C,"IX,ZX",3,-1.629567488084318e-09,-2.794182935672699e-13
0.01,3,C,"IX,ZY",1,1.2647828359741068e-10,7.02657131096726e-12
0.01,3,C,"IX,ZY",2,-7.391066762706578e-11,-2.281193445279808e-13
0.01,3,C,"IX,ZY",3,1.4203059569064218e-11,2.435366867123494e-15
0.01,3,C,"IX,ZZ",1,-1.3716882143938486e-08,-7.620490079965825e-10
0.01,3,C,"IX,ZZ",2,1.0217220551754222e-08,3.1534631332574755e-11
0.01,3,C,"IX,ZZ",3,-1.849266065752493e-09,-3.1708951744727247e-13
0.01,3,C,"IY,IZ",1,1.6749931006580166e-09,9.30551722587787e-11
0.01,3,C,"IY,IZ",2,-1.0047452526242535e-09,-3.101065594519301e-12
0.01,3,C,"IY,IZ",3,1.8069277959400683e-10,3.098298689883519e-14
0.01,3,C,"IY,XI",1,1.0587899287700828e-09,5.882166270944904e-11
0.01,3,C,"IY,XI",2,-4.264282998911209e-10,-1.3161367280590153e-12
0.01,3,C,"IY,XI",3,5.5015577446039193e-11,9.433398053161727e-15
0.01,3,C,"IY,XX",1,6.868288537239185e-10,3.8157158540217694e-11
0.01,3,C,"IY,XX",2,2.055025377338629e-09,6.342670917711817e-12
0.01,3,C,"IY,XX",3,-4.2103817746223814e-10,-7.219447487349762e-14
0.01,3,C,"IY,XY",1,6.397540622767776e-10,3.5541892348709866e-11
0.01,3,C,"IY,XY",2,-1.7794742789125294e-11,-5.492204564544844e-14
0.01,3,C,"IY,XY",3,1.8772014853893006e-12,3.2187954139048365e-16
0.01,3,C,"IY,XZ",1,1.8978668079999735e-09,1.0543704488888742e-10
0.01,3,C,"IY,XZ",2,-1.2564310042201505e-09,-3.8778734698152795e-12
0.01,3,C,"IY,XZ",3,1.7794483395567384e-10,3.0511802804470826e-14
0.01,3,C,"IY,YI",1,1.2364086985277298e-09,6.868937214042944e-11
0.01,3,C,"IY,YI",2,-1.6857244744378915e-09,-5.202853316166332e-12
0.01,3,C,"IY,YI",3,3.377313334437126e-10,5.791003659871615e-14
0.01,3,C,"IY,YX",1,3.963994153981614e-09,2.2022189744342298e-10
0.01,3,C,"IY,YX",2,-2.3313675209590325e-09,-7.195578768392075e-12
0.01,3,C,"IY,YX",3,3.565614186517335e-10,6.11387892064015e-14
0.01,3,C,"IY,YY",1,6.306118588302224e-09,3.5033992157234576e-10
0.01,3,C,"IY,YY",2,-5.639343929734011e-09,-1.7405382499179047e-11
0.01,3,C,"IY,YY",3,9.655357611739115e-10,1.6555825808880512e-13
0.01,3,C,"IY,YZ",1,-4.116953992264383e-09,-2.2871966623691018e-10
0.01,3,C,"IY,YZ",2,2.4588939226584022e-09,7.589178773637044e-12
0.01,3,C,"IY,YZ",3,-3.867009621041085e-10,-6.630674933198019e-14
0.01,3,C,"IY,ZI",1,6.948140983895526e-10,3.860078324386403e-11
0.01,3,C,"IY,ZI",2,6.818692669780318e-11,2.104534774623555e-13
0.01,3,C,"IY,ZI",3,-3.815635010179797e-11,-6.54258403665946e-15
0.01,3,C,"IY,ZX",1,-2.833970268237216e-10,-1.5744279267984534e-11
0.01,3,C,"IY,ZX",2,4.2094353278412185e-11,1.2992084345188946e-13
0.01,3,C,"IY,ZX",3,3.297943556352522e-12,5.654910076050278e-16
0.01,3,C,"IY,ZY",1,-5.802231048408368e-09,-3.2234616935602043e-10
0.01,3,C,"IY,ZY",2,4.241708288497533e-09,1.3091692248449177e-11
0.01,3,C,"IY,ZY",3,-7.10104608799662e-10,-1.2176004951983231e-13
0.01,3,C,"IY,ZZ",1,2.3598084136946027e-09,1.3110046742747793e-10
0.01,3,C,"IY,ZZ",2,-5.204707135788521e-10,-1.6063910912927532e-12
0.01,3,C,"IY,ZZ",3,1.6556150491477106e-11,2.8388461062203543e-15
0.01,3,C,"IZ,XI",1,3.493355551287507e-09,1.940753084048615e-10
0.01,3,C,"IZ,XI",2,-6.844543838761056e-10,-2.1125135304818074e-12
0.01,3,C,"IZ,XI",3,1.0515139280449646e-10,1.8030074212019283e-14
0.01,3,C,"IZ,XX",1,9.334692484491381e-09,5.185940269161879e-10
0.01,3,C,"IZ,XX",2,-9.410079324101702e-09,-2.9043454704017598e-11
0.01,3,C,"IZ,XX",3,1.7133093912218673e-09,2.937773304564244e-13
0.01,3,C,"IZ,XY",1,7.265837799321862e-10,4.036576555178812e-11
0.01,3,C,"IZ,XY",2,-7.296184072436611e-10,-2.2519086643322873e-12
0.01,3,C,"IZ,XY",3,1.4593147497936953e-10,2.5022543720742375e-14
0.01,3,C,"IZ,XZ",1,-2.391359700200146e-09,-1.328533166777859e-10
0.01,3,C,"IZ,XZ",2,1.4582161350651866e-09,4.500667083534527e-12
0.01,3,C,"IZ,XZ",3,-2.431559574435503e-10,-4.1693408340800806e-14
0.01,3,C,"IZ,YI",1,-5.701834731323117e-10,-3.1676859618461764e-11
0.01,3,C,"IZ,YI",2,1.1520280904696398e-09,3.5556422545359253e-12
0.01,3,C,"IZ,YI",3,-2.1392323864808747e-10,-3.668093941153763e-14
0.01,3,C,"IZ,YX",1,-1.5622393057655346e-09,-8.67910725425297e-11
0.01,3,C,"IZ,YX",2,-8.313334250854099e-10,-2.5658439045845986e-12
0.01,3,C,"IZ,YX",3,2.1258992901059072e-10,3.645231978919594e-14
0.01,3,C,"IZ,YY",1,7.840970675355909e-10,4.356094819642172e-11
0.01,3,C,"IZ,YY",2,-1.3631790733823387e-09,-4.207342819081292e-12
0.01,3,C,"IZ,YY",3,2.8253750508496266e-10,4.8446074260110196e-14
0.01,3,C,"IZ,YZ",1,-3.609108603122688e-10,-2.00506033506816e-11
0.01,3,C,"IZ,YZ",2,1.101513675783898e-09,3.399733567234253e-12
0.01,3,C,"IZ,YZ",3,-2.0731829994592357e-10,-3.5548405340521876e-14
0.01,3,C,"IZ,ZI",1,2.219284900581882e-09,1.2329360558788233e-10
0.01,3,C,"IZ,ZI",2,-3.950171413469011e-09,-1.2191887078608058e-11
0.01,3,C,"IZ,ZI",3,8.688183608359401e-10,1.489743417071228e-13
0.01,3,C,"IZ,ZX",1,-1.0093068645545931e-09,-5.6072603586366284e-11
0.01,3,C,"IZ,ZX",2,9.43318065670243e-10,2.9114755113279104e-12
0.01,3,C,"IZ,ZX",3,-2.213791291169891e-10,-3.795938427931912e-14
0.01,3,C,"IZ,ZY",1,-7.03487949171788e-11,-3.908266384287711e-12
0.01,3,C,"IZ,ZY",2,7.673491368278462e-10,2.3683615334192784e-12
0.01,3,C,"IZ,ZY",3,-1.4118943354364722e-10,-2.420943647867751e-14
0.01,3,C,"IZ,ZZ",1,-4.18738549934106e-09,-2.3263252774116998e-10
0.01,3,C,"IZ,ZZ",2,2.898618420120214e-09,8.946353148519179e-12
0.01,3,C,"IZ,ZZ",3,-5.365341521971292e-10,-9.199831141926083e-14
0.01,3,C,"XI,XX",1,6.541650817704092e-10,3.634250454280051e-11
0.01,3,C,"XI,XX",2,-2.9490883116505176e-09,-9.102124418674437e-12
0.01,3,C,"XI,XX",3,7.512191568518208e-10,1.2880986914468807e-13
0.01,3,C,"XI,XY",1,2.4090499676608167e-10,1.3383610931448982e-11
0.01,3,C,"XI,XY",2,1.2532895422741568e-09,3.868177599611595e-12
0.01,3,C,"XI,XY",3,-3.4246532403710176e-10,-5.872176338084736e-14
0.01,3,C,"XI,XZ",1,-1.432256099210394e-08,-7.956978328946633e-10
0.01,3,C,"XI,XZ",2,1.06693534860322e-08,3.2930103351951235e-11
0.01,3,C,"XI,XZ",3,-1.8953621216939793e-09,-3.2499350509156023e-13
0.01,3,C,"XI,YI",1,2.5778877639253914e-09,1.4321598688474398e-10
0.01,3,C,"XI,YI",2,-1.986066068474379e-09,-6.129833544674009e-12
0.01,3,C,"XI,YI",3,3.284045389653175e-10,5.6310792003655264e-14
0.01,3,C,"XI,YX",1,-3.0062167786813845e-09,-1.670120432600769e-10
0.01,3,C,"XI,YX",2,1.3270049011988878e-09,4.09569413950274e-12
0.01,3,C,"XI,YX",3,-2.800497571285869e-10,-4.801950568048472e-14
0.01,3,C,"XI,YY",1,-1.4069343118263348e-08,-7.816301732368526e-10
0.01,3,C,"XI,YY",2,1.0392763018699504e-08,3.20764290700602e-11
0.01,3,C,"XI,YY",3,-1.8592572510358926e-09,-3.1880268364812973e-13
0.01,3,C,"XI,YZ",1,2.365239152905855e-10,1.3140217516143639e-11
0.01,3,C,"XI,YZ",2,-1.660836561851665e-10,-5.126038771147114e-13
0.01,3,C,"XI,YZ",3,2.3652905866473385e-11,4.055710882454284e-15
0.01,3,C,"XI,ZI",1,4.949091581533438e-09,2.7494953230741323e-10
0.01,3,C,"XI,ZI",2,-4.492808444311729e-09,-1.3866692729357188e-11
0.01,3,C,"XI,ZI",3,8.570402623838853e-10,1.469547775006662e-13
0.01,3,C,"XI,ZX",1,-1.4153289419420564e-08,-7.862938566344758e-10
0.01,3,C,"XI,ZX",2,1.1276626674969027e-08,3.480440331780564e-11
0.01,3,C,"XI,ZX",3,-2.0600237281031148e-09,-3.532276625691212e-13
0.01,3,C,"XI,ZY",1,-2.1626041150350341e-10,-1.2014467305750189e-11
0.01,3,C,"XI,ZY",2,1.2229720988550327e-10,3.7746052433797307e-13
0.01,3,C,"XI,ZY",3,-2.168181774882896e-11,-3.717732810155858e-15
0.01,3,C,"XI,ZZ",1,-1.3353600493206736e-08,-7.418666940670409e-10
0.01,3,C,"XI,ZZ",2,1.0250126491247163e-08,3.163619287421964e-11
0.01,3,C,"XI,ZZ",3,-1.843837611892992e-09,-3.1615871260167905e-13
0.01,3,C,"XX,XY",1,-1.385433484750212e-10,-7.696852693056734e-12
0.01,3,C,"XX,XY",2,1.9803535748623274e-10,6.112202391550393e-13
0.01,3,C,"XX,XY",3,-3.872506902994266e-11,-6.640100999647232e-15
0.01,3,C,"XX,XZ",1,8.091739759422866e-09,4.4954109774571473e-10
0.01,3,C,"XX,XZ",2,-5.145129920633978e-09,-1.5880030619240673e-11
0.01,3,C,"XX,XZ",3,9.302105028684975e-10,1.5950111503232124e-13
0.01,3,C,"XX,YI",1,9.741399395484035e-10,5.411888553046686e-11
0.01,3,C,"XX,YI",2,1.8749183684897435e-09,5.786785087931307e-12
0.01,3,C,"XX,YI",3,-3.919456441367812e-10,-6.720604323333011e-14
0.01,3,C,"XX,YX",1,-4.494459886307844e-11,-2.4969221590599136e-12
0.01,3,C,"XX,YX",2,3.618027167123619e-11,1.116675051581364e-13
0.01,3,C,"XX,YX",3,-7.876758022644603e-12,-1.3506100861873462e-15
0.01,3,C,"XX,YY",1,2.6079531786581644e-08,1.4488628770323135e-09
0.01,3,C,"XX,YY",2,-2.0849626133043887e-08,-6.435069794149348e-11
0.01,3,C,"XX,YY",3,3.8123710693436844e-09,6.536987430287524e-13
0.01,3,C,"XX,YZ",1,-1.1027316255501281e-09,-6.126286808611823e-11
0.01,3,C,"XX,YZ",2,-1.6100894568650246e-09,-4.969411903904397e-12
0.01,3,C,"XX,YZ",3,3.4182195583576704e-10,5.861144647389695e-14
0.01,3,C,"XX,ZI",1,4.210309758530462e-09,2.339060976961368e-10
0.01,3,C,"XX,ZI",2,-2.664598413506972e-09,-8.224069177490653e-12
0.01,3,C,"XX,ZI",3,5.050648153988061e-10,8.660233460199007e-14
0.01,3,C,"XX,ZX",1,-1.9765109575223794e-09,-1.0980616430679885e-10
0.01,3,C,"XX,ZX",2,-1.9828864526792016e-10,-6.120019915676549e-13
0.01,3,C,"XX,ZX",3,2.1141715880920252e-10,3.625122750500729e-14
0.01,3,C,"XX,ZY",1,-1.9105491776349015e-09,-1.0614162097971675e-10
0.01,3,C,"XX,ZY",2,-1.4524604523548588e-09,-4.482902630724873e-12
0.01,3,C,"XX,ZY",3,3.292617093825804e-10,5.645776909852202e-14
0.01,3,C,"XX,ZZ",1,-4.3357964944307114e-10,-2.4087758302392842e-11
0.01,3,C,"XX,ZZ",2,-4.921099102946252e-10,-1.5188577478229171e-12
0.01,3,C,"XX,ZZ",3,1.4993073779184868e-10,2.5708288373087907e-14
0.01,3,C,"XY,XZ",1,-2.787269715109042e-09,-1.548483175060579e-10
0.01,3,C,"XY,XZ",2,2.184005724343679e-09,6.740758408468145e-12
0.01,3,C,"XY,XZ",3,-3.4565085928109014e-10,-5.92679799864695e-14
0.01,3,C,"XY,YI",1,3.940883013823493e-09,2.1893794521241628e-10
0.01,3,C,"XY,YI",2,-2.283303476696263e-09,-7.0472329527662436e-12
0.01,3,C,"XY,YI",3,3.619922719123922e-10,6.207000547194654e-14
0.01,3,C,"XY,YX",1,-7.523670702657499e-09,-4.179817057031944e-10
0.01,3,C,"XY,YX",2,4.1361858874614394e-09,1.276600582549827e-11
0.01,3,C,"XY,YX",3,-6.482346729087872e-10,-1.1115134995006639e-13
0.01,3,C,"XY,YY",1,2.4428714154591527e-09,1.357150786366196e-10
0.01,3,C,"XY,YY",2,-1.5677799977070185e-09,-4.838827153416724e-12
0.01,3,C,"XY,YY",3,2.3764701455522296e-10,4.0748802221403113e-14
0.01,3,C,"XY,YZ",1,3.780132171381649e-09,2.1000734285453605e-10
0.01,3,C,"XY,YZ",2,-2.1642012248251303e-09,-6.6796334099541055e-12
0.01,3,C,"XY,YZ",3,3.2885398473431664e-10,5.638785746473193e-14
0.01,3,C,"XY,ZI",1,-3.4184216948593405e-09,-1.8991231638107447e-10
0.01,3,C,"XY,ZI",2,1.2980519525047505e-09,4.006333186743057e-12
0.01,3,C,"XY,ZI",3,-1.894708603160333e-10,-3.2488144772982387e-14
0.01,3,C,"XY,ZX",1,4.526440049866828e-09,2.5146889165926825e-10
0.01,3,C,"XY,ZX",2,-2.395629264290137e-09,-7.393917482376967e-12
0.01,3,C,"XY,ZX",3,3.397127884704871e-10,5.824979226174333e-14
0.01,3,C,"XY,ZY",1,4.382211118023458e-09,2.4345617322352544e-10
0.01,3,C,"XY,ZY",2,-2.431716552048869e-09,-7.50529800015083e-12
0.01,3,C,"XY,ZY",3,3.563007932582648e-10,6.109410035292606e-14
0.01,3,C,"XY,ZZ",1,-1.0139379789869467e-08,-5.632988772149704e-10
0.01,3,C,"XY,ZZ",2,6.685972258278194e-09,2.0635716846537635e-11
0.01,3,C,"XY,ZZ",3,-1.035211426239624e-09,-1.7750538858704117e-13
0.01,3,C,"XZ,YI",1,-1.020124284897566e-09,-5.667357138319811e-11
0.01,3,C,"XZ,YI",2,3.6247574615050105e-10,1.1187523029336453e-12
0.01,3,C,"XZ,YI",3,-3.207134435985681e-11,-5.499201707794377e-15
0.01,3,C,"XZ,YX",1,4.582996988716652e-10,2.5461094381759175e-11
0.01,3,C,"XZ,YX",2,3.796662690539298e-10,1.1718094723886721e-12
0.01,3,C,"XZ,YX",3,-1.0515564322606236e-10,-1.8030803022301502e-14
0.01,3,C,"XZ,YY",1,2.866259554634464e-10,1.5923664192413688e-11
0.01,3,C,"XZ,YY",2,-1.0811273643020621e-09,-3.3368128527841423e-12
0.01,3,C,"XZ,YY",3,2.228044118977934e-10,3.8203774330897356e-14
0.01,3,C,"XZ,YZ",1,-1.6622239405121053e-09,-9.234577447289474e-11
0.01,3,C,"XZ,YZ",2,9.95798406805754e-10,3.0734518728572652e-12
0.01,3,C,"XZ,YZ",3,-1.3732243478899384e-10,-2.354637084859291e-14
0.01,3,C,"XZ,ZI",1,-4.690002463674274e-10,-2.6055569242634853e-11
0.01,3,C,"XZ,ZI",2,1.2520526901815449e-09,3.8643601548813115e-12
0.01,3,C,"XZ,ZI",3,-3.0657259288825286e-10,-5.2567317024734715e-14
0.01,3,C,"XZ,ZX",1,-4.535072078616742e-10,-2.5194844881204124e-11
0.01,3,C,"XZ,ZX",2,-3.2897472766700076e-10,-1.0153540977376566e-12
0.01,3,C,"XZ,ZX",3,1.1503547221795615e-10,1.9724875208840218e-14
0.01,3,C,"XZ,ZY",1,-4.0157837466072045e-09,-2.230990970337336e-10
0.01,3,C,"XZ,ZY",2,2.8079247737927297e-09,8.666434487014598e-12
0.01,3,C,"XZ,ZY",3,-4.624119130677822e-10,-7.928873680860463e-14
0.01,3,C,"XZ,ZZ",1,2.924888620411366e-09,1.6249381224507589e-10
0.01,3,C,"XZ,ZZ",2,-2.2047230771585894e-09,-6.804700855427745e-12
0.01,3,C,"XZ,ZZ",3,4.1112808990139736e-10,7.04952143177979e-14
0.01,3,C,"YI,YX",1,7.394277658175235e-10,4.107932032319575e-11
0.01,3,C,"YI,YX",2,-5.863282647020988e-10,-1.8096551379694406e-12
0.01,3,C,"YI,YX",3,1.218641743847877e-10,2.0895777500820937e-14
0.01,3,C,"YI,YY",1,1.1922814447558112e-09,6.623785804198951e-11
0.01,3,C,"YI,YY",2,-2.1837713036612927e-09,-6.740034887843496e-12
0.01,3,C,"YI,YY",3,4.1163572906982205e-10,7.058225807095714e-14
0.01,3,C,"YI,YZ",1,-1.7385758901797636e-09,-9.658754945443131e-11
0.01,3,C,"YI,YZ",2,1.3510037119725885e-09,4.169764543125274e-12
0.01,3,C,"YI,YZ",3,-2.2626120203054428e-10,-3.8796502405786056e-14
0.01,3,C,"YI,ZI",1,-2.9796856794916567e-10,-1.6553809330509205e-11
0.01,3,C,"YI,ZI",2,-3.2387114500231535e-10,-9.996022993898622e-13
0.01,3,C,"YI,ZI",3,1.5561275233404635e-10,2.6682570701996974e-14
0.01,3,C,"YI,ZX",1,-2.8144669265329356e-09,-1.563592736962742e-10
0.01,3,C,"YI,ZX",2,8.82414999001613e-10,2.7235030833383118e-12
0.01,3,C,"YI,ZX",3,-8.525669384020008e-11,-1.461877466395749e-14
0.01,3,C,"YI,ZY",1,-2.0780579409088747e-09,-1.1544766338382637e-10
0.01,3,C,"YI,ZY",2,1.6896823798734353e-09,5.215069073683442e-12
0.01,3,C,"YI,ZY",3,-3.112318397234574e-10,-5.336622766177253e-14
0.01,3,C,"YI,ZZ",1,1.284633496497983e-10,7.1368527583221274e-12
0.01,3,C,"YI,ZZ",2,9.791160132796415e-10,3.0219630039495106e-12
0.01,3,C,"YI,ZZ",3,-2.3187843324060926e-10,-3.975967648158595e-14
0.01,3,C,"YX,YY",1,-4.850310858423105e-10,-2.6946171435683914e-11
0.01,3,C,"YX,YY",2,6.885735423509704e-10,2.1252269825647235e-12
0.01,3,C,"YX,YY",3,-1.3992796951787246e-10,-2.3993136062735332e-14
0.01,3,C,"YX,YZ",1,1.9141832880271177e-09,1.0634351600150653e-10
0.01,3,C,"YX,YZ",2,-6.283250380506059e-10,-1.939274808798166e-12
0.01,3,C,"YX,YZ",3,8.383718022430485e-11,1.4375373838186703e-14
0.01,3,C,"YX,ZI",1,8.471735290963842e-10,4.706519606091023e-11
0.01,3,C,"YX,ZI",2,-1.5977953319393534e-10,-4.931467073886893e-13
0.01,3,C,"YX,ZI",3,-6.2731465800904624e-12,-1.0756424177109846e-15
0.01,3,C,"YX,ZX",1,-2.3700994922208144e-09,-1.3167219401226746e-10
0.01,3,C,"YX,ZX",2,1.628825504553051e-09,5.02723921158349e-12
0.01,3,C,"YX,ZX",3,-2.0621968924046826e-10,-3.5360029019284684e-14
0.01,3,C,"YX,ZY",1,-3.626361375713623e-10,-2.0146452087297905e-11
0.01,3,C,"YX,ZY",2,1.401815586320091e-09,4.3265913158027504e-12
0.01,3,C,"YX,ZY",3,-2.991913736638191e-10,-5.1301675868281744e-14
0.01,3,C,"YX,ZZ",1,-2.887205545308304e-09,-1.6040030807268357e-10
0.01,3,C,"YX,ZZ",2,6.085564079088903e-10,1.8782605182373154e-12
0.01,3,C,"YX,ZZ",3,8.092411587255432e-12,1.3875877207228107e-15
0.01,3,C,"YY,YZ",1,-3.819688467193764e-09,-2.1220491484409801e-10
0.01,3,C,"YY,YZ",2,2.885059543632826e-09,8.904504764298845e-12
0.01,3,C,"YY,YZ",3,-4.4345501396382327e-10,-7.603823970573101e-14
0.01,3,C,"YY,ZI",1,-8.059029356962256e-10,-4.477238531645698e-11
0.01,3,C,"YY,ZI",2,1.0025091139534475e-09,3.094163931955085e-12
0.01,3,C,"YY,ZI",3,-1.7626088669617793e-10,-3.0223060133089494e-14
0.01,3,C,"YY,ZX",1,-5.378211719436597e-10,-2.987895399686998e-11
0.01,3,C,"YY,ZX",2,-7.156516649304799e-10,-2.208801434970617e-12
0.01,3,C,"YY,ZX",3,1.6825122223149134e-10,2.884966087645599e-14
0.01,3,C,"YY,ZY",1,-8.224255318498594e-09,-4.5690307324992187e-10
0.01,3,C,"YY,ZY",2,6.071347599206149e-09,1.873872715804367e-11
0.01,3,C,"YY,ZY",3,-9.648899142052797e-10,-1.6544751615316868e-13
0.01,3,C,"YY,ZZ",1,1.0873372827211955e-09,6.040762681784419e-11
0.01,3,C,"YY,ZZ",2,-5.985328037672368e-10,-1.8473234684173975e-12
0.01,3,C,"YY,ZZ",3,8.277425073416214e-11,1.4193115695158117e-14
0.01,3,C,"YZ,ZI",1,1.8348640426349903e-11,1.0193689125749947e-12
0.01,3,C,"YZ,ZI",2,7.071615865531848e-10,2.1825974893616816e-12
0.01,3,C,"YZ,ZI",3,-1.3168716558227342e-10,-2.258010383783838e-14
0.01,3,C,"YZ,ZX",1,2.6309154902727833e-09,1.461619716818213e-10
0.01,3,C,"YZ,ZX",2,-2.0016467667826424e-09,-6.177922119699514e-12
0.01,3,C,"YZ,ZX",3,3.5178431578642484e-10,6.03196700594007e-14
0.01,3,C,"YZ,ZY",1,1.2507091107948824e-09,6.948383948860458e-11
0.01,3,C,"YZ,ZY",2,-1.3208865830773138e-09,-4.076810441596647e-12
0.01,3,C,"YZ,ZY",3,2.538325532554037e-10,4.352410035243548e-14
0.01,3,C,"YZ,ZZ",1,-2.518253534018201e-09,-1.3990297411212226e-10
0.01,3,C,"YZ,ZZ",2,2.1219964522113536e-09,6.549371766084425e-12
0.01,3,C,"YZ,ZZ",3,-3.408892897440159e-10,-5.845152430452947e-14
0.01,3,C,"ZI,ZX",1,6.405228604141351e-10,3.558460335634084e-11
0.01,3,C,"ZI,ZX",2,-1.384503879213288e-11,-4.273160121028667e-14
0.01,3,C,"ZI,ZX",3,-3.1062792046802684e-11,-5.3262674977370856e-15
0.01,3,C,"ZI,ZY",1,-3.851493760037492e-09,-2.1397187555763845e-10
0.01,3,C,"ZI,ZY",2,3.705924801371335e-09,1.1438039510405354e-11
0.01,3,C,"ZI,ZY",3,-6.276102765025752e-10,-1.0761493081319876e-13
0.01,3,C,"ZI,ZZ",1,1.7240087810385392e-09,9.577826561325218e-11
0.01,3,C,"ZI,ZZ",2,-2.411795391319589e-09,-7.44381293617157e-12
0.01,3,C,"ZI,ZZ",3,3.934603195973392e-10,6.746576124782909e-14
0.01,3,C,"ZX,ZY",1,-3.740966039902822e-09,-2.078314466612679e-10
0.01,3,C,"ZX,ZY",2,2.3386856843834763e-09,7.218165692541593e-12
0.01,3,C,"ZX,ZY",3,-3.687874783347509e-10,-6.323516432351696e-14
0.01,3,C,"ZX,ZZ",1,1.5621449570790663e-09,8.678583094883701e-11
0.01,3,C,"ZX,ZZ",2,-8.862983772242554e-10,-2.735488818593381e-12
0.01,3,C,"ZX,ZZ",3,1.8622967311397812e-10,3.1932385650544946e-14
0.01,3,C,"ZY,ZZ",1,-1.0179947736779429e-09,-5.655526520433016e-11
0.01,3,C,"ZY,ZZ",2,1.3566837699422433e-09,4.187295586241492e-12
0.01,3,C,"ZY,ZZ",3,-2.5901202630478916e-10,-4.441221301522448e-14
0.01,3,A,"IX,IY",1,1.3324486044066292e-08,7.402492246703496e-10
0.01,3,A,"IX,IY",2,-1.0257976974650935e-08,-3.166042276126832e-11
0.01,3,A,"IX,IY",3,1.8583666789939242e-09,3.186499792513587e-13
0.01,3,A,"IX,IZ",1,-1.2668878707890828e-10,-7.038265948828238e-12
0.01,3,A,"IX,IZ",2,1.856218844901683e-09,5.729070508955812e-12
0.01,3,A,"IX,IZ",3,-4.70276679142074e-10,-8.063729066222118e-14
0.01,3,A,"IX,XI",1,1.577810077914867e-08,8.765611543971483e-10
0.01,3,A,"IX,XI",2,-4.038399904519998e-09,-1.2464197236172834e-11
0.01,3,A,"IX,XI",3,2.6211500590247023e-10,4.494427398876376e-14
0.01,3,A,"IX,XX",1,2.375769429476636e-10,1.3198719052647977e-11
0.01,3,A,"IX,XX",2,2.758692965180263e-09,8.51448446043291e-12
0.01,3,A,"IX,XX",3,-7.207343432797281e-10,-1.2358270632368452e-13
0.01,3,A,"IX,XY",1,-4.906241510110792e-09,-2.725689727839329e-10
0.01,3,A,"IX,XY",2,3.4669460158645572e-09,1.0700450666248633e-11
0.01,3,A,"IX,XY",3,-6.822716601961466e-10,-1.1698759605558068e-13
0.01,3,A,"IX,XZ",1,-1.0817466582212247e-09,-6.009703656784582e-11
0.01,3,A,"IX,XZ",2,3.35288573912331e-10,1.0348412775071945e-12
0.01,3,A,"IX,XZ",3,-1.3958563875914474e-11,-2.3934437372967206e-15
0.01,3,A,"IX,YI",1,1.3322875542787219e-08,7.401597523770677e-10
0.01,3,A,"IX,YI",2,-9.109096205760792e-09,-2.8114494462224665e-11
0.01,3,A,"IX,YI",3,1.6007463642283231e-09,2.7447639990197587e-13
0.01,3,A,"IX,YX",1,-2.552546714212184e-09,-1.4180815078956577e-10
0.01,3,A,"IX,YX",2,2.559903524344579e-09,7.900936803532652e-12
0.01,3,A,"IX,YX",3,-5.310971314863489e-10,-9.10660376348335e-14
0.01,3,A,"IX,YY",1,-2.5747069689691683e-10,-1.4303927605384268e-11
0.01,3,A,"IX,YY",2,-2.355800320459834e-09,-7.27098864339455e-12
0.01,3,A,"IX,YY",3,4.682515037913508e-10,8.029003837300254e-14
0.01,3,A,"IX,YZ",1,-5.30440205573735e-10,-2.946890030965195e-11
0.01,3,A,"IX,YZ",2,1.1158431616046803e-09,3.4439603753230876e-12
0.01,3,A,"IX,YZ",3,-2.0014006529380077e-10,-3.431756949482181e-14
0.01,3,A,"IX,ZI",1,2.8728039378939605e-09,1.596002187718867e-10
0.01,3,A,"IX,ZI",2,-3.1583710386384746e-09,-9.74805876122986e-12
0.01,3,A,"IX,ZI",3,5.077965381438171e-10,8.707073699310993e-14
0.01,3,A,"IX,ZX",1,-2.3578641776071613e-09,-1.3099245431150897e-10
0.01,3,A,"IX,ZX",2,1.447892287204274e-09,4.468803355568747e-12
0.01,3,A,"IX,ZX",3,-2.1311069958804435e-10,-3.6541615155700337e-14
0.01,3,A,"IX,ZY",1,-2.75398511271126e-09,-1.5299917292840333e-10
0.01,3,A,"IX,ZY",2,8.747409940673673e-10,2.699817882923973e-12
0.01,3,A,"IX,ZY",3,-1.0780657530581301e-10,-1.8485352418692216e-14
0.01,3,A,"IX,ZZ",1,8.676012170123781e-10,4.820006761179879e-11
0.01,3,A,"IX,ZZ",2,-2.738530379581189e-09,-8.452254257966633e-12
0.01,3,A,"IX,ZZ",3,4.964269633682213e-10,8.512122142802147e-14
0.01,3,A,"IY,IZ",1,-4.011547739481294e-09,-2.2286376330451633e-10
0.01,3,A,"IY,IZ",2,3.0203461848774835e-09,9.322056126165073e-12
0.01,3,A,"IY,IZ",3,-5.520030233135045e-10,-9.465072416212354e-14
0.01,3,A,"IY,XI",1,-1.275117858379954e-08,-7.083988102110856e-10
0.01,3,A,"IY,XI",2,9.107669477506191e-09,2.8110090979957383e-11
0.01,3,A,"IY,XI",3,-1.6210940740037977e-09,-2.779653762009255e-13
0.01,3,A,"IY,XX",1,2.8945720629801795e-09,1.608095590544544e-10
0.01,3,A,"IY,XX",2,-1.8729038649290893e-09,-5.780567484349041e-12
0.01,3,A,"IY,XX",3,4.156064151721064e-10,7.126310273870137e-14
0.01,3,A,"IY,XY",1,-3.830385304921368e-09,-2.1279918360674267e-10
0.01,3,A,"IY,XY",2,3.565311164087997e-09,1.1004046802740731e-11
0.01,3,A,"IY,XY",3,-6.481656886023325e-10,-1.1113952136528335e-13
0.01,3,A,"IY,XZ",1,-1.331287293991044e-09,-7.396040522172467e-11
0.01,3,A,"IY,XZ",2,9.016953192454387e-10,2.7830102445846877e-12
0.01,3,A,"IY,XZ",3,-1.455981472529615e-10,-2.4965388760795866e-14
0.01,3,A,"IY,YI",1,-8.262630768855533e-10,-4.5903504271419625e-11
0.01,3,A,"IY,YI",2,5.878903497542467e-10,1.814476388130391e-12
0.01,3,A,"IY,YI",3,-1.0315124348144777e-10,-1.768711307980929e-14
0.01,3,A,"IY,YX",1,-3.4438581656056593e-09,-1.9132545364475886e-10
0.01,3,A,"IY,YX",2,3.0021967524991443e-09,9.26603935956526e-12
0.01,3,A,"IY,YX",3,-5.189208042775681e-10,-8.897819003387657e-14
0.01,3,A,"IY,YY",1,-4.2765100276522584e-09,-2.3758389042512547e-10
0.01,3,A,"IY,YY",2,2.861913976097832e-09,8.833067827462445e-12
0.01,3,A,"IY,YY",3,-4.618330004007008e-10,-7.918947194799397e-14
0.01,3,A,"IY,YZ",1,-6.264989823834645e-10,-3.4805499021303584e-11
0.01,3,A,"IY,YZ",2,3.6152686224114595e-10,1.1158236488924258e-12
0.01,3,A,"IY,YZ",3,-5.142384255808055e-11,-8.817531302825883e-15
0.01,3,A,"IY,ZI",1,-2.127000628214814e-09,-1.1816670156748966e-10
0.01,3,A,"IY,ZI",2,1.8180588472097513e-09,5.611292738301702e-12
0.01,3,A,"IY,ZI",3,-3.4229342998928185e-10,-5.869228909281239e-14
0.01,3,A,"IY,ZX",1,-2.150730455850509e-09,-1.1948502532502828e-10
0.01,3,A,"IY,ZX",2,1.2960856339709438e-09,4.000264302379456e-12
0.01,3,A,"IY,ZX",3,-1.7888160476587573e-10,-3.067242880073315e-14
0.01,3,A,"IY,ZY",1,9.60703315510098e-10,5.337240641722767e-11
0.01,3,A,"IY,ZY",2,-5.523813114487954e-10,-1.7048805908913438e-12
0.01,3,A,"IY,ZY",3,7.11930456013453e-11,1.2207312345909687e-14
0.01,3,A,"IY,ZZ",1,5.341254943787105e-09,2.967363857659503e-10
0.01,3,A,"IY,ZZ",2,-4.547988634724379e-09,-1.403700195902586e-11
0.01,3,A,"IY,ZZ",3,8.179151710156272e-10,1.4024608556509383e-13
0.01,3,A,"IZ,XI",1,1.8428258704313939e-09,1.0237921502396632e-10
0.01,3,A,"IZ,XI",2,-1.1729059076258876e-09,-3.6200799618082953e-12
0.01,3,A,"IZ,XI",3,2.4248572300320243e-10,4.157848473991811e-14
0.01,3,A,"IZ,XX",1,3.2190765509806468e-09,1.788375861655915e-10
0.01,3,A,"IZ,XX",2,-1.5504907089432726e-09,-4.785465151059483e-12
0.01,3,A,"IZ,XX",3,1.961412565828291e-10,3.3631902706246414e-14
0.01,3,A,"IZ,XY",1,-1.8535414968203012e-09,-1.0297452760112785e-10
0.01,3,A,"IZ,XY",2,1.5933227315244453e-09,4.917662751618658e-12
0.01,3,A,"IZ,XY",3,-2.775805071284019e-10,-4.759610890404697e-14
0.01,3,A,"IZ,XZ",1,2.2466394089758905e-09,1.2481330049866058e-10
0.01,3,A,"IZ,XZ",2,-1.1807718523899339e-09,-3.6443575691047345e-12
0.01,3,A,"IZ,XZ",3,1.5324560718698202e-10,2.627668161642353e-14
0.01,3,A,"IZ,YI",1,5.164240992504345e-09,2.869022773613525e-10
0.01,3,A,"IZ,YI",2,-4.6919491684226955e-09,-1.4481324593897209e-11
0.01,3,A,"IZ,YI",3,8.575154927160416e-10,1.470362641831347e-13
0.01,3,A,"IZ,YX",1,-1.9315320186086336e-09,-1.0730733436714631e-10
0.01,3,A,"IZ,YX",2,1.0610900309907217e-09,3.274969231452845e-12
0.01,3,A,"IZ,YX",3,-1.4842444038083002e-10,-2.5450006924010635e-14
0.01,3,A,"IZ,YY",1,7.821441277419473e-09,4.345245154121929e-10
0.01,3,A,"IZ,YY",2,-5.405570426780041e-09,-1.6683859341913706e-11
0.01,3,A,"IZ,YY",3,8.384249107472515e-10,1.437628447783353e-13
0.01,3,A,"IZ,YZ",1,-7.366636565182098e-10,-4.09257586954561e-11
0.01,3,A,"IZ,YZ",2,1.1842002019059232e-09,3.6549388947713675e-12
0.01,3,A,"IZ,YZ",3,-2.72143247456615e-10,-4.666379414551011e-14
0.01,3,A,"IZ,ZI",1,-1.3185857411546018e-09,-7.325476339747788e-11
0.01,3,A,"IZ,ZI",2,9.092226996683137e-10,2.8062429002108446e-12
0.01,3,A,"IZ,ZI",3,-1.577356622899976e-10,-2.7046581325445408e-14
0.01,3,A,"IZ,ZX",1,2.293419830153056e-09,1.2741221278628089e-10
0.01,3,A,"IZ,ZX",2,-3.411706212983745e-10,-1.0529957447480694e-12
0.01,3,A,"IZ,ZX",3,-2.783110166770468e-11,-4.7721367742977845e-15
0.01,3,A,"IZ,ZY",1,-2.3972989575118985e-09,-1.331832754173277e-10
0.01,3,A,"IZ,ZY",2,2.1196468287310416e-09,6.542119841762474e-12
0.01,3,A,"IZ,ZY",3,-3.8999407792332445e-10,-6.687141253829294e-14
0.01,3,A,"IZ,ZZ",1,-1.8586250983357466e-09,-1.0325694990754148e-10
0.01,3,A,"IZ,ZZ",2,8.973382561790075e-10,2.769562519071011e-12
0.01,3,A,"IZ,ZZ",3,-9.540309708372566e-11,-1.635855574137957e-14
0.01,3,A,"XI,XX",1,-1.5523008997455208e-08,-8.623893887475116e-10
0.01,3,A,"XI,XX",2,8.667025284104e-09,2.6750078037358024e-11
0.01,3,A,"XI,XX",3,-1.2993848849411528e-09,-2.2280262087468327e-13
0.01,3,A,"XI,XY",1,-5.622919913774803e-09,-3.123844396541557e-10
0.01,3,A,"XI,XY",2,3.168662423193333e-09,9.779822293806584e-12
0.01,3,A,"XI,XY",3,-5.834433064626949e-10,-1.0004171921513973e-13
0.01,3,A,"XI,XZ",1,-1.9655589448127897e-09,-1.0919771915626609e-10
0.01,3,A,"XI,XZ",2,1.1341204397631965e-09,3.5003717276641865e-12
0.01,3,A,"XI,XZ",3,-1.7124247935659662e-10,-2.93625650474274e-14
0.01,3,A,"XI,YI",1,1.3272770112131425e-08,7.373761173406347e-10
0.01,3,A,"XI,YI",2,-1.0727824409681264e-08,-3.3110569165682915e-11
0.01,3,A,"XI,YI",3,1.970712873907397e-09,3.3791373009386096e-13
0.01,3,A,"XI,YX",1,-6.365234978406566e-09,-3.5362416546703146e-10
0.01,3,A,"XI,YX",2,5.879778109028072e-09,1.8147463299469357e-11
0.01,3,A,"XI,YX",3,-1.1211230007606357e-09,-1.9223645417706372e-13
0.01,3,A,"XI,YY",1,-2.8890939899137356e-09,-1.605052216618742e-10
0.01,3,A,"XI,YY",2,-6.323072618076246e-10,-1.951565622863039e-12
0.01,3,A,"XI,YY",3,1.9158498202599918e-10,3.28506484955417e-14
0.01,3,A,"XI,YZ",1,3.457642729238365e-09,1.9209126273546474e-10
0.01,3,A,"XI,YZ",2,-8.803139370841937e-10,-2.7170183243339313e-12
0.01,3,A,"XI,YZ",3,7.669060958333227e-11,1.3149967349679745e-14
0.01,3,A,"XI,ZI",1,1.2945830321119963e-10,7.192127956177757e-12
0.01,3,A,"XI,ZI",2,7.183508765557297e-10,2.2171323350485485e-12
0.01,3,A,"XI,ZI",3,-3.050627386043448e-10,-5.230842568661605e-14
0.01,3,A,"XI,ZX",1,-1.9991240404948987e-09,-1.1106244669416103e-10
0.01,3,A,"XI,ZX",2,1.457867983580029e-09,4.4995925419136694e-12
0.01,3,A,"XI,ZX",3,-2.226421274346909e-10,-3.8175947776867435e-14
0.01,3,A,"XI,ZY",1,-1.7884644461053888e-09,-9.935913589474382e-11
0.01,3,A,"XI,ZY",2,-7.321589736804468e-12,-2.2597499187668112e-14
0.01,3,A,"XI,ZY",3,6.945058290701249e-11,1.1908536163753856e-14
0.01,3,A,"XI,ZZ",1,-1.1075063369791423e-09,-6.152812983217457e-11
0.01,3,A,"XI,ZZ",2,-1.9982434758599177e-09,-6.167418135370117e-12
0.01,3,A,"XI,ZZ",3,4.3705800877110963e-10,7.494135952865392e-14
0.01,3,A,"XX,XY",1,2.2901320161069982e-09,1.272295564503888e-10
0.01,3,A,"XX,XY",2,3.99132676399031e-10,1.2318909765402193e-12
0.01,3,A,"XX,XY",3,1.6598060792249445e-12,2.8460323717848844e-16
0.01,3,A,"XX,XZ",1,-1.3518039179026469e-09,-7.510021766125815e-11
0.01,3,A,"XX,XZ",2,-3.4412182120609026e-09,-1.0621043864385502e-11
0.01,3,A,"XX,XZ",3,8.723753171114721e-10,1.4958424504654872e-13
0.01,3,A,"XX,YI",1,-1.1271859649205555e-08,-6.262144249558641e-10
0.01,3,A,"XX,YI",2,8.447158288908681e-09,2.6071476200335437e-11
0.01,3,A,"XX,YI",3,-1.4869075234985737e-09,-2.5495670841882266e-13
0.01,3,A,"XX,YX",1,-4.845106792287576e-09,-2.6917259957153204e-10
0.01,3,A,"XX,YX",2,2.501171428981744e-09,7.719664904264642e-12
0.01,3,A,"XX,YX",3,-2.2933144031423958e-10,-3.9322949299423796e-14
0.01,3,A,"XX,YY",1,4.307839680346615e-11,2.3932442668592306e-12
0.01,3,A,"XX,YY",2,-2.404198690420782e-11,-7.420366328459204e-14
0.01,3,A,"XX,YY",3,3.6273180294858986e-12,6.219681120517659e-16
0.01,3,A,"XX,YZ",1,-1.4822558330080328e-08,-8.234754627822405e-10
0.01,3,A,"XX,YZ",2,1.0101254862239366e-08,3.117671253777582e-11
0.01,3,A,"XX,YZ",3,-1.7775190808573116e-09,-3.047872223692235e-13
0.01,3,A,"XX,ZI",1,-5.044404936405815e-09,-2.8024471868921196e-10
0.01,3,A,"XX,ZI",2,3.3649686178602917e-09,1.0385705610679913e-11
0.01,3,A,"XX,ZI",3,-5.13479207086328e-10,-8.804513153057751e-14
0.01,3,A,"XX,ZX",1,3.4274116927357747e-09,1.9041176070754305e-10
0.01,3,A,"XX,ZX",2,-4.8636076213719494e-09,-1.501113463386404e-11
0.01,3,A,"XX,ZX",3,1.0926355852607262e-09,1.8735178073743592e-13
0.01,3,A,"XX,ZY",1,-1.1224467418717599e-08,-6.235815232620888e-10
0.01,3,A,"XX,ZY",2,9.861690134218907e-09,3.04373152290707e-11
0.01,3,A,"XX,ZY",3,-1.8315993016286255e-09,-3.1406023690477116e-13
0.01,3,A,"XX,ZZ",1,1.6470019217807621e-09,9.15001067655979e-11
0.01,3,A,"XX,ZZ",2,3.888076423205483e-09,1.2000235874090997e-11
0.01,3,A,"XX,ZZ",3,-8.005247695919815e-10,-1.3726419231686926e-13
0.01,3,A,"XY,XZ",1,5.336389831208585e-09,2.964661017338103e-10
0.01,3,A,"XY,XZ",2,-3.229553624497522e-09,-9.967758100300994e-12
0.01,3,A,"XY,XZ",3,4.964525984657586e-10,8.512561702087768e-14
0.01,3,A,"XY,YI",1,1.718721666434178e-09,9.5484537024121e-11
0.01,3,A,"XY,YI",2,-2.0863125764051354e-09,-6.439236346929431e-12
0.01,3,A,"XY,YI",3,3.770811812390733e-10,6.465726701630201e-14
0.01,3,A,"XY,YX",1,1.3958217285679825e-09,7.754565158711014e-11
0.01,3,A,"XY,YX",2,-9.082393173473494e-10,-2.8032077695905846e-12
0.01,3,A,"XY,YX",3,1.548926056940168e-10,2.6559088767835527e-14
0.01,3,A,"XY,YY",1,9.320220967456006e-09,5.177900537475559e-10
0.01,3,A,"XY,YY",2,-7.126892095184805e-09,-2.1996580540693844e-11
0.01,3,A,"XY,YY",3,1.2091487494589826e-09,2.0733003248610814e-13
0.01,3,A,"XY,YZ",1,-9.007545106683161e-10,-5.004191725935089e-11
0.01,3,A,"XY,YZ",2,1.5707262178577326e-09,4.847920425486829e-12
0.01,3,A,"XY,YZ",3,-3.048833030928989e-10,-5.227765828067539e-14
0.01,3,A,"XY,ZI",1,2.0686806173636313e-09,1.1492670096464618e-10
0.01,3,A,"XY,ZI",2,-1.0952739447470862e-09,-3.3804751381082905e-12
0.01,3,A,"XY,ZI",3,1.377778379183217e-10,2.3624457804924846e-14
0.01,3,A,"XY,ZX",1,4.464965477342457e-09,2.480536376301365e-10
0.01,3,A,"XY,ZX",2,-2.80459373680969e-09,-8.656153508671882e-12
0.01,3,A,"XY,ZX",3,4.5959893082346516e-10,7.88064010328301e-14
0.01,3,A,"XY,ZY",1,-6.002682818142547e-09,-3.334823787856971e-10
0.01,3,A,"XY,ZY",2,5.606186329563936e-09,1.7303044227049185e-11
0.01,3,A,"XY,ZY",3,-9.749631418384303e-10,-1.6717474997229599e-13
0.01,3,A,"XY,ZZ",1,1.1175638215930093e-09,6.208687897738941e-11
0.01,3,A,"XY,ZZ",2,-1.0541089384250639e-09,-3.2534226494600736e-12
0.01,3,A,"XY,ZZ",3,2.2695991052295283e-10,3.891630838870933e-14
0.01,3,A,"XZ,YI",1,1.3443107660926002e-09,7.46839314495889e-11
0.01,3,A,"XZ,YI",2,-7.075925775715939e-11,-2.183927708554302e-13
0.01,3,A,"XZ,YI",3,-5.830728484322563e-11,-9.997819760498222e-15
0.01,3,A,"XZ,YX",1,-5.25526472633111e-09,-2.919591514628394e-10
0.01,3,A,"XZ,YX",2,3.106658251405864e-09,9.588451393227976e-12
0.01,3,A,"XZ,YX",3,-5.097786334990371e-10,-8.741060245182393e-14
0.01,3,A,"XZ,YY",1,-2.167635758597747e-09,-1.2042420881098595e-10
0.01,3,A,"XZ,YY",2,1.941333338337718e-09,5.991769562770735e-12
0.01,3,A,"XZ,YY",3,-3.0395660211253854e-10,-5.211875893562046e-14
0.01,3,A,"XZ,YZ",1,-1.4156672595110287e-10,-7.864818108394604e-12
0.01,3,A,"XZ,YZ",2,7.199736889577138e-10,2.222141015301586e-12
0.01,3,A,"XZ,YZ",3,-1.279570110472576e-10,-2.1940502580119617e-14
0.01,3,A,"XZ,ZI",1,-3.0875916697864247e-09,-1.7153287054369027e-10
0.01,3,A,"XZ,ZI",2,1.231453197158566e-09,3.800781472711624e-12
0.01,3,A,"XZ,ZI",3,-1.548303653549027e-10,-2.6548416556053274e-14
0.01,3,A,"XZ,ZX",1,7.014116288212687e-10,3.896731271229271e-11
0.01,3,A,"XZ,ZX",2,-2.48495699239287e-10,-7.669620346891574e-13
0.01,3,A,"XZ,ZX",3,2.0370864372675647e-11,3.4929465659594733e-15
0.01,3,A,"XZ,ZY",1,4.890377038515418e-09,2.716876132508566e-10
0.01,3,A,"XZ,ZY",2,-2.9008676068462896e-09,-8.953295082858919e-12
0.01,3,A,"XZ,ZY",3,4.755848681151498e-10,8.154747395664433e-14
0.01,3,A,"XZ,ZZ",1,2.6151391804692192e-09,1.4528551002606775e-10
0.01,3,A,"XZ,ZZ",2,-3.427488483985748e-09,-1.057866816044984e-11
0.01,3,A,"XZ,ZZ",3,6.460099852613662e-10,1.1076988773343042e-13
0.01,3,A,"YI,YX",1,-4.006147123715253e-09,-2.225637290952918e-10
0.01,3,A,"YI,YX",2,1.729397459013723e-09,5.337646478437417e-12
0.01,3,A,"YI,YX",3,-2.0996466198359192e-10,-3.600217112201508e-14
0.01,3,A,"YI,YY",1,-8.224399017102147e-10,-4.569110565056748e-11
0.01,3,A,"YI,YY",2,-2.246718821505276e-10,-6.934317350324927e-13
0.01,3,A,"YI,YY",3,8.137919605192004e-11,1.3953908788052133e-14
0.01,3,A,"YI,YZ",1,2.476675296290453e-09,1.3759307201613628e-10
0.01,3,A,"YI,YZ",2,-1.80846626205149e-09,-5.58168599398608e-12
0.01,3,A,"YI,YZ",3,2.9472989705429025e-10,5.053667644963825e-14
0.01,3,A,"YI,ZI",1,-2.0896064536178774e-09,-1.1608924742321541e-10
0.01,3,A,"YI,ZI",2,5.071798250952733e-10,1.5653698305409668e-12
0.01,3,A,"YI,ZI",3,-5.296618458376012e-11,-9.08199324138548e-15
0.01,3,A,"YI,ZX",1,2.7344690218057888e-09,1.5191494565587714e-10
0.01,3,A,"YI,ZX",2,-1.6283973323685266e-09,-5.025917692495452e-12
0.01,3,A,"YI,ZX",3,2.3696673757321815e-10,4.0632156648357025e-14
0.01,3,A,"YI,ZY",1,1.2834445213217525e-10,7.1302473406764025e-12
0.01,3,A,"YI,ZY",2,-3.125332129212744e-11,-9.646086818557853e-14
0.01,3,A,"YI,ZY",3,-7.569413952081511e-13,-1.2979104856106842e-16
0.01,3,A,"YI,ZZ",1,-1.030827697390011e-09,-5.7268205410556167e-11
0.01,3,A,"YI,ZZ",2,3.4499171130546185e-10,1.064789232424265e-12
0.01,3,A,"YI,ZZ",3,-7.772713532019054e-12,-1.3327698100169846e-15
0.01,3,A,"YX,YY",1,7.252069347888677e-09,4.0289274154937096e-10
0.01,3,A,"YX,YY",2,-4.81868286132132e-09,-1.487247796704111e-11
0.01,3,A,"YX,YY",3,8.060097570610394e-10,1.382046908540877e-13
0.01,3,A,"YX,YZ",1,-5.198556077325486e-09,-2.8880867096252704e-10
0.01,3,A,"YX,YZ",2,4.774479181653475e-09,1.473604685695517e-11
0.01,3,A,"YX,YZ",3,-8.22969176612013e-10,-1.4111268460425464e-13
0.01,3,A,"YX,ZI",1,-3.5521249956456765e-09,-1.973402775358709e-10
0.01,3,A,"YX,ZI",2,1.632428904241176e-09,5.038360815559185e-12
0.01,3,A,"YX,ZI",3,-1.7974858145279288e-10,-3.082108735473129e-14
0.01,3,A,"YX,ZX",1,-1.3984885909744673e-09,-7.769381060969263e-11
0.01,3,A,"YX,ZX",2,8.191077143965961e-10,2.5281102296191235e-12
0.01,3,A,"YX,ZX",3,-1.174204936611367e-10,-2.0133829502938393e-14
0.01,3,A,"YX,ZY",1,2.3247529876162666e-09,1.2915294375645927e-10
0.01,3,A,"YX,ZY",2,-4.8179570047892e-10,-1.487023766910247e-12
0.01,3,A,"YX,ZY",3,1.4788860550138926e-11,2.5358128515327378e-15
0.01,3,A,"YX,ZZ",1,1.8602176120848954e-09,1.033454228936053e-10
0.01,3,A,"YX,ZZ",2,-1.9152219539903207e-09,-5.911178870340496e-12
0.01,3,A,"YX,ZZ",3,3.4306992936686984e-10,5.882543370488166e-14
0.01,3,A,"YY,YZ",1,1.0581250930846152e-09,5.878472739358974e-11
0.01,3,A,"YY,YZ",2,-4.1992793923461375e-10,-1.2960738865265857e-12
0.01,3,A,"YY,YZ",3,4.651261041434499e-11,7.975413308358194e-15
0.01,3,A,"YY,ZI",1,-3.5325318117580024e-09,-1.9625176731988903e-10
0.01,3,A,"YY,ZI",2,1.3285952242752128e-09,4.100602544059299e-12
0.01,3,A,"YY,ZI",3,-1.1768038890880198e-10,-2.017839315994547e-14
0.01,3,A,"YY,ZX",1,3.2553623588528155e-09,1.8085346438071198e-10
0.01,3,A,"YY,ZX",2,-2.5105104610280067e-09,-7.748489077246934e-12
0.01,3,A,"YY,ZX",3,3.9020480687909023e-10,6.690754576116088e-14
0.01,3,A,"YY,ZY",1,5.340800455137245e-10,2.9671113639651364e-11
0.01,3,A,"YY,ZY",2,3.991216767460129e-10,1.231857026993867e-12
0.01,3,A,"YY,ZY",3,-1.0270800258862821e-10,-1.7611111554977404e-14
0.01,3,A,"YY,ZZ",1,4.9320942571137005e-09,2.740052365063167e-10
0.01,3,A,"YY,ZZ",2,-4.4465641539105585e-09,-1.372396343799555e-11
0.01,3,A,"YY,ZZ",3,7.003297041173653e-10,1.2008396847005578e-13
0.01,3,A,"YZ,ZI",1,4.4985219921866985e-09,2.499178884548166e-10
0.01,3,A,"YZ,ZI",2,-3.651686910871789e-09,-1.1270638613801818e-11
0.01,3,A,"YZ,ZI",3,6.663139897575845e-10,1.142513699858684e-13
0.01,3,A,"YZ,ZX",1,-1.4153112389003849e-09,-7.86284021611325e-11
0.01,3,A,"YZ,ZX",2,6.105725673768204e-10,1.8844832326445075e-12
0.01,3,A,"YZ,ZX",3,-1.0621077584427301e-10,-1.8211724253133232e-14
0.01,3,A,"YZ,ZY",1,-2.998802937393156e-09,-1.6660016318850867e-10
0.01,3,A,"YZ,ZY",2,2.0173140246717e-09,6.2262778539249994e-12
0.01,3,A,"YZ,ZY",3,-3.0231974821829134e-10,-5.1838091258280406e-14
0.01,3,A,"YZ,ZZ",1,-4.756703941995957e-10,-2.642613301108865e-11
0.01,3,A,"YZ,ZZ",2,4.0016367784750006e-10,1.2350730797762348e-12
0.01,3,A,"YZ,ZZ",3,-1.1116461806712764e-10,-1.9061148502593902e-14
0.01,3,A,"ZI,ZX",1,-5.753434239017704e-09,-3.1963523550098356e-10
0.01,3,A,"ZI,ZX",2,3.938787776174691e-09,1.2156752395600898e-11
0.01,3,A,"ZI,ZX",3,-6.332787048226924e-10,-1.0858688354298567e-13
0.01,3,A,"ZI,ZY",1,6.682728541192357e-10,3.712626967329087e-11
0.01,3,A,"ZI,ZY",2,-1.434299058593124e-10,-4.426848946275074e-13
0.01,3,A,"ZI,ZY",3,-3.9977284011889135e-11,-6.854815502724474e-15
0.01,3,A,"ZI,ZZ",1,1.716174499905953e-09,9.534302777255295e-11
0.01,3,A,"ZI,ZZ",2,-1.4491055758889756e-09,-4.472548073731406e-12
0.01,3,A,"ZI,ZZ",3,2.554620690144683e-10,4.38035097761434e-14
0.01,3,A,"ZX,ZY",1,-4.683641018688296e-09,-2.6020227881601644e-10
0.01,3,A,"ZX,ZY",2,3.542691972003398e-09,1.093423448149197e-11
0.01,3,A,"ZX,ZY",3,-5.620866434486345e-10,-9.637973996032827e-14
0.01,3,A,"ZX,ZZ",1,4.93909453504862e-09,2.7439414083603445e-10
0.01,3,A,"ZX,ZZ",2,-5.015482918841499e-09,-1.5479885551979936e-11
0.01,3,A,"ZX,ZZ",3,9.040601865200014e-10,1.5501717875857364e-13
0.01,3,A,"ZY,ZZ",1,-8.774186389851208e-09,-4.874547994361783e-10
0.01,3,A,"ZY,ZZ",2,6.575090981610021e-09,2.0293490683981545e-11
0.01,3,A,"ZY,ZZ",3,-1.1390073444759338e-09,-1.953030426056128e-13
0.01,4,H,IX,1,-4.9759422940523975e-08,-2.7644123855846655e-09
0.01,4,H,IX,2,7.821299868849193e-08,2.4139814410028374e-10
0.01,4,H,IX,3,-3.876410439180624e-08,-6.646794305865268e-12
0.01,4,H,IX,4,5.553797867402121e-09,5.290540568703438e-14
0.01,4,H,IY,1,-2.2841192547664386e-08,-1.2689551415369103e-09
0.01,4,H,IY,2,3.474631986224207e-08,1.0724172796988293e-10
0.01,4,H,IY,3,-1.6813093536086407e-08,-2.8829035555703718e-12
0.01,4,H,IY,4,2.3497811849833645e-09,2.238398476778849e-14
0.01,4,H,IZ,1,1.4309286177435322e-10,7.949603431908513e-12
0.01,4,H,IZ,2,-3.726359070340282e-10,-1.1501108241790995e-12
0.01,4,H,IZ,3,2.197570229407089e-10,3.768124536020386e-14
0.01,4,H,IZ,4,-3.366694940950243e-11,-3.2071091877669596e-16
0.01,4,H,XI,1,-1.8237633932416283e-08,-1.013201885134238e-09
0.01,4,H,XI,2,4.028857979781444e-08,1.2434746851177298e-10
0.01,4,H,XI,3,-2.0961028133595046e-08,-3.594140626473773e-12
0.01,4,H,XI,4,3.0024275540095806e-09,2.8601085524401585e-14
0.01,4,H,XX,1,-8.567297016288818e-06,-4.7596094534937877e-07
0.01,4,H,XX,2,4.0955962858898944e-07,1.2640729277437946e-09
0.01,4,H,XX,3,-6.768707246805667e-08,-1.1606150971889004e-11
0.01,4,H,XX,4,1.0359324696659247e-08,9.86827912728552e-14
0.01,4,H,XY,1,1.5890543617486615e-09,8.828079787492564e-11
0.01,4,H,XY,2,-1.3168698230527393e-08,-4.064413034113393e-11
0.01,4,H,XY,3,1.0481012191627415e-08,1.7971557255876912e-12
0.01,4,H,XY,4,-1.809442118659283e-09,-1.723672190461899e-14
0.01,4,H,XZ,1,9.073882622127622e-09,5.041045901182012e-10
0.01,4,H,XZ,2,-1.500725045937283e-08,-4.631867425732355e-11
0.01,4,H,XZ,3,8.713686875637603e-09,1.4941164052876548e-12
0.01,4,H,XZ,4,-1.3486831137136471e-09,-1.2847537663024378e-14
0.01,4,H,YI,1,-1.207858505019568e-08,-6.71032502788649e-10
0.01,4,H,YI,2,2.850535258884891e-08,8.797948329891639e-11
0.01,4,H,YI,3,-1.5415766271204407e-08,-2.6433069738004813e-12
0.01,4,H,YI,4,2.250324941791227e-09,2.1436565898788554e-14
0.01,4,H,YX,1,1.9791996712692785e-08,1.099555372927377e-09
0.01,4,H,YX,2,-4.6708481142202024e-08,-1.4416197883395686e-10
0.01,4,H,YX,3,2.6136967319887135e-08,4.4816473456596594e-12
0.01,4,H,YX,4,-3.951356558223259e-09,-3.7640570780209376e-14
0.01,4,H,YY,1,1.9664166573869815e-08,1.092453698548323e-09
0.01,4,H,YY,2,-3.2748368539472996e-08,-1.0107521154158332e-10
0.01,4,H,YY,3,1.8915481654422944e-08,3.243395345408598e-12
0.01,4,H,YY,4,-2.920780763780181e-09,-2.7823319270882687e-14
0.01,4,H,YZ,1,-3.3748303718403534e-09,-1.8749057621335298e-10
0.01,4,H,YZ,2,2.057611058982654e-08,6.350651416613129e-11
0.01,4,H,YZ,3,-1.4636849352124228e-08,-2.5097478312970213e-12
0.01,4,H,YZ,4,2.4455841426935313e-09,2.3296602487173556e-14
0.01,4,H,ZI,1,-2.3343525664190433e-10,-1.2968625368994685e-11
0.01,4,H,ZI,2,2.0824148309448295e-10,6.427206268348239e-13
0.01,4,H,ZI,3,-7.054365068529675e-11,-1.209596205166268e-14
0.01,4,H,ZI,4,7.1934682449291585e-12,6.852488421095449e-17
0.01,4,H,ZX,1,9.627401566686978e-09,5.34855642593721e-10
0.01,4,H,ZX,2,-1.57775826157818e-08,-4.8696242641301845e-11
0.01,4,H,ZX,3,9.115118247661572e-09,1.5629489450722859e-12
0.01,4,H,ZX,4,-1.4091881455371821e-09,-1.342390780309006e-14
0.01,4,H,ZY,1,7.065187641830129e-09,3.925104245461183e-10
0.01,4,H,ZY,2,6.6007601925677015e-09,2.0372716643727473e-11
0.01,4,H,ZY,3,-7.324890915010887e-09,-1.2559826671829368e-12
0.01,4,H,ZY,4,1.3558564865949282e-09,1.2915871119064626e-14
0.01,4,H,ZZ,1,-1.324420210613713e-14,-7.357890058965071e-16
0.01,4,H,ZZ,2,1.989521548237832e-14,6.140498605672321e-17
0.01,4,H,ZZ,3,-9.873279993238527e-15,-1.6929492443824636e-18
0.01,4,H,ZZ,4,1.416763123996169e-15,1.3496066948599384e-20
0.01,4,S,IX,1,0.00022201501702240908,1.233416761235606e-05
0.01,4,S,IX,2,-3.3528317058648845e-07,-1.0348246005755816e-09
0.01,4,S,IX,3,2.8335948171635563e-08,4.858701675520501e-12
0.01,4,S,IX,4,-4.129331409434306e-09,-3.933595687999453e-14
0.01,4,S,IY,1,6.727378047810149e-09,3.7374322487834157e-10
0.01,4,S,IY,2,-9.845170256648893e-09,-3.038632795262004e-11
0.01,4,S,IY,3,4.269171482375844e-09,7.320252884732243e-13
0.01,4,S,IY,4,-5.59143133850617e-10,-5.3263901639481125e-15
0.01,4,S,IZ,1,1.4026802914489539e-09,7.792668285827522e-11
0.01,4,S,IZ,2,-9.972637111365397e-10,-3.0779744170880855e-12
0.01,4,S,IZ,3,3.0241040737557327e-10,5.185363638127114e-14
0.01,4,S,IZ,4,-1.3697458726896413e-11,-1.304818122894415e-16
0.01,4,S,XI,1,0.00022195633538522517,1.2330907521401398e-05
0.01,4,S,XI,2,-2.3737536830323298e-07,-7.326400256272623e-10
0.01,4,S,XI,3,-1.9079619236138688e-08,-3.2715396495436708e-12
0.01,4,S,XI,4,2.545798736214372e-09,2.425124539146445e-14
0.01,4,S,XX,1,0.00016133083713831592,8.962824285461996e-06
0.01,4,S,XX,2,-1.7682603778997252e-08,-5.457593758949769e-11
0.01,4,S,XX,3,-5.703115879172224e-10,-9.779005279787764e-14
0.01,4,S,XX,4,-4.662235268641834e-10,-4.441239205763064e-15
0.01,4,S,XY,1,-5.164022167168676e-09,-2.8689012039825975e-10
0.01,4,S,XY,2,8.779767363776347e-09,2.70980474190628e-11
0.01,4,S,XY,3,-4.847155340476842e-09,-8.311308882847809e-13
0.01,4,S,XY,4,7.429705396498171e-10,7.07752762202615e-15
0.01,4,S,XZ,1,-6.832620503677904e-09,-3.795900279821058e-10
0.01,4,S,XZ,2,1.3720658257044988e-08,4.234771066989194e-11
0.01,4,S,XZ,3,-7.475700249549534e-09,-1.2818416065757089e-12
0.01,4,S,XZ,4,1.1204742868827019e-09,1.0673623369938861e-14
0.01,4,S,YI,1,-6.157009909296191e-09,-3.420561060720106e-10
0.01,4,S,YI,2,1.0787165856327523e-08,3.329372177878865e-11
0.01,4,S,YI,3,-5.415946155007569e-09,-9.286601774704336e-13
0.01,4,S,YI,4,7.771485469133898e-10,7.403106871221896e-15
0.01,4,S,YX,1,2.763543759504809e-09,1.5353020886137828e-10
0.01,4,S,YX,2,-4.017010028054231e-09,-1.2398179098932812e-11
0.01,4,S,YX,3,1.993267379211671e-09,3.4178110068787223e-13
0.01,4,S,YX,4,-2.847905597373455e-10,-2.712911139092226e-15
0.01,4,S,YY,1,-1.282773898179842e-08,-7.126521656554678e-10
0.01,4,S,YY,2,3.343790784226182e-08,1.0320341926624018e-10
0.01,4,S,YY,3,-2.042469566673029e-08,-3.502176897587498e-12
0.01,4,S,YY,4,3.208473033801128e-09,3.056387206410158e-14
0.01,4,S,YZ,1,-6.070427394267576e-09,-3.372459663481987e-10
0.01,4,S,YZ,2,1.5705969167739862e-08,4.847521348067859e-11
0.01,4,S,YZ,3,-9.546011554590544e-09,-1.6368332569599698e-12
0.01,4,S,YZ,4,1.4988546911692583e-09,1.427807014145384e-14
0.01,4,S,ZI,1,1.4896318178796324e-08,8.275732321553513e-10
0.01,4,S,ZI,2,-2.333456606008026e-08,-7.202026561753167e-11
0.01,4,S,ZI,3,1.1464570284288708e-08,1.9658042325597922e-12
0.01,4,S,ZI,4,-1.6149320316152292e-09,-1.5383821365028477e-14
0.01,4,S,ZX,1,1.066067492250995e-08,5.922597179172194e-10
0.01,4,S,ZX,2,-1.61949948834253e-08,-4.998455210933734e-11
0.01,4,S,ZX,3,7.297681096679754e-09,1.2513170604732089e-12
0.01,4,S,ZX,4,-9.76383049193512e-10,-9.301012128424706e-15
0.01,4,S,ZY,1,6.0837406357903e-09,3.379855908772389e-10
0.01,4,S,ZY,2,-4.4738707142680005e-09,-1.3808242945271607e-11
0.01,4,S,ZY,3,1.7855120321028575e-10,3.0615775584754073e-14
0.01,4,S,ZY,4,1.355840909521162e-10,1.291572273206411e-15
0.01,4,S,ZZ,1,-5.390833708717324e-09,-2.9949076159540686e-10
0.01,4,S,ZZ,2,2.2369953266426543e-08,6.904306563711895e-11
0.01,4,S,ZZ,3,-1.4894808145083946e-08,-2.5539794487455326e-12
0.01,4,S,ZZ,4,2.4159950170313245e-09,2.3014736863962474e-14
0.01,4,C,"IX,IY",1,6.302378279307507e-10,3.501321266281948e-11
0.01,4,C,"IX,IY",2,3.0230898897364254e-09,9.33052435103835e-12
0.01,4,C,"IX,IY",3,-2.308678369985112e-09,-3.9586391803585594e-13
0.01,4,C,"IX,IY",4,3.794896438170817e-10,3.615013372743119e-15
0.01,4,C,"IX,IZ",1,1.482837997151963e-08,8.237988873066461e-10
0.01,4,C,"IX,IZ",2,-2.1907596625074962e-08,-6.761603896628075e-11
0.01,4,C,"IX,IZ",3,1.0494136515691338e-08,1.7994061240897357e-12
0.01,4,C,"IX,IZ",4,-1.455434812948546e-09,-1.3864452950660589e-14
0.01,4,C,"IX,XI",1,0.00022198780279881642,1.2332655711045357e-05
0.01,4,C,"IX,XI",2,-2.89921593372322e-07,-8.948197326306235e-10
0.01,4,C,"IX,XI",3,5.867818059601143e-09,1.0061416425927886e-12
0.01,4,C,"IX,XI",4,-9.134385840040019e-10,-8.701403978090248e-15
0.01,4,C,"IX,XX",1,2.2796798689224443e-08,1.2664888160680246e-09
0.01,4,C,"IX,XX",2,-3.149171638358052e-08,-9.719665550487815e-11
0.01,4,C,"IX,XX",3,1.4427054556082837e-08,2.4737747867083056e-12
0.01,4,C,"IX,XX",4,-1.9501412596189802e-09,-1.8577020077150778e-14
0.01,4,C,"IX,XY",1,-3.113418238466459e-08,-1.729676799148033e-09
0.01,4,C,"IX,XY",2,6.340806664304658e-08,1.9570390939211906e-10
0.01,4,C,"IX,XY",3,-3.4115217044967845e-08,-5.849659987134404e-12
0.01,4,C,"IX,XY",4,5.036639823570132e-09,4.797896494027332e-14
0.01,4,C,"IX,XZ",1,-3.482550036726931e-11,-1.9347500204038505e-12
0.01,4,C,"IX,XZ",2,-1.512065262982139e-08,-4.666868095623885e-11
0.01,4,C,"IX,XZ",3,1.1742724960031149e-08,2.013498792872282e-12
0.01,4,C,"IX,XZ",4,-2.0196051690577697e-09,-1.9238732367948575e-14
0.01,4,C,"IX,YI",1,5.185753155821832e-09,2.880973975456573e-10
0.01,4,C,"IX,YI",2,-6.5605434915084865e-09,-2.0248591023174343e-11
0.01,4,C,"IX,YI",3,2.89487761463557e-09,4.9637819180994e-13
0.01,4,C,"IX,YI",4,-3.949098325554458e-10,-3.761905888540674e-15
0.01,4,C,"IX,YX",1,-2.8558160477021045e-08,-1.5865644709456137e-09
0.01,4,C,"IX,YX",2,5.655191883384663e-08,1.7454295936372417e-10
0.01,4,C,"IX,YX",3,-2.988724832154653e-08,-5.124699643612231e-12
0.01,4,C,"IX,YX",4,4.358843636517532e-09,4.152228734679862e-14
0.01,4,C,"IX,YY",1,3.4861410733058337e-09,1.936745040725463e-10
0.01,4,C,"IX,YY",2,-2.2111250360974395e-08,-6.824459987955061e-11
0.01,4,C,"IX,YY",3,1.5334362506674535e-08,2.6293488523104484e-12
0.01,4,C,"IX,YY",4,-2.532915246002039e-09,-2.4128517432575436e-14
0.01,4,C,"IX,YZ",1,-1.1011918704683251e-09,-6.117732613712917e-11
0.01,4,C,"IX,YZ",2,2.0647951971713317e-09,6.372824682627567e-12
0.01,4,C,"IX,YZ",3,-1.0649485434801112e-09,-1.8260434558986817e-13
0.01,4,C,"IX,YZ",4,1.5542266892423028e-10,1.4805543069294912e-15
0.01,4,C,"IX,ZI",1,2.0698878002222958e-08,1.1499376667901643e-09
0.01,4,C,"IX,ZI",2,-3.7543369921898605e-08,-1.1587459852437841e-10
0.01,4,C,"IX,ZI",3,1.941632138719392e-08,3.329273214539424e-12
0.01,4,C,"IX,ZI",4,-2.812369555441216e-09,-2.6790595521273586e-14
0.01,4,C,"IX,ZX",1,5.9313551628288725e-09,3.295197312682707e-10
0.01,4,C,"IX,ZX",2,-2.7630254712062828e-08,-8.527856392611983e-11
0.01,4,C,"IX,ZX",3,1.8150413892719168e-08,3.1122108869545897e-12
0.01,4,C,"IX,ZX",4,-2.9308497966190804e-09,-2.7919236745723597e-14
0.01,4,C,"IX,ZY",1,-2.6086350867811827e-10,-1.4492417148784349e-11
0.01,4,C,"IX,ZY",2,7.152436774602832e-10,2.20754221438359e-12
0.01,4,C,"IX,ZY",3,-4.1070338633870825e-10,-7.042239134751514e-14
0.01,4,C,"IX,ZY",4,6.295946121463671e-11,5.997510022732502e-16
0.01,4,C,"IX,ZZ",1,-3.50243294961407e-09,-1.945796083118928e-10
0.01,4,C,"IX,ZZ",2,-1.059328098751967e-08,-3.269531168987553e-11
0.01,4,C,"IX,ZZ",3,9.355786914893957e-09,1.6042158633220092e-12
0.01,4,C,"IX,ZZ",4,-1.6602809991168797e-09,-1.581581503502591e-14
0.01,4,C,"IY,IZ",1,1.1967941441168234e-08,6.648856356204575e-10
0.01,4,C,"IY,IZ",2,-2.1975177745731847e-08,-6.782462267201187e-11
0.01,4,C,"IY,IZ",3,1.1471857803603276e-08,1.967053807202208e-12
0.01,4,C,"IY,IZ",4,-1.6730404380626265e-09,-1.5937361283175454e-14
0.01,4,C,"IY,XI",1,7.75072967609018e-10,4.305960931161211e-11
0.01,4,C,"IY,XI",2,1.5160504724629334e-10,4.679168124885597e-13
0.01,4,C,"IY,XI",3,-2.562164352486974e-10,-4.393285926760929e-14
0.01,4,C,"IY,XI",4,4.611603335445918e-11,4.3930072925677467e-16
0.01,4,C,"IY,XX",1,9.762511690534969e-09,5.42361760585276e-10
0.01,4,C,"IY,XX",2,-1.6435400102516308e-08,-5.07265435262849e-11
0.01,4,C,"IY,XX",3,9.534810159276054e-09,1.634912578751038e-12
0.01,4,C,"IY,XX",4,-1.4751831920943183e-09,-1.4052575751546242e-14
0.01,4,C,"IY,XY",1,9.538443468177126e-09,5.299135260098404e-10
0.01,4,C,"IY,XY",2,-1.8147621036497564e-08,-5.601117603857273e-11
0.01,4,C,"IY,XY",3,9.76356717169301e-09,1.6741370321833005e-12
0.01,4,C,"IY,XY",4,-1.446414256567885e-09,-1.3778523248817684e-14
0.01,4,C,"IY,XZ",1,-7.3975712071380195e-09,-4.1097617817433443e-10
0.01,4,C,"IY,XZ",2,1.7681714699195884e-08,5.457319351603668e-11
0.01,4,C,"IY,XZ",3,-1.0018970678220046e-08,-1.7179305003806663e-12
0.01,4,C,"IY,XZ",4,1.5109027243072247e-09,1.4392839547203407e-14
0.01,4,C,"IY,YI",1,-9.141463588536442e-10,-5.078590882520246e-11
0.01,4,C,"IY,YI",2,2.6957285516142423e-09,8.320149850661241e-12
0.01,4,C,"IY,YI",3,-2.021385922643372e-09,-3.466025244587401e-13
0.01,4,C,"IY,YI",4,3.4955636191415523e-10,3.3298693216940562e-15
0.01,4,C,"IY,YX",1,3.6939716961086623e-09,2.0522064978381458e-10
0.01,4,C,"IY,YX",2,-1.7812347954151634e-09,-5.497638257454208e-12
0.01,4,C,"IY,YX",3,6.035201089319507e-11,1.0348424364402446e-14
0.01,4,C,"IY,YX",4,4.389009604065174e-11,4.180964795824926e-16
0.01,4,C,"IY,YY",1,5.465230405478514e-09,3.03623911415473e-10
0.01,4,C,"IY,YY",2,-3.926152695425245e-09,-1.2117755232793967e-11
0.01,4,C,"IY,YY",3,4.309770699337935e-11,7.389867454283153e-15
0.01,4,C,"IY,YY",4,1.3667997615571546e-10,1.3020116612912996e-15
0.01,4,C,"IY,YZ",1,-8.79035870210362e-09,-4.883532612279789e-10
0.01,4,C,"IY,YZ",2,1.1980297774938627e-08,3.697622770042786e-11
0.01,4,C,"IY,YZ",3,-5.5133354362222974e-09,-9.453592997637684e-13
0.01,4,C,"IY,YZ",4,7.596263776260094e-10,7.236190916266666e-15
0.01,4,C,"IY,ZI",1,1.0150851501444762e-08,5.63936194524709e-10
0.01,4,C,"IY,ZI",2,-1.9197157409348865e-08,-5.925048583132365e-11
0.01,4,C,"IY,ZI",3,1.033493358088369e-08,1.7721079528264215e-12
0.01,4,C,"IY,ZI",4,-1.5370069328804024e-09,-1.4641507895903847e-14
0.01,4,C,"IY,ZX",1,1.6033837339019997e-09,8.907687410566665e-11
0.01,4,C,"IY,ZX",2,-3.801955695663306e-09,-1.1734431159454649e-11
0.01,4,C,"IY,ZX",3,2.0730599037551943e-09,3.5546294646008134e-13
0.01,4,C,"IY,ZX",4,-3.066818569397601e-10,-2.921447349296602e-15
0.01,4,C,"IY,ZY",1,-1.7223920743704566e-08,-9.568844857613649e-10
0.01,4,C,"IY,ZY",2,2.7511792309978167e-08,8.491293922832768e-11
0.01,4,C,"IY,ZY",3,-1.3239477042842531e-08,-2.2701435258646314e-12
0.01,4,C,"IY,ZY",4,1.8565087571678795e-09,1.7685078086113774e-14
0.01,4,C,"IY,ZZ",1,2.6043894169585882e-09,1.446883009421438e-10
0.01,4,C,"IY,ZZ",2,-1.0187700587584923e-09,-3.1443520332052233e-12
0.01,4,C,"IY,ZZ",3,2.8485677517474557e-10,4.8843754316657334e-14
0.01,4,C,"IY,ZZ",4,-3.975478116723036e-11,-3.78703524302987e-16
0.01,4,C,"IZ,XI",1,7.778515055593534e-09,4.321397253107519e-10
0.01,4,C,"IZ,XI",2,-9.4148633138012e-09,-2.9058220104324692e-11
0.01,4,C,"IZ,XI",3,4.805888394164283e-09,8.240549372709676e-13
0.01,4,C,"IZ,XI",4,-6.965200734600229e-10,-6.635041089963638e-15
0.01,4,C,"IZ,XX",1,-2.1737771566219078e-09,-1.2076539759010598e-10
0.01,4,C,"IZ,XX",2,1.403680661411907e-08,4.3323477204071205e-11
0.01,4,C,"IZ,XX",3,-1.0911258963035336e-08,-1.870929177475195e-12
0.01,4,C,"IZ,XX",4,1.8706141770885435e-09,1.7819446131387588e-14
0.01,4,C,"IZ,XY",1,-2.233373710769864e-10,-1.2407631726499245e-11
0.01,4,C,"IZ,XY",2,1.2057121425670336e-09,3.721333773355042e-12
0.01,4,C,"IZ,XY",3,-8.961136340617216e-10,-1.5365460117656406e-13
0.01,4,C,"IZ,XY",4,1.5440245554856693e-10,1.4708357676856322e-15
0.01,4,C,"IZ,XZ",1,9.149257617699254e-10,5.082920898721808e-11
0.01,4,C,"IZ,XZ",2,-5.277874806954359e-09,-1.6289737058501108e-11
0.01,4,C,"IZ,XZ",3,3.383775173713379e-09,5.80208363119578e-13
0.01,4,C,"IZ,XZ",4,-5.374115457165765e-10,-5.11937534023564e-15
0.01,4,C,"IZ,YI",1,5.8467650198379655e-09,3.2482027887988695e-10
0.01,4,C,"IZ,YI",2,-1.1921600643676993e-08,-3.6795063715052447e-11
0.01,4,C,"IZ,YI",3,6.825345004789264e-09,1.1703266469117394e-12
0.01,4,C,"IZ,YI",4,-1.0430261536872836e-09,-9.935853468290692e-15
0.01,4,C,"IZ,YX",1,-6.982551840677627e-09,-3.879195467043126e-10
0.01,4,C,"IZ,YX",2,1.0211789919618393e-08,3.151787012227899e-11
0.01,4,C,"IZ,YX",3,-5.733387966606103e-09,-9.830912151245032e-13
0.01,4,C,"IZ,YX",4,8.810305616860935e-10,8.392685582286365e-15
0.01,4,C,"IZ,YY",1,5.533489249405605e-09,3.074160694114225e-10
0.01,4,C,"IZ,YY",2,-1.1039396697171697e-08,-3.4072212028307706e-11
0.01,4,C,"IZ,YY",3,5.492528764652064e-09,9.417916263120822e-13
0.01,4,C,"IZ,YY",4,-7.719775630480993e-10,-7.353848146701144e-15
0.01,4,C,"IZ,YZ",1,3.6316438855457013e-09,2.0175799364142786e-10
0.01,4,C,"IZ,YZ",2,-7.032754271868146e-09,-2.1706031703296746e-11
0.01,4,C,"IZ,YZ",3,4.172436947192422e-09,7.15438434017905e-13
0.01,4,C,"IZ,YZ",4,-6.48959396280046e-10,-6.181978702561023e-15
0.01,4,C,"IZ,ZI",1,-9.736169378201784e-09,-5.40898298788988e-10
0.01,4,C,"IZ,ZI",2,2.040738276670074e-08,6.298574927994055e-11
0.01,4,C,"IZ,ZI",3,-1.2246083485844463e-08,-2.0998085538142082e-12
0.01,4,C,"IZ,ZI",4,1.943268129024957e-09,1.8511546725203447e-14
0.01,4,C,"IZ,ZX",1,2.969012951666315e-09,1.6494516398146196e-10
0.01,4,C,"IZ,ZX",2,-7.16194821782079e-09,-2.2104778450064165e-11
0.01,4,C,"IZ,ZX",3,4.142760675844829e-09,7.103499101242848e-13
0.01,4,C,"IZ,ZX",4,-6.466456167750966e-10,-6.159937669325337e-15
0.01,4,C,"IZ,ZY",1,5.6832192952976775e-09,3.157344052943154e-10
0.01,4,C,"IZ,ZY",2,-1.0954735463119494e-08,-3.3810911923208314e-11
0.01,4,C,"IZ,ZY",3,6.170363353310171e-09,1.0580184076320595e-12
0.01,4,C,"IZ,ZY",4,-9.351987166000911e-10,-8.908690715974043e-15
0.01,4,C,"IZ,ZZ",1,-9.536749370820204e-09,-5.298194094900113e-10
0.01,4,C,"IZ,ZZ",2,1.3797193856122259e-08,4.258393165469833e-11
0.01,4,C,"IZ,ZZ",3,-6.404682737828759e-09,-1.0981966285714607e-12
0.01,4,C,"IZ,ZZ",4,8.694983962634233e-10,8.282830325630842e-15
0.01,4,C,"XI,XX",1,8.848310304743737e-09,4.915727947079854e-10
0.01,4,C,"XI,XX",2,-1.9643505066934166e-08,-6.062810205843879e-11
0.01,4,C,"XI,XX",3,9.740037800694652e-09,1.6701025035484656e-12
0.01,4,C,"XI,XX",4,-1.331895960211589e-09,-1.2687623458805718e-14
0.01,4,C,"XI,XY",1,-3.8920417881705994e-08,-2.162245437872555e-09
0.01,4,C,"XI,XY",2,8.103896907703413e-08,2.501202749291177e-10
0.01,4,C,"XI,XY",3,-4.330167822895866e-08,-7.424841945980565e-12
0.01,4,C,"XI,XY",4,6.365375071965341e-09,6.063647949974605e-14
0.01,4,C,"XI,XZ",1,-6.530951794327916e-10,-3.6283065524043974e-11
0.01,4,C,"XI,XZ",2,-1.718025777775561e-08,-5.302548696838151e-11
0.01,4,C,"XI,XZ",3,1.3099777188727398e-08,2.2461895042399516e-12
0.01,4,C,"XI,XZ",4,-2.2218676626700673e-09,-2.116548223089151e-14
0.01,4,C,"XI,YI",1,-9.216885826013684e-10,-5.120492125563158e-11
0.01,4,C,"XI,YI",2,5.14382782601661e-09,1.587601180869324e-11
0.01,4,C,"XI,YI",3,-3.510562949799332e-09,-6.019483795952215e-13
0.01,4,C,"XI,YI",4,5.688295083327374e-10,5.418662440298139e-15
0.01,4,C,"XI,YX",1,-2.510352119718801e-08,-1.394640066510445e-09
0.01,4,C,"XI,YX",2,4.634715027239108e-08,1.4304676009997246e-10
0.01,4,C,"XI,YX",3,-2.4520364827315735e-08,-4.204452130884042e-12
0.01,4,C,"XI,YX",4,3.591748704191885e-09,3.4214951076359216e-14
0.01,4,C,"XI,YY",1,-4.67086167569533e-09,-2.594923153164072e-10
0.01,4,C,"XI,YY",2,-8.755319154549266e-09,-2.702258998317675e-11
0.01,4,C,"XI,YY",3,8.450694905768802e-09,1.4490217602484227e-12
0.01,4,C,"XI,YY",4,-1.5276516494221323e-09,-1.455238958830716e-14
0.01,4,C,"XI,YZ",1,1.529104837757341e-09,8.495026876429671e-11
0.01,4,C,"XI,YZ",2,-2.7995352270811514e-09,-8.64054082432454e-12
0.01,4,C,"XI,YZ",3,1.4415891491698011e-09,2.4718606810181774e-13
0.01,4,C,"XI,YZ",4,-2.1009919424583254e-10,-2.001402170456414e-15
0.01,4,C,"XI,ZI",1,2.2808433453348726e-08,1.267135191852707e-09
0.01,4,C,"XI,ZI",2,-4.087870203907821e-08,-1.261688334539451e-10
0.01,4,C,"XI,ZI",3,2.0448392479825366e-08,3.506240137144267e-12
0.01,4,C,"XI,ZI",4,-2.9029001370904614e-09,-2.7652988655411347e-14
0.01,4,C,"XI,ZX",1,-4.7691861574220585e-09,-2.649547865234477e-10
0.01,4,C,"XI,ZX",2,-7.842161980520579e-09,-2.420420364358203e-11
0.01,4,C,"XI,ZX",3,8.234155843025955e-09,1.4118922913281814e-12
0.01,4,C,"XI,ZX",4,-1.5253145855680463e-09,-1.4530126748666803e-14
0.01,4,C,"XI,ZY",1,-1.6875392895790628e-10,-9.375218275439237e-12
0.01,4,C,"XI,ZY",2,2.550944293572548e-11,7.873284856705396e-14
0.01,4,C,"XI,ZY",3,3.0431873721028855e-11,5.218085343111944e-15
0.01,4,C,"XI,ZY",4,-7.721817281068533e-12,-7.355793020374688e-17
0.01,4,C,"XI,ZZ",1,-1.784921334544374e-10,-9.916229636357633e-12
0.01,4,C,"XI,ZZ",2,-1.6592301091933023e-08,-5.121080583929945e-11
0.01,4,C,"XI,ZZ",3,1.2609001145072106e-08,2.1620372333799906e-12
0.01,4,C,"XI,ZZ",4,-2.1415136200547267e-09,-2.040003067419912e-14
0.01,4,C,"XX,XY",1,8.587196949236057e-10,4.7706649717978096e-11
0.01,4,C,"XX,XY",2,-1.8337476300134611e-09,-5.659714907448954e-12
0.01,4,C,"XX,XY",3,1.0552531792667366e-09,1.8094190316645003e-13
0.01,4,C,"XX,XY",4,-1.6209751995205245e-10,-1.5441388503281936e-15
0.01,4,C,"XX,XZ",1,2.211463774611109e-08,1.2285909858950604e-09
0.01,4,C,"XX,XZ",2,-3.371480945844112e-08,-1.0405805388407753e-10
0.01,4,C,"XX,XZ",3,1.6313058064570728e-08,2.797163591318712e-12
0.01,4,C,"XX,XZ",4,-2.2793153734407543e-09,-2.171272837068239e-14
0.01,4,C,"XX,YI",1,9.910470783676145e-09,5.505817102042303e-10
0.01,4,C,"XX,YI",2,-1.6331597053850958e-08,-5.0406163746453574e-11
0.01,4,C,"XX,YI",3,9.4110362549435e-09,1.6136893441261143e-12
0.01,4,C,"XX,YI",4,-1.4525325859539762e-09,-1.3836806374352007e-14
0.01,4,C,"XX,YX",1,2.625183164715237e-10,1.458435091508465e-11
0.01,4,C,"XX,YX",2,-5.902321125027143e-10,-1.8217040509343034e-12
0.01,4,C,"XX,YX",3,3.2940410660024025e-10,5.648218563104257e-14
0.01,4,C,"XX,YX",4,-4.9975757532454026e-11,-4.760684111840233e-16
0.01,4,C,"XX,YY",1,-3.4333914557772787e-09,-1.9074396976540438e-10
0.01,4,C,"XX,YY",2,3.927879810982659e-08,1.212308583636623e-10
0.01,4,C,"XX,YY",3,-2.8562734259696732e-08,-4.8975881789603446e-12
0.01,4,C,"XX,YY",4,4.797101121704144e-09,4.569712240611324e-14
0.01,4,C,"XX,YZ",1,-1.1460741805315785e-08,-6.367078780730991e-10
0.01,4,C,"XX,YZ",2,1.9492897369835524e-08,6.016326348714668e-11
0.01,4,C,"XX,YZ",3,-1.1020714646024246e-08,-1.8896972987010025e-12
0.01,4,C,"XX,YZ",4,1.6836157450055981e-09,1.6038101518495637e-14
0.01,4,C,"XX,ZI",1,-2.054641216729821e-08,-1.1414673426276783e-09
0.01,4,C,"XX,ZI",2,4.777373555276366e-08,1.4744980108877675e-10
0.01,4,C,"XX,ZI",3,-2.665257976519987e-08,-4.570058258779127e-12
0.01,4,C,"XX,ZI",4,4.02401678562488e-09,3.833273115402454e-14
0.01,4,C,"XX,ZX",1,1.147952564777871e-08,6.37751424876595e-10
0.01,4,C,"XX,ZX",2,-2.761306796031337e-08,-8.522551839602891e-11
0.01,4,C,"XX,ZX",3,1.497242876144128e-08,2.5672888822773115e-12
0.01,4,C,"XX,ZX",4,-2.1871763689045896e-09,-2.0835013421206652e-14
0.01,4,C,"XX,ZY",1,-1.2983254516054237e-08,-7.212919175585687e-10
0.01,4,C,"XX,ZY",2,2.110661709605963e-08,6.514387992610997e-11
0.01,4,C,"XX,ZY",3,-1.1817281642657939e-08,-2.0262828605380554e-12
0.01,4,C,"XX,ZY",4,1.7997840052317937e-09,1.714471884270494e-14
0.01,4,C,"XX,ZZ",1,-2.5279959578592638e-09,-1.404442198810702e-10
0.01,4,C,"XX,ZZ",2,3.774968321823275e-09,1.165113679575085e-11
0.01,4,C,"XX,ZZ",3,-2.1476033977123416e-09,-3.682447526941601e-13
0.01,4,C,"XX,ZZ",4,3.4043143540584714e-10,3.242945391383241e-15
0.01,4,C,"XY,XZ",1,1.017080664037901e-09,5.650448133543894e-11
0.01,4,C,"XY,XZ",2,-5.56682233451686e-09,-1.7181550415175493e-11
0.01,4,C,"XY,XZ",3,3.82764784183439e-09,6.563182170497925e-13
0.01,4,C,"XY,XZ",4,-6.183682084385329e-10,-5.890567448164656e-15
0.01,4,C,"XY,YI",1,6.8933198698920504e-09,3.829622149940028e-10
0.01,4,C,"XY,YI",2,-8.2984777233864e-09,-2.561258556600741e-11
0.01,4,C,"XY,YI",3,3.600758334075006e-09,6.17413980465536e-13
0.01,4,C,"XY,YI",4,-4.798961471115649e-10,-4.5714844070222235e-15
0.01,4,C,"XY,YX",1,-9.509276515892518e-09,-5.282931397718066e-10
0.01,4,C,"XY,YX",2,8.181578061488805e-09,2.5251784140397545e-11
0.01,4,C,"XY,YX",3,-2.8264058021304424e-09,-4.846374832185258e-13
0.01,4,C,"XY,YX",4,3.227451173071589e-10,3.074465757003114e-15
0.01,4,C,"XY,YY",1,7.404707475577635e-09,4.1137263753209084e-10
0.01,4,C,"XY,YY",2,-1.1676822100936313e-08,-3.6039574385605906e-11
0.01,4,C,"XY,YY",3,5.6806850949446165e-09,9.740543715611482e-13
0.01,4,C,"XY,YY",4,-8.065086990618365e-10,-7.682791295742231e-15
0.01,4,C,"XY,YZ",1,5.036270191450033e-09,2.7979278841389073e-10
0.01,4,C,"XY,YZ",2,-4.7234055150280144e-09,-1.45784120834198e-11
0.01,4,C,"XY,YZ",3,1.7068130697618074e-09,2.9266342074105064e-13
0.01,4,C,"XY,YZ",4,-2.0417567773960084e-10,-1.9449748298620717e-15
0.01,4,C,"XY,ZI",1,-1.3311695127007453e-08,-7.395386181670807e-10
0.01,4,C,"XY,ZI",2,2.1454203113604717e-08,6.621667627655777e-11
0.01,4,C,"XY,ZI",3,-1.1042200248880491e-08,-1.8933813869822517e-12
0.01,4,C,"XY,ZI",4,1.6080763226655767e-09,1.531851397143706e-14
0.01,4,C,"XY,ZX",1,5.570343050488115e-09,3.094635028048953e-10
0.01,4,C,"XY,ZX",2,-4.522434595443353e-09,-1.3958131467417755e-11
0.01,4,C,"XY,ZX",3,1.4848541667365978e-09,2.5460462392602845e-13
0.01,4,C,"XY,ZX",4,-1.6967849013490858e-10,-1.6163550729205587e-15
0.01,4,C,"XY,ZY",1,1.0332261262794908e-08,5.740145145997171e-10
0.01,4,C,"XY,ZY",2,-1.4554105663869695e-08,-4.492007920947437e-11
0.01,4,C,"XY,ZY",3,6.883390589418142e-09,1.1802795935216294e-12
0.01,4,C,"XY,ZY",4,-9.671353796194815e-10,-9.212918949278707e-15
0.01,4,C,"XY,ZZ",1,-1.2216275744518718e-08,-6.786819858065954e-10
0.01,4,C,"XY,ZZ",2,1.0917355237319084e-08,3.36955408559231e-11
0.01,4,C,"XY,ZZ",3,-3.3135260729135897e-09,-5.681629068781876e-13
0.01,4,C,"XY,ZZ",4,3.375836352060025e-10,3.215817284007797e-15
0.01,4,C,"XZ,YI",1,-8.62722452942258e-09,-4.792902516345878e-10
0.01,4,C,"XZ,YI",2,1.5860871042498258e-08,4.8953305686723016e-11
0.01,4,C,"XZ,YI",3,-8.37691301397767e-09,-1.4363705442348542e-12
0.01,4,C,"XZ,YI",4,1.2364762655415757e-09,1.1778656698117434e-14
0.01,4,C,"XZ,YX",1,-1.3320652241009107e-10,-7.400362356116171e-12
0.01,4,C,"XZ,YX",2,1.5847768819016602e-09,4.891286672535988e-12
0.01,4,C,"XZ,YX",3,-7.540265144549204e-10,-1.292912404758094e-13
0.01,4,C,"XZ,YX",4,9.614483574887428e-11,9.1587444510054e-16
0.01,4,C,"XZ,YY",1,-1.6021316293322133e-08,-8.900731274067852e-10
0.01,4,C,"XZ,YY",2,3.2144008011506356e-08,9.920990127008135e-11
0.01,4,C,"XZ,YY",3,-1.766669245930898e-08,-3.029268254339674e-12
0.01,4,C,"XZ,YY",4,2.6507319323100575e-09,2.5250837642033012e-14
0.01,4,C,"XZ,YZ",1,1.3671098422163688e-09,7.595054678979826e-11
0.01,4,C,"XZ,YZ",2,-5.176042497104625e-09,-1.5975439805878472e-11
0.01,4,C,"XZ,YZ",3,3.185798066940617e-09,5.46261671286114e-13
0.01,4,C,"XZ,YZ",4,-4.923951574639598e-10,-4.690549815805135e-15
0.01,4,C,"XZ,ZI",1,8.105017731152182e-09,4.502787628417879e-10
0.01,4,C,"XZ,ZI",2,-1.6216301297821927e-08,-5.005031264759854e-11
0.01,4,C,"XZ,ZI",3,9.098959107098592e-09,1.5601781733708148e-12
0.01,4,C,"XZ,ZI",4,-1.393641386172073e-09,-1.327580957716119e-14
0.01,4,C,"XZ,ZX",1,1.9682174270001447e-09,1.0934541261111915e-10
0.01,4,C,"XZ,ZX",2,-5.262897573892814e-09,-1.6243511030533377e-11
0.01,4,C,"XZ,ZX",3,2.771620504061027e-09,4.752435706551829e-13
0.01,4,C,"XZ,ZX",4,-3.9363291351906636e-10,-3.749741974537669e-15
0.01,4,C,"XZ,ZY",1,-3.6326422309936612e-09,-2.0181345727742562e-10
0.01,4,C,"XZ,ZY",2,2.0273279007998092e-09,6.257184879011757e-12
0.01,4,C,"XZ,ZY",3,-4.211308932699744e-11,-7.221037264574321e-15
0.01,4,C,"XZ,ZY",4,-6.227673820135174e-11,-5.932473917976656e-16
0.01,4,C,"XZ,ZZ",1,1.0345919045389011e-09,5.747732802993895e-11
0.01,4,C,"XZ,ZZ",2,1.6464902351760682e-09,5.081759985111322e-12
0.01,4,C,"XZ,ZZ",3,-1.662490805012867e-09,-2.850635811064587e-13
0.01,4,C,"XZ,ZZ",4,3.072533486974435e-10,2.9268913722893184e-15
0.01,4,C,"YI,YX",1,3.397630229004431e-09,1.887572349446906e-10
0.01,4,C,"YI,YX",2,-6.002041378492999e-09,-1.8524819069422837e-11
0.01,4,C,"YI,YX",3,3.037860804907425e-09,5.208951997440715e-13
0.01,4,C,"YI,YX",4,-4.3207058525360676e-10,-4.1158987316492036e-15
0.01,4,C,"YI,YY",1,-7.922698802015701e-09,-4.401499334453167e-10
0.01,4,C,"YI,YY",2,1.6386717113990232e-08,5.057628738885874e-11
0.01,4,C,"YI,YY",3,-9.587321105467237e-09,-1.643916513283134e-12
0.01,4,C,"YI,YY",4,1.4815706870860295e-09,1.4113422945111544e-14
0.01,4,C,"YI,YZ",1,-3.444513599421704e-09,-1.9136186663453912e-10
0.01,4,C,"YI,YZ",2,4.826611515065062e-09,1.489694912057118e-11
0.01,4,C,"YI,YZ",3,-2.09764183647143e-09,-3.596779554992164e-13
0.01,4,C,"YI,YZ",4,2.7728719487930907e-10,2.6414341838068613e-15
0.01,4,C,"YI,ZI",1,2.7197343978648415e-09,1.5109635543693564e-10
0.01,4,C,"YI,ZI",2,-6.472015897637529e-09,-1.9975357708757808e-11
0.01,4,C,"YI,ZI",3,3.4659744731195963e-09,5.9430289319609e-13
0.01,4,C,"YI,ZI",4,-4.905046566684787e-10,-4.672540930007608e-15
0.01,4,C,"YI,ZX",1,-1.4588214859384243e-08,-8.104563810769024e-10
0.01,4,C,"YI,ZX",2,2.486976809247732e-08,7.675854349530036e-11
0.01,4,C,"YI,ZX",3,-1.300083019746884e-08,-2.229223284888347e-12
0.01,4,C,"YI,ZX",4,1.9137331450203363e-09,1.823019685471285e-14
0.01,4,C,"YI,ZY",1,-2.915802167983302e-09,-1.6198900933240567e-10
0.01,4,C,"YI,ZY",2,3.396468247166001e-09,1.0482926688783953e-11
0.01,4,C,"YI,ZY",3,-1.2302210353245121e-09,-2.1094325022711113e-13
0.01,4,C,"YI,ZY",4,1.3616895006971326e-10,1.2971436334944489e-15
0.01,4,C,"YI,ZZ",1,2.0108382028490593e-09,1.1171323349161441e-10
0.01,4,C,"YI,ZZ",2,-2.8559576196442204e-09,-8.814684011247594e-12
0.01,4,C,"YI,ZZ",3,1.8330503317146383e-09,3.143090417892041e-13
0.01,4,C,"YI,ZZ",4,-3.0596571019401774e-10,-2.9146253447837388e-15
0.01,4,C,"YX,YY",1,-3.3502952479973023e-09,-1.861275137776279e-10
0.01,4,C,"YX,YY",2,6.526145703372176e-09,2.014242501040795e-11
0.01,4,C,"YX,YY",3,-3.283067274409016e-09,-5.629402048026434e-13
0.01,4,C,"YX,YY",4,4.657268889760421e-10,4.4365082397504394e-15
0.01,4,C,"YX,YZ",1,2.8954245553597504e-09,1.6085691974220837e-10
0.01,4,C,"YX,YZ",2,-2.6274659134657528e-09,-8.109462695881952e-12
0.01,4,C,"YX,YZ",3,1.1602398504111876e-09,1.9894373292372903e-13
0.01,4,C,"YX,YZ",4,-1.5949330215544002e-10,-1.5193311057331202e-15
0.01,4,C,"YX,ZI",1,1.2217746927887027e-08,6.787637182159459e-10
0.01,4,C,"YX,ZI",2,-2.3325721300219685e-08,-7.199296697598668e-11
0.01,4,C,"YX,ZI",3,1.2467025699976731e-08,2.137693021258013e-12
0.01,4,C,"YX,ZI",4,-1.8482001920931583e-09,-1.760593080411864e-14
0.01,4,C,"YX,ZX",1,1.7599895859693177e-09,9.777719922051766e-11
0.01,4,C,"YX,ZX",2,-6.785649273663256e-09,-2.094336195575079e-11
0.01,4,C,"YX,ZX",3,4.32440805734659e-09,7.414965804778104e-13
0.01,4,C,"YX,ZX",4,-6.713145555601158e-10,-6.394933656836951e-15
0.01,4,C,"YX,ZY",1,-4.905258744970491e-09,-2.725143747205828e-10
0.01,4,C,"YX,ZY",2,1.0656769325396766e-08,3.289126334999002e-11
0.01,4,C,"YX,ZY",3,-5.282360413779345e-09,-9.057545291116846e-13
0.01,4,C,"YX,ZY",4,7.383687419400294e-10,7.033690957361962e-15
0.01,4,C,"YX,ZZ",1,1.918024048247283e-09,1.065568915692935e-10
0.01,4,C,"YX,ZZ",2,-9.181422077550504e-09,-2.8337722461575628e-11
0.01,4,C,"YX,ZZ",3,5.279336230576392e-09,9.052359791797655e-13
0.01,4,C,"YX,ZZ",4,-7.81053509474352e-10,-7.440305493392318e-15
0.01,4,C,"YY,YZ",1,1.5994224198169706e-09,8.885680110094281e-11
0.01,4,C,"YY,YZ",2,-8.155615612722716e-09,-2.5171653125687396e-11
0.01,4,C,"YY,YZ",3,5.501204697172932e-09,9.43279269062574e-13
0.01,4,C,"YY,YZ",4,-8.80835242962552e-10,-8.3908249786861e-15
0.01,4,C,"YY,ZI",1,2.1890047623712434e-09,1.216113756872913e-10
0.01,4,C,"YY,ZI",2,-5.099193491337061e-09,-1.573825151647241e-11
0.01,4,C,"YY,ZI",3,3.109094866763195e-09,5.331095450554175e-13
0.01,4,C,"YY,ZI",4,-4.86799459335821e-10,-4.637245268783541e-15
0.01,4,C,"YY,ZX",1,-7.677278197802364e-09,-4.265154554334647e-10
0.01,4,C,"YY,ZX",2,1.382998644042806e-08,4.2685143334654507e-11
0.01,4,C,"YY,ZX",3,-7.663594891629109e-09,-1.3140594807320146e-12
0.01,4,C,"YY,ZX",4,1.1604644184466803e-09,1.1054568839036355e-14
0.01,4,C,"YY,ZY",1,-4.257754817566229e-09,-2.3654193430923494e-10
0.01,4,C,"YY,ZY",2,-2.009838494122171e-09,-6.2032052287721325e-12
0.01,4,C,"YY,ZY",3,3.38628433074598e-09,5.806386026656345e-13
0.01,4,C,"YY,ZY",4,-6.447244770031001e-10,-6.1416369170391336e-15
0.01,4,C,"YY,ZZ",1,-7.903364256210524e-09,-4.3907579201169576e-10
0.01,4,C,"YY,ZZ",2,1.771875525118282e-08,5.468751620735438e-11
0.01,4,C,"YY,ZZ",3,-9.779851247749576e-09,-1.676929226294509e-12
0.01,4,C,"YY,ZZ",4,1.461370128710761e-09,1.3920992690812765e-14
0.01,4,C,"YZ,ZI",1,2.768635599130811e-09,1.5381308884060062e-10
0.01,4,C,"YZ,ZI",2,-4.8961607168527375e-09,-1.5111607150780053e-11
0.01,4,C,"YZ,ZI",3,2.885324373462639e-09,4.947401189064882e-13
0.01,4,C,"YZ,ZI",4,-4.470382193680319e-10,-4.258480218031092e-15
0.01,4,C,"YZ,ZX",1,7.02624498783809e-09,3.9034694376878275e-10
0.01,4,C,"YZ,ZX",2,-1.0956511540648717e-08,-3.381639364397752e-11
0.01,4,C,"YZ,ZX",3,5.17337566649613e-09,8.870671581783487e-13
0.01,4,C,"YZ,ZX",4,-7.14427367627473e-10,-6.80562573947829e-15
0.01,4,C,"YZ,ZY",1,-7.357545110708811e-09,-4.087525061504895e-10
0.01,4,C,"YZ,ZY",2,1.6217218929905654e-08,5.005314484538782e-11
0.01,4,C,"YZ,ZY",3,-9.18925564345504e-09,-1.5756611185622496e-12
0.01,4,C,"YZ,ZY",4,1.3992062271425947e-09,1.332882017930379e-14
0.01,4,C,"YZ,ZZ",1,9.558165325468094e-09,5.310091847482274e-10
0.01,4,C,"YZ,ZZ",2,-2.2482006023409212e-08,-6.938890747965806e-11
0.01,4,C,"YZ,ZZ",3,1.2906708359692745e-08,2.2130844238156286e-12
0.01,4,C,"YZ,ZZ",4,-1.962930001249878e-09,-1.8698845462294984e-14
0.01,4,C,"ZI,ZX",1,2.6235205938070223e-09,1.4575114410039013e-10
0.01,4,C,"ZI,ZX",2,-4.053923617486286e-09,-1.251210993051323e-11
0.01,4,C,"ZI,ZX",3,2.1442473240890296e-09,3.676692942539488e-13
0.01,4,C,"ZI,ZX",4,-3.223211937725873e-10,-3.0704274669694722e-15
0.01,4,C,"ZI,ZY",1,-7.189667924227619e-09,-3.9942599579042327e-10
0.01,4,C,"ZI,ZY",2,1.0506984482675027e-08,3.24289644527007e-11
0.01,4,C,"ZI,ZY",3,-4.28952269652421e-09,-7.355148656591581e-13
0.01,4,C,"ZI,ZY",4,5.425948116348188e-10,5.16875106343182e-15
0.01,4,C,"ZI,ZZ",1,5.450964834359143e-09,3.0283137968661903e-10
0.01,4,C,"ZI,ZZ",2,-1.0004943412216463e-08,-3.087945497597674e-11
0.01,4,C,"ZI,ZZ",3,4.481858943891566e-09,7.684943319429983e-13
0.01,4,C,"ZI,ZZ",4,-6.057883496361361e-10,-5.770731878106768e-15
0.01,4,C,"ZX,ZY",1,-4.511302268164662e-09,-2.506279037869257e-10
0.01,4,C,"ZX,ZY",2,3.908137248439407e-09,1.2062152001356195e-11
0.01,4,C,"ZX,ZY",3,-1.2138314044802598e-09,-2.0813295687247253e-13
0.01,4,C,"ZX,ZY",4,1.2521229274166043e-10,1.1927706594046298e-15
0.01,4,C,"ZX,ZZ",1,-2.3619007824903985e-09,-1.3121671013835548e-10
0.01,4,C,"ZX,ZZ",2,7.1083921195346675e-09,2.193948185041564e-11
0.01,4,C,"ZX,ZZ",3,-4.118372520686876e-09,-7.061681276897936e-13
0.01,4,C,"ZX,ZZ",4,6.378237785638802e-10,6.07590095415981e-15
0.01,4,C,"ZY,ZZ",1,8.409417185314475e-09,4.67189843628582e-10
0.01,4,C,"ZY,ZZ",2,-1.785034025568941e-08,-5.509364276447348e-11
0.01,4,C,"ZY,ZZ",3,1.0082676346827096e-08,1.7288539689346872e-12
0.01,4,C,"ZY,ZZ",4,-1.5323540847468836e-09,-1.4597184925572357e-14
0.01,4,A,"IX,IY",1,2.9866806593850995e-09,1.6592670329917218e-10
0.01,4,A,"IX,IY",2,1.0803845427888408e-08,3.3345201937927187e-11
0.01,4,A,"IX,IY",3,-9.482005653889987e-09,-1.625858308280176e-12
0.01,4,A,"IX,IY",4,1.6803316092943325e-09,1.600681688475778e-14
0.01,4,A,"IX,IZ",1,-4.2320913755801193e-08,-2.3511618753222883e-09
0.01,4,A,"IX,IZ",2,8.782100920755539e-08,2.710524975541833e-10
0.01,4,A,"IX,IZ",3,-4.6756524450050396e-08,-8.017236702683538e-12
0.01,4,A,"IX,IZ",4,6.8583502306672274e-09,6.533255439974116e-14
0.01,4,A,"IX,XI",1,-1.2096534641123954e-09,-6.720297022846641e-11
0.01,4,A,"IX,XI",2,3.0571756659245285e-08,9.435727363964594e-11
0.01,4,A,"IX,XI",3,-1.8373122459834736e-08,-3.150398226994982e-12
0.01,4,A,"IX,XI",4,2.761230199610308e-09,2.6303442687950652e-14
0.01,4,A,"IX,XX",1,-1.7139534568323258e-08,-9.521963649068476e-10
0.01,4,A,"IX,XX",2,3.8162110121964185e-08,1.1778429049988945e-10
0.01,4,A,"IX,XX",3,-1.9783089192779082e-08,-3.392162070092435e-12
0.01,4,A,"IX,XX",4,2.8245172610706694e-09,2.6906314405870573e-14
0.01,4,A,"IX,XY",1,-6.539312322353071e-09,-3.632951290196151e-10
0.01,4,A,"IX,XY",2,6.794097779544195e-09,2.0969437591185788e-11
0.01,4,A,"IX,XY",3,-2.4737187195726133e-09,-4.2416301775936444e-13
0.01,4,A,"IX,XY",4,2.6544323518539584e-10,2.528608779010401e-15
0.01,4,A,"IX,XZ",1,-3.892215144913392e-10,-2.1623417471741065e-11
0.01,4,A,"IX,XZ",2,-1.0756338650170772e-09,-3.319857608077399e-12
0.01,4,A,"IX,XZ",3,7.457281092180076e-10,1.278683314845692e-13
0.01,4,A,"IX,XZ",4,-1.1256469298259284e-10,-1.0722897898814284e-15
0.01,4,A,"IX,YI",1,3.5542411389889603e-09,1.9745784105494224e-10
0.01,4,A,"IX,YI",2,1.0793120490348918e-08,3.3312100278854685e-11
0.01,4,A,"IX,YI",3,-9.115256423660115e-09,-1.562972637801803e-12
0.01,4,A,"IX,YI",4,1.5878171969328984e-09,1.512552580525928e-14
0.01,4,A,"IX,YX",1,-1.3355638450179963e-08,-7.419799138988868e-10
0.01,4,A,"IX,YX",2,2.456968133254948e-08,7.583234979181938e-11
0.01,4,A,"IX,YX",3,-1.2381879582248826e-08,-2.123093206832789e-12
0.01,4,A,"IX,YX",4,1.755960365529087e-09,1.6727255425326616e-14
0.01,4,A,"IX,YY",1,-8.433724363758083e-09,-4.685402424310047e-10
0.01,4,A,"IX,YY",2,1.430216490925156e-08,4.4142484287813457e-11
0.01,4,A,"IX,YY",3,-8.500940449436086e-09,-1.4576372512750489e-12
0.01,4,A,"IX,YY",4,1.328987823894824e-09,1.2659920590371361e-14
0.01,4,A,"IX,YZ",1,3.7214184291084416e-09,2.067454682838023e-10
0.01,4,A,"IX,YZ",2,-7.546719936853373e-09,-2.3292345484115348e-11
0.01,4,A,"IX,YZ",3,4.464066526903597e-09,7.654435059848417e-13
0.01,4,A,"IX,YZ",4,-6.911072704748842e-10,-6.5834787996769185e-15
0.01,4,A,"IX,ZI",1,-1.5592425124531083e-08,-8.662458402517268e-10
0.01,4,A,"IX,ZI",2,3.4461932368437315e-08,1.063639887914732e-10
0.01,4,A,"IX,ZI",3,-1.9748202195416093e-08,-3.386180074659824e-12
0.01,4,A,"IX,ZI",4,3.001382489984874e-09,2.8591130258200674e-14
0.01,4,A,"IX,ZX",1,-1.14579966944493e-09,-6.3655537191385e-11
0.01,4,A,"IX,ZX",2,-1.02151843019639e-09,-3.1528346610999692e-12
0.01,4,A,"IX,ZX",3,1.116500596287338e-09,1.9144386081744478e-13
0.01,4,A,"IX,ZX",4,-1.9701186371594557e-10,-1.876732431374272e-15
0.01,4,A,"IX,ZY",1,-1.0036046199124222e-08,-5.575581221735679e-10
0.01,4,A,"IX,ZY",2,1.5710914787176987e-08,4.849047773820058e-11
0.01,4,A,"IX,ZY",3,-8.09608658230809e-09,-1.3882178639074229e-12
0.01,4,A,"IX,ZY",4,1.1836436234758388e-09,1.127537364231671e-14
0.01,4,A,"IX,ZZ",1,-3.956143771596617e-09,-2.1978576508870096e-10
0.01,4,A,"IX,ZZ",2,7.089170615426038e-09,2.1880156220450735e-11
0.01,4,A,"IX,ZZ",3,-4.7951278854751794e-09,-8.22209856905895e-13
0.01,4,A,"IX,ZZ",4,7.84063046064476e-10,7.468974299501562e-15
0.01,4,A,"IY,IZ",1,-1.4882778908663576e-08,-8.268210504813098e-10
0.01,4,A,"IY,IZ",2,2.516894849089121e-08,7.768193978670126e-11
0.01,4,A,"IY,IZ",3,-1.2477533112907455e-08,-2.139494703859303e-12
0.01,4,A,"IY,IZ",4,1.767035911953997e-09,1.683276093539473e-14
0.01,4,A,"IY,XI",1,-1.6762084543798898e-10,-9.312269190999387e-12
0.01,4,A,"IY,XI",2,-1.6529557033857936e-08,-5.1017151339067704e-11
0.01,4,A,"IY,XI",3,1.2182825105672635e-08,2.088961780808065e-12
0.01,4,A,"IY,XI",4,-2.04536156740596e-09,-1.9484087481004802e-14
0.01,4,A,"IY,XX",1,-4.574873932082134e-09,-2.541596628934519e-10
0.01,4,A,"IY,XX",2,1.3345040286591056e-08,4.1188395946268693e-11
0.01,4,A,"IY,XX",3,-7.778231208226739e-09,-1.3337159136191254e-12
0.01,4,A,"IY,XX",4,1.2141016146443304e-09,1.1565516066951782e-14
0.01,4,A,"IY,XY",1,-1.3103065164140196e-08,-7.279480646744553e-10
0.01,4,A,"IY,XY",2,2.2457090330280592e-08,6.931200719222405e-11
0.01,4,A,"IY,XY",3,-1.082011594440798e-08,-1.8553010878614507e-12
0.01,4,A,"IY,XY",4,1.5072035592197508e-09,1.435760134906789e-14
0.01,4,A,"IY,XZ",1,-1.0732483814783968e-09,-5.962491008213315e-11
0.01,4,A,"IY,XZ",2,3.7597737950370486e-10,1.160424010813904e-12
0.01,4,A,"IY,XZ",3,1.374655432864235e-10,2.357090934266521e-14
0.01,4,A,"IY,XZ",4,-4.194226192006166e-11,-3.995414372814897e-16
0.01,4,A,"IY,YI",1,-3.749615739732595e-09,-2.083119855406997e-10
0.01,4,A,"IY,YI",2,6.543809649232774e-09,2.019694336182955e-11
0.01,4,A,"IY,YI",3,-3.31001250884623e-09,-5.675604439036746e-13
0.01,4,A,"IY,YI",4,4.751687327927197e-10,4.526451120186707e-15
0.01,4,A,"IY,YX",1,-1.949563148928255e-09,-1.083090638293475e-10
0.01,4,A,"IY,YX",2,-4.2218874138159306e-11,-1.3030516709308427e-13
0.01,4,A,"IY,YX",3,1.120291894522635e-09,1.9209394624873713e-13
0.01,4,A,"IY,YX",4,-2.4288628550260215e-10,-2.313731572003145e-15
0.01,4,A,"IY,YY",1,-7.070592335272805e-09,-3.928106852929336e-10
0.01,4,A,"IY,YY",2,8.554463134392666e-09,2.6402663995039095e-11
0.01,4,A,"IY,YY",3,-3.5268871891837718e-09,-6.047474604224574e-13
0.01,4,A,"IY,YY",4,4.5415682011407535e-10,4.326291915429006e-15
0.01,4,A,"IY,YZ",1,5.939147651312578e-09,3.2995264729514323e-10
0.01,4,A,"IY,YZ",2,-1.3015053389661367e-08,-4.0169917869325205e-11
0.01,4,A,"IY,YZ",3,7.150963381967525e-09,1.2261597019834577e-12
0.01,4,A,"IY,YZ",4,-1.0671959050810412e-09,-1.0166094203256376e-14
0.01,4,A,"IY,ZI",1,5.484039922629311e-09,3.0466888459051726e-10
0.01,4,A,"IY,ZI",2,-1.368836426827524e-08,-4.2248037865047035e-11
0.01,4,A,"IY,ZI",3,8.0068706793632e-09,1.3729202125108368e-12
0.01,4,A,"IY,ZI",4,-1.237116732353621e-09,-1.1784757776573892e-14
0.01,4,A,"IY,ZX",1,-5.523576298434365e-09,-3.0686534991302027e-10
0.01,4,A,"IY,ZX",2,8.167783976533258e-09,2.5209209804114993e-11
0.01,4,A,"IY,ZX",3,-3.878828184627003e-09,-6.650939959922845e-13
0.01,4,A,"IY,ZX",4,5.482304291555881e-10,5.222435882064359e-15
0.01,4,A,"IY,ZY",1,-4.216199031285539e-09,-2.342332795158633e-10
0.01,4,A,"IY,ZY",2,9.994828059030427e-09,3.084823475009391e-11
0.01,4,A,"IY,ZY",3,-5.607768586878076e-09,-9.615515409598897e-13
0.01,4,A,"IY,ZY",4,8.414660876128567e-10,8.015794920866262e-15
0.01,4,A,"IY,ZZ",1,-1.0326525518396618e-09,-5.736958621331454e-11
0.01,4,A,"IY,ZZ",2,8.437950129612862e-09,2.6043055955595253e-11
0.01,4,A,"IY,ZZ",3,-6.174137931751941e-09,-1.0586656261577403e-12
0.01,4,A,"IY,ZZ",4,1.0360301670498187e-09,9.8692097912839e-15
0.01,4,A,"IZ,XI",1,4.425144916801735e-08,2.4584138426676303e-09
0.01,4,A,"IZ,XI",2,-8.75745026675657e-08,-2.7029167489989416e-10
0.01,4,A,"IZ,XI",3,4.6763924309214046e-08,8.018505539988691e-12
0.01,4,A,"IZ,XI",4,-6.893199047757882e-09,-6.566452377455687e-14
0.01,4,A,"IZ,XX",1,1.0942709439194192e-09,6.079283021774551e-11
0.01,4,A,"IZ,XX",2,2.778501438863891e-09,8.575621724888553e-12
0.01,4,A,"IZ,XX",3,-2.134729351097596e-09,-3.660372687067208e-13
0.01,4,A,"IZ,XX",4,3.4537098468128406e-10,3.289999473034637e-15
0.01,4,A,"IZ,XY",1,-4.4304301421886824e-09,-2.4613500789937126e-10
0.01,4,A,"IZ,XY",2,6.843370394473737e-09,2.112151356319055e-11
0.01,4,A,"IZ,XY",3,-3.1043774540086393e-09,-5.323006608382441e-13
0.01,4,A,"IZ,XY",4,4.1885364284962996e-10,3.989994311553402e-15
0.01,4,A,"IZ,XZ",1,4.436675331282066e-09,2.4648196284900365e-10
0.01,4,A,"IZ,XZ",2,-5.6426615798891425e-09,-1.7415622160151675e-11
0.01,4,A,"IZ,XZ",3,2.55567260761646e-09,4.382154676982956e-13
0.01,4,A,"IZ,XZ",4,-3.559736761144978e-10,-3.3910005726499183e-15
0.01,4,A,"IZ,YI",1,2.788023975962765e-09,1.5489022088682028e-10
0.01,4,A,"IZ,YI",2,1.492583151745114e-10,4.606738122670105e-13
0.01,4,A,"IZ,YI",3,-1.7491485630076954e-09,-2.999225931083154e-13
0.01,4,A,"IZ,YI",4,3.862359964093074e-10,3.679279039107104e-15
0.01,4,A,"IZ,YX",1,7.017954124960991e-10,3.898863402756106e-11
0.01,4,A,"IZ,YX",2,-4.303943708554168e-09,-1.3283776878253605e-11
0.01,4,A,"IZ,YX",3,2.740284761610549e-09,4.698705009620283e-13
0.01,4,A,"IZ,YX",4,-4.2802733805223586e-10,-4.07738281180685e-15
0.01,4,A,"IZ,YY",1,1.4287448375557655e-08,7.937471319754253e-10
0.01,4,A,"IZ,YY",2,-1.8579149159104768e-08,-5.73430529601999e-11
0.01,4,A,"IZ,YY",3,7.931509494116993e-09,1.3599981985797313e-12
0.01,4,A,"IZ,YY",4,-1.0510002566911765e-09,-1.0011814668983163e-14
0.01,4,A,"IZ,YZ",1,-1.8229692113865577e-10,-1.012760672992532e-11
0.01,4,A,"IZ,YZ",2,5.475606052739737e-11,1.6900018681295485e-13
0.01,4,A,"IZ,YZ",3,3.3598632688081744e-10,5.761082422510587e-14
0.01,4,A,"IZ,YZ",4,-9.010809489409704e-11,-8.583685308460699e-16
0.01,4,A,"IZ,ZI",1,1.8210188603583632e-10,1.0116771446435351e-11
0.01,4,A,"IZ,ZI",2,-2.1482169704970443e-09,-6.630299291657544e-12
0.01,4,A,"IZ,ZI",3,1.4884896064609437e-09,2.552279846469382e-13
0.01,4,A,"IZ,ZI",4,-2.4392535570283215e-10,-2.3236297411106553e-15
0.01,4,A,"IZ,ZX",1,3.2306771442100382e-09,1.7948206356722434e-10
0.01,4,A,"IZ,ZX",2,-2.2507003870067985e-09,-6.946606132737033e-12
0.01,4,A,"IZ,ZX",3,1.000322023450627e-09,1.7152298070141067e-13
0.01,4,A,"IZ,ZX",4,-1.523440452057661e-10,-1.4512273777412561e-15
0.01,4,A,"IZ,ZY",1,-5.384084666336305e-09,-2.991158147964614e-10
0.01,4,A,"IZ,ZY",2,8.204802024912319e-09,2.5323463039852837e-11
0.01,4,A,"IZ,ZY",3,-3.6664401664516815e-09,-6.286762974025517e-13
0.01,4,A,"IZ,ZY",4,4.85479291781146e-10,4.624669369962144e-15
0.01,4,A,"IZ,ZZ",1,-7.216531417210632e-10,-4.009184120672573e-11
0.01,4,A,"IZ,ZZ",2,-1.419081964148508e-09,-4.379882605396629e-12
0.01,4,A,"IZ,ZZ",3,1.1518331237842204e-09,1.975022503059363e-13
0.01,4,A,"IZ,ZZ",4,-1.8480614080933386e-10,-1.7604608749555503e-15
0.01,4,A,"XI,XX",1,-4.854975331346144e-08,-2.6972085174145246e-09
0.01,4,A,"XI,XX",2,7.595436504661989e-08,2.3442705261302434e-10
0.01,4,A,"XI,XX",3,-3.752908389257286e-08,-6.435028102293015e-12
0.01,4,A,"XI,XX",4,5.3682460020482914e-09,5.113784104984274e-14
0.01,4,A,"XI,XY",1,-6.622813414796874e-09,-3.6793407859982633e-10
0.01,4,A,"XI,XY",2,5.205804597603763e-09,1.6067298140752355e-11
0.01,4,A,"XI,XY",3,-1.6803071158379807e-09,-2.8811850408744527e-13
0.01,4,A,"XI,XY",4,1.625250808247126e-10,1.5482117895967898e-15
0.01,4,A,"XI,XZ",1,-5.791576738586361e-10,-3.2175426325479785e-11
0.01,4,A,"XI,XZ",2,-1.6904768766808463e-09,-5.217521224323599e-12
0.01,4,A,"XI,XZ",3,1.3496128695650705e-09,2.314151010914044e-13
0.01,4,A,"XI,XZ",4,-2.2534897805313528e-10,-2.146671411114305e-15
0.01,4,A,"XI,YI",1,1.410567943347569e-09,7.836488574153161e-11
0.01,4,A,"XI,YI",2,1.3439741730822909e-08,4.1480684354391694e-11
0.01,4,A,"XI,YI",3,-1.1041893213772461e-08,-1.8933287403587896e-12
0.01,4,A,"XI,YI",4,1.9281107080603094e-09,1.836715733177402e-14
0.01,4,A,"XI,YX",1,-1.6122187796427388e-08,-8.956770998015216e-10
0.01,4,A,"XI,YX",2,2.575819521945539e-08,7.950060252918331e-11
0.01,4,A,"XI,YX",3,-1.1824311315245571e-08,-2.027488222778733e-12
0.01,4,A,"XI,YX",4,1.585918444045051e-09,1.510743831013804e-14
0.01,4,A,"XI,YY",1,-1.6251507317057846e-08,-9.028615176143247e-10
0.01,4,A,"XI,YY",2,2.6591727810730812e-08,8.207323398373707e-11
0.01,4,A,"XI,YY",3,-1.4466723697324255e-08,-2.480576765659166e-12
0.01,4,A,"XI,YY",4,2.1719586173800693e-09,2.0690049319654676e-14
0.01,4,A,"XI,YZ",1,7.564448691627872e-09,4.2024714953488176e-10
0.01,4,A,"XI,YZ",2,-9.247352646258564e-09,-2.8541211871168407e-11
0.01,4,A,"XI,YZ",3,4.581777228975289e-09,7.856270968750496e-13
0.01,4,A,"XI,YZ",4,-6.675300622381026e-10,-6.358882623057676e-15
0.01,4,A,"XI,ZI",1,-2.2380000789673728e-08,-1.243333377204096e-09
0.01,4,A,"XI,ZI",2,4.657820334525192e-08,1.4375988686806148e-10
0.01,4,A,"XI,ZI",3,-2.49975035059065e-08,-4.286266033248714e-12
0.01,4,A,"XI,ZI",4,3.6587413106016026e-09,3.485312176689532e-14
0.01,4,A,"XI,ZX",1,-2.6786856930707955e-09,-1.488158718372664e-10
0.01,4,A,"XI,ZX",2,2.8423791351769896e-09,8.772775108570955e-12
0.01,4,A,"XI,ZX",3,-9.68108101748786e-10,-1.659993315755806e-13
0.01,4,A,"XI,ZX",4,1.1045757612923288e-10,1.0522174223558992e-15
0.01,4,A,"XI,ZY",1,4.436675885539861e-10,2.4648199364110337e-11
0.01,4,A,"XI,ZY",2,-4.554976216963559e-09,-1.4058568570875183e-11
0.01,4,A,"XI,ZY",3,2.518056203467936e-09,4.3176546698695747e-13
0.01,4,A,"XI,ZY",4,-3.628160788860051e-10,-3.456181211762737e-15
0.01,4,A,"XI,ZZ",1,-1.0679111039651955e-08,-5.932839466473309e-10
0.01,4,A,"XI,ZZ",2,1.7502552955627962e-08,5.402022517169124e-11
0.01,4,A,"XI,ZZ",3,-1.006280701212963e-08,-1.7254470185407457e-12
0.01,4,A,"XI,ZZ",4,1.5557915181305729e-09,1.4820449608773176e-14
0.01,4,A,"XX,XY",1,3.5781603539417e-08,1.9878668633009446e-09
0.01,4,A,"XX,XY",2,-6.783502331467171e-08,-2.0936735590948059e-10
0.01,4,A,"XX,XY",3,3.674115556146692e-08,6.29992379311847e-12
0.01,4,A,"XX,XY",4,-5.443783873682888e-09,-5.185741382490177e-14
0.01,4,A,"XX,XZ",1,5.7594267375305365e-08,3.1996815208502982e-09
0.01,4,A,"XX,XZ",2,-1.2353553598135144e-07,-3.8128251846096125e-10
0.01,4,A,"XX,XZ",3,6.553507413481827e-08,1.1237152629427e-11
0.01,4,A,"XX,XZ",4,-9.581235393004132e-09,-9.127072276524283e-14
0.01,4,A,"XX,YI",1,-2.1009435218713402e-08,-1.167190845484078e-09
0.01,4,A,"XX,YI",2,2.828609698475546e-08,8.730276847146747e-11
0.01,4,A,"XX,YI",3,-1.2168839371572449e-08,-2.0865636782531633e-12
0.01,4,A,"XX,YI",4,1.5827688197325519e-09,1.507743503022169e-14
0.01,4,A,"XX,YX",1,5.537362616286e-08,3.0763125646033332e-09
0.01,4,A,"XX,YX",2,-1.201860152234868e-07,-3.7094449143051484e-10
0.01,4,A,"XX,YX",3,6.582945257760021e-08,1.128762904279839e-11
0.01,4,A,"XX,YX",4,-9.78809686300846e-09,-9.324128241701399e-14
0.01,4,A,"XX,YY",1,6.516602540627718e-11,3.620334744793177e-12
0.01,4,A,"XX,YY",2,-6.904241916374906e-11,-2.1309388630786747e-13
0.01,4,A,"XX,YY",3,2.785701891721111e-11,4.776580747121247e-15
0.01,4,A,"XX,YY",4,-3.5901759739697967e-12,-3.419996926887857e-17
0.01,4,A,"XX,YZ",1,-5.599695563267339e-09,-3.110941979592966e-10
0.01,4,A,"XX,YZ",2,-8.689028994859771e-09,-2.6817990724875836e-11
0.01,4,A,"XX,YZ",3,8.339782789202653e-09,1.4300039076136238e-12
0.01,4,A,"XX,YZ",4,-1.499106169886323e-09,-1.4280465724416275e-14
0.01,4,A,"XX,ZI",1,-3.6765908347110746e-09,-2.0425504637283747e-10
0.01,4,A,"XX,ZI",2,5.782400407996e-10,1.7846914839493825e-12
0.01,4,A,"XX,ZI",3,9.869863770668168e-10,1.6923634723367916e-13
0.01,4,A,"XX,ZI",4,-2.223277751119165e-10,-2.1178914714974516e-15
0.01,4,A,"XX,ZX",1,4.2202358778411133e-08,2.3445754876895073e-09
0.01,4,A,"XX,ZX",2,-8.386210089892279e-08,-2.588336447497617e-10
0.01,4,A,"XX,ZX",3,4.3628001726997905e-08,7.48079590654971e-12
0.01,4,A,"XX,ZX",4,-6.302572626616123e-09,-6.003822422854865e-14
0.01,4,A,"XX,ZY",1,4.61092589564583e-09,2.5616254975810164e-10
0.01,4,A,"XX,ZY",2,-2.2400693345712356e-08,-6.913794242503813e-11
0.01,4,A,"XX,ZY",3,1.5539520538627564e-08,2.6645268413284576e-12
0.01,4,A,"XX,ZY",4,-2.5739226984445437e-09,-2.4519153887026974e-14
0.01,4,A,"XX,ZZ",1,1.9577098959197952e-08,1.0876166088443307e-09
0.01,4,A,"XX,ZZ",2,-3.264197085568586e-08,-1.0074682362866005e-10
0.01,4,A,"XX,ZZ",3,1.886844449446061e-08,3.2353299887621077e-12
0.01,4,A,"XX,ZZ",4,-2.914400850912924e-09,-2.7762544304535552e-14
0.01,4,A,"XY,XZ",1,6.647546383534396e-09,3.6930813241857756e-10
0.01,4,A,"XY,XZ",2,-5.9008504248739675e-09,-1.8212501311339406e-11
0.01,4,A,"XY,XZ",3,1.93476594803887e-09,3.317499910903412e-13
0.01,4,A,"XY,XZ",4,-2.1311852154532397e-10,-2.030164242734758e-15
0.01,4,A,"XY,YI",1,1.737212730185372e-09,9.651181834363178e-11
0.01,4,A,"XY,YI",2,-2.1239855143518405e-09,-6.55551084676494e-12
0.01,4,A,"XY,YI",3,3.9736552012599526e-10,6.813537725068506e-14
0.01,4,A,"XY,YI",4,-3.0055817220830518e-12,-2.86311320881254e-17
0.01,4,A,"XY,YX",1,6.804906053560276e-09,3.7805033630890423e-10
0.01,4,A,"XY,YX",2,-1.1928486765820868e-08,-3.681631717845947e-11
0.01,4,A,"XY,YX",3,6.088553372444003e-09,1.0439906331351172e-12
0.01,4,A,"XY,YX",4,-8.792055015943294e-10,-8.375300083774667e-15
0.01,4,A,"XY,YY",1,1.0992883656296323e-08,6.107157586831291e-10
0.01,4,A,"XY,YY",2,-1.053470673095987e-08,-3.2514526947407006e-11
0.01,4,A,"XY,YY",3,3.044027330833835e-09,5.219525601566932e-13
0.01,4,A,"XY,YY",4,-2.7187859348858323e-10,-2.5899119178534448e-15
0.01,4,A,"XY,YZ",1,9.776608407195683e-10,5.431449115108713e-11
0.01,4,A,"XY,YZ",2,-2.256280487816999e-09,-6.963828666101849e-12
0.01,4,A,"XY,YZ",3,1.755701965044315e-09,3.0104629030252315e-13
0.01,4,A,"XY,YZ",4,-3.053221233007507e-10,-2.908494544474458e-15
0.01,4,A,"XY,ZI",1,2.688868902530857e-09,1.4938160569615871e-10
0.01,4,A,"XY,ZI",2,-2.3588202229236915e-09,-7.280309330011393e-12
0.01,4,A,"XY,ZI",3,8.181123778499101e-10,1.4027990018002573e-13
0.01,4,A,"XY,ZI",4,-1.0080688700377518e-10,-9.602850842456864e-16
0.01,4,A,"XY,ZX",1,4.13891767214837e-09,2.2993987067490943e-10
0.01,4,A,"XY,ZX",2,-2.1403172572088214e-09,-6.605917460521054e-12
0.01,4,A,"XY,ZX",3,1.0193080188971549e-10,1.7477846688908693e-14
0.01,4,A,"XY,ZX",4,5.299658997454634e-11,5.048448214310542e-16
0.01,4,A,"XY,ZY",1,-4.739420981030764e-09,-2.633011656128202e-10
0.01,4,A,"XY,ZY",2,3.032468265517273e-09,9.359469955300224e-12
0.01,4,A,"XY,ZY",3,4.1081063254489805e-10,7.044078061469445e-14
0.01,4,A,"XY,ZY",4,-2.0533359999788052e-10,-1.956005182116679e-15
0.01,4,A,"XY,ZZ",1,-3.3626521910079483e-09,-1.868140106115527e-10
0.01,4,A,"XY,ZZ",2,8.073700153651901e-09,2.491882763472809e-11
0.01,4,A,"XY,ZZ",3,-4.68775030349707e-09,-8.037980630139009e-13
0.01,4,A,"XY,ZZ",4,7.282250247809474e-10,6.937062040665937e-15
0.01,4,A,"XZ,YI",1,4.410492707636332e-09,2.450273726464629e-10
0.01,4,A,"XZ,YI",2,-6.317673095230192e-09,-1.9498991034661087e-11
0.01,4,A,"XZ,YI",3,3.3052349336044846e-09,5.667412437593423e-13
0.01,4,A,"XZ,YI",4,-4.983845453173381e-10,-4.74760464598897e-15
0.01,4,A,"XZ,YX",1,-4.609547906607059e-09,-2.5608599481150326e-10
0.01,4,A,"XZ,YX",2,1.7911011797364117e-09,5.528090060914851e-12
0.01,4,A,"XZ,YX",3,1.9856021452445109e-10,3.4046676015852384e-14
0.01,4,A,"XZ,YX",4,-1.049563560601644e-10,-9.99812872086614e-16
0.01,4,A,"XZ,YY",1,1.427757705638836e-10,7.931987253549088e-12
0.01,4,A,"XZ,YY",2,-2.7658047333548893e-09,-8.53643436220645e-12
0.01,4,A,"XZ,YY",3,2.2305201081673588e-09,3.8246229563912187e-13
0.01,4,A,"XZ,YY",4,-3.755398151218021e-10,-3.577387356365285e-15
0.01,4,A,"XZ,YZ",1,4.226982683235689e-09,2.348323712908716e-10
0.01,4,A,"XZ,YZ",2,-8.180330426783659e-09,-2.5247933415998946e-11
0.01,4,A,"XZ,YZ",3,4.664257101262283e-09,7.997697361560842e-13
0.01,4,A,"XZ,YZ",4,-7.10074468019896e-10,-6.764160074873267e-15
0.01,4,A,"XZ,ZI",1,-2.382287265574969e-09,-1.323492925319427e-10
0.01,4,A,"XZ,ZI",2,-2.0550518505695092e-10,-6.342752625214535e-13
0.01,4,A,"XZ,ZI",3,6.188749090385304e-10,1.0611709688589342e-13
0.01,4,A,"XZ,ZI",4,-1.1464186454188605e-10,-1.0920768989281936e-15
0.01,4,A,"XZ,ZX",1,-3.03847507260626e-11,-1.6880417070034779e-12
0.01,4,A,"XZ,ZX",2,1.2424363513569244e-09,3.834680096780631e-12
0.01,4,A,"XZ,ZX",3,-7.823955939919458e-10,-1.3415562311247356e-13
0.01,4,A,"XZ,ZX",4,1.189479335665077e-10,1.133096456013829e-15
0.01,4,A,"XZ,ZY",1,7.162830942045901e-09,3.979350523358834e-10
0.01,4,A,"XZ,ZY",2,-7.530672362606226e-09,-2.3242815933969835e-11
0.01,4,A,"XZ,ZY",3,2.968422798062949e-09,5.089888199696414e-13
0.01,4,A,"XZ,ZY",4,-3.6937009187897734e-10,-3.518614653625375e-15
0.01,4,A,"XZ,ZZ",1,-6.759755727253285e-09,-3.755419848474047e-10
0.01,4,A,"XZ,ZZ",2,1.5672539446653482e-08,4.837203532917741e-11
0.01,4,A,"XZ,ZZ",3,-9.638068199531239e-09,-1.6526180040348488e-12
0.01,4,A,"XZ,ZZ",4,1.523817837642968e-09,1.4515868747551516e-14
0.01,4,A,"YI,YX",1,-7.4579006134677e-09,-4.1432781185931665e-10
0.01,4,A,"YI,YX",2,8.761859018624986e-09,2.704277474884255e-11
0.01,4,A,"YI,YX",3,-3.996471402875585e-09,-6.852660155822333e-13
0.01,4,A,"YI,YX",4,5.610562668279556e-10,5.344614643613355e-15
0.01,4,A,"YI,YY",1,-1.5912398428738993e-09,-8.84022134929944e-11
0.01,4,A,"YI,YY",2,1.3416497133272279e-09,4.140894176935888e-12
0.01,4,A,"YI,YY",3,-7.61979452894476e-10,-1.3065491304774966e-13
0.01,4,A,"YI,YY",4,1.249625809628079e-10,1.1903919082724422e-15
0.01,4,A,"YI,YZ",1,4.321544878302247e-09,2.4008582657234705e-10
0.01,4,A,"YI,YZ",2,-5.5671281875079836e-09,-1.718249440588884e-11
0.01,4,A,"YI,YZ",3,2.3185161057430467e-09,3.9755077258968566e-13
0.01,4,A,"YI,YZ",4,-2.998695137242345e-10,-2.8565530571200515e-15
0.01,4,A,"YI,ZI",1,-8.65922574389402e-09,-4.810680968830012e-10
0.01,4,A,"YI,ZI",2,1.3891853805235373e-08,4.2876091991467197e-11
0.01,4,A,"YI,ZI",3,-7.25971133645398e-09,-1.2448064705853876e-12
0.01,4,A,"YI,ZI",4,1.0678416301818783e-09,1.0172245372102941e-14
0.01,4,A,"YI,ZX",1,1.8636483935145253e-09,1.0353602186191807e-10
0.01,4,A,"YI,ZX",2,1.4577704362778993e-10,4.4992914699935164e-13
0.01,4,A,"YI,ZX",3,-7.183066296941099e-10,-1.2316643170337962e-13
0.01,4,A,"YI,ZX",4,1.4154526742316594e-10,1.3483583621319725e-15
0.01,4,A,"YI,ZY",1,1.6907197095355744e-09,9.392887275197635e-11
0.01,4,A,"YI,ZY",2,-3.214372849380177e-09,-9.920903856111658e-12
0.01,4,A,"YI,ZY",3,1.7131384632227719e-09,2.937480218146042e-13
0.01,4,A,"YI,ZY",4,-2.53952210638883e-10,-2.4191454298018877e-15
0.01,4,A,"YI,ZZ",1,-1.3921463944416755e-08,-7.734146635787086e-10
0.01,4,A,"YI,ZZ",2,2.660784743239812e-08,8.212298590246334e-11
0.01,4,A,"YI,ZZ",3,-1.4148551071158512e-08,-2.426020416865314e-12
0.01,4,A,"YI,ZZ",4,2.0952748425591082e-09,1.995956068586256e-14
0.01,4,A,"YX,YY",1,4.832002400137552e-09,2.684445777854195e-10
0.01,4,A,"YX,YY",2,1.1186268089976774e-10,3.452551879622461e-13
0.01,4,A,"YX,YY",3,-1.848756824119834e-09,-3.17002198923154e-13
0.01,4,A,"YX,YY",4,3.9336346909185177e-10,3.747175250455835e-15
0.01,4,A,"YX,YZ",1,-8.130951316030322e-10,-4.5171951755724014e-11
0.01,4,A,"YX,YZ",2,-4.160279807807512e-09,-1.2840369777183678e-11
0.01,4,A,"YX,YZ",3,3.987796563813799e-09,6.837785603247255e-13
0.01,4,A,"YX,YZ",4,-7.128233096110371e-10,-6.7903455038393265e-15
0.01,4,A,"YX,ZI",1,-3.917751736884366e-09,-2.1765287427135366e-10
0.01,4,A,"YX,ZI",2,2.377341891382549e-09,7.33747497340293e-12
0.01,4,A,"YX,ZI",3,-5.80834036848403e-10,-9.959431358854647e-14
0.01,4,A,"YX,ZI",4,5.942984488923478e-11,5.661279234228279e-16
0.01,4,A,"YX,ZX",1,-1.0625380443079968e-08,-5.902989135044427e-10
0.01,4,A,"YX,ZX",2,1.961760026528718e-08,6.054814896693574e-11
0.01,4,A,"YX,ZX",3,-1.0239142192270719e-08,-1.7556828176047186e-12
0.01,4,A,"YX,ZX",4,1.49976106704504e-09,1.428670426616598e-14
0.01,4,A,"YX,ZY",1,8.583037595033694e-09,4.768354219463163e-10
0.01,4,A,"YX,ZY",2,-1.3232169115448966e-08,-4.0840028134101747e-11
0.01,4,A,"YX,ZY",3,6.880005893793747e-09,1.1796992273308894e-12
0.01,4,A,"YX,ZY",4,-1.0172365462970187e-09,-9.69018200633496e-15
0.01,4,A,"YX,ZZ",1,-2.577497428051737e-09,-1.4319430155842983e-10
0.01,4,A,"YX,ZZ",2,7.125997392906736e-09,2.199381911390968e-11
0.01,4,A,"YX,ZZ",3,-4.525017540819204e-09,-7.758946400581626e-13
0.01,4,A,"YX,ZZ",4,7.213168150787801e-10,6.871254525594232e-15
0.01,4,A,"YY,YZ",1,1.4039196700999883e-08,7.799553722777713e-10
0.01,4,A,"YY,YZ",2,-2.686703297041452e-08,-8.292294126671148e-11
0.01,4,A,"YY,YZ",3,1.4286496807807788e-08,2.4496736638902245e-12
0.01,4,A,"YY,YZ",4,-2.1099744223871565e-09,-2.0099588690626015e-14
0.01,4,A,"YY,ZI",1,-2.1472566514369737e-09,-1.1929203619094298e-10
0.01,4,A,"YY,ZI",2,-1.493707800365296e-09,-4.610209260386716e-12
0.01,4,A,"YY,ZI",3,1.4019396384535487e-09,2.403874551532148e-13
0.01,4,A,"YY,ZI",4,-2.251659373378192e-10,-2.1449277676594575e-15
0.01,4,A,"YY,ZX",1,2.0877438468162795e-09,1.1598576926757108e-10
0.01,4,A,"YY,ZX",2,-1.3165220056281248e-10,-4.063339523543595e-13
0.01,4,A,"YY,ZX",3,-8.906500918679095e-10,-1.527177798127417e-13
0.01,4,A,"YY,ZX",4,1.8978750521648394e-10,1.807913287003543e-15
0.01,4,A,"YY,ZY",1,1.3350463985614876e-09,7.416924436452709e-11
0.01,4,A,"YY,ZY",2,-1.232734452341097e-09,-3.804735964015732e-12
0.01,4,A,"YY,ZY",3,7.759365773464546e-10,1.3304810997024255e-13
0.01,4,A,"YY,ZY",4,-1.3019098647395134e-10,-1.2401976306389207e-15
0.01,4,A,"YY,ZZ",1,-1.89158271207645e-08,-1.0508792844869168e-09
0.01,4,A,"YY,ZZ",2,4.414021669948883e-08,1.3623523672681737e-10
0.01,4,A,"YY,ZZ",3,-2.546037827276469e-08,-4.365634134561846e-12
0.01,4,A,"YY,ZZ",4,3.876298171234245e-09,3.69255655695992e-14
0.01,4,A,"YZ,ZI",1,7.906550560476556e-09,4.392528089153642e-10
0.01,4,A,"YZ,ZI",2,-1.059506510161114e-08,-3.27008182148492e-11
0.01,4,A,"YZ,ZI",3,4.404855338464269e-09,7.552906958957937e-13
0.01,4,A,"YZ,ZI",4,-5.539491135286363e-10,-5.276911994442885e-15
0.01,4,A,"YZ,ZX",1,7.399665418809994e-10,4.1109252326722185e-11
0.01,4,A,"YZ,ZX",2,-3.780502342412355e-09,-1.1668217106210973e-11
0.01,4,A,"YZ,ZX",3,2.258087216365086e-09,3.871891660433961e-13
0.01,4,A,"YZ,ZX",4,-3.503240046696257e-10,-3.3371818765205925e-15
0.01,4,A,"YZ,ZY",1,-1.899775895282321e-09,-1.0554310529346229e-10
0.01,4,A,"YZ,ZY",2,-2.2179877685451365e-10,-6.845641260941779e-13
0.01,4,A,"YZ,ZY",3,9.032916361779885e-10,1.5488539714986085e-13
0.01,4,A,"YZ,ZY",4,-1.7863848366352463e-10,-1.7017078538287287e-15
0.01,4,A,"YZ,ZZ",1,5.944878270488262e-09,3.3027101502712564e-10
0.01,4,A,"YZ,ZZ",2,-1.2680799899093414e-08,-3.913827129349819e-11
0.01,4,A,"YZ,ZZ",3,6.932052944033185e-09,1.188623618661383e-12
0.01,4,A,"YZ,ZZ",4,-1.0436113342077935e-09,-9.941427890258664e-15
0.01,4,A,"ZI,ZX",1,-1.5790717918359955e-08,-8.77262106575553e-10
0.01,4,A,"ZI,ZX",2,2.4388339532244655e-08,7.527265287729832e-11
0.01,4,A,"ZI,ZX",3,-1.1643984546044368e-08,-1.996567994863575e-12
0.01,4,A,"ZI,ZX",4,1.6314840926339741e-09,1.554149608133263e-14
0.01,4,A,"ZI,ZY",1,6.6482947693392915e-09,3.693497094077384e-10
0.01,4,A,"ZI,ZY",2,-1.2326882278477539e-08,-3.8045932958264006e-11
0.01,4,A,"ZI,ZY",3,6.519990963977447e-09,1.1179682722869422e-12
0.01,4,A,"ZI,ZY",4,-9.720070628633816e-10,-9.259326540003254e-15
0.01,4,A,"ZI,ZZ",1,8.803737592825382e-09,4.890965329347435e-10
0.01,4,A,"ZI,ZZ",2,-1.588901710208833e-08,-4.904017624101337e-11
0.01,4,A,"ZI,ZZ",3,8.03038154327893e-09,1.3769515677775945e-12
0.01,4,A,"ZI,ZZ",4,-1.1520294544863787e-09,-1.0974217482913987e-14
0.01,4,A,"ZX,ZY",1,-9.500128553742431e-09,-5.277849196523573e-10
0.01,4,A,"ZX,ZY",2,1.335560692759726e-08,4.122100903579401e-11
0.01,4,A,"ZX,ZY",3,-5.845680206270745e-09,-1.002345714381129e-12
0.01,4,A,"ZX,ZY",4,7.828834022080385e-10,7.457737027587625e-15
0.01,4,A,"ZX,ZZ",1,8.102274111251094e-09,4.5012633951394966e-10
0.01,4,A,"ZX,ZZ",2,-1.1460015774919523e-08,-3.537041905839359e-11
0.01,4,A,"ZX,ZZ",3,4.374006931993329e-09,7.500011886133966e-13
0.01,4,A,"ZX,ZZ",4,-5.141507728171798e-10,-4.897793522492568e-15
0.01,4,A,"ZY,ZZ",1,-7.615475389001376e-09,-4.2308196605563204e-10
0.01,4,A,"ZY,ZZ",2,4.2143805205744835e-09,1.3007347285723715e-11
0.01,4,A,"ZY,ZZ",3,1.3207618697808026e-10,2.2646808466749015e-14
0.01,4,A,"ZY,ZZ",4,-1.8833965704655876e-10,-1.7941211043148793e-15
1.0,2,H,IX,1,-5.130388981163035e-09,-2.8502161006461304e-10
1.0,2,H,IX,2,1.2992979706591915e-09,4.010178921787628e-12
1.0,2,H,IY,1,4.179087585590153e-09,2.3217153253278625e-10
1.0,2,H,IY,2,-7.890635083673643e-10,-2.4353811986647047e-12
1.0,2,H,IZ,1,-3.6994792158538164e-10,-2.055266231029898e-11
1.0,2,H,IZ,2,9.210097740390637e-11,2.842622759379826e-13
1.0,2,H,XI,1,-1.1242007486429247e-08,-6.245559714682915e-10
1.0,2,H,XI,2,2.6977773429667254e-09,8.326473280761498e-12
1.0,2,H,XX,1,-4.164711765393503e-05,-2.313728758551946e-06
1.0,2,H,XX,2,6.644093176915559e-07,2.0506460422578886e-09
1.0,2,H,XY,1,-1.5523334645895453e-09,-8.624074803275252e-11
1.0,2,H,XY,2,6.419686540800172e-10,1.981384734814868e-12
1.0,2,H,XZ,1,1.9341253447033185e-09,1.0745140803907325e-10
1.0,2,H,XZ,2,-6.878596003209953e-10,-2.1230234577808497e-12
1.0,2,H,YI,1,-2.32377904001396e-09,-1.2909883555633113e-10
1.0,2,H,YI,2,5.852189630234619e-10,1.8062313673563637e-12
1.0,2,H,YX,1,5.985555341521543e-09,3.3253085230675237e-10
1.0,2,H,YX,2,-1.398118105026025e-09,-4.315179336500077e-12
1.0,2,H,YY,1,4.385001579908875e-09,2.436111988838264e-10
1.0,2,H,YY,2,-1.479698750787272e-09,-4.566971453047136e-12
1.0,2,H,YZ,1,3.0680312823570864e-09,1.7044618235317148e-10
1.0,2,H,YZ,2,-9.579021475369231e-10,-2.9564881096818617e-12
1.0,2,H,ZI,1,2.2895913522160582e-10,1.2719951956755879e-11
1.0,2,H,ZI,2,-6.253983838855912e-11,-1.9302419255728123e-13
1.0,2,H,ZX,1,2.1142467528926564e-09,1.174581529384809e-10
1.0,2,H,ZX,2,-7.285976722641266e-10,-2.248758247728786e-12
1.0,2,H,ZY,1,-5.546621843429591e-09,-3.0814565796831064e-10
1.0,2,H,ZY,2,9.822372425266592e-10,3.0315964275514173e-12
1.0,2,H,ZZ,1,-1.1125874621118858e-15,-6.181041456177143e-17
1.0,2,H,ZZ,2,2.6929657799254003e-16,8.311622777547532e-19
1.0,2,S,IX,1,0.0006394136389003876,3.552297993891042e-05
1.0,2,S,IX,2,-1.962568349211238e-06,-6.057309719787772e-09
1.0,2,S,IY,1,-1.3375524998068084e-09,-7.430847221148936e-11
1.0,2,S,IY,2,3.6876318667121317e-10,1.138157983553127e-12
1.0,2,S,IZ,1,-8.711610125185447e-10,-4.839783402880804e-11
1.0,2,S,IZ,2,1.4981734537248666e-10,4.623992141126131e-13
1.0,2,S,XI,1,0.0006394155118148779,3.5523083989715436e-05
1.0,2,S,XI,2,-1.9622920736519263e-06,-6.0564570174442166e-09
1.0,2,S,XX,1,0.00015451724623199092,8.584291457332828e-06
1.0,2,S,XX,2,1.0203216335426072e-06,3.1491408442673062e-09
1.0,2,S,XY,1,-3.162829466543118e-09,-1.7571274814128435e-10
1.0,2,S,XY,2,7.372435780742742e-10,2.2754431422045498e-12
1.0,2,S,XZ,1,-1.4740268262353346e-10,-8.189037923529637e-12
1.0,2,S,XZ,2,2.5468299384061977e-10,7.860586229648759e-13
1.0,2,S,YI,1,2.7967536753163625e-09,1.5537520418424237e-10
1.0,2,S,YI,2,-5.51386989128764e-10,-1.7018116948418642e-12
1.0,2,S,YX,1,-2.283609695805005e-09,-1.2686720532250028e-10
1.0,2,S,YX,2,5.60498041066834e-10,1.7299322255149197e-12
1.0,2,S,YY,1,4.694308351787526e-09,2.6079490843264033e-10
1.0,2,S,YY,2,-9.197107604303922e-10,-2.8386134581184943e-12
1.0,2,S,YZ,1,4.014368983160519e-09,2.2302049906447328e-10
1.0,2,S,YZ,2,-7.417071313772072e-10,-2.2892195412876765e-12
1.0,2,S,ZI,1,-1.3434658895336213e-09,-7.463699386297896e-11
1.0,2,S,ZI,2,2.5515489981999604e-10,7.875151229012223e-13
1.0,2,S,ZX,1,1.7075651887364868e-09,9.48647327075826e-11
1.0,2,S,ZX,2,-3.900961293682369e-10,-1.2040003992846818e-12
1.0,2,S,ZY,1,4.8334212788757804e-09,2.685234043819878e-10
1.0,2,S,ZY,2,-1.0354881435335808e-09,-3.1959510602888296e-12
1.0,2,S,ZZ,1,5.365585232377011e-09,2.9808806846538954e-10
1.0,2,S,ZZ,2,-1.2170208727951652e-09,-3.756237261713473e-12
1.0,2,C,"IX,IY",1,-1.5600160755830105e-09,-8.66675597546117e-11
1.0,2,C,"IX,IY",2,2.9718995406695246e-10,9.17252944651088e-13
1.0,2,C,"IX,IZ",1,-3.2213760002807665e-09,-1.7896533334893148e-10
1.0,2,C,"IX,IZ",2,6.37877370269693e-10,1.9687573156472007e-12
1.0,2,C,"IX,XI",1,0.0006394150149941957,3.552305638856643e-05
1.0,2,C,"IX,XI",2,-1.96252783206138e-06,-6.0571846668561105e-09
1.0,2,C,"IX,XX",1,-4.141962280898894e-09,-2.301090156054941e-10
1.0,2,C,"IX,XX",2,7.94891639114739e-10,2.453369256526972e-12
1.0,2,C,"IX,XY",1,-1.9792595662176757e-09,-1.0995886478987087e-10
1.0,2,C,"IX,XY",2,5.526798468996832e-10,1.7058019966039603e-12
1.0,2,C,"IX,XZ",1,8.529604747918455e-10,4.738669304399142e-11
1.0,2,C,"IX,XZ",2,8.324044072840784e-11,2.569149405197773e-13
1.0,2,C,"IX,YI",1,3.82663018546115e-10,2.125905658589528e-11
1.0,2,C,"IX,YI",2,-1.5654307796524395e-10,-4.831576480408764e-13
1.0,2,C,"IX,YX",1,1.1062727061754781e-09,6.145959478752657e-11
1.0,2,C,"IX,YX",2,-1.23926159705537e-10,-3.8248814723931173e-13
1.0,2,C,"IX,YY",1,1.1606517047677024e-09,6.448065026487235e-11
1.0,2,C,"IX,YY",2,-1.7784958376093034e-11,-5.4891846839793314e-14
1.0,2,C,"IX,YZ",1,2.968251246218147e-11,1.6490284701211928e-12
1.0,2,C,"IX,YZ",2,-8.172029539026298e-12,-2.5222313392056476e-14
1.0,2,C,"IX,ZI",1,-4.307078214052693e-10,-2.3928212300292738e-11
1.0,2,C,"IX,ZI",2,-1.495839721357192e-10,-4.616789263448123e-13
1.0,2,C,"IX,ZX",1,8.587709083893495e-10,4.7709494910519416e-11
1.0,2,C,"IX,ZX",2,-7.38195833917424e-12,-2.2783822034488398e-14
1.0,2,C,"IX,ZY",1,-2.600910355765845e-10,-1.4449501976476915e-11
1.0,2,C,"IX,ZY",2,6.82668444149881e-11,2.1070013708329661e-13
1.0,2,C,"IX,ZZ",1,2.183128890552361e-09,1.2128493836402005e-10
1.0,2,C,"IX,ZZ",2,-2.1000903831476175e-10,-6.481760441813634e-13
1.0,2,C,"IY,IZ",1,4.137134193523671e-12,2.298407885290928e-13
1.0,2,C,"IY,IZ",2,6.908020155403759e-12,2.1321049862357282e-14
1.0,2,C,"IY,XI",1,-1.8482747843060164e-10,-1.0268193246144535e-11
1.0,2,C,"IY,XI",2,2.319214447014056e-12,7.15806928090758e-15
1.0,2,C,"IY,XX",1,2.640834365040297e-09,1.467130202800165e-10
1.0,2,C,"IY,XX",2,-8.342719178939161e-10,-2.5749133268330745e-12
1.0,2,C,"IY,XY",1,-1.1371918673349268e-09,-6.317732596305149e-11
1.0,2,C,"IY,XY",2,2.456271966240402e-10,7.581086315556797e-13
1.0,2,C,"IY,XZ",1,-1.4818335367400557e-09,-8.232408537444753e-11
1.0,2,C,"IY,XZ",2,4.779183869366775e-10,1.4750567498045603e-12
1.0,2,C,"IY,YI",1,2.014587337578315e-09,1.1192151875435083e-10
1.0,2,C,"IY,YI",2,-3.842875167515031e-10,-1.1860725825663676e-12
1.0,2,C,"IY,YX",1,1.046250187320346e-09,5.812501040668589e-11
1.0,2,C,"IY,YX",2,-3.0673059818784417e-10,-9.466993771229758e-13
1.0,2,C,"IY,YY",1,2.169042455053418e-09,1.2050235861407878e-10
1.0,2,C,"IY,YY",2,-3.599960158269829e-10,-1.1110988142808113e-12
1.0,2,C,"IY,YZ",1,1.4637470811904476e-09,8.13192822883582e-11
1.0,2,C,"IY,YZ",2,-1.63225591794009e-10,-5.0378269072225e-13
1.0,2,C,"IY,ZI",1,-3.845745279068786e-10,-2.1365251550382145e-11
1.0,2,C,"IY,ZI",2,6.896966173807334e-11,2.1286932635207823e-13
1.0,2,C,"IY,ZX",1,8.162641391695594e-10,4.534800773164219e-11
1.0,2,C,"IY,ZX",2,-1.8038820274586022e-10,-5.567537121785809e-13
1.0,2,C,"IY,ZY",1,-3.268530801056907e-10,-1.815850445031615e-11
1.0,2,C,"IY,ZY",2,1.7407156975281627e-10,5.372579313358527e-13
1.0,2,C,"IY,ZZ",1,9.437587081436228e-10,5.2431039341312375e-11
1.0,2,C,"IY,ZZ",2,-3.720595711741173e-10,-1.1483320097966582e-12
1.0,2,C,"IZ,XI",1,-1.9795110761471e-09,-1.0997283756372777e-10
1.0,2,C,"IZ,XI",2,3.737826396481218e-10,1.1536501223707464e-12
1.0,2,C,"IZ,XX",1,1.3864065666542203e-09,7.702258703634558e-11
1.0,2,C,"IZ,XX",2,-6.050876553531286e-10,-1.8675544918306437e-12
1.0,2,C,"IZ,XY",1,5.175545529255235e-09,2.875303071808464e-10
1.0,2,C,"IZ,XY",2,-1.0977202276574144e-09,-3.3880253940043653e-12
1.0,2,C,"IZ,XZ",1,3.9482707139242786e-10,2.1934837299579326e-11
1.0,2,C,"IZ,XZ",2,-1.0179023242432375e-10,-3.141673840256906e-13
1.0,2,C,"IZ,YI",1,2.68569981560562e-09,1.4920554531142332e-10
1.0,2,C,"IZ,YI",2,-5.779171146816326e-10,-1.7836947984001008e-12
1.0,2,C,"IZ,YX",1,-7.918757580702671e-10,-4.3993097670570396e-11
1.0,2,C,"IZ,YX",2,2.536113462305088e-10,7.827510686126815e-13
1.0,2,C,"IZ,YY",1,2.167035094671721e-09,1.203908385928734e-10
1.0,2,C,"IZ,YY",2,-5.189061520683814e-10,-1.6015621977419178e-12
1.0,2,C,"IZ,YZ",1,-3.0448466768678814e-09,-1.691581487148823e-10
1.0,2,C,"IZ,YZ",2,5.820468544031492e-10,1.796440908651695e-12
1.0,2,C,"IZ,ZI",1,-2.12911742020963e-09,-1.1828430112275722e-10
1.0,2,C,"IZ,ZI",2,3.2917207055483634e-10,1.0159631807248036e-12
1.0,2,C,"IZ,ZX",1,2.5207888851811693e-09,1.4004382695450942e-10
1.0,2,C,"IZ,ZX",2,-5.049314677350685e-10,-1.5584304559724336e-12
1.0,2,C,"IZ,ZY",1,1.7457211859472814e-10,9.698451033040452e-12
1.0,2,C,"IZ,ZY",2,4.127067613182719e-11,1.2737863003650368e-13
1.0,2,C,"IZ,ZZ",1,-8.025798944631658e-10,-4.458777191462032e-11
1.0,2,C,"IZ,ZZ",2,3.1052258614639687e-10,9.584030436617186e-13
1.0,2,C,"XI,XX",1,3.228475432539826e-10,1.7935974625221255e-11
1.0,2,C,"XI,XX",2,-7.938506350608576e-11,-2.4501562810520295e-13
1.0,2,C,"XI,XY",1,-2.309623835926246e-09,-1.283124353292359e-10
1.0,2,C,"XI,XY",2,5.433787247659741e-10,1.6770948295246115e-12
1.0,2,C,"XI,XZ",1,2.237146951770441e-09,1.242859417650245e-10
1.0,2,C,"XI,XZ",2,-2.798282417686292e-10,-8.636674128661395e-13
1.0,2,C,"XI,YI",1,7.152379332325972e-10,3.973544073514429e-11
1.0,2,C,"XI,YI",2,-1.429104272904786e-10,-4.410815657113537e-13
1.0,2,C,"XI,YX",1,-2.4056195004596947e-10,-1.3364552780331638e-11
1.0,2,C,"XI,YX",2,6.709080334889291e-11,2.070703807064596e-13
1.0,2,C,"XI,YY",1,2.0606150576017674e-09,1.144786143112093e-10
1.0,2,C,"XI,YY",2,-1.7043441592429818e-10,-5.260321479145005e-13
1.0,2,C,"XI,YZ",1,-1.1563587236910605e-10,-6.424215131617003e-12
1.0,2,C,"XI,YZ",2,3.459398326021974e-11,1.0677155327228315e-13
1.0,2,C,"XI,ZI",1,1.3587503843158073e-09,7.54861324619893e-11
1.0,2,C,"XI,ZI",2,-4.865028852170217e-10,-1.5015521148673511e-12
1.0,2,C,"XI,ZX",1,2.656652998047929e-09,1.4759183322488494e-10
1.0,2,C,"XI,ZX",2,-2.714568240890576e-10,-8.378297039785728e-13
1.0,2,C,"XI,ZY",1,3.4586207859475315e-10,1.9214559921930732e-11
1.0,2,C,"XI,ZY",2,-9.464785226606224e-11,-2.9212300082117975e-13
1.0,2,C,"XI,ZZ",1,2.9519021179344973e-10,1.6399456210747208e-11
1.0,2,C,"XI,ZZ",2,1.857212531110314e-10,5.7321374416985e-13
1.0,2,C,"XX,XY",1,3.3714159844105693e-10,1.873008880228094e-11
1.0,2,C,"XX,XY",2,-5.4404355680025816e-11,-1.6791467802477103e-13
1.0,2,C,"XX,XZ",1,-4.344527761351936e-09,-2.413626534084409e-10
1.0,2,C,"XX,XZ",2,8.258211527788482e-10,2.548830718453235e-12
1.0,2,C,"XX,YI",1,2.1008174126545624e-09,1.1671207848080902e-10
1.0,2,C,"XX,YI",2,-7.137471312461978e-10,-2.20292324458703e-12
1.0,2,C,"XX,YX",1,2.15416878289101e-10,1.19676043493945e-11
1.0,2,C,"XX,YX",2,-4.766911069576814e-11,-1.471268848634819e-13
1.0,2,C,"XX,YY",1,-3.5854734915796077e-09,-1.9919297175442266e-10
1.0,2,C,"XX,YY",2,2.2082403852735347e-10,6.815556744671404e-13
1.0,2,C,"XX,YZ",1,-2.6193861675423443e-09,-1.4552145375235247e-10
1.0,2,C,"XX,YZ",2,8.705490881010342e-10,2.686879901546402e-12
1.0,2,C,"XX,ZI",1,-6.1719206953776735e-09,-3.428844830765374e-10
1.0,2,C,"XX,ZI",2,1.439565155298592e-09,4.443102331168494e-12
1.0,2,C,"XX,ZX",1,2.137294947929018e-09,1.187386082182788e-10
1.0,2,C,"XX,ZX",2,-5.437464756337774e-10,-1.6782298630672144e-12
1.0,2,C,"XX,ZY",1,-2.8292379528658105e-09,-1.571798862703228e-10
1.0,2,C,"XX,ZY",2,9.020159811141445e-10,2.7839999417103225e-12
1.0,2,C,"XX,ZZ",1,-4.978152065785626e-11,-2.76564003654757e-12
1.0,2,C,"XX,ZZ",2,-2.7243397867410384e-11,-8.408456131916786e-14
1.0,2,C,"XY,XZ",1,-1.0876636086743487e-09,-6.042575603746381e-11
1.0,2,C,"XY,XZ",2,3.2326754476961793e-10,9.977393357086973e-13
1.0,2,C,"XY,YI",1,-1.8899771628314226e-09,-1.0499873126841236e-10
1.0,2,C,"XY,YI",2,3.186676918073241e-10,9.835422586645806e-13
1.0,2,C,"XY,YX",1,1.656882030821594e-10,9.204900171231078e-12
1.0,2,C,"XY,YX",2,1.328638192600684e-10,4.1007351623477903e-13
1.0,2,C,"XY,YY",1,-1.7392034365214106e-09,-9.662241314007837e-11
1.0,2,C,"XY,YY",2,3.790329970570393e-10,1.1698549291883928e-12
1.0,2,C,"XY,YZ",1,-8.302836591341526e-10,-4.612686995189737e-11
1.0,2,C,"XY,YZ",2,1.7031338547403316e-10,5.256585971420777e-13
1.0,2,C,"XY,ZI",1,-2.5249922899805917e-10,-1.402773494433662e-11
1.0,2,C,"XY,ZI",2,2.1737454361906493e-10,6.709090852440275e-13
1.0,2,C,"XY,ZX",1,-2.860194441659744e-09,-1.588996912033191e-10
1.0,2,C,"XY,ZX",2,5.165778850198944e-10,1.5943761883330074e-12
1.0,2,C,"XY,ZY",1,5.667280401235009e-10,3.148489111797227e-11
1.0,2,C,"XY,ZY",2,-2.818092023155488e-10,-8.69781488628237e-13
1.0,2,C,"XY,ZZ",1,-1.310903042277509e-09,-7.282794679319495e-11
1.0,2,C,"XY,ZZ",2,3.842411948961375e-10,1.1859296138769677e-12
1.0,2,C,"XZ,YI",1,2.025846147170802e-09,1.1254700817615567e-10
1.0,2,C,"XZ,YI",2,-4.0591105787650434e-10,-1.2528119070262479e-12
1.0,2,C,"XZ,YX",1,9.626599164828894e-10,5.348110647127163e-11
1.0,2,C,"XZ,YX",2,-3.4704284650963825e-10,-1.0711198966346859e-12
1.0,2,C,"XZ,YY",1,1.9344366060284554e-09,1.0746870033491419e-10
1.0,2,C,"XZ,YY",2,-2.530478419713332e-10,-7.810118579362135e-13
1.0,2,C,"XZ,YZ",1,2.5788631111157924e-10,1.4327017283976624e-11
1.0,2,C,"XZ,YZ",2,6.437715265855135e-11,1.9869491561281281e-13
1.0,2,C,"XZ,ZI",1,-2.77710172272212e-10,-1.5428342904011776e-11
1.0,2,C,"XZ,ZI",2,1.1521333655436692e-10,3.5559671776039173e-13
1.0,2,C,"XZ,ZX",1,2.2306548159286976e-09,1.2392526755159432e-10
1.0,2,C,"XZ,ZX",2,-4.715248332149159e-10,-1.455323559305296e-12
1.0,2,C,"XZ,ZY",1,-6.261080567152673e-10,-3.478378092862596e-11
1.0,2,C,"XZ,ZY",2,2.0690059391201903e-10,6.385820799753674e-13
1.0,2,C,"XZ,ZZ",1,7.53449375391814e-10,4.1858298632878554e-11
1.0,2,C,"XZ,ZZ",2,-2.6778327388083367e-10,-8.264915860519558e-13
1.0,2,C,"YI,YX",1,-1.311236856247941e-09,-7.28464920137745e-11
1.0,2,C,"YI,YX",2,2.987943200628596e-10,9.222046915520358e-13
1.0,2,C,"YI,YY",1,4.034021270820452e-09,2.2411229282335844e-10
1.0,2,C,"YI,YY",2,-8.236437460312534e-10,-2.5421103272569548e-12
1.0,2,C,"YI,YZ",1,-1.8385343877212882e-09,-1.0214079931784934e-10
1.0,2,C,"YI,YZ",2,4.86394504406404e-10,1.501217606192605e-12
1.0,2,C,"YI,ZI",1,7.624117778144433e-10,4.235620987858018e-11
1.0,2,C,"YI,ZI",2,-1.939171608560244e-10,-5.985097557284704e-13
1.0,2,C,"YI,ZX",1,2.9036144309980804e-09,1.6131191283322668e-10
1.0,2,C,"YI,ZX",2,-6.04763957614667e-10,-1.8665554247366264e-12
1.0,2,C,"YI,ZY",1,-9.114356498992588e-10,-5.063531388329215e-11
1.0,2,C,"YI,ZY",2,2.8551599387711773e-10,8.812222033244375e-13
1.0,2,C,"YI,ZZ",1,-4.3551834650054785e-10,-2.419546369447488e-11
1.0,2,C,"YI,ZZ",2,6.039453514282644e-11,1.8640288624329148e-13
1.0,2,C,"YX,YY",1,-3.8171936762628166e-10,-2.1206631534793424e-11
1.0,2,C,"YX,YY",2,3.241101660566626e-11,1.000340018693403e-13
1.0,2,C,"YX,YZ",1,1.9420688237410346e-09,1.0789271243005747e-10
1.0,2,C,"YX,YZ",2,-4.666598199630732e-10,-1.4403080863057813e-12
1.0,2,C,"YX,ZI",1,5.222638071033173e-09,2.9014655950184294e-10
1.0,2,C,"YX,ZI",2,-1.1557463102451496e-09,-3.5671182414973754e-12
1.0,2,C,"YX,ZX",1,1.867339028552112e-09,1.0374105714178401e-10
1.0,2,C,"YX,ZX",2,-4.01174785544783e-10,-1.2381937825456265e-12
1.0,2,C,"YX,ZY",1,7.402061669508368e-10,4.112256483060204e-11
1.0,2,C,"YX,ZY",2,-1.391432656528514e-10,-4.2945452361991174e-13
1.0,2,C,"YX,ZZ",1,-9.166686065215394e-10,-5.0926033695641075e-11
1.0,2,C,"YX,ZZ",2,2.329948519997734e-10,7.191199135795475e-13
1.0,2,C,"YY,YZ",1,-1.561077267427535e-09,-8.672651485708528e-11
1.0,2,C,"YY,YZ",2,4.763760420625404e-10,1.4702964261189519e-12
1.0,2,C,"YY,ZI",1,2.2997683394808206e-11,1.2776490774893447e-12
1.0,2,C,"YY,ZI",2,2.57679489231949e-11,7.953070655307069e-14
1.0,2,C,"YY,ZX",1,3.095242937249052e-09,1.7195794095828067e-10
1.0,2,C,"YY,ZX",2,-6.2538881795644e-10,-1.9302124011001234e-12
1.0,2,C,"YY,ZY",1,-1.0333854426481309e-09,-5.741030236934061e-11
1.0,2,C,"YY,ZY",2,2.8884378828980795e-10,8.914931737339751e-13
1.0,2,C,"YY,ZZ",1,-1.5180098893448686e-10,-8.433388274138159e-12
1.0,2,C,"YY,ZZ",2,-4.671446035136624e-11,-1.4418043318322913e-13
1.0,2,C,"YZ,ZI",1,-2.988733033802517e-10,-1.6604072410013982e-11
1.0,2,C,"YZ,ZI",2,4.6876971391365314e-11,1.4468201046717688e-13
1.0,2,C,"YZ,ZX",1,-1.7028858674059598e-09,-9.460477041144221e-11
1.0,2,C,"YZ,ZX",2,3.4871921560666634e-10,1.0762938753292171e-12
1.0,2,C,"YZ,ZY",1,6.015641911530035e-10,3.3420232841833527e-11
1.0,2,C,"YZ,ZY",2,-7.324536743094099e-11,-2.2606594886092898e-13
1.0,2,C,"YZ,ZZ",1,-3.0049999469227524e-10,-1.6694444149570846e-11
1.0,2,C,"YZ,ZZ",2,-1.2619708637656501e-11,-3.894971801745834e-14
1.0,2,C,"ZI,ZX",1,-2.1932980848074455e-09,-1.2184989360041363e-10
1.0,2,C,"ZI,ZX",2,4.822169039312097e-10,1.4883237775654621e-12
1.0,2,C,"ZI,ZY",1,-4.091780481991141e-09,-2.2732113788839673e-10
1.0,2,C,"ZI,ZY",2,8.38154255522825e-10,2.5868958503790893e-12
1.0,2,C,"ZI,ZZ",1,1.5428164622356982e-09,8.571202567976101e-11
1.0,2,C,"ZI,ZZ",2,-3.033977272356389e-10,-9.364127383816015e-13
1.0,2,C,"ZX,ZY",1,-6.290143187643832e-10,-3.4945239931354625e-11
1.0,2,C,"ZX,ZY",2,1.372656866004035e-10,4.2365952654445527e-13
1.0,2,C,"ZX,ZZ",1,3.811831190617077e-10,2.117683994787265e-11
1.0,2,C,"ZX,ZZ",2,-6.613946511380706e-11,-2.0413415158582426e-13
1.0,2,C,"ZY,ZZ",1,-4.132594180968901e-10,-2.2958856560938337e-11
1.0,2,C,"ZY,ZZ",2,1.0332025134530421e-10,3.1888966464600067e-13
1.0,2,A,"IX,IY",1,-2.111330091656663e-09,-1.1729611620314794e-10
1.0,2,A,"IX,IY",2,1.6078245177033998e-10,4.962421350936419e-13
1.0,2,A,"IX,IZ",1,-1.5677504125635813e-09,-8.709724514242119e-11
1.0,2,A,"IX,IZ",2,4.3810219005807537e-10,1.3521672532656647e-12
1.0,2,A,"IX,XI",1,-1.099596708310014e-08,-6.1088706017223e-10
1.0,2,A,"IX,XI",2,2.471315367383837e-09,7.627516565999497e-12
1.0,2,A,"IX,XX",1,-1.0559574348943352e-08,-5.866430193857417e-10
1.0,2,A,"IX,XX",2,2.5685767947423772e-09,7.927706156612276e-12
1.0,2,A,"IX,XY",1,-2.512003567629961e-11,-1.3955575375722005e-12
1.0,2,A,"IX,XY",2,4.765321479042214e-11,1.4707782342722883e-13
1.0,2,A,"IX,XZ",1,1.865585887121795e-10,1.0364366039565527e-11
1.0,2,A,"IX,XZ",2,-3.699687329029493e-11,-1.1418788052560163e-13
1.0,2,A,"IX,YI",1,-1.8126424554229715e-09,-1.0070235863460953e-10
1.0,2,A,"IX,YI",2,9.838811249154494e-11,3.0366701386279303e-13
1.0,2,A,"IX,YX",1,-2.085866389793461e-09,-1.1588146609963672e-10
1.0,2,A,"IX,YX",2,6.003907887810262e-10,1.8530579900648955e-12
1.0,2,A,"IX,YY",1,-3.374699229914922e-09,-1.87483290550829e-10
1.0,2,A,"IX,YY",2,1.0259933181035737e-09,3.1666460435295483e-12
1.0,2,A,"IX,YZ",1,-3.698127155114297e-09,-2.0545150861746095e-10
1.0,2,A,"IX,YZ",2,8.379252694205284e-10,2.586189103149779e-12
1.0,2,A,"IX,ZI",1,6.26198918276269e-10,3.478882879312606e-11
1.0,2,A,"IX,ZI",2,5.866343217472978e-11,1.8105997584793141e-13
1.0,2,A,"IX,ZX",1,-1.515342526185711e-09,-8.418569589920616e-11
1.0,2,A,"IX,ZX",2,3.244960837826371e-10,1.001531122785917e-12
1.0,2,A,"IX,ZY",1,4.775951655709856e-09,2.6533064753943645e-10
1.0,2,A,"IX,ZY",2,-1.1142838066784472e-09,-3.4391475514766888e-12
1.0,2,A,"IX,ZZ",1,-2.374743093655593e-09,-1.3193017186975516e-10
1.0,2,A,"IX,ZZ",2,7.374633435581918e-10,2.27612143073516e-12
1.0,2,A,"IY,IZ",1,3.1036350320772257e-09,1.7242416844873477e-10
1.0,2,A,"IY,IZ",2,-5.874635090781293e-10,-1.8131589786362015e-12
1.0,2,A,"IY,XI",1,6.271536003904925e-10,3.484186668836069e-11
1.0,2,A,"IY,XI",2,1.2367788546721427e-10,3.8172186872597e-13
1.0,2,A,"IY,XX",1,3.718413074452342e-09,2.065785041362412e-10
1.0,2,A,"IY,XX",2,-7.723272633769484e-10,-2.383726121533791e-12
1.0,2,A,"IY,XY",1,-4.560339459930066e-09,-2.53352192218337e-10
1.0,2,A,"IY,XY",2,1.0986391215651447e-09,3.390861486312175e-12
1.0,2,A,"IY,XZ",1,-7.789645397359225e-11,-4.32758077631068e-12
1.0,2,A,"IY,XZ",2,1.1437877036014813e-10,3.530208961732967e-13
1.0,2,A,"IY,YI",1,-1.8132482203495244e-09,-1.0073601224164024e-10
1.0,2,A,"IY,YI",2,4.184568180519182e-10,1.2915333890491301e-12
1.0,2,A,"IY,YX",1,1.2397389340094812e-09,6.887438522274895e-11
1.0,2,A,"IY,YX",2,-2.3762903723526487e-10,-7.334229544298299e-13
1.0,2,A,"IY,YY",1,-1.3994953984705662e-09,-7.77497443594759e-11
1.0,2,A,"IY,YY",2,4.104617192407435e-10,1.266857158150443e-12
1.0,2,A,"IY,YZ",1,-8.204375410841388e-10,-4.5579863393563266e-11
1.0,2,A,"IY,YZ",2,1.5406370676609642e-10,4.755052677965939e-13
1.0,2,A,"IY,ZI",1,1.4368300929779349e-09,7.982389405432971e-11
1.0,2,A,"IY,ZI",2,-1.710496691455249e-10,-5.279310776096447e-13
1.0,2,A,"IY,ZX",1,-2.23762383635145e-09,-1.2431243535285834e-10
1.0,2,A,"IY,ZX",2,5.549989403397899e-10,1.7129596924067589e-12
1.0,2,A,"IY,ZY",1,-2.809044089437189e-10,-1.560580049687327e-11
1.0,2,A,"IY,ZY",2,-6.179844879995446e-11,-1.9073595308627919e-13
1.0,2,A,"IY,ZZ",1,1.69920415267642e-09,9.440023070424556e-11
1.0,2,A,"IY,ZZ",2,-3.361196454134511e-10,-1.0374063130044786e-12
1.0,2,A,"IZ,XI",1,2.339270031336455e-09,1.299594461853586e-10
1.0,2,A,"IZ,XI",2,-6.433857318778243e-10,-1.98575843172168e-12
1.0,2,A,"IZ,XX",1,-6.34180258574385e-10,-3.523223658746583e-11
1.0,2,A,"IZ,XX",2,8.73527452408995e-11,2.69607238397838e-13
1.0,2,A,"IZ,XY",1,3.607281414110928e-10,2.0040452300616268e-11
1.0,2,A,"IZ,XY",2,-7.181543731711053e-11,-2.2165258431206955e-13
1.0,2,A,"IZ,XZ",1,-2.3499765499228364e-09,-1.305542527734909e-10
1.0,2,A,"IZ,XZ",2,4.891959524762761e-10,1.509864050852704e-12
1.0,2,A,"IZ,YI",1,1.4969912785236184e-09,8.316618214020103e-11
1.0,2,A,"IZ,YI",2,-4.847324614340724e-10,-1.4960878439323223e-12
1.0,2,A,"IZ,YX",1,-1.4843841275018883e-09,-8.246578486121602e-11
1.0,2,A,"IZ,YX",2,2.956916280186411e-10,9.126284815390157e-13
1.0,2,A,"IZ,YY",1,1.1854184402541253e-09,6.585658001411807e-11
1.0,2,A,"IZ,YY",2,-3.906368702630464e-10,-1.2056693526637234e-12
1.0,2,A,"IZ,YZ",1,9.259745973884144e-10,5.1443033188245245e-11
1.0,2,A,"IZ,YZ",2,-1.3775150958518073e-10,-4.251589802011751e-13
1.0,2,A,"IZ,ZI",1,-9.174135629236083e-10,-5.096742016242269e-11
1.0,2,A,"IZ,ZI",2,1.8026792200264157e-10,5.563824753167949e-13
1.0,2,A,"IZ,ZX",1,1.5128548947533672e-09,8.404749415296485e-11
1.0,2,A,"IZ,ZX",2,-4.963743805859676e-10,-1.5320196931665666e-12
1.0,2,A,"IZ,ZY",1,-1.2880250597508423e-09,-7.155694776393569e-11
1.0,2,A,"IZ,ZY",2,4.0148298105737767e-10,1.2391450032635114e-12
1.0,2,A,"IZ,ZZ",1,1.5329810419395428e-09,8.516561344108571e-11
1.0,2,A,"IZ,ZZ",2,-3.460561330299167e-10,-1.0680744846602367e-12
1.0,2,A,"XI,XX",1,-4.448183339410745e-09,-2.471212966339303e-10
1.0,2,A,"XI,XX",2,1.170142415156701e-09,3.6115506640638923e-12
1.0,2,A,"XI,XY",1,1.4714221286617176e-09,8.174567381453986e-11
1.0,2,A,"XI,XY",2,-2.8327780606351756e-10,-8.743142162454246e-13
1.0,2,A,"XI,XZ",1,1.274217629346048e-09,7.078986829700266e-11
1.0,2,A,"XI,XZ",2,-2.4478783249331674e-10,-7.555180015225826e-13
1.0,2,A,"XI,YI",1,-5.572660959684329e-10,-3.095922755380183e-11
1.0,2,A,"XI,YI",2,-1.2544626210960222e-10,-3.871798213259328e-13
1.0,2,A,"XI,YX",1,-1.802506934060061e-09,-1.0013927411444783e-10
1.0,2,A,"XI,YX",2,6.110048836019482e-10,1.8858175419813216e-12
1.0,2,A,"XI,YY",1,-2.0742750880896618e-09,-1.152375048938701e-10
1.0,2,A,"XI,YY",2,7.466428723303495e-10,2.3044533096615728e-12
1.0,2,A,"XI,YZ",1,-4.973000985025459e-09,-2.762778325014144e-10
1.0,2,A,"XI,YZ",2,1.1242010848650813e-09,3.4697564347687695e-12
1.0,2,A,"XI,ZI",1,-2.2529196135110063e-10,-1.2516220075061146e-11
1.0,2,A,"XI,ZI",2,1.1440499055207003e-10,3.5310182269157415e-13
1.0,2,A,"XI,ZX",1,1.3253996765727738e-10,7.36333153651541e-12
1.0,2,A,"XI,ZX",2,-6.959223103451194e-12,-2.1479083652627143e-14
1.0,2,A,"XI,ZY",1,3.78168890423014e-09,2.1009382801278556e-10
1.0,2,A,"XI,ZY",2,-8.037575926190414e-10,-2.480733310552597e-12
1.0,2,A,"XI,ZZ",1,-9.463392791441656e-10,-5.257440439689809e-11
1.0,2,A,"XI,ZZ",2,4.4929408470219493e-10,1.3867101379697373e-12
1.0,2,A,"XX,XY",1,-1.6814996471731637e-09,-9.341664706517577e-11
1.0,2,A,"XX,XY",2,3.3707934248624787e-10,1.0403683410069378e-12
1.0,2,A,"XX,XZ",1,1.007353870311343e-09,5.596410390618572e-11
1.0,2,A,"XX,XZ",2,-1.2655288537712723e-10,-3.9059532523804697e-13
1.0,2,A,"XX,YI",1,-1.985534127210568e-09,-1.1030745151169823e-10
1.0,2,A,"XX,YI",2,7.073844272417784e-10,2.1832852692647482e-12
1.0,2,A,"XX,YX",1,2.021984586724488e-09,1.1233247704024933e-10
1.0,2,A,"XX,YX",2,-6.436262613085331e-10,-1.986500806507818e-12
1.0,2,A,"XX,YY",1,-3.105564689198704e-13,-1.725313716221502e-14
1.0,2,A,"XX,YY",2,7.663178790926791e-14,2.3651786391749355e-16
1.0,2,A,"XX,YZ",1,5.917873754713343e-09,3.2877076415074125e-10
1.0,2,A,"XX,YZ",2,-1.0641601121462395e-09,-3.2844447905748133e-12
1.0,2,A,"XX,ZI",1,-1.2129168682319727e-09,-6.738427045733181e-11
1.0,2,A,"XX,ZI",2,2.834451156117624e-10,8.748306037400074e-13
1.0,2,A,"XX,ZX",1,-3.040417678325538e-09,-1.6891209324030768e-10
1.0,2,A,"XX,ZX",2,8.046193661069616e-10,2.4833931052684e-12
1.0,2,A,"XX,ZY",1,-2.696500082970081e-09,-1.4980556016500448e-10
1.0,2,A,"XX,ZY",2,8.759144839926154e-10,2.703439765409307e-12
1.0,2,A,"XX,ZZ",1,4.384563646208078e-09,2.4358686923378213e-10
1.0,2,A,"XX,ZZ",2,-1.4795912154817452e-09,-4.566639553956004e-12
1.0,2,A,"XY,XZ",1,3.988259892976801e-09,2.215699940542667e-10
1.0,2,A,"XY,XZ",2,-1.0110327639109747e-09,-3.1204714935523913e-12
1.0,2,A,"XY,YI",1,4.73580684535346e-10,2.631003802974144e-11
1.0,2,A,"XY,YI",2,-2.1663336843624356e-10,-6.686215075192703e-13
1.0,2,A,"XY,YX",1,-3.67587608831372e-10,-2.042153382396511e-11
1.0,2,A,"XY,YX",2,4.629493043724562e-11,1.428855877692766e-13
1.0,2,A,"XY,YY",1,1.3633170771703188e-09,7.573983762057326e-11
1.0,2,A,"XY,YY",2,-4.4687907236864735e-10,-1.3792563961995288e-12
1.0,2,A,"XY,YZ",1,-8.896742975685259e-10,-4.94263498649181e-11
1.0,2,A,"XY,YZ",2,-4.3494627979334055e-12,-1.342426789485619e-14
1.0,2,A,"XY,ZI",1,2.7766495050097443e-09,1.542583058338747e-10
1.0,2,A,"XY,ZI",2,-5.397597023169008e-10,-1.6659250071509282e-12
1.0,2,A,"XY,ZX",1,9.983662458043313e-10,5.546479143357396e-11
1.0,2,A,"XY,ZX",2,-2.2740927895548845e-10,-7.018804906033594e-13
1.0,2,A,"XY,ZY",1,-2.4605325257657587e-09,-1.3669625143143103e-10
1.0,2,A,"XY,ZY",2,4.636610226348437e-10,1.4310525389964312e-12
1.0,2,A,"XY,ZZ",1,-1.7735549087398984e-09,-9.853082826332768e-11
1.0,2,A,"XY,ZZ",2,4.502545706087952e-10,1.3896746006444297e-12
1.0,2,A,"XZ,YI",1,-1.54828862970301e-09,-8.601603498350056e-11
1.0,2,A,"XZ,YI",2,3.1215884940232523e-10,9.634532388960655e-13
1.0,2,A,"XZ,YX",1,4.697162893709731e-10,2.6095349409498505e-11
1.0,2,A,"XZ,YX",2,-9.410420817362754e-11,-2.9044508695564057e-13
1.0,2,A,"XZ,YY",1,-1.0453055378366e-09,-5.8072529879811115e-11
1.0,2,A,"XZ,YY",2,2.47371848166787e-10,7.63493358539466e-13
1.0,2,A,"XZ,YZ",1,-1.121663059444647e-09,-6.23146144135915e-11
1.0,2,A,"XZ,YZ",2,2.7660056452100756e-10,8.537054460524925e-13
1.0,2,A,"XZ,ZI",1,6.900048005727366e-10,3.83336000318187e-11
1.0,2,A,"XZ,ZI",2,1.7804566296715765e-11,5.4952365113320266e-14
1.0,2,A,"XZ,ZX",1,-1.529550802613252e-09,-8.49750445896251e-11
1.0,2,A,"XZ,ZX",2,3.737507115776357e-10,1.15355157894332e-12
1.0,2,A,"XZ,ZY",1,-3.383051366287967e-10,-1.879472981271093e-11
1.0,2,A,"XZ,ZY",2,-7.559323568930996e-11,-2.3331245583120356e-13
1.0,2,A,"XZ,ZZ",1,3.340623104914596e-09,1.8559017249525534e-10
1.0,2,A,"XZ,ZZ",2,-6.652605885678748e-10,-2.0532734215057865e-12
1.0,2,A,"YI,YX",1,-7.774788334152597e-10,-4.319326852306999e-11
1.0,2,A,"YI,YX",2,2.6059140705774607e-10,8.042944662276113e-13
1.0,2,A,"YI,YY",1,-9.24191129421759e-11,-5.134395163454217e-12
1.0,2,A,"YI,YY",2,6.048130890298647e-12,1.8667070649069898e-14
1.0,2,A,"YI,YZ",1,1.1059406469030164e-09,6.144114705016758e-11
1.0,2,A,"YI,YZ",2,-3.5197813756485844e-10,-1.0863522764347482e-12
1.0,2,A,"YI,ZI",1,9.038738698162375e-10,5.021521498979097e-11
1.0,2,A,"YI,ZI",2,-2.28781814810508e-10,-7.061167123781111e-13
1.0,2,A,"YI,ZX",1,1.0175460746103837e-09,5.653033747835465e-11
1.0,2,A,"YI,ZX",2,-2.3024416747523016e-10,-7.106301465284881e-13
1.0,2,A,"YI,ZY",1,5.630897338083104e-10,3.128276298935058e-11
1.0,2,A,"YI,ZY",2,-5.2604845272381674e-11,-1.6236063355673356e-13
1.0,2,A,"YI,ZZ",1,3.1081121885797875e-09,1.7267289936554376e-10
1.0,2,A,"YI,ZZ",2,-6.694288894535003e-10,-2.066138547695989e-12
1.0,2,A,"YX,YY",1,-9.279124644545054e-10,-5.155069246969474e-11
1.0,2,A,"YX,YY",2,1.2339445736893063e-10,3.808470906448476e-13
1.0,2,A,"YX,YZ",1,-2.1763700657365925e-09,-1.2090944809647737e-10
1.0,2,A,"YX,YZ",2,3.928790006294812e-10,1.2125895081156828e-12
1.0,2,A,"YX,ZI",1,-8.165551182649999e-10,-4.536417323694444e-11
1.0,2,A,"YX,ZI",2,2.196381400828243e-10,6.778954940827911e-13
1.0,2,A,"YX,ZX",1,7.627873538517262e-10,4.2377075213984785e-11
1.0,2,A,"YX,ZX",2,-1.8453921268212247e-10,-5.695654712411187e-13
1.0,2,A,"YX,ZY",1,-8.640829419264752e-10,-4.800460788480418e-11
1.0,2,A,"YX,ZY",2,6.328101859460996e-11,1.9531178578583322e-13
1.0,2,A,"YX,ZZ",1,9.622449613032207e-10,5.3458053405734484e-11
1.0,2,A,"YX,ZZ",2,-2.425907008410338e-10,-7.487367309908451e-13
1.0,2,A,"YY,YZ",1,5.642540778081845e-10,3.134744876712136e-11
1.0,2,A,"YY,YZ",2,-2.305630618682084e-10,-7.116143884821247e-13
1.0,2,A,"YY,ZI",1,1.0689540945979561e-10,5.938633858877534e-12
1.0,2,A,"YY,ZI",2,-1.2891992177621456e-11,-3.9790099313646465e-14
1.0,2,A,"YY,ZX",1,-2.473859990146326e-10,-1.3743666611924034e-11
1.0,2,A,"YY,ZX",2,1.0963032738602196e-10,3.3836520798154924e-13
1.0,2,A,"YY,ZY",1,-4.542939473841942e-11,-2.5238552632455234e-12
1.0,2,A,"YY,ZY",2,8.388628102775353e-12,2.5890827477701707e-14
1.0,2,A,"YY,ZZ",1,3.735860230126816e-09,2.0754779056260087e-10
1.0,2,A,"YY,ZZ",2,-7.522029792735142e-10,-2.321614133560229e-12
1.0,2,A,"YZ,ZI",1,7.926654898651876e-10,4.403697165917709e-11
1.0,2,A,"YZ,ZI",2,-1.5219634438696477e-10,-4.697418036634715e-13
1.0,2,A,"YZ,ZX",1,-9.69728496891004e-10,-5.387380538283356e-11
1.0,2,A,"YZ,ZX",2,2.9302266140342776e-10,9.043909302574931e-13
1.0,2,A,"YZ,ZY",1,1.617298018045511e-09,8.984988989141727e-11
1.0,2,A,"YZ,ZY",2,-4.677462052582315e-10,-1.4436611273402207e-12
1.0,2,A,"YZ,ZZ",1,-1.436572090548353e-09,-7.980956058601962e-11
1.0,2,A,"YZ,ZZ",2,3.7276715157072703e-10,1.1505158999096514e-12
1.0,2,A,"ZI,ZX",1,-1.9081397916197976e-09,-1.0600776620109987e-10
1.0,2,A,"ZI,ZX",2,4.579962113695905e-10,1.4135685536098473e-12
1.0,2,A,"ZI,ZY",1,1.1482223188137649e-09,6.379012882298694e-11
1.0,2,A,"ZI,ZY",2,-2.7898638045322486e-10,-8.610690754729162e-13
1.0,2,A,"ZI,ZZ",1,1.8714672795560595e-11,1.0397040441978109e-12
1.0,2,A,"ZI,ZZ",2,4.1097552043812604e-11,1.2684429643152037e-13
1.0,2,A,"ZX,ZY",1,1.2429528035098506e-09,6.905293352832503e-11
1.0,2,A,"ZX,ZY",2,-1.3828099321943032e-10,-4.26793188948859e-13
1.0,2,A,"ZX,ZZ",1,3.1159260277110154e-09,1.7310700153950085e-10
1.0,2,A,"ZX,ZZ",2,-6.979673116693602e-10,-2.154220097744939e-12
1.0,2,A,"ZY,ZZ",1,-5.587256043511241e-10,-3.104031135284023e-11
1.0,2,A,"ZY,ZZ",2,1.4403424904492083e-10,4.4455015137321246e-13
1.0,3,H,IX,1,-7.569093872491382e-09,-4.2050521513841013e-10
1.0,3,H,IX,2,3.525519544908861e-09,1.0881233163298953e-11
1.0,3,H,IX,3,-4.0639038196852294e-10,-6.968285013177691e-14
1.0,3,H,IY,1,8.793835399015648e-09,4.885464110564249e-10
1.0,3,H,IY,2,-5.001730312989818e-09,-1.5437439237622894e-11
1.0,3,H,IY,3,7.690102780598767e-10,1.318604729183602e-13
1.0,3,H,IZ,1,-4.5055193836349137e-10,-2.5030663242416188e-11
1.0,3,H,IZ,2,1.6568200057759133e-10,5.113641993135534e-13
1.0,3,H,IZ,3,-1.3432005357897504e-11,-2.3031559255654157e-15
1.0,3,H,XI,1,-1.5177007199307044e-08,-8.431670666281691e-10
1.0,3,H,XI,2,6.2899222091309875e-09,1.941334015163885e-11
1.0,3,H,XI,3,-6.557357727245916e-10,-1.1243754676347593e-13
1.0,3,H,XX,1,-4.1660348425565436e-05,-2.314463801420302e-06
1.0,3,H,XX,2,6.764872978326826e-07,2.0879237587428474e-09
1.0,3,H,XX,3,-2.2048007349021033e-09,-3.7805225221229483e-13
1.0,3,H,XY,1,1.0915585253030701e-08,6.0642140294615e-10
1.0,3,H,XY,2,-1.07396256232164e-08,-3.314699266424815e-11
1.0,3,H,XY,3,2.0776774869411597e-09,3.562547131243415e-13
1.0,3,H,XZ,1,-2.056482160461947e-09,-1.142490089145526e-10
1.0,3,H,XZ,2,2.9550479749053493e-09,9.120518441065892e-12
1.0,3,H,XZ,3,-6.650023600958188e-10,-1.140264677804902e-13
1.0,3,H,YI,1,1.2233793712427953e-09,6.796552062459974e-11
1.0,3,H,YI,2,-2.6528770487164683e-09,-8.187892125668112e-12
1.0,3,H,YI,3,5.911051668364436e-10,1.0135548128196908e-13
1.0,3,H,YX,1,9.767573807749425e-09,5.426429893194125e-10
1.0,3,H,YX,2,-4.8506109153147866e-09,-1.4971021343564158e-11
1.0,3,H,YX,3,6.302426892928299e-10,1.0806630474842763e-13
1.0,3,H,YY,1,-2.73508903350783e-09,-1.51949390750435e-10
1.0,3,H,YY,2,5.020021404186858e-09,1.5493893222798944e-11
1.0,3,H,YY,3,-1.1865053267928714e-09,-2.0344741543087643e-13
1.0,3,H,YZ,1,1.80515297897052e-10,1.0028627660947332e-11
1.0,3,H,YZ,2,1.6780258007169083e-09,5.179091977521322e-12
1.0,3,H,YZ,3,-4.81181108890037e-10,-8.250704884945765e-14
1.0,3,H,ZI,1,3.1326744020474516e-10,1.74037466780414e-11
1.0,3,H,ZI,2,-1.39502396715841e-10,-4.305629528266697e-13
1.0,3,H,ZI,3,1.404929492988157e-11,2.4090011882512978e-15
1.0,3,H,ZX,1,-1.7187643217505276e-09,-9.54869067639182e-11
1.0,3,H,ZX,2,2.770444782216962e-09,8.550755500669635e-12
1.0,3,H,ZX,3,-6.387401937203457e-10,-1.0952335283270675e-13
1.0,3,H,ZY,1,-7.975406141759276e-09,-4.4307811898662644e-10
1.0,3,H,ZY,2,3.199402600814526e-09,9.874699385230019e-12
1.0,3,H,ZY,3,-4.0473719564310207e-10,-6.939938196898184e-14
1.0,3,H,ZZ,1,-8.248431316953284e-16,-4.5824618427518246e-17
1.0,3,H,ZZ,2,6.6232883627949614e-18,2.044224803331778e-20
1.0,3,H,ZZ,3,4.7950257845084046e-17,8.221923498814137e-21
1.0,3,S,IX,1,0.0006394453557490573,3.5524741986058736e-05
1.0,3,S,IX,2,-1.9915217223834553e-06,-6.146671982664985e-09
1.0,3,S,IX,3,5.285355473527694e-09,9.062680853099612e-13
1.0,3,S,IY,1,-2.7747957948474273e-09,-1.541553219359682e-10
1.0,3,S,IY,2,1.680780086396336e-09,5.1875928592479505e-12
1.0,3,S,IY,3,-2.3950493302004644e-10,-4.1067375346372846e-14
1.0,3,S,IZ,1,4.702351702255241e-10,2.6124176123640227e-11
1.0,3,S,IZ,2,-1.0747035600718836e-09,-3.316986296518159e-12
1.0,3,S,IZ,3,2.2353278947972756e-10,3.8328667606263296e-14
1.0,3,S,XI,1,0.0006394628910273028,3.552571616818349e-05
1.0,3,S,XI,2,-2.00554315550517e-06,-6.189948010818426e-09
1.0,3,S,XI,3,7.895361305540542e-09,1.353799949509695e-12
1.0,3,S,XX,1,0.00015446011455905455,8.58111747550303e-06
1.0,3,S,XX,2,1.0724754481826309e-06,3.310109407971083e-09
1.0,3,S,XX,3,-9.520529716282207e-09,-1.6324639431210917e-12
1.0,3,S,XY,1,-6.513619847425092e-09,-3.6186776930139397e-10
1.0,3,S,XY,2,3.796081022175401e-09,1.1716299451158645e-11
1.0,3,S,XY,3,-5.583820279465438e-10,-9.574451782348145e-14
1.0,3,S,XZ,1,3.069369597204623e-09,1.7052053317803461e-10
1.0,3,S,XZ,2,-2.6818132891930595e-09,-8.277201509855121e-12
1.0,3,S,XZ,3,5.360489988573661e-10,9.191512326086525e-14
1.0,3,S,YI,1,5.7958589934028665e-09,3.2199216630015925e-10
1.0,3,S,YI,2,-3.2891815399628148e-09,-1.015179487642844e-11
1.0,3,S,YI,3,4.997765658792469e-10,8.5695570281078e-14
1.0,3,S,YX,1,-6.57735535004205e-09,-3.6540863055789163e-10
1.0,3,S,YX,2,4.480131467724145e-09,1.3827566258407856e-11
1.0,3,S,YX,3,-7.155178729110683e-10,-1.2268824981328332e-13
1.0,3,S,YY,1,9.12454037717268e-09,5.069189098429267e-10
1.0,3,S,YY,2,-4.963938558928844e-09,-1.532079802138532e-11
1.0,3,S,YY,3,7.38262219183391e-10,1.26588172013613e-13
1.0,3,S,YZ,1,1.1206932944489275e-08,6.226073858049597e-10
1.0,3,S,YZ,2,-7.3075860623695435e-09,-2.255427797027637e-11
1.0,3,S,YZ,3,1.198582422158219e-09,2.055182479695163e-13
1.0,3,S,ZI,1,-9.711812333719811e-10,-5.3954512965110064e-11
1.0,3,S,ZI,2,-8.46927530289428e-11,-2.6139738589179876e-13
1.0,3,S,ZI,3,6.203821715227758e-11,1.0637554381391904e-14
1.0,3,S,ZX,1,1.0151187554068836e-09,5.639548641149353e-11
1.0,3,S,ZX,2,2.420177415523792e-10,7.469683381246271e-13
1.0,3,S,ZX,3,-1.1539057945641009e-10,-1.9785764653019565e-14
1.0,3,S,ZY,1,9.536728756749195e-09,5.298182642638442e-10
1.0,3,S,ZY,2,-5.328998446811125e-09,-1.6447526070404708e-11
1.0,3,S,ZY,3,7.837680275481275e-10,1.3439095122567342e-13
1.0,3,S,ZZ,1,1.4284070546545691e-08,7.935594748080939e-10
1.0,3,S,ZZ,2,-9.35844236525649e-09,-2.8884081374248428e-11
1.0,3,S,ZZ,3,1.4861932111152225e-09,2.548342268716088e-13
1.0,3,C,"IX,IY",1,-2.603610803358643e-09,-1.4464504463103571e-10
1.0,3,C,"IX,IY",2,1.2498567183025591e-09,3.857582463896787e-12
1.0,3,C,"IX,IY",3,-1.7390659343372514e-10,-2.9819374731434354e-14
1.0,3,C,"IX,IZ",1,-2.720206695419166e-09,-1.5112259418995365e-10
1.0,3,C,"IX,IZ",2,1.8037473319297558e-10,5.567121394844925e-13
1.0,3,C,"IX,IZ",3,8.351579806061227e-11,1.4320267157169455e-14
1.0,3,C,"IX,XI",1,0.000639454847755806,3.5525269319767e-05
1.0,3,C,"IX,XI",2,-1.9988899821407493e-06,-6.169413525125769e-09
1.0,3,C,"IX,XI",3,6.6378065107573465e-09,1.13816984066484e-12
1.0,3,C,"IX,XX",1,-7.835450013122835e-09,-4.3530277850682413e-10
1.0,3,C,"IX,XX",2,4.166567360495144e-09,1.2859775803997358e-11
1.0,3,C,"IX,XX",3,-6.154897608283213e-10,-1.0553665309127594e-13
1.0,3,C,"IX,XY",1,8.017611232171636e-10,4.4542284623175755e-11
1.0,3,C,"IX,XY",2,-1.9860316959644668e-09,-6.129727456680453e-12
1.0,3,C,"IX,XY",3,4.634345320996136e-10,7.946408300747833e-14
1.0,3,C,"IX,XZ",1,2.6999624399783746e-09,1.4999791333213191e-10
1.0,3,C,"IX,XZ",2,-1.6028330309740664e-09,-4.9470155276977356e-12
1.0,3,C,"IX,XZ",3,3.07787890530665e-10,5.277570139414695e-14
1.0,3,C,"IX,YI",1,-7.136619055716808e-11,-3.964788364287116e-12
1.0,3,C,"IX,YI",2,2.579267597914208e-10,7.960702462698173e-13
1.0,3,C,"IX,YI",3,-7.566028360727434e-11,-1.2973299658311787e-14
1.0,3,C,"IX,YX",1,4.5175466618381454e-09,2.5097481454656364e-10
1.0,3,C,"IX,YX",2,-3.2379772705128425e-09,-9.993757007755687e-12
1.0,3,C,"IX,YX",3,5.684611249071278e-10,9.747275804306033e-14
1.0,3,C,"IX,YY",1,3.6649721963747994e-09,2.0360956646526663e-10
1.0,3,C,"IX,YY",2,-2.3039050736371486e-09,-7.110818128509718e-12
1.0,3,C,"IX,YY",3,4.173246893360089e-10,7.155773136762842e-14
1.0,3,C,"IX,YZ",1,3.1526513736272745e-10,1.7514729853484858e-11
1.0,3,C,"IX,YZ",2,-2.688719621324066e-10,-8.298517349765636e-13
1.0,3,C,"IX,YZ",3,4.7590027161380046e-11,8.160155548933478e-15
1.0,3,C,"IX,ZI",1,-3.3244999268105654e-09,-1.8469444037836476e-10
1.0,3,C,"IX,ZI",2,2.4920732613221648e-09,7.691584139883224e-12
1.0,3,C,"IX,ZI",3,-4.822269735197812e-10,-8.26863809190297e-14
1.0,3,C,"IX,ZX",1,2.9832749461645497e-09,1.6573749700914165e-10
1.0,3,C,"IX,ZX",2,-1.946778865399748e-09,-6.00857674506095e-12
1.0,3,C,"IX,ZX",3,3.540313592165952e-10,6.070496557211852e-14
1.0,3,C,"IX,ZY",1,-6.247362524379661e-10,-3.4707569579887e-11
1.0,3,C,"IX,ZY",2,4.0114067905169383e-10,1.2380885155916477e-12
1.0,3,C,"IX,ZY",3,-6.076516658092838e-11,-1.0419267246386896e-14
1.0,3,C,"IX,ZZ",1,5.5193185146471455e-09,3.0662880636928584e-10
1.0,3,C,"IX,ZZ",2,-3.2555178833403758e-09,-1.0047894701667827e-11
1.0,3,C,"IX,ZZ",3,5.559489303016119e-10,9.532732001056445e-14
1.0,3,C,"IY,IZ",1,1.4854692635265324e-09,8.252607019591847e-11
1.0,3,C,"IY,IZ",2,-1.3453562725340131e-09,-4.152334174487695e-12
1.0,3,C,"IY,IZ",3,2.468519795086737e-10,4.232715698022526e-14
1.0,3,C,"IY,XI",1,-8.848309155835366e-11,-4.915727308797425e-12
1.0,3,C,"IY,XI",2,-8.563072708774352e-11,-2.64292367554764e-13
1.0,3,C,"IY,XI",3,1.6055010313367377e-11,2.75291672039907e-15
1.0,3,C,"IY,XX",1,-4.15523352408687e-10,-2.30846306893715e-11
1.0,3,C,"IY,XX",2,1.9557866551641987e-09,6.036378565321601e-12
1.0,3,C,"IY,XX",3,-5.09317213674832e-10,-8.733148382627435e-14
1.0,3,C,"IY,XY",1,-2.5371217800563203e-09,-1.4095121000312892e-10
1.0,3,C,"IY,XY",2,1.5235818131173282e-09,4.7024130034485435e-12
1.0,3,C,"IY,XY",3,-2.3328696062528597e-10,-4.000119352285425e-14
1.0,3,C,"IY,XZ",1,-3.6959036279141457e-10,-2.0532797932856365e-11
1.0,3,C,"IY,XZ",2,-5.374155136353107e-10,-1.658689856899107e-12
1.0,3,C,"IY,XZ",3,1.8534629996033154e-10,3.178091563105822e-14
1.0,3,C,"IY,YI",1,5.083966663230227e-09,2.8244259240167927e-10
1.0,3,C,"IY,YI",2,-3.1862331308435122e-09,-9.834052872973803e-12
1.0,3,C,"IY,YI",3,5.114871590217449e-10,8.770355950304268e-14
1.0,3,C,"IY,YX",1,-1.872540653222289e-09,-1.0403003629012717e-10
1.0,3,C,"IY,YX",2,2.357747241276773e-09,7.276997658261644e-12
1.0,3,C,"IY,YX",3,-4.863928098853529e-10,-8.34006875660756e-14
1.0,3,C,"IY,YY",1,4.6233691792345965e-09,2.5685384329081093e-10
1.0,3,C,"IY,YY",2,-2.600478299295698e-09,-8.02616759041882e-12
1.0,3,C,"IY,YY",3,4.0899363365456567e-10,7.0129223877669e-14
1.0,3,C,"IY,YZ",1,7.909042721346546e-10,4.3939126229703033e-11
1.0,3,C,"IY,YZ",2,4.5099271027486714e-10,1.3919528094903308e-12
1.0,3,C,"IY,YZ",3,-1.121237945391658e-10,-1.922561634759359e-14
1.0,3,C,"IY,ZI",1,2.071317588020659e-10,1.1507319933448104e-11
1.0,3,C,"IY,ZI",2,-4.7118150857147e-10,-1.4542639153440432e-12
1.0,3,C,"IY,ZI",3,9.86030514491015e-11,1.6907244761505744e-14
1.0,3,C,"IY,ZX",1,2.225888393287678e-09,1.2366046629375987e-10
1.0,3,C,"IY,ZX",2,-1.4671924968045938e-09,-4.528371903717882e-12
1.0,3,C,"IY,ZX",3,2.349024439570975e-10,4.027819683763674e-14
1.0,3,C,"IY,ZY",1,-1.996587156015574e-09,-1.1092150866753189e-10
1.0,3,C,"IY,ZY",2,1.6983224277669183e-09,5.2417358881695004e-12
1.0,3,C,"IY,ZY",3,-2.782476351721539e-10,-4.7710499858051085e-14
1.0,3,C,"IY,ZZ",1,4.3758266106905935e-10,2.4310147837169964e-11
1.0,3,C,"IY,ZZ",2,9.001357280191274e-11,2.77819669141706e-13
1.0,3,C,"IY,ZZ",3,-8.435013102462889e-11,-1.4463328364991236e-14
1.0,3,C,"IZ,XI",1,3.318275904936695e-10,1.8434866138537194e-11
1.0,3,C,"IZ,XI",2,-1.7361700747495614e-09,-5.358549613424572e-12
1.0,3,C,"IZ,XI",3,3.851658341010366e-10,6.604352436574701e-14
1.0,3,C,"IZ,XX",1,-1.0938848774740794e-08,-6.07713820818933e-10
1.0,3,C,"IZ,XX",2,1.0646273444842916e-08,3.285886865692258e-11
1.0,3,C,"IZ,XX",3,-2.0539037928942717e-09,-3.5217829096266664e-13
1.0,3,C,"IZ,XY",1,8.564398926080554e-09,4.757999403378086e-10
1.0,3,C,"IZ,XY",2,-4.191304273356544e-09,-1.2936124300483162e-11
1.0,3,C,"IZ,XY",3,5.647249207020771e-10,9.683211946194737e-14
1.0,3,C,"IZ,XZ",1,1.7404988406957269e-09,9.669438003865149e-11
1.0,3,C,"IZ,XZ",2,-1.3302141943945467e-09,-4.105599365415268e-12
1.0,3,C,"IZ,XZ",3,2.242452812868025e-10,3.8450836983333764e-14
1.0,3,C,"IZ,YI",1,3.95626019816411e-09,2.1979223323133945e-10
1.0,3,C,"IZ,YI",2,-1.7377741129992636e-09,-5.363500348763159e-12
1.0,3,C,"IZ,YI",3,2.117285781555832e-10,3.6304625884016325e-14
1.0,3,C,"IZ,YX",1,1.1234984193978618e-09,6.241657885543677e-11
1.0,3,C,"IZ,YX",2,-1.4948770960580818e-09,-4.6138181977101286e-12
1.0,3,C,"IZ,YX",3,3.191815649206886e-10,5.4729349266236044e-14
1.0,3,C,"IZ,YY",1,4.468296697864611e-09,2.4823870543692283e-10
1.0,3,C,"IZ,YY",2,-2.6196598132585488e-09,-8.085369794007867e-12
1.0,3,C,"IZ,YY",3,3.8348657324488795e-10,6.575558526146913e-14
1.0,3,C,"IZ,YZ",1,-8.877232218699277e-09,-4.931795677055153e-10
1.0,3,C,"IZ,YZ",2,5.906259131475552e-09,1.8229194850233188e-11
1.0,3,C,"IZ,YZ",3,-9.719197253266288e-10,-1.6665290214791303e-13
1.0,3,C,"IZ,ZI",1,-2.2249897226479646e-09,-1.2361054014710914e-10
1.0,3,C,"IZ,ZI",2,4.16691060171063e-10,1.2860835190464909e-12
1.0,3,C,"IZ,ZI",3,-1.5976341273049148e-11,-2.7394275159549292e-15
1.0,3,C,"IZ,ZX",1,3.179507717106956e-09,1.7663931761705312e-10
1.0,3,C,"IZ,ZX",2,-1.1062564087774256e-09,-3.4143716320290915e-12
1.0,3,C,"IZ,ZX",3,1.0977014835541115e-10,1.8822041899075986e-14
1.0,3,C,"IZ,ZY",1,-1.3182600204230922e-09,-7.32366678012829e-11
1.0,3,C,"IZ,ZY",2,1.4040329875669492e-09,4.333435146811572e-12
1.0,3,C,"IZ,ZY",3,-2.4876836280911756e-10,-4.265575493983497e-14
1.0,3,C,"IZ,ZZ",1,-9.579140361806483e-10,-5.321744645448046e-11
1.0,3,C,"IZ,ZZ",2,4.523225303457354e-10,1.3960571924251093e-12
1.0,3,C,"IZ,ZZ",3,-2.5885174302879855e-11,-4.43847296002741e-15
1.0,3,C,"XI,XX",1,-3.2869276570645948e-09,-1.8260709205914414e-10
1.0,3,C,"XI,XX",2,3.2158719631706445e-09,9.92553075052668e-12
1.0,3,C,"XI,XX",3,-6.015397466476213e-10,-1.0314467535110105e-13
1.0,3,C,"XI,XY",1,-1.4062922051612062e-09,-7.812734473117812e-11
1.0,3,C,"XI,XY",2,-2.812460062796443e-10,-8.680432292581615e-13
1.0,3,C,"XI,XY",3,1.5053288644157933e-10,2.5811537455689185e-14
1.0,3,C,"XI,XZ",1,4.771142755732122e-09,2.650634864295623e-10
1.0,3,C,"XI,XZ",2,-2.5930380720752752e-09,-8.003203926158257e-12
1.0,3,C,"XI,XZ",3,4.2226983934809016e-10,7.240566518314303e-14
1.0,3,C,"XI,YI",1,-1.2808277920473314e-10,-7.115709955818508e-12
1.0,3,C,"XI,YI",2,6.269321111467863e-10,1.934975651687612e-12
1.0,3,C,"XI,YI",3,-1.4053255384365024e-10,-2.4096802785262388e-14
1.0,3,C,"XI,YX",1,1.9083217146006932e-09,1.0601787303337185e-10
1.0,3,C,"XI,YX",2,-1.894561544091695e-09,-5.847412173122516e-12
1.0,3,C,"XI,YX",3,3.580940262132351e-10,6.140158199815417e-14
1.0,3,C,"XI,YY",1,4.412388620314438e-09,2.451327011285799e-10
1.0,3,C,"XI,YY",2,-2.3172989511445367e-09,-7.152157256618941e-12
1.0,3,C,"XI,YY",3,3.919039814340522e-10,6.719889942284846e-14
1.0,3,C,"XI,YZ",1,-5.197051876794771e-10,-2.8872510426637614e-11
1.0,3,C,"XI,YZ",2,4.0345691146235364e-10,1.245237381056647e-12
1.0,3,C,"XI,YZ",3,-6.733487269191362e-11,-1.1545760063771197e-14
1.0,3,C,"XI,ZI",1,5.698858628586756e-10,3.166032571437086e-11
1.0,3,C,"XI,ZI",2,2.336282069346929e-10,7.210747127613978e-13
1.0,3,C,"XI,ZI",3,-1.314578714859422e-10,-2.2540787291828223e-14
1.0,3,C,"XI,ZX",1,5.2160407852477515e-09,2.897800436248751e-10
1.0,3,C,"XI,ZX",2,-2.607846244963936e-09,-8.048908163468939e-12
1.0,3,C,"XI,ZX",3,4.2650120731876124e-10,7.31312083879906e-14
1.0,3,C,"XI,ZY",1,8.286173540661811e-10,4.6034297448121175e-11
1.0,3,C,"XI,ZY",2,-5.353408664798247e-10,-1.6522866249377307e-12
1.0,3,C,"XI,ZY",3,8.044724947809952e-11,1.379410999281542e-14
1.0,3,C,"XI,ZZ",1,2.2749686389274195e-09,1.2638714660707887e-10
1.0,3,C,"XI,ZZ",2,-1.621559924038299e-09,-5.00481458036512e-12
1.0,3,C,"XI,ZZ",3,3.2991401053769e-10,5.656961771908265e-14
1.0,3,C,"XX,XY",1,1.1909092557613352e-09,6.616162532007419e-11
1.0,3,C,"XX,XY",2,-8.337836011481878e-10,-2.573406176383296e-12
1.0,3,C,"XX,XY",3,1.4227345243965564e-10,2.4395310774975247e-14
1.0,3,C,"XX,XZ",1,-8.81678611018958e-09,-4.898214505660878e-10
1.0,3,C,"XX,XZ",2,4.9084135390915155e-09,1.5149424503368875e-11
1.0,3,C,"XX,XZ",3,-7.45265564976202e-10,-1.277890200576478e-13
1.0,3,C,"XX,YI",1,-1.2090876257132223e-09,-6.717153476184568e-11
1.0,3,C,"XX,YI",2,2.307767292796489e-09,7.122738558013855e-12
1.0,3,C,"XX,YI",3,-5.515688173689398e-10,-9.457627183966732e-14
1.0,3,C,"XX,YX",1,8.227601716650796e-10,4.5708898425837756e-11
1.0,3,C,"XX,YX",2,-6.020948419505988e-10,-1.858317413427774e-12
1.0,3,C,"XX,YX",3,1.0120883172815728e-10,1.7354052079588012e-14
1.0,3,C,"XX,YY",1,-9.25722736078823e-09,-5.142904089326795e-10
1.0,3,C,"XX,YY",2,5.3984004121035185e-09,1.666172966698617e-11
1.0,3,C,"XX,YY",3,-9.451517604836769e-10,-1.6206305906784583e-13
1.0,3,C,"XX,YZ",1,4.567888611084327e-10,2.5377158950468482e-11
1.0,3,C,"XX,YZ",2,-1.937600122285905e-09,-5.98024729100588e-12
1.0,3,C,"XX,YZ",3,5.126196077847232e-10,8.789773796034348e-14
1.0,3,C,"XX,ZI",1,-9.823444386309844e-09,-5.457469103505469e-10
1.0,3,C,"XX,ZI",2,4.7729331444073965e-09,1.4731275137059866e-11
1.0,3,C,"XX,ZI",3,-6.084967938522233e-10,-1.0433758467973651e-13
1.0,3,C,"XX,ZX",1,-1.2794102998743905e-09,-7.107834999302169e-11
1.0,3,C,"XX,ZX",2,2.575262701146483e-09,7.948341670205195e-12
1.0,3,C,"XX,ZX",3,-5.693662056717203e-10,-9.762795021805904e-14
1.0,3,C,"XX,ZY",1,-1.3116186767222813e-09,-7.286770426234896e-11
1.0,3,C,"XX,ZY",2,-4.833737747605886e-10,-1.4918943665450266e-12
1.0,3,C,"XX,ZY",3,2.5289893808300253e-10,4.3364015446331026e-14
1.0,3,C,"XX,ZZ",1,-1.2066046722613936e-09,-6.703359290341075e-11
1.0,3,C,"XX,ZZ",2,1.0287862459196735e-09,3.1752661911101032e-12
1.0,3,C,"XX,ZZ",3,-1.9277519150507809e-10,-3.30547310536828e-14
1.0,3,C,"XY,XZ",1,-2.7024378529263563e-09,-1.5013543627368647e-10
1.0,3,C,"XY,XZ",2,1.7973471978179366e-09,5.547367894499804e-12
1.0,3,C,"XY,XZ",3,-2.690890251821586e-10,-4.614009348116574e-14
1.0,3,C,"XY,YI",1,-4.8679270305697715e-09,-2.7044039058720955e-10
1.0,3,C,"XY,YI",2,3.037150057659298e-09,9.373919931047216e-12
1.0,3,C,"XY,YI",3,-4.962511817385608e-10,-8.509108054502071e-14
1.0,3,C,"XY,YX",1,4.573933473021478e-09,2.541074151678599e-10
1.0,3,C,"XY,YX",2,-3.891292920417237e-09,-1.2010163334621101e-11
1.0,3,C,"XY,YX",3,7.345983047935639e-10,1.2595992880548077e-13
1.0,3,C,"XY,YY",1,-4.980684454352526e-09,-2.767046919084737e-10
1.0,3,C,"XY,YY",2,3.3380851562897057e-09,1.0302731963857117e-11
1.0,3,C,"XY,YY",3,-5.401665095535918e-10,-9.262114361344167e-14
1.0,3,C,"XY,YZ",1,9.007007487882136e-10,5.003893048823409e-11
1.0,3,C,"XY,YZ",2,-1.4098510892474488e-09,-4.351392250763731e-12
1.0,3,C,"XY,YZ",3,2.8845450600378345e-10,4.946064917760347e-14
1.0,3,C,"XY,ZI",1,2.76539174288061e-09,1.5363287460447835e-10
1.0,3,C,"XY,ZI",2,-2.537568875004286e-09,-7.832002700630513e-12
1.0,3,C,"XY,ZI",3,5.029070426529122e-10,8.623234613390126e-14
1.0,3,C,"XY,ZX",1,-6.2454432858175265e-09,-3.46969071434307e-10
1.0,3,C,"XY,ZX",2,3.6068714411880756e-09,1.113231926292616e-11
1.0,3,C,"XY,ZX",3,-5.641242512481411e-10,-9.672912401374162e-14
1.0,3,C,"XY,ZY",1,-1.095973279686191e-10,-6.088740442701062e-12
1.0,3,C,"XY,ZY",2,3.355882249061234e-10,1.0357661262534673e-12
1.0,3,C,"XY,ZY",3,-1.1270413474434325e-10,-1.9325125984969693e-14
1.0,3,C,"XY,ZZ",1,-1.7118348735205591e-09,-9.510193741780884e-11
1.0,3,C,"XY,ZZ",2,7.502400066796045e-10,2.3155555761716187e-12
1.0,3,C,"XY,ZZ",3,-6.681203643030893e-11,-1.1456110499024165e-14
1.0,3,C,"XZ,YI",1,5.4415518901390785e-09,3.023084383410599e-10
1.0,3,C,"XZ,YI",2,-3.524007816251628e-09,-1.0876567334109963e-11
1.0,3,C,"XZ,YI",3,5.691996463011405e-10,9.759939065520241e-14
1.0,3,C,"XZ,YX",1,-3.2215840915965196e-09,-1.7897689397758443e-10
1.0,3,C,"XZ,YX",2,3.4726297657175208e-09,1.0717993104066423e-11
1.0,3,C,"XZ,YX",3,-6.972703120985986e-10,-1.1955938136121376e-13
1.0,3,C,"XZ,YY",1,6.2315631491694094e-09,3.4619795273163387e-10
1.0,3,C,"XZ,YY",2,-4.175767582124299e-09,-1.2888171549766357e-11
1.0,3,C,"XZ,YY",3,7.160812706136524e-10,1.2278485435762216e-13
1.0,3,C,"XZ,YZ",1,-1.4616481469554681e-09,-8.120267483085934e-11
1.0,3,C,"XZ,YZ",2,1.6340893067722272e-09,5.0434855147290964e-12
1.0,3,C,"XZ,YZ",3,-2.865464647677283e-10,-4.913348161312213e-14
1.0,3,C,"XZ,ZI",1,-1.8023286915810182e-10,-1.0012937175450102e-11
1.0,3,C,"XZ,ZI",2,2.6229189286714048e-11,8.095428792195694e-14
1.0,3,C,"XZ,ZI",3,1.624380161234982e-11,2.78528834230964e-15
1.0,3,C,"XZ,ZX",1,4.870643093650297e-09,2.7059128298057205e-10
1.0,3,C,"XZ,ZX",2,-2.8814920582483555e-09,-8.893494006939369e-12
1.0,3,C,"XZ,ZX",3,4.3993262505465354e-10,7.543426355532468e-14
1.0,3,C,"XZ,ZY",1,-2.1736899969034384e-09,-1.2076055538352435e-10
1.0,3,C,"XZ,ZY",2,1.6196423796921997e-09,4.9988962336179e-12
1.0,3,C,"XZ,ZY",3,-2.578919729225987e-10,-4.422015996615204e-14
1.0,3,C,"XZ,ZZ",1,2.012365665051834e-09,1.1179809250287966e-10
1.0,3,C,"XZ,ZZ",2,-1.4170107241480576e-09,-4.3734898893458565e-12
1.0,3,C,"XZ,ZZ",3,2.0978818455670534e-10,3.597191093221971e-14
1.0,3,C,"YI,YX",1,-3.1750715722390634e-09,-1.7639286512439242e-10
1.0,3,C,"YI,YX",2,2.0002339121714567e-09,6.173561457319311e-12
1.0,3,C,"YI,YX",3,-3.1059293186772226e-10,-5.325667556030903e-14
1.0,3,C,"YI,YY",1,7.87783047040005e-09,4.3765724835555834e-10
1.0,3,C,"YI,YY",2,-4.332543489428423e-09,-1.337204780687785e-11
1.0,3,C,"YI,YY",3,6.405396136227119e-10,1.0983189533997117e-13
1.0,3,C,"YI,YZ",1,-4.226180330374897e-09,-2.3478779613193874e-10
1.0,3,C,"YI,YZ",2,2.6660058744028264e-09,8.228413192601316e-12
1.0,3,C,"YI,YZ",3,-3.9788182247507175e-10,-6.822390646006031e-14
1.0,3,C,"YI,ZI",1,2.6602856764336794e-09,1.4779364869075997e-10
1.0,3,C,"YI,ZI",2,-1.926430116127991e-09,-5.9457719633579975e-12
1.0,3,C,"YI,ZI",3,3.1626528545151346e-10,5.4229301346281456e-14
1.0,3,C,"YI,ZX",1,4.5267838457590255e-09,2.5148799143105696e-10
1.0,3,C,"YI,ZX",2,-2.086507313546003e-09,-6.439837387487663e-12
1.0,3,C,"YI,ZX",3,2.7048801222726987e-10,4.6379974661740374e-14
1.0,3,C,"YI,ZY",1,-3.073922163084351e-09,-1.7077345350468617e-10
1.0,3,C,"YI,ZY",2,2.2595859794645692e-09,6.974030800816572e-12
1.0,3,C,"YI,ZY",3,-3.603608305457515e-10,-6.179026586861308e-14
1.0,3,C,"YI,ZZ",1,1.550356583413482e-09,8.6130921300749e-11
1.0,3,C,"YI,ZZ",2,-1.7524519590994838e-09,-5.4088023428996414e-12
1.0,3,C,"YI,ZZ",3,3.309299432576639e-10,5.674381743101233e-14
1.0,3,C,"YX,YY",1,-3.813128645413742e-09,-2.1184048030076345e-10
1.0,3,C,"YX,YY",2,3.1648430675087055e-09,9.768034158977486e-12
1.0,3,C,"YX,YY",3,-5.718165129569287e-10,-9.804809892951452e-14
1.0,3,C,"YX,YZ",1,3.804578077486601e-09,2.113654487492556e-10
1.0,3,C,"YX,YZ",2,-2.1668894367862637e-09,-6.687930360451431e-12
1.0,3,C,"YX,YZ",3,3.1037205433958364e-10,5.3218802184427924e-14
1.0,3,C,"YX,ZI",1,7.103960105678244e-09,3.94664450315458e-10
1.0,3,C,"YX,ZI",2,-2.8731495583916816e-09,-8.86774555059161e-12
1.0,3,C,"YX,ZI",3,3.1350705162557077e-10,5.375635315939142e-14
1.0,3,C,"YX,ZX",1,1.9336505384906623e-09,1.0742502991614791e-10
1.0,3,C,"YX,ZX",2,-4.61708601904113e-10,-1.4250265490867686e-12
1.0,3,C,"YX,ZX",3,1.1050275065531976e-11,1.894765957738679e-15
1.0,3,C,"YX,ZY",1,4.16711640307132e-09,2.3150646683729556e-10
1.0,3,C,"YX,ZY",2,-3.267468274470525e-09,-1.0084778624909027e-11
1.0,3,C,"YX,ZY",3,5.710667841693097e-10,9.791954461064981e-14
1.0,3,C,"YX,ZZ",1,-5.469861960494056e-09,-3.0388122002744755e-10
1.0,3,C,"YX,ZZ",2,4.3894704109685314e-09,1.354774818200164e-11
1.0,3,C,"YX,ZZ",3,-7.587527268580437e-10,-1.301016335490473e-13
1.0,3,C,"YY,YZ",1,-5.0239489716650145e-09,-2.791082762036119e-10
1.0,3,C,"YY,YZ",2,3.63752921161767e-09,1.1226942011165648e-11
1.0,3,C,"YY,YZ",3,-5.770594710319891e-10,-9.894709722770732e-14
1.0,3,C,"YY,ZI",1,3.943838233264049e-09,2.1910212407022496e-10
1.0,3,C,"YY,ZI",2,-3.5534514360665996e-09,-1.0967442703909258e-11
1.0,3,C,"YY,ZI",3,6.533762630996835e-10,1.1203296692381405e-13
1.0,3,C,"YY,ZX",1,5.257082972704851e-09,2.920601651502695e-10
1.0,3,C,"YY,ZX",2,-2.5988686531434283e-09,-8.021199546738976e-12
1.0,3,C,"YY,ZX",3,3.602531002778226e-10,6.177179360044969e-14
1.0,3,C,"YY,ZY",1,-5.719622622157419e-09,-3.1775681234207883e-10
1.0,3,C,"YY,ZY",2,4.5667711210192445e-09,1.4094972595738409e-11
1.0,3,C,"YY,ZY",3,-7.809234008377855e-10,-1.339031894440647e-13
1.0,3,C,"YY,ZZ",1,-2.575907276180548e-10,-1.4310595978780824e-11
1.0,3,C,"YY,ZZ",2,4.9857863519814615e-11,1.5388229481424264e-13
1.0,3,C,"YY,ZZ",3,-1.7629001551125785e-11,-3.0228054785880975e-15
1.0,3,C,"YZ,ZI",1,-2.4016700045161853e-09,-1.334261113620103e-10
1.0,3,C,"YZ,ZI",2,1.966457892795916e-09,6.069314483938013e-12
1.0,3,C,"YZ,ZI",3,-3.5041400770361816e-10,-6.0084706396368e-14
1.0,3,C,"YZ,ZX",1,-5.215062544422732e-09,-2.89725696912374e-10
1.0,3,C,"YZ,ZX",2,3.5548814366913e-09,1.0971856286084259e-11
1.0,3,C,"YZ,ZX",3,-5.852757446745988e-10,-1.0035592329811364e-13
1.0,3,C,"YZ,ZY",1,3.429847245363623e-09,1.9054706918686794e-10
1.0,3,C,"YZ,ZY",2,-2.6551013253852607e-09,-8.194757177115002e-12
1.0,3,C,"YZ,ZY",3,4.71310421692594e-10,8.081454418597291e-14
1.0,3,C,"YZ,ZZ",1,-4.617563977761001e-10,-2.565313320978334e-11
1.0,3,C,"YZ,ZZ",2,1.3458649282100836e-10,4.1539040994138385e-13
1.0,3,C,"YZ,ZZ",3,-2.687207110508985e-11,-4.607693948060674e-15
1.0,3,C,"ZI,ZX",1,-2.7377560413068916e-09,-1.5209755785038288e-10
1.0,3,C,"ZI,ZX",2,9.792364708910882e-10,3.0223347867008895e-12
1.0,3,C,"ZI,ZX",3,-9.072950060271151e-11,-1.5557184602659724e-14
1.0,3,C,"ZI,ZY",1,-9.13525095251592e-09,-5.075139418064399e-10
1.0,3,C,"ZI,ZY",2,5.442189294980857e-09,1.6796880540064372e-11
1.0,3,C,"ZI,ZY",3,-8.404534301184418e-10,-1.4411067045926644e-13
1.0,3,C,"ZI,ZZ",1,-1.1931352604662396e-09,-6.628529224812443e-11
1.0,3,C,"ZI,ZZ",2,2.194171688745223e-09,6.772134841806243e-12
1.0,3,C,"ZI,ZZ",3,-4.559241544927785e-10,-7.817629535198534e-14
1.0,3,C,"ZX,ZY",1,-2.8605755644469186e-09,-1.5892086469149548e-10
1.0,3,C,"ZX,ZY",2,2.1743919527030316e-09,6.711086273774789e-12
1.0,3,C,"ZX,ZY",3,-3.718715742293463e-10,-6.376398735071095e-14
1.0,3,C,"ZX,ZZ",1,5.227987798931192e-09,2.9044376660728845e-10
1.0,3,C,"ZX,ZZ",2,-4.490644120378774e-09,-1.3860012717218439e-11
1.0,3,C,"ZX,ZZ",3,8.076806718938855e-10,1.384911988844111e-13
1.0,3,C,"ZY,ZZ",1,1.7726944986938746e-09,9.848302770521525e-11
1.0,3,C,"ZY,ZZ",2,-1.8921724329804587e-09,-5.840038373396478e-12
1.0,3,C,"ZY,ZZ",3,3.642714829371215e-10,6.246081669017858e-14
1.0,3,A,"IX,IY",1,-5.9702092932681366e-09,-3.3167829407045205e-10
1.0,3,A,"IX,IY",2,3.6834391543496734e-09,1.136863936527677e-11
1.0,3,A,"IX,IY",3,-6.430509071801151e-10,-1.1026250123115828e-13
1.0,3,A,"IX,IZ",1,3.5911849127728597e-10,1.9951027293182553e-11
1.0,3,A,"IX,IZ",2,-1.3208794479968756e-09,-4.076788419743443e-12
1.0,3,A,"IX,IZ",3,3.2109706780004537e-10,5.5057796262010526e-14
1.0,3,A,"IX,XI",1,-1.3097866153560313e-08,-7.276592307533507e-10
1.0,3,A,"IX,XI",2,4.390076868290565e-09,1.354961996385977e-11
1.0,3,A,"IX,XI",3,-3.5026442483506877e-10,-6.00590577563561e-14
1.0,3,A,"IX,XX",1,-1.302755629772731e-08,-7.237531276515172e-10
1.0,3,A,"IX,XX",2,4.821524528918152e-09,1.488124854604368e-11
1.0,3,A,"IX,XX",3,-4.1126916603321426e-10,-7.051940432668283e-14
1.0,3,A,"IX,XY",1,-4.894211652732164e-09,-2.719006473740091e-10
1.0,3,A,"IX,XY",2,4.492502955910055e-09,1.3865749863919925e-11
1.0,3,A,"IX,XY",3,-8.113946091350369e-10,-1.391280193990118e-13
1.0,3,A,"IX,XZ",1,-1.4997483321344369e-10,-8.331935178524649e-12
1.0,3,A,"IX,XZ",2,2.7021453511378084e-10,8.339954787462372e-13
1.0,3,A,"IX,XZ",3,-5.608056405998096e-11,-9.616008926608532e-15
1.0,3,A,"IX,YI",1,-4.827680746299895e-09,-2.682044859055497e-10
1.0,3,A,"IX,YI",2,2.850727402992168e-09,8.798541367259777e-12
1.0,3,A,"IX,YI",3,-5.024316665112332e-10,-8.615083444979994e-14
1.0,3,A,"IX,YX",1,-1.9350490499779854e-09,-1.0750272499877697e-10
1.0,3,A,"IX,YX",2,4.6271409946037747e-10,1.4281299366061034e-12
1.0,3,A,"IX,YX",3,2.513248591620432e-11,4.309411165329959e-15
1.0,3,A,"IX,YY",1,-1.1765343703319177e-09,-6.536302057399543e-11
1.0,3,A,"IX,YY",2,-9.806463747768856e-10,-3.026686341903968e-12
1.0,3,A,"IX,YY",3,3.6630633747125565e-10,6.280972864733465e-14
1.0,3,A,"IX,YZ",1,-2.8041163650676637e-09,-1.557842425037591e-10
1.0,3,A,"IX,YZ",2,2.1809258216840433e-11,6.731252536061862e-14
1.0,3,A,"IX,YZ",3,1.4897964396714556e-10,2.554520644155445e-14
1.0,3,A,"IX,ZI",1,3.6191284667331607e-09,2.010626925962867e-10
1.0,3,A,"IX,ZI",2,-2.6734934412035847e-09,-8.251522966677731e-12
1.0,3,A,"IX,ZI",3,4.987474239819834e-10,8.551910562105339e-14
1.0,3,A,"IX,ZX",1,-1.4735693898943908e-09,-8.186496610524393e-11
1.0,3,A,"IX,ZX",2,2.863626230402195e-10,8.838352562969737e-13
1.0,3,A,"IX,ZX",3,6.961154206816117e-12,1.193613547122105e-15
1.0,3,A,"IX,ZY",1,3.755981252688005e-09,2.0866562514933362e-10
1.0,3,A,"IX,ZY",2,-1.8318298985654955e-10,-5.653795983226838e-13
1.0,3,A,"IX,ZY",3,-1.6996979140631507e-10,-2.914434009024607e-14
1.0,3,A,"IX,ZZ",1,2.05409909462654e-09,1.141166163681411e-10
1.0,3,A,"IX,ZZ",2,-3.3054957137512644e-09,-1.0202147264664397e-11
1.0,3,A,"IX,ZZ",3,7.38030614107608e-10,1.2654845920912345e-13
1.0,3,A,"IY,IZ",1,6.063737616018732e-09,3.3687431200104065e-10
1.0,3,A,"IY,IZ",2,-3.289653617358648e-09,-1.0153251905427925e-11
1.0,3,A,"IY,IZ",3,4.932770767104821e-10,8.45811174057754e-14
1.0,3,A,"IY,XI",1,2.5798363070080447e-09,1.433242392782247e-10
1.0,3,A,"IY,XI",2,-1.658868409738023e-09,-5.119964227586491e-12
1.0,3,A,"IY,XI",3,3.253987285740812e-10,5.579539241668059e-14
1.0,3,A,"IY,XX",1,1.563161744460079e-08,8.684231913667105e-10
1.0,3,A,"IY,XX",2,-1.1647539217712221e-08,-3.594919511639575e-11
1.0,3,A,"IY,XX",3,1.985238842005449e-09,3.4040446536444593e-13
1.0,3,A,"IY,XY",1,-7.829581043273319e-09,-4.349767246262955e-10
1.0,3,A,"IY,XY",2,4.083033080076698e-09,1.2601953950854007e-11
1.0,3,A,"IY,XY",3,-5.44792582541043e-10,-9.341436600497993e-14
1.0,3,A,"IY,XZ",1,4.269110022491957e-11,2.3717277902733096e-12
1.0,3,A,"IY,XZ",2,4.297958328601694e-12,1.326530348333856e-14
1.0,3,A,"IY,XZ",3,2.0094937434061645e-11,3.4456339907513107e-15
1.0,3,A,"IY,YI",1,-4.3732132812730195e-10,-2.4295629340405663e-11
1.0,3,A,"IY,YI",2,-8.375861508810536e-10,-2.585142440990906e-12
1.0,3,A,"IY,YI",3,2.292870520247245e-10,3.931533813867018e-14
1.0,3,A,"IY,YX",1,-4.916083442076255e-10,-2.7311574678201414e-11
1.0,3,A,"IY,YX",2,1.3428666910469405e-09,4.144650281009075e-12
1.0,3,A,"IY,YX",3,-2.885149753939953e-10,-4.9471017728737186e-14
1.0,3,A,"IY,YY",1,-1.2546670848343903e-09,-6.970372693524391e-11
1.0,3,A,"IY,YY",2,2.7825223480270034e-10,8.588031938354949e-13
1.0,3,A,"IY,YY",3,2.4134463299659088e-11,4.138282458789281e-15
1.0,3,A,"IY,YZ",1,-9.618495151155261e-11,-5.343608417308479e-12
1.0,3,A,"IY,YZ",2,-5.07085063569313e-10,-1.5650773566954104e-12
1.0,3,A,"IY,YZ",3,1.2069081731237126e-10,2.0694584587169284e-14
1.0,3,A,"IY,ZI",1,1.3508762137935895e-09,7.504867854408831e-11
1.0,3,A,"IY,ZI",2,-9.258491479535356e-11,-2.8575590986220236e-13
1.0,3,A,"IY,ZI",3,-1.4323516517972744e-11,-2.4560213508183716e-15
1.0,3,A,"IY,ZX",1,1.2691429734105577e-09,7.05079429672532e-11
1.0,3,A,"IY,ZX",2,-2.6462247729166934e-09,-8.167360410236708e-12
1.0,3,A,"IY,ZX",3,5.843742341934087e-10,1.00201343311627e-13
1.0,3,A,"IY,ZY",1,7.176598304744336e-11,3.9869990581912975e-12
1.0,3,A,"IY,ZY",2,-3.837408199501443e-10,-1.1843852467597048e-12
1.0,3,A,"IY,ZY",3,5.8769659182588e-11,1.0077102054627571e-14
1.0,3,A,"IY,ZZ",1,5.765712195870409e-09,3.2031734421502276e-10
1.0,3,A,"IY,ZZ",2,-4.048314577161504e-09,-1.2494798077658963e-11
1.0,3,A,"IY,ZZ",3,6.776505688851604e-10,1.1619522786096714e-13
1.0,3,A,"IZ,XI",1,8.352136475663033e-10,4.640075819812796e-11
1.0,3,A,"IZ,XI",2,7.296228606514773e-10,2.25192240941814e-12
1.0,3,A,"IZ,XI",3,-2.506387921211791e-10,-4.297647327180712e-14
1.0,3,A,"IZ,XX",1,-1.8356955435644516e-10,-1.0198308575358064e-11
1.0,3,A,"IZ,XX",2,-3.239964405030966e-10,-9.999890138984463e-13
1.0,3,A,"IZ,XX",3,7.509061750660931e-11,1.2875620285769772e-14
1.0,3,A,"IZ,XY",1,-2.652558981001875e-10,-1.473643878334375e-11
1.0,3,A,"IZ,XY",2,4.996268798124941e-10,1.5420582710262163e-12
1.0,3,A,"IZ,XY",3,-1.0431516081661765e-10,-1.7886687382821957e-14
1.0,3,A,"IZ,XZ",1,-2.7475629618813867e-09,-1.5264238677118816e-10
1.0,3,A,"IZ,XZ",2,8.52140829930687e-10,2.6300642899095277e-12
1.0,3,A,"IZ,XZ",3,-6.625454945199218e-11,-1.1360519453359427e-14
1.0,3,A,"IZ,YI",1,1.8441616499674822e-09,1.0245342499819345e-10
1.0,3,A,"IZ,YI",2,-8.01654026481501e-10,-2.4742408224737684e-12
1.0,3,A,"IZ,YI",3,5.7853125386719784e-11,9.919946053964298e-15
1.0,3,A,"IZ,YX",1,-4.85991197553819e-09,-2.6999510975212166e-10
1.0,3,A,"IZ,YX",2,3.3771111743114215e-09,1.0423182636763646e-11
1.0,3,A,"IZ,YX",3,-5.625043261227311e-10,-9.645135907454237e-14
1.0,3,A,"IZ,YY",1,1.4175552079967013e-09,7.875306711092785e-11
1.0,3,A,"IZ,YY",2,-6.025476604380789e-10,-1.8597150013520954e-12
1.0,3,A,"IZ,YY",3,3.868370873708229e-11,6.633009042709583e-15
1.0,3,A,"IZ,YZ",1,-4.4345206251249993e-10,-2.4636225695138886e-11
1.0,3,A,"IZ,YZ",2,1.1123575894963015e-09,3.43320243671698e-12
1.0,3,A,"IZ,YZ",3,-2.2820384105264908e-10,-3.912960237528276e-14
1.0,3,A,"IZ,ZI",1,-2.9990462404634103e-09,-1.6661368002574503e-10
1.0,3,A,"IZ,ZI",2,2.080528832160578e-09,6.4213852844462286e-12
1.0,3,A,"IZ,ZI",3,-3.468871949007218e-10,-5.947997169079592e-14
1.0,3,A,"IZ,ZX",1,1.1816611677412097e-09,6.564784265228942e-11
1.0,3,A,"IZ,ZX",2,-1.9403742175491554e-10,-5.988809313423319e-13
1.0,3,A,"IZ,ZX",3,-5.5190747230074837e-11,-9.463434024361254e-15
1.0,3,A,"IZ,ZY",1,-1.5118793324469848e-09,-8.399329624705471e-11
1.0,3,A,"IZ,ZY",2,6.058329264469042e-10,1.869854711255877e-12
1.0,3,A,"IZ,ZY",3,-3.730349814352437e-11,-6.39634741829979e-15
1.0,3,A,"IZ,ZZ",1,4.546371724292908e-09,2.525762069051616e-10
1.0,3,A,"IZ,ZZ",2,-3.0968913704349375e-09,-9.558306698873264e-12
1.0,3,A,"IZ,ZZ",3,5.021571059198286e-10,8.610375615909271e-14
1.0,3,A,"XI,XX",1,-5.420275320823557e-09,-3.0112640671241983e-10
1.0,3,A,"XI,XX",2,2.0575364368243e-09,6.350421101309568e-12
1.0,3,A,"XI,XX",3,-1.6199124094088708e-10,-2.7776275881496413e-14
1.0,3,A,"XI,XY",1,-9.430701374901189e-10,-5.2392785416117716e-11
1.0,3,A,"XI,XY",2,1.920840778714637e-09,5.928520921958756e-12
1.0,3,A,"XI,XY",3,-4.023555444492601e-10,-6.899100556400208e-14
1.0,3,A,"XI,XZ",1,2.0089912830666303e-09,1.1161062683703501e-10
1.0,3,A,"XI,XZ",2,-9.155409711447194e-10,-2.825743738100986e-12
1.0,3,A,"XI,XZ",3,1.2244406728247737e-10,2.0995210439382265e-14
1.0,3,A,"XI,YI",1,-2.936898172271856e-09,-1.6316100957065866e-10
1.0,3,A,"XI,YI",2,2.046849486293829e-09,6.317436686092065e-12
1.0,3,A,"XI,YI",3,-3.9654637667403336e-10,-6.799492055453247e-14
1.0,3,A,"XI,YX",1,-2.214340038643392e-09,-1.2301889103574402e-10
1.0,3,A,"XI,YX",2,9.86955145428929e-10,3.0461578562621264e-12
1.0,3,A,"XI,YX",3,-6.862864517721105e-11,-1.1767600339027957e-14
1.0,3,A,"XI,YY",1,3.211321027860998e-10,1.7840672377005546e-11
1.0,3,A,"XI,YY",2,-1.4400535116407884e-09,-4.444609603829594e-12
1.0,3,A,"XI,YY",3,3.9917517151487143e-10,6.844567412806437e-14
1.0,3,A,"XI,YZ",1,-5.519086681073972e-09,-3.066159267263318e-10
1.0,3,A,"XI,YZ",2,1.622706567121344e-09,5.0083536022263706e-12
1.0,3,A,"XI,YZ",3,-9.100075019073765e-11,-1.560369516302086e-14
1.0,3,A,"XI,ZI",1,-9.578317745774956e-11,-5.321287636541642e-12
1.0,3,A,"XI,ZI",2,-3.819748235891037e-12,-1.17893464070711e-14
1.0,3,A,"XI,ZI",3,2.158158797394715e-11,3.7005466347646e-15
1.0,3,A,"XI,ZX",1,8.40007284326828e-10,4.6667071351490447e-11
1.0,3,A,"XI,ZX",2,-6.527852142049806e-10,-2.014769179645002e-12
1.0,3,A,"XI,ZX",3,1.1789368778236266e-10,2.0214967040871513e-14
1.0,3,A,"XI,ZY",1,4.2316746098405475e-09,2.350930338800304e-10
1.0,3,A,"XI,ZY",2,-1.2145362356176158e-09,-3.748568628449431e-12
1.0,3,A,"XI,ZY",3,7.498646656003526e-11,1.285776175583595e-14
1.0,3,A,"XI,ZZ",1,4.27127180945093e-09,2.3729287830282946e-10
1.0,3,A,"XI,ZZ",2,-4.313708775044316e-09,-1.3313915972359001e-11
1.0,3,A,"XI,ZZ",3,8.694725511057645e-10,1.490865142499596e-13
1.0,3,A,"XX,XY",1,9.132281115891708e-10,5.0734895088287265e-11
1.0,3,A,"XX,XY",2,-2.03157089330133e-09,-6.2702805348806475e-12
1.0,3,A,"XX,XY",3,4.3239032682359167e-10,7.414100254176812e-14
1.0,3,A,"XX,XZ",1,-9.446701674718634e-10,-5.248167597065908e-11
1.0,3,A,"XX,XZ",2,1.6553921305283804e-09,5.109234970766606e-12
1.0,3,A,"XX,XZ",3,-3.252889667574169e-10,-5.5776571803397954e-14
1.0,3,A,"XX,YI",1,-5.068574151496329e-09,-2.8158745286090715e-10
1.0,3,A,"XX,YI",2,3.5218004891219295e-09,1.0869754596055338e-11
1.0,3,A,"XX,YI",3,-5.137636036032546e-10,-8.809389636544145e-14
1.0,3,A,"XX,YX",1,-6.997571157146047e-10,-3.8875395317478036e-11
1.0,3,A,"XX,YX",2,1.8409712474144407e-09,5.682010022884076e-12
1.0,3,A,"XX,YX",3,-4.535561699191093e-10,-7.777026233180887e-14
1.0,3,A,"XX,YY",1,-9.302334635593483e-13,-5.1679636864408236e-14
1.0,3,A,"XX,YY",2,6.42316590296808e-13,1.9824586120271853e-15
1.0,3,A,"XX,YY",3,-1.032641429654382e-13,-1.7706471701892695e-17
1.0,3,A,"XX,YZ",1,8.116695331549957e-09,4.5092751841944203e-10
1.0,3,A,"XX,YZ",2,-3.071399302786085e-09,-9.47962747773483e-12
1.0,3,A,"XX,YZ",3,3.664157740728249e-10,6.282849349671208e-14
1.0,3,A,"XX,ZI",1,-8.287064775033413e-10,-4.603924875018563e-11
1.0,3,A,"XX,ZI",2,-6.728918763764826e-11,-2.0768267789397612e-13
1.0,3,A,"XX,ZI",3,6.402554404991432e-11,1.0978316880986681e-14
1.0,3,A,"XX,ZX",1,-6.030978193499653e-09,-3.3505434408331407e-10
1.0,3,A,"XX,ZX",2,3.534613619062038e-09,1.0909301293401352e-11
1.0,3,A,"XX,ZX",3,-4.983526438082495e-10,-8.545141354736788e-14
1.0,3,A,"XX,ZY",1,-3.9023032018007286e-11,-2.167946223222627e-12
1.0,3,A,"XX,ZY",2,-1.5500177249186589e-09,-4.784005323823021e-12
1.0,3,A,"XX,ZY",3,4.428469872058791e-10,7.593398271705746e-14
1.0,3,A,"XX,ZZ",1,-2.735586306468158e-09,-1.5197701702600879e-10
1.0,3,A,"XX,ZZ",2,5.020183108547541e-09,1.5494392310331918e-11
1.0,3,A,"XX,ZZ",3,-1.1865152151989804e-09,-2.0344911097376208e-13
1.0,3,A,"XY,XZ",1,6.4465493739887564e-09,3.5814163188826426e-10
1.0,3,A,"XY,XZ",2,-3.2551325308979075e-09,-1.0046705342277492e-11
1.0,3,A,"XY,XZ",3,4.0965399492576084e-10,7.02424545483129e-14
1.0,3,A,"XY,YI",1,-8.516283427355587e-10,-4.731268570753104e-11
1.0,3,A,"XY,YI",2,9.931107614875499e-10,3.06515667125787e-12
1.0,3,A,"XY,YI",3,-2.2083533136615502e-10,-3.786614049488255e-14
1.0,3,A,"XY,YX",1,-1.0613432330220058e-09,-5.896351294566699e-11
1.0,3,A,"XY,YX",2,6.796039229775367e-10,2.0975429721528913e-12
1.0,3,A,"XY,YX",3,-1.1560874549034686e-10,-1.9823173095052615e-14
1.0,3,A,"XY,YY",1,1.8946007828873416e-09,1.0525559904929675e-10
1.0,3,A,"XY,YY",2,-9.318722553979841e-10,-2.876148936413531e-12
1.0,3,A,"XY,YY",3,8.853411860849999e-11,1.5180747360853907e-14
1.0,3,A,"XY,YZ",1,-4.182169276409224e-09,-2.3234273757829023e-10
1.0,3,A,"XY,YZ",2,3.0012718327789038e-09,9.263184669070691e-12
1.0,3,A,"XY,YZ",3,-5.486675722176843e-10,-9.407880182059059e-14
1.0,3,A,"XY,ZI",1,6.079957876444667e-09,3.3777543758025926e-10
1.0,3,A,"XY,ZI",2,-3.5552522242031173e-09,-1.097300069198493e-11
1.0,3,A,"XY,ZI",3,5.504695363513393e-10,9.438778058150537e-14
1.0,3,A,"XY,ZX",1,4.982815407545549e-10,2.7682307819697493e-11
1.0,3,A,"XY,ZX",2,2.2910325902842913e-10,7.071088241618183e-13
1.0,3,A,"XY,ZX",3,-8.333505830264584e-11,-1.4289276114994144e-14
1.0,3,A,"XY,ZY",1,-4.2463318528310665e-09,-2.3590732515728146e-10
1.0,3,A,"XY,ZY",2,2.0938644159727954e-09,6.462544493743196e-12
1.0,3,A,"XY,ZY",3,-2.9758896749901576e-10,-5.102691486608638e-14
1.0,3,A,"XY,ZZ",1,-3.844683472983076e-09,-2.1359352627683754e-10
1.0,3,A,"XY,ZZ",2,2.3409265863816572e-09,7.22508205673351e-12
1.0,3,A,"XY,ZZ",3,-3.451367696524538e-10,-5.917983018732061e-14
1.0,3,A,"XZ,YI",1,-1.9588148041415205e-09,-1.0882304467452892e-10
1.0,3,A,"XZ,YI",2,6.869160533506004e-10,2.1201112757734578e-12
1.0,3,A,"XZ,YI",3,-6.841085587328648e-11,-1.173025649404775e-14
1.0,3,A,"XZ,YX",1,-9.31611597613996e-10,-5.1756199867444224e-11
1.0,3,A,"XZ,YX",2,1.1851265776818854e-09,3.657798079265079e-12
1.0,3,A,"XZ,YX",3,-2.3351992169284983e-10,-4.004113883622253e-14
1.0,3,A,"XZ,YY",1,-2.205016766386367e-09,-1.2250093146590926e-10
1.0,3,A,"XZ,YY",2,1.306037931987534e-09,4.030981271566463e-12
1.0,3,A,"XZ,YY",3,-1.9325646609369522e-10,-3.3137254131292046e-14
1.0,3,A,"XZ,YZ",1,7.459351283435954e-10,4.1440840463533075e-11
1.0,3,A,"XZ,YZ",2,-1.4282745896921414e-09,-4.408254906457226e-12
1.0,3,A,"XZ,YZ",3,3.112200839051002e-10,5.336421191788412e-14
1.0,3,A,"XZ,ZI",1,9.113060610052209e-11,5.062811450029005e-12
1.0,3,A,"XZ,ZI",2,5.644991076232137e-10,1.7422811963679434e-12
1.0,3,A,"XZ,ZI",3,-9.97975251159189e-11,-1.71120584903839e-14
1.0,3,A,"XZ,ZX",1,-3.061822868817605e-10,-1.7010127048986693e-11
1.0,3,A,"XZ,ZX",2,-7.430262271423989e-10,-2.293290824513577e-12
1.0,3,A,"XZ,ZX",3,2.0386443647373167e-10,3.495617909357539e-14
1.0,3,A,"XZ,ZY",1,6.988985753726314e-10,3.8827698631812855e-11
1.0,3,A,"XZ,ZY",2,-1.0224258306293643e-09,-3.1556352797202603e-12
1.0,3,A,"XZ,ZY",3,1.728415825130186e-10,2.963675969016094e-14
1.0,3,A,"XZ,ZZ",1,9.036470214962233e-09,5.020261230534574e-10
1.0,3,A,"XZ,ZZ",2,-5.86483096918447e-09,-1.8101330151803917e-11
1.0,3,A,"XZ,ZZ",3,9.491667035718061e-10,1.6275149238199694e-13
1.0,3,A,"YI,YX",1,-3.4419738298958093e-09,-1.9122076832754495e-10
1.0,3,A,"YI,YX",2,2.692930090896737e-09,8.311512626224497e-12
1.0,3,A,"YI,YX",3,-4.44016470883093e-10,-7.61345114682944e-14
1.0,3,A,"YI,YY",1,-2.872598055942157e-09,-1.595887808856754e-10
1.0,3,A,"YI,YY",2,2.5439912683274554e-09,7.851824902245232e-12
1.0,3,A,"YI,YY",3,-4.632942618863543e-10,-7.944003118764648e-14
1.0,3,A,"YI,YZ",1,1.4167458352186086e-09,7.870810195658936e-11
1.0,3,A,"YI,YZ",2,-6.357030023803042e-10,-1.9620463036429143e-12
1.0,3,A,"YI,YZ",3,5.17931626932411e-11,8.88085780062433e-15
1.0,3,A,"YI,ZI",1,-2.622018676635693e-09,-1.456677042575385e-10
1.0,3,A,"YI,ZI",2,2.989901217855193e-09,9.22809017856541e-12
1.0,3,A,"YI,ZI",3,-5.875613830224795e-10,-1.0074783659507537e-13
1.0,3,A,"YI,ZX",1,2.3680519121279266e-09,1.315584395626626e-10
1.0,3,A,"YI,ZX",2,-1.463081007357911e-09,-4.515682121475034e-12
1.0,3,A,"YI,ZX",3,2.250508395300464e-10,3.858896425412318e-14
1.0,3,A,"YI,ZY",1,4.260282121405209e-09,2.3668234007806717e-10
1.0,3,A,"YI,ZY",2,-3.427662436983127e-09,-1.0579205052417058e-11
1.0,3,A,"YI,ZY",3,6.161071115858616e-10,1.0564250884531234e-13
1.0,3,A,"YI,ZZ",1,8.138955736893819e-09,4.5216420760521215e-10
1.0,3,A,"YI,ZZ",2,-5.261937185047649e-09,-1.6240546867431016e-11
1.0,3,A,"YI,ZZ",3,8.383492559895602e-10,1.4374987242619344e-13
1.0,3,A,"YX,YY",1,1.9174779276389845e-09,1.0652655153549914e-10
1.0,3,A,"YX,YY",2,-2.474078283414771e-09,-7.63604408461349e-12
1.0,3,A,"YX,YY",3,4.741612207381883e-10,8.130336432410636e-14
1.0,3,A,"YX,YZ",1,-4.745298911278897e-09,-2.6362771729327207e-10
1.0,3,A,"YX,YZ",2,2.737978171502704e-09,8.450549912045383e-12
1.0,3,A,"YX,YZ",3,-4.280911472733552e-10,-7.340383183699506e-14
1.0,3,A,"YX,ZI",1,-9.7232968459375e-10,-5.401831581076388e-11
1.0,3,A,"YX,ZI",2,3.6184013488489114e-10,1.1167905397681826e-12
1.0,3,A,"YX,ZI",3,-2.595856749064852e-11,-4.4510575258313646e-15
1.0,3,A,"YX,ZX",1,4.7033865137271276e-09,2.612992507626182e-10
1.0,3,A,"YX,ZX",2,-3.781795648415248e-09,-1.1672208791405087e-11
1.0,3,A,"YX,ZX",3,6.566688751316368e-10,1.1259754374685131e-13
1.0,3,A,"YX,ZY",1,-3.6673769379862373e-09,-2.0374316322145764e-10
1.0,3,A,"YX,ZY",2,2.622325204376972e-09,8.09359630980547e-12
1.0,3,A,"YX,ZY",3,-4.671461979182988e-10,-8.010051404634752e-14
1.0,3,A,"YX,ZZ",1,-2.385462178235408e-09,-1.3252567656863378e-10
1.0,3,A,"YX,ZZ",2,2.81343214342e-09,8.683432541419753e-12
1.0,3,A,"YX,ZZ",3,-5.578682307947534e-10,-9.565641817468337e-14
1.0,3,A,"YY,YZ",1,8.148066609944952e-10,4.52670367219164e-11
1.0,3,A,"YY,YZ",2,-4.592851053416713e-10,-1.4175466214249113e-12
1.0,3,A,"YY,YZ",3,4.175255495092836e-11,7.15921724124286e-15
1.0,3,A,"YY,ZI",1,-4.438920306392059e-09,-2.466066836884477e-10
1.0,3,A,"YY,ZI",2,4.13684873913338e-09,1.2768051663991915e-11
1.0,3,A,"YY,ZI",3,-7.575233033289644e-10,-1.2989082704543286e-13
1.0,3,A,"YY,ZX",1,3.938966696822484e-09,2.1883148315680467e-10
1.0,3,A,"YY,ZX",2,-3.7119672435338658e-09,-1.1456689023252672e-11
1.0,3,A,"YY,ZX",3,6.976217078030789e-10,1.196196343969614e-13
1.0,3,A,"YY,ZY",1,3.0487565019280156e-09,1.6937536121822308e-10
1.0,3,A,"YY,ZY",2,-2.8162021710512152e-09,-8.691982009417332e-12
1.0,3,A,"YY,ZY",3,5.156209727955097e-10,8.841237530787203e-14
1.0,3,A,"YY,ZZ",1,1.01998684323219e-08,5.666593573512166e-10
1.0,3,A,"YY,ZZ",2,-6.653004903697923e-09,-2.0533965752154084e-11
1.0,3,A,"YY,ZZ",3,1.0771745165553296e-09,1.84700705856538e-13
1.0,3,A,"YZ,ZI",1,3.627317680386419e-09,2.015176489103566e-10
1.0,3,A,"YZ,ZI",2,-2.7398664985215756e-09,-8.456378081856715e-12
1.0,3,A,"YZ,ZI",3,4.723717865782276e-10,8.099653404976468e-14
1.0,3,A,"YZ,ZX",1,-1.9916983997339133e-09,-1.1064991109632852e-10
1.0,3,A,"YZ,ZX",2,1.2259487624797557e-09,3.783792476789369e-12
1.0,3,A,"YZ,ZX",3,-1.7030299182712635e-10,-2.920147322138655e-14
1.0,3,A,"YZ,ZY",1,4.954731664353711e-10,2.7526287024187284e-11
1.0,3,A,"YZ,ZY",2,5.563345254871756e-10,1.7170818687875792e-12
1.0,3,A,"YZ,ZY",3,-1.8694300879484525e-10,-3.2054699724767704e-14
1.0,3,A,"YZ,ZZ",1,-6.340760735103223e-09,-3.522644852835124e-10
1.0,3,A,"YZ,ZZ",2,4.8496559311521876e-09,1.4968073861580825e-11
1.0,3,A,"YZ,ZZ",3,-8.172432439829834e-10,-1.4013087173919468e-13
1.0,3,A,"ZI,ZX",1,7.963829963753077e-10,4.42434997986282e-11
1.0,3,A,"ZI,ZX",2,-2.010882659581067e-09,-6.20642796166996e-12
1.0,3,A,"ZI,ZX",3,4.506867775449609e-10,7.727825403720181e-14
1.0,3,A,"ZI,ZY",1,-2.075236613014426e-09,-1.1529092294524588e-10
1.0,3,A,"ZI,ZY",2,2.663613949443569e-09,8.221030708159163e-12
1.0,3,A,"ZI,ZY",3,-5.371632751562521e-10,-9.210618572638067e-14
1.0,3,A,"ZI,ZZ",1,1.788199575780621e-09,9.934442087670117e-11
1.0,3,A,"ZI,ZZ",2,-1.574212886025935e-09,-4.8586817469936265e-12
1.0,3,A,"ZI,ZZ",3,2.9487030110475743e-10,5.056075121823687e-14
1.0,3,A,"ZX,ZY",1,5.849016336750736e-09,3.2494535204170754e-10
1.0,3,A,"ZX,ZY",2,-4.343020175285929e-09,-1.3404383257055336e-11
1.0,3,A,"ZX,ZY",3,7.675631132332123e-10,1.3161233080130527e-13
1.0,3,A,"ZX,ZZ",1,6.517833361392763e-09,3.6210185341070905e-10
1.0,3,A,"ZX,ZZ",2,-3.8034679102740965e-09,-1.1739098488500299e-11
1.0,3,A,"ZX,ZZ",3,5.669002533567749e-10,9.720511888833588e-14
1.0,3,A,"ZY,ZZ",1,-3.3715951390378625e-09,-1.8731084105765902e-10
1.0,3,A,"ZY,ZZ",2,2.711819660857639e-09,8.369813768079133e-12
1.0,3,A,"ZY,ZZ",3,-4.687418837325225e-10,-8.03741227250553e-14
1.0,4,H,IX,1,-5.653536069502942e-08,-3.140853371946079e-09
1.0,4,H,IX,2,1.0328739134991468e-07,3.1878824490714405e-10
1.0,4,H,IX,3,-5.4121436937379545e-08,-9.280081779386067e-12
1.0,4,H,IX,4,7.959094108404852e-09,7.581822615078544e-14
1.0,4,H,IY,1,5.893657099508877e-10,3.2742539441715985e-11
1.0,4,H,IY,2,1.1713721087765006e-08,3.615346014742286e-11
1.0,4,H,IY,3,-8.231134105169332e-09,-1.41137416069433e-12
1.0,4,H,IY,4,1.3335741236202415e-09,1.2703609621439582e-14
1.0,4,H,IZ,1,-6.430951614216189e-10,-3.5727508967867716e-11
1.0,4,H,IZ,2,5.579616980530491e-10,1.7221040063365712e-12
1.0,4,H,IZ,3,-2.246481927789063e-10,-3.851992331599903e-14
1.0,4,H,IZ,4,3.1296435928210974e-11,2.981294384260305e-16
1.0,4,H,XI,1,-4.6374683672763725e-08,-2.5763713151535405e-09
1.0,4,H,XI,2,6.985079386468669e-08,2.155888699527367e-10
1.0,4,H,XI,3,-3.487898277388365e-08,-5.9806211889375255e-12
1.0,4,H,XI,4,5.070944940844887e-09,4.830575503776946e-14
1.0,4,H,XX,1,-4.1640005617145354e-05,-2.313333645396964e-06
1.0,4,H,XX,2,6.350416909395136e-07,1.960005218949116e-09
1.0,4,H,XX,3,2.0110866197811238e-08,3.4483652602556993e-12
1.0,4,H,XX,4,-3.3065687288551514e-09,-3.149833036937158e-14
1.0,4,H,XY,1,-2.227738588407391e-08,-1.2376325491152174e-09
1.0,4,H,XY,2,5.688637787441834e-08,1.7557524035314302e-10
1.0,4,H,XY,3,-3.4334369124734036e-08,-5.88723750424109e-12
1.0,4,H,XY,4,5.395264907068265e-09,5.1395222784905736e-14
1.0,4,H,XZ,1,-4.676450091006213e-09,-2.5980278283367847e-10
1.0,4,H,XZ,2,8.29286361372964e-09,2.559525806706679e-11
1.0,4,H,XZ,3,-3.539056448656545e-09,-6.068340961345242e-13
1.0,4,H,XZ,4,4.2585585288292377e-10,4.056697272547285e-15
1.0,4,H,YI,1,-3.138955794608115e-08,-1.7438643303378415e-09
1.0,4,H,YI,2,6.379138923825382e-08,1.9688700382177107e-10
1.0,4,H,YI,3,-3.518465557591307e-08,-6.033034220835575e-12
1.0,4,H,YI,4,5.300984822894769e-09,5.0497111938869536e-14
1.0,4,H,YX,1,1.5493682720562872e-08,8.607601511423818e-10
1.0,4,H,YX,2,-1.6516751308902452e-08,-5.0977627496612506e-11
1.0,4,H,YX,3,6.911673290237899e-09,1.185129164992781e-12
1.0,4,H,YX,4,-9.30735436238764e-10,-8.86617356575564e-15
1.0,4,H,YY,1,-1.0543041212330883e-08,-5.857245117961602e-10
1.0,4,H,YY,2,2.0927624226888475e-08,6.45914327990385e-11
1.0,4,H,YY,3,-9.751677679177798e-09,-1.672098367485905e-12
1.0,4,H,YY,4,1.2691232192643783e-09,1.2089651151352483e-14
1.0,4,H,YZ,1,4.1194582574556105e-08,2.2885879208086725e-09
1.0,4,H,YZ,2,-8.188235948829706e-08,-2.527233317540033e-10
1.0,4,H,YZ,3,4.4510456525581925e-08,7.632108457747244e-12
1.0,4,H,YZ,4,-6.666524577142709e-09,-6.350522573867083e-14
1.0,4,H,ZI,1,2.671710137894565e-10,1.4842834099414248e-11
1.0,4,H,ZI,2,-4.558742052668091e-11,-1.407019152058053e-13
1.0,4,H,ZI,3,-3.6517592268378866e-11,-6.261589895126692e-15
1.0,4,H,ZI,4,7.492623385607111e-12,7.137463215979949e-17
1.0,4,H,ZX,1,-6.285980388730925e-09,-3.492211327072736e-10
1.0,4,H,ZX,2,1.207550423122822e-08,3.727007478774142e-11
1.0,4,H,ZX,3,-5.648887782785802e-09,-9.686021575421472e-13
1.0,4,H,ZX,4,7.423662216737421e-10,7.0717708969073126e-15
1.0,4,H,ZY,1,-4.812644921667556e-09,-2.6736916231486423e-10
1.0,4,H,ZY,2,-3.24427791361264e-09,-1.001320343707605e-11
1.0,4,H,ZY,3,3.0647506212773737e-09,5.255059364330201e-13
1.0,4,H,ZY,4,-5.140827722144546e-10,-4.897145749642343e-15
1.0,4,H,ZZ,1,1.5683225027943776e-15,8.712902793302097e-17
1.0,4,H,ZZ,2,-4.869114617109256e-15,-1.5028131534287827e-17
1.0,4,H,ZZ,3,2.673206619276666e-15,4.58368761878715e-19
1.0,4,H,ZZ,4,-3.889908653019246e-16,-3.705521884068021e-21
1.0,4,S,IX,1,0.0006394464749272286,3.5524804162623814e-05
1.0,4,S,IX,2,-1.9938018902736164e-06,-6.153709537881532e-09
1.0,4,S,IX,3,6.51307225704225e-09,1.1167819370785752e-12
1.0,4,S,IX,4,-1.8191389653613334e-10,-1.7329093939198801e-15
1.0,4,S,IY,1,-3.652381156093428e-09,-2.0291006422741267e-10
1.0,4,S,IY,2,3.468736652982665e-09,1.0705977324020571e-11
1.0,4,S,IY,3,-1.202199081351157e-09,-2.061383884346977e-13
1.0,4,S,IY,4,1.4264482329497554e-10,1.3588327169541184e-15
1.0,4,S,IZ,1,-4.251782085759453e-09,-2.3621011587552513e-10
1.0,4,S,IZ,2,8.54574150795546e-09,2.637574539492426e-11
1.0,4,S,IZ,3,-4.9564287064605776e-09,-8.498677480213611e-13
1.0,4,S,IZ,4,7.675279771297045e-10,7.31146144956661e-15
1.0,4,S,XI,1,0.0006394589135761097,3.552549519867276e-05
1.0,4,S,XI,2,-1.99743965892032e-06,-6.164937218889877e-09
1.0,4,S,XI,3,3.5321743640704596e-09,6.056540404784739e-13
1.0,4,S,XI,4,6.465044285266976e-10,6.15859271192175e-15
1.0,4,S,XX,1,0.00015444014741511827,8.580008189728793e-06
1.0,4,S,XX,2,1.113155691601792e-06,3.435665714820346e-09
1.0,4,S,XX,3,-3.142409998428136e-08,-5.388220161913813e-12
1.0,4,S,XX,4,3.2455073252633738e-09,3.091666023913441e-14
1.0,4,S,XY,1,-1.313179188575609e-08,-7.295439936531161e-10
1.0,4,S,XY,2,1.7279674387875106e-08,5.333232835763921e-11
1.0,4,S,XY,3,-7.81838860429116e-09,-1.340601612532778e-12
1.0,4,S,XY,4,1.075733509960892e-09,1.0247423315432976e-14
1.0,4,S,XZ,1,7.665454352489056e-09,4.2585857513828084e-10
1.0,4,S,XZ,2,-1.2045688624500157e-08,-3.7178051310185673e-11
1.0,4,S,XZ,3,5.577864979999045e-09,9.564240363510023e-13
1.0,4,S,XZ,4,-7.470586073079346e-10,-7.116470500951975e-15
1.0,4,S,YI,1,6.6094374907603945e-09,3.671909717089108e-10
1.0,4,S,YI,2,-4.946733136674226e-09,-1.5267694866278477e-11
1.0,4,S,YI,3,1.3922564239093545e-09,2.387270960064051e-13
1.0,4,S,YI,4,-1.322409945710436e-10,-1.2597259809008117e-15
1.0,4,S,YX,1,-1.3192793674138736e-08,-7.329329818965964e-10
1.0,4,S,YX,2,1.7958155275712157e-08,5.54264051719511e-11
1.0,4,S,YX,3,-7.972525617674405e-09,-1.3670311415765441e-12
1.0,4,S,YX,4,1.075289165511781e-09,1.0243190496035104e-14
1.0,4,S,YY,1,1.122684584232871e-08,6.237136579071506e-10
1.0,4,S,YY,2,-9.247089836725081e-09,-2.8540400730632965e-11
1.0,4,S,YY,3,3.0444506068710928e-09,5.220251383523821e-13
1.0,4,S,YY,4,-3.417137578086646e-10,-3.2551607777841087e-15
1.0,4,S,YZ,1,1.884201583377983e-08,1.0467786574322128e-09
1.0,4,S,YZ,2,-2.2862992056101906e-08,-7.056479029661082e-11
1.0,4,S,YZ,3,9.574120511247352e-09,1.6416530369079821e-12
1.0,4,S,YZ,4,-1.2410246315401303e-09,-1.1821984373000784e-14
1.0,4,S,ZI,1,-6.981687349322919e-09,-3.8787151940682886e-10
1.0,4,S,ZI,2,1.2160866884911628e-08,3.7533539768245764e-11
1.0,4,S,ZI,3,-6.531370608763862e-09,-1.1199195145342698e-12
1.0,4,S,ZI,4,9.769620377508058e-10,9.306527565832247e-15
1.0,4,S,ZX,1,1.3665423423627053e-09,7.591901902015029e-11
1.0,4,S,ZX,2,-4.739583192365783e-10,-1.4628343186314145e-12
1.0,4,S,ZX,3,2.7011429071091996e-10,4.631589346895061e-14
1.0,4,S,ZX,4,-5.712123022633958e-11,-5.441360904048504e-16
1.0,4,S,ZY,1,1.990427253482418e-08,1.1057929186013434e-09
1.0,4,S,ZY,2,-2.6451408637270056e-08,-8.164015011503104e-11
1.0,4,S,ZY,3,1.2156762802151573e-08,2.084492935897046e-12
1.0,4,S,ZY,4,-1.6851653588736787e-09,-1.605286311989101e-14
1.0,4,S,ZZ,1,2.545821111684519e-08,1.414345062046955e-09
1.0,4,S,ZZ,2,-3.2124179911583976e-08,-9.914870343081474e-11
1.0,4,S,ZZ,3,1.3744009048406773e-08,2.3566545007556196e-12
1.0,4,S,ZZ,4,-1.8162715303961901e-09,-1.730177879130649e-14
1.0,4,C,"IX,IY",1,-4.541414470434223e-09,-2.5230080391301236e-10
1.0,4,C,"IX,IY",2,5.1978587524107725e-09,1.6042773927193743e-11
1.0,4,C,"IX,IY",3,-2.2996396939261232e-09,-3.943140764619553e-13
1.0,4,C,"IX,IY",4,3.149752421552335e-10,3.0004500281515156e-15
1.0,4,C,"IX,IZ",1,8.071076176833068e-10,4.483931209351705e-11
1.0,4,C,"IX,IZ",2,-7.006031361333367e-09,-2.1623553584362243e-11
1.0,4,C,"IX,IZ",3,3.952911299060049e-09,6.777968619787464e-13
1.0,4,C,"IX,IZ",4,-5.733381037531756e-10,-5.461611261175656e-15
1.0,4,C,"IX,XI",1,0.0006394516168136116,3.552508982297842e-05
1.0,4,C,"IX,XI",2,-1.9923073924959963e-06,-6.149096890419742e-09
1.0,4,C,"IX,XI",3,3.093525485945484e-09,5.304398981388005e-13
1.0,4,C,"IX,XI",4,5.251650706772437e-10,5.002715579534786e-15
1.0,4,C,"IX,XX",1,-4.556518213328806e-09,-2.5313990074048923e-10
1.0,4,C,"IX,XX",2,-2.513794347574484e-09,-7.758624529550876e-12
1.0,4,C,"IX,XX",3,2.9814349325788397e-09,5.112199815807338e-13
1.0,4,C,"IX,XX",4,-5.329654160522923e-10,-5.077021567332459e-15
1.0,4,C,"IX,XY",1,-4.791818447568629e-09,-2.6621213597603497e-10
1.0,4,C,"IX,XY",2,9.410098829856682e-09,2.9043514906965068e-11
1.0,4,C,"IX,XY",3,-5.672613946847506e-09,-9.726704298435367e-13
1.0,4,C,"IX,XY",4,9.091938000518225e-10,8.660968221801388e-15
1.0,4,C,"IX,XZ",1,-2.0711816066228713e-08,-1.1506564481238174e-09
1.0,4,C,"IX,XZ",2,4.609536815164895e-08,1.4226965478903997e-10
1.0,4,C,"IX,XZ",3,-2.5374479801297023e-08,-4.350905315723084e-12
1.0,4,C,"IX,XZ",4,3.805406465870614e-09,3.6250252113536555e-14
1.0,4,C,"IX,YI",1,6.247843624316738e-09,3.4710242357315213e-10
1.0,4,C,"IX,YI",2,-1.2616573184121363e-08,-3.89400406917326e-11
1.0,4,C,"IX,YI",3,6.856390522502512e-09,1.1756499524181261e-12
1.0,4,C,"IX,YI",4,-1.0271394752149508e-09,-9.784517177401986e-15
1.0,4,C,"IX,YX",1,1.689458174075383e-08,9.385878744863238e-10
1.0,4,C,"IX,YX",2,-2.8454442951750347e-08,-8.782235478935292e-11
1.0,4,C,"IX,YX",3,1.4145828946133502e-08,2.425553660173783e-12
1.0,4,C,"IX,YX",4,-2.01179288045656e-09,-1.916431260913504e-14
1.0,4,C,"IX,YY",1,-1.9427022840902834e-08,-1.0792790467168241e-09
1.0,4,C,"IX,YY",2,4.474278233219909e-08,1.3809500719814534e-10
1.0,4,C,"IX,YY",3,-2.49141467291419e-08,-4.27197303311761e-12
1.0,4,C,"IX,YY",4,3.753428096093198e-09,3.575510684435679e-14
1.0,4,C,"IX,YZ",1,-2.2095577038198413e-10,-1.2275320576776896e-11
1.0,4,C,"IX,YZ",2,8.236026112604163e-10,2.5419833680877048e-12
1.0,4,C,"IX,YZ",3,-5.406339256238937e-10,-9.270129040190221e-14
1.0,4,C,"IX,YZ",4,8.715862867597702e-11,8.30271954313148e-16
1.0,4,C,"IX,ZI",1,1.3082682477497304e-08,7.268156931942946e-10
1.0,4,C,"IX,ZI",2,-3.0935249953493926e-08,-9.54791665231294e-11
1.0,4,C,"IX,ZI",3,1.7516134426677213e-08,3.003452405122979e-12
1.0,4,C,"IX,ZI",4,-2.6668626645138612e-09,-2.5404498785568713e-14
1.0,4,C,"IX,ZX",1,-1.637946720202717e-08,-9.099704001126205e-10
1.0,4,C,"IX,ZX",2,3.750208104017471e-08,1.1574716370424293e-10
1.0,4,C,"IX,ZX",3,-2.088652185060693e-08,-3.581365200721353e-12
1.0,4,C,"IX,ZX",4,3.1472664132790643e-09,2.9980818599289974e-14
1.0,4,C,"IX,ZY",1,7.780821945794853e-10,4.322678858774918e-11
1.0,4,C,"IX,ZY",2,-2.45690432127978e-09,-7.583038028641296e-12
1.0,4,C,"IX,ZY",3,1.4780995065913481e-09,2.5344641745393485e-13
1.0,4,C,"IX,ZY",4,-2.2801746511088207e-10,-2.1720913838485186e-15
1.0,4,C,"IX,ZZ",1,-1.1974704922375494e-08,-6.652613845764163e-10
1.0,4,C,"IX,ZZ",2,3.238609085524377e-08,9.995707054087584e-11
1.0,4,C,"IX,ZZ",3,-1.863465603794565e-08,-3.1952428048603655e-12
1.0,4,C,"IX,ZZ",4,2.8435204050682446e-09,2.7087338106502865e-14
1.0,4,C,"IY,IZ",1,7.595290439945873e-09,4.2196057999699295e-10
1.0,4,C,"IY,IZ",2,-1.3793256357759751e-08,-4.257177888197454e-11
1.0,4,C,"IY,IZ",3,6.949207503690553e-09,1.1915650726492718e-12
1.0,4,C,"IY,IZ",4,-9.931049451836897e-10,-9.460304690440574e-15
1.0,4,C,"IY,XI",1,6.594444190661461e-09,3.663580105923034e-10
1.0,4,C,"IY,XI",2,-1.3701153781504495e-08,-4.228751167131017e-11
1.0,4,C,"IY,XI",3,7.3470968353282245e-09,1.259790266688653e-12
1.0,4,C,"IY,XI",4,-1.0862589821597679e-09,-1.0347688825634124e-14
1.0,4,C,"IY,XX",1,-6.084594668751443e-09,-3.3803303715285795e-10
1.0,4,C,"IY,XX",2,1.350572097962674e-08,4.168432401119365e-11
1.0,4,C,"IY,XX",3,-6.72817867572806e-09,-1.153665753725662e-12
1.0,4,C,"IY,XX",4,9.214644089073741e-10,8.777857880919202e-15
1.0,4,C,"IY,XY",1,-5.30278674444637e-09,-2.945992635803539e-10
1.0,4,C,"IY,XY",2,7.1582346371321615e-09,2.2093316781272104e-11
1.0,4,C,"IY,XY",3,-3.2671678741382562e-09,-5.602139701883156e-13
1.0,4,C,"IY,XY",4,4.495377971874923e-10,4.2822911635754105e-15
1.0,4,C,"IY,XZ",1,2.8062551259057846e-10,1.5590306255032136e-11
1.0,4,C,"IY,XZ",2,-1.8621387775207628e-09,-5.7473419059282806e-12
1.0,4,C,"IY,XZ",3,8.986205249240276e-10,1.54084452147467e-13
1.0,4,C,"IY,XZ",4,-1.0568764332595971e-10,-1.0067791049950437e-15
1.0,4,C,"IY,YI",1,8.081339322423518e-09,4.489632956901955e-10
1.0,4,C,"IY,YI",2,-9.292957747240873e-09,-2.8681968355681705e-11
1.0,4,C,"IY,YI",3,3.799546927106402e-09,6.514998160333337e-13
1.0,4,C,"IY,YI",4,-4.872001200119864e-10,-4.641061957132929e-15
1.0,4,C,"IY,YX",1,1.040344358626703e-08,5.779690881259461e-10
1.0,4,C,"IY,YX",2,-2.265284158753123e-08,-6.991617773929391e-11
1.0,4,C,"IY,YX",3,1.2980124197168773e-08,2.2256728733142614e-12
1.0,4,C,"IY,YX",4,-1.9953678353608636e-09,-1.9007847844848953e-14
1.0,4,C,"IY,YY",1,6.548045451678805e-09,3.637803028710447e-10
1.0,4,C,"IY,YY",2,-6.52173511582191e-09,-2.0128812085870093e-11
1.0,4,C,"IY,YY",3,2.520326236426152e-09,4.321547044626461e-13
1.0,4,C,"IY,YY",4,-3.1284148403869626e-10,-2.980123876302167e-15
1.0,4,C,"IY,YZ",1,-3.6840719394942233e-09,-2.0467066330523464e-10
1.0,4,C,"IY,YZ",2,9.568126445891577e-09,2.9531254462628326e-11
1.0,4,C,"IY,YZ",3,-5.0210860483527195e-09,-8.609543978656927e-13
1.0,4,C,"IY,YZ",4,7.273733350003666e-10,6.9289488549798676e-15
1.0,4,C,"IY,ZI",1,-1.4315639721368719e-08,-7.953133178538177e-10
1.0,4,C,"IY,ZI",2,2.9116919865563374e-08,8.986703662210918e-11
1.0,4,C,"IY,ZI",3,-1.5832596053398943e-08,-2.714779844547144e-12
1.0,4,C,"IY,ZI",4,2.360566006480505e-09,2.248672083600542e-14
1.0,4,C,"IY,ZX",1,-1.3268801266101053e-09,-7.371556258945029e-11
1.0,4,C,"IY,ZX",2,5.771072958869566e-09,1.781195357675792e-11
1.0,4,C,"IY,ZX",3,-3.662415829019126e-09,-6.27986253261167e-13
1.0,4,C,"IY,ZX",4,5.774754913974646e-10,5.501023961643277e-15
1.0,4,C,"IY,ZY",1,2.6443027996024596e-09,1.4690571108902555e-10
1.0,4,C,"IY,ZY",2,-7.756837192455597e-09,-2.394085553227036e-11
1.0,4,C,"IY,ZY",3,4.8127187831585245e-09,8.252261287994727e-13
1.0,4,C,"IY,ZY",4,-7.543413517183477e-10,-7.18584582874512e-15
1.0,4,C,"IY,ZZ",1,3.638815533593323e-09,2.0215641853296239e-10
1.0,4,C,"IY,ZZ",2,-6.432047514765853e-09,-1.985199850236374e-11
1.0,4,C,"IY,ZZ",3,3.42734034367593e-09,5.876783854039661e-13
1.0,4,C,"IY,ZZ",4,-5.203360466028522e-10,-4.956714359499812e-15
1.0,4,C,"IZ,XI",1,4.4422743390596e-09,2.4679301883664444e-10
1.0,4,C,"IZ,XI",2,-1.0110626372957602e-08,-3.1205636953572843e-11
1.0,4,C,"IZ,XI",3,4.894246325430874e-09,8.392054741822486e-13
1.0,4,C,"IZ,XI",4,-6.681218443298816e-10,-6.364519931507026e-15
1.0,4,C,"IZ,XX",1,2.133578801946258e-08,1.18532155663681e-09
1.0,4,C,"IZ,XX",2,-5.510875317553316e-08,-1.700887443689295e-10
1.0,4,C,"IZ,XX",3,3.3350747826609144e-08,5.718578159569469e-12
1.0,4,C,"IZ,XX",4,-5.245996646846992e-09,-4.997329529461012e-14
1.0,4,C,"IZ,XY",1,2.4327998041186217e-08,1.3515554467325675e-09
1.0,4,C,"IZ,XY",2,-3.6307417184436064e-08,-1.1205992958159279e-10
1.0,4,C,"IZ,XY",3,1.7857087914545897e-08,3.0619149373364023e-12
1.0,4,C,"IZ,XY",4,-2.5622530976068967e-09,-2.4407989422409853e-14
1.0,4,C,"IZ,XZ",1,-1.988048610805178e-09,-1.104471450447321e-10
1.0,4,C,"IZ,XZ",2,6.266176076147882e-09,1.9340049617740375e-11
1.0,4,C,"IZ,XZ",3,-3.865899075996431e-09,-6.628770706441068e-13
1.0,4,C,"IZ,XZ",4,6.06047019302062e-10,5.7731959619537986e-15
1.0,4,C,"IZ,YI",1,7.165266252040042e-09,3.980703473355579e-10
1.0,4,C,"IZ,YI",2,-8.275671962726888e-09,-2.5542197415823728e-11
1.0,4,C,"IZ,YI",3,3.731946082284444e-09,6.399084503231214e-13
1.0,4,C,"IZ,YI",4,-5.215995180887228e-10,-4.9687501723129355e-15
1.0,4,C,"IZ,YX",1,5.42236074781168e-09,3.0124226376731554e-10
1.0,4,C,"IZ,YX",2,-1.0253203600074805e-08,-3.1645690123687666e-11
1.0,4,C,"IZ,YX",3,5.034950298994724e-09,8.633316699236495e-13
1.0,4,C,"IZ,YX",4,-6.987473632597561e-10,-6.656258223401121e-15
1.0,4,C,"IZ,YY",1,8.689777842752867e-09,4.827654357084926e-10
1.0,4,C,"IZ,YY",2,-1.1220333054898277e-08,-3.4630657576846535e-11
1.0,4,C,"IZ,YY",3,5.014369647347097e-09,8.598027516027258e-13
1.0,4,C,"IZ,YY",4,-6.861696406383513e-10,-6.536443002575363e-15
1.0,4,C,"IZ,YZ",1,-9.78789416751136e-09,-5.437718981950756e-10
1.0,4,C,"IZ,YZ",2,7.761604586426171e-09,2.3955569711191885e-11
1.0,4,C,"IZ,YZ",3,-1.970898249745635e-09,-3.3794551607435443e-13
1.0,4,C,"IZ,YZ",4,1.4802117093809676e-10,1.4100477341306275e-15
1.0,4,C,"IZ,ZI",1,9.286408789143828e-09,5.159115993968793e-10
1.0,4,C,"IZ,ZI",2,-2.303616203952909e-08,-7.109926555410213e-11
1.0,4,C,"IZ,ZI",3,1.2611804927405962e-08,2.162517991667689e-12
1.0,4,C,"IZ,ZI",4,-1.8710902427328135e-09,-1.7823981126474752e-14
1.0,4,C,"IZ,ZX",1,2.9567803238112342e-09,1.6426557354506856e-10
1.0,4,C,"IZ,ZX",2,-6.52480715850756e-10,-2.0138293699097407e-12
1.0,4,C,"IZ,ZX",3,-1.3455748935083042e-10,-2.3072271836562145e-14
1.0,4,C,"IZ,ZX",4,3.620264314175338e-11,3.4486590403285877e-16
1.0,4,C,"IZ,ZY",1,-9.682897408500575e-09,-5.379387449166986e-10
1.0,4,C,"IZ,ZY",2,1.844580351561254e-08,5.6931492332137475e-11
1.0,4,C,"IZ,ZY",3,-9.424613610478854e-09,-1.6160174229216141e-12
1.0,4,C,"IZ,ZY",4,1.3596081644465434e-09,1.2951609553103027e-14
1.0,4,C,"IZ,ZZ",1,-1.4077226981822971e-08,-7.820681656568317e-10
1.0,4,C,"IZ,ZZ",2,2.7181074816001066e-08,8.389220622222551e-11
1.0,4,C,"IZ,ZZ",3,-1.4417517442373284e-08,-2.4721394791449387e-12
1.0,4,C,"IZ,ZZ",4,2.132444500014862e-09,2.0313638355575196e-14
1.0,4,C,"XI,XX",1,2.826235873973113e-08,1.5701310410961739e-09
1.0,4,C,"XI,XX",2,-6.106135538730935e-08,-1.8846097341762144e-10
1.0,4,C,"XI,XX",3,3.400741653208296e-08,5.831175674225473e-12
1.0,4,C,"XI,XX",4,-5.128096458632554e-09,-4.8850179647086515e-14
1.0,4,C,"XI,XY",1,-9.087284492346879e-09,-5.048491384637155e-10
1.0,4,C,"XI,XY",2,1.536769391937461e-08,4.743115407214386e-11
1.0,4,C,"XI,XY",3,-8.27536692318058e-09,-1.4189586630968073e-12
1.0,4,C,"XI,XY",4,1.2484868548627886e-09,1.189306941455941e-14
1.0,4,C,"XI,XZ",1,-1.1436845587758737e-08,-6.353803104310409e-10
1.0,4,C,"XI,XZ",2,3.042845530009496e-08,9.391498549412025e-11
1.0,4,C,"XI,XZ",3,-1.7357579533188623e-08,-2.976265352055662e-12
1.0,4,C,"XI,XZ",4,2.6344851855113515e-09,2.5096071344986963e-14
1.0,4,C,"XI,YI",1,5.976106358094386e-09,3.3200590878302144e-10
1.0,4,C,"XI,YI",2,-1.1809493487638087e-08,-3.6449053974191626e-11
1.0,4,C,"XI,YI",3,6.555644732478227e-09,1.1240817442520966e-12
1.0,4,C,"XI,YI",4,-9.921895000764957e-10,-9.451584172348876e-15
1.0,4,C,"XI,YX",1,1.7936918596025084e-08,9.96495477556949e-10
1.0,4,C,"XI,YX",2,-3.4550570079395725e-08,-1.066375619734436e-10
1.0,4,C,"XI,YX",3,1.794115443847525e-08,3.0763296362268946e-12
1.0,4,C,"XI,YX",4,-2.605326468266157e-09,-2.481830578671465e-14
1.0,4,C,"XI,YY",1,-1.3360355259495456e-08,-7.422419588608587e-10
1.0,4,C,"XI,YY",2,3.389216343214464e-08,1.0460544269180445e-10
1.0,4,C,"XI,YY",3,-1.9104451915601024e-08,-3.275797653566705e-12
1.0,4,C,"XI,YY",4,2.888824292377437e-09,2.751890234317784e-14
1.0,4,C,"XI,YZ",1,-1.1242686757355487e-11,-6.245937087419714e-13
1.0,4,C,"XI,YZ",2,-6.324638177711275e-10,-1.952048820281258e-12
1.0,4,C,"XI,YZ",3,4.904386453035622e-10,8.409441791899215e-14
1.0,4,C,"XI,YZ",4,-8.264671084893329e-11,-7.872914842338562e-16
1.0,4,C,"XI,ZI",1,2.5091304560141254e-08,1.3939613644522919e-09
1.0,4,C,"XI,ZI",2,-4.972530857337953e-08,-1.5347317460919608e-10
1.0,4,C,"XI,ZI",3,2.6768063623646628e-08,4.589860017772056e-12
1.0,4,C,"XI,ZI",4,-3.985770036147396e-09,-3.7968393119831165e-14
1.0,4,C,"XI,ZX",1,-1.4527503114913826e-08,-8.070835063841014e-10
1.0,4,C,"XI,ZX",2,3.761684359473268e-08,1.161013691195453e-10
1.0,4,C,"XI,ZX",3,-2.1231784150834017e-08,-3.6405665553556275e-12
1.0,4,C,"XI,ZX",4,3.209162840702409e-09,3.057044315560137e-14
1.0,4,C,"XI,ZY",1,-5.474521176155349e-10,-3.041400653419638e-11
1.0,4,C,"XI,ZY",2,2.2682068641694354e-09,7.000638469658751e-12
1.0,4,C,"XI,ZY",3,-1.429074315699525e-09,-2.4504017758908176e-13
1.0,4,C,"XI,ZY",4,2.2366962269168937e-10,2.1306738939537547e-15
1.0,4,C,"XI,ZZ",1,-2.44071904522782e-08,-1.3559550251265667e-09
1.0,4,C,"XI,ZZ",2,5.2739581070938027e-08,1.6277648478684575e-10
1.0,4,C,"XI,ZZ",3,-2.893989785764637e-08,-4.962259577785728e-12
1.0,4,C,"XI,ZZ",4,4.336981947020483e-09,4.131403317920747e-14
1.0,4,C,"XX,XY",1,-2.0506051411104197e-09,-1.1392250783946776e-10
1.0,4,C,"XX,XY",2,5.770345418668275e-09,1.780970808230949e-11
1.0,4,C,"XX,XY",3,-3.4136050744865213e-09,-5.85323229507291e-13
1.0,4,C,"XX,XY",4,5.268835019004663e-10,5.019085332842424e-15
1.0,4,C,"XX,XZ",1,-1.5297121149896326e-09,-8.498400638831292e-11
1.0,4,C,"XX,XZ",2,-9.937973349608633e-09,-3.06727572518785e-11
1.0,4,C,"XX,XZ",3,7.248513505898815e-09,1.2428864036177666e-12
1.0,4,C,"XX,XZ",4,-1.1844584336580506e-09,-1.1283135513432125e-14
1.0,4,C,"XX,YI",1,-5.662251595609662e-09,-3.1456953308942566e-10
1.0,4,C,"XX,YI",2,1.1380461658114143e-08,3.512488166084612e-11
1.0,4,C,"XX,YI",3,-5.436603464359191e-09,-9.322022401164594e-13
1.0,4,C,"XX,YI",4,7.238279210668775e-10,6.8951752883218785e-15
1.0,4,C,"XX,YX",1,8.874703976984363e-10,4.930391098324646e-11
1.0,4,C,"XX,YX",2,-7.339328131279736e-10,-2.2652247318764617e-12
1.0,4,C,"XX,YX",3,1.721946966827113e-10,2.952583962323582e-14
1.0,4,C,"XX,YX",4,-1.0518154889002841e-11,-1.0019580560321256e-16
1.0,4,C,"XX,YY",1,2.8767234973223066e-08,1.5981797207346147e-09
1.0,4,C,"XX,YY",2,-7.207108588890009e-08,-2.2244162311388917e-10
1.0,4,C,"XX,YY",3,4.0766947140545374e-08,6.990217273756066e-12
1.0,4,C,"XX,YY",4,-6.180587040353942e-09,-5.887619113277264e-14
1.0,4,C,"XX,YZ",1,9.413007780900762e-10,5.2294487671670896e-11
1.0,4,C,"XX,YZ",2,-2.924724910154655e-09,-9.026928735045232e-12
1.0,4,C,"XX,YZ",3,1.0441197989600624e-09,1.79032887338831e-13
1.0,4,C,"XX,YZ",4,-7.875372565926881e-11,-7.5020695834542e-16
1.0,4,C,"XX,ZI",1,-1.6375550848277887e-08,-9.09752824904327e-10
1.0,4,C,"XX,ZI",2,1.812192720353285e-08,5.5931874084977935e-11
1.0,4,C,"XX,ZI",3,-7.79603071217481e-09,-1.3367679547624847e-12
1.0,4,C,"XX,ZI",4,1.0649950531881032e-09,1.014512891697248e-14
1.0,4,C,"XX,ZX",1,3.050511222910914e-08,1.6947284571727301e-09
1.0,4,C,"XX,ZX",2,-6.218122513591045e-08,-1.919173615305878e-10
1.0,4,C,"XX,ZX",3,3.4297639555119177e-08,5.880939567064331e-12
1.0,4,C,"XX,ZX",4,-5.166332302107512e-09,-4.921441379084278e-14
1.0,4,C,"XX,ZY",1,3.382708291241626e-09,1.8792823840231255e-10
1.0,4,C,"XX,ZY",2,-1.004740378109227e-08,-3.101050549719836e-11
1.0,4,C,"XX,ZY",3,5.4024847242397974e-09,9.263519760356306e-13
1.0,4,C,"XX,ZY",4,-7.630271314955642e-10,-7.268586453051785e-15
1.0,4,C,"XX,ZZ",1,-3.6942892873338625e-09,-2.0523829374077014e-10
1.0,4,C,"XX,ZZ",2,6.09709326143257e-09,1.8818189078495586e-11
1.0,4,C,"XX,ZZ",3,-2.9217170444358195e-09,-5.009802888264437e-13
1.0,4,C,"XX,ZZ",4,4.0435420644073746e-10,3.851872870377395e-15
1.0,4,C,"XY,XZ",1,-2.4253419671168666e-09,-1.3474122039538147e-10
1.0,4,C,"XY,XZ",2,1.2328033591380613e-09,3.804948639315004e-12
1.0,4,C,"XY,XZ",3,3.487979605780401e-11,5.980760640912896e-15
1.0,4,C,"XY,XZ",4,-4.503982793301789e-11,-4.2904881051876514e-16
1.0,4,C,"XY,YI",1,-5.002497844885165e-09,-2.779165469380647e-10
1.0,4,C,"XY,YI",2,3.311319137672807e-09,1.0220120795286442e-11
1.0,4,C,"XY,YI",3,-6.438727593064443e-10,-1.1040342237764819e-13
1.0,4,C,"XY,YI",4,2.1873461974606026e-11,2.0836631205805162e-16
1.0,4,C,"XY,YX",1,-9.202471117418812e-09,-5.112483954121562e-10
1.0,4,C,"XY,YX",2,2.4176191040863757e-08,7.461787358291282e-11
1.0,4,C,"XY,YX",3,-1.4377850774152148e-08,-2.4653379242373367e-12
1.0,4,C,"XY,YX",4,2.239249747344556e-09,2.133106374166053e-14
1.0,4,C,"XY,YY",1,-4.0851483259943865e-09,-2.2695268477746592e-10
1.0,4,C,"XY,YY",2,1.5135564300587264e-09,4.671470463144217e-12
1.0,4,C,"XY,YY",3,4.4221928271322923e-10,7.582635163121215e-14
1.0,4,C,"XY,YY",4,-1.4556258390925374e-10,-1.3866272663204328e-15
1.0,4,C,"XY,YZ",1,-1.7861896952781236e-09,-9.923276084878464e-11
1.0,4,C,"XY,YZ",2,4.064309744914047e-09,1.2544165879364343e-11
1.0,4,C,"XY,YZ",3,-2.659012284049347e-09,-4.559348909549634e-13
1.0,4,C,"XY,YZ",4,4.3673359827084966e-10,4.160318532529813e-15
1.0,4,C,"XY,ZI",1,7.645007592544658e-09,4.247226440302588e-10
1.0,4,C,"XY,ZI",2,-1.2479098880060736e-08,-3.851573728413807e-11
1.0,4,C,"XY,ZI",3,5.8557511442290766e-09,1.0040725555948348e-12
1.0,4,C,"XY,ZI",4,-7.931444294312523e-10,-7.555483438416899e-15
1.0,4,C,"XY,ZX",1,-5.231867207229786e-09,-2.906592892905437e-10
1.0,4,C,"XY,ZX",2,1.5418529421640805e-09,4.758805377049631e-12
1.0,4,C,"XY,ZX",3,5.477490807766193e-10,9.39213101468826e-14
1.0,4,C,"XY,ZX",4,-1.6474907970305538e-10,-1.569397573760244e-15
1.0,4,C,"XY,ZY",1,-1.649006470254994e-09,-9.161147056972189e-11
1.0,4,C,"XY,ZY",2,3.471917528195809e-09,1.0715794840110523e-11
1.0,4,C,"XY,ZY",3,-1.801406155778916e-09,-3.0888308569597326e-13
1.0,4,C,"XY,ZY",4,2.5021924336606056e-10,2.383585232491813e-15
1.0,4,C,"XY,ZZ",1,-1.083710236881048e-08,-6.020612427116933e-10
1.0,4,C,"XY,ZZ",2,1.9341687244239586e-08,5.96965655686407e-11
1.0,4,C,"XY,ZZ",3,-1.0077053783396935e-08,-1.7278898805550301e-12
1.0,4,C,"XY,ZZ",4,1.483242801061384e-09,1.4129351480923107e-14
1.0,4,C,"XZ,YI",1,6.9189960993597235e-09,3.843886721866513e-10
1.0,4,C,"XZ,YI",2,-6.534092296114022e-09,-2.0166951531216117e-11
1.0,4,C,"XZ,YI",3,2.189927335608747e-09,3.755019436914861e-13
1.0,4,C,"XZ,YI",4,-2.4014731496118116e-10,-2.2876401745273317e-15
1.0,4,C,"XZ,YX",1,1.2086737581317479e-08,6.714854211843044e-10
1.0,4,C,"XZ,YX",2,-2.7715919482233402e-08,-8.55429613649179e-11
1.0,4,C,"XZ,YX",3,1.6095662143338253e-08,2.759887198789138e-12
1.0,4,C,"XZ,YX",4,-2.4882512133919817e-09,-2.370304844337736e-14
1.0,4,C,"XZ,YY",1,5.222461192966605e-09,2.9013673294258916e-10
1.0,4,C,"XZ,YY",2,-2.11986447728431e-09,-6.5427915965565125e-12
1.0,4,C,"XZ,YY",3,-3.908840357886331e-10,-6.702401162356534e-14
1.0,4,C,"XZ,YY",4,1.6402184515108616e-10,1.5624699469505997e-15
1.0,4,C,"XZ,YZ",1,-1.197536384524659e-10,-6.6529799140258834e-12
1.0,4,C,"XZ,YZ",2,-1.0998317499071135e-09,-3.394542437984918e-12
1.0,4,C,"XZ,YZ",3,1.1854858275431752e-09,2.0327260417406983e-13
1.0,4,C,"XZ,YZ",4,-2.1811474244981727e-10,-2.077758177581707e-15
1.0,4,C,"XZ,ZI",1,-1.0605505920400968e-08,-5.891947733556093e-10
1.0,4,C,"XZ,ZI",2,2.126625464271914e-08,6.563658840345414e-11
1.0,4,C,"XZ,ZI",3,-1.1420078867826477e-08,-1.958175388859135e-12
1.0,4,C,"XZ,ZI",4,1.6945488129894998e-09,1.6142249780802278e-14
1.0,4,C,"XZ,ZX",1,6.918263633811624e-09,3.843479796562013e-10
1.0,4,C,"XZ,ZX",2,-7.053230503680585e-09,-2.1769229949631435e-11
1.0,4,C,"XZ,ZX",3,2.6861327089041846e-09,4.605851695651894e-13
1.0,4,C,"XZ,ZX",4,-3.3282513932521856e-10,-3.1704879146206616e-15
1.0,4,C,"XZ,ZY",1,3.7113419714506773e-10,2.061856650805932e-11
1.0,4,C,"XZ,ZY",2,-3.5650784799361827e-09,-1.1003328641778341e-11
1.0,4,C,"XZ,ZY",3,2.533730891733543e-09,4.344531707362042e-13
1.0,4,C,"XZ,ZY",4,-4.1364181025241585e-10,-3.940346462547781e-15
1.0,4,C,"XZ,ZZ",1,6.405279962001608e-09,3.558488867778671e-10
1.0,4,C,"XZ,ZZ",2,-1.0366954866938372e-08,-3.1996774280673986e-11
1.0,4,C,"XZ,ZZ",3,5.028730106957436e-09,8.622651075029897e-13
1.0,4,C,"XZ,ZZ",4,-7.140347951436567e-10,-6.801886099143201e-15
1.0,4,C,"YI,YX",1,-1.1059513396846296e-09,-6.144174109359054e-11
1.0,4,C,"YI,YX",2,-2.2153071283030982e-09,-6.837367679947834e-12
1.0,4,C,"YI,YX",3,1.959191898231811e-09,3.359382541549745e-13
1.0,4,C,"YI,YX",4,-3.3631975074164963e-10,-3.203777537167063e-15
1.0,4,C,"YI,YY",1,1.1709689564259482e-08,6.505383091255268e-10
1.0,4,C,"YI,YY",2,-1.2139416679942997e-08,-3.746733543192283e-11
1.0,4,C,"YI,YY",3,4.844014842118162e-09,8.305923940531829e-13
1.0,4,C,"YI,YY",4,-6.228395407128935e-10,-5.933161300801074e-15
1.0,4,C,"YI,YZ",1,-6.645247125670829e-09,-3.691803958706016e-10
1.0,4,C,"YI,YZ",2,7.594513746867041e-09,2.3439857243416795e-11
1.0,4,C,"YI,YZ",3,-3.0515512557789615e-09,-5.23242670743992e-13
1.0,4,C,"YI,YZ",4,3.932009019200121e-10,3.7456266377077815e-15
1.0,4,C,"YI,ZI",1,3.016532251113241e-09,1.6758512506184673e-10
1.0,4,C,"YI,ZI",2,-2.6522323350914963e-09,-8.185902268800915e-12
1.0,4,C,"YI,ZI",3,7.070608797628176e-10,1.21238148107479e-13
1.0,4,C,"YI,ZI",4,-5.790517018476564e-11,-5.516038921731219e-16
1.0,4,C,"YI,ZX",1,2.436764788262115e-09,1.353758215701175e-10
1.0,4,C,"YI,ZX",2,2.171612139171871e-09,6.7025066023823185e-12
1.0,4,C,"YI,ZX",3,-2.0222224241637692e-09,-3.4674595750407563e-13
1.0,4,C,"YI,ZX",4,3.3971669572573493e-10,3.2361367905591272e-15
1.0,4,C,"YI,ZY",1,-1.4143919997695402e-08,-7.857733332053001e-10
1.0,4,C,"YI,ZY",2,2.4813147370218758e-08,7.658378817968752e-11
1.0,4,C,"YI,ZY",3,-1.2503934103334856e-08,-2.1440216226568685e-12
1.0,4,C,"YI,ZY",4,1.7993439210880157e-09,1.7140526606919828e-14
1.0,4,C,"YI,ZZ",1,-5.0418641245371485e-09,-2.8010356247428605e-10
1.0,4,C,"YI,ZZ",2,1.1678269226166999e-08,3.604404082150308e-11
1.0,4,C,"YI,ZZ",3,-6.900608526163221e-09,-1.1832319146370406e-12
1.0,4,C,"YI,ZZ",4,1.0715153186602402e-09,1.0207240880393998e-14
1.0,4,C,"YX,YY",1,7.97073984076497e-09,4.428188800424983e-10
1.0,4,C,"YX,YY",2,-2.0843129227902458e-08,-6.433064576513104e-11
1.0,4,C,"YX,YY",3,1.2354859041704428e-08,2.118460055161939e-12
1.0,4,C,"YX,YY",4,-1.915378163960697e-09,-1.8245867283576216e-14
1.0,4,C,"YX,YZ",1,2.142332500667403e-09,1.1901847225930017e-10
1.0,4,C,"YX,YZ",2,1.219701800484554e-09,3.764511729890598e-12
1.0,4,C,"YX,YZ",3,-1.51307915685773e-09,-2.594442998727246e-13
1.0,4,C,"YX,YZ",4,2.701853711889275e-10,2.5737823044212725e-15
1.0,4,C,"YX,ZI",1,2.7780533371082546e-08,1.5433629650601414e-09
1.0,4,C,"YX,ZI",2,-4.499875531358984e-08,-1.3888504726416617e-10
1.0,4,C,"YX,ZI",3,2.2995307556914594e-08,3.942953970664368e-12
1.0,4,C,"YX,ZI",4,-3.3608196649971008e-09,-3.2015124075951654e-14
1.0,4,C,"YX,ZX",1,5.478252340488107e-09,3.043473522493393e-10
1.0,4,C,"YX,ZX",2,-7.6833355201298e-09,-2.3713998518919135e-11
1.0,4,C,"YX,ZX",3,3.899409816639788e-09,6.686230824142298e-13
1.0,4,C,"YX,ZX",4,-5.761480535398694e-10,-5.488378806011559e-15
1.0,4,C,"YX,ZY",1,-5.633114827989768e-09,-3.1295082377720935e-10
1.0,4,C,"YX,ZY",2,1.6699122506808273e-08,5.1540501564223065e-11
1.0,4,C,"YX,ZY",3,-1.0179597111407426e-08,-1.7454727557282966e-12
1.0,4,C,"YX,ZY",4,1.5929530207975983e-09,1.517444959607528e-14
1.0,4,C,"YX,ZZ",1,-9.296250989911495e-09,-5.164583883284164e-10
1.0,4,C,"YX,ZZ",2,1.2185199115635228e-08,3.760863924578774e-11
1.0,4,C,"YX,ZZ",3,-4.956227400579171e-09,-8.49833230551984e-13
1.0,4,C,"YX,ZZ",4,6.219504233572535e-10,5.924691580525582e-15
1.0,4,C,"YY,YZ",1,-5.399426380718691e-09,-2.999681322621495e-10
1.0,4,C,"YY,YZ",2,4.402511546976179e-09,1.358799860177833e-11
1.0,4,C,"YY,YZ",3,-9.889509182791493e-10,-1.6957320272276223e-13
1.0,4,C,"YY,YZ",4,6.10309959930023e-11,5.813804678498161e-16
1.0,4,C,"YY,ZI",1,-4.052784146163469e-09,-2.251546747868594e-10
1.0,4,C,"YY,ZI",2,1.2738540346371963e-08,3.931648255053075e-11
1.0,4,C,"YY,ZI",3,-8.118763646068996e-09,-1.3921062493259595e-12
1.0,4,C,"YY,ZI",4,1.2997901248609147e-09,1.2381783692090712e-14
1.0,4,C,"YY,ZX",1,5.307985164484359e-10,2.948880646935755e-11
1.0,4,C,"YY,ZX",2,7.030270234406369e-09,2.169836492100731e-11
1.0,4,C,"YY,ZX",3,-4.824389431733116e-09,-8.27227268815692e-13
1.0,4,C,"YY,ZX",4,7.682215780665033e-10,7.318068682999003e-15
1.0,4,C,"YY,ZY",1,-1.0382551182457278e-08,-5.768083990254043e-10
1.0,4,C,"YY,ZY",2,1.406683129416741e-08,4.3416145969652496e-11
1.0,4,C,"YY,ZY",3,-5.896065741764215e-09,-1.010985209493178e-12
1.0,4,C,"YY,ZY",4,7.579235592269749e-10,7.219969890517594e-15
1.0,4,C,"YY,ZZ",1,-5.188402921522692e-09,-2.8824460675126065e-10
1.0,4,C,"YY,ZZ",2,1.0095693209016488e-08,3.115954694140891e-11
1.0,4,C,"YY,ZZ",3,-5.426634501428593e-09,-9.304928843327491e-13
1.0,4,C,"YY,ZZ",4,8.01466005656241e-10,7.634754664458933e-15
1.0,4,C,"YZ,ZI",1,-8.146575112696634e-09,-4.525875062609241e-10
1.0,4,C,"YZ,ZI",2,1.36708928870199e-08,4.219411384882685e-11
1.0,4,C,"YZ,ZI",3,-6.652463671009719e-09,-1.1406830711607885e-12
1.0,4,C,"YZ,ZI",4,9.337906147833677e-10,8.895277156524994e-15
1.0,4,C,"YZ,ZX",1,-5.777475989964832e-09,-3.209708883313796e-10
1.0,4,C,"YZ,ZX",2,4.700719616655673e-09,1.4508393878566893e-11
1.0,4,C,"YZ,ZX",3,-1.2022324042494785e-09,-2.061441022375649e-13
1.0,4,C,"YZ,ZX",4,9.141602640701629e-11,8.70827869294089e-16
1.0,4,C,"YZ,ZY",1,5.56337116107095e-09,3.090761756150528e-10
1.0,4,C,"YZ,ZY",2,-7.001855799094576e-09,-2.16106660465882e-11
1.0,4,C,"YZ,ZY",3,2.81174484514255e-09,4.821236017048268e-13
1.0,4,C,"YZ,ZY",4,-3.467880794177961e-10,-3.3034986989197157e-15
1.0,4,C,"YZ,ZZ",1,-1.347254240851914e-09,-7.484745782510633e-11
1.0,4,C,"YZ,ZZ",2,1.9386636266710057e-09,5.983529711947548e-12
1.0,4,C,"YZ,ZZ",3,-9.98246058791662e-10,-1.7116701968306961e-13
1.0,4,C,"YZ,ZZ",4,1.4393093701368361e-10,1.3710842193804642e-15
1.0,4,C,"ZI,ZX",1,-1.2896821273439205e-08,-7.164900707466225e-10
1.0,4,C,"ZI,ZX",2,2.1676900987970254e-08,6.690401539496992e-11
1.0,4,C,"ZI,ZX",3,-1.1235027347141307e-08,-1.9264450183712804e-12
1.0,4,C,"ZI,ZX",4,1.6512787574557037e-09,1.573005979896075e-14
1.0,4,C,"ZI,ZY",1,-1.1792360469201789e-08,-6.551311371778772e-10
1.0,4,C,"ZI,ZY",2,1.0855675684216349e-08,3.3505171864865275e-11
1.0,4,C,"ZI,ZY",3,-3.755251119492566e-09,-6.439045129445415e-13
1.0,4,C,"ZI,ZY",4,4.318929351156398e-10,4.1142064387635245e-15
1.0,4,C,"ZI,ZZ",1,-4.386933583124698e-09,-2.4371853239581654e-10
1.0,4,C,"ZI,ZZ",2,8.701085928109801e-09,2.6855203481820375e-11
1.0,4,C,"ZI,ZZ",3,-3.959459071948059e-09,-6.789195939554284e-13
1.0,4,C,"ZI,ZZ",4,5.191276170885125e-10,4.945202875786013e-15
1.0,4,C,"ZX,ZY",1,-5.025140430765728e-09,-2.7917446837587376e-10
1.0,4,C,"ZX,ZY",2,6.584387991198789e-09,2.0322185158020954e-11
1.0,4,C,"ZX,ZY",3,-2.7463573194445996e-09,-4.709117488759602e-13
1.0,4,C,"ZX,ZY",4,3.5183354976223656e-10,3.351561783286052e-15
1.0,4,C,"ZX,ZZ",1,3.8165700804428e-09,2.120316711357111e-10
1.0,4,C,"ZX,ZZ",2,-1.6150793156234815e-09,-4.98481270254161e-12
1.0,4,C,"ZX,ZZ",3,-7.406172355716111e-10,-1.269919814080266e-13
1.0,4,C,"ZX,ZZ",4,2.2941521126025796e-10,2.185406295346155e-15
1.0,4,C,"ZY,ZZ",1,9.890366017836855e-09,5.494647787687141e-10
1.0,4,C,"ZY,ZZ",2,-1.8430784787948523e-08,-5.688513823440902e-11
1.0,4,C,"ZY,ZZ",3,9.26919995446194e-09,1.5893689908199485e-12
1.0,4,C,"ZY,ZZ",4,-1.3194657415100085e-09,-1.256921335838676e-14
1.0,4,A,"IX,IY",1,1.29826373947891e-08,7.212576330438389e-10
1.0,4,A,"IX,IY",2,-3.493031648453458e-08,-1.0780961877942772e-10
1.0,4,A,"IX,IY",3,2.0147854919807966e-08,3.454707633711928e-12
1.0,4,A,"IX,IY",4,-3.0806410249552588e-09,-2.934614602342687e-14
1.0,4,A,"IX,IZ",1,-9.305573815201367e-09,-5.169763230667426e-10
1.0,4,A,"IX,IZ",2,1.8369569864956724e-08,5.669620328690347e-11
1.0,4,A,"IX,IZ",3,-1.028088325199175e-08,-1.7628400637845935e-12
1.0,4,A,"IX,IZ",4,1.5709221998650358e-09,1.4964584284646354e-14
1.0,4,A,"IX,XI",1,-3.820981197715224e-08,-2.1227673320640133e-09
1.0,4,A,"IX,XI",2,5.5552129493350824e-08,1.7145718979429266e-10
1.0,4,A,"IX,XI",3,-2.789758274297035e-08,-4.783536135625917e-12
1.0,4,A,"IX,XI",4,4.081755727458035e-09,3.88827515570991e-14
1.0,4,A,"IX,XX",1,-4.721971409042146e-08,-2.623317449467859e-09
1.0,4,A,"IX,XX",2,7.448323010295326e-08,2.29886512663436e-10
1.0,4,A,"IX,XX",3,-3.791940419133124e-08,-6.5019554511884846e-12
1.0,4,A,"IX,XX",4,5.557675095546033e-09,5.294234011151151e-14
1.0,4,A,"IX,XY",1,-1.5284008907089945e-08,-8.491116059494414e-10
1.0,4,A,"IX,XY",2,2.5660251469916998e-08,7.919830700591666e-11
1.0,4,A,"IX,XY",3,-1.2208801016319772e-08,-2.093415812126161e-12
1.0,4,A,"IX,XY",4,1.6887824921261623e-09,1.6087319883841662e-14
1.0,4,A,"IX,XZ",1,-2.89294653582883e-09,-1.6071925199049055e-10
1.0,4,A,"IX,XZ",2,5.858633034584171e-09,1.808220072402522e-11
1.0,4,A,"IX,XZ",3,-3.06506740882275e-09,-5.25560255285108e-13
1.0,4,A,"IX,XZ",4,4.4584918014944117e-10,4.247153446020435e-15
1.0,4,A,"IX,YI",1,1.5046918705763958e-08,8.359399280979977e-10
1.0,4,A,"IX,YI",2,-3.764096966467206e-08,-1.1617583229837055e-10
1.0,4,A,"IX,YI",3,2.1299619094409303e-08,3.652198061455642e-12
1.0,4,A,"IX,YI",4,-3.230464923517896e-09,-3.0773366517279153e-14
1.0,4,A,"IX,YX",1,-2.3443639345987302e-08,-1.3024244081104057e-09
1.0,4,A,"IX,YX",2,4.428343736581401e-08,1.3667727582041363e-10
1.0,4,A,"IX,YX",3,-2.3569374591344334e-08,-4.0413879614787955e-12
1.0,4,A,"IX,YX",4,3.4960577028565174e-09,3.3303399851932986e-14
1.0,4,A,"IX,YY",1,-1.7633287662714555e-09,-9.796270923730308e-11
1.0,4,A,"IX,YY",2,2.148645575915674e-10,6.631622147887883e-13
1.0,4,A,"IX,YY",3,-2.7739575259369795e-10,-4.756442945708127e-14
1.0,4,A,"IX,YY",4,9.537896438977913e-11,9.08578764572656e-16
1.0,4,A,"IX,YZ",1,-1.717409171536711e-08,-9.54116206409284e-10
1.0,4,A,"IX,YZ",2,2.9298610038909082e-08,9.042780876206506e-11
1.0,4,A,"IX,YZ",3,-1.5614605065050593e-08,-2.677401417189745e-12
1.0,4,A,"IX,YZ",4,2.3357301581309974e-09,2.2250134870170302e-14
1.0,4,A,"IX,ZI",1,1.7035669925705246e-08,9.464261069836247e-10
1.0,4,A,"IX,ZI",2,-3.000780695845256e-08,-9.26166881433721e-11
1.0,4,A,"IX,ZI",3,1.5216433615847872e-08,2.6091278490822825e-12
1.0,4,A,"IX,ZI",4,-2.180756733370669e-09,-2.0773860057257555e-14
1.0,4,A,"IX,ZX",1,-8.879571998319993e-09,-4.933095554622218e-10
1.0,4,A,"IX,ZX",2,1.5375049810220762e-08,4.745385743895297e-11
1.0,4,A,"IX,ZX",3,-8.117280302525436e-09,-1.391851903725212e-12
1.0,4,A,"IX,ZX",4,1.203789374860413e-09,1.1467281805940529e-14
1.0,4,A,"IX,ZY",1,2.3601037326646936e-08,1.3111687403692742e-09
1.0,4,A,"IX,ZY",2,-4.0614689585785064e-08,-1.2535398020304033e-10
1.0,4,A,"IX,ZY",3,2.15996724557907e-08,3.703647540430505e-12
1.0,4,A,"IX,ZY",4,-3.2256628721900086e-09,-3.072762223927382e-14
1.0,4,A,"IX,ZZ",1,3.287008238716286e-09,1.8261156881757144e-10
1.0,4,A,"IX,ZZ",2,-5.8173744409098495e-09,-1.7954859385524227e-11
1.0,4,A,"IX,ZZ",3,2.090508071974431e-09,3.584547448515828e-13
1.0,4,A,"IX,ZZ",4,-2.004000006879611e-10,-1.9090077797588123e-15
1.0,4,A,"IY,IZ",1,1.1329431356142108e-08,6.29412853119006e-10
1.0,4,A,"IY,IZ",2,-1.4017762945571166e-08,-4.326470044929372e-11
1.0,4,A,"IY,IZ",3,6.26964114837538e-09,1.0750413491727332e-12
1.0,4,A,"IY,IZ",4,-8.558984530221605e-10,-8.153277444579338e-15
1.0,4,A,"IY,XI",1,-2.3483889146127306e-08,-1.3046605081181837e-09
1.0,4,A,"IY,XI",2,5.144230115338162e-08,1.5877253442401734e-10
1.0,4,A,"IY,XI",3,-2.8266003413567993e-08,-4.846708404246912e-12
1.0,4,A,"IY,XI",4,4.2364602645519526e-09,4.035646494962613e-14
1.0,4,A,"IY,XX",1,3.1747739142237e-08,1.7637632856798335e-09
1.0,4,A,"IY,XX",2,-4.448186723827204e-08,-1.3728971369837048e-10
1.0,4,A,"IY,XX",3,1.9664312282881972e-08,3.3717956589303794e-12
1.0,4,A,"IY,XX",4,-2.6195529612021268e-09,-2.4953827171945272e-14
1.0,4,A,"IY,XY",1,-1.8639576378774076e-08,-1.0355320210430042e-09
1.0,4,A,"IY,XY",2,2.6106875999965537e-08,8.057677777767141e-11
1.0,4,A,"IY,XY",3,-1.2403148148314693e-08,-2.1267400803008734e-12
1.0,4,A,"IY,XY",4,1.7570824931066094e-09,1.673794479792152e-14
1.0,4,A,"IY,XZ",1,4.195961724919133e-09,2.331089847177296e-10
1.0,4,A,"IY,XZ",2,-8.457405955793972e-09,-2.6103104801833247e-11
1.0,4,A,"IY,XZ",3,4.576152391664696e-09,7.846626185981988e-13
1.0,4,A,"IY,XZ",4,-6.750825395657828e-10,-6.430827423085112e-15
1.0,4,A,"IY,YI",1,-9.3073233751799e-09,-5.170735208433278e-10
1.0,4,A,"IY,YI",2,1.7233793689758656e-08,5.319072126468721e-11
1.0,4,A,"IY,YI",3,-9.500933441009074e-09,-1.6291038136160964e-12
1.0,4,A,"IY,YI",4,1.4417513446571551e-09,1.3734104411076391e-14
1.0,4,A,"IY,YX",1,-4.982642287589308e-09,-2.7681346042162823e-10
1.0,4,A,"IY,YX",2,1.0492715793395799e-08,3.2384925288258635e-11
1.0,4,A,"IY,YX",3,-5.215092250009578e-09,-8.942202074776369e-13
1.0,4,A,"IY,YX",4,7.299833971203033e-10,6.9538122725223225e-15
1.0,4,A,"IY,YY",1,-6.598570288481607e-09,-3.6658723824897815e-10
1.0,4,A,"IY,YY",2,1.1165702329226311e-08,3.4462044226007134e-11
1.0,4,A,"IY,YY",3,-5.838023875456906e-09,-1.0010329004555738e-12
1.0,4,A,"IY,YY",4,8.686108062552485e-10,8.274375154847284e-15
1.0,4,A,"IY,YZ",1,-7.930456642182752e-09,-4.405809245657085e-10
1.0,4,A,"IY,YZ",2,1.545414005744789e-08,4.7697963140271267e-11
1.0,4,A,"IY,YZ",3,-8.473353529937084e-09,-1.452906983871242e-12
1.0,4,A,"IY,YZ",4,1.2734012556612574e-09,1.2130403669993687e-14
1.0,4,A,"IY,ZI",1,2.4121765869584537e-09,1.3400981038658076e-10
1.0,4,A,"IY,ZI",2,-2.254834942104874e-09,-6.959367105261956e-12
1.0,4,A,"IY,ZI",3,1.149902442557724e-09,1.9717120071291563e-13
1.0,4,A,"IY,ZI",4,-1.7250630067261746e-10,-1.6432927590365175e-15
1.0,4,A,"IY,ZX",1,-7.270518559320126e-09,-4.03917697740007e-10
1.0,4,A,"IY,ZX",2,1.4752132797897535e-08,4.553127406758498e-11
1.0,4,A,"IY,ZX",3,-8.783469111114395e-09,-1.5060818091759935e-12
1.0,4,A,"IY,ZX",4,1.388057007475278e-09,1.3222612858894206e-14
1.0,4,A,"IY,ZY",1,4.963359139146646e-09,2.757421743970359e-10
1.0,4,A,"IY,ZY",2,-1.0349672899877461e-08,-3.194343487616501e-11
1.0,4,A,"IY,ZY",3,5.424752633997811e-09,9.301702047321349e-13
1.0,4,A,"IY,ZY",4,-7.950912494620255e-10,-7.574028820511598e-15
1.0,4,A,"IY,ZZ",1,8.519307087482566e-09,4.732948381934759e-10
1.0,4,A,"IY,ZZ",2,-9.65837632794818e-09,-2.980980348132154e-11
1.0,4,A,"IY,ZZ",3,3.6982908462773534e-09,6.341376622560619e-13
1.0,4,A,"IY,ZZ",4,-4.4757589869352623e-10,-4.2636021442379806e-15
1.0,4,A,"IZ,XI",1,7.286967417764864e-09,4.048315232091591e-10
1.0,4,A,"IZ,XI",2,-1.2414916723562002e-08,-3.83176442085247e-11
1.0,4,A,"IZ,XI",3,6.826810166490295e-09,1.170577874912602e-12
1.0,4,A,"IZ,XI",4,-1.048683486682117e-09,-9.989745148244521e-15
1.0,4,A,"IZ,XX",1,-3.657196614919929e-09,-2.0317758971777384e-10
1.0,4,A,"IZ,XX",2,6.753029438766723e-09,2.0842683452983714e-11
1.0,4,A,"IZ,XX",3,-3.73541100702037e-09,-6.40502573220228e-13
1.0,4,A,"IZ,XX",4,5.646116493365439e-10,5.378483170787073e-15
1.0,4,A,"IZ,XY",1,3.343457648041699e-09,1.8574764711342773e-10
1.0,4,A,"IZ,XY",2,-6.852618687037393e-09,-2.1150057676041334e-11
1.0,4,A,"IZ,XY",3,3.85437372266862e-09,6.609008440789815e-13
1.0,4,A,"IZ,XY",4,-5.865689297514205e-10,-5.587647936208471e-15
1.0,4,A,"IZ,XZ",1,-8.392508111980594e-09,-4.662504506655886e-10
1.0,4,A,"IZ,XZ",2,1.2352921488816495e-08,3.8126300891408937e-11
1.0,4,A,"IZ,XZ",3,-6.258650074298428e-09,-1.0731567342761364e-12
1.0,4,A,"IZ,XZ",4,9.17542884150271e-10,8.740501487485435e-15
1.0,4,A,"IZ,YI",1,1.3830958307629719e-08,7.683865726460955e-10
1.0,4,A,"IZ,YI",2,-2.522306388907617e-08,-7.784896262060547e-11
1.0,4,A,"IZ,YI",3,1.320713695480484e-08,2.2645982432792933e-12
1.0,4,A,"IZ,YI",4,-1.948362594240784e-09,-1.85600765340724e-14
1.0,4,A,"IZ,YX",1,-7.529553881883261e-09,-4.183085489935145e-10
1.0,4,A,"IZ,YX",2,8.816130542303909e-09,2.7210279451555274e-11
1.0,4,A,"IZ,YX",3,-3.491049804284449e-09,-5.986025041640002e-13
1.0,4,A,"IZ,YX",4,4.339299797010908e-10,4.133611298783444e-15
1.0,4,A,"IZ,YY",1,8.559846233426763e-09,4.755470129681535e-10
1.0,4,A,"IZ,YY",2,-1.5153959640757503e-08,-4.6771480372708344e-11
1.0,4,A,"IZ,YY",3,7.873638665251873e-09,1.3500752169499097e-12
1.0,4,A,"IZ,YY",4,-1.1609250635143053e-09,-1.1058956937912526e-14
1.0,4,A,"IZ,YZ",1,-4.827229045336403e-09,-2.6817939140757796e-10
1.0,4,A,"IZ,YZ",2,1.0043685741735991e-08,3.0999030067086395e-11
1.0,4,A,"IZ,YZ",3,-5.037122306785922e-09,-8.637040992431279e-13
1.0,4,A,"IZ,YZ",4,7.125495942544501e-10,6.787738094940273e-15
1.0,4,A,"IZ,ZI",1,-9.325877629888993e-09,-5.181043127716107e-10
1.0,4,A,"IZ,ZI",2,1.49705566607319e-08,4.620542179238241e-11
1.0,4,A,"IZ,ZI",3,-7.287298720714837e-09,-1.2495368176808706e-12
1.0,4,A,"IZ,ZI",4,1.0283783041689967e-09,9.796318245779956e-15
1.0,4,A,"IZ,ZX",1,1.961795073759937e-08,1.0898861520888538e-09
1.0,4,A,"IZ,ZX",2,-3.77553806888221e-08,-1.1652895274327808e-10
1.0,4,A,"IZ,ZX",3,2.016906192334832e-08,3.458343951191413e-12
1.0,4,A,"IZ,ZX",4,-2.9966785956564837e-09,-2.854632102248594e-14
1.0,4,A,"IZ,ZY",1,-6.988797198590639e-09,-3.882665110328133e-10
1.0,4,A,"IZ,ZY",2,1.1764281660735142e-08,3.630951129856525e-11
1.0,4,A,"IZ,ZY",3,-6.045376346054788e-09,-1.0365871649613835e-12
1.0,4,A,"IZ,ZY",4,8.902313275917784e-10,8.480331957702506e-15
1.0,4,A,"IZ,ZZ",1,6.467785645436143e-09,3.593214247464524e-10
1.0,4,A,"IZ,ZZ",2,-7.011501605684095e-09,-2.164043705458054e-11
1.0,4,A,"IZ,ZZ",3,2.6099109724841687e-09,4.4751559884845143e-13
1.0,4,A,"IZ,ZZ",4,-3.123112136565747e-10,-2.9750725275927326e-15
1.0,4,A,"XI,XX",1,-5.738089218663004e-08,-3.1878273437016687e-09
1.0,4,A,"XI,XX",2,1.0791997470401269e-07,3.330863416790515e-10
1.0,4,A,"XI,XX",3,-5.716178181329479e-08,-9.801402917231616e-12
1.0,4,A,"XI,XX",4,8.44580292519607e-09,8.045460795987721e-14
1.0,4,A,"XI,XY",1,-1.0317530651009786e-08,-5.731961472783215e-10
1.0,4,A,"XI,XY",2,2.101998369234967e-08,6.487649287762244e-11
1.0,4,A,"XI,XY",3,-1.0685957207212734e-08,-1.832297189165421e-12
1.0,4,A,"XI,XY",4,1.5237472301704287e-09,1.4515196141693613e-14
1.0,4,A,"XI,XZ",1,4.946901083700201e-09,2.748278379833445e-10
1.0,4,A,"XI,XZ",2,-6.9011183885061415e-09,-2.1299748112673276e-11
1.0,4,A,"XI,XZ",3,3.345274230924743e-09,5.736066925453948e-13
1.0,4,A,"XI,XZ",4,-4.775348847808213e-10,-4.548991053010414e-15
1.0,4,A,"XI,YI",1,2.254858493917773e-08,1.2526991632876517e-09
1.0,4,A,"XI,YI",2,-4.987623275045175e-08,-1.539389899705301e-10
1.0,4,A,"XI,YI",3,2.756053511332339e-08,4.72574333218851e-12
1.0,4,A,"XI,YI",4,-4.142471371512162e-09,-3.946112798651274e-14
1.0,4,A,"XI,YX",1,-2.3843792329782155e-08,-1.324655129432342e-09
1.0,4,A,"XI,YX",2,4.505391770357705e-08,1.3905530155425015e-10
1.0,4,A,"XI,YX",3,-2.37957189908067e-08,-4.0801987295621915e-12
1.0,4,A,"XI,YX",4,3.5157029005770477e-09,3.349053974791426e-14
1.0,4,A,"XI,YY",1,6.087470407963708e-09,3.381928004424282e-10
1.0,4,A,"XI,YY",2,-1.3188155625903767e-08,-4.0704184030567184e-11
1.0,4,A,"XI,YY",3,6.724736636909248e-09,1.1530755550255914e-12
1.0,4,A,"XI,YY",4,-9.37274417879129e-10,-8.928463819150368e-15
1.0,4,A,"XI,YZ",1,-3.030339420151831e-08,-1.6835219000843507e-09
1.0,4,A,"XI,YZ",2,5.2117242297020256e-08,1.6085568610191437e-10
1.0,4,A,"XI,YZ",3,-2.7278906193934505e-08,-4.6774530510861634e-12
1.0,4,A,"XI,YZ",4,4.028500614142557e-09,3.8375444045710996e-14
1.0,4,A,"XI,ZI",1,1.298251526991232e-08,7.212508483284622e-10
1.0,4,A,"XI,ZI",2,-2.6649010770509373e-08,-8.225003324231288e-11
1.0,4,A,"XI,ZI",3,1.4368221745616052e-08,2.463686856244179e-12
1.0,4,A,"XI,ZI",4,-2.125777905382661e-09,-2.025013246249296e-14
1.0,4,A,"XI,ZX",1,7.59505295667175e-10,4.219473864817639e-11
1.0,4,A,"XI,ZX",2,-4.887737509293069e-10,-1.5085609596583546e-12
1.0,4,A,"XI,ZX",3,2.95845650075451e-11,5.072799212542026e-15
1.0,4,A,"XI,ZX",4,1.3084985751066952e-11,1.246474027498376e-16
1.0,4,A,"XI,ZY",1,2.0933000676087603e-08,1.1629444820048668e-09
1.0,4,A,"XI,ZY",2,-3.5241135731817075e-08,-1.0876893744387987e-10
1.0,4,A,"XI,ZY",3,1.8396017768310006e-08,3.154324034346709e-12
1.0,4,A,"XI,ZY",4,-2.7146734787474553e-09,-2.585994397526535e-14
1.0,4,A,"XI,ZZ",1,1.3474331248538699e-08,7.485739582521499e-10
1.0,4,A,"XI,ZZ",2,-2.3063646141181046e-08,-7.118409302833657e-11
1.0,4,A,"XI,ZZ",3,1.0965050554109297e-08,1.8801527013218958e-12
1.0,4,A,"XI,ZZ",4,-1.4958872896397573e-09,-1.4249802713379794e-14
1.0,4,A,"XX,XY",1,2.2776353749983232e-08,1.2653529861101795e-09
1.0,4,A,"XX,XY",2,-4.6574609983842985e-08,-1.4374879624642897e-10
1.0,4,A,"XX,XY",3,2.4415815809703136e-08,4.186525344599303e-12
1.0,4,A,"XX,XY",4,-3.553684725251802e-09,-3.3852354111909406e-14
1.0,4,A,"XX,XZ",1,1.912194303273565e-08,1.0623301684853137e-09
1.0,4,A,"XX,XZ",2,-3.922750590404908e-08,-1.2107254908657124e-10
1.0,4,A,"XX,XZ",3,2.168739715785536e-08,3.718689498946392e-12
1.0,4,A,"XX,XZ",4,-3.261675297327317e-09,-3.107067612908967e-14
1.0,4,A,"XX,YI",1,-1.4291878243440276e-08,-7.93993235746682e-10
1.0,4,A,"XX,YI",2,2.2312983484015564e-08,6.886723297535668e-11
1.0,4,A,"XX,YI",3,-1.0631549598786557e-08,-1.8229680382007128e-12
1.0,4,A,"XX,YI",4,1.4991779039285305e-09,1.4281149061962072e-14
1.0,4,A,"XX,YX",1,3.3927801833399843e-08,1.8848778796333248e-09
1.0,4,A,"XX,YX",2,-6.870780285704313e-08,-2.1206111992914548e-10
1.0,4,A,"XX,YX",3,3.7532205493165125e-08,6.43556335616686e-12
1.0,4,A,"XX,YX",4,-5.628446240739022e-09,-5.361650511296889e-14
1.0,4,A,"XX,YY",1,-1.1556146829736901e-12,-6.420081572076057e-14
1.0,4,A,"XX,YY",2,1.1014990801516639e-12,3.3996885189866168e-15
1.0,4,A,"XX,YY",3,-3.505029765369783e-13,-6.009996168329531e-17
1.0,4,A,"XX,YY",4,3.6634002385499307e-14,3.4897502653462986e-19
1.0,4,A,"XX,YZ",1,6.60939899105003e-09,3.671888328361128e-10
1.0,4,A,"XX,YZ",2,-4.953100828543702e-13,-1.5287348236245993e-15
1.0,4,A,"XX,YZ",3,-1.2870591252120403e-09,-2.2068915041358716e-13
1.0,4,A,"XX,YZ",4,2.449995517683821e-10,2.3338625187507823e-15
1.0,4,A,"XX,ZI",1,-9.660737971252175e-09,-5.367076650695653e-10
1.0,4,A,"XX,ZI",2,1.792673099875717e-08,5.5329416662830775e-11
1.0,4,A,"XX,ZI",3,-9.624541987245182e-09,-1.6502986946579531e-12
1.0,4,A,"XX,ZI",4,1.435579520119499e-09,1.3675311691429458e-14
1.0,4,A,"XX,ZX",1,-3.386080849295715e-08,-1.881156027386508e-09
1.0,4,A,"XX,ZX",2,6.023397305259872e-08,1.859073242364158e-10
1.0,4,A,"XX,ZX",3,-3.102713760473342e-08,-5.3201539102766495e-12
1.0,4,A,"XX,ZX",4,4.523527169777371e-09,4.309106052599995e-14
1.0,4,A,"XX,ZY",1,-3.939552952589784e-08,-2.1886405292165467e-09
1.0,4,A,"XX,ZY",2,7.86333209348327e-08,2.426954349840515e-10
1.0,4,A,"XX,ZY",3,-4.2730478564417486e-08,-7.326899616669664e-12
1.0,4,A,"XX,ZY",4,6.397100683580364e-09,6.093869726013912e-14
1.0,4,A,"XX,ZZ",1,-1.0541290300036556e-08,-5.856272388909198e-10
1.0,4,A,"XX,ZZ",2,2.0923205570447263e-08,6.457779497051624e-11
1.0,4,A,"XX,ZZ",3,-9.749221351891853e-09,-1.6716771865383838e-12
1.0,4,A,"XX,ZZ",4,1.2687577938567198e-09,1.2086170113709037e-14
1.0,4,A,"XY,XZ",1,1.5683887468146273e-08,8.713270815636818e-10
1.0,4,A,"XY,XZ",2,-2.2074907828627604e-08,-6.813243156983828e-11
1.0,4,A,"XY,XZ",3,1.0542835018792636e-08,1.8077563475296016e-12
1.0,4,A,"XY,XZ",4,-1.5014590242095667e-09,-1.430287898385885e-14
1.0,4,A,"XY,YI",1,1.2876009444873845e-08,7.15333858048547e-10
1.0,4,A,"XY,YI",2,-2.6975017707777217e-08,-8.325622749313956e-11
1.0,4,A,"XY,YI",3,1.4838117509160747e-08,2.544258832160622e-12
1.0,4,A,"XY,YI",4,-2.231323074590365e-09,-2.1255554360905017e-14
1.0,4,A,"XY,YX",1,-1.8469398015441762e-10,-1.0260776675245423e-11
1.0,4,A,"XY,YX",2,-1.1064454546375745e-09,-3.414955106906094e-12
1.0,4,A,"XY,YX",3,8.460585100757685e-10,1.4507176098692875e-13
1.0,4,A,"XY,YX",4,-1.4249266600051202e-10,-1.3573832685614999e-15
1.0,4,A,"XY,YY",1,1.296463473110684e-08,7.202574850614911e-10
1.0,4,A,"XY,YY",2,-2.348550722254279e-08,-7.248613340290985e-11
1.0,4,A,"XY,YY",3,1.2232147007326774e-08,2.097418897003905e-12
1.0,4,A,"XY,YY",4,-1.7993497910802901e-09,-1.714058252438929e-14
1.0,4,A,"XY,YZ",1,3.437343545382579e-09,1.9096353029903216e-10
1.0,4,A,"XY,YZ",2,-1.2522412341451717e-08,-3.8649420806949744e-11
1.0,4,A,"XY,YZ",3,7.80979045431319e-09,1.3391273069809997e-12
1.0,4,A,"XY,YZ",4,-1.238493835534239e-09,-1.1797876043421727e-14
1.0,4,A,"XY,ZI",1,1.10990360297093e-08,6.166131127616278e-10
1.0,4,A,"XY,ZI",2,-1.3780917029730616e-08,-4.25336945362056e-11
1.0,4,A,"XY,ZI",3,6.056301084525805e-09,1.0384604054399527e-12
1.0,4,A,"XY,ZI",4,-8.158129657718898e-10,-7.771423618464123e-15
1.0,4,A,"XY,ZX",1,9.775258727367186e-09,5.43069929298177e-10
1.0,4,A,"XY,ZX",2,-1.867143110645501e-08,-5.762787378535497e-11
1.0,4,A,"XY,ZX",3,1.0093329282443476e-08,1.7306806039855068e-12
1.0,4,A,"XY,ZX",4,-1.507902057091059e-09,-1.436425523063423e-14
1.0,4,A,"XY,ZY",1,-1.2463375058410457e-08,-6.924097254672476e-10
1.0,4,A,"XY,ZY",2,1.88349325856601e-08,5.813250798043241e-11
1.0,4,A,"XY,ZY",3,-9.311526254879995e-09,-1.5966265869135793e-12
1.0,4,A,"XY,ZY",4,1.3356178530631457e-09,1.2723078161323976e-14
1.0,4,A,"XY,ZZ",1,-5.9611403502174026e-09,-3.3117446390096683e-10
1.0,4,A,"XY,ZZ",2,6.6529093730762125e-09,2.0533670904556213e-11
1.0,4,A,"XY,ZZ",3,-2.666848982371852e-09,-4.57278632093939e-13
1.0,4,A,"XY,ZZ",4,3.4401396216988174e-10,3.277072494378541e-15
1.0,4,A,"XZ,YI",1,-1.2285554371258217e-08,-6.825307984032343e-10
1.0,4,A,"XZ,YI",2,2.1726193411211038e-08,6.705615250373777e-11
1.0,4,A,"XZ,YI",3,-1.1396644201159926e-08,-1.954157098964322e-12
1.0,4,A,"XZ,YI",4,1.678532944844369e-09,1.5989682830783883e-14
1.0,4,A,"XZ,YX",1,-4.526471300863746e-09,-2.514706278257637e-10
1.0,4,A,"XZ,YX",2,8.509146890937928e-09,2.6262799046104716e-11
1.0,4,A,"XZ,YX",3,-4.1770114077816655e-09,-7.162228065469248e-13
1.0,4,A,"XZ,YX",4,5.843170929973347e-10,5.566196968805581e-15
1.0,4,A,"XZ,YY",1,-9.809289054872563e-09,-5.449605030484757e-10
1.0,4,A,"XZ,YY",2,1.6798671666220783e-08,5.184775205623698e-11
1.0,4,A,"XZ,YY",3,-8.534995922695524e-09,-1.4634766671288621e-12
1.0,4,A,"XZ,YY",4,1.2360166028041884e-09,1.1774277956906229e-14
1.0,4,A,"XZ,YZ",1,-1.1743223910944829e-08,-6.524013283858238e-10
1.0,4,A,"XZ,YZ",2,2.401662786826572e-08,7.412539465514112e-11
1.0,4,A,"XZ,YZ",3,-1.3389145550759321e-08,-2.2958068502673735e-12
1.0,4,A,"XZ,YZ",4,2.030017777111383e-09,1.9337922735781353e-14
1.0,4,A,"XZ,ZI",1,-1.404343529909801e-09,-7.801908499498895e-11
1.0,4,A,"XZ,ZI",2,3.6113170238237378e-09,1.1146040196986845e-11
1.0,4,A,"XZ,ZI",3,-1.7403036949927304e-09,-2.984059833663804e-13
1.0,4,A,"XZ,ZI",4,2.430779423787554e-10,2.315557292893189e-15
1.0,4,A,"XZ,ZX",1,-6.124344769104668e-09,-3.4024137606137047e-10
1.0,4,A,"XZ,ZX",2,1.1110660348470839e-08,3.429216156935444e-11
1.0,4,A,"XZ,ZX",3,-6.178547147651802e-09,-1.0594216645493487e-12
1.0,4,A,"XZ,ZX",4,9.45698043549612e-10,9.008707166872542e-15
1.0,4,A,"XZ,ZY",1,5.804903225616462e-09,3.22494623645359e-10
1.0,4,A,"XZ,ZY",2,-1.1425191130248477e-08,-3.526293558718666e-11
1.0,4,A,"XZ,ZY",3,5.774029814689076e-09,9.900599819425714e-13
1.0,4,A,"XZ,ZY",4,-8.299422064689299e-10,-7.90601858014146e-15
1.0,4,A,"XZ,ZZ",1,1.9808772858621538e-08,1.1004873810345299e-09
1.0,4,A,"XZ,ZZ",2,-2.781188033842142e-08,-8.583913684697969e-11
1.0,4,A,"XZ,ZZ",3,1.2766174116250619e-08,2.1889873313186934e-12
1.0,4,A,"XZ,ZZ",4,-1.7509558328355217e-09,-1.6679582312485918e-14
1.0,4,A,"YI,YX",1,-9.493018880144857e-09,-5.273899377858254e-10
1.0,4,A,"YI,YX",2,1.5021082097604568e-08,4.636136449877953e-11
1.0,4,A,"YI,YX",3,-7.081895722756423e-09,-1.2143168248896473e-12
1.0,4,A,"YI,YX",4,9.83551333077377e-10,9.369297106742273e-15
1.0,4,A,"YI,YY",1,4.963454263752383e-10,2.7574745909735458e-11
1.0,4,A,"YI,YY",2,-4.319756564835094e-09,-1.3332581990231771e-11
1.0,4,A,"YI,YY",3,3.232371504325021e-09,5.542475144590229e-13
1.0,4,A,"YI,YY",4,-5.475961301856762e-10,-5.216393558391215e-15
1.0,4,A,"YI,YZ",1,6.385081363920026e-09,3.547267424400015e-10
1.0,4,A,"YI,YZ",2,-1.075798685740416e-08,-3.3203663140136293e-11
1.0,4,A,"YI,YZ",3,5.5019610342668885e-09,9.434089564929507e-13
1.0,4,A,"YI,YZ",4,-8.075651382282855e-10,-7.692854921394276e-15
1.0,4,A,"YI,ZI",1,1.7974286684666335e-09,9.985714824814631e-11
1.0,4,A,"YI,ZI",2,-6.014100273394604e-09,-1.8562037880847543e-11
1.0,4,A,"YI,ZI",3,4.260486779433955e-09,7.305361418782501e-13
1.0,4,A,"YI,ZI",4,-7.183475402421127e-10,-6.842969252420674e-15
1.0,4,A,"YI,ZX",1,6.8678949343777514e-09,3.8154971857654173e-10
1.0,4,A,"YI,ZX",2,-1.0630877367151346e-08,-3.281134989861526e-11
1.0,4,A,"YI,ZX",3,5.161291503091076e-09,8.849951136987441e-13
1.0,4,A,"YI,ZX",4,-7.314152458657667e-10,-6.96745204490328e-15
1.0,4,A,"YI,ZY",1,4.83165815580002e-09,2.684254531000011e-10
1.0,4,A,"YI,ZY",2,-4.591760629363916e-09,-1.4172100707913322e-11
1.0,4,A,"YI,ZY",3,1.2428955575867967e-09,2.131165222199583e-13
1.0,4,A,"YI,ZY",4,-9.287282703247953e-11,-8.847053329568618e-16
1.0,4,A,"YI,ZZ",1,9.43618757853504e-09,5.242326432519467e-10
1.0,4,A,"YI,ZZ",2,-7.90486434868478e-09,-2.4397729471249324e-11
1.0,4,A,"YI,ZZ",3,2.261387467570166e-09,3.877550527383686e-13
1.0,4,A,"YI,ZZ",4,-2.108551657707771e-10,-2.0086035452939443e-15
1.0,4,A,"YX,YY",1,2.022012833099066e-09,1.1233404628328145e-10
1.0,4,A,"YX,YY",2,-2.6870534296609593e-09,-8.293374782904196e-12
1.0,4,A,"YX,YY",3,5.88833987886344e-10,1.0096604730561453e-13
1.0,4,A,"YX,YY",4,-1.6991353520691212e-11,-1.6185941091955506e-16
1.0,4,A,"YX,YZ",1,-1.0250834822360185e-08,-5.694908234644547e-10
1.0,4,A,"YX,YZ",2,1.395473214153063e-08,4.307016093065009e-11
1.0,4,A,"YX,YZ",3,-6.467557436341211e-09,-1.1089776125413599e-12
1.0,4,A,"YX,YZ",4,8.948829730538045e-10,8.524643471401126e-15
1.0,4,A,"YX,ZI",1,-2.5048204720282992e-09,-1.3915669289046106e-10
1.0,4,A,"YX,ZI",2,3.484074264606809e-09,1.0753315631502496e-11
1.0,4,A,"YX,ZI",3,-1.7070712872150065e-09,-2.9270769671039207e-13
1.0,4,A,"YX,ZI",4,2.4909471742372996e-10,2.3728730131051854e-15
1.0,4,A,"YX,ZX",1,1.015016059547342e-08,5.638978108596344e-10
1.0,4,A,"YX,ZX",2,-1.487883066771348e-08,-4.592231687565889e-11
1.0,4,A,"YX,ZX",3,6.631674575242421e-09,1.1371184113927333e-12
1.0,4,A,"YX,ZX",4,-8.853316847892892e-10,-8.433658024589327e-15
1.0,4,A,"YX,ZY",1,-6.730075588175307e-10,-3.738930882319615e-11
1.0,4,A,"YX,ZY",2,-3.478280651978903e-09,-1.0735434111045996e-11
1.0,4,A,"YX,ZY",3,2.8176190301327443e-09,4.831308350707723e-13
1.0,4,A,"YX,ZY",4,-4.867119596946639e-10,-4.6364117483488025e-15
1.0,4,A,"YX,ZZ",1,9.51374836479683e-09,5.285415758220461e-10
1.0,4,A,"YX,ZZ",2,-2.1429533347025813e-08,-6.61405350216846e-11
1.0,4,A,"YX,ZZ",3,1.2495335326831135e-08,2.1425472096761205e-12
1.0,4,A,"YX,ZZ",4,-1.9341261377133427e-09,-1.842446023580002e-14
1.0,4,A,"YY,YZ",1,-1.9426420234728497e-09,-1.0792455685960276e-10
1.0,4,A,"YY,YZ",2,5.1586282055847734e-09,1.5921691992545596e-11
1.0,4,A,"YY,YZ",3,-2.983115258581168e-09,-5.115081033232456e-13
1.0,4,A,"YY,YZ",4,4.4820230340024846e-10,4.269569267263455e-15
1.0,4,A,"YY,ZI",1,-6.573941098100093e-09,-3.652189498944496e-10
1.0,4,A,"YY,ZI",2,8.486652886860805e-09,2.619337310759508e-11
1.0,4,A,"YY,ZI",3,-3.0995997707672443e-09,-5.314814421754534e-13
1.0,4,A,"YY,ZI",4,3.470313852226181e-10,3.3058164268272567e-15
1.0,4,A,"YY,ZX",1,1.5300856171830345e-09,8.500475651016859e-11
1.0,4,A,"YY,ZX",2,1.1957886679271806e-09,3.690705765207347e-12
1.0,4,A,"YY,ZX",3,-1.9448741926547125e-09,-3.3348322919319486e-13
1.0,4,A,"YY,ZX",4,3.9154529133883707e-10,3.729855313012851e-15
1.0,4,A,"YY,ZY",1,8.00313389717968e-09,4.4461854984331557e-10
1.0,4,A,"YY,ZY",2,-1.2910048295159308e-08,-3.9845828071479345e-11
1.0,4,A,"YY,ZY",3,5.950477042250449e-09,1.020314993527169e-12
1.0,4,A,"YY,ZY",4,-8.052963498375606e-10,-7.671242472922959e-15
1.0,4,A,"YY,ZZ",1,8.293245116847008e-09,4.607358398248338e-10
1.0,4,A,"YY,ZZ",2,-2.768528444257387e-09,-8.544840877337615e-12
1.0,4,A,"YY,ZZ",3,-1.0143543419857602e-09,-1.7392907098521265e-13
1.0,4,A,"YY,ZZ",4,3.099071132406235e-10,2.9521710985427477e-15
1.0,4,A,"YZ,ZI",1,1.8411727483838314e-08,1.0228737491021285e-09
1.0,4,A,"YZ,ZI",2,-3.286101910486586e-08,-1.014228984718082e-10
1.0,4,A,"YZ,ZI",3,1.669058306588221e-08,2.861896959170475e-12
1.0,4,A,"YZ,ZI",4,-2.4030933252345947e-09,-2.2891835517019076e-14
1.0,4,A,"YZ,ZX",1,-1.2928454067508939e-08,-7.18247448194941e-10
1.0,4,A,"YZ,ZX",2,2.350804800532113e-08,7.255570372012695e-11
1.0,4,A,"YZ,ZX",3,-1.2167712187606235e-08,-2.086370402538792e-12
1.0,4,A,"YZ,ZX",4,1.777686420652068e-09,1.6934217541648263e-14
1.0,4,A,"YZ,ZY",1,-7.614784822408123e-09,-4.230436012448957e-10
1.0,4,A,"YZ,ZY",2,1.7079842856657754e-08,5.271556437240047e-11
1.0,4,A,"YZ,ZY",3,-9.08373898113158e-09,-1.5575684124025343e-12
1.0,4,A,"YZ,ZY",4,1.3182607285662366e-09,1.2557734420879406e-14
1.0,4,A,"YZ,ZZ",1,-6.802833865863778e-09,-3.7793521477020987e-10
1.0,4,A,"YZ,ZZ",2,5.791064852574411e-09,1.7873656952390156e-11
1.0,4,A,"YZ,ZZ",3,-1.324128521162967e-09,-2.270453568523606e-13
1.0,4,A,"YZ,ZZ",4,7.51064716862652e-11,7.154632648059099e-16
1.0,4,A,"ZI,ZX",1,-6.148716974663857e-09,-3.415953874813254e-10
1.0,4,A,"ZI,ZX",2,1.2138780321564357e-08,3.746537136285295e-11
1.0,4,A,"ZI,ZX",3,-7.167953410574129e-09,-1.2290729441999536e-12
1.0,4,A,"ZI,ZX",4,1.1288731579663286e-09,1.0753630905791119e-14
1.0,4,A,"ZI,ZY",1,-4.6050074589527e-09,-2.5583374771959446e-10
1.0,4,A,"ZI,ZY",2,7.817665732545319e-09,2.4128597939954688e-11
1.0,4,A,"ZI,ZY",3,-3.3122729084181467e-09,-5.679480295641541e-13
1.0,4,A,"ZI,ZY",4,4.1119500305166046e-10,3.917038209225542e-15
1.0,4,A,"ZI,ZZ",1,-6.999492362421924e-09,-3.8886068680121803e-10
1.0,4,A,"ZI,ZZ",2,1.6329471701121905e-08,5.039960401580835e-11
1.0,4,A,"ZI,ZZ",3,-9.34505759631652e-09,-1.6023761310556447e-12
1.0,4,A,"ZI,ZZ",4,1.4283724627263585e-09,1.3606657357170767e-14
1.0,4,A,"ZX,ZY",1,5.96728953785617e-09,3.315160854364539e-10
1.0,4,A,"ZX,ZY",2,-4.583985163885437e-09,-1.4148102357671101e-11
1.0,4,A,"ZX,ZY",3,8.973065246854957e-10,1.5385914346459116e-13
1.0,4,A,"ZX,ZY",4,-1.9224408948970137e-11,-1.8313146765899002e-16
1.0,4,A,"ZX,ZZ",1,8.874059675729257e-09,4.93003315318292e-10
1.0,4,A,"ZX,ZZ",2,-8.603947153797518e-09,-2.655539244999234e-11
1.0,4,A,"ZX,ZZ",3,3.1516348958477784e-09,5.404037887256135e-13
1.0,4,A,"ZX,ZZ",4,-3.8298665986668025e-10,-3.6483259017935555e-15
1.0,4,A,"ZY,ZZ",1,-6.5223659144102535e-09,-3.6235366191168074e-10
1.0,4,A,"ZY,ZZ",2,9.131071333010539e-09,2.818231892904487e-11
1.0,4,A,"ZY,ZZ",3,-3.925076414970651e-09,-6.730240766410582e-13
1.0,4,A,"ZY,ZZ",4,5.121338166555594e-10,4.878580024534745e-15
2.0,2,H,IX,1,-8.638929103282163e-09,-4.799405057378979e-10
2.0,2,H,IX,2,8.742690883131279e-10,2.6983613836824934e-12
2.0,2,H,IY,1,-4.492797359232451e-09,-2.495998532906917e-10
2.0,2,H,IY,2,1.1150734607711001e-09,3.4415847554663583e-12
2.0,2,H,IZ,1,1.0065225394714027e-09,5.591791885952237e-11
2.0,2,H,IZ,2,-2.1809281025066403e-10,-6.731259575637779e-13
2.0,2,H,XI,1,4.2832776537576096e-09,2.379598696532005e-10
2.0,2,H,XI,2,-1.4176390802588409e-09,-4.375429260058151e-12
2.0,2,H,XX,1,-9.417207517067342e-05,-5.2317819539263005e-06
2.0,2,H,XX,2,1.0934021470713696e-06,3.3746979847881776e-09
2.0,2,H,XY,1,8.270323952014526e-09,4.594624417785848e-10
2.0,2,H,XY,2,-1.902297400120655e-09,-5.8712882719773305e-12
2.0,2,H,XZ,1,2.1781030121911234e-09,1.2100572289950686e-10
2.0,2,H,XZ,2,-5.068619176713363e-10,-1.5643886347880748e-12
2.0,2,H,YI,1,-9.386367625455723e-09,-5.214648680808735e-10
2.0,2,H,YI,2,1.8555532357179313e-09,5.7270161596232445e-12
2.0,2,H,YX,1,-1.7197761939919725e-08,-9.554312188844292e-10
2.0,2,H,YX,2,3.8219354902169055e-09,1.1796097192027486e-11
2.0,2,H,YY,1,4.3953909149726916e-09,2.441883841651495e-10
2.0,2,H,YY,2,-1.0420497763676818e-09,-3.2162030134804995e-12
2.0,2,H,YZ,1,-2.399128349508344e-09,-1.3328490830601913e-10
2.0,2,H,YZ,2,3.598267623639146e-10,1.110576427049119e-12
2.0,2,H,ZI,1,-6.961582378990676e-10,-3.867545766105931e-11
2.0,2,H,ZI,2,1.5089722342443611e-10,4.657321710630744e-13
2.0,2,H,ZX,1,2.3515115586708624e-09,1.3063953103727014e-10
2.0,2,H,ZX,2,-5.702018695477277e-10,-1.7598823134189127e-12
2.0,2,H,ZY,1,9.405582993163747e-09,5.225323885090971e-10
2.0,2,H,ZY,2,-2.3306689461290336e-09,-7.1934226732377585e-12
2.0,2,H,ZZ,1,-8.92404332935098e-16,-4.9578018496394336e-17
2.0,2,H,ZZ,2,2.6125938268406303e-16,8.063561193952563e-19
2.0,2,S,IX,1,0.0010435804784201925,5.797669324556625e-05
2.0,2,S,IX,2,-4.855323887209279e-06,-1.498556755311506e-08
2.0,2,S,IY,1,-2.0877778242435687e-09,-1.1598765690242048e-10
2.0,2,S,IY,2,4.791003500213275e-10,1.478704784016443e-12
2.0,2,S,IZ,1,2.853147297735668e-09,1.5850818320753713e-10
2.0,2,S,IZ,2,-8.883678976561864e-10,-2.7418762273339085e-12
2.0,2,S,XI,1,0.001043608599638422,5.797825553546789e-05
2.0,2,S,XI,2,-4.861539965068857e-06,-1.5004752978607582e-08
2.0,2,S,XX,1,0.00014568832289439532,8.093795716355296e-06
2.0,2,S,XX,2,3.025824208799794e-06,9.338963607406772e-09
2.0,2,S,XY,1,3.3916447597060678e-09,1.884247088725593e-10
2.0,2,S,XY,2,-8.28825846765613e-10,-2.558104465325966e-12
2.0,2,S,XZ,1,5.7541768554487825e-09,3.196764919693768e-10
2.0,2,S,XZ,2,-1.282132232103747e-09,-3.957198247233787e-12
2.0,2,S,YI,1,-4.1181726591609095e-10,-2.2878736995338385e-11
2.0,2,S,YI,2,-2.5837790121610516e-10,-7.974626580743987e-13
2.0,2,S,YX,1,1.3969428477138742e-09,7.760793598410412e-11
2.0,2,S,YX,2,-3.8327989331448745e-10,-1.1829626336866896e-12
2.0,2,S,YY,1,1.0856787275730008e-09,6.031548486516672e-11
2.0,2,S,YY,2,-2.911984038936337e-10,-8.987605058445484e-13
2.0,2,S,YZ,1,8.19690657902549e-10,4.5538369883474945e-11
2.0,2,S,YZ,2,-1.9556990915681483e-10,-6.0361083073091e-13
2.0,2,S,ZI,1,-4.50663302352524e-09,-2.5036850130695775e-10
2.0,2,S,ZI,2,6.607809881515493e-10,2.039447494294905e-12
2.0,2,S,ZX,1,-9.328096118309504e-09,-5.182275621283058e-10
2.0,2,S,ZX,2,1.5777551816029443e-09,4.869614758033778e-12
2.0,2,S,ZY,1,-1.0048086645200267e-10,-5.582270358444593e-12
2.0,2,S,ZY,2,2.8736023833993832e-11,8.869143158640071e-14
2.0,2,S,ZZ,1,9.720336657961947e-10,5.4001870322010815e-11
2.0,2,S,ZZ,2,-2.41136454503696e-10,-7.442483163694322e-13
2.0,2,C,"IX,IY",1,-8.040720259010424e-10,-4.467066810561347e-11
2.0,2,C,"IX,IY",2,2.3600704762745677e-10,7.2841681366499e-13
2.0,2,C,"IX,IZ",1,4.528142088591341e-09,2.5156344936618565e-10
2.0,2,C,"IX,IZ",2,-1.1194869794640126e-09,-3.4552067267407797e-12
2.0,2,C,"IX,XI",1,0.0010435944019428565,5.797746677460314e-05
2.0,2,C,"IX,XI",2,-4.858388899191869e-06,-1.499502746664157e-08
2.0,2,C,"IX,XX",1,8.761171421075516e-10,4.867317456153064e-11
2.0,2,C,"IX,XX",2,-6.577223718357608e-10,-2.030007320480743e-12
2.0,2,C,"IX,XY",1,-1.633736445479306e-10,-9.076313585996145e-12
2.0,2,C,"IX,XY",2,2.783432707882541e-11,8.590841690995497e-14
2.0,2,C,"IX,XZ",1,-2.663207989592228e-09,-1.4795599942179045e-10
2.0,2,C,"IX,XZ",2,7.928046200449886e-10,2.4469278396450267e-12
2.0,2,C,"IX,YI",1,2.5701962161153454e-10,1.4278867867307474e-11
2.0,2,C,"IX,YI",2,-4.394358926219212e-11,-1.3562836192034605e-13
2.0,2,C,"IX,YX",1,-1.2007793587701455e-09,-6.670996437611919e-11
2.0,2,C,"IX,YX",2,4.784145333335389e-10,1.476588065844256e-12
2.0,2,C,"IX,YY",1,-2.235475548151795e-09,-1.2419308600843305e-10
2.0,2,C,"IX,YY",2,6.797709474790725e-10,2.0980584798736807e-12
2.0,2,C,"IX,YZ",1,2.8122970322757575e-10,1.5623872401531986e-11
2.0,2,C,"IX,YZ",2,-5.4003059933410503e-11,-1.6667611090558797e-13
2.0,2,C,"IX,ZI",1,-6.180592405596071e-10,-3.4336624475533724e-11
2.0,2,C,"IX,ZI",2,9.615547324696815e-11,2.967761519968153e-13
2.0,2,C,"IX,ZX",1,-3.834887377136816e-09,-2.130492987298231e-10
2.0,2,C,"IX,ZX",2,1.0249714667346143e-09,3.163492181279674e-12
2.0,2,C,"IX,ZY",1,-3.729879428277485e-10,-2.0721552379319362e-11
2.0,2,C,"IX,ZY",2,6.840147600853842e-11,2.111156666930198e-13
2.0,2,C,"IX,ZZ",1,-4.31364212930871e-09,-2.39646784961595e-10
2.0,2,C,"IX,ZZ",2,1.166627431441902e-09,3.600701948894759e-12
2.0,2,C,"IY,IZ",1,-1.4542318857862553e-09,-8.079066032145863e-11
2.0,2,C,"IY,IZ",2,4.104236412996037e-10,1.2667396336407522e-12
2.0,2,C,"IY,XI",1,-8.08812383021853e-10,-4.4934021278991834e-11
2.0,2,C,"IY,XI",2,1.8619827764845017e-10,5.746860421248462e-13
2.0,2,C,"IY,XX",1,1.7939476147721833e-09,9.96637563762324e-11
2.0,2,C,"IY,XX",2,-4.309768916067881e-10,-1.3301755913789756e-12
2.0,2,C,"IY,XY",1,3.1353349138780355e-10,1.741852729932242e-11
2.0,2,C,"IY,XY",2,-9.912734100304849e-11,-3.0594858334274227e-13
2.0,2,C,"IY,XZ",1,1.3650367689642176e-09,7.583537605356765e-11
2.0,2,C,"IY,XZ",2,-2.9952284691447057e-10,-9.244532312175017e-13
2.0,2,C,"IY,YI",1,1.4021212086252282e-10,7.789562270140157e-12
2.0,2,C,"IY,YI",2,-4.289884210521414e-11,-1.3240383365806833e-13
2.0,2,C,"IY,YX",1,-1.5093922278763274e-09,-8.385512377090708e-11
2.0,2,C,"IY,YX",2,2.78669081288516e-10,8.60089757063321e-13
2.0,2,C,"IY,YY",1,3.2517149503836915e-09,1.8065083057687174e-10
2.0,2,C,"IY,YY",2,-6.366425703834939e-10,-1.964946204887327e-12
2.0,2,C,"IY,YZ",1,-4.834246225330725e-10,-2.6856923474059583e-11
2.0,2,C,"IY,YZ",2,2.499877681953462e-10,7.715671857881055e-13
2.0,2,C,"IY,ZI",1,2.1770308583100927e-09,1.2094615879500515e-10
2.0,2,C,"IY,ZI",2,-4.712646417189093e-10,-1.4545204991324362e-12
2.0,2,C,"IY,ZX",1,1.356701616078482e-09,7.53723120043601e-11
2.0,2,C,"IY,ZX",2,-2.8355048561718557e-10,-8.751558198061283e-13
2.0,2,C,"IY,ZY",1,1.791798282979082e-09,9.954434905439344e-11
2.0,2,C,"IY,ZY",2,-3.806694219458041e-10,-1.1749056232895187e-12
2.0,2,C,"IY,ZZ",1,-2.582961453316793e-09,-1.434978585175996e-10
2.0,2,C,"IY,ZZ",2,5.795219079538706e-10,1.7886478640551563e-12
2.0,2,C,"IZ,XI",1,4.926906697737008e-09,2.737170387631671e-10
2.0,2,C,"IZ,XI",2,-1.303424197101526e-09,-4.022914188584957e-12
2.0,2,C,"IZ,XX",1,-8.696342010095482e-09,-4.831301116719712e-10
2.0,2,C,"IZ,XX",2,2.0094850472643693e-09,6.202114343408547e-12
2.0,2,C,"IZ,XY",1,-2.4572437993117238e-09,-1.3651354440620687e-10
2.0,2,C,"IZ,XY",2,7.374775014785544e-10,2.2761651280202295e-12
2.0,2,C,"IZ,XZ",1,-5.939555222275436e-10,-3.2997529012641314e-11
2.0,2,C,"IZ,XZ",2,1.6749540683983913e-10,5.169611322217257e-13
2.0,2,C,"IZ,YI",1,-1.0861171575425092e-09,-6.033984208569495e-11
2.0,2,C,"IZ,YI",2,2.99261288186081e-10,9.236459511916079e-13
2.0,2,C,"IZ,YX",1,-2.3002050228478395e-10,-1.2778916793599108e-11
2.0,2,C,"IZ,YX",2,6.234463278125941e-11,1.9242170611499818e-13
2.0,2,C,"IZ,YY",1,-3.5746716558182827e-09,-1.9859286976768237e-10
2.0,2,C,"IZ,YY",2,8.125567422065056e-10,2.5078911796497086e-12
2.0,2,C,"IZ,YZ",1,-4.876761636806134e-10,-2.7093120204478522e-11
2.0,2,C,"IZ,YZ",2,1.3455366311184262e-10,4.152890836785266e-13
2.0,2,C,"IZ,ZI",1,2.5381833681600934e-09,1.410101871200052e-10
2.0,2,C,"IZ,ZI",2,-6.204246317471946e-10,-1.9148908387259093e-12
2.0,2,C,"IZ,ZX",1,-2.699877400595947e-09,-1.4999318892199704e-10
2.0,2,C,"IZ,ZX",2,6.312147123767637e-10,1.9481935567184066e-12
2.0,2,C,"IZ,ZY",1,6.705622715655764e-10,3.725345953142091e-11
2.0,2,C,"IZ,ZY",2,-8.466539661278107e-11,-2.6131295250858355e-13
2.0,2,C,"IZ,ZZ",1,2.0217162640532956e-09,1.1231757022518309e-10
2.0,2,C,"IZ,ZZ",2,-4.0357267405526566e-10,-1.2455946730100791e-12
2.0,2,C,"XI,XX",1,1.0929985255594124e-08,6.072214030885625e-10
2.0,2,C,"XI,XX",2,-2.3403514790842e-09,-7.2233070342104935e-12
2.0,2,C,"XI,XY",1,-2.575018270957407e-10,-1.4305657060874484e-11
2.0,2,C,"XI,XY",2,1.1081919378352874e-10,3.420345487145949e-13
2.0,2,C,"XI,XZ",1,-3.1698454369688394e-09,-1.7610252427604664e-10
2.0,2,C,"XI,XZ",2,8.818756293441971e-10,2.7218383621734477e-12
2.0,2,C,"XI,YI",1,3.3967826149324244e-09,1.8871014527402357e-10
2.0,2,C,"XI,YI",2,-6.941310617967039e-10,-2.1423798203601972e-12
2.0,2,C,"XI,YX",1,-3.5269544257482906e-09,-1.959419125415717e-10
2.0,2,C,"XI,YX",2,8.407436461692687e-10,2.594887796818731e-12
2.0,2,C,"XI,YY",1,-3.1387597575237627e-09,-1.7437554208465348e-10
2.0,2,C,"XI,YY",2,8.771346011393734e-10,2.70720555907214e-12
2.0,2,C,"XI,YZ",1,1.338348809830205e-10,7.43527116572336e-12
2.0,2,C,"XI,YZ",2,-3.4686338006631905e-11,-1.0705659878590094e-13
2.0,2,C,"XI,ZI",1,1.622343711030495e-09,9.013020616836083e-11
2.0,2,C,"XI,ZI",2,-2.465038991702897e-10,-7.608145036120053e-13
2.0,2,C,"XI,ZX",1,-1.9931900577162727e-09,-1.1073278098423737e-10
2.0,2,C,"XI,ZX",2,6.482437097799765e-10,2.00075219067894e-12
2.0,2,C,"XI,ZY",1,-4.230661872650095e-11,-2.3503677070278308e-12
2.0,2,C,"XI,ZY",2,2.0339084298043866e-11,6.277495153717243e-14
2.0,2,C,"XI,ZZ",1,-2.6927121053494967e-09,-1.4959511696386092e-10
2.0,2,C,"XI,ZZ",2,8.041892209431877e-10,2.4820654967382334e-12
2.0,2,C,"XX,XY",1,6.224523687402017e-10,3.458068715223343e-11
2.0,2,C,"XX,XY",2,-1.4223168605186961e-10,-4.389866853452766e-13
2.0,2,C,"XX,XZ",1,4.066217499607737e-09,2.2590097220042985e-10
2.0,2,C,"XX,XZ",2,-1.0077531315036413e-09,-3.110349171307535e-12
2.0,2,C,"XX,YI",1,1.6725035106426274e-09,9.291686170236819e-11
2.0,2,C,"XX,YI",2,-4.2875192479714247e-10,-1.3233084098677237e-12
2.0,2,C,"XX,YX",1,-1.3760320732274548e-09,-7.644622629041415e-11
2.0,2,C,"XX,YX",2,2.9252371838642857e-10,9.028509826741623e-13
2.0,2,C,"XX,YY",1,6.7592882577222195e-09,3.7551601431790107e-10
2.0,2,C,"XX,YY",2,-1.9000995632072007e-09,-5.864504824713582e-12
2.0,2,C,"XX,YZ",1,-4.829547383110076e-09,-2.6830818795055977e-10
2.0,2,C,"XX,YZ",2,1.1009411061117361e-09,3.3979663768880743e-12
2.0,2,C,"XX,ZI",1,1.6757922544647008e-08,9.309956969248337e-10
2.0,2,C,"XX,ZI",2,-3.711677425920467e-09,-1.1455794524445886e-11
2.0,2,C,"XX,ZX",1,8.946786554368086e-09,4.970436974648937e-10
2.0,2,C,"XX,ZX",2,-1.7453531116001114e-09,-5.3868923197534305e-12
2.0,2,C,"XX,ZY",1,-1.2641930815791155e-10,-7.023294897661753e-12
2.0,2,C,"XX,ZY",2,5.970084124752425e-11,1.8426185570223533e-13
2.0,2,C,"XX,ZZ",1,1.5392432139818727e-09,8.551351188788182e-11
2.0,2,C,"XX,ZZ",2,-3.958391042927067e-10,-1.2217256305330454e-12
2.0,2,C,"XY,XZ",1,-1.284577781405552e-09,-7.136543230030845e-11
2.0,2,C,"XY,XZ",2,3.8654827381272703e-10,1.1930502278170587e-12
2.0,2,C,"XY,YI",1,2.2641087059688476e-09,1.257838169982693e-10
2.0,2,C,"XY,YI",2,-5.798461067441838e-10,-1.7896484776055055e-12
2.0,2,C,"XY,YX",1,3.653640704591201e-10,2.029800391439556e-11
2.0,2,C,"XY,YX",2,9.89518081948284e-12,3.05406815416137e-14
2.0,2,C,"XY,YY",1,3.5019234948276083e-09,1.9455130526820045e-10
2.0,2,C,"XY,YY",2,-7.429664951361704e-10,-2.2931064664696617e-12
2.0,2,C,"XY,YZ",1,-2.1869156672964264e-10,-1.2149531484980147e-11
2.0,2,C,"XY,YZ",2,4.7174891295990106e-11,1.4560151634564847e-13
2.0,2,C,"XY,ZI",1,-2.5035687713732927e-09,-1.3908715396518291e-10
2.0,2,C,"XY,ZI",2,5.563888610320224e-10,1.7172495710864891e-12
2.0,2,C,"XY,ZX",1,3.3080918715954905e-09,1.8378288175530504e-10
2.0,2,C,"XY,ZX",2,-7.885657349738126e-10,-2.433844861030286e-12
2.0,2,C,"XY,ZY",1,-4.144968214444523e-10,-2.3027601191358462e-11
2.0,2,C,"XY,ZY",2,-2.1723512534302752e-11,-6.704787819229245e-14
2.0,2,C,"XY,ZZ",1,-2.0464161940389288e-09,-1.1368978855771826e-10
2.0,2,C,"XY,ZZ",2,3.5084638724062446e-10,1.0828592198784705e-12
2.0,2,C,"XZ,YI",1,-1.6525858574740596e-09,-9.181032541522553e-11
2.0,2,C,"XZ,YI",2,3.4382092724488566e-10,1.061175701373104e-12
2.0,2,C,"XZ,YX",1,-1.3628370187547687e-09,-7.571316770859826e-11
2.0,2,C,"XZ,YX",2,2.653476967067823e-10,8.189743725517972e-13
2.0,2,C,"XZ,YY",1,3.6460883717549056e-09,2.0256046509749476e-10
2.0,2,C,"XZ,YY",2,-7.216384853841908e-10,-2.2272792758771323e-12
2.0,2,C,"XZ,YZ",1,2.693682338416401e-10,1.4964901880091118e-11
2.0,2,C,"XZ,YZ",2,6.523564380691967e-11,2.0134457965098664e-13
2.0,2,C,"XZ,ZI",1,1.0332928601914462e-09,5.740515889952479e-11
2.0,2,C,"XZ,ZI",2,-2.094973508610923e-10,-6.465967619169516e-13
2.0,2,C,"XZ,ZX",1,1.5749042580347977e-10,8.74946810019332e-12
2.0,2,C,"XZ,ZX",2,-2.9420585516046754e-11,-9.080427628409492e-14
2.0,2,C,"XZ,ZY",1,1.5797642975281914e-09,8.776468319601064e-11
2.0,2,C,"XZ,ZY",2,-3.8906015486261535e-10,-1.2008029471068374e-12
2.0,2,C,"XZ,ZZ",1,-2.762454602822469e-09,-1.5346970015680382e-10
2.0,2,C,"XZ,ZZ",2,5.790713951538284e-10,1.7872573924500876e-12
2.0,2,C,"YI,YX",1,4.674357989116781e-09,2.596865549509323e-10
2.0,2,C,"YI,YX",2,-8.585513933696677e-10,-2.6498499795360113e-12
2.0,2,C,"YI,YY",1,-1.5069049960758086e-09,-8.371694422643381e-11
2.0,2,C,"YI,YY",2,3.9762114570616285e-10,1.2272257583523544e-12
2.0,2,C,"YI,YZ",1,1.0878785896809325e-09,6.043769942671847e-11
2.0,2,C,"YI,YZ",2,-2.439328205786888e-10,-7.528790758601506e-13
2.0,2,C,"YI,ZI",1,-8.007809484184396e-09,-4.448783046769109e-10
2.0,2,C,"YI,ZI",2,1.462943242085909e-09,4.515256920018238e-12
2.0,2,C,"YI,ZX",1,-4.138922739355626e-09,-2.2994015218642365e-10
2.0,2,C,"YI,ZX",2,5.300894486052517e-10,1.6360785450779373e-12
2.0,2,C,"YI,ZY",1,-1.4410525155940596e-09,-8.005847308855887e-11
2.0,2,C,"YI,ZY",2,3.1238190199753623e-10,9.64141672831902e-13
2.0,2,C,"YI,ZZ",1,8.508802510174119e-10,4.7271125056522885e-11
2.0,2,C,"YI,ZZ",2,-2.4285252742037335e-10,-7.495448377172017e-13
2.0,2,C,"YX,YY",1,-3.11034977905242e-09,-1.7279720994735667e-10
2.0,2,C,"YX,YY",2,7.211505093083241e-10,2.2257731768775436e-12
2.0,2,C,"YX,YZ",1,8.979158957315891e-10,4.988421642953273e-11
2.0,2,C,"YX,YZ",2,-2.759255842392258e-10,-8.516221735778573e-13
2.0,2,C,"YX,ZI",1,1.7807514661619273e-09,9.893063700899596e-11
2.0,2,C,"YX,ZI",2,-2.0150174656249457e-10,-6.219189708718968e-13
2.0,2,C,"YX,ZX",1,-1.927357470937753e-10,-1.0707541505209739e-11
2.0,2,C,"YX,ZX",2,-6.528275032416225e-11,-2.0148997013630325e-13
2.0,2,C,"YX,ZY",1,7.070313436018559e-10,3.927951908899199e-11
2.0,2,C,"YX,ZY",2,-1.8921036021866004e-10,-5.839825932674692e-13
2.0,2,C,"YX,ZZ",1,4.7070918069172316e-09,2.6150510038429064e-10
2.0,2,C,"YX,ZZ",2,-1.11279627072009e-09,-3.4345563911113888e-12
2.0,2,C,"YY,YZ",1,-3.2851516607176803e-10,-1.8250842559542667e-11
2.0,2,C,"YY,YZ",2,7.816886092648295e-11,2.4126191643976217e-13
2.0,2,C,"YY,ZI",1,2.5441703684456827e-09,1.4134279824698238e-10
2.0,2,C,"YY,ZI",2,-5.728896324078958e-10,-1.7681778778021475e-12
2.0,2,C,"YY,ZX",1,-1.1468773260913886e-09,-6.371540700507714e-11
2.0,2,C,"YY,ZX",2,2.9478711660012433e-10,9.098367796300133e-13
2.0,2,C,"YY,ZY",1,-2.841757735439494e-10,-1.5787542974663857e-11
2.0,2,C,"YY,ZY",2,2.999449840477366e-11,9.257561236041254e-14
2.0,2,C,"YY,ZZ",1,-8.483952822842488e-10,-4.713307123801382e-11
2.0,2,C,"YY,ZZ",2,2.1452631547004648e-10,6.621182576236003e-13
2.0,2,C,"YZ,ZI",1,-3.125896436742338e-10,-1.7366091315235212e-11
2.0,2,C,"YZ,ZI",2,1.3485346288144955e-10,4.162143916094122e-13
2.0,2,C,"YZ,ZX",1,1.7506952910595365e-09,9.726084950330758e-11
2.0,2,C,"YZ,ZX",2,-3.542157827837154e-10,-1.0932585888386278e-12
2.0,2,C,"YZ,ZY",1,3.846233122526481e-10,2.1367961791813784e-11
2.0,2,C,"YZ,ZY",2,-9.108454904836581e-11,-2.811251513838451e-13
2.0,2,C,"YZ,ZZ",1,9.398726664379708e-11,5.221514813544282e-12
2.0,2,C,"YZ,ZZ",2,-1.7390039396701657e-11,-5.367296110093104e-14
2.0,2,C,"ZI,ZX",1,-4.341402433967608e-09,-2.411890241093116e-10
2.0,2,C,"ZI,ZX",2,8.78254248297081e-10,2.710661260176176e-12
2.0,2,C,"ZI,ZY",1,-1.7537194864409384e-09,-9.742886035782991e-11
2.0,2,C,"ZI,ZY",2,3.904840409676493e-10,1.2051976573075595e-12
2.0,2,C,"ZI,ZZ",1,-4.794188170815929e-09,-2.663437872675516e-10
2.0,2,C,"ZI,ZZ",2,1.1057586261303137e-09,3.4128352658343016e-12
2.0,2,C,"ZX,ZY",1,-1.3428040369177844e-09,-7.460022427321024e-11
2.0,2,C,"ZX,ZY",2,3.0435747804883103e-10,9.393749322494784e-13
2.0,2,C,"ZX,ZZ",1,1.598102140429986e-09,8.878345224611033e-11
2.0,2,C,"ZX,ZZ",2,-3.5839356727420705e-10,-1.1061529854142192e-12
2.0,2,C,"ZY,ZZ",1,1.662552263013774e-10,9.236401461187633e-12
2.0,2,C,"ZY,ZZ",2,-3.3946703238019253e-12,-1.0477377542598535e-14
2.0,2,A,"IX,IY",1,3.391714728621427e-09,1.884285960345237e-10
2.0,2,A,"IX,IY",2,-9.219242749385584e-10,-2.845445293020242e-12
2.0,2,A,"IX,IZ",1,-3.1605505083617822e-09,-1.7558613935343234e-10
2.0,2,A,"IX,IZ",2,7.60438843773192e-10,2.3470334684357777e-12
2.0,2,A,"IX,XI",1,1.3287251476871675e-08,7.38180637603982e-10
2.0,2,A,"IX,XI",2,-2.665547640931603e-09,-8.226998891764207e-12
2.0,2,A,"IX,XX",1,3.1848724326730845e-09,1.7693735737072692e-10
2.0,2,A,"IX,XX",2,-1.1917005993720364e-09,-3.678088269666779e-12
2.0,2,A,"IX,XY",1,-4.6472042119179785e-09,-2.5817801177322104e-10
2.0,2,A,"IX,XY",2,1.2130747545884863e-09,3.744057884532365e-12
2.0,2,A,"IX,XZ",1,6.758296432730787e-10,3.754609129294882e-11
2.0,2,A,"IX,XZ",2,-1.6465250482935338e-10,-5.081867433004734e-13
2.0,2,A,"IX,YI",1,2.485169244153201e-09,1.3806495800851116e-10
2.0,2,A,"IX,YI",2,-8.12267912193366e-10,-2.50699972899187e-12
2.0,2,A,"IX,YX",1,-2.1171879334826453e-09,-1.1762155186014697e-10
2.0,2,A,"IX,YX",2,4.123923824217957e-10,1.272815995128999e-12
2.0,2,A,"IX,YY",1,-2.225258755563904e-09,-1.2362548642021688e-10
2.0,2,A,"IX,YY",2,5.225850492799384e-10,1.6129168187652418e-12
2.0,2,A,"IX,YZ",1,5.670374988070807e-09,3.1502083267060037e-10
2.0,2,A,"IX,YZ",2,-1.2768627772392639e-09,-3.940934497652049e-12
2.0,2,A,"IX,ZI",1,9.207035229510521e-11,5.115019571950289e-12
2.0,2,A,"IX,ZI",2,2.2714265285693666e-10,7.010575705461008e-13
2.0,2,A,"IX,ZX",1,-2.989468429407823e-09,-1.6608157941154572e-10
2.0,2,A,"IX,ZX",2,5.337561741845211e-10,1.6473955993349419e-12
2.0,2,A,"IX,ZY",1,-6.354168294793906e-09,-3.5300934971077253e-10
2.0,2,A,"IX,ZY",2,1.4421894129319769e-09,4.451201891765361e-12
2.0,2,A,"IX,ZZ",1,-1.991136032616186e-09,-1.10618668478677e-10
2.0,2,A,"IX,ZZ",2,4.836348338664785e-10,1.492700104526168e-12
2.0,2,A,"IY,IZ",1,5.851803361429962e-10,3.25100186746109e-11
2.0,2,A,"IY,IZ",2,9.538026259436985e-12,2.943835265258329e-14
2.0,2,A,"IY,XI",1,-2.9928617877583536e-09,-1.6627009931990853e-10
2.0,2,A,"IY,XI",2,8.767311080884244e-10,2.705960210149458e-12
2.0,2,A,"IY,XX",1,6.565223468485634e-09,3.6473463713809077e-10
2.0,2,A,"IY,XX",2,-1.709624955528221e-09,-5.2766202331117934e-12
2.0,2,A,"IY,XY",1,-6.873685902533887e-10,-3.818714390296604e-11
2.0,2,A,"IY,XY",2,1.5639297042055337e-10,4.82694353149856e-13
2.0,2,A,"IY,XZ",1,-6.060086224371885e-10,-3.366714569095492e-11
2.0,2,A,"IY,XZ",2,2.4587174138941786e-10,7.588633993500552e-13
2.0,2,A,"IY,YI",1,2.3689513388665727e-09,1.316084077148096e-10
2.0,2,A,"IY,YI",2,-5.731976548225072e-10,-1.7691285642669977e-12
2.0,2,A,"IY,YX",1,6.093394797926947e-10,3.385219332181637e-11
2.0,2,A,"IY,YX",2,-9.738665221546952e-11,-3.005760870847825e-13
2.0,2,A,"IY,YY",1,2.816738350395658e-09,1.564854639108699e-10
2.0,2,A,"IY,YY",2,-5.666889740003734e-10,-1.7490400432110292e-12
2.0,2,A,"IY,YZ",1,8.400443597394943e-10,4.666913109663857e-11
2.0,2,A,"IY,YZ",2,-1.9753140982574933e-10,-6.096648451412016e-13
2.0,2,A,"IY,ZI",1,-3.43113967808727e-09,-1.9061887100484835e-10
2.0,2,A,"IY,ZI",2,8.234613602512264e-10,2.5415474081827973e-12
2.0,2,A,"IY,ZX",1,3.5122971065488095e-09,1.951276170304894e-10
2.0,2,A,"IY,ZX",2,-7.955484166400489e-10,-2.4553963476544717e-12
2.0,2,A,"IY,ZY",1,4.657565632181961e-10,2.587536462323312e-11
2.0,2,A,"IY,ZY",2,-2.2650684354178898e-10,-6.990951961166327e-13
2.0,2,A,"IY,ZZ",1,-7.627562178995485e-10,-4.237534543886381e-11
2.0,2,A,"IY,ZZ",2,3.473545030593963e-11,1.072081799566038e-13
2.0,2,A,"IZ,XI",1,2.280122985125359e-09,1.2667349917363105e-10
2.0,2,A,"IZ,XI",2,-5.726682477409764e-10,-1.767494591793137e-12
2.0,2,A,"IZ,XX",1,-2.180088591155361e-09,-1.211160328419645e-10
2.0,2,A,"IZ,XX",2,5.716789942026852e-10,1.7644413401317443e-12
2.0,2,A,"IZ,XY",1,-2.065490936915014e-09,-1.1474949649527855e-10
2.0,2,A,"IZ,XY",2,5.616804639081976e-10,1.7335816787290048e-12
2.0,2,A,"IZ,XZ",1,3.902056401399574e-09,2.167809111888652e-10
2.0,2,A,"IZ,XZ",2,-1.0008244349292298e-09,-3.088964305337129e-12
2.0,2,A,"IZ,YI",1,3.5681396829928886e-11,1.982299823884938e-12
2.0,2,A,"IZ,YI",2,-4.713655042154204e-11,-1.4548318031340137e-13
2.0,2,A,"IZ,YX",1,5.675469448976246e-12,3.1530385827645814e-13
2.0,2,A,"IZ,YX",2,-2.436976961133903e-11,-7.521533830660194e-14
2.0,2,A,"IZ,YY",1,3.438967688189623e-09,1.9105376045497906e-10
2.0,2,A,"IZ,YY",2,-6.72829149323169e-10,-2.076633176923361e-12
2.0,2,A,"IZ,YZ",1,9.890557559780773e-10,5.494754199878207e-11
2.0,2,A,"IZ,YZ",2,-1.5571774220743824e-10,-4.806103154550563e-13
2.0,2,A,"IZ,ZI",1,9.14156810154373e-10,5.078648945302072e-11
2.0,2,A,"IZ,ZI",2,-1.7564611861503503e-10,-5.421176500464044e-13
2.0,2,A,"IZ,ZX",1,1.8486613296075148e-09,1.0270340720041749e-10
2.0,2,A,"IZ,ZX",2,-4.1662526136561363e-10,-1.2858804363136223e-12
2.0,2,A,"IZ,ZY",1,1.707705699577404e-09,9.487253886541133e-11
2.0,2,A,"IZ,ZY",2,-4.045724783143286e-10,-1.248680488624471e-12
2.0,2,A,"IZ,ZZ",1,-2.71473750938852e-09,-1.5081875052158444e-10
2.0,2,A,"IZ,ZZ",2,5.598615515616493e-10,1.7279677517334855e-12
2.0,2,A,"XI,XX",1,-9.737041718821945e-09,-5.409467621567747e-10
2.0,2,A,"XI,XX",2,1.1001549580196665e-09,3.3955399938878593e-12
2.0,2,A,"XI,XY",1,-5.291761750621555e-09,-2.9398676392341973e-10
2.0,2,A,"XI,XY",2,1.3252194896535665e-09,4.090183610041872e-12
2.0,2,A,"XI,XZ",1,9.103225743156953e-10,5.057347635087196e-11
2.0,2,A,"XI,XZ",2,-2.974365910269075e-10,-9.180141698361344e-13
2.0,2,A,"XI,YI",1,4.041231232837682e-09,2.2451284626876012e-10
2.0,2,A,"XI,YI",2,-1.02631036861116e-09,-3.167624594478889e-12
2.0,2,A,"XI,YX",1,8.270538984937711e-10,4.59474388052095e-11
2.0,2,A,"XI,YX",2,-1.7953543561027224e-10,-5.541217148465193e-13
2.0,2,A,"XI,YY",1,-2.7308713381798067e-09,-1.5171507434332259e-10
2.0,2,A,"XI,YY",2,6.380999069587467e-10,1.9694441572800825e-12
2.0,2,A,"XI,YZ",1,5.472554306344172e-09,3.040307947968985e-10
2.0,2,A,"XI,YZ",2,-1.2593328754062118e-09,-3.886829862364851e-12
2.0,2,A,"XI,ZI",1,-1.292889584098678e-09,-7.182719911659322e-11
2.0,2,A,"XI,ZI",2,4.940137368384931e-10,1.5247337556743615e-12
2.0,2,A,"XI,ZX",1,-6.808240619494918e-10,-3.7823558997193994e-11
2.0,2,A,"XI,ZX",2,1.618777894329709e-10,4.996228068918854e-13
2.0,2,A,"XI,ZY",1,-6.111715227502212e-09,-3.39539734861234e-10
2.0,2,A,"XI,ZY",2,1.4024767695580798e-09,4.328632004808888e-12
2.0,2,A,"XI,ZZ",1,-1.8427997920094039e-09,-1.0237776622274466e-10
2.0,2,A,"XI,ZZ",2,4.396364753440431e-10,1.3569027016791453e-12
2.0,2,A,"XX,XY",1,4.704208988444961e-09,2.613449438024978e-10
2.0,2,A,"XX,XY",2,-1.2415433702803228e-09,-3.831923982346675e-12
2.0,2,A,"XX,XZ",1,-1.794903665698478e-09,-9.971687031658211e-11
2.0,2,A,"XX,XZ",2,4.3234428418228863e-10,1.334395938834224e-12
2.0,2,A,"XX,YI",1,7.446518958549355e-09,4.136954976971864e-10
2.0,2,A,"XX,YI",2,-1.3475865908948057e-09,-4.1592178731321164e-12
2.0,2,A,"XX,YX",1,1.2556145518008367e-08,6.975636398893537e-10
2.0,2,A,"XX,YX",2,-2.366333916174988e-09,-7.303499741280827e-12
2.0,2,A,"XX,YY",1,-6.090450100311153e-14,-3.383583389061752e-15
2.0,2,A,"XX,YY",2,1.2372548005128008e-14,3.818687655903706e-17
2.0,2,A,"XX,YZ",1,-8.589432834279689e-09,-4.771907130155383e-10
2.0,2,A,"XX,YZ",2,2.123687341223078e-09,6.554590559330487e-12
2.0,2,A,"XX,ZI",1,-2.626277606101366e-09,-1.459043114500759e-10
2.0,2,A,"XX,ZI",2,5.256972264587815e-10,1.6225223038851281e-12
2.0,2,A,"XX,ZX",1,4.761931325185941e-09,2.645517402881078e-10
2.0,2,A,"XX,ZX",2,-1.2534957035347863e-09,-3.8688138997987235e-12
2.0,2,A,"XX,ZY",1,3.214898385603406e-09,1.7860546586685587e-10
2.0,2,A,"XX,ZY",2,-5.667243011209248e-10,-1.7491490775337184e-12
2.0,2,A,"XX,ZZ",1,4.395116217143339e-09,2.4417312317462995e-10
2.0,2,A,"XX,ZZ",2,-1.0419886281095417e-09,-3.216014284288709e-12
2.0,2,A,"XY,XZ",1,-3.693831819836392e-09,-2.0521287887979956e-10
2.0,2,A,"XY,XZ",2,8.50126159906639e-10,2.623846172551355e-12
2.0,2,A,"XY,YI",1,1.9979551019183627e-10,1.1099750566213127e-11
2.0,2,A,"XY,YI",2,-7.236615206452905e-11,-2.2335232118681805e-13
2.0,2,A,"XY,YX",1,1.3325199315074349e-09,7.402888508374639e-11
2.0,2,A,"XY,YX",2,-3.042391549825162e-10,-9.390097376003586e-13
2.0,2,A,"XY,YY",1,-4.201839698162057e-09,-2.33435538786781e-10
2.0,2,A,"XY,YY",2,8.53034542655817e-10,2.6328226625179536e-12
2.0,2,A,"XY,YZ",1,-2.5732528578058544e-10,-1.4295849210032525e-11
2.0,2,A,"XY,YZ",2,-5.833530415519545e-11,-1.8004723504689953e-13
2.0,2,A,"XY,ZI",1,-2.3339644294544576e-09,-1.2966469052524764e-10
2.0,2,A,"XY,ZI",2,5.694219236355481e-10,1.7574750729492224e-12
2.0,2,A,"XY,ZX",1,-1.1998512131193016e-09,-6.665840072885009e-11
2.0,2,A,"XY,ZX",2,2.107265545146505e-10,6.503906003538596e-13
2.0,2,A,"XY,ZY",1,-1.4617652118696275e-09,-8.120917843720153e-11
2.0,2,A,"XY,ZY",2,3.227307360510793e-10,9.960825186761707e-13
2.0,2,A,"XY,ZZ",1,3.6288446736027065e-09,2.0160248186681702e-10
2.0,2,A,"XY,ZZ",2,-8.098647717067212e-10,-2.499582628724448e-12
2.0,2,A,"XZ,YI",1,2.628085997015102e-09,1.460047776119501e-10
2.0,2,A,"XZ,YI",2,-6.403039962718716e-10,-1.976246902073678e-12
2.0,2,A,"XZ,YX",1,-1.573585523193461e-09,-8.742141795519228e-11
2.0,2,A,"XZ,YX",2,3.9725974270085385e-10,1.226110316977944e-12
2.0,2,A,"XZ,YY",1,3.2256322346824593e-09,1.7920179081569218e-10
2.0,2,A,"XZ,YY",2,-7.156942119429943e-10,-2.208932752910476e-12
2.0,2,A,"XZ,YZ",1,8.017343049719658e-10,4.454079472066477e-11
2.0,2,A,"XZ,YZ",2,-2.325783440036514e-10,-7.178343950729981e-13
2.0,2,A,"XZ,ZI",1,-1.6588566172547071e-09,-9.215870095859484e-11
2.0,2,A,"XZ,ZI",2,4.3427382538706047e-10,1.3403513129230261e-12
2.0,2,A,"XZ,ZX",1,2.89778918869721e-09,1.6098828826095612e-10
2.0,2,A,"XZ,ZX",2,-6.895811538672781e-10,-2.1283368946520928e-12
2.0,2,A,"XZ,ZY",1,1.27721652611291e-10,7.095647367293944e-12
2.0,2,A,"XZ,ZY",2,-1.394365138874979e-10,-4.303596107638824e-13
2.0,2,A,"XZ,ZZ",1,-1.2474069388373817e-09,-6.930038549096565e-11
2.0,2,A,"XZ,ZZ",2,1.8220987245790955e-10,5.623761495614492e-13
2.0,2,A,"YI,YX",1,3.807986385926404e-10,2.1155479921813356e-11
2.0,2,A,"YI,YX",2,-3.2660444348838543e-10,-1.00803840582835e-12
2.0,2,A,"YI,YY",1,-2.1004062080182974e-09,-1.166892337787943e-10
2.0,2,A,"YI,YY",2,4.919117524789757e-10,1.518246149626468e-12
2.0,2,A,"YI,YZ",1,1.5532047324620772e-09,8.628915180344874e-11
2.0,2,A,"YI,YZ",2,-3.73208732172143e-10,-1.1518788030004414e-12
2.0,2,A,"YI,ZI",1,4.81993358070449e-10,2.677740878169161e-11
2.0,2,A,"YI,ZI",2,1.7718283690918524e-10,5.468606077443989e-13
2.0,2,A,"YI,ZX",1,-4.379309538354931e-09,-2.4329497435305173e-10
2.0,2,A,"YI,ZX",2,7.41515882048809e-10,2.288629265582744e-12
2.0,2,A,"YI,ZY",1,3.712052056976381e-10,2.0622511427646558e-11
2.0,2,A,"YI,ZY",2,-1.0036222813184316e-10,-3.097599633698863e-13
2.0,2,A,"YI,ZZ",1,4.121434182426944e-09,2.2896856569038575e-10
2.0,2,A,"YI,ZZ",2,-9.510870923900376e-10,-2.9354539888581408e-12
2.0,2,A,"YX,YY",1,2.7519335333321286e-09,1.5288519629622937e-10
2.0,2,A,"YX,YY",2,-7.058690459620476e-10,-2.1786081665495296e-12
2.0,2,A,"YX,YZ",1,-1.125145380357124e-09,-6.250807668650689e-11
2.0,2,A,"YX,YZ",2,2.2812241684209373e-10,7.040815334632522e-13
2.0,2,A,"YX,ZI",1,4.138879033905067e-09,2.2993772410583708e-10
2.0,2,A,"YX,ZI",2,-6.942332255921535e-10,-2.142695140716523e-12
2.0,2,A,"YX,ZX",1,6.1538360693988295e-09,3.418797816332683e-10
2.0,2,A,"YX,ZX",2,-1.0582409554289563e-09,-3.2661757883609764e-12
2.0,2,A,"YX,ZY",1,1.6713746237083064e-09,9.285414576157258e-11
2.0,2,A,"YX,ZY",2,-3.993688189355658e-10,-1.232619811529524e-12
2.0,2,A,"YX,ZZ",1,-2.4607239666407263e-09,-1.3670688703559591e-10
2.0,2,A,"YX,ZZ",2,5.900389654143675e-10,1.821107917945579e-12
2.0,2,A,"YY,YZ",1,-7.51355911836184e-10,-4.174199510201022e-11
2.0,2,A,"YY,YZ",2,1.4657245708797653e-10,4.5238412681474237e-13
2.0,2,A,"YY,ZI",1,2.508397760147183e-09,1.3935543111928793e-10
2.0,2,A,"YY,ZI",2,-6.038384448872727e-10,-1.863698903973064e-12
2.0,2,A,"YY,ZX",1,1.6257075022776557e-09,9.031708345986976e-11
2.0,2,A,"YY,ZX",2,-3.763514180723319e-10,-1.1615784508405305e-12
2.0,2,A,"YY,ZY",1,5.718537796209554e-10,3.176965442338641e-11
2.0,2,A,"YY,ZY",2,-1.3241631117499995e-10,-4.0869231844135785e-13
2.0,2,A,"YY,ZZ",1,1.1820325111184047e-10,6.566847283991137e-12
2.0,2,A,"YY,ZZ",2,-4.6686047917770876e-11,-1.4409274048694716e-13
2.0,2,A,"YZ,ZI",1,-7.845589619061484e-10,-4.3586608994786024e-11
2.0,2,A,"YZ,ZI",2,1.203138255535152e-10,3.7133896775776295e-13
2.0,2,A,"YZ,ZX",1,-8.527708384429066e-10,-4.737615769127259e-11
2.0,2,A,"YZ,ZX",2,2.2430104140004488e-10,6.922871648149533e-13
2.0,2,A,"YZ,ZY",1,-4.876479087215601e-10,-2.7091550484531115e-11
2.0,2,A,"YZ,ZY",2,1.0669802029748532e-10,3.2931487746137444e-13
2.0,2,A,"YZ,ZZ",1,-8.732906199556577e-10,-4.8516145553092095e-11
2.0,2,A,"YZ,ZZ",2,1.6729708869935177e-10,5.163490391955302e-13
2.0,2,A,"ZI,ZX",1,-7.343433034723837e-09,-4.0796850192910205e-10
2.0,2,A,"ZI,ZX",2,1.2364432983942565e-09,3.8161830197353594e-12
2.0,2,A,"ZI,ZY",1,-1.5298178555966469e-09,-8.498988086648038e-11
2.0,2,A,"ZI,ZY",2,3.9119666817315865e-10,1.2073971239912305e-12
2.0,2,A,"ZI,ZZ",1,2.87616825366081e-09,1.5978712520337834e-10
2.0,2,A,"ZI,ZZ",2,-6.171342305328482e-10,-1.904735279422371e-12
2.0,2,A,"ZX,ZY",1,1.4606479790646304e-09,8.114710994803503e-11
2.0,2,A,"ZX,ZY",2,-3.138749008911299e-10,-9.687496941084256e-13
2.0,2,A,"ZX,ZZ",1,4.635806886289167e-09,2.5754482701606483e-10
2.0,2,A,"ZX,ZZ",2,-1.0566132682213801e-09,-3.261152062411667e-12
2.0,2,A,"ZY,ZZ",1,4.576168166701069e-10,2.5423156481672606e-11
2.0,2,A,"ZY,ZZ",2,-9.06991767700973e-11,-2.7993573077190523e-13
2.0,3,H,IX,1,-2.556925356906763e-09,-1.4205140871704237e-10
2.0,3,H,IX,2,-4.677812265603031e-09,-1.4437692177787134e-11
2.0,3,H,IX,3,1.0135165736585657e-09,1.7378542072334804e-13
2.0,3,H,IY,1,-4.97258798542195e-09,-2.7625488807899723e-10
2.0,3,H,IY,2,1.5530601343304493e-09,4.793395476328547e-12
2.0,3,H,IY,3,-7.995321473106194e-11,-1.3709398959372761e-14
2.0,3,H,IZ,1,1.3186218095932905e-09,7.325676719962725e-11
2.0,3,H,IZ,2,-5.029990040765462e-10,-1.5524660619646488e-12
2.0,3,H,IZ,3,5.200881092580469e-11,8.917834520885578e-15
2.0,3,H,XI,1,3.6471024916857556e-08,2.026168050936531e-09
2.0,3,H,XI,2,-3.080088165233478e-08,-9.506444954424314e-11
2.0,3,H,XI,3,5.363826903152869e-09,9.197234058904097e-13
2.0,3,H,XX,1,-9.422680601934846e-05,-5.23482255663047e-06
2.0,3,H,XX,2,1.1433643202439191e-06,3.528902222975059e-09
2.0,3,H,XX,3,-9.12045183391599e-09,-1.563863483181754e-12
2.0,3,H,XY,1,1.1041244205322751e-08,6.134024558512639e-10
2.0,3,H,XY,2,-4.4317885535500805e-09,-1.3678359733179261e-11
2.0,3,H,XY,3,4.617513763762032e-10,7.917547605901975e-14
2.0,3,H,XZ,1,5.804970712464998e-09,3.224983729147221e-10
2.0,3,H,XZ,2,-3.817722182072175e-09,-1.178309315454375e-11
2.0,3,H,XZ,3,6.043880730729837e-10,1.0363307151457197e-13
2.0,3,H,YI,1,-2.1110378954558463e-08,-1.1727988308088034e-09
2.0,3,H,YI,2,1.255805645798335e-08,3.875943351229429e-11
2.0,3,H,YI,3,-1.9537113568678456e-09,-3.34998517981455e-13
2.0,3,H,YX,1,-2.260365824834895e-08,-1.2557587915749418e-09
2.0,3,H,YX,2,8.756818358896656e-09,2.7027217157088444e-11
2.0,3,H,YX,3,-9.008487552047095e-10,-1.544665218115071e-13
2.0,3,H,YY,1,9.90182685963123e-09,5.50101492201735e-10
2.0,3,H,YY,2,-6.0687123056520454e-09,-1.8730593535963102e-11
2.0,3,H,YY,3,9.17602869782285e-10,1.5733931237693502e-13
2.0,3,H,YZ,1,4.527159786823501e-09,2.5150887704575005e-10
2.0,3,H,YZ,2,-5.962976842697389e-09,-1.8404249514498114e-11
2.0,3,H,YZ,3,1.1542097165412914e-09,1.9790975935207328e-13
2.0,3,H,ZI,1,7.278263137511744e-10,4.0434795208398577e-11
2.0,3,H,ZI,2,-1.1490161615670863e-09,-3.546346177676192e-12
2.0,3,H,ZI,3,2.372954710183108e-10,4.0688523837158916e-14
2.0,3,H,ZX,1,6.163769587193311e-09,3.424316437329617e-10
2.0,3,H,ZX,2,-4.050299481965446e-09,-1.2500924327053846e-11
2.0,3,H,ZX,3,6.352818669789657e-10,1.0893036127897217e-13
2.0,3,H,ZY,1,1.6664692245605774e-08,9.258162358669874e-10
2.0,3,H,ZY,2,-8.957295105401374e-09,-2.7645972547535105e-11
2.0,3,H,ZY,3,1.2096716549595687e-09,2.0741969392310848e-13
2.0,3,H,ZZ,1,-2.252428291315335e-15,-1.2513490507307416e-16
2.0,3,H,ZZ,2,1.5027850336181303e-15,4.638225412401637e-18
2.0,3,H,ZZ,3,-2.2663695713975254e-16,-3.8860932294196254e-20
2.0,3,S,IX,1,0.0010437359445721586,5.7985330254008814e-05
2.0,3,S,IX,2,-4.997244339660298e-06,-1.5423593640926844e-08
2.0,3,S,IX,3,2.5907172739604844e-08,4.4422449827854675e-12
2.0,3,S,IY,1,6.968895450862616e-09,3.8716085838125644e-10
2.0,3,S,IY,2,-7.788468845277912e-09,-2.4038484090363927e-11
2.0,3,S,IY,3,1.5092211135188845e-09,2.5878276980776485e-13
2.0,3,S,IZ,1,1.2089314754795722e-08,6.716285974886512e-10
2.0,3,S,IZ,2,-9.31979202338956e-09,-2.8764790195646793e-11
2.0,3,S,IZ,3,1.539132362487443e-09,2.639115847886562e-13
2.0,3,S,XI,1,0.0010437803276518757,5.798779598065976e-05
2.0,3,S,XI,2,-5.018305389951728e-06,-1.5488596882567062e-08
2.0,3,S,XI,3,2.8617080004351764e-08,4.906906722282538e-12
2.0,3,S,XX,1,0.00014551313111603603,8.08406283977978e-06
2.0,3,S,XX,2,3.185751602229628e-06,9.832566673548235e-09
2.0,3,S,XX,3,-2.919428832014947e-08,-5.005879341589415e-12
2.0,3,S,XY,1,7.788484058216831e-09,4.32693558789824e-10
2.0,3,S,XY,2,-4.842570412440309e-09,-1.494620497666762e-11
2.0,3,S,XY,3,7.326975922054784e-10,1.2563401786788038e-13
2.0,3,S,XZ,1,2.113257464391472e-08,1.174031924661929e-09
2.0,3,S,XZ,2,-1.532061678011657e-08,-4.728585425961904e-11
2.0,3,S,XZ,3,2.5626852078499842e-09,4.3941790258058713e-13
2.0,3,S,YI,1,2.803462834068239e-09,1.5574793522601328e-10
2.0,3,S,YI,2,-3.1935120173993387e-09,-9.856518572220182e-12
2.0,3,S,YI,3,5.358003391942577e-10,9.187248614442003e-14
2.0,3,S,YX,1,-4.42262883887037e-09,-2.45701602159465e-10
2.0,3,S,YX,2,4.929234994253369e-09,1.5213688253868423e-11
2.0,3,S,YX,3,-9.69784400324045e-10,-1.662867627441778e-13
2.0,3,S,YY,1,-1.7201616472889365e-09,-9.556453596049648e-11
2.0,3,S,YY,2,2.2701702957918976e-09,7.006698443802153e-12
2.0,3,S,YY,3,-4.675705312838208e-10,-8.017327353974979e-14
2.0,3,S,YZ,1,1.7960669434157888e-09,9.97814968564327e-11
2.0,3,S,YZ,2,-1.0868749453358202e-09,-3.3545523004191982e-12
2.0,3,S,YZ,3,1.6270518545546716e-10,2.7898694351074614e-14
2.0,3,S,ZI,1,-7.446977747349126e-09,-4.1372098596384035e-10
2.0,3,S,ZI,2,3.3449347302398072e-09,1.0323872624196935e-11
2.0,3,S,ZI,3,-4.899845896413692e-10,-8.401656200983697e-14
2.0,3,S,ZX,1,-1.1744396207537418e-08,-6.52466455974301e-10
2.0,3,S,ZX,2,3.7835240746035855e-09,1.1677543440134523e-11
2.0,3,S,ZX,3,-4.0265680349582574e-10,-6.904266177911964e-14
2.0,3,S,ZY,1,4.0791711388696525e-12,2.266206188260918e-13
2.0,3,S,ZY,2,-6.671374227623297e-11,-2.05906611963682e-13
2.0,3,S,ZY,3,1.742408184208486e-11,2.987668354266951e-15
2.0,3,S,ZZ,1,-6.422267616232513e-10,-3.567926453462507e-11
2.0,3,S,ZZ,2,1.2324741503535408e-09,3.80393256281957e-12
2.0,3,S,ZZ,3,-2.690034017762317e-10,-4.612541182720023e-14
2.0,3,C,"IX,IY",1,-1.9643588945323143e-09,-1.0913104969623969e-10
2.0,3,C,"IX,IY",2,1.2951986162549163e-09,3.997526593379371e-12
2.0,3,C,"IX,IY",3,-1.9335239184241157e-10,-3.315370230494025e-14
2.0,3,C,"IX,IZ",1,5.8628971219276676e-09,3.257165067737593e-10
2.0,3,C,"IX,IZ",2,-2.337945376016097e-09,-7.215880790173139e-12
2.0,3,C,"IX,IZ",3,2.2242609581862886e-10,3.813890531869494e-14
2.0,3,C,"IX,XI",1,0.0010437577647835854,5.798654248797697e-05
2.0,3,C,"IX,XI",2,-5.007518005281389e-06,-1.5455302485436387e-08
2.0,3,C,"IX,XI",3,2.722309184646405e-08,4.667882689722917e-12
2.0,3,C,"IX,XX",1,5.083907257562806e-11,2.8243929208682255e-12
2.0,3,C,"IX,XX",2,9.564957147729529e-11,2.952147267817756e-13
2.0,3,C,"IX,XX",3,-1.3752589380531512e-10,-2.3581257511199436e-14
2.0,3,C,"IX,XY",1,-6.881778517048834e-09,-3.823210287249352e-10
2.0,3,C,"IX,XY",2,6.160867448424978e-09,1.901502298896598e-11
2.0,3,C,"IX,XY",3,-1.119567657432981e-09,-1.919697629343246e-13
2.0,3,C,"IX,XZ",1,-9.62978434741345e-09,-5.349880193007472e-10
2.0,3,C,"IX,XZ",2,7.152386151040143e-09,2.2075265898272046e-11
2.0,3,C,"IX,XZ",3,-1.1609234217452778e-09,-1.9906094337196122e-13
2.0,3,C,"IX,YI",1,1.5792382396046695e-09,8.773545775581498e-11
2.0,3,C,"IX,YI",2,-1.2509578629931836e-09,-3.860981058620937e-12
2.0,3,C,"IX,YI",3,2.2033700392483295e-10,3.7780693402749135e-14
2.0,3,C,"IX,YX",1,3.572947255907774e-10,1.984970697726541e-11
2.0,3,C,"IX,YX",2,-9.439052205725013e-10,-2.913287717816362e-12
2.0,3,C,"IX,YX",3,2.5964040361349365e-10,4.4519959467334305e-14
2.0,3,C,"IX,YY",1,-8.811360361640883e-09,-4.895200200911601e-10
2.0,3,C,"IX,YY",2,6.682701721770588e-09,2.062562259805737e-11
2.0,3,C,"IX,YY",3,-1.0958178460368015e-09,-1.878974358773665e-13
2.0,3,C,"IX,YZ",1,-5.049365786075244e-10,-2.805203214486247e-11
2.0,3,C,"IX,YZ",2,6.636648890637458e-10,2.0483484230362524e-12
2.0,3,C,"IX,YZ",3,-1.31008231747022e-10,-2.2463688571162894e-14
2.0,3,C,"IX,ZI",1,5.532675513839053e-09,3.073708618799474e-10
2.0,3,C,"IX,ZI",2,-5.518668385277019e-09,-1.7032927115052527e-11
2.0,3,C,"IX,ZI",3,1.024970038447591e-09,1.7574932072146624e-13
2.0,3,C,"IX,ZX",1,-1.18686748768725e-08,-6.593708264929167e-10
2.0,3,C,"IX,ZX",2,8.35877848801264e-09,2.579869903707605e-11
2.0,3,C,"IX,ZX",3,-1.3387654989666204e-09,-2.2955512670895413e-13
2.0,3,C,"IX,ZY",1,-3.0823304218421335e-10,-1.7124057899122964e-11
2.0,3,C,"IX,ZY",2,9.288642240238591e-12,2.866864888962528e-14
2.0,3,C,"IX,ZY",3,1.0790878757177568e-11,1.8502878527396377e-15
2.0,3,C,"IX,ZZ",1,-1.2186657611807443e-08,-6.770365339893024e-10
2.0,3,C,"IX,ZZ",2,8.353670432775891e-09,2.578293343449349e-11
2.0,3,C,"IX,ZZ",3,-1.311974146832501e-09,-2.24961273462363e-13
2.0,3,C,"IY,IZ",1,6.636488520314154e-09,3.6869380668411966e-10
2.0,3,C,"IY,IZ",2,-6.9753557464933635e-09,-2.1528875760781987e-11
2.0,3,C,"IY,IZ",3,1.3482529058465643e-09,2.3118191115338896e-13
2.0,3,C,"IY,XI",1,-9.422582682716662e-10,-5.234768157064813e-11
2.0,3,C,"IY,XI",2,3.0801707983085026e-10,9.50669999477933e-13
2.0,3,C,"IY,XI",3,-2.2237673968521778e-11,-3.813044233285627e-15
2.0,3,C,"IY,XX",1,3.819922148076117e-09,2.1221789711533985e-10
2.0,3,C,"IY,XX",2,-2.28042912789804e-09,-7.038361505858148e-12
2.0,3,C,"IY,XX",3,3.3761221678586147e-10,5.788961193173208e-14
2.0,3,C,"IY,XY",1,-1.3326281640589656e-09,-7.403489800327587e-11
2.0,3,C,"IY,XY",2,1.4036049514893006e-09,4.3321140478064835e-12
2.0,3,C,"IY,XY",3,-2.7431948257362043e-10,-4.703694831509267e-14
2.0,3,C,"IY,XZ",1,1.299506129431533e-08,7.21947849684185e-10
2.0,3,C,"IY,XZ",2,-1.091622829555396e-08,-3.369206264059864e-11
2.0,3,C,"IY,XZ",3,1.9380492186515965e-09,3.323129661611105e-13
2.0,3,C,"IY,YI",1,-1.462342024067195e-10,-8.12412235592886e-12
2.0,3,C,"IY,YI",2,2.1858953518636368e-10,6.746590592171718e-13
2.0,3,C,"IY,YI",3,-4.773395548629062e-11,-8.184834616990846e-15
2.0,3,C,"IY,YX",1,-7.227867498538903e-10,-4.0154819436327234e-11
2.0,3,C,"IY,YX",2,-4.3939979691949197e-10,-1.3561722127144814e-12
2.0,3,C,"IY,YX",3,1.3108142022791043e-10,2.247623803633581e-14
2.0,3,C,"IY,YY",1,4.700644453838252e-09,2.611469141021251e-10
2.0,3,C,"IY,YY",2,-1.959327464167596e-09,-6.0473069881715926e-12
2.0,3,C,"IY,YY",3,2.4145234482784364e-10,4.140129369476057e-14
2.0,3,C,"IY,YZ",1,-1.5600935769535486e-09,-8.667186538630825e-11
2.0,3,C,"IY,YZ",2,1.2328470158143235e-09,3.805083382142974e-12
2.0,3,C,"IY,YZ",3,-1.794181449327631e-10,-3.07644281434779e-14
2.0,3,C,"IY,ZI",1,2.2353602078620023e-09,1.2418667821455568e-10
2.0,3,C,"IY,ZI",2,-5.245117799217104e-10,-1.618863518276884e-12
2.0,3,C,"IY,ZI",3,9.720112806049104e-12,1.6666860092676791e-15
2.0,3,C,"IY,ZX",1,1.9139190070215185e-09,1.063288337234177e-10
2.0,3,C,"IY,ZX",2,-7.922177629394588e-10,-2.44511655228228e-12
2.0,3,C,"IY,ZX",3,9.28557568199651e-11,1.592176900205163e-14
2.0,3,C,"IY,ZY",1,4.221770751022628e-09,2.345428195012571e-10
2.0,3,C,"IY,ZY",2,-2.598919425227118e-09,-8.021356250700982e-12
2.0,3,C,"IY,ZY",3,4.049351944848549e-10,6.943333238766374e-14
2.0,3,C,"IY,ZZ",1,-2.4763779434126817e-09,-1.3757655241181565e-10
2.0,3,C,"IY,ZZ",2,4.822249738100492e-10,1.4883486845989175e-12
2.0,3,C,"IY,ZZ",3,1.7761277084200594e-11,3.0454864684843268e-15
2.0,3,C,"IZ,XI",1,1.0587958451249704e-08,5.882199139583169e-10
2.0,3,C,"IZ,XI",2,-6.47123092575792e-09,-1.9972934956042964e-11
2.0,3,C,"IZ,XI",3,9.433683397421993e-10,1.617572599009258e-13
2.0,3,C,"IZ,XX",1,-1.1763144229247783e-08,-6.535080127359879e-10
2.0,3,C,"IZ,XX",2,4.809078097046943e-09,1.4842833632860937e-11
2.0,3,C,"IZ,XX",3,-5.110577051347746e-10,-8.762992200527685e-14
2.0,3,C,"IZ,XY",1,-9.388022387657928e-09,-5.215567993143293e-10
2.0,3,C,"IZ,XY",2,7.06438030738537e-09,2.180364292402892e-11
2.0,3,C,"IZ,XY",3,-1.1549580139329985e-09,-1.980380682326815e-13
2.0,3,C,"IZ,XZ",1,2.1190377089106984e-09,1.1772431716170547e-10
2.0,3,C,"IZ,XZ",2,-2.3091158811555207e-09,-7.126900867763952e-12
2.0,3,C,"IZ,XZ",3,4.520983081637834e-10,7.752028603631402e-14
2.0,3,C,"IZ,YI",1,-1.8293880517785217e-09,-1.016326695432512e-10
2.0,3,C,"IZ,YI",2,9.777713064108607e-10,3.017812674107595e-12
2.0,3,C,"IZ,YI",3,-1.238600634659529e-10,-2.1238008138880813e-14
2.0,3,C,"IZ,YX",1,-4.555305015617873e-09,-2.530725008676596e-10
2.0,3,C,"IZ,YX",2,4.010768951192838e-09,1.2378916516027277e-11
2.0,3,C,"IZ,YX",3,-7.207735678663994e-10,-1.2358943207585725e-13
2.0,3,C,"IZ,YY",1,-1.4263233296992128e-09,-7.92401849832896e-11
2.0,3,C,"IZ,YY",2,-1.1486069105240798e-09,-3.545083057173086e-12
2.0,3,C,"IZ,YY",3,3.5800481639146296e-10,6.138628538948268e-14
2.0,3,C,"IZ,YZ",1,-2.6923945993056694e-09,-1.4957747773920385e-10
2.0,3,C,"IZ,YZ",2,2.147175921748894e-09,6.627086178237327e-12
2.0,3,C,"IZ,YZ",3,-3.673984377415501e-10,-6.299698863881174e-14
2.0,3,C,"IZ,ZI",1,7.642943784158144e-09,4.246079880087858e-10
2.0,3,C,"IZ,ZI",2,-5.2804094498694525e-09,-1.6297560030461273e-11
2.0,3,C,"IZ,ZI",3,8.506669022118807e-10,1.4586195168242126e-13
2.0,3,C,"IZ,ZX",1,-3.709698111775511e-09,-2.0609433954308394e-10
2.0,3,C,"IZ,ZX",2,1.5530501756777674e-09,4.793364739746196e-12
2.0,3,C,"IZ,ZX",3,-1.682784276175607e-10,-2.8854325723175704e-14
2.0,3,C,"IZ,ZY",1,9.026077985061488e-12,5.014487769478604e-13
2.0,3,C,"IZ,ZY",2,5.192314305649285e-10,1.6025661437189152e-12
2.0,3,C,"IZ,ZY",3,-1.102396388144988e-10,-1.8902544378343417e-14
2.0,3,C,"IZ,ZZ",1,-3.6046517967864086e-11,-2.0025843315480048e-12
2.0,3,C,"IZ,ZZ",2,1.4748981144001064e-09,4.552154674074402e-12
2.0,3,C,"IZ,ZZ",3,-3.4290947049796094e-10,-5.87979201814062e-14
2.0,3,C,"XI,XX",1,3.348934146791729e-08,1.8605189704398494e-09
2.0,3,C,"XI,XX",2,-2.293412060614799e-08,-7.078432285848145e-11
2.0,3,C,"XI,XX",3,3.759333661358381e-09,6.446045372699556e-13
2.0,3,C,"XI,XY",1,-1.3035012382423662e-08,-7.241673545790923e-10
2.0,3,C,"XI,XY",2,1.1775030704008449e-08,3.634268735805077e-11
2.0,3,C,"XI,XY",3,-2.1292684546009762e-09,-3.6510090099468044e-13
2.0,3,C,"XI,XZ",1,-9.050191797256007e-09,-5.027884331808892e-10
2.0,3,C,"XI,XZ",2,6.249869919215514e-09,1.9289721972887388e-11
2.0,3,C,"XI,XZ",3,-9.799120065579789e-10,-1.6802332074039418e-13
2.0,3,C,"XI,YI",1,6.373914886782672e-09,3.5410638259903735e-10
2.0,3,C,"XI,YI",2,-3.411867068541602e-09,-1.0530453915251858e-11
2.0,3,C,"XI,YI",3,4.961149360179554e-10,8.50677187959457e-14
2.0,3,C,"XI,YX",1,-4.569315583341649e-09,-2.538508657412027e-10
2.0,3,C,"XI,YX",2,1.792284320666467e-09,5.531741730452059e-12
2.0,3,C,"XI,YX",3,-1.7370102897230061e-10,-2.9784127052863616e-14
2.0,3,C,"XI,YY",1,-9.842245359018144e-09,-5.467914088343413e-10
2.0,3,C,"XI,YY",2,6.9965483611987645e-09,2.1594285065428285e-11
2.0,3,C,"XI,YY",3,-1.1170814819778904e-09,-1.9154346398797846e-13
2.0,3,C,"XI,YZ",1,3.211894130487372e-10,1.78438562804854e-11
2.0,3,C,"XI,YZ",2,-2.0571674959979625e-10,-6.34928239505544e-13
2.0,3,C,"XI,YZ",3,3.1221112534140234e-11,5.353414357705801e-15
2.0,3,C,"XI,ZI",1,1.0123204202063021e-08,5.624002334479457e-10
2.0,3,C,"XI,ZI",2,-8.006688041219168e-09,-2.4712000127219653e-11
2.0,3,C,"XI,ZI",3,1.416599423036422e-09,2.4290113563724657e-13
2.0,3,C,"XI,ZX",1,-7.964552714943056e-09,-4.424751508301698e-10
2.0,3,C,"XI,ZX",2,6.099324085456831e-09,1.8825074337829727e-11
2.0,3,C,"XI,ZX",3,-9.950791339173302e-10,-1.706239941559208e-13
2.0,3,C,"XI,ZY",1,4.916991055058034e-10,2.7316616972544633e-11
2.0,3,C,"XI,ZY",2,-4.671389489342741e-10,-1.441786879426772e-12
2.0,3,C,"XI,ZY",3,8.89877209070334e-11,1.525852553275607e-14
2.0,3,C,"XI,ZZ",1,-9.005052457597852e-09,-5.002806920887695e-10
2.0,3,C,"XI,ZZ",2,6.566538050500688e-09,2.0267092748458913e-11
2.0,3,C,"XI,ZZ",3,-1.0519003000269716e-09,-1.8036699246004314e-13
2.0,3,C,"XX,XY",1,-6.659111313066971e-10,-3.699506285037206e-11
2.0,3,C,"XX,XY",2,1.0338772517204016e-09,3.190979171976548e-12
2.0,3,C,"XX,XY",3,-2.1469532322673663e-10,-3.6813327027904084e-14
2.0,3,C,"XX,XZ",1,4.2492132412283186e-09,2.360674022904621e-10
2.0,3,C,"XX,XZ",2,-1.174804532204138e-09,-3.6259399142103023e-12
2.0,3,C,"XX,XZ",3,3.049475547461303e-11,5.228867536799216e-15
2.0,3,C,"XX,YI",1,1.8458834419087915e-09,1.0254908010604397e-10
2.0,3,C,"XX,YI",2,-5.870253365982788e-10,-1.8118065944391321e-12
2.0,3,C,"XX,YI",3,2.8892358703784488e-11,4.954108145367711e-15
2.0,3,C,"XX,YX",1,-3.591636225967474e-09,-1.995353458870819e-10
2.0,3,C,"XX,YX",2,2.3150832262489534e-09,7.145318599533807e-12
2.0,3,C,"XX,YX",3,-3.6921245416972954e-10,-6.330803397972043e-14
2.0,3,C,"XX,YY",1,2.1110578727509624e-08,1.1728099293060903e-09
2.0,3,C,"XX,YY",2,-1.5000968215158733e-08,-4.629928461468745e-11
2.0,3,C,"XX,YY",3,2.3915261073599416e-09,4.100696343209776e-13
2.0,3,C,"XX,YZ",1,-7.3545764125435125e-09,-4.0858757847463956e-10
2.0,3,C,"XX,YZ",2,3.4059654331304705e-09,1.0512238991143427e-11
2.0,3,C,"XX,YZ",3,-4.207755991312779e-10,-7.214945115419717e-14
2.0,3,C,"XX,ZI",1,2.177786647437347e-08,1.209881470798526e-09
2.0,3,C,"XX,ZI",2,-8.294235782045905e-09,-2.559949315446267e-11
2.0,3,C,"XX,ZI",3,8.365329229937672e-10,1.4343842986861577e-13
2.0,3,C,"XX,ZX",1,2.0284480099445528e-08,1.1269155610803071e-09
2.0,3,C,"XX,ZX",2,-1.2095198253598598e-08,-3.733085880740308e-11
2.0,3,C,"XX,ZX",3,1.8893346328248804e-09,3.2395998505227715e-13
2.0,3,C,"XX,ZY",1,-3.114231737378687e-09,-1.7301287429881594e-10
2.0,3,C,"XX,ZY",2,2.787186447806325e-09,8.602427308044214e-12
2.0,3,C,"XX,ZY",3,-4.978946975826811e-10,-8.537289053200978e-14
2.0,3,C,"XX,ZZ",1,2.0993159904416204e-09,1.1662866613564558e-10
2.0,3,C,"XX,ZZ",2,-9.071129786094357e-10,-2.7997314154612212e-12
2.0,3,C,"XX,ZZ",3,9.33315836471182e-11,1.6003357964183505e-14
2.0,3,C,"XY,XZ",1,5.803596488409562e-09,3.224220271338645e-10
2.0,3,C,"XY,XZ",2,-6.084036394965559e-09,-1.8777890107918392e-11
2.0,3,C,"XY,XZ",3,1.1811867271076811e-09,2.0253544703492476e-13
2.0,3,C,"XY,YI",1,2.5401980850199553e-09,1.4112211583444195e-10
2.0,3,C,"XY,YI",2,-8.318799359501361e-10,-2.567530666512766e-12
2.0,3,C,"XY,YI",3,4.6008054770791464e-11,7.888898280314037e-15
2.0,3,C,"XY,YX",1,5.664883429950586e-10,3.147157461083659e-11
2.0,3,C,"XY,YX",2,-1.7370521962949962e-10,-5.361272210787025e-13
2.0,3,C,"XY,YX",3,3.351572805289321e-11,5.74686695008457e-15
2.0,3,C,"XY,YY",1,2.332302046777855e-09,1.2957233593210305e-10
2.0,3,C,"XY,YY",2,3.2474633498621953e-10,1.0023035030438874e-12
2.0,3,C,"XY,YY",3,-1.9490792375973448e-10,-3.342042588472813e-14
2.0,3,C,"XY,YZ",1,3.3903825345836736e-09,1.8835458525464854e-10
2.0,3,C,"XY,YZ",2,-3.24744212283279e-09,-1.002296951491602e-11
2.0,3,C,"XY,YZ",3,6.014229141872619e-10,1.0312464235035355e-13
2.0,3,C,"XY,ZI",1,-4.0234544335103985e-09,-2.2352524630613325e-10
2.0,3,C,"XY,ZI",2,1.9438475336553186e-09,5.999529424862094e-12
2.0,3,C,"XY,ZI",3,-2.532766129188924e-10,-4.3428774505982924e-14
2.0,3,C,"XY,ZX",1,5.1786280055713105e-09,2.877015558650728e-10
2.0,3,C,"XY,ZX",2,-2.496122853376241e-09,-7.704082880790867e-12
2.0,3,C,"XY,ZX",3,3.117096687981378e-10,5.3448159944811006e-14
2.0,3,C,"XY,ZY",1,5.776346793716901e-10,3.209081552064945e-11
2.0,3,C,"XY,ZY",2,-9.274110188264375e-10,-2.862379687735918e-12
2.0,3,C,"XY,ZY",3,1.653306642445203e-10,2.834887932862145e-14
2.0,3,C,"XY,ZZ",1,-1.6332846492281627e-09,-9.073803606823126e-11
2.0,3,C,"XY,ZZ",2,-2.6289182270559017e-11,-8.113945145234265e-14
2.0,3,C,"XY,ZZ",3,6.884501970529276e-11,1.1804701595557743e-14
2.0,3,C,"XZ,YI",1,-2.3855519038163968e-09,-1.3253066132313316e-10
2.0,3,C,"XZ,YI",2,1.0129239545779685e-09,3.1263085017838535e-12
2.0,3,C,"XZ,YI",3,-1.221428441802044e-10,-2.0943560387552194e-14
2.0,3,C,"XZ,YX",1,1.6592439625854202e-09,9.218022014363446e-11
2.0,3,C,"XZ,YX",2,-2.4934206576407364e-09,-7.6957427704961e-12
2.0,3,C,"XZ,YX",3,5.036052737310445e-10,8.635207025566606e-14
2.0,3,C,"XZ,YY",1,5.410398595869009e-09,3.005776997705005e-10
2.0,3,C,"XZ,YY",2,-2.3322251121460174e-09,-7.1982256547716584e-12
2.0,3,C,"XZ,YY",3,2.9400798285935984e-10,5.0412891436790093e-14
2.0,3,C,"XZ,YZ",1,-1.7920838149503845e-09,-9.956021194168803e-11
2.0,3,C,"XZ,YZ",2,1.947074254792875e-09,6.009488440718749e-12
2.0,3,C,"XZ,YZ",3,-3.435242568698283e-10,-5.890333622596507e-14
2.0,3,C,"XZ,ZI",1,-2.1250890980511396e-09,-1.1806050544728554e-10
2.0,3,C,"XZ,ZI",2,2.6736961344034115e-09,8.252148562973493e-12
2.0,3,C,"XZ,ZI",3,-5.263187255566474e-10,-9.024669505429481e-14
2.0,3,C,"XZ,ZX",1,-6.889104711698202e-10,-3.82728039538789e-11
2.0,3,C,"XZ,ZX",2,7.432337622922611e-10,2.2939313650995715e-12
2.0,3,C,"XZ,ZX",3,-1.410458416032956e-10,-2.4184815089728326e-14
2.0,3,C,"XZ,ZY",1,3.209101900115069e-09,1.782834388952816e-10
2.0,3,C,"XZ,ZY",2,-1.8764342670453287e-09,-5.7914637871769405e-12
2.0,3,C,"XZ,ZY",3,2.715158906784706e-10,4.655622268149359e-14
2.0,3,C,"XZ,ZZ",1,-2.3281776630021557e-09,-1.2934320350011977e-10
2.0,3,C,"XZ,ZZ",2,1.8263281988181103e-10,5.636815428450958e-13
2.0,3,C,"XZ,ZZ",3,7.2368728205391e-11,1.2408904013270061e-14
2.0,3,C,"YI,YX",1,7.144229186599746e-09,3.9690162147776367e-10
2.0,3,C,"YI,YX",2,-3.1132237668110704e-09,-9.608715329663798e-12
2.0,3,C,"YI,YX",3,4.115839939991381e-10,7.057338717406346e-14
2.0,3,C,"YI,YY",1,-1.7938612345411903e-09,-9.965895747451058e-11
2.0,3,C,"YI,YY",2,6.595750095003172e-10,2.0357253379639417e-12
2.0,3,C,"YI,YY",3,-4.7818928716166503e-11,-8.199404786722651e-15
2.0,3,C,"YI,YZ",1,2.858283726759842e-09,1.587935403755468e-10
2.0,3,C,"YI,YZ",2,-1.8600833131381656e-09,-5.740997880056067e-12
2.0,3,C,"YI,YZ",3,2.950236506495216e-10,5.0587045721797256e-14
2.0,3,C,"YI,ZI",1,-1.2849061203836405e-08,-7.13836733546467e-10
2.0,3,C,"YI,ZI",2,5.882378764188817e-09,1.8155490012928448e-11
2.0,3,C,"YI,ZI",3,-8.067553161315463e-10,-1.3833253020088242e-13
2.0,3,C,"YI,ZX",1,-2.1269091361649545e-09,-1.181616186758308e-10
2.0,3,C,"YI,ZX",2,-1.3066182674591995e-09,-4.032772430429628e-12
2.0,3,C,"YI,ZX",3,3.3528574106444955e-10,5.749069634164087e-14
2.0,3,C,"YI,ZY",1,-3.483404098355373e-09,-1.9352244990863183e-10
2.0,3,C,"YI,ZY",2,2.1767842624117253e-09,6.718469945715201e-12
2.0,3,C,"YI,ZY",3,-3.4034131919106324e-10,-5.835756501904376e-14
2.0,3,C,"YI,ZZ",1,9.615880391283451e-10,5.342155772935251e-11
2.0,3,C,"YI,ZZ",2,-3.439143931698507e-10,-1.0614641764501565e-12
2.0,3,C,"YI,ZZ",3,1.8448554582094642e-11,3.1633324043372157e-15
2.0,3,C,"YX,YY",1,-2.5586135077875076e-09,-1.4214519487708375e-10
2.0,3,C,"YX,YY",2,2.1748678404430456e-10,6.71255506309582e-13
2.0,3,C,"YX,YY",3,9.194237270057963e-11,1.5765153069372365e-14
2.0,3,C,"YX,YZ",1,2.7384680307081283e-09,1.5213711281711824e-10
2.0,3,C,"YX,YZ",2,-1.9561111966870674e-09,-6.03738023668848e-12
2.0,3,C,"YX,YZ",3,3.0671307866146744e-10,5.259140580615011e-14
2.0,3,C,"YX,ZI",1,6.412446888185657e-09,3.562470493436476e-10
2.0,3,C,"YX,ZI",2,-4.429639521874138e-09,-1.3671726919364623e-11
2.0,3,C,"YX,ZI",3,7.718344595162639e-10,1.3234472899798763e-13
2.0,3,C,"YX,ZX",1,2.3403614741805937e-09,1.3002008189892188e-10
2.0,3,C,"YX,ZX",2,-2.377672291069799e-09,-7.33849472552407e-12
2.0,3,C,"YX,ZX",3,4.221200978345411e-10,7.237998934062776e-14
2.0,3,C,"YX,ZY",1,2.9158008738154816e-09,1.619889374341934e-10
2.0,3,C,"YX,ZY",2,-2.2055307433005635e-09,-6.807193652162233e-12
2.0,3,C,"YX,ZY",3,3.6807351978329043e-10,6.311274344706626e-14
2.0,3,C,"YX,ZZ",1,9.061321418648533e-09,5.034067454804741e-10
2.0,3,C,"YX,ZZ",2,-5.087643713451471e-09,-1.5702604053862566e-11
2.0,3,C,"YX,ZZ",3,7.255970336477625e-10,1.2441650096840922e-13
2.0,3,C,"YY,YZ",1,-1.9063116455691407e-10,-1.0590620253161893e-11
2.0,3,C,"YY,YZ",2,-4.770136634363311e-11,-1.4722643933220095e-13
2.0,3,C,"YY,YZ",3,2.29772500322695e-11,3.939857687289009e-15
2.0,3,C,"YY,ZI",1,1.6237684597873728e-09,9.020935887707627e-11
2.0,3,C,"YY,ZI",2,2.673180504985923e-10,8.250557114154083e-13
2.0,3,C,"YY,ZI",3,-1.5337750974061923e-10,-2.6299298652369553e-14
2.0,3,C,"YY,ZX",1,-3.33054714660503e-09,-1.850303970336128e-10
2.0,3,C,"YY,ZX",2,2.2881947169832265e-09,7.0623293734050196e-12
2.0,3,C,"YY,ZX",3,-3.6389085682618277e-10,-6.239555158199293e-14
2.0,3,C,"YY,ZY",1,6.672756081820583e-10,3.707086712122546e-11
2.0,3,C,"YY,ZY",2,-8.385573302235601e-10,-2.5881399080974078e-12
2.0,3,C,"YY,ZY",3,1.5855165248530752e-10,2.718649733973037e-14
2.0,3,C,"YY,ZZ",1,1.8160203905317824e-09,1.0089002169621014e-10
2.0,3,C,"YY,ZZ",2,-2.2177399561414846e-09,-6.844876407844088e-12
2.0,3,C,"YY,ZZ",3,4.440032522380505e-10,7.613224489678507e-14
2.0,3,C,"YZ,ZI",1,-2.1592425952883326e-09,-1.1995792196046293e-10
2.0,3,C,"YZ,ZI",2,1.8206083304152058e-09,5.619161513627178e-12
2.0,3,C,"YZ,ZI",3,-3.077297302507899e-10,-5.276572878099964e-14
2.0,3,C,"YZ,ZX",1,3.8153753727545495e-09,2.1196529848636385e-10
2.0,3,C,"YZ,ZX",2,-2.23900116954257e-09,-6.9104974368597834e-12
2.0,3,C,"YZ,ZX",3,3.4406218236016414e-10,5.899557310702402e-14
2.0,3,C,"YZ,ZY",1,9.291888944100484e-10,5.162160524500269e-11
2.0,3,C,"YZ,ZY",2,-5.882023642885243e-10,-1.8154393959522353e-12
2.0,3,C,"YZ,ZY",3,9.07474355453123e-11,1.5560259867166034e-14
2.0,3,C,"YZ,ZZ",1,5.868698675220971e-10,3.2603881529005396e-11
2.0,3,C,"YZ,ZZ",2,-4.673279894739199e-10,-1.4423703378824687e-12
2.0,3,C,"YZ,ZZ",3,8.213488608187765e-11,1.4083485267811669e-14
2.0,3,C,"ZI,ZX",1,-1.0301231077369005e-08,-5.722906154093892e-10
2.0,3,C,"ZI,ZX",2,6.318805563853921e-09,1.9502486308191112e-11
2.0,3,C,"ZI,ZX",3,-9.93157084102776e-10,-1.7029442457180658e-13
2.0,3,C,"ZI,ZY",1,-5.339610087397142e-09,-2.966450048553968e-10
2.0,3,C,"ZI,ZY",2,3.663937523237715e-09,1.1308449145795417e-11
2.0,3,C,"ZI,ZY",3,-5.975595719686123e-10,-1.0246220369832172e-13
2.0,3,C,"ZI,ZZ",1,-9.530318165540045e-09,-5.294621203077802e-10
2.0,3,C,"ZI,ZZ",2,5.429231634364092e-09,1.6756887760383e-11
2.0,3,C,"ZI,ZZ",3,-7.892376336523982e-10,-1.353288123546636e-13
2.0,3,C,"ZX,ZY",1,-3.088028415996891e-09,-1.715571342220495e-10
2.0,3,C,"ZX,ZY",2,1.897521201313485e-09,5.856546917634213e-12
2.0,3,C,"ZX,ZY",3,-2.9082748165089256e-10,-4.986753800598295e-14
2.0,3,C,"ZX,ZZ",1,4.47087641477155e-09,2.483820230428639e-10
2.0,3,C,"ZX,ZZ",2,-2.980864244324877e-09,-9.200198284953324e-12
2.0,3,C,"ZX,ZZ",3,4.787245225161717e-10,8.208582347670983e-14
2.0,3,C,"ZY,ZZ",1,-6.373054799412554e-10,-3.540585999673641e-11
2.0,3,C,"ZY,ZZ",2,7.301521343009457e-10,2.2535559700646475e-12
2.0,3,C,"ZY,ZZ",3,-1.3390687143246969e-10,-2.2960711836843224e-14
2.0,3,A,"IX,IY",1,8.897498532547529e-09,4.943054740304183e-10
2.0,3,A,"IX,IY",2,-5.947991484234369e-09,-1.835799840813077e-11
2.0,3,A,"IX,IY",3,9.174941958208351e-10,1.5732067829575362e-13
2.0,3,A,"IX,IZ",1,-1.762433080800182e-08,-9.791294893334344e-10
2.0,3,A,"IX,IZ",2,1.3963996134678987e-08,4.3098753502095636e-11
2.0,3,A,"IX,IZ",3,-2.410271624738426e-09,-4.132838862720209e-13
2.0,3,A,"IX,XI",1,1.7268841234516764e-08,9.593800685842646e-10
2.0,3,A,"IX,XI",2,-6.300223181133148e-09,-1.944513327510231e-11
2.0,3,A,"IX,XI",3,6.634996256435061e-10,1.1376879726397567e-13
2.0,3,A,"IX,XX",1,3.0093633067768284e-08,1.6718685037649046e-09
2.0,3,A,"IX,XX",2,-2.575591239686403e-08,-7.949355678044453e-11
2.0,3,A,"IX,XX",3,4.484126616418695e-09,7.688831646808462e-13
2.0,3,A,"IX,XY",1,-8.882362191373475e-09,-4.934645661874153e-10
2.0,3,A,"IX,XY",2,5.079225225580437e-09,1.5676621066606288e-11
2.0,3,A,"IX,XY",3,-7.057547123016064e-10,-1.2101418249341674e-13
2.0,3,A,"IX,XZ",1,-1.1204976027491317e-09,-6.22498668193962e-11
2.0,3,A,"IX,XZ",2,1.4751615143769234e-09,4.552967636965813e-12
2.0,3,A,"IX,XZ",3,-2.9934335976740503e-10,-5.132773658563186e-14
2.0,3,A,"IX,YI",1,8.565891888793775e-09,4.758828827107653e-10
2.0,3,A,"IX,YI",2,-6.363179786222464e-09,-1.9639443784637235e-11
2.0,3,A,"IX,YI",3,1.013303088449588e-09,1.7374881489190466e-13
2.0,3,A,"IX,YX",1,-7.23783488974189e-09,-4.021019383189939e-10
2.0,3,A,"IX,YX",2,5.086879553327867e-09,1.570024553496255e-11
2.0,3,A,"IX,YX",3,-8.533142652396345e-10,-1.4631588910144625e-13
2.0,3,A,"IX,YY",1,-5.857302561709259e-09,-3.254056978727366e-10
2.0,3,A,"IX,YY",2,3.8381704276552724e-09,1.1846205023627383e-11
2.0,3,A,"IX,YY",3,-6.052506291164391e-10,-1.0378097207072002e-13
2.0,3,A,"IX,YZ",1,5.448947729014941e-09,3.027193182786078e-10
2.0,3,A,"IX,YZ",2,-1.074728380826649e-09,-3.3170629037859536e-12
2.0,3,A,"IX,YZ",3,-3.6899056013679074e-11,-6.3269986306034075e-15
2.0,3,A,"IX,ZI",1,-3.169120372725685e-09,-1.7606224292920473e-10
2.0,3,A,"IX,ZI",2,3.204187220897993e-09,9.889466731166645e-12
2.0,3,A,"IX,ZI",3,-5.434509723279856e-10,-9.318432310150644e-14
2.0,3,A,"IX,ZX",1,-6.4047031527272e-09,-3.558168418181778e-10
2.0,3,A,"IX,ZX",2,3.6514229526518653e-09,1.1269823927937856e-11
2.0,3,A,"IX,ZX",3,-5.691211546986053e-10,-9.75859318756182e-14
2.0,3,A,"IX,ZY",1,-7.077872838378773e-09,-3.932151576877096e-10
2.0,3,A,"IX,ZY",2,2.1028378882928337e-09,6.490240395965536e-12
2.0,3,A,"IX,ZY",3,-1.2059948989547958e-10,-2.0678924879197458e-14
2.0,3,A,"IX,ZZ",1,-4.243187127133912e-09,-2.357326181741062e-10
2.0,3,A,"IX,ZZ",2,2.5394656770141653e-09,7.837857027821499e-12
2.0,3,A,"IX,ZZ",3,-3.7528604127872904e-10,-6.434945838112638e-14
2.0,3,A,"IY,IZ",1,-6.8334780967795634e-09,-3.796376720433091e-10
2.0,3,A,"IY,IZ",2,6.781811913964452e-09,2.0931518252976705e-11
2.0,3,A,"IY,IZ",3,-1.2362592312705886e-09,-2.1197860618494318e-13
2.0,3,A,"IY,XI",1,-1.1733067206986197e-08,-6.518370670547888e-10
2.0,3,A,"IY,XI",2,8.855406156819089e-09,2.7331500484009534e-11
2.0,3,A,"IY,XI",3,-1.4564843132244037e-09,-2.4974010857757266e-13
2.0,3,A,"IY,XX",1,1.889789497660557e-08,1.049883054255865e-09
2.0,3,A,"IY,XX",2,-1.2967756055005419e-08,-4.002393844137475e-11
2.0,3,A,"IY,XX",3,2.0551396369026198e-09,3.5239019837150543e-13
2.0,3,A,"IY,XY",1,6.0556242202480785e-09,3.364235677915599e-10
2.0,3,A,"IY,XY",2,-5.9990857523748816e-09,-1.851569676658914e-11
2.0,3,A,"IY,XY",3,1.1236650377890047e-09,1.926723315824768e-13
2.0,3,A,"IY,XZ",1,6.848897538899894e-09,3.804943077166608e-10
2.0,3,A,"IY,XZ",2,-6.559491625612947e-09,-2.024534452349675e-11
2.0,3,A,"IY,XZ",3,1.2422996210890731e-09,2.1301433832117166e-13
2.0,3,A,"IY,YI",1,3.0934181025164254e-09,1.718565612509125e-10
2.0,3,A,"IY,YI",2,-1.2345419383391747e-09,-3.810314624503625e-12
2.0,3,A,"IY,YI",3,1.207265076844935e-10,2.0700704335475566e-14
2.0,3,A,"IY,YX",1,6.228431969736488e-10,3.4602399831869373e-11
2.0,3,A,"IY,YX",2,-1.0971379627775516e-10,-3.386228280177628e-13
2.0,3,A,"IY,YX",3,2.250284896166145e-12,3.8585131964440074e-16
2.0,3,A,"IY,YY",1,4.52698055913006e-09,2.5149891995167e-10
2.0,3,A,"IY,YY",2,-2.12791850850263e-09,-6.5676497176007095e-12
2.0,3,A,"IY,YY",3,2.8499798681573456e-10,4.886796756099701e-14
2.0,3,A,"IY,YZ",1,4.151567030927841e-09,2.306426128293245e-10
2.0,3,A,"IY,YZ",2,-3.220522523031257e-09,-9.939884330343387e-12
2.0,3,A,"IY,YZ",3,5.518383827526684e-10,9.462249361328334e-14
2.0,3,A,"IY,ZI",1,-6.977108186084396e-09,-3.876171214491331e-10
2.0,3,A,"IY,ZI",2,4.0604711444950445e-09,1.2532318347206928e-11
2.0,3,A,"IY,ZI",3,-5.909068791133542e-10,-1.0132148132945031e-13
2.0,3,A,"IY,ZX",1,6.38938489243756e-09,3.549658273576422e-10
2.0,3,A,"IY,ZX",2,-3.4219567708165004e-09,-1.0561594971655865e-11
2.0,3,A,"IY,ZX",3,4.794433342147578e-10,8.220907651144681e-14
2.0,3,A,"IY,ZY",1,1.6849330886057726e-09,9.36073938114318e-11
2.0,3,A,"IY,ZY",2,-1.3394570382486976e-09,-4.1341266612614125e-12
2.0,3,A,"IY,ZY",3,2.031658752976213e-10,3.483639837064837e-14
2.0,3,A,"IY,ZZ",1,-5.359321842422089e-10,-2.9774010235678276e-11
2.0,3,A,"IY,ZZ",2,-1.7232550203883325e-10,-5.318688334531891e-13
2.0,3,A,"IY,ZZ",3,3.7798384710434634e-11,6.481204511391398e-15
2.0,3,A,"IZ,XI",1,1.7577345076577496e-08,9.76519170920972e-10
2.0,3,A,"IZ,XI",2,-1.4537049902599542e-08,-4.4867437970986236e-11
2.0,3,A,"IZ,XI",3,2.5491579366195476e-09,4.370984116288662e-13
2.0,3,A,"IZ,XX",1,-5.353240934068456e-09,-2.974022741149142e-10
2.0,3,A,"IZ,XX",2,3.468355926820895e-09,1.0704802243274368e-11
2.0,3,A,"IZ,XX",3,-5.287800903119371e-10,-9.066873976542132e-14
2.0,3,A,"IZ,XY",1,6.877722008284583e-09,3.8209566712692127e-10
2.0,3,A,"IZ,XY",2,-7.602314151638611e-09,-2.3463932566785836e-11
2.0,3,A,"IZ,XY",3,1.4903138701812552e-09,2.5554078706811644e-13
2.0,3,A,"IZ,XZ",1,1.551271333413548e-08,8.618174074519712e-10
2.0,3,A,"IZ,XZ",2,-1.159984978103784e-08,-3.580200549703037e-11
2.0,3,A,"IZ,XZ",3,1.9348217664950475e-09,3.3175956215621527e-13
2.0,3,A,"IZ,YI",1,1.9188458856570254e-09,1.0660254920316809e-10
2.0,3,A,"IZ,YI",2,-1.7662217205030252e-09,-5.451301606490819e-12
2.0,3,A,"IZ,YI",3,3.1381408166494014e-10,5.380899891374145e-14
2.0,3,A,"IZ,YX",1,6.056008245706434e-10,3.3644490253924635e-11
2.0,3,A,"IZ,YX",2,-5.720238844082206e-10,-1.765505816074755e-12
2.0,3,A,"IZ,YX",3,9.997269250880863e-11,1.714209405157898e-14
2.0,3,A,"IZ,YY",1,5.375563305302513e-09,2.986424058501396e-10
2.0,3,A,"IZ,YY",2,-2.440690016271172e-09,-7.53299387738016e-12
2.0,3,A,"IZ,YY",3,3.227179456422023e-10,5.5335724561420146e-14
2.0,3,A,"IZ,YZ",1,1.3581355860793973e-12,7.545197700441096e-14
2.0,3,A,"IZ,YZ",2,7.459222057708666e-10,2.3022290301569955e-12
2.0,3,A,"IZ,YZ",3,-1.6459179404928765e-10,-2.822218690831407e-14
2.0,3,A,"IZ,ZI",1,9.218922222094314e-10,5.1216234567190633e-11
2.0,3,A,"IZ,ZI",2,-1.8270754751687355e-10,-5.639121836940542e-13
2.0,3,A,"IZ,ZI",3,1.2890436521930386e-12,2.2102943281773638e-16
2.0,3,A,"IZ,ZX",1,3.4846216219853134e-09,1.935900901102952e-10
2.0,3,A,"IZ,ZX",2,-1.9100450312023294e-09,-5.8952007135874365e-12
2.0,3,A,"IZ,ZX",3,2.726195081942106e-10,4.674545750929537e-14
2.0,3,A,"IZ,ZY",1,3.636372937722825e-09,2.0202071876237916e-10
2.0,3,A,"IZ,ZY",2,-2.1651957625728606e-09,-6.682702970903891e-12
2.0,3,A,"IZ,ZY",3,3.2139674561983107e-10,5.510918134770766e-14
2.0,3,A,"IZ,ZZ",1,-2.402654006540177e-09,-1.3348077814112095e-10
2.0,3,A,"IZ,ZZ",2,2.749697512134915e-10,8.486720716465786e-13
2.0,3,A,"IZ,ZZ",3,5.200618343760765e-11,8.917383991359336e-15
2.0,3,A,"XI,XX",1,-8.93362803360038e-09,-4.963126685333545e-10
2.0,3,A,"XI,XX",2,3.6674236453712214e-10,1.1319208782009943e-12
2.0,3,A,"XI,XX",3,1.338823715722691e-10,2.295651090059484e-14
2.0,3,A,"XI,XY",1,-8.491575784504935e-09,-4.717542102502741e-10
2.0,3,A,"XI,XY",2,4.246235091478977e-09,1.3105663862589435e-11
2.0,3,A,"XI,XY",3,-5.332230447734907e-10,-9.14305632327659e-14
2.0,3,A,"XI,XZ",1,4.035991343692521e-09,2.2422174131625115e-10
2.0,3,A,"XI,XZ",2,-3.1507671736194143e-09,-9.72459004203523e-12
2.0,3,A,"XI,XZ",3,5.208673380739557e-10,8.931195783161105e-14
2.0,3,A,"XI,YI",1,1.087250594199519e-08,6.040281078886216e-10
2.0,3,A,"XI,YI",2,-7.262379025884784e-09,-2.241475007989131e-11
2.0,3,A,"XI,YI",3,1.1383764998618895e-09,1.9519487309017309e-13
2.0,3,A,"XI,YX",1,-4.6619066512160984e-09,-2.589948139564499e-10
2.0,3,A,"XI,YX",2,4.831174322434083e-09,1.4911031859364456e-11
2.0,3,A,"XI,YX",3,-9.146907370131705e-10,-1.5683997548236805e-13
2.0,3,A,"XI,YY",1,-4.611701365381678e-09,-2.5620563141009325e-10
2.0,3,A,"XI,YY",2,2.3550540160607663e-09,7.268685234755451e-12
2.0,3,A,"XI,YY",3,-3.134250625774153e-10,-5.374229468062677e-14
2.0,3,A,"XI,YZ",1,5.061700119275154e-09,2.81205562181953e-10
2.0,3,A,"XI,YZ",2,-8.842762384280252e-10,-2.7292476494692136e-12
2.0,3,A,"XI,YZ",3,-6.846551651659689e-11,-1.1739629032338287e-14
2.0,3,A,"XI,ZI",1,-3.855783378862872e-09,-2.14210187714604e-10
2.0,3,A,"XI,ZI",2,2.833603688333964e-09,8.74569039609248e-12
2.0,3,A,"XI,ZI",3,-4.2708545503087146e-10,-7.323138803684352e-14
2.0,3,A,"XI,ZX",1,-1.5413665897197822e-09,-8.563147720665457e-11
2.0,3,A,"XI,ZX",2,9.47441613778304e-10,2.9242025116614318e-12
2.0,3,A,"XI,ZX",3,-1.4340242962740708e-10,-2.4588893969034136e-14
2.0,3,A,"XI,ZY",1,-6.68548518851707e-09,-3.7141584380650384e-10
2.0,3,A,"XI,ZY",2,1.926254398581453e-09,5.945229625251398e-12
2.0,3,A,"XI,ZY",3,-9.561410831135178e-11,-1.6394737364772254e-14
2.0,3,A,"XI,ZZ",1,-5.089922323420786e-09,-2.827734624122659e-10
2.0,3,A,"XI,ZZ",2,3.403838605484822e-09,1.0505674708286487e-11
2.0,3,A,"XI,ZZ",3,-5.411066220152987e-10,-9.278234259521583e-14
2.0,3,A,"XX,XY",1,7.708193768296477e-09,4.282329871275821e-10
2.0,3,A,"XX,XY",2,-3.983792237456879e-09,-1.2295655053879257e-11
2.0,3,A,"XX,XY",3,5.005896885893933e-10,8.58349946140935e-14
2.0,3,A,"XX,XZ",1,1.8285266991326985e-08,1.0158481661848326e-09
2.0,3,A,"XX,XZ",2,-1.789824966764921e-08,-5.524151131990497e-11
2.0,3,A,"XX,XZ",3,3.3461975052081007e-09,5.737650043223767e-13
2.0,3,A,"XX,YI",1,7.037025830071908e-09,3.9094587944843936e-10
2.0,3,A,"XX,YI",2,-9.73772424053595e-10,-3.005470444609861e-12
2.0,3,A,"XX,YI",3,-6.823870714623118e-11,-1.1700738536733741e-14
2.0,3,A,"XX,YX",1,2.9197912098975022e-08,1.6221062277208346e-09
2.0,3,A,"XX,YX",2,-1.7558110472622216e-08,-5.419169898957474e-11
2.0,3,A,"XX,YX",3,2.773215365876539e-09,4.75517038044674e-13
2.0,3,A,"XX,YY",1,-6.521959312394693e-14,-3.623310729108163e-15
2.0,3,A,"XX,YY",2,1.6311667989853152e-14,5.0344654289670224e-17
2.0,3,A,"XX,YY",3,-7.190750883598994e-16,-1.2329819759257536e-19
2.0,3,A,"XX,YZ",1,-1.5395546669797522e-08,-8.553081483220845e-10
2.0,3,A,"XX,YZ",2,8.336787381046186e-09,2.5730825250142548e-11
2.0,3,A,"XX,YZ",3,-1.1341836444305299e-09,-1.9447593354432954e-13
2.0,3,A,"XX,ZI",1,-1.5158930656651214e-09,-8.421628142584008e-11
2.0,3,A,"XX,ZI",2,-4.879399825460421e-10,-1.5059876004507472e-12
2.0,3,A,"XX,ZI",3,1.8503657376683918e-10,3.172780757318916e-14
2.0,3,A,"XX,ZX",1,8.156816842717788e-09,4.5315649126209935e-10
2.0,3,A,"XX,ZX",2,-4.352586293835971e-09,-1.343390831430855e-11
2.0,3,A,"XX,ZX",3,5.65730124671907e-10,9.70044795390787e-14
2.0,3,A,"XX,ZY",1,-3.258458352723159e-09,-1.810254640401755e-10
2.0,3,A,"XX,ZY",2,5.342611625468963e-09,1.6489542053916553e-11
2.0,3,A,"XX,ZY",3,-1.0787323742456255e-09,-1.8496782823141726e-13
2.0,3,A,"XX,ZZ",1,9.901295070588255e-09,5.500719483660141e-10
2.0,3,A,"XX,ZZ",2,-6.068416466428079e-09,-1.8729680451938515e-11
2.0,3,A,"XX,ZZ",3,9.17560027617629e-10,1.5733196632675395e-13
2.0,3,A,"XY,XZ",1,-1.3328071964758763e-08,-7.404484424865979e-10
2.0,3,A,"XY,XZ",2,9.644939069986092e-09,2.976833046292004e-11
2.0,3,A,"XY,XZ",3,-1.6054679458730514e-09,-2.7528599894942584e-13
2.0,3,A,"XY,YI",1,1.2986935678679697e-09,7.214964265933165e-11
2.0,3,A,"XY,YI",2,-1.0755176906531665e-09,-3.3194990452258225e-12
2.0,3,A,"XY,YI",3,1.8312244461863615e-10,3.139959612802403e-14
2.0,3,A,"XY,YX",1,1.0143690790196554e-09,5.635383772331419e-11
2.0,3,A,"XY,YX",2,-1.3808650581293458e-11,-4.26192919175724e-14
2.0,3,A,"XY,YX",3,-5.301725802325143e-11,-9.090750689857927e-15
2.0,3,A,"XY,YY",1,-4.447307155495181e-09,-2.470726197497323e-10
2.0,3,A,"XY,YY",2,1.077114525122882e-09,3.324427546675562e-12
2.0,3,A,"XY,YY",3,-4.0905159989289286e-11,-7.013916321894596e-15
2.0,3,A,"XY,YZ",1,5.11302214508438e-10,2.8405678583802112e-11
2.0,3,A,"XY,YZ",2,-7.599926181621294e-10,-2.345656228895461e-12
2.0,3,A,"XY,YZ",3,1.2808553611578047e-10,2.1962540486244937e-14
2.0,3,A,"XY,ZI",1,-3.1918763493637914e-09,-1.7732646385354397e-10
2.0,3,A,"XY,ZI",2,1.3525843438608996e-09,4.174643036607715e-12
2.0,3,A,"XY,ZI",3,-1.4296406017269149e-10,-2.4513727738801694e-14
2.0,3,A,"XY,ZX",1,3.6084582536590196e-10,2.0046990298105665e-11
2.0,3,A,"XY,ZX",2,-1.2139876166415065e-09,-3.746875360004649e-12
2.0,3,A,"XY,ZX",3,2.6007749763509613e-10,4.459490700190263e-14
2.0,3,A,"XY,ZY",1,-4.287164416589594e-09,-2.3817580092164407e-10
2.0,3,A,"XY,ZY",2,2.901954113090909e-09,8.956648497194164e-12
2.0,3,A,"XY,ZY",3,-4.708298515751463e-10,-8.073214190245993e-14
2.0,3,A,"XY,ZZ",1,1.7037301064956435e-09,9.465167258309131e-11
2.0,3,A,"XY,ZZ",2,9.475153842258208e-10,2.9244301982278423e-12
2.0,3,A,"XY,ZZ",3,-3.20804721818419e-10,-5.500766835020902e-14
2.0,3,A,"XZ,YI",1,2.571783062451647e-09,1.428768368028693e-10
2.0,3,A,"XZ,YI",2,-5.889067123838399e-10,-1.8176133098266664e-12
2.0,3,A,"XZ,YI",3,-9.382427190986936e-12,-1.6087838118976228e-15
2.0,3,A,"XZ,YX",1,-1.437049602922822e-09,-7.98360890512679e-11
2.0,3,A,"XZ,YX",2,2.726201389310977e-10,8.414201818861041e-13
2.0,3,A,"XZ,YX",3,2.2752603231539785e-11,3.9013380026645725e-15
2.0,3,A,"XZ,YY",1,2.630535410520982e-09,1.4614085614005455e-10
2.0,3,A,"XZ,YY",2,-1.7244792026309828e-10,-5.322466674786984e-13
2.0,3,A,"XZ,YY",3,-9.916805700402284e-11,-1.700412500068979e-14
2.0,3,A,"XZ,YZ",1,4.128734405311276e-09,2.2937413362840423e-10
2.0,3,A,"XZ,YZ",2,-3.2696983445592914e-09,-1.0091661557281763e-11
2.0,3,A,"XZ,YZ",3,5.544175707335172e-10,9.506474120945081e-14
2.0,3,A,"XZ,ZI",1,-4.5418722890487764e-09,-2.523262382804876e-10
2.0,3,A,"XZ,ZI",2,3.0660935712981347e-09,9.463251763265848e-12
2.0,3,A,"XZ,ZI",3,-4.804311683007498e-10,-8.237845821343446e-14
2.0,3,A,"XZ,ZX",1,3.114943906456316e-09,1.730524392475731e-10
2.0,3,A,"XZ,ZX",2,-8.878152736840842e-10,-2.7401705977903833e-12
2.0,3,A,"XZ,ZX",3,3.6187071674883946e-11,6.2049162679842156e-15
2.0,3,A,"XZ,ZY",1,1.780103957787727e-09,9.889466432154038e-11
2.0,3,A,"XZ,ZY",2,-1.6478474535516622e-09,-5.0859489307150065e-12
2.0,3,A,"XZ,ZY",3,2.7535610337539126e-10,4.721469536615076e-14
2.0,3,A,"XZ,ZZ",1,3.649450849849517e-10,2.027472694360843e-11
2.0,3,A,"XZ,ZZ",2,-1.2896586071937007e-09,-3.980427799980558e-12
2.0,3,A,"XZ,ZZ",3,2.6868538180196636e-10,4.607088165328641e-14
2.0,3,A,"YI,YX",1,2.5830446223988474e-10,1.4350247902215818e-11
2.0,3,A,"YI,YX",2,-2.147831324777234e-10,-6.629109027090228e-13
2.0,3,A,"YI,YX",3,-2.0412660545327903e-11,-3.500113262230436e-15
2.0,3,A,"YI,YY",1,-2.6541432095825825e-09,-1.474524005323657e-10
2.0,3,A,"YI,YY",2,9.974018852646878e-10,3.078400880446567e-12
2.0,3,A,"YI,YY",3,-9.227577817061724e-11,-1.5822321359845207e-14
2.0,3,A,"YI,YZ",1,4.5249690543342875e-09,2.513871696852382e-10
2.0,3,A,"YI,YZ",2,-3.086044496131172e-09,-9.524828691762876e-12
2.0,3,A,"YI,YZ",3,4.952204107108066e-10,8.49143365416335e-14
2.0,3,A,"YI,ZI",1,-1.6180202469342776e-09,-8.989001371857098e-11
2.0,3,A,"YI,ZI",2,2.094223152161456e-09,6.463651704202025e-12
2.0,3,A,"YI,ZI",3,-3.4995022731598767e-10,-6.000518301028595e-14
2.0,3,A,"YI,ZX",1,-5.823428445583374e-09,-3.2352380253240963e-10
2.0,3,A,"YI,ZX",2,2.059809324804265e-09,6.3574361876674845e-12
2.0,3,A,"YI,ZX",3,-2.4065069800096487e-10,-4.126383710578959e-14
2.0,3,A,"YI,ZY",1,1.6779849850324615e-09,9.322138805735897e-11
2.0,3,A,"YI,ZY",2,-1.293282842632188e-09,-3.991613711827741e-12
2.0,3,A,"YI,ZY",3,2.1776424673645326e-10,3.733954848018746e-14
2.0,3,A,"YI,ZZ",1,8.988356699535679e-09,4.993531499742044e-10
2.0,3,A,"YI,ZZ",2,-5.393956726315816e-09,-1.6648014587394494e-11
2.0,3,A,"YI,ZZ",3,8.110331462293875e-10,1.3906604016278935e-13
2.0,3,A,"YX,YY",1,3.3395593923615357e-09,1.8553107735341865e-10
2.0,3,A,"YX,YY",2,-1.2422953145154761e-09,-3.834244797887272e-12
2.0,3,A,"YX,YY",3,9.792308128576626e-11,1.6790651797970895e-14
2.0,3,A,"YX,YZ",1,-3.385563263423284e-09,-1.8808684796796023e-10
2.0,3,A,"YX,YZ",2,2.2915910538204092e-09,7.072811894507436e-12
2.0,3,A,"YX,YZ",3,-3.7668029870042003e-10,-6.458852858374829e-14
2.0,3,A,"YX,ZI",1,5.14585213996984e-09,2.8588067444276886e-10
2.0,3,A,"YX,ZI",2,-1.613469194397519e-09,-4.979843192584935e-12
2.0,3,A,"YX,ZI",3,1.6780389733125567e-10,2.877295907600406e-14
2.0,3,A,"YX,ZX",1,9.000665325355787e-09,5.000369625197659e-10
2.0,3,A,"YX,ZX",2,-3.6570271924813713e-09,-1.1287120964448677e-11
2.0,3,A,"YX,ZX",3,4.744009957257863e-10,8.134447800510739e-14
2.0,3,A,"YX,ZY",1,5.056704182083331e-09,2.809280101157406e-10
2.0,3,A,"YX,ZY",2,-3.489736056725666e-09,-1.0770790298536006e-11
2.0,3,A,"YX,ZY",3,5.641377016175123e-10,9.673143031850348e-14
2.0,3,A,"YX,ZZ",1,-2.511657434123957e-09,-1.395365241179976e-10
2.0,3,A,"YX,ZZ",2,6.365346215988051e-10,1.9646130296259415e-12
2.0,3,A,"YX,ZZ",3,-8.487649071067498e-12,-1.455358208344907e-15
2.0,3,A,"YY,YZ",1,4.223760789421173e-10,2.3465337719006518e-11
2.0,3,A,"YY,YZ",2,-9.248927659281607e-10,-2.8546073022474095e-12
2.0,3,A,"YY,YZ",3,1.9559291235162695e-10,3.353787934698679e-14
2.0,3,A,"YY,ZI",1,4.6750012443401135e-09,2.597222913522285e-10
2.0,3,A,"YY,ZI",2,-2.5816666915545286e-09,-7.968107072699163e-12
2.0,3,A,"YY,ZI",3,3.6104689035822727e-10,6.190790301066997e-14
2.0,3,A,"YY,ZX",1,2.36476571785516e-09,1.3137587321417555e-10
2.0,3,A,"YY,ZX",2,-1.0510158065334195e-09,-3.243875946090801e-12
2.0,3,A,"YY,ZX",3,1.2315805475008502e-10,2.1117636274020064e-14
2.0,3,A,"YY,ZY",1,6.883709260088162e-10,3.824282922271201e-11
2.0,3,A,"YY,ZY",2,-2.387813682924162e-10,-7.369795317667167e-13
2.0,3,A,"YY,ZY",3,1.9416637000573275e-11,3.3293273320598895e-15
2.0,3,A,"YY,ZZ",1,-1.1992232393873765e-09,-6.662351329929869e-11
2.0,3,A,"YY,ZZ",2,1.1559536343440153e-09,3.567758130691405e-12
2.0,3,A,"YY,ZZ",3,-2.1953843476231563e-10,-3.764376453400474e-14
2.0,3,A,"YZ,ZI",1,-1.3560300732062679e-09,-7.533500406701488e-11
2.0,3,A,"YZ,ZI",2,6.41992902657342e-10,1.9814595761029073e-12
2.0,3,A,"YZ,ZI",3,-9.523102365974754e-11,-1.6329050696115834e-14
2.0,3,A,"YZ,ZX",1,-3.723571135911643e-09,-2.068650631062024e-10
2.0,3,A,"YZ,ZX",2,2.8449697333409202e-09,8.78077078191642e-12
2.0,3,A,"YZ,ZX",3,-4.783955752875843e-10,-8.20294196309301e-14
2.0,3,A,"YZ,ZY",1,-1.2696489636560289e-09,-7.053605353644605e-11
2.0,3,A,"YZ,ZY",2,8.205636568374007e-10,2.53260387912778e-12
2.0,3,A,"YZ,ZY",3,-1.303141304815706e-10,-2.2344672579144478e-14
2.0,3,A,"YZ,ZZ",1,-1.410165975506297e-10,-7.834255419479428e-12
2.0,3,A,"YZ,ZZ",2,-5.01174210446934e-10,-1.5468339828609074e-12
2.0,3,A,"YZ,ZZ",3,1.2202752400628175e-10,2.0923786695178625e-14
2.0,3,A,"ZI,ZX",1,-9.699458623566672e-09,-5.388588124203707e-10
2.0,3,A,"ZI,ZX",2,3.3871893825214176e-09,1.0454288217658696e-11
2.0,3,A,"ZI,ZX",3,-3.9261254708679715e-10,-6.73203955910146e-14
2.0,3,A,"ZI,ZY",1,-4.692548762265729e-09,-2.6069715345920714e-10
2.0,3,A,"ZI,ZY",2,3.2783601798425745e-09,1.011839561679807e-11
2.0,3,A,"ZI,ZY",3,-5.270434425236281e-10,-9.03709606521996e-14
2.0,3,A,"ZI,ZZ",1,4.616940395021672e-09,2.564966886123151e-10
2.0,3,A,"ZI,ZZ",2,-2.206233637652777e-09,-6.809363079175237e-12
2.0,3,A,"ZI,ZZ",3,2.9008555236155304e-10,4.9740321049649016e-14
2.0,3,A,"ZX,ZY",1,3.7051821049433075e-09,2.058434502746282e-10
2.0,3,A,"ZX,ZY",2,-2.362843725671317e-09,-7.292727548368263e-12
2.0,3,A,"ZX,ZY",3,3.7403339944931805e-10,6.413467068746881e-14
2.0,3,A,"ZX,ZZ",1,1.0173642976546923e-08,5.652023875859401e-10
2.0,3,A,"ZX,ZZ",2,-6.111940061811003e-09,-1.8864012536453713e-11
2.0,3,A,"ZX,ZZ",3,9.228354492589204e-10,1.582365310800618e-13
2.0,3,A,"ZY,ZZ",1,9.359135723348535e-10,5.199519846304742e-11
2.0,3,A,"ZY,ZZ",2,-5.27322140106385e-10,-1.627537469464151e-12
2.0,3,A,"ZY,ZZ",3,7.970427332969625e-11,1.3666713533898533e-14
2.0,4,H,IX,1,-4.2009347290957926e-08,-2.3338526272754405e-09
2.0,4,H,IX,2,7.570094059391095e-08,2.3364487837626835e-10
2.0,4,H,IX,3,-4.226502635859249e-08,-7.247089567659892e-12
2.0,4,H,IX,4,6.412691008600222e-09,6.108721049192407e-14
2.0,4,H,IY,1,2.899685528797087e-08,1.6109364048872706e-09
2.0,4,H,IY,2,-6.765489597572807e-08,-2.0881140733249405e-10
2.0,4,H,IY,3,3.718386829538318e-08,6.375834755724139e-12
2.0,4,H,IY,4,-5.521474544974105e-09,-5.259749414127139e-14
2.0,4,H,IZ,1,2.3841415411232333e-09,1.3245230784017964e-10
2.0,4,H,IZ,2,-2.673845379762845e-09,-8.252609196798904e-12
2.0,4,H,IZ,3,1.2208633244272617e-09,2.0933870446283636e-13
2.0,4,H,IZ,4,-1.7319212527154998e-10,-1.6498259151763258e-15
2.0,4,H,XI,1,7.894094935799562e-08,4.385608297666424e-09
2.0,4,H,XI,2,-1.1732737085806274e-07,-3.621215149940208e-10
2.0,4,H,XI,3,5.195251165684786e-08,8.908181011119317e-12
2.0,4,H,XI,4,-6.90316308222787e-09,-6.575944103631183e-14
2.0,4,H,XX,1,-9.407407729822615e-05,-5.22633762767923e-06
2.0,4,H,XX,2,8.322010626332493e-07,2.5685217982507697e-09
2.0,4,H,XX,3,1.584199979038469e-07,2.7163922823019014e-11
2.0,4,H,XX,4,-2.4824891570211725e-08,-2.364815916991667e-13
2.0,4,H,XY,1,5.068287907588631e-08,2.8157155042159064e-09
2.0,4,H,XY,2,-8.519603612077012e-08,-2.62950728767809e-10
2.0,4,H,XY,3,4.39478572361931e-08,7.535640815533797e-12
2.0,4,H,XY,4,-6.443446131789181e-09,-6.138018339229139e-14
2.0,4,H,XZ,1,7.248880680461272e-09,4.0271559335895954e-10
2.0,4,H,XZ,2,-6.759485368701655e-09,-2.086260916265943e-11
2.0,4,H,XZ,3,2.1883293490913035e-09,3.7522794051634145e-13
2.0,4,H,XZ,4,-2.3469657919800775e-10,-2.235716537094267e-15
2.0,4,H,YI,1,-1.2266106935964926e-08,-6.814503853313848e-10
2.0,4,H,YI,2,-5.4609020737175e-09,-1.6854636029992286e-11
2.0,4,H,YI,3,7.748283793164666e-09,1.3285808973190443e-12
2.0,4,H,YI,4,-1.4375691243000064e-09,-1.3694264634773724e-14
2.0,4,H,YX,1,1.2879899578565747e-08,7.155499765869859e-10
2.0,4,H,YX,2,-6.353593289255922e-08,-1.9609855831036797e-10
2.0,4,H,YX,3,3.8023927101856245e-08,6.519877760949287e-12
2.0,4,H,YX,4,-5.76758234539229e-09,-5.494191382213353e-14
2.0,4,H,YY,1,1.6284584069677962e-08,9.04699114982109e-10
2.0,4,H,YY,2,-1.90726811166475e-08,-5.88662997427392e-11
2.0,4,H,YY,3,7.919363937908961e-09,1.3579156272134707e-12
2.0,4,H,YY,4,-1.0374686207950769e-09,-9.882912482806326e-15
2.0,4,H,YZ,1,-1.6810429420286586e-08,-9.33912745571477e-10
2.0,4,H,YZ,2,3.7509355790343003e-08,1.1576961663686112e-10
2.0,4,H,YZ,3,-2.2252712477343487e-08,-3.8156228527680875e-12
2.0,4,H,YZ,4,3.4682627769308404e-09,3.303862575189415e-14
2.0,4,H,ZI,1,3.075385933172648e-09,1.708547740651471e-10
2.0,4,H,ZI,2,-5.9318382348957196e-09,-1.830814270029543e-11
2.0,4,H,ZI,3,2.812522917003379e-09,4.822570159470814e-13
2.0,4,H,ZI,4,-3.815779545494508e-10,-3.634906593406595e-15
2.0,4,H,ZX,1,7.834594631302379e-09,4.352552572945766e-10
2.0,4,H,ZX,2,-7.454370175430806e-09,-2.300731535626792e-11
2.0,4,H,ZX,3,2.468144587666483e-09,4.232072338248428e-13
2.0,4,H,ZX,4,-2.7157989831937277e-10,-2.58706655158677e-15
2.0,4,H,ZY,1,-4.720051814925792e-08,-2.6222510082921064e-09
2.0,4,H,ZY,2,1.2115907572807073e-07,3.739477645928109e-10
2.0,4,H,ZY,3,-6.884922750645709e-08,-1.1805423097815003e-11
2.0,4,H,ZY,4,1.0380804026330895e-08,9.888740308576146e-14
2.0,4,H,ZZ,1,8.232813231317218e-15,4.573785128509565e-16
2.0,4,H,ZZ,2,-1.985941773377618e-14,-6.129449917832154e-17
2.0,4,H,ZZ,3,1.1275469964225548e-14,1.9333796234954645e-18
2.0,4,H,ZZ,4,-1.7042962317391758e-15,-1.6235103564044886e-20
2.0,4,S,IX,1,0.0010436972577652591,5.798318098695884e-05
2.0,4,S,IX,2,-4.918425419599975e-06,-1.5180325369135726e-08
2.0,4,S,IX,3,-1.6531505323232537e-08,-2.8346202543265666e-12
2.0,4,S,IX,4,6.288246109661396e-09,5.990175001582643e-14
2.0,4,S,IY,1,-1.4104539613586071e-08,-7.835855340881151e-10
2.0,4,S,IY,2,3.514568692791618e-08,1.0847434237011166e-10
2.0,4,S,IY,3,-2.1607929100764367e-08,-3.705063288882779e-12
2.0,4,S,IY,4,3.4253265308782936e-09,3.2629615634795514e-14
2.0,4,S,IZ,1,5.529989691071849e-08,3.072216495039916e-09
2.0,4,S,IZ,2,-9.735526700214984e-08,-3.004792191424378e-10
2.0,4,S,IZ,3,4.894030428771739e-08,8.391684548648386e-12
2.0,4,S,IZ,4,-7.023551358415028e-09,-6.690625817725031e-14
2.0,4,S,XI,1,0.0010438327715491405,5.7990709530507805e-05
2.0,4,S,XI,2,-5.125152443964342e-06,-1.5818371740630686e-08
2.0,4,S,XI,3,8.614701981730512e-08,1.4771436868536544e-11
2.0,4,S,XI,4,-8.524356477182661e-09,-8.120290806644053e-14
2.0,4,S,XX,1,0.00014552850885289113,8.084917158493952e-06
2.0,4,S,XX,2,3.154421629324727e-06,9.735869226310885e-09
2.0,4,S,XX,3,-1.232520875381935e-08,-2.1133759865945387e-12
2.0,4,S,XX,4,-2.4995341231395906e-09,-2.381052929373943e-14
2.0,4,S,XY,1,5.355538377841332e-08,2.97529909880074e-09
2.0,4,S,XY,2,-9.808618237383395e-08,-3.027351307834381e-10
2.0,4,S,XY,3,5.0938100386678926e-08,8.734242178785824e-12
2.0,4,S,XY,4,-7.439061328549352e-09,-7.086440070634576e-14
2.0,4,S,XZ,1,2.4143197411101154e-08,1.3412887450611753e-09
2.0,4,S,XZ,2,-2.145433662528683e-08,-6.621708834965071e-11
2.0,4,S,XZ,3,5.8652800878373686e-09,1.0057064622492059e-12
2.0,4,S,XZ,4,-4.893538242518326e-10,-4.66157811549147e-15
2.0,4,S,YI,1,-1.4169205330414075e-08,-7.871780739118931e-10
2.0,4,S,YI,2,3.138590878571221e-08,9.687008884479078e-11
2.0,4,S,YI,3,-1.8082887990239068e-08,-3.1006323714401693e-12
2.0,4,S,YI,4,2.7587780722884148e-09,2.6280083755224192e-14
2.0,4,S,YX,1,-8.12013546368371e-09,-4.511186368713172e-10
2.0,4,S,YX,2,1.246238395248703e-08,3.846414800150318e-11
2.0,4,S,YX,3,-5.025877571784197e-09,-8.61775989674931e-13
2.0,4,S,YX,4,6.010015691005242e-10,5.7251330694684894e-15
2.0,4,S,YY,1,-3.493344458085666e-09,-1.9407469211587035e-10
2.0,4,S,YY,2,5.8827805219021825e-09,1.8156730005870935e-11
2.0,4,S,YY,3,-2.4127177400426993e-09,-4.1370331619387846e-13
2.0,4,S,YY,4,2.882173744975257e-10,2.7455549315798436e-15
2.0,4,S,YZ,1,1.7809274754997265e-09,9.894041530554037e-11
2.0,4,S,YZ,2,-1.0560304118346135e-09,-3.259353122946338e-12
2.0,4,S,YZ,3,1.46097482301745e-10,2.505100862512774e-14
2.0,4,S,YZ,4,2.4608053199501448e-12,2.344159922220455e-17
2.0,4,S,ZI,1,-2.1435449542773446e-08,-1.190858307931858e-09
2.0,4,S,ZI,2,3.184447575223866e-08,9.828541898839092e-11
2.0,4,S,ZI,3,-1.5835067286132035e-08,-2.71520358129836e-12
2.0,4,S,ZI,4,2.273719657985125e-09,2.1659423658599345e-14
2.0,4,S,ZX,1,-5.1308144013353135e-08,-2.8504524451862855e-09
2.0,4,S,ZX,2,8.438908771770898e-08,2.6046014727687954e-10
2.0,4,S,ZX,3,-4.380332206143554e-08,-7.510857692290044e-12
2.0,4,S,ZX,4,6.430786182024127e-09,6.125958487677305e-14
2.0,4,S,ZY,1,-2.0977060091031393e-09,-1.1653922272795218e-10
2.0,4,S,ZY,2,4.2153775282891224e-09,1.3010424470028156e-11
2.0,4,S,ZY,3,-2.288193563369296e-09,-3.9235143404823317e-13
2.0,4,S,ZY,4,3.4162918945450737e-10,3.2543551807509084e-15
2.0,4,S,ZZ,1,-2.9480346235381945e-09,-1.6377970130767746e-10
2.0,4,S,ZZ,2,5.930232898452673e-09,1.8303187958187263e-11
2.0,4,S,ZZ,3,-2.7984299782287844e-09,-4.798405312463622e-13
2.0,4,S,ZZ,4,3.7479152403821557e-10,3.570259145311457e-15
2.0,4,C,"IX,IY",1,-1.7028838877773918e-08,-9.460466043207732e-10
2.0,4,C,"IX,IY",2,3.198695476633768e-08,9.872516903190641e-11
2.0,4,C,"IX,IY",3,-1.6718795235290493e-08,-2.8667344367782053e-12
2.0,4,C,"IX,IY",4,2.4486166020239525e-09,2.3325489655006407e-14
2.0,4,C,"IX,IZ",1,-1.8164568930827474e-08,-1.009142718379304e-09
2.0,4,C,"IX,IZ",2,4.66146324637711e-08,1.438723224190466e-10
2.0,4,C,"IX,IZ",3,-2.6135238912824576e-08,-4.4813509795652565e-12
2.0,4,C,"IX,IZ",4,3.905481792056057e-09,3.7203568359015934e-14
2.0,4,C,"IX,XI",1,0.0010437621482101763,5.798678601167646e-05
2.0,4,C,"IX,XI",2,-5.016448619562504e-06,-1.5482866109760813e-08
2.0,4,C,"IX,XI",3,3.203162594058597e-08,5.492391279249995e-12
2.0,4,C,"IX,XI",4,-7.124926410341137e-10,-6.787195559309877e-15
2.0,4,C,"IX,XX",1,-4.212432473862025e-08,-2.3402402632566805e-09
2.0,4,C,"IX,XX",2,8.602160551041438e-08,2.6549878243955054e-10
2.0,4,C,"IX,XX",3,-4.640286394399419e-08,-7.956595326473626e-12
2.0,4,C,"IX,XX",4,6.8552519845395825e-09,6.530304054774027e-14
2.0,4,C,"IX,XY",1,-2.786561346614305e-08,-1.5480896370079473e-09
2.0,4,C,"IX,XY",2,4.891247560666438e-08,1.509644308847666e-10
2.0,4,C,"IX,XY",3,-2.4138428280127224e-08,-4.138962325124695e-12
2.0,4,C,"IX,XY",4,3.4107627138568096e-09,3.249088090474784e-14
2.0,4,C,"IX,XZ",1,3.638732123695913e-08,2.0215178464977293e-09
2.0,4,C,"IX,XZ",2,-8.660098501738565e-08,-2.6728699079440016e-10
2.0,4,C,"IX,XZ",3,4.9318950360915925e-08,8.456610144189974e-12
2.0,4,C,"IX,XZ",4,-7.479730388060629e-09,-7.125181363416998e-14
2.0,4,C,"IX,YI",1,-1.5025056686109383e-09,-8.347253714505213e-11
2.0,4,C,"IX,YI",2,5.027661289687525e-09,1.551747311631952e-11
2.0,4,C,"IX,YI",3,-3.160276390630749e-09,-5.418855265141887e-13
2.0,4,C,"IX,YI",4,5.009140245954316e-10,4.771700432436286e-15
2.0,4,C,"IX,YX",1,6.954283776313762e-09,3.8634909868409786e-10
2.0,4,C,"IX,YX",2,-1.438434123262178e-08,-4.439611491549932e-11
2.0,4,C,"IX,YX",3,7.496409652724795e-09,1.2853926016331951e-12
2.0,4,C,"IX,YX",4,-1.0722903764975898e-09,-1.0214624071193318e-14
2.0,4,C,"IX,YY",1,3.7218362386007816e-08,2.0676867992226563e-09
2.0,4,C,"IX,YY",2,-8.709637513971646e-08,-2.6881597265344584e-10
2.0,4,C,"IX,YY",3,4.939789672042827e-08,8.47014689993626e-12
2.0,4,C,"IX,YY",4,-7.481781211952522e-09,-7.127134975568246e-14
2.0,4,C,"IX,YZ",1,1.7824269351005843e-10,9.902371861669913e-12
2.0,4,C,"IX,YZ",2,-7.282166528115351e-10,-2.247582261763997e-12
2.0,4,C,"IX,YZ",3,6.184262011551924e-10,1.0604015794842119e-13
2.0,4,C,"IX,YZ",4,-1.1104559266079393e-10,-1.0578188601279715e-15
2.0,4,C,"IX,ZI",1,-1.8879426380167514e-08,-1.0488570211204174e-09
2.0,4,C,"IX,ZI",2,4.421755080551612e-08,1.3647392223924728e-10
2.0,4,C,"IX,ZI",3,-2.575463304022606e-08,-4.4160893416025485e-12
2.0,4,C,"IX,ZI",4,3.968001421520151e-09,3.7799129529798725e-14
2.0,4,C,"IX,ZX",1,2.961711416135301e-08,1.6453952311862783e-09
2.0,4,C,"IX,ZX",2,-7.616267344869102e-08,-2.3506997977991057e-10
2.0,4,C,"IX,ZX",3,4.4170341773849814e-08,7.573789741743795e-12
2.0,4,C,"IX,ZX",4,-6.743199360354099e-09,-6.423562871850802e-14
2.0,4,C,"IX,ZY",1,-1.129170834499213e-09,-6.273171302773405e-11
2.0,4,C,"IX,ZY",2,1.6818337658786524e-09,5.190844956415594e-12
2.0,4,C,"IX,ZY",3,-8.897619833409359e-10,-1.525654978293786e-13
2.0,4,C,"IX,ZY",4,1.3343719197261336e-10,1.271120941668699e-15
2.0,4,C,"IX,ZZ",1,2.9435690758628274e-08,1.6353161532571263e-09
2.0,4,C,"IX,ZZ",2,-7.644600190907128e-08,-2.3594445033663975e-10
2.0,4,C,"IX,ZZ",3,4.43469360691781e-08,7.604069970709551e-12
2.0,4,C,"IX,ZZ",4,-6.765396040782703e-09,-6.444707400532219e-14
2.0,4,C,"IY,IZ",1,2.091607568682845e-08,1.1620042048238026e-09
2.0,4,C,"IY,IZ",2,-3.60680033338018e-08,-1.1132099794383272e-10
2.0,4,C,"IY,IZ",3,1.701268352746634e-08,2.9171268051211142e-12
2.0,4,C,"IY,IZ",4,-2.321038246582166e-09,-2.2110179913334153e-14
2.0,4,C,"IY,XI",1,-7.3203505163031215e-09,-4.0668613979461787e-10
2.0,4,C,"IY,XI",2,1.3302481687774896e-08,4.105704224621882e-11
2.0,4,C,"IY,XI",3,-7.0188813690934495e-09,-1.2035118945633486e-12
2.0,4,C,"IY,XI",4,1.0367103667132012e-09,9.875689364361389e-15
2.0,4,C,"IY,XX",1,1.0488437891595096e-08,5.826909939775053e-10
2.0,4,C,"IY,XX",2,-1.5866590702061585e-08,-4.89709589569802e-11
2.0,4,C,"IY,XX",3,7.652844862900993e-09,1.31221619734242e-12
2.0,4,C,"IY,XX",4,-1.0839164961952505e-09,-1.0325374335040872e-14
2.0,4,C,"IY,XY",1,-1.9662807324930498e-08,-1.092378184718361e-09
2.0,4,C,"IY,XY",2,3.874876320578302e-08,1.19594948165997e-10
2.0,4,C,"IY,XY",3,-2.038217108914225e-08,-3.494885303350866e-12
2.0,4,C,"IY,XY",4,2.9794311560248964e-09,2.8382022138630702e-14
2.0,4,C,"IY,XZ",1,1.3250706195883754e-09,7.361503442157641e-11
2.0,4,C,"IY,XZ",2,1.2859733998591085e-08,3.969053703268854e-11
2.0,4,C,"IY,XZ",3,-1.086370458189823e-08,-1.862775134070341e-12
2.0,4,C,"IY,XZ",4,1.8968681921572625e-09,1.806954153480093e-14
2.0,4,C,"IY,YI",1,1.061582711774197e-09,5.897681732078872e-11
2.0,4,C,"IY,YI",2,-2.24216730774644e-09,-6.92026946835321e-12
2.0,4,C,"IY,YI",3,1.277217812039079e-09,2.1900168244840175e-13
2.0,4,C,"IY,YI",4,-1.9632144963243045e-10,-1.8701555558644874e-15
2.0,4,C,"IY,YX",1,-2.162683049438265e-09,-1.2014905830212584e-10
2.0,4,C,"IY,YX",2,2.4941861056415116e-09,7.698105264325653e-12
2.0,4,C,"IY,YX",3,-1.4484569392603973e-09,-2.4836367271268815e-13
2.0,4,C,"IY,YX",4,2.340441879359491e-10,2.2295018664832826e-15
2.0,4,C,"IY,YY",1,8.312825062127715e-09,4.6182361456265083e-10
2.0,4,C,"IY,YY",2,-9.318636681811263e-09,-2.8761224326577974e-11
2.0,4,C,"IY,YY",3,4.2039445283552125e-09,7.208409685108389e-13
2.0,4,C,"IY,YY",4,-5.871324743241067e-10,-5.593016254421074e-15
2.0,4,C,"IY,YZ",1,1.932873469278189e-08,1.0738185940434384e-09
2.0,4,C,"IY,YZ",2,-4.132519841481977e-08,-1.2754690868771534e-10
2.0,4,C,"IY,YZ",3,2.2735221990148394e-08,3.898357680066597e-12
2.0,4,C,"IY,YZ",4,-3.3953201009926294e-09,-3.2343774777021693e-14
2.0,4,C,"IY,ZI",1,-6.502783815210608e-10,-3.6126576751170046e-11
2.0,4,C,"IY,ZI",2,5.3545704068605386e-09,1.6526451873026355e-11
2.0,4,C,"IY,ZI",3,-3.1557695442379595e-09,-5.411127476402537e-13
2.0,4,C,"IY,ZI",4,4.690385971015696e-10,4.4680555279451454e-15
2.0,4,C,"IY,ZX",1,1.0608639264638915e-09,5.893688480354953e-11
2.0,4,C,"IY,ZX",2,9.457618118078492e-10,2.919017937678547e-12
2.0,4,C,"IY,ZX",3,-8.429291485833507e-10,-1.4453517636888728e-13
2.0,4,C,"IY,ZX",4,1.3865761280959833e-10,1.320850602133805e-15
2.0,4,C,"IY,ZY",1,8.899358469231245e-09,4.944088038461802e-10
2.0,4,C,"IY,ZY",2,-1.2128845567887735e-08,-3.7434708542863376e-11
2.0,4,C,"IY,ZY",3,5.536158347787377e-09,9.4927269337918e-13
2.0,4,C,"IY,ZY",4,-7.60306293809712e-10,-7.24266778892044e-15
2.0,4,C,"IY,ZZ",1,4.567194963740634e-09,2.5373305354114635e-10
2.0,4,C,"IY,ZZ",2,-1.3868062744861054e-08,-4.280266279278103e-11
2.0,4,C,"IY,ZZ",3,7.744424369358728e-09,1.3279191305484787e-12
2.0,4,C,"IY,ZZ",4,-1.1448791844927936e-09,-1.0906104104679104e-14
2.0,4,C,"IZ,XI",1,9.29734525474783e-09,5.165191808193239e-10
2.0,4,C,"IZ,XI",2,-3.841788319363461e-09,-1.1857371356060065e-11
2.0,4,C,"IZ,XI",3,-4.724093462792514e-10,-8.1002974327718e-14
2.0,4,C,"IZ,XI",4,2.097793553618222e-10,1.9983553894397025e-15
2.0,4,C,"IZ,XX",1,-5.2752542104412364e-08,-2.9306967835784648e-09
2.0,4,C,"IZ,XX",2,8.83192029551747e-08,2.725901325776997e-10
2.0,4,C,"IZ,XX",3,-4.547563348384863e-08,-7.797605192703812e-12
2.0,4,C,"IZ,XX",4,6.662514753628833e-09,6.346702821243744e-14
2.0,4,C,"IZ,XY",1,-5.3933489718820876e-08,-2.9963049843789378e-09
2.0,4,C,"IZ,XY",2,9.781949581355902e-08,3.019120241159229e-10
2.0,4,C,"IZ,XY",3,-5.002047312860839e-08,-8.576898684603633e-12
2.0,4,C,"IZ,XY",4,7.24052678707402e-09,6.897316326659446e-14
2.0,4,C,"IZ,XZ",1,1.112066481455441e-08,6.178147119196894e-10
2.0,4,C,"IZ,XZ",2,-2.064866323942703e-08,-6.373044209699701e-11
2.0,4,C,"IZ,XZ",3,1.03267089417755e-08,1.7706976923483368e-12
2.0,4,C,"IZ,XZ",4,-1.4631459964517873e-09,-1.3937909583636139e-14
2.0,4,C,"IZ,YI",1,1.3790501754183221e-08,7.661389863435123e-10
2.0,4,C,"IZ,YI",2,-3.0845554128589124e-08,-9.520232755737384e-11
2.0,4,C,"IZ,YI",3,1.7010856600934545e-08,2.916813546113605e-12
2.0,4,C,"IZ,YI",4,-2.5388942428288514e-09,-2.4185473277976408e-14
2.0,4,C,"IZ,YX",1,-4.151893960736175e-09,-2.3066077559645414e-10
2.0,4,C,"IZ,YX",2,3.1888757468838412e-09,9.842209095320498e-12
2.0,4,C,"IZ,YX",3,-2.782394520337994e-10,-4.770909671361444e-14
2.0,4,C,"IZ,YX",4,-6.557139758704325e-11,-6.246322739201651e-16
2.0,4,C,"IZ,YY",1,-1.971334004332068e-09,-1.0951855579622599e-10
2.0,4,C,"IZ,YY",2,-3.8224425125874206e-11,-1.17976620758871e-13
2.0,4,C,"IZ,YY",3,-2.3986134047113024e-10,-4.1128487735104634e-14
2.0,4,C,"IZ,YY",4,8.858733840602775e-11,8.438818244744298e-16
2.0,4,C,"IZ,YZ",1,1.1278197344833093e-08,6.265665191573941e-10
2.0,4,C,"IZ,YZ",2,-2.631593742161327e-08,-8.12220290790533e-11
2.0,4,C,"IZ,YZ",3,1.4958070408101847e-08,2.5648268875346102e-12
2.0,4,C,"IZ,YZ",4,-2.270813424198867e-09,-2.1631738913645663e-14
2.0,4,C,"IZ,ZI",1,-1.5672207472413855e-08,-8.706781929118808e-10
2.0,4,C,"IZ,ZI",2,4.222092732146597e-08,1.3031150407859868e-10
2.0,4,C,"IZ,ZI",3,-2.472560256778927e-08,-4.2396437873438394e-12
2.0,4,C,"IZ,ZI",4,3.7897004416382686e-09,3.6100636732570004e-14
2.0,4,C,"IZ,ZX",1,1.5176591901824143e-08,8.431439945457858e-10
2.0,4,C,"IZ,ZX",2,-3.6925105613435096e-08,-1.1396637535010832e-10
2.0,4,C,"IZ,ZX",3,2.054961601624797e-08,3.523596710604933e-12
2.0,4,C,"IZ,ZX",4,-3.0698227439237518e-09,-2.924309122012414e-14
2.0,4,C,"IZ,ZY",1,1.8013042204680496e-08,1.0007245669266943e-09
2.0,4,C,"IZ,ZY",2,-3.616141558130684e-08,-1.1160930734971247e-10
2.0,4,C,"IZ,ZY",3,1.963981743485826e-08,3.367595582108755e-12
2.0,4,C,"IZ,ZY",4,-2.9264158364560476e-09,-2.7876998899329826e-14
2.0,4,C,"IZ,ZZ",1,1.7611992190988086e-08,9.784440106104492e-10
2.0,4,C,"IZ,ZZ",2,-3.448049504786312e-08,-1.0642128101192322e-10
2.0,4,C,"IZ,ZZ",3,1.9016647268815002e-08,3.2607419871081967e-12
2.0,4,C,"IZ,ZZ",4,-2.8685544156839922e-09,-2.7325811763488723e-14
2.0,4,C,"XI,XX",1,4.128732513027793e-08,2.2937402850154405e-09
2.0,4,C,"XI,XX",2,-3.8821413980612687e-08,-1.1981917895250828e-10
2.0,4,C,"XI,XX",3,1.2313570744207744e-08,2.111380443108324e-12
2.0,4,C,"XI,XX",4,-1.2675029127596726e-09,-1.2074216132827242e-14
2.0,4,C,"XI,XY",1,-5.5349466564105174e-08,-3.0749703646725097e-09
2.0,4,C,"XI,XY",2,9.798477115391174e-08,3.0242213319108563e-10
2.0,4,C,"XI,XY",3,-4.85474053440904e-08,-8.32431504528299e-12
2.0,4,C,"XI,XY",4,6.877892574460572e-09,6.551871451056024e-14
2.0,4,C,"XI,XZ",1,3.9244571185266306e-08,2.180253954737017e-09
2.0,4,C,"XI,XZ",2,-9.214390739235028e-08,-2.8439477590231566e-10
2.0,4,C,"XI,XZ",3,5.1998507838891445e-08,8.916067873609644e-12
2.0,4,C,"XI,XZ",4,-7.849946268398784e-09,-7.47784852575711e-14
2.0,4,C,"XI,YI",1,1.1936853604745506e-08,6.631585335969725e-10
2.0,4,C,"XI,YI",2,-1.4745571172467211e-08,-4.551102213724448e-11
2.0,4,C,"XI,YI",3,6.5985509927266414e-09,1.131438784761084e-12
2.0,4,C,"XI,YI",4,-9.042133625587401e-10,-8.613524639524655e-15
2.0,4,C,"XI,YX",1,-1.3555926590135061e-08,-7.531070327852812e-10
2.0,4,C,"XI,YX",2,2.010123849253183e-08,6.204085954485133e-11
2.0,4,C,"XI,YX",3,-1.0031839292906587e-08,-1.7201370529675219e-12
2.0,4,C,"XI,YX",4,1.4607052438348121e-09,1.3914659006199628e-14
2.0,4,C,"XI,YY",1,3.562481157164233e-08,1.979156198424574e-09
2.0,4,C,"XI,YY",2,-8.563617614904879e-08,-2.6430918564521233e-10
2.0,4,C,"XI,YY",3,4.875939957832273e-08,8.360665222620495e-12
2.0,4,C,"XI,YY",4,-7.390324164487129e-09,-7.040013112032397e-14
2.0,4,C,"XI,YZ",1,-1.2396886941272163e-09,-6.887159411817868e-11
2.0,4,C,"XI,YZ",2,2.9743525457718234e-09,9.180100449913035e-12
2.0,4,C,"XI,YZ",3,-1.6810319472741102e-09,-2.8824278931311905e-13
2.0,4,C,"XI,YZ",4,2.5370886026059346e-10,2.41682727728808e-15
2.0,4,C,"XI,ZI",1,-1.4543207110253022e-09,-8.079559505696124e-11
2.0,4,C,"XI,ZI",2,1.5580888287290123e-08,4.808916138052507e-11
2.0,4,C,"XI,ZI",3,-1.1283721227438897e-08,-1.9347944491493306e-12
2.0,4,C,"XI,ZI",4,1.8818385861357525e-09,1.7926369704844464e-14
2.0,4,C,"XI,ZX",1,3.891267122472731e-08,2.161815068040406e-09
2.0,4,C,"XI,ZX",2,-8.940641708514475e-08,-2.759457317442739e-10
2.0,4,C,"XI,ZX",3,5.04283278297688e-08,8.646832618273114e-12
2.0,4,C,"XI,ZX",4,-7.619536082437792e-09,-7.258360084626764e-14
2.0,4,C,"XI,ZY",1,2.1914894149982594e-09,1.2174941194434774e-10
2.0,4,C,"XI,ZY",2,-3.930222290891781e-09,-1.2130315712628953e-11
2.0,4,C,"XI,ZY",3,1.9536247768567177e-09,3.349836723005346e-13
2.0,4,C,"XI,ZY",4,-2.762879818229909e-10,-2.6319156933298173e-15
2.0,4,C,"XI,ZZ",1,3.4573381595220104e-08,1.9207434219566726e-09
2.0,4,C,"XI,ZZ",2,-8.221838335663986e-08,-2.53760442458765e-10
2.0,4,C,"XI,ZZ",3,4.6752798033267137e-08,8.016597742329755e-12
2.0,4,C,"XI,ZZ",4,-7.0833428854259194e-09,-6.747583147982319e-14
2.0,4,C,"XX,XY",1,5.626813888564592e-09,3.1260077158692176e-10
2.0,4,C,"XX,XY",2,-1.1786663652729366e-08,-3.637859152076965e-11
2.0,4,C,"XX,XY",3,6.688302175598415e-09,1.1468282194098791e-12
2.0,4,C,"XX,XY",4,-1.0228345732988699e-09,-9.743508738177011e-15
2.0,4,C,"XX,XZ",1,-3.1069923705538745e-08,-1.7261068725299303e-09
2.0,4,C,"XX,XZ",2,7.078296233445496e-08,2.184659331310338e-10
2.0,4,C,"XX,XZ",3,-3.8713914579796684e-08,-6.6381883710213795e-12
2.0,4,C,"XX,XZ",4,5.74085698233319e-09,5.4687328363942133e-14
2.0,4,C,"XX,YI",1,4.597097843058536e-09,2.5539432461436314e-10
2.0,4,C,"XX,YI",2,-6.192237173357229e-09,-1.911184312764577e-11
2.0,4,C,"XX,YI",3,3.046921284152839e-09,5.224487798615979e-13
2.0,4,C,"XX,YI",4,-4.4718896808099805e-10,-4.25991624829483e-15
2.0,4,C,"XX,YX",1,-1.6285817794162743e-10,-9.047676552312636e-12
2.0,4,C,"XX,YX",2,-4.670569106910464e-09,-1.4415336749723654e-11
2.0,4,C,"XX,YX",3,3.392090672028682e-09,5.816342030227506e-13
2.0,4,C,"XX,YX",4,-5.573217835856996e-10,-5.3090400051983275e-15
2.0,4,C,"XX,YY",1,-6.93758869034291e-08,-3.854215939079394e-09
2.0,4,C,"XX,YY",2,1.6935246058670335e-07,5.226927795885906e-10
2.0,4,C,"XX,YY",3,-9.687037457246255e-08,-1.661014653162938e-11
2.0,4,C,"XX,YY",4,1.4707886515091537e-08,1.4010713415534539e-13
2.0,4,C,"XX,YZ",1,-2.440398777556634e-09,-1.3557770986425746e-10
2.0,4,C,"XX,YZ",2,-6.605979341530878e-09,-2.038882512818172e-11
2.0,4,C,"XX,YZ",3,4.969982111713449e-09,8.521917201154749e-13
2.0,4,C,"XX,YZ",4,-7.987621846694688e-10,-7.608998101179973e-15
2.0,4,C,"XX,ZI",1,-1.523717928686305e-08,-8.465099603812806e-10
2.0,4,C,"XX,ZI",2,6.711870642716552e-08,2.071565013184121e-10
2.0,4,C,"XX,ZI",3,-3.976825554334545e-08,-6.8189738585983286e-12
2.0,4,C,"XX,ZI",4,6.016514056672836e-09,5.731323404085539e-14
2.0,4,C,"XX,ZX",1,9.908597473282062e-09,5.50477637404559e-10
2.0,4,C,"XX,ZX",2,9.044201165322404e-09,2.7914201127538286e-11
2.0,4,C,"XX,ZX",3,-9.492807696663702e-09,-1.6277105104018693e-12
2.0,4,C,"XX,ZX",4,1.6865207751836588e-09,1.606577479789341e-14
2.0,4,C,"XX,ZY",1,-1.32132884906718e-08,-7.340715828151e-10
2.0,4,C,"XX,ZY",2,2.3362592141380242e-08,7.210676586845754e-11
2.0,4,C,"XX,ZY",3,-1.1576364404797369e-08,-1.984973320438506e-12
2.0,4,C,"XX,ZY",4,1.6415248357995125e-09,1.5637144069115916e-14
2.0,4,C,"XX,ZZ",1,2.2543028770041267e-09,1.2523904872245147e-10
2.0,4,C,"XX,ZZ",2,-1.2228769302446087e-09,-3.774311513100644e-12
2.0,4,C,"XX,ZZ",3,2.6334919714735695e-10,4.515589800194735e-14
2.0,4,C,"XX,ZZ",4,-2.519193918111752e-11,-2.399780824294841e-16
2.0,4,C,"XY,XZ",1,-4.533362461374737e-09,-2.5185347007637427e-10
2.0,4,C,"XY,XZ",2,1.497606151569091e-08,4.6222412085465774e-11
2.0,4,C,"XY,XZ",3,-1.0158257083084175e-08,-1.741813628786724e-12
2.0,4,C,"XY,XZ",4,1.6801940277420154e-09,1.6005506284693793e-14
2.0,4,C,"XY,YI",1,-1.4819409650460391e-08,-8.233005361366884e-10
2.0,4,C,"XY,YI",2,3.4535875743048366e-08,1.0659220908348261e-10
2.0,4,C,"XY,YI",3,-1.899714549161726e-08,-3.2573980609768963e-12
2.0,4,C,"XY,YI",4,2.8216721554947318e-09,2.6879211967447148e-14
2.0,4,C,"XY,YX",1,1.8855505737226188e-08,1.047528096512566e-09
2.0,4,C,"XY,YX",2,-3.743500217198385e-08,-1.1554013016044398e-10
2.0,4,C,"XY,YX",3,2.009621367364495e-08,3.4458528246990657e-12
2.0,4,C,"XY,YX",4,-2.972740624039964e-09,-2.8318288218640106e-14
2.0,4,C,"XY,YY",1,3.584573061836609e-09,1.991429478798116e-10
2.0,4,C,"XY,YY",2,-2.226579477172974e-09,-6.8721588801635e-12
2.0,4,C,"XY,YY",3,1.1788091316501683e-09,2.0212776605798497e-13
2.0,4,C,"XY,YY",4,-2.0354712549768534e-10,-1.9389872494444953e-15
2.0,4,C,"XY,YZ",1,-5.9380151892091235e-09,-3.298897327338402e-10
2.0,4,C,"XY,YZ",2,1.5757854344627915e-08,4.863535291551826e-11
2.0,4,C,"XY,YZ",3,-9.631648760173759e-09,-1.6515172771217008e-12
2.0,4,C,"XY,YZ",4,1.5162600741725854e-09,1.4443873591797985e-14
2.0,4,C,"XY,ZI",1,2.9407567095769018e-09,1.6337537275427232e-10
2.0,4,C,"XY,ZI",2,-1.2244751768750195e-08,-3.779244373071048e-11
2.0,4,C,"XY,ZI",3,7.386328160881493e-09,1.266517174362396e-12
2.0,4,C,"XY,ZI",4,-1.131979533573935e-09,-1.078322219911156e-14
2.0,4,C,"XY,ZX",1,-1.5882764841213733e-08,-8.82375824511874e-10
2.0,4,C,"XY,ZX",2,4.041349859746167e-08,1.2473302036253602e-10
2.0,4,C,"XY,ZX",3,-2.279223046588534e-08,-3.9081327959337e-12
2.0,4,C,"XY,ZX",4,3.423369160021214e-09,3.261096974566772e-14
2.0,4,C,"XY,ZY",1,-1.6230307952439245e-08,-9.016837751355136e-10
2.0,4,C,"XY,ZY",2,3.3316404712880996e-08,1.028284096076574e-10
2.0,4,C,"XY,ZY",3,-1.8272656945479577e-08,-3.1331716298833292e-12
2.0,4,C,"XY,ZY",4,2.732003190279538e-09,2.6025026580166304e-14
2.0,4,C,"XY,ZZ",1,-1.58855304534282e-08,-8.825294696349e-10
2.0,4,C,"XY,ZZ",2,2.9010654230323842e-08,8.953905626643161e-11
2.0,4,C,"XY,ZZ",3,-1.5565592656874872e-08,-2.668997369148641e-12
2.0,4,C,"XY,ZZ",4,2.316594116166824e-09,2.206784518525019e-14
2.0,4,C,"XZ,YI",1,-1.1802222220274452e-09,-6.556790122374695e-11
2.0,4,C,"XZ,YI",2,-1.442765502680187e-09,-4.452979946543787e-12
2.0,4,C,"XZ,YI",3,1.200080477572215e-09,2.0577511618179268e-13
2.0,4,C,"XZ,YI",4,-1.959171689314131e-10,-1.86630438320581e-15
2.0,4,C,"XZ,YX",1,-1.518976967014848e-09,-8.438760927860266e-11
2.0,4,C,"XZ,YX",2,3.981756837426693e-09,1.2289372955020659e-11
2.0,4,C,"XZ,YX",3,-2.9828415451692004e-09,-5.114611702965021e-13
2.0,4,C,"XZ,YX",4,5.165956303686848e-10,4.921083203481603e-15
2.0,4,C,"XZ,YY",1,7.390922079863962e-09,4.1060678221466454e-10
2.0,4,C,"XZ,YY",2,-6.367262756187301e-09,-1.965204554378797e-11
2.0,4,C,"XZ,YY",3,2.4666038953153442e-09,4.229430547522881e-13
2.0,4,C,"XZ,YY",4,-3.2191902335847523e-10,-3.066596396876193e-15
2.0,4,C,"XZ,YZ",1,2.1536458530571508e-08,1.1964699183650837e-09
2.0,4,C,"XZ,YZ",2,-4.558154497415759e-08,-1.40683780784437e-10
2.0,4,C,"XZ,YZ",3,2.5247434978413624e-08,4.329121224007823e-12
2.0,4,C,"XZ,YZ",4,-3.791877061259947e-09,-3.612137118255551e-14
2.0,4,C,"XZ,ZI",1,4.05133221455783e-09,2.2507401191987943e-10
2.0,4,C,"XZ,ZI",2,-9.90989234775118e-09,-3.05860874930592e-11
2.0,4,C,"XZ,ZI",3,6.249095858426242e-09,1.0715184942431828e-12
2.0,4,C,"XZ,ZI",4,-1.003930290589059e-09,-9.563426788876115e-15
2.0,4,C,"XZ,ZX",1,-1.5881679989622995e-09,-8.823155549790553e-11
2.0,4,C,"XZ,ZX",2,2.575344315715713e-09,7.948593567023805e-12
2.0,4,C,"XZ,ZX",3,-1.1275139369910417e-09,-1.933322937227438e-13
2.0,4,C,"XZ,ZX",4,1.461674690727612e-10,1.3923893944593164e-15
2.0,4,C,"XZ,ZY",1,2.6130489406761565e-09,1.451693855931198e-10
2.0,4,C,"XZ,ZY",2,-6.620603156056163e-10,-2.0433960358198032e-12
2.0,4,C,"XZ,ZY",3,-3.823426642688665e-10,-6.555944174706216e-14
2.0,4,C,"XZ,ZY",4,9.68838734421095e-11,9.229145084791714e-16
2.0,4,C,"XZ,ZZ",1,1.6863947440497402e-09,9.368859689165224e-11
2.0,4,C,"XZ,ZZ",2,-7.996493011289024e-09,-2.4680533985459952e-11
2.0,4,C,"XZ,ZZ",3,4.476276923338727e-09,7.67537195359864e-13
2.0,4,C,"XZ,ZZ",4,-6.525381995840555e-10,-6.21607033592493e-15
2.0,4,C,"YI,YX",1,1.4578076427124421e-08,8.098931348402457e-10
2.0,4,C,"YI,YX",2,-1.8258640470007134e-08,-5.6353828611133125e-11
2.0,4,C,"YI,YX",3,8.566370472979926e-09,1.4688563911145278e-12
2.0,4,C,"YI,YX",4,-1.2083153079501048e-09,-1.1510395785228098e-14
2.0,4,C,"YI,YY",1,2.6894119868017722e-12,1.494117770445429e-13
2.0,4,C,"YI,YY",2,-3.000643890577861e-09,-9.261246575857596e-12
2.0,4,C,"YI,YY",3,1.9229623433612615e-09,3.297260533884193e-13
2.0,4,C,"YI,YY",4,-2.9201563839966536e-10,-2.7817371437249024e-15
2.0,4,C,"YI,YZ",1,-1.4414143298900477e-08,-8.007857388278042e-10
2.0,4,C,"YI,YZ",2,3.3330053948911034e-08,1.0287053687935504e-10
2.0,4,C,"YI,YZ",3,-1.8652494345172893e-08,-3.1983014995152425e-12
2.0,4,C,"YI,YZ",4,2.8075015944346033e-09,2.674422338853265e-14
2.0,4,C,"YI,ZI",1,-3.0810400509734e-08,-1.7116889172074445e-09
2.0,4,C,"YI,ZI",2,4.247607776466938e-08,1.3109900544651042e-10
2.0,4,C,"YI,ZI",3,-2.0509996743753603e-08,-3.516803282536626e-12
2.0,4,C,"YI,ZI",4,2.919479043945234e-09,2.781091910479761e-14
2.0,4,C,"YI,ZX",1,-2.7933425250138917e-08,-1.551856958341051e-09
2.0,4,C,"YI,ZX",2,5.1270523494777375e-08,1.5824235646536228e-10
2.0,4,C,"YI,ZX",3,-2.7973962736441276e-08,-4.796632842325322e-12
2.0,4,C,"YI,ZX",4,4.194652843468261e-09,3.995820800438444e-14
2.0,4,C,"YI,ZY",1,-1.0229699589072947e-08,-5.68316643837386e-10
2.0,4,C,"YI,ZY",2,1.5921411116298834e-08,4.914015776635443e-11
2.0,4,C,"YI,ZY",3,-7.740896841909842e-09,-1.3273142733041567e-12
2.0,4,C,"YI,ZY",4,1.0965590023092055e-09,1.0445806682567496e-14
2.0,4,C,"YI,ZZ",1,2.9621008392835937e-09,1.6456115773797742e-10
2.0,4,C,"YI,ZZ",2,-4.419677453414049e-09,-1.3640979794487805e-11
2.0,4,C,"YI,ZZ",3,2.2129723598066083e-09,3.794534224634102e-13
2.0,4,C,"YI,ZZ",4,-3.251681346100815e-10,-3.0975473880704305e-15
2.0,4,C,"YX,YY",1,-6.735722490155178e-09,-3.74206805008621e-10
2.0,4,C,"YX,YY",2,8.727757994319565e-09,2.6937524673825817e-11
2.0,4,C,"YX,YY",3,-4.490265298308375e-09,-7.699357507387475e-13
2.0,4,C,"YX,YY",4,6.789572832296305e-10,6.467738180437724e-15
2.0,4,C,"YX,YZ",1,4.719651255953102e-09,2.622028475529501e-10
2.0,4,C,"YX,YZ",2,-5.992492970601412e-09,-1.8495348674695715e-11
2.0,4,C,"YX,YZ",3,2.4800327144939466e-09,4.252456643508139e-13
2.0,4,C,"YX,YZ",4,-3.2202625927897226e-10,-3.0676179248492253e-15
2.0,4,C,"YX,ZI",1,9.913998063815498e-09,5.507776702119722e-10
2.0,4,C,"YX,ZI",2,-1.1563556852510267e-08,-3.5689990285525515e-11
2.0,4,C,"YX,ZI",3,4.61296829756786e-09,7.90975359665271e-13
2.0,4,C,"YX,ZI",4,-5.691505017778191e-10,-5.421720219648482e-15
2.0,4,C,"YX,ZX",1,-8.0830695616251e-09,-4.4905942009028335e-10
2.0,4,C,"YX,ZX",2,1.8858600315355222e-08,5.8205556528874144e-11
2.0,4,C,"YX,ZX",3,-1.1012181916337184e-08,-1.8882342106202304e-12
2.0,4,C,"YX,ZX",4,1.6942494073953006e-09,1.613939764703647e-14
2.0,4,C,"YX,ZY",1,1.0902305259493713e-08,6.056836255274285e-10
2.0,4,C,"YX,ZY",2,-1.847690853858361e-08,-5.702749548945559e-11
2.0,4,C,"YX,ZY",3,9.12911418572691e-09,1.5653487972782766e-12
2.0,4,C,"YX,ZY",4,-1.298145521960513e-09,-1.2366117226418543e-14
2.0,4,C,"YX,ZZ",1,-8.200683595268837e-10,-4.555935330704909e-11
2.0,4,C,"YX,ZZ",2,1.504429617647882e-08,4.6433012890366725e-11
2.0,4,C,"YX,ZZ",3,-1.011409621661541e-08,-1.734241463754357e-12
2.0,4,C,"YX,ZZ",4,1.606144725129996e-09,1.530011359863203e-14
2.0,4,C,"YY,YZ",1,8.483258020665421e-10,4.7129211225919007e-11
2.0,4,C,"YY,YZ",2,-2.164429849869765e-09,-6.680339042807917e-12
2.0,4,C,"YY,YZ",3,1.162692924774306e-09,1.993643560998467e-13
2.0,4,C,"YY,YZ",4,-1.688745499408348e-10,-1.6086967491696654e-15
2.0,4,C,"YY,ZI",1,9.401802101957412e-09,5.22322338997634e-10
2.0,4,C,"YY,ZI",2,-1.5579329967766028e-08,-4.8084351752364286e-11
2.0,4,C,"YY,ZI",3,8.378974787257725e-09,1.4367240718891846e-12
2.0,4,C,"YY,ZI",4,-1.264260188768901e-09,-1.2043325986595993e-14
2.0,4,C,"YY,ZX",1,-5.403858281838384e-10,-3.0021434899102135e-11
2.0,4,C,"YY,ZX",2,-3.3963659780848943e-09,-1.0482611043471896e-11
2.0,4,C,"YY,ZX",3,2.696862082728447e-09,4.624249113046034e-13
2.0,4,C,"YY,ZX",4,-4.535194931528568e-10,-4.320220747150366e-15
2.0,4,C,"YY,ZY",1,-3.0978265644105426e-09,-1.721014758005857e-10
2.0,4,C,"YY,ZY",2,6.83230803585014e-09,2.108737048101895e-11
2.0,4,C,"YY,ZY",3,-3.971692526015196e-09,-6.810172369710556e-13
2.0,4,C,"YY,ZY",4,6.119887110861192e-10,5.8297964400064695e-15
2.0,4,C,"YY,ZZ",1,1.5655542814820765e-09,8.697523786011537e-11
2.0,4,C,"YY,ZZ",2,-1.7074505368343193e-09,-5.2699090643034544e-12
2.0,4,C,"YY,ZZ",3,1.6924678046300322e-10,2.9020367020405215e-14
2.0,4,C,"YY,ZZ",4,4.071136033541396e-11,3.8781588492049575e-16
2.0,4,C,"YZ,ZI",1,-2.8708218987852567e-09,-1.5949010548806982e-10
2.0,4,C,"YZ,ZI",2,3.2703509361121382e-09,1.0093675728741167e-11
2.0,4,C,"YZ,ZI",3,-1.0883184476576164e-09,-1.8661153080548978e-13
2.0,4,C,"YZ,ZI",4,1.1566180167769273e-10,1.1017928067147988e-15
2.0,4,C,"YZ,ZX",1,-8.810204979903673e-09,-4.894558322168707e-10
2.0,4,C,"YZ,ZX",2,2.348384049961126e-08,7.248098919633105e-11
2.0,4,C,"YZ,ZX",3,-1.3505954991502983e-08,-2.31583590389283e-12
2.0,4,C,"YZ,ZX",4,2.0521920236276134e-09,1.9549154317440304e-14
2.0,4,C,"YZ,ZY",1,1.4499748301730945e-09,8.055415723183859e-11
2.0,4,C,"YZ,ZY",2,-1.6492303562678958e-09,-5.090217148974987e-12
2.0,4,C,"YZ,ZY",3,6.620395229388294e-10,1.1351843671790627e-13
2.0,4,C,"YZ,ZY",4,-8.464979141852789e-11,-8.063728034839191e-16
2.0,4,C,"YZ,ZZ",1,-2.4409216472895504e-09,-1.356067581827528e-10
2.0,4,C,"YZ,ZZ",2,5.701370760782711e-09,1.759682333574911e-11
2.0,4,C,"YZ,ZZ",3,-3.23929377760639e-09,-5.554344611807939e-13
2.0,4,C,"YZ,ZZ",4,4.921444735485449e-10,4.688161804112796e-15
2.0,4,C,"ZI,ZX",1,-1.1668541003305049e-08,-6.482522779613916e-10
2.0,4,C,"ZI,ZX",2,9.10450695381913e-09,2.810033010438003e-11
2.0,4,C,"ZI,ZX",3,-2.4930695972112807e-09,-4.274810694806723e-13
2.0,4,C,"ZI,ZX",4,2.2224582517842073e-10,2.117110817505151e-15
2.0,4,C,"ZI,ZY",1,-1.1388195193636935e-08,-6.326775107576075e-10
2.0,4,C,"ZI,ZY",2,1.5987077740507173e-08,4.934283253242955e-11
2.0,4,C,"ZI,ZY",3,-7.232740312896458e-09,-1.24018180948156e-12
2.0,4,C,"ZI,ZY",4,9.831514878953461e-10,9.365488186779323e-15
2.0,4,C,"ZI,ZZ",1,-5.622818363861152e-10,-3.123787979922862e-11
2.0,4,C,"ZI,ZZ",2,-1.2841879248033966e-08,-3.963542977788261e-11
2.0,4,C,"ZI,ZZ",3,9.04852456857848e-09,1.5515302758193552e-12
2.0,4,C,"ZI,ZZ",4,-1.4576860713113576e-09,-1.3885898408315782e-14
2.0,4,C,"ZX,ZY",1,-7.979329315065264e-09,-4.432960730591813e-10
2.0,4,C,"ZX,ZY",2,1.1862857848704616e-08,3.6613758792298194e-11
2.0,4,C,"ZX,ZY",3,-5.65648985616238e-09,-9.699056680662518e-13
2.0,4,C,"ZX,ZY",4,7.95043745305328e-10,7.57357629653757e-15
2.0,4,C,"ZX,ZZ",1,4.926167395066951e-09,2.7367596639260834e-10
2.0,4,C,"ZX,ZZ",2,-3.908455489432883e-09,-1.2063134226644702e-11
2.0,4,C,"ZX,ZZ",3,9.781699119607214e-10,1.677246076750208e-13
2.0,4,C,"ZX,ZZ",4,-7.400408473066179e-11,-7.049619411166532e-16
2.0,4,C,"ZY,ZZ",1,8.916841101289813e-10,4.953800611827674e-11
2.0,4,C,"ZY,ZZ",2,-2.384948798931034e-09,-7.360953083120475e-12
2.0,4,C,"ZY,ZZ",3,1.5433651025779846e-09,2.6463736326783e-13
2.0,4,C,"ZY,ZZ",4,-2.485256244312873e-10,-2.3674518407187098e-15
2.0,4,A,"IX,IY",1,-4.100929555684729e-08,-2.278294197602627e-09
2.0,4,A,"IX,IY",2,9.57300721547399e-08,2.954631856627775e-10
2.0,4,A,"IX,IY",3,-5.3829292559612684e-08,-9.22998843614758e-12
2.0,4,A,"IX,IY",4,8.11196965955853e-09,7.727451664721964e-14
2.0,4,A,"IX,IZ",1,-5.263158755790023e-08,-2.923977086550013e-09
2.0,4,A,"IX,IZ",2,8.528635102820824e-08,2.632294784821242e-10
2.0,4,A,"IX,IZ",3,-4.081255442307737e-08,-6.998037452516697e-12
2.0,4,A,"IX,IZ",4,5.690163229296646e-09,5.4204420336997464e-14
2.0,4,A,"IX,XI",1,2.1283905764562478e-08,1.1824392091423598e-09
2.0,4,A,"IX,XI",2,-1.4480351643589077e-08,-4.4692443344410734e-11
2.0,4,A,"IX,XI",3,5.0679476701720335e-09,8.689896553792925e-13
2.0,4,A,"IX,XI",4,-6.526181904323612e-10,-6.216832327697389e-15
2.0,4,A,"IX,XX",1,7.876152937489905e-08,4.375640520827725e-09
2.0,4,A,"IX,XX",2,-1.2490989630189365e-07,-3.855243713021409e-10
2.0,4,A,"IX,XX",3,5.7871866493868457e-08,9.923159549703097e-12
2.0,4,A,"IX,XX",4,-7.910596251300412e-09,-7.535623619970672e-14
2.0,4,A,"IX,XY",1,9.052040295893603e-10,5.028911275496446e-11
2.0,4,A,"IX,XY",2,-1.4861562381476151e-08,-4.586901969591404e-11
2.0,4,A,"IX,XY",3,1.0031015912433819e-08,1.7199958697588853e-12
2.0,4,A,"IX,XY",4,-1.590894419768826e-09,-1.5154839389658838e-14
2.0,4,A,"IX,XZ",1,-9.52873558940892e-09,-5.293741994116067e-10
2.0,4,A,"IX,XZ",2,1.8605762120936646e-08,5.7425191731285944e-11
2.0,4,A,"IX,XZ",3,-9.523017619830114e-09,-1.6328905383796493e-12
2.0,4,A,"IX,XZ",4,1.3666951100075972e-09,1.301911970362366e-14
2.0,4,A,"IX,YI",1,-4.291884344963719e-08,-2.3843801916465107e-09
2.0,4,A,"IX,YI",2,9.852971689633842e-08,3.0410406449487164e-10
2.0,4,A,"IX,YI",3,-5.546445466301391e-08,-9.510366025894018e-12
2.0,4,A,"IX,YI",4,8.368452003702276e-09,7.971776409562449e-14
2.0,4,A,"IX,YX",1,9.635763433437359e-09,5.353201907465199e-10
2.0,4,A,"IX,YX",2,-2.9290700402009028e-08,-9.0403396302497e-11
2.0,4,A,"IX,YX",3,1.7656696366604068e-08,3.027554246674223e-12
2.0,4,A,"IX,YX",4,-2.7426750233650824e-09,-2.6126686322255396e-14
2.0,4,A,"IX,YY",1,-7.339385239040107e-09,-4.0774362439111705e-10
2.0,4,A,"IX,YY",2,6.857705132968975e-09,2.116575658323758e-11
2.0,4,A,"IX,YY",3,-2.231066628124853e-09,-3.8255600619424776e-13
2.0,4,A,"IX,YY",4,2.409012626603547e-10,2.294822270427095e-15
2.0,4,A,"IX,YZ",1,-1.928191754378454e-08,-1.0712176413213633e-09
2.0,4,A,"IX,YZ",2,4.931092629677877e-08,1.5219421696536659e-10
2.0,4,A,"IX,YZ",3,-2.7166179388909702e-08,-4.658124037878893e-12
2.0,4,A,"IX,YZ",4,4.019813983407324e-09,3.829269531518942e-14
2.0,4,A,"IX,ZI",1,1.4481178710819193e-08,8.04509928378844e-10
2.0,4,A,"IX,ZI",2,-3.275581113621881e-08,-1.0109818251919385e-10
2.0,4,A,"IX,ZI",3,1.8818585354140678e-08,3.226780753453477e-12
2.0,4,A,"IX,ZI",4,-2.8689218223751853e-09,-2.732931167481315e-14
2.0,4,A,"IX,ZX",1,-2.3356956472788586e-08,-1.2976086929326992e-09
2.0,4,A,"IX,ZX",2,3.818925138566479e-08,1.1786805983229874e-10
2.0,4,A,"IX,ZX",3,-1.9165414795101188e-08,-3.286250822205279e-12
2.0,4,A,"IX,ZX",4,2.755459794655716e-09,2.6248473885990287e-14
2.0,4,A,"IX,ZY",1,1.1878349386885527e-08,6.599082992714182e-10
2.0,4,A,"IX,ZY",2,-3.651779493221008e-08,-1.1270924361793235e-10
2.0,4,A,"IX,ZY",3,2.0674009236047198e-08,3.544926137868175e-12
2.0,4,A,"IX,ZY",4,-3.081189692845241e-09,-2.9351372626555035e-14
2.0,4,A,"IX,ZZ",1,-8.50783319385746e-09,-4.726573996587478e-10
2.0,4,A,"IX,ZZ",2,1.1228081367160581e-08,3.465457212086599e-11
2.0,4,A,"IX,ZZ",3,-5.0535201988185745e-09,-8.665158091252699e-13
2.0,4,A,"IX,ZZ",4,6.931857702590594e-10,6.603278561376499e-15
2.0,4,A,"IY,IZ",1,-1.0486891527169571e-08,-5.826050848427539e-10
2.0,4,A,"IY,IZ",2,1.4225127199039535e-08,4.390471357728252e-11
2.0,4,A,"IY,IZ",3,-5.243983022238479e-09,-8.991740435937035e-13
2.0,4,A,"IY,IZ",4,5.93834555833469e-10,5.656860195029997e-15
2.0,4,A,"IY,XI",1,2.2387762416061533e-08,1.2437645786700853e-09
2.0,4,A,"IY,XI",2,-6.066097831805692e-08,-1.872252417223979e-10
2.0,4,A,"IY,XI",3,3.597340509112064e-08,6.168279336611907e-12
2.0,4,A,"IY,XI",4,-5.5460812442758365e-09,-5.283189723628102e-14
2.0,4,A,"IY,XX",1,4.432101406175516e-08,2.4622785589863978e-09
2.0,4,A,"IY,XX",2,-6.476378037207109e-08,-1.9988821102491075e-10
2.0,4,A,"IY,XX",3,2.9943808997623036e-08,5.134397976272811e-12
2.0,4,A,"IY,XX",4,-4.132334573538611e-09,-3.936456498188739e-14
2.0,4,A,"IY,XY",1,1.3507153952635804e-08,7.503974418131003e-10
2.0,4,A,"IY,XY",2,-2.118052804218204e-08,-6.537200013019148e-11
2.0,4,A,"IY,XY",3,9.297848867952052e-09,1.5942813559588566e-12
2.0,4,A,"IY,XY",4,-1.2111894624638498e-09,-1.1537774943452311e-14
2.0,4,A,"IY,XZ",1,9.352821074059863e-09,5.196011707811035e-10
2.0,4,A,"IY,XZ",2,-1.1660883153569863e-08,-3.599038010361069e-11
2.0,4,A,"IY,XZ",3,3.989055254916662e-09,6.839943852737761e-13
2.0,4,A,"IY,XZ",4,-4.069937193459018e-10,-3.8770168357138945e-15
2.0,4,A,"IY,YI",1,-1.0885366567849403e-08,-6.047425871027446e-10
2.0,4,A,"IY,YI",2,2.7245262930774e-08,8.409031768757407e-11
2.0,4,A,"IY,YI",3,-1.521372960019173e-08,-2.6086641975637398e-12
2.0,4,A,"IY,YI",4,2.272145089512093e-09,2.1644424339964307e-14
2.0,4,A,"IY,YX",1,9.56018496599916e-09,5.311213869999533e-10
2.0,4,A,"IY,YX",2,-1.8318288835710017e-08,-5.6537928505277835e-11
2.0,4,A,"IY,YX",3,9.806341149014471e-09,1.68147139043458e-12
2.0,4,A,"IY,YX",4,-1.4526969041044125e-09,-1.383837166689922e-14
2.0,4,A,"IY,YY",1,2.753006298863432e-09,1.5294479438130178e-10
2.0,4,A,"IY,YY",2,1.4863041844276554e-09,4.587358593912517e-12
2.0,4,A,"IY,YY",3,-1.6610174266864787e-09,-2.8481094421921786e-13
2.0,4,A,"IY,YY",4,2.8834601858704456e-10,2.746780393490365e-15
2.0,4,A,"IY,YZ",1,-2.4948800848480397e-09,-1.3860444915822442e-10
2.0,4,A,"IY,YZ",2,1.0320677330448027e-08,3.1853942377926006e-11
2.0,4,A,"IY,YZ",3,-6.73918540604985e-09,-1.1555530531635545e-12
2.0,4,A,"IY,YZ",4,1.080329408666447e-09,1.0291203786260164e-14
2.0,4,A,"IY,ZI",1,1.0461531517118729e-08,5.811961953954849e-10
2.0,4,A,"IY,ZI",2,-3.146830103717105e-08,-9.71243859171946e-11
2.0,4,A,"IY,ZI",3,1.8538943205546203e-08,3.1788311394969484e-12
2.0,4,A,"IY,ZI",4,-2.8345182005272674e-09,-2.7001583224044232e-14
2.0,4,A,"IY,ZX",1,-1.1064016927523548e-08,-6.146676070846415e-10
2.0,4,A,"IY,ZX",2,3.213689114451575e-08,9.918793563122146e-11
2.0,4,A,"IY,ZX",3,-1.8666600506684888e-08,-3.2007202514891782e-12
2.0,4,A,"IY,ZX",4,2.8369176702875837e-09,2.7024440541529336e-14
2.0,4,A,"IY,ZY",1,-1.3806562879246216e-08,-7.670312710692342e-10
2.0,4,A,"IY,ZY",2,3.022228403573639e-08,9.327865443128515e-11
2.0,4,A,"IY,ZY",3,-1.6790705234825922e-08,-2.8790646836121267e-12
2.0,4,A,"IY,ZY",4,2.518024801338481e-09,2.3986671251890728e-14
2.0,4,A,"IY,ZZ",1,-1.2567584513527795e-08,-6.981991396404331e-10
2.0,4,A,"IY,ZZ",2,2.434047147361537e-08,7.512491195560299e-11
2.0,4,A,"IY,ZZ",3,-1.3160691247924294e-08,-2.2566343017702835e-12
2.0,4,A,"IY,ZZ",4,1.9556535423753364e-09,1.862953001043416e-14
2.0,4,A,"IZ,XI",1,4.9439978909587526e-08,2.746665494977085e-09
2.0,4,A,"IZ,XI",2,-7.945267851971788e-08,-2.4522431641888234e-10
2.0,4,A,"IZ,XI",3,3.7501850285434485e-08,6.430358416569699e-12
2.0,4,A,"IZ,XI",4,-5.179028700261211e-09,-4.93353595132336e-14
2.0,4,A,"IZ,XX",1,-1.0300736528931447e-08,-5.722631404961915e-10
2.0,4,A,"IZ,XX",2,1.3548181351931246e-08,4.1815374542997675e-11
2.0,4,A,"IZ,XX",3,-5.95608695799493e-09,-1.021276913236442e-12
2.0,4,A,"IZ,XX",4,8.041777655450904e-10,7.66058685361502e-15
2.0,4,A,"IZ,XY",1,1.049893170833692e-08,5.832739837964956e-10
2.0,4,A,"IZ,XY",2,-1.498001887201142e-08,-4.6234626148183397e-11
2.0,4,A,"IZ,XY",3,5.462710792539484e-09,9.366788053051242e-13
2.0,4,A,"IZ,XY",4,-5.886000844916344e-10,-5.606996689639865e-15
2.0,4,A,"IZ,XZ",1,4.09803190255036e-08,2.2766843903057557e-09
2.0,4,A,"IZ,XZ",2,-6.348650929238313e-08,-1.9594601633451583e-10
2.0,4,A,"IZ,XZ",3,2.987229207282929e-08,5.122135129085955e-12
2.0,4,A,"IZ,XZ",4,-4.139565532899666e-09,-3.9433447005979137e-14
2.0,4,A,"IZ,YI",1,-8.992113285911546e-09,-4.995618492173081e-10
2.0,4,A,"IZ,YI",2,2.0463320794726316e-08,6.31583975145874e-11
2.0,4,A,"IZ,YI",3,-1.1655296857281152e-08,-1.9985076915777007e-12
2.0,4,A,"IZ,YI",4,1.7734933964683227e-09,1.689427484823505e-14
2.0,4,A,"IZ,YX",1,1.979766076625073e-09,1.099870042569485e-10
2.0,4,A,"IZ,YX",2,-3.3716920357741944e-09,-1.0406456900537636e-11
2.0,4,A,"IZ,YX",3,1.6074053656273065e-09,2.756182039827343e-13
2.0,4,A,"IZ,YX",4,-2.233601062796774e-10,-2.127725444669995e-15
2.0,4,A,"IZ,YY",1,1.0463335890612974e-08,5.812964383673874e-10
2.0,4,A,"IZ,YY",2,-1.2806310051555288e-08,-3.952564830726941e-11
2.0,4,A,"IZ,YY",3,5.903905955619469e-09,1.0123295534326937e-12
2.0,4,A,"IZ,YY",4,-8.269787230340794e-10,-7.877788475785698e-15
2.0,4,A,"IZ,YZ",1,2.0028894491373183e-08,1.1127163606318435e-09
2.0,4,A,"IZ,YZ",2,-4.005736226223146e-08,-1.236338341426897e-10
2.0,4,A,"IZ,YZ",3,2.1805227788891294e-08,3.7388936537879445e-12
2.0,4,A,"IZ,YZ",4,-3.2553236535859514e-09,-3.1010170454065225e-14
2.0,4,A,"IZ,ZI",1,2.2848391630529956e-09,1.2693550905849975e-10
2.0,4,A,"IZ,ZI",2,-2.959519969877746e-09,-9.1343208946844e-12
2.0,4,A,"IZ,ZI",3,1.4964154465959831e-09,2.5658701073319327e-13
2.0,4,A,"IZ,ZI",4,-2.2153665514773258e-10,-2.1103552730884448e-15
2.0,4,A,"IZ,ZX",1,-5.562434090932683e-09,-3.090241161629269e-10
2.0,4,A,"IZ,ZX",2,1.6522056715820058e-08,5.099400220932117e-11
2.0,4,A,"IZ,ZX",3,-9.651825427949223e-09,-1.6549769252313484e-12
2.0,4,A,"IZ,ZX",4,1.4705300709171688e-09,1.4008250180204701e-14
2.0,4,A,"IZ,ZY",1,3.1598808513168495e-09,1.755489361842694e-10
2.0,4,A,"IZ,ZY",2,-1.19441024991764e-09,-3.686451388634691e-12
2.0,4,A,"IZ,ZY",3,-2.0130584670439529e-10,-3.4517463426679576e-14
2.0,4,A,"IZ,ZY",4,7.745016321868211e-11,7.37789239623172e-16
2.0,4,A,"IZ,ZZ",1,-1.9953399910069303e-09,-1.1085222172260724e-10
2.0,4,A,"IZ,ZZ",2,-5.548751856953272e-10,-1.712577733627553e-12
2.0,4,A,"IZ,ZZ",3,4.988217715307801e-10,8.553185382900893e-14
2.0,4,A,"IZ,ZZ",4,-6.620579414498475e-11,-6.306755272155993e-16
2.0,4,A,"XI,XX",1,-4.218640534901817e-08,-2.343689186056565e-09
2.0,4,A,"XI,XX",2,6.811459252684948e-08,2.1023022384830085e-10
2.0,4,A,"XI,XX",3,-3.6343770459667195e-08,-6.231785058241975e-12
2.0,4,A,"XI,XX",4,5.4049859463132005e-09,5.148782527733197e-14
2.0,4,A,"XI,XY",1,6.049516818315739e-09,3.360842676842077e-10
2.0,4,A,"XI,XY",2,-2.5379192989544527e-08,-7.833084256032262e-11
2.0,4,A,"XI,XY",3,1.5418073976863874e-08,2.6437026709300194e-12
2.0,4,A,"XI,XY",4,-2.3635439655695665e-09,-2.251508883525345e-14
2.0,4,A,"XI,XZ",1,1.649877567061428e-08,9.1659864836746e-10
2.0,4,A,"XI,XZ",2,-2.8541934869980132e-08,-8.809239157401275e-11
2.0,4,A,"XI,XZ",3,1.4192300423973893e-08,2.4335220205716553e-12
2.0,4,A,"XI,XZ",4,-2.0257307682902153e-09,-1.929708474594398e-14
2.0,4,A,"XI,YI",1,-2.7411107666558556e-08,-1.5228393148088086e-09
2.0,4,A,"XI,YI",2,7.073509149582125e-08,2.1831818362907793e-10
2.0,4,A,"XI,YI",3,-4.085800633131423e-08,-7.005830989594347e-12
2.0,4,A,"XI,YI",4,6.222710108258445e-09,5.927745492549196e-14
2.0,4,A,"XI,YX",1,1.952327979277585e-08,1.0846266551542139e-09
2.0,4,A,"XI,YX",2,-4.4442736599750914e-08,-1.37168940122688e-10
2.0,4,A,"XI,YX",3,2.5615990486828242e-08,4.392316612967806e-12
2.0,4,A,"XI,YX",4,-3.931118041623898e-09,-3.744777893636544e-14
2.0,4,A,"XI,YY",1,-8.313403115098664e-09,-4.6185572861659243e-10
2.0,4,A,"XI,YY",2,9.896749950406721e-09,3.054552453829235e-11
2.0,4,A,"XI,YY",3,-4.374120204825336e-09,-7.500206112526296e-13
2.0,4,A,"XI,YY",4,6.016834547346764e-10,5.731628703081432e-15
2.0,4,A,"XI,YZ",1,-1.673630324599551e-08,-9.297946247775283e-10
2.0,4,A,"XI,YZ",2,4.352608539302664e-08,1.3433976973156372e-10
2.0,4,A,"XI,YZ",3,-2.3980453126762374e-08,-4.111874678800133e-12
2.0,4,A,"XI,YZ",4,3.5430995952433994e-09,3.375152030219669e-14
2.0,4,A,"XI,ZI",1,8.048120663580724e-09,4.471178146433736e-10
2.0,4,A,"XI,ZI",2,-2.141892414608816e-08,-6.610779057434617e-11
2.0,4,A,"XI,ZI",3,1.2631266780567598e-08,2.1658550721137857e-12
2.0,4,A,"XI,ZI",4,-1.934889030331811e-09,-1.8431727540883734e-14
2.0,4,A,"XI,ZX",1,-4.440073276784602e-09,-2.4667073759914454e-10
2.0,4,A,"XI,ZX",2,6.853148208959693e-09,2.1151692002962014e-11
2.0,4,A,"XI,ZX",3,-3.323227536786721e-09,-5.698263951966257e-13
2.0,4,A,"XI,ZX",4,4.711627169501184e-10,4.488289865779972e-15
2.0,4,A,"XI,ZY",1,1.2883119175221822e-08,7.15728843067879e-10
2.0,4,A,"XI,ZY",2,-3.794202077569915e-08,-1.1710500239413318e-10
2.0,4,A,"XI,ZY",3,2.1370765965793896e-08,3.6643974564118475e-12
2.0,4,A,"XI,ZY",4,-3.1807277500977936e-09,-3.0299570855222083e-14
2.0,4,A,"XI,ZZ",1,-8.406360845918536e-09,-4.670200469954743e-10
2.0,4,A,"XI,ZZ",2,1.0160614978282e-08,3.135992277247531e-11
2.0,4,A,"XI,ZZ",3,-4.179175463974318e-09,-7.1659387242358e-13
2.0,4,A,"XI,ZZ",4,5.390618484550206e-10,5.135096102490289e-15
2.0,4,A,"XX,XY",1,2.311147237403185e-08,1.283970687446214e-09
2.0,4,A,"XX,XY",2,-3.536580286144988e-08,-1.0915371253533915e-10
2.0,4,A,"XX,XY",3,1.7397688060651054e-08,2.983142671579399e-12
2.0,4,A,"XX,XY",4,-2.503685740335005e-09,-2.3850077544724557e-14
2.0,4,A,"XX,XZ",1,7.466970010334465e-08,4.148316672408036e-09
2.0,4,A,"XX,XZ",2,-1.327735904467421e-07,-4.097950322430312e-10
2.0,4,A,"XX,XZ",3,6.51988288399387e-08,1.1179497400538185e-11
2.0,4,A,"XX,XZ",4,-9.164860597072336e-09,-8.73043419169366e-14
2.0,4,A,"XX,YI",1,3.8355415420795345e-08,2.130856412266408e-09
2.0,4,A,"XX,YI",2,-6.478058005372774e-08,-1.9994006189422142e-10
2.0,4,A,"XX,YI",3,3.428742824624911e-08,5.879188656764251e-12
2.0,4,A,"XX,YI",4,-5.090565939601588e-09,-4.8492664414738494e-14
2.0,4,A,"XX,YX",1,-2.015690561615805e-10,-1.1198280897865584e-11
2.0,4,A,"XX,YX",2,4.2339191495728604e-08,1.3067651696212532e-10
2.0,4,A,"XX,YX",3,-2.9477446190095137e-08,-5.054431788425092e-12
2.0,4,A,"XX,YX",4,4.778661973558987e-09,4.5521471322578374e-14
2.0,4,A,"XX,YY",1,3.849129036555766e-13,2.138405020308759e-14
2.0,4,A,"XX,YY",2,-9.007698935213206e-13,-2.780153992349755e-15
2.0,4,A,"XX,YY",3,4.930675578245354e-13,8.45451916708737e-17
2.0,4,A,"XX,YY",4,-7.316561248386737e-14,-6.969746654841809e-19
2.0,4,A,"XX,YZ",1,5.161562234969276e-08,2.867534574982931e-09
2.0,4,A,"XX,YZ",2,-1.2818903104522043e-07,-3.9564515754697663e-10
2.0,4,A,"XX,YZ",3,7.237577121203525e-08,1.2410111661871613e-11
2.0,4,A,"XX,YZ",4,-1.0892155664496322e-08,-1.0375853208825182e-13
2.0,4,A,"XX,ZI",1,-1.706362283852778e-08,-9.479790465848767e-10
2.0,4,A,"XX,ZI",2,3.118836954867747e-08,9.626039984159713e-11
2.0,4,A,"XX,ZI",3,-1.6870521931580926e-08,-2.8927506741393906e-12
2.0,4,A,"XX,ZI",4,2.5271651784837433e-09,2.4073742364766645e-14
2.0,4,A,"XX,ZX",1,1.527265508545872e-08,8.484808380810399e-10
2.0,4,A,"XX,ZX",2,-1.885010445527232e-08,-5.817933473849482e-11
2.0,4,A,"XX,ZX",3,8.371666890790156e-09,1.4354710032219062e-12
2.0,4,A,"XX,ZX",4,-1.1566253649562212e-09,-1.1017998065807625e-14
2.0,4,A,"XX,ZY",1,2.1225870664471475e-08,1.179215036915082e-09
2.0,4,A,"XX,ZY",2,-4.4540760155707424e-08,-1.3747148196205995e-10
2.0,4,A,"XX,ZY",3,2.5780102460009313e-08,4.420456526064697e-12
2.0,4,A,"XX,ZY",4,-3.979741390848768e-09,-3.791096432373845e-14
2.0,4,A,"XX,ZZ",1,1.6284815034635416e-08,9.047119463686342e-10
2.0,4,A,"XX,ZZ",2,-1.9073939281266313e-08,-5.887018296687133e-11
2.0,4,A,"XX,ZZ",3,7.920157822113325e-09,1.3580517527629158e-12
2.0,4,A,"XX,ZZ",4,-1.0375926006543701e-09,-9.884093513320855e-15
2.0,4,A,"XY,XZ",1,-4.2084952532063965e-08,-2.3380529184479982e-09
2.0,4,A,"XY,XZ",2,6.823303285023142e-08,2.1059578040194882e-10
2.0,4,A,"XY,XZ",3,-3.315120909986724e-08,-5.684363700251585e-12
2.0,4,A,"XY,XZ",4,4.67421213728293e-09,4.4526483551315824e-14
2.0,4,A,"XY,YI",1,-5.8433482425028865e-09,-3.2463045791682703e-10
2.0,4,A,"XY,YI",2,1.347538654908476e-08,4.1590699225570245e-11
2.0,4,A,"XY,YI",3,-7.651559127801813e-09,-1.3119957352197896e-12
2.0,4,A,"XY,YI",4,1.1608845555025982e-09,1.1058571059123974e-14
2.0,4,A,"XY,YX",1,-2.367002438104507e-09,-1.3150013545025037e-10
2.0,4,A,"XY,YX",2,6.875259553024792e-09,2.121993689205183e-11
2.0,4,A,"XY,YX",3,-3.7623163377698145e-09,-6.451159701251397e-13
2.0,4,A,"XY,YX",4,5.496162126838644e-10,5.235636837790203e-15
2.0,4,A,"XY,YY",1,-9.111242985050487e-09,-5.061801658361382e-10
2.0,4,A,"XY,YY",2,1.0579226867506155e-08,3.265193477625356e-11
2.0,4,A,"XY,YY",3,-5.157152455784838e-09,-8.842854005118035e-13
2.0,4,A,"XY,YY",4,7.580872831805573e-10,7.221529522753366e-15
2.0,4,A,"XY,YZ",1,-2.0891267885062818e-08,-1.160625993614601e-09
2.0,4,A,"XY,YZ",2,4.284472943077934e-08,1.3223681923080043e-10
2.0,4,A,"XY,YZ",3,-2.3350119438553918e-08,-4.0037927706711104e-12
2.0,4,A,"XY,YZ",4,3.4788249265883048e-09,3.3139240651085057e-14
2.0,4,A,"XY,ZI",1,3.343270817348413e-09,1.857372676304674e-10
2.0,4,A,"XY,ZI",2,-1.196185753987908e-08,-3.6919313394688516e-11
2.0,4,A,"XY,ZI",3,7.0259658396422075e-09,1.2047266528878957e-12
2.0,4,A,"XY,ZI",4,-1.062238448780352e-09,-1.0118869539517146e-14
2.0,4,A,"XY,ZX",1,-7.105818013912058e-09,-3.9476766743955876e-10
2.0,4,A,"XY,ZX",2,1.399828828433168e-08,4.320459347015951e-11
2.0,4,A,"XY,ZX",3,-7.930708154740068e-09,-1.3598607947085164e-12
2.0,4,A,"XY,ZX",4,1.2136493963898294e-09,1.1561208241786974e-14
2.0,4,A,"XY,ZY",1,-5.548856159882045e-09,-3.0826978666011363e-10
2.0,4,A,"XY,ZY",2,5.4724733321269196e-09,1.6890349790515183e-11
2.0,4,A,"XY,ZY",3,-1.8548812634409966e-09,-3.1805234283967707e-13
2.0,4,A,"XY,ZY",4,2.050783931937454e-10,1.953574085445677e-15
2.0,4,A,"XY,ZZ",1,-3.376020037309839e-09,-1.875566687394355e-10
2.0,4,A,"XY,ZZ",2,1.1296790824895734e-08,3.4866638348443625e-11
2.0,4,A,"XY,ZZ",3,-5.893192268805703e-09,-1.0104925015098943e-12
2.0,4,A,"XY,ZZ",4,8.256747362068021e-10,7.865366714361397e-15
2.0,4,A,"XZ,YI",1,-1.1288468768825975e-08,-6.271371538236653e-10
2.0,4,A,"XZ,YI",2,2.7649404192309783e-08,8.533766726021537e-11
2.0,4,A,"XZ,YI",3,-1.521381030577534e-08,-2.6086780359697084e-12
2.0,4,A,"XZ,YI",4,2.252878478384507e-09,2.1460890854904998e-14
2.0,4,A,"XZ,YX",1,1.2204230402082729e-08,6.780128001157071e-10
2.0,4,A,"XZ,YX",2,-2.751956651167895e-08,-8.493693367802145e-11
2.0,4,A,"XZ,YX",3,1.498697262841438e-08,2.5697826866279803e-12
2.0,4,A,"XZ,YX",4,-2.2172862740879233e-09,-2.112183998330974e-14
2.0,4,A,"XZ,YY",1,-5.77932244576161e-10,-3.2107346920897836e-11
2.0,4,A,"XZ,YY",2,6.3643530177855735e-09,1.964306486970856e-11
2.0,4,A,"XZ,YY",3,-3.618794948097703e-09,-6.205066783432275e-13
2.0,4,A,"XZ,YY",4,5.215120054636736e-10,4.9679165281938125e-15
2.0,4,A,"XZ,YZ",1,-1.0735571758261029e-08,-5.964206532367238e-10
2.0,4,A,"XZ,YZ",2,2.701423184221396e-08,8.33772587722653e-11
2.0,4,A,"XZ,YZ",3,-1.5751438468564634e-08,-2.7008639349390663e-12
2.0,4,A,"XZ,YZ",4,2.4160798706745677e-09,2.3015545178655765e-14
2.0,4,A,"XZ,ZI",1,1.2098952552886382e-08,6.721640307159102e-10
2.0,4,A,"XZ,ZI",2,-3.0837243201897974e-08,-9.517667654906782e-11
2.0,4,A,"XZ,ZI",3,1.7774231461882862e-08,3.047707726660299e-12
2.0,4,A,"XZ,ZI",4,-2.704839465063757e-09,-2.576626528981631e-14
2.0,4,A,"XZ,ZX",1,-1.3734213967203895e-08,-7.630118870668831e-10
2.0,4,A,"XZ,ZX",2,3.343997070816884e-08,1.0320978613632358e-10
2.0,4,A,"XZ,ZX",3,-1.844701286029444e-08,-3.1630680487473318e-12
2.0,4,A,"XZ,ZX",4,2.7387024142528038e-09,2.6088843299923827e-14
2.0,4,A,"XZ,ZY",1,-1.882196103287964e-08,-1.0456645018266467e-09
2.0,4,A,"XZ,ZY",2,4.0325958186280074e-08,1.2446283390827185e-10
2.0,4,A,"XZ,ZY",3,-2.2324710267253834e-08,-3.827968152821302e-12
2.0,4,A,"XZ,ZY",4,3.348708911840528e-09,3.1899757200126964e-14
2.0,4,A,"XZ,ZZ",1,-1.4800386114999606e-08,-8.222436730555337e-10
2.0,4,A,"XZ,ZZ",2,2.960756769221758e-08,9.138138176610364e-11
2.0,4,A,"XZ,ZZ",3,-1.6367389293599922e-08,-2.806479645678999e-12
2.0,4,A,"XZ,ZZ",4,2.4650091999712932e-09,2.348164532818257e-14
2.0,4,A,"YI,YX",1,-7.963751597435399e-09,-4.424306443019666e-10
2.0,4,A,"YI,YX",2,1.653649802137481e-08,5.103857414004571e-11
2.0,4,A,"YI,YX",3,-9.039848951804032e-09,-1.5500426872091962e-12
2.0,4,A,"YI,YX",4,1.3364326543557413e-09,1.2730839947757024e-14
2.0,4,A,"YI,YY",1,-4.268643154660421e-09,-2.3714684192557895e-10
2.0,4,A,"YI,YY",2,4.286718122783346e-09,1.3230611490072055e-11
2.0,4,A,"YI,YY",3,-1.863350955861082e-09,-3.1950462206122807e-13
2.0,4,A,"YI,YY",4,2.6242468202567937e-10,2.499854081177406e-15
2.0,4,A,"YI,YZ",1,5.9604008402081706e-09,3.3113338001156506e-10
2.0,4,A,"YI,YZ",2,-6.010534580829079e-09,-1.8551032656879874e-11
2.0,4,A,"YI,YZ",3,2.0698612851065065e-09,3.549144864723091e-13
2.0,4,A,"YI,YZ",4,-2.333185152009112e-10,-2.222589117521254e-15
2.0,4,A,"YI,ZI",1,4.91099681150846e-09,2.728331561949145e-10
2.0,4,A,"YI,ZI",2,-1.1207729499398615e-08,-3.459175771419325e-11
2.0,4,A,"YI,ZI",3,6.812255062426475e-09,1.168082143763113e-12
2.0,4,A,"YI,ZI",4,-1.0612420463225494e-09,-1.0109377822764721e-14
2.0,4,A,"YI,ZX",1,-2.2812447318266168e-08,-1.2673581843481204e-09
2.0,4,A,"YI,ZX",2,3.66725423928948e-08,1.1318685923732964e-10
2.0,4,A,"YI,ZX",3,-1.887727543772649e-08,-3.2368442108584514e-12
2.0,4,A,"YI,ZX",4,2.7614357555007964e-09,2.630540081066907e-14
2.0,4,A,"YI,ZY",1,9.300274886106994e-09,5.166819381170552e-10
2.0,4,A,"YI,ZY",2,-1.6822624924752853e-08,-5.192168186652115e-11
2.0,4,A,"YI,ZY",3,8.579268675467098e-09,1.471068017055401e-12
2.0,4,A,"YI,ZY",4,-1.2389452286420358e-09,-1.1802176008249846e-14
2.0,4,A,"YI,ZZ",1,-1.426041011646334e-09,-7.922450064701855e-11
2.0,4,A,"YI,ZZ",2,1.5823911753522417e-08,4.883923380716795e-11
2.0,4,A,"YI,ZZ",3,-1.0613359485745168e-08,-1.8198490201895005e-12
2.0,4,A,"YI,ZZ",4,1.6927811092084572e-09,1.61254106577547e-14
2.0,4,A,"YX,YY",1,-5.943903213453214e-10,-3.302168451918452e-11
2.0,4,A,"YX,YY",2,6.7725731345842924e-09,2.0903003501803372e-11
2.0,4,A,"YX,YY",3,-4.2175435803701e-09,-7.231727675531722e-13
2.0,4,A,"YX,YY",4,6.394335942047658e-10,6.091236036853813e-15
2.0,4,A,"YX,YZ",1,1.364496532513506e-08,7.5805362917417e-10
2.0,4,A,"YX,YZ",2,-3.2405712213767703e-08,-1.0001763028940649e-10
2.0,4,A,"YX,YZ",3,1.830547979557511e-08,3.138799690599299e-12
2.0,4,A,"YX,YZ",4,-2.7681828439864953e-09,-2.6369673487144635e-14
2.0,4,A,"YX,ZI",1,1.9895725232377616e-08,1.1053180684654232e-09
2.0,4,A,"YX,ZI",2,-3.1664258116447933e-08,-9.772919171743189e-11
2.0,4,A,"YX,ZI",3,1.634812907336481e-08,2.803177138779974e-12
2.0,4,A,"YX,ZI",4,-2.397479645629591e-09,-2.2838359678684567e-14
2.0,4,A,"YX,ZX",1,2.89620743378708e-08,1.6090041298817112e-09
2.0,4,A,"YX,ZX",2,-4.4325586512531976e-08,-1.3680736577941968e-10
2.0,4,A,"YX,ZX",3,2.237168016354107e-08,3.836021975915821e-12
2.0,4,A,"YX,ZX",4,-3.244575157072052e-09,-3.0907780417162514e-14
2.0,4,A,"YX,ZY",1,9.221761528976049e-09,5.123200849431139e-10
2.0,4,A,"YX,ZY",2,-1.1975453757180655e-08,-3.696127702833536e-11
2.0,4,A,"YX,ZY",3,5.13312496187002e-09,8.801654598542558e-13
2.0,4,A,"YX,ZY",4,-6.769983815789755e-10,-6.449077708990393e-15
2.0,4,A,"YX,ZZ",1,-6.773082172000449e-09,-3.7628234288891386e-10
2.0,4,A,"YX,ZZ",2,9.318587307939992e-09,2.8761071938086395e-11
2.0,4,A,"YX,ZZ",3,-4.68318807124125e-09,-8.030157872498715e-13
2.0,4,A,"YX,ZZ",4,6.926621677646935e-10,6.598290730878425e-15
2.0,4,A,"YY,YZ",1,-4.732111914982463e-09,-2.6289510638791457e-10
2.0,4,A,"YY,YZ",2,9.576650517613724e-09,2.9557563325968287e-11
2.0,4,A,"YY,YZ",3,-5.458780609044263e-09,-9.360049055288516e-13
2.0,4,A,"YY,YZ",4,8.378228050949902e-10,7.981089059356331e-15
2.0,4,A,"YY,ZI",1,2.104454458107982e-09,1.1691413656155456e-10
2.0,4,A,"YY,ZI",2,2.6554603266485746e-09,8.195865205705477e-12
2.0,4,A,"YY,ZI",3,-2.4587931598488596e-09,-4.2160376540618305e-13
2.0,4,A,"YY,ZI",4,4.1782282189954527e-10,3.980174724694647e-15
2.0,4,A,"YY,ZX",1,4.649889889010372e-09,2.583272160561318e-10
2.0,4,A,"YY,ZX",2,-5.706634447985152e-09,-1.761306928390479e-11
2.0,4,A,"YY,ZX",3,2.6298950229438886e-09,4.509422192976489e-13
2.0,4,A,"YY,ZX",4,-3.714295474786701e-10,-3.5382330006732022e-15
2.0,4,A,"YY,ZY",1,-5.96154953430514e-10,-3.3119719635028557e-11
2.0,4,A,"YY,ZY",2,2.3782591869793084e-09,7.340306132652187e-12
2.0,4,A,"YY,ZY",3,-1.3896833800739424e-09,-2.382859019331177e-13
2.0,4,A,"YY,ZY",4,2.0878990828913644e-10,1.9889299295947308e-15
2.0,4,A,"YY,ZZ",1,1.1837466794040464e-09,6.576370441133591e-11
2.0,4,A,"YY,ZZ",2,-3.699011936448326e-09,-1.1416703507556561e-11
2.0,4,A,"YY,ZZ",3,2.394533423971019e-09,4.1058529217610065e-13
2.0,4,A,"YY,ZZ",4,-3.8733362929005134e-10,-3.689735075541565e-15
2.0,4,A,"YZ,ZI",1,1.079985533339495e-08,5.999919629663861e-10
2.0,4,A,"YZ,ZI",2,-2.4123911469932383e-08,-7.445651688250735e-11
2.0,4,A,"YZ,ZI",3,1.3239539889226861e-08,2.2701543019936317e-12
2.0,4,A,"YZ,ZI",4,-1.97584668385609e-09,-1.8821889611493006e-14
2.0,4,A,"YZ,ZX",1,-4.817619217668088e-09,-2.6764551209267157e-10
2.0,4,A,"YZ,ZX",2,5.0739386044263865e-09,1.566030433464934e-11
2.0,4,A,"YZ,ZX",3,-1.6785451365843088e-09,-2.878163814444974e-13
2.0,4,A,"YZ,ZX",4,1.7782919154073084e-10,1.6939985476750003e-15
2.0,4,A,"YZ,ZY",1,-2.790948793606577e-10,-1.5505271075592095e-11
2.0,4,A,"YZ,ZY",2,-1.1975507714390519e-09,-3.69614435629337e-12
2.0,4,A,"YZ,ZY",3,9.563045195864694e-10,1.6397539773430547e-13
2.0,4,A,"YZ,ZY",4,-1.6100702969544717e-10,-1.533750854437654e-15
2.0,4,A,"YZ,ZZ",1,-4.0251121335219714e-09,-2.2361734075122063e-10
2.0,4,A,"YZ,ZZ",2,7.412123373423957e-09,2.287692399204925e-11
2.0,4,A,"YZ,ZZ",3,-4.138750070015543e-09,-7.096622205102096e-13
2.0,4,A,"YZ,ZZ",4,6.313301769331974e-10,6.014042990142484e-15
2.0,4,A,"ZI,ZX",1,-3.43725614729557e-08,-1.909586748497539e-09
2.0,4,A,"ZI,ZX",2,5.365516125820325e-08,1.6560234956235572e-10
2.0,4,A,"ZI,ZX",3,-2.745852861997322e-08,-4.708252506854119e-12
2.0,4,A,"ZI,ZX",4,4.0104251409717925e-09,3.8203257325215214e-14
2.0,4,A,"ZI,ZY",1,-7.448212769837145e-09,-4.1378959832428583e-10
2.0,4,A,"ZI,ZY",2,8.892637462963477e-09,2.744641192272678e-11
2.0,4,A,"ZI,ZY",3,-3.5499535000581926e-09,-6.087025891732154e-13
2.0,4,A,"ZI,ZY",4,4.4791221774967393e-10,4.266805915158455e-15
2.0,4,A,"ZI,ZZ",1,9.950511237387165e-09,5.528061798548424e-10
2.0,4,A,"ZI,ZZ",2,-1.3072633001266875e-08,-4.034763271995949e-11
2.0,4,A,"ZI,ZZ",3,6.140909490860788e-09,1.0529680196949226e-12
2.0,4,A,"ZI,ZZ",4,-8.669313595434725e-10,-8.258376767484687e-15
2.0,4,A,"ZX,ZY",1,1.1326622972326224e-08,6.292568317959013e-10
2.0,4,A,"ZX,ZY",2,-1.7890456021230828e-08,-5.5217456855650705e-11
2.0,4,A,"ZX,ZY",3,8.734606454660381e-09,1.4977034387277747e-12
2.0,4,A,"ZX,ZY",4,-1.238807224675401e-09,-1.1800861384272605e-14
2.0,4,A,"ZX,ZZ",1,8.322887499978376e-10,4.623826388876876e-11
2.0,4,A,"ZX,ZZ",2,1.2919753455106112e-08,3.9875782268846026e-11
2.0,4,A,"ZX,ZZ",3,-9.32444925774495e-09,-1.5988424653197788e-12
2.0,4,A,"ZX,ZZ",4,1.5183660551150698e-09,1.4463935138651405e-14
2.0,4,A,"ZY,ZZ",1,1.2411206939691121e-09,6.895114966495067e-11
2.0,4,A,"ZY,ZZ",2,-1.1491386623420118e-09,-3.546724266487691e-12
2.0,4,A,"ZY,ZZ",3,4.145105759429408e-10,7.107520163630672e-14
2.0,4,A,"ZY,ZZ",4,-4.960909542984386e-11,-4.725755928006769e-16
3.0,2,H,IX,1,-4.644411820045023e-09,-2.5802287889139017e-10
3.0,2,H,IX,2,9.55431016622096e-10,2.9488611624138766e-12
3.0,2,H,IY,1,-8.78571547246299e-09,-4.880953040257217e-10
3.0,2,H,IY,2,2.328041631912348e-09,7.1853136787418144e-12
3.0,2,H,IZ,1,3.6017144162772877e-12,2.000952453487382e-13
3.0,2,H,IZ,2,-2.1680842935577014e-11,-6.691618189992906e-14
3.0,2,H,XI,1,1.3577463625913006e-08,7.543035347729448e-10
3.0,2,H,XI,2,-8.390179312533896e-10,-2.5895615162141655e-12
3.0,2,H,XX,1,-0.00016220012376350987,-9.01111798686166e-06
3.0,2,H,XX,2,1.5760526344835378e-06,4.864359982973882e-09
3.0,2,H,XY,1,-1.900792962843002e-09,-1.0559960904683344e-10
3.0,2,H,XY,2,-1.7391522882255697e-10,-5.367753976004845e-13
3.0,2,H,XZ,1,2.6257566361812845e-09,1.4587536867673802e-10
3.0,2,H,XZ,2,-1.3405832022356026e-10,-4.13760247603581e-13
3.0,2,H,YI,1,-1.3221660809742937e-08,-7.345367116523854e-10
3.0,2,H,YI,2,3.328101827443606e-09,1.0271919220504956e-11
3.0,2,H,YX,1,-1.3831811085990123e-08,-7.684339492216735e-10
3.0,2,H,YX,2,4.318208774044974e-09,1.3327804858163499e-11
3.0,2,H,YY,1,7.470040740107463e-09,4.150022633393035e-10
3.0,2,H,YY,2,-9.18262177613033e-10,-2.8341425234970154e-12
3.0,2,H,YZ,1,2.5543937353631514e-09,1.4191076307573065e-10
3.0,2,H,YZ,2,-4.1712131544721346e-10,-1.2874114674296712e-12
3.0,2,H,ZI,1,-2.8782465983966314e-09,-1.5990258879981286e-10
3.0,2,H,ZI,2,7.480599440348507e-10,2.308826987761885e-12
3.0,2,H,ZX,1,1.5166935044159107e-09,8.426075024532837e-11
3.0,2,H,ZX,2,-1.4290622782943047e-11,-4.410686044118224e-14
3.0,2,H,ZY,1,1.1118009341778635e-08,6.176671856543686e-10
3.0,2,H,ZY,2,-2.6723416534433986e-09,-8.247968066183329e-12
3.0,2,H,ZZ,1,2.47009871641203e-15,1.37227706467335e-16
3.0,2,H,ZZ,2,-1.3932249190471587e-15,-4.3000769106393786e-18
3.0,2,S,IX,1,0.001431068925194653,7.950382917748072e-05
3.0,2,S,IX,2,-8.642616261315192e-06,-2.667474154726911e-08
3.0,2,S,IY,1,3.8331009354553535e-09,2.1295005196974187e-10
3.0,2,S,IY,2,-4.5529129656210176e-10,-1.405220051117598e-12
3.0,2,S,IZ,1,3.2476454834084624e-09,1.804247490782479e-10
3.0,2,S,IZ,2,-6.504873127696004e-10,-2.0076768912641985e-12
3.0,2,S,XI,1,0.0014310759523155608,7.950421957308671e-05
3.0,2,S,XI,2,-8.646953649087927e-06,-2.6688128546567678e-08
3.0,2,S,XX,1,0.00013389971771269333,7.43887320626074e-06
3.0,2,S,XX,2,5.743663830328115e-06,1.77273575010127e-08
3.0,2,S,XY,1,6.784742179497936e-09,3.769301210832187e-10
3.0,2,S,XY,2,-1.4238587970921232e-09,-4.394625916950997e-12
3.0,2,S,XZ,1,6.897924238136059e-09,3.8321801322978106e-10
3.0,2,S,XZ,2,-1.604298890140896e-09,-4.951539784385482e-12
3.0,2,S,YI,1,2.7173684663880423e-09,1.509649147993357e-10
3.0,2,S,YI,2,-6.542453756517738e-10,-2.0192758507770795e-12
3.0,2,S,YX,1,4.775591973352057e-09,2.653106651862254e-10
3.0,2,S,YX,2,-7.191279585211303e-10,-2.219530736176328e-12
3.0,2,S,YY,1,7.033452003609768e-09,3.90747333533876e-10
3.0,2,S,YY,2,-7.794053442054933e-10,-2.4055720500169546e-12
3.0,2,S,YZ,1,6.212977683303377e-09,3.451654268501876e-10
3.0,2,S,YZ,2,-1.5376027834732397e-09,-4.745687603312468e-12
3.0,2,S,ZI,1,2.3096101098165327e-09,1.2831167276758515e-10
3.0,2,S,ZI,2,-1.3208570139211646e-10,-4.0767191787690265e-13
3.0,2,S,ZX,1,1.6944798684891486e-09,9.413777047161937e-11
3.0,2,S,ZX,2,-1.3185190426896504e-10,-4.0695032181779335e-13
3.0,2,S,ZY,1,5.843241029100643e-09,3.246245016167024e-10
3.0,2,S,ZY,2,-8.276613359307514e-10,-2.5545102960825663e-12
3.0,2,S,ZZ,1,5.619552615302424e-09,3.1219736751680136e-10
3.0,2,S,ZZ,2,-2.818939372909572e-10,-8.700430163301148e-13
3.0,2,C,"IX,IY",1,1.636903241121149e-09,9.093906895117494e-11
3.0,2,C,"IX,IY",2,-4.1284096787986337e-10,-1.2742005181477265e-12
3.0,2,C,"IX,IZ",1,4.110512712601684e-09,2.283618173667602e-10
3.0,2,C,"IX,IZ",2,-1.1893241416092547e-09,-3.670753523485354e-12
3.0,2,C,"IX,XI",1,0.0014310704985675243,7.950391658708469e-05
3.0,2,C,"IX,XI",2,-8.64433642017305e-06,-2.668005067954645e-08
3.0,2,C,"IX,XX",1,1.2374051502788401e-08,6.874473057104667e-10
3.0,2,C,"IX,XX",2,-3.302638294577694e-09,-1.0193328069684242e-11
3.0,2,C,"IX,XY",1,-4.848334269893531e-09,-2.6935190388297397e-10
3.0,2,C,"IX,XY",2,9.93047967561952e-10,3.064962862845531e-12
3.0,2,C,"IX,XZ",1,-5.180258030576211e-09,-2.8779211280978953e-10
3.0,2,C,"IX,XZ",2,1.3468704607689716e-09,4.157007594965962e-12
3.0,2,C,"IX,YI",1,9.696043992554783e-10,5.38669110697488e-11
3.0,2,C,"IX,YI",2,-1.8787689519982784e-10,-5.798669604932958e-13
3.0,2,C,"IX,YX",1,-3.951628449527529e-09,-2.1953491386264048e-10
3.0,2,C,"IX,YX",2,1.368913797962221e-09,4.2250425863031515e-12
3.0,2,C,"IX,YY",1,-4.4651035915187796e-09,-2.480613106399322e-10
3.0,2,C,"IX,YY",2,1.1771210116027341e-09,3.6330895419837474e-12
3.0,2,C,"IX,YZ",1,-1.4425646273628986e-09,-8.014247929793881e-11
3.0,2,C,"IX,YZ",2,2.5259469102734044e-10,7.796132439115446e-13
3.0,2,C,"IX,ZI",1,2.9153653935523734e-09,1.6196474408624296e-10
3.0,2,C,"IX,ZI",2,-2.27453893732978e-10,-7.020181905338827e-13
3.0,2,C,"IX,ZX",1,-5.08363660698292e-09,-2.8242425594349557e-10
3.0,2,C,"IX,ZX",2,1.3174615785826464e-09,4.066239440069896e-12
3.0,2,C,"IX,ZY",1,-1.081080862920874e-10,-6.0060047940048554e-12
3.0,2,C,"IX,ZY",2,7.867707258465934e-12,2.428304709403066e-14
3.0,2,C,"IX,ZZ",1,-8.103388124094447e-09,-4.5018822911635816e-10
3.0,2,C,"IX,ZZ",2,1.8943881553294386e-09,5.846877022621724e-12
3.0,2,C,"IY,IZ",1,-2.505847022604773e-09,-1.3921372347804294e-10
3.0,2,C,"IY,IZ",2,5.898098073192556e-10,1.8204006398742456e-12
3.0,2,C,"IY,XI",1,1.9813062092843506e-09,1.1007256718246392e-10
3.0,2,C,"IY,XI",2,-4.5109734755839e-10,-1.3922757640691049e-12
3.0,2,C,"IY,XX",1,3.3759827106233232e-09,1.8755459503462907e-10
3.0,2,C,"IY,XX",2,-3.724259181361151e-10,-1.1494627102966515e-12
3.0,2,C,"IY,XY",1,9.692542008197275e-10,5.3847455601095974e-11
3.0,2,C,"IY,XY",2,-2.8608097405599637e-10,-8.829659693086308e-13
3.0,2,C,"IY,XZ",1,3.79994466530899e-09,2.1110803696161053e-10
3.0,2,C,"IY,XZ",2,-6.674123453579083e-10,-2.0599146461663835e-12
3.0,2,C,"IY,YI",1,1.1690754232085595e-09,6.494863462269775e-11
3.0,2,C,"IY,YI",2,-3.5891702557278635e-10,-1.1077685974468715e-12
3.0,2,C,"IY,YX",1,1.1077584516645046e-09,6.154213620358359e-11
3.0,2,C,"IY,YX",2,-1.3868051732703445e-10,-4.2802628804640265e-13
3.0,2,C,"IY,YY",1,5.736049001895906e-09,3.18669388994217e-10
3.0,2,C,"IY,YY",2,-1.123595270461834e-09,-3.4678866372278824e-12
3.0,2,C,"IY,YZ",1,-7.73547522560807e-10,-4.297486236448928e-11
3.0,2,C,"IY,YZ",2,-7.221974344655849e-11,-2.2290044273629164e-13
3.0,2,C,"IY,ZI",1,2.2211945857432046e-10,1.233996992079558e-11
3.0,2,C,"IY,ZI",2,-2.1026891228384473e-11,-6.489781243328541e-14
3.0,2,C,"IY,ZX",1,2.2346706031474155e-09,1.2414836684152308e-10
3.0,2,C,"IY,ZX",2,-5.636107288102498e-10,-1.7395392864513883e-12
3.0,2,C,"IY,ZY",1,5.074235434925701e-10,2.8190196860698338e-11
3.0,2,C,"IY,ZY",2,-4.416575612423521e-10,-1.3631406211183707e-12
3.0,2,C,"IY,ZZ",1,2.655964850522301e-10,1.4755360280679448e-11
3.0,2,C,"IY,ZZ",2,5.43296586856563e-10,1.6768413174585278e-12
3.0,2,C,"IZ,XI",1,1.978468133359304e-09,1.099148962977391e-10
3.0,2,C,"IZ,XI",2,-7.928967193252256e-10,-2.4472120966827953e-12
3.0,2,C,"IZ,XX",1,1.4108934577293935e-09,7.83829698738552e-11
3.0,2,C,"IZ,XX",2,1.99648989931724e-10,6.162005862090247e-13
3.0,2,C,"IZ,XY",1,-1.7359224025113971e-09,-9.644013347285539e-11
3.0,2,C,"IZ,XY",2,-5.609990366444534e-11,-1.7314785081618931e-13
3.0,2,C,"IZ,XZ",1,-2.3429729289637787e-09,-1.3016516272020994e-10
3.0,2,C,"IZ,XZ",2,7.250230419836024e-10,2.237725438220995e-12
3.0,2,C,"IZ,YI",1,-2.695871753396134e-09,-1.497706529664519e-10
3.0,2,C,"IZ,YI",2,7.985101724669283e-10,2.4645375693423715e-12
3.0,2,C,"IZ,YX",1,-1.5589358785558827e-09,-8.660754880866015e-11
3.0,2,C,"IZ,YX",2,3.260712792281297e-10,1.0063928371238571e-12
3.0,2,C,"IZ,YY",1,-3.05271433056572e-09,-1.6959524058698443e-10
3.0,2,C,"IZ,YY",2,1.0950493024630217e-09,3.3797817977253755e-12
3.0,2,C,"IZ,YZ",1,-1.7916798834404003e-09,-9.953777130224447e-11
3.0,2,C,"IZ,YZ",2,5.741611868963445e-10,1.7721024286924212e-12
3.0,2,C,"IZ,ZI",1,6.798376024028487e-10,3.776875568904715e-11
3.0,2,C,"IZ,ZI",2,-3.045163297957371e-10,-9.398652154189416e-13
3.0,2,C,"IZ,ZX",1,-2.3042842361082034e-09,-1.2801579089490018e-10
3.0,2,C,"IZ,ZX",2,6.356649080360436e-10,1.9619287285063075e-12
3.0,2,C,"IZ,ZY",1,-2.1583646493164273e-09,-1.1990914718424596e-10
3.0,2,C,"IZ,ZY",2,4.099255411960821e-10,1.2652022876422288e-12
3.0,2,C,"IZ,ZZ",1,-1.2735437417044022e-09,-7.075243009468901e-11
3.0,2,C,"IZ,ZZ",2,-1.192979916737725e-10,-3.6820367800547067e-13
3.0,2,C,"XI,XX",1,1.631534884550286e-08,9.064082691946034e-10
3.0,2,C,"XI,XX",2,-3.38832943784456e-09,-1.0457806906927655e-11
3.0,2,C,"XI,XY",1,-3.5011838828203658e-09,-1.9451021571224253e-10
3.0,2,C,"XI,XY",2,7.309130316718304e-10,2.2559044187402173e-12
3.0,2,C,"XI,XZ",1,-6.543199891637005e-09,-3.635111050909447e-10
3.0,2,C,"XI,XZ",2,1.6371872026831863e-09,5.0530469218616865e-12
3.0,2,C,"XI,YI",1,5.50475676330195e-10,3.058198201834417e-11
3.0,2,C,"XI,YI",2,-1.7688470559826255e-10,-5.459404493773536e-13
3.0,2,C,"XI,YX",1,-3.834582849388864e-09,-2.1303238052160357e-10
3.0,2,C,"XI,YX",2,1.280376024490449e-09,3.951777853365583e-12
3.0,2,C,"XI,YY",1,-7.072676873952713e-09,-3.9292649299737294e-10
3.0,2,C,"XI,YY",2,1.7510506220343657e-09,5.404477228501128e-12
3.0,2,C,"XI,YZ",1,2.230429097949563e-09,1.2391272766386462e-10
3.0,2,C,"XI,YZ",2,-4.830565842212191e-10,-1.4909153833988244e-12
3.0,2,C,"XI,ZI",1,3.517545489776737e-09,1.9541919387648539e-10
3.0,2,C,"XI,ZI",2,-2.9675211478442473e-10,-9.15901588840817e-13
3.0,2,C,"XI,ZX",1,-5.4295254020600236e-09,-3.0164030011444576e-10
3.0,2,C,"XI,ZX",2,1.4621103464395052e-09,4.512686254442918e-12
3.0,2,C,"XI,ZY",1,-6.798571434424961e-10,-3.7769841302360894e-11
3.0,2,C,"XI,ZY",2,2.2264075129900648e-10,6.871628126512546e-13
3.0,2,C,"XI,ZZ",1,-5.566733961831902e-09,-3.092629978795501e-10
3.0,2,C,"XI,ZZ",2,1.1946219742398805e-09,3.687104858765063e-12
3.0,2,C,"XX,XY",1,7.53932337241567e-10,4.188512984675372e-11
3.0,2,C,"XX,XY",2,-2.600398107787758e-10,-8.025920085764686e-13
3.0,2,C,"XX,XZ",1,8.29572426342793e-09,4.6087357019044056e-10
3.0,2,C,"XX,XZ",2,-2.3022283968319145e-09,-7.105643200098501e-12
3.0,2,C,"XX,YI",1,2.976187939691238e-09,1.65343774427291e-10
3.0,2,C,"XX,YI",2,-2.7642388275711244e-10,-8.531601319663964e-13
3.0,2,C,"XX,YX",1,-1.4187803135041491e-09,-7.882112852800828e-11
3.0,2,C,"XX,YX",2,4.859399319507497e-10,1.4998146047862646e-12
3.0,2,C,"XX,YY",1,1.1968070899197973e-08,6.648928277332208e-10
3.0,2,C,"XX,YY",2,-2.866301651026663e-09,-8.84661003403291e-12
3.0,2,C,"XX,YZ",1,-2.112452057639637e-09,-1.173584476466465e-10
3.0,2,C,"XX,YZ",2,7.696426322753572e-11,2.37544022307209e-13
3.0,2,C,"XX,ZI",1,1.3382879909737674e-08,7.434933283187597e-10
3.0,2,C,"XX,ZI",2,-4.29373037925532e-09,-1.3252254256960864e-11
3.0,2,C,"XX,ZX",1,1.2772760272802206e-08,7.095977929334559e-10
3.0,2,C,"XX,ZX",2,-3.3036246534207443e-09,-1.0196372387101063e-11
3.0,2,C,"XX,ZY",1,-4.696636519860164e-09,-2.6092425110334243e-10
3.0,2,C,"XX,ZY",2,6.434144364188021e-10,1.985847025983957e-12
3.0,2,C,"XX,ZZ",1,1.5862799779222427e-10,8.812666544012459e-12
3.0,2,C,"XX,ZZ",2,1.0136824667153335e-10,3.128649588627572e-13
3.0,2,C,"XY,XZ",1,-2.475798909765069e-09,-1.3754438387583716e-10
3.0,2,C,"XY,XZ",2,3.679912349104607e-10,1.1357754163903108e-12
3.0,2,C,"XY,YI",1,4.709242943048406e-09,2.616246079471337e-10
3.0,2,C,"XY,YI",2,-1.0908072920189165e-09,-3.3666891728978905e-12
3.0,2,C,"XY,YX",1,-2.965039649130011e-09,-1.6472442495166728e-10
3.0,2,C,"XY,YX",2,6.499275366738348e-10,2.0059491872649223e-12
3.0,2,C,"XY,YY",1,3.1050532566394276e-09,1.7250295870219043e-10
3.0,2,C,"XY,YY",2,-1.14459171082528e-09,-3.5326904655101234e-12
3.0,2,C,"XY,YZ",1,-4.765202348399263e-10,-2.6473346379995906e-11
3.0,2,C,"XY,YZ",2,7.430626618406594e-10,2.293403277285986e-12
3.0,2,C,"XY,ZI",1,-4.427159036526276e-09,-2.4595327980701535e-10
3.0,2,C,"XY,ZI",2,9.928629182149434e-10,3.0643917228856276e-12
3.0,2,C,"XY,ZX",1,4.797837264818915e-09,2.6654651471216194e-10
3.0,2,C,"XY,ZX",2,-1.1753948510757491e-09,-3.627761886036263e-12
3.0,2,C,"XY,ZY",1,1.2360782485954537e-09,6.867101381085855e-11
3.0,2,C,"XY,ZY",2,1.033181625537507e-10,3.188832177584898e-13
3.0,2,C,"XY,ZZ",1,-1.2582659282297778e-09,-6.99036626794321e-11
3.0,2,C,"XY,ZZ",2,-1.0276109498158273e-10,-3.171638733999467e-13
3.0,2,C,"XZ,YI",1,-2.5643948578228324e-10,-1.4246638099015736e-11
3.0,2,C,"XZ,YI",2,-1.0423192638649425e-10,-3.2170347650152544e-13
3.0,2,C,"XZ,YX",1,1.827290182231554e-09,1.0151612123508634e-10
3.0,2,C,"XZ,YX",2,-4.284865049383768e-10,-1.3224892127727678e-12
3.0,2,C,"XZ,YY",1,4.936785588820823e-09,2.742658660456013e-10
3.0,2,C,"XZ,YY",2,-1.1229146687492691e-09,-3.465786014658238e-12
3.0,2,C,"XZ,YZ",1,-5.543811832906692e-10,-3.07989546272594e-11
3.0,2,C,"XZ,YZ",2,-9.052701219639645e-11,-2.7940435863085324e-13
3.0,2,C,"XZ,ZI",1,8.45129599733595e-10,4.695164442964417e-11
3.0,2,C,"XZ,ZI",2,-1.5143646616575238e-10,-4.673965005115814e-13
3.0,2,C,"XZ,ZX",1,8.222054920991159e-10,4.567808289439533e-11
3.0,2,C,"XZ,ZX",2,-2.592417079698017e-10,-8.001287283018571e-13
3.0,2,C,"XZ,ZY",1,8.658040087807761e-10,4.810022271004312e-11
3.0,2,C,"XZ,ZY",2,-5.710304316052165e-10,-1.7624396037198038e-12
3.0,2,C,"XZ,ZZ",1,-1.4359250863355536e-09,-7.977361590753075e-11
3.0,2,C,"XZ,ZZ",2,7.466316226075024e-10,2.3044185882947606e-12
3.0,2,C,"YI,YX",1,4.681635514007063e-09,2.600908618892813e-10
3.0,2,C,"YI,YX",2,-6.733183931993635e-10,-2.0781431888869243e-12
3.0,2,C,"YI,YY",1,1.5560674840838173e-09,8.644819356021207e-11
3.0,2,C,"YI,YY",2,-6.144851600050707e-10,-1.8965591358181193e-12
3.0,2,C,"YI,YZ",1,1.4543763747422205e-09,8.079868748567892e-11
3.0,2,C,"YI,YZ",2,-2.4739027668173206e-10,-7.635502366720126e-13
3.0,2,C,"YI,ZI",1,4.167059267256963e-09,2.3150329262538684e-10
3.0,2,C,"YI,ZI",2,-1.523496646017045e-09,-4.702150142027917e-12
3.0,2,C,"YI,ZX",1,3.495018729942982e-09,1.9416770721905455e-10
3.0,2,C,"YI,ZX",2,-1.589796773195684e-09,-4.9067801641842095e-12
3.0,2,C,"YI,ZY",1,-9.866742150597212e-11,-5.4815234169984515e-12
3.0,2,C,"YI,ZY",2,1.0494644587408278e-10,3.239087835619839e-13
3.0,2,C,"YI,ZZ",1,5.818463027208429e-10,3.2324794595602385e-11
3.0,2,C,"YI,ZZ",2,-2.2205929634388386e-10,-6.853681985922341e-13
3.0,2,C,"YX,YY",1,2.0840215693139775e-09,1.1577897607299876e-10
3.0,2,C,"YX,YY",2,-2.7288535674014095e-10,-8.422387553708054e-13
3.0,2,C,"YX,YZ",1,1.3228873588961016e-09,7.349374216089454e-11
3.0,2,C,"YX,YZ",2,-5.249329561285066e-10,-1.6201634448410696e-12
3.0,2,C,"YX,ZI",1,4.8892252271458564e-09,2.716236237303254e-10
3.0,2,C,"YX,ZI",2,-1.7580074606189671e-09,-5.425948952527677e-12
3.0,2,C,"YX,ZX",1,3.577424286631973e-09,1.9874579370177626e-10
3.0,2,C,"YX,ZX",2,-1.3883680772570287e-09,-4.285086658200706e-12
3.0,2,C,"YX,ZY",1,-1.8577249602208747e-10,-1.0320694223449303e-11
3.0,2,C,"YX,ZY",2,-1.2206479549465695e-10,-3.767431959711634e-13
3.0,2,C,"YX,ZZ",1,-2.53540103101828e-09,-1.408556128343489e-10
3.0,2,C,"YX,ZZ",2,9.111429574927812e-10,2.8121696218913e-12
3.0,2,C,"YY,YZ",1,-2.6319855752609345e-09,-1.4622142084782968e-10
3.0,2,C,"YY,YZ",2,5.973794783902642e-10,1.8437638221921734e-12
3.0,2,C,"YY,ZI",1,4.461203721325575e-10,2.4784465118475415e-11
3.0,2,C,"YY,ZI",2,-2.0507457447477297e-10,-6.329462175147313e-13
3.0,2,C,"YY,ZX",1,2.9621393941476927e-09,1.6456329967487182e-10
3.0,2,C,"YY,ZX",2,-8.014777054322021e-10,-2.4736966217043274e-12
3.0,2,C,"YY,ZY",1,1.3241333826037e-10,7.356296570020555e-12
3.0,2,C,"YY,ZY",2,-1.0779774654143228e-09,-3.3270909426367987e-12
3.0,2,C,"YY,ZZ",1,6.09243230666279e-11,3.384684614812661e-12
3.0,2,C,"YY,ZZ",2,2.4254800339857483e-10,7.486049487610334e-13
3.0,2,C,"YZ,ZI",1,8.449459594886501e-10,4.69414421938139e-11
3.0,2,C,"YZ,ZI",2,-1.981489877121204e-10,-6.115709497287667e-13
3.0,2,C,"YZ,ZX",1,6.024320472287192e-10,3.346844706826218e-11
3.0,2,C,"YZ,ZX",2,1.3289232924886242e-10,4.1016151002735314e-13
3.0,2,C,"YZ,ZY",1,2.5188129128708927e-09,1.3993405071504959e-10
3.0,2,C,"YZ,ZY",2,-4.439512209337029e-10,-1.370219817696614e-12
3.0,2,C,"YZ,ZZ",1,-5.051435873821575e-10,-2.8063532632342082e-11
3.0,2,C,"YZ,ZZ",2,-3.8085038016336054e-10,-1.1754641363066683e-12
3.0,2,C,"ZI,ZX",1,-1.1668832246001504e-09,-6.482684581111947e-11
3.0,2,C,"ZI,ZX",2,7.516551938762921e-10,2.3199234378897903e-12
3.0,2,C,"ZI,ZY",1,-1.836511413170328e-09,-1.02028411842796e-10
3.0,2,C,"ZI,ZY",2,4.3775762611448046e-10,1.351103784303952e-12
3.0,2,C,"ZI,ZZ",1,-1.3015104114194826e-09,-7.230613396774904e-11
3.0,2,C,"ZI,ZZ",2,4.849654368223498e-10,1.4968069037726845e-12
3.0,2,C,"ZX,ZY",1,6.931630755237957e-10,3.850905975132198e-11
3.0,2,C,"ZX,ZY",2,-3.7764475740733886e-10,-1.1655702389115397e-12
3.0,2,C,"ZX,ZZ",1,9.016229640180911e-10,5.0090164667671726e-11
3.0,2,C,"ZX,ZZ",2,-4.912051906988847e-10,-1.5160654033916194e-12
3.0,2,C,"ZY,ZZ",1,-4.324221776866025e-09,-2.402345431592236e-10
3.0,2,C,"ZY,ZZ",2,7.009172423514626e-10,2.1633248220724156e-12
3.0,2,A,"IX,IY",1,7.241372138218347e-09,4.022984521232415e-10
3.0,2,A,"IX,IY",2,-1.5553610010195154e-09,-4.8004969167269e-12
3.0,2,A,"IX,IZ",1,-3.1548533915220455e-09,-1.7526963286233587e-10
3.0,2,A,"IX,IZ",2,3.83569617043476e-10,1.183856842726778e-12
3.0,2,A,"IX,XI",1,1.419719417568902e-08,7.887330097605011e-10
3.0,2,A,"IX,XI",2,-2.3116971075672365e-09,-7.134867615948261e-12
3.0,2,A,"IX,XX",1,1.5723099403710047e-08,8.735055224283359e-10
3.0,2,A,"IX,XX",2,-1.3354783014357255e-09,-4.121846609369523e-12
3.0,2,A,"IX,XY",1,-5.011867769483584e-09,-2.7843709830464353e-10
3.0,2,A,"IX,XY",2,1.6133905740286012e-09,4.9796005371253124e-12
3.0,2,A,"IX,XZ",1,6.166323392765721e-10,3.4257352182031785e-11
3.0,2,A,"IX,XZ",2,-8.831125447392035e-11,-2.7256560022814923e-13
3.0,2,A,"IX,YI",1,5.111969233470446e-09,2.8399829074835814e-10
3.0,2,A,"IX,YI",2,-8.807130836020897e-10,-2.718250258031141e-12
3.0,2,A,"IX,YX",1,-1.0065184935794614e-08,-5.591769408774785e-10
3.0,2,A,"IX,YX",2,2.3077932829548183e-09,7.122818774551908e-12
3.0,2,A,"IX,YY",1,-2.3739029393889564e-09,-1.318834966327198e-10
3.0,2,A,"IX,YY",2,1.489667411890505e-10,4.597738925587978e-13
3.0,2,A,"IX,YZ",1,2.4570114581848624e-09,1.3650063656582569e-10
3.0,2,A,"IX,YZ",2,-7.939193567792971e-10,-2.4503683851212875e-12
3.0,2,A,"IX,ZI",1,-1.3318846414527617e-09,-7.39935911918201e-11
3.0,2,A,"IX,ZI",2,7.66180764542604e-10,2.364755446119148e-12
3.0,2,A,"IX,ZX",1,7.165869920168983e-10,3.981038844538324e-11
3.0,2,A,"IX,ZX",2,-2.700817632737619e-10,-8.335856891165491e-13
3.0,2,A,"IX,ZY",1,-5.263499308443149e-09,-2.924166282468416e-10
3.0,2,A,"IX,ZY",2,1.3114938503239837e-09,4.047820525691308e-12
3.0,2,A,"IX,ZZ",1,-3.431794855081126e-09,-1.9065526972672924e-10
3.0,2,A,"IX,ZZ",2,4.060397190444214e-10,1.2532090093963623e-12
3.0,2,A,"IY,IZ",1,-1.4723377834959994e-09,-8.179654352755552e-11
3.0,2,A,"IY,IZ",2,-1.3874174565436386e-10,-4.2821526436532056e-13
3.0,2,A,"IY,XI",1,-5.81990214167165e-09,-3.233278967595361e-10
3.0,2,A,"IY,XI",2,1.3891695165564422e-09,4.287560236285316e-12
3.0,2,A,"IY,XX",1,3.207895588302428e-09,1.7821642157235713e-10
3.0,2,A,"IY,XX",2,-1.411903213598873e-09,-4.357725967897756e-12
3.0,2,A,"IY,XY",1,3.374073207834637e-09,1.8744851154636873e-10
3.0,2,A,"IY,XY",2,-3.928002001795129e-10,-1.2123462968503485e-12
3.0,2,A,"IY,XZ",1,-7.176649720673955e-10,-3.987027622596641e-11
3.0,2,A,"IY,XZ",2,-1.8628805583541934e-10,-5.749631352945041e-13
3.0,2,A,"IY,YI",1,1.4701350597225512e-09,8.167416998458618e-11
3.0,2,A,"IY,YI",2,-4.983195639816894e-10,-1.538023345622498e-12
3.0,2,A,"IY,YX",1,-2.448886258184249e-09,-1.360492365657916e-10
3.0,2,A,"IY,YX",2,7.182324818810744e-10,2.216766919386032e-12
3.0,2,A,"IY,YY",1,5.908938422365845e-10,3.282743567981025e-11
3.0,2,A,"IY,YY",2,-7.159900639490302e-10,-2.209845876385896e-12
3.0,2,A,"IY,YZ",1,-1.332811709909401e-09,-7.404509499496672e-11
3.0,2,A,"IY,YZ",2,4.771187621468716e-10,1.4725887720582454e-12
3.0,2,A,"IY,ZI",1,-2.3015416488008094e-09,-1.278634249333783e-10
3.0,2,A,"IY,ZI",2,6.48826827589331e-10,2.0025519370041077e-12
3.0,2,A,"IY,ZX",1,2.1804609540809258e-09,1.2113671967116254e-10
3.0,2,A,"IY,ZX",2,-8.847820388916412e-10,-2.7308087620112383e-12
3.0,2,A,"IY,ZY",1,-2.4460221664421726e-10,-1.3589012035789848e-11
3.0,2,A,"IY,ZY",2,1.6008616771711193e-10,4.940931102379997e-13
3.0,2,A,"IY,ZZ",1,2.257496840423048e-09,1.2541649113461379e-10
3.0,2,A,"IY,ZZ",2,-1.9649405475046045e-10,-6.064631319458656e-13
3.0,2,A,"IZ,XI",1,3.6883546503618363e-09,2.0490859168676868e-10
3.0,2,A,"IZ,XI",2,-6.104502667094725e-10,-1.884105761448989e-12
3.0,2,A,"IZ,XX",1,2.4927227201272785e-09,1.3848459556262658e-10
3.0,2,A,"IZ,XX",2,-5.765062208284289e-10,-1.7793401877420643e-12
3.0,2,A,"IZ,XY",1,-4.0326141605361434e-09,-2.2403412002978574e-10
3.0,2,A,"IZ,XY",2,6.175717165858084e-10,1.906085545017927e-12
3.0,2,A,"IZ,XZ",1,2.490408367149602e-09,1.3835602039720011e-10
3.0,2,A,"IZ,XZ",2,-2.8348438500357317e-11,-8.749518055665839e-14
3.0,2,A,"IZ,YI",1,4.397211950289856e-11,2.442895527938809e-12
3.0,2,A,"IZ,YI",2,5.060086943558332e-11,1.5617552294933125e-13
3.0,2,A,"IZ,YX",1,-6.792594072039699e-10,-3.7736633733553886e-11
3.0,2,A,"IZ,YX",2,2.476664255366293e-10,7.644025479525597e-13
3.0,2,A,"IZ,YY",1,2.0167220292948486e-09,1.120401127386027e-10
3.0,2,A,"IZ,YY",2,-1.1899152373626204e-10,-3.6725778930945075e-13
3.0,2,A,"IZ,YZ",1,1.2602023218425527e-09,7.001124010236404e-11
3.0,2,A,"IZ,YZ",2,-5.31898184645948e-10,-1.6416610637220615e-12
3.0,2,A,"IZ,ZI",1,1.2531226082345346e-10,6.961792267969636e-12
3.0,2,A,"IZ,ZI",2,1.77141160810544e-12,5.46731977810321e-15
3.0,2,A,"IZ,ZX",1,4.5513624817958535e-11,2.5285347121088076e-12
3.0,2,A,"IZ,ZX",2,1.301342655253229e-10,4.0164896767074975e-13
3.0,2,A,"IZ,ZY",1,-4.161746288532592e-10,-2.3120812714069955e-11
3.0,2,A,"IZ,ZY",2,1.4303389573402012e-10,4.414626411543831e-13
3.0,2,A,"IZ,ZZ",1,-1.1797560208559091e-09,-6.554200115866162e-11
3.0,2,A,"IZ,ZZ",2,5.233976869268179e-10,1.6154249596506724e-12
3.0,2,A,"XI,XX",1,-2.498032428566923e-09,-1.3877957936482905e-10
3.0,2,A,"XI,XX",2,4.5882619026301546e-10,1.4161302168611588e-12
3.0,2,A,"XI,XY",1,-3.629591350872896e-09,-2.0164396393738313e-10
3.0,2,A,"XI,XY",2,1.398495007937145e-09,4.316342617089953e-12
3.0,2,A,"XI,XZ",1,-1.6735916070087136e-09,-9.29773115004841e-11
3.0,2,A,"XI,XZ",2,3.238173155767559e-10,9.994361591875181e-13
3.0,2,A,"XI,YI",1,9.20377506842361e-09,5.11320837134645e-10
3.0,2,A,"XI,YI",2,-2.3533608349564013e-09,-7.263459367149387e-12
3.0,2,A,"XI,YX",1,-3.013094383492449e-09,-1.6739413241624717e-10
3.0,2,A,"XI,YX",2,2.882440498552201e-10,8.896421291827781e-13
3.0,2,A,"XI,YY",1,-4.433172412171813e-09,-2.462873562317674e-10
3.0,2,A,"XI,YY",2,5.709842711855856e-10,1.7622971332888443e-12
3.0,2,A,"XI,YZ",1,4.769648871849877e-09,2.649804928805487e-10
3.0,2,A,"XI,YZ",2,-1.3414612308848609e-09,-4.140312441002657e-12
3.0,2,A,"XI,ZI",1,1.5989231731237687e-09,8.882906517354271e-11
3.0,2,A,"XI,ZI",2,2.873320119169581e-10,8.868271972745619e-13
3.0,2,A,"XI,ZX",1,3.3929383345998744e-10,1.8849657414443747e-11
3.0,2,A,"XI,ZX",2,-2.351493933810073e-12,-7.257697326574299e-15
3.0,2,A,"XI,ZY",1,-4.6358247338148395e-09,-2.575458185452689e-10
3.0,2,A,"XI,ZY",2,1.0632924554200845e-09,3.2817668377163104e-12
3.0,2,A,"XI,ZZ",1,-4.69863596259316e-09,-2.6103533125517554e-10
3.0,2,A,"XI,ZZ",2,7.100330022437835e-10,2.1914598834684675e-12
3.0,2,A,"XX,XY",1,6.300355702812825e-09,3.5001976126737916e-10
3.0,2,A,"XX,XY",2,-2.461144783766935e-09,-7.596125875823872e-12
3.0,2,A,"XX,XZ",1,1.5940380192813067e-09,8.855766773785037e-11
3.0,2,A,"XX,XZ",2,-3.2747416862426926e-10,-1.0107227426674978e-12
3.0,2,A,"XX,YI",1,-3.3969708491991585e-10,-1.887206027332866e-11
3.0,2,A,"XX,YI",2,-6.164851784645043e-10,-1.9027320322978525e-12
3.0,2,A,"XX,YX",1,2.1518087263626014e-08,1.1954492924236675e-09
3.0,2,A,"XX,YX",2,-4.6766951236651665e-09,-1.4434244208843107e-11
3.0,2,A,"XX,YY",1,4.677646911512438e-14,2.5986927286180213e-15
3.0,2,A,"XX,YY",2,-1.5713840869847054e-14,-4.849950885755264e-17
3.0,2,A,"XX,YZ",1,-1.0050678332669131e-08,-5.583710184816184e-10
3.0,2,A,"XX,YZ",2,2.5916390048179578e-09,7.998885817339376e-12
3.0,2,A,"XX,ZI",1,1.5847828701347545e-10,8.804349278526414e-12
3.0,2,A,"XX,ZI",2,-1.0919887619234682e-10,-3.370335684948976e-13
3.0,2,A,"XX,ZX",1,1.632295052511235e-09,9.06830584728464e-11
3.0,2,A,"XX,ZX",2,-1.8607721671061247e-09,-5.743123972549767e-12
3.0,2,A,"XX,ZY",1,-1.4873857084812816e-09,-8.26325393600712e-11
3.0,2,A,"XX,ZY",2,3.3653203725745157e-10,1.0386791273378134e-12
3.0,2,A,"XX,ZZ",1,7.470228887851746e-09,4.150127159917637e-10
3.0,2,A,"XX,ZZ",2,-9.183729416931002e-10,-2.8344843879416676e-12
3.0,2,A,"XY,XZ",1,-4.057536640026152e-09,-2.254187022236751e-10
3.0,2,A,"XY,XZ",2,8.666277854898778e-10,2.674777115709499e-12
3.0,2,A,"XY,YI",1,-1.472006704611063e-09,-8.177815025617016e-11
3.0,2,A,"XY,YI",2,2.9229061784513485e-10,9.021315365590582e-13
3.0,2,A,"XY,YX",1,2.8871752388421108e-09,1.6039862438011727e-10
3.0,2,A,"XY,YX",2,-6.763773918732691e-10,-2.087584542818732e-12
3.0,2,A,"XY,YY",1,-3.183858704734291e-09,-1.7688103915190505e-10
3.0,2,A,"XY,YY",2,1.0960400649938094e-09,3.382839706771017e-12
3.0,2,A,"XY,YZ",1,-7.341163817325512e-10,-4.078424342958618e-11
3.0,2,A,"XY,YZ",2,2.5181054413694956e-10,7.771930374597209e-13
3.0,2,A,"XY,ZI",1,3.1737183750646545e-09,1.763176875035919e-10
3.0,2,A,"XY,ZI",2,-8.426291841281021e-10,-2.6007073584200684e-12
3.0,2,A,"XY,ZX",1,-1.993525488051721e-09,-1.1075141600287339e-10
3.0,2,A,"XY,ZX",2,6.288516456428452e-10,1.9409001408729792e-12
3.0,2,A,"XY,ZY",1,-5.9523192908486165e-09,-3.306844050471454e-10
3.0,2,A,"XY,ZY",2,1.3970992516447778e-09,4.312034727298697e-12
3.0,2,A,"XY,ZZ",1,5.0503349408958275e-09,2.805741633831015e-10
3.0,2,A,"XY,ZZ",2,-1.5693419603945053e-09,-4.843648025908967e-12
3.0,2,A,"XZ,YI",1,3.6849290115797135e-09,2.047182784210952e-10
3.0,2,A,"XZ,YI",2,-9.151497241427322e-10,-2.8245361856257168e-12
3.0,2,A,"XZ,YX",1,-3.5035049547021397e-09,-1.9463916415011888e-10
3.0,2,A,"XZ,YX",2,9.506781157096056e-10,2.9341917151531037e-12
3.0,2,A,"XZ,YY",1,2.1182265739060534e-09,1.1767925410589186e-10
3.0,2,A,"XZ,YY",2,-9.168479350096472e-10,-2.829777577190269e-12
3.0,2,A,"XZ,YZ",1,-2.6256357494455995e-09,-1.4586865274697776e-10
3.0,2,A,"XZ,YZ",2,8.818433138239273e-10,2.721738622913356e-12
3.0,2,A,"XZ,ZI",1,-5.431426751776222e-09,-3.0174593065423455e-10
3.0,2,A,"XZ,ZI",2,1.2936596877193728e-09,3.992776813948681e-12
3.0,2,A,"XZ,ZX",1,3.6200538963346747e-09,2.0111410535192637e-10
3.0,2,A,"XZ,ZX",2,-1.1052640667701547e-09,-3.411308848056033e-12
3.0,2,A,"XZ,ZY",1,2.9825211257347247e-09,1.656956180963736e-10
3.0,2,A,"XZ,ZY",2,-4.5910378959680164e-10,-1.4169870049284001e-12
3.0,2,A,"XZ,ZZ",1,6.717199605039939e-10,3.731777558355521e-11
3.0,2,A,"XZ,ZZ",2,-5.567309369431282e-11,-1.7183053609355809e-13
3.0,2,A,"YI,YX",1,-6.238616998967332e-10,-3.465898332759629e-11
3.0,2,A,"YI,YX",2,1.7916630226192437e-10,5.529824143886555e-13
3.0,2,A,"YI,YY",1,2.2449468770974828e-10,1.2471927094986015e-11
3.0,2,A,"YI,YY",2,4.991988011931309e-11,1.5407370407195397e-13
3.0,2,A,"YI,YZ",1,-2.142783238953107e-09,-1.190435132751726e-10
3.0,2,A,"YI,YZ",2,4.342414920897978e-10,1.3402515187956722e-12
3.0,2,A,"YI,ZI",1,-2.3202426869562984e-10,-1.2890237149757213e-11
3.0,2,A,"YI,ZI",2,2.4417436830685995e-10,7.536245935396912e-13
3.0,2,A,"YI,ZX",1,3.516794149592148e-10,1.9537745275511934e-11
3.0,2,A,"YI,ZX",2,-5.691641095288787e-11,-1.7566793503977737e-13
3.0,2,A,"YI,ZY",1,-3.202818523728614e-09,-1.7793436242936746e-10
3.0,2,A,"YI,ZY",2,6.241958403053348e-10,1.9265303713127617e-12
3.0,2,A,"YI,ZZ",1,2.3849165417165486e-09,1.3249536342869716e-10
3.0,2,A,"YI,ZZ",2,-7.703268917620487e-10,-2.3775521350680516e-12
3.0,2,A,"YX,YY",1,3.90302929490204e-09,2.1683496082789112e-10
3.0,2,A,"YX,YY",2,-1.2794678807955573e-09,-3.9489749407270286e-12
3.0,2,A,"YX,YZ",1,-4.634219217825575e-09,-2.5745662321253194e-10
3.0,2,A,"YX,YZ",2,1.2095188811643197e-09,3.733082966556542e-12
3.0,2,A,"YX,ZI",1,-1.784102652597558e-09,-9.911681403319766e-11
3.0,2,A,"YX,ZI",2,5.331999946989242e-10,1.645678995984334e-12
3.0,2,A,"YX,ZX",1,1.440641376677381e-10,8.003563203763228e-12
3.0,2,A,"YX,ZX",2,-8.92395539653935e-11,-2.75430722115412e-13
3.0,2,A,"YX,ZY",1,9.810285342894836e-10,5.4501585238304643e-11
3.0,2,A,"YX,ZY",2,-2.95021528161122e-11,-9.105602721022284e-14
3.0,2,A,"YX,ZZ",1,2.0558895177087573e-10,1.1421608431715319e-11
3.0,2,A,"YX,ZZ",2,-7.139857594162766e-13,-2.2036597512848044e-15
3.0,2,A,"YY,YZ",1,-1.8192664189824235e-09,-1.0107035661013464e-10
3.0,2,A,"YY,YZ",2,-1.3132361950980536e-10,-4.0531981330186843e-13
3.0,2,A,"YY,ZI",1,-1.952023496515611e-09,-1.0844574980642284e-10
3.0,2,A,"YY,ZI",2,7.752055832662137e-10,2.3926098248957213e-12
3.0,2,A,"YY,ZX",1,3.98910937995651e-10,2.2161718777536167e-11
3.0,2,A,"YY,ZX",2,-4.389434119869625e-10,-1.3547636172437114e-12
3.0,2,A,"YY,ZY",1,-3.8336275146766194e-09,-2.129793063709233e-10
3.0,2,A,"YY,ZY",2,7.323605578194929e-10,2.260372092035472e-12
3.0,2,A,"YY,ZZ",1,4.777108540196608e-09,2.653949188998116e-10
3.0,2,A,"YY,ZZ",2,-7.299382039407434e-11,-2.252895691175134e-13
3.0,2,A,"YZ,ZI",1,1.5204435296694667e-09,8.446908498163703e-11
3.0,2,A,"YZ,ZI",2,-4.772684073408496e-10,-1.4730506399408937e-12
3.0,2,A,"YZ,ZX",1,1.238410235397736e-09,6.880056863320755e-11
3.0,2,A,"YZ,ZX",2,-2.2454952042208777e-10,-6.930540753768141e-13
3.0,2,A,"YZ,ZY",1,2.9082484754536954e-09,1.6156935974742752e-10
3.0,2,A,"YZ,ZY",2,-1.514884363746825e-09,-4.6755690239099535e-12
3.0,2,A,"YZ,ZZ",1,-2.6487867230702965e-09,-1.4715481794834981e-10
3.0,2,A,"YZ,ZZ",2,7.27797986361394e-10,2.2462900813623273e-12
3.0,2,A,"ZI,ZX",1,-1.5916846231257856e-09,-8.842692350698808e-11
3.0,2,A,"ZI,ZX",2,3.699136312549075e-10,1.1417087384410725e-12
3.0,2,A,"ZI,ZY",1,2.6689857192105494e-09,1.482769844005861e-10
3.0,2,A,"ZI,ZY",2,-3.485872636307961e-10,-1.0758866161444324e-12
3.0,2,A,"ZI,ZZ",1,-1.6815947466277931e-09,-9.342193036821073e-11
3.0,2,A,"ZI,ZZ",2,4.475916226863583e-10,1.3814556255751799e-12
3.0,2,A,"ZX,ZY",1,-4.621019575632311e-09,-2.567233097573506e-10
3.0,2,A,"ZX,ZY",2,8.430180393191455e-10,2.6019075287627945e-12
3.0,2,A,"ZX,ZZ",1,4.750705969925331e-09,2.639281094402962e-10
3.0,2,A,"ZX,ZZ",2,-1.0237633829056904e-09,-3.159763527486699e-12
3.0,2,A,"ZY,ZZ",1,-6.593207868798377e-10,-3.6628932604435425e-11
3.0,2,A,"ZY,ZZ",2,-9.386796588659094e-10,-2.8971594409441646e-12
3.0,3,H,IX,1,-1.8882280140148586e-08,-1.049015563341588e-09
3.0,3,H,IX,2,1.395275994241742e-08,4.306407389635006e-11
3.0,3,H,IX,3,-2.3726252264466297e-09,-4.0682874253200096e-13
3.0,3,H,IY,1,-1.0035466427675794e-08,-5.575259126486552e-10
3.0,3,H,IY,2,3.4689023194137393e-09,1.0706488640165863e-11
3.0,3,H,IY,3,-2.0826085594055341e-10,-3.571002330942274e-14
3.0,3,H,IZ,1,-1.2516147764707682e-10,-6.953415424837601e-12
3.0,3,H,IZ,2,9.58632671205412e-11,2.958742812362383e-13
3.0,3,H,IZ,3,-2.1457341145369195e-11,-3.679242308876748e-15
3.0,3,H,XI,1,4.047169478184163e-08,2.2484274878800904e-09
3.0,3,H,XI,2,-2.5389966196901792e-08,-7.836409320031417e-11
3.0,3,H,XI,3,4.481705396610874e-09,7.684680035341005e-13
3.0,3,H,XX,1,-0.00016219661621076078,-9.010923122820043e-06
3.0,3,H,XX,2,1.5728506933094768e-06,4.8544774484860394e-09
3.0,3,H,XX,3,5.84505204605581e-10,1.0022380051536025e-13
3.0,3,H,XY,1,5.908545924400388e-09,3.2825255135557714e-10
3.0,3,H,XY,2,-7.302829749487861e-09,-2.2539597992246485e-11
3.0,3,H,XY,3,1.301362958918667e-09,2.231417967967536e-13
3.0,3,H,XZ,1,1.4323893077588804e-08,7.957718376438224e-10
3.0,3,H,XZ,2,-1.081294112272306e-08,-3.33732750701329e-11
3.0,3,H,XZ,3,1.9493995167877924e-09,3.3425917640394245e-13
3.0,3,H,YI,1,-3.576526983203088e-08,-1.9869594351128266e-09
3.0,3,H,YI,2,2.3907495810423795e-08,7.378856731612283e-11
3.0,3,H,YI,3,-3.756709519915068e-09,-6.441545816040926e-13
3.0,3,H,YX,1,-4.6920143281734046e-08,-2.6066746267630026e-09
3.0,3,H,YX,2,3.452356869768129e-08,1.0655422437555955e-10
3.0,3,H,YX,3,-5.513902074639867e-09,-9.454564599862598e-13
3.0,3,H,YY,1,3.636993514412649e-08,2.0205519524514716e-09
3.0,3,H,YY,2,-2.7300121107957104e-08,-8.425963304925032e-11
3.0,3,H,YY,3,4.815932902526002e-09,8.257772466608371e-13
3.0,3,H,YZ,1,-6.177125285592127e-09,-3.431736269773404e-10
3.0,3,H,YZ,2,7.55362417718765e-09,2.3313654867863117e-11
3.0,3,H,YZ,3,-1.4550367954355675e-09,-2.4949190593888333e-13
3.0,3,H,ZI,1,-7.724446731521743e-09,-4.2913592952898567e-10
3.0,3,H,ZI,2,5.172012726455442e-09,1.5963002242146426e-11
3.0,3,H,ZI,3,-8.075799290843571e-10,-1.384739247401161e-13
3.0,3,H,ZX,1,1.2371935748539553e-08,6.87329763807753e-10
3.0,3,H,ZX,2,-9.92372023991522e-09,-3.062876617257784e-11
3.0,3,H,ZX,3,1.808938038233629e-09,3.101745607396483e-13
3.0,3,H,ZY,1,1.3770854929592896e-08,7.650474960884942e-10
3.0,3,H,ZY,2,-5.094045936624741e-09,-1.5722364001928212e-11
3.0,3,H,ZY,3,4.4207519145464003e-10,7.580164462528122e-14
3.0,3,H,ZZ,1,-7.822322154774456e-15,-4.345734530430253e-16
3.0,3,H,ZZ,2,8.002421711329788e-15,2.4698832442375887e-17
3.0,3,H,ZZ,3,-1.7151484232862497e-15,-2.940926651725394e-19
3.0,3,S,IX,1,0.001431412094572675,7.952289414292638e-05
3.0,3,S,IX,2,-8.955885437790484e-06,-2.7641621721575567e-08
3.0,3,S,IX,3,5.718639229776201e-08,9.805622821975654e-12
3.0,3,S,IY,1,1.2925489063310118e-08,7.18082725739451e-10
3.0,3,S,IY,2,-8.755463524722248e-09,-2.7023035570130397e-11
3.0,3,S,IY,3,1.515172703931507e-09,2.5980327570842025e-13
3.0,3,S,IZ,1,7.015752765299625e-09,3.8976404251664584e-10
3.0,3,S,IZ,2,-4.090281014279812e-09,-1.2624324118147566e-11
3.0,3,S,IZ,3,6.279245033014312e-10,1.0766881057980645e-13
3.0,3,S,XI,1,0.0014314795073397902,7.952663929665501e-05
3.0,3,S,XI,2,-9.015347096171565e-06,-2.7825145358554214e-08
3.0,3,S,XI,3,6.724917025635288e-08,1.1531064858771071e-11
3.0,3,S,XX,1,0.00013351786979948224,7.417659433304569e-06
3.0,3,S,XX,2,6.092241497718544e-06,1.880321449913131e-08
3.0,3,S,XX,3,-6.363185634127193e-08,-1.0910812129847725e-11
3.0,3,S,XY,1,2.6203719507764843e-08,1.4557621948758246e-09
3.0,3,S,XY,2,-1.9150868912902158e-08,-5.910762010154987e-11
3.0,3,S,XY,3,3.2360150020341048e-09,5.548722568645585e-13
3.0,3,S,XZ,1,2.8473319491900033e-08,1.5818510828833352e-09
3.0,3,S,XZ,2,-2.1299839157307376e-08,-6.574024431267709e-11
3.0,3,S,XZ,3,3.5953645516834615e-09,6.164891206590298e-13
3.0,3,S,YI,1,2.532499693911947e-08,1.406944274395526e-09
3.0,3,S,YI,2,-2.129208082166248e-08,-6.571629883229161e-11
3.0,3,S,YI,3,3.767377841864009e-09,6.459838549149536e-13
3.0,3,S,YX,1,2.675387274869962e-08,1.4863262638166455e-09
3.0,3,S,YX,2,-2.078245050360549e-08,-6.414336575186879e-11
3.0,3,S,YX,3,3.66250215475636e-09,6.280010553423114e-13
3.0,3,S,YY,1,1.9895559974345907e-08,1.1053088874636616e-09
3.0,3,S,YY,2,-1.2520843333114735e-08,-3.8644578188625725e-11
3.0,3,S,YY,3,2.143365927437294e-09,3.6751816314082545e-13
3.0,3,S,YZ,1,2.0488131816256253e-08,1.1382295453475696e-09
3.0,3,S,YZ,2,-1.4568968825146643e-08,-4.496595316403285e-11
3.0,3,S,YZ,3,2.3788386046129356e-09,4.078941365934389e-13
3.0,3,S,ZI,1,1.1820547471956397e-08,6.566970817753553e-10
3.0,3,S,ZI,2,-8.814339147564516e-09,-2.7204750455446035e-11
3.0,3,S,ZI,3,1.5849205376274095e-09,2.717627808003103e-13
3.0,3,S,ZX,1,6.795657750774677e-09,3.775365417097043e-10
3.0,3,S,ZX,2,-4.788566333313129e-09,-1.477952572010225e-11
3.0,3,S,ZX,3,8.500699020381308e-10,1.457595853974847e-13
3.0,3,S,ZY,1,1.3154594483066082e-08,7.308108046147824e-10
3.0,3,S,ZY,2,-7.501979681729817e-09,-2.315425827694388e-11
3.0,3,S,ZY,3,1.2183777272228574e-09,2.089125046678425e-13
3.0,3,S,ZZ,1,4.734716342973215e-09,2.630397968318453e-10
3.0,3,S,ZZ,2,5.258469280111103e-10,1.6229843457133032e-12
3.0,3,S,ZZ,3,-1.4745078503352889e-10,-2.52830564186435e-14
3.0,3,C,"IX,IY",1,-1.368954868159435e-10,-7.605304823107973e-12
3.0,3,C,"IX,IY",2,1.2064074334136843e-09,3.723479732758285e-12
3.0,3,C,"IX,IY",3,-2.9558916502971854e-10,-5.0684013208113606e-14
3.0,3,C,"IX,IZ",1,2.4094693891773787e-09,1.3385941050985438e-10
3.0,3,C,"IX,IZ",2,3.6350800253667146e-10,1.1219382794341711e-12
3.0,3,C,"IX,IZ",3,-2.834650672205241e-10,-4.860512126552197e-14
3.0,3,C,"IX,XI",1,0.0014314326626350617,7.952403681305898e-05
3.0,3,C,"IX,XI",2,-8.974945286968153e-06,-2.7700448416568375e-08
3.0,3,C,"IX,XI",3,6.035170317868258e-08,1.0348371601283022e-11
3.0,3,C,"IX,XX",1,2.289500642803676e-08,1.2719448015575978e-09
3.0,3,C,"IX,XX",2,-1.2906906904355411e-08,-3.9836132420850036e-11
3.0,3,C,"IX,XX",3,1.753231769021628e-09,3.006227313137222e-13
3.0,3,C,"IX,XY",1,-1.1412744062874904e-08,-6.340413368263835e-10
3.0,3,C,"IX,XY",2,6.985503534988517e-09,2.156019609564357e-11
3.0,3,C,"IX,XY",3,-1.0939056269799528e-09,-1.8756955195129505e-13
3.0,3,C,"IX,XZ",1,4.228518612512722e-09,2.349177006951512e-10
3.0,3,C,"IX,XZ",2,-7.242123486232063e-09,-2.2352232982197725e-11
3.0,3,C,"IX,XZ",3,1.567896282751426e-09,2.6884366988193173e-13
3.0,3,C,"IX,YI",1,1.0971714283223772e-09,6.095396824013207e-11
3.0,3,C,"IX,YI",2,-3.0432906343121034e-10,-9.392872328123775e-13
3.0,3,C,"IX,YI",3,2.125801028793135e-11,3.645063492443647e-15
3.0,3,C,"IX,YX",1,-1.0696374504352218e-08,-5.942430280195677e-10
3.0,3,C,"IX,YX",2,7.525993005650749e-09,2.3228373474230705e-11
3.0,3,C,"IX,YX",3,-1.1239572017292718e-09,-1.9272242828005345e-13
3.0,3,C,"IX,YY",1,7.140305389272387e-09,3.9668363273735484e-10
3.0,3,C,"IX,YY",2,-9.41711363437584e-09,-2.9065165538197036e-11
3.0,3,C,"IX,YY",3,1.93394723788646e-09,3.3160960869109396e-13
3.0,3,C,"IX,YZ",1,-5.4164562682227394e-09,-3.0091423712348554e-10
3.0,3,C,"IX,YZ",2,3.880242848075908e-09,1.1976058173073789e-11
3.0,3,C,"IX,YZ",3,-6.622167969454061e-10,-1.1354883349544e-13
3.0,3,C,"IX,ZI",1,-8.709758265167566e-09,-4.838754591759758e-10
3.0,3,C,"IX,ZI",2,1.0384777698694706e-08,3.205178302066267e-11
3.0,3,C,"IX,ZI",3,-1.9372325289941887e-09,-3.321729302116236e-13
3.0,3,C,"IX,ZX",1,5.623865166156452e-09,3.1243695367535844e-10
3.0,3,C,"IX,ZX",2,-8.457100131791204e-09,-2.6102160900590138e-11
3.0,3,C,"IX,ZX",3,1.7843182875417763e-09,3.059530671367929e-13
3.0,3,C,"IX,ZY",1,4.907450261958082e-10,2.726361256643379e-11
3.0,3,C,"IX,ZY",2,-5.388075889480151e-10,-1.662986385642022e-12
3.0,3,C,"IX,ZY",3,9.979401197429588e-11,1.7111456099844972e-14
3.0,3,C,"IX,ZZ",1,-6.235625690937998e-09,-3.4642364949655545e-10
3.0,3,C,"IX,ZZ",2,1.893630663769608e-10,5.844539085708667e-13
3.0,3,C,"IX,ZZ",3,3.1124745406299055e-10,5.336890501765956e-14
3.0,3,C,"IY,IZ",1,-6.9005015136971175e-09,-3.833611952053954e-10
3.0,3,C,"IY,IZ",2,4.601559926914081e-09,1.420234545343852e-11
3.0,3,C,"IY,IZ",3,-7.323335117771923e-10,-1.2557158981090403e-13
3.0,3,C,"IY,XI",1,-7.623685134764995e-10,-4.2353806304249974e-11
3.0,3,C,"IY,XI",2,2.0535221667800945e-09,6.338031378950909e-12
3.0,3,C,"IY,XI",3,-4.572111297865276e-10,-7.839697012800542e-14
3.0,3,C,"IY,XX",1,1.866282337046589e-08,1.0368235205814384e-09
3.0,3,C,"IY,XX",2,-1.4327330671093596e-08,-4.4220156392264184e-11
3.0,3,C,"IY,XX",3,2.547427955278961e-09,4.368017755965297e-13
3.0,3,C,"IY,XY",1,-3.617096709902969e-09,-2.0094981721683163e-10
3.0,3,C,"IY,XY",2,3.900663137884931e-09,1.2039083758904109e-11
3.0,3,C,"IY,XY",3,-7.642781646429779e-10,-1.3104906801148455e-13
3.0,3,C,"IY,XZ",1,1.7420839309482214e-08,9.678244060823453e-10
3.0,3,C,"IY,XZ",2,-1.3101524248468669e-08,-4.043680323601441e-11
3.0,3,C,"IY,XZ",3,2.269811569608767e-09,3.8919951467914383e-13
3.0,3,C,"IY,YI",1,-2.369975795293333e-10,-1.3166532196074071e-11
3.0,3,C,"IY,YI",2,9.246454361238807e-10,2.853843938653953e-12
3.0,3,C,"IY,YI",3,-2.3431065673019395e-10,-4.0176724405040116e-14
3.0,3,C,"IY,YX",1,5.489398040830093e-09,3.0496655782389405e-10
3.0,3,C,"IY,YX",2,-4.138549717849154e-09,-1.2773301598299859e-11
3.0,3,C,"IY,YX",3,7.301646839767872e-10,1.2519970575733662e-13
3.0,3,C,"IY,YY",1,1.506380173303526e-08,8.368778740575145e-10
3.0,3,C,"IY,YY",2,-9.638624884404913e-09,-2.9748842235817636e-11
3.0,3,C,"IY,YY",3,1.5543943052703194e-09,2.665285159928531e-13
3.0,3,C,"IY,YZ",1,6.859337973350682e-09,3.8107433185281567e-10
3.0,3,C,"IY,YZ",2,-7.0400551815096925e-09,-2.1728565375029916e-11
3.0,3,C,"IY,YZ",3,1.271958433033638e-09,2.180998684899928e-13
3.0,3,C,"IY,ZI",1,7.853067230026237e-09,4.362815127792354e-10
3.0,3,C,"IY,ZI",2,-6.987093437937673e-09,-2.1565103203511337e-11
3.0,3,C,"IY,ZI",3,1.2716355269755592e-09,2.1804450051021248e-13
3.0,3,C,"IY,ZX",1,7.376155828898726e-10,4.097864349388181e-11
3.0,3,C,"IY,ZX",2,8.030065260232294e-10,2.4784152037753992e-12
3.0,3,C,"IY,ZX",3,-2.4947207170235904e-10,-4.277641833030848e-14
3.0,3,C,"IY,ZY",1,4.000189789345745e-09,2.2223276607476363e-10
3.0,3,C,"IY,ZY",2,-3.630100573752164e-09,-1.1204014116519024e-11
3.0,3,C,"IY,ZY",3,5.820411538215613e-10,9.980129523689324e-14
3.0,3,C,"IY,ZZ",1,-7.649704645944418e-09,-4.2498359144135656e-10
3.0,3,C,"IY,ZZ",2,7.768940906169589e-09,2.397821267336293e-11
3.0,3,C,"IY,ZZ",3,-1.3190207070399142e-09,-2.2616953138544483e-13
3.0,3,C,"IZ,XI",1,-5.612718022290084e-10,-3.1181766790500465e-11
3.0,3,C,"IZ,XI",2,1.5255567588692858e-09,4.70850851502866e-12
3.0,3,C,"IZ,XI",3,-4.2322705227456e-10,-7.256979634337448e-14
3.0,3,C,"IZ,XX",1,-8.917777690675919e-09,-4.9543209392644e-10
3.0,3,C,"IZ,XX",2,9.628387426334087e-09,2.971724514300644e-11
3.0,3,C,"IZ,XX",3,-1.7211892378422889e-09,-2.951284701375667e-13
3.0,3,C,"IZ,XY",1,-1.186859527745903e-10,-6.5936640430327945e-12
3.0,3,C,"IZ,XY",2,-1.5324272312837991e-09,-4.729713676801849e-12
3.0,3,C,"IZ,XY",3,2.6949933174734027e-10,4.621044783047673e-14
3.0,3,C,"IZ,XZ",1,-1.1076636992106027e-08,-6.153687217836682e-10
3.0,3,C,"IZ,XZ",2,8.697726680194537e-09,2.6844835432699187e-11
3.0,3,C,"IZ,XZ",3,-1.4553942493106955e-09,-2.495531977556062e-13
3.0,3,C,"IZ,YI",1,-5.0756003590077e-09,-2.8197779772265e-10
3.0,3,C,"IZ,YI",2,2.970894039621053e-09,9.169426048213126e-12
3.0,3,C,"IZ,YI",3,-3.965624624999758e-10,-6.799767875513988e-14
3.0,3,C,"IZ,YX",1,-1.1155995197406068e-08,-6.197775109670038e-10
3.0,3,C,"IZ,YX",2,9.086942912753521e-09,2.8046120101091115e-11
3.0,3,C,"IZ,YX",3,-1.5992720629012693e-09,-2.742236047498747e-13
3.0,3,C,"IZ,YY",1,-1.0102604940646804e-08,-5.612558300359336e-10
3.0,3,C,"IZ,YY",2,7.530685950451996e-09,2.3242857871765418e-11
3.0,3,C,"IZ,YY",3,-1.17480706585478e-09,-2.014415407844273e-13
3.0,3,C,"IZ,YZ",1,-6.3127038522767575e-09,-3.5070576957093097e-10
3.0,3,C,"IZ,YZ",2,4.701270265535678e-09,1.4510093412147155e-11
3.0,3,C,"IZ,YZ",3,-7.533919598543514e-10,-1.2918243481727561e-13
3.0,3,C,"IZ,ZI",1,-1.233038717563064e-08,-6.850215097572577e-10
3.0,3,C,"IZ,ZI",2,1.1572133112162566e-08,3.571646022272397e-11
3.0,3,C,"IZ,ZI",3,-2.1680483915220486e-09,-3.717504100689384e-13
3.0,3,C,"IZ,ZX",1,-9.392466975241955e-10,-5.2180372084677525e-11
3.0,3,C,"IZ,ZX",2,-6.104374919969233e-10,-1.8840663333238373e-12
3.0,3,C,"IZ,ZX",3,2.2747242959945266e-10,3.9004188888795037e-14
3.0,3,C,"IZ,ZY",1,-7.607679675254434e-10,-4.226488708474685e-11
3.0,3,C,"IZ,ZY",2,-8.658991377826463e-10,-2.672528203032859e-12
3.0,3,C,"IZ,ZY",3,2.328981466230666e-10,3.9934524455258336e-14
3.0,3,C,"IZ,ZZ",1,3.4942313895395135e-09,1.9412396608552854e-10
3.0,3,C,"IZ,ZZ",2,-4.4716589091789725e-09,-1.3801416386354853e-11
3.0,3,C,"IZ,ZZ",3,7.945110388780393e-10,1.362330313576885e-13
3.0,3,C,"XI,XX",1,4.307606004305398e-08,2.393114446836332e-09
3.0,3,C,"XI,XX",2,-2.7817391282142885e-08,-8.585614593253978e-11
3.0,3,C,"XI,XX",3,4.459455378956667e-09,7.646528427566301e-13
3.0,3,C,"XI,XY",1,-5.058121965011814e-09,-2.8100677583398965e-10
3.0,3,C,"XI,XY",2,2.1521957627929172e-09,6.642579514792954e-12
3.0,3,C,"XI,XY",3,-2.5945109806971366e-10,-4.448749966901812e-14
3.0,3,C,"XI,XZ",1,5.599915504588147e-10,3.111064169215637e-11
3.0,3,C,"XI,XZ",2,-4.847106198559786e-09,-1.496020431654255e-11
3.0,3,C,"XI,XZ",3,1.1836892170157242e-09,2.029645433840405e-13
3.0,3,C,"XI,YI",1,2.771320000064615e-09,1.5396222222581194e-10
3.0,3,C,"XI,YI",2,-2.2042278105913687e-09,-6.803172254911632e-12
3.0,3,C,"XI,YI",3,3.7008568614608187e-10,6.345776511421157e-14
3.0,3,C,"XI,YX",1,-8.841797991998552e-09,-4.912109995554751e-10
3.0,3,C,"XI,YX",2,5.851314647291806e-09,1.8059613108925327e-11
3.0,3,C,"XI,YX",3,-8.344117739048521e-10,-1.4307472117710086e-13
3.0,3,C,"XI,YY",1,-1.752469146384923e-09,-9.73593970213846e-11
3.0,3,C,"XI,YY",2,-3.105609675288413e-09,-9.58521504718646e-12
3.0,3,C,"XI,YY",3,8.865694484995656e-10,1.5201808101844403e-13
3.0,3,C,"XI,YZ",1,7.06103503937826e-09,3.9227972440990334e-10
3.0,3,C,"XI,YZ",2,-4.8927738902170146e-09,-1.510115398215128e-11
3.0,3,C,"XI,YZ",3,8.049812835727453e-10,1.3802834080465455e-13
3.0,3,C,"XI,ZI",1,-5.1049986831750475e-09,-2.836110379541693e-10
3.0,3,C,"XI,ZI",2,7.574513461875934e-09,2.3378127968752884e-11
3.0,3,C,"XI,ZI",3,-1.4368770212609325e-09,-2.463780900653176e-13
3.0,3,C,"XI,ZX",1,5.912902416536441e-09,3.284945786964689e-10
3.0,3,C,"XI,ZX",2,-8.892056573845452e-09,-2.7444619055078553e-11
3.0,3,C,"XI,ZX",3,1.8901235610919212e-09,3.240952608182307e-13
3.0,3,C,"XI,ZY",1,-2.137407898815748e-09,-1.1874488326754154e-10
3.0,3,C,"XI,ZY",2,1.5531957309990712e-09,4.793813984565034e-12
3.0,3,C,"XI,ZY",3,-2.428890065054179e-10,-4.1647634860325425e-14
3.0,3,C,"XI,ZZ",1,-1.3530593735752448e-09,-7.516996519862471e-11
3.0,3,C,"XI,ZZ",2,-2.651916944265769e-09,-8.184928840326447e-12
3.0,3,C,"XI,ZZ",3,7.021746794791367e-10,1.2040032227008518e-13
3.0,3,C,"XX,XY",1,4.215308407263121e-09,2.3418380040350675e-10
3.0,3,C,"XX,XY",2,-3.4198276600893286e-09,-1.0555023642251014e-11
3.0,3,C,"XX,XY",3,5.768102357258e-10,9.890436140703018e-14
3.0,3,C,"XX,XZ",1,7.0265764859507605e-09,3.903653603305978e-10
3.0,3,C,"XX,XZ",2,-1.1436609239173331e-09,-3.529817666411522e-12
3.0,3,C,"XX,XZ",3,-2.1149317898096178e-10,-3.626426251388234e-14
3.0,3,C,"XX,YI",1,1.5176912908715593e-08,8.431618282619774e-10
3.0,3,C,"XX,YI",2,-1.1414104888815195e-08,-3.522871879263949e-11
3.0,3,C,"XX,YI",3,2.0331518168046886e-09,3.486199960227518e-13
3.0,3,C,"XX,YX",1,-4.91842637249727e-09,-2.7324590958318166e-10
3.0,3,C,"XX,YX",2,3.680663322415851e-09,1.1360071982764973e-11
3.0,3,C,"XX,YX",3,-5.83187618857063e-10,-9.999787703310409e-14
3.0,3,C,"XX,YY",1,-3.198239003040823e-09,-1.7767994461337905e-10
3.0,3,C,"XX,YY",2,1.097857413783094e-08,3.3884488079725124e-11
3.0,3,C,"XX,YY",3,-2.5273424825365543e-09,-4.3335776449529394e-13
3.0,3,C,"XX,YZ",1,-1.6384234307543384e-08,-9.102352393079658e-10
3.0,3,C,"XX,YZ",2,1.310525221258378e-08,4.044830929809808e-11
3.0,3,C,"XX,YZ",3,-2.378276707662976e-09,-4.0779778937979695e-13
3.0,3,C,"XX,ZI",1,4.381825650948718e-08,2.434347583860399e-09
3.0,3,C,"XX,ZI",2,-3.2077285596495945e-08,-9.900396789041958e-11
3.0,3,C,"XX,ZI",3,5.071808551214628e-09,8.696516720189691e-13
3.0,3,C,"XX,ZX",1,3.266410617159324e-08,1.8146725650885133e-09
3.0,3,C,"XX,ZX",2,-2.1461846067669384e-08,-6.624026564095488e-11
3.0,3,C,"XX,ZX",3,3.3147313914126714e-09,5.683695801462056e-13
3.0,3,C,"XX,ZY",1,-1.6742288991110288e-08,-9.301271661727938e-10
3.0,3,C,"XX,ZY",2,1.1639534345295605e-08,3.5924488720048163e-11
3.0,3,C,"XX,ZY",3,-2.0073102433419143e-09,-3.4418899920128845e-13
3.0,3,C,"XX,ZZ",1,2.173991238318762e-09,1.20777291017709e-10
3.0,3,C,"XX,ZZ",2,-1.7383972542563222e-09,-5.365423624247908e-12
3.0,3,C,"XX,ZZ",3,3.3584393094679996e-10,5.758640791268861e-14
3.0,3,C,"XY,XZ",1,-5.238737091760418e-09,-2.9104094954224544e-10
3.0,3,C,"XY,XZ",2,2.8901957914961678e-09,8.920357381161011e-12
3.0,3,C,"XY,XZ",3,-4.60421228960142e-10,-7.894739865571708e-14
3.0,3,C,"XY,YI",1,1.1306555847402118e-08,6.281419915223399e-10
3.0,3,C,"XY,YI",2,-7.113299136757057e-09,-2.1954626965299558e-11
3.0,3,C,"XY,YI",3,1.0993886635072935e-09,1.8850971596489942e-13
3.0,3,C,"XY,YX",1,-4.994127238250149e-09,-2.774515132361194e-10
3.0,3,C,"XY,YX",2,2.5022215895557353e-09,7.722906140604121e-12
3.0,3,C,"XY,YX",3,-3.381309822776331e-10,-5.797856349067783e-14
3.0,3,C,"XY,YY",1,8.420407912156736e-09,4.67800439564263e-10
3.0,3,C,"XY,YY",2,-5.9968217821955024e-09,-1.8508709204307107e-11
3.0,3,C,"XY,YY",3,8.857607234212126e-10,1.518794107375193e-13
3.0,3,C,"XY,YZ",1,-1.653881466864671e-08,-9.188230371470394e-10
3.0,3,C,"XY,YZ",2,1.5405856232166337e-08,4.7548938988167706e-11
3.0,3,C,"XY,YZ",3,-2.676651034512875e-09,-4.589593680577632e-13
3.0,3,C,"XY,ZI",1,-9.577310052723102e-09,-5.32072780706839e-10
3.0,3,C,"XY,ZI",2,5.694283472899656e-09,1.7574948990431037e-11
3.0,3,C,"XY,ZI",3,-8.582308774259998e-10,-1.471589295997942e-13
3.0,3,C,"XY,ZX",1,8.419966472734065e-09,4.677759151518925e-10
3.0,3,C,"XY,ZX",2,-4.481929485936118e-09,-1.3833115697333697e-11
3.0,3,C,"XY,ZX",3,6.035984417705388e-10,1.0349767520070967e-13
3.0,3,C,"XY,ZY",1,-4.276077543293729e-09,-2.3755986351631826e-10
3.0,3,C,"XY,ZY",2,5.13520217121906e-09,1.5849389417342777e-11
3.0,3,C,"XY,ZY",3,-9.185560359112135e-10,-1.5750274964184045e-13
3.0,3,C,"XY,ZZ",1,5.948636587889445e-09,3.304798104383025e-10
3.0,3,C,"XY,ZZ",2,-6.68172926860086e-09,-2.062262119938537e-11
3.0,3,C,"XY,ZZ",3,1.200971825967961e-09,2.0592795369821005e-13
3.0,3,C,"XZ,YI",1,-1.6535113545453786e-09,-9.18617419191877e-11
3.0,3,C,"XZ,YI",2,1.1711136662996333e-09,3.614548352776646e-12
3.0,3,C,"XZ,YI",3,-2.328106907904137e-10,-3.9919528599179305e-14
3.0,3,C,"XZ,YX",1,4.559138054918338e-09,2.532854474954632e-10
3.0,3,C,"XZ,YX",2,-2.9223096376056203e-09,-9.019474190140804e-12
3.0,3,C,"XZ,YX",3,4.5524028118726704e-10,7.805903312538872e-14
3.0,3,C,"XZ,YY",1,1.7355143279840933e-08,9.641746266578296e-10
3.0,3,C,"XZ,YY",2,-1.2459266150555537e-08,-3.8454525156035604e-11
3.0,3,C,"XZ,YY",3,2.0694185440069814e-09,3.5483857064591585e-13
3.0,3,C,"XZ,YZ",1,8.32007140624379e-09,4.6222618923576613e-10
3.0,3,C,"XZ,YZ",2,-8.191752332541014e-09,-2.528318621154634e-11
3.0,3,C,"XZ,YZ",3,1.4788555148458441e-09,2.5357604849894447e-13
3.0,3,C,"XZ,ZI",1,4.919251586484655e-09,2.73291754804703e-10
3.0,3,C,"XZ,ZI",2,-3.870581941816079e-09,-1.1946240561160737e-11
3.0,3,C,"XZ,ZI",3,6.789193707977854e-10,1.1641278648796045e-13
3.0,3,C,"XZ,ZX",1,1.7113860739964916e-09,9.50770041109162e-11
3.0,3,C,"XZ,ZX",2,-1.0709483650002001e-09,-3.3053961882722226e-12
3.0,3,C,"XZ,ZX",3,1.4817472897240962e-10,2.5407189467148427e-14
3.0,3,C,"XZ,ZY",1,1.4175737133063118e-08,7.875409518368399e-10
3.0,3,C,"XZ,ZY",2,-1.272127475942872e-08,-3.9263193701940495e-11
3.0,3,C,"XZ,ZY",3,2.2179923555270104e-09,3.803141899051801e-13
3.0,3,C,"XZ,ZZ",1,-1.6038516221117792e-08,-8.910286789509885e-10
3.0,3,C,"XZ,ZZ",2,1.4076905219792102e-08,4.344723833269167e-11
3.0,3,C,"XZ,ZZ",3,-2.4334033240741666e-09,-4.172502270360368e-13
3.0,3,C,"YI,YX",1,2.844204250696614e-08,1.58011347260923e-09
3.0,3,C,"YI,YX",2,-2.2363491258628025e-08,-6.902312116860501e-11
3.0,3,C,"YI,YX",3,3.959479028369297e-09,6.789230158383569e-13
3.0,3,C,"YI,YY",1,5.0033864372242005e-09,2.779659131791223e-10
3.0,3,C,"YI,YY",2,-3.761440683032977e-09,-1.1609384824175854e-11
3.0,3,C,"YI,YY",3,5.744677312599956e-10,9.850269740397731e-14
3.0,3,C,"YI,YZ",1,1.413491069520189e-09,7.85272816400105e-11
3.0,3,C,"YI,YZ",2,-2.10067290666194e-10,-6.483558353894876e-13
3.0,3,C,"YI,YZ",3,-6.813204363169706e-12,-1.1682449182389756e-15
3.0,3,C,"YI,ZI",1,1.8964300046757592e-08,1.0535722248198661e-09
3.0,3,C,"YI,ZI",2,-1.5031460147393403e-08,-4.6393395516646305e-11
3.0,3,C,"YI,ZI",3,2.465840107937775e-09,4.228120898384388e-13
3.0,3,C,"YI,ZX",1,1.0251075523154977e-08,5.695041957308321e-10
3.0,3,C,"YI,ZX",2,-7.757201219459837e-09,-2.3941979072406905e-11
3.0,3,C,"YI,ZX",3,1.1258420445037725e-09,1.9304561805620243e-13
3.0,3,C,"YI,ZY",1,1.926340928901053e-09,1.0701894049450293e-10
3.0,3,C,"YI,ZY",2,-1.7436237906239936e-09,-5.381554909333313e-12
3.0,3,C,"YI,ZY",3,3.374512102459058e-10,5.786200450032679e-14
3.0,3,C,"YI,ZZ",1,-4.43620286207351e-10,-2.4645571455963944e-11
3.0,3,C,"YI,ZZ",2,7.140588260504481e-10,2.203885265587803e-12
3.0,3,C,"YI,ZZ",3,-1.7088568619038283e-10,-2.930138652098471e-14
3.0,3,C,"YX,YY",1,1.1639772668259808e-08,6.466540371255449e-10
3.0,3,C,"YX,YY",2,-8.996047937943572e-09,-2.7765580055381396e-11
3.0,3,C,"YX,YY",3,1.5923883832379118e-09,2.7304327558949103e-13
3.0,3,C,"YX,YZ",1,5.1871706744779496e-09,2.881761485821083e-10
3.0,3,C,"YX,YZ",2,-4.052522914532819e-09,-1.2507786773249442e-11
3.0,3,C,"YX,YZ",3,6.439514589231443e-10,1.1041691682495615e-13
3.0,3,C,"YX,ZI",1,1.7892205382441955e-08,9.94011410135664e-10
3.0,3,C,"YX,ZI",2,-1.362804350072917e-08,-4.206186265657151e-11
3.0,3,C,"YX,ZI",3,2.166841133927276e-09,3.7154340430851784e-13
3.0,3,C,"YX,ZX",1,1.2357332251613148e-08,6.865184584229526e-10
3.0,3,C,"YX,ZX",2,-9.403286405862593e-09,-2.9022488906983313e-11
3.0,3,C,"YX,ZX",3,1.463100420319277e-09,2.5087455766791447e-13
3.0,3,C,"YX,ZY",1,-3.393900887021648e-09,-1.8855004927898045e-10
3.0,3,C,"YX,ZY",2,2.8065407370574606e-09,8.662162768695865e-12
3.0,3,C,"YX,ZY",3,-5.346085649224371e-10,-9.166813527476632e-14
3.0,3,C,"YX,ZZ",1,1.326042332249817e-10,7.366901845832316e-12
3.0,3,C,"YX,ZZ",2,-1.5244001459758812e-09,-4.704938722147781e-12
3.0,3,C,"YX,ZZ",3,4.446014285226884e-10,7.623481284682586e-14
3.0,3,C,"YY,YZ",1,-8.328314272282007e-10,-4.6268412623788926e-11
3.0,3,C,"YY,YZ",2,-1.0450151360600284e-09,-3.225355358209964e-12
3.0,3,C,"YY,YZ",3,2.998144400493736e-10,5.140851166827393e-14
3.0,3,C,"YY,ZI",1,3.935263175335213e-09,2.186257319630674e-10
3.0,3,C,"YY,ZI",2,-3.3902098533468157e-09,-1.0463610658477826e-11
3.0,3,C,"YY,ZI",3,5.814373365052386e-10,9.969776003176245e-14
3.0,3,C,"YY,ZX",1,3.588766666567443e-09,1.993759259204135e-10
3.0,3,C,"YY,ZX",2,-1.3735072108612976e-09,-4.2392197866089436e-12
3.0,3,C,"YY,ZX",3,1.0442235036148478e-10,1.790506693441097e-14
3.0,3,C,"YY,ZY",1,9.881245651347547e-09,5.489580917415305e-10
3.0,3,C,"YY,ZY",2,-9.977398176919716e-09,-3.0794438817653444e-11
3.0,3,C,"YY,ZY",3,1.6245638008724348e-09,2.785603225089909e-13
3.0,3,C,"YY,ZZ",1,-1.0343773927027945e-08,-5.746541070571081e-10
3.0,3,C,"YY,ZZ",2,9.74068933254542e-09,3.006385596464636e-11
3.0,3,C,"YY,ZZ",3,-1.7338585374386947e-09,-2.9730084661157316e-13
3.0,3,C,"YZ,ZI",1,1.1298042174506699e-08,6.276690096948166e-10
3.0,3,C,"YZ,ZI",2,-9.740471387740293e-09,-3.006318329549473e-11
3.0,3,C,"YZ,ZI",3,1.7419236655817878e-09,2.986837561011296e-13
3.0,3,C,"YZ,ZX",1,8.207379377342118e-10,4.55965520963451e-11
3.0,3,C,"YZ,ZX",2,-6.639266212391308e-11,-2.049156238392379e-13
3.0,3,C,"YZ,ZX",3,3.6378905272208754e-11,6.2378095459891554e-15
3.0,3,C,"YZ,ZY",1,9.525614088003068e-11,5.292007826668371e-12
3.0,3,C,"YZ,ZY",2,1.7684420831557181e-09,5.458154577641105e-12
3.0,3,C,"YZ,ZY",3,-4.0386607079600127e-10,-6.925001213923204e-14
3.0,3,C,"YZ,ZZ",1,4.261796405688397e-10,2.3676646698268875e-11
3.0,3,C,"YZ,ZZ",2,-1.231027812470483e-09,-3.7994685570076635e-12
3.0,3,C,"YZ,ZZ",3,1.5519745898283236e-10,2.6611361279635178e-14
3.0,3,C,"ZI,ZX",1,8.04416389602778e-09,4.4689799422376553e-10
3.0,3,C,"ZI,ZX",2,-7.656837319624519e-09,-2.363221394945839e-11
3.0,3,C,"ZI,ZX",3,1.5349462622527942e-09,2.631938035412884e-13
3.0,3,C,"ZI,ZY",1,-3.3378432969596285e-09,-1.8543573871997937e-10
3.0,3,C,"ZI,ZY",2,1.8082791031842663e-09,5.581108343161316e-12
3.0,3,C,"ZI,ZY",3,-2.501847763065433e-10,-4.289862419522347e-14
3.0,3,C,"ZI,ZZ",1,3.0795228192055657e-12,1.7108460106697587e-13
3.0,3,C,"ZI,ZZ",2,-7.059561328511223e-10,-2.1788769532442047e-12
3.0,3,C,"ZI,ZZ",3,2.1739932682005244e-10,3.727697647806112e-14
3.0,3,C,"ZX,ZY",1,3.0409149833644755e-09,1.6893972129802643e-10
3.0,3,C,"ZX,ZY",2,-2.5208380428293573e-09,-7.780364329720239e-12
3.0,3,C,"ZX,ZY",3,3.912338052822e-10,6.708398581656378e-14
3.0,3,C,"ZX,ZZ",1,-1.9370780371268494e-09,-1.076154465070472e-10
3.0,3,C,"ZX,ZZ",2,2.1001610029166023e-09,6.4819784040635875e-12
3.0,3,C,"ZX,ZZ",3,-4.730464880157568e-10,-8.111222359666612e-14
3.0,3,C,"ZY,ZZ",1,-9.283754474386599e-09,-5.157641374659222e-10
3.0,3,C,"ZY,ZZ",2,5.228327971167851e-09,1.6136814725826703e-11
3.0,3,C,"ZY,ZZ",3,-8.264658813362747e-10,-1.4171225674490306e-13
3.0,3,A,"IX,IY",1,3.0984679459509374e-09,1.7213710810838542e-10
3.0,3,A,"IX,IY",2,2.226573715915999e-09,6.87214109850617e-12
3.0,3,A,"IX,IY",3,-6.90381367233608e-10,-1.1837814938847875e-13
3.0,3,A,"IX,IZ",1,1.7367309144489746e-09,9.648505080272081e-11
3.0,3,A,"IX,IZ",2,-4.081813034599223e-09,-1.2598188378392663e-11
3.0,3,A,"IX,IZ",3,8.151428332322756e-10,1.3977071900416248e-13
3.0,3,A,"IX,XI",1,6.129004275069802e-08,3.4050023750387787e-09
3.0,3,A,"IX,XI",2,-4.5301365871241516e-08,-1.398190304667948e-10
3.0,3,A,"IX,XI",3,7.847641093613151e-09,1.345617471470019e-12
3.0,3,A,"IX,XX",1,4.724032817808008e-08,2.624462676560004e-09
3.0,3,A,"IX,XX",2,-3.010662437472998e-08,-9.292168016891969e-11
3.0,3,A,"IX,XX",3,5.252090437735979e-09,9.005642040013681e-13
3.0,3,A,"IX,XY",1,-1.4450337640298642e-09,-8.027965355721468e-11
3.0,3,A,"IX,XY",2,-1.6426667057775148e-09,-5.0699589684491195e-12
3.0,3,A,"IX,XY",3,5.943839449574023e-10,1.0191768603521988e-13
3.0,3,A,"IX,XZ",1,2.903718889043405e-09,1.6131771605796695e-10
3.0,3,A,"IX,XZ",2,-2.1761249285974127e-09,-6.716434964806829e-12
3.0,3,A,"IX,XZ",3,3.8112441561084077e-10,6.535055137360096e-14
3.0,3,A,"IX,YI",1,-6.409745286688695e-09,-3.560969603715942e-10
3.0,3,A,"IX,YI",2,9.63711936440381e-09,2.974419556914756e-11
3.0,3,A,"IX,YI",3,-1.920000235136826e-09,-3.2921814731427054e-13
3.0,3,A,"IX,YX",1,-1.940623613941269e-08,-1.0781242299673717e-09
3.0,3,A,"IX,YX",2,1.083496267914132e-08,3.344124283685593e-11
3.0,3,A,"IX,YX",3,-1.556610387802258e-09,-2.6690850270957783e-13
3.0,3,A,"IX,YY",1,-1.671714773102037e-08,-9.287304295011317e-10
3.0,3,A,"IX,YY",2,1.3242490731490858e-08,4.0871884973737215e-11
3.0,3,A,"IX,YY",3,-2.3901853603795936e-09,-4.098397394340867e-13
3.0,3,A,"IX,YZ",1,2.4018206688253425e-09,1.3343448160140791e-10
3.0,3,A,"IX,YZ",2,-7.435373173579099e-10,-2.2948682634503393e-12
3.0,3,A,"IX,YZ",3,-9.197097216934301e-12,-1.5770056956334535e-15
3.0,3,A,"IX,ZI",1,-1.1314829580293874e-08,-6.286016433496597e-10
3.0,3,A,"IX,ZI",2,9.879315968568558e-09,3.0491715952372095e-11
3.0,3,A,"IX,ZI",3,-1.6635767703145795e-09,-2.8524978914859045e-13
3.0,3,A,"IX,ZX",1,-6.538480713826323e-09,-3.632489285459068e-10
3.0,3,A,"IX,ZX",2,6.3528549876312196e-09,1.9607577122318578e-11
3.0,3,A,"IX,ZX",3,-1.208998164012849e-09,-2.0730421193635956e-13
3.0,3,A,"IX,ZY",1,-1.2575922452098899e-08,-6.986623584499388e-10
3.0,3,A,"IX,ZY",2,7.98678868420686e-09,2.465058235866315e-11
3.0,3,A,"IX,ZY",3,-1.2185559823300564e-09,-2.0894306967250623e-13
3.0,3,A,"IX,ZZ",1,-1.8482054569041297e-08,-1.0267808093911832e-09
3.0,3,A,"IX,ZZ",2,1.4144976723032933e-08,4.365733556491646e-11
3.0,3,A,"IX,ZZ",3,-2.508003660315885e-09,-4.300417798895551e-13
3.0,3,A,"IY,IZ",1,-3.1167309151483187e-09,-1.7315171750823992e-10
3.0,3,A,"IY,IZ",2,1.362376113767474e-09,4.204864548665043e-12
3.0,3,A,"IY,IZ",3,-2.740247724334543e-10,-4.698641502631247e-14
3.0,3,A,"IY,XI",1,-1.1356902229504047e-09,-6.309390127502249e-11
3.0,3,A,"IY,XI",2,-2.8869090154936483e-09,-8.910213010782865e-12
3.0,3,A,"IY,XI",3,7.805859075608569e-10,1.3384532022648438e-13
3.0,3,A,"IY,XX",1,2.4995465572855345e-09,1.3886369762697414e-10
3.0,3,A,"IY,XX",2,-7.652723315450326e-10,-2.3619516405710883e-12
3.0,3,A,"IY,XX",3,-1.1804061832392976e-10,-2.0240160892306202e-14
3.0,3,A,"IY,XY",1,1.4907333031313292e-08,8.28185168406294e-10
3.0,3,A,"IY,XY",2,-1.0921172014150742e-08,-3.370732103132945e-11
3.0,3,A,"IY,XY",3,1.921924166253972e-09,3.2954803948113374e-13
3.0,3,A,"IY,XZ",1,5.423058566734849e-09,3.012810314852694e-10
3.0,3,A,"IY,XZ",2,-5.791972971708144e-09,-1.7876459789222666e-11
3.0,3,A,"IY,XZ",3,1.0233017506015852e-09,1.7546326313470255e-13
3.0,3,A,"IY,YI",1,5.040605824457555e-09,2.800336569143086e-10
3.0,3,A,"IY,YI",2,-3.757696733783977e-09,-1.1597829425259188e-11
3.0,3,A,"IY,YI",3,5.949899813821873e-10,1.020216017459169e-13
3.0,3,A,"IY,YX",1,8.359266737668513e-10,4.644037076482507e-11
3.0,3,A,"IY,YX",2,-2.2803761002752803e-09,-7.0381978403558035e-12
3.0,3,A,"IY,YX",3,5.473874214372993e-10,9.385929722861785e-14
3.0,3,A,"IY,YY",1,8.582689638842547e-09,4.768160910468082e-10
3.0,3,A,"IY,YY",2,-8.011464101281652e-09,-2.4726741053338432e-11
3.0,3,A,"IY,YY",3,1.3317679223696835e-09,2.283552678960363e-13
3.0,3,A,"IY,YZ",1,-1.2373589608211856e-08,-6.874216449006587e-10
3.0,3,A,"IY,YZ",2,1.0555918391039946e-08,3.2579995034073905e-11
3.0,3,A,"IY,YZ",3,-1.839856049526681e-09,-3.154760030052608e-13
3.0,3,A,"IY,ZI",1,-1.0168526375973355e-09,-5.649181319985197e-11
3.0,3,A,"IY,ZI",2,-5.239277779852816e-10,-1.6170610431644494e-12
3.0,3,A,"IY,ZI",3,2.1408299947656574e-10,3.670833324358123e-14
3.0,3,A,"IY,ZX",1,3.4240676780037e-09,1.9022598211131666e-10
3.0,3,A,"IY,ZX",2,-2.0200338393548043e-09,-6.2346723436876675e-12
3.0,3,A,"IY,ZX",3,2.07236969651673e-10,3.5534459816816356e-14
3.0,3,A,"IY,ZY",1,-2.0984668973682504e-09,-1.1658149429823614e-10
3.0,3,A,"IY,ZY",2,1.852424409479242e-09,5.717359288516179e-12
3.0,3,A,"IY,ZY",3,-3.089315063894533e-10,-5.297179464839734e-14
3.0,3,A,"IY,ZZ",1,-8.473290199894283e-10,-4.707383444385713e-11
3.0,3,A,"IY,ZZ",2,2.637809652646304e-09,8.14138781680958e-12
3.0,3,A,"IY,ZZ",3,-5.173940364188539e-10,-8.871639856290362e-14
3.0,3,A,"IZ,XI",1,4.679351235778591e-09,2.5996395754325503e-10
3.0,3,A,"IZ,XI",2,-1.5151017422969265e-09,-4.676239945360884e-12
3.0,3,A,"IZ,XI",3,1.6514153980215752e-10,2.8316450583360343e-14
3.0,3,A,"IZ,XX",1,3.438341446883933e-09,1.910189692713296e-10
3.0,3,A,"IZ,XX",2,-1.4397335912272713e-09,-4.443622195145899e-12
3.0,3,A,"IZ,XX",3,1.5757968786206992e-10,2.7019836739038053e-14
3.0,3,A,"IZ,XY",1,-8.45769176563047e-09,-4.698717647572483e-10
3.0,3,A,"IZ,XY",2,4.6570941972350224e-09,1.4373747522330315e-11
3.0,3,A,"IZ,XY",3,-7.374032768659901e-10,-1.2644089109499144e-13
3.0,3,A,"IZ,XZ",1,-1.4896905654432842e-09,-8.276058696907135e-11
3.0,3,A,"IZ,XZ",2,3.604966171599954e-09,1.1126438801234427e-11
3.0,3,A,"IZ,XZ",3,-6.6325119174543e-10,-1.1372619885895575e-13
3.0,3,A,"IZ,YI",1,-5.00491192782558e-09,-2.7805066265697664e-10
3.0,3,A,"IZ,YI",2,4.65957780305929e-09,1.4381412972405216e-11
3.0,3,A,"IZ,YI",3,-8.413555587658632e-10,-1.4426535644133456e-13
3.0,3,A,"IZ,YX",1,-2.5653820580562374e-09,-1.4252122544756873e-10
3.0,3,A,"IZ,YX",2,1.9694520142476805e-09,6.0785555995298785e-12
3.0,3,A,"IZ,YX",3,-3.143070353632775e-10,-5.389352458218064e-14
3.0,3,A,"IZ,YY",1,-5.8846635131936165e-09,-3.269257507329787e-10
3.0,3,A,"IZ,YY",2,7.0939496663603274e-09,2.189490637765533e-11
3.0,3,A,"IZ,YY",3,-1.316701787129077e-09,-2.2577191137329854e-13
3.0,3,A,"IZ,YZ",1,1.3448463820888094e-08,7.471368789382274e-10
3.0,3,A,"IZ,YZ",2,-1.1658201657548827e-08,-3.598210388132354e-11
3.0,3,A,"IZ,YZ",3,2.03107488066397e-09,3.4826386842660665e-13
3.0,3,A,"IZ,ZI",1,2.197970767075955e-09,1.2210948705977528e-10
3.0,3,A,"IZ,ZI",2,-1.890297242979327e-09,-5.834250749936194e-12
3.0,3,A,"IZ,ZI",3,3.4539172207403223e-10,5.922354630899043e-14
3.0,3,A,"IZ,ZX",1,-4.020564930356318e-09,-2.2336471835312877e-10
3.0,3,A,"IZ,ZX",2,3.8419371303616424e-09,1.185783064926433e-11
3.0,3,A,"IZ,ZX",3,-6.775789981916326e-10,-1.1618295579417568e-13
3.0,3,A,"IZ,ZY",1,4.3382899881908856e-11,2.410161104550492e-12
3.0,3,A,"IZ,ZY",2,-2.7648258152282087e-10,-8.533413009963607e-13
3.0,3,A,"IZ,ZY",3,7.6581533215964e-11,1.3131264268855282e-14
3.0,3,A,"IZ,ZZ",1,1.5313826085210867e-09,8.507681158450481e-11
3.0,3,A,"IZ,ZZ",2,-1.9515205899677696e-09,-6.023211697431388e-12
3.0,3,A,"IZ,ZZ",3,4.5178925382890575e-10,7.74672931805394e-14
3.0,3,A,"XI,XX",1,-1.2109882915381734e-08,-6.72771273076763e-10
3.0,3,A,"XI,XX",2,9.233200243596678e-09,2.849753161603913e-11
3.0,3,A,"XI,XX",3,-1.6017368910238847e-09,-2.7464624331685266e-13
3.0,3,A,"XI,XY",1,-1.1298873121953935e-11,-6.277151734418853e-13
3.0,3,A,"XI,XY",2,-1.9045371894218717e-09,-5.878201201919357e-12
3.0,3,A,"XI,XY",3,6.029590818207212e-10,1.033880455796847e-13
3.0,3,A,"XI,XZ",1,-2.095172929100848e-09,-1.1639849606115822e-10
3.0,3,A,"XI,XZ",2,7.086664368785934e-10,2.187242089131461e-12
3.0,3,A,"XI,XZ",3,-7.025310652593842e-11,-1.204614309429671e-14
3.0,3,A,"XI,YI",1,1.7389133138358938e-08,9.660629521310522e-10
3.0,3,A,"XI,YI",2,-9.825532147297123e-09,-3.032571650400347e-11
3.0,3,A,"XI,YI",3,1.3640235046144735e-09,2.3388606046201536e-13
3.0,3,A,"XI,YX",1,9.113117919156826e-09,5.062843288420459e-10
3.0,3,A,"XI,YX",2,-1.078141654666954e-08,-3.327597699589364e-11
3.0,3,A,"XI,YX",3,2.020734885564939e-09,3.464908925865808e-13
3.0,3,A,"XI,YY",1,-1.6406491544106813e-08,-9.114717524503785e-10
3.0,3,A,"XI,YY",2,1.1501073213751772e-08,3.549713954861658e-11
3.0,3,A,"XI,YY",3,-1.9952564792731833e-09,-3.421221672279121e-13
3.0,3,A,"XI,YZ",1,1.1043871544369976e-08,6.135484191316653e-10
3.0,3,A,"XI,YZ",2,-7.0690135578917155e-09,-2.18179430799127e-11
3.0,3,A,"XI,YZ",3,1.0455482979952358e-09,1.7927782887435455e-13
3.0,3,A,"XI,ZI",1,7.803593240349929e-09,4.335329577972183e-10
3.0,3,A,"XI,ZI",2,-5.376727798631173e-09,-1.6594838884664116e-11
3.0,3,A,"XI,ZI",3,1.0339579206876676e-09,1.7729045279280994e-13
3.0,3,A,"XI,ZX",1,2.603386724515091e-09,1.4463259580639393e-10
3.0,3,A,"XI,ZX",2,-2.069174937022376e-09,-6.3863423982172095e-12
3.0,3,A,"XI,ZX",3,3.772927089619795e-10,6.469353720198551e-14
3.0,3,A,"XI,ZY",1,-1.3870650180238569e-08,-7.705916766799205e-10
3.0,3,A,"XI,ZY",2,9.493491499331513e-09,2.9300899689294794e-11
3.0,3,A,"XI,ZY",3,-1.5389087273042586e-09,-2.6387323856383037e-13
3.0,3,A,"XI,ZZ",1,-2.1127107818434308e-08,-1.1737282121352393e-09
3.0,3,A,"XI,ZZ",2,1.5707099111995912e-08,4.8478700962950344e-11
3.0,3,A,"XI,ZZ",3,-2.73767153065324e-09,-4.694224160928052e-13
3.0,3,A,"XX,XY",1,1.2257196965576528e-09,6.809553869764738e-11
3.0,3,A,"XX,XY",2,2.171340351585346e-09,6.701667751806624e-12
3.0,3,A,"XX,XY",3,-8.456469137641134e-10,-1.4500118548767376e-13
3.0,3,A,"XX,XZ",1,-1.0748785472008212e-08,-5.971547484449007e-10
3.0,3,A,"XX,XZ",2,1.0939924376058747e-08,3.3765198691539345e-11
3.0,3,A,"XX,XZ",3,-2.056831382522476e-09,-3.5268027821030106e-13
3.0,3,A,"XX,YI",1,2.2023077601611255e-08,1.2235043112006253e-09
3.0,3,A,"XX,YI",2,-2.1030800844236932e-08,-6.490987914887942e-11
3.0,3,A,"XX,YI",3,3.726574945189549e-09,6.389874734549981e-13
3.0,3,A,"XX,YX",1,4.5979670604055114e-08,2.5544261446697286e-09
3.0,3,A,"XX,YX",2,-2.700695114045908e-08,-8.335478747055271e-11
3.0,3,A,"XX,YX",3,4.076324377180819e-09,6.989582265399209e-13
3.0,3,A,"XX,YY",1,-1.8119283948074505e-13,-1.0066268860041391e-14
3.0,3,A,"XX,YY",2,1.9239259909651885e-13,5.938043181991322e-16
3.0,3,A,"XX,YY",3,-3.79892354859356e-14,-6.513929267135734e-18
3.0,3,A,"XX,YZ",1,-7.280279753619361e-09,-4.0445998631218675e-10
3.0,3,A,"XX,YZ",2,6.262407239133104e-11,1.9328417404731803e-13
3.0,3,A,"XX,YZ",3,4.6166444359401034e-10,7.91605698892336e-14
3.0,3,A,"XX,ZI",1,-3.1023027550965166e-09,-1.723501530609176e-10
3.0,3,A,"XX,ZI",2,2.8674717044352014e-09,8.85022130998519e-12
3.0,3,A,"XX,ZI",3,-5.433827019951555e-10,-9.317261694018441e-14
3.0,3,A,"XX,ZX",1,2.904538825580312e-09,1.6136326808779511e-10
3.0,3,A,"XX,ZX",2,-3.022165882837118e-09,-9.327672477892339e-12
3.0,3,A,"XX,ZX",3,2.1200910152478338e-10,3.635272659889976e-14
3.0,3,A,"XX,ZY",1,1.2666916911877784e-08,7.037176062154324e-10
3.0,3,A,"XX,ZY",2,-1.2584512232571514e-08,-3.88410871375664e-11
3.0,3,A,"XX,ZY",3,2.3586996806541116e-09,4.044409603316378e-13
3.0,3,A,"XX,ZZ",1,3.636848671404876e-08,2.02047148411382e-09
3.0,3,A,"XX,ZZ",2,-2.729873788854279e-08,-8.425536385352714e-11
3.0,3,A,"XX,ZZ",3,4.8156601801115026e-09,8.257304835582137e-13
3.0,3,A,"XY,XZ",1,-2.7454582645115442e-08,-1.5252545913953024e-09
3.0,3,A,"XY,XZ",2,2.222509915094911e-08,6.859598503379355e-11
3.0,3,A,"XY,XZ",3,-3.8989278681293084e-09,-6.685404437807456e-13
3.0,3,A,"XY,YI",1,-6.595176343659297e-09,-3.6639868575884984e-10
3.0,3,A,"XY,YI",2,4.969080671264709e-09,1.5336668738471325e-11
3.0,3,A,"XY,YI",3,-8.537346498568333e-10,-1.463879715118027e-13
3.0,3,A,"XY,YX",1,3.5437013650925485e-09,1.9687229806069715e-10
3.0,3,A,"XY,YX",2,-1.2757006767505853e-09,-3.93734776774872e-12
3.0,3,A,"XY,YX",3,1.0940475174669544e-10,1.8759388159584264e-14
3.0,3,A,"XY,YY",1,-2.3572436294665455e-08,-1.3095797941480809e-09
3.0,3,A,"XY,YY",2,1.9708169585201873e-08,6.082768390494405e-11
3.0,3,A,"XY,YY",3,-3.3975910180972423e-09,-5.825773350646849e-13
3.0,3,A,"XY,YZ",1,1.9932341467336278e-09,1.1073523037409044e-10
3.0,3,A,"XY,YZ",2,-2.2379070959935223e-09,-6.9071206666466735e-12
3.0,3,A,"XY,YZ",3,4.544908352653129e-10,7.793052730886709e-14
3.0,3,A,"XY,ZI",1,6.030395155671366e-09,3.3502195309285364e-10
3.0,3,A,"XY,ZI",2,-3.4504049352074885e-09,-1.064939794817126e-11
3.0,3,A,"XY,ZI",3,4.760420058037544e-10,8.162585833397709e-14
3.0,3,A,"XY,ZX",1,-5.395072646255802e-09,-2.9972625812532237e-10
3.0,3,A,"XY,ZX",2,3.734023450705672e-09,1.15247637367459e-11
3.0,3,A,"XY,ZX",3,-5.668402330359623e-10,-9.719482733812797e-14
3.0,3,A,"XY,ZY",1,-1.5643528127349537e-08,-8.690848959638632e-10
3.0,3,A,"XY,ZY",2,1.0243917195502577e-08,3.1617028381180795e-11
3.0,3,A,"XY,ZY",3,-1.614961316068509e-09,-2.769138059102382e-13
3.0,3,A,"XY,ZZ",1,1.4501513763324708e-08,8.056396535180393e-10
3.0,3,A,"XY,ZZ",2,-1.0197043602934039e-08,-3.147235679917913e-11
3.0,3,A,"XY,ZZ",3,1.5749622618781056e-09,2.7005525752368063e-13
3.0,3,A,"XZ,YI",1,1.3675995618294335e-08,7.597775343496853e-10
3.0,3,A,"XZ,YI",2,-1.0035698958584251e-08,-3.097437950180324e-11
3.0,3,A,"XZ,YI",3,1.664930180364753e-09,2.854818553437505e-13
3.0,3,A,"XZ,YX",1,-4.742569616529991e-09,-2.6347608980722174e-10
3.0,3,A,"XZ,YX",2,2.0817836020109966e-09,6.425258030898137e-12
3.0,3,A,"XZ,YX",3,-2.0648007185881408e-10,-3.540467624465262e-14
3.0,3,A,"XZ,YY",1,1.5057621045876846e-08,8.365345025487137e-10
3.0,3,A,"XZ,YY",2,-1.2728838485263514e-08,-3.928653853476393e-11
3.0,3,A,"XZ,YY",3,2.156245095748902e-09,3.697265253341739e-13
3.0,3,A,"XZ,YZ",1,-2.0146677990628717e-08,-1.119259888368262e-09
3.0,3,A,"XZ,YZ",2,1.687628461722226e-08,5.208729820130328e-11
3.0,3,A,"XZ,YZ",3,-2.91973952002147e-09,-5.006412071367404e-13
3.0,3,A,"XZ,ZI",1,-8.682106821996909e-09,-4.823392678887171e-10
3.0,3,A,"XZ,ZI",2,4.261109389830285e-09,1.3151572190834214e-11
3.0,3,A,"XZ,ZI",3,-5.416994569912418e-10,-9.288399468299756e-14
3.0,3,A,"XZ,ZX",1,1.0726327220946638e-08,5.959070678303688e-10
3.0,3,A,"XZ,ZX",2,-7.59237082742005e-09,-2.3433243294506327e-11
3.0,3,A,"XZ,ZX",3,1.1842027877299874e-09,2.0305260420610208e-13
3.0,3,A,"XZ,ZY",1,-1.0917104300914465e-09,-6.06505794495248e-11
3.0,3,A,"XZ,ZY",2,3.2601417084218534e-09,1.0062165766734116e-11
3.0,3,A,"XZ,ZY",3,-6.789376295950859e-10,-1.16415917283108e-13
3.0,3,A,"XZ,ZZ",1,-1.7133678353713611e-09,-9.518710196507561e-11
3.0,3,A,"XZ,ZZ",2,2.1216030197616016e-09,6.548157468400005e-12
3.0,3,A,"XZ,ZZ",3,-3.974555280718243e-10,-6.815081071190403e-14
3.0,3,A,"YI,YX",1,-2.0926459039604235e-09,-1.1625810577557908e-10
3.0,3,A,"YI,YX",2,1.519975965059073e-09,4.691283842774917e-12
3.0,3,A,"YI,YX",3,-2.4476096957908224e-10,-4.1968616182970203e-14
3.0,3,A,"YI,YY",1,1.617584851927642e-09,8.986582510709123e-11
3.0,3,A,"YI,YY",2,-1.2217909322404472e-09,-3.7709596674087876e-12
3.0,3,A,"YI,YY",3,2.3214717203635525e-10,3.980575652200879e-14
3.0,3,A,"YI,YZ",1,-1.0564900616837169e-08,-5.869389231576205e-10
3.0,3,A,"YI,YZ",2,8.122543374855052e-09,2.5069578317453866e-11
3.0,3,A,"YI,YZ",3,-1.403477522168637e-09,-2.406511526352258e-13
3.0,3,A,"YI,ZI",1,-5.244754823596536e-11,-2.9137526797758534e-12
3.0,3,A,"YI,ZI",2,8.024409091173336e-11,2.476669472584363e-13
3.0,3,A,"YI,ZI",3,2.992500334081306e-11,5.1311734123479186e-15
3.0,3,A,"YI,ZX",1,1.6248737586755194e-09,9.027076437086219e-11
3.0,3,A,"YI,ZX",2,-1.2191778745160343e-09,-3.762894674432205e-12
3.0,3,A,"YI,ZX",3,2.121675064100109e-10,3.637988793038596e-14
3.0,3,A,"YI,ZY",1,-6.617320684391516e-09,-3.6762892691063974e-10
3.0,3,A,"YI,ZY",2,3.741193883988026e-09,1.1546894703666747e-11
3.0,3,A,"YI,ZY",3,-5.689990790760727e-10,-9.756499984157624e-14
3.0,3,A,"YI,ZZ",1,4.44872437505289e-10,2.4715135416960498e-11
3.0,3,A,"YI,ZZ",2,1.0006819970742187e-09,3.0885246823278352e-12
3.0,3,A,"YI,ZZ",3,-3.232926080353867e-10,-5.5434260637069053e-14
3.0,3,A,"YX,YY",1,4.776059603811796e-09,2.653366446562109e-10
3.0,3,A,"YX,YY",2,-2.076431431235685e-09,-6.408738985295324e-12
3.0,3,A,"YX,YY",3,1.454834170257802e-10,2.4945716225270953e-14
3.0,3,A,"YX,YZ",1,-1.3422062018369934e-08,-7.45670112131663e-10
3.0,3,A,"YX,YZ",2,9.231680686494642e-09,2.8492841624983464e-11
3.0,3,A,"YX,YZ",3,-1.4644226962809331e-09,-2.511012853705304e-13
3.0,3,A,"YX,ZI",1,-6.330694682770125e-09,-3.517052601538958e-10
3.0,3,A,"YX,ZI",2,4.68364940039497e-09,1.4455708025910402e-11
3.0,3,A,"YX,ZI",3,-7.576526698113306e-10,-1.2991300922690854e-13
3.0,3,A,"YX,ZX",1,-2.941383857013706e-10,-1.634102142785392e-11
3.0,3,A,"YX,ZX",2,3.107825704350656e-10,9.59205464305758e-13
3.0,3,A,"YX,ZX",3,-7.3022894850776e-11,-1.2521072505277092e-14
3.0,3,A,"YX,ZY",1,6.265560592594323e-09,3.480866995885735e-10
3.0,3,A,"YX,ZY",2,-4.853595186723214e-09,-1.4980232057787698e-11
3.0,3,A,"YX,ZY",3,8.806243876968795e-10,1.5099869473540457e-13
3.0,3,A,"YX,ZZ",1,-3.698742108908198e-09,-2.0548567271712213e-10
3.0,3,A,"YX,ZZ",2,3.5634343747920858e-09,1.099825424318545e-11
3.0,3,A,"YX,ZZ",3,-6.506250906876571e-10,-1.1156122954177933e-13
3.0,3,A,"YY,YZ",1,-1.8620432014367432e-08,-1.034468445242635e-09
3.0,3,A,"YY,YZ",2,1.5205963583212858e-08,4.693198636794092e-11
3.0,3,A,"YY,YZ",3,-2.7997779182317764e-09,-4.800716595047628e-13
3.0,3,A,"YY,ZI",1,-3.448446975446043e-10,-1.9158038752478015e-11
3.0,3,A,"YY,ZI",2,-6.919404124089968e-10,-2.1356185568178913e-12
3.0,3,A,"YY,ZI",3,2.678233058571422e-10,4.5923063418577194e-14
3.0,3,A,"YY,ZX",1,-1.7362760507119476e-09,-9.64597805951082e-11
3.0,3,A,"YY,ZX",2,1.5102056450475278e-09,4.661128534097308e-12
3.0,3,A,"YY,ZX",3,-3.5581158630573827e-10,-6.101021713061356e-14
3.0,3,A,"YY,ZY",1,-1.3151433097752978e-08,-7.306351720973876e-10
3.0,3,A,"YY,ZY",2,9.238309714467868e-09,2.851330158786379e-11
3.0,3,A,"YY,ZY",3,-1.5527366937589015e-09,-2.6624428905330957e-13
3.0,3,A,"YY,ZZ",1,6.652972918414555e-09,3.696096065785864e-10
3.0,3,A,"YY,ZZ",2,-1.7854149353902993e-09,-5.5105399240441335e-12
3.0,3,A,"YY,ZZ",3,3.125975774665787e-10,5.360040765887838e-14
3.0,3,A,"YZ,ZI",1,3.213208302265855e-09,1.7851157234810305e-10
3.0,3,A,"YZ,ZI",2,-2.022543307261707e-09,-6.2424176150052686e-12
3.0,3,A,"YZ,ZI",3,2.820855138989773e-10,4.8368572342074295e-14
3.0,3,A,"YZ,ZX",1,6.557595245186927e-09,3.643108469548293e-10
3.0,3,A,"YZ,ZX",2,-5.0802762089301255e-09,-1.5679864842376932e-11
3.0,3,A,"YZ,ZX",3,8.863990208803109e-10,1.519888581756363e-13
3.0,3,A,"YZ,ZY",1,9.801233481907824e-09,5.445129712171014e-10
3.0,3,A,"YZ,ZY",2,-7.807286526432936e-09,-2.409656335318807e-11
3.0,3,A,"YZ,ZY",3,1.1486600201758635e-09,1.9695816532507948e-13
3.0,3,A,"YZ,ZZ",1,-5.952849696011097e-09,-3.307138720006165e-10
3.0,3,A,"YZ,ZZ",2,3.7439793616461185e-09,1.1555491856932465e-11
3.0,3,A,"YZ,ZZ",3,-5.505952845692965e-10,-9.440934234727306e-14
3.0,3,A,"ZI,ZX",1,-3.6332675663585015e-09,-2.0184819813102785e-10
3.0,3,A,"ZI,ZX",2,2.233614323374802e-09,6.893871368440747e-12
3.0,3,A,"ZI,ZX",3,-3.402132316505272e-10,-5.833560213486407e-14
3.0,3,A,"ZI,ZY",1,1.059146387842263e-08,5.884146599123684e-10
3.0,3,A,"ZI,ZY",2,-7.580783279751833e-09,-2.3397479258493315e-11
3.0,3,A,"ZI,ZY",3,1.3202167005560782e-09,2.2637460571949213e-13
3.0,3,A,"ZI,ZZ",1,-1.908745367814683e-09,-1.0604140932303795e-10
3.0,3,A,"ZI,ZZ",2,6.549507071285192e-10,2.0214527997793803e-12
3.0,3,A,"ZI,ZZ",3,-3.7852807872233045e-11,-6.490536329258067e-15
3.0,3,A,"ZX,ZY",1,-9.845178173645717e-09,-5.469543429803176e-10
3.0,3,A,"ZX,ZY",2,5.611997926780844e-09,1.7320981255496435e-11
3.0,3,A,"ZX,ZY",3,-8.705636404224378e-10,-1.4927360089547972e-13
3.0,3,A,"ZX,ZZ",1,7.780154933399494e-09,4.3223082963330524e-10
3.0,3,A,"ZX,ZZ",2,-3.7892577502462785e-09,-1.1695239969895921e-11
3.0,3,A,"ZX,ZZ",3,5.048330881682929e-10,8.656260085190207e-14
3.0,3,A,"ZY,ZZ",1,-1.0335581144569465e-09,-5.741989524760814e-11
3.0,3,A,"ZY,ZZ",2,-5.970494700291211e-10,-1.842745277867658e-12
3.0,3,A,"ZY,ZZ",3,-6.236361399927342e-11,-1.069334945117857e-14
3.0,4,H,IX,1,-7.982843641438122e-08,-4.43491313413229e-09
3.0,4,H,IX,2,1.3812196915073162e-07,4.263023739220112e-10
3.0,4,H,IX,3,-6.922937854007575e-08,-1.1870606745554826e-11
3.0,4,H,IX,4,9.906333988869646e-09,9.436760772814401e-14
3.0,4,H,IY,1,-5.848490293779338e-08,-3.2491612743218546e-09
3.0,4,H,IY,2,1.0217780515785547e-07,3.1536359616622057e-10
3.0,4,H,IY,3,-5.3356354566170955e-08,-9.148894815872934e-12
3.0,4,H,IY,4,7.875087273464007e-09,7.50179781422802e-14
3.0,4,H,IZ,1,-1.6682287471728145e-09,-9.267937484293414e-11
3.0,4,H,IZ,2,3.2396454894171425e-09,9.998905831534391e-12
3.0,4,H,IZ,3,-1.7141722569280746e-09,-2.9392528410975214e-13
3.0,4,H,IZ,4,2.5081384411567656e-10,2.3892493914387723e-15
3.0,4,H,XI,1,2.226054044567786e-07,1.2366966914265478e-08
3.0,4,H,XI,2,-3.964617463228475e-07,-1.2236473651939736e-09
3.0,4,H,XI,3,2.0427885819887281e-07,3.5027239060163376e-11
3.0,4,H,XI,4,-2.9604448729354368e-08,-2.820115905478811e-13
3.0,4,H,XX,1,-0.0001620495578837314,-9.002753215762855e-06
3.0,4,H,XX,2,1.273240064994319e-06,3.929753287019503e-09
3.0,4,H,XX,3,1.6190464242000843e-07,2.7761427026750416e-11
3.0,4,H,XX,4,-2.3903212154028882e-08,-2.2770168566175966e-13
3.0,4,H,XY,1,4.1738588502032525e-08,2.3188104723351404e-09
3.0,4,H,XY,2,-8.030149487852718e-08,-2.478441199954543e-10
3.0,4,H,XY,3,4.06062258784259e-08,6.9626587583034816e-12
3.0,4,H,XY,4,-5.823900805365636e-09,-5.5478402733630883e-14
3.0,4,H,XZ,1,2.9652209500559368e-08,1.6473449722532981e-09
3.0,4,H,XZ,2,-4.204222685767559e-08,-1.2975995943727035e-10
3.0,4,H,XZ,3,1.8764265825872387e-08,3.2174667053964998e-12
3.0,4,H,XZ,4,-2.491501207882117e-09,-2.3734007848290248e-14
3.0,4,H,YI,1,-2.0475763936928522e-07,-1.1375424409404735e-08
3.0,4,H,YI,2,3.6820564634943833e-07,1.136437180090859e-09
3.0,4,H,YI,3,-1.8913806665095764e-07,-3.243108138733841e-11
3.0,4,H,YI,4,2.7468423876868966e-08,2.6166384580160196e-13
3.0,4,H,YX,1,-2.770665699635945e-07,-1.5392587220199696e-08
3.0,4,H,YX,2,5.034144971857825e-07,1.553748448104267e-09
3.0,4,H,YX,3,-2.579800757484627e-07,-4.423526676071034e-11
3.0,4,H,YX,4,3.7408550570388145e-08,3.5635336239129084e-13
3.0,4,H,YY,1,8.86677866829399e-08,4.9259881490522166e-09
3.0,4,H,YY,2,-1.3384962752225743e-07,-4.13116134327955e-10
3.0,4,H,YY,3,6.218566338118998e-08,1.0662836656582645e-11
3.0,4,H,YY,4,-8.500617855417485e-09,-8.097677426666557e-14
3.0,4,H,YZ,1,2.160852923888228e-08,1.2004738466045711e-09
3.0,4,H,YZ,2,-4.905573333693104e-08,-1.5140658437324397e-10
3.0,4,H,YZ,3,2.902528819572215e-08,4.976901268127941e-12
3.0,4,H,YZ,4,-4.516346733668625e-09,-4.302265978574746e-14
3.0,4,H,ZI,1,-2.6018841596034283e-08,-1.4454911997796824e-09
3.0,4,H,ZI,2,4.2444265517097396e-08,1.3100081949721418e-10
3.0,4,H,ZI,3,-2.0876176855449577e-08,-3.5795913675325063e-12
3.0,4,H,ZI,4,2.973614690919323e-09,2.8326614568275828e-14
3.0,4,H,ZX,1,2.5569171117430977e-08,1.4205095065239432e-09
3.0,4,H,ZX,2,-3.681122848765147e-08,-1.1361490273966503e-10
3.0,4,H,ZX,3,1.6286049695772527e-08,2.7925325267099668e-12
3.0,4,H,ZX,4,-2.145110197035285e-09,-2.0434291619372857e-14
3.0,4,H,ZY,1,9.255954032322396e-08,5.142196684623553e-09
3.0,4,H,ZY,2,-1.6561489512471378e-07,-5.111570837182524e-10
3.0,4,H,ZY,3,8.687173745867431e-08,1.4895702582077212e-11
3.0,4,H,ZY,4,-1.2806501340975824e-08,-1.2199456390961576e-13
3.0,4,H,ZZ,1,-3.552430843115587e-16,-1.9735726906197705e-17
3.0,4,H,ZZ,2,-7.210700164697675e-15,-2.2255247421906403e-17
3.0,4,H,ZZ,3,6.476092729658444e-15,1.1104411402020652e-18
3.0,4,H,ZZ,4,-1.2137168890596083e-15,-1.156185117607461e-20
3.0,4,S,IX,1,0.0014311663463529333,7.950924146405185e-05
3.0,4,S,IX,2,-8.455208053441782e-06,-2.609632115259809e-08
3.0,4,S,IX,3,-2.1239464625889134e-07,-3.641883509240249e-11
3.0,4,S,IX,4,3.9944503324484745e-08,3.805108150861601e-13
3.0,4,S,IY,1,3.480738861721884e-08,1.9337438120677135e-09
3.0,4,S,IY,2,-5.333675182383943e-08,-1.6461960439456613e-10
3.0,4,S,IY,3,2.551919280860561e-08,4.375718931516737e-12
3.0,4,S,IY,4,-3.556736282375948e-09,-3.388142320507495e-14
3.0,4,S,IZ,1,5.676517197158895e-09,3.153620665088275e-10
3.0,4,S,IZ,2,-1.3617771740797723e-09,-4.203015969382013e-12
3.0,4,S,IZ,3,-8.411909829179117e-10,-1.4423713698866797e-13
3.0,4,S,IZ,4,2.1768255192467716e-10,2.073641136304271e-15
3.0,4,S,XI,1,0.0014316797768241908,7.953776537912172e-05
3.0,4,S,XI,2,-9.423367962899479e-06,-2.9084469021294688e-08
3.0,4,S,XI,3,2.8694091676536345e-07,4.9201117415185777e-11
3.0,4,S,XI,4,-3.255228092388258e-08,-3.1009260139348594e-13
3.0,4,S,XX,1,0.0001335330930060015,7.418505167000083e-06
3.0,4,S,XX,2,6.061226358607522e-06,1.8707488761134327e-08
3.0,4,S,XX,3,-4.693229356114239e-08,-8.04737543915336e-12
3.0,4,S,XX,4,-2.474416392804295e-09,-2.3571258123802535e-14
3.0,4,S,XY,1,8.561016384296858e-08,4.756120213498255e-09
3.0,4,S,XY,2,-1.4018313191221248e-07,-4.3266398738337184e-10
3.0,4,S,XY,3,6.840373413246533e-08,1.1729035345072931e-11
3.0,4,S,XY,4,-9.656065528196931e-09,-9.198355365223414e-14
3.0,4,S,XZ,1,1.36717815793827e-07,7.595434210768167e-09
3.0,4,S,XZ,2,-2.4183275425182504e-07,-7.463973896661266e-10
3.0,4,S,XZ,3,1.2233748102336058e-07,2.0976934331851952e-11
3.0,4,S,XZ,4,-1.7594319287321657e-08,-1.6760325490894734e-13
3.0,4,S,YI,1,1.0745653716372699e-07,5.969807620207055e-09
3.0,4,S,YI,2,-1.886235258903658e-07,-5.821713762048327e-10
3.0,4,S,YI,3,9.386408712993688e-08,1.6094665145736775e-11
3.0,4,S,YI,4,-1.3349856959383562e-08,-1.2717056240839394e-13
3.0,4,S,YX,1,9.933998371483071e-08,5.5188879841572615e-09
3.0,4,S,YX,2,-1.686664279215879e-07,-5.205753948197158e-10
3.0,4,S,YX,3,8.328806037736869e-08,1.4281217485831394e-11
3.0,4,S,YX,4,-1.1798320060549246e-08,-1.1239064224726839e-13
3.0,4,S,YY,1,-6.791811920021745e-09,-3.773228844456525e-10
3.0,4,S,YY,2,4.185091801408624e-08,1.2916950004347604e-10
3.0,4,S,YY,3,-2.7132164284878257e-08,-4.65229154404634e-12
3.0,4,S,YY,4,4.337829248512435e-09,4.1322104562113574e-14
3.0,4,S,YZ,1,4.6512516491471286e-08,2.584028693970627e-09
3.0,4,S,YZ,2,-6.75899870943602e-08,-2.0861107127888952e-10
3.0,4,S,YZ,3,3.0927084675144243e-08,5.302998058152305e-12
3.0,4,S,YZ,4,-4.230065720428365e-09,-4.029555060612297e-14
3.0,4,S,ZI,1,2.015442261743257e-08,1.1196901454129205e-09
3.0,4,S,ZI,2,-2.579343593913884e-08,-7.960937018252728e-11
3.0,4,S,ZI,3,1.0727020200822397e-08,1.8393381688652944e-12
3.0,4,S,ZI,4,-1.3546079959686002e-09,-1.2903978013723139e-14
3.0,4,S,ZX,1,6.306811767362501e-09,3.50378431520139e-10
3.0,4,S,ZX,2,-3.792611495540919e-09,-1.170559103562012e-11
3.0,4,S,ZX,3,3.1381532391045307e-10,5.380921191880197e-14
3.0,4,S,ZX,4,7.945819518146118e-11,7.569177257798085e-16
3.0,4,S,ZY,1,-4.336881869299931e-08,-2.4093788162777393e-09
3.0,4,S,ZY,2,1.0765651340266745e-07,3.322731895144057e-10
3.0,4,S,ZY,3,-6.078671204665395e-08,-1.04229615992205e-11
3.0,4,S,ZY,4,9.187450749042757e-09,8.751953540850058e-14
3.0,4,S,ZZ,1,-5.886960341701021e-08,-3.270533523167234e-09
3.0,4,S,ZZ,2,1.3011068983907963e-07,4.015762032070359e-10
3.0,4,S,ZZ,3,-6.99201579716924e-08,-1.1989053150153017e-11
3.0,4,S,ZZ,4,1.0338398238637516e-08,9.848344610803913e-14
3.0,4,C,"IX,IY",1,1.0019499348631747e-08,5.566388527017637e-10
3.0,4,C,"IX,IY",2,-1.9485816526542994e-08,-6.01414090325401e-11
3.0,4,C,"IX,IY",3,1.084577930805353e-08,1.859701527444021e-12
3.0,4,C,"IX,IY",4,-1.6508447047925305e-09,-1.5725925018980818e-14
3.0,4,C,"IX,IZ",1,6.283453411745934e-08,3.4908074509699634e-09
3.0,4,C,"IX,IZ",2,-1.2274405057608542e-07,-3.788396622718686e-10
3.0,4,C,"IX,IZ",3,6.600166091055672e-08,1.1317157220603004e-11
3.0,4,C,"IX,IZ",4,-9.82163452284035e-09,-9.356076172496904e-14
3.0,4,C,"IX,XI",1,0.0014313636318299375,7.952020176832987e-05
3.0,4,C,"IX,XI",2,-8.834304744444622e-06,-2.7266372668038954e-08
3.0,4,C,"IX,XI",3,-1.537375337658419e-08,-2.6361031166982496e-12
3.0,4,C,"IX,XI",4,1.1220432146447319e-08,1.0688568955234834e-13
3.0,4,C,"IX,XX",1,9.496824849426561e-08,5.276013805236978e-09
3.0,4,C,"IX,XX",2,-1.5974598617581864e-07,-4.930431672093168e-10
3.0,4,C,"IX,XX",3,8.081618273927965e-08,1.385737015419747e-11
3.0,4,C,"IX,XX",4,-1.1714957123072487e-08,-1.1159652799756598e-13
3.0,4,C,"IX,XY",1,-2.3073280827372923e-08,-1.2818489348540512e-09
3.0,4,C,"IX,XY",2,3.074220481861561e-08,9.488334820560374e-11
3.0,4,C,"IX,XY",3,-1.3885288671067855e-08,-2.380879401760606e-12
3.0,4,C,"IX,XY",4,1.8953315309803868e-09,1.8054903320572196e-14
3.0,4,C,"IX,XZ",1,-4.036328125291555e-08,-2.242404514050864e-09
3.0,4,C,"IX,XZ",2,8.36073880326193e-08,2.5804749392783735e-10
3.0,4,C,"IX,XZ",3,-4.7348444724861717e-08,-8.118731948707427e-12
3.0,4,C,"IX,XZ",4,7.248057787994185e-09,6.904490348264541e-14
3.0,4,C,"IX,YI",1,1.3060721490577942e-08,7.255956383654412e-10
3.0,4,C,"IX,YI",2,-2.4678377262142687e-08,-7.616783105599594e-11
3.0,4,C,"IX,YI",3,1.3145040774675913e-08,2.253950750115897e-12
3.0,4,C,"IX,YI",4,-1.944584037030934e-09,-1.852408204761978e-14
3.0,4,C,"IX,YX",1,8.527500619445481e-09,4.737500344136378e-10
3.0,4,C,"IX,YX",2,-3.163994489699149e-08,-9.765415091664041e-11
3.0,4,C,"IX,YX",3,1.9964261571258918e-08,3.4232272927398695e-12
3.0,4,C,"IX,YX",4,-3.124694635044214e-09,-2.97658001356902e-14
3.0,4,C,"IX,YY",1,-2.4448709153402828e-08,-1.3582616196334903e-09
3.0,4,C,"IX,YY",2,5.494105421766691e-08,1.6957115499279912e-10
3.0,4,C,"IX,YY",3,-3.2718590047605507e-08,-5.6101834786703545e-12
3.0,4,C,"IX,YY",4,5.134553966470605e-09,4.891169378210834e-14
3.0,4,C,"IX,YZ",1,-2.4295736372892742e-08,-1.3497631318273745e-09
3.0,4,C,"IX,YZ",2,4.234411693508285e-08,1.306917189354409e-10
3.0,4,C,"IX,YZ",3,-2.137242150645021e-08,-3.664681328266497e-12
3.0,4,C,"IX,YZ",4,3.0686833365626785e-09,2.923223724053763e-14
3.0,4,C,"IX,ZI",1,-1.853016738504646e-08,-1.029453743613692e-09
3.0,4,C,"IX,ZI",2,3.0392478086406213e-08,9.380394471113029e-11
3.0,4,C,"IX,ZI",3,-1.2710031177893564e-08,-2.1793606272108305e-12
3.0,4,C,"IX,ZI",4,1.596232783099945e-09,1.52056925687771e-14
3.0,4,C,"IX,ZX",1,-3.401892007583471e-08,-1.8899400042130395e-09
3.0,4,C,"IX,ZX",2,7.230949115518363e-08,2.2317744183698652e-10
3.0,4,C,"IX,ZX",3,-4.1703049507456015e-08,-7.150728653541841e-12
3.0,4,C,"IX,ZX",4,6.443633115912016e-09,6.138196460059458e-14
3.0,4,C,"IX,ZY",1,4.544569311829351e-09,2.524760728794084e-10
3.0,4,C,"IX,ZY",2,-8.797903594144175e-09,-2.7154023438716587e-11
3.0,4,C,"IX,ZY",3,4.546760757865487e-09,7.796229008685676e-13
3.0,4,C,"IX,ZY",4,-6.589182937965729e-10,-6.27684702976464e-15
3.0,4,C,"IX,ZZ",1,-6.359673767861889e-08,-3.533152093256605e-09
3.0,4,C,"IX,ZZ",2,1.170545494904661e-07,3.6127947373600646e-10
3.0,4,C,"IX,ZZ",3,-6.261278169553592e-08,-1.0736073678932771e-11
3.0,4,C,"IX,ZZ",4,9.32361231717518e-09,8.881660872175716e-14
3.0,4,C,"IY,IZ",1,-2.4521737293995116e-08,-1.3623187385552843e-09
3.0,4,C,"IY,IZ",2,4.050234589720051e-08,1.2500724042345836e-10
3.0,4,C,"IY,IZ",3,-2.0062487957345837e-08,-3.4400699515339227e-12
3.0,4,C,"IY,IZ",4,2.864197803562794e-09,2.7284310733527606e-14
3.0,4,C,"IY,XI",1,7.336929959240191e-09,4.076072199577884e-10
3.0,4,C,"IY,XI",2,-1.44476576939181e-08,-4.459153609233981e-11
3.0,4,C,"IY,XI",3,8.42756246557156e-09,1.4450552924505419e-12
3.0,4,C,"IY,XI",4,-1.316479342606138e-09,-1.2540764961573483e-14
3.0,4,C,"IY,XX",1,4.726118910145826e-08,2.625621616747681e-09
3.0,4,C,"IY,XX",2,-7.259247279899552e-08,-2.240508419722084e-10
3.0,4,C,"IY,XX",3,3.391928140320966e-08,5.816063340742397e-12
3.0,4,C,"IY,XX",4,-4.6484467567125895e-09,-4.4281042873729133e-14
3.0,4,C,"IY,XY",1,-1.846042032689209e-08,-1.0255789070495605e-09
3.0,4,C,"IY,XY",2,3.414184434136419e-08,1.0537606278198824e-10
3.0,4,C,"IY,XY",3,-1.7047116756630988e-08,-2.9230309939353546e-12
3.0,4,C,"IY,XY",4,2.412669317374799e-09,2.298305629262688e-14
3.0,4,C,"IY,XZ",1,8.269349146029605e-08,4.594082858905336e-09
3.0,4,C,"IY,XZ",2,-1.460853594230351e-07,-4.5088073895998487e-10
3.0,4,C,"IY,XZ",3,7.387264708457463e-08,1.2666777620811836e-11
3.0,4,C,"IY,XZ",4,-1.0609572975132021e-08,-1.0106665309339297e-13
3.0,4,C,"IY,YI",1,-2.613910587075147e-09,-1.4521725483750816e-10
3.0,4,C,"IY,YI",2,5.7672709033627654e-09,1.78002188375394e-11
3.0,4,C,"IY,YI",3,-2.8417382011089613e-09,-4.872664953890537e-13
3.0,4,C,"IY,YI",4,3.863491244515557e-10,3.680356695354707e-15
3.0,4,C,"IY,YX",1,3.4476653050042174e-08,1.915369613891232e-09
3.0,4,C,"IY,YX",2,-6.319599897548772e-08,-1.9504937955397443e-10
3.0,4,C,"IY,YX",3,3.2528622139931436e-08,5.5776101062982575e-12
3.0,4,C,"IY,YX",4,-4.711657749993257e-09,-4.488318996716637e-14
3.0,4,C,"IY,YY",1,2.7975289279198243e-08,1.5541827377332357e-09
3.0,4,C,"IY,YY",2,-3.594396219060488e-08,-1.1093815490927432e-10
3.0,4,C,"IY,YY",3,1.5718046134299268e-08,2.6951382260458277e-12
3.0,4,C,"IY,YY",4,-2.098664062585018e-09,-1.9991846351404304e-14
3.0,4,C,"IY,YZ",1,2.2937507505906192e-08,1.274305972550344e-09
3.0,4,C,"IY,YZ",2,-3.979706101123902e-08,-1.2283043521987353e-10
3.0,4,C,"IY,YZ",3,1.890939908369605e-08,3.2423523806063184e-12
3.0,4,C,"IY,YZ",4,-2.6133841255302124e-09,-2.489506292419422e-14
3.0,4,C,"IY,ZI",1,8.938771428178555e-10,4.9659841267658636e-11
3.0,4,C,"IY,ZI",2,7.19127617032473e-09,2.219529682198991e-11
3.0,4,C,"IY,ZI",3,-6.3624612457498335e-09,-1.0909570037293954e-12
3.0,4,C,"IY,ZI",4,1.131163399143894e-09,1.0775447713228681e-14
3.0,4,C,"IY,ZX",1,-1.4105064475464363e-08,-7.836146930813535e-10
3.0,4,C,"IY,ZX",2,3.104287656942836e-08,9.581134743650729e-11
3.0,4,C,"IY,ZX",3,-1.6531604692329276e-08,-2.8346372929234014e-12
3.0,4,C,"IY,ZX",4,2.4125647118152556e-09,2.298205982143781e-14
3.0,4,C,"IY,ZY",1,7.088363438390646e-08,3.937979687994803e-09
3.0,4,C,"IY,ZY",2,-1.3989569847407268e-07,-4.317768471421996e-10
3.0,4,C,"IY,ZY",3,7.395188478930715e-08,1.2680364332871597e-11
3.0,4,C,"IY,ZY",4,-1.0871395031025141e-08,-1.035607665659307e-13
3.0,4,C,"IY,ZZ",1,-4.839051284253617e-08,-2.688361824585343e-09
3.0,4,C,"IY,ZZ",2,9.077259930779362e-08,2.801623435425729e-10
3.0,4,C,"IY,ZZ",3,-4.601089842187794e-08,-7.889385874807603e-12
3.0,4,C,"IY,ZZ",4,6.622108392790463e-09,6.308211774872793e-14
3.0,4,C,"IZ,XI",1,5.2031796186246266e-08,2.890655343680348e-09
3.0,4,C,"IZ,XI",2,-1.0562541159069758e-07,-3.260043567614123e-10
3.0,4,C,"IZ,XI",3,5.7270350155300985e-08,9.820018888083159e-12
3.0,4,C,"IZ,XI",4,-8.548603043132966e-09,-8.143388053586502e-14
3.0,4,C,"IZ,XX",1,-5.0948479450893615e-08,-2.830471080605201e-09
3.0,4,C,"IZ,XX",2,9.526002228372755e-08,2.9401241445594925e-10
3.0,4,C,"IZ,XX",3,-4.782805521537143e-08,-8.200969687135019e-12
3.0,4,C,"IZ,XX",4,6.831770777303706e-09,6.50793588753973e-14
3.0,4,C,"IZ,XY",1,2.0106313752580904e-09,1.1170174306989391e-10
3.0,4,C,"IZ,XY",2,-5.870611375099335e-09,-1.8119170910800417e-11
3.0,4,C,"IZ,XY",3,2.605319209971646e-09,4.46728259597333e-13
3.0,4,C,"IZ,XY",4,-3.461043305974246e-10,-3.296985316619271e-15
3.0,4,C,"IZ,XZ",1,-6.06656027410604e-08,-3.3703112633922445e-09
3.0,4,C,"IZ,XZ",2,1.0972825984130102e-07,3.3866746864599083e-10
3.0,4,C,"IZ,XZ",3,-5.585352946948933e-08,-9.577079813012574e-12
3.0,4,C,"IZ,XZ",4,8.060309081041283e-09,7.678239865341871e-14
3.0,4,C,"IZ,YI",1,-3.6019024323313555e-08,-2.0010569068507532e-09
3.0,4,C,"IZ,YI",2,6.601376201897382e-08,2.0374617907090687e-10
3.0,4,C,"IZ,YI",3,-3.434089938429023e-08,-5.888357233245925e-12
3.0,4,C,"IZ,YI",4,5.029618129982143e-09,4.7912076379192796e-14
3.0,4,C,"IZ,YX",1,-4.91441259416257e-08,-2.7302292189792056e-09
3.0,4,C,"IZ,YX",2,8.648240871682226e-08,2.669210145580934e-10
3.0,4,C,"IZ,YX",3,-4.3271515913428855e-08,-7.419670081177787e-12
3.0,4,C,"IZ,YX",4,6.174681616865007e-09,5.881993614602392e-14
3.0,4,C,"IZ,YY",1,-6.641475693210947e-08,-3.6897087184505263e-09
3.0,4,C,"IZ,YY",2,1.2225876412713178e-07,3.773418645899129e-10
3.0,4,C,"IZ,YY",3,-6.294814741093804e-08,-1.0793578088295275e-11
3.0,4,C,"IZ,YY",4,9.153111850882556e-09,8.719242351473248e-14
3.0,4,C,"IZ,YZ",1,9.930659755610107e-09,5.51703319756117e-10
3.0,4,C,"IZ,YZ",2,-2.8392295225273506e-08,-8.763054081874539e-11
3.0,4,C,"IZ,YZ",3,1.7065263392742607e-08,2.926142557054631e-12
3.0,4,C,"IZ,YZ",4,-2.6402351655835034e-09,-2.5150845579784936e-14
3.0,4,C,"IZ,ZI",1,-1.844390224888479e-08,-1.024661236049155e-09
3.0,4,C,"IZ,ZI",2,2.402755899190809e-08,7.415913269107435e-11
3.0,4,C,"IZ,ZI",3,-8.874456049005793e-09,-1.5216831359749302e-12
3.0,4,C,"IZ,ZI",4,9.937053600089138e-10,9.466024234195567e-15
3.0,4,C,"IZ,ZX",1,-1.4747762635394836e-08,-8.193201464108242e-10
3.0,4,C,"IZ,ZX",2,2.7522468816824808e-08,8.494589140995312e-11
3.0,4,C,"IZ,ZX",3,-1.4920202175695487e-08,-2.558333706394974e-12
3.0,4,C,"IZ,ZX",4,2.244469202547716e-09,2.1380784203510476e-14
3.0,4,C,"IZ,ZY",1,-2.3143558790231136e-08,-1.285753266123952e-09
3.0,4,C,"IZ,ZY",2,4.4735884571512685e-08,1.3807371781331075e-10
3.0,4,C,"IZ,ZY",3,-2.43205899810092e-08,-4.1701971846723595e-12
3.0,4,C,"IZ,ZY",4,3.6381523470492207e-09,3.4656991569970476e-14
3.0,4,C,"IZ,ZZ",1,1.0484928773711935e-08,5.824960429839964e-10
3.0,4,C,"IZ,ZZ",2,-1.871422019723706e-08,-5.7759938880361294e-11
3.0,4,C,"IZ,ZZ",3,8.463170706287637e-09,1.4511609578682506e-12
3.0,4,C,"IZ,ZZ",4,-1.1362846705397354e-09,-1.082423287741708e-14
3.0,4,C,"XI,XX",1,2.2908256918737815e-07,1.2726809399298787e-08
3.0,4,C,"XI,XX",2,-4.0677945484733335e-07,-1.255492144590535e-09
3.0,4,C,"XI,XX",3,2.08504994208927e-07,3.5751885152422324e-11
3.0,4,C,"XI,XX",4,-3.023394281661133e-08,-2.880081429718348e-13
3.0,4,C,"XI,XY",1,-1.0827204054892867e-08,-6.015113363829371e-10
3.0,4,C,"XI,XY",2,1.390588795193008e-08,4.291940725904346e-11
3.0,4,C,"XI,XY",3,-6.588022442155039e-09,-1.1296334777357748e-12
3.0,4,C,"XI,XY",4,9.377203992063823e-10,8.932712231427968e-15
3.0,4,C,"XI,XZ",1,-3.8807493447473675e-08,-2.155971858192982e-09
3.0,4,C,"XI,XZ",2,7.53585996168883e-08,2.3258827042249477e-10
3.0,4,C,"XI,XZ",3,-4.20016795409732e-08,-7.2019340776703015e-12
3.0,4,C,"XI,XZ",4,6.398885155883317e-09,6.095569611990661e-14
3.0,4,C,"XI,YI",1,3.076643908453365e-08,1.7092466158074252e-09
3.0,4,C,"XI,YI",2,-5.924033986284181e-08,-1.828405551322278e-10
3.0,4,C,"XI,YI",3,3.108018924369123e-08,5.329250556188482e-12
3.0,4,C,"XI,YI",4,-4.550393604168603e-09,-4.334698982785211e-14
3.0,4,C,"XI,YX",1,9.74866594038902e-09,5.415925522438345e-10
3.0,4,C,"XI,YX",2,-3.202413716813609e-08,-9.883992953128422e-11
3.0,4,C,"XI,YX",3,1.9558967187042536e-08,3.353732370892067e-12
3.0,4,C,"XI,YX",4,-3.0217384652381577e-09,-2.878504101164226e-14
3.0,4,C,"XI,YY",1,-4.8976465000700814e-08,-2.7209147222611563e-09
3.0,4,C,"XI,YY",2,9.310663042895302e-08,2.873661432992377e-10
3.0,4,C,"XI,YY",3,-5.091723959090131e-08,-8.730665224777318e-12
3.0,4,C,"XI,YY",4,7.6759012187227e-09,7.312053439569712e-14
3.0,4,C,"XI,YZ",1,2.6017600054998422e-08,1.4454222252776902e-09
3.0,4,C,"XI,YZ",2,-4.35141050977885e-08,-1.343027935116929e-10
3.0,4,C,"XI,YZ",3,2.1599966043898333e-08,3.703697881326875e-12
3.0,4,C,"XI,YZ",4,-3.0812454108094495e-09,-2.9351903395151743e-14
3.0,4,C,"XI,ZI",1,-4.8787034759917345e-09,-2.710390819995408e-10
3.0,4,C,"XI,ZI",2,7.113468850676182e-09,2.195515077369192e-11
3.0,4,C,"XI,ZI",3,-1.1886355608047657e-09,-2.0381268189382127e-13
3.0,4,C,"XI,ZI",4,-3.678256414318409e-11,-3.503902238910236e-16
3.0,4,C,"XI,ZX",1,-1.6289473860700614e-08,-9.04970770038923e-10
3.0,4,C,"XI,ZX",2,3.6342157910251644e-08,1.1216715404398655e-10
3.0,4,C,"XI,ZX",3,-2.2465453303583575e-08,-3.8521010465678284e-12
3.0,4,C,"XI,ZX",4,3.6088273353811876e-09,3.437764189320595e-14
3.0,4,C,"XI,ZY",1,-6.2760534218365755e-09,-3.4866963454647644e-10
3.0,4,C,"XI,ZY",2,9.985103060391965e-09,3.0818219322197424e-11
3.0,4,C,"XI,ZY",3,-4.782903007390715e-09,-8.201136843948414e-13
3.0,4,C,"XI,ZY",4,6.72705340564985e-10,6.408182256563262e-15
3.0,4,C,"XI,ZZ",1,-5.0556145298678716e-08,-2.8086747388154844e-09
3.0,4,C,"XI,ZZ",2,9.759244042650159e-08,3.0121123588426415e-10
3.0,4,C,"XI,ZZ",3,-5.327265784584483e-08,-9.134543526379429e-12
3.0,4,C,"XI,ZZ",4,7.997587251670557e-09,7.618491132897574e-14
3.0,4,C,"XX,XY",1,1.5943854356990873e-08,8.857696864994929e-10
3.0,4,C,"XX,XY",2,-2.731508807960146e-08,-8.430582740617735e-11
3.0,4,C,"XX,XY",3,1.3442798039127862e-08,2.3050065224842014e-12
3.0,4,C,"XX,XY",4,-1.906385906586365e-09,-1.816020715769666e-14
3.0,4,C,"XX,XZ",1,4.9273068825532123e-08,2.7373927125295622e-09
3.0,4,C,"XX,XZ",2,-8.721493869289353e-08,-2.691819095459677e-10
3.0,4,C,"XX,XZ",3,4.613209088569053e-08,7.910166475598514e-12
3.0,4,C,"XX,XZ",4,-6.866845894120074e-09,-6.541348397843387e-14
3.0,4,C,"XX,YI",1,2.432236957878395e-08,1.351242754376886e-09
3.0,4,C,"XX,YI",2,-3.004668472636298e-08,-9.273668125420674e-11
3.0,4,C,"XX,YI",3,1.2065540697574183e-08,2.068851285592281e-12
3.0,4,C,"XX,YI",4,-1.4865243978107552e-09,-1.416061192854324e-14
3.0,4,C,"XX,YX",1,-2.7263871202574924e-08,-1.5146595112541625e-09
3.0,4,C,"XX,YX",2,4.920635983187448e-08,1.5187148096257557e-10
3.0,4,C,"XX,YX",3,-2.50957079157184e-08,-4.303104923820027e-12
3.0,4,C,"XX,YX",4,3.6320820400973924e-09,3.4599165905515476e-14
3.0,4,C,"XX,YY",1,7.556851539285463e-08,4.198250855158591e-09
3.0,4,C,"XX,YY",2,-1.4949759373132881e-07,-4.6141232633126177e-10
3.0,4,C,"XX,YY",3,8.387826190482358e-08,1.4382418022089092e-11
3.0,4,C,"XX,YY",4,-1.2802936624157545e-08,-1.2196060646393028e-13
3.0,4,C,"XX,YZ",1,-3.8999635170162194e-08,-2.166646398342344e-09
3.0,4,C,"XX,YZ",2,5.918094611532897e-08,1.8265724109669436e-10
3.0,4,C,"XX,YZ",3,-2.7186933544980246e-08,-4.661682706615268e-12
3.0,4,C,"XX,YZ",4,3.675961339205782e-09,3.501715953366276e-14
3.0,4,C,"XX,ZI",1,2.667377246895987e-07,1.4818762482755483e-08
3.0,4,C,"XX,ZI",2,-4.862443040466007e-07,-1.5007540248351872e-09
3.0,4,C,"XX,ZI",3,2.496101486864433e-07,4.280009408203761e-11
3.0,4,C,"XX,ZI",4,-3.623386345279709e-08,-3.4516330830663283e-13
3.0,4,C,"XX,ZX",1,1.944323570321382e-07,1.0801797612896568e-08
3.0,4,C,"XX,ZX",2,-3.510418723122194e-07,-1.0834625688648747e-09
3.0,4,C,"XX,ZX",3,1.8077137021694112e-07,3.0996462657225844e-11
3.0,4,C,"XX,ZX",4,-2.6294198351231166e-08,-2.5047818883584027e-13
3.0,4,C,"XX,ZY",1,-3.0807967676218536e-08,-1.7115537597899186e-09
3.0,4,C,"XX,ZY",2,4.029637353051848e-08,1.24371523242341e-10
3.0,4,C,"XX,ZY",3,-1.743708740283518e-08,-2.9898983886891597e-12
3.0,4,C,"XX,ZY",4,2.286269050468725e-09,2.1778969006903722e-14
3.0,4,C,"XX,ZZ",1,1.132870416922229e-08,6.293724538456828e-10
3.0,4,C,"XX,ZZ",2,-2.0389835419521184e-08,-6.293159080099131e-11
3.0,4,C,"XX,ZZ",3,1.0378386750620525e-08,1.7795587706825316e-12
3.0,4,C,"XX,ZZ",4,-1.4880289325825233e-09,-1.4174944107058026e-14
3.0,4,C,"XY,XZ",1,-1.2562287268334041e-08,-6.979048482407801e-10
3.0,4,C,"XY,XZ",2,1.7810897762114546e-08,5.4971906673193045e-11
3.0,4,C,"XY,XZ",3,-8.494213964502654e-09,-1.4564838759435278e-12
3.0,4,C,"XY,XZ",4,1.1903873594085345e-09,1.133961438241631e-14
3.0,4,C,"XY,YI",1,4.2506010600696715e-08,2.3614450333720398e-09
3.0,4,C,"XY,YI",2,-7.067779378701378e-08,-2.1814133884880797e-10
3.0,4,C,"XY,YI",3,3.53245864032152e-08,6.057027846916186e-12
3.0,4,C,"XY,YI",4,-5.071233986702375e-09,-4.8308508484819147e-14
3.0,4,C,"XY,YX",1,-4.096163185515888e-08,-2.2756462141754935e-09
3.0,4,C,"XY,YX",2,7.578094626224096e-08,2.33891809451361e-10
3.0,4,C,"XY,YX",3,-3.9793787097151424e-08,-6.823351697042425e-12
3.0,4,C,"XY,YX",4,5.846244213959572e-09,5.569124575102473e-14
3.0,4,C,"XY,YY",1,5.103881286000114e-08,2.8354896033333964e-09
3.0,4,C,"XY,YY",2,-9.282581910701766e-08,-2.864994416883261e-10
3.0,4,C,"XY,YY",3,4.763732571789889e-08,8.168265726663047e-12
3.0,4,C,"XY,YY",4,-6.927297458867617e-09,-6.598934479183449e-14
3.0,4,C,"XY,YZ",1,-7.993619247102469e-08,-4.440899581723594e-09
3.0,4,C,"XY,YZ",2,1.4456908405216592e-07,4.462008767042158e-10
3.0,4,C,"XY,YZ",3,-7.222234690075966e-08,-1.2383804338264688e-11
3.0,4,C,"XY,YZ",4,1.0304761397962563e-08,9.81630220046731e-14
3.0,4,C,"XY,ZI",1,-1.8759016559818883e-08,-1.0421675866566046e-09
3.0,4,C,"XY,ZI",2,2.4400717247640217e-08,7.531085570259326e-11
3.0,4,C,"XY,ZI",3,-1.0930385127497755e-08,-1.8742086981306162e-12
3.0,4,C,"XY,ZI",4,1.4924165330098848e-09,1.4216740331217468e-14
3.0,4,C,"XY,ZX",1,4.841281158813003e-08,2.6896006437850017e-09
3.0,4,C,"XY,ZX",2,-8.596171845941762e-08,-2.6531394586240003e-10
3.0,4,C,"XY,ZX",3,4.4474975139576374e-08,7.62602454382311e-12
3.0,4,C,"XY,ZX",4,-6.500532684876584e-09,-6.192398914872527e-14
3.0,4,C,"XY,ZY",1,-4.592878211012967e-08,-2.5515990061183153e-09
3.0,4,C,"XY,ZY",2,8.999672098759448e-08,2.7776765736911875e-10
3.0,4,C,"XY,ZY",3,-4.661076641157667e-08,-7.992243897732625e-12
3.0,4,C,"XY,ZY",4,6.770330209540144e-09,6.44940768322297e-14
3.0,4,C,"XY,ZZ",1,4.7962523660074096e-08,2.6645846477818942e-09
3.0,4,C,"XY,ZZ",2,-9.227910656745763e-08,-2.84812057306968e-10
3.0,4,C,"XY,ZZ",3,4.72893924163128e-08,8.108606381397942e-12
3.0,4,C,"XY,ZZ",4,-6.8290376776997665e-09,-6.505332340439498e-14
3.0,4,C,"XZ,YI",1,-1.0006704595544435e-09,-5.5592803308580194e-11
3.0,4,C,"XZ,YI",2,-1.5895770530781433e-10,-4.906102015673282e-13
3.0,4,C,"XZ,YI",3,4.833431298552055e-10,8.287776575020671e-14
3.0,4,C,"XZ,YI",4,-1.0611432029072663e-10,-1.010843624168635e-15
3.0,4,C,"XZ,YX",1,3.210062728301504e-08,1.7833681823897246e-09
3.0,4,C,"XZ,YX",2,-5.903421475077389e-08,-1.8220436651473423e-10
3.0,4,C,"XZ,YX",3,3.066772067006667e-08,5.258525492123915e-12
3.0,4,C,"XZ,YX",4,-4.476659522492849e-09,-4.264459993229737e-14
3.0,4,C,"XZ,YY",1,5.773428523184562e-08,3.20746029065809e-09
3.0,4,C,"XZ,YY",2,-9.472608051913434e-08,-2.9236444604671095e-10
3.0,4,C,"XZ,YY",3,4.6364555391588e-08,7.950026644648148e-12
3.0,4,C,"XZ,YY",4,-6.563322296498223e-09,-6.252212216600197e-14
3.0,4,C,"XZ,YZ",1,3.874481447716107e-08,2.152489693175615e-09
3.0,4,C,"XZ,YZ",2,-7.017788104725958e-08,-2.1659839829401106e-10
3.0,4,C,"XZ,YZ",3,3.485420953996686e-08,5.9763733779092696e-12
3.0,4,C,"XZ,YZ",4,-4.94531049718523e-09,-4.7108962974253446e-14
3.0,4,C,"XZ,ZI",1,-4.346034196589583e-09,-2.414463442549768e-10
3.0,4,C,"XZ,ZI",2,1.5006132835679385e-08,4.6315224801479585e-11
3.0,4,C,"XZ,ZI",3,-9.484919726650918e-09,-1.6263579778208022e-12
3.0,4,C,"XZ,ZI",4,1.5060017084008274e-09,1.4346152533920396e-14
3.0,4,C,"XZ,ZX",1,-1.3740014842109744e-08,-7.633341578949858e-10
3.0,4,C,"XZ,ZX",2,3.040910468839775e-08,9.385526138394367e-11
3.0,4,C,"XZ,ZX",3,-1.680171288575889e-08,-2.88095214090516e-12
3.0,4,C,"XZ,ZX",4,2.5115076557434817e-09,2.392458900837793e-14
3.0,4,C,"XZ,ZY",1,9.986018823874561e-08,5.547788235485867e-09
3.0,4,C,"XZ,ZY",2,-1.872912753246531e-07,-5.780594917427564e-10
3.0,4,C,"XZ,ZY",3,9.621217608403078e-08,1.6497286708510078e-11
3.0,4,C,"XZ,ZY",4,-1.3927355590507196e-08,-1.326718067987654e-13
3.0,4,C,"XZ,ZZ",1,-8.338323446189817e-08,-4.632401914549898e-09
3.0,4,C,"XZ,ZZ",2,1.5128228320438946e-07,4.669206271740415e-10
3.0,4,C,"XZ,ZZ",3,-7.630925521767913e-08,-1.3084577369286544e-11
3.0,4,C,"XZ,ZZ",4,1.0946371552582216e-08,1.0427499192750929e-13
3.0,4,C,"YI,YX",1,1.2159441141170847e-07,6.755245078428248e-09
3.0,4,C,"YI,YX",2,-2.121483224912626e-07,-6.547787731211808e-10
3.0,4,C,"YI,YX",3,1.061458239788483e-07,1.8200587101997307e-11
3.0,4,C,"YI,YX",4,-1.5141208808518753e-08,-1.442349566426493e-13
3.0,4,C,"YI,YY",1,6.422726775404934e-09,3.56818154189163e-10
3.0,4,C,"YI,YY",2,-6.653146709519173e-09,-2.053440342444189e-11
3.0,4,C,"YI,YY",3,2.131456599119979e-09,3.654760972427947e-13
3.0,4,C,"YI,YY",4,-2.3070297281140517e-10,-2.1976734950027167e-15
3.0,4,C,"YI,YZ",1,2.979357697480543e-09,1.655198720822524e-10
3.0,4,C,"YI,YZ",2,-3.4002999945082643e-09,-1.0494753069469952e-11
3.0,4,C,"YI,YZ",3,1.7109121661513093e-09,2.933662836336264e-13
3.0,4,C,"YI,YZ",4,-2.545197063585554e-10,-2.4245513865888906e-15
3.0,4,C,"YI,ZI",1,9.924792324102966e-08,5.513773513390537e-09
3.0,4,C,"YI,ZI",2,-1.7859803454391044e-07,-5.51228501678736e-10
3.0,4,C,"YI,ZI",3,9.053542019551944e-08,1.5523906069190577e-11
3.0,4,C,"YI,ZI",4,-1.304949210612106e-08,-1.2430929075332515e-13
3.0,4,C,"YI,ZX",1,3.6948611353906665e-08,2.0527006307725923e-09
3.0,4,C,"YI,ZX",2,-6.21496701554643e-08,-1.9181996961563056e-10
3.0,4,C,"YI,ZX",3,3.0412521898225447e-08,5.214767129325351e-12
3.0,4,C,"YI,ZX",4,-4.33948131903861e-09,-4.133784216429098e-14
3.0,4,C,"YI,ZY",1,-2.2302417703073958e-08,-1.239023205726331e-09
3.0,4,C,"YI,ZY",2,4.7619059327480844e-08,1.46972405331731e-10
3.0,4,C,"YI,ZY",3,-2.6241027860111273e-08,-4.499490373818805e-12
3.0,4,C,"YI,ZY",4,3.938200369258214e-09,3.7515245096576497e-14
3.0,4,C,"YI,ZZ",1,1.9254137167745342e-08,1.0696742870969635e-09
3.0,4,C,"YI,ZZ",2,-3.941734757846723e-08,-1.216584801804544e-10
3.0,4,C,"YI,ZZ",3,2.143717282704835e-08,3.675784092429415e-12
3.0,4,C,"YI,ZZ",4,-3.201720602240854e-09,-3.0499548489567654e-14
3.0,4,C,"YX,YY",1,5.9833595605706e-08,3.3240886447614443e-09
3.0,4,C,"YX,YY",2,-1.0718417412496371e-07,-3.308153522375423e-10
3.0,4,C,"YX,YY",3,5.446007895377223e-08,9.338147968753812e-12
3.0,4,C,"YX,YY",4,-7.833539232081766e-09,-7.462219204467466e-14
3.0,4,C,"YX,YZ",1,2.6465518155708636e-08,1.4703065642060354e-09
3.0,4,C,"YX,YZ",2,-4.7404158875227434e-08,-1.4630913233094886e-10
3.0,4,C,"YX,YZ",3,2.3985886626634144e-08,4.112806348874167e-12
3.0,4,C,"YX,YZ",4,-3.4586334851343856e-09,-3.294689724445955e-14
3.0,4,C,"YX,ZI",1,7.812351093370736e-08,4.340195051872631e-09
3.0,4,C,"YX,ZI",2,-1.363408450469516e-07,-4.208050773054062e-10
3.0,4,C,"YX,ZI",3,6.823941704633617e-08,1.170086026171745e-11
3.0,4,C,"YX,ZI",4,-9.7901404428479e-09,-9.326074953177773e-14
3.0,4,C,"YX,ZX",1,5.0321884090809186e-08,2.795660227267177e-09
3.0,4,C,"YX,ZX",2,-8.675071351200913e-08,-2.6774911577780596e-10
3.0,4,C,"YX,ZX",3,4.3109478668601565e-08,7.391885917112751e-12
3.0,4,C,"YX,ZX",4,-6.1708490452553434e-09,-5.878342711910669e-14
3.0,4,C,"YX,ZY",1,-4.083198965346022e-09,-2.2684438696366787e-10
3.0,4,C,"YX,ZY",2,4.210888484751902e-09,1.2996569397382413e-11
3.0,4,C,"YX,ZY",3,-1.290755209753218e-09,-2.2132290976564097e-13
3.0,4,C,"YX,ZY",4,1.1204015805430805e-10,1.0672930770300644e-15
3.0,4,C,"YX,ZZ",1,-2.8205349039303687e-08,-1.5669638355168716e-09
3.0,4,C,"YX,ZZ",2,5.621018827662001e-08,1.734882354216667e-10
3.0,4,C,"YX,ZZ",3,-3.0641584594919795e-08,-5.254043997757166e-12
3.0,4,C,"YX,ZZ",4,4.606118692957451e-09,4.38778262932237e-14
3.0,4,C,"YY,YZ",1,1.9950948693355612e-08,1.1083860385197562e-09
3.0,4,C,"YY,YZ",2,-4.338903975871636e-08,-1.3391678937875418e-10
3.0,4,C,"YY,YZ",3,2.3099218789590912e-08,3.960771397392132e-12
3.0,4,C,"YY,YZ",4,-3.3782453236149433e-09,-3.218112067153391e-14
3.0,4,C,"YY,ZI",1,1.462492023007727e-08,8.12495568337626e-10
3.0,4,C,"YY,ZI",2,-2.5168880475706938e-08,-7.768172986329302e-11
3.0,4,C,"YY,ZI",3,1.2307784138433795e-08,2.110388226754766e-12
3.0,4,C,"YY,ZI",4,-1.7375224211723211e-09,-1.6551615809064178e-14
3.0,4,C,"YY,ZX",1,-2.7370840773474144e-08,-1.520602265193008e-09
3.0,4,C,"YY,ZX",2,6.17023323208778e-08,1.904392972866599e-10
3.0,4,C,"YY,ZX",3,-3.385766753094518e-08,-5.805498547830106e-12
3.0,4,C,"YY,ZX",4,5.032248630829768e-09,4.7937134495787303e-14
3.0,4,C,"YY,ZY",1,8.341062729745185e-08,4.6339237387473245e-09
3.0,4,C,"YY,ZY",2,-1.5978315674668848e-07,-4.93157891193483e-10
3.0,4,C,"YY,ZY",3,8.228487169457441e-08,1.4109202965462005e-11
3.0,4,C,"YY,ZY",4,-1.1951641532631494e-08,-1.1385118058062314e-13
3.0,4,C,"YY,ZZ",1,-5.83195547677515e-08,-3.2399752648750834e-09
3.0,4,C,"YY,ZZ",2,1.0748458545848756e-07,3.3174254771138136e-10
3.0,4,C,"YY,ZZ",3,-5.436236114988459e-08,-9.32139251541231e-12
3.0,4,C,"YY,ZZ",4,7.79809814824953e-09,7.428458074464193e-14
3.0,4,C,"YZ,ZI",1,4.2546685151878665e-08,2.3637047306599257e-09
3.0,4,C,"YZ,ZI",2,-7.340518011644634e-08,-2.2655919789026646e-10
3.0,4,C,"YZ,ZI",3,3.6021079934655836e-08,6.176454035434814e-12
3.0,4,C,"YZ,ZI",4,-5.0792291582737754e-09,-4.8384670384409537e-14
3.0,4,C,"YZ,ZX",1,-2.718104604898719e-10,-1.510058113832622e-11
3.0,4,C,"YZ,ZX",2,2.1595208149931042e-09,6.665187700596001e-12
3.0,4,C,"YZ,ZX",3,-1.1621255322283104e-09,-1.9926706656864033e-13
3.0,4,C,"YZ,ZX",4,1.7758542939299653e-10,1.6916764726508586e-15
3.0,4,C,"YZ,ZY",1,-2.5065807173670403e-08,-1.392544842981689e-09
3.0,4,C,"YZ,ZY",2,5.303056467789818e-08,1.6367458233919193e-10
3.0,4,C,"YZ,ZY",3,-2.8005065325435606e-08,-4.801965933716667e-12
3.0,4,C,"YZ,ZY",4,4.089739401899133e-09,3.8958803935176926e-14
3.0,4,C,"YZ,ZZ",1,2.417815075019157e-08,1.3432305972328649e-09
3.0,4,C,"YZ,ZZ",2,-4.962232350879134e-08,-1.531553194715782e-10
3.0,4,C,"YZ,ZZ",3,2.6210649849503315e-08,4.494281524263257e-12
3.0,4,C,"YZ,ZZ",4,-3.860702185174303e-09,-3.6776998410820597e-14
3.0,4,C,"ZI,ZX",1,4.411524220766324e-08,2.4508467893146247e-09
3.0,4,C,"ZI,ZX",2,-8.114657880707225e-08,-2.504524037255316e-10
3.0,4,C,"ZI,ZX",3,4.1104220714712484e-08,7.048048819395144e-12
3.0,4,C,"ZI,ZX",4,-5.863079329988998e-09,-5.585161684565041e-14
3.0,4,C,"ZI,ZY",1,4.2655134351717835e-08,2.3697296862065463e-09
3.0,4,C,"ZI,ZY",2,-9.18959347946566e-08,-2.8362942837856974e-10
3.0,4,C,"ZI,ZY",3,5.020322112809384e-08,8.608234075461907e-12
3.0,4,C,"ZI,ZY",4,-7.475808575692658e-09,-7.121445450095886e-14
3.0,4,C,"ZI,ZZ",1,-4.2145154613895805e-08,-2.341397478549767e-09
3.0,4,C,"ZI,ZZ",2,8.516513438734682e-08,2.6285535304736675e-10
3.0,4,C,"ZI,ZZ",3,-4.601839739191091e-08,-7.890671706431912e-12
3.0,4,C,"ZI,ZZ",4,6.850874770849217e-09,6.52613432675013e-14
3.0,4,C,"ZX,ZY",1,-1.0516440527477264e-08,-5.842466959709591e-10
3.0,4,C,"ZX,ZY",2,2.5100364271596436e-08,7.747026009751986e-11
3.0,4,C,"ZX,ZY",3,-1.4480922674858753e-08,-2.4830114325889495e-12
3.0,4,C,"ZX,ZY",4,2.2036449861075467e-09,2.0991893252815374e-14
3.0,4,C,"ZX,ZZ",1,2.102391021425651e-08,1.1679950119031393e-09
3.0,4,C,"ZX,ZZ",2,-4.467961852882468e-08,-1.379000571877305e-10
3.0,4,C,"ZX,ZZ",3,2.4714713023060913e-08,4.2377765814576324e-12
3.0,4,C,"ZX,ZZ",4,-3.732133939821265e-09,-3.5552258990829e-14
3.0,4,C,"ZY,ZZ",1,1.974636197256927e-08,1.0970201095871817e-09
3.0,4,C,"ZY,ZZ",2,-5.3916445428886144e-08,-1.664087821879202e-10
3.0,4,C,"ZY,ZZ",3,3.1019009741883966e-08,5.318760243807265e-12
3.0,4,C,"ZY,ZZ",4,-4.718624550583959e-09,-4.4949555618274264e-14
3.0,4,A,"IX,IY",1,5.080945601462826e-08,2.8227475563682365e-09
3.0,4,A,"IX,IY",2,-9.497784443275829e-08,-2.931414951628342e-10
3.0,4,A,"IX,IY",3,5.164764870154147e-08,8.855906841828098e-12
3.0,4,A,"IX,IY",4,-7.755058097849528e-09,-7.387458178869006e-14
3.0,4,A,"IX,IZ",1,4.809968404684603e-08,2.672204669269224e-09
3.0,4,A,"IX,IZ",2,-9.853979986987071e-08,-3.0413518478355155e-10
3.0,4,A,"IX,IZ",3,5.1674404679323825e-08,8.860494629513688e-12
3.0,4,A,"IX,IZ",4,-7.535945275584437e-09,-7.178731591587064e-14
3.0,4,A,"IX,XI",1,2.9433133762577565e-07,1.6351740979209758e-08
3.0,4,A,"IX,XI",2,-5.200901805639574e-07,-1.6052166066788808e-09
3.0,4,A,"IX,XI",3,2.6348942912117053e-07,4.517994326494694e-11
3.0,4,A,"IX,XI",4,-3.787908936936875e-08,-3.608357088226714e-13
3.0,4,A,"IX,XX",1,2.3777330611524195e-07,1.3209628117513441e-08
3.0,4,A,"IX,XX",2,-4.182907305570756e-07,-1.2910207733243074e-09
3.0,4,A,"IX,XX",3,2.1426307788603924e-07,3.67392108858092e-11
3.0,4,A,"IX,XX",4,-3.096968587890195e-08,-2.9501682173927323e-13
3.0,4,A,"IX,XY",1,-4.775251503502975e-08,-2.652917501946097e-09
3.0,4,A,"IX,XY",2,9.270230402504901e-08,2.86118222299534e-10
3.0,4,A,"IX,XY",3,-5.020402634330012e-08,-8.608372143912916e-12
3.0,4,A,"IX,XY",4,7.526928746576233e-09,7.170142457872498e-14
3.0,4,A,"IX,XZ",1,3.23923422318327e-09,1.79957456843515e-10
3.0,4,A,"IX,XZ",2,-2.8596901649341815e-09,-8.82620421275982e-12
3.0,4,A,"IX,XZ",3,7.491782404755001e-10,1.284599177770062e-13
3.0,4,A,"IX,XZ",4,-5.453546477027285e-11,-5.195041225639465e-16
3.0,4,A,"IX,YI",1,3.7756702509490244e-09,2.0975945838605692e-10
3.0,4,A,"IX,YI",2,-1.1114230188730225e-08,-3.4303179594846375e-11
3.0,4,A,"IX,YI",3,9.253203386311971e-09,1.5866260950466343e-12
3.0,4,A,"IX,YI",4,-1.655561799127265e-09,-1.577085999778297e-14
3.0,4,A,"IX,YX",1,-8.285476384452946e-08,-4.603042435807192e-09
3.0,4,A,"IX,YX",2,1.4010240122156237e-07,4.32414818585069e-10
3.0,4,A,"IX,YX",3,-7.115841670692209e-08,-1.2201374606811058e-11
3.0,4,A,"IX,YX",4,1.0313075425474784e-08,9.824222132177625e-14
3.0,4,A,"IX,YY",1,-4.317404277121634e-08,-2.398557931734241e-09
3.0,4,A,"IX,YY",2,6.714468795073426e-08,2.0723669120596995e-10
3.0,4,A,"IX,YY",3,-3.141288692646352e-08,-5.3862974839615095e-12
3.0,4,A,"IX,YY",4,4.300366989467725e-09,4.0965239573499896e-14
3.0,4,A,"IX,YZ",1,1.5074485815835697e-08,8.374714342130943e-10
3.0,4,A,"IX,YZ",2,-2.6562307623161744e-08,-8.198243093568439e-11
3.0,4,A,"IX,YZ",3,1.3892471184333167e-08,2.382110971250543e-12
3.0,4,A,"IX,YZ",4,-2.059845298701287e-09,-1.9622059315474842e-14
3.0,4,A,"IX,ZI",1,-1.27426916118686e-08,-7.079273117704778e-10
3.0,4,A,"IX,ZI",2,1.278838374507384e-08,3.947032020084518e-11
3.0,4,A,"IX,ZI",3,-3.2299137708196836e-09,-5.538260923902064e-13
3.0,4,A,"IX,ZI",4,2.3208810923465331e-10,2.2108682864145454e-15
3.0,4,A,"IX,ZX",1,-4.064261113612572e-08,-2.2579228408958732e-09
3.0,4,A,"IX,ZX",2,7.583521719304732e-08,2.340593123242201e-10
3.0,4,A,"IX,ZX",3,-3.8620568868488954e-08,-6.622182590618819e-12
3.0,4,A,"IX,ZX",4,5.543366916251373e-09,5.280604058309874e-14
3.0,4,A,"IX,ZY",1,-4.2202486153587375e-08,-2.3445825640881876e-09
3.0,4,A,"IX,ZY",2,6.834673935641831e-08,2.1094672640869848e-10
3.0,4,A,"IX,ZY",3,-3.371832269458077e-08,-5.7816054003053446e-12
3.0,4,A,"IX,ZY",4,4.815572513693564e-09,4.5873080644085926e-14
3.0,4,A,"IX,ZZ",1,-5.640673989476046e-08,-3.1337077719311364e-09
3.0,4,A,"IX,ZZ",2,9.141118142312589e-08,2.8213327599730214e-10
3.0,4,A,"IX,ZZ",3,-4.411064911526171e-08,-7.563554375044875e-12
3.0,4,A,"IX,ZZ",4,6.1643690468171074e-09,5.87216987389223e-14
3.0,4,A,"IY,IZ",1,-2.6724477087318462e-09,-1.4846931715176923e-10
3.0,4,A,"IY,IZ",2,4.5721165750480665e-10,1.411147091064218e-12
3.0,4,A,"IY,IZ",3,2.13345302212767e-10,3.6581841943204214e-14
3.0,4,A,"IY,IZ",4,-7.221485484012517e-11,-6.879177606321938e-16
3.0,4,A,"IY,XI",1,-4.4336872010785476e-08,-2.463159556154749e-09
3.0,4,A,"IY,XI",2,8.512941403731939e-08,2.627451050534549e-10
3.0,4,A,"IY,XI",3,-4.661027399589895e-08,-7.992159464317379e-12
3.0,4,A,"IY,XI",4,7.022023400105777e-09,6.689170286642449e-14
3.0,4,A,"IY,XX",1,5.09267397455428e-08,2.8292633191968222e-09
3.0,4,A,"IY,XX",2,-9.942885753464421e-08,-3.068791899217414e-10
3.0,4,A,"IY,XX",3,5.3005652598529964e-08,9.088760733629966e-12
3.0,4,A,"IY,XX",4,-7.871471790735631e-09,-7.498353710120057e-14
3.0,4,A,"IY,XY",1,9.430799108758127e-08,5.239332838198959e-09
3.0,4,A,"IY,XY",2,-1.726888293066726e-07,-5.329902139094833e-10
3.0,4,A,"IY,XY",3,8.902290859457116e-08,1.5264559086860626e-11
3.0,4,A,"IY,XY",4,-1.2905972841046508e-08,-1.2294212811544074e-13
3.0,4,A,"IY,XZ",1,5.114164233984897e-09,2.8412023522138317e-10
3.0,4,A,"IY,XZ",2,-5.162644276164158e-09,-1.59340872721116e-11
3.0,4,A,"IY,XZ",3,6.844506487911167e-10,1.1736122235787324e-13
3.0,4,A,"IY,XZ",4,5.020842354225799e-11,4.7828478454368615e-16
3.0,4,A,"IY,YI",1,3.662559825866418e-08,2.034755458814677e-09
3.0,4,A,"IY,YI",2,-6.810767010633196e-08,-2.1020885835287643e-10
3.0,4,A,"IY,YI",3,3.524311509176562e-08,6.043058143306862e-12
3.0,4,A,"IY,YI",4,-5.133900203341588e-09,-4.890546604311069e-14
3.0,4,A,"IY,YX",1,-2.1066443253765096e-08,-1.1703579585425054e-09
3.0,4,A,"IY,YX",2,4.234261770186889e-08,1.3068709167243484e-10
3.0,4,A,"IY,YX",3,-2.347908828672718e-08,-4.0259067707008196e-12
3.0,4,A,"IY,YX",4,3.5600635858579736e-09,3.3913119054431236e-14
3.0,4,A,"IY,YY",1,6.280491229252897e-08,3.489161794029387e-09
3.0,4,A,"IY,YY",2,-1.1848160561653748e-07,-3.6568396795227616e-10
3.0,4,A,"IY,YY",3,6.08124962518582e-08,1.0427382759234944e-11
3.0,4,A,"IY,YY",4,-8.813409738414773e-09,-8.395642564409744e-14
3.0,4,A,"IY,YZ",1,-7.463766477233459e-08,-4.1465369317963664e-09
3.0,4,A,"IY,YZ",2,1.374102017100497e-07,4.241055608334867e-10
3.0,4,A,"IY,YZ",3,-7.014234086609564e-08,-1.20271503542688e-11
3.0,4,A,"IY,YZ",4,1.0120551676934258e-08,9.640824261673391e-14
3.0,4,A,"IY,ZI",1,-2.575337806122499e-08,-1.4307432256236106e-09
3.0,4,A,"IY,ZI",2,4.987325865970642e-08,1.5392981067810624e-10
3.0,4,A,"IY,ZI",3,-2.6921406409278724e-08,-4.616153362359178e-12
3.0,4,A,"IY,ZI",4,4.020733997858757e-09,3.8301459360794434e-14
3.0,4,A,"IY,ZX",1,2.8892292368137488e-08,1.605127353785416e-09
3.0,4,A,"IY,ZX",2,-5.390795447349961e-08,-1.6638257553549263e-10
3.0,4,A,"IY,ZX",3,2.8145386305645852e-08,4.826026458444076e-12
3.0,4,A,"IY,ZX",4,-4.139666146439308e-09,-3.943440544923895e-14
3.0,4,A,"IY,ZY",1,-1.3983375799828e-09,-7.768542111015556e-11
3.0,4,A,"IY,ZY",2,4.260095377663207e-10,1.3148442523651874e-12
3.0,4,A,"IY,ZY",3,4.5909679796264584e-10,7.872030143392418e-14
3.0,4,A,"IY,ZY",4,-1.1380069355336319e-10,-1.0840639151173906e-15
3.0,4,A,"IY,ZZ",1,-2.7000226705877143e-08,-1.5000125947709524e-09
3.0,4,A,"IY,ZZ",2,5.5920655080186095e-08,1.725946144450188e-10
3.0,4,A,"IY,ZZ",3,-2.9206616391220892e-08,-5.007993208371209e-12
3.0,4,A,"IY,ZZ",4,4.250954532512087e-09,4.0494537156227014e-14
3.0,4,A,"IZ,XI",1,-2.345465100853896e-08,-1.3030361671410535e-09
3.0,4,A,"IZ,XI",2,5.580396518660137e-08,1.7223446045247338e-10
3.0,4,A,"IZ,XI",3,-3.0697314154859336e-08,-5.263599820792067e-12
3.0,4,A,"IZ,XI",4,4.57296800509879e-09,4.3562033275213286e-14
3.0,4,A,"IZ,XX",1,2.7761197746571418e-08,1.5422887636984121e-09
3.0,4,A,"IZ,XX",2,-5.099412745374125e-08,-1.5738928226463348e-10
3.0,4,A,"IZ,XX",3,2.6839282077657734e-08,4.6020716868411754e-12
3.0,4,A,"IZ,XX",4,-3.9534952291955545e-09,-3.766094373185828e-14
3.0,4,A,"IZ,XY",1,-5.0048667987929946e-08,-2.780481554884997e-09
3.0,4,A,"IZ,XY",2,8.939285020598818e-08,2.7590385866045733e-10
3.0,4,A,"IZ,XY",3,-4.636189885383989e-08,-7.949571134060338e-12
3.0,4,A,"IZ,XY",4,6.760296736800586e-09,6.4398498102429e-14
3.0,4,A,"IZ,XZ",1,9.228992781058043e-09,5.127218211698913e-10
3.0,4,A,"IZ,XZ",2,-1.8232841431897597e-08,-5.6274201950301224e-11
3.0,4,A,"IZ,XZ",3,1.1094936890197916e-08,1.9024240209530033e-12
3.0,4,A,"IZ,XZ",4,-1.7422404240490085e-09,-1.6596559442625062e-14
3.0,4,A,"IZ,YI",1,-1.8307173714033977e-08,-1.017065206335221e-09
3.0,4,A,"IZ,YI",2,3.176106258322105e-08,9.802797093586744e-11
3.0,4,A,"IZ,YI",3,-1.5433679162442534e-08,-2.6463784572089394e-12
3.0,4,A,"IZ,YI",4,2.1621814420685933e-09,2.0596912075794402e-14
3.0,4,A,"IZ,YX",1,1.1510915851758298e-08,6.394953250976833e-10
3.0,4,A,"IZ,YX",2,-2.6709022345607523e-08,-8.243525415310963e-11
3.0,4,A,"IZ,YX",3,1.512711920800926e-08,2.5938133072718212e-12
3.0,4,A,"IZ,YX",4,-2.287995124647514e-09,-2.17954115669059e-14
3.0,4,A,"IZ,YY",1,-4.494188950270539e-08,-2.4967716390391885e-09
3.0,4,A,"IZ,YY",2,8.66675464517985e-08,2.6749242732036577e-10
3.0,4,A,"IZ,YY",3,-4.416172242052144e-08,-7.572311800500932e-12
3.0,4,A,"IZ,YY",4,6.348454914694032e-09,6.047529830336488e-14
3.0,4,A,"IZ,YZ",1,7.467383053187277e-08,4.148546140659599e-09
3.0,4,A,"IZ,YZ",2,-1.3639626280425609e-07,-4.209761197662225e-10
3.0,4,A,"IZ,YZ",3,6.919411663697234e-08,1.1864560465873172e-11
3.0,4,A,"IZ,YZ",4,-9.95171752096962e-09,-9.479993066005202e-14
3.0,4,A,"IZ,ZI",1,-3.4795151425265833e-09,-1.933063968070324e-10
3.0,4,A,"IZ,ZI",2,9.676780630063533e-09,2.986660688291214e-11
3.0,4,A,"IZ,ZI",3,-5.882700385850761e-09,-1.0086934817988275e-12
3.0,4,A,"IZ,ZI",4,9.228321370186653e-10,8.790886840979512e-15
3.0,4,A,"IZ,ZX",1,-6.0414645782569275e-09,-3.3563692101427374e-10
3.0,4,A,"IZ,ZX",2,7.959235521421558e-09,2.4565541732782587e-11
3.0,4,A,"IZ,ZX",3,-2.8944667806360377e-09,-4.963077470226402e-13
3.0,4,A,"IZ,ZX",4,3.284818615961999e-10,3.129113907904663e-15
3.0,4,A,"IZ,ZY",1,2.999422119866621e-08,1.6663456221481228e-09
3.0,4,A,"IZ,ZY",2,-6.12970970719967e-08,-1.8918857120986638e-10
3.0,4,A,"IZ,ZY",3,3.2932071199671116e-08,5.6467886144840735e-12
3.0,4,A,"IZ,ZY",4,-4.86828088221582e-09,-4.6375179871740396e-14
3.0,4,A,"IZ,ZZ",1,-1.3464816572241554e-08,-7.480453651245307e-10
3.0,4,A,"IZ,ZZ",2,2.8601123042341472e-08,8.827507111833788e-11
3.0,4,A,"IZ,ZZ",3,-1.599875087144193e-08,-2.74327003968483e-12
3.0,4,A,"IZ,ZZ",4,2.4375180771007136e-09,2.3219765252064412e-14
3.0,4,A,"XI,XX",1,-6.464169932633048e-08,-3.591205518129471e-09
3.0,4,A,"XI,XX",2,1.1625937713117221e-07,3.588252380591735e-10
3.0,4,A,"XI,XX",3,-5.9228122304086163e-08,-1.0155713700974993e-11
3.0,4,A,"XI,XX",4,8.53864706524338e-09,8.133904002098937e-14
3.0,4,A,"XI,XY",1,-4.755254303273488e-08,-2.641807946263049e-09
3.0,4,A,"XI,XY",2,9.495405165278037e-08,2.9306806065672955e-10
3.0,4,A,"XI,XY",3,-5.154886520551433e-08,-8.83896865663826e-12
3.0,4,A,"XI,XY",4,7.727467516940653e-09,7.361175427660277e-14
3.0,4,A,"XI,XZ",1,-1.141438207822095e-08,-6.341323376789417e-10
3.0,4,A,"XI,XZ",2,1.9695242477644618e-08,6.078778542482907e-11
3.0,4,A,"XI,XZ",3,-1.0293245092392268e-08,-1.7649597209177415e-12
3.0,4,A,"XI,XZ",4,1.5147665412715232e-09,1.4429646216959334e-14
3.0,4,A,"XI,YI",1,1.212137747557498e-07,6.7340985975416566e-09
3.0,4,A,"XI,YI",2,-2.2135361585384173e-07,-6.831901723884004e-10
3.0,4,A,"XI,YI",3,1.1525764497036358e-07,1.9762970673930654e-11
3.0,4,A,"XI,YI",4,-1.6875905537153836e-08,-1.6075965494164225e-13
3.0,4,A,"XI,YX",1,3.753898015410091e-08,2.0854988974500507e-09
3.0,4,A,"XI,YX",2,-6.869510709830452e-08,-2.120219354885942e-10
3.0,4,A,"XI,YX",3,3.320335533856897e-08,5.693305099205928e-12
3.0,4,A,"XI,YX",4,-4.620407625936025e-09,-4.401394248148172e-14
3.0,4,A,"XI,YY",1,-2.6624405798026166e-08,-1.4791336554458982e-09
3.0,4,A,"XI,YY",2,3.231863432390101e-08,9.974887137006484e-11
3.0,4,A,"XI,YY",3,-1.3204110563200582e-08,-2.26407931467774e-12
3.0,4,A,"XI,YY",4,1.6608442181899133e-09,1.5821180252533086e-14
3.0,4,A,"XI,YZ",1,4.469580942100036e-08,2.483100523388909e-09
3.0,4,A,"XI,YZ",2,-7.563009714233997e-08,-2.334262257479629e-10
3.0,4,A,"XI,YZ",3,3.796107253581605e-08,6.509100229049391e-12
3.0,4,A,"XI,YZ",4,-5.469866458494557e-09,-5.2105876185933514e-14
3.0,4,A,"XI,ZI",1,5.925562593754974e-08,3.2919792187527633e-09
3.0,4,A,"XI,ZI",2,-1.1020299745581568e-07,-3.4013270819696197e-10
3.0,4,A,"XI,ZI",3,5.747584150795209e-08,9.855254030855983e-12
3.0,4,A,"XI,ZI",4,-8.363136438190728e-09,-7.966712808823662e-14
3.0,4,A,"XI,ZX",1,6.1030186483939365e-09,3.390565915774409e-10
3.0,4,A,"XI,ZX",2,-9.199182062540327e-09,-2.8392537230062738e-11
3.0,4,A,"XI,ZX",3,4.216321165005761e-09,7.229631627238959e-13
3.0,4,A,"XI,ZX",4,-5.688385420084631e-10,-5.4187484949746904e-15
3.0,4,A,"XI,ZY",1,-3.99162034434538e-08,-2.2175668579696557e-09
3.0,4,A,"XI,ZY",2,6.255763778502256e-08,1.93079128966119e-10
3.0,4,A,"XI,ZY",3,-3.0110376328977826e-08,-5.162958904145718e-12
3.0,4,A,"XI,ZY",4,4.233506513344971e-09,4.032832755434548e-14
3.0,4,A,"XI,ZZ",1,-5.11135673213233e-08,-2.8396426289624056e-09
3.0,4,A,"XI,ZZ",2,7.680028678862528e-08,2.3703792218711505e-10
3.0,4,A,"XI,ZZ",3,-3.563223696826712e-08,-6.109780001417545e-12
3.0,4,A,"XI,ZZ",4,4.874070837916408e-09,4.643033491385086e-14
3.0,4,A,"XX,XY",1,6.652157571136417e-08,3.6956430950757872e-09
3.0,4,A,"XX,XY",2,-1.3085976942762655e-07,-4.0388817724576096e-10
3.0,4,A,"XX,XY",3,7.078264279069794e-08,1.21369414936039e-11
3.0,4,A,"XX,XY",4,-1.0613344586675629e-08,-1.0110258141552001e-13
3.0,4,A,"XX,XZ",1,-5.411808834018084e-08,-3.00656046334338e-09
3.0,4,A,"XX,XZ",2,9.929877045038688e-08,3.0647768657526817e-10
3.0,4,A,"XX,XZ",3,-4.9632116855732486e-08,-8.510308102834788e-12
3.0,4,A,"XX,XZ",4,7.049350202552524e-09,6.715201762833909e-14
3.0,4,A,"XX,YI",1,1.5835614490136382e-07,8.797563605631323e-09
3.0,4,A,"XX,YI",2,-2.9879022310186773e-07,-9.221920466107028e-10
3.0,4,A,"XX,YI",3,1.5328130991382575e-07,2.628280348316628e-11
3.0,4,A,"XX,YI",4,-2.2159902788970327e-08,-2.1109494350108908e-13
3.0,4,A,"XX,YX",1,2.0845307094954223e-07,1.1580726163863457e-08
3.0,4,A,"XX,YX",2,-3.580236201410338e-07,-1.1050111732747958e-09
3.0,4,A,"XX,YX",3,1.8230649853366413e-07,3.1259687677240075e-11
3.0,4,A,"XX,YX",4,-2.640881503482458e-08,-2.5157002586138337e-13
3.0,4,A,"XX,YY",1,1.2183203799906787e-12,6.76844655550377e-14
3.0,4,A,"XX,YY",2,-2.6589184656476662e-12,-8.206538474221192e-15
3.0,4,A,"XX,YY",3,1.4972496670684908e-12,2.567300526523475e-16
3.0,4,A,"XX,YY",4,-2.2748022552135303e-13,-2.1669736465606714e-18
3.0,4,A,"XX,YZ",1,-7.21867704319491e-08,-4.010376135108284e-09
3.0,4,A,"XX,YZ",2,1.323004568202199e-07,4.0833474327228364e-10
3.0,4,A,"XX,YZ",3,-7.073949902615401e-08,-1.2129543728764405e-11
3.0,4,A,"XX,YZ",4,1.0550056213747374e-08,1.0049969720457414e-13
3.0,4,A,"XX,ZI",1,-2.0882988805106387e-08,-1.1601660447281326e-09
3.0,4,A,"XX,ZI",2,3.909311514086084e-08,1.206577627804347e-10
3.0,4,A,"XX,ZI",3,-2.0048451005952987e-08,-3.4376630668643667e-12
3.0,4,A,"XX,ZI",4,2.8901152317148393e-09,2.7531199814384616e-14
3.0,4,A,"XX,ZX",1,-3.577941305905202e-08,-1.9877451699473347e-09
3.0,4,A,"XX,ZX",2,7.579093748916439e-08,2.3392264657149505e-10
3.0,4,A,"XX,ZX",3,-4.2223537066636204e-08,-7.2399754915357e-12
3.0,4,A,"XX,ZX",4,6.287782049030534e-09,5.989732938033964e-14
3.0,4,A,"XX,ZY",1,-1.2394104086281666e-09,-6.885613381267592e-11
3.0,4,A,"XX,ZY",2,1.574767099174153e-08,4.860392281401706e-11
3.0,4,A,"XX,ZY",3,-1.2896272117439658e-08,-2.2112949446912994e-12
3.0,4,A,"XX,ZY",4,2.2603676985896515e-09,2.1532233068412318e-14
3.0,4,A,"XX,ZZ",1,8.866942254793637e-08,4.926079030440909e-09
3.0,4,A,"XX,ZZ",2,-1.338545281196372e-07,-4.1313125962850986e-10
3.0,4,A,"XX,ZZ",3,6.21887740707497e-08,1.0663370039566135e-11
3.0,4,A,"XX,ZZ",4,-8.50111918411471e-09,-8.098154991726405e-14
3.0,4,A,"XY,XZ",1,-1.4380257126307246e-07,-7.989031736837358e-09
3.0,4,A,"XY,XZ",2,2.5926773847121773e-07,8.002090693556103e-10
3.0,4,A,"XY,XZ",3,-1.3153041850007266e-07,-2.2553226766130428e-11
3.0,4,A,"XY,XZ",4,1.8911480307249208e-08,1.8015051351974935e-13
3.0,4,A,"XY,YI",1,-4.927105392569221e-09,-2.7372807736495673e-10
3.0,4,A,"XY,YI",2,1.5706210544147374e-09,4.847595846959066e-12
3.0,4,A,"XY,YI",3,9.76106884117077e-10,1.6737086490347686e-13
3.0,4,A,"XY,YI",4,-2.711322414538457e-10,-2.582802178153537e-15
3.0,4,A,"XY,YX",1,4.225746501051973e-09,2.347636945028874e-10
3.0,4,A,"XY,YX",2,-2.6652715759455236e-09,-8.226146839338035e-12
3.0,4,A,"XY,YX",3,8.575950592440647e-10,1.4704990727778886e-13
3.0,4,A,"XY,YX",4,-1.1086124745745162e-10,-1.0560627901372848e-15
3.0,4,A,"XY,YY",1,-1.1885637337186539e-07,-6.6031318539925215e-09
3.0,4,A,"XY,YY",2,2.1383577074013866e-07,6.59986946728823e-10
3.0,4,A,"XY,YY",3,-1.0792222497955083e-07,-1.850518260966235e-11
3.0,4,A,"XY,YY",4,1.5487678996751728e-08,1.4753542711430924e-13
3.0,4,A,"XY,YZ",1,2.3216517804989084e-08,1.2898065447216158e-09
3.0,4,A,"XY,YZ",2,-4.547735827305618e-08,-1.403622168921487e-10
3.0,4,A,"XY,YZ",3,2.373602205539023e-08,4.0699626295250734e-12
3.0,4,A,"XY,YZ",4,-3.4496832796670753e-09,-3.286163770449508e-14
3.0,4,A,"XY,ZI",1,-2.6574038519655097e-09,-1.476335473314172e-10
3.0,4,A,"XY,ZI",2,1.4249761875724375e-08,4.3980746530013506e-11
3.0,4,A,"XY,ZI",3,-9.054305281044553e-09,-1.5525214816605887e-12
3.0,4,A,"XY,ZI",4,1.4121356269059316e-09,1.3451985471973895e-14
3.0,4,A,"XY,ZX",1,-9.23024958985357e-09,-5.127916438807539e-10
3.0,4,A,"XY,ZX",2,1.1547656292746524e-08,3.564091448378557e-11
3.0,4,A,"XY,ZX",3,-4.773955078449811e-09,-8.185794030263736e-13
3.0,4,A,"XY,ZX",4,6.233788319437437e-10,5.9382985819972536e-15
3.0,4,A,"XY,ZY",1,-2.7233272358198365e-08,-1.5129595754554647e-09
3.0,4,A,"XY,ZY",2,3.385638866287159e-08,1.04495026737258e-10
3.0,4,A,"XY,ZY",3,-1.4328686321520933e-08,-2.456907805473411e-12
3.0,4,A,"XY,ZY",4,1.8838247432661394e-09,1.7945289811634462e-14
3.0,4,A,"XY,ZZ",1,6.686649604376233e-08,3.7148053357645737e-09
3.0,4,A,"XY,ZZ",2,-1.1688331944800067e-07,-3.6075098595061934e-10
3.0,4,A,"XY,ZZ",3,5.901833386423035e-08,1.0119741746267208e-11
3.0,4,A,"XY,ZZ",4,-8.511529446699088e-09,-8.108071794218762e-14
3.0,4,A,"XZ,YI",1,4.934382845593044e-08,2.7413238031072467e-09
3.0,4,A,"XZ,YI",2,-8.270388458944883e-08,-2.552589030538544e-10
3.0,4,A,"XZ,YI",3,4.079185215601356e-08,6.994487681072284e-12
3.0,4,A,"XZ,YI",4,-5.7975348463145355e-09,-5.522724095330871e-14
3.0,4,A,"XZ,YX",1,-2.516813644896409e-08,-1.3982298027202273e-09
3.0,4,A,"XZ,YX",2,4.3695999104017935e-08,1.3486419476548746e-10
3.0,4,A,"XZ,YX",3,-2.2612931380494413e-08,-3.877388782663651e-12
3.0,4,A,"XZ,YX",4,3.320020479119503e-09,3.162647156606751e-14
3.0,4,A,"XZ,YY",1,7.678474730748226e-08,4.265819294860125e-09
3.0,4,A,"XZ,YY",2,-1.3848916404406853e-07,-4.274356914940387e-10
3.0,4,A,"XZ,YY",3,6.986970736336342e-08,1.1980402497147363e-11
3.0,4,A,"XZ,YY",4,-1.0033274718246973e-08,-9.557684345228407e-14
3.0,4,A,"XZ,YZ",1,-9.341950964484694e-08,-5.189972758047052e-09
3.0,4,A,"XZ,YZ",2,1.661593587133132e-07,5.12837526892942e-10
3.0,4,A,"XZ,YZ",3,-8.329861704028105e-08,-1.4283027613216914e-11
3.0,4,A,"XZ,YZ",4,1.1909941283430735e-08,1.1345394455333348e-13
3.0,4,A,"XZ,ZI",1,-3.0098363488529425e-08,-1.6721313049183015e-09
3.0,4,A,"XZ,ZI",2,4.789371589121725e-08,1.4782011077536187e-10
3.0,4,A,"XZ,ZI",3,-2.40349183306003e-08,-4.121213705521314e-12
3.0,4,A,"XZ,ZI",4,3.4810495739125763e-09,3.316043261233593e-14
3.0,4,A,"XZ,ZX",1,4.45133218146551e-08,2.4729623230363944e-09
3.0,4,A,"XZ,ZX",2,-7.642861345032186e-08,-2.3589078225407985e-10
3.0,4,A,"XZ,ZX",3,3.8247881629040645e-08,6.558278742976791e-12
3.0,4,A,"XZ,ZX",4,-5.491818900266211e-09,-5.231499485850301e-14
3.0,4,A,"XZ,ZY",1,-1.5303862100072987e-08,-8.50214561115166e-10
3.0,4,A,"XZ,ZY",2,3.221539896976173e-08,9.94302437338325e-11
3.0,4,A,"XZ,ZY",3,-1.6269392817292675e-08,-2.7896764090008017e-12
3.0,4,A,"XZ,ZY",4,2.31007711970891e-09,2.2005764362415317e-14
3.0,4,A,"XZ,ZZ",1,-1.755600551268955e-08,-9.75333639593864e-10
3.0,4,A,"XZ,ZZ",2,3.439874586885276e-08,1.0616896873102704e-10
3.0,4,A,"XZ,ZZ",3,-1.77765222942147e-08,-3.0481005305580764e-12
3.0,4,A,"XZ,ZZ",4,2.5751002145235727e-09,2.453037088976121e-14
3.0,4,A,"YI,YX",1,-1.9576804237522882e-08,-1.087600235417938e-09
3.0,4,A,"YI,YX",2,3.71414859448324e-08,1.1463421587911234e-10
3.0,4,A,"YI,YX",3,-1.942454411035163e-08,-3.330683146493764e-12
3.0,4,A,"YI,YX",4,2.8419169075601933e-09,2.7072063210259423e-14
3.0,4,A,"YI,YY",1,-2.2461159237258736e-08,-1.2478421798477075e-09
3.0,4,A,"YI,YY",2,4.783525868431925e-08,1.4763968729728163e-10
3.0,4,A,"YI,YY",3,-2.6181768849659512e-08,-4.489329363796213e-12
3.0,4,A,"YI,YY",4,3.91381664672508e-09,3.728296607534179e-14
3.0,4,A,"YI,YZ",1,-3.073095643962718e-08,-1.7072753577570654e-09
3.0,4,A,"YI,YZ",2,4.920804174655836e-08,1.5187667205727889e-10
3.0,4,A,"YI,YZ",3,-2.35252502782164e-08,-4.0338220641660494e-12
3.0,4,A,"YI,YZ",4,3.2778389390113e-09,3.122465076790219e-14
3.0,4,A,"YI,ZI",1,-1.9408922224808537e-08,-1.0782734569338077e-09
3.0,4,A,"YI,ZI",2,3.951633490582885e-08,1.2196399662292854e-10
3.0,4,A,"YI,ZI",3,-2.1203752911475514e-08,-3.635760101418984e-12
3.0,4,A,"YI,ZI",4,3.14624768345391e-09,2.997111419232882e-14
3.0,4,A,"YI,ZX",1,7.508312009667771e-09,4.1712844498154285e-10
3.0,4,A,"YI,ZX",2,-1.3205854634975168e-08,-4.075881060177521e-11
3.0,4,A,"YI,ZX",3,6.666185344920715e-09,1.1430358959054723e-12
3.0,4,A,"YI,ZX",4,-9.563081231073766e-10,-9.109778645665453e-15
3.0,4,A,"YI,ZY",1,3.504728271473484e-09,1.947071261929713e-10
3.0,4,A,"YI,ZY",2,-1.688105518389898e-08,-5.210202217252772e-11
3.0,4,A,"YI,ZY",3,1.0534692629154776e-08,1.8063601901842894e-12
3.0,4,A,"YI,ZY",4,-1.645262043389618e-09,-1.567274465963285e-14
3.0,4,A,"YI,ZZ",1,-1.7060705544577677e-08,-9.478169746987599e-10
3.0,4,A,"YI,ZZ",2,3.6665831493773656e-08,1.1316614658572116e-10
3.0,4,A,"YI,ZZ",3,-1.9526572688479678e-08,-3.3481777586556376e-12
3.0,4,A,"YI,ZZ",4,2.845398508454164e-09,2.7105228894739407e-14
3.0,4,A,"YX,YY",1,4.283364474795043e-08,2.3796469304416908e-09
3.0,4,A,"YX,YY",2,-7.961340079256181e-08,-2.457203728165488e-10
3.0,4,A,"YX,YY",3,4.1893917399397456e-08,7.183456344203953e-12
3.0,4,A,"YX,YY",4,-6.185970901122704e-09,-5.892747771988553e-14
3.0,4,A,"YX,YZ",1,-4.166729806984275e-08,-2.3148498927690415e-09
3.0,4,A,"YX,YZ",2,6.677737083031018e-08,2.0610299638984623e-10
3.0,4,A,"YX,YZ",3,-3.244889972353743e-08,-5.563940281813688e-12
3.0,4,A,"YX,YZ",4,4.591048214120945e-09,4.373426510936733e-14
3.0,4,A,"YX,ZI",1,-2.8501627796092964e-08,-1.5834237664496092e-09
3.0,4,A,"YX,ZI",2,4.985380286675295e-08,1.5386976193442268e-10
3.0,4,A,"YX,ZI",3,-2.50787369925168e-08,-4.300194957564609e-12
3.0,4,A,"YX,ZI",4,3.60371648832469e-09,3.43289560311375e-14
3.0,4,A,"YX,ZX",1,1.5908570652451052e-08,8.838094806917251e-10
3.0,4,A,"YX,ZX",2,-3.2699954960692626e-08,-1.0092578691571798e-10
3.0,4,A,"YX,ZX",3,1.7701035181954518e-08,3.0351569242034497e-12
3.0,4,A,"YX,ZX",4,-2.6336270745965903e-09,-2.5087896991660857e-14
3.0,4,A,"YX,ZY",1,3.7415811020256136e-08,2.0786561677920077e-09
3.0,4,A,"YX,ZY",2,-6.831784295387928e-08,-2.108575399811089e-10
3.0,4,A,"YX,ZY",3,3.505184593494409e-08,6.010261648652965e-12
3.0,4,A,"YX,ZY",4,-5.063236197945643e-09,-4.82323216539556e-14
3.0,4,A,"YX,ZZ",1,-1.4769759970484477e-08,-8.205422205824709e-10
3.0,4,A,"YX,ZZ",2,2.611907392681825e-08,8.061442570005632e-11
3.0,4,A,"YX,ZZ",3,-1.2795317313306535e-08,-2.1939844501554417e-12
3.0,4,A,"YX,ZZ",4,1.7995097187102601e-09,1.7142105992896093e-14
3.0,4,A,"YY,YZ",1,-8.325256086610357e-08,-4.625142270339087e-09
3.0,4,A,"YY,YZ",2,1.4688482275292494e-07,4.533482183732251e-10
3.0,4,A,"YY,YZ",3,-7.369997177675942e-08,-1.2637169371872328e-11
3.0,4,A,"YY,YZ",4,1.0505460786337615e-08,1.0007488174761483e-13
3.0,4,A,"YY,ZI",1,-5.8043827719838636e-08,-3.224657095546591e-09
3.0,4,A,"YY,ZI",2,1.1686161065593327e-07,3.6068398350596686e-10
3.0,4,A,"YY,ZI",3,-6.302684382641141e-08,-1.0807071986696059e-11
3.0,4,A,"YY,ZI",4,9.378530683133847e-09,8.933976035602278e-14
3.0,4,A,"YY,ZX",1,3.380002688177958e-08,1.8777792712099766e-09
3.0,4,A,"YY,ZX",2,-7.089000632993011e-08,-2.1879631583311763e-10
3.0,4,A,"YY,ZX",3,3.8626824630253396e-08,6.623255252101062e-12
3.0,4,A,"YY,ZX",4,-5.776155660988652e-09,-5.502358311412753e-14
3.0,4,A,"YY,ZY",1,-1.7208087024585778e-09,-9.5600483469921e-11
3.0,4,A,"YY,ZY",2,-1.4049977499815906e-08,-4.336412808585156e-11
3.0,4,A,"YY,ZY",3,1.0986436933176464e-08,1.88381977592189e-12
3.0,4,A,"YY,ZY",4,-1.8579610246722092e-09,-1.7698912367324046e-14
3.0,4,A,"YY,ZZ",1,-4.957506035088362e-08,-2.7541700194935346e-09
3.0,4,A,"YY,ZZ",2,1.127712831929105e-07,3.4805951602750157e-10
3.0,4,A,"YY,ZZ",3,-6.136846615821885e-08,-1.0522713675963452e-11
3.0,4,A,"YY,ZZ",4,9.139438992618441e-09,8.706217604612904e-14
3.0,4,A,"YZ,ZI",1,4.414520093925921e-08,2.4525111632921785e-09
3.0,4,A,"YZ,ZI",2,-8.541571307808145e-08,-2.636287440681526e-10
3.0,4,A,"YZ,ZI",3,4.5183688857894255e-08,7.747546100461978e-12
3.0,4,A,"YZ,ZI",4,-6.653183968936247e-09,-6.337814327976153e-14
3.0,4,A,"YZ,ZX",1,-5.767289019312483e-09,-3.2040494551736017e-10
3.0,4,A,"YZ,ZX",2,2.0029939533320033e-08,6.182080102876553e-11
3.0,4,A,"YZ,ZX",3,-1.2633760366743593e-08,-2.1662826417598754e-12
3.0,4,A,"YZ,ZX",4,2.0033161623666517e-09,1.9083563503721342e-14
3.0,4,A,"YZ,ZY",1,1.4105438695806779e-08,7.836354831003766e-10
3.0,4,A,"YZ,ZY",2,-1.6576498407086118e-08,-5.116203212063617e-11
3.0,4,A,"YZ,ZY",3,5.870289796171244e-09,1.00656546573581e-12
3.0,4,A,"YZ,ZY",4,-6.99615808643626e-10,-6.664531022744494e-15
3.0,4,A,"YZ,ZZ",1,-1.6147906935583955e-08,-8.971059408657753e-10
3.0,4,A,"YZ,ZZ",2,2.451497252445e-08,7.566349544583334e-11
3.0,4,A,"YZ,ZZ",3,-1.1734375666345877e-08,-2.0120671581525854e-12
3.0,4,A,"YZ,ZZ",4,1.6571289844172217e-09,1.5785788984312812e-14
3.0,4,A,"ZI,ZX",1,7.157534332103064e-09,3.97640796227948e-10
3.0,4,A,"ZI,ZX",2,-1.9751124671921438e-08,-6.096026133309086e-11
3.0,4,A,"ZI,ZX",3,1.1497087505339472e-08,1.9713798877468233e-12
3.0,4,A,"ZI,ZX",4,-1.7539627459506108e-09,-1.670822612740637e-14
3.0,4,A,"ZI,ZY",1,1.0582780505274882e-08,5.879322502930489e-10
3.0,4,A,"ZI,ZY",2,-7.563092130007243e-09,-2.33428769444668e-11
3.0,4,A,"ZI,ZY",3,1.3106912083519398e-09,2.2474129086967418e-13
3.0,4,A,"ZI,ZY",4,1.41141623703826e-12,1.3445132573524044e-17
3.0,4,A,"ZI,ZZ",1,-4.589602682041262e-09,-2.5497792678007013e-10
3.0,4,A,"ZI,ZZ",2,6.116819889001399e-09,1.8879073731485798e-11
3.0,4,A,"ZI,ZZ",3,-2.9787013713125302e-09,-5.107512639424777e-13
3.0,4,A,"ZI,ZZ",4,4.357529589189324e-10,4.150976974917432e-15
3.0,4,A,"ZX,ZY",1,-4.0126222478682534e-09,-2.2292345821490298e-10
3.0,4,A,"ZX,ZY",2,-6.271013262773652e-09,-1.9354979206091518e-11
3.0,4,A,"ZX,ZY",3,5.5276372725776865e-09,9.478116036655841e-13
3.0,4,A,"ZX,ZY",4,-9.48037588285773e-10,-9.030993639363026e-15
3.0,4,A,"ZX,ZZ",1,-2.082084061413607e-08,-1.1567133674520039e-09
3.0,4,A,"ZX,ZZ",2,5.4481242258455144e-08,1.6815198227918253e-10
3.0,4,A,"ZX,ZZ",3,-3.086990521758811e-08,-5.293193624414971e-12
3.0,4,A,"ZX,ZZ",4,4.648874213382495e-09,4.428511482036365e-14
3.0,4,A,"ZY,ZZ",1,1.8534903250415013e-08,1.0297168472452785e-09
3.0,4,A,"ZY,ZZ",2,-4.0465033304259634e-08,-1.2489207809956677e-10
3.0,4,A,"ZY,ZZ",3,2.1403859593117916e-08,3.670071946693744e-12
3.0,4,A,"ZY,ZZ",4,-3.180704506719995e-09,-3.029934943910984e-14
4.0,2,H,IX,1,6.131259858728834e-09,3.406255477071574e-10
4.0,2,H,IX,2,-1.7778593662114954e-09,-5.487220266084862e-12
4.0,2,H,IY,1,1.9543935157943783e-09,1.0857741754413213e-10
4.0,2,H,IY,2,-6.132875835063022e-10,-1.8928629120564884e-12
4.0,2,H,IZ,1,-2.239841813063472e-09,-1.24435656281304e-10
4.0,2,H,IZ,2,3.5352339479945716e-10,1.0911215888872134e-12
4.0,2,H,XI,1,1.7334056660238846e-08,9.63003147791047e-10
4.0,2,H,XI,2,-4.277035932485631e-09,-1.3200728186684045e-11
4.0,2,H,XX,1,-0.00024258669513005623,-1.3477038618336458e-05
4.0,2,H,XX,2,2.1459726613030448e-06,6.623372411429151e-09
4.0,2,H,XY,1,-1.4123824135706728e-08,-7.846568964281516e-10
4.0,2,H,XY,2,2.498841329669265e-09,7.712473239719954e-12
4.0,2,H,XZ,1,7.11306907069041e-09,3.9517050392724504e-10
4.0,2,H,XZ,2,-1.883635948493335e-09,-5.813691199053503e-12
4.0,2,H,YI,1,-1.234819262123501e-08,-6.860107011797227e-10
4.0,2,H,YI,2,1.977550649481037e-09,6.103551387287152e-12
4.0,2,H,YX,1,1.6161617493614326e-09,8.978676385341292e-11
4.0,2,H,YX,2,-2.8240207624477004e-10,-8.716113464344755e-13
4.0,2,H,YY,1,1.4627715931285813e-08,8.126508850714341e-10
4.0,2,H,YY,2,-3.621568710765461e-09,-1.1177681206066238e-11
4.0,2,H,YZ,1,1.4723220128217559e-08,8.179566737898643e-10
4.0,2,H,YZ,2,-2.826713711698051e-09,-8.724425036105096e-12
4.0,2,H,ZI,1,2.276226319893114e-09,1.2645701777183967e-10
4.0,2,H,ZI,2,-4.989837270684422e-10,-1.5400732316927227e-12
4.0,2,H,ZX,1,9.280603627121788e-09,5.155890903956549e-10
4.0,2,H,ZX,2,-2.42500429653765e-09,-7.48458116215324e-12
4.0,2,H,ZY,1,-7.822231170280608e-10,-4.3456839834892264e-11
4.0,2,H,ZY,2,5.89555779686491e-11,1.8196166039706511e-13
4.0,2,H,ZZ,1,-2.1922023455426168e-15,-1.2178901919681203e-16
4.0,2,H,ZZ,2,6.3323182539839675e-16,1.9544192141925824e-18
4.0,2,S,IX,1,0.001802241318781666,0.00010012451771009256
4.0,2,S,IX,2,-1.3058796428113828e-05,-4.03049272472649e-08
4.0,2,S,IY,1,2.629680351674938e-09,1.4609335287082988e-10
4.0,2,S,IY,2,-5.446235397961839e-10,-1.68093685122279e-12
4.0,2,S,IZ,1,2.8840054167715018e-09,1.602225231539723e-10
4.0,2,S,IZ,2,-7.080958912824803e-10,-2.1854811459335813e-12
4.0,2,S,XI,1,0.001802237386494279,0.00010012429924968217
4.0,2,S,XI,2,-1.3058255555885499e-05,-4.030325788853549e-08
4.0,2,S,XX,1,0.00011899047200917184,6.610581778287325e-06
4.0,2,S,XX,2,8.962541682368306e-06,2.766216568632193e-08
4.0,2,S,XY,1,4.599785021404399e-09,2.555436123002444e-10
4.0,2,S,XY,2,-1.0635923092377899e-09,-3.2826923124623146e-12
4.0,2,S,XZ,1,4.716262818237749e-10,2.6201460101320827e-11
4.0,2,S,XZ,2,-3.241402551400816e-11,-1.0004328862348198e-13
4.0,2,S,YI,1,2.329188761260905e-09,1.2939937562560584e-10
4.0,2,S,YI,2,-4.6478646695546275e-10,-1.4345261325785887e-12
4.0,2,S,YX,1,2.90430336057087e-09,1.6135018669838167e-10
4.0,2,S,YX,2,-5.222787596162957e-10,-1.6119714802972088e-12
4.0,2,S,YY,1,-4.93689808546698e-10,-2.7427211585927666e-11
4.0,2,S,YY,2,1.8038586114995597e-10,5.567464850307283e-13
4.0,2,S,YZ,1,1.9993708363509357e-09,1.1107615757505198e-10
4.0,2,S,YZ,2,-4.1100639127509773e-10,-1.2685382446762276e-12
4.0,2,S,ZI,1,3.766062831414063e-09,2.0922571285633683e-10
4.0,2,S,ZI,2,-7.40061247365891e-10,-2.284139652363861e-12
4.0,2,S,ZX,1,1.4366192832001062e-09,7.981218240000591e-11
4.0,2,S,ZX,2,-2.243731149873992e-10,-6.925096141586394e-13
4.0,2,S,ZY,1,1.8469843053635806e-09,1.0261023918686559e-10
4.0,2,S,ZY,2,-2.834031646468444e-10,-8.747011254532234e-13
4.0,2,S,ZZ,1,-2.568895045135055e-09,-1.4271639139639195e-10
4.0,2,S,ZZ,2,5.282875024373484e-10,1.6305169828313224e-12
4.0,2,C,"IX,IY",1,1.0104722430667644e-09,5.613734683704247e-11
4.0,2,C,"IX,IY",2,-2.1767060629012366e-10,-6.718228589201348e-13
4.0,2,C,"IX,IZ",1,-3.871302941397655e-09,-2.1507238563320308e-10
4.0,2,C,"IX,IZ",2,1.0225826012896683e-09,3.156119139782927e-12
4.0,2,C,"IX,XI",1,0.001802235230856907,0.00010012417949205039
4.0,2,C,"IX,XI",2,-1.305767222825965e-05,-4.030145749462855e-08
4.0,2,C,"IX,XX",1,5.561563343252331e-10,3.0897574129179614e-11
4.0,2,C,"IX,XX",2,-7.529074621140514e-12,-2.3237884633149737e-14
4.0,2,C,"IX,XY",1,-7.306912699271201e-09,-4.059395944039556e-10
4.0,2,C,"IX,XY",2,2.2154588162512392e-09,6.837835852627282e-12
4.0,2,C,"IX,XZ",1,-2.7556710575147987e-09,-1.5309283652859994e-10
4.0,2,C,"IX,XZ",2,3.5776657615375797e-10,1.1042178276350554e-12
4.0,2,C,"IX,YI",1,2.027280878735123e-09,1.126267154852846e-10
4.0,2,C,"IX,YI",2,-4.632037507345461e-10,-1.4296412059708213e-12
4.0,2,C,"IX,YX",1,3.4293213467053854e-09,1.9051785259474364e-10
4.0,2,C,"IX,YX",2,1.5410274357391324e-10,4.756257517713371e-13
4.0,2,C,"IX,YY",1,-2.600815413195859e-09,-1.4448974517754774e-10
4.0,2,C,"IX,YY",2,3.392390065663949e-10,1.0470339708839348e-12
4.0,2,C,"IX,YZ",1,-1.128002509441657e-09,-6.266680608009205e-11
4.0,2,C,"IX,YZ",2,3.075570587176076e-10,9.492501812271838e-13
4.0,2,C,"IX,ZI",1,5.276544058514644e-09,2.931413365841469e-10
4.0,2,C,"IX,ZI",2,-6.325690944909576e-10,-1.9523737484288817e-12
4.0,2,C,"IX,ZX",1,-3.1231110250506548e-09,-1.735061680583697e-10
4.0,2,C,"IX,ZX",2,4.879927470015144e-10,1.5061504537083776e-12
4.0,2,C,"IX,ZY",1,1.531964661271284e-10,8.510914784840466e-12
4.0,2,C,"IX,ZY",2,-7.123029795495518e-12,-2.198465986264049e-14
4.0,2,C,"IX,ZZ",1,-4.9970596821326465e-09,-2.77614426785147e-10
4.0,2,C,"IX,ZZ",2,9.859902023342089e-10,3.043179636833978e-12
4.0,2,C,"IY,IZ",1,2.5558516769916815e-09,1.4199175983287118e-10
4.0,2,C,"IY,IZ",2,-5.309746872426317e-10,-1.6388107630945421e-12
4.0,2,C,"IY,XI",1,-5.929724053308198e-10,-3.294291140726776e-11
4.0,2,C,"IY,XI",2,7.656568799604694e-11,2.3631385183965103e-13
4.0,2,C,"IY,XX",1,9.297306270164765e-09,5.165170150091536e-10
4.0,2,C,"IY,XX",2,-2.247887011386966e-09,-6.937922874651129e-12
4.0,2,C,"IY,XY",1,-3.086754351265988e-09,-1.7148635284811044e-10
4.0,2,C,"IY,XY",2,8.249251272985993e-10,2.5460652077117264e-12
4.0,2,C,"IY,XZ",1,8.532952909067652e-10,4.7405293939264734e-11
4.0,2,C,"IY,XZ",2,-1.191077953194118e-10,-3.676166522204068e-13
4.0,2,C,"IY,YI",1,2.0192027090466358e-10,1.1217792828036865e-11
4.0,2,C,"IY,YI",2,-2.4690756330405112e-11,-7.62060380568059e-14
4.0,2,C,"IY,YX",1,1.2103242464695643e-09,6.72402359149758e-11
4.0,2,C,"IY,YX",2,-1.2580303221644612e-10,-3.882809636310065e-13
4.0,2,C,"IY,YY",1,7.537661469380539e-11,4.187589705211411e-12
4.0,2,C,"IY,YY",2,-4.7281661452673446e-11,-1.4593105386627608e-13
4.0,2,C,"IY,YZ",1,1.1067921522829814e-09,6.148845290461008e-11
4.0,2,C,"IY,YZ",2,-1.6536226506200917e-10,-5.103773613024974e-13
4.0,2,C,"IY,ZI",1,5.3068365722163036e-09,2.948242540120169e-10
4.0,2,C,"IY,ZI",2,-9.741097999230935e-10,-3.006511728157696e-12
4.0,2,C,"IY,ZX",1,7.575027877099175e-10,4.208348820610653e-11
4.0,2,C,"IY,ZX",2,-1.5725563702025976e-10,-4.853569043835178e-13
4.0,2,C,"IY,ZY",1,4.069961130005712e-09,2.26108951666984e-10
4.0,2,C,"IY,ZY",2,-7.25014873681821e-10,-2.2377002274130278e-12
4.0,2,C,"IY,ZZ",1,4.6560503536365307e-10,2.5866946409091838e-11
4.0,2,C,"IY,ZZ",2,-2.1039523654178925e-10,-6.493680140178681e-13
4.0,2,C,"IZ,XI",1,-9.167436339822487e-10,-5.0930201887902706e-11
4.0,2,C,"IZ,XI",2,2.4010516386878133e-10,7.410653205826584e-13
4.0,2,C,"IZ,XX",1,1.1182557631205408e-08,6.212532017336338e-10
4.0,2,C,"IZ,XX",2,-1.8321934147192804e-09,-5.654917946664446e-12
4.0,2,C,"IZ,XY",1,-5.927821191815996e-09,-3.293233995453331e-10
4.0,2,C,"IZ,XY",2,1.487508166264481e-09,4.591074587236053e-12
4.0,2,C,"IZ,XZ",1,3.0732083343862336e-10,1.7073379635479077e-11
4.0,2,C,"IZ,XZ",2,-5.91987011079146e-11,-1.8271204045652653e-13
4.0,2,C,"IZ,YI",1,-8.885148882407584e-11,-4.936193823559769e-12
4.0,2,C,"IZ,YI",2,-3.949093298421016e-11,-1.2188559563027827e-13
4.0,2,C,"IZ,YX",1,-3.541068414400506e-09,-1.9672602302225032e-10
4.0,2,C,"IZ,YX",2,8.900866691081731e-10,2.7471810774943613e-12
4.0,2,C,"IZ,YY",1,2.6273247602414415e-10,1.4596248668008007e-11
4.0,2,C,"IZ,YY",2,-6.255408532987643e-11,-1.9306816459838405e-13
4.0,2,C,"IZ,YZ",1,1.185671434603639e-09,6.587063525575772e-11
4.0,2,C,"IZ,YZ",2,-2.9216208752628144e-10,-9.017348380440786e-13
4.0,2,C,"IZ,ZI",1,2.1918230356531244e-09,1.2176794642517357e-10
4.0,2,C,"IZ,ZI",2,-4.814073939872749e-10,-1.4858252900841818e-12
4.0,2,C,"IZ,ZX",1,-1.0463783681826516e-09,-5.813213156570286e-11
4.0,2,C,"IZ,ZX",2,2.7285755985345913e-10,8.421529625106763e-13
4.0,2,C,"IZ,ZY",1,1.759600308359703e-09,9.775557268665017e-11
4.0,2,C,"IZ,ZY",2,-3.075727631204504e-10,-9.492986516063284e-13
4.0,2,C,"IZ,ZZ",1,-2.1119293293789853e-09,-1.173294071877214e-10
4.0,2,C,"IZ,ZZ",2,3.564910819783679e-10,1.100281117217185e-12
4.0,2,C,"XI,XX",1,8.20910411486208e-09,4.5606133971456003e-10
4.0,2,C,"XI,XX",2,-1.1890583963584864e-09,-3.669933322094094e-12
4.0,2,C,"XI,XY",1,-1.0036734414771415e-08,-5.575963563761897e-10
4.0,2,C,"XI,XY",2,2.9929320087105073e-09,9.237444471328726e-12
4.0,2,C,"XI,XZ",1,-1.6048633482822809e-09,-8.915907490457117e-11
4.0,2,C,"XI,XZ",2,3.0942634193462115e-10,9.550195738722875e-13
4.0,2,C,"XI,YI",1,8.414164471747284e-10,4.67453581763738e-11
4.0,2,C,"XI,YI",2,-3.552905540343873e-10,-1.096575784056751e-12
4.0,2,C,"XI,YX",1,-1.545521878422956e-09,-8.58623265790531e-11
4.0,2,C,"XI,YX",2,1.0727016980758432e-09,3.3108077101106274e-12
4.0,2,C,"XI,YY",1,9.433682546642559e-10,5.240934748134755e-11
4.0,2,C,"XI,YY",2,-3.1745208792974826e-10,-9.79790394844902e-13
4.0,2,C,"XI,YZ",1,8.197424810159854e-10,4.554124894533252e-11
4.0,2,C,"XI,YZ",2,-2.8298740806806856e-10,-8.734179261360141e-13
4.0,2,C,"XI,ZI",1,5.140218954976596e-09,2.85567719720922e-10
4.0,2,C,"XI,ZI",2,-7.728184108360747e-10,-2.385242008753317e-12
4.0,2,C,"XI,ZX",1,-2.2289209555728275e-09,-1.2382894197626819e-10
4.0,2,C,"XI,ZX",2,4.060597037294065e-10,1.2532706905228596e-12
4.0,2,C,"XI,ZY",1,1.5548324424966865e-10,8.63795801387048e-12
4.0,2,C,"XI,ZY",2,-1.7507869582575053e-11,-5.4036634514120534e-14
4.0,2,C,"XI,ZZ",1,-8.944424163362229e-09,-4.969124535201238e-10
4.0,2,C,"XI,ZZ",2,1.7818437186390647e-09,5.49951765012057e-12
4.0,2,C,"XX,XY",1,-5.570363556441782e-11,-3.0946464202454344e-12
4.0,2,C,"XX,XY",2,-1.0719562053073566e-11,-3.308506806504187e-14
4.0,2,C,"XX,XZ",1,-4.895459576775047e-09,-2.719699764875026e-10
4.0,2,C,"XX,XZ",2,1.279894776144398e-09,3.9502925189641915e-12
4.0,2,C,"XX,YI",1,4.588761196693124e-09,2.5493117759406247e-10
4.0,2,C,"XX,YI",2,-1.2591357009561074e-09,-3.886221299247245e-12
4.0,2,C,"XX,YX",1,-2.415532192965119e-09,-1.341962329425066e-10
4.0,2,C,"XX,YX",2,6.668775324732761e-10,2.0582639891150496e-12
4.0,2,C,"XX,YY",1,5.1440058167966615e-09,2.8577810093314786e-10
4.0,2,C,"XX,YY",2,-8.687861217347923e-10,-2.6814386473296057e-12
4.0,2,C,"XX,YZ",1,-4.828592115227087e-09,-2.6825511751261593e-10
4.0,2,C,"XX,YZ",2,1.2589756033214182e-09,3.885727170745118e-12
4.0,2,C,"XX,ZI",1,-5.0585124667417014e-09,-2.8102847037453897e-10
4.0,2,C,"XX,ZI",2,1.060630514746709e-09,3.27355097144046e-12
4.0,2,C,"XX,ZX",1,8.905697559242219e-09,4.947609755134566e-10
4.0,2,C,"XX,ZX",2,-1.1993062868052908e-09,-3.701562613596577e-12
4.0,2,C,"XX,ZY",1,-9.550668464541741e-09,-5.305926924745411e-10
4.0,2,C,"XX,ZY",2,2.2501049532343228e-09,6.944768374180008e-12
4.0,2,C,"XX,ZZ",1,4.0783204303386e-09,2.2657335724103331e-10
4.0,2,C,"XX,ZZ",2,-9.344737572141055e-10,-2.8841782630064984e-12
4.0,2,C,"XY,XZ",1,6.661824845716992e-10,3.7010138031761065e-11
4.0,2,C,"XY,XZ",2,-1.278230236872149e-10,-3.945155052074534e-13
4.0,2,C,"XY,YI",1,-2.5013988532504845e-09,-1.3896660295836024e-10
4.0,2,C,"XY,YI",2,5.367762768515922e-10,1.656716903862939e-12
4.0,2,C,"XY,YX",1,1.4773908088281385e-09,8.20772671571188e-11
4.0,2,C,"XY,YX",2,-4.281141497078428e-10,-1.3213399682340827e-12
4.0,2,C,"XY,YY",1,7.330111552937429e-10,4.07228419607635e-11
4.0,2,C,"XY,YY",2,-2.0620960312299257e-10,-6.364493923549153e-13
4.0,2,C,"XY,YZ",1,-3.981239693868565e-09,-2.2117998299269804e-10
4.0,2,C,"XY,YZ",2,9.519158556847411e-10,2.938011900261547e-12
4.0,2,C,"XY,ZI",1,-4.964519268349772e-09,-2.7580662601943177e-10
4.0,2,C,"XY,ZI",2,1.1883483666200268e-09,3.667741872284033e-12
4.0,2,C,"XY,ZX",1,1.9056808974239444e-09,1.0587116096799691e-10
4.0,2,C,"XY,ZX",2,-3.729154942685241e-10,-1.1509737477423584e-12
4.0,2,C,"XY,ZY",1,-2.2738864834389396e-09,-1.2632702685771887e-10
4.0,2,C,"XY,ZY",2,5.623186866883321e-10,1.7355515021244818e-12
4.0,2,C,"XY,ZZ",1,2.09089519862057e-09,1.1616084436780945e-10
4.0,2,C,"XY,ZZ",2,-4.3118551836439684e-10,-1.3308195011246816e-12
4.0,2,C,"XZ,YI",1,1.1546405892620002e-09,6.414669940344445e-11
4.0,2,C,"XZ,YI",2,-3.1147375750856184e-10,-9.613387577424749e-13
4.0,2,C,"XZ,YX",1,-1.0964900735801768e-09,-6.091611519889871e-11
4.0,2,C,"XZ,YX",2,2.7965531244959086e-11,8.631336803999718e-14
4.0,2,C,"XZ,YY",1,-1.9619130674794154e-09,-1.0899517041552308e-10
4.0,2,C,"XZ,YY",2,4.190154282615068e-10,1.2932574946342802e-12
4.0,2,C,"XZ,YZ",1,2.501721846796662e-10,1.38984547044259e-11
4.0,2,C,"XZ,YZ",2,-8.363963627819302e-11,-2.5814702554997844e-13
4.0,2,C,"XZ,ZI",1,-3.283323282935344e-09,-1.8240684905196354e-10
4.0,2,C,"XZ,ZI",2,5.828601363294956e-10,1.7989510380539989e-12
4.0,2,C,"XZ,ZX",1,-3.8956733079611225e-10,-2.1642629488672904e-11
4.0,2,C,"XZ,ZX",2,1.7592649396814632e-10,5.429830060745257e-13
4.0,2,C,"XZ,ZY",1,-3.1838501371135476e-09,-1.7688056317297487e-10
4.0,2,C,"XZ,ZY",2,6.860846757611133e-10,2.117545295558992e-12
4.0,2,C,"XZ,ZZ",1,4.6288027495202827e-10,2.5715570830668237e-11
4.0,2,C,"XZ,ZZ",2,-9.46837449903399e-11,-2.922337808343824e-13
4.0,2,C,"YI,YX",1,3.514318612128825e-09,1.9523992289604584e-10
4.0,2,C,"YI,YX",2,-5.741952784425994e-10,-1.7722076495141958e-12
4.0,2,C,"YI,YY",1,-1.0995867664405595e-09,-6.10881536911422e-11
4.0,2,C,"YI,YY",2,1.1375654358432854e-10,3.5110044316150784e-13
4.0,2,C,"YI,YZ",1,-8.040782902044586e-10,-4.467101612246992e-11
4.0,2,C,"YI,YZ",2,2.634758076425667e-10,8.131969371684157e-13
4.0,2,C,"YI,ZI",1,-1.2876272554734338e-09,-7.153484752630188e-11
4.0,2,C,"YI,ZI",2,3.616738005089829e-10,1.1162771620647622e-12
4.0,2,C,"YI,ZX",1,-6.342491290573909e-10,-3.5236062725410605e-11
4.0,2,C,"YI,ZX",2,9.880542251363962e-11,3.04955007758147e-13
4.0,2,C,"YI,ZY",1,-2.837498277139393e-09,-1.5763879317441073e-10
4.0,2,C,"YI,ZY",2,5.829064064758504e-10,1.7990938471476863e-12
4.0,2,C,"YI,ZZ",1,2.918771123107703e-09,1.6215395128376127e-10
4.0,2,C,"YI,ZZ",2,-5.232692380467216e-10,-1.6150285124898814e-12
4.0,2,C,"YX,YY",1,-2.7873477978090567e-09,-1.5485265543383648e-10
4.0,2,C,"YX,YY",2,3.765760051942591e-10,1.1622716209699356e-12
4.0,2,C,"YX,YZ",1,-3.02827301963772e-09,-1.6823738997987334e-10
4.0,2,C,"YX,YZ",2,6.677227957813738e-10,2.0608728264857217e-12
4.0,2,C,"YX,ZI",1,-1.5288930867292216e-09,-8.493850481829008e-11
4.0,2,C,"YX,ZI",2,6.728924026239747e-10,2.0768284031604156e-12
4.0,2,C,"YX,ZX",1,-1.7987907419126076e-09,-9.993281899514487e-11
4.0,2,C,"YX,ZX",2,2.6410252139762024e-10,8.15131238881544e-13
4.0,2,C,"YX,ZY",1,-1.0979222635491402e-09,-6.099568130828557e-11
4.0,2,C,"YX,ZY",2,3.1542464346336813e-10,9.735328501955806e-13
4.0,2,C,"YX,ZZ",1,-1.1271217787345899e-09,-6.26178765963661e-11
4.0,2,C,"YX,ZZ",2,1.3127502937634656e-10,4.0516984375415604e-13
4.0,2,C,"YY,YZ",1,-2.413863564003447e-10,-1.3410353133352482e-11
4.0,2,C,"YY,YZ",2,-6.23086001302881e-11,-1.9231049422928427e-13
4.0,2,C,"YY,ZI",1,-3.1726191602744475e-09,-1.762566200152471e-10
4.0,2,C,"YY,ZI",2,4.290090204376484e-10,1.3241019149310136e-12
4.0,2,C,"YY,ZX",1,-1.0686134963268377e-09,-5.93674164626021e-11
4.0,2,C,"YY,ZX",2,2.709325587965935e-10,8.36211601224054e-13
4.0,2,C,"YY,ZY",1,-2.9228692467272488e-09,-1.623816248181805e-10
4.0,2,C,"YY,ZY",2,5.436656445619569e-10,1.6779803844504843e-12
4.0,2,C,"YY,ZZ",1,-4.269760703291222e-09,-2.3720892796062347e-10
4.0,2,C,"YY,ZZ",2,8.885508150552696e-10,2.742440787207622e-12
4.0,2,C,"YZ,ZI",1,9.71518855684963e-10,5.397326976027572e-11
4.0,2,C,"YZ,ZI",2,-2.9475032291153004e-10,-9.097232188627471e-13
4.0,2,C,"YZ,ZX",1,-8.308659113245774e-10,-4.6159217295809855e-11
4.0,2,C,"YZ,ZX",2,9.885912421127504e-11,3.051207537385032e-13
4.0,2,C,"YZ,ZY",1,1.7339631779777216e-09,9.633128766542898e-11
4.0,2,C,"YZ,ZY",2,-4.31735603984996e-10,-1.3325172962499877e-12
4.0,2,C,"YZ,ZZ",1,-1.897899470926136e-09,-1.0543885949589644e-10
4.0,2,C,"YZ,ZZ",2,4.071381604002163e-10,1.2565992604944948e-12
4.0,2,C,"ZI,ZX",1,-8.513097440525637e-10,-4.729498578069798e-11
4.0,2,C,"ZI,ZX",2,6.155417240005688e-11,1.8998201358042247e-13
4.0,2,C,"ZI,ZY",1,2.077557328297535e-09,1.1541985157208527e-10
4.0,2,C,"ZI,ZY",2,-4.0488289662088153e-10,-1.2496385698175356e-12
4.0,2,C,"ZI,ZZ",1,2.1138512923616042e-09,1.17436182908978e-10
4.0,2,C,"ZI,ZZ",2,-4.891946544107661e-10,-1.509860044477673e-12
4.0,2,C,"ZX,ZY",1,5.000810162259224e-10,2.7782278679217908e-11
4.0,2,C,"ZX,ZY",2,-1.9598385070027463e-10,-6.048884280872674e-13
4.0,2,C,"ZX,ZZ",1,-4.455581120364939e-10,-2.4753228446471883e-11
4.0,2,C,"ZX,ZZ",2,-3.494054007620991e-11,-1.0784117307472193e-13
4.0,2,C,"ZY,ZZ",1,-1.3192012392743123e-10,-7.328895773746179e-12
4.0,2,C,"ZY,ZZ",2,-2.0796221925873187e-11,-6.418587014158391e-14
4.0,2,A,"IX,IY",1,2.422874373819519e-09,1.3460413187886218e-10
4.0,2,A,"IX,IY",2,-3.8462635394169674e-10,-1.1871183763632615e-12
4.0,2,A,"IX,IZ",1,-7.427908717389198e-09,-4.12661595410511e-10
4.0,2,A,"IX,IZ",2,2.4940189035907796e-09,7.697589208613517e-12
4.0,2,A,"IX,XI",1,-2.8592912629917317e-09,-1.5884951461065176e-10
4.0,2,A,"IX,XI",2,3.142046747899332e-10,9.697675147837445e-13
4.0,2,A,"IX,XX",1,1.4338686435102167e-08,7.965936908390092e-10
4.0,2,A,"IX,XX",2,-3.3661586963227366e-09,-1.0389378692354125e-11
4.0,2,A,"IX,XY",1,6.901563636764794e-09,3.8342020204248855e-10
4.0,2,A,"IX,XY",2,-1.5311544700471304e-09,-4.725785401380032e-12
4.0,2,A,"IX,XZ",1,1.8300455569864788e-09,1.0166919761035993e-10
4.0,2,A,"IX,XZ",2,-3.218226642340848e-10,-9.932798278829778e-13
4.0,2,A,"IX,YI",1,2.1919709174246565e-09,1.2177616207914757e-10
4.0,2,A,"IX,YI",2,-3.4319392294167043e-10,-1.0592405029063903e-12
4.0,2,A,"IX,YX",1,-4.0408072389755305e-09,-2.2448929105419615e-10
4.0,2,A,"IX,YX",2,3.556686553267167e-10,1.0977427633540639e-12
4.0,2,A,"IX,YY",1,-5.092621616683755e-09,-2.829234231490975e-10
4.0,2,A,"IX,YY",2,1.346201065889335e-09,4.154941561386837e-12
4.0,2,A,"IX,YZ",1,-8.20696442778476e-09,-4.559424682102645e-10
4.0,2,A,"IX,YZ",2,1.6704991635221073e-09,5.155861615808973e-12
4.0,2,A,"IX,ZI",1,-4.2250026243426265e-09,-2.347223680190348e-10
4.0,2,A,"IX,ZI",2,1.7893708232826724e-09,5.5227494545761495e-12
4.0,2,A,"IX,ZX",1,3.7744574683720406e-10,2.0969208157622447e-11
4.0,2,A,"IX,ZX",2,1.463499511081468e-11,4.51697379963416e-14
4.0,2,A,"IX,ZY",1,5.8621406486290275e-09,3.2567448047939043e-10
4.0,2,A,"IX,ZY",2,-1.0333183265284652e-09,-3.189254094223658e-12
4.0,2,A,"IX,ZZ",1,-6.329291590961048e-09,-3.516273106089471e-10
4.0,2,A,"IX,ZZ",2,1.6934846818012176e-09,5.226804573460548e-12
4.0,2,A,"IY,IZ",1,-6.277204471260415e-10,-3.487335817366897e-11
4.0,2,A,"IY,IZ",2,1.243915186370612e-10,3.839244402378432e-13
4.0,2,A,"IY,XI",1,-6.66825476427233e-09,-3.704585980151294e-10
4.0,2,A,"IY,XI",2,1.3154860856983586e-09,4.0601422398097486e-12
4.0,2,A,"IY,XX",1,3.217323332223343e-10,1.7874018512351905e-11
4.0,2,A,"IY,XX",2,-5.628338264226588e-10,-1.7371414395761074e-12
4.0,2,A,"IY,XY",1,1.2933424857041418e-09,7.185236031689677e-11
4.0,2,A,"IY,XY",2,-4.0149351491533886e-10,-1.239177515170799e-12
4.0,2,A,"IY,XZ",1,2.1141967761086456e-09,1.174553764504803e-10
4.0,2,A,"IY,XZ",2,-5.174911692899554e-10,-1.5971949669443068e-12
4.0,2,A,"IY,YI",1,3.350600655009634e-09,1.8614448083386854e-10
4.0,2,A,"IY,YI",2,-6.408478455555192e-10,-1.9779254492454296e-12
4.0,2,A,"IY,YX",1,9.268588260110868e-10,5.149215700061593e-11
4.0,2,A,"IY,YX",2,-3.129544482641188e-10,-9.659087909386383e-13
4.0,2,A,"IY,YY",1,-1.7083954873906608e-09,-9.491086041059227e-11
4.0,2,A,"IY,YY",2,2.985568613950444e-10,9.214717944291493e-13
4.0,2,A,"IY,YZ",1,-3.519979676326387e-10,-1.9555442646257705e-11
4.0,2,A,"IY,YZ",2,1.148132925327096e-10,3.5436201398984444e-13
4.0,2,A,"IY,ZI",1,1.7493876091520991e-09,9.718820050844995e-11
4.0,2,A,"IY,ZI",2,-2.9031617384282143e-10,-8.96037573588955e-13
4.0,2,A,"IY,ZX",1,-1.5743604744495085e-09,-8.746447080275048e-11
4.0,2,A,"IY,ZX",2,1.8113226218262431e-10,5.5905019192168e-13
4.0,2,A,"IY,ZY",1,-7.941262055728624e-11,-4.4118122531825686e-12
4.0,2,A,"IY,ZY",2,1.0813547937979956e-10,3.337514795672826e-13
4.0,2,A,"IY,ZZ",1,-2.27437747420648e-09,-1.2635430412258223e-10
4.0,2,A,"IY,ZZ",2,4.363147221789608e-10,1.346650377095558e-12
4.0,2,A,"IZ,XI",1,5.674400019803532e-09,3.152444455446407e-10
4.0,2,A,"IZ,XI",2,-1.9891167734553155e-09,-6.139249300788011e-12
4.0,2,A,"IZ,XX",1,3.55300769072064e-09,1.9738931615114665e-10
4.0,2,A,"IZ,XX",2,-7.378462371161871e-10,-2.277303200975886e-12
4.0,2,A,"IZ,XY",1,-8.690772664075026e-10,-4.828207035597237e-11
4.0,2,A,"IZ,XY",2,1.0403495222980312e-10,3.210955315734664e-13
4.0,2,A,"IZ,XZ",1,6.588746202705263e-10,3.6604145570584795e-11
4.0,2,A,"IZ,XZ",2,-1.9417692438405782e-10,-5.993114950125241e-13
4.0,2,A,"IZ,YI",1,2.4653885936553815e-09,1.3696603298085451e-10
4.0,2,A,"IZ,YI",2,-5.795787271265985e-10,-1.7888232318722176e-12
4.0,2,A,"IZ,YX",1,1.7982027414846102e-09,9.990015230470057e-11
4.0,2,A,"IZ,YX",2,-3.5036803435921956e-10,-1.0813828220963567e-12
4.0,2,A,"IZ,YY",1,-2.4763614126706273e-09,-1.3757563403725707e-10
4.0,2,A,"IZ,YY",2,5.31156433676827e-10,1.6393717088790957e-12
4.0,2,A,"IZ,YZ",1,-3.6301749534949994e-09,-2.0167638630527774e-10
4.0,2,A,"IZ,YZ",2,9.31982500483265e-10,2.876489199022423e-12
4.0,2,A,"IZ,ZI",1,1.105476343732648e-09,6.141535242959156e-11
4.0,2,A,"IZ,ZI",2,-2.230410340284879e-10,-6.883982531743454e-13
4.0,2,A,"IZ,ZX",1,-1.9480087804364467e-09,-1.0822271002424703e-10
4.0,2,A,"IZ,ZX",2,3.5016593047849737e-10,1.0807590446867202e-12
4.0,2,A,"IZ,ZY",1,-3.191409791011044e-09,-1.7730054394505802e-10
4.0,2,A,"IZ,ZY",2,8.107173165885463e-10,2.502213940088106e-12
4.0,2,A,"IZ,ZZ",1,-1.323698262462657e-09,-7.35387923590365e-11
4.0,2,A,"IZ,ZZ",2,3.01757191895947e-10,9.313493577035402e-13
4.0,2,A,"XI,XX",1,3.1361632042640427e-09,1.7423128912578014e-10
4.0,2,A,"XI,XX",2,-8.67043415267618e-10,-2.6760599236654876e-12
4.0,2,A,"XI,XY",1,3.199946660049037e-09,1.7777481444716872e-10
4.0,2,A,"XI,XY",2,-7.200743379281921e-10,-2.222451660272198e-12
4.0,2,A,"XI,XZ",1,-9.066101044552842e-11,-5.036722802529357e-12
4.0,2,A,"XI,XZ",2,-8.59806943513613e-13,-2.6537251343012747e-15
4.0,2,A,"XI,YI",1,5.803631689099056e-09,3.224239827277253e-10
4.0,2,A,"XI,YI",2,-1.1442292538009407e-09,-3.5315717709905577e-12
4.0,2,A,"XI,YX",1,-2.1311737825106955e-09,-1.183985434728164e-10
4.0,2,A,"XI,YX",2,1.2750947498388693e-10,3.935477622959473e-13
4.0,2,A,"XI,YY",1,-9.286671648675273e-09,-5.159262027041819e-10
4.0,2,A,"XI,YY",2,2.1629388522203182e-09,6.675737198210859e-12
4.0,2,A,"XI,YZ",1,-1.2849148112128938e-08,-7.13841561784941e-10
4.0,2,A,"XI,YZ",2,2.5007980786111753e-09,7.718512588306097e-12
4.0,2,A,"XI,ZI",1,-2.133840365119158e-09,-1.1854668695106433e-10
4.0,2,A,"XI,ZI",2,1.4720471434197518e-09,4.54335538092516e-12
4.0,2,A,"XI,ZX",1,-1.0789461523514277e-09,-5.994145290841264e-11
4.0,2,A,"XI,ZX",2,3.3385357762140835e-10,1.030412276609285e-12
4.0,2,A,"XI,ZY",1,4.091804053023562e-09,2.2732244739019787e-10
4.0,2,A,"XI,ZY",2,-5.665257056072566e-10,-1.7485361284174585e-12
4.0,2,A,"XI,ZZ",1,-8.54595966456304e-09,-4.747755369201688e-10
4.0,2,A,"XI,ZZ",2,2.0403319376473384e-09,6.297320795207835e-12
4.0,2,A,"XX,XY",1,-8.421322819626928e-09,-4.678512677570515e-10
4.0,2,A,"XX,XY",2,2.1478623928716412e-09,6.629204916270498e-12
4.0,2,A,"XX,XZ",1,6.868660330598824e-09,3.8159224058882353e-10
4.0,2,A,"XX,XZ",2,-2.817914858278046e-09,-8.697268081105081e-12
4.0,2,A,"XX,YI",1,-1.1079996506668046e-09,-6.15555361481558e-11
4.0,2,A,"XX,YI",2,5.329919012700184e-10,1.6450367323148716e-12
4.0,2,A,"XX,YX",1,3.1360789591973913e-09,1.742266088442995e-10
4.0,2,A,"XX,YX",2,3.73264021969393e-10,1.152049450522818e-12
4.0,2,A,"XX,YY",1,5.563703110666729e-14,3.0909461725926274e-15
4.0,2,A,"XX,YY",2,-1.157768181145859e-14,-3.573358583783515e-17
4.0,2,A,"XX,YZ",1,6.9241016140272385e-09,3.8467231189040215e-10
4.0,2,A,"XX,YZ",2,-1.4319501764451077e-09,-4.4195993100157645e-12
4.0,2,A,"XX,ZI",1,4.955091075958176e-09,2.75282837553232e-10
4.0,2,A,"XX,ZI",2,-9.617694571103427e-10,-2.9684242503405638e-12
4.0,2,A,"XX,ZX",1,-2.4967375166019784e-09,-1.38707639811221e-10
4.0,2,A,"XX,ZX",2,-1.1861195763880418e-09,-3.660862890086549e-12
4.0,2,A,"XX,ZY",1,-8.580865449328272e-09,-4.76714747184904e-10
4.0,2,A,"XX,ZY",2,1.4536112346905498e-09,4.486454428057252e-12
4.0,2,A,"XX,ZZ",1,1.4627371214307239e-08,8.1263173412818e-10
4.0,2,A,"XX,ZZ",2,-3.6214886103520943e-09,-1.1177433982568192e-11
4.0,2,A,"XY,XZ",1,-5.831695261222614e-10,-3.23983070067923e-11
4.0,2,A,"XY,XZ",2,2.0145100691121786e-10,6.217623670099317e-13
4.0,2,A,"XY,YI",1,-6.159590161765638e-09,-3.421994534314243e-10
4.0,2,A,"XY,YI",2,1.2613751464193934e-09,3.89313316796109e-12
4.0,2,A,"XY,YX",1,-1.1075334176060906e-09,-6.152963431144948e-11
4.0,2,A,"XY,YX",2,1.9181759778588304e-10,5.920296227959353e-13
4.0,2,A,"XY,YY",1,3.347833479614192e-09,1.8599074886745512e-10
4.0,2,A,"XY,YY",2,-6.954571690776719e-10,-2.1464727440668885e-12
4.0,2,A,"XY,YZ",1,2.578569051507495e-09,1.4325383619486084e-10
4.0,2,A,"XY,YZ",2,-6.283484085899701e-10,-1.9393469400925004e-12
4.0,2,A,"XY,ZI",1,-2.4310440331327595e-09,-1.3505800184070887e-10
4.0,2,A,"XY,ZI",2,5.658474249684764e-10,1.7464426696557914e-12
4.0,2,A,"XY,ZX",1,3.0811324346616057e-09,1.7117402414786697e-10
4.0,2,A,"XY,ZX",2,-6.876254657218654e-10,-2.1223008201292144e-12
4.0,2,A,"XY,ZY",1,5.267341815029413e-10,2.926301008349674e-11
4.0,2,A,"XY,ZY",2,-2.5355609554101152e-11,-7.825805417932454e-14
4.0,2,A,"XY,ZZ",1,-2.6075032159791146e-09,-1.4486128977661748e-10
4.0,2,A,"XY,ZZ",2,5.083879481094696e-10,1.5690986052761409e-12
4.0,2,A,"XZ,YI",1,-3.566288435132293e-09,-1.9812713528512737e-10
4.0,2,A,"XZ,YI",2,6.750168263477976e-10,2.083385266505548e-12
4.0,2,A,"XZ,YX",1,-5.783540700922974e-10,-3.21307816717943e-11
4.0,2,A,"XZ,YX",2,1.966625270509672e-10,6.069831081819975e-13
4.0,2,A,"XZ,YY",1,3.369613765152723e-09,1.8720076473070683e-10
4.0,2,A,"XZ,YY",2,-6.686861723682759e-10,-2.063846211013197e-12
4.0,2,A,"XZ,YZ",1,-3.029231109575564e-10,-1.6829061719864244e-11
4.0,2,A,"XZ,YZ",2,-2.1058262580354876e-11,-6.499463759368788e-14
4.0,2,A,"XZ,ZI",1,-3.6334365379399606e-09,-2.018575854411089e-10
4.0,2,A,"XZ,ZI",2,8.063501946846352e-10,2.488735168779738e-12
4.0,2,A,"XZ,ZX",1,7.187944999019993e-10,3.99330277723333e-11
4.0,2,A,"XZ,ZX",2,-1.0139217917890836e-10,-3.129388246262604e-13
4.0,2,A,"XZ,ZY",1,-2.1026202464873486e-09,-1.168122359159638e-10
4.0,2,A,"XZ,ZY",2,4.595990626894764e-10,1.4185156255848036e-12
4.0,2,A,"XZ,ZZ",1,4.643805837762698e-10,2.5798921320903877e-11
4.0,2,A,"XZ,ZZ",2,-1.6897880992518908e-10,-5.215395368061391e-13
4.0,2,A,"YI,YX",1,5.625584475205467e-10,3.1253247084474814e-11
4.0,2,A,"YI,YX",2,-3.8529012621637996e-10,-1.189167056223395e-12
4.0,2,A,"YI,YY",1,9.506962272340036e-10,5.2816457068555755e-11
4.0,2,A,"YI,YY",2,-1.3086245737578843e-10,-4.0389647338206306e-13
4.0,2,A,"YI,YZ",1,-4.908579649318446e-10,-2.7269886940658033e-11
4.0,2,A,"YI,YZ",2,1.9819329162990011e-10,6.117076902157411e-13
4.0,2,A,"YI,ZI",1,-2.2062072118525352e-09,-1.2256706732514086e-10
4.0,2,A,"YI,ZI",2,5.184453139616654e-10,1.6001398579063749e-12
4.0,2,A,"YI,ZX",1,1.9842482723540915e-09,1.1023601513078286e-10
4.0,2,A,"YI,ZX",2,-4.868842514774618e-10,-1.502729171226734e-12
4.0,2,A,"YI,ZY",1,-2.150918924666465e-09,-1.194954958148036e-10
4.0,2,A,"YI,ZY",2,4.954939150088108e-10,1.5293022068173173e-12
4.0,2,A,"YI,ZZ",1,-1.6130647053005453e-09,-8.96147058500303e-11
4.0,2,A,"YI,ZZ",2,3.5409646619905555e-10,1.0928903277748628e-12
4.0,2,A,"YX,YY",1,-2.8132174828368083e-10,-1.5628986015760047e-11
4.0,2,A,"YX,YY",2,-1.9383985550288032e-10,-5.982711589595071e-13
4.0,2,A,"YX,YZ",1,1.7325614253946164e-10,9.625341252192314e-12
4.0,2,A,"YX,YZ",2,4.499043839912997e-11,1.388593777750925e-13
4.0,2,A,"YX,ZI",1,1.3150030679218505e-10,7.305572599565835e-12
4.0,2,A,"YX,ZI",2,-2.6933484918167565e-11,-8.312803987088755e-14
4.0,2,A,"YX,ZX",1,-9.74714617686998e-10,-5.4150812093722115e-11
4.0,2,A,"YX,ZX",2,5.3877687568716916e-11,1.6628915916270654e-13
4.0,2,A,"YX,ZY",1,1.3775356162702283e-09,7.652975645945713e-11
4.0,2,A,"YX,ZY",2,-3.2013789437292267e-10,-9.880799209040822e-13
4.0,2,A,"YX,ZZ",1,2.079827216358448e-09,1.1554595646435823e-10
4.0,2,A,"YX,ZZ",2,-2.467677129286601e-10,-7.616287436069756e-13
4.0,2,A,"YY,YZ",1,1.468376909124652e-10,8.157649495136954e-12
4.0,2,A,"YY,YZ",2,-4.098886039336492e-11,-1.2650882837458308e-13
4.0,2,A,"YY,ZI",1,-3.613856949524838e-10,-2.0076983052915765e-11
4.0,2,A,"YY,ZI",2,-1.496565032877469e-11,-4.619027879251448e-14
4.0,2,A,"YY,ZX",1,-1.866758907961407e-09,-1.0370882822007817e-10
4.0,2,A,"YY,ZX",2,5.469918002031758e-10,1.688246296923382e-12
4.0,2,A,"YY,ZY",1,-7.168325738513597e-10,-3.9824031880631096e-11
4.0,2,A,"YY,ZY",2,7.860497923777973e-11,2.4260796061043125e-13
4.0,2,A,"YY,ZZ",1,3.774074464900377e-09,2.0967080360557649e-10
4.0,2,A,"YY,ZZ",2,-7.465654275897773e-10,-2.3042142826844978e-12
4.0,2,A,"YZ,ZI",1,-8.918417749098084e-10,-4.9546765272767136e-11
4.0,2,A,"YZ,ZI",2,-2.976723684823665e-11,-9.187418780319953e-14
4.0,2,A,"YZ,ZX",1,-9.476752016561875e-10,-5.264862231423264e-11
4.0,2,A,"YZ,ZX",2,2.276479655231093e-10,7.026171775404608e-13
4.0,2,A,"YZ,ZY",1,-4.727472389427833e-09,-2.6263735496821294e-10
4.0,2,A,"YZ,ZY",2,9.942809199811795e-10,3.0687682715468504e-12
4.0,2,A,"YZ,ZZ",1,-8.031946901840572e-10,-4.4621927232447624e-11
4.0,2,A,"YZ,ZZ",2,2.939712483846243e-10,9.073186678537787e-13
4.0,2,A,"ZI,ZX",1,-1.7699431205129498e-09,-9.833017336183054e-11
4.0,2,A,"ZI,ZX",2,3.2089824677344787e-10,9.9042668757237e-13
4.0,2,A,"ZI,ZY",1,-8.868604218582681e-10,-4.9270023436570445e-11
4.0,2,A,"ZI,ZY",2,3.192023525728979e-10,9.85192446212648e-13
4.0,2,A,"ZI,ZZ",1,1.7241255525849392e-09,9.57847529213855e-11
4.0,2,A,"ZI,ZZ",2,-1.7929519856832147e-10,-5.533802424948193e-13
4.0,2,A,"ZX,ZY",1,2.2462103050211922e-09,1.2478946139006623e-10
4.0,2,A,"ZX,ZY",2,-4.721334251211361e-10,-1.4572019293862225e-12
4.0,2,A,"ZX,ZZ",1,5.073081743143251e-10,2.818378746190695e-11
4.0,2,A,"ZX,ZZ",2,-2.0476729525773855e-10,-6.319978248695634e-13
4.0,2,A,"ZY,ZZ",1,1.3227422344252299e-09,7.348567969029055e-11
4.0,2,A,"ZY,ZZ",2,-1.8005801855001555e-10,-5.55734625154369e-13
4.0,3,H,IX,1,-2.815219877220684e-08,-1.5640110429003801e-09
4.0,3,H,IX,2,2.951849613603736e-08,9.110646955567086e-11
4.0,3,H,IX,3,-5.7130601975539084e-09,-9.796056580167881e-13
4.0,3,H,IY,1,4.580230540637289e-09,2.5445725225762717e-10
4.0,3,H,IY,2,-3.010336548288894e-09,-9.291162186076834e-12
4.0,3,H,IY,3,4.3757443358870314e-10,7.502990973743195e-14
4.0,3,H,IZ,1,-7.52959228366211e-09,-4.1831068242567277e-10
4.0,3,H,IZ,2,5.182380162962841e-09,1.5995000502971733e-11
4.0,3,H,IZ,3,-8.814939937623315e-10,-1.5114780414306096e-13
4.0,3,H,XI,1,4.263913307535687e-08,2.368840726408715e-09
4.0,3,H,XI,2,-2.7377291832118955e-08,-8.449781429666344e-11
4.0,3,H,XI,3,4.216885653795114e-09,7.230599543544435e-13
4.0,3,H,XX,1,-0.0002426388643044802,-1.3479936905804455e-05
4.0,3,H,XX,2,2.193596357809452e-06,6.770359129041519e-09
4.0,3,H,XX,3,-8.693569605938298e-09,-1.4906669420333159e-12
4.0,3,H,XY,1,-4.167076936484362e-08,-2.315042742491312e-09
4.0,3,H,XY,2,2.764563296970856e-08,8.532602768428568e-11
4.0,3,H,XY,3,-4.590474900649906e-09,-7.871184671896272e-13
4.0,3,H,XZ,1,1.2195017294422051e-08,6.775009608012251e-10
4.0,3,H,XZ,2,-6.5227961909319964e-09,-2.013208700904937e-11
4.0,3,H,XZ,3,8.468654354736736e-10,1.4521012268067105e-13
4.0,3,H,YI,1,-9.356369811360508e-09,-5.197983228533616e-10
4.0,3,H,YI,2,-7.535959149755548e-10,-2.3259133178257866e-12
4.0,3,H,YI,3,4.98562994977542e-10,8.548748199203395e-14
4.0,3,H,YX,1,3.087609279199834e-08,1.7153384884443521e-09
4.0,3,H,YX,2,-2.6992927806438846e-08,-8.331150557542853e-11
4.0,3,H,YX,3,4.875930086937636e-09,8.360648297218169e-13
4.0,3,H,YY,1,2.794611245260127e-08,1.5525618029222926e-09
4.0,3,H,YY,2,-1.5779539023448196e-08,-4.870228093656851e-11
4.0,3,H,YY,3,2.21940271196877e-09,3.8055602057077677e-13
4.0,3,H,YZ,1,4.157303229579626e-08,2.3096129053220147e-09
4.0,3,H,YZ,2,-2.7337113196506844e-08,-8.437380616205816e-11
4.0,3,H,YZ,3,4.474303332627499e-09,7.671987881734394e-13
4.0,3,H,ZI,1,9.047751036040896e-09,5.026528353356053e-10
4.0,3,H,ZI,2,-6.680508382740027e-09,-2.061885303314823e-11
4.0,3,H,ZI,3,1.1284196483509987e-09,1.9348759402451967e-13
4.0,3,H,ZX,1,1.9794989081399207e-08,1.0997216156332893e-09
4.0,3,H,ZX,2,-1.2023275830548261e-08,-3.7108876020210684e-11
4.0,3,H,ZX,3,1.7521370199904091e-09,3.0043501714513187e-13
4.0,3,H,ZY,1,-2.1174206312732427e-08,-1.1763447951518016e-09
4.0,3,H,ZY,2,1.8674193974971382e-08,5.763640115731908e-11
4.0,3,H,ZY,3,-3.398158534665536e-09,-5.826746458617174e-13
4.0,3,H,ZZ,1,-5.891861282559697e-15,-3.2732562680887204e-16
4.0,3,H,ZZ,2,4.010541057130322e-15,1.2378213139291117e-17
4.0,3,H,ZZ,3,-6.165181420326266e-16,-1.0571298731697986e-19
4.0,3,S,IX,1,0.0018029493310022296,0.00010016385172234609
4.0,3,S,IX,2,-1.3705119845864998e-05,-4.229975261069444e-08
4.0,3,S,IX,3,1.1798449159473293e-07,2.02305369675468e-11
4.0,3,S,IY,1,7.92894895504948e-09,4.4049716416941555e-10
4.0,3,S,IY,2,-5.382169129886173e-09,-1.6611633116932633e-11
4.0,3,S,IY,3,8.830801133572777e-10,1.514197725235387e-13
4.0,3,S,IZ,1,7.649144879034596e-09,4.249524932796998e-10
4.0,3,S,IZ,2,-5.058050784521049e-09,-1.5611267853460027e-11
4.0,3,S,IZ,3,7.940718260287648e-10,1.3615772051247681e-13
4.0,3,S,XI,1,0.0018029204352187805,0.00010016224640104336
4.0,3,S,XI,2,-1.3681790536339324e-05,-4.222774856894853e-08
4.0,3,S,XI,3,1.1382452753511418e-07,1.9517237231672528e-11
4.0,3,S,XX,1,0.00011832167330844015,6.5734262949133416e-06
4.0,3,S,XX,2,9.573068237546559e-06,2.95465069060079e-08
4.0,3,S,XX,3,-1.1144987670170686e-07,-1.9110061162844112e-11
4.0,3,S,XY,1,1.2842706225534885e-08,7.134836791963825e-10
4.0,3,S,XY,2,-8.588311304441805e-09,-2.6507133655684584e-11
4.0,3,S,XY,3,1.3736159338485555e-09,2.355308528546906e-13
4.0,3,S,XZ,1,3.5036565980026256e-09,1.9464758877792363e-10
4.0,3,S,XZ,2,-2.800264833399067e-09,-8.642792695676133e-12
4.0,3,S,XZ,3,5.052632496508837e-10,8.663635967950681e-14
4.0,3,S,YI,1,7.585999493227694e-09,4.2144441629042747e-10
4.0,3,S,YI,2,-5.263573521865257e-09,-1.6245597289707583e-11
4.0,3,S,YI,3,8.760048535993944e-10,1.5020659355270824e-13
4.0,3,S,YX,1,-6.2963568995095235e-09,-3.4979760552830687e-10
4.0,3,S,YX,2,7.87673189606651e-09,2.4310900913785525e-11
4.0,3,S,YX,3,-1.5332153762237473e-09,-2.628970123840445e-13
4.0,3,S,YY,1,-6.940137601786183e-10,-3.855632000992324e-11
4.0,3,S,YY,2,3.6325567231395183e-10,1.1211594824504686e-12
4.0,3,S,YY,3,-3.3382361068212943e-11,-5.7239988114219724e-15
4.0,3,S,YZ,1,5.017357546359422e-10,2.7874208590885678e-11
4.0,3,S,YZ,2,9.561403845084394e-10,2.951050569470492e-12
4.0,3,S,YZ,3,-2.495687342375009e-10,-4.2792992839077655e-14
4.0,3,S,ZI,1,8.102727192571948e-09,4.501515106984416e-10
4.0,3,S,ZI,2,-4.6988738923147716e-09,-1.4502697198502381e-11
4.0,3,S,ZI,3,7.2266992716789e-10,1.2391459656513887e-13
4.0,3,S,ZX,1,5.8849932666285486e-09,3.269440703682527e-10
4.0,3,S,ZX,2,-4.285162170462337e-09,-1.3225809168093632e-11
4.0,3,S,ZX,3,7.412854292835909e-10,1.2710655508977896e-13
4.0,3,S,ZY,1,2.156165284855605e-09,1.1978696026975583e-10
4.0,3,S,ZY,2,-5.656453372607973e-10,-1.7458189421629548e-12
4.0,3,S,ZY,3,5.152250147197007e-11,8.834448126195142e-15
4.0,3,S,ZZ,1,2.37627400661945e-09,1.3201522258996945e-10
4.0,3,S,ZZ,2,-3.986011078942507e-09,-1.2302503330069467e-11
4.0,3,S,ZZ,3,8.240722963190431e-10,1.4130183407391e-13
4.0,3,C,"IX,IY",1,3.280957236426482e-09,1.8227540202369344e-10
4.0,3,C,"IX,IY",2,-2.2903292105357213e-09,-7.0689173164682756e-12
4.0,3,C,"IX,IY",3,3.7835790094416275e-10,6.487618328946549e-14
4.0,3,C,"IX,IZ",1,-1.1769723316647157e-08,-6.538735175915088e-10
4.0,3,C,"IX,IZ",2,8.232816977904186e-09,2.540992894414872e-11
4.0,3,C,"IX,IZ",3,-1.3162076660687012e-09,-2.2568718553990076e-13
4.0,3,C,"IX,XI",1,0.001802921234402407,0.00010016229080013372
4.0,3,C,"IX,XI",2,-1.3683904577419235e-05,-4.2234273387096403e-08
4.0,3,C,"IX,XI",3,1.1431692447860554e-07,1.9601667434603145e-11
4.0,3,C,"IX,XX",1,7.627295066881256e-09,4.2373861482673643e-10
4.0,3,C,"IX,XX",2,-6.462562505236096e-09,-1.9946180571716347e-11
4.0,3,C,"IX,XX",3,1.1783478930534347e-09,2.020486785071047e-13
4.0,3,C,"IX,XY",1,-2.741455809372024e-08,-1.52303100520668e-09
4.0,3,C,"IX,XY",2,2.0571133643352512e-08,6.34911532202238e-11
4.0,3,C,"IX,XY",3,-3.350775947263866e-09,-5.745500595445586e-13
4.0,3,C,"IX,XZ",1,-5.487755761908046e-09,-3.0487532010600255e-10
4.0,3,C,"IX,XZ",2,2.851805905481887e-09,8.8018700786478e-12
4.0,3,C,"IX,XZ",3,-4.5527974726944575e-10,-7.806580028625613e-14
4.0,3,C,"IX,YI",1,4.804372726368852e-09,2.6690959590938067e-10
4.0,3,C,"IX,YI",2,-2.9983287701080716e-09,-9.254101142308863e-12
4.0,3,C,"IX,YI",3,4.627798224929179e-10,7.935182141510938e-14
4.0,3,C,"IX,YX",1,1.2522296055242789e-08,6.95683114180155e-10
4.0,3,C,"IX,YX",2,-8.14660495674417e-09,-2.5143842459086944e-11
4.0,3,C,"IX,YX",3,1.5152704528426281e-09,2.5982003649564953e-13
4.0,3,C,"IX,YY",1,-9.888003874206495e-09,-5.493335485670276e-10
4.0,3,C,"IX,YY",2,6.991497844940493e-09,2.157869705228547e-11
4.0,3,C,"IX,YY",3,-1.214350827226844e-09,-2.082220211294314e-13
4.0,3,C,"IX,YZ",1,-5.02709277958622e-09,-2.792829321992344e-10
4.0,3,C,"IX,YZ",2,3.8669212565786846e-09,1.1934942149934211e-11
4.0,3,C,"IX,YZ",3,-6.497517554699726e-10,-1.1141148070472782e-13
4.0,3,C,"IX,ZI",1,1.2116805209023643e-08,6.731558449457579e-10
4.0,3,C,"IX,ZI",2,-6.876841208313818e-09,-2.122481854417845e-11
4.0,3,C,"IX,ZI",3,1.1398740173952135e-09,1.9545164907325334e-13
4.0,3,C,"IX,ZX",1,-8.232198756488668e-09,-4.5734437536048153e-10
4.0,3,C,"IX,ZX",2,5.15192784341504e-09,1.5901011862392098e-11
4.0,3,C,"IX,ZX",3,-8.513880142171902e-10,-1.4598559914560876e-13
4.0,3,C,"IX,ZY",1,3.0045002037465187e-09,1.669166779859177e-10
4.0,3,C,"IX,ZY",2,-2.609993888831454e-09,-8.055536693924242e-12
4.0,3,C,"IX,ZY",3,4.751466317879337e-10,8.147233055348657e-14
4.0,3,C,"IX,ZZ",1,-2.023167884676923e-09,-1.1239821581538461e-10
4.0,3,C,"IX,ZZ",2,-1.728787671168109e-09,-5.335764417185522e-12
4.0,3,C,"IX,ZZ",3,4.955749372540093e-10,8.497512641529652e-14
4.0,3,C,"IY,IZ",1,7.268815689496204e-09,4.038230938609002e-10
4.0,3,C,"IY,IZ",2,-4.833300155407366e-09,-1.4917593072244958e-11
4.0,3,C,"IY,IZ",3,7.853772106892213e-10,1.3466687426084042e-13
4.0,3,C,"IY,XI",1,-2.9078918806003727e-09,-1.6154954892224292e-10
4.0,3,C,"IY,XI",2,2.189787216693894e-09,6.758602520660167e-12
4.0,3,C,"IY,XI",3,-3.857625468035785e-10,-6.614584135863829e-14
4.0,3,C,"IY,XX",1,1.924223137393984e-08,1.0690128541077689e-09
4.0,3,C,"IY,XX",2,-1.1326315032360794e-08,-3.495776244555801e-11
4.0,3,C,"IY,XX",3,1.6572410733018678e-09,2.841634213480569e-13
4.0,3,C,"IY,XY",1,-9.651797335898774e-09,-5.362109631054875e-10
4.0,3,C,"IY,XY",2,6.8179587166580414e-09,2.1043082458821115e-11
4.0,3,C,"IY,XY",3,-1.0940111432308096e-09,-1.8758764458690151e-13
4.0,3,C,"IY,XZ",1,-6.254572857196566e-10,-3.474762698442537e-11
4.0,3,C,"IY,XZ",2,1.2308016999905696e-09,3.798770678983239e-12
4.0,3,C,"IY,XZ",3,-2.464221179811618e-10,-4.225344958524722e-14
4.0,3,C,"IY,YI",1,-4.532102328860578e-09,-2.5178346271447656e-10
4.0,3,C,"IY,YI",2,4.296858473368472e-09,1.3261908868421209e-11
4.0,3,C,"IY,YI",3,-7.888864533823543e-10,-1.3526859625897707e-13
4.0,3,C,"IY,YX",1,4.517544619461464e-09,2.5097470108119244e-10
4.0,3,C,"IY,YX",2,-3.1448667046324417e-09,-9.706378718001363e-12
4.0,3,C,"IY,YX",3,5.511214396679951e-10,9.449956098559587e-14
4.0,3,C,"IY,YY",1,3.718746073693529e-09,2.0659700409408494e-10
4.0,3,C,"IY,YY",2,-3.373205893379545e-09,-1.0411129300554152e-11
4.0,3,C,"IY,YY",3,6.071379572658584e-10,1.0410458800854912e-13
4.0,3,C,"IY,YZ",1,4.292999502644977e-09,2.384999723691654e-10
4.0,3,C,"IY,YZ",2,-3.073956727898031e-09,-9.48752076511738e-12
4.0,3,C,"IY,YZ",3,5.309556013721831e-10,9.104176978261026e-14
4.0,3,C,"IY,ZI",1,1.662776696444268e-08,9.237648313579266e-10
4.0,3,C,"IY,ZI",2,-1.1308652355428975e-08,-3.490324801058326e-11
4.0,3,C,"IY,ZI",3,1.886541189422046e-09,3.23480999557964e-13
4.0,3,C,"IY,ZX",1,1.615827658381109e-09,8.976820324339494e-11
4.0,3,C,"IY,ZX",2,-9.40795027783712e-10,-2.9036883573571354e-12
4.0,3,C,"IY,ZX",3,1.4303287506638464e-10,2.452552727475731e-14
4.0,3,C,"IY,ZY",1,7.029904562614413e-09,3.905502534785785e-10
4.0,3,C,"IY,ZY",2,-3.427059697417283e-09,-1.0577344745115071e-11
4.0,3,C,"IY,ZY",3,4.932505554322575e-10,8.45765698614982e-14
4.0,3,C,"IY,ZZ",1,-3.1153608844949194e-09,-1.730756046941622e-10
4.0,3,C,"IY,ZZ",2,3.0585626499943155e-09,9.4400081789948e-12
4.0,3,C,"IY,ZZ",3,-5.967389138236047e-10,-1.0232148728113935e-13
4.0,3,C,"IZ,XI",1,-1.3285518050530622e-09,-7.380843361405901e-11
4.0,3,C,"IZ,XI",2,6.160326646295563e-10,1.9013353846591243e-12
4.0,3,C,"IZ,XI",3,-6.862449020966599e-11,-1.1766887896033262e-14
4.0,3,C,"IZ,XX",1,3.7574809454209115e-08,2.087489414122729e-09
4.0,3,C,"IZ,XX",2,-2.592489959262734e-08,-8.00151221994671e-11
4.0,3,C,"IZ,XX",3,4.3980546139462535e-09,7.541245908686991e-13
4.0,3,C,"IZ,XY",1,-1.5984391825812997e-08,-8.88021768100722e-10
4.0,3,C,"IZ,XY",2,1.0667854090028599e-08,3.292547558650802e-11
4.0,3,C,"IZ,XY",3,-1.675845894997722e-09,-2.8735354852498663e-13
4.0,3,C,"IZ,XZ",1,8.410549739556044e-11,4.672527633086692e-12
4.0,3,C,"IZ,XZ",2,1.4456797790661119e-10,4.461974626747259e-13
4.0,3,C,"IZ,XZ",3,-3.7197024534757105e-11,-6.378090626673029e-15
4.0,3,C,"IZ,YI",1,-5.44791973265719e-09,-3.026622073698439e-10
4.0,3,C,"IZ,YI",2,4.852643980395623e-09,1.497729623578896e-11
4.0,3,C,"IZ,YI",3,-8.930452382126686e-10,-1.5312847020107485e-13
4.0,3,C,"IZ,YX",1,-1.868455815430739e-09,-1.0380310085726328e-10
4.0,3,C,"IZ,YX",2,-6.367919074792917e-10,-1.965407121849666e-12
4.0,3,C,"IZ,YX",3,2.7872731768313424e-10,4.7792749945667736e-14
4.0,3,C,"IZ,YY",1,8.42284767990754e-09,4.679359822170855e-10
4.0,3,C,"IZ,YY",2,-7.51168193177174e-09,-2.3184203493122657e-11
4.0,3,C,"IZ,YY",3,1.3598169858129166e-09,2.331647780886345e-13
4.0,3,C,"IZ,YZ",1,-4.072491912447692e-11,-2.2624955069153845e-12
4.0,3,C,"IZ,YZ",2,8.273788749570985e-10,2.5536385029540077e-12
4.0,3,C,"IZ,YZ",3,-2.0436900110734625e-10,-3.5042695663125213e-14
4.0,3,C,"IZ,ZI",1,2.466253449609927e-09,1.3701408053388483e-10
4.0,3,C,"IZ,ZI",2,-7.319268030200429e-10,-2.2590333426544534e-12
4.0,3,C,"IZ,ZI",3,4.573160169902182e-11,7.841495490230078e-15
4.0,3,C,"IZ,ZX",1,1.4406795924520647e-09,8.003775513622582e-11
4.0,3,C,"IZ,ZX",2,-1.997504101396405e-09,-6.165136115421004e-12
4.0,3,C,"IZ,ZX",3,4.1444802862131803e-10,7.10644767869201e-14
4.0,3,C,"IZ,ZY",1,2.844347607384627e-10,1.5801931152136816e-11
4.0,3,C,"IZ,ZY",2,1.0390622394917111e-09,3.2069822206534294e-12
4.0,3,C,"IZ,ZY",3,-2.458243687033664e-10,-4.2150954853114946e-14
4.0,3,C,"IZ,ZZ",1,-1.078014472069221e-08,-5.98896928927345e-10
4.0,3,C,"IZ,ZZ",2,8.269448563223017e-09,2.5522989392663635e-11
4.0,3,C,"IZ,ZZ",3,-1.444487759214865e-09,-2.4768308628512773e-13
4.0,3,C,"XI,XX",1,6.115514329547003e-09,3.397507960859446e-10
4.0,3,C,"XI,XX",2,7.221178038739523e-10,2.2287586539319517e-12
4.0,3,C,"XI,XX",3,-3.488797498889508e-10,-5.982163063939486e-14
4.0,3,C,"XI,XY",1,-3.982422859518983e-08,-2.2124571441772126e-09
4.0,3,C,"XI,XY",2,3.01850545254958e-08,9.316374853548086e-11
4.0,3,C,"XI,XY",3,-4.963844203089158e-09,-8.511392666476608e-13
4.0,3,C,"XI,XZ",1,4.698582986607949e-10,2.610323881448861e-11
4.0,3,C,"XI,XZ",2,-1.5845256927749421e-09,-4.890511397453525e-12
4.0,3,C,"XI,XZ",3,3.457355277293533e-10,5.928249789597965e-14
4.0,3,C,"XI,YI",1,-3.81670260123258e-09,-2.1203903340181e-10
4.0,3,C,"XI,YI",2,3.896968568363659e-09,1.2027680766554504e-11
4.0,3,C,"XI,YI",3,-7.762377424461506e-10,-1.3309975007650044e-13
4.0,3,C,"XI,YX",1,6.2414870469105036e-09,3.4674928038391687e-10
4.0,3,C,"XI,YX",2,-6.03582846073706e-09,-1.8629100187460063e-11
4.0,3,C,"XI,YX",3,1.2976418519564489e-09,2.2250374690611263e-13
4.0,3,C,"XI,YY",1,7.78050570070288e-09,4.322503167057156e-10
4.0,3,C,"XI,YY",2,-6.558872664320484e-09,-2.02434341491373e-11
4.0,3,C,"XI,YY",3,1.1393534773916305e-09,1.95362393242735e-13
4.0,3,C,"XI,YZ",1,2.989714836184813e-09,1.6609526867693407e-10
4.0,3,C,"XI,YZ",2,-2.26389099741991e-09,-6.987317893271327e-12
4.0,3,C,"XI,YZ",3,3.6160828537062336e-10,6.200416415820017e-14
4.0,3,C,"XI,ZI",1,2.108687832691364e-09,1.1714932403840913e-10
4.0,3,C,"XI,ZI",2,1.9945766977064136e-09,6.156100918846956e-12
4.0,3,C,"XI,ZI",3,-5.05180063039078e-10,-8.662209585718072e-14
4.0,3,C,"XI,ZX",1,-4.525762711653103e-10,-2.5143126175850573e-11
4.0,3,C,"XI,ZX",2,-1.2155128259331428e-09,-3.751582796089947e-12
4.0,3,C,"XI,ZX",3,2.9601342801708116e-10,5.075676063393024e-14
4.0,3,C,"XI,ZY",1,-9.667700080863414e-10,-5.3709444893685633e-11
4.0,3,C,"XI,ZY",2,1.0069639355161682e-09,3.1079133812227414e-12
4.0,3,C,"XI,ZY",3,-1.870143982996766e-10,-3.206694072353851e-14
4.0,3,C,"XI,ZZ",1,-1.8376364091383445e-08,-1.0209091161879691e-09
4.0,3,C,"XI,ZZ",2,1.0391982743435324e-08,3.207402081307199e-11
4.0,3,C,"XI,ZZ",3,-1.5717562562335574e-09,-2.695055309042451e-13
4.0,3,C,"XX,XY",1,-4.830215859174212e-10,-2.6834532550967847e-11
4.0,3,C,"XX,XY",2,3.7936635753592467e-10,1.170883819555323e-12
4.0,3,C,"XX,XY",3,-7.120906907738769e-11,-1.2210059855519151e-14
4.0,3,C,"XX,XZ",1,-8.67540846834228e-09,-4.819671371301267e-10
4.0,3,C,"XX,XZ",2,4.730498332930026e-09,1.460030349669761e-11
4.0,3,C,"XX,XZ",3,-6.298978114686036e-10,-1.0800716931903354e-13
4.0,3,C,"XX,YI",1,8.558654769033382e-09,4.754808205018545e-10
4.0,3,C,"XX,YI",2,-4.883134139490032e-09,-1.507140166509269e-11
4.0,3,C,"XX,YI",3,6.615505512677976e-10,1.134345938387856e-13
4.0,3,C,"XX,YX",1,-2.188358651861574e-09,-1.2157548065897634e-10
4.0,3,C,"XX,YX",2,4.594975251170206e-10,1.4182022380154957e-12
4.0,3,C,"XX,YX",3,3.785662729036694e-11,6.491191236345497e-15
4.0,3,C,"XX,YY",1,1.0157386201525366e-08,5.642992334180759e-10
4.0,3,C,"XX,YY",2,-5.4453528117388e-09,-1.680664448067531e-11
4.0,3,C,"XX,YY",3,8.354391614778968e-10,1.432508850270742e-13
4.0,3,C,"XX,YZ",1,-2.8986509748101435e-09,-1.6103616526723018e-10
4.0,3,C,"XX,YZ",2,-5.0281058864704e-10,-1.5518845328612346e-12
4.0,3,C,"XX,YZ",3,3.2160903109666635e-10,5.514558146376309e-14
4.0,3,C,"XX,ZI",1,-3.6304340353368316e-08,-2.016907797409351e-09
4.0,3,C,"XX,ZI",2,2.9584022743894704e-08,9.130871217251451e-11
4.0,3,C,"XX,ZI",3,-5.206863681998197e-09,-8.928092733193067e-13
4.0,3,C,"XX,ZX",1,3.927897602744295e-09,2.1821653348579416e-10
4.0,3,C,"XX,ZX",2,3.3447800825047075e-09,1.0323395316372554e-11
4.0,3,C,"XX,ZX",3,-8.295099718204179e-10,-1.422342201338165e-13
4.0,3,C,"XX,ZY",1,-2.3443824429343546e-08,-1.3024346905190858e-09
4.0,3,C,"XX,ZY",2,1.49327561642262e-08,4.6088753593290735e-11
4.0,3,C,"XX,ZY",3,-2.3151817095051266e-09,-3.9697903112227823e-13
4.0,3,C,"XX,ZZ",1,9.186264632761461e-09,5.103480351534145e-10
4.0,3,C,"XX,ZZ",2,-5.597364959807857e-09,-1.7275817777184743e-11
4.0,3,C,"XX,ZZ",3,8.511974543856524e-10,1.4595292427737524e-13
4.0,3,C,"XY,XZ",1,6.247661718482112e-09,3.470923176934507e-10
4.0,3,C,"XY,XZ",2,-5.2229903524367526e-09,-1.6120340593940593e-11
4.0,3,C,"XY,XZ",3,9.301082250188652e-10,1.594835776781319e-13
4.0,3,C,"XY,YI",1,-6.381356911660841e-09,-3.5451982842560227e-10
4.0,3,C,"XY,YI",2,4.078675244427012e-09,1.258850384082411e-11
4.0,3,C,"XY,YI",3,-6.465635276273114e-10,-1.1086480240523173e-13
4.0,3,C,"XY,YX",1,5.187372394124156e-10,2.8818735522911976e-11
4.0,3,C,"XY,YX",2,4.4701234306852085e-10,1.3796677255201262e-12
4.0,3,C,"XY,YX",3,-1.597518386237125e-10,-2.7392290573338904e-14
4.0,3,C,"XY,YY",1,1.8624394576311325e-09,1.0346885875728514e-10
4.0,3,C,"XY,YY",2,-1.237231299176639e-09,-3.818615120915552e-12
4.0,3,C,"XY,YY",3,1.8821006216252105e-10,3.2271958532668215e-14
4.0,3,C,"XY,YZ",1,-5.430766008038415e-09,-3.0170922266880087e-10
4.0,3,C,"XY,YZ",2,2.2751455603210466e-09,7.022054198521749e-12
4.0,3,C,"XY,YZ",3,-2.4155179849089734e-10,-4.1418346791992e-14
4.0,3,C,"XY,ZI",1,-1.3450165520548266e-08,-7.47231417808237e-10
4.0,3,C,"XY,ZI",2,8.934643879975636e-09,2.7576061357949493e-11
4.0,3,C,"XY,ZI",3,-1.414064093586307e-09,-2.42466408365279e-13
4.0,3,C,"XY,ZX",1,7.668755805101936e-09,4.260419891723298e-10
4.0,3,C,"XY,ZX",2,-5.633856143180464e-09,-1.7388444886359457e-11
4.0,3,C,"XY,ZX",3,9.603696705462244e-10,1.6467244007994247e-13
4.0,3,C,"XY,ZY",1,-1.9040425332883923e-09,-1.0578014073824401e-10
4.0,3,C,"XY,ZY",2,2.2469908217669476e-10,6.935156857305394e-13
4.0,3,C,"XY,ZY",3,6.163149329993803e-11,1.0567814351841227e-14
4.0,3,C,"XY,ZZ",1,1.2158673798023154e-08,6.75481877667953e-10
4.0,3,C,"XY,ZZ",2,-9.621762862288487e-09,-2.9696798957680514e-11
4.0,3,C,"XY,ZZ",3,1.6777136114887424e-09,2.8767380169560055e-13
4.0,3,C,"XZ,YI",1,4.508016727423967e-09,2.5044537374577594e-10
4.0,3,C,"XZ,YI",2,-3.372671662960698e-09,-1.0409480441236721e-11
4.0,3,C,"XZ,YI",3,5.58812923415869e-10,9.581840250615037e-14
4.0,3,C,"XZ,YX",1,-6.91127900652118e-09,-3.8395994480673225e-10
4.0,3,C,"XZ,YX",2,5.336114384454674e-09,1.6469488840909488e-11
4.0,3,C,"XZ,YX",3,-9.689873932376808e-10,-1.6615010172113868e-13
4.0,3,C,"XZ,YY",1,-3.890045994276149e-09,-2.1611366634867496e-10
4.0,3,C,"XZ,YY",2,2.179150955491281e-09,6.725774553985435e-12
4.0,3,C,"XZ,YY",3,-3.2130770696908857e-10,-5.509391408934989e-14
4.0,3,C,"XZ,YZ",1,-6.600425378280121e-10,-3.6669029879334004e-11
4.0,3,C,"XZ,YZ",2,7.472684656621516e-10,2.3063841532782457e-12
4.0,3,C,"XZ,YZ",3,-1.516798978296162e-10,-2.600821293374763e-14
4.0,3,C,"XZ,ZI",1,-1.0434045877529937e-08,-5.796692154183299e-10
4.0,3,C,"XZ,ZI",2,7.110543321025961e-09,2.1946121361191238e-11
4.0,3,C,"XZ,ZI",3,-1.1916098979017407e-09,-2.0432268482540135e-13
4.0,3,C,"XZ,ZX",1,-3.457328883083515e-09,-1.9207382683797306e-10
4.0,3,C,"XZ,ZX",2,2.97639529059892e-09,9.186405217897901e-12
4.0,3,C,"XZ,ZX",3,-5.112175702175071e-10,-8.765733371356432e-14
4.0,3,C,"XZ,ZY",1,-4.9443151615831746e-09,-2.746841756435097e-10
4.0,3,C,"XZ,ZY",2,2.2931611334835155e-09,7.077657819393566e-12
4.0,3,C,"XZ,ZY",3,-2.9336721153937694e-10,-5.0303019811278625e-14
4.0,3,C,"XZ,ZZ",1,1.9995308152217696e-09,1.1108504529009832e-10
4.0,3,C,"XZ,ZZ",2,-1.4974465790647632e-09,-4.62174870081717e-12
4.0,3,C,"XZ,ZZ",3,2.5607034382590156e-10,4.3907809297994096e-14
4.0,3,C,"YI,YX",1,3.99764432458636e-09,2.220913513659089e-10
4.0,3,C,"YI,YX",2,-1.015409027711158e-09,-3.133978480589994e-12
4.0,3,C,"YI,YX",3,8.05423081731867e-11,1.3810409494716513e-14
4.0,3,C,"YI,YY",1,-1.3516692656875253e-09,-7.509273698264029e-11
4.0,3,C,"YI,YY",2,3.4387520218458806e-10,1.061343216619099e-12
4.0,3,C,"YI,YY",3,-4.200750304837158e-11,-7.202932621462891e-15
4.0,3,C,"YI,YZ",1,-7.780320095082955e-10,-4.322400052823864e-11
4.0,3,C,"YI,YZ",2,2.3969892827477297e-10,7.398115070209043e-13
4.0,3,C,"YI,YZ",3,4.340401332941884e-12,7.442389116841365e-16
4.0,3,C,"YI,ZI",1,-1.1590933243888827e-09,-6.439407357716014e-11
4.0,3,C,"YI,ZI",2,2.4433897602036305e-10,7.541326420381575e-13
4.0,3,C,"YI,ZI",3,2.14191366635243e-11,3.672691471797719e-15
4.0,3,C,"YI,ZX",1,-6.052548234524247e-09,-3.362526796957915e-10
4.0,3,C,"YI,ZX",2,5.045010437814908e-09,1.5571019869799098e-11
4.0,3,C,"YI,ZX",3,-9.029155806920939e-10,-1.5482091575653188e-13
4.0,3,C,"YI,ZY",1,-9.78198847754096e-09,-5.434438043078311e-10
4.0,3,C,"YI,ZY",2,6.922326137527621e-09,2.136520412817167e-11
4.0,3,C,"YI,ZY",3,-1.1572429428230813e-09,-1.9842985988050092e-13
4.0,3,C,"YI,ZZ",1,1.0186723873177299e-08,5.659291040654055e-10
4.0,3,C,"YI,ZZ",2,-7.157968364770079e-09,-2.2092494952994073e-11
4.0,3,C,"YI,ZZ",3,1.211145352081179e-09,2.076723854734532e-13
4.0,3,C,"YX,YY",1,-6.850142711471536e-09,-3.805634839706409e-10
4.0,3,C,"YX,YY",2,4.085381330803239e-09,1.26092016382816e-11
4.0,3,C,"YX,YY",3,-6.770318059778586e-10,-1.160891299687686e-13
4.0,3,C,"YX,YZ",1,-4.407437233358801e-09,-2.4485762407548896e-10
4.0,3,C,"YX,YZ",2,1.926721019771716e-09,5.946669814110235e-12
4.0,3,C,"YX,YZ",3,-2.2982652538419174e-10,-3.940784042938816e-14
4.0,3,C,"YX,ZI",1,1.4558348359107978e-08,8.087971310615544e-10
4.0,3,C,"YX,ZI",2,-1.4012674557213762e-08,-4.3248995546956056e-11
4.0,3,C,"YX,ZI",3,2.6808082516423686e-09,4.596721967836709e-13
4.0,3,C,"YX,ZX",1,-4.822691133867001e-09,-2.6792728521483336e-10
4.0,3,C,"YX,ZX",2,3.0245317618885e-09,9.334974573729938e-12
4.0,3,C,"YX,ZX",3,-5.039084637468158e-10,-8.640405756975581e-14
4.0,3,C,"YX,ZY",1,5.2899510652576564e-09,2.93886170292092e-10
4.0,3,C,"YX,ZY",2,-5.515876006619703e-09,-1.7024308662406492e-11
4.0,3,C,"YX,ZY",3,1.0644872576797639e-09,1.8252524994508982e-13
4.0,3,C,"YX,ZZ",1,-6.478654287185351e-09,-3.5992523817696394e-10
4.0,3,C,"YX,ZZ",2,5.016530792783715e-09,1.5483119730813934e-11
4.0,3,C,"YX,ZZ",3,-8.917894690577626e-10,-1.5291314627190715e-13
4.0,3,C,"YY,YZ",1,1.4153146941448603e-09,7.86285941191589e-11
4.0,3,C,"YY,YZ",2,-1.574661994721177e-09,-4.860067884941904e-12
4.0,3,C,"YY,YZ",3,2.7607578724787617e-10,4.733809795059605e-14
4.0,3,C,"YY,ZI",1,-8.465089899483171e-09,-4.702827721935096e-10
4.0,3,C,"YY,ZI",2,5.260349041367311e-09,1.623564518940528e-11
4.0,3,C,"YY,ZI",3,-8.819473044533628e-10,-1.5122553231367674e-13
4.0,3,C,"YY,ZX",1,2.408863757856574e-10,1.3382576432536522e-11
4.0,3,C,"YY,ZX",2,-9.244711479578191e-10,-2.8533060122154913e-12
4.0,3,C,"YY,ZX",3,2.1821752812643977e-10,3.7417271626618614e-14
4.0,3,C,"YY,ZY",1,8.14140029717651e-10,4.523000165098061e-11
4.0,3,C,"YY,ZY",2,-2.8677396074532895e-09,-8.851048171152128e-12
4.0,3,C,"YY,ZY",3,6.227422730296572e-10,1.0678022514225947e-13
4.0,3,C,"YY,ZZ",1,-1.0672323809992675e-08,-5.929068783329264e-10
4.0,3,C,"YY,ZZ",2,6.7332613289501935e-09,2.0781670768364794e-11
4.0,3,C,"YY,ZZ",3,-1.0669351899699174e-09,-1.8294499142145361e-13
4.0,3,C,"YZ,ZI",1,3.7621477345871996e-10,2.0900820747706665e-11
4.0,3,C,"YZ,ZI",2,2.4868516852634267e-10,7.675468164393292e-13
4.0,3,C,"YZ,ZI",3,-9.920259487877968e-11,-1.701004713284974e-14
4.0,3,C,"YZ,ZX",1,-1.6279184130744687e-09,-9.043991183747049e-11
4.0,3,C,"YZ,ZX",2,8.264647814249972e-10,2.550817226620362e-12
4.0,3,C,"YZ,ZX",3,-1.328223319627128e-10,-2.2774748278928806e-14
4.0,3,C,"YZ,ZY",1,4.268269442814493e-09,2.3712608015636076e-10
4.0,3,C,"YZ,ZY",2,-2.7452288448430972e-09,-8.47292853346635e-12
4.0,3,C,"YZ,ZY",3,4.2232157513377845e-10,7.24145362026369e-14
4.0,3,C,"YZ,ZZ",1,-3.6325735021090135e-09,-2.018096390060563e-10
4.0,3,C,"YZ,ZZ",2,1.990670783081137e-09,6.144045626793632e-12
4.0,3,C,"YZ,ZZ",3,-2.8906935178175755e-10,-4.9566075408394645e-14
4.0,3,C,"ZI,ZX",1,4.162746579879572e-10,2.3126369888219846e-11
4.0,3,C,"ZI,ZX",2,-1.0955861413128886e-09,-3.381438707755829e-12
4.0,3,C,"ZI,ZX",3,2.1123265515000441e-10,3.6219591075103635e-14
4.0,3,C,"ZI,ZY",1,8.373449661730615e-10,4.651916478739231e-11
4.0,3,C,"ZI,ZY",2,7.272702913397816e-10,2.2446613930240174e-12
4.0,3,C,"ZI,ZY",3,-2.0667132680056196e-10,-3.5437470301879625e-14
4.0,3,C,"ZI,ZZ",1,4.178808902517946e-09,2.321560501398859e-10
4.0,3,C,"ZI,ZZ",2,-2.374233388694479e-09,-7.327880829303948e-12
4.0,3,C,"ZI,ZZ",3,3.4410843022631946e-10,5.900350312522625e-14
4.0,3,C,"ZX,ZY",1,5.286590464696652e-09,2.9369947026092507e-10
4.0,3,C,"ZX,ZY",2,-4.565446772362464e-09,-1.4090885099884148e-11
4.0,3,C,"ZX,ZY",3,7.976329608296447e-10,1.367683403343012e-13
4.0,3,C,"ZX,ZZ",1,-5.028236881452198e-09,-2.7934649341401096e-10
4.0,3,C,"ZX,ZZ",2,4.148451382663643e-09,1.2803862292171738e-11
4.0,3,C,"ZX,ZZ",3,-7.636662320907047e-10,-1.3094414130499051e-13
4.0,3,C,"ZY,ZZ",1,-2.148385101358033e-09,-1.1935472785322403e-10
4.0,3,C,"ZY,ZZ",2,1.8199750220394834e-09,5.6172068581465535e-12
4.0,3,C,"ZY,ZZ",3,-3.360275264621343e-10,-5.76178886251945e-14
4.0,3,A,"IX,IY",1,7.422527091709661e-10,4.123626162060922e-11
4.0,3,A,"IX,IY",2,1.14956346184781e-09,3.548035376073488e-12
4.0,3,A,"IX,IY",3,-2.8006196349123733e-10,-4.80215986781957e-14
4.0,3,A,"IX,IZ",1,-3.013908916400099e-08,-1.6743938424444996e-09
4.0,3,A,"IX,IZ",2,2.322638388416237e-08,7.168637001284682e-11
4.0,3,A,"IX,IZ",3,-3.784633938068381e-09,-6.489427191475275e-13
4.0,3,A,"IX,XI",1,5.293590253308993e-10,2.9408834740605515e-11
4.0,3,A,"IX,XI",2,-2.779193959163725e-09,-8.577759133221373e-12
4.0,3,A,"IX,XI",3,5.646910743181701e-10,9.682631589817731e-14
4.0,3,A,"IX,XX",1,3.7743880170526154e-08,2.0968822316958974e-09
4.0,3,A,"IX,XX",2,-2.4732067883847587e-08,-7.633354285138145e-11
4.0,3,A,"IX,XX",3,3.900285621277164e-09,6.687732546771544e-13
4.0,3,A,"IX,XY",1,1.8169090103921706e-08,1.009393894662317e-09
4.0,3,A,"IX,XY",2,-1.181694616169818e-08,-3.647205605462401e-11
4.0,3,A,"IX,XY",3,1.8776418586400507e-09,3.2195505120714176e-13
4.0,3,A,"IX,XZ",1,3.959939026651854e-09,2.1999661259176964e-10
4.0,3,A,"IX,XZ",2,-2.266139424282824e-09,-6.994257482354395e-12
4.0,3,A,"IX,XZ",3,3.5492946431009356e-10,6.08589616443919e-14
4.0,3,A,"IX,YI",1,8.583856882711398e-10,4.76880937928411e-11
4.0,3,A,"IX,YI",2,8.741965939671369e-10,2.6981376357010396e-12
4.0,3,A,"IX,YI",3,-2.222311574436048e-10,-3.81054796714e-14
4.0,3,A,"IX,YX",1,-1.0496059671879614e-08,-5.831144262155341e-10
4.0,3,A,"IX,YX",2,6.24847769690413e-09,1.9285424990444847e-11
4.0,3,A,"IX,YX",3,-1.075715438649162e-09,-1.8445052103037757e-13
4.0,3,A,"IX,YY",1,-6.704074651198841e-09,-3.7244859173326895e-10
4.0,3,A,"IX,YY",2,2.817248884788618e-09,8.695212607372278e-12
4.0,3,A,"IX,YY",3,-2.685355725285042e-10,-4.6045194192130346e-14
4.0,3,A,"IX,YZ",1,-3.001185948017816e-08,-1.6673255266765645e-09
4.0,3,A,"IX,YZ",2,2.157554300974463e-08,6.659118212884144e-11
4.0,3,A,"IX,YZ",3,-3.6336088309147664e-09,-6.230467817069216e-13
4.0,3,A,"IX,ZI",1,-4.652145096029122e-09,-2.5845250533495124e-10
4.0,3,A,"IX,ZI",2,2.1792965535865317e-09,6.726223930822629e-12
4.0,3,A,"IX,ZI",3,-7.117982698148518e-11,-1.2205045778718309e-14
4.0,3,A,"IX,ZX",1,3.47158322302354e-09,1.928657346124189e-10
4.0,3,A,"IX,ZX",2,-2.809911602418857e-09,-8.672566674132275e-12
4.0,3,A,"IX,ZX",3,5.156129039153955e-10,8.841099175504037e-14
4.0,3,A,"IX,ZY",1,3.1735692901591e-08,1.763094050088389e-09
4.0,3,A,"IX,ZY",2,-2.4652519006708198e-08,-7.608802162564259e-11
4.0,3,A,"IX,ZY",3,4.311617539437681e-09,7.393034189707958e-13
4.0,3,A,"IX,ZZ",1,-8.883729156480228e-09,-4.93540508693346e-10
4.0,3,A,"IX,ZZ",2,4.025355191699225e-09,1.2423935776849458e-11
4.0,3,A,"IX,ZZ",3,-4.2567629304283536e-10,-7.298976218155613e-14
4.0,3,A,"IY,IZ",1,-3.761798214601007e-09,-2.0898878970005594e-10
4.0,3,A,"IY,IZ",2,2.985398426909838e-09,9.214192675647648e-12
4.0,3,A,"IY,IZ",3,-5.222686293746081e-10,-8.955223411773116e-14
4.0,3,A,"IY,XI",1,-1.3896826749206428e-08,-7.720459305114682e-10
4.0,3,A,"IY,XI",2,7.914235676556654e-09,2.442665332270572e-11
4.0,3,A,"IY,XI",3,-1.2045828671152702e-09,-2.0654713084966912e-13
4.0,3,A,"IY,XX",1,1.6781660234213806e-09,9.323144574563226e-11
4.0,3,A,"IY,XX",2,-1.8010820277109202e-09,-5.558895147255927e-12
4.0,3,A,"IY,XX",3,2.2603866807955821e-10,3.875834500678296e-14
4.0,3,A,"IY,XY",1,8.239496175313448e-09,4.5774978751741373e-10
4.0,3,A,"IY,XY",2,-6.742431796069653e-09,-2.0809974679227325e-11
4.0,3,A,"IY,XY",3,1.1575201498016456e-09,1.9847739194129726e-13
4.0,3,A,"IY,XZ",1,3.3472340160526585e-09,1.859574453362588e-10
4.0,3,A,"IY,XZ",2,-1.6430944004055645e-09,-5.071279013597421e-12
4.0,3,A,"IY,XZ",3,2.054756509096588e-10,3.5232450430325586e-14
4.0,3,A,"IY,YI",1,1.4765625616547465e-08,8.203125342526369e-10
4.0,3,A,"IY,YI",2,-1.1061286550679896e-08,-3.413977330456758e-11
4.0,3,A,"IY,YI",3,1.9022212858944063e-09,3.261696306403303e-13
4.0,3,A,"IY,YX",1,-6.215422896587556e-09,-3.45301272032642e-10
4.0,3,A,"IY,YX",2,6.207023314013388e-09,1.9157479364238853e-11
4.0,3,A,"IY,YX",3,-1.1902032950746505e-09,-2.0408149778371923e-13
4.0,3,A,"IY,YY",1,-1.1343374436522338e-08,-6.301874686956855e-10
4.0,3,A,"IY,YY",2,9.094044203988148e-09,2.8068037666630088e-11
4.0,3,A,"IY,YY",3,-1.6055910615997175e-09,-2.753071093277979e-13
4.0,3,A,"IY,YZ",1,-2.491495748728264e-09,-1.3841643048490356e-10
4.0,3,A,"IY,YZ",2,2.0678975444530003e-09,6.382399828558643e-12
4.0,3,A,"IY,YZ",3,-3.565299448785144e-10,-6.113339246888107e-14
4.0,3,A,"IY,ZI",1,8.443556367884478e-09,4.69086464882471e-10
4.0,3,A,"IY,ZI",2,-6.401224863676449e-09,-1.9756866863198918e-11
4.0,3,A,"IY,ZI",3,1.1155289057304507e-09,1.9127724721029675e-13
4.0,3,A,"IY,ZX",1,-1.4538186920876304e-08,-8.076770511597946e-10
4.0,3,A,"IY,ZX",2,1.201542603937833e-08,3.70846482696862e-11
4.0,3,A,"IY,ZX",3,-2.160316486045747e-09,-3.7042463752499096e-13
4.0,3,A,"IY,ZY",1,2.2957248099320845e-09,1.2754026721844913e-10
4.0,3,A,"IY,ZY",2,-2.0600572397824008e-09,-6.358201357353089e-12
4.0,3,A,"IY,ZY",3,3.957973804196361e-10,6.786649184150139e-14
4.0,3,A,"IY,ZZ",1,8.218081700686145e-10,4.5656009448256364e-11
4.0,3,A,"IY,ZZ",2,-2.3901015874274365e-09,-7.376856751319249e-12
4.0,3,A,"IY,ZZ",3,5.159542145081152e-10,8.846951551922414e-14
4.0,3,A,"IZ,XI",1,2.0667507108629036e-08,1.1481948393682797e-09
4.0,3,A,"IZ,XI",2,-1.5675880836161666e-08,-4.8382348259758226e-11
4.0,3,A,"IZ,XI",3,2.498479639085778e-09,4.284087172643652e-13
4.0,3,A,"IZ,XX",1,1.068090225415783e-08,5.933834585643238e-10
4.0,3,A,"IZ,XX",2,-7.244690387273883e-09,-2.2360155516277415e-11
4.0,3,A,"IZ,XX",3,1.1878057917408704e-09,2.0367040324774869e-13
4.0,3,A,"IZ,XY",1,-1.0791950022580573e-09,-5.995527790322541e-11
4.0,3,A,"IZ,XY",2,2.9584521937049314e-10,9.131025289212752e-13
4.0,3,A,"IZ,XY",3,-3.501441573939553e-11,-6.00384357671391e-15
4.0,3,A,"IZ,XZ",1,-5.00606427648643e-10,-2.7811468202702386e-11
4.0,3,A,"IZ,XZ",2,8.642790343462648e-10,2.667527883784768e-12
4.0,3,A,"IZ,XZ",3,-1.9321810835934088e-10,-3.313067701634789e-14
4.0,3,A,"IZ,YI",1,1.0644261744681913e-08,5.913478747045507e-10
4.0,3,A,"IZ,YI",2,-8.045830148777243e-09,-2.483280910116433e-11
4.0,3,A,"IZ,YI",3,1.3629428454983372e-09,2.3370076225966e-13
4.0,3,A,"IZ,YX",1,8.590170033695274e-09,4.772316685386263e-10
4.0,3,A,"IZ,YX",2,-6.550554113160047e-09,-2.0217759608518663e-11
4.0,3,A,"IZ,YX",3,1.1318262377764577e-09,1.9407171429637477e-13
4.0,3,A,"IZ,YY",1,-1.119266878673594e-08,-6.218149325964411e-10
4.0,3,A,"IZ,YY",2,8.488015663727508e-09,2.619757920903552e-11
4.0,3,A,"IZ,YY",3,-1.452501897911901e-09,-2.490572527283781e-13
4.0,3,A,"IZ,YZ",1,-1.0302409046609669e-08,-5.723560581449816e-10
4.0,3,A,"IZ,YZ",2,7.022867682759361e-09,2.1675517539380744e-11
4.0,3,A,"IZ,YZ",3,-1.111873671687811e-09,-1.9065049240188804e-13
4.0,3,A,"IZ,ZI",1,1.0752669808968037e-09,5.973705449426687e-11
4.0,3,A,"IZ,ZI",2,-1.9546380009229763e-10,-6.032833336182026e-13
4.0,3,A,"IZ,ZI",3,-5.034145191383735e-12,-8.631936199217653e-16
4.0,3,A,"IZ,ZX",1,-1.1993219148344044e-08,-6.662899526857802e-10
4.0,3,A,"IZ,ZX",2,9.520141403292454e-09,2.93831524792977e-11
4.0,3,A,"IZ,ZX",3,-1.673952798833542e-09,-2.8702894355856346e-13
4.0,3,A,"IZ,ZY",1,-9.37673970400926e-09,-5.2092998355607e-10
4.0,3,A,"IZ,ZY",2,6.457122072298072e-09,1.992938911203109e-11
4.0,3,A,"IZ,ZY",3,-1.0307350409157139e-09,-1.767378328044777e-13
4.0,3,A,"IZ,ZZ",1,-4.020166522719613e-09,-2.2334258459553405e-10
4.0,3,A,"IZ,ZZ",2,2.7632833226750387e-09,8.528652230478514e-12
4.0,3,A,"IZ,ZZ",3,-4.4934455585355325e-10,-7.704810628490282e-14
4.0,3,A,"XI,XX",1,-3.304629425325777e-08,-1.8359052362920982e-09
4.0,3,A,"XI,XX",2,3.216285195572612e-08,9.926806159174727e-11
4.0,3,A,"XI,XX",3,-6.0295129431232e-09,-1.0338671027303157e-12
4.0,3,A,"XI,XY",1,5.141778496354662e-09,2.856543609085923e-10
4.0,3,A,"XI,XY",2,-2.492715194523906e-09,-7.693565415197241e-12
4.0,3,A,"XI,XY",3,3.2359051908287317e-10,5.548534277827043e-14
4.0,3,A,"XI,XZ",1,-2.658150909647898e-09,-1.4767505053599432e-10
4.0,3,A,"XI,XZ",2,2.3429257923706644e-09,7.23125244558847e-12
4.0,3,A,"XI,XZ",3,-4.2785135854172213e-10,-7.336271579933507e-14
4.0,3,A,"XI,YI",1,1.0063481115990266e-08,5.590822842216815e-10
4.0,3,A,"XI,YI",2,-5.032919816944384e-09,-1.5533703138717234e-11
4.0,3,A,"XI,YI",3,7.098693416650995e-10,1.21719708790312e-13
4.0,3,A,"XI,YX",1,-5.650436677388063e-09,-3.1391314874378125e-10
4.0,3,A,"XI,YX",2,3.340140494789181e-09,1.0309075601201175e-11
4.0,3,A,"XI,YX",3,-5.864566053819846e-10,-1.0055840284327582e-13
4.0,3,A,"XI,YY",1,-1.963929542017459e-08,-1.0910719677874773e-09
4.0,3,A,"XI,YY",2,1.1613542929882246e-08,3.58442683021057e-11
4.0,3,A,"XI,YY",3,-1.725180748124215e-09,-2.9581288548083246e-13
4.0,3,A,"XI,YZ",1,-4.0745260571511336e-08,-2.2636255873061854e-09
4.0,3,A,"XI,YZ",2,2.7966334157043804e-08,8.631584616371544e-11
4.0,3,A,"XI,YZ",3,-4.648660786352979e-09,-7.970954709110047e-13
4.0,3,A,"XI,ZI",1,4.529117643109196e-09,2.516176468393998e-10
4.0,3,A,"XI,ZI",2,-4.610370175289945e-09,-1.4229537578055385e-11
4.0,3,A,"XI,ZI",3,1.110327887409638e-09,1.9038544022799004e-13
4.0,3,A,"XI,ZX",1,-2.7923364028163333e-09,-1.5512980015646297e-10
4.0,3,A,"XI,ZX",2,1.897956866320824e-09,5.857891562718593e-12
4.0,3,A,"XI,ZX",3,-2.855225824262416e-10,-4.8957918797366526e-14
4.0,3,A,"XI,ZY",1,2.299896644338825e-08,1.277720357966014e-09
4.0,3,A,"XI,ZY",2,-1.7826315100766446e-08,-5.501949105174829e-11
4.0,3,A,"XI,ZY",3,3.150725195608211e-09,5.402478044595698e-13
4.0,3,A,"XI,ZZ",1,-2.0663304022609697e-08,-1.1479613345894275e-09
4.0,3,A,"XI,ZZ",2,1.3101897249800547e-08,4.0437954474693046e-11
4.0,3,A,"XI,ZZ",3,-2.0192571145533067e-09,-3.46237502495423e-13
4.0,3,A,"XX,XY",1,4.2713826336760615e-09,2.3729903520422566e-10
4.0,3,A,"XX,XY",2,-9.43893304769858e-09,-2.91325094064771e-11
4.0,3,A,"XX,XY",3,2.1151363724751994e-09,3.626777044710561e-13
4.0,3,A,"XX,XZ",1,4.469271681207816e-08,2.4829287117821198e-09
4.0,3,A,"XX,XZ",2,-3.734637743041058e-08,-1.1526659700744006e-10
4.0,3,A,"XX,XZ",3,6.303072100181306e-09,1.0807736797293047e-12
4.0,3,A,"XX,YI",1,-1.1920870644287594e-08,-6.622705913493107e-10
4.0,3,A,"XX,YI",2,1.0403742056884498e-08,3.211031499038425e-11
4.0,3,A,"XX,YI",3,-1.8018772131466883e-09,-3.089638568495693e-13
4.0,3,A,"XX,YX",1,-2.5770379595475428e-08,-1.4316877553041904e-09
4.0,3,A,"XX,YX",2,2.6761115171320382e-08,8.259603447938389e-11
4.0,3,A,"XX,YX",3,-4.817026764969537e-09,-8.259648088082196e-13
4.0,3,A,"XX,YY",1,2.2564461400881124e-13,1.2535811889378402e-14
4.0,3,A,"XX,YY",2,-1.6677257652323313e-13,-5.147301744544233e-16
4.0,3,A,"XX,YY",3,2.8330384212874195e-14,4.857747635952365e-18
4.0,3,A,"XX,YZ",1,3.031970578394073e-08,1.6844280991078183e-09
4.0,3,A,"XX,YZ",2,-2.2789105333212455e-08,-7.0336744855594e-11
4.0,3,A,"XX,YZ",3,3.898687597996618e-09,6.684992451983227e-13
4.0,3,A,"XX,ZI",1,1.275280289771414e-08,7.084890498730077e-10
4.0,3,A,"XX,ZI",2,-8.080069973545218e-09,-2.4938487572670427e-11
4.0,3,A,"XX,ZI",3,1.2994254027996748e-09,2.2280956838128855e-13
4.0,3,A,"XX,ZX",1,-1.640061788778855e-08,-9.111454382104749e-10
4.0,3,A,"XX,ZX",2,1.1506321628034235e-08,3.5513338358130357e-11
4.0,3,A,"XX,ZX",3,-2.3169688448090274e-09,-3.9728546721691144e-13
4.0,3,A,"XX,ZY",1,-3.2425868905056365e-08,-1.8014371613920202e-09
4.0,3,A,"XX,ZY",2,2.3221009709167376e-08,7.166978305298573e-11
4.0,3,A,"XX,ZY",3,-3.97357634245602e-09,-6.813402507640637e-13
4.0,3,A,"XX,ZZ",1,2.7945332144965956e-08,1.5525184524981087e-09
4.0,3,A,"XX,ZZ",2,-1.5779061285206235e-08,-4.870080643582171e-11
4.0,3,A,"XX,ZZ",3,2.2193301243202987e-09,3.80543574128995e-13
4.0,3,A,"XY,XZ",1,2.1745126561455125e-09,1.2080625867475068e-10
4.0,3,A,"XY,XZ",2,-2.3159555029615057e-09,-7.148010811609585e-12
4.0,3,A,"XY,XZ",3,4.59545359253844e-10,7.879721523556995e-14
4.0,3,A,"XY,YI",1,-2.0900108056418515e-08,-1.161117114245473e-09
4.0,3,A,"XY,YI",2,1.471755800371259e-08,4.5424561739853675e-11
4.0,3,A,"XY,YI",3,-2.4563876994394752e-09,-4.211913064882502e-13
4.0,3,A,"XY,YX",1,-2.3595861095623647e-09,-1.3108811719790914e-10
4.0,3,A,"XY,YX",2,1.3347794726899776e-09,4.119689730524623e-12
4.0,3,A,"XY,YX",3,-2.0864442169207098e-10,-3.5775792471205583e-14
4.0,3,A,"XY,YY",1,1.7966910944966674e-08,9.981617191648152e-10
4.0,3,A,"XY,YY",2,-1.404078064988132e-08,-4.3335742746547286e-11
4.0,3,A,"XY,YY",3,2.4361506372900943e-09,4.1772130269034537e-13
4.0,3,A,"XY,YZ",1,8.02229734403462e-09,4.4568318577970115e-10
4.0,3,A,"XY,YZ",2,-5.597766976728443e-09,-1.7277058570149516e-11
4.0,3,A,"XY,YZ",3,9.071531483778419e-10,1.5554752201266152e-13
4.0,3,A,"XY,ZI",1,-1.0759147609658776e-08,-5.977304227588209e-10
4.0,3,A,"XY,ZI",2,8.168326888791315e-09,2.5210885459232452e-11
4.0,3,A,"XY,ZI",3,-1.3878108850203438e-09,-2.3796482939306307e-13
4.0,3,A,"XY,ZX",1,1.319795122027855e-08,7.332195122376972e-10
4.0,3,A,"XY,ZX",2,-9.922970145350999e-09,-3.0626451065898146e-11
4.0,3,A,"XY,ZX",3,1.6858857605988405e-09,2.890750618310769e-13
4.0,3,A,"XY,ZY",1,-1.0007878710707858e-09,-5.559932617059921e-11
4.0,3,A,"XY,ZY",2,1.3690740980639802e-09,4.225537339703643e-12
4.0,3,A,"XY,ZY",3,-2.5454915542185604e-10,-4.3646974523637865e-14
4.0,3,A,"XY,ZZ",1,-1.250997582489477e-08,-6.949986569385984e-10
4.0,3,A,"XY,ZZ",2,9.548062341995085e-09,2.9469328216034214e-11
4.0,3,A,"XY,ZZ",3,-1.6501667095021387e-09,-2.8295039600516783e-13
4.0,3,A,"XZ,YI",1,-1.0703918539793558e-08,-5.946621410996421e-10
4.0,3,A,"XZ,YI",2,7.1907482641749025e-09,2.2193667482021304e-11
4.0,3,A,"XZ,YI",3,-1.1894281406896046e-09,-2.0394858379451383e-13
4.0,3,A,"XZ,YX",1,3.7172385760750774e-09,2.0651325422639318e-10
4.0,3,A,"XZ,YX",2,-3.7246569639175253e-09,-1.1495854826905942e-11
4.0,3,A,"XZ,YX",3,7.158256591293733e-10,1.2274102522794465e-13
4.0,3,A,"XZ,YY",1,8.608256786650694e-09,4.782364881472608e-10
4.0,3,A,"XZ,YY",2,-5.450888461673908e-09,-1.6823729819981195e-11
4.0,3,A,"XZ,YY",3,8.729773520664413e-10,1.4968747463416347e-13
4.0,3,A,"XZ,YZ",1,-1.9998301793412488e-09,-1.1110167663006937e-10
4.0,3,A,"XZ,YZ",2,1.5279980166625404e-09,4.716043261304137e-12
4.0,3,A,"XZ,YZ",3,-2.827757938804607e-10,-4.848693310707488e-14
4.0,3,A,"XZ,ZI",1,-9.846348264638844e-09,-5.470193480354914e-10
4.0,3,A,"XZ,ZI",2,6.477933572430681e-09,1.999362213713173e-11
4.0,3,A,"XZ,ZI",3,-1.035331326364215e-09,-1.7752594759331532e-13
4.0,3,A,"XZ,ZX",1,5.504010393097289e-09,3.057783551720716e-10
4.0,3,A,"XZ,ZX",2,-4.469674252485109e-09,-1.3795290902731816e-11
4.0,3,A,"XZ,ZX",3,7.974174003391761e-10,1.367313786589808e-13
4.0,3,A,"XZ,ZY",1,-4.088627013623571e-09,-2.271459452013095e-10
4.0,3,A,"XZ,ZY",2,2.2725659072330357e-09,7.014092306274801e-12
4.0,3,A,"XZ,ZY",3,-3.309519128609865e-10,-5.674758450977135e-14
4.0,3,A,"XZ,ZZ",1,-2.1510812078945666e-09,-1.1950451154969815e-10
4.0,3,A,"XZ,ZZ",2,2.218598911326596e-09,6.847527504094432e-12
4.0,3,A,"XZ,ZZ",3,-4.3584548516743087e-10,-7.473345081746071e-14
4.0,3,A,"YI,YX",1,-1.175945649907804e-08,-6.533031388376689e-10
4.0,3,A,"YI,YX",2,1.0863112913399829e-08,3.35281262759254e-11
4.0,3,A,"YI,YX",3,-2.0533638073947014e-09,-3.5208570085643027e-13
4.0,3,A,"YI,YY",1,1.5176664177799188e-09,8.431480098777327e-11
4.0,3,A,"YI,YY",2,-6.48432777031091e-10,-2.0013357315774413e-12
4.0,3,A,"YI,YY",3,9.448098173748988e-11,1.6200442684754782e-14
4.0,3,A,"YI,YZ",1,-5.254273461946446e-09,-2.91904081219247e-10
4.0,3,A,"YI,YZ",2,4.546574427976812e-09,1.4032637123385221e-11
4.0,3,A,"YI,YZ",3,-7.937845412087263e-10,-1.3610846042673635e-13
4.0,3,A,"YI,ZI",1,-5.257652789109498e-09,-2.9209182161719436e-10
4.0,3,A,"YI,ZI",2,3.3040197395076696e-09,1.0197591788603918e-11
4.0,3,A,"YI,ZI",3,-5.084986453699838e-10,-8.719112574931136e-14
4.0,3,A,"YI,ZX",1,1.3311997424407182e-09,7.395554124670657e-11
4.0,3,A,"YI,ZX",2,1.0926443854845373e-10,3.3723592144584483e-13
4.0,3,A,"YI,ZX",3,-1.088252385350822e-10,-1.8660020324945507e-14
4.0,3,A,"YI,ZY",1,-4.714259825201091e-09,-2.6190332362228284e-10
4.0,3,A,"YI,ZY",2,2.835492016139626e-09,8.751518568332179e-12
4.0,3,A,"YI,ZY",3,-4.2715996157960217e-10,-7.324416350816223e-14
4.0,3,A,"YI,ZZ",1,1.2761606686933445e-10,7.0897814927408025e-12
4.0,3,A,"YI,ZZ",2,-1.234919532688535e-09,-3.811480039162145e-12
4.0,3,A,"YI,ZZ",3,2.900703264272653e-10,4.973771029274097e-14
4.0,3,A,"YX,YY",1,-1.3899546383396399e-08,-7.721970212997999e-10
4.0,3,A,"YX,YY",2,1.2237834675298063e-08,3.7771094676845875e-11
4.0,3,A,"YX,YY",3,-2.2693666342638564e-09,-3.8912322261040063e-13
4.0,3,A,"YX,YZ",1,-7.0480929929589984e-09,-3.915607218310555e-10
4.0,3,A,"YX,YZ",2,6.637146503612585e-09,2.048502007287835e-11
4.0,3,A,"YX,YZ",3,-1.2033792378645623e-09,-2.0634074723329258e-13
4.0,3,A,"YX,ZI",1,4.338852123531361e-09,2.410473401961867e-10
4.0,3,A,"YX,ZI",2,-3.867700532292002e-09,-1.1937347321888895e-11
4.0,3,A,"YX,ZI",3,7.011210409100637e-10,1.2021965722051848e-13
4.0,3,A,"YX,ZX",1,-5.955961179004763e-09,-3.308867321669313e-10
4.0,3,A,"YX,ZX",2,4.60111036049057e-09,1.4200957902748672e-11
4.0,3,A,"YX,ZX",3,-8.300843205471572e-10,-1.4233270242578142e-13
4.0,3,A,"YX,ZY",1,4.637964658892872e-09,2.5766470327182623e-10
4.0,3,A,"YX,ZY",2,-3.2964871450783266e-09,-1.0174343040365206e-11
4.0,3,A,"YX,ZY",3,5.433240441367877e-10,9.316255900836551e-14
4.0,3,A,"YX,ZZ",1,1.0332478170424152e-08,5.74026565023564e-10
4.0,3,A,"YX,ZZ",2,-7.780368709105759e-09,-2.4013483670079502e-11
4.0,3,A,"YX,ZZ",3,1.3752373177259955e-09,2.358088679228387e-13
4.0,3,A,"YY,YZ",1,1.8577223054501462e-09,1.0320679474723035e-10
4.0,3,A,"YY,YZ",2,-1.6028048281552471e-09,-4.946928481960639e-12
4.0,3,A,"YY,YZ",3,2.8510503853023363e-10,4.8886323479120994e-14
4.0,3,A,"YY,ZI",1,-3.780688020173721e-09,-2.100382233429845e-10
4.0,3,A,"YY,ZI",2,3.1064143216215445e-09,9.587698523523285e-12
4.0,3,A,"YY,ZI",3,-5.697989875501614e-10,-9.770215835908117e-14
4.0,3,A,"YY,ZX",1,1.6559342200949672e-09,9.199634556083151e-11
4.0,3,A,"YY,ZX",2,-2.6687705780272286e-09,-8.2369462284791e-12
4.0,3,A,"YY,ZX",3,5.870282259076233e-10,1.0065641733669811e-13
4.0,3,A,"YY,ZY",1,-4.603629625445311e-09,-2.557572014136284e-10
4.0,3,A,"YY,ZY",2,3.6267470614375264e-09,1.1193663769868908e-11
4.0,3,A,"YY,ZY",3,-6.477031903483086e-10,-1.1106021782378406e-13
4.0,3,A,"YY,ZZ",1,1.0676476528649198e-10,5.931375849249554e-12
4.0,3,A,"YY,ZZ",2,2.601213141997011e-09,8.028435623447566e-12
4.0,3,A,"YY,ZZ",3,-6.111274041079929e-10,-1.0478864953840756e-13
4.0,3,A,"YZ,ZI",1,-9.845932112851315e-09,-5.469962284917398e-10
4.0,3,A,"YZ,ZI",2,8.144157028850065e-09,2.5136287126080448e-11
4.0,3,A,"YZ,ZI",3,-1.492126499420212e-09,-2.558515945507908e-13
4.0,3,A,"YZ,ZX",1,-5.6381129797331736e-09,-3.132284988740652e-10
4.0,3,A,"YZ,ZX",2,4.5094099004585865e-09,1.3917931791538848e-11
4.0,3,A,"YZ,ZX",3,-7.816233965045396e-10,-1.34023216135895e-13
4.0,3,A,"YZ,ZY",1,-1.195777934903317e-08,-6.643210749462872e-10
4.0,3,A,"YZ,ZY",2,7.594614317907571e-09,2.3440167647862872e-11
4.0,3,A,"YZ,ZY",3,-1.2048719865662775e-09,-2.0659670551547969e-13
4.0,3,A,"YZ,ZZ",1,-3.3221212001209343e-09,-1.8456228889560746e-10
4.0,3,A,"YZ,ZZ",2,2.5934247658278245e-09,8.00439742539452e-12
4.0,3,A,"YZ,ZZ",3,-4.197586637743208e-10,-7.197507952234581e-14
4.0,3,A,"ZI,ZX",1,-1.2396159181844838e-08,-6.88675510102491e-10
4.0,3,A,"ZI,ZX",2,1.0021256634741405e-08,3.0929804428214213e-11
4.0,3,A,"ZI,ZX",3,-1.7707726832386524e-09,-3.036304326540899e-13
4.0,3,A,"ZI,ZY",1,-1.8409954444033695e-09,-1.0227752468907609e-10
4.0,3,A,"ZI,ZY",2,1.1902039975403244e-09,3.673469128210878e-12
4.0,3,A,"ZI,ZY",3,-1.589988594521757e-10,-2.7263178918411472e-14
4.0,3,A,"ZI,ZZ",1,7.5014962172892e-09,4.1674978984939996e-10
4.0,3,A,"ZI,ZZ",2,-5.4532860212939445e-09,-1.6831129695351682e-11
4.0,3,A,"ZI,ZZ",3,9.627519424558326e-10,1.6508092291766678e-13
4.0,3,A,"ZX,ZY",1,1.1951334303316299e-08,6.639630168509055e-10
4.0,3,A,"ZX,ZY",2,-9.331654108660784e-09,-2.880140156994069e-11
4.0,3,A,"ZX,ZY",3,1.6172801648709204e-09,2.773114137295817e-13
4.0,3,A,"ZX,ZZ",1,1.557856279171667e-09,8.65475710650926e-11
4.0,3,A,"ZX,ZZ",2,-1.1637815917955272e-09,-3.5919184931960714e-12
4.0,3,A,"ZX,ZZ",3,1.7506531730320833e-10,3.0018058522498e-14
4.0,3,A,"ZY,ZZ",1,-2.4212030174945908e-09,-1.345112787496995e-10
4.0,3,A,"ZY,ZZ",2,3.2376788803552004e-09,9.992836050479013e-12
4.0,3,A,"ZY,ZZ",3,-6.23898097062569e-10,-1.0697841170483008e-13
4.0,4,H,IX,1,4.38016067379322e-08,2.433422596551789e-09
4.0,4,H,IX,2,-1.1707724797490212e-07,-3.613495307867349e-10
4.0,4,H,IX,3,7.321887118335984e-08,1.2554676128833992e-11
4.0,4,H,IX,4,-1.169554361962221e-08,-1.1141159521816616e-13
4.0,4,H,IY,1,2.3764563322013813e-08,1.3202535178896563e-09
4.0,4,H,IY,2,-4.209571249774458e-08,-1.2992503857328575e-10
4.0,4,H,IY,3,2.148241602261158e-08,3.683541842011588e-12
4.0,4,H,IY,4,-3.1182673281446233e-09,-2.970457369441228e-14
4.0,4,H,IZ,1,-2.9844066072853277e-09,-1.658003670714071e-10
4.0,4,H,IZ,2,-4.077795468150132e-09,-1.2585788481944853e-11
4.0,4,H,IZ,3,4.104486683392092e-09,7.03787154216751e-13
4.0,4,H,IZ,4,-7.387853493010267e-10,-7.0376595536220345e-15
4.0,4,H,XI,1,-1.730296627618238e-08,-9.612759042323545e-10
4.0,4,H,XI,2,9.474629281654203e-08,2.9242682968068526e-10
4.0,4,H,XI,3,-6.15384366575024e-08,-1.0551858137431824e-11
4.0,4,H,XI,4,9.743132175529886e-09,9.281294939347933e-14
4.0,4,H,XX,1,-0.00024273016057553968,-1.3485008920863316e-05
4.0,4,H,XX,2,2.3795996511122926e-06,7.344443367630533e-09
4.0,4,H,XX,3,-1.0884381116063454e-07,-1.8663204931521697e-11
4.0,4,H,XX,4,1.4839514226095449e-08,1.4136101800502447e-13
4.0,4,H,XY,1,4.177329451677613e-08,2.3207385842653406e-09
4.0,4,H,XY,2,-1.423598941826133e-07,-4.393823894525101e-10
4.0,4,H,XY,3,8.694604742436471e-08,1.490844434574155e-11
4.0,4,H,XY,4,-1.356319769339385e-08,-1.2920284344415723e-13
4.0,4,H,XZ,1,1.2533294827214732e-08,6.962941570674851e-10
4.0,4,H,XZ,2,-7.211989017971289e-09,-2.2259225364108916e-11
4.0,4,H,XZ,3,1.2179493387752308e-09,2.0883904985857868e-13
4.0,4,H,XZ,4,-5.4984439144897826e-11,-5.237810465715766e-16
4.0,4,H,YI,1,-1.88446836334451e-08,-1.0469268685247277e-09
4.0,4,H,YI,2,1.8577507078744644e-08,5.733798481094026e-11
4.0,4,H,YI,3,-9.909933542704929e-09,-1.699234146554343e-12
4.0,4,H,YI,4,1.542253219216018e-09,1.4691483950769873e-14
4.0,4,H,YX,1,3.1653882258106016e-08,1.758549014339223e-09
4.0,4,H,YX,2,-2.857756429282576e-08,-8.820235892847457e-11
4.0,4,H,YX,3,5.729150070681032e-09,9.823645525859109e-13
4.0,4,H,YX,4,-1.264237598450196e-10,-1.2043110791516119e-15
4.0,4,H,YY,1,4.5873775011071285e-08,2.548543056170627e-09
4.0,4,H,YY,2,-5.230462639437891e-08,-1.614340320814164e-10
4.0,4,H,YY,3,2.1885701399756146e-08,3.752692283908805e-12
4.0,4,H,YY,4,-2.9140051448830277e-09,-2.7758774814081577e-14
4.0,4,H,YZ,1,-5.975339389641088e-08,-3.319632994245049e-09
4.0,4,H,YZ,2,1.791012084521755e-07,5.52781507568443e-10
4.0,4,H,YZ,3,-1.0667882418540966e-07,-1.8291979455660093e-11
4.0,4,H,YZ,4,1.646983962765392e-08,1.5689147641035973e-13
4.0,4,H,ZI,1,-6.888815692596773e-09,-3.8271198292204296e-10
4.0,4,H,ZI,2,2.5788001678608697e-08,7.959259777348363e-11
4.0,4,H,ZI,3,-1.6353685468312077e-08,-2.8041298813978184e-12
4.0,4,H,ZI,4,2.5903676671491396e-09,2.4675808443350285e-14
4.0,4,H,ZX,1,1.2416318188582946e-08,6.897954549212748e-10
4.0,4,H,ZX,2,3.0097268357206184e-09,9.289280357162403e-12
4.0,4,H,ZX,3,-6.342122073950647e-09,-1.0874694914181493e-12
4.0,4,H,ZX,4,1.1993468124435425e-09,1.1424962014589454e-14
4.0,4,H,ZY,1,-3.21247645428426e-08,-1.7847091412690332e-09
4.0,4,H,ZY,2,4.098441399449503e-08,1.2649510492128096e-10
4.0,4,H,ZY,3,-1.541070887406328e-08,-2.6424397932207267e-12
4.0,4,H,ZY,4,1.7799299221418261e-09,1.6955589107432423e-14
4.0,4,H,ZZ,1,1.2185585465068055e-14,6.769769702815586e-16
4.0,4,H,ZZ,2,-3.2819710502267115e-14,-1.0129540278477504e-16
4.0,4,H,ZZ,3,1.9214090900943095e-14,3.2945972052371564e-18
4.0,4,H,ZZ,4,-2.9383514251860704e-15,-2.7990697161123214e-20
4.0,4,S,IX,1,0.0018029656251589924,0.00010016475695327736
4.0,4,S,IX,2,-1.3738316895258787e-05,-4.240221263968761e-08
4.0,4,S,IX,3,1.3585886605646405e-07,2.3295415990477374e-11
4.0,4,S,IX,4,-2.6484912068321225e-09,-2.522949252050109e-14
4.0,4,S,IY,1,-2.5394425940987614e-08,-1.4108014411659786e-09
4.0,4,S,IY,2,6.25095136593447e-08,1.9293059771402686e-10
4.0,4,S,IY,3,-3.567201689681876e-08,-6.116600976820775e-12
4.0,4,S,IY,4,5.416461045895745e-09,5.1597136925542455e-14
4.0,4,S,IZ,1,-2.909637611136459e-08,-1.616465339520255e-09
4.0,4,S,IZ,2,6.980577266638294e-08,2.154499156369844e-10
4.0,4,S,IZ,3,-3.951505318559315e-08,-6.775557816459731e-12
4.0,4,S,IZ,4,5.9727048558731455e-09,5.689590816827795e-14
4.0,4,S,XI,1,0.0018029300246840808,0.00010016277914911561
4.0,4,S,XI,2,-1.3701327721227795e-05,-4.228804852230801e-08
4.0,4,S,XI,3,1.243439852885047e-07,2.1320985131773785e-11
4.0,4,S,XI,4,-1.5586946229640791e-09,-1.484810454736396e-14
4.0,4,S,XX,1,0.00011846482251866156,6.581379028814531e-06
4.0,4,S,XX,2,9.2814218841325e-06,2.8646363839915125e-08
4.0,4,S,XX,3,4.5582035068886336e-08,7.815849634582706e-12
4.0,4,S,XX,4,-2.3267814959749763e-08,-2.216489003176894e-13
4.0,4,S,XY,1,-2.7770995860099767e-08,-1.542833103338876e-09
4.0,4,S,XY,2,7.415638629886547e-08,2.288777354903255e-10
4.0,4,S,XY,3,-4.317882883846409e-08,-7.403777235676285e-12
4.0,4,S,XY,4,6.601448261550954e-09,6.288530960934836e-14
4.0,4,S,XZ,1,-1.675713170225097e-08,-9.30951761236165e-10
4.0,4,S,XZ,2,3.8478237618168657e-08,1.1875999264866868e-10
4.0,4,S,XZ,3,-2.1720429199840132e-08,-3.724353429327869e-12
4.0,4,S,XZ,4,3.2932369824436577e-09,3.1371332327805e-14
4.0,4,S,YI,1,-1.76537912623944e-08,-9.807661812441333e-10
4.0,4,S,YI,2,4.615894514538529e-08,1.4246588007834967e-10
4.0,4,S,YI,3,-2.6811556879472032e-08,-4.597317709100143e-12
4.0,4,S,YI,4,4.102535948441536e-09,3.9080703669805824e-14
4.0,4,S,YX,1,-1.7059996311003847e-08,-9.47777572833547e-10
4.0,4,S,YX,2,2.980613114997426e-08,9.199423194436499e-11
4.0,4,S,YX,3,-1.3340719390966428e-08,-2.2875033249256563e-12
4.0,4,S,YX,4,1.7495476903619724e-09,1.666616836574048e-14
4.0,4,S,YY,1,1.1662528449499724e-08,6.479182471944291e-10
4.0,4,S,YY,2,-2.4811458674250938e-08,-7.657857615509549e-11
4.0,4,S,YY,3,1.3521505179414495e-08,2.3185022598447352e-12
4.0,4,S,YY,4,-2.008461920483595e-09,-1.9132581928093996e-14
4.0,4,S,YZ,1,-2.027429716757326e-08,-1.126349842642959e-09
4.0,4,S,YZ,2,4.328438118166105e-08,1.3359376907920076e-10
4.0,4,S,YZ,3,-2.3040474557173484e-08,-3.950698655208073e-12
4.0,4,S,YZ,4,3.3769860754643063e-09,3.216912509015686e-14
4.0,4,S,ZI,1,-1.9017258843364286e-08,-1.0565143801869047e-09
4.0,4,S,ZI,2,5.055427783509674e-08,1.5603172171326154e-10
4.0,4,S,ZI,3,-2.902742962160756e-08,-4.977268453636413e-12
4.0,4,S,ZI,4,4.4081473856465316e-09,4.199195421473986e-14
4.0,4,S,ZX,1,-1.7594163230081807e-08,-9.774535127823226e-10
4.0,4,S,ZX,2,4.355031217769368e-08,1.3441454375831382e-10
4.0,4,S,ZX,3,-2.5014894613465358e-08,-4.289248047576364e-12
4.0,4,S,ZX,4,3.816358245576308e-09,3.635457862345972e-14
4.0,4,S,ZY,1,-7.812501413796777e-09,-4.340278563220432e-10
4.0,4,S,ZY,2,1.9744108985281224e-08,6.093860797926303e-11
4.0,4,S,ZY,3,-1.088391184058459e-08,-1.8662400275350803e-12
4.0,4,S,ZY,4,1.6203309245003887e-09,1.5435251147885124e-14
4.0,4,S,ZZ,1,2.0087097552702135e-09,1.1159498640390075e-10
4.0,4,S,ZZ,2,-3.237150687847245e-09,-9.991205826689028e-12
4.0,4,S,ZZ,3,4.208614298488474e-10,7.216416835542652e-14
4.0,4,S,ZZ,4,5.974477241599785e-11,5.691279189147791e-16
4.0,4,C,"IX,IY",1,-1.0969267776215766e-08,-6.094037653453203e-10
4.0,4,C,"IX,IY",2,2.674249712388593e-08,8.25385713700183e-11
4.0,4,C,"IX,IY",3,-1.5253863006426285e-08,-2.6155457829949047e-12
4.0,4,C,"IX,IY",4,2.3162656518744477e-09,2.2064716238706444e-14
4.0,4,C,"IX,IZ",1,-1.3949056011631845e-08,-7.749475562017691e-10
4.0,4,C,"IX,IZ",2,1.2672900387274075e-08,3.911389008417924e-11
4.0,4,C,"IX,IZ",3,-3.7068934333764962e-09,-6.356127286310864e-13
4.0,4,C,"IX,IZ",4,3.542339479497299e-10,3.374427944956275e-15
4.0,4,C,"IX,XI",1,0.0018029681686585004,0.00010016489825880558
4.0,4,C,"IX,XI",2,-1.3779526513573271e-05,-4.252940281967059e-08
4.0,4,C,"IX,XI",3,1.6580289461223883e-07,2.842985161389555e-11
4.0,4,C,"IX,XI",4,-7.628806225509227e-09,-7.267190810765535e-14
4.0,4,C,"IX,XX",1,-5.295423648885285e-08,-2.9419020271584916e-09
4.0,4,C,"IX,XX",2,1.1696377519613554e-07,3.6099930616091216e-10
4.0,4,C,"IX,XX",3,-6.527841916472333e-08,-1.1193144575569843e-11
4.0,4,C,"IX,XX",4,9.847067015152813e-09,9.380303131337461e-14
4.0,4,C,"IX,XY",1,1.4672592794900848e-08,8.151440441611582e-10
4.0,4,C,"IX,XY",2,-6.517550836236324e-08,-2.0115897642704705e-10
4.0,4,C,"IX,XY",3,4.281801363108155e-08,7.341909058827425e-12
4.0,4,C,"IX,XY",4,-6.8409461536280796e-09,-6.516676338999467e-14
4.0,4,C,"IX,XZ",1,6.024423673894616e-08,3.3469020410525643e-09
4.0,4,C,"IX,XZ",2,-1.310678705346981e-07,-4.045304646132657e-10
4.0,4,C,"IX,XZ",3,7.165144323734176e-08,1.2285912763604554e-11
4.0,4,C,"IX,XZ",4,-1.0684235254104763e-08,-1.0177788498423223e-13
4.0,4,C,"IX,YI",1,-4.668449125535033e-09,-2.593582847519463e-10
4.0,4,C,"IX,YI",2,1.6301211516396167e-08,5.031238122344496e-11
4.0,4,C,"IX,YI",3,-9.928722323877068e-09,-1.702455816851349e-12
4.0,4,C,"IX,YI",4,1.5397351173349832e-09,1.4667496545257804e-14
4.0,4,C,"IX,YX",1,-5.681256959812268e-08,-3.156253866562371e-09
4.0,4,C,"IX,YX",2,1.3311341807087627e-07,4.108438829348033e-10
4.0,4,C,"IX,YX",3,-7.454373461653025e-08,-1.278184749940505e-11
4.0,4,C,"IX,YX",4,1.1269854872308572e-08,1.073564897910815e-13
4.0,4,C,"IX,YY",1,7.438411086598269e-08,4.132450603665705e-09
4.0,4,C,"IX,YY",2,-1.64701066301646e-07,-5.083366243877963e-10
4.0,4,C,"IX,YY",3,9.12305272558348e-08,1.5643094522605418e-11
4.0,4,C,"IX,YY",4,-1.3697791060165856e-08,-1.304849780918101e-13
4.0,4,C,"IX,YZ",1,8.385943720502102e-09,4.658857622501167e-10
4.0,4,C,"IX,YZ",2,-2.346025140061414e-08,-7.240818333522883e-11
4.0,4,C,"IX,YZ",3,1.4064089564367944e-08,2.4115379911467668e-12
4.0,4,C,"IX,YZ",4,-2.1801870289718446e-09,-2.07684330606219e-14
4.0,4,C,"IX,ZI",1,4.988927640923224e-09,2.771626467179569e-10
4.0,4,C,"IX,ZI",2,7.645205382816196e-09,2.3596312909926528e-11
4.0,4,C,"IX,ZI",3,-6.679269655521068e-09,-1.145279433388386e-12
4.0,4,C,"IX,ZI",4,1.1585822656912498e-09,1.1036639476558926e-14
4.0,4,C,"IX,ZX",1,6.410615082033166e-08,3.5614528233517587e-09
4.0,4,C,"IX,ZX",2,-1.4222727064077073e-07,-4.38973057533243e-10
4.0,4,C,"IX,ZX",3,7.850238076180101e-08,1.3460627702640777e-11
4.0,4,C,"IX,ZX",4,-1.1758048331828245e-08,-1.120070142873442e-13
4.0,4,C,"IX,ZY",1,-7.874975041575624e-09,-4.3749861342086803e-10
4.0,4,C,"IX,ZY",2,1.9555404561147855e-08,6.0356186917123e-11
4.0,4,C,"IX,ZY",3,-1.1459427049698777e-08,-1.9649223336246187e-12
4.0,4,C,"IX,ZY",4,1.7683759238048346e-09,1.6845525870721257e-14
4.0,4,C,"IX,ZZ",1,3.937808297621704e-08,2.1876712764565023e-09
4.0,4,C,"IX,ZZ",2,-8.607800497867018e-08,-2.656728548724388e-10
4.0,4,C,"IX,ZZ",3,4.591194546647667e-08,7.872418632797782e-12
4.0,4,C,"IX,ZZ",4,-6.729458322844089e-09,-6.410473177530186e-14
4.0,4,C,"IY,IZ",1,-2.369870812290691e-08,-1.3165948957170507e-09
4.0,4,C,"IY,IZ",2,5.8258667870005734e-08,1.7981070330248684e-10
4.0,4,C,"IY,IZ",3,-3.3185396777810824e-08,-5.690225784946986e-12
4.0,4,C,"IY,IZ",4,5.033535376924795e-09,4.7949392022222176e-14
4.0,4,C,"IY,XI",1,-3.2789515705691047e-09,-1.8216397614272804e-10
4.0,4,C,"IY,XI",2,2.945769071647766e-09,9.09187985076471e-12
4.0,4,C,"IY,XI",3,-7.928078417561912e-10,-1.3594098795545117e-13
4.0,4,C,"IY,XI",4,6.031292936829683e-11,5.745401745951154e-16
4.0,4,C,"IY,XX",1,2.7170457866639445e-08,1.5094698814799693e-09
4.0,4,C,"IY,XX",2,-2.7478959829078576e-08,-8.481160441073635e-11
4.0,4,C,"IY,XX",3,1.0354352019100875e-08,1.7754375890090664e-12
4.0,4,C,"IY,XX",4,-1.288672893868679e-09,-1.2275881095380649e-14
4.0,4,C,"IY,XY",1,1.2392204484085004e-08,6.884558046713891e-10
4.0,4,C,"IY,XY",2,-3.809359011765717e-08,-1.1757280900511472e-10
4.0,4,C,"IY,XY",3,2.3087832008491278e-08,3.958818931497133e-12
4.0,4,C,"IY,XY",4,-3.5830847723588817e-09,-3.413241857528275e-14
4.0,4,C,"IY,XZ",1,1.8028456762889717e-08,1.001580931271651e-09
4.0,4,C,"IY,XZ",2,-3.677392079035886e-08,-1.1349975552579896e-10
4.0,4,C,"IY,XZ",3,2.0216560391857453e-08,3.466488407382965e-12
4.0,4,C,"IY,XZ",4,-3.0320517988649397e-09,-2.88832856925863e-14
4.0,4,C,"IY,YI",1,2.1672045031276757e-09,1.2040025017375975e-10
4.0,4,C,"IY,YI",2,-9.352035606659434e-09,-2.8864307427961215e-11
4.0,4,C,"IY,YI",3,6.560123420566151e-09,1.1248496948844566e-12
4.0,4,C,"IY,YI",4,-1.0889213533495579e-09,-1.0373050538690348e-14
4.0,4,C,"IY,YX",1,-2.215249663083761e-08,-1.230694257268756e-09
4.0,4,C,"IY,YX",2,5.1191585896281596e-08,1.579987219021037e-10
4.0,4,C,"IY,YX",3,-2.8705397391683042e-08,-4.922050307215885e-12
4.0,4,C,"IY,YX",4,4.335012284180644e-09,4.1295270196813025e-14
4.0,4,C,"IY,YY",1,6.895986358800088e-09,3.831103532666716e-10
4.0,4,C,"IY,YY",2,-9.846385463413907e-09,-3.039007859078366e-11
4.0,4,C,"IY,YY",3,4.092509028145106e-09,7.017333724528645e-13
4.0,4,C,"IY,YY",4,-5.164362340675527e-10,-4.919564796406347e-15
4.0,4,C,"IY,YZ",1,6.330434552702732e-09,3.516908084834851e-10
4.0,4,C,"IY,YZ",2,-7.224943671859543e-09,-2.229920886376402e-11
4.0,4,C,"IY,YZ",3,2.7659823998028836e-09,4.742768175245e-13
4.0,4,C,"IY,YZ",4,-3.3116956540596746e-10,-3.1547169391667375e-15
4.0,4,C,"IY,ZI",1,-2.144136169444192e-08,-1.191186760802329e-09
4.0,4,C,"IY,ZI",2,6.625183529130011e-08,2.0448097312129664e-10
4.0,4,C,"IY,ZI",3,-3.9874555805105126e-08,-6.8372009268012905e-12
4.0,4,C,"IY,ZI",4,6.18784721161491e-09,5.894535142904007e-14
4.0,4,C,"IY,ZX",1,3.9952569465880375e-09,2.2195871925489097e-10
4.0,4,C,"IY,ZX",2,-5.788547062454203e-09,-1.786588599522902e-11
4.0,4,C,"IY,ZX",3,2.753220730606879e-09,4.720886026417831e-13
4.0,4,C,"IY,ZX",4,-3.8675812672770597e-10,-3.684252845676212e-15
4.0,4,C,"IY,ZY",1,-6.46407004513811e-09,-3.591150025076728e-10
4.0,4,C,"IY,ZY",2,2.4065012954096106e-08,7.42747313398028e-11
4.0,4,C,"IY,ZY",3,-1.4309378301283767e-08,-2.453597102414912e-12
4.0,4,C,"IY,ZY",4,2.193342902548859e-09,2.0893755739872532e-14
4.0,4,C,"IY,ZZ",1,1.4188180434948694e-08,7.882322463860386e-10
4.0,4,C,"IY,ZZ",2,-3.2194965603223556e-08,-9.936717778772703e-11
4.0,4,C,"IY,ZZ",3,1.8384910859803405e-08,3.152419557579459e-12
4.0,4,C,"IY,ZZ",4,-2.812558986153578e-09,-2.6792400035756536e-14
4.0,4,C,"IZ,XI",1,-2.7740236824703248e-08,-1.5411242680390692e-09
4.0,4,C,"IZ,XI",2,5.4426120834793254e-08,1.6798185442837424e-10
4.0,4,C,"IZ,XI",3,-2.9041731539170233e-08,-4.97972077146266e-12
4.0,4,C,"IZ,XI",4,4.29301844461188e-09,4.089523743152607e-14
4.0,4,C,"IZ,XX",1,-5.1409654748075746e-08,-2.8560919304486528e-09
4.0,4,C,"IZ,XX",2,1.553684128536349e-07,4.795321384371448e-10
4.0,4,C,"IZ,XX",3,-9.321617958235934e-08,-1.5983569887235826e-11
4.0,4,C,"IZ,XX",4,1.4463747610956959e-08,1.3778147015467305e-13
4.0,4,C,"IZ,XY",1,2.6766333233075598e-08,1.4870185129486444e-09
4.0,4,C,"IZ,XY",2,-7.643072682390061e-08,-2.358973050120389e-10
4.0,4,C,"IZ,XY",3,4.522087169914013e-08,7.753921759111819e-12
4.0,4,C,"IZ,XY",4,-6.948805086150092e-09,-6.619422616741057e-14
4.0,4,C,"IZ,XZ",1,1.619377638046263e-08,8.99654243359035e-10
4.0,4,C,"IZ,XZ",2,-3.267661741655859e-08,-1.0085375745851417e-10
4.0,4,C,"IZ,XZ",3,1.7634799997668384e-08,3.0237997252517807e-12
4.0,4,C,"IZ,XZ",4,-2.618504430375418e-09,-2.4943838881033934e-14
4.0,4,C,"IZ,YI",1,-6.420548477432316e-09,-3.566971376351287e-10
4.0,4,C,"IZ,YI",2,6.834238054164471e-09,2.1093327327668122e-11
4.0,4,C,"IZ,YI",3,-1.9600001379209494e-09,-3.3607684120729583e-13
4.0,4,C,"IZ,YI",4,1.5809340214276378e-10,1.5059956765619168e-15
4.0,4,C,"IZ,YX",1,-2.2240565740460024e-08,-1.2355869855811124e-09
4.0,4,C,"IZ,YX",2,4.086851267503807e-08,1.261373847995002e-10
4.0,4,C,"IZ,YX",3,-2.206908279863192e-08,-3.784136282344294e-12
4.0,4,C,"IZ,YX",4,3.311331465551823e-09,3.154370013671528e-14
4.0,4,C,"IZ,YY",1,1.3658487842763233e-08,7.58804880153513e-10
4.0,4,C,"IZ,YY",2,-1.8178561329315437e-08,-5.610667076949209e-11
4.0,4,C,"IZ,YY",3,7.103212865151903e-09,1.2179720276323566e-12
4.0,4,C,"IZ,YY",4,-8.510134727022561e-10,-8.106743186083066e-15
4.0,4,C,"IZ,YZ",1,-5.92764574558789e-09,-3.2931365253266056e-10
4.0,4,C,"IZ,YZ",2,1.282115089242171e-08,3.9571453371671944e-11
4.0,4,C,"IZ,YZ",3,-6.662207157475728e-09,-1.1423537649992675e-12
4.0,4,C,"IZ,YZ",4,9.568741892527706e-10,9.115170984346619e-15
4.0,4,C,"IZ,ZI",1,-3.340924180374878e-08,-1.8560689890971545e-09
4.0,4,C,"IZ,ZI",2,7.235934175085161e-08,2.2333130170015931e-10
4.0,4,C,"IZ,ZI",3,-3.9308992022966e-08,-6.740224969644375e-12
4.0,4,C,"IZ,ZI",4,5.831288791974806e-09,5.55487805972299e-14
4.0,4,C,"IZ,ZX",1,3.5110240994716944e-09,1.9505689441509415e-10
4.0,4,C,"IZ,ZX",2,-6.215539428656156e-09,-1.9183763668691837e-11
4.0,4,C,"IZ,ZX",3,2.685575864103222e-09,4.604896886322397e-13
4.0,4,C,"IZ,ZX",4,-3.365187472409884e-10,-3.2056731752113663e-15
4.0,4,C,"IZ,ZY",1,-5.627871562574266e-09,-3.1265953125412586e-10
4.0,4,C,"IZ,ZY",2,1.3084553631266925e-08,4.038442478786088e-11
4.0,4,C,"IZ,ZY",3,-6.731509923568249e-09,-1.15423695534435e-12
4.0,4,C,"IZ,ZY",4,9.610004086181252e-10,9.1544772959355e-15
4.0,4,C,"IZ,ZZ",1,2.5225979372373902e-08,1.4014432984652167e-09
4.0,4,C,"IZ,ZZ",2,-6.508795785262095e-08,-2.0088875880438565e-10
4.0,4,C,"IZ,ZZ",3,3.805353317320258e-08,6.524954247805655e-12
4.0,4,C,"IZ,ZZ",4,-5.852521515969669e-09,-5.5751043247691555e-14
4.0,4,C,"XI,XX",1,2.2058822309127e-08,1.2254901282848332e-09
4.0,4,C,"XI,XX",2,-3.1760126606771994e-08,-9.802508211966664e-11
4.0,4,C,"XI,XX",3,1.7140620388525022e-08,2.9390638526277472e-12
4.0,4,C,"XI,XX",4,-2.591463406198504e-09,-2.4686246439171848e-14
4.0,4,C,"XI,XY",1,3.49564456462753e-08,1.9420247581264053e-09
4.0,4,C,"XI,XY",2,-1.2217003646410604e-07,-3.7706801377810505e-10
4.0,4,C,"XI,XY",3,7.706910743855898e-08,1.3214867530617109e-11
4.0,4,C,"XI,XY",4,-1.2155029623451609e-08,-1.1578865286781368e-13
4.0,4,C,"XI,XZ",1,5.440376101154115e-08,3.0224311673078418e-09
4.0,4,C,"XI,XZ",2,-1.114672559381912e-07,-3.4403474054997287e-10
4.0,4,C,"XI,XZ",3,5.951018246498137e-08,1.0204077926094199e-11
4.0,4,C,"XI,XZ",4,-8.766545525741132e-09,-8.35099977684531e-14
4.0,4,C,"XI,YI",1,3.3168989360168903e-09,1.8427216311204946e-10
4.0,4,C,"XI,YI",2,-1.0636739803692745e-08,-3.2829443838557855e-11
4.0,4,C,"XI,YI",3,7.049185013791709e-09,1.2087079927626388e-12
4.0,4,C,"XI,YI",4,-1.1595126533251774e-09,-1.1045502336964425e-14
4.0,4,C,"XI,YX",1,-4.7077783443343086e-08,-2.6154324135190605e-09
4.0,4,C,"XI,YX",2,1.025946752013632e-07,3.1665023210297284e-10
4.0,4,C,"XI,YX",3,-5.719256543838703e-08,-9.806681316595855e-12
4.0,4,C,"XI,YX",4,8.66664173442956e-09,8.255831556193378e-14
4.0,4,C,"XI,YY",1,5.99451361542936e-08,3.3302853419052004e-09
4.0,4,C,"XI,YY",2,-1.1283695988152542e-07,-3.482622218565599e-10
4.0,4,C,"XI,YY",3,5.836294300516695e-08,1.000736334107801e-11
4.0,4,C,"XI,YY",4,-8.478963781637369e-09,-8.077049784367255e-14
4.0,4,C,"XI,YZ",1,-4.705265596122012e-09,-2.6140364422900067e-10
4.0,4,C,"XI,YZ",2,1.3413547803703471e-08,4.139983890031936e-11
4.0,4,C,"XI,YZ",3,-8.079636248592642e-09,-1.3853971619671884e-12
4.0,4,C,"XI,YZ",4,1.250760521422351e-09,1.1914728332403131e-14
4.0,4,C,"XI,ZI",1,1.7684083175497105e-08,9.824490653053948e-10
4.0,4,C,"XI,ZI",2,-2.9738097535610374e-08,-9.178425165311844e-11
4.0,4,C,"XI,ZI",3,1.6580727036839273e-08,2.843060191501933e-12
4.0,4,C,"XI,ZI",4,-2.531662006382376e-09,-2.411657908838569e-14
4.0,4,C,"XI,ZX",1,5.498633641336585e-08,3.054796467409214e-09
4.0,4,C,"XI,ZX",2,-1.1416448890955523e-07,-3.523595336714668e-10
4.0,4,C,"XI,ZX",3,6.111142716219819e-08,1.047863977403947e-11
4.0,4,C,"XI,ZX",4,-9.01117344564911e-09,-8.584032012697293e-14
4.0,4,C,"XI,ZY",1,4.19905714871269e-09,2.332809527062606e-10
4.0,4,C,"XI,ZY",2,-9.517681295273537e-09,-2.9375559553313385e-11
4.0,4,C,"XI,ZY",3,5.479797965205781e-09,9.396087045963274e-13
4.0,4,C,"XI,ZY",4,-8.396658997453429e-10,-7.998646354836752e-15
4.0,4,C,"XI,ZZ",1,5.249402972073452e-08,2.916334984485251e-09
4.0,4,C,"XI,ZZ",2,-1.3399646263015687e-07,-4.1356932910542243e-10
4.0,4,C,"XI,ZZ",3,7.61716934703859e-08,1.306098996405794e-11
4.0,4,C,"XI,ZZ",4,-1.1519443291329977e-08,-1.0973406579913482e-13
4.0,4,C,"XX,XY",1,1.1653879303922015e-08,6.474377391067786e-10
4.0,4,C,"XX,XY",2,-2.4347859736100403e-08,-7.514771523487778e-11
4.0,4,C,"XX,XY",3,1.3242736196524602e-08,2.2707023656592255e-12
4.0,4,C,"XX,XY",4,-1.972760895101614e-09,-1.879249442826564e-14
4.0,4,C,"XX,XZ",1,-3.340207805850567e-08,-1.8556710032503152e-09
4.0,4,C,"XX,XZ",2,5.510760489812196e-08,1.7008520030284556e-10
4.0,4,C,"XX,XZ",3,-2.7754575561755218e-08,-4.759015014018384e-12
4.0,4,C,"XX,XZ",4,4.01913200711802e-09,3.8286198817996684e-14
4.0,4,C,"XX,YI",1,2.3917769356101388e-08,1.328764964227855e-09
4.0,4,C,"XX,YI",2,-3.617516679590274e-08,-1.116517493700702e-10
4.0,4,C,"XX,YI",3,1.7510201850012873e-08,3.002435159467228e-12
4.0,4,C,"XX,YI",4,-2.4965072151259496e-09,-2.3781695007677464e-14
4.0,4,C,"XX,YX",1,4.61327041360726e-09,2.562928007559589e-10
4.0,4,C,"XX,YX",2,-1.3397863693651334e-08,-4.135143115324486e-11
4.0,4,C,"XX,YX",3,7.499112010070177e-09,1.2858559688049001e-12
4.0,4,C,"XX,YX",4,-1.1055530538752693e-09,-1.0531483899893969e-14
4.0,4,C,"XX,YY",1,-1.3546405246112212e-07,-7.525780692284562e-09
4.0,4,C,"XX,YY",2,2.9123781784069246e-07,8.988821538292977e-10
4.0,4,C,"XX,YY",3,-1.5890845933865683e-07,-2.7247678213075587e-11
4.0,4,C,"XX,YY",4,2.3669656882722557e-08,2.2547684120868157e-13
4.0,4,C,"XX,YZ",1,-3.2583651737819914e-08,-1.8102028743233285e-09
4.0,4,C,"XX,YZ",2,5.997619736561668e-08,1.8511172026424903e-10
4.0,4,C,"XX,YZ",3,-3.224226200610796e-08,-5.5285085744355205e-12
4.0,4,C,"XX,YZ",4,4.825071013420957e-09,4.596356322798504e-14
4.0,4,C,"XX,ZI",1,-4.15212761029955e-08,-2.3067375612775276e-09
4.0,4,C,"XX,ZI",2,4.021279453398227e-08,1.2411356337648848e-10
4.0,4,C,"XX,ZI",3,-1.0929741182205093e-08,-1.8740982822711063e-12
4.0,4,C,"XX,ZI",4,8.479732126459705e-10,8.077781708637884e-15
4.0,4,C,"XX,ZX",1,8.976116313688121e-09,4.986731285382289e-10
4.0,4,C,"XX,ZX",2,-6.940254504877831e-09,-2.1420538595301946e-11
4.0,4,C,"XX,ZX",3,4.708288203870429e-09,8.073196508694151e-13
4.0,4,C,"XX,ZX",4,-8.205495417044599e-10,-7.816544178711895e-15
4.0,4,C,"XX,ZY",1,-2.0343143455498778e-08,-1.1301746364165988e-09
4.0,4,C,"XX,ZY",2,8.615555407591713e-09,2.6591220393801582e-11
4.0,4,C,"XX,ZY",3,1.0862052793612182e-09,1.8624919056262314e-13
4.0,4,C,"XX,ZY",4,-5.039921005293054e-10,-4.801022143435694e-15
4.0,4,C,"XX,ZZ",1,2.4447635136959036e-09,1.3582019520532799e-10
4.0,4,C,"XX,ZZ",2,8.137494037120148e-09,2.511572233679058e-11
4.0,4,C,"XX,ZZ",3,-6.544098735465648e-09,-1.122101977960502e-12
4.0,4,C,"XX,ZZ",4,1.0957797136754983e-09,1.0438383189257529e-14
4.0,4,C,"XY,XZ",1,-1.2724913470216636e-08,-7.069396372342576e-10
4.0,4,C,"XY,XZ",2,3.3430959327766486e-08,1.0318197323384718e-10
4.0,4,C,"XY,XZ",3,-1.9882439385163887e-08,-3.409197425439624e-12
4.0,4,C,"XY,XZ",4,3.0838477426287255e-09,2.9376693173951433e-14
4.0,4,C,"XY,YI",1,-1.578532871076561e-08,-8.76962706153645e-10
4.0,4,C,"XY,YI",2,2.323794324580898e-08,7.172204705496598e-11
4.0,4,C,"XY,YI",3,-1.096253849924156e-08,-1.879721964890528e-12
4.0,4,C,"XY,YI",4,1.528544065103414e-09,1.456089072838948e-14
4.0,4,C,"XY,YX",1,2.1939117429565473e-08,1.218839857198082e-09
4.0,4,C,"XY,YX",2,-4.3193995256901306e-08,-1.333148001756213e-10
4.0,4,C,"XY,YX",3,2.333799046055195e-08,4.0017130419327765e-12
4.0,4,C,"XY,YX",4,-3.4817198213029404e-09,-3.3166817380191095e-14
4.0,4,C,"XY,YY",1,1.3814651295402048e-08,7.67480627522336e-10
4.0,4,C,"XY,YY",2,-2.5588179462477363e-08,-7.897586253851038e-11
4.0,4,C,"XY,YY",3,1.329955501383639e-08,2.280444961220231e-12
4.0,4,C,"XY,YY",4,-1.942741094908708e-09,-1.8506526205120296e-14
4.0,4,C,"XY,YZ",1,5.517114057613787e-09,3.0650633653409927e-10
4.0,4,C,"XY,YZ",2,-2.002961807633553e-08,-6.18198088775788e-11
4.0,4,C,"XY,YZ",3,1.1768060646354278e-08,2.0178430463570436e-12
4.0,4,C,"XY,YZ",4,-1.7794946068861593e-09,-1.695144230001295e-14
4.0,4,C,"XY,ZI",1,7.414889048659118e-09,4.119382804810621e-10
4.0,4,C,"XY,ZI",2,-3.3574965984332455e-08,-1.0362643822324831e-10
4.0,4,C,"XY,ZI",3,2.1474496752352955e-08,3.682183942447352e-12
4.0,4,C,"XY,ZI",4,-3.391455866855805e-09,-3.230696413328575e-14
4.0,4,C,"XY,ZX",1,9.068812348575445e-09,5.038229082541914e-10
4.0,4,C,"XY,ZX",2,-8.486274154052448e-09,-2.6192204179174224e-11
4.0,4,C,"XY,ZX",3,2.4962045890104716e-09,4.280186195148271e-13
4.0,4,C,"XY,ZX",4,-2.2756853870398242e-10,-2.1678149167808112e-15
4.0,4,C,"XY,ZY",1,-4.456045542441405e-09,-2.4755808569118914e-10
4.0,4,C,"XY,ZY",2,5.424045766452183e-09,1.6740881995222787e-11
4.0,4,C,"XY,ZY",3,-2.737866392520263e-09,-4.694558286214443e-13
4.0,4,C,"XY,ZY",4,4.14808672027092e-10,3.951461972518405e-15
4.0,4,C,"XY,ZZ",1,-2.1534404472466126e-08,-1.196355804025896e-09
4.0,4,C,"XY,ZZ",2,5.902313848006672e-08,1.8217018049403308e-10
4.0,4,C,"XY,ZZ",3,-3.528294084178092e-08,-6.0498869756140124e-12
4.0,4,C,"XY,ZZ",4,5.476553516496446e-09,5.2169577012807176e-14
4.0,4,C,"XZ,YI",1,-2.0257638336664125e-09,-1.1254243520368958e-10
4.0,4,C,"XZ,YI",2,9.938985954309689e-09,3.0675882575029904e-11
4.0,4,C,"XZ,YI",3,-6.6086178364938665e-09,-1.133164923952995e-12
4.0,4,C,"XZ,YI",4,1.0620163174344445e-09,1.0116753519227676e-14
4.0,4,C,"XZ,YX",1,1.5290068770149138e-08,8.494482650082855e-10
4.0,4,C,"XZ,YX",2,-3.989600467460098e-08,-1.231358168969166e-10
4.0,4,C,"XZ,YX",3,2.338546122623133e-08,4.009852747982052e-12
4.0,4,C,"XZ,YX",4,-3.6086601604394973e-09,-3.437604938690269e-14
4.0,4,C,"XZ,YY",1,-2.366328123429903e-09,-1.314626735238835e-10
4.0,4,C,"XZ,YY",2,-9.252095923377488e-10,-2.8555851615362615e-12
4.0,4,C,"XZ,YY",3,1.3501812931305493e-09,2.3151256740921627e-13
4.0,4,C,"XZ,YY",4,-2.4766874658170445e-10,-2.3592892335553313e-15
4.0,4,C,"XZ,YZ",1,-1.929216948649257e-09,-1.0717871936940317e-10
4.0,4,C,"XZ,YZ",2,3.3330325658623653e-09,1.0287137548957918e-11
4.0,4,C,"XZ,YZ",3,-1.5439396510853243e-09,-2.6473587981572777e-13
4.0,4,C,"XZ,YZ",4,2.0629464386809616e-10,1.965160073427223e-15
4.0,4,C,"XZ,ZI",1,1.5450741791675414e-08,8.583745439819674e-10
4.0,4,C,"XZ,ZI",2,-4.562606571053022e-08,-1.4082119046459945e-10
4.0,4,C,"XZ,ZI",3,2.72035009600965e-08,4.664523484241513e-12
4.0,4,C,"XZ,ZI",4,-4.207375289235989e-09,-4.007940185600507e-14
4.0,4,C,"XZ,ZX",1,9.488286526559462e-10,5.271270292533034e-11
4.0,4,C,"XZ,ZX",2,-6.000530085929362e-09,-1.8520154586201735e-11
4.0,4,C,"XZ,ZX",3,4.322251928702537e-09,7.41126873920188e-13
4.0,4,C,"XZ,ZX",4,-7.161873828467119e-10,-6.822391621386906e-15
4.0,4,C,"XZ,ZY",1,1.0243096355441572e-08,5.690609086356429e-10
4.0,4,C,"XZ,ZY",2,-2.8649050701908258e-08,-8.842299599354401e-11
4.0,4,C,"XZ,ZY",3,1.63669291441076e-08,2.806400744874417e-12
4.0,4,C,"XZ,ZY",4,-2.4685981875063866e-09,-2.3515833976398288e-14
4.0,4,C,"XZ,ZZ",1,2.0771325674881154e-09,1.1539625374933975e-10
4.0,4,C,"XZ,ZZ",2,-1.6555492191842981e-09,-5.1097198122972164e-12
4.0,4,C,"XZ,ZZ",3,3.411979634354619e-10,5.850445189222598e-14
4.0,4,C,"XZ,ZZ",4,-1.2613574392010431e-11,-1.201567443226112e-16
4.0,4,C,"YI,YX",1,3.893730478388543e-09,2.163183599104746e-10
4.0,4,C,"YI,YX",2,-8.036992022363921e-10,-2.4805530933221977e-12
4.0,4,C,"YI,YX",3,-3.344916898998019e-11,-5.735454216388921e-15
4.0,4,C,"YI,YX",4,1.6890405062980027e-11,1.6089777723460625e-16
4.0,4,C,"YI,YY",1,2.332034972188955e-10,1.2955749845494194e-11
4.0,4,C,"YI,YY",2,-2.88507982461645e-09,-8.904567359927316e-12
4.0,4,C,"YI,YY",3,1.6965672294802857e-09,2.909065894170586e-13
4.0,4,C,"YI,YY",4,-2.576090089844009e-10,-2.453980042908864e-15
4.0,4,C,"YI,YZ",1,7.389548582641015e-09,4.105304768133897e-10
4.0,4,C,"YI,YZ",2,-1.640059613330449e-08,-5.061912386822373e-11
4.0,4,C,"YI,YZ",3,8.96401815954092e-09,1.537040150812915e-12
4.0,4,C,"YI,YZ",4,-1.3275780815901716e-09,-1.2646491403655803e-14
4.0,4,C,"YI,ZI",1,1.614059861357507e-08,8.966999229763928e-10
4.0,4,C,"YI,ZI",2,-3.500134670461401e-08,-1.0802884785374694e-10
4.0,4,C,"YI,ZI",3,1.899884621334415e-08,3.2576896799286953e-12
4.0,4,C,"YI,ZI",4,-2.811933298482383e-09,-2.6786439743202093e-14
4.0,4,C,"YI,ZX",1,1.8025858247356513e-08,1.0014365692975841e-09
4.0,4,C,"YI,ZX",2,-4.4011351351411125e-08,-1.35837504171022e-10
4.0,4,C,"YI,ZX",3,2.5510630092326655e-08,4.374250701702101e-12
4.0,4,C,"YI,ZX",4,-3.913761771226258e-09,-3.728244333205931e-14
4.0,4,C,"YI,ZY",1,2.5086394776049734e-08,1.3936885986694297e-09
4.0,4,C,"YI,ZY",2,-6.411709356745643e-08,-1.9789226409708776e-10
4.0,4,C,"YI,ZY",3,3.709269831911632e-08,6.360202043744224e-12
4.0,4,C,"YI,ZY",4,-5.667590399101433e-09,-5.398939185243706e-14
4.0,4,C,"YI,ZZ",1,1.4890834165192269e-08,8.272685647329038e-10
4.0,4,C,"YI,ZZ",2,-1.6741930515885313e-08,-5.1672625049028744e-11
4.0,4,C,"YI,ZZ",3,6.371463255284558e-09,1.0925005581763647e-12
4.0,4,C,"YI,ZZ",4,-7.646173363829069e-10,-7.28373472396459e-15
4.0,4,C,"YX,YY",1,3.553995421177691e-09,1.974441900654273e-10
4.0,4,C,"YX,YY",2,-1.711158470282506e-08,-5.281353303341068e-11
4.0,4,C,"YX,YY",3,1.0736106267005632e-08,1.840896136317838e-12
4.0,4,C,"YX,YY",4,-1.6911134927787466e-09,-1.6109524965503987e-14
4.0,4,C,"YX,YZ",1,-1.2259182559272493e-08,-6.810656977373607e-10
4.0,4,C,"YX,YZ",2,1.792354621145287e-08,5.53195870723854e-11
4.0,4,C,"YX,YZ",3,-8.843039112147312e-09,-1.516296144058181e-12
4.0,4,C,"YX,YZ",4,1.2762414621204376e-09,1.21574594394951e-14
4.0,4,C,"YX,ZI",1,-2.5842073541326237e-08,-1.4356707522959021e-09
4.0,4,C,"YX,ZI",2,6.829749470903176e-08,2.1079473675627086e-10
4.0,4,C,"YX,ZI",3,-4.163767228731529e-08,-7.139518567783829e-12
4.0,4,C,"YX,ZI",4,6.566781190205278e-09,6.255507154211704e-14
4.0,4,C,"YX,ZX",1,-1.201870353164814e-09,-6.6770575175823e-11
4.0,4,C,"YX,ZX",2,-4.352380590086991e-09,-1.3433273426194417e-11
4.0,4,C,"YX,ZX",3,3.4680618216149224e-09,5.946608061753982e-13
4.0,4,C,"YX,ZX",4,-5.885368686103686e-10,-5.606394495983545e-15
4.0,4,C,"YX,ZY",1,-1.9846914809387413e-08,-1.1026063782993007e-09
4.0,4,C,"YX,ZY",2,4.5696947712498746e-08,1.410399620756134e-10
4.0,4,C,"YX,ZY",3,-2.6510167873926046e-08,-4.545639210206798e-12
4.0,4,C,"YX,ZY",4,4.085806292150585e-09,3.892133718326651e-14
4.0,4,C,"YX,ZZ",1,-2.1581277076366372e-08,-1.1989598375759094e-09
4.0,4,C,"YX,ZZ",2,3.578599753759501e-08,1.1045060968393523e-10
4.0,4,C,"YX,ZZ",3,-1.745907423205053e-08,-2.993668421133493e-12
4.0,4,C,"YX,ZZ",4,2.454816424916942e-09,2.338454908661925e-14
4.0,4,C,"YY,YZ",1,-1.2135843300780715e-08,-6.742135167100397e-10
4.0,4,C,"YY,YZ",2,2.603391375393889e-08,8.035158566030521e-11
4.0,4,C,"YY,YZ",3,-1.4589282137937462e-08,-2.5015915874378364e-12
4.0,4,C,"YY,YZ",4,2.2026376270496537e-09,2.0982297163634105e-14
4.0,4,C,"YY,ZI",1,-2.1047622599045246e-09,-1.1693123666136248e-10
4.0,4,C,"YY,ZI",2,-7.697922678979952e-09,-2.3759020614135655e-11
4.0,4,C,"YY,ZI",3,6.095208959180341e-09,1.045131851711307e-12
4.0,4,C,"YY,ZI",4,-1.0338228647725711e-09,-9.848183058723624e-15
4.0,4,C,"YY,ZX",1,-4.665886365833836e-09,-2.592159092129909e-10
4.0,4,C,"YY,ZX",2,9.072387199438799e-09,2.8001195059996294e-11
4.0,4,C,"YY,ZX",3,-5.164417158077534e-09,-8.855310627704963e-13
4.0,4,C,"YY,ZX",4,7.97558575593306e-10,7.597532536897063e-15
4.0,4,C,"YY,ZY",1,-3.0948048155997234e-10,-1.719336008666513e-11
4.0,4,C,"YY,ZY",2,-5.785210764633923e-10,-1.785558877973433e-12
4.0,4,C,"YY,ZY",3,-6.098476708316569e-10,-1.0456921653492059e-13
4.0,4,C,"YY,ZY",4,1.826359649552873e-10,1.7397878082160426e-15
4.0,4,C,"YY,ZZ",1,-5.715007352059676e-09,-3.1750040844775976e-10
4.0,4,C,"YY,ZZ",2,-3.3665727214070644e-09,-1.0390656547552668e-11
4.0,4,C,"YY,ZZ",3,4.371144974336335e-09,7.495104551331164e-13
4.0,4,C,"YY,ZZ",4,-8.057740721143093e-10,-7.6757932490694e-15
4.0,4,C,"YZ,ZI",1,-6.3466006413531855e-09,-3.525889245196214e-10
4.0,4,C,"YZ,ZI",2,1.3945474674898987e-08,4.304158850277465e-11
4.0,4,C,"YZ,ZI",3,-7.474000928980954e-09,-1.2815502278773926e-12
4.0,4,C,"YZ,ZI",4,1.0927424946206948e-09,1.0409450680352603e-14
4.0,4,C,"YZ,ZX",1,-2.0989099362765216e-09,-1.1660610757091787e-10
4.0,4,C,"YZ,ZX",2,1.7860436713007022e-09,5.512480466977476e-12
4.0,4,C,"YZ,ZX",3,-6.494909129613785e-10,-1.1136675462300728e-13
4.0,4,C,"YZ,ZX",4,7.655608852134826e-11,7.292722957756846e-16
4.0,4,C,"YZ,ZY",1,-5.177241434126515e-09,-2.8762452411813973e-10
4.0,4,C,"YZ,ZY",2,1.6498669176895676e-08,5.092181844720888e-11
4.0,4,C,"YZ,ZY",3,-9.939220960532763e-09,-1.7042559946043832e-12
4.0,4,C,"YZ,ZY",4,1.5352959261524138e-09,1.462520886824049e-14
4.0,4,C,"YZ,ZZ",1,1.3679305709509766e-08,7.599614283060981e-10
4.0,4,C,"YZ,ZZ",2,-3.327984475106054e-08,-1.0271557021932266e-10
4.0,4,C,"YZ,ZZ",3,1.870172692811225e-08,3.20674330043077e-12
4.0,4,C,"YZ,ZZ",4,-2.813914247087164e-09,-2.6805310233645445e-14
4.0,4,C,"ZI,ZX",1,-3.728772620503026e-09,-2.0715403447239033e-10
4.0,4,C,"ZI,ZX",2,7.349363863170027e-09,2.268322179990749e-11
4.0,4,C,"ZI,ZX",3,-4.335803947526857e-09,-7.43450608286498e-13
4.0,4,C,"ZI,ZX",4,6.737458972084054e-10,6.418094585509121e-15
4.0,4,C,"ZI,ZY",1,-4.622249724352595e-09,-2.5679165135292194e-10
4.0,4,C,"ZI,ZY",2,1.1850425495256965e-08,3.657538733104001e-11
4.0,4,C,"ZI,ZY",3,-6.195740986492871e-09,-1.0623698536510409e-12
4.0,4,C,"ZI,ZY",4,8.874155771997853e-10,8.453509156376556e-15
4.0,4,C,"ZI,ZZ",1,2.619784828868141e-08,1.455436016037856e-09
4.0,4,C,"ZI,ZZ",2,-4.723492478003296e-08,-1.4578680487664494e-10
4.0,4,C,"ZI,ZZ",3,2.4498568275402963e-08,4.200714724863334e-12
4.0,4,C,"ZI,ZZ",4,-3.5790273186700047e-09,-3.4093767324626625e-14
4.0,4,C,"ZX,ZY",1,-9.794886599850318e-09,-5.44160366658351e-10
4.0,4,C,"ZX,ZY",2,2.6160938536859248e-08,8.074363745944213e-11
4.0,4,C,"ZX,ZY",3,-1.574645535169062e-08,-2.700009491030628e-12
4.0,4,C,"ZX,ZY",4,2.4513793482665285e-09,2.3351807539499776e-14
4.0,4,C,"ZX,ZZ",1,-3.408007614872021e-09,-1.8933375638177893e-10
4.0,4,C,"ZX,ZZ",2,8.474624595528626e-10,2.6156248751631562e-12
4.0,4,C,"ZX,ZZ",3,1.0136939003491346e-09,1.738158265344881e-13
4.0,4,C,"ZX,ZZ",4,-2.633559396438907e-10,-2.5087252290417877e-15
4.0,4,C,"ZY,ZZ",1,9.746256533501469e-09,5.414586963056372e-10
4.0,4,C,"ZY,ZZ",2,-2.24136819615302e-08,-6.917803074546358e-11
4.0,4,C,"ZY,ZZ",3,1.2712164027367453e-08,2.1797263421411957e-12
4.0,4,C,"ZY,ZZ",4,-1.9333834964527564e-09,-1.8417385844886033e-14
4.0,4,A,"IX,IY",1,-4.6597951013728484e-08,-2.588775056318249e-09
4.0,4,A,"IX,IY",2,9.759856073057527e-08,3.0123012571165206e-10
4.0,4,A,"IX,IY",3,-5.2211348784559564e-08,-8.952563234663849e-12
4.0,4,A,"IX,IY",4,7.69478992358448e-09,7.330046795062186e-14
4.0,4,A,"IX,IZ",1,5.048293584942615e-08,2.8046075471903416e-09
4.0,4,A,"IX,IZ",2,-1.410296365553507e-07,-4.3527665603503307e-10
4.0,4,A,"IX,IZ",3,8.46561663925472e-08,1.4515803565251577e-11
4.0,4,A,"IX,IZ",4,-1.3104496747068444e-08,-1.248332642420024e-13
4.0,4,A,"IX,XI",1,8.596256336224295e-08,4.7756979645690524e-09
4.0,4,A,"IX,XI",2,-1.7683731462085478e-07,-5.457941809285642e-10
4.0,4,A,"IX,XI",3,9.428326196244922e-08,1.6166540117018043e-11
4.0,4,A,"IX,XI",4,-1.3886517339873873e-08,-1.3228278215853025e-13
4.0,4,A,"IX,XX",1,7.341298849465963e-09,4.0784993608144235e-10
4.0,4,A,"IX,XX",2,3.7208909386994934e-08,1.1484231292282387e-10
4.0,4,A,"IX,XX",3,-2.9450757393374964e-08,-5.049855520126023e-12
4.0,4,A,"IX,XX",4,4.9417082733652626e-09,4.7074648237361517e-14
4.0,4,A,"IX,XY",1,2.2548476012608404e-08,1.252693111811578e-09
4.0,4,A,"IX,XY",2,-2.0739328118861662e-08,-6.401027197179526e-11
4.0,4,A,"IX,XY",3,6.6817434010706935e-09,1.1457036010066347e-12
4.0,4,A,"IX,XY",4,-7.118358585632961e-10,-6.780939058101815e-15
4.0,4,A,"IX,XZ",1,-7.789409866523969e-09,-4.3274499258466494e-10
4.0,4,A,"IX,XZ",2,2.1671504062432444e-08,6.688735821738409e-11
4.0,4,A,"IX,XZ",3,-1.2533878765240616e-08,-2.149156166879392e-12
4.0,4,A,"IX,XZ",4,1.9097672667630468e-09,1.8192417950417684e-14
4.0,4,A,"IX,YI",1,-4.904562683849992e-08,-2.7247570465833287e-09
4.0,4,A,"IX,YI",2,1.025465931908758e-07,3.165018308360364e-10
4.0,4,A,"IX,YI",3,-5.49659665925392e-08,-9.424891391038956e-12
4.0,4,A,"IX,YI",4,8.111517537717787e-09,7.727020974049104e-14
4.0,4,A,"IX,YX",1,1.6248089721884666e-08,9.026716512158147e-10
4.0,4,A,"IX,YX",2,-4.823895980826804e-08,-1.4888567842058036e-10
4.0,4,A,"IX,YX",3,2.826209859110435e-08,4.8460388530700194e-12
4.0,4,A,"IX,YX",4,-4.3470579990434106e-09,-4.141001751870342e-14
4.0,4,A,"IX,YY",1,-2.789658876619756e-08,-1.5498104870109756e-09
4.0,4,A,"IX,YY",2,4.5994011451322714e-08,1.4195682546704542e-10
4.0,4,A,"IX,YY",3,-2.3516313199500943e-08,-4.032289643261479e-12
4.0,4,A,"IX,YY",4,3.444681924523135e-09,3.2813994860950456e-14
4.0,4,A,"IX,YZ",1,1.4357322426473725e-09,7.976290236929848e-11
4.0,4,A,"IX,YZ",2,-4.249449576610587e-08,-1.3115585112995639e-10
4.0,4,A,"IX,YZ",3,3.0863790359615564e-08,5.2921451233908714e-12
4.0,4,A,"IX,YZ",4,-5.111566763130391e-09,-4.869271798440016e-14
4.0,4,A,"IX,ZI",1,-2.8790033006711647e-08,-1.599446278150647e-09
4.0,4,A,"IX,ZI",2,5.13568433761012e-08,1.5850877585216418e-10
4.0,4,A,"IX,ZI",3,-2.654997547563863e-08,-4.5524649306650605e-12
4.0,4,A,"IX,ZI",4,3.923430024908988e-09,3.737454298991186e-14
4.0,4,A,"IX,ZX",1,-1.3834711790577177e-08,-7.685950994765099e-10
4.0,4,A,"IX,ZX",2,3.244922691478928e-08,1.0015193492218913e-10
4.0,4,A,"IX,ZX",3,-1.846905761888133e-08,-3.1668480142114763e-12
4.0,4,A,"IX,ZX",4,2.8130065781871295e-09,2.679666379160122e-14
4.0,4,A,"IX,ZY",1,-2.5954582212749843e-08,-1.441921234041658e-09
4.0,4,A,"IX,ZY",2,9.288329092567832e-08,2.8667682384468615e-10
4.0,4,A,"IX,ZY",3,-5.897349718641982e-08,-1.011205370137514e-11
4.0,4,A,"IX,ZY",4,9.377115278950807e-09,8.93262772343279e-14
4.0,4,A,"IX,ZZ",1,-2.4200751356778158e-08,-1.3444861864876755e-09
4.0,4,A,"IX,ZZ",2,3.523163053873519e-08,1.0873960042819504e-10
4.0,4,A,"IX,ZZ",3,-1.7228153058548975e-08,-2.9540728838389877e-12
4.0,4,A,"IX,ZZ",4,2.4896654179196226e-09,2.3716520137170615e-14
4.0,4,A,"IY,IZ",1,8.785369273594922e-09,4.880760707552734e-10
4.0,4,A,"IY,IZ",2,-2.2577688075269513e-08,-6.968422245453553e-11
4.0,4,A,"IY,IZ",3,1.3241731150505854e-08,2.270530032665613e-12
4.0,4,A,"IY,IZ",4,-2.0394466091195614e-09,-1.942774166590041e-14
4.0,4,A,"IY,XI",1,6.442636705491398e-08,3.579242614161888e-09
4.0,4,A,"IY,XI",2,-1.5165823996189285e-07,-4.680809875367064e-10
4.0,4,A,"IY,XI",3,8.471444413986806e-08,1.452579632027916e-11
4.0,4,A,"IY,XI",4,-1.2730839224829307e-08,-1.2127380758296475e-13
4.0,4,A,"IY,XX",1,-2.2654283591166677e-08,-1.258571310620371e-09
4.0,4,A,"IY,XX",2,4.777285686270483e-08,1.4744708908242233e-10
4.0,4,A,"IY,XX",3,-2.6466187402403678e-08,-4.538097977092537e-12
4.0,4,A,"IY,XX",4,3.955054549541162e-09,3.7675797797031336e-14
4.0,4,A,"IY,XY",1,-1.0329913675654188e-08,-5.738840930918993e-10
4.0,4,A,"IY,XY",2,3.109012529390978e-08,9.595717683305487e-11
4.0,4,A,"IY,XY",3,-1.9212762891504726e-08,-3.294369494428108e-12
4.0,4,A,"IY,XY",4,3.0183162844949436e-09,2.875244136273952e-14
4.0,4,A,"IY,XZ",1,3.3584797469211218e-09,1.8658220816228454e-10
4.0,4,A,"IY,XZ",2,-1.6660059931010263e-09,-5.141993805867365e-12
4.0,4,A,"IY,XZ",3,2.178119999178341e-10,3.73477366114256e-14
4.0,4,A,"IY,XZ",4,-1.8279079886659463e-12,-1.741262754025631e-17
4.0,4,A,"IY,YI",1,-1.1277300421316998e-09,-6.265166900731666e-11
4.0,4,A,"IY,YI",2,2.1319187041860908e-08,6.579996000574354e-11
4.0,4,A,"IY,YI",3,-1.553248212373339e-08,-2.6633199800640243e-12
4.0,4,A,"IY,YI",4,2.5833440365021167e-09,2.4608901429870797e-14
4.0,4,A,"IY,YX",1,-1.5470413851433814e-08,-8.594674361907674e-10
4.0,4,A,"IY,YX",2,2.506276382901006e-08,7.735420934879648e-11
4.0,4,A,"IY,YX",3,-1.1342749165299334e-08,-1.9449158376713534e-12
4.0,4,A,"IY,YX",4,1.5043283624013833e-09,1.4330212261863504e-14
4.0,4,A,"IY,YY",1,2.817147517188049e-09,1.5650819539933605e-10
4.0,4,A,"IY,YY",2,-1.9756024782438853e-08,-6.097538513098411e-11
4.0,4,A,"IY,YY",3,1.3928227327070356e-08,2.3882419970971117e-12
4.0,4,A,"IY,YY",4,-2.301685102157666e-09,-2.19258221132227e-14
4.0,4,A,"IY,YZ",1,-1.0306780329192326e-08,-5.725989071773514e-10
4.0,4,A,"IY,YZ",2,1.7990439102737234e-08,5.552604661338652e-11
4.0,4,A,"IY,YZ",3,-8.929745799884039e-09,-1.5311635459334773e-12
4.0,4,A,"IY,YZ",4,1.2703150453619746e-09,1.2101004471136017e-14
4.0,4,A,"IY,ZI",1,1.9890156316178273e-08,1.1050086842321263e-09
4.0,4,A,"IY,ZI",2,-2.972206001705743e-08,-9.173475313906613e-11
4.0,4,A,"IY,ZI",3,1.3672227404966797e-08,2.344346262854389e-12
4.0,4,A,"IY,ZI",4,-1.860557729261068e-09,-1.772364854120054e-14
4.0,4,A,"IY,ZX",1,1.373274747765654e-08,7.629304154253633e-10
4.0,4,A,"IY,ZX",2,-4.558262086698701e-08,-1.4068710144131793e-10
4.0,4,A,"IY,ZX",3,2.8852351130330288e-08,4.9472481362020386e-12
4.0,4,A,"IY,ZX",4,-4.595225284907659e-09,-4.377405583092954e-14
4.0,4,A,"IY,ZY",1,1.3778674050412022e-08,7.654818916895568e-10
4.0,4,A,"IY,ZY",2,-2.5454948956233922e-08,-7.856465727232693e-11
4.0,4,A,"IY,ZY",3,1.2992370349341585e-08,2.2277726936456763e-12
4.0,4,A,"IY,ZY",4,-1.866466030139541e-09,-1.77799309379243e-14
4.0,4,A,"IY,ZZ",1,-1.184897898093388e-08,-6.582766100518822e-10
4.0,4,A,"IY,ZZ",2,2.3424842566024012e-08,7.229889680871609e-11
4.0,4,A,"IY,ZZ",3,-1.3383653941785531e-08,-2.2948652163555437e-12
4.0,4,A,"IY,ZZ",4,2.0595400447390793e-09,1.9619151470232047e-14
4.0,4,A,"IZ,XI",1,-2.4450260121795543e-08,-1.358347784544197e-09
4.0,4,A,"IZ,XI",2,7.624521510693291e-08,2.3532473798436086e-10
4.0,4,A,"IZ,XI",3,-4.699483738346003e-08,-8.058099688521954e-12
4.0,4,A,"IZ,XI",4,7.333549781311249e-09,6.985929909037541e-14
4.0,4,A,"IZ,XX",1,2.0489833270474835e-08,1.1383240705819352e-09
4.0,4,A,"IZ,XX",2,-2.7229005755656495e-08,-8.404014122116203e-11
4.0,4,A,"IZ,XX",3,1.1948013183286872e-08,2.048699105501864e-12
4.0,4,A,"IZ,XX",4,-1.5943671046979876e-09,-1.5187920140774915e-14
4.0,4,A,"IZ,XY",1,-2.4440643895303e-09,-1.3578135497390554e-10
4.0,4,A,"IZ,XY",2,3.076574355555292e-09,9.495599862824976e-12
4.0,4,A,"IZ,XY",3,-1.5322497051905245e-09,-2.627314309311599e-13
4.0,4,A,"IZ,XY",4,2.2184913418763284e-10,2.113331944326635e-15
4.0,4,A,"IZ,XZ",1,5.466874785524468e-09,3.037152658624705e-10
4.0,4,A,"IZ,XZ",2,-1.129362342419566e-08,-3.485686242035698e-11
4.0,4,A,"IZ,XZ",3,6.3529932323139655e-09,1.0893335446354536e-12
4.0,4,A,"IZ,XZ",4,-9.699686671625426e-10,-9.23990880927586e-15
4.0,4,A,"IZ,YI",1,-3.2556358661263626e-08,-1.8086865922924237e-09
4.0,4,A,"IZ,YI",2,7.996934916750572e-08,2.4681897891205467e-10
4.0,4,A,"IZ,YI",3,-4.602730123289876e-08,-7.892198428137648e-12
4.0,4,A,"IZ,YI",4,7.021932151750929e-09,6.689083363579227e-14
4.0,4,A,"IZ,YX",1,-5.0074167815765225e-09,-2.781898211986957e-10
4.0,4,A,"IZ,YX",2,2.1152613817506017e-08,6.528584511575931e-11
4.0,4,A,"IZ,YX",3,-1.3784463204313067e-08,-2.363591084415821e-12
4.0,4,A,"IZ,YX",4,2.2101842785396825e-09,2.1054186466808437e-14
4.0,4,A,"IZ,YY",1,1.9765173610233112e-08,1.0980652005685062e-09
4.0,4,A,"IZ,YY",2,-5.458422784135555e-08,-1.6846983901652948e-10
4.0,4,A,"IZ,YY",3,3.2507651765321175e-08,5.574014363052327e-12
4.0,4,A,"IZ,YY",4,-5.0319617365077745e-09,-4.7934401544236533e-14
4.0,4,A,"IZ,YZ",1,-6.8501619904040726e-09,-3.805645550224485e-10
4.0,4,A,"IZ,YZ",2,-1.0599448981668042e-11,-3.271434870885198e-14
4.0,4,A,"IZ,YZ",3,2.675174502046084e-09,4.5870619033712e-13
4.0,4,A,"IZ,YZ",4,-5.611364922995584e-10,-5.345378870404268e-15
4.0,4,A,"IZ,ZI",1,-2.3317089812394135e-09,-1.2953938784663408e-10
4.0,4,A,"IZ,ZI",2,6.745769853867358e-09,2.0820277326751106e-11
4.0,4,A,"IZ,ZI",3,-3.74242080532941e-09,-6.417045276627933e-13
4.0,4,A,"IZ,ZI",4,5.537780204071886e-10,5.275282163610622e-15
4.0,4,A,"IZ,ZX",1,2.703313544317052e-08,1.5018408579539178e-09
4.0,4,A,"IZ,ZX",2,-6.999055925692915e-08,-2.160202446201517e-10
4.0,4,A,"IZ,ZX",3,4.1137202508728026e-08,7.053704133869689e-12
4.0,4,A,"IZ,ZX",4,-6.343437003836959e-09,-6.042749775031396e-14
4.0,4,A,"IZ,ZY",1,1.3612957053338613e-08,7.562753918521452e-10
4.0,4,A,"IZ,ZY",2,-4.038114699678366e-08,-1.2463316974315943e-10
4.0,4,A,"IZ,ZY",3,2.418851714531231e-08,4.147550950842303e-12
4.0,4,A,"IZ,ZY",4,-3.736800289034913e-09,-3.559671057227283e-14
4.0,4,A,"IZ,ZZ",1,-1.867462022835395e-08,-1.0374789015752194e-09
4.0,4,A,"IZ,ZZ",2,3.2619668683892394e-08,1.0067798976509997e-10
4.0,4,A,"IZ,ZZ",3,-1.6524996512231647e-08,-2.8335042030575528e-12
4.0,4,A,"IZ,ZZ",4,2.3819699503152912e-09,2.269061452441788e-14
4.0,4,A,"XI,XX",1,6.844399498995716e-08,3.802444166108731e-09
4.0,4,A,"XI,XX",2,-1.746093175794503e-07,-5.389176468501553e-10
4.0,4,A,"XI,XX",3,1.0530336916893866e-07,1.805613325942021e-11
4.0,4,A,"XI,XX",4,-1.6496474319830608e-08,-1.5714519813891372e-13
4.0,4,A,"XI,XY",1,3.776289872135089e-08,2.0979388178528273e-09
4.0,4,A,"XI,XY",2,-6.89536530033229e-08,-2.1281991667692255e-10
4.0,4,A,"XI,XY",3,3.61083277531008e-08,6.191414223782716e-12
4.0,4,A,"XI,XY",4,-5.302314892276628e-09,-5.0509782162366904e-14
4.0,4,A,"XI,XZ",1,-2.92132892663121e-09,-1.6229605147951166e-10
4.0,4,A,"XI,XZ",2,2.8791139336341303e-09,8.886154116154723e-12
4.0,4,A,"XI,XZ",3,-7.165525471754066e-10,-1.228656630959202e-13
4.0,4,A,"XI,XZ",4,4.2777584250503856e-11,4.074987068520791e-16
4.0,4,A,"XI,YI",1,-5.794153833415033e-08,-3.2189743518972407e-09
4.0,4,A,"XI,YI",2,1.3351772887901015e-07,4.1209175579941405e-10
4.0,4,A,"XI,YI",3,-7.389032019299198e-08,-1.2669807989196154e-11
4.0,4,A,"XI,YI",4,1.1053698490211268e-08,1.0529738692854812e-13
4.0,4,A,"XI,YX",1,9.517080400411497e-09,5.287266889117498e-10
4.0,4,A,"XI,YX",2,-2.7561539222791563e-08,-8.506647908269001e-11
4.0,4,A,"XI,YX",3,1.6052015935657097e-08,2.7524032811483363e-12
4.0,4,A,"XI,YX",4,-2.465364497778696e-09,-2.3485029890438726e-14
4.0,4,A,"XI,YY",1,-2.502064071355462e-08,-1.3900355951974788e-09
4.0,4,A,"XI,YY",2,2.2577276008458775e-08,6.968295064339129e-11
4.0,4,A,"XI,YY",3,-7.628412334315117e-09,-1.3080268062954592e-12
4.0,4,A,"XI,YY",4,8.746967330603317e-10,8.332349613819651e-15
4.0,4,A,"XI,YZ",1,8.538421594192116e-09,4.743567552328953e-10
4.0,4,A,"XI,YZ",2,-7.244222670205175e-08,-2.23587119450777e-10
4.0,4,A,"XI,YZ",3,4.941458425429899e-08,8.473008274056754e-12
4.0,4,A,"XI,YZ",4,-8.010687557357342e-09,-7.630970466923242e-14
4.0,4,A,"XI,ZI",1,-4.573657529118925e-08,-2.540920849510514e-09
4.0,4,A,"XI,ZI",2,9.779889930965994e-08,3.0184845465944425e-10
4.0,4,A,"XI,ZI",3,-5.403016395141423e-08,-9.264431404563482e-12
4.0,4,A,"XI,ZI",4,8.17030593608821e-09,7.78302272527836e-14
4.0,4,A,"XI,ZX",1,-9.763356807305953e-09,-5.424087115169974e-10
4.0,4,A,"XI,ZX",2,1.6100429079756526e-08,4.969268234492755e-11
4.0,4,A,"XI,ZX",3,-7.932596984135195e-09,-1.3601846680615903e-12
4.0,4,A,"XI,ZX",4,1.1330863272061005e-09,1.0793765500743985e-14
4.0,4,A,"XI,ZY",1,-1.9327576697651176e-08,-1.0737542609806209e-09
4.0,4,A,"XI,ZY",2,6.840805490111094e-08,2.1113597191700908e-10
4.0,4,A,"XI,ZY",3,-4.3280673048214195e-08,-7.421240234604628e-12
4.0,4,A,"XI,ZY",4,6.8798575428243715e-09,6.553743277343746e-14
4.0,4,A,"XI,ZZ",1,-1.462714759150834e-08,-8.126193106393523e-10
4.0,4,A,"XI,ZZ",2,8.040787075605706e-10,2.481724406051144e-12
4.0,4,A,"XI,ZZ",3,4.602289610407706e-09,7.891443090548192e-13
4.0,4,A,"XI,ZZ",4,-9.81131301316088e-10,-9.346243915905427e-15
4.0,4,A,"XX,XY",1,-5.3777244758258816e-08,-2.9876247087921564e-09
4.0,4,A,"XX,XY",2,1.0882696917675402e-07,3.358857073356606e-10
4.0,4,A,"XX,XY",3,-6.156308386301757e-08,-1.0556084338651848e-11
4.0,4,A,"XX,XY",4,9.435362715122937e-09,8.988114154781033e-14
4.0,4,A,"XX,XZ",1,-8.29894978392361e-08,-4.610527657735339e-09
4.0,4,A,"XX,XZ",2,2.2278815101929905e-07,6.87617750059565e-10
4.0,4,A,"XX,XZ",3,-1.3376184502224287e-07,-2.2935844482551933e-11
4.0,4,A,"XX,XZ",4,2.075377251164278e-08,1.977001649104822e-13
4.0,4,A,"XX,YI",1,1.0302481255482711e-08,5.723600697490395e-10
4.0,4,A,"XX,YI",2,-3.487320730373022e-08,-1.0763335587571055e-10
4.0,4,A,"XX,YI",3,2.257670950329032e-08,3.871177898369396e-12
4.0,4,A,"XX,YI",4,-3.612236763229332e-09,-3.441012005819742e-14
4.0,4,A,"XX,YX",1,7.918619254414404e-08,4.3992329191191135e-09
4.0,4,A,"XX,YX",2,-1.870731175430698e-07,-5.773861652563882e-10
4.0,4,A,"XX,YX",3,1.1031830056574434e-07,1.891603233294656e-11
4.0,4,A,"XX,YX",4,-1.7059892231161784e-08,-1.6251230977710889e-13
4.0,4,A,"XX,YY",1,-1.075072722752682e-13,-5.9726262375149005e-15
4.0,4,A,"XX,YY",2,5.119774676963986e-13,1.5801773694333291e-15
4.0,4,A,"XX,YY",3,-3.371307841181251e-13,-5.780706174864971e-17
4.0,4,A,"XX,YY",4,5.4151304303784504e-14,5.15844614995661e-19
4.0,4,A,"XX,YZ",1,5.335256449124645e-08,2.9640313606248026e-09
4.0,4,A,"XX,YZ",2,-6.971531079601991e-08,-2.1517071233339477e-10
4.0,4,A,"XX,YZ",3,2.916528760757069e-08,5.000906654247375e-12
4.0,4,A,"XX,YZ",4,-3.743815935599617e-09,-3.5663541529488807e-14
4.0,4,A,"XX,ZI",1,-1.8296666893536754e-08,-1.0164814940853752e-09
4.0,4,A,"XX,ZI",2,5.517885144176733e-08,1.7030509704249176e-10
4.0,4,A,"XX,ZI",3,-3.2761241737751104e-08,-5.6174968686130154e-12
4.0,4,A,"XX,ZI",4,5.046855072294233e-09,4.8076275265720094e-14
4.0,4,A,"XX,ZX",1,7.200375300499678e-08,4.000208500277599e-09
4.0,4,A,"XX,ZX",2,-1.686051324056406e-07,-5.203862111285204e-10
4.0,4,A,"XX,ZX",3,9.466091422350125e-08,1.623129530581297e-11
4.0,4,A,"XX,ZX",4,-1.4369457857182316e-08,-1.3688326719614307e-13
4.0,4,A,"XX,ZY",1,8.097921380178856e-08,4.498845211210475e-09
4.0,4,A,"XX,ZY",2,-2.0782587332233554e-07,-6.414378806244924e-10
4.0,4,A,"XX,ZY",3,1.2042960348939074e-07,2.0649794837001158e-11
4.0,4,A,"XX,ZY",4,-1.8433133342723324e-08,-1.75593786605732e-13
4.0,4,A,"XX,ZZ",1,4.587497492036362e-08,2.5486097177979786e-09
4.0,4,A,"XX,ZZ",2,-5.23081830692156e-08,-1.6144500947288766e-10
4.0,4,A,"XX,ZZ",3,2.1887801071733748e-08,3.753052309968064e-12
4.0,4,A,"XX,ZZ",4,-2.9143270140779834e-09,-2.7761840935813742e-14
4.0,4,A,"XY,XZ",1,-5.6027470980547055e-09,-3.1126372766970585e-10
4.0,4,A,"XY,XZ",2,1.352911582756584e-08,4.1756530331993333e-11
4.0,4,A,"XY,XZ",3,-8.07195799762661e-09,-1.3840805894421484e-12
4.0,4,A,"XY,XZ",4,1.264134399167588e-09,1.2042127716502704e-14
4.0,4,A,"XY,YI",1,2.613081572666415e-08,1.451711984814675e-09
4.0,4,A,"XY,YI",2,-8.110132494938402e-08,-2.503127313252593e-10
4.0,4,A,"XY,YI",3,4.913562501633239e-08,8.42517575725864e-12
4.0,4,A,"XY,YI",4,-7.64451882254738e-09,-7.282158610108387e-14
4.0,4,A,"XY,YX",1,1.1941782973733772e-08,6.63432387429654e-10
4.0,4,A,"XY,YX",2,-2.7802245702101754e-08,-8.580940031512887e-11
4.0,4,A,"XY,YX",3,1.5479680540867304e-08,2.654266210711129e-12
4.0,4,A,"XY,YX",4,-2.3245787314256513e-09,-2.2143906525545375e-14
4.0,4,A,"XY,YY",1,-1.498570514164857e-08,-8.325391745360317e-10
4.0,4,A,"XY,YY",2,5.30955332861311e-08,1.6387510273497252e-10
4.0,4,A,"XY,YY",3,-3.371223113806712e-08,-5.780560894730302e-12
4.0,4,A,"XY,YY",4,5.3561970223710575e-09,5.102306262737252e-14
4.0,4,A,"XY,YZ",1,-3.5782521923216736e-09,-1.987917884623152e-10
4.0,4,A,"XY,YZ",2,1.8036718778696007e-08,5.566888511943212e-11
4.0,4,A,"XY,YZ",3,-1.1818425067989593e-08,-2.026478921123044e-12
4.0,4,A,"XY,YZ",4,1.8855810634633496e-09,1.7962020494811667e-14
4.0,4,A,"XY,ZI",1,1.1110867514831243e-08,6.172704174906246e-10
4.0,4,A,"XY,ZI",2,-3.638874855929392e-08,-1.1231095234349974e-10
4.0,4,A,"XY,ZI",3,2.260317223070308e-08,3.875715403069801e-12
4.0,4,A,"XY,ZI",4,-3.554804558797497e-09,-3.3863021631587195e-14
4.0,4,A,"XY,ZX",1,-1.5277388961987587e-08,-8.487438312215326e-10
4.0,4,A,"XY,ZX",2,4.809152475503659e-08,1.4843063195998948e-10
4.0,4,A,"XY,ZX",3,-2.9551011042560452e-08,-5.067045789190749e-12
4.0,4,A,"XY,ZX",4,4.628449889816417e-09,4.409055298179029e-14
4.0,4,A,"XY,ZY",1,-9.280645047432928e-09,-5.155913915240516e-10
4.0,4,A,"XY,ZY",2,1.8238116885941033e-08,5.629048421586739e-11
4.0,4,A,"XY,ZY",3,-9.337392152465234e-09,-1.6010617545379345e-12
4.0,4,A,"XY,ZY",4,1.345827786088963e-09,1.2820337849498581e-14
4.0,4,A,"XY,ZZ",1,5.936126306879276e-10,3.297847948266264e-11
4.0,4,A,"XY,ZZ",2,-1.714865350994099e-08,-5.292794293191664e-11
4.0,4,A,"XY,ZZ",3,1.272421609745086e-08,2.1817928836506962e-12
4.0,4,A,"XY,ZZ",4,-2.1298886037966386e-09,-2.0289290921702472e-14
4.0,4,A,"XZ,YI",1,-2.0976354834902604e-09,-1.165353046383478e-10
4.0,4,A,"XZ,YI",2,-1.0343341277348605e-08,-3.192389283132286e-11
4.0,4,A,"XZ,YI",3,8.251497725964202e-09,1.4148658652201992e-12
4.0,4,A,"XZ,YI",4,-1.398885829237021e-09,-1.3325768073054993e-14
4.0,4,A,"XZ,YX",1,1.1431436707650054e-08,6.350798170916696e-10
4.0,4,A,"XZ,YX",2,-1.944124912050768e-08,-6.00038553102089e-11
4.0,4,A,"XZ,YX",3,9.178151637071652e-09,1.5737571394155784e-12
4.0,4,A,"XZ,YX",4,-1.2538842122190619e-09,-1.1944484569988015e-14
4.0,4,A,"XZ,YY",1,4.4778476175454205e-09,2.4876931208585667e-10
4.0,4,A,"XZ,YY",2,2.9642384566974428e-09,9.148884125609391e-12
4.0,4,A,"XZ,YY",3,-3.6580015280564564e-09,-6.272293429452086e-13
4.0,4,A,"XZ,YY",4,6.713665839029274e-10,6.3954292781486e-15
4.0,4,A,"XZ,YZ",1,7.557034650886014e-09,4.1983525838255636e-10
4.0,4,A,"XZ,YZ",2,-1.794276800081269e-08,-5.5378913582755216e-11
4.0,4,A,"XZ,YZ",3,1.0200919872360209e-08,1.7491289218724639e-12
4.0,4,A,"XZ,YZ",4,-1.5533956640140014e-09,-1.4797626733862992e-14
4.0,4,A,"XZ,ZI",1,-1.177907374940912e-08,-6.543929860782844e-10
4.0,4,A,"XZ,ZI",2,1.0415589525348474e-08,3.2146881251075536e-11
4.0,4,A,"XZ,ZI",3,-3.1554937591981754e-09,-5.410654593961206e-13
4.0,4,A,"XZ,ZI",4,3.1414982225925713e-10,2.992587089041849e-15
4.0,4,A,"XZ,ZX",1,-2.983780025119885e-09,-1.6576555695110473e-10
4.0,4,A,"XZ,ZX",2,1.2823003228498378e-08,3.9577170458328326e-11
4.0,4,A,"XZ,ZX",3,-8.513524336743656e-09,-1.4597949822948655e-12
4.0,4,A,"XZ,ZX",4,1.3796257524764563e-09,1.314229683429028e-14
4.0,4,A,"XZ,ZY",1,-7.891906519242523e-09,-4.3843925106902905e-10
4.0,4,A,"XZ,ZY",2,1.0021212212111791e-08,3.0929667321332686e-11
4.0,4,A,"XZ,ZY",3,-4.503075886451978e-09,-7.721323536440291e-13
4.0,4,A,"XZ,ZY",4,6.18194146094391e-10,5.888909332555927e-15
4.0,4,A,"XZ,ZZ",1,4.316265151741785e-09,2.3979250843009916e-10
4.0,4,A,"XZ,ZZ",2,-1.0957708377666927e-08,-3.382008758539175e-11
4.0,4,A,"XZ,ZZ",3,6.658708242133169e-09,1.1417538138088425e-12
4.0,4,A,"XZ,ZZ",4,-1.0512179434578136e-09,-1.0013888350268762e-14
4.0,4,A,"YI,YX",1,1.307576369213722e-09,7.264313162298455e-11
4.0,4,A,"YI,YX",2,-1.575912607824601e-08,-4.8639278019277815e-11
4.0,4,A,"YI,YX",3,1.2280918228137228e-08,2.1057815891867675e-12
4.0,4,A,"YI,YX",4,-2.123946771218485e-09,-2.0232689102447086e-14
4.0,4,A,"YI,YY",1,1.984889440224047e-08,1.102716355680026e-09
4.0,4,A,"YI,YY",2,-3.7995727861661756e-08,-1.1727076500512888e-10
4.0,4,A,"YI,YY",3,2.0203483127474568e-08,3.464246078099206e-12
4.0,4,A,"YI,YY",4,-2.979601634319242e-09,-2.8383646112628045e-14
4.0,4,A,"YI,YZ",1,2.5430829699770697e-08,1.4128238722094831e-09
4.0,4,A,"YI,YZ",2,-5.797000130030792e-08,-1.789197570997158e-10
4.0,4,A,"YI,YZ",3,3.286717946208689e-08,5.6356617733345155e-12
4.0,4,A,"YI,YZ",4,-4.987630048974984e-09,-4.751209846988821e-14
4.0,4,A,"YI,ZI",1,1.818764825957642e-08,1.0104249033098011e-09
4.0,4,A,"YI,ZI",2,-4.4462478901801944e-08,-1.372298731537097e-10
4.0,4,A,"YI,ZI",3,2.521054262644964e-08,4.322795374905631e-12
4.0,4,A,"YI,ZI",4,-3.810855300091716e-09,-3.630215763690478e-14
4.0,4,A,"YI,ZX",1,-4.648333301730802e-09,-2.5824073898504455e-10
4.0,4,A,"YI,ZX",2,1.2291720805262249e-08,3.793740989278472e-11
4.0,4,A,"YI,ZX",3,-6.668257204450336e-09,-1.1433911530264635e-12
4.0,4,A,"YI,ZX",4,9.71927600594055e-10,9.258569583467222e-15
4.0,4,A,"YI,ZY",1,1.2844802491565843e-09,7.136001384203246e-11
4.0,4,A,"YI,ZY",2,-9.386095969288886e-09,-2.8969432003978044e-11
4.0,4,A,"YI,ZY",3,6.153341744538181e-09,1.0550997504352162e-12
4.0,4,A,"YI,ZY",4,-9.750495572126466e-10,-9.288309301294073e-15
4.0,4,A,"YI,ZZ",1,-1.1528674395161537e-08,-6.404819108423075e-10
4.0,4,A,"YI,ZZ",2,2.2513130507748672e-08,6.9484970702928e-11
4.0,4,A,"YI,ZZ",3,-1.249665460607653e-08,-2.1427734235384996e-12
4.0,4,A,"YI,ZZ",4,1.894641326822654e-09,1.804832844481266e-14
4.0,4,A,"YX,YY",1,-1.3234253181394191e-08,-7.352362878552328e-10
4.0,4,A,"YX,YY",2,1.088239348204944e-08,3.35876342038563e-11
4.0,4,A,"YX,YY",3,-1.5395528739448749e-09,-2.639836889480238e-13
4.0,4,A,"YX,YY",4,-1.0813834805105292e-10,-1.0301244860830372e-15
4.0,4,A,"YX,YZ",1,-1.2971715674766472e-08,-7.206508708203596e-10
4.0,4,A,"YX,YZ",2,1.8705693381924082e-08,5.77336215491484e-11
4.0,4,A,"YX,YZ",3,-7.70147861887612e-09,-1.320555318737332e-12
4.0,4,A,"YX,YZ",4,9.628397965900748e-10,9.17199928164604e-15
4.0,4,A,"YX,ZI",1,9.131921951632464e-09,5.073289973129147e-10
4.0,4,A,"YX,ZI",2,-1.3632905208327853e-08,-4.207686792693782e-11
4.0,4,A,"YX,ZI",3,5.9590258326489765e-09,1.0217808355022251e-12
4.0,4,A,"YX,ZI",4,-7.790770321182422e-10,-7.421477596005203e-15
4.0,4,A,"YX,ZX",1,3.1004216769252236e-09,1.72245648718068e-10
4.0,4,A,"YX,ZX",2,-1.3849994126700637e-08,-4.2746895452779744e-11
4.0,4,A,"YX,ZX",3,9.104592310876044e-09,1.561144086227031e-12
4.0,4,A,"YX,ZX",4,-1.4720461270474787e-09,-1.4022692111029938e-14
4.0,4,A,"YX,ZY",1,7.538880996273415e-09,4.188267220151897e-10
4.0,4,A,"YX,ZY",2,-9.206695591551202e-09,-2.841572713441729e-11
4.0,4,A,"YX,ZY",3,3.725573094906345e-09,6.388156884270139e-13
4.0,4,A,"YX,ZY",4,-4.715218787966516e-10,-4.4917112368222414e-15
4.0,4,A,"YX,ZZ",1,-2.241012206060746e-09,-1.2450067811448588e-10
4.0,4,A,"YX,ZZ",2,1.7836346970411786e-08,5.505045361238206e-11
4.0,4,A,"YX,ZZ",3,-1.2417638160909192e-08,-2.1292246503616584e-12
4.0,4,A,"YX,ZZ",4,2.0437251943312085e-09,1.94684994125439e-14
4.0,4,A,"YY,YZ",1,-6.6624598718371105e-09,-3.701366595465061e-10
4.0,4,A,"YY,YZ",2,1.575586629958924e-08,4.862921697404086e-11
4.0,4,A,"YY,YZ",3,-9.061369831040902e-09,-1.5537328242525552e-12
4.0,4,A,"YY,YZ",4,1.3848907864581201e-09,1.3192451478986818e-14
4.0,4,A,"YY,ZI",1,-2.669334035678347e-08,-1.4829633531546374e-09
4.0,4,A,"YY,ZI",2,4.978771623507324e-08,1.536657908489915e-10
4.0,4,A,"YY,ZI",3,-2.5704534936063467e-08,-4.4074991316981256e-12
4.0,4,A,"YY,ZI",4,3.724277304642346e-09,3.547741678709749e-14
4.0,4,A,"YY,ZX",1,4.9525057505731594e-09,2.7513920836517553e-10
4.0,4,A,"YY,ZX",2,-9.385070752828954e-09,-2.896626775564492e-11
4.0,4,A,"YY,ZX",3,4.203303362311867e-09,7.207310292029949e-13
4.0,4,A,"YY,ZX",4,-5.358326200617718e-10,-5.104334515144145e-15
4.0,4,A,"YY,ZY",1,-2.4915106408120674e-09,-1.3841725782289262e-10
4.0,4,A,"YY,ZY",2,-6.763978800696697e-10,-2.087647777992808e-12
4.0,4,A,"YY,ZY",3,1.6692504381835694e-09,2.8622264029210724e-13
4.0,4,A,"YY,ZY",4,-3.4330887073275154e-10,-3.2703558025906067e-15
4.0,4,A,"YY,ZZ",1,-2.6742618113769987e-09,-1.485701006320555e-10
4.0,4,A,"YY,ZZ",2,8.267163087352466e-09,2.551593545479156e-11
4.0,4,A,"YY,ZZ",3,-3.6618597088333074e-09,-6.278908965763559e-13
4.0,4,A,"YY,ZZ",4,4.5203471038253663e-10,4.306076725942469e-15
4.0,4,A,"YZ,ZI",1,1.1822494629033143e-08,6.568052571685079e-10
4.0,4,A,"YZ,ZI",2,-3.600221048318279e-08,-1.1111793359007035e-10
4.0,4,A,"YZ,ZI",3,2.2277718064002884e-08,3.8199105048015915e-12
4.0,4,A,"YZ,ZI",4,-3.5220379010056404e-09,-3.355088687895938e-14
4.0,4,A,"YZ,ZX",1,1.6858227614476763e-08,9.365682008042647e-10
4.0,4,A,"YZ,ZX",2,-4.132371547491358e-08,-1.2754233171269622e-10
4.0,4,A,"YZ,ZX",3,2.3896426631768604e-08,4.097466843581722e-12
4.0,4,A,"YZ,ZX",4,-3.6566089984550722e-09,-3.4832809389337296e-14
4.0,4,A,"YZ,ZY",1,2.5229901593022513e-08,1.401661199612362e-09
4.0,4,A,"YZ,ZY",2,-6.817004775674375e-08,-2.104013819652585e-10
4.0,4,A,"YZ,ZY",3,3.958929393034339e-08,6.78828771096423e-12
4.0,4,A,"YZ,ZY",4,-6.044574591806972e-09,-5.758053833073247e-14
4.0,4,A,"YZ,ZZ",1,1.1828827041144366e-08,6.571570578413537e-10
4.0,4,A,"YZ,ZZ",2,-2.827449828101716e-08,-8.726697000313938e-11
4.0,4,A,"YZ,ZZ",3,1.6200538184414176e-08,2.7778700590559287e-12
4.0,4,A,"YZ,ZZ",4,-2.462671359465318e-09,-2.3459375090166493e-14
4.0,4,A,"ZI,ZX",1,1.670070027357088e-08,9.278166818650488e-10
4.0,4,A,"ZI,ZX",2,-4.9259496244368586e-08,-1.5203548223570552e-10
4.0,4,A,"ZI,ZX",3,3.014791872789653e-08,5.16939621534577e-12
4.0,4,A,"ZI,ZX",4,-4.729473118789799e-09,-4.5052898936802684e-14
4.0,4,A,"ZI,ZY",1,2.155548954370105e-09,1.1975271968722806e-10
4.0,4,A,"ZI,ZY",2,-6.9521923059887406e-09,-2.1457383660459075e-11
4.0,4,A,"ZI,ZY",3,4.225132959681596e-09,7.244741014543202e-13
4.0,4,A,"ZI,ZY",4,-6.496078840058796e-10,-6.1881561881370946e-15
4.0,4,A,"ZI,ZZ",1,-9.023766371802732e-09,-5.013203539890406e-10
4.0,4,A,"ZI,ZZ",2,2.821460893855281e-08,8.708212635355806e-11
4.0,4,A,"ZI,ZZ",3,-1.7165141134026232e-08,-2.9432683700319328e-12
4.0,4,A,"ZI,ZZ",4,2.6860557001283553e-09,2.558733139125472e-14
4.0,4,A,"ZX,ZY",1,-2.8696180711744907e-09,-1.5942322617636059e-10
4.0,4,A,"ZX,ZY",2,2.0863948839193198e-08,6.439490382467037e-11
4.0,4,A,"ZX,ZY",3,-1.4641017607277503e-08,-2.5104625526881864e-12
4.0,4,A,"ZX,ZY",4,2.4090330421199826e-09,2.2948417182212913e-14
4.0,4,A,"ZX,ZZ",1,1.1658116783435204e-08,6.476731546352891e-10
4.0,4,A,"ZX,ZZ",2,-2.174163975842461e-08,-6.710382641489077e-11
4.0,4,A,"ZX,ZZ",3,1.1254855516023826e-08,1.929844910154977e-12
4.0,4,A,"ZX,ZZ",4,-1.6417204963609179e-09,-1.5639007929059192e-14
4.0,4,A,"ZY,ZZ",1,-1.9357147537258915e-09,-1.0753970854032731e-10
4.0,4,A,"ZY,ZZ",2,2.24856492342534e-09,6.9400151957572224e-12
4.0,4,A,"ZY,ZZ",3,-9.132687236720306e-11,-1.5659614603429882e-14
4.0,4,A,"ZY,ZZ",4,-7.891242340088494e-11,-7.517187109518837e-16
