dataset,nbar,rate_multiplier,rate_s^-1,sector,mode,coefficient_per_gate
training,0.01,0.0,0.0,H,IX,0.0
training,0.01,0.0,0.0,H,IY,0.0
training,0.01,0.0,0.0,H,IZ,0.0
training,0.01,0.0,0.0,H,XI,0.0
training,0.01,0.0,0.0,H,XX,0.0
training,0.01,0.0,0.0,H,XY,0.0
training,0.01,0.0,0.0,H,XZ,0.0
training,0.01,0.0,0.0,H,YI,0.0
training,0.01,0.0,0.0,H,YX,0.0
training,0.01,0.0,0.0,H,YY,0.0
training,0.01,0.0,0.0,H,YZ,0.0
training,0.01,0.0,0.0,H,ZI,0.0
training,0.01,0.0,0.0,H,ZX,0.0
training,0.01,0.0,0.0,H,ZY,0.0
training,0.01,0.0,0.0,H,ZZ,0.0
training,0.01,0.0,0.0,S,IX,0.0
training,0.01,0.0,0.0,S,IY,0.0
training,0.01,0.0,0.0,S,IZ,0.0
training,0.01,0.0,0.0,S,XI,0.0
training,0.01,0.0,0.0,S,XX,0.0
training,0.01,0.0,0.0,S,XY,0.0
training,0.01,0.0,0.0,S,XZ,0.0
training,0.01,0.0,0.0,S,YI,0.0
training,0.01,0.0,0.0,S,YX,0.0
training,0.01,0.0,0.0,S,YY,0.0
training,0.01,0.0,0.0,S,YZ,0.0
training,0.01,0.0,0.0,S,ZI,0.0
training,0.01,0.0,0.0,S,ZX,0.0
training,0.01,0.0,0.0,S,ZY,0.0
training,0.01,0.0,0.0,S,ZZ,0.0
training,0.01,0.0,0.0,C,"IX,IY",0.0
training,0.01,0.0,0.0,C,"IX,IZ",0.0
training,0.01,0.0,0.0,C,"IX,XI",0.0
training,0.01,0.0,0.0,C,"IX,XX",0.0
training,0.01,0.0,0.0,C,"IX,XY",0.0
training,0.01,0.0,0.0,C,"IX,XZ",0.0
training,0.01,0.0,0.0,C,"IX,YI",0.0
training,0.01,0.0,0.0,C,"IX,YX",0.0
training,0.01,0.0,0.0,C,"IX,YY",0.0
training,0.01,0.0,0.0,C,"IX,YZ",0.0
training,0.01,0.0,0.0,C,"IX,ZI",0.0
training,0.01,0.0,0.0,C,"IX,ZX",0.0
training,0.01,0.0,0.0,C,"IX,ZY",0.0
training,0.01,0.0,0.0,C,"IX,ZZ",0.0
training,0.01,0.0,0.0,C,"IY,IZ",0.0
training,0.01,0.0,0.0,C,"IY,XI",0.0
training,0.01,0.0,0.0,C,"IY,XX",0.0
training,0.01,0.0,0.0,C,"IY,XY",0.0
training,0.01,0.0,0.0,C,"IY,XZ",0.0
training,0.01,0.0,0.0,C,"IY,YI",0.0
training,0.01,0.0,0.0,C,"IY,YX",0.0
training,0.01,0.0,0.0,C,"IY,YY",0.0
training,0.01,0.0,0.0,C,"IY,YZ",0.0
training,0.01,0.0,0.0,C,"IY,ZI",0.0
training,0.01,0.0,0.0,C,"IY,ZX",0.0
training,0.01,0.0,0.0,C,"IY,ZY",0.0
training,0.01,0.0,0.0,C,"IY,ZZ",0.0
training,0.01,0.0,0.0,C,"IZ,XI",0.0
training,0.01,0.0,0.0,C,"IZ,XX",0.0
training,0.01,0.0,0.0,C,"IZ,XY",0.0
training,0.01,0.0,0.0,C,"IZ,XZ",0.0
training,0.01,0.0,0.0,C,"IZ,YI",0.0
training,0.01,0.0,0.0,C,"IZ,YX",0.0
training,0.01,0.0,0.0,C,"IZ,YY",0.0
training,0.01,0.0,0.0,C,"IZ,YZ",0.0
training,0.01,0.0,0.0,C,"IZ,ZI",0.0
training,0.01,0.0,0.0,C,"IZ,ZX",0.0
training,0.01,0.0,0.0,C,"IZ,ZY",0.0
training,0.01,0.0,0.0,C,"IZ,ZZ",0.0
training,0.01,0.0,0.0,C,"XI,XX",0.0
training,0.01,0.0,0.0,C,"XI,XY",0.0
training,0.01,0.0,0.0,C,"XI,XZ",0.0
training,0.01,0.0,0.0,C,"XI,YI",0.0
training,0.01,0.0,0.0,C,"XI,YX",0.0
training,0.01,0.0,0.0,C,"XI,YY",0.0
training,0.01,0.0,0.0,C,"XI,YZ",0.0
training,0.01,0.0,0.0,C,"XI,ZI",0.0
training,0.01,0.0,0.0,C,"XI,ZX",0.0
training,0.01,0.0,0.0,C,"XI,ZY",0.0
training,0.01,0.0,0.0,C,"XI,ZZ",0.0
training,0.01,0.0,0.0,C,"XX,XY",0.0
training,0.01,0.0,0.0,C,"XX,XZ",0.0
training,0.01,0.0,0.0,C,"XX,YI",0.0
training,0.01,0.0,0.0,C,"XX,YX",0.0
training,0.01,0.0,0.0,C,"XX,YY",0.0
training,0.01,0.0,0.0,C,"XX,YZ",0.0
training,0.01,0.0,0.0,C,"XX,ZI",0.0
training,0.01,0.0,0.0,C,"XX,ZX",0.0
training,0.01,0.0,0.0,C,"XX,ZY",0.0
training,0.01,0.0,0.0,C,"XX,ZZ",0.0
training,0.01,0.0,0.0,C,"XY,XZ",0.0
training,0.01,0.0,0.0,C,"XY,YI",0.0
training,0.01,0.0,0.0,C,"XY,YX",0.0
training,0.01,0.0,0.0,C,"XY,YY",0.0
training,0.01,0.0,0.0,C,"XY,YZ",0.0
training,0.01,0.0,0.0,C,"XY,ZI",0.0
training,0.01,0.0,0.0,C,"XY,ZX",0.0
training,0.01,0.0,0.0,C,"XY,ZY",0.0
training,0.01,0.0,0.0,C,"XY,ZZ",0.0
training,0.01,0.0,0.0,C,"XZ,YI",0.0
training,0.01,0.0,0.0,C,"XZ,YX",0.0
training,0.01,0.0,0.0,C,"XZ,YY",0.0
training,0.01,0.0,0.0,C,"XZ,YZ",0.0
training,0.01,0.0,0.0,C,"XZ,ZI",0.0
training,0.01,0.0,0.0,C,"XZ,ZX",0.0
training,0.01,0.0,0.0,C,"XZ,ZY",0.0
training,0.01,0.0,0.0,C,"XZ,ZZ",0.0
training,0.01,0.0,0.0,C,"YI,YX",0.0
training,0.01,0.0,0.0,C,"YI,YY",0.0
training,0.01,0.0,0.0,C,"YI,YZ",0.0
training,0.01,0.0,0.0,C,"YI,ZI",0.0
training,0.01,0.0,0.0,C,"YI,ZX",0.0
training,0.01,0.0,0.0,C,"YI,ZY",0.0
training,0.01,0.0,0.0,C,"YI,ZZ",0.0
training,0.01,0.0,0.0,C,"YX,YY",0.0
training,0.01,0.0,0.0,C,"YX,YZ",0.0
training,0.01,0.0,0.0,C,"YX,ZI",0.0
training,0.01,0.0,0.0,C,"YX,ZX",0.0
training,0.01,0.0,0.0,C,"YX,ZY",0.0
training,0.01,0.0,0.0,C,"YX,ZZ",0.0
training,0.01,0.0,0.0,C,"YY,YZ",0.0
training,0.01,0.0,0.0,C,"YY,ZI",0.0
training,0.01,0.0,0.0,C,"YY,ZX",0.0
training,0.01,0.0,0.0,C,"YY,ZY",0.0
training,0.01,0.0,0.0,C,"YY,ZZ",0.0
training,0.01,0.0,0.0,C,"YZ,ZI",0.0
training,0.01,0.0,0.0,C,"YZ,ZX",0.0
training,0.01,0.0,0.0,C,"YZ,ZY",0.0
training,0.01,0.0,0.0,C,"YZ,ZZ",0.0
training,0.01,0.0,0.0,C,"ZI,ZX",0.0
training,0.01,0.0,0.0,C,"ZI,ZY",0.0
training,0.01,0.0,0.0,C,"ZI,ZZ",0.0
training,0.01,0.0,0.0,C,"ZX,ZY",0.0
training,0.01,0.0,0.0,C,"ZX,ZZ",0.0
training,0.01,0.0,0.0,C,"ZY,ZZ",0.0
training,0.01,0.0,0.0,A,"IX,IY",0.0
training,0.01,0.0,0.0,A,"IX,IZ",0.0
training,0.01,0.0,0.0,A,"IX,XI",0.0
training,0.01,0.0,0.0,A,"IX,XX",0.0
training,0.01,0.0,0.0,A,"IX,XY",0.0
training,0.01,0.0,0.0,A,"IX,XZ",0.0
training,0.01,0.0,0.0,A,"IX,YI",0.0
training,0.01,0.0,0.0,A,"IX,YX",0.0
training,0.01,0.0,0.0,A,"IX,YY",0.0
training,0.01,0.0,0.0,A,"IX,YZ",0.0
training,0.01,0.0,0.0,A,"IX,ZI",0.0
training,0.01,0.0,0.0,A,"IX,ZX",0.0
training,0.01,0.0,0.0,A,"IX,ZY",0.0
training,0.01,0.0,0.0,A,"IX,ZZ",0.0
training,0.01,0.0,0.0,A,"IY,IZ",0.0
training,0.01,0.0,0.0,A,"IY,XI",0.0
training,0.01,0.0,0.0,A,"IY,XX",0.0
training,0.01,0.0,0.0,A,"IY,XY",0.0
training,0.01,0.0,0.0,A,"IY,XZ",0.0
training,0.01,0.0,0.0,A,"IY,YI",0.0
training,0.01,0.0,0.0,A,"IY,YX",0.0
training,0.01,0.0,0.0,A,"IY,YY",0.0
training,0.01,0.0,0.0,A,"IY,YZ",0.0
training,0.01,0.0,0.0,A,"IY,ZI",0.0
training,0.01,0.0,0.0,A,"IY,ZX",0.0
training,0.01,0.0,0.0,A,"IY,ZY",0.0
training,0.01,0.0,0.0,A,"IY,ZZ",0.0
training,0.01,0.0,0.0,A,"IZ,XI",0.0
training,0.01,0.0,0.0,A,"IZ,XX",0.0
training,0.01,0.0,0.0,A,"IZ,XY",0.0
training,0.01,0.0,0.0,A,"IZ,XZ",0.0
training,0.01,0.0,0.0,A,"IZ,YI",0.0
training,0.01,0.0,0.0,A,"IZ,YX",0.0
training,0.01,0.0,0.0,A,"IZ,YY",0.0
training,0.01,0.0,0.0,A,"IZ,YZ",0.0
training,0.01,0.0,0.0,A,"IZ,ZI",0.0
training,0.01,0.0,0.0,A,"IZ,ZX",0.0
training,0.01,0.0,0.0,A,"IZ,ZY",0.0
training,0.01,0.0,0.0,A,"IZ,ZZ",0.0
training,0.01,0.0,0.0,A,"XI,XX",0.0
training,0.01,0.0,0.0,A,"XI,XY",0.0
training,0.01,0.0,0.0,A,"XI,XZ",0.0
training,0.01,0.0,0.0,A,"XI,YI",0.0
training,0.01,0.0,0.0,A,"XI,YX",0.0
training,0.01,0.0,0.0,A,"XI,YY",0.0
training,0.01,0.0,0.0,A,"XI,YZ",0.0
training,0.01,0.0,0.0,A,"XI,ZI",0.0
training,0.01,0.0,0.0,A,"XI,ZX",0.0
training,0.01,0.0,0.0,A,"XI,ZY",0.0
training,0.01,0.0,0.0,A,"XI,ZZ",0.0
training,0.01,0.0,0.0,A,"XX,XY",0.0
training,0.01,0.0,0.0,A,"XX,XZ",0.0
training,0.01,0.0,0.0,A,"XX,YI",0.0
training,0.01,0.0,0.0,A,"XX,YX",0.0
training,0.01,0.0,0.0,A,"XX,YY",0.0
training,0.01,0.0,0.0,A,"XX,YZ",0.0
training,0.01,0.0,0.0,A,"XX,ZI",0.0
training,0.01,0.0,0.0,A,"XX,ZX",0.0
training,0.01,0.0,0.0,A,"XX,ZY",0.0
training,0.01,0.0,0.0,A,"XX,ZZ",0.0
training,0.01,0.0,0.0,A,"XY,XZ",0.0
training,0.01,0.0,0.0,A,"XY,YI",0.0
training,0.01,0.0,0.0,A,"XY,YX",0.0
training,0.01,0.0,0.0,A,"XY,YY",0.0
training,0.01,0.0,0.0,A,"XY,YZ",0.0
training,0.01,0.0,0.0,A,"XY,ZI",0.0
training,0.01,0.0,0.0,A,"XY,ZX",0.0
training,0.01,0.0,0.0,A,"XY,ZY",0.0
training,0.01,0.0,0.0,A,"XY,ZZ",0.0
training,0.01,0.0,0.0,A,"XZ,YI",0.0
training,0.01,0.0,0.0,A,"XZ,YX",0.0
training,0.01,0.0,0.0,A,"XZ,YY",0.0
training,0.01,0.0,0.0,A,"XZ,YZ",0.0
training,0.01,0.0,0.0,A,"XZ,ZI",0.0
training,0.01,0.0,0.0,A,"XZ,ZX",0.0
training,0.01,0.0,0.0,A,"XZ,ZY",0.0
training,0.01,0.0,0.0,A,"XZ,ZZ",0.0
training,0.01,0.0,0.0,A,"YI,YX",0.0
training,0.01,0.0,0.0,A,"YI,YY",0.0
training,0.01,0.0,0.0,A,"YI,YZ",0.0
training,0.01,0.0,0.0,A,"YI,ZI",0.0
training,0.01,0.0,0.0,A,"YI,ZX",0.0
training,0.01,0.0,0.0,A,"YI,ZY",0.0
training,0.01,0.0,0.0,A,"YI,ZZ",0.0
training,0.01,0.0,0.0,A,"YX,YY",0.0
training,0.01,0.0,0.0,A,"YX,YZ",0.0
training,0.01,0.0,0.0,A,"YX,ZI",0.0
training,0.01,0.0,0.0,A,"YX,ZX",0.0
training,0.01,0.0,0.0,A,"YX,ZY",0.0
training,0.01,0.0,0.0,A,"YX,ZZ",0.0
training,0.01,0.0,0.0,A,"YY,YZ",0.0
training,0.01,0.0,0.0,A,"YY,ZI",0.0
training,0.01,0.0,0.0,A,"YY,ZX",0.0
training,0.01,0.0,0.0,A,"YY,ZY",0.0
training,0.01,0.0,0.0,A,"YY,ZZ",0.0
training,0.01,0.0,0.0,A,"YZ,ZI",0.0
training,0.01,0.0,0.0,A,"YZ,ZX",0.0
training,0.01,0.0,0.0,A,"YZ,ZY",0.0
training,0.01,0.0,0.0,A,"YZ,ZZ",0.0
training,0.01,0.0,0.0,A,"ZI,ZX",0.0
training,0.01,0.0,0.0,A,"ZI,ZY",0.0
training,0.01,0.0,0.0,A,"ZI,ZZ",0.0
training,0.01,0.0,0.0,A,"ZX,ZY",0.0
training,0.01,0.0,0.0,A,"ZX,ZZ",0.0
training,0.01,0.0,0.0,A,"ZY,ZZ",0.0
training,0.01,0.5,9.0,H,IX,-9.82486248040258e-09
training,0.01,0.5,9.0,H,IY,-4.688791676221202e-09
training,0.01,0.5,9.0,H,IZ,3.7528976581667e-12
training,0.01,0.5,9.0,H,XI,-1.4791488113285495e-09
training,0.01,0.5,9.0,H,XX,-4.189072027262121e-06
training,0.01,0.5,9.0,H,XY,-1.3006109852201879e-09
training,0.01,0.5,9.0,H,XZ,1.7900468610682927e-09
training,0.01,0.5,9.0,H,YI,-6.992798529243854e-10
training,0.01,0.5,9.0,H,YX,1.2390392008931177e-09
training,0.01,0.5,9.0,H,YY,3.8268775611334655e-09
training,0.01,0.5,9.0,H,YZ,1.779855301439119e-09
training,0.01,0.5,9.0,H,ZI,-7.302562211768624e-11
training,0.01,0.5,9.0,H,ZX,1.92062065125976e-09
training,0.01,0.5,9.0,H,ZY,4.3519135350927326e-09
training,0.01,0.5,9.0,H,ZZ,-2.7939094863791487e-15
training,0.01,0.5,9.0,S,IX,0.00011092697162886611
training,0.01,0.5,9.0,S,IY,1.401096449174218e-09
training,0.01,0.5,9.0,S,IZ,4.889694276918616e-10
training,0.01,0.5,9.0,S,XI,0.00011091659801055304
training,0.01,0.5,9.0,S,XX,8.06608974902941e-05
training,0.01,0.5,9.0,S,XY,-9.46528001471796e-10
training,0.01,0.5,9.0,S,XZ,-8.505785758413102e-10
training,0.01,0.5,9.0,S,YI,-1.0101349757601344e-09
training,0.01,0.5,9.0,S,YX,6.088783851567435e-10
training,0.01,0.5,9.0,S,YY,-4.0694992406269115e-10
training,0.01,0.5,9.0,S,YZ,-2.0829443132466688e-10
training,0.01,0.5,9.0,S,ZI,2.9466556079383623e-09
training,0.01,0.5,9.0,S,ZX,2.1327749369091093e-09
training,0.01,0.5,9.0,S,ZY,1.9541955454139493e-09
training,0.01,0.5,9.0,S,ZZ,1.186220132676778e-09
training,0.01,0.5,9.0,C,"IX,IY",8.060246928898856e-10
training,0.01,0.5,9.0,C,"IX,IZ",3.1580932181433254e-09
training,0.01,0.5,9.0,C,"IX,XI",0.0001109220973884108
training,0.01,0.5,9.0,C,"IX,XX",5.206968239501424e-09
training,0.01,0.5,9.0,C,"IX,XY",-3.664686673218878e-09
training,0.01,0.5,9.0,C,"IX,XZ",-2.4559606107010743e-09
training,0.01,0.5,9.0,C,"IX,YI",1.2899185423285584e-09
training,0.01,0.5,9.0,C,"IX,YX",-3.604578842960169e-09
training,0.01,0.5,9.0,C,"IX,YY",-2.0262539431313277e-09
training,0.01,0.5,9.0,C,"IX,YZ",-1.5780178706859115e-10
training,0.01,0.5,9.0,C,"IX,ZI",3.214863596821208e-09
training,0.01,0.5,9.0,C,"IX,ZX",-1.856262472299871e-09
training,0.01,0.5,9.0,C,"IX,ZY",9.762080595833588e-13
training,0.01,0.5,9.0,C,"IX,ZZ",-3.3338309197699133e-09
training,0.01,0.5,9.0,C,"IY,IZ",1.8195934822227788e-09
training,0.01,0.5,9.0,C,"IY,XI",3.9629294329464565e-10
training,0.01,0.5,9.0,C,"IY,XX",1.8720581400421223e-09
training,0.01,0.5,9.0,C,"IY,XY",1.362361480390413e-09
training,0.01,0.5,9.0,C,"IY,XZ",-4.3629684327845366e-10
training,0.01,0.5,9.0,C,"IY,YI",-1.396700923406924e-11
training,0.01,0.5,9.0,C,"IY,YX",1.411964281564731e-09
training,0.01,0.5,9.0,C,"IY,YY",1.7650067407668554e-09
training,0.01,0.5,9.0,C,"IY,YZ",-2.0417951882433773e-09
training,0.01,0.5,9.0,C,"IY,ZI",1.471940162690714e-09
training,0.01,0.5,9.0,C,"IY,ZX",9.116781494586097e-11
training,0.01,0.5,9.0,C,"IY,ZY",-3.272915127390215e-09
training,0.01,0.5,9.0,C,"IY,ZZ",1.0806246168635653e-09
training,0.01,0.5,9.0,C,"IZ,XI",2.092745244025801e-09
training,0.01,0.5,9.0,C,"IZ,XX",1.1753190909073172e-09
training,0.01,0.5,9.0,C,"IZ,XY",8.739529931732585e-11
training,0.01,0.5,9.0,C,"IZ,XZ",-4.726221457467037e-10
training,0.01,0.5,9.0,C,"IZ,YI",7.30961339993012e-10
training,0.01,0.5,9.0,C,"IZ,YX",-1.5999375261546591e-09
training,0.01,0.5,9.0,C,"IZ,YY",6.452129483009437e-10
training,0.01,0.5,9.0,C,"IZ,YZ",5.38628030937409e-10
training,0.01,0.5,9.0,C,"IZ,ZI",-1.1755451750923355e-09
training,0.01,0.5,9.0,C,"IZ,ZX",1.714491548101661e-10
training,0.01,0.5,9.0,C,"IZ,ZY",8.15771281245299e-10
training,0.01,0.5,9.0,C,"IZ,ZZ",-2.0653179138417403e-09
training,0.01,0.5,9.0,C,"XI,XX",6.475401132120467e-10
training,0.01,0.5,9.0,C,"XI,XY",-4.21534050821694e-09
training,0.01,0.5,9.0,C,"XI,XZ",-3.1230066144811115e-09
training,0.01,0.5,9.0,C,"XI,YI",4.2184414074930983e-10
training,0.01,0.5,9.0,C,"XI,YX",-3.805534339898984e-09
training,0.01,0.5,9.0,C,"XI,YY",-3.563401991352674e-09
training,0.01,0.5,9.0,C,"XI,YZ",2.317360561142594e-10
training,0.01,0.5,9.0,C,"XI,ZI",3.559159018315057e-09
training,0.01,0.5,9.0,C,"XI,ZX",-3.4111962550608453e-09
training,0.01,0.5,9.0,C,"XI,ZY",-7.46782331099596e-11
training,0.01,0.5,9.0,C,"XI,ZZ",-2.7950407978297446e-09
training,0.01,0.5,9.0,C,"XX,XY",9.26984923697879e-11
training,0.01,0.5,9.0,C,"XX,XZ",4.52529155567674e-09
training,0.01,0.5,9.0,C,"XX,YI",1.957932373621246e-09
training,0.01,0.5,9.0,C,"XX,YX",2.1753158589338557e-11
training,0.01,0.5,9.0,C,"XX,YY",4.832480837212117e-09
training,0.01,0.5,9.0,C,"XX,YZ",-2.129509906889312e-09
training,0.01,0.5,9.0,C,"XX,ZI",-1.409843617006912e-09
training,0.01,0.5,9.0,C,"XX,ZX",5.713509059348052e-10
training,0.01,0.5,9.0,C,"XX,ZY",-2.5796466890175917e-09
training,0.01,0.5,9.0,C,"XX,ZZ",-5.674293584750128e-10
training,0.01,0.5,9.0,C,"XY,XZ",-4.433572844083328e-10
training,0.01,0.5,9.0,C,"XY,YI",1.7921417866643676e-09
training,0.01,0.5,9.0,C,"XY,YX",-3.0423728980086965e-09
training,0.01,0.5,9.0,C,"XY,YY",1.4428270557315158e-09
training,0.01,0.5,9.0,C,"XY,YZ",1.5378743708295337e-09
training,0.01,0.5,9.0,C,"XY,ZI",-2.572067046046131e-09
training,0.01,0.5,9.0,C,"XY,ZX",1.8295647415918783e-09
training,0.01,0.5,9.0,C,"XY,ZY",2.3275820778811584e-09
training,0.01,0.5,9.0,C,"XY,ZZ",-3.771890844843452e-09
training,0.01,0.5,9.0,C,"XZ,YI",-1.3182288642376787e-09
training,0.01,0.5,9.0,C,"XZ,YX",2.413466971977999e-10
training,0.01,0.5,9.0,C,"XZ,YY",-2.017321955428915e-09
training,0.01,0.5,9.0,C,"XZ,YZ",-2.430056421418571e-10
training,0.01,0.5,9.0,C,"XZ,ZI",1.0487008428722791e-09
training,0.01,0.5,9.0,C,"XZ,ZX",-9.765174060412905e-12
training,0.01,0.5,9.0,C,"XZ,ZY",-1.3186455726003404e-09
training,0.01,0.5,9.0,C,"XZ,ZZ",7.403104947304321e-10
training,0.01,0.5,9.0,C,"YI,YX",5.510329589140776e-10
training,0.01,0.5,9.0,C,"YI,YY",-9.704870927509232e-10
training,0.01,0.5,9.0,C,"YI,YZ",-7.604787008235828e-10
training,0.01,0.5,9.0,C,"YI,ZI",1.4445349262124674e-10
training,0.01,0.5,9.0,C,"YI,ZX",-2.582160859692769e-09
training,0.01,0.5,9.0,C,"YI,ZY",-7.540510922363728e-10
training,0.01,0.5,9.0,C,"YI,ZZ",5.014381310906968e-10
training,0.01,0.5,9.0,C,"YX,YY",-4.2488667689576907e-10
training,0.01,0.5,9.0,C,"YX,YZ",9.259074492301334e-10
training,0.01,0.5,9.0,C,"YX,ZI",1.7203088393800017e-09
training,0.01,0.5,9.0,C,"YX,ZX",-3.178236779852914e-10
training,0.01,0.5,9.0,C,"YX,ZY",-4.025840464872813e-10
training,0.01,0.5,9.0,C,"YX,ZZ",-7.252423107840233e-10
training,0.01,0.5,9.0,C,"YY,YZ",-6.065943088106781e-10
training,0.01,0.5,9.0,C,"YY,ZI",1.7791590048830062e-10
training,0.01,0.5,9.0,C,"YY,ZX",-1.2665628240949725e-09
training,0.01,0.5,9.0,C,"YY,ZY",-2.2483467707830694e-09
training,0.01,0.5,9.0,C,"YY,ZZ",-6.531390882339404e-10
training,0.01,0.5,9.0,C,"YZ,ZI",4.930032783245804e-10
training,0.01,0.5,9.0,C,"YZ,ZX",1.376014856592224e-09
training,0.01,0.5,9.0,C,"YZ,ZY",-6.856743891135611e-10
training,0.01,0.5,9.0,C,"YZ,ZZ",6.492365767653625e-10
training,0.01,0.5,9.0,C,"ZI,ZX",5.461652334323047e-10
training,0.01,0.5,9.0,C,"ZI,ZY",-1.4703660027834532e-09
training,0.01,0.5,9.0,C,"ZI,ZZ",7.466171602596959e-10
training,0.01,0.5,9.0,C,"ZX,ZY",-1.422519979236173e-09
training,0.01,0.5,9.0,C,"ZX,ZZ",1.2121505971280567e-10
training,0.01,0.5,9.0,C,"ZY,ZZ",9.066859417917026e-10
training,0.01,0.5,9.0,A,"IX,IY",3.1140717055092002e-09
training,0.01,0.5,9.0,A,"IX,IZ",-4.621123242851873e-09
training,0.01,0.5,9.0,A,"IX,XI",4.914049012751213e-09
training,0.01,0.5,9.0,A,"IX,XX",-1.3255935739512767e-09
training,0.01,0.5,9.0,A,"IX,XY",-1.863756354038004e-09
training,0.01,0.5,9.0,A,"IX,XZ",-3.773385031590916e-10
training,0.01,0.5,9.0,A,"IX,YI",3.4352322139324014e-09
training,0.01,0.5,9.0,A,"IX,YX",-1.9733863168882864e-09
training,0.01,0.5,9.0,A,"IX,YY",-1.6208767717523265e-09
training,0.01,0.5,9.0,A,"IX,YZ",4.888433417991952e-10
training,0.01,0.5,9.0,A,"IX,ZI",-1.4616683389593861e-09
training,0.01,0.5,9.0,A,"IX,ZX",-7.010301092178799e-10
training,0.01,0.5,9.0,A,"IX,ZY",-2.0283274990892247e-09
training,0.01,0.5,9.0,A,"IX,ZZ",-7.561662772472138e-10
training,0.01,0.5,9.0,A,"IY,IZ",-2.5984042262254343e-09
training,0.01,0.5,9.0,A,"IY,XI",-2.821181640937141e-09
training,0.01,0.5,9.0,A,"IY,XX",1.524255554935382e-10
training,0.01,0.5,9.0,A,"IY,XY",-2.195574270099837e-09
training,0.01,0.5,9.0,A,"IY,XZ",-4.280680443224721e-10
training,0.01,0.5,9.0,A,"IY,YI",-6.229089753643747e-10
training,0.01,0.5,9.0,A,"IY,YX",-8.604801990272399e-10
training,0.01,0.5,9.0,A,"IY,YY",-1.8091564814291191e-09
training,0.01,0.5,9.0,A,"IY,YZ",5.429811569194017e-10
training,0.01,0.5,9.0,A,"IY,ZI",2.434679333942317e-10
training,0.01,0.5,9.0,A,"IY,ZX",-1.170431276340062e-09
training,0.01,0.5,9.0,A,"IY,ZY",-2.577719437691811e-10
training,0.01,0.5,9.0,A,"IY,ZZ",8.861459004549396e-10
training,0.01,0.5,9.0,A,"IZ,XI",5.646764515284654e-09
training,0.01,0.5,9.0,A,"IZ,XX",9.965053493310397e-10
training,0.01,0.5,9.0,A,"IZ,XY",-8.662413015489206e-10
training,0.01,0.5,9.0,A,"IZ,XZ",1.1048829918636777e-09
training,0.01,0.5,9.0,A,"IZ,YI",1.2368227461746138e-09
training,0.01,0.5,9.0,A,"IZ,YX",-4.093043343174082e-10
training,0.01,0.5,9.0,A,"IZ,YY",3.4246880687241512e-09
training,0.01,0.5,9.0,A,"IZ,YZ",-4.1092910508254765e-11
training,0.01,0.5,9.0,A,"IZ,ZI",-2.7518743353013604e-10
training,0.01,0.5,9.0,A,"IZ,ZX",1.1681822254592969e-09
training,0.01,0.5,9.0,A,"IZ,ZY",-1.068804392010254e-09
training,0.01,0.5,9.0,A,"IZ,ZZ",-5.831683052252016e-10
training,0.01,0.5,9.0,A,"XI,XX",-9.641905506519757e-09
training,0.01,0.5,9.0,A,"XI,XY",-2.2098361299257186e-09
training,0.01,0.5,9.0,A,"XI,XZ",-5.575807585322018e-10
training,0.01,0.5,9.0,A,"XI,YI",2.805489671911607e-09
training,0.01,0.5,9.0,A,"XI,YX",-3.0004641050028626e-09
training,0.01,0.5,9.0,A,"XI,YY",-3.150414754425657e-09
training,0.01,0.5,9.0,A,"XI,YZ",2.001387708981374e-09
training,0.01,0.5,9.0,A,"XI,ZI",-2.441466164849872e-09
training,0.01,0.5,9.0,A,"XI,ZX",-7.428579769516829e-10
training,0.01,0.5,9.0,A,"XI,ZY",-6.248292394607512e-10
training,0.01,0.5,9.0,A,"XI,ZZ",-2.124531187552138e-09
training,0.01,0.5,9.0,A,"XX,XY",5.184453894119159e-09
training,0.01,0.5,9.0,A,"XX,XZ",5.506306747105087e-09
training,0.01,0.5,9.0,A,"XX,YI",-4.855375233381249e-09
training,0.01,0.5,9.0,A,"XX,YX",5.2572347938210195e-09
training,0.01,0.5,9.0,A,"XX,YY",1.858014927847992e-11
training,0.01,0.5,9.0,A,"XX,YZ",-4.023326317316085e-09
training,0.01,0.5,9.0,A,"XX,ZI",-1.5842575959667707e-09
training,0.01,0.5,9.0,A,"XX,ZX",5.1952435911865885e-09
training,0.01,0.5,9.0,A,"XX,ZY",-1.5131404899293465e-09
training,0.01,0.5,9.0,A,"XX,ZZ",3.804462274303231e-09
training,0.01,0.5,9.0,A,"XY,XZ",2.077086421457006e-09
training,0.01,0.5,9.0,A,"XY,YI",3.870928276628516e-10
training,0.01,0.5,9.0,A,"XY,YX",1.1264501630308436e-09
training,0.01,0.5,9.0,A,"XY,YY",3.2262761496694245e-09
training,0.01,0.5,9.0,A,"XY,YZ",1.251404113297948e-10
training,0.01,0.5,9.0,A,"XY,ZI",8.506930123280177e-10
training,0.01,0.5,9.0,A,"XY,ZX",1.550433158881606e-09
training,0.01,0.5,9.0,A,"XY,ZY",-1.5730754450678197e-09
training,0.01,0.5,9.0,A,"XY,ZZ",-2.0335578097937422e-10
training,0.01,0.5,9.0,A,"XZ,YI",1.0078334126288804e-09
training,0.01,0.5,9.0,A,"XZ,YX",-1.8387384038076295e-09
training,0.01,0.5,9.0,A,"XZ,YY",-3.6471952298095005e-10
training,0.01,0.5,9.0,A,"XZ,YZ",6.070612183285222e-10
training,0.01,0.5,9.0,A,"XZ,ZI",-1.172325681955766e-09
training,0.01,0.5,9.0,A,"XZ,ZX",2.0505150907510448e-10
training,0.01,0.5,9.0,A,"XZ,ZY",2.0467145993868603e-09
training,0.01,0.5,9.0,A,"XZ,ZZ",-5.712629120520948e-10
training,0.01,0.5,9.0,A,"YI,YX",-2.002978460760348e-09
training,0.01,0.5,9.0,A,"YI,YY",-5.476447634067838e-10
training,0.01,0.5,9.0,A,"YI,YZ",1.0400630608842706e-09
training,0.01,0.5,9.0,A,"YI,ZI",-1.6973732358086281e-09
training,0.01,0.5,9.0,A,"YI,ZX",8.873267081663868e-10
training,0.01,0.5,9.0,A,"YI,ZY",2.400369371606782e-10
training,0.01,0.5,9.0,A,"YI,ZZ",-1.9463843203438737e-09
training,0.01,0.5,9.0,A,"YX,YY",2.2374574840969604e-09
training,0.01,0.5,9.0,A,"YX,YZ",-9.926944041273185e-10
training,0.01,0.5,9.0,A,"YX,ZI",-1.4334302848970255e-09
training,0.01,0.5,9.0,A,"YX,ZX",-1.5944478625618284e-09
training,0.01,0.5,9.0,A,"YX,ZY",1.7798999712353352e-09
training,0.01,0.5,9.0,A,"YX,ZZ",-2.779425745920961e-11
training,0.01,0.5,9.0,A,"YY,YZ",1.956778807473248e-09
training,0.01,0.5,9.0,A,"YY,ZI",-1.285885692086715e-09
training,0.01,0.5,9.0,A,"YY,ZX",9.1148933085997e-10
training,0.01,0.5,9.0,A,"YY,ZY",4.4819472170916175e-10
training,0.01,0.5,9.0,A,"YY,ZZ",-1.3631380339037722e-09
training,0.01,0.5,9.0,A,"YZ,ZI",1.820494102548038e-09
training,0.01,0.5,9.0,A,"YZ,ZX",-3.147766629087793e-10
training,0.01,0.5,9.0,A,"YZ,ZY",-9.03591092561502e-10
training,0.01,0.5,9.0,A,"YZ,ZZ",6.035200700870154e-10
training,0.01,0.5,9.0,A,"ZI,ZX",-3.151804388584869e-09
training,0.01,0.5,9.0,A,"ZI,ZY",9.966752441185525e-10
training,0.01,0.5,9.0,A,"ZI,ZZ",1.3614103728951677e-09
training,0.01,0.5,9.0,A,"ZX,ZY",-2.0929423581178086e-09
training,0.01,0.5,9.0,A,"ZX,ZZ",1.700749555093812e-09
training,0.01,0.5,9.0,A,"ZY,ZZ",-2.7494042695502195e-09
training,0.01,1.0,18.0,H,IX,-4.756730776436916e-09
training,0.01,1.0,18.0,H,IY,-2.5581850365256955e-09
training,0.01,1.0,18.0,H,IZ,-4.3452971728464806e-11
training,0.01,1.0,18.0,H,XI,4.092345285812303e-09
training,0.01,1.0,18.0,H,XX,-8.215065135471236e-06
training,0.01,1.0,18.0,H,XY,-2.9080737958104616e-09
training,0.01,1.0,18.0,H,XZ,1.4316359246788949e-09
training,0.01,1.0,18.0,H,YI,3.261326209239768e-09
training,0.01,1.0,18.0,H,YX,-4.730873667844895e-09
training,0.01,1.0,18.0,H,YY,2.9104989250399035e-09
training,0.01,1.0,18.0,H,YZ,5.010015008555282e-09
training,0.01,1.0,18.0,H,ZI,-8.854395598779099e-11
training,0.01,1.0,18.0,H,ZX,1.5557490530297275e-09
training,0.01,1.0,18.0,H,ZY,7.696913405981798e-09
training,0.01,1.0,18.0,H,ZZ,-1.805503493001364e-15
training,0.01,1.0,18.0,S,IX,0.00022170394046858497
training,0.01,1.0,18.0,S,IY,5.922361396865777e-10
training,0.01,1.0,18.0,S,IZ,6.941295289611014e-10
training,0.01,1.0,18.0,S,XI,0.00022170242619642217
training,0.01,1.0,18.0,S,XX,0.00016131211799942218
training,0.01,1.0,18.0,S,XY,-4.884396042194403e-10
training,0.01,1.0,18.0,S,XZ,5.328117907001193e-10
training,0.01,1.0,18.0,S,YI,-8.641661062951111e-12
training,0.01,1.0,18.0,S,YX,4.5501055092494243e-10
training,0.01,1.0,18.0,S,YY,3.3939462275339076e-09
training,0.01,1.0,18.0,S,YZ,1.5883849100508394e-09
training,0.01,1.0,18.0,S,ZI,1.411390371389772e-09
training,0.01,1.0,18.0,S,ZX,7.869780865710473e-10
training,0.01,1.0,18.0,S,ZY,1.9240052156847403e-09
training,0.01,1.0,18.0,S,ZZ,4.5003064296563695e-09
training,0.01,1.0,18.0,C,"IX,IY",1.7241389914991154e-09
training,0.01,1.0,18.0,C,"IX,IZ",1.9594850491876754e-09
training,0.01,1.0,18.0,C,"IX,XI",0.00022170283558491983
training,0.01,1.0,18.0,C,"IX,XX",3.7819956021080936e-09
training,0.01,1.0,18.0,C,"IX,XY",3.1953070369836522e-09
training,0.01,1.0,18.0,C,"IX,XZ",-5.432358339215126e-09
training,0.01,1.0,18.0,C,"IX,YI",1.125177446393534e-09
training,0.01,1.0,18.0,C,"IX,YX",2.4653536717960308e-09
training,0.01,1.0,18.0,C,"IX,YY",-5.823662026995839e-09
training,0.01,1.0,18.0,C,"IX,YZ",5.4077452147105475e-11
training,0.01,1.0,18.0,C,"IX,ZI",-2.4054008792257515e-10
training,0.01,1.0,18.0,C,"IX,ZX",-6.479335453133596e-09
training,0.01,1.0,18.0,C,"IX,ZY",1.0663624365808622e-10
training,0.01,1.0,18.0,C,"IX,ZZ",-6.400208021356552e-09
training,0.01,1.0,18.0,C,"IY,IZ",-2.084189390227488e-10
training,0.01,1.0,18.0,C,"IY,XI",7.165776129610713e-10
training,0.01,1.0,18.0,C,"IY,XX",1.3867385552005632e-09
training,0.01,1.0,18.0,C,"IY,XY",-2.920246531951393e-10
training,0.01,1.0,18.0,C,"IY,XZ",1.7760755381448695e-09
training,0.01,1.0,18.0,C,"IY,YI",1.0975263203135322e-10
training,0.01,1.0,18.0,C,"IY,YX",2.0169790076273603e-09
training,0.01,1.0,18.0,C,"IY,YY",1.718855393202397e-09
training,0.01,1.0,18.0,C,"IY,YZ",-1.5637699857613959e-09
training,0.01,1.0,18.0,C,"IY,ZI",-2.4837925990063155e-10
training,0.01,1.0,18.0,C,"IY,ZX",-4.3219391494583435e-10
training,0.01,1.0,18.0,C,"IY,ZY",-1.095096719401318e-09
training,0.01,1.0,18.0,C,"IY,ZZ",1.8307213522076219e-09
training,0.01,1.0,18.0,C,"IZ,XI",2.473020062496688e-09
training,0.01,1.0,18.0,C,"IZ,XX",2.8223846715502244e-09
training,0.01,1.0,18.0,C,"IZ,XY",2.4066359297687986e-10
training,0.01,1.0,18.0,C,"IZ,XZ",-1.5165854171875786e-09
training,0.01,1.0,18.0,C,"IZ,YI",-2.92516772736928e-10
training,0.01,1.0,18.0,C,"IZ,YX",-1.6231193259793474e-09
training,0.01,1.0,18.0,C,"IZ,YY",-7.853562461620163e-10
training,0.01,1.0,18.0,C,"IZ,YZ",1.2236716459000105e-10
training,0.01,1.0,18.0,C,"IZ,ZI",3.6839803167925145e-10
training,0.01,1.0,18.0,C,"IZ,ZX",-6.968202070846702e-10
training,0.01,1.0,18.0,C,"IZ,ZY",-3.635153111162587e-11
training,0.01,1.0,18.0,C,"IZ,ZZ",-1.274739856263412e-09
training,0.01,1.0,18.0,C,"XI,XX",-2.3870529217071686e-09
training,0.01,1.0,18.0,C,"XI,XY",5.182248038334046e-09
training,0.01,1.0,18.0,C,"XI,XZ",-6.955443431130893e-09
training,0.01,1.0,18.0,C,"XI,YI",1.280405801948593e-09
training,0.01,1.0,18.0,C,"XI,YX",3.1501295207875646e-10
training,0.01,1.0,18.0,C,"XI,YY",-6.503137573897829e-09
training,0.01,1.0,18.0,C,"XI,YZ",-3.894043439981451e-11
training,0.01,1.0,18.0,C,"XI,ZI",-5.247762429941845e-10
training,0.01,1.0,18.0,C,"XI,ZX",-5.902506880484642e-09
training,0.01,1.0,18.0,C,"XI,ZY",-1.2053442958222063e-10
training,0.01,1.0,18.0,C,"XI,ZZ",-6.303305700369904e-09
training,0.01,1.0,18.0,C,"XX,XY",-8.187227577515317e-11
training,0.01,1.0,18.0,C,"XX,XZ",2.4335709788002665e-09
training,0.01,1.0,18.0,C,"XX,YI",1.5373773988148722e-09
training,0.01,1.0,18.0,C,"XX,YX",-4.828544696339861e-11
training,0.01,1.0,18.0,C,"XX,YY",1.207977351605631e-08
training,0.01,1.0,18.0,C,"XX,YZ",-1.3049433364991064e-09
training,0.01,1.0,18.0,C,"XX,ZI",4.598760405890004e-09
training,0.01,1.0,18.0,C,"XX,ZX",-3.3482899199976912e-09
training,0.01,1.0,18.0,C,"XX,ZY",-1.8941350574209585e-09
training,0.01,1.0,18.0,C,"XX,ZZ",-5.601995983425206e-10
training,0.01,1.0,18.0,C,"XY,XZ",-1.3404620370830443e-09
training,0.01,1.0,18.0,C,"XY,YI",1.71570433346917e-09
training,0.01,1.0,18.0,C,"XY,YX",-3.831359139227072e-09
training,0.01,1.0,18.0,C,"XY,YY",6.02061770524216e-10
training,0.01,1.0,18.0,C,"XY,YZ",1.8155020684442698e-09
training,0.01,1.0,18.0,C,"XY,ZI",-1.2916159396178573e-09
training,0.01,1.0,18.0,C,"XY,ZX",2.3630841316464952e-09
training,0.01,1.0,18.0,C,"XY,ZY",1.6944108087240162e-09
training,0.01,1.0,18.0,C,"XY,ZZ",-4.274862944907325e-09
training,0.01,1.0,18.0,C,"XZ,YI",9.32097646394297e-11
training,0.01,1.0,18.0,C,"XZ,YX",7.936886807855082e-10
training,0.01,1.0,18.0,C,"XZ,YY",1.106731191184981e-09
training,0.01,1.0,18.0,C,"XZ,YZ",-1.1155297454115476e-09
training,0.01,1.0,18.0,C,"XZ,ZI",-4.0596584574306626e-10
training,0.01,1.0,18.0,C,"XZ,ZX",-9.166925563506576e-10
training,0.01,1.0,18.0,C,"XZ,ZY",-1.7097041577222208e-09
training,0.01,1.0,18.0,C,"XZ,ZZ",1.3258446833995285e-09
training,0.01,1.0,18.0,C,"YI,YX",1.3790701653088325e-12
training,0.01,1.0,18.0,C,"YI,YY",3.582678935931629e-10
training,0.01,1.0,18.0,C,"YI,YZ",-4.3825672594880954e-10
training,0.01,1.0,18.0,C,"YI,ZI",-7.768116833215069e-10
training,0.01,1.0,18.0,C,"YI,ZX",-8.055438193556666e-10
training,0.01,1.0,18.0,C,"YI,ZY",-6.133860060721324e-10
training,0.01,1.0,18.0,C,"YI,ZZ",6.819652047254894e-10
training,0.01,1.0,18.0,C,"YX,YY",3.5851006994183585e-10
training,0.01,1.0,18.0,C,"YX,YZ",1.2687051901497713e-09
training,0.01,1.0,18.0,C,"YX,ZI",-4.891488644488507e-10
training,0.01,1.0,18.0,C,"YX,ZX",-1.3725661859073936e-09
training,0.01,1.0,18.0,C,"YX,ZY",1.2075189085868565e-09
training,0.01,1.0,18.0,C,"YX,ZZ",-2.7651153082010894e-09
training,0.01,1.0,18.0,C,"YY,YZ",-1.935823738695286e-09
training,0.01,1.0,18.0,C,"YY,ZI",-2.878933215383913e-10
training,0.01,1.0,18.0,C,"YY,ZX",-3.5042223055687176e-10
training,0.01,1.0,18.0,C,"YY,ZY",-3.5260334579454945e-09
training,0.01,1.0,18.0,C,"YY,ZZ",1.4969098759333053e-09
training,0.01,1.0,18.0,C,"YZ,ZI",3.1076103637273164e-10
training,0.01,1.0,18.0,C,"YZ,ZX",5.286817460581366e-10
training,0.01,1.0,18.0,C,"YZ,ZY",1.0696244028842415e-09
training,0.01,1.0,18.0,C,"YZ,ZZ",-1.980062339498027e-09
training,0.01,1.0,18.0,C,"ZI,ZX",3.9152310663721686e-10
training,0.01,1.0,18.0,C,"ZI,ZY",-4.296113264420802e-10
training,0.01,1.0,18.0,C,"ZI,ZZ",-6.77907983601797e-10
training,0.01,1.0,18.0,C,"ZX,ZY",-1.691784131463892e-09
training,0.01,1.0,18.0,C,"ZX,ZZ",1.2659425949212058e-09
training,0.01,1.0,18.0,C,"ZY,ZZ",-8.906008082945451e-10
training,0.01,1.0,18.0,A,"IX,IY",5.9888520426777425e-09
training,0.01,1.0,18.0,A,"IX,IZ",5.6019212323701615e-09
training,0.01,1.0,18.0,A,"IX,XI",1.3750210934908163e-08
training,0.01,1.0,18.0,A,"IX,XX",4.064003621932142e-09
training,0.01,1.0,18.0,A,"IX,XY",-1.9534900271961588e-09
training,0.01,1.0,18.0,A,"IX,XZ",-8.316919632729909e-10
training,0.01,1.0,18.0,A,"IX,YI",6.8199224026105515e-09
training,0.01,1.0,18.0,A,"IX,YX",5.881236656495388e-10
training,0.01,1.0,18.0,A,"IX,YY",-1.3035120800479313e-09
training,0.01,1.0,18.0,A,"IX,YZ",-5.234225131614304e-11
training,0.01,1.0,18.0,A,"IX,ZI",2.122687538474675e-09
training,0.01,1.0,18.0,A,"IX,ZX",-1.247829367069917e-09
training,0.01,1.0,18.0,A,"IX,ZY",-1.237574370779637e-09
training,0.01,1.0,18.0,A,"IX,ZZ",-8.780379955813555e-10
training,0.01,1.0,18.0,A,"IY,IZ",-4.243276187260706e-10
training,0.01,1.0,18.0,A,"IY,XI",-6.5597143410290795e-09
training,0.01,1.0,18.0,A,"IY,XX",2.206036760926379e-09
training,0.01,1.0,18.0,A,"IY,XY",4.111278095194763e-11
training,0.01,1.0,18.0,A,"IY,XZ",-6.017477206083331e-10
training,0.01,1.0,18.0,A,"IY,YI",-4.064986655339388e-11
training,0.01,1.0,18.0,A,"IY,YX",-1.1143764140463777e-09
training,0.01,1.0,18.0,A,"IY,YY",-1.588859569949918e-09
training,0.01,1.0,18.0,A,"IY,YZ",-9.921382614621798e-10
training,0.01,1.0,18.0,A,"IY,ZI",-1.4345703986362146e-09
training,0.01,1.0,18.0,A,"IY,ZX",-6.863900773725982e-10
training,0.01,1.0,18.0,A,"IY,ZY",1.0123265284795697e-09
training,0.01,1.0,18.0,A,"IY,ZZ",2.267189813070991e-09
training,0.01,1.0,18.0,A,"IZ,XI",-3.4523282380913323e-09
training,0.01,1.0,18.0,A,"IZ,XX",2.0834140163669707e-09
training,0.01,1.0,18.0,A,"IZ,XY",-2.725835588740207e-10
training,0.01,1.0,18.0,A,"IZ,XZ",9.93712682894941e-10
training,0.01,1.0,18.0,A,"IZ,YI",1.5743697245388825e-09
training,0.01,1.0,18.0,A,"IZ,YX",-1.2898908724997124e-09
training,0.01,1.0,18.0,A,"IZ,YY",2.5888084538788813e-09
training,0.01,1.0,18.0,A,"IZ,YZ",1.183373713754625e-10
training,0.01,1.0,18.0,A,"IZ,ZI",-7.21550833703075e-10
training,0.01,1.0,18.0,A,"IZ,ZX",1.8279547354481228e-09
training,0.01,1.0,18.0,A,"IZ,ZY",-3.602435160946015e-10
training,0.01,1.0,18.0,A,"IZ,ZZ",-1.1737081228946703e-09
training,0.01,1.0,18.0,A,"XI,XX",-4.756226157366853e-09
training,0.01,1.0,18.0,A,"XI,XY",-2.934790852206431e-09
training,0.01,1.0,18.0,A,"XI,XZ",-1.1453706590275294e-09
training,0.01,1.0,18.0,A,"XI,YI",5.7365271684581865e-09
training,0.01,1.0,18.0,A,"XI,YX",-6.023854481727688e-10
training,0.01,1.0,18.0,A,"XI,YY",-1.9545445862714885e-09
training,0.01,1.0,18.0,A,"XI,YZ",2.2313432121065845e-09
training,0.01,1.0,18.0,A,"XI,ZI",2.859440360272845e-09
training,0.01,1.0,18.0,A,"XI,ZX",-6.939570835133849e-10
training,0.01,1.0,18.0,A,"XI,ZY",-1.9560685038276e-09
training,0.01,1.0,18.0,A,"XI,ZZ",-1.683573578023224e-09
training,0.01,1.0,18.0,A,"XX,XY",-7.560480874700065e-10
training,0.01,1.0,18.0,A,"XX,XZ",-9.987429864230714e-09
training,0.01,1.0,18.0,A,"XX,YI",-3.3094087857981142e-09
training,0.01,1.0,18.0,A,"XX,YX",-8.771033346033888e-09
training,0.01,1.0,18.0,A,"XX,YY",2.039044918577011e-11
training,0.01,1.0,18.0,A,"XX,YZ",-7.448047938810688e-09
training,0.01,1.0,18.0,A,"XX,ZI",-2.3336921919565775e-09
training,0.01,1.0,18.0,A,"XX,ZX",-4.3343130201290645e-09
training,0.01,1.0,18.0,A,"XX,ZY",-4.8241696098832815e-09
training,0.01,1.0,18.0,A,"XX,ZZ",2.889171747060102e-09
training,0.01,1.0,18.0,A,"XY,XZ",2.4683433851540333e-09
training,0.01,1.0,18.0,A,"XY,YI",7.58715423746274e-12
training,0.01,1.0,18.0,A,"XY,YX",8.576715858919756e-11
training,0.01,1.0,18.0,A,"XY,YY",3.2303256626818015e-09
training,0.01,1.0,18.0,A,"XY,YZ",1.7176019464615806e-10
training,0.01,1.0,18.0,A,"XY,ZI",1.047354170453323e-09
training,0.01,1.0,18.0,A,"XY,ZX",2.153527806803831e-09
training,0.01,1.0,18.0,A,"XY,ZY",-1.501475682966499e-09
training,0.01,1.0,18.0,A,"XY,ZZ",7.515226839277532e-10
training,0.01,1.0,18.0,A,"XZ,YI",8.996700006933466e-10
training,0.01,1.0,18.0,A,"XZ,YX",-2.7248428684063758e-09
training,0.01,1.0,18.0,A,"XZ,YY",-7.68048669745421e-10
training,0.01,1.0,18.0,A,"XZ,YZ",8.348896944965094e-13
training,0.01,1.0,18.0,A,"XZ,ZI",-2.0835594061352726e-09
training,0.01,1.0,18.0,A,"XZ,ZX",5.486039402054112e-10
training,0.01,1.0,18.0,A,"XZ,ZY",2.23121128562372e-09
training,0.01,1.0,18.0,A,"XZ,ZZ",7.98533357511769e-10
training,0.01,1.0,18.0,A,"YI,YX",-2.1314567308904265e-09
training,0.01,1.0,18.0,A,"YI,YY",-8.866070014783532e-10
training,0.01,1.0,18.0,A,"YI,YZ",7.730632828131284e-10
training,0.01,1.0,18.0,A,"YI,ZI",-9.59241644930886e-10
training,0.01,1.0,18.0,A,"YI,ZX",1.4326640748713688e-09
training,0.01,1.0,18.0,A,"YI,ZY",-6.446688726068168e-11
training,0.01,1.0,18.0,A,"YI,ZZ",6.331072593817033e-10
training,0.01,1.0,18.0,A,"YX,YY",3.488471726009333e-09
training,0.01,1.0,18.0,A,"YX,YZ",-1.698401685207737e-09
training,0.01,1.0,18.0,A,"YX,ZI",-2.0618140374610073e-09
training,0.01,1.0,18.0,A,"YX,ZX",2.528386969813391e-10
training,0.01,1.0,18.0,A,"YX,ZY",1.2136378270815827e-09
training,0.01,1.0,18.0,A,"YX,ZZ",7.447992391145051e-10
training,0.01,1.0,18.0,A,"YY,YZ",-6.513138839937362e-10
training,0.01,1.0,18.0,A,"YY,ZI",-2.4641907506865254e-09
training,0.01,1.0,18.0,A,"YY,ZX",1.2552290596020405e-09
training,0.01,1.0,18.0,A,"YY,ZY",7.480575370929063e-10
training,0.01,1.0,18.0,A,"YY,ZZ",3.6403094771934353e-09
training,0.01,1.0,18.0,A,"YZ,ZI",1.1623916838011505e-09
training,0.01,1.0,18.0,A,"YZ,ZX",-1.1327725888358574e-09
training,0.01,1.0,18.0,A,"YZ,ZY",-1.3969215196223676e-09
training,0.01,1.0,18.0,A,"YZ,ZZ",-8.474800187796363e-10
training,0.01,1.0,18.0,A,"ZI,ZX",-1.4148788395259314e-09
training,0.01,1.0,18.0,A,"ZI,ZY",-1.306036080240625e-10
training,0.01,1.0,18.0,A,"ZI,ZZ",-2.069274204702374e-10
training,0.01,1.0,18.0,A,"ZX,ZY",-1.2073184302080067e-09
training,0.01,1.0,18.0,A,"ZX,ZZ",5.021144955078277e-10
training,0.01,1.0,18.0,A,"ZY,ZZ",-3.4573583384954083e-09
training,0.01,2.0,36.0,H,IX,-7.918920383097733e-09
training,0.01,2.0,36.0,H,IY,-3.6053549753186305e-09
training,0.01,2.0,36.0,H,IZ,1.502708838623314e-11
training,0.01,2.0,36.0,H,XI,5.029667121817346e-09
training,0.01,2.0,36.0,H,XX,-1.5872102902819617e-05
training,0.01,2.0,36.0,H,XY,5.400339435858815e-09
training,0.01,2.0,36.0,H,XZ,6.249328592446689e-09
training,0.01,2.0,36.0,H,YI,2.5433091540280918e-09
training,0.01,2.0,36.0,H,YX,-1.375897515896643e-09
training,0.01,2.0,36.0,H,YY,1.2926220004748928e-08
training,0.01,2.0,36.0,H,YZ,-2.4106669182722532e-09
training,0.01,2.0,36.0,H,ZI,-8.315829446938878e-11
training,0.01,2.0,36.0,H,ZX,6.5184083229447655e-09
training,0.01,2.0,36.0,H,ZY,3.627992519362692e-09
training,0.01,2.0,36.0,H,ZZ,-3.225572244730898e-15
training,0.01,2.0,36.0,S,IX,0.000442849519645295
training,0.01,2.0,36.0,S,IY,-7.188432135782005e-10
training,0.01,2.0,36.0,S,IZ,1.0164296577260153e-09
training,0.01,2.0,36.0,S,XI,0.00044285126512312833
training,0.01,2.0,36.0,S,XX,0.000322578921792383
training,0.01,2.0,36.0,S,XY,-2.0986889686497832e-09
training,0.01,2.0,36.0,S,XZ,-6.606213854491554e-10
training,0.01,2.0,36.0,S,YI,-5.854888272881047e-11
training,0.01,2.0,36.0,S,YX,8.485374846886086e-10
training,0.01,2.0,36.0,S,YY,-3.9658433875744935e-09
training,0.01,2.0,36.0,S,YZ,-1.7033954955922564e-09
training,0.01,2.0,36.0,S,ZI,2.3320218857380854e-09
training,0.01,2.0,36.0,S,ZX,-6.993097023391605e-10
training,0.01,2.0,36.0,S,ZY,-2.1302465045751698e-09
training,0.01,2.0,36.0,S,ZZ,-1.8043992398993173e-09
training,0.01,2.0,36.0,C,"IX,IY",9.552425559995628e-10
training,0.01,2.0,36.0,C,"IX,IZ",2.6925085610938252e-09
training,0.01,2.0,36.0,C,"IX,XI",0.00044284824675127704
training,0.01,2.0,36.0,C,"IX,XX",3.8409081388865315e-09
training,0.01,2.0,36.0,C,"IX,XY",-9.715973797647442e-10
training,0.01,2.0,36.0,C,"IX,XZ",1.0758554553050433e-09
training,0.01,2.0,36.0,C,"IX,YI",9.697959418072782e-10
training,0.01,2.0,36.0,C,"IX,YX",-2.651340067484655e-10
training,0.01,2.0,36.0,C,"IX,YY",6.755368200782032e-10
training,0.01,2.0,36.0,C,"IX,YZ",2.3971402695431205e-11
training,0.01,2.0,36.0,C,"IX,ZI",1.5569345273441435e-09
training,0.01,2.0,36.0,C,"IX,ZX",-3.485941267450191e-10
training,0.01,2.0,36.0,C,"IX,ZY",6.097198120940219e-11
training,0.01,2.0,36.0,C,"IX,ZZ",-1.0961905160250253e-09
training,0.01,2.0,36.0,C,"IY,IZ",1.0413873192337014e-09
training,0.01,2.0,36.0,C,"IY,XI",8.44691175884975e-10
training,0.01,2.0,36.0,C,"IY,XX",6.45897317170439e-09
training,0.01,2.0,36.0,C,"IY,XY",1.4523120588222152e-09
training,0.01,2.0,36.0,C,"IY,XZ",-4.5605454337616026e-11
training,0.01,2.0,36.0,C,"IY,YI",-1.6235641017708646e-09
training,0.01,2.0,36.0,C,"IY,YX",1.4480618343526924e-09
training,0.01,2.0,36.0,C,"IY,YY",-2.242488696305401e-09
training,0.01,2.0,36.0,C,"IY,YZ",-1.612187752215185e-09
training,0.01,2.0,36.0,C,"IY,ZI",1.6004310864774825e-09
training,0.01,2.0,36.0,C,"IY,ZX",-3.2348579584375397e-10
training,0.01,2.0,36.0,C,"IY,ZY",-6.123484755511787e-10
training,0.01,2.0,36.0,C,"IY,ZZ",2.7764763016055116e-09
training,0.01,2.0,36.0,C,"IZ,XI",5.200362833936359e-09
training,0.01,2.0,36.0,C,"IZ,XX",-5.560572727633802e-09
training,0.01,2.0,36.0,C,"IZ,XY",-3.222959556025658e-10
training,0.01,2.0,36.0,C,"IZ,XZ",-8.100310460356739e-10
training,0.01,2.0,36.0,C,"IZ,YI",1.9214690442857847e-09
training,0.01,2.0,36.0,C,"IZ,YX",-4.888558748753236e-09
training,0.01,2.0,36.0,C,"IZ,YY",-1.5020191814284198e-09
training,0.01,2.0,36.0,C,"IZ,YZ",2.128415920677597e-09
training,0.01,2.0,36.0,C,"IZ,ZI",-4.719185511957386e-09
training,0.01,2.0,36.0,C,"IZ,ZX",8.598857040671144e-11
training,0.01,2.0,36.0,C,"IZ,ZY",1.9472240989975145e-09
training,0.01,2.0,36.0,C,"IZ,ZZ",-1.210210879566927e-09
training,0.01,2.0,36.0,C,"XI,XX",-4.2674326160769716e-09
training,0.01,2.0,36.0,C,"XI,XY",1.7476158644992421e-09
training,0.01,2.0,36.0,C,"XI,XZ",-7.788865627895764e-10
training,0.01,2.0,36.0,C,"XI,YI",-2.51297326207268e-10
training,0.01,2.0,36.0,C,"XI,YX",-3.5133806562683684e-09
training,0.01,2.0,36.0,C,"XI,YY",-1.1998671141912308e-09
training,0.01,2.0,36.0,C,"XI,YZ",3.119485261521833e-11
training,0.01,2.0,36.0,C,"XI,ZI",-7.572036044590314e-10
training,0.01,2.0,36.0,C,"XI,ZX",5.611931381926278e-10
training,0.01,2.0,36.0,C,"XI,ZY",-1.1556417290177681e-10
training,0.01,2.0,36.0,C,"XI,ZZ",-1.1839739493936797e-10
training,0.01,2.0,36.0,C,"XX,XY",2.309139846944538e-10
training,0.01,2.0,36.0,C,"XX,XZ",3.405456199972064e-09
training,0.01,2.0,36.0,C,"XX,YI",6.5423220162331565e-09
training,0.01,2.0,36.0,C,"XX,YX",-2.710847851407557e-13
training,0.01,2.0,36.0,C,"XX,YY",-1.499846602556598e-09
training,0.01,2.0,36.0,C,"XX,YZ",-6.1777593793942926e-09
training,0.01,2.0,36.0,C,"XX,ZI",1.1657483248565395e-09
training,0.01,2.0,36.0,C,"XX,ZX",-2.7086123566386643e-09
training,0.01,2.0,36.0,C,"XX,ZY",-7.281749705425155e-09
training,0.01,2.0,36.0,C,"XX,ZZ",-1.6900428436306867e-09
training,0.01,2.0,36.0,C,"XY,XZ",4.941633896670717e-10
training,0.01,2.0,36.0,C,"XY,YI",1.720457165053672e-09
training,0.01,2.0,36.0,C,"XY,YX",-3.739565325958961e-09
training,0.01,2.0,36.0,C,"XY,YY",6.434681219777934e-10
training,0.01,2.0,36.0,C,"XY,YZ",1.5666120370489438e-09
training,0.01,2.0,36.0,C,"XY,ZI",-3.414958627991129e-09
training,0.01,2.0,36.0,C,"XY,ZX",2.214925210937165e-09
training,0.01,2.0,36.0,C,"XY,ZY",2.041058511544755e-09
training,0.01,2.0,36.0,C,"XY,ZZ",-1.8700009597740024e-09
training,0.01,2.0,36.0,C,"XZ,YI",-1.0426487520085702e-09
training,0.01,2.0,36.0,C,"XZ,YX",1.578799739129057e-09
training,0.01,2.0,36.0,C,"XZ,YY",-2.3884292981304667e-09
training,0.01,2.0,36.0,C,"XZ,YZ",-3.618882878840904e-10
training,0.01,2.0,36.0,C,"XZ,ZI",1.8382409490525398e-09
training,0.01,2.0,36.0,C,"XZ,ZX",-1.2403180253877168e-09
training,0.01,2.0,36.0,C,"XZ,ZY",-4.89305384625738e-10
training,0.01,2.0,36.0,C,"XZ,ZZ",2.7127188883820165e-10
training,0.01,2.0,36.0,C,"YI,YX",1.7685201923867679e-10
training,0.01,2.0,36.0,C,"YI,YY",-3.2919669984321867e-09
training,0.01,2.0,36.0,C,"YI,YZ",7.287928771425099e-11
training,0.01,2.0,36.0,C,"YI,ZI",-5.688735165592043e-10
training,0.01,2.0,36.0,C,"YI,ZX",-3.0842686082849807e-09
training,0.01,2.0,36.0,C,"YI,ZY",9.120357121664872e-11
training,0.01,2.0,36.0,C,"YI,ZZ",2.3667972177341266e-09
training,0.01,2.0,36.0,C,"YX,YY",5.910843458385209e-10
training,0.01,2.0,36.0,C,"YX,YZ",2.011011425659008e-09
training,0.01,2.0,36.0,C,"YX,ZI",1.297611181219107e-09
training,0.01,2.0,36.0,C,"YX,ZX",2.316136470966289e-10
training,0.01,2.0,36.0,C,"YX,ZY",2.3715763724516053e-09
training,0.01,2.0,36.0,C,"YX,ZZ",-3.1518065206857653e-09
training,0.01,2.0,36.0,C,"YY,YZ",4.926560787258372e-10
training,0.01,2.0,36.0,C,"YY,ZI",1.0652031441267786e-09
training,0.01,2.0,36.0,C,"YY,ZX",-2.7759390717787564e-09
training,0.01,2.0,36.0,C,"YY,ZY",2.198194022971428e-10
training,0.01,2.0,36.0,C,"YY,ZZ",2.1140456968543955e-10
training,0.01,2.0,36.0,C,"YZ,ZI",1.8826118086633865e-09
training,0.01,2.0,36.0,C,"YZ,ZX",1.826112630109952e-10
training,0.01,2.0,36.0,C,"YZ,ZY",-9.729600151540865e-10
training,0.01,2.0,36.0,C,"YZ,ZZ",1.0350934148436893e-09
training,0.01,2.0,36.0,C,"ZI,ZX",1.0281862100198122e-09
training,0.01,2.0,36.0,C,"ZI,ZY",2.013937496208109e-09
training,0.01,2.0,36.0,C,"ZI,ZZ",-2.955586023193049e-09
training,0.01,2.0,36.0,C,"ZX,ZY",-1.0973100945472885e-09
training,0.01,2.0,36.0,C,"ZX,ZZ",9.679672046848256e-10
training,0.01,2.0,36.0,C,"ZY,ZZ",1.5612187665382963e-09
training,0.01,2.0,36.0,A,"IX,IY",2.1800354791306733e-10
training,0.01,2.0,36.0,A,"IX,IZ",2.3236174088899548e-09
training,0.01,2.0,36.0,A,"IX,XI",1.7062423223842826e-08
training,0.01,2.0,36.0,A,"IX,XX",5.296933986107571e-09
training,0.01,2.0,36.0,A,"IX,XY",-1.444891520144068e-09
training,0.01,2.0,36.0,A,"IX,XZ",-9.161887030283927e-10
training,0.01,2.0,36.0,A,"IX,YI",2.763988001018869e-09
training,0.01,2.0,36.0,A,"IX,YX",6.0777762031229e-10
training,0.01,2.0,36.0,A,"IX,YY",-6.402507503681742e-09
training,0.01,2.0,36.0,A,"IX,YZ",1.9107729984341687e-09
training,0.01,2.0,36.0,A,"IX,ZI",-3.3006184988842968e-09
training,0.01,2.0,36.0,A,"IX,ZX",-5.978581088318277e-10
training,0.01,2.0,36.0,A,"IX,ZY",-3.058827932392068e-09
training,0.01,2.0,36.0,A,"IX,ZZ",-5.3716194282590485e-09
training,0.01,2.0,36.0,A,"IY,IZ",-6.374541657584881e-10
training,0.01,2.0,36.0,A,"IY,XI",-1.716654059421661e-09
training,0.01,2.0,36.0,A,"IY,XX",1.4301894506950458e-09
training,0.01,2.0,36.0,A,"IY,XY",1.1765603850936946e-09
training,0.01,2.0,36.0,A,"IY,XZ",-2.1393908937157938e-10
training,0.01,2.0,36.0,A,"IY,YI",-2.0139322862054024e-10
training,0.01,2.0,36.0,A,"IY,YX",1.0081527937303024e-09
training,0.01,2.0,36.0,A,"IY,YY",-8.71920524620081e-10
training,0.01,2.0,36.0,A,"IY,YZ",-4.9345681576541447e-11
training,0.01,2.0,36.0,A,"IY,ZI",4.75720489405601e-10
training,0.01,2.0,36.0,A,"IY,ZX",-6.349553012624542e-10
training,0.01,2.0,36.0,A,"IY,ZY",1.4822288033154238e-10
training,0.01,2.0,36.0,A,"IY,ZZ",-1.1301253664464686e-09
training,0.01,2.0,36.0,A,"IZ,XI",2.025097375359873e-09
training,0.01,2.0,36.0,A,"IZ,XX",1.7506485894141337e-09
training,0.01,2.0,36.0,A,"IZ,XY",3.7925994704241135e-10
training,0.01,2.0,36.0,A,"IZ,XZ",1.0525063861073947e-09
training,0.01,2.0,36.0,A,"IZ,YI",-1.6403313488890777e-09
training,0.01,2.0,36.0,A,"IZ,YX",-7.383433251757714e-10
training,0.01,2.0,36.0,A,"IZ,YY",8.943719605737204e-10
training,0.01,2.0,36.0,A,"IZ,YZ",1.100591496573266e-09
training,0.01,2.0,36.0,A,"IZ,ZI",-2.2355294947422935e-10
training,0.01,2.0,36.0,A,"IZ,ZX",3.0236242047056874e-09
training,0.01,2.0,36.0,A,"IZ,ZY",4.871861038613832e-10
training,0.01,2.0,36.0,A,"IZ,ZZ",-8.618674027117122e-10
training,0.01,2.0,36.0,A,"XI,XX",-7.622781548254997e-09
training,0.01,2.0,36.0,A,"XI,XY",-3.2644640726872503e-09
training,0.01,2.0,36.0,A,"XI,XZ",-7.28903546770224e-10
training,0.01,2.0,36.0,A,"XI,YI",-9.052715712282324e-10
training,0.01,2.0,36.0,A,"XI,YX",1.5686098677224962e-09
training,0.01,2.0,36.0,A,"XI,YY",-7.1185550917059456e-09
training,0.01,2.0,36.0,A,"XI,YZ",4.113223634214337e-09
training,0.01,2.0,36.0,A,"XI,ZI",1.1264472403299153e-10
training,0.01,2.0,36.0,A,"XI,ZX",3.460155864375424e-11
training,0.01,2.0,36.0,A,"XI,ZY",-2.9931773251787887e-09
training,0.01,2.0,36.0,A,"XI,ZZ",-6.957802063740264e-09
training,0.01,2.0,36.0,A,"XX,XY",7.05181633295774e-09
training,0.01,2.0,36.0,A,"XX,XZ",-7.972782384312462e-09
training,0.01,2.0,36.0,A,"XX,YI",-9.008963552642705e-10
training,0.01,2.0,36.0,A,"XX,YX",2.926224444138553e-11
training,0.01,2.0,36.0,A,"XX,YY",1.9575709911731625e-11
training,0.01,2.0,36.0,A,"XX,YZ",-3.2229435105335403e-09
training,0.01,2.0,36.0,A,"XX,ZI",-7.015748914798892e-10
training,0.01,2.0,36.0,A,"XX,ZX",-2.860834248742045e-09
training,0.01,2.0,36.0,A,"XX,ZY",2.752479542350468e-09
training,0.01,2.0,36.0,A,"XX,ZZ",1.290345683673116e-08
training,0.01,2.0,36.0,A,"XY,XZ",1.7599223071588288e-09
training,0.01,2.0,36.0,A,"XY,YI",-1.890681743581946e-09
training,0.01,2.0,36.0,A,"XY,YX",5.370039978800618e-10
training,0.01,2.0,36.0,A,"XY,YY",-1.5089846039326806e-10
training,0.01,2.0,36.0,A,"XY,YZ",2.090661477713701e-09
training,0.01,2.0,36.0,A,"XY,ZI",8.74445744105873e-10
training,0.01,2.0,36.0,A,"XY,ZX",1.379958170171964e-09
training,0.01,2.0,36.0,A,"XY,ZY",2.6521785604005995e-09
training,0.01,2.0,36.0,A,"XY,ZZ",-2.8090579888983255e-10
training,0.01,2.0,36.0,A,"XZ,YI",2.0180197781104733e-09
training,0.01,2.0,36.0,A,"XZ,YX",-2.1455110750355285e-09
training,0.01,2.0,36.0,A,"XZ,YY",1.0578564310982952e-09
training,0.01,2.0,36.0,A,"XZ,YZ",1.6855089811168058e-09
training,0.01,2.0,36.0,A,"XZ,ZI",-2.469865831739673e-09
training,0.01,2.0,36.0,A,"XZ,ZX",5.529780891041045e-10
training,0.01,2.0,36.0,A,"XZ,ZY",2.0404333481070034e-09
training,0.01,2.0,36.0,A,"XZ,ZZ",-3.5528138618553716e-09
training,0.01,2.0,36.0,A,"YI,YX",-2.863236106193011e-09
training,0.01,2.0,36.0,A,"YI,YY",-1.912315160189797e-09
training,0.01,2.0,36.0,A,"YI,YZ",1.2479363292929267e-10
training,0.01,2.0,36.0,A,"YI,ZI",-2.7432608755686087e-09
training,0.01,2.0,36.0,A,"YI,ZX",8.286762027579853e-10
training,0.01,2.0,36.0,A,"YI,ZY",1.6582035711055586e-10
training,0.01,2.0,36.0,A,"YI,ZZ",-1.0755492475638959e-09
training,0.01,2.0,36.0,A,"YX,YY",1.6152164363851301e-09
training,0.01,2.0,36.0,A,"YX,YZ",2.2298900622977724e-09
training,0.01,2.0,36.0,A,"YX,ZI",-2.021930684798054e-09
training,0.01,2.0,36.0,A,"YX,ZX",-6.973202904567278e-10
training,0.01,2.0,36.0,A,"YX,ZY",3.001661137869436e-09
training,0.01,2.0,36.0,A,"YX,ZZ",-1.310076569769805e-09
training,0.01,2.0,36.0,A,"YY,YZ",1.1426452246100564e-09
training,0.01,2.0,36.0,A,"YY,ZI",-2.656482394111823e-09
training,0.01,2.0,36.0,A,"YY,ZX",-4.397217600982219e-10
training,0.01,2.0,36.0,A,"YY,ZY",1.8635918229470266e-09
training,0.01,2.0,36.0,A,"YY,ZZ",-2.933042885944169e-09
training,0.01,2.0,36.0,A,"YZ,ZI",-1.9150239423526452e-10
training,0.01,2.0,36.0,A,"YZ,ZX",-1.1825626296806632e-09
training,0.01,2.0,36.0,A,"YZ,ZY",-3.186295471751795e-10
training,0.01,2.0,36.0,A,"YZ,ZZ",-7.480085045610589e-11
training,0.01,2.0,36.0,A,"ZI,ZX",-1.076208593953109e-09
training,0.01,2.0,36.0,A,"ZI,ZY",5.968751307741324e-10
training,0.01,2.0,36.0,A,"ZI,ZZ",-1.3801214825283416e-10
training,0.01,2.0,36.0,A,"ZX,ZY",1.8286338806656224e-10
training,0.01,2.0,36.0,A,"ZX,ZZ",-2.869871786303942e-09
training,0.01,2.0,36.0,A,"ZY,ZZ",-3.302537126252071e-10
training,0.01,4.0,72.0,H,IX,-6.760139766885127e-09
training,0.01,4.0,72.0,H,IY,-9.917655348575127e-09
training,0.01,4.0,72.0,H,IZ,5.5907353925725386e-11
training,0.01,4.0,72.0,H,XI,-1.2176056882661047e-09
training,0.01,4.0,72.0,H,XX,-2.9396219523342532e-05
training,0.01,4.0,72.0,H,XY,3.2246436459351266e-09
training,0.01,4.0,72.0,H,XZ,8.59260606865892e-09
training,0.01,4.0,72.0,H,YI,-2.754555037729359e-09
training,0.01,4.0,72.0,H,YX,-6.949081856836627e-09
training,0.01,4.0,72.0,H,YY,1.7553720019254918e-08
training,0.01,4.0,72.0,H,YZ,5.029629943456098e-09
training,0.01,4.0,72.0,H,ZI,-2.751430702130326e-10
training,0.01,4.0,72.0,H,ZX,8.683687007062332e-09
training,0.01,4.0,72.0,H,ZY,1.2179155656008399e-08
training,0.01,4.0,72.0,H,ZZ,-3.851920530742877e-15
training,0.01,4.0,72.0,S,IX,0.0008834519292024274
training,0.01,4.0,72.0,S,IY,-5.268793088451795e-10
training,0.01,4.0,72.0,S,IZ,5.50221842556247e-09
training,0.01,4.0,72.0,S,XI,0.0008834579644934127
training,0.01,4.0,72.0,S,XX,0.0006448845737282998
training,0.01,4.0,72.0,S,XY,-1.9729448841798378e-10
training,0.01,4.0,72.0,S,XZ,5.966515688091666e-10
training,0.01,4.0,72.0,S,YI,2.9608815339853337e-10
training,0.01,4.0,72.0,S,YX,1.4447435659381731e-09
training,0.01,4.0,72.0,S,YY,-2.1158564686559952e-09
training,0.01,4.0,72.0,S,YZ,-2.241414476982298e-10
training,0.01,4.0,72.0,S,ZI,6.542113854881177e-09
training,0.01,4.0,72.0,S,ZX,6.203111492007556e-10
training,0.01,4.0,72.0,S,ZY,-1.1101645959265367e-09
training,0.01,4.0,72.0,S,ZZ,1.5829205026005478e-09
training,0.01,4.0,72.0,C,"IX,IY",2.843226856315291e-10
training,0.01,4.0,72.0,C,"IX,IZ",7.825398774298159e-09
training,0.01,4.0,72.0,C,"IX,XI",0.0008834541657796241
training,0.01,4.0,72.0,C,"IX,XX",1.1415061746455004e-08
training,0.01,4.0,72.0,C,"IX,XY",-4.001759293904216e-09
training,0.01,4.0,72.0,C,"IX,XZ",-7.554269915406655e-09
training,0.01,4.0,72.0,C,"IX,YI",-5.043303836577111e-11
training,0.01,4.0,72.0,C,"IX,YX",-6.321862197031376e-09
training,0.01,4.0,72.0,C,"IX,YY",-6.862544031717366e-09
training,0.01,4.0,72.0,C,"IX,YZ",2.6345213474374695e-10
training,0.01,4.0,72.0,C,"IX,ZI",4.7795558459756235e-09
training,0.01,4.0,72.0,C,"IX,ZX",-7.029713542146867e-09
training,0.01,4.0,72.0,C,"IX,ZY",2.3305014992167575e-10
training,0.01,4.0,72.0,C,"IX,ZZ",-9.763800819478351e-09
training,0.01,4.0,72.0,C,"IY,IZ",2.169469119541687e-09
training,0.01,4.0,72.0,C,"IY,XI",9.338253092016879e-10
training,0.01,4.0,72.0,C,"IY,XX",8.66459813940192e-09
training,0.01,4.0,72.0,C,"IY,XY",2.3780865957215875e-09
training,0.01,4.0,72.0,C,"IY,XZ",-1.1058756248520825e-09
training,0.01,4.0,72.0,C,"IY,YI",-4.071990087388659e-10
training,0.01,4.0,72.0,C,"IY,YX",1.374523341363453e-09
training,0.01,4.0,72.0,C,"IY,YY",-3.209194361450337e-09
training,0.01,4.0,72.0,C,"IY,YZ",-1.8657856553654958e-09
training,0.01,4.0,72.0,C,"IY,ZI",1.4108618153707346e-09
training,0.01,4.0,72.0,C,"IY,ZX",-2.5247773125081637e-10
training,0.01,4.0,72.0,C,"IY,ZY",-7.672949221136466e-10
training,0.01,4.0,72.0,C,"IY,ZZ",2.170846360071318e-09
training,0.01,4.0,72.0,C,"IZ,XI",9.743965622303685e-09
training,0.01,4.0,72.0,C,"IZ,XX",-3.5495471001775414e-09
training,0.01,4.0,72.0,C,"IZ,XY",5.738008372474716e-10
training,0.01,4.0,72.0,C,"IZ,XZ",-1.8020384499771186e-09
training,0.01,4.0,72.0,C,"IZ,YI",2.448834743089077e-09
training,0.01,4.0,72.0,C,"IZ,YX",-5.934574719967654e-09
training,0.01,4.0,72.0,C,"IZ,YY",-6.008053597053224e-10
training,0.01,4.0,72.0,C,"IZ,YZ",2.904866364916053e-09
training,0.01,4.0,72.0,C,"IZ,ZI",1.3007446907472408e-09
training,0.01,4.0,72.0,C,"IZ,ZX",-3.1197143188225506e-09
training,0.01,4.0,72.0,C,"IZ,ZY",2.9494929335069996e-09
training,0.01,4.0,72.0,C,"IZ,ZZ",-4.70000156292932e-09
training,0.01,4.0,72.0,C,"XI,XX",3.4942135783206177e-09
training,0.01,4.0,72.0,C,"XI,XY",-8.295545245070575e-10
training,0.01,4.0,72.0,C,"XI,XZ",-7.908886726803891e-09
training,0.01,4.0,72.0,C,"XI,YI",-4.4118376811653783e-10
training,0.01,4.0,72.0,C,"XI,YX",-8.675361105581988e-09
training,0.01,4.0,72.0,C,"XI,YY",-9.002901458431495e-09
training,0.01,4.0,72.0,C,"XI,YZ",-1.9983246233480617e-10
training,0.01,4.0,72.0,C,"XI,ZI",2.729184801811131e-09
training,0.01,4.0,72.0,C,"XI,ZX",-8.04589626977578e-09
training,0.01,4.0,72.0,C,"XI,ZY",-2.960099346677173e-10
training,0.01,4.0,72.0,C,"XI,ZZ",-7.442199454140136e-09
training,0.01,4.0,72.0,C,"XX,XY",1.3415506482480182e-10
training,0.01,4.0,72.0,C,"XX,XZ",9.552580181080632e-09
training,0.01,4.0,72.0,C,"XX,YI",8.794308585256096e-09
training,0.01,4.0,72.0,C,"XX,YX",-1.0557164005016248e-10
training,0.01,4.0,72.0,C,"XX,YY",1.477009846978392e-08
training,0.01,4.0,72.0,C,"XX,YZ",-8.276715928014664e-09
training,0.01,4.0,72.0,C,"XX,ZI",6.577312322202941e-09
training,0.01,4.0,72.0,C,"XX,ZX",2.4273055187695666e-09
training,0.01,4.0,72.0,C,"XX,ZY",-9.78846431803245e-09
training,0.01,4.0,72.0,C,"XX,ZZ",-8.660671957914549e-12
training,0.01,4.0,72.0,C,"XY,XZ",1.666365821018727e-09
training,0.01,4.0,72.0,C,"XY,YI",2.3927556256259555e-09
training,0.01,4.0,72.0,C,"XY,YX",-5.3990783854650745e-09
training,0.01,4.0,72.0,C,"XY,YY",-1.1270459604469133e-10
training,0.01,4.0,72.0,C,"XY,YZ",1.537655488769943e-09
training,0.01,4.0,72.0,C,"XY,ZI",-5.012808016318664e-09
training,0.01,4.0,72.0,C,"XY,ZX",1.5153918714648582e-09
training,0.01,4.0,72.0,C,"XY,ZY",1.4136949694389105e-09
training,0.01,4.0,72.0,C,"XY,ZZ",1.6832276529671104e-10
training,0.01,4.0,72.0,C,"XZ,YI",-3.1947035364618344e-10
training,0.01,4.0,72.0,C,"XZ,YX",1.1789850473830813e-09
training,0.01,4.0,72.0,C,"XZ,YY",-1.8620797135896154e-09
training,0.01,4.0,72.0,C,"XZ,YZ",4.896753886173862e-10
training,0.01,4.0,72.0,C,"XZ,ZI",-1.4795618462822636e-09
training,0.01,4.0,72.0,C,"XZ,ZX",2.801949247404859e-10
training,0.01,4.0,72.0,C,"XZ,ZY",-7.314052076517348e-10
training,0.01,4.0,72.0,C,"XZ,ZZ",2.739657126694675e-09
training,0.01,4.0,72.0,C,"YI,YX",1.3708805492819393e-09
training,0.01,4.0,72.0,C,"YI,YY",-3.809776240099025e-09
training,0.01,4.0,72.0,C,"YI,YZ",1.8417419828555288e-10
training,0.01,4.0,72.0,C,"YI,ZI",3.5798574017826823e-09
training,0.01,4.0,72.0,C,"YI,ZX",-2.5740174706998774e-09
training,0.01,4.0,72.0,C,"YI,ZY",-1.194611760199535e-09
training,0.01,4.0,72.0,C,"YI,ZZ",1.3360303171572629e-09
training,0.01,4.0,72.0,C,"YX,YY",1.269282776551483e-10
training,0.01,4.0,72.0,C,"YX,YZ",2.967308680510511e-09
training,0.01,4.0,72.0,C,"YX,ZI",4.0984253069657934e-10
training,0.01,4.0,72.0,C,"YX,ZX",3.3751594120577456e-09
training,0.01,4.0,72.0,C,"YX,ZY",1.8386056812355617e-09
training,0.01,4.0,72.0,C,"YX,ZZ",-1.3028367163635636e-09
training,0.01,4.0,72.0,C,"YY,YZ",2.4911182963588802e-09
training,0.01,4.0,72.0,C,"YY,ZI",1.5303330709666665e-09
training,0.01,4.0,72.0,C,"YY,ZX",-2.820511686273914e-09
training,0.01,4.0,72.0,C,"YY,ZY",2.4842958787295706e-09
training,0.01,4.0,72.0,C,"YY,ZZ",8.690008806403089e-11
training,0.01,4.0,72.0,C,"YZ,ZI",2.9549466702725617e-09
training,0.01,4.0,72.0,C,"YZ,ZX",1.0034318440925663e-09
training,0.01,4.0,72.0,C,"YZ,ZY",1.2975540303675204e-10
training,0.01,4.0,72.0,C,"YZ,ZZ",2.03981962769279e-09
training,0.01,4.0,72.0,C,"ZI,ZX",3.4890763136314834e-10
training,0.01,4.0,72.0,C,"ZI,ZY",3.727899226853869e-09
training,0.01,4.0,72.0,C,"ZI,ZZ",-6.518080355817381e-09
training,0.01,4.0,72.0,C,"ZX,ZY",-1.1458760424999149e-09
training,0.01,4.0,72.0,C,"ZX,ZZ",3.993716770986206e-09
training,0.01,4.0,72.0,C,"ZY,ZZ",1.0408651519602297e-09
training,0.01,4.0,72.0,A,"IX,IY",8.124779614144672e-09
training,0.01,4.0,72.0,A,"IX,IZ",-8.27413454736972e-10
training,0.01,4.0,72.0,A,"IX,XI",1.530458636228954e-08
training,0.01,4.0,72.0,A,"IX,XX",-1.0056658256369512e-09
training,0.01,4.0,72.0,A,"IX,XY",-7.816214661891355e-09
training,0.01,4.0,72.0,A,"IX,XZ",1.4300968817015569e-10
training,0.01,4.0,72.0,A,"IX,YI",1.001168370211311e-08
training,0.01,4.0,72.0,A,"IX,YX",-3.222092168408165e-09
training,0.01,4.0,72.0,A,"IX,YY",-8.739564753842913e-09
training,0.01,4.0,72.0,A,"IX,YZ",2.9149512070400148e-09
training,0.01,4.0,72.0,A,"IX,ZI",-6.509805673630526e-09
training,0.01,4.0,72.0,A,"IX,ZX",9.350749018563309e-11
training,0.01,4.0,72.0,A,"IX,ZY",-3.906321859568299e-09
training,0.01,4.0,72.0,A,"IX,ZZ",-8.565890117475885e-09
training,0.01,4.0,72.0,A,"IY,IZ",-3.0288655462498625e-09
training,0.01,4.0,72.0,A,"IY,XI",-9.05515041635511e-09
training,0.01,4.0,72.0,A,"IY,XX",8.22436487956479e-09
training,0.01,4.0,72.0,A,"IY,XY",2.578753460730161e-10
training,0.01,4.0,72.0,A,"IY,XZ",-2.1677973505900353e-10
training,0.01,4.0,72.0,A,"IY,YI",-4.951135424287177e-10
training,0.01,4.0,72.0,A,"IY,YX",1.0460375788589356e-09
training,0.01,4.0,72.0,A,"IY,YY",-8.675933493670107e-10
training,0.01,4.0,72.0,A,"IY,YZ",-2.4758884156280554e-11
training,0.01,4.0,72.0,A,"IY,ZI",-1.3398286051680051e-09
training,0.01,4.0,72.0,A,"IY,ZX",6.922244784968933e-10
training,0.01,4.0,72.0,A,"IY,ZY",-4.294183119610773e-10
training,0.01,4.0,72.0,A,"IY,ZZ",9.554869990762194e-10
training,0.01,4.0,72.0,A,"IZ,XI",4.045953554703826e-09
training,0.01,4.0,72.0,A,"IZ,XX",6.254004056624686e-10
training,0.01,4.0,72.0,A,"IZ,XY",3.185812557770368e-10
training,0.01,4.0,72.0,A,"IZ,XZ",-1.0209815095564504e-10
training,0.01,4.0,72.0,A,"IZ,YI",4.711359949334075e-10
training,0.01,4.0,72.0,A,"IZ,YX",-2.526914851793371e-10
training,0.01,4.0,72.0,A,"IZ,YY",-1.556051132898472e-09
training,0.01,4.0,72.0,A,"IZ,YZ",-1.4176380886327724e-09
training,0.01,4.0,72.0,A,"IZ,ZI",-8.24620230233932e-10
training,0.01,4.0,72.0,A,"IZ,ZX",1.9320363128955087e-09
training,0.01,4.0,72.0,A,"IZ,ZY",-6.289782236828186e-10
training,0.01,4.0,72.0,A,"IZ,ZZ",8.150238817402953e-10
training,0.01,4.0,72.0,A,"XI,XX",-6.519565108231266e-09
training,0.01,4.0,72.0,A,"XI,XY",-9.131614820031952e-09
training,0.01,4.0,72.0,A,"XI,XZ",-6.783754517661353e-10
training,0.01,4.0,72.0,A,"XI,YI",7.593315048557828e-09
training,0.01,4.0,72.0,A,"XI,YX",-3.1184301746084073e-09
training,0.01,4.0,72.0,A,"XI,YY",-9.387294875994694e-09
training,0.01,4.0,72.0,A,"XI,YZ",4.646199147839061e-09
training,0.01,4.0,72.0,A,"XI,ZI",-7.47119849867176e-09
training,0.01,4.0,72.0,A,"XI,ZX",1.0815443677098764e-09
training,0.01,4.0,72.0,A,"XI,ZY",-2.8302682900704187e-09
training,0.01,4.0,72.0,A,"XI,ZZ",-8.412617003430565e-09
training,0.01,4.0,72.0,A,"XX,XY",1.559132539398903e-08
training,0.01,4.0,72.0,A,"XX,XZ",-4.743022181082583e-09
training,0.01,4.0,72.0,A,"XX,YI",-5.07709104787062e-09
training,0.01,4.0,72.0,A,"XX,YX",5.85042911190315e-09
training,0.01,4.0,72.0,A,"XX,YY",1.9749556370369562e-11
training,0.01,4.0,72.0,A,"XX,YZ",-1.1448327152754285e-08
training,0.01,4.0,72.0,A,"XX,ZI",7.966950175749111e-10
training,0.01,4.0,72.0,A,"XX,ZX",5.749338845022045e-09
training,0.01,4.0,72.0,A,"XX,ZY",-4.362286278452636e-09
training,0.01,4.0,72.0,A,"XX,ZZ",1.753069195758944e-08
training,0.01,4.0,72.0,A,"XY,XZ",1.44325789503925e-09
training,0.01,4.0,72.0,A,"XY,YI",-2.3729529416774636e-09
training,0.01,4.0,72.0,A,"XY,YX",9.546433893755952e-10
training,0.01,4.0,72.0,A,"XY,YY",6.33056170116223e-10
training,0.01,4.0,72.0,A,"XY,YZ",2.01261775565045e-09
training,0.01,4.0,72.0,A,"XY,ZI",-4.3301884722771996e-10
training,0.01,4.0,72.0,A,"XY,ZX",2.40129292767812e-09
training,0.01,4.0,72.0,A,"XY,ZY",3.2882872075691923e-09
training,0.01,4.0,72.0,A,"XY,ZZ",2.1381806145085117e-09
training,0.01,4.0,72.0,A,"XZ,YI",5.077934563108568e-10
training,0.01,4.0,72.0,A,"XZ,YX",-3.941546172482966e-09
training,0.01,4.0,72.0,A,"XZ,YY",2.933321600106972e-09
training,0.01,4.0,72.0,A,"XZ,YZ",2.756034572096935e-09
training,0.01,4.0,72.0,A,"XZ,ZI",-2.5575551674679962e-09
training,0.01,4.0,72.0,A,"XZ,ZX",1.3479559634791512e-10
training,0.01,4.0,72.0,A,"XZ,ZY",3.5808815214948993e-09
training,0.01,4.0,72.0,A,"XZ,ZZ",-3.017390095957538e-09
training,0.01,4.0,72.0,A,"YI,YX",-1.7856236319521162e-09
training,0.01,4.0,72.0,A,"YI,YY",-1.6748282170276572e-09
training,0.01,4.0,72.0,A,"YI,YZ",-1.6943623276745955e-10
training,0.01,4.0,72.0,A,"YI,ZI",-3.6213102983046444e-09
training,0.01,4.0,72.0,A,"YI,ZX",5.099043201019747e-11
training,0.01,4.0,72.0,A,"YI,ZY",-3.799102923697327e-11
training,0.01,4.0,72.0,A,"YI,ZZ",9.227942816888097e-10
training,0.01,4.0,72.0,A,"YX,YY",3.498423838791181e-09
training,0.01,4.0,72.0,A,"YX,YZ",2.9193553723254826e-09
training,0.01,4.0,72.0,A,"YX,ZI",4.0712524792944384e-10
training,0.01,4.0,72.0,A,"YX,ZX",1.381533047814921e-11
training,0.01,4.0,72.0,A,"YX,ZY",2.5252658837146962e-09
training,0.01,4.0,72.0,A,"YX,ZZ",-1.2380493779606406e-09
training,0.01,4.0,72.0,A,"YY,YZ",4.666028459552519e-10
training,0.01,4.0,72.0,A,"YY,ZI",-4.066945090471757e-10
training,0.01,4.0,72.0,A,"YY,ZX",-2.1714643658661906e-09
training,0.01,4.0,72.0,A,"YY,ZY",1.9474827696300026e-09
training,0.01,4.0,72.0,A,"YY,ZZ",-6.551718912212186e-09
training,0.01,4.0,72.0,A,"YZ,ZI",2.2049292145108497e-09
training,0.01,4.0,72.0,A,"YZ,ZX",-2.693534659132095e-09
training,0.01,4.0,72.0,A,"YZ,ZY",9.313288867274478e-10
training,0.01,4.0,72.0,A,"YZ,ZZ",-2.6263984426124114e-09
training,0.01,4.0,72.0,A,"ZI,ZX",-5.045223900684026e-10
training,0.01,4.0,72.0,A,"ZI,ZY",-2.191323776752106e-09
training,0.01,4.0,72.0,A,"ZI,ZZ",1.555515922792083e-11
training,0.01,4.0,72.0,A,"ZX,ZY",1.9838143905158574e-09
training,0.01,4.0,72.0,A,"ZX,ZZ",-2.6373101473326444e-09
training,0.01,4.0,72.0,A,"ZY,ZZ",-2.7938894641360075e-09
validation,0.01,0.25,4.5,H,IX,-4.427023430996517e-08
validation,0.01,0.25,4.5,H,IY,-5.778079119901829e-09
validation,0.01,0.25,4.5,H,IZ,6.224101132494843e-10
validation,0.01,0.25,4.5,H,XI,-9.521752388320552e-09
validation,0.01,0.25,4.5,H,XX,-2.062792744347754e-06
validation,0.01,0.25,4.5,H,XY,4.0597901379569707e-08
validation,0.01,0.25,4.5,H,XZ,1.0848474077443023e-09
validation,0.01,0.25,4.5,H,YI,1.0807303694010013e-09
validation,0.01,0.25,4.5,H,YX,-8.210235464524827e-09
validation,0.01,0.25,4.5,H,YY,2.3959385200244456e-09
validation,0.01,0.25,4.5,H,YZ,-3.6582360247403155e-08
validation,0.01,0.25,4.5,H,ZI,-4.0244234821332755e-10
validation,0.01,0.25,4.5,H,ZX,7.755953745520063e-10
validation,0.01,0.25,4.5,H,ZY,6.558252247705969e-09
validation,0.01,0.25,4.5,H,ZZ,7.183850205253658e-15
validation,0.01,0.25,4.5,S,IX,5.546144279256176e-05
validation,0.01,0.25,4.5,S,IY,1.029858173235863e-08
validation,0.01,0.25,4.5,S,IZ,7.265052666492728e-09
validation,0.01,0.25,4.5,S,XI,5.547253461269542e-05
validation,0.01,0.25,4.5,S,XX,4.028623848725428e-05
validation,0.01,0.25,4.5,S,XY,6.560935994891367e-09
validation,0.01,0.25,4.5,S,XZ,1.1038178257854385e-08
validation,0.01,0.25,4.5,S,YI,1.285918946066945e-08
validation,0.01,0.25,4.5,S,YX,1.483398725736333e-08
validation,0.01,0.25,4.5,S,YY,7.760255931334414e-09
validation,0.01,0.25,4.5,S,YZ,9.252471082739155e-09
validation,0.01,0.25,4.5,S,ZI,1.565059813190787e-08
validation,0.01,0.25,4.5,S,ZX,1.0531858462271506e-08
validation,0.01,0.25,4.5,S,ZY,6.574123743140875e-09
validation,0.01,0.25,4.5,S,ZZ,7.917877629776734e-09
validation,0.01,0.25,4.5,C,"IX,IY",-3.446007824060454e-09
validation,0.01,0.25,4.5,C,"IX,IZ",2.10048528773717e-09
validation,0.01,0.25,4.5,C,"IX,XI",5.545669600944828e-05
validation,0.01,0.25,4.5,C,"IX,XX",2.2109289608209138e-08
validation,0.01,0.25,4.5,C,"IX,XY",-1.1279759570903e-08
validation,0.01,0.25,4.5,C,"IX,XZ",1.9869372772683833e-08
validation,0.01,0.25,4.5,C,"IX,YI",3.326852239104029e-09
validation,0.01,0.25,4.5,C,"IX,YX",2.3692082905422063e-08
validation,0.01,0.25,4.5,C,"IX,YY",2.146708006816134e-08
validation,0.01,0.25,4.5,C,"IX,YZ",2.5953846260328454e-09
validation,0.01,0.25,4.5,C,"IX,ZI",-8.651690568099323e-10
validation,0.01,0.25,4.5,C,"IX,ZX",1.7875758838460596e-08
validation,0.01,0.25,4.5,C,"IX,ZY",-1.177415616217972e-09
validation,0.01,0.25,4.5,C,"IX,ZZ",9.150520078402646e-09
validation,0.01,0.25,4.5,C,"IY,IZ",8.680935187805246e-09
validation,0.01,0.25,4.5,C,"IY,XI",3.5501512866021194e-09
validation,0.01,0.25,4.5,C,"IY,XX",1.1113178336485215e-09
validation,0.01,0.25,4.5,C,"IY,XY",-3.821189973848862e-09
validation,0.01,0.25,4.5,C,"IY,XZ",-1.1737940446881258e-08
validation,0.01,0.25,4.5,C,"IY,YI",7.780407767020426e-10
validation,0.01,0.25,4.5,C,"IY,YX",-1.2247341008398277e-08
validation,0.01,0.25,4.5,C,"IY,YY",-1.1219714237975986e-08
validation,0.01,0.25,4.5,C,"IY,YZ",-8.055387372001407e-10
validation,0.01,0.25,4.5,C,"IY,ZI",-1.4108544129926372e-08
validation,0.01,0.25,4.5,C,"IY,ZX",-1.1789816233749903e-09
validation,0.01,0.25,4.5,C,"IY,ZY",-5.460558077263602e-09
validation,0.01,0.25,4.5,C,"IY,ZZ",6.013032492221186e-09
validation,0.01,0.25,4.5,C,"IZ,XI",8.054845109606777e-09
validation,0.01,0.25,4.5,C,"IZ,XX",-4.0585576640274283e-08
validation,0.01,0.25,4.5,C,"IZ,XY",-8.885922169958378e-09
validation,0.01,0.25,4.5,C,"IZ,XZ",-5.9381981703036555e-09
validation,0.01,0.25,4.5,C,"IZ,YI",3.020394440903256e-09
validation,0.01,0.25,4.5,C,"IZ,YX",-8.597457489303295e-09
validation,0.01,0.25,4.5,C,"IZ,YY",-6.736231302890899e-09
validation,0.01,0.25,4.5,C,"IZ,YZ",8.220750815891114e-09
validation,0.01,0.25,4.5,C,"IZ,ZI",-9.305324895674844e-09
validation,0.01,0.25,4.5,C,"IZ,ZX",-2.2428359637095984e-09
validation,0.01,0.25,4.5,C,"IZ,ZY",2.9150198419644636e-09
validation,0.01,0.25,4.5,C,"IZ,ZZ",6.1730522294898e-09
validation,0.01,0.25,4.5,C,"XI,XX",-1.387741897759328e-09
validation,0.01,0.25,4.5,C,"XI,XY",-1.849353629375107e-08
validation,0.01,0.25,4.5,C,"XI,XZ",1.1575285605501303e-08
validation,0.01,0.25,4.5,C,"XI,YI",5.1493803021277145e-09
validation,0.01,0.25,4.5,C,"XI,YX",1.3461427100081645e-08
validation,0.01,0.25,4.5,C,"XI,YY",8.835897258194442e-09
validation,0.01,0.25,4.5,C,"XI,YZ",-2.4819484830023653e-09
validation,0.01,0.25,4.5,C,"XI,ZI",-9.146516857894062e-09
validation,0.01,0.25,4.5,C,"XI,ZX",1.2726591794365546e-08
validation,0.01,0.25,4.5,C,"XI,ZY",1.0945613191658583e-09
validation,0.01,0.25,4.5,C,"XI,ZZ",2.0852090689577704e-08
validation,0.01,0.25,4.5,C,"XX,XY",7.344373276161675e-10
validation,0.01,0.25,4.5,C,"XX,XZ",5.655090767185761e-09
validation,0.01,0.25,4.5,C,"XX,YI",1.335014668366645e-09
validation,0.01,0.25,4.5,C,"XX,YX",2.158345303122706e-10
validation,0.01,0.25,4.5,C,"XX,YY",-2.919372902234679e-08
validation,0.01,0.25,4.5,C,"XX,YZ",-1.805981875858521e-09
validation,0.01,0.25,4.5,C,"XX,ZI",8.113025326468341e-09
validation,0.01,0.25,4.5,C,"XX,ZX",-1.1453572840650883e-09
validation,0.01,0.25,4.5,C,"XX,ZY",-1.3968232189900861e-09
validation,0.01,0.25,4.5,C,"XX,ZZ",1.1989799045702472e-09
validation,0.01,0.25,4.5,C,"XY,XZ",9.1702614780598e-09
validation,0.01,0.25,4.5,C,"XY,YI",3.012026796251184e-09
validation,0.01,0.25,4.5,C,"XY,YX",5.589823744996666e-09
validation,0.01,0.25,4.5,C,"XY,YY",3.2944259103916944e-09
validation,0.01,0.25,4.5,C,"XY,YZ",-3.050619032457214e-09
validation,0.01,0.25,4.5,C,"XY,ZI",5.040968268762613e-09
validation,0.01,0.25,4.5,C,"XY,ZX",-1.9635649626503053e-09
validation,0.01,0.25,4.5,C,"XY,ZY",1.886519499632123e-09
validation,0.01,0.25,4.5,C,"XY,ZZ",-8.073193735870116e-09
validation,0.01,0.25,4.5,C,"XZ,YI",-2.3060963514741307e-10
validation,0.01,0.25,4.5,C,"XZ,YX",1.499123776977572e-08
validation,0.01,0.25,4.5,C,"XZ,YY",4.494998413386342e-09
validation,0.01,0.25,4.5,C,"XZ,YZ",-1.4197411114249258e-09
validation,0.01,0.25,4.5,C,"XZ,ZI",1.3996789817514762e-08
validation,0.01,0.25,4.5,C,"XZ,ZX",-3.2129306099687926e-09
validation,0.01,0.25,4.5,C,"XZ,ZY",5.732963587526812e-09
validation,0.01,0.25,4.5,C,"XZ,ZZ",-3.4200640178389795e-09
validation,0.01,0.25,4.5,C,"YI,YX",7.232515653383205e-10
validation,0.01,0.25,4.5,C,"YI,YY",-1.035513680870431e-08
validation,0.01,0.25,4.5,C,"YI,YZ",4.52648726542619e-09
validation,0.01,0.25,4.5,C,"YI,ZI",2.1795127436761044e-10
validation,0.01,0.25,4.5,C,"YI,ZX",-1.4370592881903883e-08
validation,0.01,0.25,4.5,C,"YI,ZY",5.639876479732568e-09
validation,0.01,0.25,4.5,C,"YI,ZZ",2.315135501805496e-10
validation,0.01,0.25,4.5,C,"YX,YY",9.16620809881376e-09
validation,0.01,0.25,4.5,C,"YX,YZ",1.913699225548056e-09
validation,0.01,0.25,4.5,C,"YX,ZI",1.4321223162650259e-08
validation,0.01,0.25,4.5,C,"YX,ZX",5.330887363329562e-10
validation,0.01,0.25,4.5,C,"YX,ZY",9.597414676516704e-09
validation,0.01,0.25,4.5,C,"YX,ZZ",-6.54428479583956e-09
validation,0.01,0.25,4.5,C,"YY,YZ",2.583944744050998e-09
validation,0.01,0.25,4.5,C,"YY,ZI",1.1697895496690745e-08
validation,0.01,0.25,4.5,C,"YY,ZX",3.5421162057686875e-09
validation,0.01,0.25,4.5,C,"YY,ZY",5.534574980362918e-10
validation,0.01,0.25,4.5,C,"YY,ZZ",-4.105518017348501e-09
validation,0.01,0.25,4.5,C,"YZ,ZI",1.4561678781064148e-09
validation,0.01,0.25,4.5,C,"YZ,ZX",-1.6660275068806479e-09
validation,0.01,0.25,4.5,C,"YZ,ZY",2.1584665048185686e-09
validation,0.01,0.25,4.5,C,"YZ,ZZ",2.8580895898263405e-09
validation,0.01,0.25,4.5,C,"ZI,ZX",1.174114946027708e-09
validation,0.01,0.25,4.5,C,"ZI,ZY",9.608198744968678e-09
validation,0.01,0.25,4.5,C,"ZI,ZZ",-7.698716442960865e-09
validation,0.01,0.25,4.5,C,"ZX,ZY",-7.070477219812533e-09
validation,0.01,0.25,4.5,C,"ZX,ZZ",9.962912458720057e-10
validation,0.01,0.25,4.5,C,"ZY,ZZ",4.934818967491424e-09
validation,0.01,0.25,4.5,A,"IX,IY",-1.0642469598618312e-08
validation,0.01,0.25,4.5,A,"IX,IZ",-1.638906086610656e-08
validation,0.01,0.25,4.5,A,"IX,XI",-3.3185764253352724e-08
validation,0.01,0.25,4.5,A,"IX,XX",-8.895189433226362e-09
validation,0.01,0.25,4.5,A,"IX,XY",-1.538061779779132e-09
validation,0.01,0.25,4.5,A,"IX,XZ",-3.2727534584988587e-09
validation,0.01,0.25,4.5,A,"IX,YI",-1.0614671478391828e-08
validation,0.01,0.25,4.5,A,"IX,YX",-6.919192872254e-09
validation,0.01,0.25,4.5,A,"IX,YY",-5.4468457589539054e-09
validation,0.01,0.25,4.5,A,"IX,YZ",1.8190411515077104e-08
validation,0.01,0.25,4.5,A,"IX,ZI",1.4308800986339955e-08
validation,0.01,0.25,4.5,A,"IX,ZX",-7.034707785574183e-09
validation,0.01,0.25,4.5,A,"IX,ZY",-2.5435823945547313e-08
validation,0.01,0.25,4.5,A,"IX,ZZ",-4.245392936741858e-09
validation,0.01,0.25,4.5,A,"IY,IZ",2.278479014329152e-10
validation,0.01,0.25,4.5,A,"IY,XI",1.818092978452368e-08
validation,0.01,0.25,4.5,A,"IY,XX",3.779268000138363e-09
validation,0.01,0.25,4.5,A,"IY,XY",-3.1041409372979157e-09
validation,0.01,0.25,4.5,A,"IY,XZ",-2.4568238756103036e-09
validation,0.01,0.25,4.5,A,"IY,YI",-8.885113693203933e-09
validation,0.01,0.25,4.5,A,"IY,YX",-1.064063179840694e-09
validation,0.01,0.25,4.5,A,"IY,YY",-7.717580313743736e-10
validation,0.01,0.25,4.5,A,"IY,YZ",-5.87081475822732e-09
validation,0.01,0.25,4.5,A,"IY,ZI",-1.015371889097019e-09
validation,0.01,0.25,4.5,A,"IY,ZX",6.975045821642118e-09
validation,0.01,0.25,4.5,A,"IY,ZY",-9.687656214690857e-10
validation,0.01,0.25,4.5,A,"IY,ZZ",5.644184057608636e-09
validation,0.01,0.25,4.5,A,"IZ,XI",1.510612822676365e-08
validation,0.01,0.25,4.5,A,"IZ,XX",5.54987358791052e-10
validation,0.01,0.25,4.5,A,"IZ,XY",-4.771054734141846e-09
validation,0.01,0.25,4.5,A,"IZ,XZ",-4.6743685617508486e-11
validation,0.01,0.25,4.5,A,"IZ,YI",-8.995485705834326e-09
validation,0.01,0.25,4.5,A,"IZ,YX",7.514909822095327e-10
validation,0.01,0.25,4.5,A,"IZ,YY",5.6837225127499476e-09
validation,0.01,0.25,4.5,A,"IZ,YZ",9.437032160356003e-10
validation,0.01,0.25,4.5,A,"IZ,ZI",-2.3015637193691777e-10
validation,0.01,0.25,4.5,A,"IZ,ZX",1.1643907801090334e-08
validation,0.01,0.25,4.5,A,"IZ,ZY",-2.6877554080750294e-09
validation,0.01,0.25,4.5,A,"IZ,ZZ",9.359563695549875e-10
validation,0.01,0.25,4.5,A,"XI,XX",-4.3545783344045386e-08
validation,0.01,0.25,4.5,A,"XI,XY",-6.857593750708629e-09
validation,0.01,0.25,4.5,A,"XI,XZ",2.1964795766226423e-09
validation,0.01,0.25,4.5,A,"XI,YI",-1.9041663977361134e-08
validation,0.01,0.25,4.5,A,"XI,YX",1.0484388915633411e-09
validation,0.01,0.25,4.5,A,"XI,YY",2.3563964335016936e-09
validation,0.01,0.25,4.5,A,"XI,YZ",2.4942257533017053e-08
validation,0.01,0.25,4.5,A,"XI,ZI",2.3492607541980617e-08
validation,0.01,0.25,4.5,A,"XI,ZX",-2.3895915524563388e-09
validation,0.01,0.25,4.5,A,"XI,ZY",-1.7677584375132358e-08
validation,0.01,0.25,4.5,A,"XI,ZZ",2.54301694590586e-09
validation,0.01,0.25,4.5,A,"XX,XY",1.0110848588877994e-08
validation,0.01,0.25,4.5,A,"XX,XZ",2.8227566379411233e-08
validation,0.01,0.25,4.5,A,"XX,YI",-5.599124118763167e-09
validation,0.01,0.25,4.5,A,"XX,YX",3.3008643627438163e-08
validation,0.01,0.25,4.5,A,"XX,YY",1.3836768570662285e-11
validation,0.01,0.25,4.5,A,"XX,YZ",-6.342648813182616e-09
validation,0.01,0.25,4.5,A,"XX,ZI",-9.019607331148377e-09
validation,0.01,0.25,4.5,A,"XX,ZX",-3.927874101707504e-08
validation,0.01,0.25,4.5,A,"XX,ZY",3.65916753536538e-08
validation,0.01,0.25,4.5,A,"XX,ZZ",2.4315544845279292e-09
validation,0.01,0.25,4.5,A,"XY,XZ",5.334096417570456e-10
validation,0.01,0.25,4.5,A,"XY,YI",1.1863138805509188e-08
validation,0.01,0.25,4.5,A,"XY,YX",-2.1793182422595926e-09
validation,0.01,0.25,4.5,A,"XY,YY",-8.807578468476172e-09
validation,0.01,0.25,4.5,A,"XY,YZ",3.789874465011156e-09
validation,0.01,0.25,4.5,A,"XY,ZI",-4.5987489260477435e-09
validation,0.01,0.25,4.5,A,"XY,ZX",-8.616793460949955e-09
validation,0.01,0.25,4.5,A,"XY,ZY",6.501637760163319e-09
validation,0.01,0.25,4.5,A,"XY,ZZ",1.437230262984214e-09
validation,0.01,0.25,4.5,A,"XZ,YI",1.3059615083146033e-08
validation,0.01,0.25,4.5,A,"XZ,YX",-2.5306321020960288e-09
validation,0.01,0.25,4.5,A,"XZ,YY",-1.4984169430411637e-09
validation,0.01,0.25,4.5,A,"XZ,YZ",8.617786848910973e-09
validation,0.01,0.25,4.5,A,"XZ,ZI",-2.4657036584496766e-09
validation,0.01,0.25,4.5,A,"XZ,ZX",-6.802769435050239e-09
validation,0.01,0.25,4.5,A,"XZ,ZY",4.161354824721976e-09
validation,0.01,0.25,4.5,A,"XZ,ZZ",-8.165900329367087e-09
validation,0.01,0.25,4.5,A,"YI,YX",-1.2823343999028436e-08
validation,0.01,0.25,4.5,A,"YI,YY",-5.865464466154044e-09
validation,0.01,0.25,4.5,A,"YI,YZ",7.121475806855646e-09
validation,0.01,0.25,4.5,A,"YI,ZI",-1.1426381104433415e-08
validation,0.01,0.25,4.5,A,"YI,ZX",1.2107107706095884e-09
validation,0.01,0.25,4.5,A,"YI,ZY",-1.0329644173092584e-09
validation,0.01,0.25,4.5,A,"YI,ZZ",5.701945913783908e-09
validation,0.01,0.25,4.5,A,"YX,YY",4.80708949706373e-10
validation,0.01,0.25,4.5,A,"YX,YZ",9.097875961913044e-09
validation,0.01,0.25,4.5,A,"YX,ZI",-4.3256239101517157e-10
validation,0.01,0.25,4.5,A,"YX,ZX",-6.942084338971056e-09
validation,0.01,0.25,4.5,A,"YX,ZY",3.1731068580484143e-09
validation,0.01,0.25,4.5,A,"YX,ZZ",-9.258927485076797e-09
validation,0.01,0.25,4.5,A,"YY,YZ",-3.517011172580932e-10
validation,0.01,0.25,4.5,A,"YY,ZI",-2.2505659842010136e-09
validation,0.01,0.25,4.5,A,"YY,ZX",-4.472334207841003e-09
validation,0.01,0.25,4.5,A,"YY,ZY",-1.7690793203209669e-09
validation,0.01,0.25,4.5,A,"YY,ZZ",-1.1878523096581198e-08
validation,0.01,0.25,4.5,A,"YZ,ZI",-7.60427107802925e-09
validation,0.01,0.25,4.5,A,"YZ,ZX",7.3873259004191985e-09
validation,0.01,0.25,4.5,A,"YZ,ZY",-9.889250764630906e-09
validation,0.01,0.25,4.5,A,"YZ,ZZ",-3.1902068093656384e-09
validation,0.01,0.25,4.5,A,"ZI,ZX",-7.892083037032235e-09
validation,0.01,0.25,4.5,A,"ZI,ZY",9.96768631783748e-10
validation,0.01,0.25,4.5,A,"ZI,ZZ",-7.79102765687595e-09
validation,0.01,0.25,4.5,A,"ZX,ZY",-5.611859107194411e-10
validation,0.01,0.25,4.5,A,"ZX,ZZ",-9.92770537180281e-09
validation,0.01,0.25,4.5,A,"ZY,ZZ",-1.7198336653191043e-09
validation,0.01,0.75,13.5,H,IX,-7.325483148409992e-09
validation,0.01,0.75,13.5,H,IY,-8.226112045071008e-09
validation,0.01,0.75,13.5,H,IZ,-1.1219295877633958e-10
validation,0.01,0.75,13.5,H,XI,7.306411821293225e-09
validation,0.01,0.75,13.5,H,XX,-6.214804418547659e-06
validation,0.01,0.75,13.5,H,XY,-2.8778490376123694e-09
validation,0.01,0.75,13.5,H,XZ,2.695736744200619e-09
validation,0.01,0.75,13.5,H,YI,-2.0883360377028206e-09
validation,0.01,0.75,13.5,H,YX,-2.9986041087227536e-09
validation,0.01,0.75,13.5,H,YY,5.679182800441443e-09
validation,0.01,0.75,13.5,H,YZ,3.498179087867414e-09
validation,0.01,0.75,13.5,H,ZI,-6.88524928667993e-11
validation,0.01,0.75,13.5,H,ZX,2.834694937893337e-09
validation,0.01,0.75,13.5,H,ZY,5.685368452481673e-09
validation,0.01,0.75,13.5,H,ZZ,-2.6416782046275806e-15
validation,0.01,0.75,13.5,S,IX,0.00016633111447601152
validation,0.01,0.75,13.5,S,IY,1.3170314158380582e-09
validation,0.01,0.75,13.5,S,IZ,5.474510981259145e-11
validation,0.01,0.75,13.5,S,XI,0.00016632710898308004
validation,0.01,0.75,13.5,S,XX,0.00012098802319038974
validation,0.01,0.75,13.5,S,XY,-1.0639981544479163e-09
validation,0.01,0.75,13.5,S,XZ,9.787124114144234e-10
validation,0.01,0.75,13.5,S,YI,1.8394143567784967e-10
validation,0.01,0.75,13.5,S,YX,1.1473927042857102e-09
validation,0.01,0.75,13.5,S,YY,2.883305691005569e-09
validation,0.01,0.75,13.5,S,YZ,2.2929615132885692e-09
validation,0.01,0.75,13.5,S,ZI,2.0619459532117776e-09
validation,0.01,0.75,13.5,S,ZX,1.9055512119287582e-09
validation,0.01,0.75,13.5,S,ZY,3.4997347773883493e-09
validation,0.01,0.75,13.5,S,ZZ,3.6174338055726773e-09
validation,0.01,0.75,13.5,C,"IX,IY",7.893659938280883e-10
validation,0.01,0.75,13.5,C,"IX,IZ",4.328345095685184e-09
validation,0.01,0.75,13.5,C,"IX,XI",0.00016632954090677456
validation,0.01,0.75,13.5,C,"IX,XX",8.202502171357539e-09
validation,0.01,0.75,13.5,C,"IX,XY",-2.6079817485906034e-09
validation,0.01,0.75,13.5,C,"IX,XZ",-3.810502745093955e-09
validation,0.01,0.75,13.5,C,"IX,YI",1.3601052527556485e-09
validation,0.01,0.75,13.5,C,"IX,YX",-4.898432812452652e-09
validation,0.01,0.75,13.5,C,"IX,YY",-3.699765603466708e-09
validation,0.01,0.75,13.5,C,"IX,YZ",-2.8904065713963623e-10
validation,0.01,0.75,13.5,C,"IX,ZI",1.5047016719203757e-09
validation,0.01,0.75,13.5,C,"IX,ZX",-3.7838672765393695e-09
validation,0.01,0.75,13.5,C,"IX,ZY",5.084134132456288e-10
validation,0.01,0.75,13.5,C,"IX,ZZ",-4.943251447649215e-09
validation,0.01,0.75,13.5,C,"IY,IZ",6.465660818377874e-10
validation,0.01,0.75,13.5,C,"IY,XI",7.571889257538031e-10
validation,0.01,0.75,13.5,C,"IY,XX",2.7605903752500447e-09
validation,0.01,0.75,13.5,C,"IY,XY",1.3300409646607734e-09
validation,0.01,0.75,13.5,C,"IY,XZ",1.9462055614995557e-09
validation,0.01,0.75,13.5,C,"IY,YI",9.079179224380634e-10
validation,0.01,0.75,13.5,C,"IY,YX",2.045333967044514e-09
validation,0.01,0.75,13.5,C,"IY,YY",2.843934624452364e-09
validation,0.01,0.75,13.5,C,"IY,YZ",-1.3220280291610519e-09
validation,0.01,0.75,13.5,C,"IY,ZI",8.04644576605173e-11
validation,0.01,0.75,13.5,C,"IY,ZX",5.133172738756574e-10
validation,0.01,0.75,13.5,C,"IY,ZY",-1.180226148210594e-09
validation,0.01,0.75,13.5,C,"IY,ZZ",1.6192068935959177e-09
validation,0.01,0.75,13.5,C,"IZ,XI",3.7061208863035106e-09
validation,0.01,0.75,13.5,C,"IZ,XX",2.692159071081355e-09
validation,0.01,0.75,13.5,C,"IZ,XY",-9.462584693879103e-10
validation,0.01,0.75,13.5,C,"IZ,XZ",-1.4192002754669227e-09
validation,0.01,0.75,13.5,C,"IZ,YI",6.969327765564354e-10
validation,0.01,0.75,13.5,C,"IZ,YX",-2.276572345307235e-09
validation,0.01,0.75,13.5,C,"IZ,YY",-2.61808786774021e-10
validation,0.01,0.75,13.5,C,"IZ,YZ",-5.534617765228784e-10
validation,0.01,0.75,13.5,C,"IZ,ZI",-7.303806097274822e-10
validation,0.01,0.75,13.5,C,"IZ,ZX",-7.164016405113705e-10
validation,0.01,0.75,13.5,C,"IZ,ZY",1.7572033246883046e-10
validation,0.01,0.75,13.5,C,"IZ,ZZ",-1.307589700828021e-09
validation,0.01,0.75,13.5,C,"XI,XX",1.3364345116508616e-09
validation,0.01,0.75,13.5,C,"XI,XY",-2.4388636769234653e-09
validation,0.01,0.75,13.5,C,"XI,XZ",-4.28893147994989e-09
validation,0.01,0.75,13.5,C,"XI,YI",2.401642745953888e-10
validation,0.01,0.75,13.5,C,"XI,YX",-4.681245249534104e-09
validation,0.01,0.75,13.5,C,"XI,YY",-4.700281820653358e-09
validation,0.01,0.75,13.5,C,"XI,YZ",2.861811660916154e-10
validation,0.01,0.75,13.5,C,"XI,ZI",2.5544977727510207e-09
validation,0.01,0.75,13.5,C,"XI,ZX",-4.5575994005668e-09
validation,0.01,0.75,13.5,C,"XI,ZY",-5.049620163296921e-10
validation,0.01,0.75,13.5,C,"XI,ZZ",-4.237102378672264e-09
validation,0.01,0.75,13.5,C,"XX,XY",-4.079829872111873e-11
validation,0.01,0.75,13.5,C,"XX,XZ",8.001039195372435e-09
validation,0.01,0.75,13.5,C,"XX,YI",2.757120399886868e-09
validation,0.01,0.75,13.5,C,"XX,YX",-8.773678110231048e-11
validation,0.01,0.75,13.5,C,"XX,YY",7.499408717996468e-09
validation,0.01,0.75,13.5,C,"XX,YZ",-2.6638090038255782e-09
validation,0.01,0.75,13.5,C,"XX,ZI",2.7647575183174472e-09
validation,0.01,0.75,13.5,C,"XX,ZX",1.8987708070394103e-09
validation,0.01,0.75,13.5,C,"XX,ZY",-3.2355309915710786e-09
validation,0.01,0.75,13.5,C,"XX,ZZ",-8.795356111895147e-10
validation,0.01,0.75,13.5,C,"XY,XZ",-5.267377295699395e-10
validation,0.01,0.75,13.5,C,"XY,YI",2.092524729156814e-09
validation,0.01,0.75,13.5,C,"XY,YX",-3.768382690680066e-09
validation,0.01,0.75,13.5,C,"XY,YY",1.335755476405148e-09
validation,0.01,0.75,13.5,C,"XY,YZ",1.859314680435024e-09
validation,0.01,0.75,13.5,C,"XY,ZI",-2.8369595362018275e-09
validation,0.01,0.75,13.5,C,"XY,ZX",2.5685486696115993e-09
validation,0.01,0.75,13.5,C,"XY,ZY",2.1364874543284413e-09
validation,0.01,0.75,13.5,C,"XY,ZZ",-3.4087821454708372e-09
validation,0.01,0.75,13.5,C,"XZ,YI",1.5083311736579436e-11
validation,0.01,0.75,13.5,C,"XZ,YX",7.127262832585203e-10
validation,0.01,0.75,13.5,C,"XZ,YY",1.1112822041946467e-09
validation,0.01,0.75,13.5,C,"XZ,YZ",9.049877146033226e-11
validation,0.01,0.75,13.5,C,"XZ,ZI",7.109386142120304e-11
validation,0.01,0.75,13.5,C,"XZ,ZX",4.393940656640453e-10
validation,0.01,0.75,13.5,C,"XZ,ZY",-1.3575184996746517e-09
validation,0.01,0.75,13.5,C,"XZ,ZZ",4.2032820350959073e-10
validation,0.01,0.75,13.5,C,"YI,YX",1.0138206309285092e-09
validation,0.01,0.75,13.5,C,"YI,YY",8.037377980837018e-10
validation,0.01,0.75,13.5,C,"YI,YZ",-1.134625088821822e-09
validation,0.01,0.75,13.5,C,"YI,ZI",-2.3240074939624105e-10
validation,0.01,0.75,13.5,C,"YI,ZX",-1.6420937394057933e-09
validation,0.01,0.75,13.5,C,"YI,ZY",-4.3948191655929343e-10
validation,0.01,0.75,13.5,C,"YI,ZZ",6.662922043596872e-10
validation,0.01,0.75,13.5,C,"YX,YY",7.221479567926602e-10
validation,0.01,0.75,13.5,C,"YX,YZ",1.036490118037726e-09
validation,0.01,0.75,13.5,C,"YX,ZI",3.089492543997613e-10
validation,0.01,0.75,13.5,C,"YX,ZX",-9.680977988169368e-10
validation,0.01,0.75,13.5,C,"YX,ZY",-2.3274326042756946e-10
validation,0.01,0.75,13.5,C,"YX,ZZ",-1.0207978897689564e-09
validation,0.01,0.75,13.5,C,"YY,YZ",-1.0301744878846542e-09
validation,0.01,0.75,13.5,C,"YY,ZI",-3.919186023814991e-11
validation,0.01,0.75,13.5,C,"YY,ZX",-2.561841594153236e-10
validation,0.01,0.75,13.5,C,"YY,ZY",-2.377373153266764e-09
validation,0.01,0.75,13.5,C,"YY,ZZ",6.824213642499201e-10
validation,0.01,0.75,13.5,C,"YZ,ZI",1.9075791658222806e-10
validation,0.01,0.75,13.5,C,"YZ,ZX",1.6041932691842532e-09
validation,0.01,0.75,13.5,C,"YZ,ZY",3.078345436291984e-10
validation,0.01,0.75,13.5,C,"YZ,ZZ",-1.116583623145081e-09
validation,0.01,0.75,13.5,C,"ZI,ZX",-7.990049910228327e-11
validation,0.01,0.75,13.5,C,"ZI,ZY",-2.216383309016225e-09
validation,0.01,0.75,13.5,C,"ZI,ZZ",3.443467599055645e-10
validation,0.01,0.75,13.5,C,"ZX,ZY",-9.326252980433813e-10
validation,0.01,0.75,13.5,C,"ZX,ZZ",-8.926223323689592e-11
validation,0.01,0.75,13.5,C,"ZY,ZZ",-8.366815303857989e-10
validation,0.01,0.75,13.5,A,"IX,IY",4.424480532200861e-09
validation,0.01,0.75,13.5,A,"IX,IZ",-2.1766862249779808e-09
validation,0.01,0.75,13.5,A,"IX,XI",1.804298036216559e-08
validation,0.01,0.75,13.5,A,"IX,XX",7.3252821735531755e-09
validation,0.01,0.75,13.5,A,"IX,XY",-3.730555553102472e-09
validation,0.01,0.75,13.5,A,"IX,XZ",-4.4084609146753446e-10
validation,0.01,0.75,13.5,A,"IX,YI",4.820275591163126e-09
validation,0.01,0.75,13.5,A,"IX,YX",-2.1464473103083282e-09
validation,0.01,0.75,13.5,A,"IX,YY",-2.453975619207961e-09
validation,0.01,0.75,13.5,A,"IX,YZ",4.0623475827354943e-10
validation,0.01,0.75,13.5,A,"IX,ZI",-3.96102548834812e-09
validation,0.01,0.75,13.5,A,"IX,ZX",-9.99950468816315e-11
validation,0.01,0.75,13.5,A,"IX,ZY",-1.3788461883268992e-09
validation,0.01,0.75,13.5,A,"IX,ZZ",-2.3974225808709295e-09
validation,0.01,0.75,13.5,A,"IY,IZ",-1.7211624007111047e-10
validation,0.01,0.75,13.5,A,"IY,XI",-4.862664175146937e-09
validation,0.01,0.75,13.5,A,"IY,XX",1.1733116939768547e-09
validation,0.01,0.75,13.5,A,"IY,XY",3.1375112837661e-10
validation,0.01,0.75,13.5,A,"IY,XZ",-9.632249969019529e-10
validation,0.01,0.75,13.5,A,"IY,YI",-1.9133512575330385e-10
validation,0.01,0.75,13.5,A,"IY,YX",-7.094416441501914e-10
validation,0.01,0.75,13.5,A,"IY,YY",-1.081387849458231e-09
validation,0.01,0.75,13.5,A,"IY,YZ",-1.2139749412372905e-09
validation,0.01,0.75,13.5,A,"IY,ZI",-1.9862382485356407e-10
validation,0.01,0.75,13.5,A,"IY,ZX",-9.970109981726273e-10
validation,0.01,0.75,13.5,A,"IY,ZY",-2.620091368581566e-10
validation,0.01,0.75,13.5,A,"IY,ZZ",2.7490360500359545e-09
validation,0.01,0.75,13.5,A,"IZ,XI",3.467699783495409e-09
validation,0.01,0.75,13.5,A,"IZ,XX",1.1519264116742085e-09
validation,0.01,0.75,13.5,A,"IZ,XY",-8.669321833895899e-10
validation,0.01,0.75,13.5,A,"IZ,XZ",1.3012215632441247e-09
validation,0.01,0.75,13.5,A,"IZ,YI",5.915961079890881e-10
validation,0.01,0.75,13.5,A,"IZ,YX",-1.881656191988687e-09
validation,0.01,0.75,13.5,A,"IZ,YY",1.6825710274450049e-09
validation,0.01,0.75,13.5,A,"IZ,YZ",1.004439042683377e-09
validation,0.01,0.75,13.5,A,"IZ,ZI",-6.931748238893994e-10
validation,0.01,0.75,13.5,A,"IZ,ZX",1.957394312194503e-09
validation,0.01,0.75,13.5,A,"IZ,ZY",4.194623126633769e-10
validation,0.01,0.75,13.5,A,"IZ,ZZ",-1.7429135924827053e-09
validation,0.01,0.75,13.5,A,"XI,XX",-7.276123545989943e-09
validation,0.01,0.75,13.5,A,"XI,XY",-4.844061468118721e-09
validation,0.01,0.75,13.5,A,"XI,XZ",-6.482217245132466e-10
validation,0.01,0.75,13.5,A,"XI,YI",4.225477052559467e-09
validation,0.01,0.75,13.5,A,"XI,YX",-2.1990366256069455e-09
validation,0.01,0.75,13.5,A,"XI,YY",-3.5070729639894023e-09
validation,0.01,0.75,13.5,A,"XI,YZ",1.4083294384729512e-09
validation,0.01,0.75,13.5,A,"XI,ZI",-3.863383094533185e-09
validation,0.01,0.75,13.5,A,"XI,ZX",-1.0426855200772909e-09
validation,0.01,0.75,13.5,A,"XI,ZY",-1.1800443928753231e-09
validation,0.01,0.75,13.5,A,"XI,ZZ",-2.997906586535435e-09
validation,0.01,0.75,13.5,A,"XX,XY",1.1339770620704864e-08
validation,0.01,0.75,13.5,A,"XX,XZ",1.7653154810264031e-09
validation,0.01,0.75,13.5,A,"XX,YI",-3.146116774257717e-09
validation,0.01,0.75,13.5,A,"XX,YX",3.1379358500672654e-09
validation,0.01,0.75,13.5,A,"XX,YY",1.935185082557915e-11
validation,0.01,0.75,13.5,A,"XX,YZ",-5.235248425681679e-09
validation,0.01,0.75,13.5,A,"XX,ZI",-1.1460291070753952e-09
validation,0.01,0.75,13.5,A,"XX,ZX",6.579212317833842e-09
validation,0.01,0.75,13.5,A,"XX,ZY",-3.1103243293248805e-09
validation,0.01,0.75,13.5,A,"XX,ZZ",5.657359763880733e-09
validation,0.01,0.75,13.5,A,"XY,XZ",2.4086403541724477e-09
validation,0.01,0.75,13.5,A,"XY,YI",-5.308336498659976e-10
validation,0.01,0.75,13.5,A,"XY,YX",8.917748563796327e-10
validation,0.01,0.75,13.5,A,"XY,YY",2.0910275857575418e-09
validation,0.01,0.75,13.5,A,"XY,YZ",3.6498106292924867e-10
validation,0.01,0.75,13.5,A,"XY,ZI",2.012309668181182e-09
validation,0.01,0.75,13.5,A,"XY,ZX",1.7570925152489116e-09
validation,0.01,0.75,13.5,A,"XY,ZY",-2.1598874035737694e-09
validation,0.01,0.75,13.5,A,"XY,ZZ",9.062933019210176e-10
validation,0.01,0.75,13.5,A,"XZ,YI",8.779538493131364e-10
validation,0.01,0.75,13.5,A,"XZ,YX",-1.7949134367627085e-09
validation,0.01,0.75,13.5,A,"XZ,YY",-1.9356234003388523e-10
validation,0.01,0.75,13.5,A,"XZ,YZ",-1.4698402196563835e-10
validation,0.01,0.75,13.5,A,"XZ,ZI",-1.438925259890095e-09
validation,0.01,0.75,13.5,A,"XZ,ZX",9.813259139432512e-11
validation,0.01,0.75,13.5,A,"XZ,ZY",1.6419321865573123e-09
validation,0.01,0.75,13.5,A,"XZ,ZZ",1.5375747645673892e-09
validation,0.01,0.75,13.5,A,"YI,YX",-2.2188054309436896e-09
validation,0.01,0.75,13.5,A,"YI,YY",-4.781733502646441e-10
validation,0.01,0.75,13.5,A,"YI,YZ",3.8142016004568534e-10
validation,0.01,0.75,13.5,A,"YI,ZI",-1.0512622355526914e-09
validation,0.01,0.75,13.5,A,"YI,ZX",1.180347961413791e-09
validation,0.01,0.75,13.5,A,"YI,ZY",-1.8004990324702127e-10
validation,0.01,0.75,13.5,A,"YI,ZZ",-2.1828966418776011e-10
validation,0.01,0.75,13.5,A,"YX,YY",2.684358193748233e-09
validation,0.01,0.75,13.5,A,"YX,YZ",-2.718897997483333e-09
validation,0.01,0.75,13.5,A,"YX,ZI",-1.3656904302100994e-09
validation,0.01,0.75,13.5,A,"YX,ZX",-6.965760650073781e-10
validation,0.01,0.75,13.5,A,"YX,ZY",1.685369755461863e-09
validation,0.01,0.75,13.5,A,"YX,ZZ",7.352166291864703e-10
validation,0.01,0.75,13.5,A,"YY,YZ",1.0005560709293526e-10
validation,0.01,0.75,13.5,A,"YY,ZI",-1.2127260638078273e-09
validation,0.01,0.75,13.5,A,"YY,ZX",5.386996777981935e-10
validation,0.01,0.75,13.5,A,"YY,ZY",3.676035371801499e-10
validation,0.01,0.75,13.5,A,"YY,ZZ",1.8908104892541175e-09
validation,0.01,0.75,13.5,A,"YZ,ZI",1.4042098723458884e-09
validation,0.01,0.75,13.5,A,"YZ,ZX",-9.64249693504363e-10
validation,0.01,0.75,13.5,A,"YZ,ZY",-1.6429956910844593e-09
validation,0.01,0.75,13.5,A,"YZ,ZZ",9.7183691709146e-10
validation,0.01,0.75,13.5,A,"ZI,ZX",-2.0428058664567246e-09
validation,0.01,0.75,13.5,A,"ZI,ZY",1.2104126591459766e-09
validation,0.01,0.75,13.5,A,"ZI,ZZ",-3.341748171977975e-11
validation,0.01,0.75,13.5,A,"ZX,ZY",-2.5564434663579216e-09
validation,0.01,0.75,13.5,A,"ZX,ZZ",1.9433069194283002e-09
validation,0.01,0.75,13.5,A,"ZY,ZZ",-2.0961194636978713e-09
validation,0.01,1.5,27.0,H,IX,-9.595451031201609e-09
validation,0.01,1.5,27.0,H,IY,-2.2229793334701155e-09
validation,0.01,1.5,27.0,H,IZ,6.341573642579592e-11
validation,0.01,1.5,27.0,H,XI,-6.8739565464747236e-09
validation,0.01,1.5,27.0,H,XX,-1.2118873796822853e-05
validation,0.01,1.5,27.0,H,XY,2.482658981722328e-09
validation,0.01,1.5,27.0,H,XZ,1.7567980560313547e-09
validation,0.01,1.5,27.0,H,YI,3.783789264978473e-09
validation,0.01,1.5,27.0,H,YX,-8.323211845603555e-09
validation,0.01,1.5,27.0,H,YY,3.459368739648184e-09
validation,0.01,1.5,27.0,H,YZ,-1.6253985054429013e-09
validation,0.01,1.5,27.0,H,ZI,-1.6249279636544603e-10
validation,0.01,1.5,27.0,H,ZX,1.876925016733434e-09
validation,0.01,1.5,27.0,H,ZY,7.731371671653808e-09
validation,0.01,1.5,27.0,H,ZZ,-2.61258433401589e-15
validation,0.01,1.5,27.0,S,IX,0.00033234318156378226
validation,0.01,1.5,27.0,S,IY,3.0298044041091737e-09
validation,0.01,1.5,27.0,S,IZ,1.251131528619883e-09
validation,0.01,1.5,27.0,S,XI,0.00033234621668153835
validation,0.01,1.5,27.0,S,XX,0.00024195395174662202
validation,0.01,1.5,27.0,S,XY,6.363097746733999e-10
validation,0.01,1.5,27.0,S,XZ,3.91627832970593e-09
validation,0.01,1.5,27.0,S,YI,-1.4876232172923286e-09
validation,0.01,1.5,27.0,S,YX,1.2049609035981023e-09
validation,0.01,1.5,27.0,S,YY,2.029375022031838e-09
validation,0.01,1.5,27.0,S,YZ,1.3153835981864152e-09
validation,0.01,1.5,27.0,S,ZI,1.266058748870092e-09
validation,0.01,1.5,27.0,S,ZX,-5.314534805564089e-10
validation,0.01,1.5,27.0,S,ZY,1.43465499743151e-09
validation,0.01,1.5,27.0,S,ZZ,2.0956941847838335e-09
validation,0.01,1.5,27.0,C,"IX,IY",6.056699211538102e-10
validation,0.01,1.5,27.0,C,"IX,IZ",1.9531934041278015e-09
validation,0.01,1.5,27.0,C,"IX,XI",0.00033234425421077373
validation,0.01,1.5,27.0,C,"IX,XX",4.244721107551454e-09
validation,0.01,1.5,27.0,C,"IX,XY",2.8168741276635084e-09
validation,0.01,1.5,27.0,C,"IX,XZ",-7.455112198885219e-10
validation,0.01,1.5,27.0,C,"IX,YI",3.7059304422439325e-10
validation,0.01,1.5,27.0,C,"IX,YX",1.1984244259195236e-09
validation,0.01,1.5,27.0,C,"IX,YY",-1.6632008869742358e-09
validation,0.01,1.5,27.0,C,"IX,YZ",-2.767466285147635e-10
validation,0.01,1.5,27.0,C,"IX,ZI",-1.540589437411778e-09
validation,0.01,1.5,27.0,C,"IX,ZX",-2.1821974527959393e-09
validation,0.01,1.5,27.0,C,"IX,ZY",5.297360278097915e-10
validation,0.01,1.5,27.0,C,"IX,ZZ",-4.0036267971664076e-09
validation,0.01,1.5,27.0,C,"IY,IZ",-2.411743327387322e-09
validation,0.01,1.5,27.0,C,"IY,XI",1.1922650722277858e-09
validation,0.01,1.5,27.0,C,"IY,XX",1.6704052841436416e-09
validation,0.01,1.5,27.0,C,"IY,XY",2.423323593330943e-09
validation,0.01,1.5,27.0,C,"IY,XZ",-3.749905256123007e-09
validation,0.01,1.5,27.0,C,"IY,YI",-7.22700379878905e-10
validation,0.01,1.5,27.0,C,"IY,YX",6.988830675342927e-10
validation,0.01,1.5,27.0,C,"IY,YY",-2.2948334686876792e-10
validation,0.01,1.5,27.0,C,"IY,YZ",-1.1983962352642803e-09
validation,0.01,1.5,27.0,C,"IY,ZI",5.086366427870225e-10
validation,0.01,1.5,27.0,C,"IY,ZX",-5.979793290998665e-10
validation,0.01,1.5,27.0,C,"IY,ZY",-3.3979735320086346e-10
validation,0.01,1.5,27.0,C,"IY,ZZ",3.31528023776707e-10
validation,0.01,1.5,27.0,C,"IZ,XI",1.812206556201259e-09
validation,0.01,1.5,27.0,C,"IZ,XX",-2.604799513485929e-09
validation,0.01,1.5,27.0,C,"IZ,XY",-1.1333117873384103e-09
validation,0.01,1.5,27.0,C,"IZ,XZ",1.0054250158394408e-09
validation,0.01,1.5,27.0,C,"IZ,YI",-3.9439905834509454e-10
validation,0.01,1.5,27.0,C,"IZ,YX",-2.0580893408452246e-09
validation,0.01,1.5,27.0,C,"IZ,YY",-1.4488992525633128e-09
validation,0.01,1.5,27.0,C,"IZ,YZ",1.4324898708185518e-09
validation,0.01,1.5,27.0,C,"IZ,ZI",-6.738344976310818e-10
validation,0.01,1.5,27.0,C,"IZ,ZX",-6.415621483462272e-10
validation,0.01,1.5,27.0,C,"IZ,ZY",1.3039369902649625e-10
validation,0.01,1.5,27.0,C,"IZ,ZZ",7.950899028207185e-10
validation,0.01,1.5,27.0,C,"XI,XX",-3.7029204769603564e-09
validation,0.01,1.5,27.0,C,"XI,XY",5.1393689592660655e-09
validation,0.01,1.5,27.0,C,"XI,XZ",-4.1510790150821105e-09
validation,0.01,1.5,27.0,C,"XI,YI",-5.466264522431382e-10
validation,0.01,1.5,27.0,C,"XI,YX",-6.287203379887531e-10
validation,0.01,1.5,27.0,C,"XI,YY",-3.91634545849528e-09
validation,0.01,1.5,27.0,C,"XI,YZ",3.2835836774370324e-10
validation,0.01,1.5,27.0,C,"XI,ZI",-2.033440773160381e-09
validation,0.01,1.5,27.0,C,"XI,ZX",-3.3799352898311875e-09
validation,0.01,1.5,27.0,C,"XI,ZY",-5.80888594243781e-10
validation,0.01,1.5,27.0,C,"XI,ZZ",-2.0996999660482135e-09
validation,0.01,1.5,27.0,C,"XX,XY",-1.712133398579715e-11
validation,0.01,1.5,27.0,C,"XX,XZ",2.0611594436951075e-09
validation,0.01,1.5,27.0,C,"XX,YI",1.763253329003174e-09
validation,0.01,1.5,27.0,C,"XX,YX",-2.1737358922356093e-10
validation,0.01,1.5,27.0,C,"XX,YY",5.156619144052854e-09
validation,0.01,1.5,27.0,C,"XX,YZ",2.7403111804773605e-11
validation,0.01,1.5,27.0,C,"XX,ZI",8.15277307313117e-09
validation,0.01,1.5,27.0,C,"XX,ZX",-3.908776699723303e-09
validation,0.01,1.5,27.0,C,"XX,ZY",-3.4055750726806383e-09
validation,0.01,1.5,27.0,C,"XX,ZZ",-4.039619706894742e-10
validation,0.01,1.5,27.0,C,"XY,XZ",-3.686658327024336e-09
validation,0.01,1.5,27.0,C,"XY,YI",1.580676563480058e-09
validation,0.01,1.5,27.0,C,"XY,YX",-3.488094183714186e-09
validation,0.01,1.5,27.0,C,"XY,YY",1.9152665741443262e-09
validation,0.01,1.5,27.0,C,"XY,YZ",3.094052247662729e-11
validation,0.01,1.5,27.0,C,"XY,ZI",-1.3573469253358534e-09
validation,0.01,1.5,27.0,C,"XY,ZX",1.7307105092108522e-09
validation,0.01,1.5,27.0,C,"XY,ZY",3.666930511121748e-12
validation,0.01,1.5,27.0,C,"XY,ZZ",2.933335597813339e-10
validation,0.01,1.5,27.0,C,"XZ,YI",-9.805694066370097e-10
validation,0.01,1.5,27.0,C,"XZ,YX",5.91609020203199e-10
validation,0.01,1.5,27.0,C,"XZ,YY",-1.2594508719289686e-09
validation,0.01,1.5,27.0,C,"XZ,YZ",-8.144708170853498e-10
validation,0.01,1.5,27.0,C,"XZ,ZI",5.697410065826644e-10
validation,0.01,1.5,27.0,C,"XZ,ZX",-8.850861248714824e-10
validation,0.01,1.5,27.0,C,"XZ,ZY",6.053034042724545e-10
validation,0.01,1.5,27.0,C,"XZ,ZZ",-7.940753715140313e-10
validation,0.01,1.5,27.0,C,"YI,YX",2.743780840602702e-10
validation,0.01,1.5,27.0,C,"YI,YY",-1.4151803249193424e-09
validation,0.01,1.5,27.0,C,"YI,YZ",-1.2988886931769468e-10
validation,0.01,1.5,27.0,C,"YI,ZI",3.5214158536660543e-10
validation,0.01,1.5,27.0,C,"YI,ZX",-1.8860673092603046e-09
validation,0.01,1.5,27.0,C,"YI,ZY",6.226485380000174e-10
validation,0.01,1.5,27.0,C,"YI,ZZ",4.9650021530474e-10
validation,0.01,1.5,27.0,C,"YX,YY",1.9275392808316306e-11
validation,0.01,1.5,27.0,C,"YX,YZ",8.316080620096709e-10
validation,0.01,1.5,27.0,C,"YX,ZI",1.4022391997196437e-09
validation,0.01,1.5,27.0,C,"YX,ZX",8.270915335272188e-10
validation,0.01,1.5,27.0,C,"YX,ZY",1.5228832344038576e-09
validation,0.01,1.5,27.0,C,"YX,ZZ",-2.7512632339044774e-09
validation,0.01,1.5,27.0,C,"YY,YZ",-3.824549169347423e-09
validation,0.01,1.5,27.0,C,"YY,ZI",9.267103126946448e-10
validation,0.01,1.5,27.0,C,"YY,ZX",-6.577160755443339e-10
validation,0.01,1.5,27.0,C,"YY,ZY",5.424855555962101e-10
validation,0.01,1.5,27.0,C,"YY,ZZ",5.8081457361464e-10
validation,0.01,1.5,27.0,C,"YZ,ZI",-3.0768079083474654e-10
validation,0.01,1.5,27.0,C,"YZ,ZX",-7.967726987855623e-10
validation,0.01,1.5,27.0,C,"YZ,ZY",-3.131000557291593e-11
validation,0.01,1.5,27.0,C,"YZ,ZZ",-1.0428555929068599e-10
validation,0.01,1.5,27.0,C,"ZI,ZX",1.0559963883679447e-09
validation,0.01,1.5,27.0,C,"ZI,ZY",5.6690022118149315e-11
validation,0.01,1.5,27.0,C,"ZI,ZZ",-9.240313634158311e-10
validation,0.01,1.5,27.0,C,"ZX,ZY",-6.017071842458505e-11
validation,0.01,1.5,27.0,C,"ZX,ZZ",5.231323696574118e-10
validation,0.01,1.5,27.0,C,"ZY,ZZ",-2.6039974178289005e-09
validation,0.01,1.5,27.0,A,"IX,IY",2.2467081558312087e-09
validation,0.01,1.5,27.0,A,"IX,IZ",4.86721698324985e-09
validation,0.01,1.5,27.0,A,"IX,XI",8.514557066768406e-09
validation,0.01,1.5,27.0,A,"IX,XX",-7.040527895956834e-09
validation,0.01,1.5,27.0,A,"IX,XY",-2.9652231775406487e-10
validation,0.01,1.5,27.0,A,"IX,XZ",-1.9651501423420217e-10
validation,0.01,1.5,27.0,A,"IX,YI",3.5707089239454833e-09
validation,0.01,1.5,27.0,A,"IX,YX",2.7523720395092652e-09
validation,0.01,1.5,27.0,A,"IX,YY",-6.608633277917289e-10
validation,0.01,1.5,27.0,A,"IX,YZ",3.22575121379217e-09
validation,0.01,1.5,27.0,A,"IX,ZI",1.135289018320365e-09
validation,0.01,1.5,27.0,A,"IX,ZX",4.132314000079472e-10
validation,0.01,1.5,27.0,A,"IX,ZY",-5.135140826370205e-09
validation,0.01,1.5,27.0,A,"IX,ZZ",-7.737187334357067e-10
validation,0.01,1.5,27.0,A,"IY,IZ",-1.2781892874477622e-09
validation,0.01,1.5,27.0,A,"IY,XI",-4.382767283192462e-09
validation,0.01,1.5,27.0,A,"IY,XX",-1.6323812977606927e-11
validation,0.01,1.5,27.0,A,"IY,XY",-2.9219074795200548e-09
validation,0.01,1.5,27.0,A,"IY,XZ",2.718659827236113e-09
validation,0.01,1.5,27.0,A,"IY,YI",-3.431612219209317e-10
validation,0.01,1.5,27.0,A,"IY,YX",-1.0071746019847874e-09
validation,0.01,1.5,27.0,A,"IY,YY",2.7396956011685016e-10
validation,0.01,1.5,27.0,A,"IY,YZ",-1.3411600780537223e-10
validation,0.01,1.5,27.0,A,"IY,ZI",-7.457781799477082e-10
validation,0.01,1.5,27.0,A,"IY,ZX",-6.928857878011721e-11
validation,0.01,1.5,27.0,A,"IY,ZY",1.0756656855171448e-10
validation,0.01,1.5,27.0,A,"IY,ZZ",-1.2306692095979607e-09
validation,0.01,1.5,27.0,A,"IZ,XI",-1.6055541756316856e-09
validation,0.01,1.5,27.0,A,"IZ,XX",1.5031081794593547e-09
validation,0.01,1.5,27.0,A,"IZ,XY",2.6253129140562347e-09
validation,0.01,1.5,27.0,A,"IZ,XZ",-2.769916387287481e-09
validation,0.01,1.5,27.0,A,"IZ,YI",4.67967023694889e-10
validation,0.01,1.5,27.0,A,"IZ,YX",1.4500860105940275e-10
validation,0.01,1.5,27.0,A,"IZ,YY",-1.2005252951007167e-09
validation,0.01,1.5,27.0,A,"IZ,YZ",1.9162101690725784e-09
validation,0.01,1.5,27.0,A,"IZ,ZI",-7.347825053096098e-10
validation,0.01,1.5,27.0,A,"IZ,ZX",-5.310643250447429e-11
validation,0.01,1.5,27.0,A,"IZ,ZY",4.9239396772216e-10
validation,0.01,1.5,27.0,A,"IZ,ZZ",-1.515158066230941e-10
validation,0.01,1.5,27.0,A,"XI,XX",-9.733524464472796e-09
validation,0.01,1.5,27.0,A,"XI,XY",-1.7566401420641054e-09
validation,0.01,1.5,27.0,A,"XI,XZ",-1.249449064782984e-09
validation,0.01,1.5,27.0,A,"XI,YI",2.4025183445338313e-09
validation,0.01,1.5,27.0,A,"XI,YX",2.8934721160559254e-09
validation,0.01,1.5,27.0,A,"XI,YY",-2.778516328603574e-09
validation,0.01,1.5,27.0,A,"XI,YZ",5.882724262907141e-09
validation,0.01,1.5,27.0,A,"XI,ZI",1.3365353629642603e-09
validation,0.01,1.5,27.0,A,"XI,ZX",1.1489651568637596e-10
validation,0.01,1.5,27.0,A,"XI,ZY",-4.468283480352445e-09
validation,0.01,1.5,27.0,A,"XI,ZZ",-2.7040651522142556e-09
validation,0.01,1.5,27.0,A,"XX,XY",-2.02809826865298e-09
validation,0.01,1.5,27.0,A,"XX,XZ",-9.767934376110623e-09
validation,0.01,1.5,27.0,A,"XX,YI",1.5866888272016434e-09
validation,0.01,1.5,27.0,A,"XX,YX",-6.7409233296233405e-09
validation,0.01,1.5,27.0,A,"XX,YY",1.9831583984470105e-11
validation,0.01,1.5,27.0,A,"XX,YZ",-7.409141877259841e-09
validation,0.01,1.5,27.0,A,"XX,ZI",3.7746699231202655e-10
validation,0.01,1.5,27.0,A,"XX,ZX",-2.1211844127133777e-09
validation,0.01,1.5,27.0,A,"XX,ZY",1.883959092793897e-09
validation,0.01,1.5,27.0,A,"XX,ZZ",3.4371211309352134e-09
validation,0.01,1.5,27.0,A,"XY,XZ",-6.624160134003264e-10
validation,0.01,1.5,27.0,A,"XY,YI",-1.3918502936015334e-09
validation,0.01,1.5,27.0,A,"XY,YX",6.581109076200238e-10
validation,0.01,1.5,27.0,A,"XY,YY",-9.306109909607908e-10
validation,0.01,1.5,27.0,A,"XY,YZ",1.6637801126036032e-09
validation,0.01,1.5,27.0,A,"XY,ZI",6.024447200701377e-10
validation,0.01,1.5,27.0,A,"XY,ZX",2.8976665752034117e-11
validation,0.01,1.5,27.0,A,"XY,ZY",-2.7665874337539024e-10
validation,0.01,1.5,27.0,A,"XY,ZZ",1.438936338023698e-09
validation,0.01,1.5,27.0,A,"XZ,YI",1.9634892270817514e-09
validation,0.01,1.5,27.0,A,"XZ,YX",-2.8299269430116533e-09
validation,0.01,1.5,27.0,A,"XZ,YY",2.7991359787879254e-10
validation,0.01,1.5,27.0,A,"XZ,YZ",2.5318942464371165e-10
validation,0.01,1.5,27.0,A,"XZ,ZI",-2.5089071302940565e-09
validation,0.01,1.5,27.0,A,"XZ,ZX",5.479212153347838e-10
validation,0.01,1.5,27.0,A,"XZ,ZY",1.7245710255804635e-09
validation,0.01,1.5,27.0,A,"XZ,ZZ",-7.932854863905349e-10
validation,0.01,1.5,27.0,A,"YI,YX",-1.5998801575981907e-09
validation,0.01,1.5,27.0,A,"YI,YY",-2.909960763966377e-10
validation,0.01,1.5,27.0,A,"YI,YZ",-3.555869402343824e-10
validation,0.01,1.5,27.0,A,"YI,ZI",-1.3336545221063217e-09
validation,0.01,1.5,27.0,A,"YI,ZX",2.2605116769321837e-10
validation,0.01,1.5,27.0,A,"YI,ZY",-2.240936409618364e-10
validation,0.01,1.5,27.0,A,"YI,ZZ",-5.76494273829779e-10
validation,0.01,1.5,27.0,A,"YX,YY",3.6013591504044464e-09
validation,0.01,1.5,27.0,A,"YX,YZ",-1.4991551464220648e-10
validation,0.01,1.5,27.0,A,"YX,ZI",-6.412775803541111e-10
validation,0.01,1.5,27.0,A,"YX,ZX",-3.100832437324974e-10
validation,0.01,1.5,27.0,A,"YX,ZY",1.1636556252528457e-09
validation,0.01,1.5,27.0,A,"YX,ZZ",-6.317325239471664e-10
validation,0.01,1.5,27.0,A,"YY,YZ",-1.9163565638082718e-10
validation,0.01,1.5,27.0,A,"YY,ZI",-2.184523657381639e-09
validation,0.01,1.5,27.0,A,"YY,ZX",-1.999666361828924e-10
validation,0.01,1.5,27.0,A,"YY,ZY",-2.6839671577896414e-09
validation,0.01,1.5,27.0,A,"YY,ZZ",2.076469024845626e-09
validation,0.01,1.5,27.0,A,"YZ,ZI",-5.971468499458412e-11
validation,0.01,1.5,27.0,A,"YZ,ZX",6.460784515817538e-10
validation,0.01,1.5,27.0,A,"YZ,ZY",3.3060395797235625e-09
validation,0.01,1.5,27.0,A,"YZ,ZZ",-3.6584046239826563e-09
validation,0.01,1.5,27.0,A,"ZI,ZX",-8.897125387498647e-10
validation,0.01,1.5,27.0,A,"ZI,ZY",-4.1067667504885814e-10
validation,0.01,1.5,27.0,A,"ZI,ZZ",2.3299981433664646e-10
validation,0.01,1.5,27.0,A,"ZX,ZY",-1.9041774043612543e-09
validation,0.01,1.5,27.0,A,"ZX,ZZ",3.9292293844411276e-10
validation,0.01,1.5,27.0,A,"ZY,ZZ",3.481844689141282e-10
validation,0.01,3.0,54.0,H,IX,-4.4198217782723735e-09
validation,0.01,3.0,54.0,H,IY,-7.2214744278573995e-09
validation,0.01,3.0,54.0,H,IZ,-2.6640908929449765e-11
validation,0.01,3.0,54.0,H,XI,-3.818485781751843e-09
validation,0.01,3.0,54.0,H,XX,-2.2916722201926506e-05
validation,0.01,3.0,54.0,H,XY,-1.0719865923962612e-09
validation,0.01,3.0,54.0,H,XZ,3.0399077307968393e-09
validation,0.01,3.0,54.0,H,YI,-1.3001355601582859e-09
validation,0.01,3.0,54.0,H,YX,-5.501630616186219e-09
validation,0.01,3.0,54.0,H,YY,6.558972098923951e-09
validation,0.01,3.0,54.0,H,YZ,2.3283793606913044e-09
validation,0.01,3.0,54.0,H,ZI,-2.782737042560195e-10
validation,0.01,3.0,54.0,H,ZX,3.221338963967515e-09
validation,0.01,3.0,54.0,H,ZY,8.425408884089734e-09
validation,0.01,3.0,54.0,H,ZZ,-2.558065983877575e-15
validation,0.01,3.0,54.0,S,IX,0.0006634343868681732
validation,0.01,3.0,54.0,S,IY,-1.0942468719327136e-11
validation,0.01,3.0,54.0,S,IZ,1.828839242372371e-09
validation,0.01,3.0,54.0,S,XI,0.0006634312325991
validation,0.01,3.0,54.0,S,XX,0.00048377373769784644
validation,0.01,3.0,54.0,S,XY,7.817995528302396e-10
validation,0.01,3.0,54.0,S,XZ,-7.420676175862e-10
validation,0.01,3.0,54.0,S,YI,-1.1263441046277696e-09
validation,0.01,3.0,54.0,S,YX,-1.5781963279087007e-09
validation,0.01,3.0,54.0,S,YY,-2.418313877600685e-09
validation,0.01,3.0,54.0,S,YZ,-1.7287526037968771e-09
validation,0.01,3.0,54.0,S,ZI,-1.414434458073884e-09
validation,0.01,3.0,54.0,S,ZX,1.9788350879369797e-10
validation,0.01,3.0,54.0,S,ZY,-1.0286367600864763e-09
validation,0.01,3.0,54.0,S,ZZ,-1.3088268735441581e-09
validation,0.01,3.0,54.0,C,"IX,IY",5.182352186852588e-10
validation,0.01,3.0,54.0,C,"IX,IZ",4.691384798574498e-09
validation,0.01,3.0,54.0,C,"IX,XI",0.0006634325923163482
validation,0.01,3.0,54.0,C,"IX,XX",6.687423907515063e-09
validation,0.01,3.0,54.0,C,"IX,XY",-7.455736868097952e-11
validation,0.01,3.0,54.0,C,"IX,XZ",-3.813638976695621e-09
validation,0.01,3.0,54.0,C,"IX,YI",1.128071155206117e-09
validation,0.01,3.0,54.0,C,"IX,YX",-2.7919725781071197e-09
validation,0.01,3.0,54.0,C,"IX,YY",-4.4543354368214875e-09
validation,0.01,3.0,54.0,C,"IX,YZ",8.920922042278337e-11
validation,0.01,3.0,54.0,C,"IX,ZI",2.439312697949922e-09
validation,0.01,3.0,54.0,C,"IX,ZX",-4.673748165684159e-09
validation,0.01,3.0,54.0,C,"IX,ZY",2.1613110897648775e-10
validation,0.01,3.0,54.0,C,"IX,ZZ",-5.812668866394172e-09
validation,0.01,3.0,54.0,C,"IY,IZ",1.462963826820895e-09
validation,0.01,3.0,54.0,C,"IY,XI",1.2177293801452426e-09
validation,0.01,3.0,54.0,C,"IY,XX",3.1915950954661156e-09
validation,0.01,3.0,54.0,C,"IY,XY",2.133604377033382e-09
validation,0.01,3.0,54.0,C,"IY,XZ",-1.2265044143461664e-09
validation,0.01,3.0,54.0,C,"IY,YI",-9.351701641753948e-10
validation,0.01,3.0,54.0,C,"IY,YX",1.5917780617727009e-09
validation,0.01,3.0,54.0,C,"IY,YY",-2.3001444021752135e-10
validation,0.01,3.0,54.0,C,"IY,YZ",-1.8654146599034483e-09
validation,0.01,3.0,54.0,C,"IY,ZI",8.847360844864671e-10
validation,0.01,3.0,54.0,C,"IY,ZX",-7.290267133132582e-10
validation,0.01,3.0,54.0,C,"IY,ZY",-1.4842889939051857e-09
validation,0.01,3.0,54.0,C,"IY,ZZ",2.2036416338225973e-09
validation,0.01,3.0,54.0,C,"IZ,XI",4.750315802898278e-09
validation,0.01,3.0,54.0,C,"IZ,XX",9.058181428384757e-10
validation,0.01,3.0,54.0,C,"IZ,XY",2.1098345385497323e-09
validation,0.01,3.0,54.0,C,"IZ,XZ",-1.3555700716842243e-09
validation,0.01,3.0,54.0,C,"IZ,YI",8.079772712718226e-10
validation,0.01,3.0,54.0,C,"IZ,YX",-3.5034255500247774e-09
validation,0.01,3.0,54.0,C,"IZ,YY",-9.136133598911019e-10
validation,0.01,3.0,54.0,C,"IZ,YZ",1.5274033934967376e-09
validation,0.01,3.0,54.0,C,"IZ,ZI",-1.40408406846203e-09
validation,0.01,3.0,54.0,C,"IZ,ZX",-5.367042864822398e-10
validation,0.01,3.0,54.0,C,"IZ,ZY",2.1237364081258377e-09
validation,0.01,3.0,54.0,C,"IZ,ZZ",-1.6481840669109365e-09
validation,0.01,3.0,54.0,C,"XI,XX",1.4574594924825302e-09
validation,0.01,3.0,54.0,C,"XI,XY",6.104332984195155e-10
validation,0.01,3.0,54.0,C,"XI,XZ",-5.520263890433318e-09
validation,0.01,3.0,54.0,C,"XI,YI",9.827046158091585e-11
validation,0.01,3.0,54.0,C,"XI,YX",-3.854097021229472e-09
validation,0.01,3.0,54.0,C,"XI,YY",-5.586127877992065e-09
validation,0.01,3.0,54.0,C,"XI,YZ",2.3835071426215845e-11
validation,0.01,3.0,54.0,C,"XI,ZI",2.946176851736809e-09
validation,0.01,3.0,54.0,C,"XI,ZX",-5.0724415215983955e-09
validation,0.01,3.0,54.0,C,"XI,ZY",-3.2847904988793605e-10
validation,0.01,3.0,54.0,C,"XI,ZZ",-4.938252205977463e-09
validation,0.01,3.0,54.0,C,"XX,XY",1.31325150658429e-10
validation,0.01,3.0,54.0,C,"XX,XZ",7.01556766465232e-09
validation,0.01,3.0,54.0,C,"XX,YI",3.345440280120301e-09
validation,0.01,3.0,54.0,C,"XX,YX",-9.524185164307082e-11
validation,0.01,3.0,54.0,C,"XX,YY",9.155431697720671e-09
validation,0.01,3.0,54.0,C,"XX,YZ",-2.7215386039208114e-09
validation,0.01,3.0,54.0,C,"XX,ZI",5.287853061288127e-09
validation,0.01,3.0,54.0,C,"XX,ZX",1.131100255592349e-09
validation,0.01,3.0,54.0,C,"XX,ZY",-4.310867031508926e-09
validation,0.01,3.0,54.0,C,"XX,ZZ",-8.700114497265377e-10
validation,0.01,3.0,54.0,C,"XY,XZ",-1.0678436509075675e-09
validation,0.01,3.0,54.0,C,"XY,YI",2.3938328240322813e-09
validation,0.01,3.0,54.0,C,"XY,YX",-4.750888556398903e-09
validation,0.01,3.0,54.0,C,"XY,YY",1.3840963625628937e-09
validation,0.01,3.0,54.0,C,"XY,YZ",1.3905008730252198e-09
validation,0.01,3.0,54.0,C,"XY,ZI",-2.2228923814643184e-09
validation,0.01,3.0,54.0,C,"XY,ZX",2.0430197554094487e-09
validation,0.01,3.0,54.0,C,"XY,ZY",2.408971051195578e-09
validation,0.01,3.0,54.0,C,"XY,ZZ",-2.5975663107283566e-09
validation,0.01,3.0,54.0,C,"XZ,YI",-8.115828541754598e-10
validation,0.01,3.0,54.0,C,"XZ,YX",7.338939876500996e-10
validation,0.01,3.0,54.0,C,"XZ,YY",-2.008695142022132e-09
validation,0.01,3.0,54.0,C,"XZ,YZ",-5.419732668754796e-10
validation,0.01,3.0,54.0,C,"XZ,ZI",3.1676304568916394e-10
validation,0.01,3.0,54.0,C,"XZ,ZX",-1.863309907700772e-09
validation,0.01,3.0,54.0,C,"XZ,ZY",-7.380691643769832e-10
validation,0.01,3.0,54.0,C,"XZ,ZZ",5.214432164850752e-10
validation,0.01,3.0,54.0,C,"YI,YX",1.2933702301880443e-09
validation,0.01,3.0,54.0,C,"YI,YY",-2.0403749788249034e-09
validation,0.01,3.0,54.0,C,"YI,YZ",1.2432774081962058e-11
validation,0.01,3.0,54.0,C,"YI,ZI",5.762703455529692e-10
validation,0.01,3.0,54.0,C,"YI,ZX",-2.6166882594878645e-09
validation,0.01,3.0,54.0,C,"YI,ZY",-1.6605048437731694e-11
validation,0.01,3.0,54.0,C,"YI,ZZ",1.4935141225447052e-09
validation,0.01,3.0,54.0,C,"YX,YY",5.868184522461984e-10
validation,0.01,3.0,54.0,C,"YX,YZ",1.4828936113107465e-09
validation,0.01,3.0,54.0,C,"YX,ZI",-1.900021059177011e-09
validation,0.01,3.0,54.0,C,"YX,ZX",-4.171949081928078e-10
validation,0.01,3.0,54.0,C,"YX,ZY",1.3954504042322877e-09
validation,0.01,3.0,54.0,C,"YX,ZZ",-2.395137891988336e-09
validation,0.01,3.0,54.0,C,"YY,YZ",1.4502601840049927e-10
validation,0.01,3.0,54.0,C,"YY,ZI",2.802408833870014e-10
validation,0.01,3.0,54.0,C,"YY,ZX",-2.1660031913890026e-09
validation,0.01,3.0,54.0,C,"YY,ZY",-8.315828371291425e-10
validation,0.01,3.0,54.0,C,"YY,ZZ",1.179262212999601e-09
validation,0.01,3.0,54.0,C,"YZ,ZI",9.83473560140918e-10
validation,0.01,3.0,54.0,C,"YZ,ZX",9.461709448883937e-10
validation,0.01,3.0,54.0,C,"YZ,ZY",-1.0566729378427495e-09
validation,0.01,3.0,54.0,C,"YZ,ZZ",5.761070985235968e-10
validation,0.01,3.0,54.0,C,"ZI,ZX",1.0366863072737818e-09
validation,0.01,3.0,54.0,C,"ZI,ZY",1.4658837023307502e-09
validation,0.01,3.0,54.0,C,"ZI,ZZ",-2.0102853355157373e-09
validation,0.01,3.0,54.0,C,"ZX,ZY",-9.601913364444927e-10
validation,0.01,3.0,54.0,C,"ZX,ZZ",4.274745544019217e-10
validation,0.01,3.0,54.0,C,"ZY,ZZ",8.250139488336526e-10
validation,0.01,3.0,54.0,A,"IX,IY",5.6058541281354985e-09
validation,0.01,3.0,54.0,A,"IX,IZ",1.5335321538472926e-09
validation,0.01,3.0,54.0,A,"IX,XI",5.89194736811282e-09
validation,0.01,3.0,54.0,A,"IX,XX",-3.5088780312658863e-09
validation,0.01,3.0,54.0,A,"IX,XY",-2.0255100419629816e-09
validation,0.01,3.0,54.0,A,"IX,XZ",-5.492424930206183e-10
validation,0.01,3.0,54.0,A,"IX,YI",6.197346905975102e-09
validation,0.01,3.0,54.0,A,"IX,YX",-1.018768385135076e-09
validation,0.01,3.0,54.0,A,"IX,YY",-2.814180464475453e-09
validation,0.01,3.0,54.0,A,"IX,YZ",1.8299050483820567e-09
validation,0.01,3.0,54.0,A,"IX,ZI",-1.8719757259550245e-09
validation,0.01,3.0,54.0,A,"IX,ZX",-3.0682429438124154e-10
validation,0.01,3.0,54.0,A,"IX,ZY",-3.3966790310705247e-09
validation,0.01,3.0,54.0,A,"IX,ZZ",-2.2461212532765175e-09
validation,0.01,3.0,54.0,A,"IY,IZ",-2.3021825873566175e-09
validation,0.01,3.0,54.0,A,"IY,XI",-5.780778892134967e-09
validation,0.01,3.0,54.0,A,"IY,XX",1.432393295546157e-10
validation,0.01,3.0,54.0,A,"IY,XY",-1.7286845982078703e-09
validation,0.01,3.0,54.0,A,"IY,XZ",-5.742285932777008e-10
validation,0.01,3.0,54.0,A,"IY,YI",-2.1860980964550111e-10
validation,0.01,3.0,54.0,A,"IY,YX",-1.7445842020407272e-10
validation,0.01,3.0,54.0,A,"IY,YY",-1.110170371609498e-09
validation,0.01,3.0,54.0,A,"IY,YZ",-1.4860262179897698e-10
validation,0.01,3.0,54.0,A,"IY,ZI",-6.079259294015558e-10
validation,0.01,3.0,54.0,A,"IY,ZX",-1.165595875021999e-09
validation,0.01,3.0,54.0,A,"IY,ZY",-1.623373543402946e-10
validation,0.01,3.0,54.0,A,"IY,ZZ",-8.84012702979549e-11
validation,0.01,3.0,54.0,A,"IZ,XI",1.945305988766727e-09
validation,0.01,3.0,54.0,A,"IZ,XX",1.3857110679601368e-09
validation,0.01,3.0,54.0,A,"IZ,XY",4.924365777344078e-10
validation,0.01,3.0,54.0,A,"IZ,XZ",-3.5968511286885423e-10
validation,0.01,3.0,54.0,A,"IZ,YI",3.0397494506464183e-10
validation,0.01,3.0,54.0,A,"IZ,YX",-1.2211382430972076e-10
validation,0.01,3.0,54.0,A,"IZ,YY",1.8638791343607788e-09
validation,0.01,3.0,54.0,A,"IZ,YZ",7.654741659763257e-10
validation,0.01,3.0,54.0,A,"IZ,ZI",-4.408001584129856e-10
validation,0.01,3.0,54.0,A,"IZ,ZX",1.7470247301197234e-09
validation,0.01,3.0,54.0,A,"IZ,ZY",1.193557116210575e-10
validation,0.01,3.0,54.0,A,"IZ,ZZ",-9.89310030521248e-10
validation,0.01,3.0,54.0,A,"XI,XX",-4.081788733795718e-09
validation,0.01,3.0,54.0,A,"XI,XY",-4.798375856799716e-09
validation,0.01,3.0,54.0,A,"XI,XZ",-6.693864517623464e-10
validation,0.01,3.0,54.0,A,"XI,YI",4.772208743341658e-09
validation,0.01,3.0,54.0,A,"XI,YX",-1.3291705348081544e-09
validation,0.01,3.0,54.0,A,"XI,YY",-4.279598494390384e-09
validation,0.01,3.0,54.0,A,"XI,YZ",3.922763779825292e-09
validation,0.01,3.0,54.0,A,"XI,ZI",-1.8324693683152865e-09
validation,0.01,3.0,54.0,A,"XI,ZX",-4.015183828167821e-10
validation,0.01,3.0,54.0,A,"XI,ZY",-3.0434221524292993e-09
validation,0.01,3.0,54.0,A,"XI,ZZ",-3.776323087891285e-09
validation,0.01,3.0,54.0,A,"XX,XY",7.74765560802506e-09
validation,0.01,3.0,54.0,A,"XX,XZ",-4.550746305207979e-09
validation,0.01,3.0,54.0,A,"XX,YI",-1.6009816917692354e-09
validation,0.01,3.0,54.0,A,"XX,YX",3.310341198447943e-09
validation,0.01,3.0,54.0,A,"XX,YY",1.9666463643580976e-11
validation,0.01,3.0,54.0,A,"XX,YZ",-8.010071922895177e-09
validation,0.01,3.0,54.0,A,"XX,ZI",-1.0812133110151145e-09
validation,0.01,3.0,54.0,A,"XX,ZX",2.9700113374534984e-09
validation,0.01,3.0,54.0,A,"XX,ZY",-1.976276571461824e-09
validation,0.01,3.0,54.0,A,"XX,ZZ",6.536748251872877e-09
validation,0.01,3.0,54.0,A,"XY,XZ",4.682762542793064e-10
validation,0.01,3.0,54.0,A,"XY,YI",-1.0598203689167995e-09
validation,0.01,3.0,54.0,A,"XY,YX",2.522680659036202e-10
validation,0.01,3.0,54.0,A,"XY,YY",1.4565489560262748e-09
validation,0.01,3.0,54.0,A,"XY,YZ",5.599793026588025e-10
validation,0.01,3.0,54.0,A,"XY,ZI",4.710582254054923e-11
validation,0.01,3.0,54.0,A,"XY,ZX",1.7073898637484515e-09
validation,0.01,3.0,54.0,A,"XY,ZY",4.812500793705376e-11
validation,0.01,3.0,54.0,A,"XY,ZZ",9.877052321444067e-10
validation,0.01,3.0,54.0,A,"XZ,YI",1.970345552799481e-09
validation,0.01,3.0,54.0,A,"XZ,YX",-3.0087089665552678e-09
validation,0.01,3.0,54.0,A,"XZ,YY",1.5971824566978084e-10
validation,0.01,3.0,54.0,A,"XZ,YZ",8.94705819982237e-10
validation,0.01,3.0,54.0,A,"XZ,ZI",-2.3050746700999607e-09
validation,0.01,3.0,54.0,A,"XZ,ZX",4.650336968689898e-10
validation,0.01,3.0,54.0,A,"XZ,ZY",2.4340605819116535e-09
validation,0.01,3.0,54.0,A,"XZ,ZZ",-2.1693504677981953e-09
validation,0.01,3.0,54.0,A,"YI,YX",-1.66558545164853e-09
validation,0.01,3.0,54.0,A,"YI,YY",-9.006829158438101e-10
validation,0.01,3.0,54.0,A,"YI,YZ",3.9452074049821387e-10
validation,0.01,3.0,54.0,A,"YI,ZI",-1.1577623076767192e-09
validation,0.01,3.0,54.0,A,"YI,ZX",7.575642699687423e-10
validation,0.01,3.0,54.0,A,"YI,ZY",2.913369505716509e-10
validation,0.01,3.0,54.0,A,"YI,ZZ",-1.3059365253502534e-09
validation,0.01,3.0,54.0,A,"YX,YY",1.781611111437471e-09
validation,0.01,3.0,54.0,A,"YX,YZ",1.0302712317569712e-09
validation,0.01,3.0,54.0,A,"YX,ZI",-1.7010405983092225e-09
validation,0.01,3.0,54.0,A,"YX,ZX",9.160034948171932e-11
validation,0.01,3.0,54.0,A,"YX,ZY",2.3459740658396914e-09
validation,0.01,3.0,54.0,A,"YX,ZZ",1.4199267066084296e-11
validation,0.01,3.0,54.0,A,"YY,YZ",5.459067361306993e-10
validation,0.01,3.0,54.0,A,"YY,ZI",-2.116763702160696e-09
validation,0.01,3.0,54.0,A,"YY,ZX",1.6691843112995903e-10
validation,0.01,3.0,54.0,A,"YY,ZY",9.256467291450846e-10
validation,0.01,3.0,54.0,A,"YY,ZZ",-1.4848522892659955e-09
validation,0.01,3.0,54.0,A,"YZ,ZI",6.651571579089823e-11
validation,0.01,3.0,54.0,A,"YZ,ZX",-3.7302042751735426e-10
validation,0.01,3.0,54.0,A,"YZ,ZY",-6.461782347573536e-10
validation,0.01,3.0,54.0,A,"YZ,ZZ",-4.622993085742363e-11
validation,0.01,3.0,54.0,A,"ZI,ZX",-4.591265831465381e-10
validation,0.01,3.0,54.0,A,"ZI,ZY",2.842583546479162e-10
validation,0.01,3.0,54.0,A,"ZI,ZZ",2.360800535424566e-10
validation,0.01,3.0,54.0,A,"ZX,ZY",-1.3180709359637948e-09
validation,0.01,3.0,54.0,A,"ZX,ZZ",-1.0173056213379746e-09
validation,0.01,3.0,54.0,A,"ZY,ZZ",-1.4737168595620095e-09
training,1.0,0.0,0.0,H,IX,0.0
training,1.0,0.0,0.0,H,IY,0.0
training,1.0,0.0,0.0,H,IZ,0.0
training,1.0,0.0,0.0,H,XI,0.0
training,1.0,0.0,0.0,H,XX,0.0
training,1.0,0.0,0.0,H,XY,0.0
training,1.0,0.0,0.0,H,XZ,0.0
training,1.0,0.0,0.0,H,YI,0.0
training,1.0,0.0,0.0,H,YX,0.0
training,1.0,0.0,0.0,H,YY,0.0
training,1.0,0.0,0.0,H,YZ,0.0
training,1.0,0.0,0.0,H,ZI,0.0
training,1.0,0.0,0.0,H,ZX,0.0
training,1.0,0.0,0.0,H,ZY,0.0
training,1.0,0.0,0.0,H,ZZ,0.0
training,1.0,0.0,0.0,S,IX,0.0
training,1.0,0.0,0.0,S,IY,0.0
training,1.0,0.0,0.0,S,IZ,0.0
training,1.0,0.0,0.0,S,XI,0.0
training,1.0,0.0,0.0,S,XX,0.0
training,1.0,0.0,0.0,S,XY,0.0
training,1.0,0.0,0.0,S,XZ,0.0
training,1.0,0.0,0.0,S,YI,0.0
training,1.0,0.0,0.0,S,YX,0.0
training,1.0,0.0,0.0,S,YY,0.0
training,1.0,0.0,0.0,S,YZ,0.0
training,1.0,0.0,0.0,S,ZI,0.0
training,1.0,0.0,0.0,S,ZX,0.0
training,1.0,0.0,0.0,S,ZY,0.0
training,1.0,0.0,0.0,S,ZZ,0.0
training,1.0,0.0,0.0,C,"IX,IY",0.0
training,1.0,0.0,0.0,C,"IX,IZ",0.0
training,1.0,0.0,0.0,C,"IX,XI",0.0
training,1.0,0.0,0.0,C,"IX,XX",0.0
training,1.0,0.0,0.0,C,"IX,XY",0.0
training,1.0,0.0,0.0,C,"IX,XZ",0.0
training,1.0,0.0,0.0,C,"IX,YI",0.0
training,1.0,0.0,0.0,C,"IX,YX",0.0
training,1.0,0.0,0.0,C,"IX,YY",0.0
training,1.0,0.0,0.0,C,"IX,YZ",0.0
training,1.0,0.0,0.0,C,"IX,ZI",0.0
training,1.0,0.0,0.0,C,"IX,ZX",0.0
training,1.0,0.0,0.0,C,"IX,ZY",0.0
training,1.0,0.0,0.0,C,"IX,ZZ",0.0
training,1.0,0.0,0.0,C,"IY,IZ",0.0
training,1.0,0.0,0.0,C,"IY,XI",0.0
training,1.0,0.0,0.0,C,"IY,XX",0.0
training,1.0,0.0,0.0,C,"IY,XY",0.0
training,1.0,0.0,0.0,C,"IY,XZ",0.0
training,1.0,0.0,0.0,C,"IY,YI",0.0
training,1.0,0.0,0.0,C,"IY,YX",0.0
training,1.0,0.0,0.0,C,"IY,YY",0.0
training,1.0,0.0,0.0,C,"IY,YZ",0.0
training,1.0,0.0,0.0,C,"IY,ZI",0.0
training,1.0,0.0,0.0,C,"IY,ZX",0.0
training,1.0,0.0,0.0,C,"IY,ZY",0.0
training,1.0,0.0,0.0,C,"IY,ZZ",0.0
training,1.0,0.0,0.0,C,"IZ,XI",0.0
training,1.0,0.0,0.0,C,"IZ,XX",0.0
training,1.0,0.0,0.0,C,"IZ,XY",0.0
training,1.0,0.0,0.0,C,"IZ,XZ",0.0
training,1.0,0.0,0.0,C,"IZ,YI",0.0
training,1.0,0.0,0.0,C,"IZ,YX",0.0
training,1.0,0.0,0.0,C,"IZ,YY",0.0
training,1.0,0.0,0.0,C,"IZ,YZ",0.0
training,1.0,0.0,0.0,C,"IZ,ZI",0.0
training,1.0,0.0,0.0,C,"IZ,ZX",0.0
training,1.0,0.0,0.0,C,"IZ,ZY",0.0
training,1.0,0.0,0.0,C,"IZ,ZZ",0.0
training,1.0,0.0,0.0,C,"XI,XX",0.0
training,1.0,0.0,0.0,C,"XI,XY",0.0
training,1.0,0.0,0.0,C,"XI,XZ",0.0
training,1.0,0.0,0.0,C,"XI,YI",0.0
training,1.0,0.0,0.0,C,"XI,YX",0.0
training,1.0,0.0,0.0,C,"XI,YY",0.0
training,1.0,0.0,0.0,C,"XI,YZ",0.0
training,1.0,0.0,0.0,C,"XI,ZI",0.0
training,1.0,0.0,0.0,C,"XI,ZX",0.0
training,1.0,0.0,0.0,C,"XI,ZY",0.0
training,1.0,0.0,0.0,C,"XI,ZZ",0.0
training,1.0,0.0,0.0,C,"XX,XY",0.0
training,1.0,0.0,0.0,C,"XX,XZ",0.0
training,1.0,0.0,0.0,C,"XX,YI",0.0
training,1.0,0.0,0.0,C,"XX,YX",0.0
training,1.0,0.0,0.0,C,"XX,YY",0.0
training,1.0,0.0,0.0,C,"XX,YZ",0.0
training,1.0,0.0,0.0,C,"XX,ZI",0.0
training,1.0,0.0,0.0,C,"XX,ZX",0.0
training,1.0,0.0,0.0,C,"XX,ZY",0.0
training,1.0,0.0,0.0,C,"XX,ZZ",0.0
training,1.0,0.0,0.0,C,"XY,XZ",0.0
training,1.0,0.0,0.0,C,"XY,YI",0.0
training,1.0,0.0,0.0,C,"XY,YX",0.0
training,1.0,0.0,0.0,C,"XY,YY",0.0
training,1.0,0.0,0.0,C,"XY,YZ",0.0
training,1.0,0.0,0.0,C,"XY,ZI",0.0
training,1.0,0.0,0.0,C,"XY,ZX",0.0
training,1.0,0.0,0.0,C,"XY,ZY",0.0
training,1.0,0.0,0.0,C,"XY,ZZ",0.0
training,1.0,0.0,0.0,C,"XZ,YI",0.0
training,1.0,0.0,0.0,C,"XZ,YX",0.0
training,1.0,0.0,0.0,C,"XZ,YY",0.0
training,1.0,0.0,0.0,C,"XZ,YZ",0.0
training,1.0,0.0,0.0,C,"XZ,ZI",0.0
training,1.0,0.0,0.0,C,"XZ,ZX",0.0
training,1.0,0.0,0.0,C,"XZ,ZY",0.0
training,1.0,0.0,0.0,C,"XZ,ZZ",0.0
training,1.0,0.0,0.0,C,"YI,YX",0.0
training,1.0,0.0,0.0,C,"YI,YY",0.0
training,1.0,0.0,0.0,C,"YI,YZ",0.0
training,1.0,0.0,0.0,C,"YI,ZI",0.0
training,1.0,0.0,0.0,C,"YI,ZX",0.0
training,1.0,0.0,0.0,C,"YI,ZY",0.0
training,1.0,0.0,0.0,C,"YI,ZZ",0.0
training,1.0,0.0,0.0,C,"YX,YY",0.0
training,1.0,0.0,0.0,C,"YX,YZ",0.0
training,1.0,0.0,0.0,C,"YX,ZI",0.0
training,1.0,0.0,0.0,C,"YX,ZX",0.0
training,1.0,0.0,0.0,C,"YX,ZY",0.0
training,1.0,0.0,0.0,C,"YX,ZZ",0.0
training,1.0,0.0,0.0,C,"YY,YZ",0.0
training,1.0,0.0,0.0,C,"YY,ZI",0.0
training,1.0,0.0,0.0,C,"YY,ZX",0.0
training,1.0,0.0,0.0,C,"YY,ZY",0.0
training,1.0,0.0,0.0,C,"YY,ZZ",0.0
training,1.0,0.0,0.0,C,"YZ,ZI",0.0
training,1.0,0.0,0.0,C,"YZ,ZX",0.0
training,1.0,0.0,0.0,C,"YZ,ZY",0.0
training,1.0,0.0,0.0,C,"YZ,ZZ",0.0
training,1.0,0.0,0.0,C,"ZI,ZX",0.0
training,1.0,0.0,0.0,C,"ZI,ZY",0.0
training,1.0,0.0,0.0,C,"ZI,ZZ",0.0
training,1.0,0.0,0.0,C,"ZX,ZY",0.0
training,1.0,0.0,0.0,C,"ZX,ZZ",0.0
training,1.0,0.0,0.0,C,"ZY,ZZ",0.0
training,1.0,0.0,0.0,A,"IX,IY",0.0
training,1.0,0.0,0.0,A,"IX,IZ",0.0
training,1.0,0.0,0.0,A,"IX,XI",0.0
training,1.0,0.0,0.0,A,"IX,XX",0.0
training,1.0,0.0,0.0,A,"IX,XY",0.0
training,1.0,0.0,0.0,A,"IX,XZ",0.0
training,1.0,0.0,0.0,A,"IX,YI",0.0
training,1.0,0.0,0.0,A,"IX,YX",0.0
training,1.0,0.0,0.0,A,"IX,YY",0.0
training,1.0,0.0,0.0,A,"IX,YZ",0.0
training,1.0,0.0,0.0,A,"IX,ZI",0.0
training,1.0,0.0,0.0,A,"IX,ZX",0.0
training,1.0,0.0,0.0,A,"IX,ZY",0.0
training,1.0,0.0,0.0,A,"IX,ZZ",0.0
training,1.0,0.0,0.0,A,"IY,IZ",0.0
training,1.0,0.0,0.0,A,"IY,XI",0.0
training,1.0,0.0,0.0,A,"IY,XX",0.0
training,1.0,0.0,0.0,A,"IY,XY",0.0
training,1.0,0.0,0.0,A,"IY,XZ",0.0
training,1.0,0.0,0.0,A,"IY,YI",0.0
training,1.0,0.0,0.0,A,"IY,YX",0.0
training,1.0,0.0,0.0,A,"IY,YY",0.0
training,1.0,0.0,0.0,A,"IY,YZ",0.0
training,1.0,0.0,0.0,A,"IY,ZI",0.0
training,1.0,0.0,0.0,A,"IY,ZX",0.0
training,1.0,0.0,0.0,A,"IY,ZY",0.0
training,1.0,0.0,0.0,A,"IY,ZZ",0.0
training,1.0,0.0,0.0,A,"IZ,XI",0.0
training,1.0,0.0,0.0,A,"IZ,XX",0.0
training,1.0,0.0,0.0,A,"IZ,XY",0.0
training,1.0,0.0,0.0,A,"IZ,XZ",0.0
training,1.0,0.0,0.0,A,"IZ,YI",0.0
training,1.0,0.0,0.0,A,"IZ,YX",0.0
training,1.0,0.0,0.0,A,"IZ,YY",0.0
training,1.0,0.0,0.0,A,"IZ,YZ",0.0
training,1.0,0.0,0.0,A,"IZ,ZI",0.0
training,1.0,0.0,0.0,A,"IZ,ZX",0.0
training,1.0,0.0,0.0,A,"IZ,ZY",0.0
training,1.0,0.0,0.0,A,"IZ,ZZ",0.0
training,1.0,0.0,0.0,A,"XI,XX",0.0
training,1.0,0.0,0.0,A,"XI,XY",0.0
training,1.0,0.0,0.0,A,"XI,XZ",0.0
training,1.0,0.0,0.0,A,"XI,YI",0.0
training,1.0,0.0,0.0,A,"XI,YX",0.0
training,1.0,0.0,0.0,A,"XI,YY",0.0
training,1.0,0.0,0.0,A,"XI,YZ",0.0
training,1.0,0.0,0.0,A,"XI,ZI",0.0
training,1.0,0.0,0.0,A,"XI,ZX",0.0
training,1.0,0.0,0.0,A,"XI,ZY",0.0
training,1.0,0.0,0.0,A,"XI,ZZ",0.0
training,1.0,0.0,0.0,A,"XX,XY",0.0
training,1.0,0.0,0.0,A,"XX,XZ",0.0
training,1.0,0.0,0.0,A,"XX,YI",0.0
training,1.0,0.0,0.0,A,"XX,YX",0.0
training,1.0,0.0,0.0,A,"XX,YY",0.0
training,1.0,0.0,0.0,A,"XX,YZ",0.0
training,1.0,0.0,0.0,A,"XX,ZI",0.0
training,1.0,0.0,0.0,A,"XX,ZX",0.0
training,1.0,0.0,0.0,A,"XX,ZY",0.0
training,1.0,0.0,0.0,A,"XX,ZZ",0.0
training,1.0,0.0,0.0,A,"XY,XZ",0.0
training,1.0,0.0,0.0,A,"XY,YI",0.0
training,1.0,0.0,0.0,A,"XY,YX",0.0
training,1.0,0.0,0.0,A,"XY,YY",0.0
training,1.0,0.0,0.0,A,"XY,YZ",0.0
training,1.0,0.0,0.0,A,"XY,ZI",0.0
training,1.0,0.0,0.0,A,"XY,ZX",0.0
training,1.0,0.0,0.0,A,"XY,ZY",0.0
training,1.0,0.0,0.0,A,"XY,ZZ",0.0
training,1.0,0.0,0.0,A,"XZ,YI",0.0
training,1.0,0.0,0.0,A,"XZ,YX",0.0
training,1.0,0.0,0.0,A,"XZ,YY",0.0
training,1.0,0.0,0.0,A,"XZ,YZ",0.0
training,1.0,0.0,0.0,A,"XZ,ZI",0.0
training,1.0,0.0,0.0,A,"XZ,ZX",0.0
training,1.0,0.0,0.0,A,"XZ,ZY",0.0
training,1.0,0.0,0.0,A,"XZ,ZZ",0.0
training,1.0,0.0,0.0,A,"YI,YX",0.0
training,1.0,0.0,0.0,A,"YI,YY",0.0
training,1.0,0.0,0.0,A,"YI,YZ",0.0
training,1.0,0.0,0.0,A,"YI,ZI",0.0
training,1.0,0.0,0.0,A,"YI,ZX",0.0
training,1.0,0.0,0.0,A,"YI,ZY",0.0
training,1.0,0.0,0.0,A,"YI,ZZ",0.0
training,1.0,0.0,0.0,A,"YX,YY",0.0
training,1.0,0.0,0.0,A,"YX,YZ",0.0
training,1.0,0.0,0.0,A,"YX,ZI",0.0
training,1.0,0.0,0.0,A,"YX,ZX",0.0
training,1.0,0.0,0.0,A,"YX,ZY",0.0
training,1.0,0.0,0.0,A,"YX,ZZ",0.0
training,1.0,0.0,0.0,A,"YY,YZ",0.0
training,1.0,0.0,0.0,A,"YY,ZI",0.0
training,1.0,0.0,0.0,A,"YY,ZX",0.0
training,1.0,0.0,0.0,A,"YY,ZY",0.0
training,1.0,0.0,0.0,A,"YY,ZZ",0.0
training,1.0,0.0,0.0,A,"YZ,ZI",0.0
training,1.0,0.0,0.0,A,"YZ,ZX",0.0
training,1.0,0.0,0.0,A,"YZ,ZY",0.0
training,1.0,0.0,0.0,A,"YZ,ZZ",0.0
training,1.0,0.0,0.0,A,"ZI,ZX",0.0
training,1.0,0.0,0.0,A,"ZI,ZY",0.0
training,1.0,0.0,0.0,A,"ZI,ZZ",0.0
training,1.0,0.0,0.0,A,"ZX,ZY",0.0
training,1.0,0.0,0.0,A,"ZX,ZZ",0.0
training,1.0,0.0,0.0,A,"ZY,ZZ",0.0
training,1.0,0.5,9.0,H,IX,-8.713568745433776e-09
training,1.0,0.5,9.0,H,IY,2.2775697464967027e-09
training,1.0,0.5,9.0,H,IZ,-2.0818215304939974e-10
training,1.0,0.5,9.0,H,XI,-9.767582158143216e-09
training,1.0,0.5,9.0,H,XX,-2.0658935188108595e-05
training,1.0,0.5,9.0,H,XY,-8.71690557332732e-10
training,1.0,0.5,9.0,H,XZ,-6.807752073476232e-10
training,1.0,0.5,9.0,H,YI,-3.813702059035718e-09
training,1.0,0.5,9.0,H,YX,4.423441729570716e-09
training,1.0,0.5,9.0,H,YY,-1.1792540581366366e-09
training,1.0,0.5,9.0,H,YZ,5.273850694830604e-09
training,1.0,0.5,9.0,H,ZI,1.180922416911107e-10
training,1.0,0.5,9.0,H,ZX,-7.838272205520883e-10
training,1.0,0.5,9.0,H,ZY,-2.866428284840634e-09
training,1.0,0.5,9.0,H,ZZ,-1.2327850455188221e-16
training,1.0,0.5,9.0,S,IX,0.0003192255897554591
training,1.0,0.5,9.0,S,IY,-1.1003659985140204e-09
training,1.0,0.5,9.0,S,IZ,-5.610387556278813e-10
training,1.0,0.5,9.0,S,XI,0.00031923057880164603
training,1.0,0.5,9.0,S,XX,7.74946374621692e-05
training,1.0,0.5,9.0,S,XY,-3.156042577073196e-09
training,1.0,0.5,9.0,S,XZ,1.4718469796626884e-09
training,1.0,0.5,9.0,S,YI,2.233802452039635e-09
training,1.0,0.5,9.0,S,YX,-3.036218147506233e-09
training,1.0,0.5,9.0,S,YY,3.6608496779789654e-09
training,1.0,0.5,9.0,S,YZ,4.8244609272992105e-09
training,1.0,0.5,9.0,S,ZI,-1.2059881521696812e-09
training,1.0,0.5,9.0,S,ZX,5.949758008219283e-10
training,1.0,0.5,9.0,S,ZY,4.753556623434058e-09
training,1.0,0.5,9.0,S,ZZ,6.3025447409278436e-09
training,1.0,0.5,9.0,C,"IX,IY",-1.239011556220507e-09
training,1.0,0.5,9.0,C,"IX,IZ",-8.896737505937092e-10
training,1.0,0.5,9.0,C,"IX,XI",0.00031922815107218413
training,1.0,0.5,9.0,C,"IX,XX",-2.567338665488904e-09
training,1.0,0.5,9.0,C,"IX,XY",-6.956366471729047e-10
training,1.0,0.5,9.0,C,"IX,XZ",-1.7660380662476136e-09
training,1.0,0.5,9.0,C,"IX,YI",7.626311142399838e-10
training,1.0,0.5,9.0,C,"IX,YX",2.9761716956776386e-09
training,1.0,0.5,9.0,C,"IX,YY",-1.4074949225388345e-09
training,1.0,0.5,9.0,C,"IX,YZ",3.3290941213368127e-11
training,1.0,0.5,9.0,C,"IX,ZI",8.303666371779011e-10
training,1.0,0.5,9.0,C,"IX,ZX",-1.2283244214660647e-09
training,1.0,0.5,9.0,C,"IX,ZY",-5.4673636275697627e-11
training,1.0,0.5,9.0,C,"IX,ZZ",-4.244172680345354e-11
training,1.0,0.5,9.0,C,"IY,IZ",1.1559130094204168e-09
training,1.0,0.5,9.0,C,"IY,XI",7.224295679857316e-10
training,1.0,0.5,9.0,C,"IY,XX",-4.4929789837841037e-10
training,1.0,0.5,9.0,C,"IY,XY",-1.2421345848832449e-09
training,1.0,0.5,9.0,C,"IY,XZ",-2.194998501772597e-10
training,1.0,0.5,9.0,C,"IY,YI",2.161923582789137e-09
training,1.0,0.5,9.0,C,"IY,YX",1.0363164311868938e-09
training,1.0,0.5,9.0,C,"IY,YY",1.9390771336848027e-09
training,1.0,0.5,9.0,C,"IY,YZ",-3.217928088084177e-11
training,1.0,0.5,9.0,C,"IY,ZI",-1.710129025563529e-09
training,1.0,0.5,9.0,C,"IY,ZX",3.5761841599724964e-10
training,1.0,0.5,9.0,C,"IY,ZY",-6.261438490019802e-11
training,1.0,0.5,9.0,C,"IY,ZZ",6.072924281520491e-10
training,1.0,0.5,9.0,C,"IZ,XI",2.6350375169869824e-10
training,1.0,0.5,9.0,C,"IZ,XX",7.316744037465723e-10
training,1.0,0.5,9.0,C,"IZ,XY",5.159139895202098e-09
training,1.0,0.5,9.0,C,"IZ,XZ",1.2716026784116445e-10
training,1.0,0.5,9.0,C,"IZ,YI",1.9476084257433508e-09
training,1.0,0.5,9.0,C,"IZ,YX",7.335765510578021e-10
training,1.0,0.5,9.0,C,"IZ,YY",2.12371626103041e-09
training,1.0,0.5,9.0,C,"IZ,YZ",-3.1906568951837364e-09
training,1.0,0.5,9.0,C,"IZ,ZI",3.436963604447269e-10
training,1.0,0.5,9.0,C,"IZ,ZX",1.3007129619704316e-09
training,1.0,0.5,9.0,C,"IZ,ZY",-1.3230990163792058e-09
training,1.0,0.5,9.0,C,"IZ,ZZ",-1.912256685957112e-09
training,1.0,0.5,9.0,C,"XI,XX",2.796261560884441e-09
training,1.0,0.5,9.0,C,"XI,XY",-1.6581092032985253e-09
training,1.0,0.5,9.0,C,"XI,XZ",-1.1635108640993937e-10
training,1.0,0.5,9.0,C,"XI,YI",7.931235549427403e-10
training,1.0,0.5,9.0,C,"XI,YX",2.410628178706581e-09
training,1.0,0.5,9.0,C,"XI,YY",-4.1464174288831765e-10
training,1.0,0.5,9.0,C,"XI,YZ",-1.0759788658656749e-10
training,1.0,0.5,9.0,C,"XI,ZI",3.211222462422659e-09
training,1.0,0.5,9.0,C,"XI,ZX",-3.1294100008433113e-10
training,1.0,0.5,9.0,C,"XI,ZY",1.2867071919036568e-10
training,1.0,0.5,9.0,C,"XI,ZZ",-2.3651258189219298e-09
training,1.0,0.5,9.0,C,"XX,XY",2.351336866978498e-11
training,1.0,0.5,9.0,C,"XX,XZ",-2.4173138587631702e-09
training,1.0,0.5,9.0,C,"XX,YI",-6.203465712545768e-10
training,1.0,0.5,9.0,C,"XX,YX",2.8111894797200324e-10
training,1.0,0.5,9.0,C,"XX,YY",1.0754277169330178e-09
training,1.0,0.5,9.0,C,"XX,YZ",-1.349379714773087e-10
training,1.0,0.5,9.0,C,"XX,ZI",-4.565235271453414e-09
training,1.0,0.5,9.0,C,"XX,ZX",3.6715590060855138e-09
training,1.0,0.5,9.0,C,"XX,ZY",-1.9287540484069071e-10
training,1.0,0.5,9.0,C,"XX,ZZ",-6.628138209607531e-10
training,1.0,0.5,9.0,C,"XY,XZ",-9.029251585125066e-10
training,1.0,0.5,9.0,C,"XY,YI",-1.7525361415642808e-09
training,1.0,0.5,9.0,C,"XY,YX",-2.1446603605360787e-10
training,1.0,0.5,9.0,C,"XY,YY",-1.6180053066376842e-09
training,1.0,0.5,9.0,C,"XY,YZ",-1.820980970248181e-10
training,1.0,0.5,9.0,C,"XY,ZI",1.3851264424463941e-09
training,1.0,0.5,9.0,C,"XY,ZX",-2.1722985504582307e-09
training,1.0,0.5,9.0,C,"XY,ZY",-1.660609198405507e-10
training,1.0,0.5,9.0,C,"XY,ZZ",-1.7500584212037356e-09
training,1.0,0.5,9.0,C,"XZ,YI",2.0847066854174023e-09
training,1.0,0.5,9.0,C,"XZ,YX",9.708309871808474e-10
training,1.0,0.5,9.0,C,"XZ,YY",2.0426553380105868e-09
training,1.0,0.5,9.0,C,"XZ,YZ",-2.0028119966321646e-10
training,1.0,0.5,9.0,C,"XZ,ZI",-1.30778985718729e-09
training,1.0,0.5,9.0,C,"XZ,ZX",2.010789208390893e-09
training,1.0,0.5,9.0,C,"XZ,ZY",-4.148387730855678e-10
training,1.0,0.5,9.0,C,"XZ,ZZ",1.1948653529394688e-09
training,1.0,0.5,9.0,C,"YI,YX",-8.829234490604447e-10
training,1.0,0.5,9.0,C,"YI,YY",3.3865649961142602e-09
training,1.0,0.5,9.0,C,"YI,YZ",-1.7808639767210587e-09
training,1.0,0.5,9.0,C,"YI,ZI",9.299715786175594e-10
training,1.0,0.5,9.0,C,"YI,ZX",1.5297399193863898e-09
training,1.0,0.5,9.0,C,"YI,ZY",-2.3192059241420092e-09
training,1.0,0.5,9.0,C,"YI,ZZ",-3.9697111408103706e-10
training,1.0,0.5,9.0,C,"YX,YY",1.9923385837251643e-10
training,1.0,0.5,9.0,C,"YX,YZ",1.2038433915469153e-09
training,1.0,0.5,9.0,C,"YX,ZI",5.304940072696074e-09
training,1.0,0.5,9.0,C,"YX,ZX",1.269709263945377e-09
training,1.0,0.5,9.0,C,"YX,ZY",1.8533313758099482e-10
training,1.0,0.5,9.0,C,"YX,ZZ",-2.1824822396595665e-09
training,1.0,0.5,9.0,C,"YY,YZ",-1.7188897311506451e-09
training,1.0,0.5,9.0,C,"YY,ZI",2.2463444055635197e-10
training,1.0,0.5,9.0,C,"YY,ZX",1.4679319864882733e-09
training,1.0,0.5,9.0,C,"YY,ZY",-2.3642057629556956e-09
training,1.0,0.5,9.0,C,"YY,ZZ",-6.985158458323436e-10
training,1.0,0.5,9.0,C,"YZ,ZI",-1.4287603800456721e-09
training,1.0,0.5,9.0,C,"YZ,ZX",-1.8581236396992583e-09
training,1.0,0.5,9.0,C,"YZ,ZY",1.3610154814410694e-09
training,1.0,0.5,9.0,C,"YZ,ZZ",-3.0474628754381903e-10
training,1.0,0.5,9.0,C,"ZI,ZX",-2.3303588857788465e-09
training,1.0,0.5,9.0,C,"ZI,ZY",-3.6246743950386946e-09
training,1.0,0.5,9.0,C,"ZI,ZZ",-4.806822174604209e-10
training,1.0,0.5,9.0,C,"ZX,ZY",-1.1877782856536333e-09
training,1.0,0.5,9.0,C,"ZX,ZZ",1.4262765075728392e-09
training,1.0,0.5,9.0,C,"ZY,ZZ",1.413670197394768e-09
training,1.0,0.5,9.0,A,"IX,IY",8.468137717741832e-11
training,1.0,0.5,9.0,A,"IX,IZ",-1.247322210369017e-09
training,1.0,0.5,9.0,A,"IX,XI",-8.44896172514389e-09
training,1.0,0.5,9.0,A,"IX,XX",-9.381620349917611e-09
training,1.0,0.5,9.0,A,"IX,XY",-2.647492807347949e-09
training,1.0,0.5,9.0,A,"IX,XZ",-3.3708286161191007e-10
training,1.0,0.5,9.0,A,"IX,YI",5.737652657954938e-10
training,1.0,0.5,9.0,A,"IX,YX",-3.378628549029918e-09
training,1.0,0.5,9.0,A,"IX,YY",-8.566615275376878e-10
training,1.0,0.5,9.0,A,"IX,YZ",-3.0682358462045935e-09
training,1.0,0.5,9.0,A,"IX,ZI",2.7816401293849733e-09
training,1.0,0.5,9.0,A,"IX,ZX",-1.5354467484917988e-09
training,1.0,0.5,9.0,A,"IX,ZY",4.1452013943394035e-09
training,1.0,0.5,9.0,A,"IX,ZZ",4.379490180845137e-10
training,1.0,0.5,9.0,A,"IY,IZ",2.890486431911369e-09
training,1.0,0.5,9.0,A,"IY,XI",-2.149840944880064e-09
training,1.0,0.5,9.0,A,"IY,XX",7.047719736835829e-09
training,1.0,0.5,9.0,A,"IY,XY",-4.233645052115968e-09
training,1.0,0.5,9.0,A,"IY,XZ",5.134557637463504e-10
training,1.0,0.5,9.0,A,"IY,YI",-1.4427204862354513e-09
training,1.0,0.5,9.0,A,"IY,YX",-4.744047643769421e-10
training,1.0,0.5,9.0,A,"IY,YY",-1.1833243709754503e-09
training,1.0,0.5,9.0,A,"IY,YZ",-1.0812749194928044e-09
training,1.0,0.5,9.0,A,"IY,ZI",7.753357194806967e-10
training,1.0,0.5,9.0,A,"IY,ZX",-9.584061561078682e-10
training,1.0,0.5,9.0,A,"IY,ZY",5.226622207623684e-10
training,1.0,0.5,9.0,A,"IY,ZZ",2.279372323870604e-09
training,1.0,0.5,9.0,A,"IZ,XI",1.3275630808856602e-09
training,1.0,0.5,9.0,A,"IZ,XX",-5.719790955623365e-10
training,1.0,0.5,9.0,A,"IZ,XY",4.037103094856574e-10
training,1.0,0.5,9.0,A,"IZ,XZ",-1.8330085128141543e-09
training,1.0,0.5,9.0,A,"IZ,YI",2.1388326387565204e-09
training,1.0,0.5,9.0,A,"IZ,YX",-1.9700049071699324e-09
training,1.0,0.5,9.0,A,"IZ,YY",1.4030802232109334e-09
training,1.0,0.5,9.0,A,"IZ,YZ",-4.877990259415981e-10
training,1.0,0.5,9.0,A,"IZ,ZI",-1.7669383458403957e-09
training,1.0,0.5,9.0,A,"IZ,ZX",2.7039705247843936e-09
training,1.0,0.5,9.0,A,"IZ,ZY",-1.2533607693939639e-09
training,1.0,0.5,9.0,A,"IZ,ZZ",1.7877368420040637e-09
training,1.0,0.5,9.0,A,"XI,XX",-8.327812461149575e-09
training,1.0,0.5,9.0,A,"XI,XY",-1.1442798514335365e-09
training,1.0,0.5,9.0,A,"XI,XZ",1.1364842932903943e-09
training,1.0,0.5,9.0,A,"XI,YI",1.991396710422142e-09
training,1.0,0.5,9.0,A,"XI,YX",-3.4131501815618517e-09
training,1.0,0.5,9.0,A,"XI,YY",5.287087260021991e-10
training,1.0,0.5,9.0,A,"XI,YZ",-5.280468512362301e-09
training,1.0,0.5,9.0,A,"XI,ZI",1.492171541444566e-09
training,1.0,0.5,9.0,A,"XI,ZX",2.620750923366461e-10
training,1.0,0.5,9.0,A,"XI,ZY",3.786051533706769e-09
training,1.0,0.5,9.0,A,"XI,ZZ",2.248392452635392e-09
training,1.0,0.5,9.0,A,"XX,XY",2.5743960599157963e-09
training,1.0,0.5,9.0,A,"XX,XZ",2.261164979004756e-09
training,1.0,0.5,9.0,A,"XX,YI",-2.8029383315691534e-09
training,1.0,0.5,9.0,A,"XX,YX",4.126697999039e-09
training,1.0,0.5,9.0,A,"XX,YY",-3.4395581836696195e-13
training,1.0,0.5,9.0,A,"XX,YZ",3.1590057493383057e-09
training,1.0,0.5,9.0,A,"XX,ZI",-1.4620302643350796e-09
training,1.0,0.5,9.0,A,"XX,ZX",-5.467582735809827e-09
training,1.0,0.5,9.0,A,"XX,ZY",-4.980925557069635e-09
training,1.0,0.5,9.0,A,"XX,ZZ",-1.1791990642770118e-09
training,1.0,0.5,9.0,A,"XY,XZ",3.5472299652523353e-09
training,1.0,0.5,9.0,A,"XY,YI",1.4095572919759785e-09
training,1.0,0.5,9.0,A,"XY,YX",-2.721068316021541e-10
training,1.0,0.5,9.0,A,"XY,YY",2.027499573891188e-09
training,1.0,0.5,9.0,A,"XY,YZ",-5.131133706032963e-10
training,1.0,0.5,9.0,A,"XY,ZI",2.8103380826270485e-09
training,1.0,0.5,9.0,A,"XY,ZX",1.3871938688071947e-09
training,1.0,0.5,9.0,A,"XY,ZY",-2.6034190488338596e-09
training,1.0,0.5,9.0,A,"XY,ZZ",-1.6291980820005424e-09
training,1.0,0.5,9.0,A,"XZ,YI",-2.030901048918694e-09
training,1.0,0.5,9.0,A,"XZ,YX",-6.215555353578139e-10
training,1.0,0.5,9.0,A,"XZ,YY",-1.6946000635428598e-09
training,1.0,0.5,9.0,A,"XZ,YZ",-1.4142220711815845e-09
training,1.0,0.5,9.0,A,"XZ,ZI",-1.6880994744054172e-12
training,1.0,0.5,9.0,A,"XZ,ZX",-9.977195631693167e-10
training,1.0,0.5,9.0,A,"XZ,ZY",7.160361691780034e-10
training,1.0,0.5,9.0,A,"XZ,ZZ",4.4377533696846666e-09
training,1.0,0.5,9.0,A,"YI,YX",-1.815003922698584e-09
training,1.0,0.5,9.0,A,"YI,YY",-4.619447481170969e-10
training,1.0,0.5,9.0,A,"YI,YZ",1.1403162757531278e-09
training,1.0,0.5,9.0,A,"YI,ZI",-1.1714660795117676e-10
training,1.0,0.5,9.0,A,"YI,ZX",1.3756761104208705e-09
training,1.0,0.5,9.0,A,"YI,ZY",1.4174463135678668e-09
training,1.0,0.5,9.0,A,"YI,ZZ",3.011372687681949e-09
training,1.0,0.5,9.0,A,"YX,YY",4.1178534802505236e-10
training,1.0,0.5,9.0,A,"YX,YZ",-2.3892488695242954e-09
training,1.0,0.5,9.0,A,"YX,ZI",-5.79207160925359e-10
training,1.0,0.5,9.0,A,"YX,ZX",2.128998722414387e-09
training,1.0,0.5,9.0,A,"YX,ZY",-8.84291061117784e-10
training,1.0,0.5,9.0,A,"YX,ZZ",8.405248778889052e-10
training,1.0,0.5,9.0,A,"YY,YZ",-2.654072370039474e-11
training,1.0,0.5,9.0,A,"YY,ZI",-1.5310678371043747e-09
training,1.0,0.5,9.0,A,"YY,ZX",8.453522822001323e-10
training,1.0,0.5,9.0,A,"YY,ZY",1.4675334832165402e-09
training,1.0,0.5,9.0,A,"YY,ZZ",3.3470653491884666e-09
training,1.0,0.5,9.0,A,"YZ,ZI",2.9267385161109928e-09
training,1.0,0.5,9.0,A,"YZ,ZX",-1.9970736545843474e-09
training,1.0,0.5,9.0,A,"YZ,ZY",-5.905077741457821e-10
training,1.0,0.5,9.0,A,"YZ,ZZ",-2.1144726304532838e-09
training,1.0,0.5,9.0,A,"ZI,ZX",-8.651030108897868e-10
training,1.0,0.5,9.0,A,"ZI,ZY",-7.364217222015995e-10
training,1.0,0.5,9.0,A,"ZI,ZZ",-4.962371765497569e-10
training,1.0,0.5,9.0,A,"ZX,ZY",1.9486102679831138e-09
training,1.0,0.5,9.0,A,"ZX,ZZ",2.6560607451545905e-09
training,1.0,0.5,9.0,A,"ZY,ZZ",-1.4370413122828968e-09
training,1.0,1.0,18.0,H,IX,5.896878259095765e-10
training,1.0,1.0,18.0,H,IY,5.405526816166684e-09
training,1.0,1.0,18.0,H,IZ,-2.7848522021927063e-10
training,1.0,1.0,18.0,H,XI,-6.3319276411164485e-09
training,1.0,1.0,18.0,H,XX,-4.098815962873692e-05
training,1.0,1.0,18.0,H,XY,5.669887772678088e-09
training,1.0,1.0,18.0,H,XZ,5.032129269497291e-10
training,1.0,1.0,18.0,H,YI,2.5181605391537506e-09
training,1.0,1.0,18.0,H,YX,4.957869265659718e-09
training,1.0,1.0,18.0,H,YY,1.9020285546439676e-09
training,1.0,1.0,18.0,H,YZ,-2.843844965300926e-09
training,1.0,1.0,18.0,H,ZI,1.9255862438000417e-10
training,1.0,1.0,18.0,H,ZX,8.830022813851216e-10
training,1.0,1.0,18.0,H,ZY,-5.506254986217242e-09
training,1.0,1.0,18.0,H,ZZ,-1.01657636034009e-15
training,1.0,1.0,18.0,S,IX,0.0006374590041953159
training,1.0,1.0,18.0,S,IY,-1.2431987611669776e-09
training,1.0,1.0,18.0,S,IZ,1.0505869286504821e-10
training,1.0,1.0,18.0,S,XI,0.0006374656525959823
training,1.0,1.0,18.0,S,XX,0.00015552512451406114
training,1.0,1.0,18.0,S,XY,-2.594772592211421e-09
training,1.0,1.0,18.0,S,XZ,4.505721006801272e-10
training,1.0,1.0,18.0,S,YI,2.922719783424524e-09
training,1.0,1.0,18.0,S,YX,-2.1318748505893756e-09
training,1.0,1.0,18.0,S,YY,4.682492854666143e-09
training,1.0,1.0,18.0,S,YZ,4.312119657385368e-09
training,1.0,1.0,18.0,S,ZI,-3.7522903542446494e-10
training,1.0,1.0,18.0,S,ZX,1.1055770836107125e-09
training,1.0,1.0,18.0,S,ZY,3.9244613408322745e-09
training,1.0,1.0,18.0,S,ZZ,5.261768723272106e-09
training,1.0,1.0,18.0,C,"IX,IY",-1.3282201697943901e-09
training,1.0,1.0,18.0,C,"IX,IZ",-2.8193505483431187e-09
training,1.0,1.0,18.0,C,"IX,XI",0.0006374629281116727
training,1.0,1.0,18.0,C,"IX,XX",-4.621843044376716e-09
training,1.0,1.0,18.0,C,"IX,XY",-1.451397645077274e-10
training,1.0,1.0,18.0,C,"IX,XZ",3.814478749993384e-09
training,1.0,1.0,18.0,C,"IX,YI",-5.394785125169415e-10
training,1.0,1.0,18.0,C,"IX,YX",5.741748546806974e-10
training,1.0,1.0,18.0,C,"IX,YY",4.1550408582471045e-09
training,1.0,1.0,18.0,C,"IX,YZ",1.4917154393050763e-10
training,1.0,1.0,18.0,C,"IX,ZI",-3.00329571383296e-09
training,1.0,1.0,18.0,C,"IX,ZX",3.3833584008193064e-09
training,1.0,1.0,18.0,C,"IX,ZY",-4.287400852198042e-10
training,1.0,1.0,18.0,C,"IX,ZZ",4.620250299990544e-09
training,1.0,1.0,18.0,C,"IY,IZ",-2.4186335930687704e-10
training,1.0,1.0,18.0,C,"IY,XI",-8.458717376744456e-10
training,1.0,1.0,18.0,C,"IY,XX",1.6144120440544802e-09
training,1.0,1.0,18.0,C,"IY,XY",-9.62182184265042e-10
training,1.0,1.0,18.0,C,"IY,XZ",-7.885803833320988e-10
training,1.0,1.0,18.0,C,"IY,YI",2.100728382277153e-09
training,1.0,1.0,18.0,C,"IY,YX",-1.2646416394560607e-09
training,1.0,1.0,18.0,C,"IY,YY",2.2337950882444123e-09
training,1.0,1.0,18.0,C,"IY,YZ",1.5903417930449102e-09
training,1.0,1.0,18.0,C,"IY,ZI",1.329250097275927e-09
training,1.0,1.0,18.0,C,"IY,ZX",1.3592524946377407e-09
training,1.0,1.0,18.0,C,"IY,ZY",-1.054156961412882e-09
training,1.0,1.0,18.0,C,"IY,ZZ",1.1377231590061128e-10
training,1.0,1.0,18.0,C,"IZ,XI",-1.4422275527969096e-09
training,1.0,1.0,18.0,C,"IZ,XX",-5.668213976307873e-09
training,1.0,1.0,18.0,C,"IZ,XY",3.3154156736895044e-09
training,1.0,1.0,18.0,C,"IZ,XZ",1.018275408648274e-09
training,1.0,1.0,18.0,C,"IZ,YI",2.0999408535089568e-09
training,1.0,1.0,18.0,C,"IZ,YX",-4.946399165280574e-10
training,1.0,1.0,18.0,C,"IZ,YY",1.7976447945634407e-09
training,1.0,1.0,18.0,C,"IZ,YZ",-3.849166659892802e-09
training,1.0,1.0,18.0,C,"IZ,ZI",-3.009038565711888e-09
training,1.0,1.0,18.0,C,"IZ,ZX",2.2059447617514073e-09
training,1.0,1.0,18.0,C,"IZ,ZY",6.97900661079474e-10
training,1.0,1.0,18.0,C,"IZ,ZZ",8.187748918194058e-10
training,1.0,1.0,18.0,C,"XI,XX",-3.919676574127213e-09
training,1.0,1.0,18.0,C,"XI,XY",-7.464706412902095e-10
training,1.0,1.0,18.0,C,"XI,XZ",4.268515364658654e-09
training,1.0,1.0,18.0,C,"XI,YI",-2.699318971418543e-10
training,1.0,1.0,18.0,C,"XI,YX",-1.2778235131612214e-09
training,1.0,1.0,18.0,C,"XI,YY",4.316180549425266e-09
training,1.0,1.0,18.0,C,"XI,YZ",-2.359145700738476e-10
training,1.0,1.0,18.0,C,"XI,ZI",-1.8517104257385475e-09
training,1.0,1.0,18.0,C,"XI,ZX",5.0667191696868735e-09
training,1.0,1.0,18.0,C,"XI,ZY",5.153500535460423e-10
training,1.0,1.0,18.0,C,"XI,ZZ",3.729474708033424e-09
training,1.0,1.0,18.0,C,"XX,XY",8.330187049717417e-10
training,1.0,1.0,18.0,C,"XX,XZ",-5.403630392357401e-09
training,1.0,1.0,18.0,C,"XX,YI",1.0054345192120604e-09
training,1.0,1.0,18.0,C,"XX,YX",3.1521412636417775e-10
training,1.0,1.0,18.0,C,"XX,YY",-8.717490815484858e-09
training,1.0,1.0,18.0,C,"XX,YZ",-1.0180580587637593e-09
training,1.0,1.0,18.0,C,"XX,ZI",-4.98465930373192e-09
training,1.0,1.0,18.0,C,"XX,ZX",-2.5448056537890454e-09
training,1.0,1.0,18.0,C,"XX,ZY",-2.025237897106311e-09
training,1.0,1.0,18.0,C,"XX,ZZ",-1.1455886389643195e-10
training,1.0,1.0,18.0,C,"XY,XZ",-1.2026986398540296e-09
training,1.0,1.0,18.0,C,"XY,YI",-2.313178004544226e-09
training,1.0,1.0,18.0,C,"XY,YX",2.835118896637115e-09
training,1.0,1.0,18.0,C,"XY,YY",-2.274935197131698e-09
training,1.0,1.0,18.0,C,"XY,YZ",5.584136385738602e-11
training,1.0,1.0,18.0,C,"XY,ZI",2.2851542728186912e-10
training,1.0,1.0,18.0,C,"XY,ZX",-3.307014263992155e-09
training,1.0,1.0,18.0,C,"XY,ZY",2.717241455279254e-10
training,1.0,1.0,18.0,C,"XY,ZZ",-8.922610690663255e-11
training,1.0,1.0,18.0,C,"XZ,YI",2.334683823893331e-09
training,1.0,1.0,18.0,C,"XZ,YX",-2.0217709709693785e-09
training,1.0,1.0,18.0,C,"XZ,YY",2.8757345250447668e-09
training,1.0,1.0,18.0,C,"XZ,YZ",-2.522143032662093e-10
training,1.0,1.0,18.0,C,"XZ,ZI",9.35218667480994e-10
training,1.0,1.0,18.0,C,"XZ,ZX",2.2183406997100714e-09
training,1.0,1.0,18.0,C,"XZ,ZY",-1.0738552013099513e-09
training,1.0,1.0,18.0,C,"XZ,ZZ",3.530204068771157e-10
training,1.0,1.0,18.0,C,"YI,YX",-1.6983863204975426e-09
training,1.0,1.0,18.0,C,"YI,YY",3.791448185721868e-09
training,1.0,1.0,18.0,C,"YI,YZ",-1.7090837326628085e-09
training,1.0,1.0,18.0,C,"YI,ZI",1.0134556255998203e-09
training,1.0,1.0,18.0,C,"YI,ZX",2.9258711989959296e-09
training,1.0,1.0,18.0,C,"YI,ZY",-3.5362809723728785e-11
training,1.0,1.0,18.0,C,"YI,ZZ",8.073118941267552e-10
training,1.0,1.0,18.0,C,"YX,YY",-2.432908509393548e-09
training,1.0,1.0,18.0,C,"YX,YZ",2.1191405154831406e-09
training,1.0,1.0,18.0,C,"YX,ZI",2.4162659494106383e-09
training,1.0,1.0,18.0,C,"YX,ZX",1.1181785834583011e-09
training,1.0,1.0,18.0,C,"YX,ZY",2.479363588208511e-09
training,1.0,1.0,18.0,C,"YX,ZZ",-1.4453288514983019e-09
training,1.0,1.0,18.0,C,"YY,YZ",-1.924834756028699e-09
training,1.0,1.0,18.0,C,"YY,ZI",1.8667826790002893e-09
training,1.0,1.0,18.0,C,"YY,ZX",3.5049008971881207e-09
training,1.0,1.0,18.0,C,"YY,ZY",-1.4538620708272421e-09
training,1.0,1.0,18.0,C,"YY,ZZ",2.8212179172134276e-10
training,1.0,1.0,18.0,C,"YZ,ZI",-1.9435528190321955e-10
training,1.0,1.0,18.0,C,"YZ,ZX",-2.187572751151663e-09
training,1.0,1.0,18.0,C,"YZ,ZY",1.0264721277011921e-09
training,1.0,1.0,18.0,C,"YZ,ZZ",-2.629057359589059e-10
training,1.0,1.0,18.0,C,"ZI,ZX",-8.036688751547731e-10
training,1.0,1.0,18.0,C,"ZI,ZY",-4.260042969362468e-09
training,1.0,1.0,18.0,C,"ZI,ZZ",8.738208901254728e-10
training,1.0,1.0,18.0,C,"ZX,ZY",-8.35276209249364e-10
training,1.0,1.0,18.0,C,"ZX,ZZ",1.6902887405079773e-09
training,1.0,1.0,18.0,C,"ZY,ZZ",-5.906845571595543e-10
training,1.0,1.0,18.0,A,"IX,IY",-4.880465194892443e-09
training,1.0,1.0,18.0,A,"IX,IZ",3.540349976284692e-10
training,1.0,1.0,18.0,A,"IX,XI",-6.473509499314277e-09
training,1.0,1.0,18.0,A,"IX,XX",-5.098213083254139e-09
training,1.0,1.0,18.0,A,"IX,XY",-1.4377596136680614e-10
training,1.0,1.0,18.0,A,"IX,XZ",3.4646827008197674e-10
training,1.0,1.0,18.0,A,"IX,YI",-4.524896788016335e-09
training,1.0,1.0,18.0,A,"IX,YX",7.664811313384604e-10
training,1.0,1.0,18.0,A,"IX,YY",-1.7304809968838095e-09
training,1.0,1.0,18.0,A,"IX,YZ",-1.1543565833779105e-09
training,1.0,1.0,18.0,A,"IX,ZI",6.353984973019149e-11
training,1.0,1.0,18.0,A,"IX,ZX",-4.1801311576440247e-10
training,1.0,1.0,18.0,A,"IX,ZY",1.3603573244629652e-09
training,1.0,1.0,18.0,A,"IX,ZZ",-6.40258130907039e-10
training,1.0,1.0,18.0,A,"IY,IZ",2.725411105924294e-09
training,1.0,1.0,18.0,A,"IY,XI",3.928868858237772e-09
training,1.0,1.0,18.0,A,"IY,XX",4.310631225645236e-09
training,1.0,1.0,18.0,A,"IY,XY",-3.1787660340168818e-09
training,1.0,1.0,18.0,A,"IY,XZ",-3.6037437877584066e-10
training,1.0,1.0,18.0,A,"IY,YI",-1.3271178177333008e-10
training,1.0,1.0,18.0,A,"IY,YX",1.0249646529171144e-09
training,1.0,1.0,18.0,A,"IY,YY",-4.0228102845706126e-10
training,1.0,1.0,18.0,A,"IY,YZ",3.237311409891588e-10
training,1.0,1.0,18.0,A,"IY,ZI",1.1347377867387085e-09
training,1.0,1.0,18.0,A,"IY,ZX",8.620213493814599e-11
training,1.0,1.0,18.0,A,"IY,ZY",-7.566523761949298e-10
training,1.0,1.0,18.0,A,"IY,ZZ",2.1116457071183033e-09
training,1.0,1.0,18.0,A,"IZ,XI",6.501773740111619e-10
training,1.0,1.0,18.0,A,"IZ,XX",-7.496653383709914e-11
training,1.0,1.0,18.0,A,"IZ,XY",-2.413562460784266e-10
training,1.0,1.0,18.0,A,"IZ,XZ",-1.380693813312377e-09
training,1.0,1.0,18.0,A,"IZ,YI",-1.3333122088214682e-10
training,1.0,1.0,18.0,A,"IZ,YX",-1.7705431641627955e-09
training,1.0,1.0,18.0,A,"IZ,YY",1.1860019440697677e-10
training,1.0,1.0,18.0,A,"IZ,YZ",8.9188398386802e-10
training,1.0,1.0,18.0,A,"IZ,ZI",-6.142413857030755e-10
training,1.0,1.0,18.0,A,"IZ,ZX",-9.650466235305302e-10
training,1.0,1.0,18.0,A,"IZ,ZY",-3.796605563186227e-10
training,1.0,1.0,18.0,A,"IZ,ZZ",1.7538837985797095e-09
training,1.0,1.0,18.0,A,"XI,XX",1.8231036292828682e-09
training,1.0,1.0,18.0,A,"XI,XY",1.5402430642973752e-09
training,1.0,1.0,18.0,A,"XI,XZ",9.135220413380497e-10
training,1.0,1.0,18.0,A,"XI,YI",-3.909584069462313e-09
training,1.0,1.0,18.0,A,"XI,YX",9.301092835647966e-10
training,1.0,1.0,18.0,A,"XI,YY",-1.3132229989098112e-09
training,1.0,1.0,18.0,A,"XI,YZ",-1.4365574842905132e-09
training,1.0,1.0,18.0,A,"XI,ZI",-1.4240516603634075e-09
training,1.0,1.0,18.0,A,"XI,ZX",3.1340109549648424e-10
training,1.0,1.0,18.0,A,"XI,ZY",1.3732092338334159e-09
training,1.0,1.0,18.0,A,"XI,ZZ",-1.2015162817258087e-10
training,1.0,1.0,18.0,A,"XX,XY",-2.9361251494079752e-09
training,1.0,1.0,18.0,A,"XX,XZ",-1.6798410107850074e-09
training,1.0,1.0,18.0,A,"XX,YI",-1.111266454282948e-09
training,1.0,1.0,18.0,A,"XX,YX",-2.876241771216533e-09
training,1.0,1.0,18.0,A,"XX,YY",-3.6798457697351565e-13
training,1.0,1.0,18.0,A,"XX,YZ",5.566844107523518e-09
training,1.0,1.0,18.0,A,"XX,ZI",7.703056037913596e-11
training,1.0,1.0,18.0,A,"XX,ZX",-1.3044587531503962e-10
training,1.0,1.0,18.0,A,"XX,ZY",2.9044135280969578e-09
training,1.0,1.0,18.0,A,"XX,ZZ",1.901451712375376e-09
training,1.0,1.0,18.0,A,"XY,XZ",2.6503556341019565e-09
training,1.0,1.0,18.0,A,"XY,YI",-1.4922138283327224e-09
training,1.0,1.0,18.0,A,"XY,YX",-5.875735907167246e-10
training,1.0,1.0,18.0,A,"XY,YY",-8.807527518923464e-11
training,1.0,1.0,18.0,A,"XY,YZ",-2.5137721772900636e-09
training,1.0,1.0,18.0,A,"XY,ZI",2.558607118732733e-09
training,1.0,1.0,18.0,A,"XY,ZX",-3.1074515373522535e-10
training,1.0,1.0,18.0,A,"XY,ZY",-1.60435087456739e-09
training,1.0,1.0,18.0,A,"XY,ZZ",-1.6310659973432247e-09
training,1.0,1.0,18.0,A,"XZ,YI",-2.7747221636295244e-10
training,1.0,1.0,18.0,A,"XZ,YX",3.8998127528976667e-10
training,1.0,1.0,18.0,A,"XZ,YY",-3.095967085432759e-10
training,1.0,1.0,18.0,A,"XZ,YZ",9.142761836727249e-10
training,1.0,1.0,18.0,A,"XZ,ZI",7.097477412999269e-10
training,1.0,1.0,18.0,A,"XZ,ZX",-2.465335247361315e-10
training,1.0,1.0,18.0,A,"XZ,ZY",-6.76200296411759e-10
training,1.0,1.0,18.0,A,"XZ,ZZ",3.012110803615484e-09
training,1.0,1.0,18.0,A,"YI,YX",-5.702811722194802e-10
training,1.0,1.0,18.0,A,"YI,YY",-1.1386357643204657e-09
training,1.0,1.0,18.0,A,"YI,YZ",3.214904025545753e-10
training,1.0,1.0,18.0,A,"YI,ZI",-6.74532365736064e-10
training,1.0,1.0,18.0,A,"YI,ZX",6.668938244518141e-10
training,1.0,1.0,18.0,A,"YI,ZY",1.3899202569904624e-09
training,1.0,1.0,18.0,A,"YI,ZZ",3.58185553164972e-09
training,1.0,1.0,18.0,A,"YX,YY",-9.319796219621608e-11
training,1.0,1.0,18.0,A,"YX,YZ",-1.868777144117094e-09
training,1.0,1.0,18.0,A,"YX,ZI",-4.787227772128002e-10
training,1.0,1.0,18.0,A,"YX,ZX",1.0176728182132109e-09
training,1.0,1.0,18.0,A,"YX,ZY",-1.8203811403583166e-09
training,1.0,1.0,18.0,A,"YX,ZZ",-1.3545757931109838e-09
training,1.0,1.0,18.0,A,"YY,YZ",6.810732269309536e-10
training,1.0,1.0,18.0,A,"YY,ZI",-8.398565967839948e-10
training,1.0,1.0,18.0,A,"YY,ZX",1.1725453837943256e-09
training,1.0,1.0,18.0,A,"YY,ZY",2.382662944333829e-10
training,1.0,1.0,18.0,A,"YY,ZZ",4.820269443844506e-09
training,1.0,1.0,18.0,A,"YZ,ZI",-1.6180188037961066e-10
training,1.0,1.0,18.0,A,"YZ,ZX",1.895681708577981e-10
training,1.0,1.0,18.0,A,"YZ,ZY",1.6995797816841206e-09
training,1.0,1.0,18.0,A,"YZ,ZZ",-2.2607910627661228e-09
training,1.0,1.0,18.0,A,"ZI,ZX",-4.901690570742297e-11
training,1.0,1.0,18.0,A,"ZI,ZY",3.1158036822605846e-10
training,1.0,1.0,18.0,A,"ZI,ZZ",1.413294205109655e-09
training,1.0,1.0,18.0,A,"ZX,ZY",2.2613864897072993e-09
training,1.0,1.0,18.0,A,"ZX,ZZ",3.03876075791292e-09
training,1.0,1.0,18.0,A,"ZY,ZZ",-8.042371797148953e-10
training,1.0,2.0,36.0,H,IX,-5.547145754960651e-09
training,1.0,2.0,36.0,H,IY,3.521728907530776e-09
training,1.0,2.0,36.0,H,IZ,-3.507860980109282e-10
training,1.0,2.0,36.0,H,XI,-1.1242935024332884e-08
training,1.0,2.0,36.0,H,XX,-8.063186264061199e-05
training,1.0,2.0,36.0,H,XY,-5.359974755255622e-09
training,1.0,2.0,36.0,H,XZ,2.319796329780422e-09
training,1.0,2.0,36.0,H,YI,-4.275046380136495e-09
training,1.0,2.0,36.0,H,YX,5.321979547599252e-09
training,1.0,2.0,36.0,H,YY,4.916964557699366e-09
training,1.0,2.0,36.0,H,YZ,4.278986166297667e-09
training,1.0,2.0,36.0,H,ZI,1.7973358149487324e-10
training,1.0,2.0,36.0,H,ZX,2.4168134319442754e-09
training,1.0,2.0,36.0,H,ZY,-6.3097208829979e-09
training,1.0,2.0,36.0,H,ZZ,-1.178014353465643e-15
training,1.0,2.0,36.0,S,IX,0.0012709669362490762
training,1.0,2.0,36.0,S,IY,-7.650911783459169e-10
training,1.0,2.0,36.0,S,IZ,-1.6915801573065894e-09
training,1.0,2.0,36.0,S,XI,0.0012709666699823085
training,1.0,2.0,36.0,S,XX,0.0003131334529139741
training,1.0,2.0,36.0,S,XY,-2.4802588949671134e-09
training,1.0,2.0,36.0,S,XZ,-1.818636699568721e-10
training,1.0,2.0,36.0,S,YI,2.4541379129621246e-09
training,1.0,2.0,36.0,S,YX,-1.1285445386359505e-09
training,1.0,2.0,36.0,S,YY,4.353517067787367e-09
training,1.0,2.0,36.0,S,YZ,2.9686334284892424e-09
training,1.0,2.0,36.0,S,ZI,-1.9394794250975587e-09
training,1.0,2.0,36.0,S,ZX,2.0842260498450367e-09
training,1.0,2.0,36.0,S,ZY,4.294367195802366e-09
training,1.0,2.0,36.0,S,ZZ,3.3114304882702304e-09
training,1.0,2.0,36.0,C,"IX,IY",-1.648907608150699e-09
training,1.0,2.0,36.0,C,"IX,IZ",-3.960029477537142e-09
training,1.0,2.0,36.0,C,"IX,XI",0.0012709671549022597
training,1.0,2.0,36.0,C,"IX,XX",-3.844181013161465e-09
training,1.0,2.0,36.0,C,"IX,XY",-2.77705234966163e-09
training,1.0,2.0,36.0,C,"IX,XZ",8.485055176911883e-10
training,1.0,2.0,36.0,C,"IX,YI",4.4628708872913447e-10
training,1.0,2.0,36.0,C,"IX,YX",9.493371562698676e-10
training,1.0,2.0,36.0,C,"IX,YY",8.587593513456982e-10
training,1.0,2.0,36.0,C,"IX,YZ",-7.8034441897834e-11
training,1.0,2.0,36.0,C,"IX,ZI",-1.1636207778451373e-10
training,1.0,2.0,36.0,C,"IX,ZX",5.134775642533772e-10
training,1.0,2.0,36.0,C,"IX,ZY",-9.493628500343087e-11
training,1.0,2.0,36.0,C,"IX,ZZ",2.014031753750126e-09
training,1.0,2.0,36.0,C,"IY,IZ",-2.7846364456158506e-10
training,1.0,2.0,36.0,C,"IY,XI",-2.1909577662531198e-10
training,1.0,2.0,36.0,C,"IY,XX",2.7716957176973213e-09
training,1.0,2.0,36.0,C,"IY,XY",-9.173731784704153e-10
training,1.0,2.0,36.0,C,"IY,XZ",-1.389342178724994e-09
training,1.0,2.0,36.0,C,"IY,YI",1.5920211525431736e-09
training,1.0,2.0,36.0,C,"IY,YX",2.1106290339859995e-09
training,1.0,2.0,36.0,C,"IY,YY",2.1662965868601756e-09
training,1.0,2.0,36.0,C,"IY,YZ",2.373646877761811e-09
training,1.0,2.0,36.0,C,"IY,ZI",-1.0553123039879979e-09
training,1.0,2.0,36.0,C,"IY,ZX",3.708128124643614e-10
training,1.0,2.0,36.0,C,"IY,ZY",6.935454671573217e-10
training,1.0,2.0,36.0,C,"IY,ZZ",6.427870118851716e-10
training,1.0,2.0,36.0,C,"IZ,XI",-3.093935719542107e-09
training,1.0,2.0,36.0,C,"IZ,XX",5.106599600114884e-09
training,1.0,2.0,36.0,C,"IZ,XY",5.2869810992856785e-09
training,1.0,2.0,36.0,C,"IZ,XZ",-1.4183321615739366e-10
training,1.0,2.0,36.0,C,"IZ,YI",2.7378210220286877e-09
training,1.0,2.0,36.0,C,"IZ,YX",-1.0684483248739694e-09
training,1.0,2.0,36.0,C,"IZ,YY",1.6344663944759925e-09
training,1.0,2.0,36.0,C,"IZ,YZ",-1.928217252273729e-09
training,1.0,2.0,36.0,C,"IZ,ZI",-2.6148350443055796e-09
training,1.0,2.0,36.0,C,"IZ,ZX",2.806420159680874e-09
training,1.0,2.0,36.0,C,"IZ,ZY",7.742409927624927e-10
training,1.0,2.0,36.0,C,"IZ,ZZ",-6.511822383906937e-10
training,1.0,2.0,36.0,C,"XI,XX",2.2890848487688447e-09
training,1.0,2.0,36.0,C,"XI,XY",-2.9309390148356215e-09
training,1.0,2.0,36.0,C,"XI,XZ",2.1312567275344174e-09
training,1.0,2.0,36.0,C,"XI,YI",1.2843646242385444e-09
training,1.0,2.0,36.0,C,"XI,YX",-4.844311099886559e-10
training,1.0,2.0,36.0,C,"XI,YY",2.2335165628177973e-09
training,1.0,2.0,36.0,C,"XI,YZ",4.88211442463559e-11
training,1.0,2.0,36.0,C,"XI,ZI",1.6535632375800843e-09
training,1.0,2.0,36.0,C,"XI,ZX",2.9047003936687607e-09
training,1.0,2.0,36.0,C,"XI,ZY",1.2404265891746002e-10
training,1.0,2.0,36.0,C,"XI,ZZ",1.6471670351496175e-11
training,1.0,2.0,36.0,C,"XX,XY",1.0146682696742436e-10
training,1.0,2.0,36.0,C,"XX,XZ",-3.774544519751897e-09
training,1.0,2.0,36.0,C,"XX,YI",2.2857624634335655e-09
training,1.0,2.0,36.0,C,"XX,YX",4.8476638122635376e-11
training,1.0,2.0,36.0,C,"XX,YY",-3.5036891304526456e-09
training,1.0,2.0,36.0,C,"XX,YZ",-2.7233993033062224e-09
training,1.0,2.0,36.0,C,"XX,ZI",-5.5917177288135536e-09
training,1.0,2.0,36.0,C,"XX,ZX",4.0051235218107566e-09
training,1.0,2.0,36.0,C,"XX,ZY",-2.412754851896285e-09
training,1.0,2.0,36.0,C,"XX,ZZ",9.572541862769486e-11
training,1.0,2.0,36.0,C,"XY,XZ",-3.6106937614736494e-10
training,1.0,2.0,36.0,C,"XY,YI",-1.560725821937024e-09
training,1.0,2.0,36.0,C,"XY,YX",-8.949883070873276e-10
training,1.0,2.0,36.0,C,"XY,YY",-9.073180125961245e-10
training,1.0,2.0,36.0,C,"XY,YZ",-1.599501110961316e-09
training,1.0,2.0,36.0,C,"XY,ZI",-4.706820522207915e-10
training,1.0,2.0,36.0,C,"XY,ZX",-2.550315274839217e-09
training,1.0,2.0,36.0,C,"XY,ZY",1.8191581989881856e-10
training,1.0,2.0,36.0,C,"XY,ZZ",-1.192001210856327e-09
training,1.0,2.0,36.0,C,"XZ,YI",1.3786846597545661e-09
training,1.0,2.0,36.0,C,"XZ,YX",2.2630749661362155e-09
training,1.0,2.0,36.0,C,"XZ,YY",1.4627417129043205e-09
training,1.0,2.0,36.0,C,"XZ,YZ",1.3552164646149628e-09
training,1.0,2.0,36.0,C,"XZ,ZI",-3.938432047055589e-10
training,1.0,2.0,36.0,C,"XZ,ZX",1.7874646949310171e-09
training,1.0,2.0,36.0,C,"XZ,ZY",1.3353264437516777e-10
training,1.0,2.0,36.0,C,"XZ,ZZ",1.480245896109162e-10
training,1.0,2.0,36.0,C,"YI,YX",-7.807120185935127e-10
training,1.0,2.0,36.0,C,"YI,YY",3.648398494286199e-09
training,1.0,2.0,36.0,C,"YI,YZ",-1.0336348793851332e-09
training,1.0,2.0,36.0,C,"YI,ZI",1.541394770068362e-10
training,1.0,2.0,36.0,C,"YI,ZX",2.8176658715132796e-09
training,1.0,2.0,36.0,C,"YI,ZY",-2.7722060378687956e-10
training,1.0,2.0,36.0,C,"YI,ZZ",-1.4312744551484415e-09
training,1.0,2.0,36.0,C,"YX,YY",7.617844801848221e-10
training,1.0,2.0,36.0,C,"YX,YZ",1.3818048874340014e-09
training,1.0,2.0,36.0,C,"YX,ZI",5.7553913031696915e-09
training,1.0,2.0,36.0,C,"YX,ZX",2.20007227693757e-09
training,1.0,2.0,36.0,C,"YX,ZY",-4.1926818724459794e-10
training,1.0,2.0,36.0,C,"YX,ZZ",4.4968205180036623e-10
training,1.0,2.0,36.0,C,"YY,YZ",-1.23917983877904e-10
training,1.0,2.0,36.0,C,"YY,ZI",-1.3048740776166334e-09
training,1.0,2.0,36.0,C,"YY,ZX",2.879107765721333e-09
training,1.0,2.0,36.0,C,"YY,ZY",4.6047382527269564e-10
training,1.0,2.0,36.0,C,"YY,ZZ",-5.836529279085352e-10
training,1.0,2.0,36.0,C,"YZ,ZI",1.1136179114218911e-10
training,1.0,2.0,36.0,C,"YZ,ZX",-9.072763247906243e-10
training,1.0,2.0,36.0,C,"YZ,ZY",6.466861621938838e-11
training,1.0,2.0,36.0,C,"YZ,ZZ",-6.229274531342038e-10
training,1.0,2.0,36.0,C,"ZI,ZX",-2.545797252837054e-09
training,1.0,2.0,36.0,C,"ZI,ZY",-3.293740195628686e-09
training,1.0,2.0,36.0,C,"ZI,ZZ",2.6608458440213713e-09
training,1.0,2.0,36.0,C,"ZX,ZY",-5.425065609743858e-11
training,1.0,2.0,36.0,C,"ZX,ZZ",-1.0814716060170612e-09
training,1.0,2.0,36.0,C,"ZY,ZZ",-9.002593445845976e-10
training,1.0,2.0,36.0,A,"IX,IY",-1.8634081893800073e-09
training,1.0,2.0,36.0,A,"IX,IZ",-2.245178988669577e-09
training,1.0,2.0,36.0,A,"IX,XI",-1.2083676285336528e-08
training,1.0,2.0,36.0,A,"IX,XX",-1.0938939770944755e-08
training,1.0,2.0,36.0,A,"IX,XY",1.4230998089480235e-09
training,1.0,2.0,36.0,A,"IX,XZ",2.616866784879833e-10
training,1.0,2.0,36.0,A,"IX,YI",-1.7605272681716181e-09
training,1.0,2.0,36.0,A,"IX,YX",-2.3716027137697923e-09
training,1.0,2.0,36.0,A,"IX,YY",-3.360301892689768e-09
training,1.0,2.0,36.0,A,"IX,YZ",-4.698901265407242e-09
training,1.0,2.0,36.0,A,"IX,ZI",8.794732104531834e-10
training,1.0,2.0,36.0,A,"IX,ZX",-1.9365571781941117e-09
training,1.0,2.0,36.0,A,"IX,ZY",5.930090001439836e-09
training,1.0,2.0,36.0,A,"IX,ZZ",-3.177816721418644e-09
training,1.0,2.0,36.0,A,"IY,IZ",3.050564868648282e-09
training,1.0,2.0,36.0,A,"IY,XI",4.5676324555821566e-10
training,1.0,2.0,36.0,A,"IY,XX",9.696602152084253e-10
training,1.0,2.0,36.0,A,"IY,XY",-3.963514054498355e-09
training,1.0,2.0,36.0,A,"IY,XZ",3.7019812692759557e-10
training,1.0,2.0,36.0,A,"IY,YI",-2.6189180048836e-09
training,1.0,2.0,36.0,A,"IY,YX",1.9645749522526054e-09
training,1.0,2.0,36.0,A,"IY,YY",-1.3407493636294475e-09
training,1.0,2.0,36.0,A,"IY,YZ",-1.456761203490804e-09
training,1.0,2.0,36.0,A,"IY,ZI",2.2441321351973697e-09
training,1.0,2.0,36.0,A,"IY,ZX",-3.5913466963611136e-09
training,1.0,2.0,36.0,A,"IY,ZY",-7.95412240626282e-10
training,1.0,2.0,36.0,A,"IY,ZZ",8.302212542950146e-10
training,1.0,2.0,36.0,A,"IZ,XI",2.749813486290445e-09
training,1.0,2.0,36.0,A,"IZ,XX",-1.151777141551362e-09
training,1.0,2.0,36.0,A,"IZ,XY",7.263274532601921e-10
training,1.0,2.0,36.0,A,"IZ,XZ",-2.7618447166785373e-09
training,1.0,2.0,36.0,A,"IZ,YI",1.252955189541427e-09
training,1.0,2.0,36.0,A,"IZ,YX",-7.801043536092036e-10
training,1.0,2.0,36.0,A,"IZ,YY",9.181622096099258e-10
training,1.0,2.0,36.0,A,"IZ,YZ",1.6240999300547994e-09
training,1.0,2.0,36.0,A,"IZ,ZI",-6.138655158653956e-10
training,1.0,2.0,36.0,A,"IZ,ZX",1.6200165761938484e-09
training,1.0,2.0,36.0,A,"IZ,ZY",-1.03977728121079e-09
training,1.0,2.0,36.0,A,"IZ,ZZ",7.718732295042045e-10
training,1.0,2.0,36.0,A,"XI,XX",-5.243293260432761e-09
training,1.0,2.0,36.0,A,"XI,XY",2.337171492403705e-09
training,1.0,2.0,36.0,A,"XI,XZ",1.4109643042807823e-09
training,1.0,2.0,36.0,A,"XI,YI",-2.0302216105808404e-10
training,1.0,2.0,36.0,A,"XI,YX",-1.5864193624778742e-09
training,1.0,2.0,36.0,A,"XI,YY",-1.7761792784794862e-09
training,1.0,2.0,36.0,A,"XI,YZ",-5.913058940151681e-09
training,1.0,2.0,36.0,A,"XI,ZI",3.023149365934455e-10
training,1.0,2.0,36.0,A,"XI,ZX",9.951879694563198e-12
training,1.0,2.0,36.0,A,"XI,ZY",4.634824911428296e-09
training,1.0,2.0,36.0,A,"XI,ZZ",-1.5197142690080565e-09
training,1.0,2.0,36.0,A,"XX,XY",-2.278161561808392e-09
training,1.0,2.0,36.0,A,"XX,XZ",2.6462349548814974e-09
training,1.0,2.0,36.0,A,"XX,YI",-3.97372878254638e-10
training,1.0,2.0,36.0,A,"XX,YX",3.2268963321250072e-09
training,1.0,2.0,36.0,A,"XX,YY",-1.2311281946858335e-13
training,1.0,2.0,36.0,A,"XX,YZ",6.840336568366447e-09
training,1.0,2.0,36.0,A,"XX,ZI",-1.6416155235255144e-09
training,1.0,2.0,36.0,A,"XX,ZX",-2.6263908969498455e-09
training,1.0,2.0,36.0,A,"XX,ZY",-3.747992890520565e-09
training,1.0,2.0,36.0,A,"XX,ZZ",4.916595568288273e-09
training,1.0,2.0,36.0,A,"XY,XZ",3.3874793847706133e-09
training,1.0,2.0,36.0,A,"XY,YI",8.557189384794883e-10
training,1.0,2.0,36.0,A,"XY,YX",-3.065843542611589e-10
training,1.0,2.0,36.0,A,"XY,YY",1.054819973372517e-09
training,1.0,2.0,36.0,A,"XY,YZ",-5.52540009083778e-10
training,1.0,2.0,36.0,A,"XY,ZI",2.4718051643526015e-09
training,1.0,2.0,36.0,A,"XY,ZX",1.4849943750055522e-09
training,1.0,2.0,36.0,A,"XY,ZY",-2.709344164210542e-09
training,1.0,2.0,36.0,A,"XY,ZZ",-1.1412116723867997e-09
training,1.0,2.0,36.0,A,"XZ,YI",-1.9829615894422427e-09
training,1.0,2.0,36.0,A,"XZ,YX",9.16627187728072e-10
training,1.0,2.0,36.0,A,"XZ,YY",-9.275931815594676e-10
training,1.0,2.0,36.0,A,"XZ,YZ",-2.0528163211196246e-09
training,1.0,2.0,36.0,A,"XZ,ZI",1.6033985535935212e-09
training,1.0,2.0,36.0,A,"XZ,ZX",-2.10325662874684e-09
training,1.0,2.0,36.0,A,"XZ,ZY",-1.1777948557510367e-09
training,1.0,2.0,36.0,A,"XZ,ZZ",2.484123968194532e-09
training,1.0,2.0,36.0,A,"YI,YX",1.799461773149241e-10
training,1.0,2.0,36.0,A,"YI,YY",8.110985450395392e-10
training,1.0,2.0,36.0,A,"YI,YZ",8.328613607061695e-10
training,1.0,2.0,36.0,A,"YI,ZI",2.128789834952828e-09
training,1.0,2.0,36.0,A,"YI,ZX",7.999684910266376e-10
training,1.0,2.0,36.0,A,"YI,ZY",-2.465269776808461e-10
training,1.0,2.0,36.0,A,"YI,ZZ",1.970334850559996e-09
training,1.0,2.0,36.0,A,"YX,YY",-2.2653778056859614e-09
training,1.0,2.0,36.0,A,"YX,YZ",-2.1050730004669217e-09
training,1.0,2.0,36.0,A,"YX,ZI",-7.443987045697986e-10
training,1.0,2.0,36.0,A,"YX,ZX",-3.269118345960797e-10
training,1.0,2.0,36.0,A,"YX,ZY",-5.055768396032714e-10
training,1.0,2.0,36.0,A,"YX,ZZ",2.3260277527263784e-09
training,1.0,2.0,36.0,A,"YY,YZ",5.554356114792903e-11
training,1.0,2.0,36.0,A,"YY,ZI",1.5544333486667974e-09
training,1.0,2.0,36.0,A,"YY,ZX",-1.4509429737415407e-09
training,1.0,2.0,36.0,A,"YY,ZY",-9.14850645675031e-10
training,1.0,2.0,36.0,A,"YY,ZZ",2.3560555326284114e-09
training,1.0,2.0,36.0,A,"YZ,ZI",4.545498715180189e-10
training,1.0,2.0,36.0,A,"YZ,ZX",-7.23430884150582e-10
training,1.0,2.0,36.0,A,"YZ,ZY",1.512061589821576e-09
training,1.0,2.0,36.0,A,"YZ,ZZ",1.6726705624648342e-10
training,1.0,2.0,36.0,A,"ZI,ZX",-3.023969420202318e-09
training,1.0,2.0,36.0,A,"ZI,ZY",2.1415847937571267e-09
training,1.0,2.0,36.0,A,"ZI,ZZ",-5.875992872670007e-10
training,1.0,2.0,36.0,A,"ZX,ZY",4.695000744711126e-10
training,1.0,2.0,36.0,A,"ZX,ZZ",2.417623345183951e-09
training,1.0,2.0,36.0,A,"ZY,ZZ",2.730832499452014e-10
training,1.0,4.0,72.0,H,IX,2.1294657786687976e-10
training,1.0,4.0,72.0,H,IY,4.3793931599876545e-09
training,1.0,4.0,72.0,H,IZ,-1.0590217065719372e-11
training,1.0,4.0,72.0,H,XI,-1.9790255283314585e-09
training,1.0,4.0,72.0,H,XX,-0.00015595874157147725
training,1.0,4.0,72.0,H,XY,4.860694680893235e-09
training,1.0,4.0,72.0,H,XZ,-3.5004969203410077e-09
training,1.0,4.0,72.0,H,YI,3.3815383035777373e-10
training,1.0,4.0,72.0,H,YX,1.7855288379152784e-09
training,1.0,4.0,72.0,H,YY,-6.54200455480751e-09
training,1.0,4.0,72.0,H,YZ,-3.3004956258147805e-09
training,1.0,4.0,72.0,H,ZI,-7.972899172989206e-11
training,1.0,4.0,72.0,H,ZX,-3.4189192050857353e-09
training,1.0,4.0,72.0,H,ZY,-6.620176229620878e-09
training,1.0,4.0,72.0,H,ZZ,-1.2898174615643977e-16
training,1.0,4.0,72.0,S,IX,0.00252625533613149
training,1.0,4.0,72.0,S,IY,4.665953803884015e-10
training,1.0,4.0,72.0,S,IZ,-9.99539284023479e-10
training,1.0,4.0,72.0,S,XI,0.0025262681840547327
training,1.0,4.0,72.0,S,XX,0.0006343907882023789
training,1.0,4.0,72.0,S,XY,-1.0414694616694281e-09
training,1.0,4.0,72.0,S,XZ,3.667154667061877e-09
training,1.0,4.0,72.0,S,YI,2.5407362962658053e-09
training,1.0,4.0,72.0,S,YX,-4.0830344530742857e-10
training,1.0,4.0,72.0,S,YY,4.320062822445528e-09
training,1.0,4.0,72.0,S,YZ,4.601597483047323e-09
training,1.0,4.0,72.0,S,ZI,-1.2583165353869524e-09
training,1.0,4.0,72.0,S,ZX,5.471159292215651e-10
training,1.0,4.0,72.0,S,ZY,3.025039409015797e-09
training,1.0,4.0,72.0,S,ZZ,2.4970331986471327e-09
training,1.0,4.0,72.0,C,"IX,IY",-1.5431962626967565e-09
training,1.0,4.0,72.0,C,"IX,IZ",-2.656302731570177e-09
training,1.0,4.0,72.0,C,"IX,XI",0.0025262619768637207
training,1.0,4.0,72.0,C,"IX,XX",-4.074093238848021e-09
training,1.0,4.0,72.0,C,"IX,XY",1.1006277024577954e-09
training,1.0,4.0,72.0,C,"IX,XZ",4.895974141334896e-09
training,1.0,4.0,72.0,C,"IX,YI",-1.0125086635412101e-09
training,1.0,4.0,72.0,C,"IX,YX",2.6213148906755646e-09
training,1.0,4.0,72.0,C,"IX,YY",4.548627886348196e-09
training,1.0,4.0,72.0,C,"IX,YZ",5.856399759633627e-12
training,1.0,4.0,72.0,C,"IX,ZI",-4.317508154118348e-09
training,1.0,4.0,72.0,C,"IX,ZX",3.4782311952821322e-09
training,1.0,4.0,72.0,C,"IX,ZY",2.7756991302025243e-11
training,1.0,4.0,72.0,C,"IX,ZZ",5.601871263345412e-09
training,1.0,4.0,72.0,C,"IY,IZ",2.0347430479902907e-10
training,1.0,4.0,72.0,C,"IY,XI",-7.087857133200443e-10
training,1.0,4.0,72.0,C,"IY,XX",-2.9553895672865548e-09
training,1.0,4.0,72.0,C,"IY,XY",-6.964606485216877e-10
training,1.0,4.0,72.0,C,"IY,XZ",1.7839585137222709e-09
training,1.0,4.0,72.0,C,"IY,YI",2.085805945581864e-09
training,1.0,4.0,72.0,C,"IY,YX",-9.179082890095362e-10
training,1.0,4.0,72.0,C,"IY,YY",3.0578791709324576e-09
training,1.0,4.0,72.0,C,"IY,YZ",3.211802041807996e-09
training,1.0,4.0,72.0,C,"IY,ZI",-3.730907949856806e-10
training,1.0,4.0,72.0,C,"IY,ZX",4.687595759992548e-10
training,1.0,4.0,72.0,C,"IY,ZY",1.3704322013692745e-09
training,1.0,4.0,72.0,C,"IY,ZZ",-2.213744036950581e-09
training,1.0,4.0,72.0,C,"IZ,XI",-1.8083519319563e-09
training,1.0,4.0,72.0,C,"IZ,XX",-4.924179420522632e-09
training,1.0,4.0,72.0,C,"IZ,XY",3.3101507573408495e-09
training,1.0,4.0,72.0,C,"IZ,XZ",3.711885270158679e-11
training,1.0,4.0,72.0,C,"IZ,YI",1.565386240021755e-09
training,1.0,4.0,72.0,C,"IZ,YX",9.95679531214969e-10
training,1.0,4.0,72.0,C,"IZ,YY",4.940119194357597e-10
training,1.0,4.0,72.0,C,"IZ,YZ",-3.2099715107950113e-09
training,1.0,4.0,72.0,C,"IZ,ZI",-3.2765442615078852e-09
training,1.0,4.0,72.0,C,"IZ,ZX",2.043627167468646e-09
training,1.0,4.0,72.0,C,"IZ,ZY",1.2856856434657449e-09
training,1.0,4.0,72.0,C,"IZ,ZZ",1.7729648206383839e-09
training,1.0,4.0,72.0,C,"XI,XX",-2.502865946470217e-10
training,1.0,4.0,72.0,C,"XI,XY",-4.768834980775355e-10
training,1.0,4.0,72.0,C,"XI,XZ",4.651019817317082e-09
training,1.0,4.0,72.0,C,"XI,YI",5.132804891924582e-10
training,1.0,4.0,72.0,C,"XI,YX",2.0886130004904606e-10
training,1.0,4.0,72.0,C,"XI,YY",5.687290126489137e-09
training,1.0,4.0,72.0,C,"XI,YZ",6.612349073362128e-11
training,1.0,4.0,72.0,C,"XI,ZI",-2.4407762738541906e-09
training,1.0,4.0,72.0,C,"XI,ZX",6.47098662250598e-09
training,1.0,4.0,72.0,C,"XI,ZY",-9.983143944836055e-11
training,1.0,4.0,72.0,C,"XI,ZZ",4.31845087376988e-09
training,1.0,4.0,72.0,C,"XX,XY",5.345578536322721e-10
training,1.0,4.0,72.0,C,"XX,XZ",-4.442916692633137e-09
training,1.0,4.0,72.0,C,"XX,YI",-3.204293778480168e-09
training,1.0,4.0,72.0,C,"XX,YX",1.3476951685497501e-10
training,1.0,4.0,72.0,C,"XX,YY",-1.121409966520757e-08
training,1.0,4.0,72.0,C,"XX,YZ",3.6323179145570444e-09
training,1.0,4.0,72.0,C,"XX,ZI",-1.8586000996200668e-09
training,1.0,4.0,72.0,C,"XX,ZX",-4.112910700258913e-10
training,1.0,4.0,72.0,C,"XX,ZY",3.1964493559731467e-09
training,1.0,4.0,72.0,C,"XX,ZZ",-6.988789614781025e-10
training,1.0,4.0,72.0,C,"XY,XZ",7.255968745883533e-10
training,1.0,4.0,72.0,C,"XY,YI",-2.637135506889182e-09
training,1.0,4.0,72.0,C,"XY,YX",3.0746579586131827e-09
training,1.0,4.0,72.0,C,"XY,YY",-1.085677810160296e-09
training,1.0,4.0,72.0,C,"XY,YZ",-4.887878843086033e-10
training,1.0,4.0,72.0,C,"XY,ZI",2.63754758546797e-09
training,1.0,4.0,72.0,C,"XY,ZX",-3.377644988572512e-09
training,1.0,4.0,72.0,C,"XY,ZY",-2.2792130980263497e-09
training,1.0,4.0,72.0,C,"XY,ZZ",8.973013669010353e-10
training,1.0,4.0,72.0,C,"XZ,YI",1.808144508512248e-09
training,1.0,4.0,72.0,C,"XZ,YX",-1.9776948451623445e-09
training,1.0,4.0,72.0,C,"XZ,YY",3.945027203523057e-09
training,1.0,4.0,72.0,C,"XZ,YZ",1.957396343286379e-09
training,1.0,4.0,72.0,C,"XZ,ZI",7.574991863193364e-10
training,1.0,4.0,72.0,C,"XZ,ZX",1.530624178969135e-09
training,1.0,4.0,72.0,C,"XZ,ZY",7.097547559298399e-10
training,1.0,4.0,72.0,C,"XZ,ZZ",-1.2043387345071495e-09
training,1.0,4.0,72.0,C,"YI,YX",-5.782941146143358e-10
training,1.0,4.0,72.0,C,"YI,YY",3.178118851011948e-09
training,1.0,4.0,72.0,C,"YI,YZ",2.913819688586325e-10
training,1.0,4.0,72.0,C,"YI,ZI",5.858438050946513e-11
training,1.0,4.0,72.0,C,"YI,ZX",2.038092339105244e-09
training,1.0,4.0,72.0,C,"YI,ZY",8.149391178183709e-10
training,1.0,4.0,72.0,C,"YI,ZZ",-6.461729769017025e-10
training,1.0,4.0,72.0,C,"YX,YY",-1.2329395882328727e-09
training,1.0,4.0,72.0,C,"YX,YZ",4.1494779589316083e-10
training,1.0,4.0,72.0,C,"YX,ZI",2.47189787017007e-09
training,1.0,4.0,72.0,C,"YX,ZX",1.0479675986159944e-09
training,1.0,4.0,72.0,C,"YX,ZY",9.552589910826768e-10
training,1.0,4.0,72.0,C,"YX,ZZ",-2.010633670929807e-10
training,1.0,4.0,72.0,C,"YY,YZ",1.173555433086995e-09
training,1.0,4.0,72.0,C,"YY,ZI",7.509075732757759e-10
training,1.0,4.0,72.0,C,"YY,ZX",2.5113181704006882e-09
training,1.0,4.0,72.0,C,"YY,ZY",2.1931966604478082e-10
training,1.0,4.0,72.0,C,"YY,ZZ",-1.3518309852598998e-09
training,1.0,4.0,72.0,C,"YZ,ZI",-5.592918185487702e-10
training,1.0,4.0,72.0,C,"YZ,ZX",-1.4387612051391566e-09
training,1.0,4.0,72.0,C,"YZ,ZY",1.3977136169383148e-09
training,1.0,4.0,72.0,C,"YZ,ZZ",-1.411826823835064e-09
training,1.0,4.0,72.0,C,"ZI,ZX",-1.0712575946175502e-09
training,1.0,4.0,72.0,C,"ZI,ZY",-3.250111187266492e-09
training,1.0,4.0,72.0,C,"ZI,ZZ",1.1609298872411198e-09
training,1.0,4.0,72.0,C,"ZX,ZY",-4.478335692043934e-10
training,1.0,4.0,72.0,C,"ZX,ZZ",7.558022778384675e-10
training,1.0,4.0,72.0,C,"ZY,ZZ",1.1447472317445569e-10
training,1.0,4.0,72.0,A,"IX,IY",-6.135901694233555e-09
training,1.0,4.0,72.0,A,"IX,IZ",8.703776164789633e-10
training,1.0,4.0,72.0,A,"IX,XI",-4.521005335843888e-09
training,1.0,4.0,72.0,A,"IX,XX",-1.2242184998518423e-09
training,1.0,4.0,72.0,A,"IX,XY",3.930408301432468e-10
training,1.0,4.0,72.0,A,"IX,XZ",1.3941836363225218e-10
training,1.0,4.0,72.0,A,"IX,YI",-5.891238190083021e-09
training,1.0,4.0,72.0,A,"IX,YX",1.3112385543043944e-09
training,1.0,4.0,72.0,A,"IX,YY",3.0482045741659804e-09
training,1.0,4.0,72.0,A,"IX,YZ",-1.3064099206269964e-09
training,1.0,4.0,72.0,A,"IX,ZI",3.5957960389546952e-09
training,1.0,4.0,72.0,A,"IX,ZX",-8.533504271106228e-10
training,1.0,4.0,72.0,A,"IX,ZY",1.1784578239901595e-09
training,1.0,4.0,72.0,A,"IX,ZZ",2.5601583305533737e-09
training,1.0,4.0,72.0,A,"IY,IZ",3.180547817781575e-09
training,1.0,4.0,72.0,A,"IY,XI",4.6508711265434574e-09
training,1.0,4.0,72.0,A,"IY,XX",3.1915087932982223e-09
training,1.0,4.0,72.0,A,"IY,XY",-8.366527724977775e-10
training,1.0,4.0,72.0,A,"IY,XZ",1.517974544673617e-09
training,1.0,4.0,72.0,A,"IY,YI",-4.5999045693065345e-10
training,1.0,4.0,72.0,A,"IY,YX",1.0627292061597196e-09
training,1.0,4.0,72.0,A,"IY,YY",9.877944857958811e-10
training,1.0,4.0,72.0,A,"IY,YZ",-7.594901162570741e-10
training,1.0,4.0,72.0,A,"IY,ZI",3.0034906256601994e-09
training,1.0,4.0,72.0,A,"IY,ZX",1.526213314292111e-10
training,1.0,4.0,72.0,A,"IY,ZY",-2.1005211278710956e-09
training,1.0,4.0,72.0,A,"IY,ZZ",1.6543911989679181e-09
training,1.0,4.0,72.0,A,"IZ,XI",-1.0379198411752816e-09
training,1.0,4.0,72.0,A,"IZ,XX",-1.1060376585609774e-09
training,1.0,4.0,72.0,A,"IZ,XY",2.5020383399680657e-10
training,1.0,4.0,72.0,A,"IZ,XZ",-1.5859150394890117e-09
training,1.0,4.0,72.0,A,"IZ,YI",-1.7692480128296563e-09
training,1.0,4.0,72.0,A,"IZ,YX",-1.4012395213964554e-09
training,1.0,4.0,72.0,A,"IZ,YY",-1.5079110019543508e-09
training,1.0,4.0,72.0,A,"IZ,YZ",1.4269241812701607e-09
training,1.0,4.0,72.0,A,"IZ,ZI",-8.968762063323608e-10
training,1.0,4.0,72.0,A,"IZ,ZX",-1.9440454645222967e-09
training,1.0,4.0,72.0,A,"IZ,ZY",1.2684514933881325e-09
training,1.0,4.0,72.0,A,"IZ,ZZ",7.697484337031168e-10
training,1.0,4.0,72.0,A,"XI,XX",9.675393170032241e-10
training,1.0,4.0,72.0,A,"XI,XY",1.2276461355696884e-09
training,1.0,4.0,72.0,A,"XI,XZ",1.218330393996229e-09
training,1.0,4.0,72.0,A,"XI,YI",-4.423808104931613e-09
training,1.0,4.0,72.0,A,"XI,YX",2.5814410741970132e-09
training,1.0,4.0,72.0,A,"XI,YY",3.7802854025298e-09
training,1.0,4.0,72.0,A,"XI,YZ",-1.8915392450642224e-09
training,1.0,4.0,72.0,A,"XI,ZI",9.129366929658663e-10
training,1.0,4.0,72.0,A,"XI,ZX",4.6080968055583524e-10
training,1.0,4.0,72.0,A,"XI,ZY",2.2625576077699178e-09
training,1.0,4.0,72.0,A,"XI,ZZ",3.695076050476371e-09
training,1.0,4.0,72.0,A,"XX,XY",-1.2194225850139963e-09
training,1.0,4.0,72.0,A,"XX,XZ",1.852219653108311e-09
training,1.0,4.0,72.0,A,"XX,YI",3.2105918538518206e-09
training,1.0,4.0,72.0,A,"XX,YX",-2.4347244457110245e-09
training,1.0,4.0,72.0,A,"XX,YY",-5.2359337146966355e-14
training,1.0,4.0,72.0,A,"XX,YZ",6.777772242009794e-09
training,1.0,4.0,72.0,A,"XX,ZI",-2.7758593799496463e-10
training,1.0,4.0,72.0,A,"XX,ZX",5.864836298183812e-10
training,1.0,4.0,72.0,A,"XX,ZY",3.4581637275811926e-09
training,1.0,4.0,72.0,A,"XX,ZZ",-6.5420433667486e-09
training,1.0,4.0,72.0,A,"XY,XZ",-9.504438037559449e-11
training,1.0,4.0,72.0,A,"XY,YI",-1.6754320537846136e-09
training,1.0,4.0,72.0,A,"XY,YX",-7.722810461007373e-10
training,1.0,4.0,72.0,A,"XY,YY",-1.6857146838973658e-09
training,1.0,4.0,72.0,A,"XY,YZ",-3.837056102417695e-09
training,1.0,4.0,72.0,A,"XY,ZI",2.6566218151955577e-09
training,1.0,4.0,72.0,A,"XY,ZX",3.0828466726061647e-10
training,1.0,4.0,72.0,A,"XY,ZY",-2.514088791236e-09
training,1.0,4.0,72.0,A,"XY,ZZ",-8.771987959397267e-12
training,1.0,4.0,72.0,A,"XZ,YI",-1.2039178997342846e-09
training,1.0,4.0,72.0,A,"XZ,YX",2.9691076084241483e-10
training,1.0,4.0,72.0,A,"XZ,YY",-2.778982945994537e-10
training,1.0,4.0,72.0,A,"XZ,YZ",7.238594038931184e-11
training,1.0,4.0,72.0,A,"XZ,ZI",3.0122150309670554e-09
training,1.0,4.0,72.0,A,"XZ,ZX",-5.513180190062794e-11
training,1.0,4.0,72.0,A,"XZ,ZY",-2.5107418974544713e-09
training,1.0,4.0,72.0,A,"XZ,ZZ",3.0354562538906054e-09
training,1.0,4.0,72.0,A,"YI,YX",9.13053052490585e-10
training,1.0,4.0,72.0,A,"YI,YY",-4.4355638259205314e-10
training,1.0,4.0,72.0,A,"YI,YZ",-1.1986334561461636e-09
training,1.0,4.0,72.0,A,"YI,ZI",-2.617061186543395e-10
training,1.0,4.0,72.0,A,"YI,ZX",4.5789511928222976e-10
training,1.0,4.0,72.0,A,"YI,ZY",1.6283345186177454e-09
training,1.0,4.0,72.0,A,"YI,ZZ",2.0167962223556487e-09
training,1.0,4.0,72.0,A,"YX,YY",-1.569214818749892e-09
training,1.0,4.0,72.0,A,"YX,YZ",-2.5612598490146714e-09
training,1.0,4.0,72.0,A,"YX,ZI",2.4159162431008907e-10
training,1.0,4.0,72.0,A,"YX,ZX",3.216132079351811e-10
training,1.0,4.0,72.0,A,"YX,ZY",-2.6151644202707467e-09
training,1.0,4.0,72.0,A,"YX,ZZ",-2.523704306483464e-10
training,1.0,4.0,72.0,A,"YY,YZ",-1.4121036832663573e-09
training,1.0,4.0,72.0,A,"YY,ZI",-4.3668914741331255e-11
training,1.0,4.0,72.0,A,"YY,ZX",1.0166074084076506e-09
training,1.0,4.0,72.0,A,"YY,ZY",1.2642801178311062e-10
training,1.0,4.0,72.0,A,"YY,ZZ",3.2940684617808807e-09
training,1.0,4.0,72.0,A,"YZ,ZI",8.760292139066284e-10
training,1.0,4.0,72.0,A,"YZ,ZX",7.690954952318409e-10
training,1.0,4.0,72.0,A,"YZ,ZY",-1.0662018625738634e-09
training,1.0,4.0,72.0,A,"YZ,ZZ",-7.12664250108218e-11
training,1.0,4.0,72.0,A,"ZI,ZX",-1.3187259099060833e-10
training,1.0,4.0,72.0,A,"ZI,ZY",-5.6923472622271525e-11
training,1.0,4.0,72.0,A,"ZI,ZZ",8.532420619521708e-10
training,1.0,4.0,72.0,A,"ZX,ZY",3.0315644181930993e-09
training,1.0,4.0,72.0,A,"ZX,ZZ",1.4931326505447458e-09
training,1.0,4.0,72.0,A,"ZY,ZZ",-9.095582377140216e-11
validation,1.0,0.25,4.5,H,IX,7.85497435766918e-09
validation,1.0,0.25,4.5,H,IY,2.839736341568595e-10
validation,1.0,0.25,4.5,H,IZ,-3.6203923960102365e-10
validation,1.0,0.25,4.5,H,XI,-5.806256594640667e-09
validation,1.0,0.25,4.5,H,XX,-1.037279826399985e-05
validation,1.0,0.25,4.5,H,XY,-4.728704734940313e-09
validation,1.0,0.25,4.5,H,XZ,-7.790706120020677e-10
validation,1.0,0.25,4.5,H,YI,-3.9658668867181515e-09
validation,1.0,0.25,4.5,H,YX,8.152671456545545e-09
validation,1.0,0.25,4.5,H,YY,-7.911288609002151e-10
validation,1.0,0.25,4.5,H,YZ,1.9684785864002323e-09
validation,1.0,0.25,4.5,H,ZI,1.1349064788082054e-10
validation,1.0,0.25,4.5,H,ZX,-7.853872396642224e-10
validation,1.0,0.25,4.5,H,ZY,-8.570971252259827e-09
validation,1.0,0.25,4.5,H,ZZ,-3.325961499053539e-17
validation,1.0,0.25,4.5,S,IX,0.00015973880554595007
validation,1.0,0.25,4.5,S,IY,-3.2982212932477183e-10
validation,1.0,0.25,4.5,S,IZ,-1.1477729118969816e-09
validation,1.0,0.25,4.5,S,XI,0.00015973372297750426
validation,1.0,0.25,4.5,S,XX,3.868494164909018e-05
validation,1.0,0.25,4.5,S,XY,-1.2363004608630579e-09
validation,1.0,0.25,4.5,S,XZ,-7.097927408249659e-10
validation,1.0,0.25,4.5,S,YI,3.768925269044456e-09
validation,1.0,0.25,4.5,S,YX,6.392624917644137e-10
validation,1.0,0.25,4.5,S,YY,4.565828063475856e-09
validation,1.0,0.25,4.5,S,YZ,1.8530950489506004e-09
validation,1.0,0.25,4.5,S,ZI,-1.4545429013942133e-10
validation,1.0,0.25,4.5,S,ZX,4.0798729013501325e-09
validation,1.0,0.25,4.5,S,ZY,3.819423873582892e-09
validation,1.0,0.25,4.5,S,ZZ,2.686405632759567e-09
validation,1.0,0.25,4.5,C,"IX,IY",-1.3913373687232975e-09
validation,1.0,0.25,4.5,C,"IX,IZ",-2.355438836437367e-09
validation,1.0,0.25,4.5,C,"IX,XI",0.00015973642793601464
validation,1.0,0.25,4.5,C,"IX,XX",2.750153737229022e-09
validation,1.0,0.25,4.5,C,"IX,XY",1.1369040958319731e-09
validation,1.0,0.25,4.5,C,"IX,XZ",2.889619015817122e-09
validation,1.0,0.25,4.5,C,"IX,YI",-6.884423779328219e-10
validation,1.0,0.25,4.5,C,"IX,YX",-4.50716922129404e-10
validation,1.0,0.25,4.5,C,"IX,YY",2.3963677335772076e-09
validation,1.0,0.25,4.5,C,"IX,YZ",-1.7084391532616168e-10
validation,1.0,0.25,4.5,C,"IX,ZI",5.538399074805708e-10
validation,1.0,0.25,4.5,C,"IX,ZX",1.7063079603967231e-09
validation,1.0,0.25,4.5,C,"IX,ZY",-4.4881212249952103e-10
validation,1.0,0.25,4.5,C,"IX,ZZ",4.4987828583850626e-09
validation,1.0,0.25,4.5,C,"IY,IZ",-1.5610324084620886e-09
validation,1.0,0.25,4.5,C,"IY,XI",-1.0126328119443805e-10
validation,1.0,0.25,4.5,C,"IY,XX",-2.9778697096797214e-10
validation,1.0,0.25,4.5,C,"IY,XY",1.5306027998253414e-09
validation,1.0,0.25,4.5,C,"IY,XZ",-1.9724593130814662e-09
validation,1.0,0.25,4.5,C,"IY,YI",7.483044377075315e-10
validation,1.0,0.25,4.5,C,"IY,YX",2.1840621101704047e-09
validation,1.0,0.25,4.5,C,"IY,YY",8.626734898263178e-10
validation,1.0,0.25,4.5,C,"IY,YZ",2.103573814816112e-09
validation,1.0,0.25,4.5,C,"IY,ZI",-1.4894584633408536e-09
validation,1.0,0.25,4.5,C,"IY,ZX",-5.206174140939795e-10
validation,1.0,0.25,4.5,C,"IY,ZY",8.945782415477753e-10
validation,1.0,0.25,4.5,C,"IY,ZZ",8.645334671055478e-10
validation,1.0,0.25,4.5,C,"IZ,XI",-1.6285726690693662e-09
validation,1.0,0.25,4.5,C,"IZ,XX",4.731833094743407e-09
validation,1.0,0.25,4.5,C,"IZ,XY",2.240888466954061e-09
validation,1.0,0.25,4.5,C,"IZ,XZ",7.615428804411386e-10
validation,1.0,0.25,4.5,C,"IZ,YI",2.663255761915576e-09
validation,1.0,0.25,4.5,C,"IZ,YX",1.0035560413601884e-10
validation,1.0,0.25,4.5,C,"IZ,YY",2.0561078370458412e-09
validation,1.0,0.25,4.5,C,"IZ,YZ",-1.3602683323901848e-09
validation,1.0,0.25,4.5,C,"IZ,ZI",-2.7076610670881904e-09
validation,1.0,0.25,4.5,C,"IZ,ZX",3.2367974358747576e-09
validation,1.0,0.25,4.5,C,"IZ,ZY",5.086254156813148e-10
validation,1.0,0.25,4.5,C,"IZ,ZZ",-1.0014087762632251e-09
validation,1.0,0.25,4.5,C,"XI,XX",3.131447509722695e-09
validation,1.0,0.25,4.5,C,"XI,XY",1.7568518295453982e-09
validation,1.0,0.25,4.5,C,"XI,XZ",3.32711693535587e-09
validation,1.0,0.25,4.5,C,"XI,YI",9.219620615222643e-10
validation,1.0,0.25,4.5,C,"XI,YX",-1.5699775747751724e-09
validation,1.0,0.25,4.5,C,"XI,YY",4.246956664875341e-09
validation,1.0,0.25,4.5,C,"XI,YZ",1.444682750022796e-10
validation,1.0,0.25,4.5,C,"XI,ZI",1.5474578659095217e-09
validation,1.0,0.25,4.5,C,"XI,ZX",5.019619333500168e-09
validation,1.0,0.25,4.5,C,"XI,ZY",4.752629198653513e-10
validation,1.0,0.25,4.5,C,"XI,ZZ",2.103535494472143e-09
validation,1.0,0.25,4.5,C,"XX,XY",1.1951236700149483e-10
validation,1.0,0.25,4.5,C,"XX,XZ",-2.803492563146176e-10
validation,1.0,0.25,4.5,C,"XX,YI",-3.72220456422184e-10
validation,1.0,0.25,4.5,C,"XX,YX",5.265096913335574e-10
validation,1.0,0.25,4.5,C,"XX,YY",-6.884578205101853e-09
validation,1.0,0.25,4.5,C,"XX,YZ",9.40970853781587e-10
validation,1.0,0.25,4.5,C,"XX,ZI",-8.150571196577048e-09
validation,1.0,0.25,4.5,C,"XX,ZX",3.9672900959539055e-09
validation,1.0,0.25,4.5,C,"XX,ZY",-5.059029115828933e-10
validation,1.0,0.25,4.5,C,"XX,ZZ",2.1936100240398566e-10
validation,1.0,0.25,4.5,C,"XY,XZ",-9.672097392986465e-10
validation,1.0,0.25,4.5,C,"XY,YI",-2.6036933947995142e-09
validation,1.0,0.25,4.5,C,"XY,YX",1.251918424575042e-09
validation,1.0,0.25,4.5,C,"XY,YY",-1.587775234979893e-09
validation,1.0,0.25,4.5,C,"XY,YZ",-3.129814886834488e-10
validation,1.0,0.25,4.5,C,"XY,ZI",1.2772885802988518e-09
validation,1.0,0.25,4.5,C,"XY,ZX",-4.244925740527931e-09
validation,1.0,0.25,4.5,C,"XY,ZY",-2.7555003973630404e-11
validation,1.0,0.25,4.5,C,"XY,ZZ",-4.408979385015067e-10
validation,1.0,0.25,4.5,C,"XZ,YI",1.554617797309042e-09
validation,1.0,0.25,4.5,C,"XZ,YX",1.4611581492012427e-09
validation,1.0,0.25,4.5,C,"XZ,YY",1.8366957913215754e-09
validation,1.0,0.25,4.5,C,"XZ,YZ",2.6998110122560355e-10
validation,1.0,0.25,4.5,C,"XZ,ZI",-1.2138722494633827e-09
validation,1.0,0.25,4.5,C,"XZ,ZX",1.494460773821852e-09
validation,1.0,0.25,4.5,C,"XZ,ZY",-4.0244143184741315e-10
validation,1.0,0.25,4.5,C,"XZ,ZZ",3.998599484994504e-10
validation,1.0,0.25,4.5,C,"YI,YX",5.852687783508777e-13
validation,1.0,0.25,4.5,C,"YI,YY",4.126269037222337e-09
validation,1.0,0.25,4.5,C,"YI,YZ",-3.924330757372628e-10
validation,1.0,0.25,4.5,C,"YI,ZI",-3.450527215438812e-10
validation,1.0,0.25,4.5,C,"YI,ZX",4.758226432664874e-09
validation,1.0,0.25,4.5,C,"YI,ZY",6.96148978472085e-10
validation,1.0,0.25,4.5,C,"YI,ZZ",-2.5320909111284156e-09
validation,1.0,0.25,4.5,C,"YX,YY",2.1179958707210156e-09
validation,1.0,0.25,4.5,C,"YX,YZ",-1.2316086485278438e-10
validation,1.0,0.25,4.5,C,"YX,ZI",6.464033440291258e-10
validation,1.0,0.25,4.5,C,"YX,ZX",3.0264467421943745e-09
validation,1.0,0.25,4.5,C,"YX,ZY",1.6223673492775196e-09
validation,1.0,0.25,4.5,C,"YX,ZZ",-1.16607673237856e-10
validation,1.0,0.25,4.5,C,"YY,YZ",-9.123666766758348e-10
validation,1.0,0.25,4.5,C,"YY,ZI",-2.28263688399311e-09
validation,1.0,0.25,4.5,C,"YY,ZX",3.928175377970544e-09
validation,1.0,0.25,4.5,C,"YY,ZY",6.977974256978971e-10
validation,1.0,0.25,4.5,C,"YY,ZZ",-1.5602567819350218e-09
validation,1.0,0.25,4.5,C,"YZ,ZI",7.672622068870106e-10
validation,1.0,0.25,4.5,C,"YZ,ZX",-2.232579277503887e-10
validation,1.0,0.25,4.5,C,"YZ,ZY",5.233455476505466e-10
validation,1.0,0.25,4.5,C,"YZ,ZZ",4.393868958555248e-10
validation,1.0,0.25,4.5,C,"ZI,ZX",-3.2188542340123197e-09
validation,1.0,0.25,4.5,C,"ZI,ZY",-3.581631607949735e-09
validation,1.0,0.25,4.5,C,"ZI,ZZ",2.8856186386403586e-09
validation,1.0,0.25,4.5,C,"ZX,ZY",1.1766702590103373e-09
validation,1.0,0.25,4.5,C,"ZX,ZZ",-2.316259638773226e-09
validation,1.0,0.25,4.5,C,"ZY,ZZ",-2.01274608569931e-09
validation,1.0,0.25,4.5,A,"IX,IY",-3.805893931301079e-09
validation,1.0,0.25,4.5,A,"IX,IZ",2.2203300054982202e-09
validation,1.0,0.25,4.5,A,"IX,XI",-8.679345429870864e-09
validation,1.0,0.25,4.5,A,"IX,XX",-4.911605653300095e-09
validation,1.0,0.25,4.5,A,"IX,XY",1.0036216225244304e-09
validation,1.0,0.25,4.5,A,"IX,XZ",-3.139366842111914e-10
validation,1.0,0.25,4.5,A,"IX,YI",-3.7214126558950655e-09
validation,1.0,0.25,4.5,A,"IX,YX",-3.3221246253100413e-09
validation,1.0,0.25,4.5,A,"IX,YY",-5.275527096011635e-10
validation,1.0,0.25,4.5,A,"IX,YZ",-4.364954011128281e-09
validation,1.0,0.25,4.5,A,"IX,ZI",3.570365647797087e-10
validation,1.0,0.25,4.5,A,"IX,ZX",-1.1309580834046354e-09
validation,1.0,0.25,4.5,A,"IX,ZY",6.168349248459903e-09
validation,1.0,0.25,4.5,A,"IX,ZZ",-5.304408880604718e-11
validation,1.0,0.25,4.5,A,"IY,IZ",2.460985111122808e-09
validation,1.0,0.25,4.5,A,"IY,XI",3.243947141432096e-09
validation,1.0,0.25,4.5,A,"IY,XX",-1.8621891456890987e-09
validation,1.0,0.25,4.5,A,"IY,XY",-1.7518231063639004e-09
validation,1.0,0.25,4.5,A,"IY,XZ",-7.989966219570412e-10
validation,1.0,0.25,4.5,A,"IY,YI",-2.7761398826635366e-09
validation,1.0,0.25,4.5,A,"IY,YX",1.5076291126312819e-09
validation,1.0,0.25,4.5,A,"IY,YY",-1.5900099231241392e-09
validation,1.0,0.25,4.5,A,"IY,YZ",-6.684781708583182e-10
validation,1.0,0.25,4.5,A,"IY,ZI",2.4611292898164785e-09
validation,1.0,0.25,4.5,A,"IY,ZX",-3.2248251925091248e-09
validation,1.0,0.25,4.5,A,"IY,ZY",-2.3118982005921568e-09
validation,1.0,0.25,4.5,A,"IY,ZZ",6.610818120199813e-10
validation,1.0,0.25,4.5,A,"IZ,XI",-2.176765467819932e-09
validation,1.0,0.25,4.5,A,"IZ,XX",-7.845611450429693e-10
validation,1.0,0.25,4.5,A,"IZ,XY",-1.3086390890197641e-09
validation,1.0,0.25,4.5,A,"IZ,XZ",-1.3183872770957003e-09
validation,1.0,0.25,4.5,A,"IZ,YI",5.029145213250033e-10
validation,1.0,0.25,4.5,A,"IZ,YX",2.0092146521545943e-10
validation,1.0,0.25,4.5,A,"IZ,YY",7.561614797628994e-10
validation,1.0,0.25,4.5,A,"IZ,YZ",7.629800142497926e-10
validation,1.0,0.25,4.5,A,"IZ,ZI",-6.604387505689413e-10
validation,1.0,0.25,4.5,A,"IZ,ZX",1.5048214177871625e-10
validation,1.0,0.25,4.5,A,"IZ,ZY",-6.414611802271407e-10
validation,1.0,0.25,4.5,A,"IZ,ZZ",1.5158229452281369e-09
validation,1.0,0.25,4.5,A,"XI,XX",8.74905768252617e-09
validation,1.0,0.25,4.5,A,"XI,XY",1.2482866224864663e-09
validation,1.0,0.25,4.5,A,"XI,XZ",1.1357722231974601e-09
validation,1.0,0.25,4.5,A,"XI,YI",-2.8355908834191084e-09
validation,1.0,0.25,4.5,A,"XI,YX",-1.3955243327235457e-09
validation,1.0,0.25,4.5,A,"XI,YY",9.624172066213955e-10
validation,1.0,0.25,4.5,A,"XI,YZ",-5.733588377581552e-09
validation,1.0,0.25,4.5,A,"XI,ZI",-1.3964153035397546e-09
validation,1.0,0.25,4.5,A,"XI,ZX",2.2602247841281587e-10
validation,1.0,0.25,4.5,A,"XI,ZY",4.8110808334928765e-09
validation,1.0,0.25,4.5,A,"XI,ZZ",1.200380705411127e-09
validation,1.0,0.25,4.5,A,"XX,XY",4.829702554892524e-09
validation,1.0,0.25,4.5,A,"XX,XZ",-2.97128895092371e-09
validation,1.0,0.25,4.5,A,"XX,YI",-1.004304678931624e-09
validation,1.0,0.25,4.5,A,"XX,YX",5.651728636787105e-09
validation,1.0,0.25,4.5,A,"XX,YY",-1.5555540067954419e-13
validation,1.0,0.25,4.5,A,"XX,YZ",8.59120679855028e-09
validation,1.0,0.25,4.5,A,"XX,ZI",-9.693308755984832e-10
validation,1.0,0.25,4.5,A,"XX,ZX",1.7758711471338415e-09
validation,1.0,0.25,4.5,A,"XX,ZY",-1.9478147526367953e-09
validation,1.0,0.25,4.5,A,"XX,ZZ",-7.912951856572935e-10
validation,1.0,0.25,4.5,A,"XY,XZ",2.677932077903525e-09
validation,1.0,0.25,4.5,A,"XY,YI",7.201535315325624e-10
validation,1.0,0.25,4.5,A,"XY,YX",-8.741873598428848e-10
validation,1.0,0.25,4.5,A,"XY,YY",1.0423051941606231e-09
validation,1.0,0.25,4.5,A,"XY,YZ",-2.4860217983794475e-09
validation,1.0,0.25,4.5,A,"XY,ZI",1.558480367096767e-09
validation,1.0,0.25,4.5,A,"XY,ZX",1.3647151015477518e-09
validation,1.0,0.25,4.5,A,"XY,ZY",-1.1478476772803848e-09
validation,1.0,0.25,4.5,A,"XY,ZZ",-1.6096524688380618e-09
validation,1.0,0.25,4.5,A,"XZ,YI",-2.727110055379924e-09
validation,1.0,0.25,4.5,A,"XZ,YX",7.055554314042134e-10
validation,1.0,0.25,4.5,A,"XZ,YY",-1.6429839926549384e-09
validation,1.0,0.25,4.5,A,"XZ,YZ",2.034743031485365e-11
validation,1.0,0.25,4.5,A,"XZ,ZI",1.89584104060243e-09
validation,1.0,0.25,4.5,A,"XZ,ZX",-3.001581404678335e-09
validation,1.0,0.25,4.5,A,"XZ,ZY",-1.6194895210329307e-09
validation,1.0,0.25,4.5,A,"XZ,ZZ",1.8537870820852616e-09
validation,1.0,0.25,4.5,A,"YI,YX",2.7753118224706667e-09
validation,1.0,0.25,4.5,A,"YI,YY",1.4439429331001126e-09
validation,1.0,0.25,4.5,A,"YI,YZ",-3.4194451772770935e-10
validation,1.0,0.25,4.5,A,"YI,ZI",-7.364949276056174e-10
validation,1.0,0.25,4.5,A,"YI,ZX",9.190959041337514e-10
validation,1.0,0.25,4.5,A,"YI,ZY",1.4302980260954505e-10
validation,1.0,0.25,4.5,A,"YI,ZZ",2.0653286673953017e-09
validation,1.0,0.25,4.5,A,"YX,YY",-3.1027132238089126e-09
validation,1.0,0.25,4.5,A,"YX,YZ",-1.2780543268551017e-09
validation,1.0,0.25,4.5,A,"YX,ZI",3.61920026622207e-11
validation,1.0,0.25,4.5,A,"YX,ZX",-3.6097094520639626e-09
validation,1.0,0.25,4.5,A,"YX,ZY",-2.7549630560874268e-09
validation,1.0,0.25,4.5,A,"YX,ZZ",2.827908497283621e-09
validation,1.0,0.25,4.5,A,"YY,YZ",-3.61623310846401e-10
validation,1.0,0.25,4.5,A,"YY,ZI",4.072682942152069e-10
validation,1.0,0.25,4.5,A,"YY,ZX",-1.705157236511752e-09
validation,1.0,0.25,4.5,A,"YY,ZY",-2.0588651724144113e-09
validation,1.0,0.25,4.5,A,"YY,ZZ",3.3388852801948535e-09
validation,1.0,0.25,4.5,A,"YZ,ZI",-2.0250634991083017e-09
validation,1.0,0.25,4.5,A,"YZ,ZX",8.172904059588177e-10
validation,1.0,0.25,4.5,A,"YZ,ZY",3.0474970732918985e-09
validation,1.0,0.25,4.5,A,"YZ,ZZ",-1.5476333608232615e-09
validation,1.0,0.25,4.5,A,"ZI,ZX",1.010033947979387e-09
validation,1.0,0.25,4.5,A,"ZI,ZY",2.0605543269435097e-09
validation,1.0,0.25,4.5,A,"ZI,ZZ",-2.0420665523591426e-09
validation,1.0,0.25,4.5,A,"ZX,ZY",1.9103574094321093e-09
validation,1.0,0.25,4.5,A,"ZX,ZZ",1.3009789043898354e-09
validation,1.0,0.25,4.5,A,"ZY,ZZ",2.91973751488736e-10
validation,1.0,0.75,13.5,H,IX,5.993529299375557e-10
validation,1.0,0.75,13.5,H,IY,7.272363842615138e-09
validation,1.0,0.75,13.5,H,IZ,-4.6472540965660065e-10
validation,1.0,0.75,13.5,H,XI,-2.0875410367878084e-09
validation,1.0,0.75,13.5,H,XX,-3.085987812677295e-05
validation,1.0,0.75,13.5,H,XY,-1.7087005809305362e-09
validation,1.0,0.75,13.5,H,XZ,-2.215328596436769e-09
validation,1.0,0.75,13.5,H,YI,-3.082954695146189e-09
validation,1.0,0.75,13.5,H,YX,3.950621562111724e-09
validation,1.0,0.75,13.5,H,YY,-3.938544409621833e-09
validation,1.0,0.75,13.5,H,YZ,5.124074589120341e-10
validation,1.0,0.75,13.5,H,ZI,2.9126618750257997e-10
validation,1.0,0.75,13.5,H,ZX,-2.1836048558443847e-09
validation,1.0,0.75,13.5,H,ZY,-1.0181590113672442e-08
validation,1.0,0.75,13.5,H,ZZ,-9.400832517476388e-17
validation,1.0,0.75,13.5,S,IX,0.0004784653388648326
validation,1.0,0.75,13.5,S,IY,1.5420570018392227e-10
validation,1.0,0.75,13.5,S,IZ,-2.3533641050710406e-09
validation,1.0,0.75,13.5,S,XI,0.0004784749322376362
validation,1.0,0.75,13.5,S,XX,0.0001164579073222653
validation,1.0,0.75,13.5,S,XY,-1.6074373982485207e-10
validation,1.0,0.75,13.5,S,XZ,2.838668910805505e-09
validation,1.0,0.75,13.5,S,YI,3.5647137242077274e-09
validation,1.0,0.75,13.5,S,YX,-8.423274312752659e-10
validation,1.0,0.75,13.5,S,YY,3.694112739798883e-09
validation,1.0,0.75,13.5,S,YZ,2.3354490089879873e-09
validation,1.0,0.75,13.5,S,ZI,-3.3849331169499668e-09
validation,1.0,0.75,13.5,S,ZX,9.299528080851881e-10
validation,1.0,0.75,13.5,S,ZY,2.038416481683664e-09
validation,1.0,0.75,13.5,S,ZZ,8.476285640447809e-10
validation,1.0,0.75,13.5,C,"IX,IY",-2.4220030243576027e-09
validation,1.0,0.75,13.5,C,"IX,IZ",-5.483234233305222e-09
validation,1.0,0.75,13.5,C,"IX,XI",0.00047846867615116334
validation,1.0,0.75,13.5,C,"IX,XX",-5.928575991284839e-09
validation,1.0,0.75,13.5,C,"IX,XY",3.724488461153928e-10
validation,1.0,0.75,13.5,C,"IX,XZ",3.043891770247089e-09
validation,1.0,0.75,13.5,C,"IX,YI",-1.0465772338337387e-09
validation,1.0,0.75,13.5,C,"IX,YX",2.8219565104048433e-09
validation,1.0,0.75,13.5,C,"IX,YY",2.1204597903781357e-09
validation,1.0,0.75,13.5,C,"IX,YZ",-6.155666543107226e-10
validation,1.0,0.75,13.5,C,"IX,ZI",-3.253503607294749e-09
validation,1.0,0.75,13.5,C,"IX,ZX",1.974682946857254e-09
validation,1.0,0.75,13.5,C,"IX,ZY",1.83618353194097e-10
validation,1.0,0.75,13.5,C,"IX,ZZ",6.277037060681152e-09
validation,1.0,0.75,13.5,C,"IY,IZ",5.753314029080531e-10
validation,1.0,0.75,13.5,C,"IY,XI",-3.5334934047084975e-10
validation,1.0,0.75,13.5,C,"IY,XX",-1.4658860270547377e-09
validation,1.0,0.75,13.5,C,"IY,XY",-1.4839373874400244e-09
validation,1.0,0.75,13.5,C,"IY,XZ",1.1200415941597735e-09
validation,1.0,0.75,13.5,C,"IY,YI",1.1910013053167056e-09
validation,1.0,0.75,13.5,C,"IY,YX",6.402188777579802e-10
validation,1.0,0.75,13.5,C,"IY,YY",1.6758193246623857e-09
validation,1.0,0.75,13.5,C,"IY,YZ",3.807587349702094e-09
validation,1.0,0.75,13.5,C,"IY,ZI",-2.0282432070649784e-09
validation,1.0,0.75,13.5,C,"IY,ZX",-5.146179166175899e-10
validation,1.0,0.75,13.5,C,"IY,ZY",2.9905135255430244e-09
validation,1.0,0.75,13.5,C,"IY,ZZ",-1.261138661040123e-09
validation,1.0,0.75,13.5,C,"IZ,XI",-4.291242023999237e-09
validation,1.0,0.75,13.5,C,"IZ,XX",2.148917683693534e-09
validation,1.0,0.75,13.5,C,"IZ,XY",2.442550821264246e-09
validation,1.0,0.75,13.5,C,"IZ,XZ",5.137757317379785e-10
validation,1.0,0.75,13.5,C,"IZ,YI",3.2498322220869644e-09
validation,1.0,0.75,13.5,C,"IZ,YX",8.845090305591087e-10
validation,1.0,0.75,13.5,C,"IZ,YY",1.5059916762064828e-09
validation,1.0,0.75,13.5,C,"IZ,YZ",-7.844121385995539e-10
validation,1.0,0.75,13.5,C,"IZ,ZI",-2.8229149749622926e-09
validation,1.0,0.75,13.5,C,"IZ,ZX",3.4118844346870834e-09
validation,1.0,0.75,13.5,C,"IZ,ZY",1.173980776492633e-09
validation,1.0,0.75,13.5,C,"IZ,ZZ",2.173293433468845e-10
validation,1.0,0.75,13.5,C,"XI,XX",4.130021115700777e-09
validation,1.0,0.75,13.5,C,"XI,XY",-1.266267034564341e-09
validation,1.0,0.75,13.5,C,"XI,XZ",4.94874292428679e-09
validation,1.0,0.75,13.5,C,"XI,YI",2.212379175741813e-09
validation,1.0,0.75,13.5,C,"XI,YX",3.099162142199394e-10
validation,1.0,0.75,13.5,C,"XI,YY",5.876332492172451e-09
validation,1.0,0.75,13.5,C,"XI,YZ",4.1702189114759173e-10
validation,1.0,0.75,13.5,C,"XI,ZI",-1.185014478243613e-09
validation,1.0,0.75,13.5,C,"XI,ZX",6.596783462569592e-09
validation,1.0,0.75,13.5,C,"XI,ZY",1.4995458253298008e-11
validation,1.0,0.75,13.5,C,"XI,ZZ",3.39159586929109e-09
validation,1.0,0.75,13.5,C,"XX,XY",2.8501168269438013e-10
validation,1.0,0.75,13.5,C,"XX,XZ",-6.831768303662653e-09
validation,1.0,0.75,13.5,C,"XX,YI",-2.246664599748046e-09
validation,1.0,0.75,13.5,C,"XX,YX",2.279325562709696e-10
validation,1.0,0.75,13.5,C,"XX,YY",-8.979554365631286e-09
validation,1.0,0.75,13.5,C,"XX,YZ",3.2308369880868227e-09
validation,1.0,0.75,13.5,C,"XX,ZI",-3.5335549074727335e-09
validation,1.0,0.75,13.5,C,"XX,ZX",3.499776624181907e-09
validation,1.0,0.75,13.5,C,"XX,ZY",1.2915570582657536e-09
validation,1.0,0.75,13.5,C,"XX,ZZ",-8.58472876592108e-10
validation,1.0,0.75,13.5,C,"XY,XZ",-3.2750013083666136e-10
validation,1.0,0.75,13.5,C,"XY,YI",-3.967896298523812e-09
validation,1.0,0.75,13.5,C,"XY,YX",2.5831299021210184e-09
validation,1.0,0.75,13.5,C,"XY,YY",-1.7240994989830107e-09
validation,1.0,0.75,13.5,C,"XY,YZ",-1.717228549160278e-09
validation,1.0,0.75,13.5,C,"XY,ZI",2.8896632447627907e-09
validation,1.0,0.75,13.5,C,"XY,ZX",-4.939001097574846e-09
validation,1.0,0.75,13.5,C,"XY,ZY",-3.183917364761998e-09
validation,1.0,0.75,13.5,C,"XY,ZZ",1.3428616816472749e-09
validation,1.0,0.75,13.5,C,"XZ,YI",1.8340543772472405e-09
validation,1.0,0.75,13.5,C,"XZ,YX",1.4478848791835103e-09
validation,1.0,0.75,13.5,C,"XZ,YY",2.9380919403165315e-09
validation,1.0,0.75,13.5,C,"XZ,YZ",2.5192773054116165e-09
validation,1.0,0.75,13.5,C,"XZ,ZI",-1.7015278036303823e-09
validation,1.0,0.75,13.5,C,"XZ,ZX",6.819603189392822e-10
validation,1.0,0.75,13.5,C,"XZ,ZY",2.326145739626421e-09
validation,1.0,0.75,13.5,C,"XZ,ZZ",-7.171646368963532e-10
validation,1.0,0.75,13.5,C,"YI,YX",9.546987665877227e-10
validation,1.0,0.75,13.5,C,"YI,YY",3.5501838244857855e-09
validation,1.0,0.75,13.5,C,"YI,YZ",-7.730875281212355e-10
validation,1.0,0.75,13.5,C,"YI,ZI",-5.48035694544924e-10
validation,1.0,0.75,13.5,C,"YI,ZX",3.032605964112615e-09
validation,1.0,0.75,13.5,C,"YI,ZY",6.808253213958942e-10
validation,1.0,0.75,13.5,C,"YI,ZZ",-1.4567087375794917e-09
validation,1.0,0.75,13.5,C,"YX,YY",1.7888614080570535e-09
validation,1.0,0.75,13.5,C,"YX,YZ",-6.874402971612161e-10
validation,1.0,0.75,13.5,C,"YX,ZI",3.5453234679131e-09
validation,1.0,0.75,13.5,C,"YX,ZX",2.7491504061511254e-09
validation,1.0,0.75,13.5,C,"YX,ZY",-1.2070699312874043e-10
validation,1.0,0.75,13.5,C,"YX,ZZ",-2.1787338525581458e-10
validation,1.0,0.75,13.5,C,"YY,YZ",1.0330625070852907e-09
validation,1.0,0.75,13.5,C,"YY,ZI",-1.4180169990698922e-09
validation,1.0,0.75,13.5,C,"YY,ZX",2.1545380310919293e-09
validation,1.0,0.75,13.5,C,"YY,ZY",1.341041046221769e-09
validation,1.0,0.75,13.5,C,"YY,ZZ",-1.242336379955614e-09
validation,1.0,0.75,13.5,C,"YZ,ZI",-5.962227999279853e-10
validation,1.0,0.75,13.5,C,"YZ,ZX",-1.4380207595237537e-09
validation,1.0,0.75,13.5,C,"YZ,ZY",1.6664287753257855e-09
validation,1.0,0.75,13.5,C,"YZ,ZZ",-9.35196290612289e-10
validation,1.0,0.75,13.5,C,"ZI,ZX",-2.5378108943187393e-09
validation,1.0,0.75,13.5,C,"ZI,ZY",-1.5997423531316936e-09
validation,1.0,0.75,13.5,C,"ZI,ZZ",2.0936860819389386e-09
validation,1.0,0.75,13.5,C,"ZX,ZY",3.8023784547445233e-10
validation,1.0,0.75,13.5,C,"ZX,ZZ",-7.252796755795435e-10
validation,1.0,0.75,13.5,C,"ZY,ZZ",-7.764274017912116e-10
validation,1.0,0.75,13.5,A,"IX,IY",-5.296308245408694e-09
validation,1.0,0.75,13.5,A,"IX,IZ",1.1064007252535756e-09
validation,1.0,0.75,13.5,A,"IX,XI",-6.034067768907331e-09
validation,1.0,0.75,13.5,A,"IX,XX",-1.3766097122923398e-09
validation,1.0,0.75,13.5,A,"IX,XY",2.616340218506672e-09
validation,1.0,0.75,13.5,A,"IX,XZ",-8.929587701380669e-11
validation,1.0,0.75,13.5,A,"IX,YI",-6.114324580962652e-09
validation,1.0,0.75,13.5,A,"IX,YX",-1.6816481198877865e-09
validation,1.0,0.75,13.5,A,"IX,YY",9.811467098201388e-10
validation,1.0,0.75,13.5,A,"IX,YZ",-4.003884005524779e-09
validation,1.0,0.75,13.5,A,"IX,ZI",3.61202814610434e-09
validation,1.0,0.75,13.5,A,"IX,ZX",-2.568478057802005e-09
validation,1.0,0.75,13.5,A,"IX,ZY",6.0439139968628035e-09
validation,1.0,0.75,13.5,A,"IX,ZZ",8.20892194796182e-10
validation,1.0,0.75,13.5,A,"IY,IZ",2.412533766618529e-09
validation,1.0,0.75,13.5,A,"IY,XI",4.07175384090268e-09
validation,1.0,0.75,13.5,A,"IY,XX",4.465260183742744e-10
validation,1.0,0.75,13.5,A,"IY,XY",-7.526579824519836e-11
validation,1.0,0.75,13.5,A,"IY,XZ",1.4233821880752038e-09
validation,1.0,0.75,13.5,A,"IY,YI",-1.7503483925894183e-09
validation,1.0,0.75,13.5,A,"IY,YX",2.768592205077907e-09
validation,1.0,0.75,13.5,A,"IY,YY",5.813637580690818e-10
validation,1.0,0.75,13.5,A,"IY,YZ",-1.3583156761336082e-09
validation,1.0,0.75,13.5,A,"IY,ZI",2.376691831676429e-09
validation,1.0,0.75,13.5,A,"IY,ZX",-2.3442871350298217e-09
validation,1.0,0.75,13.5,A,"IY,ZY",-2.312653542165493e-09
validation,1.0,0.75,13.5,A,"IY,ZZ",5.435500732745069e-10
validation,1.0,0.75,13.5,A,"IZ,XI",-1.499068723030603e-09
validation,1.0,0.75,13.5,A,"IZ,XX",-1.1378190517551937e-09
validation,1.0,0.75,13.5,A,"IZ,XY",5.917454259886032e-11
validation,1.0,0.75,13.5,A,"IZ,XZ",-1.5376606767230446e-09
validation,1.0,0.75,13.5,A,"IZ,YI",-8.603179731036957e-10
validation,1.0,0.75,13.5,A,"IZ,YX",9.266553856639781e-11
validation,1.0,0.75,13.5,A,"IZ,YY",-7.614422483286995e-10
validation,1.0,0.75,13.5,A,"IZ,YZ",1.4964264927183809e-09
validation,1.0,0.75,13.5,A,"IZ,ZI",-1.0568747790503748e-09
validation,1.0,0.75,13.5,A,"IZ,ZX",-1.2686873222220914e-09
validation,1.0,0.75,13.5,A,"IZ,ZY",1.0013467549178717e-09
validation,1.0,0.75,13.5,A,"IZ,ZZ",1.206145975731316e-09
validation,1.0,0.75,13.5,A,"XI,XX",1.3099761774160482e-09
validation,1.0,0.75,13.5,A,"XI,XY",3.5905356373764585e-09
validation,1.0,0.75,13.5,A,"XI,XZ",1.9219977280883887e-09
validation,1.0,0.75,13.5,A,"XI,YI",-2.6993031089130077e-09
validation,1.0,0.75,13.5,A,"XI,YX",1.9622100491034127e-09
validation,1.0,0.75,13.5,A,"XI,YY",3.5408490207415993e-09
validation,1.0,0.75,13.5,A,"XI,YZ",-5.7295509154248e-09
validation,1.0,0.75,13.5,A,"XI,ZI",1.3479398942130113e-09
validation,1.0,0.75,13.5,A,"XI,ZX",4.589901560671174e-10
validation,1.0,0.75,13.5,A,"XI,ZY",5.6100326432166904e-09
validation,1.0,0.75,13.5,A,"XI,ZZ",2.5339080689052743e-09
validation,1.0,0.75,13.5,A,"XX,XY",-5.136737636839266e-09
validation,1.0,0.75,13.5,A,"XX,XZ",2.2125056045000624e-09
validation,1.0,0.75,13.5,A,"XX,YI",4.52930305061798e-09
validation,1.0,0.75,13.5,A,"XX,YX",4.043382445632497e-10
validation,1.0,0.75,13.5,A,"XX,YY",1.7462261533531847e-14
validation,1.0,0.75,13.5,A,"XX,YZ",9.345244669168898e-09
validation,1.0,0.75,13.5,A,"XX,ZI",-1.5049982947052412e-09
validation,1.0,0.75,13.5,A,"XX,ZX",-6.47883839579821e-10
validation,1.0,0.75,13.5,A,"XX,ZY",-1.3483622179416235e-09
validation,1.0,0.75,13.5,A,"XX,ZZ",-3.938676243312685e-09
validation,1.0,0.75,13.5,A,"XY,XZ",-1.1225713121822392e-09
validation,1.0,0.75,13.5,A,"XY,YI",-2.9976885155272796e-10
validation,1.0,0.75,13.5,A,"XY,YX",-1.7906356960316624e-09
validation,1.0,0.75,13.5,A,"XY,YY",-1.6093238252372957e-09
validation,1.0,0.75,13.5,A,"XY,YZ",-3.3605838607740357e-09
validation,1.0,0.75,13.5,A,"XY,ZI",2.0762674192085197e-09
validation,1.0,0.75,13.5,A,"XY,ZX",1.2232018891145065e-09
validation,1.0,0.75,13.5,A,"XY,ZY",-1.9109635163895793e-09
validation,1.0,0.75,13.5,A,"XY,ZZ",-7.056904825334986e-10
validation,1.0,0.75,13.5,A,"XZ,YI",-2.7119270610875013e-09
validation,1.0,0.75,13.5,A,"XZ,YX",2.2127264327035965e-09
validation,1.0,0.75,13.5,A,"XZ,YY",-6.864482612757856e-10
validation,1.0,0.75,13.5,A,"XZ,YZ",-1.882847538499548e-09
validation,1.0,0.75,13.5,A,"XZ,ZI",2.7104672567313894e-09
validation,1.0,0.75,13.5,A,"XZ,ZX",-2.704497047713659e-09
validation,1.0,0.75,13.5,A,"XZ,ZY",-3.2721687750105965e-09
validation,1.0,0.75,13.5,A,"XZ,ZZ",2.2584952206923405e-09
validation,1.0,0.75,13.5,A,"YI,YX",1.2292473899471467e-09
validation,1.0,0.75,13.5,A,"YI,YY",4.7607799277604386e-11
validation,1.0,0.75,13.5,A,"YI,YZ",-9.636787202088844e-10
validation,1.0,0.75,13.5,A,"YI,ZI",4.577533538085011e-11
validation,1.0,0.75,13.5,A,"YI,ZX",6.926828973960204e-11
validation,1.0,0.75,13.5,A,"YI,ZY",1.5225126641464995e-09
validation,1.0,0.75,13.5,A,"YI,ZZ",1.158975556994255e-09
validation,1.0,0.75,13.5,A,"YX,YY",-3.5421078255096777e-09
validation,1.0,0.75,13.5,A,"YX,YZ",-1.545614720093419e-09
validation,1.0,0.75,13.5,A,"YX,ZI",-1.5729684593149447e-10
validation,1.0,0.75,13.5,A,"YX,ZX",-1.9623470807051886e-10
validation,1.0,0.75,13.5,A,"YX,ZY",-2.0864537456320313e-09
validation,1.0,0.75,13.5,A,"YX,ZZ",2.0255752236788516e-09
validation,1.0,0.75,13.5,A,"YY,YZ",-2.15189392691624e-09
validation,1.0,0.75,13.5,A,"YY,ZI",-1.1931969415837944e-10
validation,1.0,0.75,13.5,A,"YY,ZX",-7.086062557381986e-10
validation,1.0,0.75,13.5,A,"YY,ZY",-5.762785396976437e-10
validation,1.0,0.75,13.5,A,"YY,ZZ",1.6519286232794772e-09
validation,1.0,0.75,13.5,A,"YZ,ZI",4.865548707372608e-10
validation,1.0,0.75,13.5,A,"YZ,ZX",4.5661017578884637e-10
validation,1.0,0.75,13.5,A,"YZ,ZY",-1.8356610843155705e-10
validation,1.0,0.75,13.5,A,"YZ,ZZ",-2.0331792017011788e-10
validation,1.0,0.75,13.5,A,"ZI,ZX",-8.909267445930014e-10
validation,1.0,0.75,13.5,A,"ZI,ZY",1.1326558345422645e-10
validation,1.0,0.75,13.5,A,"ZI,ZZ",-8.869326888248141e-10
validation,1.0,0.75,13.5,A,"ZX,ZY",2.622851931115808e-09
validation,1.0,0.75,13.5,A,"ZX,ZZ",-1.2658906077781778e-10
validation,1.0,0.75,13.5,A,"ZY,ZZ",1.1052161282258986e-09
validation,1.0,1.5,27.0,H,IX,-4.361809273656505e-10
validation,1.0,1.5,27.0,H,IY,2.7732260155292224e-09
validation,1.0,1.5,27.0,H,IZ,-3.4627402406924244e-10
validation,1.0,1.5,27.0,H,XI,-1.0766957611658602e-08
validation,1.0,1.5,27.0,H,XX,-6.0976434325337746e-05
validation,1.0,1.5,27.0,H,XY,-2.316377407579508e-09
validation,1.0,1.5,27.0,H,XZ,-5.930879713609693e-10
validation,1.0,1.5,27.0,H,YI,-2.8900534471713387e-09
validation,1.0,1.5,27.0,H,YX,6.994160650190657e-09
validation,1.0,1.5,27.0,H,YY,-9.411104549632617e-10
validation,1.0,1.5,27.0,H,YZ,-1.2411566344647778e-10
validation,1.0,1.5,27.0,H,ZI,3.215536617053037e-10
validation,1.0,1.5,27.0,H,ZX,-8.063874982846145e-10
validation,1.0,1.5,27.0,H,ZY,-6.258918839459677e-09
validation,1.0,1.5,27.0,H,ZZ,-3.0683324514753484e-16
validation,1.0,1.5,27.0,S,IX,0.000954710465579141
validation,1.0,1.5,27.0,S,IY,-2.652431555644208e-10
validation,1.0,1.5,27.0,S,IZ,-2.6119538127961257e-09
validation,1.0,1.5,27.0,S,XI,0.0009547035690721938
validation,1.0,1.5,27.0,S,XX,0.00023407724125411365
validation,1.0,1.5,27.0,S,XY,-3.443173036618563e-09
validation,1.0,1.5,27.0,S,XZ,-2.02601535130879e-11
validation,1.0,1.5,27.0,S,YI,2.5860727429394444e-09
validation,1.0,1.5,27.0,S,YX,-1.1105687520865729e-09
validation,1.0,1.5,27.0,S,YY,3.988052956448163e-09
validation,1.0,1.5,27.0,S,YZ,2.024034547875187e-09
validation,1.0,1.5,27.0,S,ZI,-2.0274652388956255e-09
validation,1.0,1.5,27.0,S,ZX,3.2400788511742365e-09
validation,1.0,1.5,27.0,S,ZY,4.258188311125847e-09
validation,1.0,1.5,27.0,S,ZZ,2.5992450866483977e-09
validation,1.0,1.5,27.0,C,"IX,IY",-5.445205872073521e-10
validation,1.0,1.5,27.0,C,"IX,IZ",-3.006121537841458e-09
validation,1.0,1.5,27.0,C,"IX,XI",0.0009547072131309694
validation,1.0,1.5,27.0,C,"IX,XX",-2.0235027938151184e-09
validation,1.0,1.5,27.0,C,"IX,XY",9.498465900053906e-10
validation,1.0,1.5,27.0,C,"IX,XZ",3.2942402317488236e-09
validation,1.0,1.5,27.0,C,"IX,YI",-3.017576785367658e-10
validation,1.0,1.5,27.0,C,"IX,YX",-2.0249179612692355e-09
validation,1.0,1.5,27.0,C,"IX,YY",3.3539951622398435e-09
validation,1.0,1.5,27.0,C,"IX,YZ",-3.466647735614451e-10
validation,1.0,1.5,27.0,C,"IX,ZI",-1.8156490900131661e-10
validation,1.0,1.5,27.0,C,"IX,ZX",2.555070678066195e-09
validation,1.0,1.5,27.0,C,"IX,ZY",1.6007126797781153e-11
validation,1.0,1.5,27.0,C,"IX,ZZ",3.5357992767948375e-09
validation,1.0,1.5,27.0,C,"IY,IZ",1.3514966621589655e-09
validation,1.0,1.5,27.0,C,"IY,XI",-3.323088305924025e-10
validation,1.0,1.5,27.0,C,"IY,XX",-1.8078260520189136e-10
validation,1.0,1.5,27.0,C,"IY,XY",-4.3363568364901913e-10
validation,1.0,1.5,27.0,C,"IY,XZ",-5.944742199148572e-10
validation,1.0,1.5,27.0,C,"IY,YI",2.140841203578139e-09
validation,1.0,1.5,27.0,C,"IY,YX",4.238985026228172e-10
validation,1.0,1.5,27.0,C,"IY,YY",2.63645567926159e-09
validation,1.0,1.5,27.0,C,"IY,YZ",1.4373254171146492e-09
validation,1.0,1.5,27.0,C,"IY,ZI",-4.971937580850539e-10
validation,1.0,1.5,27.0,C,"IY,ZX",1.2963375516187304e-09
validation,1.0,1.5,27.0,C,"IY,ZY",-7.61583811320038e-11
validation,1.0,1.5,27.0,C,"IY,ZZ",1.1375443537701574e-11
validation,1.0,1.5,27.0,C,"IZ,XI",-2.9216764327013322e-09
validation,1.0,1.5,27.0,C,"IZ,XX",2.2620379458291936e-09
validation,1.0,1.5,27.0,C,"IZ,XY",5.742916439153589e-09
validation,1.0,1.5,27.0,C,"IZ,XZ",2.2303056415350424e-10
validation,1.0,1.5,27.0,C,"IZ,YI",1.628552983603064e-09
validation,1.0,1.5,27.0,C,"IZ,YX",7.799963545167323e-10
validation,1.0,1.5,27.0,C,"IZ,YY",1.721148042243689e-09
validation,1.0,1.5,27.0,C,"IZ,YZ",-1.285435198538515e-09
validation,1.0,1.5,27.0,C,"IZ,ZI",-3.108845992606262e-09
validation,1.0,1.5,27.0,C,"IZ,ZX",1.930978828867593e-09
validation,1.0,1.5,27.0,C,"IZ,ZY",1.0239134262929733e-09
validation,1.0,1.5,27.0,C,"IZ,ZZ",-7.629259164778219e-10
validation,1.0,1.5,27.0,C,"XI,XX",1.1633687934777966e-09
validation,1.0,1.5,27.0,C,"XI,XY",7.347289363163661e-10
validation,1.0,1.5,27.0,C,"XI,XZ",3.0263317129451367e-09
validation,1.0,1.5,27.0,C,"XI,YI",-3.3240168125448743e-10
validation,1.0,1.5,27.0,C,"XI,YX",-2.4322332128036265e-09
validation,1.0,1.5,27.0,C,"XI,YY",3.2923002978161435e-09
validation,1.0,1.5,27.0,C,"XI,YZ",1.1879893170424653e-10
validation,1.0,1.5,27.0,C,"XI,ZI",1.9260780893100573e-09
validation,1.0,1.5,27.0,C,"XI,ZX",4.414866334937324e-09
validation,1.0,1.5,27.0,C,"XI,ZY",2.1179391375408967e-10
validation,1.0,1.5,27.0,C,"XI,ZZ",2.846935703124047e-09
validation,1.0,1.5,27.0,C,"XX,XY",6.62747470859656e-11
validation,1.0,1.5,27.0,C,"XX,XZ",-2.827175177192537e-09
validation,1.0,1.5,27.0,C,"XX,YI",-4.0196552271768206e-10
validation,1.0,1.5,27.0,C,"XX,YX",7.258236284514163e-10
validation,1.0,1.5,27.0,C,"XX,YY",-7.3142315381887215e-09
validation,1.0,1.5,27.0,C,"XX,YZ",1.2651139440073048e-09
validation,1.0,1.5,27.0,C,"XX,ZI",-7.048305613082781e-09
validation,1.0,1.5,27.0,C,"XX,ZX",2.8355451631656576e-09
validation,1.0,1.5,27.0,C,"XX,ZY",-1.6277630636867735e-10
validation,1.0,1.5,27.0,C,"XX,ZZ",-8.830113994930645e-11
validation,1.0,1.5,27.0,C,"XY,XZ",-1.5586067614938612e-10
validation,1.0,1.5,27.0,C,"XY,YI",-1.1478121837559544e-09
validation,1.0,1.5,27.0,C,"XY,YX",1.3088005452943625e-09
validation,1.0,1.5,27.0,C,"XY,YY",-3.5896041435196247e-10
validation,1.0,1.5,27.0,C,"XY,YZ",-1.6385832375446681e-09
validation,1.0,1.5,27.0,C,"XY,ZI",7.520025553796917e-11
validation,1.0,1.5,27.0,C,"XY,ZX",-2.8270178782875034e-09
validation,1.0,1.5,27.0,C,"XY,ZY",1.282848617171145e-10
validation,1.0,1.5,27.0,C,"XY,ZZ",-1.290685323807876e-09
validation,1.0,1.5,27.0,C,"XZ,YI",9.936276891041494e-10
validation,1.0,1.5,27.0,C,"XZ,YX",1.2112816230190452e-10
validation,1.0,1.5,27.0,C,"XZ,YY",1.2298065283218765e-09
validation,1.0,1.5,27.0,C,"XZ,YZ",1.161974396827405e-09
validation,1.0,1.5,27.0,C,"XZ,ZI",3.803306473587125e-10
validation,1.0,1.5,27.0,C,"XZ,ZX",1.7868547209435891e-09
validation,1.0,1.5,27.0,C,"XZ,ZY",-1.1996127268941539e-09
validation,1.0,1.5,27.0,C,"XZ,ZZ",3.034056012215211e-10
validation,1.0,1.5,27.0,C,"YI,YX",-6.040333235124361e-11
validation,1.0,1.5,27.0,C,"YI,YY",3.473891187163154e-09
validation,1.0,1.5,27.0,C,"YI,YZ",6.29649390719345e-10
validation,1.0,1.5,27.0,C,"YI,ZI",3.6807974416950884e-10
validation,1.0,1.5,27.0,C,"YI,ZX",2.983210336783359e-09
validation,1.0,1.5,27.0,C,"YI,ZY",9.489310176106495e-10
validation,1.0,1.5,27.0,C,"YI,ZZ",-1.7548587597928764e-09
validation,1.0,1.5,27.0,C,"YX,YY",4.218089839736085e-10
validation,1.0,1.5,27.0,C,"YX,YZ",4.303187029511801e-10
validation,1.0,1.5,27.0,C,"YX,ZI",3.829963211062214e-09
validation,1.0,1.5,27.0,C,"YX,ZX",4.267710778904378e-09
validation,1.0,1.5,27.0,C,"YX,ZY",1.9517050607933404e-10
validation,1.0,1.5,27.0,C,"YX,ZZ",-2.9775203490237594e-10
validation,1.0,1.5,27.0,C,"YY,YZ",6.060717065071237e-10
validation,1.0,1.5,27.0,C,"YY,ZI",-1.0334056389086217e-09
validation,1.0,1.5,27.0,C,"YY,ZX",2.883828617145587e-09
validation,1.0,1.5,27.0,C,"YY,ZY",1.318512251683899e-09
validation,1.0,1.5,27.0,C,"YY,ZZ",-1.5017536437761814e-09
validation,1.0,1.5,27.0,C,"YZ,ZI",6.133033178517269e-10
validation,1.0,1.5,27.0,C,"YZ,ZX",1.3382040506309354e-10
validation,1.0,1.5,27.0,C,"YZ,ZY",2.857354509521338e-10
validation,1.0,1.5,27.0,C,"YZ,ZZ",5.766493503646008e-10
validation,1.0,1.5,27.0,C,"ZI,ZX",-2.244747408628214e-09
validation,1.0,1.5,27.0,C,"ZI,ZY",-3.354438289942404e-09
validation,1.0,1.5,27.0,C,"ZI,ZZ",1.63878337432649e-09
validation,1.0,1.5,27.0,C,"ZX,ZY",6.466238416505896e-10
validation,1.0,1.5,27.0,C,"ZX,ZZ",-1.1476804540242168e-09
validation,1.0,1.5,27.0,C,"ZY,ZZ",1.919586919937438e-10
validation,1.0,1.5,27.0,A,"IX,IY",-3.3446054699381757e-09
validation,1.0,1.5,27.0,A,"IX,IZ",1.1762156660224551e-09
validation,1.0,1.5,27.0,A,"IX,XI",-5.434908251788146e-09
validation,1.0,1.5,27.0,A,"IX,XX",-9.953513095353084e-09
validation,1.0,1.5,27.0,A,"IX,XY",1.5212528228679543e-09
validation,1.0,1.5,27.0,A,"IX,XZ",9.838327003190353e-11
validation,1.0,1.5,27.0,A,"IX,YI",-2.9643930624545107e-09
validation,1.0,1.5,27.0,A,"IX,YX",-2.702413752773679e-09
validation,1.0,1.5,27.0,A,"IX,YY",7.38321997435117e-10
validation,1.0,1.5,27.0,A,"IX,YZ",-2.107951689787058e-09
validation,1.0,1.5,27.0,A,"IX,ZI",-1.4788256097863293e-10
validation,1.0,1.5,27.0,A,"IX,ZX",-3.6754464924874287e-10
validation,1.0,1.5,27.0,A,"IX,ZY",3.35139038296469e-09
validation,1.0,1.5,27.0,A,"IX,ZZ",2.548717005226124e-10
validation,1.0,1.5,27.0,A,"IY,IZ",2.0848170578530407e-09
validation,1.0,1.5,27.0,A,"IY,XI",3.351070924496742e-09
validation,1.0,1.5,27.0,A,"IY,XX",-1.7438150743588448e-09
validation,1.0,1.5,27.0,A,"IY,XY",-4.2260727253937e-09
validation,1.0,1.5,27.0,A,"IY,XZ",4.683814167137472e-10
validation,1.0,1.5,27.0,A,"IY,YI",-2.1751699432982398e-09
validation,1.0,1.5,27.0,A,"IY,YX",1.7203721054793353e-09
validation,1.0,1.5,27.0,A,"IY,YY",-1.389171462335257e-09
validation,1.0,1.5,27.0,A,"IY,YZ",3.7653003707057017e-10
validation,1.0,1.5,27.0,A,"IY,ZI",2.6457813905605093e-09
validation,1.0,1.5,27.0,A,"IY,ZX",-2.409245941890824e-09
validation,1.0,1.5,27.0,A,"IY,ZY",-1.6795148491166623e-09
validation,1.0,1.5,27.0,A,"IY,ZZ",1.0623982095841588e-09
validation,1.0,1.5,27.0,A,"IZ,XI",-9.799571965800523e-10
validation,1.0,1.5,27.0,A,"IZ,XX",1.177291350008709e-10
validation,1.0,1.5,27.0,A,"IZ,XY",3.1470479195695733e-10
validation,1.0,1.5,27.0,A,"IZ,XZ",-1.3303711081412458e-09
validation,1.0,1.5,27.0,A,"IZ,YI",-3.535123076170212e-10
validation,1.0,1.5,27.0,A,"IZ,YX",-6.371572912540703e-10
validation,1.0,1.5,27.0,A,"IZ,YY",2.896591571468875e-10
validation,1.0,1.5,27.0,A,"IZ,YZ",7.037183054644283e-10
validation,1.0,1.5,27.0,A,"IZ,ZI",6.058525925931367e-10
validation,1.0,1.5,27.0,A,"IZ,ZX",-6.338865241993409e-10
validation,1.0,1.5,27.0,A,"IZ,ZY",-2.1500548935296563e-09
validation,1.0,1.5,27.0,A,"IZ,ZZ",8.084243360096448e-10
validation,1.0,1.5,27.0,A,"XI,XX",3.769541826888128e-10
validation,1.0,1.5,27.0,A,"XI,XY",3.0351056243436224e-09
validation,1.0,1.5,27.0,A,"XI,XZ",1.0122011148142516e-10
validation,1.0,1.5,27.0,A,"XI,YI",-3.1545487968029586e-09
validation,1.0,1.5,27.0,A,"XI,YX",-2.389778094995992e-09
validation,1.0,1.5,27.0,A,"XI,YY",3.6365362808371087e-10
validation,1.0,1.5,27.0,A,"XI,YZ",-3.5784141879322363e-09
validation,1.0,1.5,27.0,A,"XI,ZI",-1.8798416886007374e-09
validation,1.0,1.5,27.0,A,"XI,ZX",3.203903531376381e-10
validation,1.0,1.5,27.0,A,"XI,ZY",3.231372361300298e-09
validation,1.0,1.5,27.0,A,"XI,ZZ",5.251506418756678e-10
validation,1.0,1.5,27.0,A,"XX,XY",-2.0237528389867182e-09
validation,1.0,1.5,27.0,A,"XX,XZ",-1.40108246021183e-09
validation,1.0,1.5,27.0,A,"XX,YI",-2.591197201877983e-09
validation,1.0,1.5,27.0,A,"XX,YX",6.9848621928939164e-09
validation,1.0,1.5,27.0,A,"XX,YY",-5.977359419003475e-14
validation,1.0,1.5,27.0,A,"XX,YZ",6.390372694840988e-09
validation,1.0,1.5,27.0,A,"XX,ZI",-3.458715899366266e-11
validation,1.0,1.5,27.0,A,"XX,ZX",3.992638276812634e-09
validation,1.0,1.5,27.0,A,"XX,ZY",2.5584435973580617e-10
validation,1.0,1.5,27.0,A,"XX,ZZ",-9.412485340299475e-10
validation,1.0,1.5,27.0,A,"XY,XZ",3.923923628271953e-09
validation,1.0,1.5,27.0,A,"XY,YI",-2.17849116885533e-10
validation,1.0,1.5,27.0,A,"XY,YX",-3.094204665888201e-10
validation,1.0,1.5,27.0,A,"XY,YY",2.5293277288127605e-10
validation,1.0,1.5,27.0,A,"XY,YZ",-1.781237538382192e-09
validation,1.0,1.5,27.0,A,"XY,ZI",2.3433852351625084e-09
validation,1.0,1.5,27.0,A,"XY,ZX",7.164916508576421e-10
validation,1.0,1.5,27.0,A,"XY,ZY",-2.2320863967032402e-09
validation,1.0,1.5,27.0,A,"XY,ZZ",-1.4117980666662521e-09
validation,1.0,1.5,27.0,A,"XZ,YI",-1.981312709170691e-09
validation,1.0,1.5,27.0,A,"XZ,YX",6.026783959969357e-10
validation,1.0,1.5,27.0,A,"XZ,YY",-1.4600188122007586e-09
validation,1.0,1.5,27.0,A,"XZ,YZ",4.976466462223249e-10
validation,1.0,1.5,27.0,A,"XZ,ZI",1.9094079010097093e-09
validation,1.0,1.5,27.0,A,"XZ,ZX",-2.2610917218396632e-09
validation,1.0,1.5,27.0,A,"XZ,ZY",-1.1921168286117733e-09
validation,1.0,1.5,27.0,A,"XZ,ZZ",2.221793816716639e-09
validation,1.0,1.5,27.0,A,"YI,YX",1.510899757715031e-09
validation,1.0,1.5,27.0,A,"YI,YY",7.067484703361447e-10
validation,1.0,1.5,27.0,A,"YI,YZ",-3.2728459880335694e-10
validation,1.0,1.5,27.0,A,"YI,ZI",9.550207683007493e-10
validation,1.0,1.5,27.0,A,"YI,ZX",1.876820765234254e-09
validation,1.0,1.5,27.0,A,"YI,ZY",-4.996118831655906e-11
validation,1.0,1.5,27.0,A,"YI,ZZ",9.408340827166319e-10
validation,1.0,1.5,27.0,A,"YX,YY",-2.8125668112208284e-09
validation,1.0,1.5,27.0,A,"YX,YZ",-1.8693634415902703e-09
validation,1.0,1.5,27.0,A,"YX,ZI",-1.0946570963316516e-09
validation,1.0,1.5,27.0,A,"YX,ZX",-1.0011556188068987e-09
validation,1.0,1.5,27.0,A,"YX,ZY",-1.9461170218834004e-09
validation,1.0,1.5,27.0,A,"YX,ZZ",1.3831810565190841e-09
validation,1.0,1.5,27.0,A,"YY,YZ",2.484891489228343e-10
validation,1.0,1.5,27.0,A,"YY,ZI",7.509593800059253e-10
validation,1.0,1.5,27.0,A,"YY,ZX",-1.7625119799750405e-10
validation,1.0,1.5,27.0,A,"YY,ZY",-9.981464755069604e-10
validation,1.0,1.5,27.0,A,"YY,ZZ",1.0624342470987535e-09
validation,1.0,1.5,27.0,A,"YZ,ZI",-6.958580653055252e-10
validation,1.0,1.5,27.0,A,"YZ,ZX",1.3586393916796551e-09
validation,1.0,1.5,27.0,A,"YZ,ZY",1.8664933723127364e-09
validation,1.0,1.5,27.0,A,"YZ,ZZ",2.5926835559301125e-10
validation,1.0,1.5,27.0,A,"ZI,ZX",-1.2947044656306731e-09
validation,1.0,1.5,27.0,A,"ZI,ZY",1.7113554338699838e-09
validation,1.0,1.5,27.0,A,"ZI,ZZ",2.8270463220881544e-10
validation,1.0,1.5,27.0,A,"ZX,ZY",1.3992605784739548e-09
validation,1.0,1.5,27.0,A,"ZX,ZZ",2.3134341641354244e-09
validation,1.0,1.5,27.0,A,"ZY,ZZ",-5.789681184552882e-10
validation,1.0,3.0,54.0,H,IX,-2.0626088647851642e-09
validation,1.0,3.0,54.0,H,IY,6.114329487692938e-09
validation,1.0,3.0,54.0,H,IZ,-2.7362252263773193e-11
validation,1.0,3.0,54.0,H,XI,-4.3048045610890055e-09
validation,1.0,3.0,54.0,H,XX,-0.00011895407664344644
validation,1.0,3.0,54.0,H,XY,4.4729058142870126e-09
validation,1.0,3.0,54.0,H,XZ,-2.982325257801975e-09
validation,1.0,3.0,54.0,H,YI,-2.544662109824417e-09
validation,1.0,3.0,54.0,H,YX,2.049676629398716e-09
validation,1.0,3.0,54.0,H,YY,-5.6540598831318895e-09
validation,1.0,3.0,54.0,H,YZ,-1.3676064665527066e-09
validation,1.0,3.0,54.0,H,ZI,-1.0742509226453871e-10
validation,1.0,3.0,54.0,H,ZX,-3.1357718614386336e-09
validation,1.0,3.0,54.0,H,ZY,-4.649670645946268e-09
validation,1.0,3.0,54.0,H,ZZ,-2.200150071737134e-16
validation,1.0,3.0,54.0,S,IX,0.0019005452248899404
validation,1.0,3.0,54.0,S,IY,-5.908226243314663e-10
validation,1.0,3.0,54.0,S,IZ,-1.8875692296086571e-10
validation,1.0,3.0,54.0,S,XI,0.0019005563794317099
validation,1.0,3.0,54.0,S,XX,0.0004727622304469876
validation,1.0,3.0,54.0,S,XY,-1.4831638222266574e-09
validation,1.0,3.0,54.0,S,XZ,2.3156399188287765e-09
validation,1.0,3.0,54.0,S,YI,2.6479995803496345e-09
validation,1.0,3.0,54.0,S,YX,-1.6752321795390768e-09
validation,1.0,3.0,54.0,S,YY,4.031645448911159e-09
validation,1.0,3.0,54.0,S,YZ,4.7079242522680975e-09
validation,1.0,3.0,54.0,S,ZI,-1.3609583055516124e-09
validation,1.0,3.0,54.0,S,ZX,4.4487489042556623e-10
validation,1.0,3.0,54.0,S,ZY,3.5289649322331126e-09
validation,1.0,3.0,54.0,S,ZZ,4.0342725314090975e-09
validation,1.0,3.0,54.0,C,"IX,IY",-1.5910685677217368e-09
validation,1.0,3.0,54.0,C,"IX,IZ",-3.213773441526586e-09
validation,1.0,3.0,54.0,C,"IX,XI",0.001900549785096113
validation,1.0,3.0,54.0,C,"IX,XX",-6.6834319525354986e-09
validation,1.0,3.0,54.0,C,"IX,XY",-1.3159659757340005e-09
validation,1.0,3.0,54.0,C,"IX,XZ",2.4729979486826253e-09
validation,1.0,3.0,54.0,C,"IX,YI",-7.525686959337864e-10
validation,1.0,3.0,54.0,C,"IX,YX",-1.3427826341793103e-09
validation,1.0,3.0,54.0,C,"IX,YY",2.414721882634862e-09
validation,1.0,3.0,54.0,C,"IX,YZ",2.332941120442667e-10
validation,1.0,3.0,54.0,C,"IX,ZI",-1.0667344066604126e-09
validation,1.0,3.0,54.0,C,"IX,ZX",1.2905187577701079e-09
validation,1.0,3.0,54.0,C,"IX,ZY",-2.3896263006077627e-10
validation,1.0,3.0,54.0,C,"IX,ZZ",3.723482669155019e-09
validation,1.0,3.0,54.0,C,"IY,IZ",1.1831215714681973e-09
validation,1.0,3.0,54.0,C,"IY,XI",-2.0693307653589043e-10
validation,1.0,3.0,54.0,C,"IY,XX",-2.474876411565772e-09
validation,1.0,3.0,54.0,C,"IY,XY",-9.277457828295823e-10
validation,1.0,3.0,54.0,C,"IY,XZ",-2.7349774056823276e-11
validation,1.0,3.0,54.0,C,"IY,YI",2.605674820938499e-09
validation,1.0,3.0,54.0,C,"IY,YX",4.7297800966720764e-11
validation,1.0,3.0,54.0,C,"IY,YY",2.6791752134006766e-09
validation,1.0,3.0,54.0,C,"IY,YZ",1.2995599791091948e-09
validation,1.0,3.0,54.0,C,"IY,ZI",-1.1332526500172736e-09
validation,1.0,3.0,54.0,C,"IY,ZX",5.503610994505632e-10
validation,1.0,3.0,54.0,C,"IY,ZY",1.354972408552643e-09
validation,1.0,3.0,54.0,C,"IY,ZZ",-1.5291212754706358e-09
validation,1.0,3.0,54.0,C,"IZ,XI",-1.031097367059214e-09
validation,1.0,3.0,54.0,C,"IZ,XX",-4.417720088456998e-09
validation,1.0,3.0,54.0,C,"IZ,XY",2.7664407997282956e-09
validation,1.0,3.0,54.0,C,"IZ,XZ",1.3454847587671496e-09
validation,1.0,3.0,54.0,C,"IZ,YI",7.802305525540904e-10
validation,1.0,3.0,54.0,C,"IZ,YX",8.423099234019751e-10
validation,1.0,3.0,54.0,C,"IZ,YY",8.217022005740562e-10
validation,1.0,3.0,54.0,C,"IZ,YZ",-3.862114506657657e-09
validation,1.0,3.0,54.0,C,"IZ,ZI",-2.5256158991530094e-09
validation,1.0,3.0,54.0,C,"IZ,ZX",2.0309618601882417e-09
validation,1.0,3.0,54.0,C,"IZ,ZY",5.779189251121596e-10
validation,1.0,3.0,54.0,C,"IZ,ZZ",4.631538107466672e-10
validation,1.0,3.0,54.0,C,"XI,XX",1.06475949947153e-09
validation,1.0,3.0,54.0,C,"XI,XY",-4.51980936132097e-09
validation,1.0,3.0,54.0,C,"XI,XZ",2.8476866049583558e-09
validation,1.0,3.0,54.0,C,"XI,YI",5.289989284323012e-10
validation,1.0,3.0,54.0,C,"XI,YX",-1.937410953188378e-09
validation,1.0,3.0,54.0,C,"XI,YY",3.4409173266939833e-09
validation,1.0,3.0,54.0,C,"XI,YZ",-1.778701234493961e-10
validation,1.0,3.0,54.0,C,"XI,ZI",5.112207905971514e-12
validation,1.0,3.0,54.0,C,"XI,ZX",4.31898329146773e-09
validation,1.0,3.0,54.0,C,"XI,ZY",1.8342192918679242e-10
validation,1.0,3.0,54.0,C,"XI,ZZ",2.2934783113782437e-09
validation,1.0,3.0,54.0,C,"XX,XY",4.802280501879432e-10
validation,1.0,3.0,54.0,C,"XX,XZ",-6.0591341747708784e-09
validation,1.0,3.0,54.0,C,"XX,YI",-2.77984489404182e-09
validation,1.0,3.0,54.0,C,"XX,YX",2.4835085003731643e-10
validation,1.0,3.0,54.0,C,"XX,YY",-7.69916944289436e-09
validation,1.0,3.0,54.0,C,"XX,YZ",2.9909503038964363e-09
validation,1.0,3.0,54.0,C,"XX,ZI",-1.998974875205628e-09
validation,1.0,3.0,54.0,C,"XX,ZX",2.5952114517144586e-09
validation,1.0,3.0,54.0,C,"XX,ZY",2.184780635293938e-09
validation,1.0,3.0,54.0,C,"XX,ZZ",-1.6061789145416933e-09
validation,1.0,3.0,54.0,C,"XY,XZ",5.077269180188321e-11
validation,1.0,3.0,54.0,C,"XY,YI",-1.977638742256214e-09
validation,1.0,3.0,54.0,C,"XY,YX",1.2306662976670863e-09
validation,1.0,3.0,54.0,C,"XY,YY",-1.3763656058848064e-09
validation,1.0,3.0,54.0,C,"XY,YZ",-3.931796993376111e-11
validation,1.0,3.0,54.0,C,"XY,ZI",2.3409029000269435e-09
validation,1.0,3.0,54.0,C,"XY,ZX",-3.271849243001765e-09
validation,1.0,3.0,54.0,C,"XY,ZY",-1.1630953301608187e-09
validation,1.0,3.0,54.0,C,"XY,ZZ",2.167521653835392e-11
validation,1.0,3.0,54.0,C,"XZ,YI",2.258006717294319e-09
validation,1.0,3.0,54.0,C,"XZ,YX",-1.459376729100219e-09
validation,1.0,3.0,54.0,C,"XZ,YY",2.596889364878339e-09
validation,1.0,3.0,54.0,C,"XZ,YZ",-2.6183638474645593e-10
validation,1.0,3.0,54.0,C,"XZ,ZI",-1.688177335342046e-10
validation,1.0,3.0,54.0,C,"XZ,ZX",2.6689676209079505e-09
validation,1.0,3.0,54.0,C,"XZ,ZY",4.938349404953799e-10
validation,1.0,3.0,54.0,C,"XZ,ZZ",-6.329279086481414e-10
validation,1.0,3.0,54.0,C,"YI,YX",-4.314478547534503e-10
validation,1.0,3.0,54.0,C,"YI,YY",3.6425402958718636e-09
validation,1.0,3.0,54.0,C,"YI,YZ",1.5852211563680747e-11
validation,1.0,3.0,54.0,C,"YI,ZI",1.4153196605803005e-09
validation,1.0,3.0,54.0,C,"YI,ZX",1.6074029855275704e-09
validation,1.0,3.0,54.0,C,"YI,ZY",-4.4035045319534843e-10
validation,1.0,3.0,54.0,C,"YI,ZZ",-7.350027767320025e-10
validation,1.0,3.0,54.0,C,"YX,YY",-5.254157364374521e-10
validation,1.0,3.0,54.0,C,"YX,YZ",1.0827220883193317e-09
validation,1.0,3.0,54.0,C,"YX,ZI",2.9990176967446803e-09
validation,1.0,3.0,54.0,C,"YX,ZX",1.952646760691737e-09
validation,1.0,3.0,54.0,C,"YX,ZY",1.618442126115175e-09
validation,1.0,3.0,54.0,C,"YX,ZZ",-1.4173746494181128e-09
validation,1.0,3.0,54.0,C,"YY,YZ",-2.6825552597788582e-11
validation,1.0,3.0,54.0,C,"YY,ZI",6.281305136255553e-10
validation,1.0,3.0,54.0,C,"YY,ZX",1.5741042208682327e-09
validation,1.0,3.0,54.0,C,"YY,ZY",-6.654724991955296e-11
validation,1.0,3.0,54.0,C,"YY,ZZ",-1.8247096659172735e-09
validation,1.0,3.0,54.0,C,"YZ,ZI",-1.1160674276573378e-09
validation,1.0,3.0,54.0,C,"YZ,ZX",-1.5241597304121304e-09
validation,1.0,3.0,54.0,C,"YZ,ZY",1.5841638158057593e-09
validation,1.0,3.0,54.0,C,"YZ,ZZ",2.6813060304136803e-10
validation,1.0,3.0,54.0,C,"ZI,ZX",-1.3034139765005674e-09
validation,1.0,3.0,54.0,C,"ZI,ZY",-3.715330439776155e-09
validation,1.0,3.0,54.0,C,"ZI,ZZ",2.673323936953492e-10
validation,1.0,3.0,54.0,C,"ZX,ZY",-4.0181196344951094e-10
validation,1.0,3.0,54.0,C,"ZX,ZZ",1.0209236525925802e-09
validation,1.0,3.0,54.0,C,"ZY,ZZ",8.876679437175564e-10
validation,1.0,3.0,54.0,A,"IX,IY",-4.4977856261086725e-09
validation,1.0,3.0,54.0,A,"IX,IZ",-3.1215542093304608e-09
validation,1.0,3.0,54.0,A,"IX,XI",-4.9981228111193015e-09
validation,1.0,3.0,54.0,A,"IX,XX",-3.438565640048263e-09
validation,1.0,3.0,54.0,A,"IX,XY",4.268430237639144e-10
validation,1.0,3.0,54.0,A,"IX,XZ",-4.946237647910951e-10
validation,1.0,3.0,54.0,A,"IX,YI",-3.342987294557467e-09
validation,1.0,3.0,54.0,A,"IX,YX",-1.0110726561314638e-09
validation,1.0,3.0,54.0,A,"IX,YY",2.201564303382185e-09
validation,1.0,3.0,54.0,A,"IX,YZ",-7.066383659645728e-10
validation,1.0,3.0,54.0,A,"IX,ZI",4.942026561408983e-10
validation,1.0,3.0,54.0,A,"IX,ZX",-7.072944820319913e-10
validation,1.0,3.0,54.0,A,"IX,ZY",6.782439266688904e-10
validation,1.0,3.0,54.0,A,"IX,ZZ",2.392946792620419e-09
validation,1.0,3.0,54.0,A,"IY,IZ",2.9280837287893103e-09
validation,1.0,3.0,54.0,A,"IY,XI",2.0155990498535577e-09
validation,1.0,3.0,54.0,A,"IY,XX",4.494761036338521e-09
validation,1.0,3.0,54.0,A,"IY,XY",-1.933680633916143e-09
validation,1.0,3.0,54.0,A,"IY,XZ",1.1095576300194226e-09
validation,1.0,3.0,54.0,A,"IY,YI",-1.0517712886828879e-10
validation,1.0,3.0,54.0,A,"IY,YX",2.1202313647631956e-10
validation,1.0,3.0,54.0,A,"IY,YY",-3.5186931301798167e-13
validation,1.0,3.0,54.0,A,"IY,YZ",-3.1497088668177426e-10
validation,1.0,3.0,54.0,A,"IY,ZI",1.595095589217402e-09
validation,1.0,3.0,54.0,A,"IY,ZX",3.511900041884153e-11
validation,1.0,3.0,54.0,A,"IY,ZY",-4.5483992107840613e-10
validation,1.0,3.0,54.0,A,"IY,ZZ",1.2171554612939413e-09
validation,1.0,3.0,54.0,A,"IZ,XI",2.215798770176177e-09
validation,1.0,3.0,54.0,A,"IZ,XX",-7.032363296241441e-10
validation,1.0,3.0,54.0,A,"IZ,XY",5.538074780665411e-10
validation,1.0,3.0,54.0,A,"IZ,XZ",-1.266795647524317e-09
validation,1.0,3.0,54.0,A,"IZ,YI",-9.753987885584326e-10
validation,1.0,3.0,54.0,A,"IZ,YX",-2.5379503545354503e-09
validation,1.0,3.0,54.0,A,"IZ,YY",-4.776482318572702e-10
validation,1.0,3.0,54.0,A,"IZ,YZ",8.998191613811887e-10
validation,1.0,3.0,54.0,A,"IZ,ZI",-1.3078159553548562e-09
validation,1.0,3.0,54.0,A,"IZ,ZX",-7.582443545107864e-10
validation,1.0,3.0,54.0,A,"IZ,ZY",9.373877903228654e-10
validation,1.0,3.0,54.0,A,"IZ,ZZ",1.4348950059029699e-09
validation,1.0,3.0,54.0,A,"XI,XX",-1.1967335375461198e-09
validation,1.0,3.0,54.0,A,"XI,XY",1.4118279796874086e-09
validation,1.0,3.0,54.0,A,"XI,XZ",1.6072232738642725e-09
validation,1.0,3.0,54.0,A,"XI,YI",-2.916402145508291e-09
validation,1.0,3.0,54.0,A,"XI,YX",3.506787116596524e-11
validation,1.0,3.0,54.0,A,"XI,YY",2.9739173628673457e-09
validation,1.0,3.0,54.0,A,"XI,YZ",-2.2569887061798842e-09
validation,1.0,3.0,54.0,A,"XI,ZI",-3.027852285012855e-09
validation,1.0,3.0,54.0,A,"XI,ZX",2.447464110173021e-10
validation,1.0,3.0,54.0,A,"XI,ZY",2.921865966496771e-09
validation,1.0,3.0,54.0,A,"XI,ZZ",3.73939858508373e-09
validation,1.0,3.0,54.0,A,"XX,XY",-4.795090070790916e-09
validation,1.0,3.0,54.0,A,"XX,XZ",7.909539586838593e-09
validation,1.0,3.0,54.0,A,"XX,YI",1.4484036641730586e-09
validation,1.0,3.0,54.0,A,"XX,YX",3.798094577449113e-09
validation,1.0,3.0,54.0,A,"XX,YY",-1.397529789436185e-13
validation,1.0,3.0,54.0,A,"XX,YZ",4.568905512884985e-09
validation,1.0,3.0,54.0,A,"XX,ZI",-4.3426423515177245e-10
validation,1.0,3.0,54.0,A,"XX,ZX",5.757292358277352e-09
validation,1.0,3.0,54.0,A,"XX,ZY",1.2868937622643346e-09
validation,1.0,3.0,54.0,A,"XX,ZZ",-5.654073658057957e-09
validation,1.0,3.0,54.0,A,"XY,XZ",1.6311878645002956e-09
validation,1.0,3.0,54.0,A,"XY,YI",-5.321735194690295e-10
validation,1.0,3.0,54.0,A,"XY,YX",-1.0034828339191531e-09
validation,1.0,3.0,54.0,A,"XY,YY",-4.712979648145235e-10
validation,1.0,3.0,54.0,A,"XY,YZ",-2.5257433298940305e-09
validation,1.0,3.0,54.0,A,"XY,ZI",3.733478302667482e-09
validation,1.0,3.0,54.0,A,"XY,ZX",6.44969390355568e-10
validation,1.0,3.0,54.0,A,"XY,ZY",-3.117263815917954e-09
validation,1.0,3.0,54.0,A,"XY,ZZ",-8.883235239266399e-10
validation,1.0,3.0,54.0,A,"XZ,YI",-6.164772552429076e-10
validation,1.0,3.0,54.0,A,"XZ,YX",-8.085636422985004e-10
validation,1.0,3.0,54.0,A,"XZ,YY",-9.993843950028378e-10
validation,1.0,3.0,54.0,A,"XZ,YZ",7.764535944371943e-10
validation,1.0,3.0,54.0,A,"XZ,ZI",9.62259881990093e-10
validation,1.0,3.0,54.0,A,"XZ,ZX",-2.8484278803992713e-11
validation,1.0,3.0,54.0,A,"XZ,ZY",-7.536110333912584e-10
validation,1.0,3.0,54.0,A,"XZ,ZZ",3.9403378119173526e-09
validation,1.0,3.0,54.0,A,"YI,YX",-4.007319114881539e-10
validation,1.0,3.0,54.0,A,"YI,YY",-9.952499605797553e-10
validation,1.0,3.0,54.0,A,"YI,YZ",-4.3039121643489877e-10
validation,1.0,3.0,54.0,A,"YI,ZI",-1.0897980796523397e-10
validation,1.0,3.0,54.0,A,"YI,ZX",1.625256742068034e-09
validation,1.0,3.0,54.0,A,"YI,ZY",1.5463319481003237e-09
validation,1.0,3.0,54.0,A,"YI,ZZ",2.223012062976014e-09
validation,1.0,3.0,54.0,A,"YX,YY",-3.703766454030183e-10
validation,1.0,3.0,54.0,A,"YX,YZ",-2.972059343629616e-09
validation,1.0,3.0,54.0,A,"YX,ZI",-4.292261698520851e-10
validation,1.0,3.0,54.0,A,"YX,ZX",1.3178562230310277e-09
validation,1.0,3.0,54.0,A,"YX,ZY",-1.6744454249860795e-09
validation,1.0,3.0,54.0,A,"YX,ZZ",-4.482107011841426e-10
validation,1.0,3.0,54.0,A,"YY,YZ",-2.8156435369040478e-11
validation,1.0,3.0,54.0,A,"YY,ZI",-5.528995471296977e-10
validation,1.0,3.0,54.0,A,"YY,ZX",1.693786130638341e-09
validation,1.0,3.0,54.0,A,"YY,ZY",9.340857592707704e-10
validation,1.0,3.0,54.0,A,"YY,ZZ",2.222057318460274e-09
validation,1.0,3.0,54.0,A,"YZ,ZI",6.654137252118451e-10
validation,1.0,3.0,54.0,A,"YZ,ZX",-6.744021448062586e-11
validation,1.0,3.0,54.0,A,"YZ,ZY",2.1201105089827834e-10
validation,1.0,3.0,54.0,A,"YZ,ZZ",-1.063276901169502e-09
validation,1.0,3.0,54.0,A,"ZI,ZX",-2.6291157442190566e-10
validation,1.0,3.0,54.0,A,"ZI,ZY",-2.9099554804403844e-10
validation,1.0,3.0,54.0,A,"ZI,ZZ",4.811462680676374e-10
validation,1.0,3.0,54.0,A,"ZX,ZY",2.7639574399162494e-09
validation,1.0,3.0,54.0,A,"ZX,ZZ",2.5256853936482848e-09
validation,1.0,3.0,54.0,A,"ZY,ZZ",2.1460355446625e-10
training,2.0,0.0,0.0,H,IX,0.0
training,2.0,0.0,0.0,H,IY,0.0
training,2.0,0.0,0.0,H,IZ,0.0
training,2.0,0.0,0.0,H,XI,0.0
training,2.0,0.0,0.0,H,XX,0.0
training,2.0,0.0,0.0,H,XY,0.0
training,2.0,0.0,0.0,H,XZ,0.0
training,2.0,0.0,0.0,H,YI,0.0
training,2.0,0.0,0.0,H,YX,0.0
training,2.0,0.0,0.0,H,YY,0.0
training,2.0,0.0,0.0,H,YZ,0.0
training,2.0,0.0,0.0,H,ZI,0.0
training,2.0,0.0,0.0,H,ZX,0.0
training,2.0,0.0,0.0,H,ZY,0.0
training,2.0,0.0,0.0,H,ZZ,0.0
training,2.0,0.0,0.0,S,IX,0.0
training,2.0,0.0,0.0,S,IY,0.0
training,2.0,0.0,0.0,S,IZ,0.0
training,2.0,0.0,0.0,S,XI,0.0
training,2.0,0.0,0.0,S,XX,0.0
training,2.0,0.0,0.0,S,XY,0.0
training,2.0,0.0,0.0,S,XZ,0.0
training,2.0,0.0,0.0,S,YI,0.0
training,2.0,0.0,0.0,S,YX,0.0
training,2.0,0.0,0.0,S,YY,0.0
training,2.0,0.0,0.0,S,YZ,0.0
training,2.0,0.0,0.0,S,ZI,0.0
training,2.0,0.0,0.0,S,ZX,0.0
training,2.0,0.0,0.0,S,ZY,0.0
training,2.0,0.0,0.0,S,ZZ,0.0
training,2.0,0.0,0.0,C,"IX,IY",0.0
training,2.0,0.0,0.0,C,"IX,IZ",0.0
training,2.0,0.0,0.0,C,"IX,XI",0.0
training,2.0,0.0,0.0,C,"IX,XX",0.0
training,2.0,0.0,0.0,C,"IX,XY",0.0
training,2.0,0.0,0.0,C,"IX,XZ",0.0
training,2.0,0.0,0.0,C,"IX,YI",0.0
training,2.0,0.0,0.0,C,"IX,YX",0.0
training,2.0,0.0,0.0,C,"IX,YY",0.0
training,2.0,0.0,0.0,C,"IX,YZ",0.0
training,2.0,0.0,0.0,C,"IX,ZI",0.0
training,2.0,0.0,0.0,C,"IX,ZX",0.0
training,2.0,0.0,0.0,C,"IX,ZY",0.0
training,2.0,0.0,0.0,C,"IX,ZZ",0.0
training,2.0,0.0,0.0,C,"IY,IZ",0.0
training,2.0,0.0,0.0,C,"IY,XI",0.0
training,2.0,0.0,0.0,C,"IY,XX",0.0
training,2.0,0.0,0.0,C,"IY,XY",0.0
training,2.0,0.0,0.0,C,"IY,XZ",0.0
training,2.0,0.0,0.0,C,"IY,YI",0.0
training,2.0,0.0,0.0,C,"IY,YX",0.0
training,2.0,0.0,0.0,C,"IY,YY",0.0
training,2.0,0.0,0.0,C,"IY,YZ",0.0
training,2.0,0.0,0.0,C,"IY,ZI",0.0
training,2.0,0.0,0.0,C,"IY,ZX",0.0
training,2.0,0.0,0.0,C,"IY,ZY",0.0
training,2.0,0.0,0.0,C,"IY,ZZ",0.0
training,2.0,0.0,0.0,C,"IZ,XI",0.0
training,2.0,0.0,0.0,C,"IZ,XX",0.0
training,2.0,0.0,0.0,C,"IZ,XY",0.0
training,2.0,0.0,0.0,C,"IZ,XZ",0.0
training,2.0,0.0,0.0,C,"IZ,YI",0.0
training,2.0,0.0,0.0,C,"IZ,YX",0.0
training,2.0,0.0,0.0,C,"IZ,YY",0.0
training,2.0,0.0,0.0,C,"IZ,YZ",0.0
training,2.0,0.0,0.0,C,"IZ,ZI",0.0
training,2.0,0.0,0.0,C,"IZ,ZX",0.0
training,2.0,0.0,0.0,C,"IZ,ZY",0.0
training,2.0,0.0,0.0,C,"IZ,ZZ",0.0
training,2.0,0.0,0.0,C,"XI,XX",0.0
training,2.0,0.0,0.0,C,"XI,XY",0.0
training,2.0,0.0,0.0,C,"XI,XZ",0.0
training,2.0,0.0,0.0,C,"XI,YI",0.0
training,2.0,0.0,0.0,C,"XI,YX",0.0
training,2.0,0.0,0.0,C,"XI,YY",0.0
training,2.0,0.0,0.0,C,"XI,YZ",0.0
training,2.0,0.0,0.0,C,"XI,ZI",0.0
training,2.0,0.0,0.0,C,"XI,ZX",0.0
training,2.0,0.0,0.0,C,"XI,ZY",0.0
training,2.0,0.0,0.0,C,"XI,ZZ",0.0
training,2.0,0.0,0.0,C,"XX,XY",0.0
training,2.0,0.0,0.0,C,"XX,XZ",0.0
training,2.0,0.0,0.0,C,"XX,YI",0.0
training,2.0,0.0,0.0,C,"XX,YX",0.0
training,2.0,0.0,0.0,C,"XX,YY",0.0
training,2.0,0.0,0.0,C,"XX,YZ",0.0
training,2.0,0.0,0.0,C,"XX,ZI",0.0
training,2.0,0.0,0.0,C,"XX,ZX",0.0
training,2.0,0.0,0.0,C,"XX,ZY",0.0
training,2.0,0.0,0.0,C,"XX,ZZ",0.0
training,2.0,0.0,0.0,C,"XY,XZ",0.0
training,2.0,0.0,0.0,C,"XY,YI",0.0
training,2.0,0.0,0.0,C,"XY,YX",0.0
training,2.0,0.0,0.0,C,"XY,YY",0.0
training,2.0,0.0,0.0,C,"XY,YZ",0.0
training,2.0,0.0,0.0,C,"XY,ZI",0.0
training,2.0,0.0,0.0,C,"XY,ZX",0.0
training,2.0,0.0,0.0,C,"XY,ZY",0.0
training,2.0,0.0,0.0,C,"XY,ZZ",0.0
training,2.0,0.0,0.0,C,"XZ,YI",0.0
training,2.0,0.0,0.0,C,"XZ,YX",0.0
training,2.0,0.0,0.0,C,"XZ,YY",0.0
training,2.0,0.0,0.0,C,"XZ,YZ",0.0
training,2.0,0.0,0.0,C,"XZ,ZI",0.0
training,2.0,0.0,0.0,C,"XZ,ZX",0.0
training,2.0,0.0,0.0,C,"XZ,ZY",0.0
training,2.0,0.0,0.0,C,"XZ,ZZ",0.0
training,2.0,0.0,0.0,C,"YI,YX",0.0
training,2.0,0.0,0.0,C,"YI,YY",0.0
training,2.0,0.0,0.0,C,"YI,YZ",0.0
training,2.0,0.0,0.0,C,"YI,ZI",0.0
training,2.0,0.0,0.0,C,"YI,ZX",0.0
training,2.0,0.0,0.0,C,"YI,ZY",0.0
training,2.0,0.0,0.0,C,"YI,ZZ",0.0
training,2.0,0.0,0.0,C,"YX,YY",0.0
training,2.0,0.0,0.0,C,"YX,YZ",0.0
training,2.0,0.0,0.0,C,"YX,ZI",0.0
training,2.0,0.0,0.0,C,"YX,ZX",0.0
training,2.0,0.0,0.0,C,"YX,ZY",0.0
training,2.0,0.0,0.0,C,"YX,ZZ",0.0
training,2.0,0.0,0.0,C,"YY,YZ",0.0
training,2.0,0.0,0.0,C,"YY,ZI",0.0
training,2.0,0.0,0.0,C,"YY,ZX",0.0
training,2.0,0.0,0.0,C,"YY,ZY",0.0
training,2.0,0.0,0.0,C,"YY,ZZ",0.0
training,2.0,0.0,0.0,C,"YZ,ZI",0.0
training,2.0,0.0,0.0,C,"YZ,ZX",0.0
training,2.0,0.0,0.0,C,"YZ,ZY",0.0
training,2.0,0.0,0.0,C,"YZ,ZZ",0.0
training,2.0,0.0,0.0,C,"ZI,ZX",0.0
training,2.0,0.0,0.0,C,"ZI,ZY",0.0
training,2.0,0.0,0.0,C,"ZI,ZZ",0.0
training,2.0,0.0,0.0,C,"ZX,ZY",0.0
training,2.0,0.0,0.0,C,"ZX,ZZ",0.0
training,2.0,0.0,0.0,C,"ZY,ZZ",0.0
training,2.0,0.0,0.0,A,"IX,IY",0.0
training,2.0,0.0,0.0,A,"IX,IZ",0.0
training,2.0,0.0,0.0,A,"IX,XI",0.0
training,2.0,0.0,0.0,A,"IX,XX",0.0
training,2.0,0.0,0.0,A,"IX,XY",0.0
training,2.0,0.0,0.0,A,"IX,XZ",0.0
training,2.0,0.0,0.0,A,"IX,YI",0.0
training,2.0,0.0,0.0,A,"IX,YX",0.0
training,2.0,0.0,0.0,A,"IX,YY",0.0
training,2.0,0.0,0.0,A,"IX,YZ",0.0
training,2.0,0.0,0.0,A,"IX,ZI",0.0
training,2.0,0.0,0.0,A,"IX,ZX",0.0
training,2.0,0.0,0.0,A,"IX,ZY",0.0
training,2.0,0.0,0.0,A,"IX,ZZ",0.0
training,2.0,0.0,0.0,A,"IY,IZ",0.0
training,2.0,0.0,0.0,A,"IY,XI",0.0
training,2.0,0.0,0.0,A,"IY,XX",0.0
training,2.0,0.0,0.0,A,"IY,XY",0.0
training,2.0,0.0,0.0,A,"IY,XZ",0.0
training,2.0,0.0,0.0,A,"IY,YI",0.0
training,2.0,0.0,0.0,A,"IY,YX",0.0
training,2.0,0.0,0.0,A,"IY,YY",0.0
training,2.0,0.0,0.0,A,"IY,YZ",0.0
training,2.0,0.0,0.0,A,"IY,ZI",0.0
training,2.0,0.0,0.0,A,"IY,ZX",0.0
training,2.0,0.0,0.0,A,"IY,ZY",0.0
training,2.0,0.0,0.0,A,"IY,ZZ",0.0
training,2.0,0.0,0.0,A,"IZ,XI",0.0
training,2.0,0.0,0.0,A,"IZ,XX",0.0
training,2.0,0.0,0.0,A,"IZ,XY",0.0
training,2.0,0.0,0.0,A,"IZ,XZ",0.0
training,2.0,0.0,0.0,A,"IZ,YI",0.0
training,2.0,0.0,0.0,A,"IZ,YX",0.0
training,2.0,0.0,0.0,A,"IZ,YY",0.0
training,2.0,0.0,0.0,A,"IZ,YZ",0.0
training,2.0,0.0,0.0,A,"IZ,ZI",0.0
training,2.0,0.0,0.0,A,"IZ,ZX",0.0
training,2.0,0.0,0.0,A,"IZ,ZY",0.0
training,2.0,0.0,0.0,A,"IZ,ZZ",0.0
training,2.0,0.0,0.0,A,"XI,XX",0.0
training,2.0,0.0,0.0,A,"XI,XY",0.0
training,2.0,0.0,0.0,A,"XI,XZ",0.0
training,2.0,0.0,0.0,A,"XI,YI",0.0
training,2.0,0.0,0.0,A,"XI,YX",0.0
training,2.0,0.0,0.0,A,"XI,YY",0.0
training,2.0,0.0,0.0,A,"XI,YZ",0.0
training,2.0,0.0,0.0,A,"XI,ZI",0.0
training,2.0,0.0,0.0,A,"XI,ZX",0.0
training,2.0,0.0,0.0,A,"XI,ZY",0.0
training,2.0,0.0,0.0,A,"XI,ZZ",0.0
training,2.0,0.0,0.0,A,"XX,XY",0.0
training,2.0,0.0,0.0,A,"XX,XZ",0.0
training,2.0,0.0,0.0,A,"XX,YI",0.0
training,2.0,0.0,0.0,A,"XX,YX",0.0
training,2.0,0.0,0.0,A,"XX,YY",0.0
training,2.0,0.0,0.0,A,"XX,YZ",0.0
training,2.0,0.0,0.0,A,"XX,ZI",0.0
training,2.0,0.0,0.0,A,"XX,ZX",0.0
training,2.0,0.0,0.0,A,"XX,ZY",0.0
training,2.0,0.0,0.0,A,"XX,ZZ",0.0
training,2.0,0.0,0.0,A,"XY,XZ",0.0
training,2.0,0.0,0.0,A,"XY,YI",0.0
training,2.0,0.0,0.0,A,"XY,YX",0.0
training,2.0,0.0,0.0,A,"XY,YY",0.0
training,2.0,0.0,0.0,A,"XY,YZ",0.0
training,2.0,0.0,0.0,A,"XY,ZI",0.0
training,2.0,0.0,0.0,A,"XY,ZX",0.0
training,2.0,0.0,0.0,A,"XY,ZY",0.0
training,2.0,0.0,0.0,A,"XY,ZZ",0.0
training,2.0,0.0,0.0,A,"XZ,YI",0.0
training,2.0,0.0,0.0,A,"XZ,YX",0.0
training,2.0,0.0,0.0,A,"XZ,YY",0.0
training,2.0,0.0,0.0,A,"XZ,YZ",0.0
training,2.0,0.0,0.0,A,"XZ,ZI",0.0
training,2.0,0.0,0.0,A,"XZ,ZX",0.0
training,2.0,0.0,0.0,A,"XZ,ZY",0.0
training,2.0,0.0,0.0,A,"XZ,ZZ",0.0
training,2.0,0.0,0.0,A,"YI,YX",0.0
training,2.0,0.0,0.0,A,"YI,YY",0.0
training,2.0,0.0,0.0,A,"YI,YZ",0.0
training,2.0,0.0,0.0,A,"YI,ZI",0.0
training,2.0,0.0,0.0,A,"YI,ZX",0.0
training,2.0,0.0,0.0,A,"YI,ZY",0.0
training,2.0,0.0,0.0,A,"YI,ZZ",0.0
training,2.0,0.0,0.0,A,"YX,YY",0.0
training,2.0,0.0,0.0,A,"YX,YZ",0.0
training,2.0,0.0,0.0,A,"YX,ZI",0.0
training,2.0,0.0,0.0,A,"YX,ZX",0.0
training,2.0,0.0,0.0,A,"YX,ZY",0.0
training,2.0,0.0,0.0,A,"YX,ZZ",0.0
training,2.0,0.0,0.0,A,"YY,YZ",0.0
training,2.0,0.0,0.0,A,"YY,ZI",0.0
training,2.0,0.0,0.0,A,"YY,ZX",0.0
training,2.0,0.0,0.0,A,"YY,ZY",0.0
training,2.0,0.0,0.0,A,"YY,ZZ",0.0
training,2.0,0.0,0.0,A,"YZ,ZI",0.0
training,2.0,0.0,0.0,A,"YZ,ZX",0.0
training,2.0,0.0,0.0,A,"YZ,ZY",0.0
training,2.0,0.0,0.0,A,"YZ,ZZ",0.0
training,2.0,0.0,0.0,A,"ZI,ZX",0.0
training,2.0,0.0,0.0,A,"ZI,ZY",0.0
training,2.0,0.0,0.0,A,"ZI,ZZ",0.0
training,2.0,0.0,0.0,A,"ZX,ZY",0.0
training,2.0,0.0,0.0,A,"ZX,ZZ",0.0
training,2.0,0.0,0.0,A,"ZY,ZZ",0.0
training,2.0,0.5,9.0,H,IX,-6.961773603788231e-09
training,2.0,0.5,9.0,H,IY,1.887595027915851e-09
training,2.0,0.5,9.0,H,IZ,6.653928333448547e-10
training,2.0,0.5,9.0,H,XI,1.6201248228949466e-08
training,2.0,0.5,9.0,H,XX,-4.681073743943979e-05
training,2.0,0.5,9.0,H,XY,9.133197279038439e-09
training,2.0,0.5,9.0,H,XZ,2.193441630491786e-09
training,2.0,0.5,9.0,H,YI,-6.619591582534921e-09
training,2.0,0.5,9.0,H,YX,-5.051516442711498e-09
training,2.0,0.5,9.0,H,YY,4.2992004591161254e-09
training,2.0,0.5,9.0,H,YZ,-1.5926983986675394e-09
training,2.0,0.5,9.0,H,ZI,3.8245015032850827e-10
training,2.0,0.5,9.0,H,ZX,2.345249101606867e-09
training,2.0,0.5,9.0,H,ZY,-1.2678433292734974e-09
training,2.0,0.5,9.0,H,ZZ,4.544674132591845e-16
training,2.0,0.5,9.0,S,IX,0.0005206173491049447
training,2.0,0.5,9.0,S,IY,-7.527563042298777e-10
training,2.0,0.5,9.0,S,IZ,8.989697780886069e-09
training,2.0,0.5,9.0,S,XI,0.0005206453332687753
training,2.0,0.5,9.0,S,XX,7.355116296179964e-05
training,2.0,0.5,9.0,S,XY,8.158467511049268e-09
training,2.0,0.5,9.0,S,XZ,7.410589946192875e-09
training,2.0,0.5,9.0,S,YI,-1.3260628380410387e-09
training,2.0,0.5,9.0,S,YX,-1.5351438421244007e-09
training,2.0,0.5,9.0,S,YY,-5.595532301665585e-10
training,2.0,0.5,9.0,S,YZ,6.448721204114268e-10
training,2.0,0.5,9.0,S,ZI,-4.59388176546967e-09
training,2.0,0.5,9.0,S,ZX,-9.63029119855274e-09
training,2.0,0.5,9.0,S,ZY,-2.5968099355956967e-10
training,2.0,0.5,9.0,S,ZZ,-3.1783836418217094e-10
training,2.0,0.5,9.0,C,"IX,IY",-2.45449161408754e-09
training,2.0,0.5,9.0,C,"IX,IZ",-4.514386015708208e-10
training,2.0,0.5,9.0,C,"IX,XI",0.0005206309213726494
training,2.0,0.5,9.0,C,"IX,XX",-4.928665735672595e-09
training,2.0,0.5,9.0,C,"IX,XY",-4.508818696805559e-09
training,2.0,0.5,9.0,C,"IX,XZ",2.2408000099943952e-09
training,2.0,0.5,9.0,C,"IX,YI",1.4193506582474877e-10
training,2.0,0.5,9.0,C,"IX,YX",7.510896380610208e-10
training,2.0,0.5,9.0,C,"IX,YY",2.542213172381841e-09
training,2.0,0.5,9.0,C,"IX,YZ",-2.256989084474898e-11
training,2.0,0.5,9.0,C,"IX,ZI",-1.3566545298882547e-09
training,2.0,0.5,9.0,C,"IX,ZX",8.67731480213333e-10
training,2.0,0.5,9.0,C,"IX,ZY",-2.4700739919928173e-10
training,2.0,0.5,9.0,C,"IX,ZZ",7.268746581451505e-10
training,2.0,0.5,9.0,C,"IY,IZ",3.422557560485875e-09
training,2.0,0.5,9.0,C,"IY,XI",-1.1471206094250198e-09
training,2.0,0.5,9.0,C,"IY,XX",2.1664320971326576e-09
training,2.0,0.5,9.0,C,"IY,XY",-2.505769799910945e-09
training,2.0,0.5,9.0,C,"IY,XZ",2.6380599987143954e-09
training,2.0,0.5,9.0,C,"IY,YI",1.1763166485336058e-10
training,2.0,0.5,9.0,C,"IY,YX",-6.242243539703222e-10
training,2.0,0.5,9.0,C,"IY,YY",2.315550647010233e-09
training,2.0,0.5,9.0,C,"IY,YZ",1.962762985142762e-09
training,2.0,0.5,9.0,C,"IY,ZI",6.483471302436713e-10
training,2.0,0.5,9.0,C,"IY,ZX",6.701723734115792e-10
training,2.0,0.5,9.0,C,"IY,ZY",2.061968492754065e-09
training,2.0,0.5,9.0,C,"IY,ZZ",-2.8692010720581734e-10
training,2.0,0.5,9.0,C,"IZ,XI",3.6422855889582527e-09
training,2.0,0.5,9.0,C,"IZ,XX",-9.564517326792289e-09
training,2.0,0.5,9.0,C,"IZ,XY",-8.311897122905168e-09
training,2.0,0.5,9.0,C,"IZ,XZ",1.5975585903642638e-09
training,2.0,0.5,9.0,C,"IZ,YI",1.1515385298845368e-09
training,2.0,0.5,9.0,C,"IZ,YX",-1.3176061875005482e-09
training,2.0,0.5,9.0,C,"IZ,YY",-1.019669067356017e-09
training,2.0,0.5,9.0,C,"IZ,YZ",7.879472790136947e-10
training,2.0,0.5,9.0,C,"IZ,ZI",-1.347159492119751e-10
training,2.0,0.5,9.0,C,"IZ,ZX",7.33857628089289e-10
training,2.0,0.5,9.0,C,"IZ,ZY",2.2382433965925368e-09
training,2.0,0.5,9.0,C,"IZ,ZZ",2.3836685911500975e-09
training,2.0,0.5,9.0,C,"XI,XX",1.2398286480964425e-08
training,2.0,0.5,9.0,C,"XI,XY",-8.817097875682715e-09
training,2.0,0.5,9.0,C,"XI,XZ",2.5955005826326633e-09
training,2.0,0.5,9.0,C,"XI,YI",3.050339548186934e-09
training,2.0,0.5,9.0,C,"XI,YX",-2.915339505808331e-09
training,2.0,0.5,9.0,C,"XI,YY",2.0363914355694073e-09
training,2.0,0.5,9.0,C,"XI,YZ",-7.05284002636477e-11
training,2.0,0.5,9.0,C,"XI,ZI",1.8752114745133815e-09
training,2.0,0.5,9.0,C,"XI,ZX",2.932051314646758e-09
training,2.0,0.5,9.0,C,"XI,ZY",3.4012423301935946e-10
training,2.0,0.5,9.0,C,"XI,ZZ",2.133485782269875e-09
training,2.0,0.5,9.0,C,"XX,XY",6.3885164221865e-10
training,2.0,0.5,9.0,C,"XX,XZ",-2.319657030234826e-09
training,2.0,0.5,9.0,C,"XX,YI",1.1034054782040364e-09
training,2.0,0.5,9.0,C,"XX,YX",-8.598926431689138e-10
training,2.0,0.5,9.0,C,"XX,YY",-3.5393822194043764e-09
training,2.0,0.5,9.0,C,"XX,YZ",-2.300369096738641e-09
training,2.0,0.5,9.0,C,"XX,ZI",4.566087148983278e-09
training,2.0,0.5,9.0,C,"XX,ZX",6.1341556143375436e-09
training,2.0,0.5,9.0,C,"XX,ZY",-2.110446458353174e-09
training,2.0,0.5,9.0,C,"XX,ZZ",8.527763593855136e-10
training,2.0,0.5,9.0,C,"XY,XZ",3.1256413958360663e-10
training,2.0,0.5,9.0,C,"XY,YI",-9.74024566202055e-10
training,2.0,0.5,9.0,C,"XY,YX",2.3952327458204767e-09
training,2.0,0.5,9.0,C,"XY,YY",1.3702711077377378e-09
training,2.0,0.5,9.0,C,"XY,YZ",-1.387338488336203e-10
training,2.0,0.5,9.0,C,"XY,ZI",-7.382672881371996e-10
training,2.0,0.5,9.0,C,"XY,ZX",-4.730760069760432e-10
training,2.0,0.5,9.0,C,"XY,ZY",-1.8993847167920497e-09
training,2.0,0.5,9.0,C,"XY,ZZ",-2.4910136189822474e-09
training,2.0,0.5,9.0,C,"XZ,YI",-8.130372500454418e-10
training,2.0,0.5,9.0,C,"XZ,YX",-1.0461724039888831e-10
training,2.0,0.5,9.0,C,"XZ,YY",2.391850898839695e-09
training,2.0,0.5,9.0,C,"XZ,YZ",2.2917800777195897e-09
training,2.0,0.5,9.0,C,"XZ,ZI",2.6658435948265096e-10
training,2.0,0.5,9.0,C,"XZ,ZX",-2.820516958590673e-10
training,2.0,0.5,9.0,C,"XZ,ZY",1.0992718004931932e-09
training,2.0,0.5,9.0,C,"XZ,ZZ",-6.371749028539974e-10
training,2.0,0.5,9.0,C,"YI,YX",3.7196546984361327e-09
training,2.0,0.5,9.0,C,"YI,YY",-5.266969511308644e-10
training,2.0,0.5,9.0,C,"YI,YZ",-1.0306511057171362e-09
training,2.0,0.5,9.0,C,"YI,ZI",-7.167462966422511e-09
training,2.0,0.5,9.0,C,"YI,ZX",-4.383661290713813e-09
training,2.0,0.5,9.0,C,"YI,ZY",-2.0335741830562575e-09
training,2.0,0.5,9.0,C,"YI,ZZ",6.324295928510061e-10
training,2.0,0.5,9.0,C,"YX,YY",-1.7047700785844423e-09
training,2.0,0.5,9.0,C,"YX,YZ",1.151579833433034e-09
training,2.0,0.5,9.0,C,"YX,ZI",2.6071589496151046e-09
training,2.0,0.5,9.0,C,"YX,ZX",-5.975168535538064e-10
training,2.0,0.5,9.0,C,"YX,ZY",1.8919306731943875e-09
training,2.0,0.5,9.0,C,"YX,ZZ",2.187161882599851e-09
training,2.0,0.5,9.0,C,"YY,YZ",1.7837394791328997e-11
training,2.0,0.5,9.0,C,"YY,ZI",1.774424145646449e-09
training,2.0,0.5,9.0,C,"YY,ZX",-8.105216165941116e-10
training,2.0,0.5,9.0,C,"YY,ZY",-2.990485445517969e-10
training,2.0,0.5,9.0,C,"YY,ZZ",3.796148141113013e-10
training,2.0,0.5,9.0,C,"YZ,ZI",-7.466341587169532e-10
training,2.0,0.5,9.0,C,"YZ,ZX",-9.412473751031881e-11
training,2.0,0.5,9.0,C,"YZ,ZY",3.901441544232765e-10
training,2.0,0.5,9.0,C,"YZ,ZZ",-1.6927082605314757e-10
training,2.0,0.5,9.0,C,"ZI,ZX",-3.8558870987755315e-09
training,2.0,0.5,9.0,C,"ZI,ZY",-2.539973732810355e-09
training,2.0,0.5,9.0,C,"ZI,ZZ",-2.4516505385861e-09
training,2.0,0.5,9.0,C,"ZX,ZY",-1.6813211932952562e-09
training,2.0,0.5,9.0,C,"ZX,ZZ",1.6036158088746905e-09
training,2.0,0.5,9.0,C,"ZY,ZZ",2.6992641627041415e-11
training,2.0,0.5,9.0,A,"IX,IY",-2.79379320596844e-09
training,2.0,0.5,9.0,A,"IX,IZ",-9.740140122952156e-09
training,2.0,0.5,9.0,A,"IX,XI",7.614569793253506e-09
training,2.0,0.5,9.0,A,"IX,XX",1.4892861658004057e-08
training,2.0,0.5,9.0,A,"IX,XY",-2.10834249275557e-09
training,2.0,0.5,9.0,A,"IX,XZ",-1.2178860225736958e-09
training,2.0,0.5,9.0,A,"IX,YI",-3.2370210833799492e-09
training,2.0,0.5,9.0,A,"IX,YX",-4.691235269181946e-10
training,2.0,0.5,9.0,A,"IX,YY",-2.2190933358771706e-09
training,2.0,0.5,9.0,A,"IX,YZ",-4.5776124734863774e-10
training,2.0,0.5,9.0,A,"IX,ZI",1.2246521267242366e-09
training,2.0,0.5,9.0,A,"IX,ZX",-4.354626002199978e-09
training,2.0,0.5,9.0,A,"IX,ZY",-7.985972409064506e-10
training,2.0,0.5,9.0,A,"IX,ZZ",-2.0352621693497726e-09
training,2.0,0.5,9.0,A,"IY,IZ",-2.305547181865184e-09
training,2.0,0.5,9.0,A,"IY,XI",1.7868218713977414e-10
training,2.0,0.5,9.0,A,"IY,XX",9.454267151716874e-09
training,2.0,0.5,9.0,A,"IY,XY",2.5449767328625157e-09
training,2.0,0.5,9.0,A,"IY,XZ",2.234384548042978e-09
training,2.0,0.5,9.0,A,"IY,YI",-3.9107468316083056e-10
training,2.0,0.5,9.0,A,"IY,YX",1.3355193611924665e-09
training,2.0,0.5,9.0,A,"IY,YY",1.5584736433644926e-09
training,2.0,0.5,9.0,A,"IY,YZ",5.578517024733357e-10
training,2.0,0.5,9.0,A,"IY,ZI",-4.96098987572871e-10
training,2.0,0.5,9.0,A,"IY,ZX",3.46196613424319e-10
training,2.0,0.5,9.0,A,"IY,ZY",-1.2891720349587831e-09
training,2.0,0.5,9.0,A,"IY,ZZ",-1.7215324479522787e-09
training,2.0,0.5,9.0,A,"IZ,XI",9.220861816777704e-09
training,2.0,0.5,9.0,A,"IZ,XX",-2.4575726858857765e-09
training,2.0,0.5,9.0,A,"IZ,XY",2.15051247995238e-09
training,2.0,0.5,9.0,A,"IZ,XZ",8.093845852953787e-09
training,2.0,0.5,9.0,A,"IZ,YI",-7.262952141551953e-10
training,2.0,0.5,9.0,A,"IZ,YX",3.3392569342993965e-10
training,2.0,0.5,9.0,A,"IZ,YY",2.7163925066805343e-09
training,2.0,0.5,9.0,A,"IZ,YZ",2.5223024253912567e-09
training,2.0,0.5,9.0,A,"IZ,ZI",5.757454789348419e-10
training,2.0,0.5,9.0,A,"IZ,ZX",2.3472708442723607e-10
training,2.0,0.5,9.0,A,"IZ,ZY",1.2610152675421315e-09
training,2.0,0.5,9.0,A,"IZ,ZZ",-1.078173932620004e-09
training,2.0,0.5,9.0,A,"XI,XX",-8.269714228610939e-09
training,2.0,0.5,9.0,A,"XI,XY",-1.540502088968205e-09
training,2.0,0.5,9.0,A,"XI,XZ",2.761333497790866e-09
training,2.0,0.5,9.0,A,"XI,YI",-7.401123689725398e-10
training,2.0,0.5,9.0,A,"XI,YX",1.6072596797025158e-09
training,2.0,0.5,9.0,A,"XI,YY",-2.1916738796299505e-09
training,2.0,0.5,9.0,A,"XI,YZ",-2.6274319088395003e-10
training,2.0,0.5,9.0,A,"XI,ZI",1.2730707844367309e-10
training,2.0,0.5,9.0,A,"XI,ZX",-8.927053584413719e-10
training,2.0,0.5,9.0,A,"XI,ZY",-5.713953449705093e-10
training,2.0,0.5,9.0,A,"XI,ZZ",-2.1517322458571675e-09
training,2.0,0.5,9.0,A,"XX,XY",4.732516120464091e-09
training,2.0,0.5,9.0,A,"XX,XZ",1.1718502257662856e-08
training,2.0,0.5,9.0,A,"XX,YI",6.9503308565221584e-09
training,2.0,0.5,9.0,A,"XX,YX",7.0979989454365825e-09
training,2.0,0.5,9.0,A,"XX,YY",2.4324572395288886e-14
training,2.0,0.5,9.0,A,"XX,YZ",2.126765086015464e-09
training,2.0,0.5,9.0,A,"XX,ZI",-2.685586449887091e-09
training,2.0,0.5,9.0,A,"XX,ZX",3.897970704950378e-09
training,2.0,0.5,9.0,A,"XX,ZY",2.451524263882281e-09
training,2.0,0.5,9.0,A,"XX,ZZ",4.299092887224486e-09
training,2.0,0.5,9.0,A,"XY,XZ",-7.83598093237772e-09
training,2.0,0.5,9.0,A,"XY,YI",-4.367170902366522e-10
training,2.0,0.5,9.0,A,"XY,YX",9.937514027541649e-11
training,2.0,0.5,9.0,A,"XY,YY",-2.5080783774230806e-09
training,2.0,0.5,9.0,A,"XY,YZ",-2.435789956744303e-09
training,2.0,0.5,9.0,A,"XY,ZI",-5.069731493889798e-10
training,2.0,0.5,9.0,A,"XY,ZX",-9.688223679413387e-10
training,2.0,0.5,9.0,A,"XY,ZY",-1.6253525052648306e-09
training,2.0,0.5,9.0,A,"XY,ZZ",4.5114332498115805e-10
training,2.0,0.5,9.0,A,"XZ,YI",-4.928047196585971e-10
training,2.0,0.5,9.0,A,"XZ,YX",9.570147595430955e-10
training,2.0,0.5,9.0,A,"XZ,YY",8.823672639875378e-10
training,2.0,0.5,9.0,A,"XZ,YZ",-4.3215273523061784e-10
training,2.0,0.5,9.0,A,"XZ,ZI",3.928919421377657e-10
training,2.0,0.5,9.0,A,"XZ,ZX",-6.418220132059457e-10
training,2.0,0.5,9.0,A,"XZ,ZY",-1.910785446286744e-09
training,2.0,0.5,9.0,A,"XZ,ZZ",-1.8901617211473746e-09
training,2.0,0.5,9.0,A,"YI,YX",-8.94205371452367e-10
training,2.0,0.5,9.0,A,"YI,YY",-1.279159373490425e-09
training,2.0,0.5,9.0,A,"YI,YZ",1.7217170283350967e-09
training,2.0,0.5,9.0,A,"YI,ZI",4.387702858128e-10
training,2.0,0.5,9.0,A,"YI,ZX",-4.425157755906604e-09
training,2.0,0.5,9.0,A,"YI,ZY",1.4394557195086397e-09
training,2.0,0.5,9.0,A,"YI,ZZ",2.022086316164704e-09
training,2.0,0.5,9.0,A,"YX,YY",9.087197750649005e-10
training,2.0,0.5,9.0,A,"YX,YZ",8.362281558235401e-10
training,2.0,0.5,9.0,A,"YX,ZI",3.925471743395758e-09
training,2.0,0.5,9.0,A,"YX,ZX",5.993314613928283e-09
training,2.0,0.5,9.0,A,"YX,ZY",2.2163455465779856e-09
training,2.0,0.5,9.0,A,"YX,ZZ",-1.5990013824351404e-09
training,2.0,0.5,9.0,A,"YY,YZ",-6.018769788999563e-10
training,2.0,0.5,9.0,A,"YY,ZI",1.4348570921037223e-09
training,2.0,0.5,9.0,A,"YY,ZX",1.2038088636594961e-09
training,2.0,0.5,9.0,A,"YY,ZY",1.3582626678838273e-10
training,2.0,0.5,9.0,A,"YY,ZZ",-5.777131824428349e-11
training,2.0,0.5,9.0,A,"YZ,ZI",9.004018676268788e-10
training,2.0,0.5,9.0,A,"YZ,ZX",-1.3390287753292105e-09
training,2.0,0.5,9.0,A,"YZ,ZY",-3.2946000694773834e-10
training,2.0,0.5,9.0,A,"YZ,ZZ",-6.374108460986598e-10
training,2.0,0.5,9.0,A,"ZI,ZX",-6.954154928113253e-09
training,2.0,0.5,9.0,A,"ZI,ZY",-1.9166966930756636e-09
training,2.0,0.5,9.0,A,"ZI,ZZ",2.420527844763063e-09
training,2.0,0.5,9.0,A,"ZX,ZY",2.2050978361458393e-09
training,2.0,0.5,9.0,A,"ZX,ZZ",2.575424460001919e-09
training,2.0,0.5,9.0,A,"ZY,ZZ",3.8198893492756023e-10
training,2.0,1.0,18.0,H,IX,-2.1607420470399933e-09
training,2.0,1.0,18.0,H,IY,-6.99564693734745e-09
training,2.0,1.0,18.0,H,IZ,7.579673605161262e-10
training,2.0,1.0,18.0,H,XI,6.662927074553971e-09
training,2.0,1.0,18.0,H,XX,-9.310828112925933e-05
training,2.0,1.0,18.0,H,XY,2.991254059520964e-09
training,2.0,1.0,18.0,H,XZ,2.443028081652976e-09
training,2.0,1.0,18.0,H,YI,-1.1416294340817704e-08
training,2.0,1.0,18.0,H,YX,-1.8399688557528904e-08
training,2.0,1.0,18.0,H,YY,4.093798270144531e-09
training,2.0,1.0,18.0,H,YZ,1.91447666964341e-09
training,2.0,1.0,18.0,H,ZI,-4.255073392690855e-10
training,2.0,1.0,18.0,H,ZX,2.5767891452187516e-09
training,2.0,1.0,18.0,H,ZY,1.5490134098685408e-08
training,2.0,1.0,18.0,H,ZZ,-2.05543076997239e-15
training,2.0,1.0,18.0,S,IX,0.001038768589086446
training,2.0,1.0,18.0,S,IY,2.858544744443678e-09
training,2.0,1.0,18.0,S,IZ,-1.386171621280477e-10
training,2.0,1.0,18.0,S,XI,0.001038785241768517
training,2.0,1.0,18.0,S,XX,0.000148668105739339
training,2.0,1.0,18.0,S,XY,-1.0317595372901292e-09
training,2.0,1.0,18.0,S,XZ,8.064787049400055e-09
training,2.0,1.0,18.0,S,YI,1.892593537347175e-09
training,2.0,1.0,18.0,S,YX,-8.262751388047468e-11
training,2.0,1.0,18.0,S,YY,2.649356982712889e-10
training,2.0,1.0,18.0,S,YZ,8.734553512868178e-10
training,2.0,1.0,18.0,S,ZI,-3.152321418682007e-09
training,2.0,1.0,18.0,S,ZX,-4.291592175056404e-09
training,2.0,1.0,18.0,S,ZY,1.7110714527115295e-10
training,2.0,1.0,18.0,S,ZZ,5.585598207238527e-10
training,2.0,1.0,18.0,C,"IX,IY",6.879372552969116e-10
training,2.0,1.0,18.0,C,"IX,IZ",6.22030641217465e-09
training,2.0,1.0,18.0,C,"IX,XI",0.0010387770187239142
training,2.0,1.0,18.0,C,"IX,XX",4.349668812338678e-09
training,2.0,1.0,18.0,C,"IX,XY",3.191965742504344e-10
training,2.0,1.0,18.0,C,"IX,XZ",-8.374443807570392e-09
training,2.0,1.0,18.0,C,"IX,YI",8.657932550412193e-10
training,2.0,1.0,18.0,C,"IX,YX",-1.0059381800806721e-09
training,2.0,1.0,18.0,C,"IX,YY",-7.961897245232022e-09
training,2.0,1.0,18.0,C,"IX,YZ",-4.259335080707039e-11
training,2.0,1.0,18.0,C,"IX,ZI",3.5514928066422655e-09
training,2.0,1.0,18.0,C,"IX,ZX",-9.11841687384153e-09
training,2.0,1.0,18.0,C,"IX,ZY",-2.0366185998889976e-10
training,2.0,1.0,18.0,C,"IX,ZZ",-9.428771122046853e-09
training,2.0,1.0,18.0,C,"IY,IZ",-4.602823660888383e-10
training,2.0,1.0,18.0,C,"IY,XI",-3.9830908602894816e-14
training,2.0,1.0,18.0,C,"IY,XX",1.1907755562394053e-09
training,2.0,1.0,18.0,C,"IY,XY",1.683215947734801e-09
training,2.0,1.0,18.0,C,"IY,XZ",5.2179682284383576e-09
training,2.0,1.0,18.0,C,"IY,YI",-9.968823356557203e-11
training,2.0,1.0,18.0,C,"IY,YX",-8.829096951212266e-10
training,2.0,1.0,18.0,C,"IY,YY",2.6110004343476487e-09
training,2.0,1.0,18.0,C,"IY,YZ",-2.6565618328817176e-09
training,2.0,1.0,18.0,C,"IY,ZI",2.017561078203036e-09
training,2.0,1.0,18.0,C,"IY,ZX",1.3023542024979782e-09
training,2.0,1.0,18.0,C,"IY,ZY",1.5463649553212884e-09
training,2.0,1.0,18.0,C,"IY,ZZ",-2.7013225962543508e-09
training,2.0,1.0,18.0,C,"IZ,XI",5.192926944466972e-09
training,2.0,1.0,18.0,C,"IZ,XX",-3.246457879458313e-09
training,2.0,1.0,18.0,C,"IZ,XY",1.1060597532028054e-09
training,2.0,1.0,18.0,C,"IZ,XZ",-6.644354795487094e-10
training,2.0,1.0,18.0,C,"IZ,YI",-2.5830900162998955e-09
training,2.0,1.0,18.0,C,"IZ,YX",-1.3068290634732037e-09
training,2.0,1.0,18.0,C,"IZ,YY",-2.1608324315230464e-09
training,2.0,1.0,18.0,C,"IZ,YZ",-2.3504830928769406e-09
training,2.0,1.0,18.0,C,"IZ,ZI",5.612817722900694e-09
training,2.0,1.0,18.0,C,"IZ,ZX",-4.26872043928637e-09
training,2.0,1.0,18.0,C,"IZ,ZY",-1.4349717782237741e-09
training,2.0,1.0,18.0,C,"IZ,ZZ",-7.204100037436854e-10
training,2.0,1.0,18.0,C,"XI,XX",1.3511978981113674e-08
training,2.0,1.0,18.0,C,"XI,XY",9.657918201757768e-10
training,2.0,1.0,18.0,C,"XI,XZ",-8.750774636590412e-09
training,2.0,1.0,18.0,C,"XI,YI",2.885620062446339e-09
training,2.0,1.0,18.0,C,"XI,YX",-2.0258221466752015e-09
training,2.0,1.0,18.0,C,"XI,YY",-8.642289163570008e-09
training,2.0,1.0,18.0,C,"XI,YZ",3.073407646310607e-10
training,2.0,1.0,18.0,C,"XI,ZI",4.724684934961514e-09
training,2.0,1.0,18.0,C,"XI,ZX",-7.684954113085556e-09
training,2.0,1.0,18.0,C,"XI,ZY",-6.139608085975656e-11
training,2.0,1.0,18.0,C,"XI,ZZ",-7.975546613577726e-09
training,2.0,1.0,18.0,C,"XX,XY",-4.943821618651139e-10
training,2.0,1.0,18.0,C,"XX,XZ",6.739981031452031e-09
training,2.0,1.0,18.0,C,"XX,YI",1.0045929857732072e-09
training,2.0,1.0,18.0,C,"XX,YX",-1.9986583964090614e-09
training,2.0,1.0,18.0,C,"XX,YY",1.7814085625901567e-08
training,2.0,1.0,18.0,C,"XX,YZ",-4.875158192043463e-09
training,2.0,1.0,18.0,C,"XX,ZI",1.8129785653629185e-08
training,2.0,1.0,18.0,C,"XX,ZX",1.1146511717124326e-08
training,2.0,1.0,18.0,C,"XX,ZY",2.1446408171035337e-10
training,2.0,1.0,18.0,C,"XX,ZZ",1.2695832047257687e-09
training,2.0,1.0,18.0,C,"XY,XZ",1.9646359989738687e-09
training,2.0,1.0,18.0,C,"XY,YI",3.5409927564650975e-09
training,2.0,1.0,18.0,C,"XY,YX",-1.4560233851523007e-09
training,2.0,1.0,18.0,C,"XY,YY",2.3332555908161413e-09
training,2.0,1.0,18.0,C,"XY,YZ",1.7044504694174641e-09
training,2.0,1.0,18.0,C,"XY,ZI",-3.049646431865612e-09
training,2.0,1.0,18.0,C,"XY,ZX",5.1618724503834206e-09
training,2.0,1.0,18.0,C,"XY,ZY",1.5454430052413916e-09
training,2.0,1.0,18.0,C,"XY,ZZ",-1.2387476381269632e-10
training,2.0,1.0,18.0,C,"XZ,YI",-1.6188244160668152e-09
training,2.0,1.0,18.0,C,"XZ,YX",-3.466044388711718e-12
training,2.0,1.0,18.0,C,"XZ,YY",3.1683441956335922e-09
training,2.0,1.0,18.0,C,"XZ,YZ",-2.5895285264319644e-09
training,2.0,1.0,18.0,C,"XZ,ZI",-6.133945653560686e-10
training,2.0,1.0,18.0,C,"XZ,ZX",5.829848835108451e-12
training,2.0,1.0,18.0,C,"XZ,ZY",1.6655298342437875e-09
training,2.0,1.0,18.0,C,"XZ,ZZ",-2.4863595434845344e-09
training,2.0,1.0,18.0,C,"YI,YX",3.6774911221472917e-09
training,2.0,1.0,18.0,C,"YI,YY",-1.367007773629434e-09
training,2.0,1.0,18.0,C,"YI,YZ",3.0709178992719327e-09
training,2.0,1.0,18.0,C,"YI,ZI",-5.9248404448734e-09
training,2.0,1.0,18.0,C,"YI,ZX",-4.4221164833505456e-10
training,2.0,1.0,18.0,C,"YI,ZY",-9.526263123749041e-10
training,2.0,1.0,18.0,C,"YI,ZZ",4.3022761106611755e-10
training,2.0,1.0,18.0,C,"YX,YY",-1.8192725109144458e-09
training,2.0,1.0,18.0,C,"YX,YZ",8.851647405667198e-10
training,2.0,1.0,18.0,C,"YX,ZI",2.3942590070953845e-09
training,2.0,1.0,18.0,C,"YX,ZX",1.4575982447880504e-09
training,2.0,1.0,18.0,C,"YX,ZY",2.56365384676676e-10
training,2.0,1.0,18.0,C,"YX,ZZ",5.71627632546637e-09
training,2.0,1.0,18.0,C,"YY,YZ",-3.222856729697306e-10
training,2.0,1.0,18.0,C,"YY,ZI",9.371867326803595e-10
training,2.0,1.0,18.0,C,"YY,ZX",-1.6934092166931078e-09
training,2.0,1.0,18.0,C,"YY,ZY",3.747776565104519e-10
training,2.0,1.0,18.0,C,"YY,ZZ",6.80618854461898e-11
training,2.0,1.0,18.0,C,"YZ,ZI",-5.731276086530716e-10
training,2.0,1.0,18.0,C,"YZ,ZX",3.219872551831981e-09
training,2.0,1.0,18.0,C,"YZ,ZY",3.781342054255156e-10
training,2.0,1.0,18.0,C,"YZ,ZZ",5.132998094352601e-10
training,2.0,1.0,18.0,C,"ZI,ZX",-4.834857821518865e-09
training,2.0,1.0,18.0,C,"ZI,ZY",-1.650706278131023e-09
training,2.0,1.0,18.0,C,"ZI,ZZ",-5.81332258715283e-09
training,2.0,1.0,18.0,C,"ZX,ZY",-9.779175772178163e-10
training,2.0,1.0,18.0,C,"ZX,ZZ",1.9218777328641625e-09
training,2.0,1.0,18.0,C,"ZY,ZZ",-1.984252106553306e-10
training,2.0,1.0,18.0,A,"IX,IY",9.003453697837533e-09
training,2.0,1.0,18.0,A,"IX,IZ",-2.467627723473563e-09
training,2.0,1.0,18.0,A,"IX,XI",1.1218883600713214e-08
training,2.0,1.0,18.0,A,"IX,XX",3.812903315574647e-09
training,2.0,1.0,18.0,A,"IX,XY",-5.516236859221646e-09
training,2.0,1.0,18.0,A,"IX,XZ",9.207040217050265e-10
training,2.0,1.0,18.0,A,"IX,YI",8.514870787388615e-09
training,2.0,1.0,18.0,A,"IX,YX",-4.7409156253324e-09
training,2.0,1.0,18.0,A,"IX,YY",-2.4718454715356945e-09
training,2.0,1.0,18.0,A,"IX,YZ",6.882643347491372e-09
training,2.0,1.0,18.0,A,"IX,ZI",-2.324968893633796e-09
training,2.0,1.0,18.0,A,"IX,ZX",-1.5776600875696456e-09
training,2.0,1.0,18.0,A,"IX,ZY",-7.0466260021222295e-09
training,2.0,1.0,18.0,A,"IX,ZZ",-1.640086255256504e-09
training,2.0,1.0,18.0,A,"IY,IZ",-9.119127945351821e-10
training,2.0,1.0,18.0,A,"IY,XI",-7.84589205514997e-09
training,2.0,1.0,18.0,A,"IY,XX",5.368708113769144e-09
training,2.0,1.0,18.0,A,"IY,XY",4.1328531594216807e-10
training,2.0,1.0,18.0,A,"IY,XZ",1.2739994560608675e-09
training,2.0,1.0,18.0,A,"IY,YI",3.4183118522446966e-09
training,2.0,1.0,18.0,A,"IY,YX",-4.044596248006217e-10
training,2.0,1.0,18.0,A,"IY,YY",2.866639075191639e-09
training,2.0,1.0,18.0,A,"IY,YZ",2.166941248216481e-09
training,2.0,1.0,18.0,A,"IY,ZI",-5.3023445150330745e-09
training,2.0,1.0,18.0,A,"IY,ZX",5.243191380594576e-09
training,2.0,1.0,18.0,A,"IY,ZY",2.1430407230024274e-09
training,2.0,1.0,18.0,A,"IY,ZZ",5.678492545383819e-10
training,2.0,1.0,18.0,A,"IZ,XI",2.3101219750436847e-09
training,2.0,1.0,18.0,A,"IZ,XX",-1.904464369450167e-09
training,2.0,1.0,18.0,A,"IZ,XY",3.9302354437349e-10
training,2.0,1.0,18.0,A,"IZ,XZ",3.2265362730506934e-09
training,2.0,1.0,18.0,A,"IZ,YI",1.5894040480017434e-09
training,2.0,1.0,18.0,A,"IZ,YX",-7.880699801460103e-12
training,2.0,1.0,18.0,A,"IZ,YY",2.7339530716432004e-09
training,2.0,1.0,18.0,A,"IZ,YZ",-1.4785636355525476e-09
training,2.0,1.0,18.0,A,"IZ,ZI",6.001979846235299e-10
training,2.0,1.0,18.0,A,"IZ,ZX",2.778327267855159e-09
training,2.0,1.0,18.0,A,"IZ,ZY",1.841614917913506e-09
training,2.0,1.0,18.0,A,"IZ,ZZ",-2.1175991993164564e-09
training,2.0,1.0,18.0,A,"XI,XX",-5.0105973355233475e-09
training,2.0,1.0,18.0,A,"XI,XY",-6.275146159934224e-09
training,2.0,1.0,18.0,A,"XI,XZ",1.2341045631810192e-10
training,2.0,1.0,18.0,A,"XI,YI",8.688687606206223e-09
training,2.0,1.0,18.0,A,"XI,YX",-3.23458436177027e-09
training,2.0,1.0,18.0,A,"XI,YY",-2.189089914782698e-09
training,2.0,1.0,18.0,A,"XI,YZ",6.352428615511726e-09
training,2.0,1.0,18.0,A,"XI,ZI",-2.6744257322714306e-09
training,2.0,1.0,18.0,A,"XI,ZX",-4.389898876615758e-10
training,2.0,1.0,18.0,A,"XI,ZY",-6.8688633847808375e-09
training,2.0,1.0,18.0,A,"XI,ZZ",-1.8858594831559315e-09
training,2.0,1.0,18.0,A,"XX,XY",2.6396718328983564e-09
training,2.0,1.0,18.0,A,"XX,XZ",-2.069922100529797e-09
training,2.0,1.0,18.0,A,"XX,YI",2.7716976737157855e-09
training,2.0,1.0,18.0,A,"XX,YX",1.7438838223030445e-08
training,2.0,1.0,18.0,A,"XX,YY",-9.595504452506712e-14
training,2.0,1.0,18.0,A,"XX,YZ",-1.5089793147987497e-08
training,2.0,1.0,18.0,A,"XX,ZI",-2.1861004294780319e-10
training,2.0,1.0,18.0,A,"XX,ZX",3.637592156020513e-09
training,2.0,1.0,18.0,A,"XX,ZY",-1.5145284220749595e-09
training,2.0,1.0,18.0,A,"XX,ZZ",4.0934409748282345e-09
training,2.0,1.0,18.0,A,"XY,XZ",-2.328916644417513e-09
training,2.0,1.0,18.0,A,"XY,YI",1.141363734282525e-09
training,2.0,1.0,18.0,A,"XY,YX",1.2955569898342674e-09
training,2.0,1.0,18.0,A,"XY,YY",-2.931081290148717e-09
training,2.0,1.0,18.0,A,"XY,YZ",2.0821670337504942e-09
training,2.0,1.0,18.0,A,"XY,ZI",-2.6548593316686903e-09
training,2.0,1.0,18.0,A,"XY,ZX",1.7541151206925126e-10
training,2.0,1.0,18.0,A,"XY,ZY",-1.7261856980024276e-09
training,2.0,1.0,18.0,A,"XY,ZZ",2.853253254986884e-09
training,2.0,1.0,18.0,A,"XZ,YI",3.400003596092704e-09
training,2.0,1.0,18.0,A,"XZ,YX",-2.5456497552694996e-09
training,2.0,1.0,18.0,A,"XZ,YY",2.6891378305753212e-09
training,2.0,1.0,18.0,A,"XZ,YZ",2.943301486062591e-09
training,2.0,1.0,18.0,A,"XZ,ZI",-3.668898652192187e-09
training,2.0,1.0,18.0,A,"XZ,ZX",3.997446294922995e-09
training,2.0,1.0,18.0,A,"XZ,ZY",2.5279957979867415e-09
training,2.0,1.0,18.0,A,"XZ,ZZ",9.048014835890527e-10
training,2.0,1.0,18.0,A,"YI,YX",8.693301264909577e-10
training,2.0,1.0,18.0,A,"YI,YY",-1.5828513057125207e-09
training,2.0,1.0,18.0,A,"YI,YZ",1.7864090292847438e-09
training,2.0,1.0,18.0,A,"YI,ZI",-5.457196717861146e-10
training,2.0,1.0,18.0,A,"YI,ZX",-2.2557446075974208e-09
training,2.0,1.0,18.0,A,"YI,ZY",-1.8202659182063233e-10
training,2.0,1.0,18.0,A,"YI,ZZ",5.477292365339215e-09
training,2.0,1.0,18.0,A,"YX,YY",2.6000728270735695e-09
training,2.0,1.0,18.0,A,"YX,YZ",-3.223449937043713e-09
training,2.0,1.0,18.0,A,"YX,ZI",2.1821165436652218e-09
training,2.0,1.0,18.0,A,"YX,ZX",3.76359283180828e-09
training,2.0,1.0,18.0,A,"YX,ZY",1.7024343520865495e-09
training,2.0,1.0,18.0,A,"YX,ZZ",-1.4450207675371028e-09
training,2.0,1.0,18.0,A,"YY,YZ",2.235807986818933e-10
training,2.0,1.0,18.0,A,"YY,ZI",2.718944446807215e-09
training,2.0,1.0,18.0,A,"YY,ZX",1.2017209164904942e-09
training,2.0,1.0,18.0,A,"YY,ZY",6.012107617639648e-10
training,2.0,1.0,18.0,A,"YY,ZZ",-5.080654623632752e-10
training,2.0,1.0,18.0,A,"YZ,ZI",-2.0603629311664236e-09
training,2.0,1.0,18.0,A,"YZ,ZX",-1.244396558285327e-09
training,2.0,1.0,18.0,A,"YZ,ZY",-6.813481609086749e-10
training,2.0,1.0,18.0,A,"YZ,ZZ",-1.2040865318043458e-10
training,2.0,1.0,18.0,A,"ZI,ZX",-4.165503693754392e-09
training,2.0,1.0,18.0,A,"ZI,ZY",-1.6576165891822693e-09
training,2.0,1.0,18.0,A,"ZI,ZZ",2.1518563674377313e-09
training,2.0,1.0,18.0,A,"ZX,ZY",9.319661810805477e-10
training,2.0,1.0,18.0,A,"ZX,ZZ",5.9459590024739385e-09
training,2.0,1.0,18.0,A,"ZY,ZZ",4.5688351214020814e-10
training,2.0,2.0,36.0,H,IX,-1.6732086937409958e-08
training,2.0,2.0,36.0,H,IY,-3.498519683489357e-09
training,2.0,2.0,36.0,H,IZ,1.068734154268436e-09
training,2.0,2.0,36.0,H,XI,-6.258100777120767e-09
training,2.0,2.0,36.0,H,XX,-0.0001839491886278122
training,2.0,2.0,36.0,H,XY,9.069333449611769e-09
training,2.0,2.0,36.0,H,XZ,1.2113094116783562e-09
training,2.0,2.0,36.0,H,YI,-7.390657810282529e-09
training,2.0,2.0,36.0,H,YX,-1.6473833124530912e-08
training,2.0,2.0,36.0,H,YY,3.033857243316766e-09
training,2.0,2.0,36.0,H,YZ,-6.112931067056255e-09
training,2.0,2.0,36.0,H,ZI,-1.1816450100016439e-09
training,2.0,2.0,36.0,H,ZX,1.2515868891035623e-09
training,2.0,2.0,36.0,H,ZY,5.534310983402179e-09
training,2.0,2.0,36.0,H,ZZ,-3.702446649230153e-17
training,2.0,2.0,36.0,S,IX,0.0020676891737472893
training,2.0,2.0,36.0,S,IY,-5.6845398275703896e-09
training,2.0,2.0,36.0,S,IZ,3.243383799381161e-10
training,2.0,2.0,36.0,S,XI,0.002067717719777331
training,2.0,2.0,36.0,S,XX,0.0003035361100070808
training,2.0,2.0,36.0,S,XY,3.245859898134279e-09
training,2.0,2.0,36.0,S,XZ,1.561627835724999e-09
training,2.0,2.0,36.0,S,YI,-3.317430283277835e-09
training,2.0,2.0,36.0,S,YX,3.0182694139152533e-09
training,2.0,2.0,36.0,S,YY,1.8541692430561196e-09
training,2.0,2.0,36.0,S,YZ,5.458860471941815e-10
training,2.0,2.0,36.0,S,ZI,-5.7940198378871304e-09
training,2.0,2.0,36.0,S,ZX,-1.2593934734970395e-08
training,2.0,2.0,36.0,S,ZY,-1.733833807321221e-10
training,2.0,2.0,36.0,S,ZZ,1.4340869055153634e-09
training,2.0,2.0,36.0,C,"IX,IY",-6.823549401384325e-10
training,2.0,2.0,36.0,C,"IX,IZ",3.5351893637288468e-09
training,2.0,2.0,36.0,C,"IX,XI",0.002067703355067374
training,2.0,2.0,36.0,C,"IX,XX",-1.7011072349048607e-09
training,2.0,2.0,36.0,C,"IX,XY",1.3834526750616008e-09
training,2.0,2.0,36.0,C,"IX,XZ",1.2466190827344449e-09
training,2.0,2.0,36.0,C,"IX,YI",-1.6195290999096407e-10
training,2.0,2.0,36.0,C,"IX,YX",-8.141661800223927e-10
training,2.0,2.0,36.0,C,"IX,YY",1.5258985853374463e-09
training,2.0,2.0,36.0,C,"IX,YZ",6.142989024428285e-10
training,2.0,2.0,36.0,C,"IX,ZI",-3.4376911157574357e-09
training,2.0,2.0,36.0,C,"IX,ZX",5.50789530764169e-11
training,2.0,2.0,36.0,C,"IX,ZY",-5.14107400649526e-10
training,2.0,2.0,36.0,C,"IX,ZZ",-3.8347421812559395e-10
training,2.0,2.0,36.0,C,"IY,IZ",-3.475005687133618e-09
training,2.0,2.0,36.0,C,"IY,XI",-9.944593668432887e-10
training,2.0,2.0,36.0,C,"IY,XX",1.390607939028089e-09
training,2.0,2.0,36.0,C,"IY,XY",2.829679565307883e-10
training,2.0,2.0,36.0,C,"IY,XZ",-2.470668347128802e-09
training,2.0,2.0,36.0,C,"IY,YI",2.3109549475642317e-10
training,2.0,2.0,36.0,C,"IY,YX",-2.191570183418526e-09
training,2.0,2.0,36.0,C,"IY,YY",3.588540034666574e-09
training,2.0,2.0,36.0,C,"IY,YZ",9.133300315905344e-10
training,2.0,2.0,36.0,C,"IY,ZI",2.3761860641213766e-09
training,2.0,2.0,36.0,C,"IY,ZX",1.37986371644593e-09
training,2.0,2.0,36.0,C,"IY,ZY",1.407700748255385e-09
training,2.0,2.0,36.0,C,"IY,ZZ",-2.7005330489775747e-09
training,2.0,2.0,36.0,C,"IZ,XI",2.80473214759704e-09
training,2.0,2.0,36.0,C,"IZ,XX",-9.433104200855297e-09
training,2.0,2.0,36.0,C,"IZ,XY",-9.043526190904245e-10
training,2.0,2.0,36.0,C,"IZ,XZ",-1.1499877376235076e-09
training,2.0,2.0,36.0,C,"IZ,YI",-3.3666808377464513e-10
training,2.0,2.0,36.0,C,"IZ,YX",1.176657088399872e-09
training,2.0,2.0,36.0,C,"IZ,YY",-4.5970590184402385e-09
training,2.0,2.0,36.0,C,"IZ,YZ",6.241934808465045e-10
training,2.0,2.0,36.0,C,"IZ,ZI",3.6968086493346566e-10
training,2.0,2.0,36.0,C,"IZ,ZX",-2.067474422887661e-09
training,2.0,2.0,36.0,C,"IZ,ZY",1.6763081797036685e-09
training,2.0,2.0,36.0,C,"IZ,ZZ",3.538311690100509e-09
training,2.0,2.0,36.0,C,"XI,XX",5.517513687613069e-09
training,2.0,2.0,36.0,C,"XI,XY",2.9071899260807046e-09
training,2.0,2.0,36.0,C,"XI,XZ",3.0243521788424265e-10
training,2.0,2.0,36.0,C,"XI,YI",3.212416660495736e-09
training,2.0,2.0,36.0,C,"XI,YX",-3.5903296520388954e-09
training,2.0,2.0,36.0,C,"XI,YY",5.349285418788736e-10
training,2.0,2.0,36.0,C,"XI,YZ",2.9118980809415156e-11
training,2.0,2.0,36.0,C,"XI,ZI",-7.454407142295866e-10
training,2.0,2.0,36.0,C,"XI,ZX",1.7137194280231075e-09
training,2.0,2.0,36.0,C,"XI,ZY",-1.2951982788464466e-10
training,2.0,2.0,36.0,C,"XI,ZZ",9.621278632047196e-10
training,2.0,2.0,36.0,C,"XX,XY",1.2480373982173453e-09
training,2.0,2.0,36.0,C,"XX,XZ",3.1343970056986637e-09
training,2.0,2.0,36.0,C,"XX,YI",1.6455937766150115e-09
training,2.0,2.0,36.0,C,"XX,YX",-7.884159446667571e-10
training,2.0,2.0,36.0,C,"XX,YY",-9.787437982839357e-10
training,2.0,2.0,36.0,C,"XX,YZ",-4.325052982240561e-09
training,2.0,2.0,36.0,C,"XX,ZI",1.611864769493643e-08
training,2.0,2.0,36.0,C,"XX,ZX",7.0358704374825225e-09
training,2.0,2.0,36.0,C,"XX,ZY",6.772737185901353e-10
training,2.0,2.0,36.0,C,"XX,ZZ",1.320820583310821e-09
training,2.0,2.0,36.0,C,"XY,XZ",-3.5454310807872386e-09
training,2.0,2.0,36.0,C,"XY,YI",1.6742742262495667e-09
training,2.0,2.0,36.0,C,"XY,YX",1.1768621910379558e-09
training,2.0,2.0,36.0,C,"XY,YY",4.43654726021976e-09
training,2.0,2.0,36.0,C,"XY,YZ",-1.6376418945355637e-09
training,2.0,2.0,36.0,C,"XY,ZI",-2.1185409059777413e-09
training,2.0,2.0,36.0,C,"XY,ZX",2.324527540675186e-09
training,2.0,2.0,36.0,C,"XY,ZY",-1.6642015727191187e-09
training,2.0,2.0,36.0,C,"XY,ZZ",-3.187679381891404e-09
training,2.0,2.0,36.0,C,"XZ,YI",-1.6655373371005022e-09
training,2.0,2.0,36.0,C,"XZ,YX",-2.708128859777649e-09
training,2.0,2.0,36.0,C,"XZ,YY",3.894919923766006e-09
training,2.0,2.0,36.0,C,"XZ,YZ",2.0561840116632734e-09
training,2.0,2.0,36.0,C,"XZ,ZI",2.392977256096125e-09
training,2.0,2.0,36.0,C,"XZ,ZX",4.436092741740509e-10
training,2.0,2.0,36.0,C,"XZ,ZY",1.0692572798526818e-09
training,2.0,2.0,36.0,C,"XZ,ZZ",-3.2435783636915398e-09
training,2.0,2.0,36.0,C,"YI,YX",5.319509830858429e-09
training,2.0,2.0,36.0,C,"YI,YY",-1.2857482058423395e-09
training,2.0,2.0,36.0,C,"YI,YZ",1.9199994741299775e-10
training,2.0,2.0,36.0,C,"YI,ZI",-9.08479920769631e-09
training,2.0,2.0,36.0,C,"YI,ZX",-7.462012917207279e-09
training,2.0,2.0,36.0,C,"YI,ZY",-1.1559854112822948e-09
training,2.0,2.0,36.0,C,"YI,ZZ",7.465805896026602e-10
training,2.0,2.0,36.0,C,"YX,YY",-3.619218857825201e-09
training,2.0,2.0,36.0,C,"YX,YZ",1.5717219698867384e-10
training,2.0,2.0,36.0,C,"YX,ZI",1.3711070696879521e-09
training,2.0,2.0,36.0,C,"YX,ZX",-1.7212026742023698e-09
training,2.0,2.0,36.0,C,"YX,ZY",1.5956149910040663e-10
training,2.0,2.0,36.0,C,"YX,ZZ",3.322593856017871e-09
training,2.0,2.0,36.0,C,"YY,YZ",-3.615171962048409e-10
training,2.0,2.0,36.0,C,"YY,ZI",3.2899196106104066e-09
training,2.0,2.0,36.0,C,"YY,ZX",-3.4765079732532367e-10
training,2.0,2.0,36.0,C,"YY,ZY",-8.481418161643302e-10
training,2.0,2.0,36.0,C,"YY,ZZ",-1.6933375753024407e-09
training,2.0,2.0,36.0,C,"YZ,ZI",4.838011924601332e-10
training,2.0,2.0,36.0,C,"YZ,ZX",1.1023844846551568e-09
training,2.0,2.0,36.0,C,"YZ,ZY",2.449477560888258e-10
training,2.0,2.0,36.0,C,"YZ,ZZ",-1.1639889552276788e-10
training,2.0,2.0,36.0,C,"ZI,ZX",-3.307677766169259e-09
training,2.0,2.0,36.0,C,"ZI,ZY",-9.595781220915655e-10
training,2.0,2.0,36.0,C,"ZI,ZZ",-3.426861257261747e-09
training,2.0,2.0,36.0,C,"ZX,ZY",-1.0384461597260956e-09
training,2.0,2.0,36.0,C,"ZX,ZZ",8.5980677239762e-10
training,2.0,2.0,36.0,C,"ZY,ZZ",6.140838542571562e-10
training,2.0,2.0,36.0,A,"IX,IY",5.887158129833548e-11
training,2.0,2.0,36.0,A,"IX,IZ",4.244052811580522e-10
training,2.0,2.0,36.0,A,"IX,XI",1.4748095269227432e-08
training,2.0,2.0,36.0,A,"IX,XX",-5.711134527633025e-09
training,2.0,2.0,36.0,A,"IX,XY",-2.8420248835562652e-09
training,2.0,2.0,36.0,A,"IX,XZ",1.0485581064090328e-09
training,2.0,2.0,36.0,A,"IX,YI",-1.5392245587975662e-09
training,2.0,2.0,36.0,A,"IX,YX",-5.205041821696749e-10
training,2.0,2.0,36.0,A,"IX,YY",-1.2420627686376036e-09
training,2.0,2.0,36.0,A,"IX,YZ",5.667458722784648e-09
training,2.0,2.0,36.0,A,"IX,ZI",2.585046551886265e-09
training,2.0,2.0,36.0,A,"IX,ZX",-3.1928690492368408e-09
training,2.0,2.0,36.0,A,"IX,ZY",-6.221442152214822e-09
training,2.0,2.0,36.0,A,"IX,ZZ",-1.4405301854764774e-09
training,2.0,2.0,36.0,A,"IY,IZ",3.476214457246373e-09
training,2.0,2.0,36.0,A,"IY,XI",1.1815523804484082e-09
training,2.0,2.0,36.0,A,"IY,XX",3.020025439593781e-09
training,2.0,2.0,36.0,A,"IY,XY",-2.7040447192613443e-09
training,2.0,2.0,36.0,A,"IY,XZ",-2.537347936360651e-09
training,2.0,2.0,36.0,A,"IY,YI",1.8548032180563507e-09
training,2.0,2.0,36.0,A,"IY,YX",1.0547933156037773e-09
training,2.0,2.0,36.0,A,"IY,YY",2.776626219338346e-09
training,2.0,2.0,36.0,A,"IY,YZ",-3.3526355763982383e-10
training,2.0,2.0,36.0,A,"IY,ZI",-1.990886678512834e-09
training,2.0,2.0,36.0,A,"IY,ZX",2.4774093941374606e-09
training,2.0,2.0,36.0,A,"IY,ZY",-7.612346727392164e-10
training,2.0,2.0,36.0,A,"IY,ZZ",-1.768356437983524e-09
training,2.0,2.0,36.0,A,"IZ,XI",-1.7804131803984026e-09
training,2.0,2.0,36.0,A,"IZ,XX",-1.1905990653761503e-09
training,2.0,2.0,36.0,A,"IZ,XY",-4.638127082921828e-09
training,2.0,2.0,36.0,A,"IZ,XZ",7.598889377154535e-10
training,2.0,2.0,36.0,A,"IZ,YI",-9.974239076742402e-10
training,2.0,2.0,36.0,A,"IZ,YX",-2.4175476530295567e-10
training,2.0,2.0,36.0,A,"IZ,YY",3.701019651415529e-09
training,2.0,2.0,36.0,A,"IZ,YZ",2.1849837875763825e-09
training,2.0,2.0,36.0,A,"IZ,ZI",1.1583355369992168e-09
training,2.0,2.0,36.0,A,"IZ,ZX",1.2772363924954927e-09
training,2.0,2.0,36.0,A,"IZ,ZY",1.170876540826913e-09
training,2.0,2.0,36.0,A,"IZ,ZZ",-3.2788992588686787e-09
training,2.0,2.0,36.0,A,"XI,XX",-1.6184829126966028e-08
training,2.0,2.0,36.0,A,"XI,XY",-3.8898499557481705e-09
training,2.0,2.0,36.0,A,"XI,XZ",-4.347703954373895e-11
training,2.0,2.0,36.0,A,"XI,YI",8.174617317878213e-10
training,2.0,2.0,36.0,A,"XI,YX",3.305648415192568e-09
training,2.0,2.0,36.0,A,"XI,YY",-2.405832791418509e-09
training,2.0,2.0,36.0,A,"XI,YZ",5.47770358991012e-09
training,2.0,2.0,36.0,A,"XI,ZI",5.12454502041072e-10
training,2.0,2.0,36.0,A,"XI,ZX",-5.14770540822428e-10
training,2.0,2.0,36.0,A,"XI,ZY",-5.927361027565658e-09
training,2.0,2.0,36.0,A,"XI,ZZ",-9.786759152234966e-10
training,2.0,2.0,36.0,A,"XX,XY",3.882265942113218e-09
training,2.0,2.0,36.0,A,"XX,XZ",-6.8021004139241836e-09
training,2.0,2.0,36.0,A,"XX,YI",1.0438881563048658e-08
training,2.0,2.0,36.0,A,"XX,YX",9.592649926773144e-09
training,2.0,2.0,36.0,A,"XX,YY",-5.936310391970684e-14
training,2.0,2.0,36.0,A,"XX,YZ",-4.793200417153054e-09
training,2.0,2.0,36.0,A,"XX,ZI",-3.9033000792538305e-09
training,2.0,2.0,36.0,A,"XX,ZX",3.612221636850228e-09
training,2.0,2.0,36.0,A,"XX,ZY",6.8536581326083365e-09
training,2.0,2.0,36.0,A,"XX,ZZ",3.0336539106425887e-09
training,2.0,2.0,36.0,A,"XY,XZ",-1.6600522656145757e-09
training,2.0,2.0,36.0,A,"XY,YI",-4.2347042303991625e-10
training,2.0,2.0,36.0,A,"XY,YX",1.462362036673334e-09
training,2.0,2.0,36.0,A,"XY,YY",-5.033401615466357e-09
training,2.0,2.0,36.0,A,"XY,YZ",-1.5433747300275069e-09
training,2.0,2.0,36.0,A,"XY,ZI",-1.9489769881672284e-09
training,2.0,2.0,36.0,A,"XY,ZX",-2.245757786180898e-09
training,2.0,2.0,36.0,A,"XY,ZY",-7.656148076845573e-10
training,2.0,2.0,36.0,A,"XY,ZZ",4.500380853826257e-09
training,2.0,2.0,36.0,A,"XZ,YI",2.3562524395360585e-09
training,2.0,2.0,36.0,A,"XZ,YX",-1.2506046006416006e-09
training,2.0,2.0,36.0,A,"XZ,YY",3.6953800846270184e-09
training,2.0,2.0,36.0,A,"XZ,YZ",-7.684459653907712e-10
training,2.0,2.0,36.0,A,"XZ,ZI",-2.346474477757915e-10
training,2.0,2.0,36.0,A,"XZ,ZX",2.534590643956384e-09
training,2.0,2.0,36.0,A,"XZ,ZY",-1.3584288692218972e-09
training,2.0,2.0,36.0,A,"XZ,ZZ",-2.6694686103881348e-09
training,2.0,2.0,36.0,A,"YI,YX",-7.173802541122812e-10
training,2.0,2.0,36.0,A,"YI,YY",-2.098426552665343e-09
training,2.0,2.0,36.0,A,"YI,YZ",7.044573947376193e-10
training,2.0,2.0,36.0,A,"YI,ZI",2.509243383673703e-09
training,2.0,2.0,36.0,A,"YI,ZX",-5.769956478753058e-09
training,2.0,2.0,36.0,A,"YI,ZY",1.210758186671325e-10
training,2.0,2.0,36.0,A,"YI,ZZ",2.6211868521706724e-09
training,2.0,2.0,36.0,A,"YX,YY",2.3921007599618543e-09
training,2.0,2.0,36.0,A,"YX,YZ",-1.800053439831729e-10
training,2.0,2.0,36.0,A,"YX,ZI",5.55977625580923e-09
training,2.0,2.0,36.0,A,"YX,ZX",7.682041420790343e-09
training,2.0,2.0,36.0,A,"YX,ZY",7.74733618926237e-10
training,2.0,2.0,36.0,A,"YX,ZZ",-2.654724997936008e-09
training,2.0,2.0,36.0,A,"YY,YZ",-1.4227017503444734e-09
training,2.0,2.0,36.0,A,"YY,ZI",1.8455700944120644e-09
training,2.0,2.0,36.0,A,"YY,ZX",1.5695294099726494e-09
training,2.0,2.0,36.0,A,"YY,ZY",5.438983330908035e-10
training,2.0,2.0,36.0,A,"YY,ZZ",5.303749361421886e-10
training,2.0,2.0,36.0,A,"YZ,ZI",-5.931630408217044e-10
training,2.0,2.0,36.0,A,"YZ,ZX",7.742195434648994e-11
training,2.0,2.0,36.0,A,"YZ,ZY",-2.740691629128959e-10
training,2.0,2.0,36.0,A,"YZ,ZZ",-1.4104485025414547e-09
training,2.0,2.0,36.0,A,"ZI,ZX",-9.625904617336447e-09
training,2.0,2.0,36.0,A,"ZI,ZY",-5.589082042912951e-10
training,2.0,2.0,36.0,A,"ZI,ZZ",2.8668646438978274e-09
training,2.0,2.0,36.0,A,"ZX,ZY",1.1473579022060715e-09
training,2.0,2.0,36.0,A,"ZX,ZZ",3.0418541403013932e-09
training,2.0,2.0,36.0,A,"ZY,ZZ",4.080258192362239e-10
training,2.0,4.0,72.0,H,IX,-2.0135128409523598e-08
training,2.0,4.0,72.0,H,IY,-2.208270686086594e-10
training,2.0,4.0,72.0,H,IZ,5.531087821155176e-10
training,2.0,4.0,72.0,H,XI,-3.7231393090914307e-09
training,2.0,4.0,72.0,H,XX,-0.0003591973845669029
training,2.0,4.0,72.0,H,XY,2.735591749555509e-09
training,2.0,4.0,72.0,H,XZ,8.145108897723286e-10
training,2.0,4.0,72.0,H,YI,-8.566393981602526e-09
training,2.0,4.0,72.0,H,YX,-8.025073868309096e-09
training,2.0,4.0,72.0,H,YY,1.2227635149867106e-09
training,2.0,4.0,72.0,H,YZ,-3.3903526913470448e-09
training,2.0,4.0,72.0,H,ZI,-2.903577020837935e-10
training,2.0,4.0,72.0,H,ZX,5.052553592122306e-10
training,2.0,4.0,72.0,H,ZY,8.784093795477469e-10
training,2.0,4.0,72.0,H,ZZ,5.108115700571702e-16
training,2.0,4.0,72.0,S,IX,0.004096645999010851
training,2.0,4.0,72.0,S,IY,-1.1103815176355392e-10
training,2.0,4.0,72.0,S,IZ,-2.3343577318542252e-09
training,2.0,4.0,72.0,S,XI,0.004096659821103309
training,2.0,4.0,72.0,S,XX,0.0006311560873849958
training,2.0,4.0,72.0,S,XY,4.813417711288515e-10
training,2.0,4.0,72.0,S,XZ,3.406750252938403e-09
training,2.0,4.0,72.0,S,YI,-5.5599256197289004e-09
training,2.0,4.0,72.0,S,YX,-8.821615193974758e-10
training,2.0,4.0,72.0,S,YY,-4.79176973273987e-10
training,2.0,4.0,72.0,S,YZ,2.0742834186404657e-10
training,2.0,4.0,72.0,S,ZI,-7.602260003534544e-09
training,2.0,4.0,72.0,S,ZX,-1.2138521903772015e-08
training,2.0,4.0,72.0,S,ZY,6.790086093215464e-11
training,2.0,4.0,72.0,S,ZZ,-6.130057176928147e-11
training,2.0,4.0,72.0,C,"IX,IY",5.188758098460877e-10
training,2.0,4.0,72.0,C,"IX,IZ",3.238920426032887e-10
training,2.0,4.0,72.0,C,"IX,XI",0.0040966530408718255
training,2.0,4.0,72.0,C,"IX,XX",-6.990395161349296e-09
training,2.0,4.0,72.0,C,"IX,XY",-5.669993387438176e-10
training,2.0,4.0,72.0,C,"IX,XZ",1.5353684247648158e-09
training,2.0,4.0,72.0,C,"IX,YI",4.08859256618911e-10
training,2.0,4.0,72.0,C,"IX,YX",2.931556774311096e-09
training,2.0,4.0,72.0,C,"IX,YY",1.4608471561369379e-09
training,2.0,4.0,72.0,C,"IX,YZ",2.1310948182478177e-10
training,2.0,4.0,72.0,C,"IX,ZI",-5.250432977225921e-10
training,2.0,4.0,72.0,C,"IX,ZX",5.085187420983425e-10
training,2.0,4.0,72.0,C,"IX,ZY",-3.921888727694226e-10
training,2.0,4.0,72.0,C,"IX,ZZ",8.692544764011155e-10
training,2.0,4.0,72.0,C,"IY,IZ",1.202204039297184e-09
training,2.0,4.0,72.0,C,"IY,XI",-2.522488042159401e-10
training,2.0,4.0,72.0,C,"IY,XX",3.8774853307514934e-10
training,2.0,4.0,72.0,C,"IY,XY",-3.955917699245e-10
training,2.0,4.0,72.0,C,"IY,XZ",1.3771904065827505e-09
training,2.0,4.0,72.0,C,"IY,YI",-1.446972122472823e-10
training,2.0,4.0,72.0,C,"IY,YX",-1.529686508551445e-09
training,2.0,4.0,72.0,C,"IY,YY",2.8996497272936295e-09
training,2.0,4.0,72.0,C,"IY,YZ",1.964025649396541e-09
training,2.0,4.0,72.0,C,"IY,ZI",1.1766430104566504e-09
training,2.0,4.0,72.0,C,"IY,ZX",9.24528064703853e-10
training,2.0,4.0,72.0,C,"IY,ZY",1.2116278338273659e-09
training,2.0,4.0,72.0,C,"IY,ZZ",-1.0661356540106614e-09
training,2.0,4.0,72.0,C,"IZ,XI",-8.099152800694684e-10
training,2.0,4.0,72.0,C,"IZ,XX",-2.739687172189227e-09
training,2.0,4.0,72.0,C,"IZ,XY",1.6425514016689489e-09
training,2.0,4.0,72.0,C,"IZ,XZ",4.4804460936038145e-10
training,2.0,4.0,72.0,C,"IZ,YI",3.710372549339437e-10
training,2.0,4.0,72.0,C,"IZ,YX",-1.7916660524958253e-10
training,2.0,4.0,72.0,C,"IZ,YY",-1.169693977551558e-09
training,2.0,4.0,72.0,C,"IZ,YZ",4.6060157129384904e-11
training,2.0,4.0,72.0,C,"IZ,ZI",5.707559746816819e-10
training,2.0,4.0,72.0,C,"IZ,ZX",-7.945196122739936e-10
training,2.0,4.0,72.0,C,"IZ,ZY",1.255381215994762e-09
training,2.0,4.0,72.0,C,"IZ,ZZ",1.475542787202209e-09
training,2.0,4.0,72.0,C,"XI,XX",7.594458794130243e-09
training,2.0,4.0,72.0,C,"XI,XY",6.502924628505782e-11
training,2.0,4.0,72.0,C,"XI,XZ",9.940234424280421e-10
training,2.0,4.0,72.0,C,"XI,YI",2.6469183789746902e-09
training,2.0,4.0,72.0,C,"XI,YX",-7.010628043415581e-10
training,2.0,4.0,72.0,C,"XI,YY",9.990148057410712e-10
training,2.0,4.0,72.0,C,"XI,YZ",-5.690442990960039e-12
training,2.0,4.0,72.0,C,"XI,ZI",3.0694492472028864e-09
training,2.0,4.0,72.0,C,"XI,ZX",1.9597555377264898e-09
training,2.0,4.0,72.0,C,"XI,ZY",1.8466337786891972e-10
training,2.0,4.0,72.0,C,"XI,ZZ",1.642688134706785e-09
training,2.0,4.0,72.0,C,"XX,XY",1.2632558437685418e-10
training,2.0,4.0,72.0,C,"XX,XZ",2.1655689943217292e-10
training,2.0,4.0,72.0,C,"XX,YI",-1.648170444351156e-10
training,2.0,4.0,72.0,C,"XX,YX",-9.61112010437197e-10
training,2.0,4.0,72.0,C,"XX,YY",-2.3492030006402323e-09
training,2.0,4.0,72.0,C,"XX,YZ",-1.861528700443628e-09
training,2.0,4.0,72.0,C,"XX,ZI",8.00982942133027e-09
training,2.0,4.0,72.0,C,"XX,ZX",8.551234398826367e-09
training,2.0,4.0,72.0,C,"XX,ZY",2.9135635703888855e-10
training,2.0,4.0,72.0,C,"XX,ZZ",-1.4360718883239044e-10
training,2.0,4.0,72.0,C,"XY,XZ",1.484752190124122e-09
training,2.0,4.0,72.0,C,"XY,YI",-1.7286636992340928e-10
training,2.0,4.0,72.0,C,"XY,YX",1.598063556211783e-09
training,2.0,4.0,72.0,C,"XY,YY",2.0487409107824163e-09
training,2.0,4.0,72.0,C,"XY,YZ",1.106670942712112e-10
training,2.0,4.0,72.0,C,"XY,ZI",-1.2147597602065336e-09
training,2.0,4.0,72.0,C,"XY,ZX",7.646733432995877e-10
training,2.0,4.0,72.0,C,"XY,ZY",-1.915984202793157e-09
training,2.0,4.0,72.0,C,"XY,ZZ",-2.5214904298174845e-09
training,2.0,4.0,72.0,C,"XZ,YI",-1.1547816128127375e-09
training,2.0,4.0,72.0,C,"XZ,YX",-1.0211759856779808e-09
training,2.0,4.0,72.0,C,"XZ,YY",3.1388635408718315e-09
training,2.0,4.0,72.0,C,"XZ,YZ",1.9564254716903675e-09
training,2.0,4.0,72.0,C,"XZ,ZI",5.830318426933366e-10
training,2.0,4.0,72.0,C,"XZ,ZX",1.1081717080233727e-10
training,2.0,4.0,72.0,C,"XZ,ZY",1.9157180098739314e-10
training,2.0,4.0,72.0,C,"XZ,ZZ",-1.7663652042647858e-09
training,2.0,4.0,72.0,C,"YI,YX",5.093049623873103e-09
training,2.0,4.0,72.0,C,"YI,YY",3.1404194350794434e-10
training,2.0,4.0,72.0,C,"YI,YZ",5.850600711659598e-10
training,2.0,4.0,72.0,C,"YI,ZI",-8.877514154477262e-09
training,2.0,4.0,72.0,C,"YI,ZX",-7.907812288485366e-09
training,2.0,4.0,72.0,C,"YI,ZY",-8.74513786584075e-10
training,2.0,4.0,72.0,C,"YI,ZZ",-4.79247330047935e-10
training,2.0,4.0,72.0,C,"YX,YY",-8.626766364589122e-10
training,2.0,4.0,72.0,C,"YX,YZ",-7.179111536144258e-10
training,2.0,4.0,72.0,C,"YX,ZI",4.166525204319922e-09
training,2.0,4.0,72.0,C,"YX,ZX",-1.646467553200874e-09
training,2.0,4.0,72.0,C,"YX,ZY",-8.326131473119127e-11
training,2.0,4.0,72.0,C,"YX,ZZ",1.299357155445632e-09
training,2.0,4.0,72.0,C,"YY,YZ",-5.711198894806407e-11
training,2.0,4.0,72.0,C,"YY,ZI",9.417069832297451e-10
training,2.0,4.0,72.0,C,"YY,ZX",-5.215914604274943e-12
training,2.0,4.0,72.0,C,"YY,ZY",-5.935893109664355e-10
training,2.0,4.0,72.0,C,"YY,ZZ",1.9691073207747656e-10
training,2.0,4.0,72.0,C,"YZ,ZI",7.993679620549529e-10
training,2.0,4.0,72.0,C,"YZ,ZX",1.480666666642205e-09
training,2.0,4.0,72.0,C,"YZ,ZY",1.1239648534805413e-10
training,2.0,4.0,72.0,C,"YZ,ZZ",1.324290449834321e-10
training,2.0,4.0,72.0,C,"ZI,ZX",-3.6635757279606136e-09
training,2.0,4.0,72.0,C,"ZI,ZY",-9.681360505978112e-10
training,2.0,4.0,72.0,C,"ZI,ZZ",-1.7812571807724779e-09
training,2.0,4.0,72.0,C,"ZX,ZY",-5.957436772161273e-10
training,2.0,4.0,72.0,C,"ZX,ZZ",8.272104237785146e-10
training,2.0,4.0,72.0,C,"ZY,ZZ",5.603623682009375e-10
training,2.0,4.0,72.0,A,"IX,IY",-7.66518719781687e-10
training,2.0,4.0,72.0,A,"IX,IZ",-1.2664301572849157e-09
training,2.0,4.0,72.0,A,"IX,XI",1.072839090115118e-08
training,2.0,4.0,72.0,A,"IX,XX",-4.82540805602194e-09
training,2.0,4.0,72.0,A,"IX,XY",5.518649496844992e-10
training,2.0,4.0,72.0,A,"IX,XZ",-2.1927929832447332e-11
training,2.0,4.0,72.0,A,"IX,YI",-2.601288942246971e-09
training,2.0,4.0,72.0,A,"IX,YX",-2.2043912171953868e-09
training,2.0,4.0,72.0,A,"IX,YY",-7.517997875969946e-10
training,2.0,4.0,72.0,A,"IX,YZ",2.2840494353742796e-09
training,2.0,4.0,72.0,A,"IX,ZI",3.7772128007334045e-09
training,2.0,4.0,72.0,A,"IX,ZX",-3.58864317513245e-09
training,2.0,4.0,72.0,A,"IX,ZY",-2.4192916291786405e-09
training,2.0,4.0,72.0,A,"IX,ZZ",-3.517664389308403e-10
training,2.0,4.0,72.0,A,"IY,IZ",2.0612019460587558e-09
training,2.0,4.0,72.0,A,"IY,XI",1.4765238724460734e-09
training,2.0,4.0,72.0,A,"IY,XX",-4.1030468412414607e-10
training,2.0,4.0,72.0,A,"IY,XY",1.3799229381692952e-10
training,2.0,4.0,72.0,A,"IY,XZ",1.9462980012374675e-09
training,2.0,4.0,72.0,A,"IY,YI",3.7318912381045815e-10
training,2.0,4.0,72.0,A,"IY,YX",8.635445788338464e-10
training,2.0,4.0,72.0,A,"IY,YY",2.3043575966449597e-09
training,2.0,4.0,72.0,A,"IY,YZ",4.0777957919570727e-10
training,2.0,4.0,72.0,A,"IY,ZI",-7.909847062845915e-10
training,2.0,4.0,72.0,A,"IY,ZX",1.5226817679442378e-09
training,2.0,4.0,72.0,A,"IY,ZY",-1.6604928314128132e-09
training,2.0,4.0,72.0,A,"IY,ZZ",-2.4597274953346895e-09
training,2.0,4.0,72.0,A,"IZ,XI",8.041303238048102e-10
training,2.0,4.0,72.0,A,"IZ,XX",2.4789818304132205e-10
training,2.0,4.0,72.0,A,"IZ,XY",1.2472939738342181e-09
training,2.0,4.0,72.0,A,"IZ,XZ",2.350436626456237e-10
training,2.0,4.0,72.0,A,"IZ,YI",-4.800097981287344e-10
training,2.0,4.0,72.0,A,"IZ,YX",-3.3425207333650484e-10
training,2.0,4.0,72.0,A,"IZ,YY",3.0958108004895562e-09
training,2.0,4.0,72.0,A,"IZ,YZ",1.3695049408298416e-09
training,2.0,4.0,72.0,A,"IZ,ZI",8.442419984916508e-10
training,2.0,4.0,72.0,A,"IZ,ZX",8.420418554348562e-10
training,2.0,4.0,72.0,A,"IZ,ZY",4.726270014865374e-10
training,2.0,4.0,72.0,A,"IZ,ZZ",-1.8834528582991517e-09
training,2.0,4.0,72.0,A,"XI,XX",-2.123704812900433e-08
training,2.0,4.0,72.0,A,"XI,XY",-1.7954122596907332e-10
training,2.0,4.0,72.0,A,"XI,XZ",-9.55704785190037e-10
training,2.0,4.0,72.0,A,"XI,YI",2.1841577695351156e-10
training,2.0,4.0,72.0,A,"XI,YX",6.65060763813374e-11
training,2.0,4.0,72.0,A,"XI,YY",-8.183419506319581e-10
training,2.0,4.0,72.0,A,"XI,YZ",1.7566495739610994e-09
training,2.0,4.0,72.0,A,"XI,ZI",2.559178508296338e-09
training,2.0,4.0,72.0,A,"XI,ZX",-1.788285789033963e-10
training,2.0,4.0,72.0,A,"XI,ZY",-2.0771379245224966e-09
training,2.0,4.0,72.0,A,"XI,ZZ",-5.230002210337916e-10
training,2.0,4.0,72.0,A,"XX,XY",-8.984699311625083e-10
training,2.0,4.0,72.0,A,"XX,XZ",8.220861710709841e-10
training,2.0,4.0,72.0,A,"XX,YI",8.142908045479228e-09
training,2.0,4.0,72.0,A,"XX,YX",1.3401696772021672e-08
training,2.0,4.0,72.0,A,"XX,YY",-4.673977681857448e-14
training,2.0,4.0,72.0,A,"XX,YZ",-9.044998655549861e-10
training,2.0,4.0,72.0,A,"XX,ZI",-1.999696504614152e-09
training,2.0,4.0,72.0,A,"XX,ZX",-8.204633607440403e-10
training,2.0,4.0,72.0,A,"XX,ZY",3.364081549880473e-09
training,2.0,4.0,72.0,A,"XX,ZZ",1.2226264860150128e-09
training,2.0,4.0,72.0,A,"XY,XZ",-1.6903597716287016e-09
training,2.0,4.0,72.0,A,"XY,YI",-2.8054615530663333e-10
training,2.0,4.0,72.0,A,"XY,YX",4.4964792577946145e-10
training,2.0,4.0,72.0,A,"XY,YY",-3.1647547361110313e-09
training,2.0,4.0,72.0,A,"XY,YZ",-1.8778635086273592e-09
training,2.0,4.0,72.0,A,"XY,ZI",-2.8786651934003247e-10
training,2.0,4.0,72.0,A,"XY,ZX",-1.3217359339095305e-09
training,2.0,4.0,72.0,A,"XY,ZY",-8.481835281226119e-10
training,2.0,4.0,72.0,A,"XY,ZZ",1.4530003144683831e-09
training,2.0,4.0,72.0,A,"XZ,YI",2.896228984636925e-10
training,2.0,4.0,72.0,A,"XZ,YX",4.481947348001162e-11
training,2.0,4.0,72.0,A,"XZ,YY",1.4221160267119159e-09
training,2.0,4.0,72.0,A,"XZ,YZ",-2.901926530696191e-10
training,2.0,4.0,72.0,A,"XZ,ZI",1.1182948536029082e-10
training,2.0,4.0,72.0,A,"XZ,ZX",6.016704517595517e-10
training,2.0,4.0,72.0,A,"XZ,ZY",-1.5844888241082309e-09
training,2.0,4.0,72.0,A,"XZ,ZZ",-1.9510209822622033e-09
training,2.0,4.0,72.0,A,"YI,YX",-3.6946114481336965e-09
training,2.0,4.0,72.0,A,"YI,YY",-5.608252306438244e-10
training,2.0,4.0,72.0,A,"YI,YZ",4.1463242295091133e-10
training,2.0,4.0,72.0,A,"YI,ZI",4.6266753923783775e-09
training,2.0,4.0,72.0,A,"YI,ZX",-5.707185593041564e-09
training,2.0,4.0,72.0,A,"YI,ZY",-5.768255408354448e-11
training,2.0,4.0,72.0,A,"YI,ZZ",1.5753808794470318e-09
training,2.0,4.0,72.0,A,"YX,YY",-2.441801592991828e-10
training,2.0,4.0,72.0,A,"YX,YZ",-1.015635263478122e-09
training,2.0,4.0,72.0,A,"YX,ZI",5.480242480518718e-09
training,2.0,4.0,72.0,A,"YX,ZX",7.81520340715738e-09
training,2.0,4.0,72.0,A,"YX,ZY",4.881978764775604e-10
training,2.0,4.0,72.0,A,"YX,ZZ",-3.974533726407765e-10
training,2.0,4.0,72.0,A,"YY,YZ",-5.813602526258983e-10
training,2.0,4.0,72.0,A,"YY,ZI",5.050632347656537e-10
training,2.0,4.0,72.0,A,"YY,ZX",5.207257021488419e-10
training,2.0,4.0,72.0,A,"YY,ZY",1.780073752334166e-10
training,2.0,4.0,72.0,A,"YY,ZZ",-3.564742296648365e-10
training,2.0,4.0,72.0,A,"YZ,ZI",-1.2693603419771152e-09
training,2.0,4.0,72.0,A,"YZ,ZX",9.925093180867735e-12
training,2.0,4.0,72.0,A,"YZ,ZY",-2.9150220896779957e-10
training,2.0,4.0,72.0,A,"YZ,ZZ",-7.65953745401237e-10
training,2.0,4.0,72.0,A,"ZI,ZX",-9.684661350079392e-09
training,2.0,4.0,72.0,A,"ZI,ZY",-4.2147931740954645e-11
training,2.0,4.0,72.0,A,"ZI,ZZ",1.7236963012406888e-09
training,2.0,4.0,72.0,A,"ZX,ZY",9.393591309734787e-10
training,2.0,4.0,72.0,A,"ZX,ZZ",1.98216789546967e-09
training,2.0,4.0,72.0,A,"ZY,ZZ",4.07012608712492e-10
validation,2.0,0.25,4.5,H,IX,-1.8318632424177816e-08
validation,2.0,0.25,4.5,H,IY,-3.5201144497853755e-09
validation,2.0,0.25,4.5,H,IZ,1.3901720900407949e-09
validation,2.0,0.25,4.5,H,XI,5.595988157629485e-09
validation,2.0,0.25,4.5,H,XX,-2.3488460627152194e-05
validation,2.0,0.25,4.5,H,XY,4.775964991296774e-09
validation,2.0,0.25,4.5,H,XZ,9.216388811404601e-10
validation,2.0,0.25,4.5,H,YI,-1.00799283477252e-08
validation,2.0,0.25,4.5,H,YX,-1.3498874508497787e-08
validation,2.0,0.25,4.5,H,YY,5.163143205355453e-10
validation,2.0,0.25,4.5,H,YZ,-1.7612416458491582e-09
validation,2.0,0.25,4.5,H,ZI,-1.3253125765643574e-09
validation,2.0,0.25,4.5,H,ZX,-4.959669949447587e-10
validation,2.0,0.25,4.5,H,ZY,1.1702682322409759e-08
validation,2.0,0.25,4.5,H,ZZ,-6.67217195350436e-16
validation,2.0,0.25,4.5,S,IX,0.000260623984257598
validation,2.0,0.25,4.5,S,IY,2.6981837450076873e-09
validation,2.0,0.25,4.5,S,IZ,2.423416656721156e-09
validation,2.0,0.25,4.5,S,XI,0.00026063411246800804
validation,2.0,0.25,4.5,S,XX,3.658319878530857e-05
validation,2.0,0.25,4.5,S,XY,1.866150385073208e-09
validation,2.0,0.25,4.5,S,XZ,6.616637198974146e-09
validation,2.0,0.25,4.5,S,YI,-1.4494054620514587e-09
validation,2.0,0.25,4.5,S,YX,-7.36875667503177e-09
validation,2.0,0.25,4.5,S,YY,1.4011002448033934e-10
validation,2.0,0.25,4.5,S,YZ,1.1552103984096033e-09
validation,2.0,0.25,4.5,S,ZI,-9.43954937205802e-09
validation,2.0,0.25,4.5,S,ZX,-6.397966916602395e-09
validation,2.0,0.25,4.5,S,ZY,5.922496606160167e-10
validation,2.0,0.25,4.5,S,ZZ,5.974687605586843e-10
validation,2.0,0.25,4.5,C,"IX,IY",2.1854318382135094e-09
validation,2.0,0.25,4.5,C,"IX,IZ",2.400109024393682e-09
validation,2.0,0.25,4.5,C,"IX,XI",0.0002606284253266131
validation,2.0,0.25,4.5,C,"IX,XX",-4.541288296981982e-09
validation,2.0,0.25,4.5,C,"IX,XY",-3.598943143839413e-09
validation,2.0,0.25,4.5,C,"IX,XZ",-2.1513483920737014e-09
validation,2.0,0.25,4.5,C,"IX,YI",-2.3650552022516636e-10
validation,2.0,0.25,4.5,C,"IX,YX",-4.799531432416895e-10
validation,2.0,0.25,4.5,C,"IX,YY",-2.5238686907204462e-09
validation,2.0,0.25,4.5,C,"IX,YZ",2.537066267033114e-10
validation,2.0,0.25,4.5,C,"IX,ZI",3.5336005207759046e-09
validation,2.0,0.25,4.5,C,"IX,ZX",-3.927255571249392e-09
validation,2.0,0.25,4.5,C,"IX,ZY",-4.0129360614640367e-10
validation,2.0,0.25,4.5,C,"IX,ZZ",-5.97795639107036e-09
validation,2.0,0.25,4.5,C,"IY,IZ",2.165463732619183e-10
validation,2.0,0.25,4.5,C,"IY,XI",-5.734897094697069e-10
validation,2.0,0.25,4.5,C,"IY,XX",-7.577792673048113e-10
validation,2.0,0.25,4.5,C,"IY,XY",9.208209476725872e-10
validation,2.0,0.25,4.5,C,"IY,XZ",4.201920527653326e-09
validation,2.0,0.25,4.5,C,"IY,YI",-2.357935607034362e-10
validation,2.0,0.25,4.5,C,"IY,YX",-1.4665876176840148e-09
validation,2.0,0.25,4.5,C,"IY,YY",3.386440287348914e-09
validation,2.0,0.25,4.5,C,"IY,YZ",-1.8292022799480155e-09
validation,2.0,0.25,4.5,C,"IY,ZI",2.3922144342885783e-09
validation,2.0,0.25,4.5,C,"IY,ZX",1.4453759418202241e-09
validation,2.0,0.25,4.5,C,"IY,ZY",1.086355517114934e-09
validation,2.0,0.25,4.5,C,"IY,ZZ",-3.243548295254244e-09
validation,2.0,0.25,4.5,C,"IZ,XI",2.7558037928651196e-09
validation,2.0,0.25,4.5,C,"IZ,XX",-5.6812308263666555e-09
validation,2.0,0.25,4.5,C,"IZ,XY",-1.7556385434312883e-09
validation,2.0,0.25,4.5,C,"IZ,XZ",-6.568079815957046e-10
validation,2.0,0.25,4.5,C,"IZ,YI",-3.40986360954622e-09
validation,2.0,0.25,4.5,C,"IZ,YX",9.554065152324233e-10
validation,2.0,0.25,4.5,C,"IZ,YY",-1.7483009063223978e-09
validation,2.0,0.25,4.5,C,"IZ,YZ",-3.233601693519028e-09
validation,2.0,0.25,4.5,C,"IZ,ZI",2.354047585585529e-09
validation,2.0,0.25,4.5,C,"IZ,ZX",-3.6368029943722194e-09
validation,2.0,0.25,4.5,C,"IZ,ZY",-1.7365445835492877e-09
validation,2.0,0.25,4.5,C,"IZ,ZZ",-6.002538224729416e-11
validation,2.0,0.25,4.5,C,"XI,XX",1.0902975339294162e-08
validation,2.0,0.25,4.5,C,"XI,XY",-4.31847525609379e-09
validation,2.0,0.25,4.5,C,"XI,XZ",-4.709852547356523e-09
validation,2.0,0.25,4.5,C,"XI,YI",7.50052311816389e-10
validation,2.0,0.25,4.5,C,"XI,YX",-1.6636074493464986e-09
validation,2.0,0.25,4.5,C,"XI,YY",-4.099019249243047e-09
validation,2.0,0.25,4.5,C,"XI,YZ",3.77682316542935e-10
validation,2.0,0.25,4.5,C,"XI,ZI",4.697301071884543e-09
validation,2.0,0.25,4.5,C,"XI,ZX",-3.443504137221484e-09
validation,2.0,0.25,4.5,C,"XI,ZY",-2.305608582997052e-10
validation,2.0,0.25,4.5,C,"XI,ZZ",-3.963154266457262e-09
validation,2.0,0.25,4.5,C,"XX,XY",-2.8909943814759607e-10
validation,2.0,0.25,4.5,C,"XX,XZ",2.6142395666951692e-09
validation,2.0,0.25,4.5,C,"XX,YI",3.604140834020068e-10
validation,2.0,0.25,4.5,C,"XX,YX",-4.696649706447495e-10
validation,2.0,0.25,4.5,C,"XX,YY",7.50089786868813e-09
validation,2.0,0.25,4.5,C,"XX,YZ",-3.2862636688427857e-09
validation,2.0,0.25,4.5,C,"XX,ZI",1.2703861347451182e-08
validation,2.0,0.25,4.5,C,"XX,ZX",9.284991210757453e-09
validation,2.0,0.25,4.5,C,"XX,ZY",2.4530304062354937e-09
validation,2.0,0.25,4.5,C,"XX,ZZ",6.449690233847373e-10
validation,2.0,0.25,4.5,C,"XY,XZ",1.9407955074447214e-09
validation,2.0,0.25,4.5,C,"XY,YI",3.0776473972551265e-09
validation,2.0,0.25,4.5,C,"XY,YX",-1.5375075804280147e-09
validation,2.0,0.25,4.5,C,"XY,YY",2.009565383089769e-09
validation,2.0,0.25,4.5,C,"XY,YZ",2.4097860334507842e-09
validation,2.0,0.25,4.5,C,"XY,ZI",-1.956280907593718e-09
validation,2.0,0.25,4.5,C,"XY,ZX",4.176076834777871e-09
validation,2.0,0.25,4.5,C,"XY,ZY",1.3588737216591824e-09
validation,2.0,0.25,4.5,C,"XY,ZZ",-5.487327023929693e-10
validation,2.0,0.25,4.5,C,"XZ,YI",-1.387132610185451e-09
validation,2.0,0.25,4.5,C,"XZ,YX",-2.175571358527439e-09
validation,2.0,0.25,4.5,C,"XZ,YY",3.3658317363598913e-09
validation,2.0,0.25,4.5,C,"XZ,YZ",-1.332839883551715e-09
validation,2.0,0.25,4.5,C,"XZ,ZI",8.448885645190407e-10
validation,2.0,0.25,4.5,C,"XZ,ZX",-1.0442030775340783e-10
validation,2.0,0.25,4.5,C,"XZ,ZY",1.1927036200974264e-09
validation,2.0,0.25,4.5,C,"XZ,ZZ",-2.8982561013718884e-09
validation,2.0,0.25,4.5,C,"YI,YX",4.035518925428114e-09
validation,2.0,0.25,4.5,C,"YI,YY",5.412426377415546e-10
validation,2.0,0.25,4.5,C,"YI,YZ",3.5075694143188744e-09
validation,2.0,0.25,4.5,C,"YI,ZI",-4.711527591894663e-09
validation,2.0,0.25,4.5,C,"YI,ZX",-3.343821420264786e-09
validation,2.0,0.25,4.5,C,"YI,ZY",5.65254964614152e-10
validation,2.0,0.25,4.5,C,"YI,ZZ",-5.543879272848668e-10
validation,2.0,0.25,4.5,C,"YX,YY",-1.7992067115676475e-09
validation,2.0,0.25,4.5,C,"YX,YZ",5.481907084490661e-10
validation,2.0,0.25,4.5,C,"YX,ZI",9.235759479220394e-09
validation,2.0,0.25,4.5,C,"YX,ZX",1.2818199545187431e-09
validation,2.0,0.25,4.5,C,"YX,ZY",1.4308498682273918e-09
validation,2.0,0.25,4.5,C,"YX,ZZ",4.083568980330054e-09
validation,2.0,0.25,4.5,C,"YY,YZ",1.1404240339166436e-11
validation,2.0,0.25,4.5,C,"YY,ZI",1.946493689847444e-09
validation,2.0,0.25,4.5,C,"YY,ZX",-3.339435234781013e-10
validation,2.0,0.25,4.5,C,"YY,ZY",2.4526739763866066e-11
validation,2.0,0.25,4.5,C,"YY,ZZ",-2.0249322181596467e-10
validation,2.0,0.25,4.5,C,"YZ,ZI",1.9092240483974677e-10
validation,2.0,0.25,4.5,C,"YZ,ZX",3.3083703448717978e-09
validation,2.0,0.25,4.5,C,"YZ,ZY",1.1780952192925282e-09
validation,2.0,0.25,4.5,C,"YZ,ZZ",3.8225548144100623e-10
validation,2.0,0.25,4.5,C,"ZI,ZX",-2.6062944695908983e-09
validation,2.0,0.25,4.5,C,"ZI,ZY",-2.0398530796775805e-09
validation,2.0,0.25,4.5,C,"ZI,ZZ",-4.58811332846865e-09
validation,2.0,0.25,4.5,C,"ZX,ZY",1.5700018312332734e-10
validation,2.0,0.25,4.5,C,"ZX,ZZ",6.099670699409526e-10
validation,2.0,0.25,4.5,C,"ZY,ZZ",4.266551287329949e-10
validation,2.0,0.25,4.5,A,"IX,IY",4.716934114948103e-09
validation,2.0,0.25,4.5,A,"IX,IZ",-7.56280372163691e-09
validation,2.0,0.25,4.5,A,"IX,XI",1.4219205662727371e-08
validation,2.0,0.25,4.5,A,"IX,XX",4.698820988113417e-09
validation,2.0,0.25,4.5,A,"IX,XY",-8.583128130590163e-10
validation,2.0,0.25,4.5,A,"IX,XZ",-3.899910290140963e-10
validation,2.0,0.25,4.5,A,"IX,YI",4.54227846702534e-09
validation,2.0,0.25,4.5,A,"IX,YX",-3.788397616449621e-09
validation,2.0,0.25,4.5,A,"IX,YY",-5.507868373885146e-10
validation,2.0,0.25,4.5,A,"IX,YZ",6.277441578750499e-09
validation,2.0,0.25,4.5,A,"IX,ZI",4.4615774421449556e-10
validation,2.0,0.25,4.5,A,"IX,ZX",-1.0865652881483357e-10
validation,2.0,0.25,4.5,A,"IX,ZY",-7.675875017637188e-09
validation,2.0,0.25,4.5,A,"IX,ZZ",-3.4453030963810505e-11
validation,2.0,0.25,4.5,A,"IY,IZ",-1.765107909503967e-09
validation,2.0,0.25,4.5,A,"IY,XI",-4.457794512508393e-09
validation,2.0,0.25,4.5,A,"IY,XX",4.068396936682511e-09
validation,2.0,0.25,4.5,A,"IY,XY",1.721386286042781e-09
validation,2.0,0.25,4.5,A,"IY,XZ",1.8579484526944946e-09
validation,2.0,0.25,4.5,A,"IY,YI",2.964909085827865e-09
validation,2.0,0.25,4.5,A,"IY,YX",-1.081505024352315e-09
validation,2.0,0.25,4.5,A,"IY,YY",1.5939930688513042e-09
validation,2.0,0.25,4.5,A,"IY,YZ",2.590002194518026e-09
validation,2.0,0.25,4.5,A,"IY,ZI",-3.2563182548839945e-09
validation,2.0,0.25,4.5,A,"IY,ZX",4.180205117276275e-09
validation,2.0,0.25,4.5,A,"IY,ZY",1.8383957344102464e-09
validation,2.0,0.25,4.5,A,"IY,ZZ",3.277219424880486e-10
validation,2.0,0.25,4.5,A,"IZ,XI",5.325208156340454e-09
validation,2.0,0.25,4.5,A,"IZ,XX",-7.194455871352624e-10
validation,2.0,0.25,4.5,A,"IZ,XY",2.7559559712467263e-10
validation,2.0,0.25,4.5,A,"IZ,XZ",4.099611865508107e-09
validation,2.0,0.25,4.5,A,"IZ,YI",-7.216183296124969e-10
validation,2.0,0.25,4.5,A,"IZ,YX",-1.3392059081482943e-09
validation,2.0,0.25,4.5,A,"IZ,YY",3.6696046171943987e-09
validation,2.0,0.25,4.5,A,"IZ,YZ",-9.266149670452885e-10
validation,2.0,0.25,4.5,A,"IZ,ZI",5.215488887314519e-10
validation,2.0,0.25,4.5,A,"IZ,ZX",4.930072186830779e-10
validation,2.0,0.25,4.5,A,"IZ,ZY",1.9328537612706927e-09
validation,2.0,0.25,4.5,A,"IZ,ZZ",-2.326873767443666e-09
validation,2.0,0.25,4.5,A,"XI,XX",-1.9215149136736967e-08
validation,2.0,0.25,4.5,A,"XI,XY",-3.640470695357613e-09
validation,2.0,0.25,4.5,A,"XI,XZ",-7.510127610930624e-10
validation,2.0,0.25,4.5,A,"XI,YI",4.114836057269353e-09
validation,2.0,0.25,4.5,A,"XI,YX",-2.4719597651627857e-09
validation,2.0,0.25,4.5,A,"XI,YY",-2.8248283924778364e-10
validation,2.0,0.25,4.5,A,"XI,YZ",5.294229575850061e-09
validation,2.0,0.25,4.5,A,"XI,ZI",8.919722302449439e-11
validation,2.0,0.25,4.5,A,"XI,ZX",6.693357848675824e-11
validation,2.0,0.25,4.5,A,"XI,ZY",-7.67917590386344e-09
validation,2.0,0.25,4.5,A,"XI,ZZ",-1.6456764425918256e-10
validation,2.0,0.25,4.5,A,"XX,XY",-2.515474833522049e-09
validation,2.0,0.25,4.5,A,"XX,XZ",9.990822868397793e-09
validation,2.0,0.25,4.5,A,"XX,YI",2.415953093642501e-09
validation,2.0,0.25,4.5,A,"XX,YX",1.8844331890587682e-08
validation,2.0,0.25,4.5,A,"XX,YY",-1.5132728672110926e-13
validation,2.0,0.25,4.5,A,"XX,YZ",-1.0043348170839803e-08
validation,2.0,0.25,4.5,A,"XX,ZI",-7.096037679067866e-10
validation,2.0,0.25,4.5,A,"XX,ZX",7.364554561905225e-10
validation,2.0,0.25,4.5,A,"XX,ZY",3.4201549189277626e-09
validation,2.0,0.25,4.5,A,"XX,ZZ",5.162331980349086e-10
validation,2.0,0.25,4.5,A,"XY,XZ",-3.124392633133443e-09
validation,2.0,0.25,4.5,A,"XY,YI",6.117380658982527e-10
validation,2.0,0.25,4.5,A,"XY,YX",8.21297219696602e-10
validation,2.0,0.25,4.5,A,"XY,YY",-3.882201560022525e-09
validation,2.0,0.25,4.5,A,"XY,YZ",1.2065940537300685e-09
validation,2.0,0.25,4.5,A,"XY,ZI",-1.567685832704404e-09
validation,2.0,0.25,4.5,A,"XY,ZX",-5.746277389352303e-10
validation,2.0,0.25,4.5,A,"XY,ZY",-1.7425894857947751e-09
validation,2.0,0.25,4.5,A,"XY,ZZ",2.8178864621881082e-09
validation,2.0,0.25,4.5,A,"XZ,YI",4.182461200710868e-09
validation,2.0,0.25,4.5,A,"XZ,YX",-1.9198896414839617e-09
validation,2.0,0.25,4.5,A,"XZ,YY",1.12421624875433e-09
validation,2.0,0.25,4.5,A,"XZ,YZ",3.765873410534464e-09
validation,2.0,0.25,4.5,A,"XZ,ZI",-2.099936386852044e-09
validation,2.0,0.25,4.5,A,"XZ,ZX",3.764696472882927e-09
validation,2.0,0.25,4.5,A,"XZ,ZY",2.456340354584492e-09
validation,2.0,0.25,4.5,A,"XZ,ZZ",1.2151801633976425e-09
validation,2.0,0.25,4.5,A,"YI,YX",-4.6186598564555034e-09
validation,2.0,0.25,4.5,A,"YI,YY",-2.2419226368978008e-09
validation,2.0,0.25,4.5,A,"YI,YZ",6.059222775487654e-10
validation,2.0,0.25,4.5,A,"YI,ZI",4.71012929010855e-09
validation,2.0,0.25,4.5,A,"YI,ZX",-2.057267221256486e-09
validation,2.0,0.25,4.5,A,"YI,ZY",3.3991325163952793e-10
validation,2.0,0.25,4.5,A,"YI,ZZ",4.040700350219778e-09
validation,2.0,0.25,4.5,A,"YX,YY",4.4198274050884756e-10
validation,2.0,0.25,4.5,A,"YX,YZ",-3.2818243824681603e-09
validation,2.0,0.25,4.5,A,"YX,ZI",2.2613728644640604e-09
validation,2.0,0.25,4.5,A,"YX,ZX",8.680278726909853e-09
validation,2.0,0.25,4.5,A,"YX,ZY",-4.172320373021282e-11
validation,2.0,0.25,4.5,A,"YX,ZZ",-8.391485543994028e-10
validation,2.0,0.25,4.5,A,"YY,YZ",7.443120483682747e-11
validation,2.0,0.25,4.5,A,"YY,ZI",1.3532824623758372e-09
validation,2.0,0.25,4.5,A,"YY,ZX",2.5245681578757445e-09
validation,2.0,0.25,4.5,A,"YY,ZY",3.656879457675525e-10
validation,2.0,0.25,4.5,A,"YY,ZZ",-4.5699319422125656e-10
validation,2.0,0.25,4.5,A,"YZ,ZI",-2.1137890171587034e-09
validation,2.0,0.25,4.5,A,"YZ,ZX",2.3228588753302406e-10
validation,2.0,0.25,4.5,A,"YZ,ZY",-3.4463477641045353e-10
validation,2.0,0.25,4.5,A,"YZ,ZZ",-1.4304704416122832e-10
validation,2.0,0.25,4.5,A,"ZI,ZX",-8.435779895574502e-09
validation,2.0,0.25,4.5,A,"ZI,ZY",-5.676013184559734e-10
validation,2.0,0.25,4.5,A,"ZI,ZZ",1.6595058546174857e-09
validation,2.0,0.25,4.5,A,"ZX,ZY",1.0356644811098638e-09
validation,2.0,0.25,4.5,A,"ZX,ZZ",4.9613874533683555e-09
validation,2.0,0.25,4.5,A,"ZY,ZZ",4.996125308097728e-10
validation,2.0,0.75,13.5,H,IX,-5.058755611379021e-09
validation,2.0,0.75,13.5,H,IY,8.798049444560405e-10
validation,2.0,0.75,13.5,H,IZ,-6.332497922668613e-10
validation,2.0,0.75,13.5,H,XI,-5.078612922578211e-10
validation,2.0,0.75,13.5,H,XX,-7.000332370785208e-05
validation,2.0,0.75,13.5,H,XY,-1.706973069168887e-08
validation,2.0,0.75,13.5,H,XZ,4.121691353298605e-09
validation,2.0,0.75,13.5,H,YI,-1.0252083189001307e-08
validation,2.0,0.75,13.5,H,YX,3.8087133034949944e-09
validation,2.0,0.75,13.5,H,YY,7.206176899524107e-09
validation,2.0,0.75,13.5,H,YZ,1.2989237995511076e-08
validation,2.0,0.75,13.5,H,ZI,8.817301354149768e-10
validation,2.0,0.75,13.5,H,ZX,3.921817031155156e-09
validation,2.0,0.75,13.5,H,ZY,8.563690451043542e-10
validation,2.0,0.75,13.5,H,ZZ,-1.375912094940603e-15
validation,2.0,0.75,13.5,S,IX,0.0007800215825293619
validation,2.0,0.75,13.5,S,IY,1.1577077294868884e-09
validation,2.0,0.75,13.5,S,IZ,2.1681866026971447e-09
validation,2.0,0.75,13.5,S,XI,0.0007800043798555975
validation,2.0,0.75,13.5,S,XX,0.00011091694557956493
validation,2.0,0.75,13.5,S,XY,3.4363465096446527e-09
validation,2.0,0.75,13.5,S,XZ,-1.2981187816297687e-09
validation,2.0,0.75,13.5,S,YI,-3.268472979409392e-09
validation,2.0,0.75,13.5,S,YX,-1.1075774492973374e-09
validation,2.0,0.75,13.5,S,YY,3.2103836339011406e-09
validation,2.0,0.75,13.5,S,YZ,4.723036007431292e-10
validation,2.0,0.75,13.5,S,ZI,-3.614178904680983e-09
validation,2.0,0.75,13.5,S,ZX,-1.7418767479565524e-10
validation,2.0,0.75,13.5,S,ZY,2.300590526906781e-09
validation,2.0,0.75,13.5,S,ZZ,3.976274806066619e-09
validation,2.0,0.75,13.5,C,"IX,IY",6.396210041088664e-10
validation,2.0,0.75,13.5,C,"IX,IZ",-3.926075424605752e-09
validation,2.0,0.75,13.5,C,"IX,XI",0.0007800126187006474
validation,2.0,0.75,13.5,C,"IX,XX",-2.451871047630995e-09
validation,2.0,0.75,13.5,C,"IX,XY",-3.013712919278969e-09
validation,2.0,0.75,13.5,C,"IX,XZ",-6.064785159684307e-09
validation,2.0,0.75,13.5,C,"IX,YI",-1.7605307790331418e-10
validation,2.0,0.75,13.5,C,"IX,YX",-1.0503714360230705e-09
validation,2.0,0.75,13.5,C,"IX,YY",-6.281585512440079e-09
validation,2.0,0.75,13.5,C,"IX,YZ",-1.1557013331464693e-10
validation,2.0,0.75,13.5,C,"IX,ZI",6.450972194264744e-09
validation,2.0,0.75,13.5,C,"IX,ZX",-6.783070198771507e-09
validation,2.0,0.75,13.5,C,"IX,ZY",-1.7359541963537966e-10
validation,2.0,0.75,13.5,C,"IX,ZZ",-6.360944662501577e-09
validation,2.0,0.75,13.5,C,"IY,IZ",-5.030151435665704e-09
validation,2.0,0.75,13.5,C,"IY,XI",6.230058981926778e-10
validation,2.0,0.75,13.5,C,"IY,XX",3.3938402372683946e-09
validation,2.0,0.75,13.5,C,"IY,XY",-6.912953213522276e-10
validation,2.0,0.75,13.5,C,"IY,XZ",-8.567419543443512e-10
validation,2.0,0.75,13.5,C,"IY,YI",1.7134122965420195e-10
validation,2.0,0.75,13.5,C,"IY,YX",5.229813804113346e-09
validation,2.0,0.75,13.5,C,"IY,YY",1.940589371932766e-09
validation,2.0,0.75,13.5,C,"IY,YZ",2.891023177279985e-10
validation,2.0,0.75,13.5,C,"IY,ZI",-3.1557559265758657e-09
validation,2.0,0.75,13.5,C,"IY,ZX",-3.6170775847814777e-10
validation,2.0,0.75,13.5,C,"IY,ZY",3.620986934562639e-09
validation,2.0,0.75,13.5,C,"IY,ZZ",1.8201437589134673e-09
validation,2.0,0.75,13.5,C,"IZ,XI",-3.2217189066826796e-09
validation,2.0,0.75,13.5,C,"IZ,XX",1.630837964577008e-08
validation,2.0,0.75,13.5,C,"IZ,XY",-7.385388265454263e-10
validation,2.0,0.75,13.5,C,"IZ,XZ",-1.7058372139859312e-10
validation,2.0,0.75,13.5,C,"IZ,YI",2.6246790388347188e-09
validation,2.0,0.75,13.5,C,"IZ,YX",-2.3903078837308135e-09
validation,2.0,0.75,13.5,C,"IZ,YY",2.4775177756038498e-09
validation,2.0,0.75,13.5,C,"IZ,YZ",-2.267028040607342e-09
validation,2.0,0.75,13.5,C,"IZ,ZI",3.565834396180557e-09
validation,2.0,0.75,13.5,C,"IZ,ZX",2.105942046769417e-09
validation,2.0,0.75,13.5,C,"IZ,ZY",-1.9238827362431433e-09
validation,2.0,0.75,13.5,C,"IZ,ZZ",-4.404040481790552e-09
validation,2.0,0.75,13.5,C,"XI,XX",9.982845858946844e-09
validation,2.0,0.75,13.5,C,"XI,XY",-3.050537794583923e-09
validation,2.0,0.75,13.5,C,"XI,XZ",-5.3738097317993105e-09
validation,2.0,0.75,13.5,C,"XI,YI",2.2766275226328927e-09
validation,2.0,0.75,13.5,C,"XI,YX",-1.6471462943190027e-09
validation,2.0,0.75,13.5,C,"XI,YY",-4.6579174247472856e-09
validation,2.0,0.75,13.5,C,"XI,YZ",-1.8172024016601792e-11
validation,2.0,0.75,13.5,C,"XI,ZI",6.667107494393431e-09
validation,2.0,0.75,13.5,C,"XI,ZX",-5.2217877204341484e-09
validation,2.0,0.75,13.5,C,"XI,ZY",3.0731202781364624e-10
validation,2.0,0.75,13.5,C,"XI,ZZ",-7.48396628128527e-09
validation,2.0,0.75,13.5,C,"XX,XY",-1.3608598181083122e-09
validation,2.0,0.75,13.5,C,"XX,XZ",-1.6402615954476913e-09
validation,2.0,0.75,13.5,C,"XX,YI",2.9838409597590882e-09
validation,2.0,0.75,13.5,C,"XX,YX",-5.647287582314118e-11
validation,2.0,0.75,13.5,C,"XX,YY",1.3430885544766956e-08
validation,2.0,0.75,13.5,C,"XX,YZ",-2.4234123970236523e-09
validation,2.0,0.75,13.5,C,"XX,ZI",-4.578560227755463e-09
validation,2.0,0.75,13.5,C,"XX,ZX",9.481803918061423e-09
validation,2.0,0.75,13.5,C,"XX,ZY",-4.905436954928252e-09
validation,2.0,0.75,13.5,C,"XX,ZZ",3.219142675112279e-09
validation,2.0,0.75,13.5,C,"XY,XZ",-4.508612688971356e-09
validation,2.0,0.75,13.5,C,"XY,YI",-1.250737248363243e-09
validation,2.0,0.75,13.5,C,"XY,YX",-2.46864280026673e-09
validation,2.0,0.75,13.5,C,"XY,YY",-2.2351875833956695e-09
validation,2.0,0.75,13.5,C,"XY,YZ",2.665851386487677e-09
validation,2.0,0.75,13.5,C,"XY,ZI",-6.965693282592317e-10
validation,2.0,0.75,13.5,C,"XY,ZX",-3.105205283887766e-10
validation,2.0,0.75,13.5,C,"XY,ZY",2.875560222004432e-09
validation,2.0,0.75,13.5,C,"XY,ZZ",1.8453398794203015e-09
validation,2.0,0.75,13.5,C,"XZ,YI",4.263248856267111e-10
validation,2.0,0.75,13.5,C,"XZ,YX",5.287340385992175e-09
validation,2.0,0.75,13.5,C,"XZ,YY",3.142785111610631e-09
validation,2.0,0.75,13.5,C,"XZ,YZ",-1.0688038096237613e-11
validation,2.0,0.75,13.5,C,"XZ,ZI",-3.536118325762838e-09
validation,2.0,0.75,13.5,C,"XZ,ZX",4.48492004912783e-10
validation,2.0,0.75,13.5,C,"XZ,ZY",1.3437152872176052e-09
validation,2.0,0.75,13.5,C,"XZ,ZZ",2.1094801108540573e-11
validation,2.0,0.75,13.5,C,"YI,YX",3.942517613837597e-09
validation,2.0,0.75,13.5,C,"YI,YY",3.5419419070802645e-09
validation,2.0,0.75,13.5,C,"YI,YZ",1.860595301872751e-09
validation,2.0,0.75,13.5,C,"YI,ZI",-7.68889462440456e-09
validation,2.0,0.75,13.5,C,"YI,ZX",-1.6806247912112918e-09
validation,2.0,0.75,13.5,C,"YI,ZY",-1.8476658415533693e-09
validation,2.0,0.75,13.5,C,"YI,ZZ",-4.144452553955541e-09
validation,2.0,0.75,13.5,C,"YX,YY",3.0439550265539497e-09
validation,2.0,0.75,13.5,C,"YX,YZ",5.6136869554014e-10
validation,2.0,0.75,13.5,C,"YX,ZI",2.6929714282420807e-09
validation,2.0,0.75,13.5,C,"YX,ZX",-1.3888118714321627e-09
validation,2.0,0.75,13.5,C,"YX,ZY",1.3129501718693883e-09
validation,2.0,0.75,13.5,C,"YX,ZZ",3.037925591187433e-09
validation,2.0,0.75,13.5,C,"YY,YZ",1.827467140852263e-11
validation,2.0,0.75,13.5,C,"YY,ZI",-3.332868814433675e-09
validation,2.0,0.75,13.5,C,"YY,ZX",4.1254598881929355e-09
validation,2.0,0.75,13.5,C,"YY,ZY",-9.000738813966921e-10
validation,2.0,0.75,13.5,C,"YY,ZZ",-2.7678799965175863e-09
validation,2.0,0.75,13.5,C,"YZ,ZI",-8.277503001857793e-10
validation,2.0,0.75,13.5,C,"YZ,ZX",3.2412087904341474e-09
validation,2.0,0.75,13.5,C,"YZ,ZY",9.080053595675926e-10
validation,2.0,0.75,13.5,C,"YZ,ZZ",-4.361348825838396e-10
validation,2.0,0.75,13.5,C,"ZI,ZX",-3.820053196951161e-09
validation,2.0,0.75,13.5,C,"ZI,ZY",-3.4777190602522456e-09
validation,2.0,0.75,13.5,C,"ZI,ZZ",-1.2933551908874623e-09
validation,2.0,0.75,13.5,C,"ZX,ZY",-1.7779255690647577e-09
validation,2.0,0.75,13.5,C,"ZX,ZZ",-4.677169442690194e-09
validation,2.0,0.75,13.5,C,"ZY,ZZ",-2.2745732841149668e-11
validation,2.0,0.75,13.5,A,"IX,IY",6.53737805075071e-09
validation,2.0,0.75,13.5,A,"IX,IZ",-4.172564207584562e-09
validation,2.0,0.75,13.5,A,"IX,XI",7.74341713110312e-10
validation,2.0,0.75,13.5,A,"IX,XX",-2.2403580409143405e-09
validation,2.0,0.75,13.5,A,"IX,XY",4.059340262806439e-09
validation,2.0,0.75,13.5,A,"IX,XZ",-7.190305004228561e-10
validation,2.0,0.75,13.5,A,"IX,YI",5.660071949910761e-09
validation,2.0,0.75,13.5,A,"IX,YX",-8.45480829797032e-09
validation,2.0,0.75,13.5,A,"IX,YY",-3.839234738355108e-09
validation,2.0,0.75,13.5,A,"IX,YZ",-5.772099571060732e-09
validation,2.0,0.75,13.5,A,"IX,ZI",-2.5684839540609678e-09
validation,2.0,0.75,13.5,A,"IX,ZX",-1.2564605126739236e-09
validation,2.0,0.75,13.5,A,"IX,ZY",6.315595062902765e-09
validation,2.0,0.75,13.5,A,"IX,ZZ",-3.776303077819e-09
validation,2.0,0.75,13.5,A,"IY,IZ",-2.2397316096168144e-10
validation,2.0,0.75,13.5,A,"IY,XI",-6.781897683448143e-09
validation,2.0,0.75,13.5,A,"IY,XX",-2.2578071629045685e-09
validation,2.0,0.75,13.5,A,"IY,XY",3.8354540048739195e-10
validation,2.0,0.75,13.5,A,"IY,XZ",-3.4260399730959637e-09
validation,2.0,0.75,13.5,A,"IY,YI",-4.051843950420856e-09
validation,2.0,0.75,13.5,A,"IY,YX",3.787237535688247e-10
validation,2.0,0.75,13.5,A,"IY,YY",-2.516465728546704e-09
validation,2.0,0.75,13.5,A,"IY,YZ",1.3015161190193232e-09
validation,2.0,0.75,13.5,A,"IY,ZI",-1.3229453176971191e-09
validation,2.0,0.75,13.5,A,"IY,ZX",-5.360026430338702e-09
validation,2.0,0.75,13.5,A,"IY,ZY",1.2329264979509807e-09
validation,2.0,0.75,13.5,A,"IY,ZZ",4.056315354200746e-09
validation,2.0,0.75,13.5,A,"IZ,XI",3.42106749403341e-09
validation,2.0,0.75,13.5,A,"IZ,XX",4.998537727594243e-10
validation,2.0,0.75,13.5,A,"IZ,XY",-5.3560739046525606e-09
validation,2.0,0.75,13.5,A,"IZ,XZ",-7.333675982566763e-10
validation,2.0,0.75,13.5,A,"IZ,YI",2.7555624892815023e-09
validation,2.0,0.75,13.5,A,"IZ,YX",2.7354795576115853e-09
validation,2.0,0.75,13.5,A,"IZ,YY",2.1695919853492313e-09
validation,2.0,0.75,13.5,A,"IZ,YZ",-7.435902843771159e-11
validation,2.0,0.75,13.5,A,"IZ,ZI",2.846877975519824e-10
validation,2.0,0.75,13.5,A,"IZ,ZX",4.129120963710016e-09
validation,2.0,0.75,13.5,A,"IZ,ZY",1.2886881585745648e-09
validation,2.0,0.75,13.5,A,"IZ,ZZ",7.610769809141891e-10
validation,2.0,0.75,13.5,A,"XI,XX",-6.7910477610324335e-09
validation,2.0,0.75,13.5,A,"XI,XY",1.8966294900421303e-09
validation,2.0,0.75,13.5,A,"XI,XZ",3.0862527477571043e-10
validation,2.0,0.75,13.5,A,"XI,YI",6.922257818215624e-09
validation,2.0,0.75,13.5,A,"XI,YX",-6.024888814824253e-09
validation,2.0,0.75,13.5,A,"XI,YY",-3.489325922703036e-09
validation,2.0,0.75,13.5,A,"XI,YZ",-7.084795384716192e-09
validation,2.0,0.75,13.5,A,"XI,ZI",-2.621930642547299e-09
validation,2.0,0.75,13.5,A,"XI,ZX",7.565054317490383e-13
validation,2.0,0.75,13.5,A,"XI,ZY",5.092999381354694e-09
validation,2.0,0.75,13.5,A,"XI,ZZ",-3.3067339841642466e-09
validation,2.0,0.75,13.5,A,"XX,XY",-7.698024102022162e-09
validation,2.0,0.75,13.5,A,"XX,XZ",4.722849110621322e-09
validation,2.0,0.75,13.5,A,"XX,YI",-6.123602187896921e-09
validation,2.0,0.75,13.5,A,"XX,YX",1.060047082924096e-08
validation,2.0,0.75,13.5,A,"XX,YY",-1.4600207676202473e-13
validation,2.0,0.75,13.5,A,"XX,YZ",5.964060203992903e-10
validation,2.0,0.75,13.5,A,"XX,ZI",-3.3219107088236636e-10
validation,2.0,0.75,13.5,A,"XX,ZX",-1.227956806903027e-10
validation,2.0,0.75,13.5,A,"XX,ZY",-1.1536232358903721e-08
validation,2.0,0.75,13.5,A,"XX,ZZ",7.205978961958064e-09
validation,2.0,0.75,13.5,A,"XY,XZ",2.211335018306124e-09
validation,2.0,0.75,13.5,A,"XY,YI",1.801142264377582e-09
validation,2.0,0.75,13.5,A,"XY,YX",-1.0394982150743183e-10
validation,2.0,0.75,13.5,A,"XY,YY",1.4577740113605151e-09
validation,2.0,0.75,13.5,A,"XY,YZ",1.9011309376100743e-11
validation,2.0,0.75,13.5,A,"XY,ZI",-2.4044933489438253e-09
validation,2.0,0.75,13.5,A,"XY,ZX",2.3712550300065268e-09
validation,2.0,0.75,13.5,A,"XY,ZY",-3.399166838366684e-09
validation,2.0,0.75,13.5,A,"XY,ZZ",-3.923481520788432e-09
validation,2.0,0.75,13.5,A,"XZ,YI",-3.61155687863925e-09
validation,2.0,0.75,13.5,A,"XZ,YX",2.994002878861357e-10
validation,2.0,0.75,13.5,A,"XZ,YY",-2.527904026134497e-09
validation,2.0,0.75,13.5,A,"XZ,YZ",9.188781426702888e-10
validation,2.0,0.75,13.5,A,"XZ,ZI",-4.4723686463344793e-10
validation,2.0,0.75,13.5,A,"XZ,ZX",-4.826754760180325e-09
validation,2.0,0.75,13.5,A,"XZ,ZY",5.499906538016881e-10
validation,2.0,0.75,13.5,A,"XZ,ZZ",4.323211530139318e-09
validation,2.0,0.75,13.5,A,"YI,YX",-2.401560128964488e-09
validation,2.0,0.75,13.5,A,"YI,YY",1.4539282468628568e-09
validation,2.0,0.75,13.5,A,"YI,YZ",1.225206489804409e-09
validation,2.0,0.75,13.5,A,"YI,ZI",2.7441655457725788e-09
validation,2.0,0.75,13.5,A,"YI,ZX",-4.6660302081803166e-09
validation,2.0,0.75,13.5,A,"YI,ZY",8.059980956173702e-10
validation,2.0,0.75,13.5,A,"YI,ZZ",3.5891383301480675e-09
validation,2.0,0.75,13.5,A,"YX,YY",-4.178903590766854e-09
validation,2.0,0.75,13.5,A,"YX,YZ",-3.2010647079331964e-09
validation,2.0,0.75,13.5,A,"YX,ZI",6.099474045225027e-09
validation,2.0,0.75,13.5,A,"YX,ZX",1.506874051781384e-09
validation,2.0,0.75,13.5,A,"YX,ZY",9.603597689835404e-11
validation,2.0,0.75,13.5,A,"YX,ZZ",5.133356247136862e-09
validation,2.0,0.75,13.5,A,"YY,YZ",-1.3016304849584581e-09
validation,2.0,0.75,13.5,A,"YY,ZI",-1.4354229304801101e-09
validation,2.0,0.75,13.5,A,"YY,ZX",-3.049696054377291e-09
validation,2.0,0.75,13.5,A,"YY,ZY",-7.335732330239207e-10
validation,2.0,0.75,13.5,A,"YY,ZZ",2.259320488303261e-09
validation,2.0,0.75,13.5,A,"YZ,ZI",-3.764550858739735e-09
validation,2.0,0.75,13.5,A,"YZ,ZX",-1.415487752271661e-09
validation,2.0,0.75,13.5,A,"YZ,ZY",1.9734635897756202e-10
validation,2.0,0.75,13.5,A,"YZ,ZZ",-1.0494209034949991e-09
validation,2.0,0.75,13.5,A,"ZI,ZX",-2.8894166029788216e-09
validation,2.0,0.75,13.5,A,"ZI,ZY",7.766697899554792e-10
validation,2.0,0.75,13.5,A,"ZI,ZZ",-2.3321180909054774e-09
validation,2.0,0.75,13.5,A,"ZX,ZY",2.850057334712406e-09
validation,2.0,0.75,13.5,A,"ZX,ZZ",3.734951599481674e-09
validation,2.0,0.75,13.5,A,"ZY,ZZ",-7.75780010042673e-10
validation,2.0,1.5,27.0,H,IX,-6.634240902526743e-10
validation,2.0,1.5,27.0,H,IY,-3.942741096660332e-09
validation,2.0,1.5,27.0,H,IZ,2.1315059034477237e-10
validation,2.0,1.5,27.0,H,XI,1.069797857357438e-08
validation,2.0,1.5,27.0,H,XX,-0.00013880580921652935
validation,2.0,1.5,27.0,H,XY,-2.172620136617713e-09
validation,2.0,1.5,27.0,H,XZ,1.950712329923837e-09
validation,2.0,1.5,27.0,H,YI,-1.6492574566649852e-08
validation,2.0,1.5,27.0,H,YX,-9.405051430386973e-09
validation,2.0,1.5,27.0,H,YY,3.844956296231669e-09
validation,2.0,1.5,27.0,H,YZ,1.1693924845545936e-08
validation,2.0,1.5,27.0,H,ZI,1.3391874881359336e-10
validation,2.0,1.5,27.0,H,ZX,2.3494943257153897e-09
validation,2.0,1.5,27.0,H,ZY,4.402744695203698e-09
validation,2.0,1.5,27.0,H,ZZ,-1.089136492661081e-15
validation,2.0,1.5,27.0,S,IX,0.0015544445020670996
validation,2.0,1.5,27.0,S,IY,-2.630506413603753e-09
validation,2.0,1.5,27.0,S,IZ,7.626866013526676e-09
validation,2.0,1.5,27.0,S,XI,0.0015544735724330808
validation,2.0,1.5,27.0,S,XX,0.0002253244133807115
validation,2.0,1.5,27.0,S,XY,5.223029728011232e-09
validation,2.0,1.5,27.0,S,XZ,5.175835729546172e-09
validation,2.0,1.5,27.0,S,YI,5.351182358445845e-09
validation,2.0,1.5,27.0,S,YX,-5.916928424000781e-10
validation,2.0,1.5,27.0,S,YY,-5.613979896191765e-10
validation,2.0,1.5,27.0,S,YZ,1.86612495128944e-09
validation,2.0,1.5,27.0,S,ZI,-2.843717227326995e-09
validation,2.0,1.5,27.0,S,ZX,-5.136306077343795e-09
validation,2.0,1.5,27.0,S,ZY,1.6598759451072389e-09
validation,2.0,1.5,27.0,S,ZZ,6.959375921952813e-10
validation,2.0,1.5,27.0,C,"IX,IY",-1.7025381704984836e-09
validation,2.0,1.5,27.0,C,"IX,IZ",3.646500330940891e-09
validation,2.0,1.5,27.0,C,"IX,XI",0.0015544578894340557
validation,2.0,1.5,27.0,C,"IX,XX",2.297179154254133e-09
validation,2.0,1.5,27.0,C,"IX,XY",-1.989617700581859e-09
validation,2.0,1.5,27.0,C,"IX,XZ",-8.742003318498338e-09
validation,2.0,1.5,27.0,C,"IX,YI",1.1806282079475076e-09
validation,2.0,1.5,27.0,C,"IX,YX",4.450432912502846e-09
validation,2.0,1.5,27.0,C,"IX,YY",-7.1111393793123805e-09
validation,2.0,1.5,27.0,C,"IX,YZ",3.162041882803989e-10
validation,2.0,1.5,27.0,C,"IX,ZI",3.203298047737972e-09
validation,2.0,1.5,27.0,C,"IX,ZX",-8.094446503253157e-09
validation,2.0,1.5,27.0,C,"IX,ZY",-1.2101679916296392e-10
validation,2.0,1.5,27.0,C,"IX,ZZ",-7.496629364631132e-09
validation,2.0,1.5,27.0,C,"IY,IZ",-4.533307437820626e-09
validation,2.0,1.5,27.0,C,"IY,XI",-6.832183861217777e-10
validation,2.0,1.5,27.0,C,"IY,XX",2.13546966124988e-09
validation,2.0,1.5,27.0,C,"IY,XY",8.354652462928455e-10
validation,2.0,1.5,27.0,C,"IY,XZ",4.053075183552699e-10
validation,2.0,1.5,27.0,C,"IY,YI",1.6103574666622926e-10
validation,2.0,1.5,27.0,C,"IY,YX",2.8193685621310556e-09
validation,2.0,1.5,27.0,C,"IY,YY",1.6523353736835246e-09
validation,2.0,1.5,27.0,C,"IY,YZ",1.393944308118836e-09
validation,2.0,1.5,27.0,C,"IY,ZI",-2.148011358883323e-09
validation,2.0,1.5,27.0,C,"IY,ZX",-5.004059492894863e-10
validation,2.0,1.5,27.0,C,"IY,ZY",4.1397934386496895e-09
validation,2.0,1.5,27.0,C,"IY,ZZ",-7.812200492253904e-10
validation,2.0,1.5,27.0,C,"IZ,XI",8.177873618899039e-09
validation,2.0,1.5,27.0,C,"IZ,XX",1.7363411666674612e-09
validation,2.0,1.5,27.0,C,"IZ,XY",-5.485277893553742e-09
validation,2.0,1.5,27.0,C,"IZ,XZ",7.67635196218787e-10
validation,2.0,1.5,27.0,C,"IZ,YI",6.152494656929853e-10
validation,2.0,1.5,27.0,C,"IZ,YX",-3.223520416800752e-09
validation,2.0,1.5,27.0,C,"IZ,YY",-3.776639471372815e-10
validation,2.0,1.5,27.0,C,"IZ,YZ",-2.545088862077115e-10
validation,2.0,1.5,27.0,C,"IZ,ZI",6.03946956095618e-09
validation,2.0,1.5,27.0,C,"IZ,ZX",-5.204908430514653e-10
validation,2.0,1.5,27.0,C,"IZ,ZY",5.885218157651182e-10
validation,2.0,1.5,27.0,C,"IZ,ZZ",-3.6663786650383188e-09
validation,2.0,1.5,27.0,C,"XI,XX",1.8272041889668648e-08
validation,2.0,1.5,27.0,C,"XI,XY",-5.542658514369956e-09
validation,2.0,1.5,27.0,C,"XI,XZ",-5.587614609785493e-09
validation,2.0,1.5,27.0,C,"XI,YI",4.296319680343614e-09
validation,2.0,1.5,27.0,C,"XI,YX",-5.671995451608537e-10
validation,2.0,1.5,27.0,C,"XI,YY",-7.213535449979179e-09
validation,2.0,1.5,27.0,C,"XI,YZ",-1.2637976507646703e-10
validation,2.0,1.5,27.0,C,"XI,ZI",8.946076818644152e-09
validation,2.0,1.5,27.0,C,"XI,ZX",-6.540558273217562e-09
validation,2.0,1.5,27.0,C,"XI,ZY",-6.891303554053099e-11
validation,2.0,1.5,27.0,C,"XI,ZZ",-8.5999132084573e-09
validation,2.0,1.5,27.0,C,"XX,XY",3.977446258618417e-10
validation,2.0,1.5,27.0,C,"XX,XZ",3.5062243213204075e-09
validation,2.0,1.5,27.0,C,"XX,YI",3.8535942449214065e-10
validation,2.0,1.5,27.0,C,"XX,YX",-1.8312767226743795e-09
validation,2.0,1.5,27.0,C,"XX,YY",1.5991016697121707e-08
validation,2.0,1.5,27.0,C,"XX,YZ",-1.1968905231269373e-09
validation,2.0,1.5,27.0,C,"XX,ZI",8.874181941867294e-09
validation,2.0,1.5,27.0,C,"XX,ZX",1.596127178052688e-08
validation,2.0,1.5,27.0,C,"XX,ZY",-2.4980253305034986e-09
validation,2.0,1.5,27.0,C,"XX,ZZ",1.2412701663823135e-09
validation,2.0,1.5,27.0,C,"XY,XZ",-4.680016562892855e-09
validation,2.0,1.5,27.0,C,"XY,YI",-7.107432638818337e-10
validation,2.0,1.5,27.0,C,"XY,YX",-1.2212927624529786e-09
validation,2.0,1.5,27.0,C,"XY,YY",9.829171431539018e-10
validation,2.0,1.5,27.0,C,"XY,YZ",-8.108161279986183e-10
validation,2.0,1.5,27.0,C,"XY,ZI",-1.565571852324688e-09
validation,2.0,1.5,27.0,C,"XY,ZX",4.1000048551296295e-10
validation,2.0,1.5,27.0,C,"XY,ZY",-1.4507219332717006e-09
validation,2.0,1.5,27.0,C,"XY,ZZ",2.666660377319429e-09
validation,2.0,1.5,27.0,C,"XZ,YI",1.0827316615741648e-09
validation,2.0,1.5,27.0,C,"XZ,YX",4.533466743393587e-09
validation,2.0,1.5,27.0,C,"XZ,YY",1.7201896245623726e-09
validation,2.0,1.5,27.0,C,"XZ,YZ",1.3454682151172916e-09
validation,2.0,1.5,27.0,C,"XZ,ZI",-3.325243954919359e-09
validation,2.0,1.5,27.0,C,"XZ,ZX",-3.863847840495032e-10
validation,2.0,1.5,27.0,C,"XZ,ZY",3.9707017620814175e-09
validation,2.0,1.5,27.0,C,"XZ,ZZ",-1.5943997050867481e-09
validation,2.0,1.5,27.0,C,"YI,YX",6.017057250736419e-09
validation,2.0,1.5,27.0,C,"YI,YY",1.6459977432671744e-09
validation,2.0,1.5,27.0,C,"YI,YZ",-1.3453296353060755e-10
validation,2.0,1.5,27.0,C,"YI,ZI",-1.0496780314525345e-08
validation,2.0,1.5,27.0,C,"YI,ZX",6.154609929947337e-10
validation,2.0,1.5,27.0,C,"YI,ZY",-4.889471524597517e-09
validation,2.0,1.5,27.0,C,"YI,ZZ",1.494765419170414e-10
validation,2.0,1.5,27.0,C,"YX,YY",-9.157972127239052e-10
validation,2.0,1.5,27.0,C,"YX,YZ",3.7310668152115556e-09
validation,2.0,1.5,27.0,C,"YX,ZI",1.5094444772436276e-09
validation,2.0,1.5,27.0,C,"YX,ZX",4.5065327200969793e-10
validation,2.0,1.5,27.0,C,"YX,ZY",3.5927592080980288e-09
validation,2.0,1.5,27.0,C,"YX,ZZ",4.199171631018292e-09
validation,2.0,1.5,27.0,C,"YY,YZ",-4.376609185757689e-10
validation,2.0,1.5,27.0,C,"YY,ZI",9.626319422304511e-10
validation,2.0,1.5,27.0,C,"YY,ZX",8.423718863149466e-10
validation,2.0,1.5,27.0,C,"YY,ZY",-8.018125438491107e-10
validation,2.0,1.5,27.0,C,"YY,ZZ",4.346082340040726e-10
validation,2.0,1.5,27.0,C,"YZ,ZI",-3.3903861828814996e-09
validation,2.0,1.5,27.0,C,"YZ,ZX",4.988278373560174e-10
validation,2.0,1.5,27.0,C,"YZ,ZY",1.6058219295847324e-09
validation,2.0,1.5,27.0,C,"YZ,ZZ",-3.544844170124859e-10
validation,2.0,1.5,27.0,C,"ZI,ZX",-5.948071363541163e-09
validation,2.0,1.5,27.0,C,"ZI,ZY",-3.579664662642024e-09
validation,2.0,1.5,27.0,C,"ZI,ZZ",-4.403767727032932e-09
validation,2.0,1.5,27.0,C,"ZX,ZY",-4.3712063863095086e-09
validation,2.0,1.5,27.0,C,"ZX,ZZ",1.2977643553577444e-09
validation,2.0,1.5,27.0,C,"ZY,ZZ",-3.320061299199987e-10
validation,2.0,1.5,27.0,A,"IX,IY",6.6925366797465765e-09
validation,2.0,1.5,27.0,A,"IX,IZ",-4.668352008786315e-09
validation,2.0,1.5,27.0,A,"IX,XI",-2.9052069639591137e-09
validation,2.0,1.5,27.0,A,"IX,XX",8.872801207827204e-09
validation,2.0,1.5,27.0,A,"IX,XY",-7.536450917223836e-09
validation,2.0,1.5,27.0,A,"IX,XZ",2.5957497061434143e-10
validation,2.0,1.5,27.0,A,"IX,YI",4.755594014741749e-09
validation,2.0,1.5,27.0,A,"IX,YX",-6.768858029374478e-09
validation,2.0,1.5,27.0,A,"IX,YY",-1.9698456389965507e-09
validation,2.0,1.5,27.0,A,"IX,YZ",-3.878399512172226e-09
validation,2.0,1.5,27.0,A,"IX,ZI",3.203423518704223e-09
validation,2.0,1.5,27.0,A,"IX,ZX",-4.7524324020547454e-09
validation,2.0,1.5,27.0,A,"IX,ZY",2.986712734960906e-09
validation,2.0,1.5,27.0,A,"IX,ZZ",-2.36215961624383e-09
validation,2.0,1.5,27.0,A,"IY,IZ",-1.943379443988459e-10
validation,2.0,1.5,27.0,A,"IY,XI",-9.03803042074198e-09
validation,2.0,1.5,27.0,A,"IY,XX",1.0623737362900963e-08
validation,2.0,1.5,27.0,A,"IY,XY",-5.088467257288414e-11
validation,2.0,1.5,27.0,A,"IY,XZ",-3.7136809048939068e-09
validation,2.0,1.5,27.0,A,"IY,YI",-2.5112411120714657e-09
validation,2.0,1.5,27.0,A,"IY,YX",4.567159014756112e-12
validation,2.0,1.5,27.0,A,"IY,YY",1.0801795273588364e-09
validation,2.0,1.5,27.0,A,"IY,YZ",-2.981015183967215e-10
validation,2.0,1.5,27.0,A,"IY,ZI",-1.2438760878544856e-09
validation,2.0,1.5,27.0,A,"IY,ZX",-1.3106331986782636e-09
validation,2.0,1.5,27.0,A,"IY,ZY",-3.6821357732074394e-10
validation,2.0,1.5,27.0,A,"IY,ZZ",1.494010171882364e-09
validation,2.0,1.5,27.0,A,"IZ,XI",8.373693771922943e-09
validation,2.0,1.5,27.0,A,"IZ,XX",-3.3530404396911995e-09
validation,2.0,1.5,27.0,A,"IZ,XY",-4.152154208132697e-09
validation,2.0,1.5,27.0,A,"IZ,XZ",5.383273862326332e-09
validation,2.0,1.5,27.0,A,"IZ,YI",4.45692708237973e-09
validation,2.0,1.5,27.0,A,"IZ,YX",1.8137471725091493e-09
validation,2.0,1.5,27.0,A,"IZ,YY",2.0238365320728132e-09
validation,2.0,1.5,27.0,A,"IZ,YZ",6.231247570591462e-11
validation,2.0,1.5,27.0,A,"IZ,ZI",-8.077148121935544e-10
validation,2.0,1.5,27.0,A,"IZ,ZX",3.5745958896384866e-09
validation,2.0,1.5,27.0,A,"IZ,ZY",3.1867344247697547e-09
validation,2.0,1.5,27.0,A,"IZ,ZZ",-1.405618216211349e-09
validation,2.0,1.5,27.0,A,"XI,XX",-2.4883850766620366e-09
validation,2.0,1.5,27.0,A,"XI,XY",-5.343140151261526e-09
validation,2.0,1.5,27.0,A,"XI,XZ",3.789582524466304e-09
validation,2.0,1.5,27.0,A,"XI,YI",1.0692274321847814e-08
validation,2.0,1.5,27.0,A,"XI,YX",-3.9156685102666385e-09
validation,2.0,1.5,27.0,A,"XI,YY",-1.7250902055099828e-09
validation,2.0,1.5,27.0,A,"XI,YZ",-4.723754874918689e-09
validation,2.0,1.5,27.0,A,"XI,ZI",1.0477137876692633e-09
validation,2.0,1.5,27.0,A,"XI,ZX",9.457745778455112e-10
validation,2.0,1.5,27.0,A,"XI,ZY",2.9936135978565735e-09
validation,2.0,1.5,27.0,A,"XI,ZZ",-1.632150386686864e-09
validation,2.0,1.5,27.0,A,"XX,XY",1.2487848787937394e-08
validation,2.0,1.5,27.0,A,"XX,XZ",3.6620960772279965e-09
validation,2.0,1.5,27.0,A,"XX,YI",5.944952341901237e-09
validation,2.0,1.5,27.0,A,"XX,YX",1.534454756203348e-08
validation,2.0,1.5,27.0,A,"XX,YY",-4.0324459383839507e-14
validation,2.0,1.5,27.0,A,"XX,YZ",-3.516869883127821e-09
validation,2.0,1.5,27.0,A,"XX,ZI",-1.4085083896531479e-09
validation,2.0,1.5,27.0,A,"XX,ZX",-2.5769771567246192e-09
validation,2.0,1.5,27.0,A,"XX,ZY",-1.0807853070162541e-08
validation,2.0,1.5,27.0,A,"XX,ZZ",3.844908776378345e-09
validation,2.0,1.5,27.0,A,"XY,XZ",-3.874998544872113e-09
validation,2.0,1.5,27.0,A,"XY,YI",8.287377590694129e-10
validation,2.0,1.5,27.0,A,"XY,YX",-8.67033049260928e-10
validation,2.0,1.5,27.0,A,"XY,YY",-1.4851334941587583e-09
validation,2.0,1.5,27.0,A,"XY,YZ",-5.512220886223401e-10
validation,2.0,1.5,27.0,A,"XY,ZI",-9.499737591198872e-12
validation,2.0,1.5,27.0,A,"XY,ZX",1.0252552610793741e-09
validation,2.0,1.5,27.0,A,"XY,ZY",-4.574954905514683e-09
validation,2.0,1.5,27.0,A,"XY,ZZ",1.0048749273179735e-09
validation,2.0,1.5,27.0,A,"XZ,YI",-2.8309798194819936e-09
validation,2.0,1.5,27.0,A,"XZ,YX",-3.864528491241817e-11
validation,2.0,1.5,27.0,A,"XZ,YY",2.8186467472888265e-10
validation,2.0,1.5,27.0,A,"XZ,YZ",-8.070079722152955e-10
validation,2.0,1.5,27.0,A,"XZ,ZI",-1.4782186315460347e-09
validation,2.0,1.5,27.0,A,"XZ,ZX",-1.992100483602521e-09
validation,2.0,1.5,27.0,A,"XZ,ZY",-2.182891794828977e-10
validation,2.0,1.5,27.0,A,"XZ,ZZ",3.113211785497763e-09
validation,2.0,1.5,27.0,A,"YI,YX",2.2633262103507508e-09
validation,2.0,1.5,27.0,A,"YI,YY",-1.0261624067462752e-09
validation,2.0,1.5,27.0,A,"YI,YZ",4.473239547475606e-09
validation,2.0,1.5,27.0,A,"YI,ZI",-2.6091876104262483e-09
validation,2.0,1.5,27.0,A,"YI,ZX",-4.3846570732379055e-09
validation,2.0,1.5,27.0,A,"YI,ZY",3.592439639838146e-09
validation,2.0,1.5,27.0,A,"YI,ZZ",4.65891654059975e-09
validation,2.0,1.5,27.0,A,"YX,YY",-1.112546884022782e-09
validation,2.0,1.5,27.0,A,"YX,YZ",-8.387280858058305e-10
validation,2.0,1.5,27.0,A,"YX,ZI",5.564474544821844e-09
validation,2.0,1.5,27.0,A,"YX,ZX",3.6248727785022858e-09
validation,2.0,1.5,27.0,A,"YX,ZY",4.389040696189489e-09
validation,2.0,1.5,27.0,A,"YX,ZZ",-1.210208056649579e-10
validation,2.0,1.5,27.0,A,"YY,YZ",-7.938818858749571e-11
validation,2.0,1.5,27.0,A,"YY,ZI",-4.691152949967806e-10
validation,2.0,1.5,27.0,A,"YY,ZX",1.0877473053415439e-09
validation,2.0,1.5,27.0,A,"YY,ZY",4.3356560690511725e-10
validation,2.0,1.5,27.0,A,"YY,ZZ",8.351962830642663e-11
validation,2.0,1.5,27.0,A,"YZ,ZI",-1.8590199455170476e-10
validation,2.0,1.5,27.0,A,"YZ,ZX",-4.414891404112699e-09
validation,2.0,1.5,27.0,A,"YZ,ZY",1.1608957929035277e-09
validation,2.0,1.5,27.0,A,"YZ,ZZ",-9.29769674888053e-10
validation,2.0,1.5,27.0,A,"ZI,ZX",-4.091393307145191e-09
validation,2.0,1.5,27.0,A,"ZI,ZY",-4.342522275259636e-09
validation,2.0,1.5,27.0,A,"ZI,ZZ",1.2043196273656875e-09
validation,2.0,1.5,27.0,A,"ZX,ZY",4.455216828322155e-09
validation,2.0,1.5,27.0,A,"ZX,ZZ",4.095283547053226e-09
validation,2.0,1.5,27.0,A,"ZY,ZZ",1.9080765002703574e-10
validation,2.0,3.0,54.0,H,IX,-1.9455604300105188e-08
validation,2.0,3.0,54.0,H,IY,3.5456568550272764e-09
validation,2.0,3.0,54.0,H,IZ,4.694568701886707e-10
validation,2.0,3.0,54.0,H,XI,-1.3786462435033634e-08
validation,2.0,3.0,54.0,H,XX,-0.0002726345006282557
validation,2.0,3.0,54.0,H,XY,3.429247870788088e-09
validation,2.0,3.0,54.0,H,XZ,4.199755570454343e-10
validation,2.0,3.0,54.0,H,YI,-1.3996187400150654e-09
validation,2.0,3.0,54.0,H,YX,-4.028563720758539e-09
validation,2.0,3.0,54.0,H,YY,4.896984899428399e-10
validation,2.0,3.0,54.0,H,YZ,-2.887639045763582e-09
validation,2.0,3.0,54.0,H,ZI,-4.52007087565404e-11
validation,2.0,3.0,54.0,H,ZX,5.699224210418768e-10
validation,2.0,3.0,54.0,H,ZY,-8.107349600220469e-10
validation,2.0,3.0,54.0,H,ZZ,7.902150152641506e-17
validation,2.0,3.0,54.0,S,IX,0.0030869352191555217
validation,2.0,3.0,54.0,S,IY,-3.5805411643420604e-09
validation,2.0,3.0,54.0,S,IZ,-3.993692214605826e-09
validation,2.0,3.0,54.0,S,XI,0.0030869459267577667
validation,2.0,3.0,54.0,S,XX,0.0004644124181398508
validation,2.0,3.0,54.0,S,XY,-4.405454423137001e-09
validation,2.0,3.0,54.0,S,XZ,-7.37680898353979e-11
validation,2.0,3.0,54.0,S,YI,-3.6335721397863507e-09
validation,2.0,3.0,54.0,S,YX,-4.100192188593102e-09
validation,2.0,3.0,54.0,S,YY,-2.3382132818480783e-11
validation,2.0,3.0,54.0,S,YZ,2.308348813744726e-10
validation,2.0,3.0,54.0,S,ZI,-7.55551954670624e-09
validation,2.0,3.0,54.0,S,ZX,-8.03433525199855e-09
validation,2.0,3.0,54.0,S,ZY,-2.7468101577998727e-12
validation,2.0,3.0,54.0,S,ZZ,-6.454429104900405e-10
validation,2.0,3.0,54.0,C,"IX,IY",-6.000024155821121e-10
validation,2.0,3.0,54.0,C,"IX,IZ",-1.2428868666110552e-09
validation,2.0,3.0,54.0,C,"IX,XI",0.003086940841596485
validation,2.0,3.0,54.0,C,"IX,XX",-9.62618729782939e-09
validation,2.0,3.0,54.0,C,"IX,XY",1.0232582418668857e-09
validation,2.0,3.0,54.0,C,"IX,XZ",1.2501481258637237e-09
validation,2.0,3.0,54.0,C,"IX,YI",-8.015911621410649e-11
validation,2.0,3.0,54.0,C,"IX,YX",1.3888897640809554e-09
validation,2.0,3.0,54.0,C,"IX,YY",1.8095229783740653e-09
validation,2.0,3.0,54.0,C,"IX,YZ",1.4333016316117083e-10
validation,2.0,3.0,54.0,C,"IX,ZI",-2.141866725632641e-09
validation,2.0,3.0,54.0,C,"IX,ZX",9.604327938064095e-10
validation,2.0,3.0,54.0,C,"IX,ZY",-3.1434119710284234e-10
validation,2.0,3.0,54.0,C,"IX,ZZ",1.52436336448116e-09
validation,2.0,3.0,54.0,C,"IY,IZ",-3.7454039313247106e-10
validation,2.0,3.0,54.0,C,"IY,XI",-3.9866368826659334e-10
validation,2.0,3.0,54.0,C,"IY,XX",-9.671358742583181e-11
validation,2.0,3.0,54.0,C,"IY,XY",-8.415855427327838e-10
validation,2.0,3.0,54.0,C,"IY,XZ",-1.6571774171826852e-09
validation,2.0,3.0,54.0,C,"IY,YI",4.401696627076807e-10
validation,2.0,3.0,54.0,C,"IY,YX",-1.2874308314407416e-09
validation,2.0,3.0,54.0,C,"IY,YY",3.3197706256049563e-09
validation,2.0,3.0,54.0,C,"IY,YZ",1.1844624794665177e-09
validation,2.0,3.0,54.0,C,"IY,ZI",1.046960971029036e-09
validation,2.0,3.0,54.0,C,"IY,ZX",3.1624287769237945e-10
validation,2.0,3.0,54.0,C,"IY,ZY",2.3965159779132427e-09
validation,2.0,3.0,54.0,C,"IY,ZZ",-1.2109503751530033e-09
validation,2.0,3.0,54.0,C,"IZ,XI",-1.3373952989373741e-09
validation,2.0,3.0,54.0,C,"IZ,XX",-3.333717405165954e-09
validation,2.0,3.0,54.0,C,"IZ,XY",4.542606973365678e-09
validation,2.0,3.0,54.0,C,"IZ,XZ",1.0374146720465292e-09
validation,2.0,3.0,54.0,C,"IZ,YI",3.440457159872021e-10
validation,2.0,3.0,54.0,C,"IZ,YX",4.209228036380329e-11
validation,2.0,3.0,54.0,C,"IZ,YY",-1.3913308806983528e-10
validation,2.0,3.0,54.0,C,"IZ,YZ",-1.3500663821264314e-09
validation,2.0,3.0,54.0,C,"IZ,ZI",-1.842108827612745e-10
validation,2.0,3.0,54.0,C,"IZ,ZX",-5.119319611609467e-10
validation,2.0,3.0,54.0,C,"IZ,ZY",9.038000667277786e-10
validation,2.0,3.0,54.0,C,"IZ,ZZ",-1.350899190815051e-10
validation,2.0,3.0,54.0,C,"XI,XX",-1.9819004877994885e-09
validation,2.0,3.0,54.0,C,"XI,XY",1.3904695397422043e-09
validation,2.0,3.0,54.0,C,"XI,XZ",1.5710388086717674e-09
validation,2.0,3.0,54.0,C,"XI,YI",1.480047574065372e-09
validation,2.0,3.0,54.0,C,"XI,YX",-3.1184486291728225e-10
validation,2.0,3.0,54.0,C,"XI,YY",1.4237152003749774e-09
validation,2.0,3.0,54.0,C,"XI,YZ",3.5487581133347994e-11
validation,2.0,3.0,54.0,C,"XI,ZI",-6.998945549720822e-11
validation,2.0,3.0,54.0,C,"XI,ZX",1.7520646338157203e-09
validation,2.0,3.0,54.0,C,"XI,ZY",1.3542239694712107e-10
validation,2.0,3.0,54.0,C,"XI,ZZ",2.1740056401800235e-09
validation,2.0,3.0,54.0,C,"XX,XY",-4.7164210196392875e-11
validation,2.0,3.0,54.0,C,"XX,XZ",-3.450254397363318e-09
validation,2.0,3.0,54.0,C,"XX,YI",-8.715945364326667e-11
validation,2.0,3.0,54.0,C,"XX,YX",-7.02735617243159e-10
validation,2.0,3.0,54.0,C,"XX,YY",-3.257726339687573e-09
validation,2.0,3.0,54.0,C,"XX,YZ",-6.076484949550643e-10
validation,2.0,3.0,54.0,C,"XX,ZI",4.117546706402626e-09
validation,2.0,3.0,54.0,C,"XX,ZX",1.4887255126575979e-09
validation,2.0,3.0,54.0,C,"XX,ZY",3.064041220751193e-10
validation,2.0,3.0,54.0,C,"XX,ZZ",-7.38868229522745e-11
validation,2.0,3.0,54.0,C,"XY,XZ",-2.049495839448599e-09
validation,2.0,3.0,54.0,C,"XY,YI",-8.092735446391177e-10
validation,2.0,3.0,54.0,C,"XY,YX",2.0510506639423874e-09
validation,2.0,3.0,54.0,C,"XY,YY",2.680421763601796e-10
validation,2.0,3.0,54.0,C,"XY,YZ",1.3735058881381567e-09
validation,2.0,3.0,54.0,C,"XY,ZI",-1.1277974117371124e-09
validation,2.0,3.0,54.0,C,"XY,ZX",-3.650622972605786e-11
validation,2.0,3.0,54.0,C,"XY,ZY",-4.967548157765973e-10
validation,2.0,3.0,54.0,C,"XY,ZZ",1.2178626511375006e-10
validation,2.0,3.0,54.0,C,"XZ,YI",-4.609214788825528e-10
validation,2.0,3.0,54.0,C,"XZ,YX",-7.650418176299475e-10
validation,2.0,3.0,54.0,C,"XZ,YY",3.2413270744817316e-09
validation,2.0,3.0,54.0,C,"XZ,YZ",1.4375697745576538e-09
validation,2.0,3.0,54.0,C,"XZ,ZI",1.9365896668223532e-10
validation,2.0,3.0,54.0,C,"XZ,ZX",-3.2727703637687445e-10
validation,2.0,3.0,54.0,C,"XZ,ZY",1.9016892604795587e-09
validation,2.0,3.0,54.0,C,"XZ,ZZ",-1.1493053107590913e-09
validation,2.0,3.0,54.0,C,"YI,YX",1.5471211864806026e-09
validation,2.0,3.0,54.0,C,"YI,YY",1.751959398557838e-09
validation,2.0,3.0,54.0,C,"YI,YZ",1.5482594263802778e-09
validation,2.0,3.0,54.0,C,"YI,ZI",-5.611908345324614e-09
validation,2.0,3.0,54.0,C,"YI,ZX",-4.704067955347039e-09
validation,2.0,3.0,54.0,C,"YI,ZY",-7.682953345721678e-11
validation,2.0,3.0,54.0,C,"YI,ZZ",-6.702880825096404e-10
validation,2.0,3.0,54.0,C,"YX,YY",-1.6125112916042508e-09
validation,2.0,3.0,54.0,C,"YX,YZ",1.608854622027403e-10
validation,2.0,3.0,54.0,C,"YX,ZI",5.644258075366269e-09
validation,2.0,3.0,54.0,C,"YX,ZX",-3.0462272320590895e-09
validation,2.0,3.0,54.0,C,"YX,ZY",2.0942446408711457e-09
validation,2.0,3.0,54.0,C,"YX,ZZ",2.8651276293166334e-09
validation,2.0,3.0,54.0,C,"YY,YZ",1.5336998328500447e-10
validation,2.0,3.0,54.0,C,"YY,ZI",1.2008571770646518e-09
validation,2.0,3.0,54.0,C,"YY,ZX",1.3775576843510843e-09
validation,2.0,3.0,54.0,C,"YY,ZY",1.1686511558565058e-10
validation,2.0,3.0,54.0,C,"YY,ZZ",3.28961577054053e-10
validation,2.0,3.0,54.0,C,"YZ,ZI",3.494560889622081e-10
validation,2.0,3.0,54.0,C,"YZ,ZX",1.922565263434698e-09
validation,2.0,3.0,54.0,C,"YZ,ZY",3.190939890790334e-10
validation,2.0,3.0,54.0,C,"YZ,ZZ",-4.719291922420581e-11
validation,2.0,3.0,54.0,C,"ZI,ZX",-2.0162776124432553e-09
validation,2.0,3.0,54.0,C,"ZI,ZY",-2.751782653111394e-09
validation,2.0,3.0,54.0,C,"ZI,ZZ",-2.590897597593622e-09
validation,2.0,3.0,54.0,C,"ZX,ZY",3.397003082852971e-11
validation,2.0,3.0,54.0,C,"ZX,ZZ",3.9699901883928316e-10
validation,2.0,3.0,54.0,C,"ZY,ZZ",-7.502194797698611e-11
validation,2.0,3.0,54.0,A,"IX,IY",-1.675490241290047e-09
validation,2.0,3.0,54.0,A,"IX,IZ",3.1371520079305915e-10
validation,2.0,3.0,54.0,A,"IX,XI",4.929310862992282e-09
validation,2.0,3.0,54.0,A,"IX,XX",-1.4955445078815006e-08
validation,2.0,3.0,54.0,A,"IX,XY",1.1481164719652812e-09
validation,2.0,3.0,54.0,A,"IX,XZ",-1.7329855066005426e-10
validation,2.0,3.0,54.0,A,"IX,YI",-2.3906838470726647e-09
validation,2.0,3.0,54.0,A,"IX,YX",5.41793386517051e-10
validation,2.0,3.0,54.0,A,"IX,YY",-1.0230819988075592e-10
validation,2.0,3.0,54.0,A,"IX,YZ",1.3778138716575964e-09
validation,2.0,3.0,54.0,A,"IX,ZI",1.6159592564469703e-09
validation,2.0,3.0,54.0,A,"IX,ZX",-2.3306207055294863e-09
validation,2.0,3.0,54.0,A,"IX,ZY",-9.969879972449812e-10
validation,2.0,3.0,54.0,A,"IX,ZZ",-1.9635911503520007e-10
validation,2.0,3.0,54.0,A,"IY,IZ",4.300723008908735e-09
validation,2.0,3.0,54.0,A,"IY,XI",1.9214202099364097e-09
validation,2.0,3.0,54.0,A,"IY,XX",6.259015855534435e-10
validation,2.0,3.0,54.0,A,"IY,XY",-4.4138785050435435e-09
validation,2.0,3.0,54.0,A,"IY,XZ",-7.745274426158855e-10
validation,2.0,3.0,54.0,A,"IY,YI",2.20300529964435e-10
validation,2.0,3.0,54.0,A,"IY,YX",9.2571373465186e-10
validation,2.0,3.0,54.0,A,"IY,YY",9.509186815591087e-10
validation,2.0,3.0,54.0,A,"IY,YZ",1.923469475753695e-09
validation,2.0,3.0,54.0,A,"IY,ZI",-1.1382238509376997e-10
validation,2.0,3.0,54.0,A,"IY,ZX",1.200396749292245e-09
validation,2.0,3.0,54.0,A,"IY,ZY",-9.743226413209729e-11
validation,2.0,3.0,54.0,A,"IY,ZZ",8.063231309156573e-11
validation,2.0,3.0,54.0,A,"IZ,XI",-4.4425778141467376e-11
validation,2.0,3.0,54.0,A,"IZ,XX",-7.284489405917246e-10
validation,2.0,3.0,54.0,A,"IZ,XY",-9.756188990364678e-10
validation,2.0,3.0,54.0,A,"IZ,XZ",-2.6318836468692415e-09
validation,2.0,3.0,54.0,A,"IZ,YI",-9.545574180722868e-10
validation,2.0,3.0,54.0,A,"IZ,YX",-1.0397934338187152e-11
validation,2.0,3.0,54.0,A,"IZ,YY",2.5263360622093382e-09
validation,2.0,3.0,54.0,A,"IZ,YZ",1.1710890798040934e-09
validation,2.0,3.0,54.0,A,"IZ,ZI",4.549451299501161e-10
validation,2.0,3.0,54.0,A,"IZ,ZX",-6.010572360655265e-10
validation,2.0,3.0,54.0,A,"IZ,ZY",1.7799827688910937e-09
validation,2.0,3.0,54.0,A,"IZ,ZZ",-9.679271866750744e-10
validation,2.0,3.0,54.0,A,"XI,XX",-2.0624361938884528e-08
validation,2.0,3.0,54.0,A,"XI,XY",1.5207100678423646e-09
validation,2.0,3.0,54.0,A,"XI,XZ",-1.1497167923401689e-10
validation,2.0,3.0,54.0,A,"XI,YI",-1.3141040806273084e-09
validation,2.0,3.0,54.0,A,"XI,YX",1.6873922483292376e-09
validation,2.0,3.0,54.0,A,"XI,YY",-1.9895556162538144e-10
validation,2.0,3.0,54.0,A,"XI,YZ",8.824411586804349e-10
validation,2.0,3.0,54.0,A,"XI,ZI",1.4374813565666497e-09
validation,2.0,3.0,54.0,A,"XI,ZX",-3.5151150447994177e-10
validation,2.0,3.0,54.0,A,"XI,ZY",-8.961771522684738e-10
validation,2.0,3.0,54.0,A,"XI,ZZ",-4.811660110544297e-10
validation,2.0,3.0,54.0,A,"XX,XY",-5.726183896850515e-09
validation,2.0,3.0,54.0,A,"XX,XZ",-9.670803509822394e-10
validation,2.0,3.0,54.0,A,"XX,YI",5.562552052909619e-09
validation,2.0,3.0,54.0,A,"XX,YX",7.235676754625446e-10
validation,2.0,3.0,54.0,A,"XX,YY",-4.315172353736056e-14
validation,2.0,3.0,54.0,A,"XX,YZ",5.78105965522964e-10
validation,2.0,3.0,54.0,A,"XX,ZI",-1.6030612088346533e-09
validation,2.0,3.0,54.0,A,"XX,ZX",1.2299042479709737e-09
validation,2.0,3.0,54.0,A,"XX,ZY",2.6548761476040964e-09
validation,2.0,3.0,54.0,A,"XX,ZZ",4.895346543995273e-10
validation,2.0,3.0,54.0,A,"XY,XZ",2.6394071383432484e-09
validation,2.0,3.0,54.0,A,"XY,YI",-6.616500018266417e-10
validation,2.0,3.0,54.0,A,"XY,YX",4.1254966473911364e-11
validation,2.0,3.0,54.0,A,"XY,YY",-3.0999850895809325e-09
validation,2.0,3.0,54.0,A,"XY,YZ",-1.4871678083037891e-09
validation,2.0,3.0,54.0,A,"XY,ZI",-2.314633476851677e-10
validation,2.0,3.0,54.0,A,"XY,ZX",-6.323628870202299e-10
validation,2.0,3.0,54.0,A,"XY,ZY",-2.610870909116372e-09
validation,2.0,3.0,54.0,A,"XY,ZZ",1.0092685886223647e-09
validation,2.0,3.0,54.0,A,"XZ,YI",-1.359779960575186e-10
validation,2.0,3.0,54.0,A,"XZ,YX",-3.111357274892041e-11
validation,2.0,3.0,54.0,A,"XZ,YY",2.2326193607132824e-10
validation,2.0,3.0,54.0,A,"XZ,YZ",1.9164618368443677e-09
validation,2.0,3.0,54.0,A,"XZ,ZI",7.571646711838451e-10
validation,2.0,3.0,54.0,A,"XZ,ZX",2.5776135311711357e-10
validation,2.0,3.0,54.0,A,"XZ,ZY",-2.884457668611256e-10
validation,2.0,3.0,54.0,A,"XZ,ZZ",5.837420125741138e-10
validation,2.0,3.0,54.0,A,"YI,YX",-3.7300960194577656e-09
validation,2.0,3.0,54.0,A,"YI,YY",-5.670042392710945e-10
validation,2.0,3.0,54.0,A,"YI,YZ",9.279553039251479e-10
validation,2.0,3.0,54.0,A,"YI,ZI",3.507642827238009e-09
validation,2.0,3.0,54.0,A,"YI,ZX",-4.472608082289539e-09
validation,2.0,3.0,54.0,A,"YI,ZY",1.957551488204091e-09
validation,2.0,3.0,54.0,A,"YI,ZZ",2.393323197891245e-09
validation,2.0,3.0,54.0,A,"YX,YY",-1.4367708787587077e-09
validation,2.0,3.0,54.0,A,"YX,YZ",-2.3401336278863402e-09
validation,2.0,3.0,54.0,A,"YX,ZI",4.3816126661178414e-09
validation,2.0,3.0,54.0,A,"YX,ZX",6.716383204450073e-09
validation,2.0,3.0,54.0,A,"YX,ZY",-6.365932779532614e-10
validation,2.0,3.0,54.0,A,"YX,ZZ",-4.1584044534301133e-10
validation,2.0,3.0,54.0,A,"YY,YZ",3.6140442745232476e-11
validation,2.0,3.0,54.0,A,"YY,ZI",-4.1479740512269237e-10
validation,2.0,3.0,54.0,A,"YY,ZX",6.266679504141929e-10
validation,2.0,3.0,54.0,A,"YY,ZY",6.392352177495862e-10
validation,2.0,3.0,54.0,A,"YY,ZZ",4.269227338185924e-11
validation,2.0,3.0,54.0,A,"YZ,ZI",-1.8625824720936622e-09
validation,2.0,3.0,54.0,A,"YZ,ZX",-6.514240280417717e-10
validation,2.0,3.0,54.0,A,"YZ,ZY",-3.1440928433359473e-11
validation,2.0,3.0,54.0,A,"YZ,ZZ",-2.53833631711995e-10
validation,2.0,3.0,54.0,A,"ZI,ZX",-7.645303890162334e-09
validation,2.0,3.0,54.0,A,"ZI,ZY",3.027577222509288e-10
validation,2.0,3.0,54.0,A,"ZI,ZZ",1.363377560166441e-09
validation,2.0,3.0,54.0,A,"ZX,ZY",3.073414795378693e-09
validation,2.0,3.0,54.0,A,"ZX,ZZ",2.9236904971192203e-09
validation,2.0,3.0,54.0,A,"ZY,ZZ",4.534076153584458e-10
training,3.0,0.0,0.0,H,IX,0.0
training,3.0,0.0,0.0,H,IY,0.0
training,3.0,0.0,0.0,H,IZ,0.0
training,3.0,0.0,0.0,H,XI,0.0
training,3.0,0.0,0.0,H,XX,0.0
training,3.0,0.0,0.0,H,XY,0.0
training,3.0,0.0,0.0,H,XZ,0.0
training,3.0,0.0,0.0,H,YI,0.0
training,3.0,0.0,0.0,H,YX,0.0
training,3.0,0.0,0.0,H,YY,0.0
training,3.0,0.0,0.0,H,YZ,0.0
training,3.0,0.0,0.0,H,ZI,0.0
training,3.0,0.0,0.0,H,ZX,0.0
training,3.0,0.0,0.0,H,ZY,0.0
training,3.0,0.0,0.0,H,ZZ,0.0
training,3.0,0.0,0.0,S,IX,0.0
training,3.0,0.0,0.0,S,IY,0.0
training,3.0,0.0,0.0,S,IZ,0.0
training,3.0,0.0,0.0,S,XI,0.0
training,3.0,0.0,0.0,S,XX,0.0
training,3.0,0.0,0.0,S,XY,0.0
training,3.0,0.0,0.0,S,XZ,0.0
training,3.0,0.0,0.0,S,YI,0.0
training,3.0,0.0,0.0,S,YX,0.0
training,3.0,0.0,0.0,S,YY,0.0
training,3.0,0.0,0.0,S,YZ,0.0
training,3.0,0.0,0.0,S,ZI,0.0
training,3.0,0.0,0.0,S,ZX,0.0
training,3.0,0.0,0.0,S,ZY,0.0
training,3.0,0.0,0.0,S,ZZ,0.0
training,3.0,0.0,0.0,C,"IX,IY",0.0
training,3.0,0.0,0.0,C,"IX,IZ",0.0
training,3.0,0.0,0.0,C,"IX,XI",0.0
training,3.0,0.0,0.0,C,"IX,XX",0.0
training,3.0,0.0,0.0,C,"IX,XY",0.0
training,3.0,0.0,0.0,C,"IX,XZ",0.0
training,3.0,0.0,0.0,C,"IX,YI",0.0
training,3.0,0.0,0.0,C,"IX,YX",0.0
training,3.0,0.0,0.0,C,"IX,YY",0.0
training,3.0,0.0,0.0,C,"IX,YZ",0.0
training,3.0,0.0,0.0,C,"IX,ZI",0.0
training,3.0,0.0,0.0,C,"IX,ZX",0.0
training,3.0,0.0,0.0,C,"IX,ZY",0.0
training,3.0,0.0,0.0,C,"IX,ZZ",0.0
training,3.0,0.0,0.0,C,"IY,IZ",0.0
training,3.0,0.0,0.0,C,"IY,XI",0.0
training,3.0,0.0,0.0,C,"IY,XX",0.0
training,3.0,0.0,0.0,C,"IY,XY",0.0
training,3.0,0.0,0.0,C,"IY,XZ",0.0
training,3.0,0.0,0.0,C,"IY,YI",0.0
training,3.0,0.0,0.0,C,"IY,YX",0.0
training,3.0,0.0,0.0,C,"IY,YY",0.0
training,3.0,0.0,0.0,C,"IY,YZ",0.0
training,3.0,0.0,0.0,C,"IY,ZI",0.0
training,3.0,0.0,0.0,C,"IY,ZX",0.0
training,3.0,0.0,0.0,C,"IY,ZY",0.0
training,3.0,0.0,0.0,C,"IY,ZZ",0.0
training,3.0,0.0,0.0,C,"IZ,XI",0.0
training,3.0,0.0,0.0,C,"IZ,XX",0.0
training,3.0,0.0,0.0,C,"IZ,XY",0.0
training,3.0,0.0,0.0,C,"IZ,XZ",0.0
training,3.0,0.0,0.0,C,"IZ,YI",0.0
training,3.0,0.0,0.0,C,"IZ,YX",0.0
training,3.0,0.0,0.0,C,"IZ,YY",0.0
training,3.0,0.0,0.0,C,"IZ,YZ",0.0
training,3.0,0.0,0.0,C,"IZ,ZI",0.0
training,3.0,0.0,0.0,C,"IZ,ZX",0.0
training,3.0,0.0,0.0,C,"IZ,ZY",0.0
training,3.0,0.0,0.0,C,"IZ,ZZ",0.0
training,3.0,0.0,0.0,C,"XI,XX",0.0
training,3.0,0.0,0.0,C,"XI,XY",0.0
training,3.0,0.0,0.0,C,"XI,XZ",0.0
training,3.0,0.0,0.0,C,"XI,YI",0.0
training,3.0,0.0,0.0,C,"XI,YX",0.0
training,3.0,0.0,0.0,C,"XI,YY",0.0
training,3.0,0.0,0.0,C,"XI,YZ",0.0
training,3.0,0.0,0.0,C,"XI,ZI",0.0
training,3.0,0.0,0.0,C,"XI,ZX",0.0
training,3.0,0.0,0.0,C,"XI,ZY",0.0
training,3.0,0.0,0.0,C,"XI,ZZ",0.0
training,3.0,0.0,0.0,C,"XX,XY",0.0
training,3.0,0.0,0.0,C,"XX,XZ",0.0
training,3.0,0.0,0.0,C,"XX,YI",0.0
training,3.0,0.0,0.0,C,"XX,YX",0.0
training,3.0,0.0,0.0,C,"XX,YY",0.0
training,3.0,0.0,0.0,C,"XX,YZ",0.0
training,3.0,0.0,0.0,C,"XX,ZI",0.0
training,3.0,0.0,0.0,C,"XX,ZX",0.0
training,3.0,0.0,0.0,C,"XX,ZY",0.0
training,3.0,0.0,0.0,C,"XX,ZZ",0.0
training,3.0,0.0,0.0,C,"XY,XZ",0.0
training,3.0,0.0,0.0,C,"XY,YI",0.0
training,3.0,0.0,0.0,C,"XY,YX",0.0
training,3.0,0.0,0.0,C,"XY,YY",0.0
training,3.0,0.0,0.0,C,"XY,YZ",0.0
training,3.0,0.0,0.0,C,"XY,ZI",0.0
training,3.0,0.0,0.0,C,"XY,ZX",0.0
training,3.0,0.0,0.0,C,"XY,ZY",0.0
training,3.0,0.0,0.0,C,"XY,ZZ",0.0
training,3.0,0.0,0.0,C,"XZ,YI",0.0
training,3.0,0.0,0.0,C,"XZ,YX",0.0
training,3.0,0.0,0.0,C,"XZ,YY",0.0
training,3.0,0.0,0.0,C,"XZ,YZ",0.0
training,3.0,0.0,0.0,C,"XZ,ZI",0.0
training,3.0,0.0,0.0,C,"XZ,ZX",0.0
training,3.0,0.0,0.0,C,"XZ,ZY",0.0
training,3.0,0.0,0.0,C,"XZ,ZZ",0.0
training,3.0,0.0,0.0,C,"YI,YX",0.0
training,3.0,0.0,0.0,C,"YI,YY",0.0
training,3.0,0.0,0.0,C,"YI,YZ",0.0
training,3.0,0.0,0.0,C,"YI,ZI",0.0
training,3.0,0.0,0.0,C,"YI,ZX",0.0
training,3.0,0.0,0.0,C,"YI,ZY",0.0
training,3.0,0.0,0.0,C,"YI,ZZ",0.0
training,3.0,0.0,0.0,C,"YX,YY",0.0
training,3.0,0.0,0.0,C,"YX,YZ",0.0
training,3.0,0.0,0.0,C,"YX,ZI",0.0
training,3.0,0.0,0.0,C,"YX,ZX",0.0
training,3.0,0.0,0.0,C,"YX,ZY",0.0
training,3.0,0.0,0.0,C,"YX,ZZ",0.0
training,3.0,0.0,0.0,C,"YY,YZ",0.0
training,3.0,0.0,0.0,C,"YY,ZI",0.0
training,3.0,0.0,0.0,C,"YY,ZX",0.0
training,3.0,0.0,0.0,C,"YY,ZY",0.0
training,3.0,0.0,0.0,C,"YY,ZZ",0.0
training,3.0,0.0,0.0,C,"YZ,ZI",0.0
training,3.0,0.0,0.0,C,"YZ,ZX",0.0
training,3.0,0.0,0.0,C,"YZ,ZY",0.0
training,3.0,0.0,0.0,C,"YZ,ZZ",0.0
training,3.0,0.0,0.0,C,"ZI,ZX",0.0
training,3.0,0.0,0.0,C,"ZI,ZY",0.0
training,3.0,0.0,0.0,C,"ZI,ZZ",0.0
training,3.0,0.0,0.0,C,"ZX,ZY",0.0
training,3.0,0.0,0.0,C,"ZX,ZZ",0.0
training,3.0,0.0,0.0,C,"ZY,ZZ",0.0
training,3.0,0.0,0.0,A,"IX,IY",0.0
training,3.0,0.0,0.0,A,"IX,IZ",0.0
training,3.0,0.0,0.0,A,"IX,XI",0.0
training,3.0,0.0,0.0,A,"IX,XX",0.0
training,3.0,0.0,0.0,A,"IX,XY",0.0
training,3.0,0.0,0.0,A,"IX,XZ",0.0
training,3.0,0.0,0.0,A,"IX,YI",0.0
training,3.0,0.0,0.0,A,"IX,YX",0.0
training,3.0,0.0,0.0,A,"IX,YY",0.0
training,3.0,0.0,0.0,A,"IX,YZ",0.0
training,3.0,0.0,0.0,A,"IX,ZI",0.0
training,3.0,0.0,0.0,A,"IX,ZX",0.0
training,3.0,0.0,0.0,A,"IX,ZY",0.0
training,3.0,0.0,0.0,A,"IX,ZZ",0.0
training,3.0,0.0,0.0,A,"IY,IZ",0.0
training,3.0,0.0,0.0,A,"IY,XI",0.0
training,3.0,0.0,0.0,A,"IY,XX",0.0
training,3.0,0.0,0.0,A,"IY,XY",0.0
training,3.0,0.0,0.0,A,"IY,XZ",0.0
training,3.0,0.0,0.0,A,"IY,YI",0.0
training,3.0,0.0,0.0,A,"IY,YX",0.0
training,3.0,0.0,0.0,A,"IY,YY",0.0
training,3.0,0.0,0.0,A,"IY,YZ",0.0
training,3.0,0.0,0.0,A,"IY,ZI",0.0
training,3.0,0.0,0.0,A,"IY,ZX",0.0
training,3.0,0.0,0.0,A,"IY,ZY",0.0
training,3.0,0.0,0.0,A,"IY,ZZ",0.0
training,3.0,0.0,0.0,A,"IZ,XI",0.0
training,3.0,0.0,0.0,A,"IZ,XX",0.0
training,3.0,0.0,0.0,A,"IZ,XY",0.0
training,3.0,0.0,0.0,A,"IZ,XZ",0.0
training,3.0,0.0,0.0,A,"IZ,YI",0.0
training,3.0,0.0,0.0,A,"IZ,YX",0.0
training,3.0,0.0,0.0,A,"IZ,YY",0.0
training,3.0,0.0,0.0,A,"IZ,YZ",0.0
training,3.0,0.0,0.0,A,"IZ,ZI",0.0
training,3.0,0.0,0.0,A,"IZ,ZX",0.0
training,3.0,0.0,0.0,A,"IZ,ZY",0.0
training,3.0,0.0,0.0,A,"IZ,ZZ",0.0
training,3.0,0.0,0.0,A,"XI,XX",0.0
training,3.0,0.0,0.0,A,"XI,XY",0.0
training,3.0,0.0,0.0,A,"XI,XZ",0.0
training,3.0,0.0,0.0,A,"XI,YI",0.0
training,3.0,0.0,0.0,A,"XI,YX",0.0
training,3.0,0.0,0.0,A,"XI,YY",0.0
training,3.0,0.0,0.0,A,"XI,YZ",0.0
training,3.0,0.0,0.0,A,"XI,ZI",0.0
training,3.0,0.0,0.0,A,"XI,ZX",0.0
training,3.0,0.0,0.0,A,"XI,ZY",0.0
training,3.0,0.0,0.0,A,"XI,ZZ",0.0
training,3.0,0.0,0.0,A,"XX,XY",0.0
training,3.0,0.0,0.0,A,"XX,XZ",0.0
training,3.0,0.0,0.0,A,"XX,YI",0.0
training,3.0,0.0,0.0,A,"XX,YX",0.0
training,3.0,0.0,0.0,A,"XX,YY",0.0
training,3.0,0.0,0.0,A,"XX,YZ",0.0
training,3.0,0.0,0.0,A,"XX,ZI",0.0
training,3.0,0.0,0.0,A,"XX,ZX",0.0
training,3.0,0.0,0.0,A,"XX,ZY",0.0
training,3.0,0.0,0.0,A,"XX,ZZ",0.0
training,3.0,0.0,0.0,A,"XY,XZ",0.0
training,3.0,0.0,0.0,A,"XY,YI",0.0
training,3.0,0.0,0.0,A,"XY,YX",0.0
training,3.0,0.0,0.0,A,"XY,YY",0.0
training,3.0,0.0,0.0,A,"XY,YZ",0.0
training,3.0,0.0,0.0,A,"XY,ZI",0.0
training,3.0,0.0,0.0,A,"XY,ZX",0.0
training,3.0,0.0,0.0,A,"XY,ZY",0.0
training,3.0,0.0,0.0,A,"XY,ZZ",0.0
training,3.0,0.0,0.0,A,"XZ,YI",0.0
training,3.0,0.0,0.0,A,"XZ,YX",0.0
training,3.0,0.0,0.0,A,"XZ,YY",0.0
training,3.0,0.0,0.0,A,"XZ,YZ",0.0
training,3.0,0.0,0.0,A,"XZ,ZI",0.0
training,3.0,0.0,0.0,A,"XZ,ZX",0.0
training,3.0,0.0,0.0,A,"XZ,ZY",0.0
training,3.0,0.0,0.0,A,"XZ,ZZ",0.0
training,3.0,0.0,0.0,A,"YI,YX",0.0
training,3.0,0.0,0.0,A,"YI,YY",0.0
training,3.0,0.0,0.0,A,"YI,YZ",0.0
training,3.0,0.0,0.0,A,"YI,ZI",0.0
training,3.0,0.0,0.0,A,"YI,ZX",0.0
training,3.0,0.0,0.0,A,"YI,ZY",0.0
training,3.0,0.0,0.0,A,"YI,ZZ",0.0
training,3.0,0.0,0.0,A,"YX,YY",0.0
training,3.0,0.0,0.0,A,"YX,YZ",0.0
training,3.0,0.0,0.0,A,"YX,ZI",0.0
training,3.0,0.0,0.0,A,"YX,ZX",0.0
training,3.0,0.0,0.0,A,"YX,ZY",0.0
training,3.0,0.0,0.0,A,"YX,ZZ",0.0
training,3.0,0.0,0.0,A,"YY,YZ",0.0
training,3.0,0.0,0.0,A,"YY,ZI",0.0
training,3.0,0.0,0.0,A,"YY,ZX",0.0
training,3.0,0.0,0.0,A,"YY,ZY",0.0
training,3.0,0.0,0.0,A,"YY,ZZ",0.0
training,3.0,0.0,0.0,A,"YZ,ZI",0.0
training,3.0,0.0,0.0,A,"YZ,ZX",0.0
training,3.0,0.0,0.0,A,"YZ,ZY",0.0
training,3.0,0.0,0.0,A,"YZ,ZZ",0.0
training,3.0,0.0,0.0,A,"ZI,ZX",0.0
training,3.0,0.0,0.0,A,"ZI,ZY",0.0
training,3.0,0.0,0.0,A,"ZI,ZZ",0.0
training,3.0,0.0,0.0,A,"ZX,ZY",0.0
training,3.0,0.0,0.0,A,"ZX,ZZ",0.0
training,3.0,0.0,0.0,A,"ZY,ZZ",0.0
training,3.0,0.5,9.0,H,IX,-1.3418252362713604e-08
training,3.0,0.5,9.0,H,IY,-9.875351545613284e-09
training,3.0,0.5,9.0,H,IZ,-2.2279866809092005e-10
training,3.0,0.5,9.0,H,XI,3.5871844876954156e-08
training,3.0,0.5,9.0,H,XX,-8.068772479607413e-05
training,3.0,0.5,9.0,H,XY,5.505704965852807e-09
training,3.0,0.5,9.0,H,XZ,6.505362438602417e-09
training,3.0,0.5,9.0,H,YI,-3.2252889936350545e-08
training,3.0,0.5,9.0,H,YX,-4.258913574326315e-08
training,3.0,0.5,9.0,H,YY,1.8113405767591446e-08
training,3.0,0.5,9.0,H,YZ,1.8862206388196733e-09
training,3.0,0.5,9.0,H,ZI,-4.8220256074917665e-09
training,3.0,0.5,9.0,H,ZX,5.483465261459666e-09
training,3.0,0.5,9.0,H,ZY,1.4934607228957788e-08
training,3.0,0.5,9.0,H,ZZ,-1.2466422976890506e-15
training,3.0,0.5,9.0,S,IX,0.00071344531836378
training,3.0,0.5,9.0,S,IY,7.037109436077056e-09
training,3.0,0.5,9.0,S,IZ,2.4062705916900497e-09
training,3.0,0.5,9.0,S,XI,0.0007135178795184075
training,3.0,0.5,9.0,S,XX,6.827583190493274e-05
training,3.0,0.5,9.0,S,XY,1.570626161447779e-08
training,3.0,0.5,9.0,S,XZ,2.2093259506421065e-08
training,3.0,0.5,9.0,S,YI,1.747103194055374e-08
training,3.0,0.5,9.0,S,YX,1.7176997420406074e-08
training,3.0,0.5,9.0,S,YY,3.9464173359326365e-09
training,3.0,0.5,9.0,S,YZ,9.9602679490122e-09
training,3.0,0.5,9.0,S,ZI,4.88506684928646e-09
training,3.0,0.5,9.0,S,ZX,2.249446062483674e-09
training,3.0,0.5,9.0,S,ZY,-1.7944043298500408e-09
training,3.0,0.5,9.0,S,ZZ,-5.0009991052826774e-09
training,3.0,0.5,9.0,C,"IX,IY",1.3908401621374012e-09
training,3.0,0.5,9.0,C,"IX,IZ",8.367609870851127e-09
training,3.0,0.5,9.0,C,"IX,XI",0.000713472019286693
training,3.0,0.5,9.0,C,"IX,XX",1.6917465725396956e-08
training,3.0,0.5,9.0,C,"IX,XY",-5.4682920722299225e-09
training,3.0,0.5,9.0,C,"IX,XZ",-4.7453455971615436e-09
training,3.0,0.5,9.0,C,"IX,YI",1.8823600242735023e-09
training,3.0,0.5,9.0,C,"IX,YX",-1.3459966328078135e-09
training,3.0,0.5,9.0,C,"IX,YY",-2.258005155331313e-09
training,3.0,0.5,9.0,C,"IX,YZ",-4.041598932447005e-09
training,3.0,0.5,9.0,C,"IX,ZI",-3.1559535192147765e-09
training,3.0,0.5,9.0,C,"IX,ZX",-3.7422413678094e-09
training,3.0,0.5,9.0,C,"IX,ZY",5.99971458749583e-10
training,3.0,0.5,9.0,C,"IX,ZZ",-9.778603408812152e-09
training,3.0,0.5,9.0,C,"IY,IZ",-4.4640808046432125e-09
training,3.0,0.5,9.0,C,"IY,XI",1.0277159054242222e-09
training,3.0,0.5,9.0,C,"IY,XX",9.431858604087305e-09
training,3.0,0.5,9.0,C,"IY,XY",-2.6748468403481385e-09
training,3.0,0.5,9.0,C,"IY,XZ",1.3396388449016163e-08
training,3.0,0.5,9.0,C,"IY,YI",-1.9620802255731278e-10
training,3.0,0.5,9.0,C,"IY,YX",5.21092593926637e-09
training,3.0,0.5,9.0,C,"IY,YY",6.835243354823923e-09
training,3.0,0.5,9.0,C,"IY,YZ",3.7198268777599247e-09
training,3.0,0.5,9.0,C,"IY,ZI",1.5201476707178093e-09
training,3.0,0.5,9.0,C,"IY,ZX",-1.20747838742798e-09
training,3.0,0.5,9.0,C,"IY,ZY",9.032415982660201e-09
training,3.0,0.5,9.0,C,"IY,ZZ",-6.839587122505541e-09
training,3.0,0.5,9.0,C,"IZ,XI",6.234051274666186e-09
training,3.0,0.5,9.0,C,"IZ,XX",-7.210755382855404e-09
training,3.0,0.5,9.0,C,"IZ,XY",-1.583037755616384e-10
training,3.0,0.5,9.0,C,"IZ,XZ",-9.378658276326654e-09
training,3.0,0.5,9.0,C,"IZ,YI",-5.4843329468261005e-09
training,3.0,0.5,9.0,C,"IZ,YX",-7.97448267973232e-09
training,3.0,0.5,9.0,C,"IZ,YY",-9.939136369959587e-09
training,3.0,0.5,9.0,C,"IZ,YZ",-1.6460070226927772e-10
training,3.0,0.5,9.0,C,"IZ,ZI",-4.262261797590648e-09
training,3.0,0.5,9.0,C,"IZ,ZX",-2.2180100602940827e-09
training,3.0,0.5,9.0,C,"IZ,ZY",-3.2004974781732397e-09
training,3.0,0.5,9.0,C,"IZ,ZZ",1.550787883924023e-09
training,3.0,0.5,9.0,C,"XI,XX",3.7019923731935756e-08
training,3.0,0.5,9.0,C,"XI,XY",-2.702025319782969e-09
training,3.0,0.5,9.0,C,"XI,XZ",-5.414376439894163e-09
training,3.0,0.5,9.0,C,"XI,YI",4.173758631757588e-09
training,3.0,0.5,9.0,C,"XI,YX",-8.756890775363659e-10
training,3.0,0.5,9.0,C,"XI,YY",-7.096486015805204e-09
training,3.0,0.5,9.0,C,"XI,YZ",4.637691670364026e-09
training,3.0,0.5,9.0,C,"XI,ZI",-8.118628806863896e-10
training,3.0,0.5,9.0,C,"XI,ZX",-1.6418274072742597e-09
training,3.0,0.5,9.0,C,"XI,ZY",-1.1975697379588786e-09
training,3.0,0.5,9.0,C,"XI,ZZ",-7.039195570215741e-09
training,3.0,0.5,9.0,C,"XX,XY",2.704355794324557e-09
training,3.0,0.5,9.0,C,"XX,XZ",8.170133231872004e-09
training,3.0,0.5,9.0,C,"XX,YI",6.064798420134969e-09
training,3.0,0.5,9.0,C,"XX,YX",-4.240304005277837e-09
training,3.0,0.5,9.0,C,"XX,YY",1.0094458462689135e-08
training,3.0,0.5,9.0,C,"XX,YZ",-7.873200165671333e-09
training,3.0,0.5,9.0,C,"XX,ZI",4.074443845315758e-08
training,3.0,0.5,9.0,C,"XX,ZX",3.040874431818197e-08
training,3.0,0.5,9.0,C,"XX,ZY",-7.366634565179954e-09
training,3.0,0.5,9.0,C,"XX,ZZ",1.771189765272125e-09
training,3.0,0.5,9.0,C,"XY,XZ",-2.815796729238277e-09
training,3.0,0.5,9.0,C,"XY,YI",7.682178029828316e-09
training,3.0,0.5,9.0,C,"XY,YX",-6.144412485791107e-09
training,3.0,0.5,9.0,C,"XY,YY",7.834661276804825e-09
training,3.0,0.5,9.0,C,"XY,YZ",-1.2209570997693983e-08
training,3.0,0.5,9.0,C,"XY,ZI",-4.552351075623612e-09
training,3.0,0.5,9.0,C,"XY,ZX",7.869064778853363e-09
training,3.0,0.5,9.0,C,"XY,ZY",-5.868410971517566e-09
training,3.0,0.5,9.0,C,"XY,ZZ",6.395844385356038e-09
training,3.0,0.5,9.0,C,"XZ,YI",-4.862889098904403e-10
training,3.0,0.5,9.0,C,"XZ,YX",4.845433817416924e-09
training,3.0,0.5,9.0,C,"XZ,YY",1.0570984266557107e-08
training,3.0,0.5,9.0,C,"XZ,YZ",5.875631263187814e-09
training,3.0,0.5,9.0,C,"XZ,ZI",4.870262515686386e-10
training,3.0,0.5,9.0,C,"XZ,ZX",-1.2109761311915144e-09
training,3.0,0.5,9.0,C,"XZ,ZY",1.4263337574307747e-08
training,3.0,0.5,9.0,C,"XZ,ZZ",-1.2725555110026079e-08
training,3.0,0.5,9.0,C,"YI,YX",2.00820275298634e-08
training,3.0,0.5,9.0,C,"YI,YY",1.8000898494119845e-09
training,3.0,0.5,9.0,C,"YI,YZ",8.375603892347277e-10
training,3.0,0.5,9.0,C,"YI,ZI",1.5475787252345588e-08
training,3.0,0.5,9.0,C,"YI,ZX",6.467235792925865e-09
training,3.0,0.5,9.0,C,"YI,ZY",-2.28043497910233e-09
training,3.0,0.5,9.0,C,"YI,ZZ",2.2522707549970936e-09
training,3.0,0.5,9.0,C,"YX,YY",9.438667938829098e-09
training,3.0,0.5,9.0,C,"YX,YZ",4.163790594556099e-09
training,3.0,0.5,9.0,C,"YX,ZI",1.2894587558230574e-08
training,3.0,0.5,9.0,C,"YX,ZX",8.476270435649537e-09
training,3.0,0.5,9.0,C,"YX,ZY",-1.143219252825809e-09
training,3.0,0.5,9.0,C,"YX,ZZ",-3.592443106552312e-09
training,3.0,0.5,9.0,C,"YY,YZ",1.8044764229719062e-09
training,3.0,0.5,9.0,C,"YY,ZI",2.4501178620929942e-09
training,3.0,0.5,9.0,C,"YY,ZX",-2.1775302084592884e-09
training,3.0,0.5,9.0,C,"YY,ZY",1.129815582808706e-08
training,3.0,0.5,9.0,C,"YY,ZZ",-8.596545028724447e-09
training,3.0,0.5,9.0,C,"YZ,ZI",7.107230716268025e-09
training,3.0,0.5,9.0,C,"YZ,ZX",2.698083713118496e-10
training,3.0,0.5,9.0,C,"YZ,ZY",-2.520286870421728e-09
training,3.0,0.5,9.0,C,"YZ,ZZ",2.718531842512761e-09
training,3.0,0.5,9.0,C,"ZI,ZX",6.54256153327877e-09
training,3.0,0.5,9.0,C,"ZI,ZY",4.161748082226262e-09
training,3.0,0.5,9.0,C,"ZI,ZZ",-5.105413710922497e-09
training,3.0,0.5,9.0,C,"ZX,ZY",-6.555167185653031e-10
training,3.0,0.5,9.0,C,"ZX,ZZ",2.1981312315661437e-09
training,3.0,0.5,9.0,C,"ZY,ZZ",-2.346818761255567e-11
training,3.0,0.5,9.0,A,"IX,IY",7.631531855702218e-09
training,3.0,0.5,9.0,A,"IX,IZ",5.4031960611473706e-09
training,3.0,0.5,9.0,A,"IX,XI",4.7711859226462215e-08
training,3.0,0.5,9.0,A,"IX,XX",3.916124978667801e-08
training,3.0,0.5,9.0,A,"IX,XY",-6.505751757504679e-09
training,3.0,0.5,9.0,A,"IX,XZ",9.949333838693945e-10
training,3.0,0.5,9.0,A,"IX,YI",1.6245538913559276e-10
training,3.0,0.5,9.0,A,"IX,YX",-1.4652016491148017e-08
training,3.0,0.5,9.0,A,"IX,YY",-8.458687326891176e-09
training,3.0,0.5,9.0,A,"IX,YZ",2.5044845690003836e-09
training,3.0,0.5,9.0,A,"IX,ZI",-3.56348358419118e-09
training,3.0,0.5,9.0,A,"IX,ZX",-5.843611946096878e-09
training,3.0,0.5,9.0,A,"IX,ZY",-7.928375292406236e-09
training,3.0,0.5,9.0,A,"IX,ZZ",-1.0479132665580896e-08
training,3.0,0.5,9.0,A,"IY,IZ",-1.1997662056406297e-09
training,3.0,0.5,9.0,A,"IY,XI",-6.273490283044166e-09
training,3.0,0.5,9.0,A,"IY,XX",6.739895077006206e-09
training,3.0,0.5,9.0,A,"IY,XY",1.4303028488879471e-08
training,3.0,0.5,9.0,A,"IY,XZ",1.3551154055217035e-09
training,3.0,0.5,9.0,A,"IY,YI",5.370402226511347e-09
training,3.0,0.5,9.0,A,"IY,YX",-2.6599492631403595e-09
training,3.0,0.5,9.0,A,"IY,YY",8.832778664962152e-09
training,3.0,0.5,9.0,A,"IY,YZ",-1.1101540087109227e-08
training,3.0,0.5,9.0,A,"IY,ZI",-3.522254291979857e-09
training,3.0,0.5,9.0,A,"IY,ZX",4.228601719747432e-09
training,3.0,0.5,9.0,A,"IY,ZY",-5.423918491515708e-10
training,3.0,0.5,9.0,A,"IY,ZZ",-2.9050919735129834e-09
training,3.0,0.5,9.0,A,"IZ,XI",-1.3276879766582268e-09
training,3.0,0.5,9.0,A,"IZ,XX",4.239883817733187e-09
training,3.0,0.5,9.0,A,"IZ,XY",-8.048840253148393e-09
training,3.0,0.5,9.0,A,"IZ,XZ",1.3342631173264163e-09
training,3.0,0.5,9.0,A,"IZ,YI",-3.0073947663879312e-09
training,3.0,0.5,9.0,A,"IZ,YX",8.260925451881236e-10
training,3.0,0.5,9.0,A,"IZ,YY",-5.9274950088003684e-09
training,3.0,0.5,9.0,A,"IZ,YZ",1.126513179943408e-08
training,3.0,0.5,9.0,A,"IZ,ZI",1.7770465848491406e-12
training,3.0,0.5,9.0,A,"IZ,ZX",-1.372201640002851e-09
training,3.0,0.5,9.0,A,"IZ,ZY",3.4850776761546947e-09
training,3.0,0.5,9.0,A,"IZ,ZZ",-1.4296265046470298e-09
training,3.0,0.5,9.0,A,"XI,XX",-1.0125855226805912e-08
training,3.0,0.5,9.0,A,"XI,XY",-5.998400034053419e-09
training,3.0,0.5,9.0,A,"XI,XZ",-1.9753631474189966e-09
training,3.0,0.5,9.0,A,"XI,YI",1.862094493963909e-08
training,3.0,0.5,9.0,A,"XI,YX",5.4573572431748255e-09
training,3.0,0.5,9.0,A,"XI,YY",-6.779255374801189e-09
training,3.0,0.5,9.0,A,"XI,YZ",7.843647838236706e-09
training,3.0,0.5,9.0,A,"XI,ZI",8.738847765928686e-09
training,3.0,0.5,9.0,A,"XI,ZX",1.2432015453121252e-09
training,3.0,0.5,9.0,A,"XI,ZY",-7.817895159509768e-09
training,3.0,0.5,9.0,A,"XI,ZZ",-1.0506112157169345e-08
training,3.0,0.5,9.0,A,"XX,XY",8.730341810946249e-09
training,3.0,0.5,9.0,A,"XX,XZ",-7.997781776801288e-09
training,3.0,0.5,9.0,A,"XX,YI",2.2255686490134275e-08
training,3.0,0.5,9.0,A,"XX,YX",3.58583918165462e-08
training,3.0,0.5,9.0,A,"XX,YY",1.17369267871916e-13
training,3.0,0.5,9.0,A,"XX,YZ",-1.12013298758304e-08
training,3.0,0.5,9.0,A,"XX,ZI",-2.9936397911001516e-09
training,3.0,0.5,9.0,A,"XX,ZX",-3.826927912500501e-09
training,3.0,0.5,9.0,A,"XX,ZY",1.8464515101030616e-09
training,3.0,0.5,9.0,A,"XX,ZZ",1.8113356053896136e-08
training,3.0,0.5,9.0,A,"XY,XZ",-2.234368580703927e-08
training,3.0,0.5,9.0,A,"XY,YI",-1.9658298372571486e-09
training,3.0,0.5,9.0,A,"XY,YX",1.5468259109790306e-09
training,3.0,0.5,9.0,A,"XY,YY",-1.8491542186046116e-08
training,3.0,0.5,9.0,A,"XY,YZ",2.9903168861753477e-09
training,3.0,0.5,9.0,A,"XY,ZI",1.190208859499291e-09
training,3.0,0.5,9.0,A,"XY,ZX",-2.2859939295499507e-09
training,3.0,0.5,9.0,A,"XY,ZY",-6.8258857571174294e-09
training,3.0,0.5,9.0,A,"XY,ZZ",1.105773930249176e-08
training,3.0,0.5,9.0,A,"XZ,YI",8.732578672210511e-09
training,3.0,0.5,9.0,A,"XZ,YX",-4.279183591094645e-09
training,3.0,0.5,9.0,A,"XZ,YY",1.1876716393254769e-08
training,3.0,0.5,9.0,A,"XZ,YZ",-1.4837870943916813e-08
training,3.0,0.5,9.0,A,"XZ,ZI",-5.862551964416174e-09
training,3.0,0.5,9.0,A,"XZ,ZX",7.587254067110958e-09
training,3.0,0.5,9.0,A,"XZ,ZY",-1.4873755897760238e-09
training,3.0,0.5,9.0,A,"XZ,ZZ",-2.239437812500899e-09
training,3.0,0.5,9.0,A,"YI,YX",-2.7534788396249973e-09
training,3.0,0.5,9.0,A,"YI,YY",-2.299872513336966e-09
training,3.0,0.5,9.0,A,"YI,YZ",-5.799259134263109e-09
training,3.0,0.5,9.0,A,"YI,ZI",-2.279206019665862e-09
training,3.0,0.5,9.0,A,"YI,ZX",1.2261962565110474e-09
training,3.0,0.5,9.0,A,"YI,ZY",-1.2538919593053914e-09
training,3.0,0.5,9.0,A,"YI,ZZ",-1.626879078127215e-09
training,3.0,0.5,9.0,A,"YX,YY",6.363588669439739e-09
training,3.0,0.5,9.0,A,"YX,YZ",-7.908478279403814e-09
training,3.0,0.5,9.0,A,"YX,ZI",-4.696973024902835e-09
training,3.0,0.5,9.0,A,"YX,ZX",1.8273242916345913e-09
training,3.0,0.5,9.0,A,"YX,ZY",5.693473251155045e-09
training,3.0,0.5,9.0,A,"YX,ZZ",-2.3420568102817457e-09
training,3.0,0.5,9.0,A,"YY,YZ",-1.34609799177702e-08
training,3.0,0.5,9.0,A,"YY,ZI",-7.0987085065422584e-09
training,3.0,0.5,9.0,A,"YY,ZX",3.64485520837758e-09
training,3.0,0.5,9.0,A,"YY,ZY",-3.1157166735781e-09
training,3.0,0.5,9.0,A,"YY,ZZ",-3.694552709953579e-09
training,3.0,0.5,9.0,A,"YZ,ZI",5.950809309288016e-09
training,3.0,0.5,9.0,A,"YZ,ZX",6.69827587978597e-10
training,3.0,0.5,9.0,A,"YZ,ZY",3.5986549826131107e-09
training,3.0,0.5,9.0,A,"YZ,ZZ",-3.308436733446771e-09
training,3.0,0.5,9.0,A,"ZI,ZX",-3.1500735383178816e-11
training,3.0,0.5,9.0,A,"ZI,ZY",3.564541834694459e-09
training,3.0,0.5,9.0,A,"ZI,ZZ",-1.1106994802519473e-09
training,3.0,0.5,9.0,A,"ZX,ZY",-2.9423621298231314e-09
training,3.0,0.5,9.0,A,"ZX,ZZ",-3.582932563167022e-10
training,3.0,0.5,9.0,A,"ZY,ZZ",1.6278817166125777e-09
training,3.0,1.0,18.0,H,IX,-1.0295118148570843e-09
training,3.0,1.0,18.0,H,IY,-1.7883650726458388e-09
training,3.0,1.0,18.0,H,IZ,1.080583294318987e-10
training,3.0,1.0,18.0,H,XI,8.18067603453384e-10
training,3.0,1.0,18.0,H,XX,-0.00016063831638847122
training,3.0,1.0,18.0,H,XY,-3.780581303433628e-09
training,3.0,1.0,18.0,H,XZ,3.882747260874453e-09
training,3.0,1.0,18.0,H,YI,1.778364206060753e-09
training,3.0,1.0,18.0,H,YX,5.7764020441083e-09
training,3.0,1.0,18.0,H,YY,8.50320468645621e-09
training,3.0,1.0,18.0,H,YZ,-2.938262635994754e-09
training,3.0,1.0,18.0,H,ZI,-1.4771382434675582e-09
training,3.0,1.0,18.0,H,ZX,2.8988821285170993e-09
training,3.0,1.0,18.0,H,ZY,1.009881316210243e-09
training,3.0,1.0,18.0,H,ZZ,-2.3035674084103255e-15
training,3.0,1.0,18.0,S,IX,0.0014225386881565579
training,3.0,1.0,18.0,S,IY,3.433093319609587e-09
training,3.0,1.0,18.0,S,IZ,3.6912315920858974e-09
training,3.0,1.0,18.0,S,XI,0.001422510797497134
training,3.0,1.0,18.0,S,XX,0.00013954491265465513
training,3.0,1.0,18.0,S,XY,4.1747005350258395e-09
training,3.0,1.0,18.0,S,XZ,-3.717767219568128e-10
training,3.0,1.0,18.0,S,YI,-6.527585560836893e-10
training,3.0,1.0,18.0,S,YX,2.1632961100638906e-09
training,3.0,1.0,18.0,S,YY,1.226477105769827e-08
training,3.0,1.0,18.0,S,YZ,5.619548351827597e-09
training,3.0,1.0,18.0,S,ZI,3.733398883147771e-09
training,3.0,1.0,18.0,S,ZX,2.90747379091353e-09
training,3.0,1.0,18.0,S,ZY,1.2688433412055876e-08
training,3.0,1.0,18.0,S,ZZ,1.1659326689013316e-08
training,3.0,1.0,18.0,C,"IX,IY",-2.713825746500593e-10
training,3.0,1.0,18.0,C,"IX,IZ",-3.7294900709084745e-09
training,3.0,1.0,18.0,C,"IX,XI",0.0014225251737642634
training,3.0,1.0,18.0,C,"IX,XX",4.32348793465561e-09
training,3.0,1.0,18.0,C,"IX,XY",-4.321033148845075e-09
training,3.0,1.0,18.0,C,"IX,XZ",3.1437198428354023e-09
training,3.0,1.0,18.0,C,"IX,YI",-4.1719903391951736e-10
training,3.0,1.0,18.0,C,"IX,YX",-6.272877341330993e-09
training,3.0,1.0,18.0,C,"IX,YY",2.90830898312865e-09
training,3.0,1.0,18.0,C,"IX,YZ",-2.553576076978283e-10
training,3.0,1.0,18.0,C,"IX,ZI",7.485123065658506e-10
training,3.0,1.0,18.0,C,"IX,ZX",3.031154687804224e-09
training,3.0,1.0,18.0,C,"IX,ZY",-3.654918182458238e-10
training,3.0,1.0,18.0,C,"IX,ZZ",1.6864243348533856e-10
training,3.0,1.0,18.0,C,"IY,IZ",-1.2176815505780458e-09
training,3.0,1.0,18.0,C,"IY,XI",3.553882876551206e-13
training,3.0,1.0,18.0,C,"IY,XX",3.939550948960514e-09
training,3.0,1.0,18.0,C,"IY,XY",1.046976575215582e-09
training,3.0,1.0,18.0,C,"IY,XZ",-1.2879385329501308e-10
training,3.0,1.0,18.0,C,"IY,YI",6.979712396301563e-10
training,3.0,1.0,18.0,C,"IY,YX",-9.023815355067563e-10
training,3.0,1.0,18.0,C,"IY,YY",5.650709160307957e-09
training,3.0,1.0,18.0,C,"IY,YZ",-5.635385471666163e-10
training,3.0,1.0,18.0,C,"IY,ZI",2.8538554665365697e-09
training,3.0,1.0,18.0,C,"IY,ZX",2.8187721134496846e-09
training,3.0,1.0,18.0,C,"IY,ZY",-5.931574331882859e-09
training,3.0,1.0,18.0,C,"IY,ZZ",2.9932964361690824e-09
training,3.0,1.0,18.0,C,"IZ,XI",-4.8718682922822675e-09
training,3.0,1.0,18.0,C,"IZ,XX",3.315258394765284e-09
training,3.0,1.0,18.0,C,"IZ,XY",-1.600765120466968e-09
training,3.0,1.0,18.0,C,"IZ,XZ",1.2694367117915137e-09
training,3.0,1.0,18.0,C,"IZ,YI",6.834564413515444e-10
training,3.0,1.0,18.0,C,"IZ,YX",2.4144847863187514e-10
training,3.0,1.0,18.0,C,"IZ,YY",2.048971634965644e-09
training,3.0,1.0,18.0,C,"IZ,YZ",-4.036607242504009e-09
training,3.0,1.0,18.0,C,"IZ,ZI",-2.29709394597381e-09
training,3.0,1.0,18.0,C,"IZ,ZX",9.8973208281937e-11
training,3.0,1.0,18.0,C,"IZ,ZY",9.098881473211283e-10
training,3.0,1.0,18.0,C,"IZ,ZZ",-9.024053877770412e-10
training,3.0,1.0,18.0,C,"XI,XX",5.741657323644696e-10
training,3.0,1.0,18.0,C,"XI,XY",-2.5716181459115846e-09
training,3.0,1.0,18.0,C,"XI,XZ",9.483117843240123e-10
training,3.0,1.0,18.0,C,"XI,YI",-1.9441051387849466e-09
training,3.0,1.0,18.0,C,"XI,YX",-5.7382425059423714e-09
training,3.0,1.0,18.0,C,"XI,YY",8.888270560726871e-10
training,3.0,1.0,18.0,C,"XI,YZ",1.0222155902992187e-09
training,3.0,1.0,18.0,C,"XI,ZI",1.0093472497364385e-09
training,3.0,1.0,18.0,C,"XI,ZX",1.1960580813482813e-09
training,3.0,1.0,18.0,C,"XI,ZY",-4.0114802827043825e-10
training,3.0,1.0,18.0,C,"XI,ZZ",1.7612245336476272e-09
training,3.0,1.0,18.0,C,"XX,XY",1.651784099311659e-10
training,3.0,1.0,18.0,C,"XX,XZ",1.3233751242099283e-09
training,3.0,1.0,18.0,C,"XX,YI",4.85470115218468e-09
training,3.0,1.0,18.0,C,"XX,YX",4.788627536780731e-10
training,3.0,1.0,18.0,C,"XX,YY",-2.8537530578066834e-09
training,3.0,1.0,18.0,C,"XX,YZ",-3.329661260608245e-09
training,3.0,1.0,18.0,C,"XX,ZI",-6.130294123351021e-09
training,3.0,1.0,18.0,C,"XX,ZX",-2.132343414367755e-09
training,3.0,1.0,18.0,C,"XX,ZY",-5.662412498066911e-09
training,3.0,1.0,18.0,C,"XX,ZZ",-1.707734322606875e-10
training,3.0,1.0,18.0,C,"XY,XZ",-2.0552161113137887e-09
training,3.0,1.0,18.0,C,"XY,YI",2.0815692301964525e-09
training,3.0,1.0,18.0,C,"XY,YX",8.717715238894618e-10
training,3.0,1.0,18.0,C,"XY,YY",-1.076977987984324e-09
training,3.0,1.0,18.0,C,"XY,YZ",2.715306078342696e-09
training,3.0,1.0,18.0,C,"XY,ZI",-3.796267906666771e-09
training,3.0,1.0,18.0,C,"XY,ZX",4.255355834130286e-10
training,3.0,1.0,18.0,C,"XY,ZY",4.227502675427399e-09
training,3.0,1.0,18.0,C,"XY,ZZ",-3.856228168769592e-09
training,3.0,1.0,18.0,C,"XZ,YI",-7.823993552977772e-10
training,3.0,1.0,18.0,C,"XZ,YX",-7.425263201844485e-10
training,3.0,1.0,18.0,C,"XZ,YY",2.8094378078019707e-09
training,3.0,1.0,18.0,C,"XZ,YZ",-1.5241675273161958e-09
training,3.0,1.0,18.0,C,"XZ,ZI",2.6811806208395597e-09
training,3.0,1.0,18.0,C,"XZ,ZX",2.3788846162723017e-09
training,3.0,1.0,18.0,C,"XZ,ZY",-5.146266592382116e-09
training,3.0,1.0,18.0,C,"XZ,ZZ",2.536165077392939e-09
training,3.0,1.0,18.0,C,"YI,YX",4.5070409077748844e-10
training,3.0,1.0,18.0,C,"YI,YY",1.6703336921943959e-09
training,3.0,1.0,18.0,C,"YI,YZ",1.0354501627650655e-09
training,3.0,1.0,18.0,C,"YI,ZI",-1.8641832134807087e-09
training,3.0,1.0,18.0,C,"YI,ZX",8.719817776297874e-10
training,3.0,1.0,18.0,C,"YI,ZY",3.0138141335533573e-09
training,3.0,1.0,18.0,C,"YI,ZZ",-1.927758185913998e-09
training,3.0,1.0,18.0,C,"YX,YY",-7.240387975662182e-10
training,3.0,1.0,18.0,C,"YX,YZ",-4.113875780185743e-10
training,3.0,1.0,18.0,C,"YX,ZI",2.3194249024535837e-10
training,3.0,1.0,18.0,C,"YX,ZX",5.098002021471459e-10
training,3.0,1.0,18.0,C,"YX,ZY",-1.0510255322930687e-09
training,3.0,1.0,18.0,C,"YX,ZZ",1.969373335353439e-09
training,3.0,1.0,18.0,C,"YY,YZ",-3.717117599384348e-09
training,3.0,1.0,18.0,C,"YY,ZI",2.6301471632046514e-11
training,3.0,1.0,18.0,C,"YY,ZX",5.506072647287638e-09
training,3.0,1.0,18.0,C,"YY,ZY",-6.039299287292193e-09
training,3.0,1.0,18.0,C,"YY,ZZ",2.6007676890999615e-09
training,3.0,1.0,18.0,C,"YZ,ZI",8.335581181510729e-11
training,3.0,1.0,18.0,C,"YZ,ZX",9.031702516678976e-10
training,3.0,1.0,18.0,C,"YZ,ZY",4.049431580690783e-09
training,3.0,1.0,18.0,C,"YZ,ZZ",-3.094225094270292e-09
training,3.0,1.0,18.0,C,"ZI,ZX",-1.7901952146847283e-09
training,3.0,1.0,18.0,C,"ZI,ZY",-6.5133878905366896e-09
training,3.0,1.0,18.0,C,"ZI,ZZ",3.8524571523884895e-09
training,3.0,1.0,18.0,C,"ZX,ZY",2.306646055367723e-09
training,3.0,1.0,18.0,C,"ZX,ZZ",-2.6731292313280876e-09
training,3.0,1.0,18.0,C,"ZY,ZZ",-7.869698265016328e-09
training,3.0,1.0,18.0,A,"IX,IY",-2.7579781443714134e-10
training,3.0,1.0,18.0,A,"IX,IZ",-6.301656419284322e-09
training,3.0,1.0,18.0,A,"IX,XI",-1.485031863748636e-10
training,3.0,1.0,18.0,A,"IX,XX",2.775967565307778e-09
training,3.0,1.0,18.0,A,"IX,XY",2.2726913932944454e-09
training,3.0,1.0,18.0,A,"IX,XZ",1.0741868339543412e-09
training,3.0,1.0,18.0,A,"IX,YI",2.5908164940362605e-10
training,3.0,1.0,18.0,A,"IX,YX",-3.5977039044157806e-09
training,3.0,1.0,18.0,A,"IX,YY",-3.1418747574785423e-09
training,3.0,1.0,18.0,A,"IX,YZ",3.448040783060936e-10
training,3.0,1.0,18.0,A,"IX,ZI",-2.952133528379908e-09
training,3.0,1.0,18.0,A,"IX,ZX",2.1154041046832663e-09
training,3.0,1.0,18.0,A,"IX,ZY",-2.758496978056939e-09
training,3.0,1.0,18.0,A,"IX,ZZ",-2.9418385400800313e-09
training,3.0,1.0,18.0,A,"IY,IZ",-2.0741056038544017e-09
training,3.0,1.0,18.0,A,"IY,XI",1.2042914307398863e-09
training,3.0,1.0,18.0,A,"IY,XX",-3.3679369813061157e-09
training,3.0,1.0,18.0,A,"IY,XY",-2.2639024655649835e-09
training,3.0,1.0,18.0,A,"IY,XZ",6.86179030154159e-10
training,3.0,1.0,18.0,A,"IY,YI",-1.3728569592430837e-09
training,3.0,1.0,18.0,A,"IY,YX",1.3571497472341665e-09
training,3.0,1.0,18.0,A,"IY,YY",-3.677606810563926e-09
training,3.0,1.0,18.0,A,"IY,YZ",2.7507477485523776e-09
training,3.0,1.0,18.0,A,"IY,ZI",1.2192081870609656e-09
training,3.0,1.0,18.0,A,"IY,ZX",-1.0099419461550492e-09
training,3.0,1.0,18.0,A,"IY,ZY",-6.270319378071989e-10
training,3.0,1.0,18.0,A,"IY,ZZ",3.964766515599589e-09
training,3.0,1.0,18.0,A,"IZ,XI",6.224968028301302e-09
training,3.0,1.0,18.0,A,"IZ,XX",-3.4714285870715747e-10
training,3.0,1.0,18.0,A,"IZ,XY",-2.574198989819393e-10
training,3.0,1.0,18.0,A,"IZ,XZ",3.488478153095349e-10
training,3.0,1.0,18.0,A,"IZ,YI",1.8239114881282582e-10
training,3.0,1.0,18.0,A,"IZ,YX",-2.3589824104872167e-09
training,3.0,1.0,18.0,A,"IZ,YY",3.912389443264877e-09
training,3.0,1.0,18.0,A,"IZ,YZ",-2.4800331563793066e-09
training,3.0,1.0,18.0,A,"IZ,ZI",1.2373972387047572e-09
training,3.0,1.0,18.0,A,"IZ,ZX",-6.482139758752795e-10
training,3.0,1.0,18.0,A,"IZ,ZY",-3.2390855558746e-09
training,3.0,1.0,18.0,A,"IZ,ZZ",1.5750736757584309e-09
training,3.0,1.0,18.0,A,"XI,XX",9.28202565997825e-10
training,3.0,1.0,18.0,A,"XI,XY",3.580110931470895e-09
training,3.0,1.0,18.0,A,"XI,XZ",-4.97618151697265e-10
training,3.0,1.0,18.0,A,"XI,YI",-1.7581016648800102e-09
training,3.0,1.0,18.0,A,"XI,YX",-2.5731792315699943e-09
training,3.0,1.0,18.0,A,"XI,YY",-5.849037819136142e-09
training,3.0,1.0,18.0,A,"XI,YZ",1.556918355982604e-09
training,3.0,1.0,18.0,A,"XI,ZI",-1.8346664485034859e-09
training,3.0,1.0,18.0,A,"XI,ZX",5.513192088509954e-10
training,3.0,1.0,18.0,A,"XI,ZY",-3.23543547406471e-09
training,3.0,1.0,18.0,A,"XI,ZZ",-5.071446663049461e-09
training,3.0,1.0,18.0,A,"XX,XY",-4.168895512238778e-09
training,3.0,1.0,18.0,A,"XX,XZ",2.5979154570251224e-09
training,3.0,1.0,18.0,A,"XX,YI",-9.31267107564556e-09
training,3.0,1.0,18.0,A,"XX,YX",6.327134307351541e-09
training,3.0,1.0,18.0,A,"XX,YY",-1.7082864410982419e-13
training,3.0,1.0,18.0,A,"XX,YZ",-7.575642413715777e-11
training,3.0,1.0,18.0,A,"XX,ZI",1.0517905615159356e-09
training,3.0,1.0,18.0,A,"XX,ZX",4.075769412505943e-09
training,3.0,1.0,18.0,A,"XX,ZY",3.872356164263192e-09
training,3.0,1.0,18.0,A,"XX,ZZ",8.502549314935474e-09
training,3.0,1.0,18.0,A,"XY,XZ",2.846229015319339e-09
training,3.0,1.0,18.0,A,"XY,YI",-2.651509695491264e-09
training,3.0,1.0,18.0,A,"XY,YX",2.3072087368930874e-09
training,3.0,1.0,18.0,A,"XY,YY",2.544851385472056e-09
training,3.0,1.0,18.0,A,"XY,YZ",-1.9745016923435045e-09
training,3.0,1.0,18.0,A,"XY,ZI",3.9501883696201e-09
training,3.0,1.0,18.0,A,"XY,ZX",-1.833169543613219e-09
training,3.0,1.0,18.0,A,"XY,ZY",-5.821745273581882e-09
training,3.0,1.0,18.0,A,"XY,ZZ",4.899810132940639e-10
training,3.0,1.0,18.0,A,"XZ,YI",1.634261176181434e-09
training,3.0,1.0,18.0,A,"XZ,YX",-7.650482463214943e-10
training,3.0,1.0,18.0,A,"XZ,YY",-1.867984091468507e-09
training,3.0,1.0,18.0,A,"XZ,YZ",1.351173311614361e-09
training,3.0,1.0,18.0,A,"XZ,ZI",-2.758516354000371e-09
training,3.0,1.0,18.0,A,"XZ,ZX",8.407710931084156e-10
training,3.0,1.0,18.0,A,"XZ,ZY",2.952221172104668e-09
training,3.0,1.0,18.0,A,"XZ,ZZ",1.6413182764717414e-09
training,3.0,1.0,18.0,A,"YI,YX",9.82054504517729e-10
training,3.0,1.0,18.0,A,"YI,YY",3.106147244125616e-09
training,3.0,1.0,18.0,A,"YI,YZ",-1.7703260322743915e-09
training,3.0,1.0,18.0,A,"YI,ZI",2.0499074529983246e-09
training,3.0,1.0,18.0,A,"YI,ZX",1.2334596506072965e-11
training,3.0,1.0,18.0,A,"YI,ZY",-4.486896326660174e-09
training,3.0,1.0,18.0,A,"YI,ZZ",2.923951769170119e-09
training,3.0,1.0,18.0,A,"YX,YY",-1.0718095463358588e-09
training,3.0,1.0,18.0,A,"YX,YZ",-2.747778748949694e-09
training,3.0,1.0,18.0,A,"YX,ZI",-1.2284543353261249e-10
training,3.0,1.0,18.0,A,"YX,ZX",-1.7239762008833339e-09
training,3.0,1.0,18.0,A,"YX,ZY",-9.134221966240514e-10
training,3.0,1.0,18.0,A,"YX,ZZ",3.5350636173724893e-10
training,3.0,1.0,18.0,A,"YY,YZ",4.377508963981472e-10
training,3.0,1.0,18.0,A,"YY,ZI",5.169469792815923e-09
training,3.0,1.0,18.0,A,"YY,ZX",-4.239310478885063e-09
training,3.0,1.0,18.0,A,"YY,ZY",-6.642310293770079e-09
training,3.0,1.0,18.0,A,"YY,ZZ",1.0967195676425359e-08
training,3.0,1.0,18.0,A,"YZ,ZI",-2.7400072498633968e-09
training,3.0,1.0,18.0,A,"YZ,ZX",3.632206309630414e-09
training,3.0,1.0,18.0,A,"YZ,ZY",2.699614276248434e-09
training,3.0,1.0,18.0,A,"YZ,ZZ",-1.7101810930628584e-09
training,3.0,1.0,18.0,A,"ZI,ZX",-2.8504655804293147e-09
training,3.0,1.0,18.0,A,"ZI,ZY",4.331790999856688e-09
training,3.0,1.0,18.0,A,"ZI,ZZ",-1.0157312054335205e-09
training,3.0,1.0,18.0,A,"ZX,ZY",-5.7040358263499286e-09
training,3.0,1.0,18.0,A,"ZX,ZZ",7.439370640112917e-09
training,3.0,1.0,18.0,A,"ZY,ZZ",-3.7069749674463087e-09
training,3.0,2.0,36.0,H,IX,-2.502680724530652e-09
training,3.0,2.0,36.0,H,IY,-9.108025398110231e-09
training,3.0,2.0,36.0,H,IZ,-7.823208625089306e-11
training,3.0,2.0,36.0,H,XI,1.9923509543487334e-08
training,3.0,2.0,36.0,H,XX,-0.0003180933697625905
training,3.0,2.0,36.0,H,XY,-6.061408368485147e-09
training,3.0,2.0,36.0,H,XZ,1.3856188512824305e-09
training,3.0,2.0,36.0,H,YI,-1.0302444518582776e-08
training,3.0,2.0,36.0,H,YX,-5.778948045561986e-09
training,3.0,2.0,36.0,H,YY,3.412484639692279e-09
training,3.0,2.0,36.0,H,YZ,6.934882957120508e-09
training,3.0,2.0,36.0,H,ZI,-1.692200912567328e-09
training,3.0,2.0,36.0,H,ZX,-1.3993730212755548e-10
training,3.0,2.0,36.0,H,ZY,1.2729378361377074e-08
training,3.0,2.0,36.0,H,ZZ,2.835984784900124e-15
training,3.0,2.0,36.0,S,IX,0.002827451815375224
training,3.0,2.0,36.0,S,IY,3.513531889910715e-09
training,3.0,2.0,36.0,S,IZ,2.659318665450272e-09
training,3.0,2.0,36.0,S,XI,0.002827440772636129
training,3.0,2.0,36.0,S,XX,0.00029089604243565933
training,3.0,2.0,36.0,S,XY,3.2206246456615434e-09
training,3.0,2.0,36.0,S,XZ,3.2953541700964095e-09
training,3.0,2.0,36.0,S,YI,-2.266043544647822e-09
training,3.0,2.0,36.0,S,YX,1.5456177934747295e-09
training,3.0,2.0,36.0,S,YY,6.168001913473692e-09
training,3.0,2.0,36.0,S,YZ,2.4007104798030865e-09
training,3.0,2.0,36.0,S,ZI,1.2775351493918632e-09
training,3.0,2.0,36.0,S,ZX,1.2250312667484026e-09
training,3.0,2.0,36.0,S,ZY,4.593931836121504e-09
training,3.0,2.0,36.0,S,ZZ,8.756660566956991e-09
training,3.0,2.0,36.0,C,"IX,IY",2.448451778839629e-09
training,3.0,2.0,36.0,C,"IX,IZ",5.560000849587761e-09
training,3.0,2.0,36.0,C,"IX,XI",0.0028274465815694306
training,3.0,2.0,36.0,C,"IX,XX",1.0042700230336693e-08
training,3.0,2.0,36.0,C,"IX,XY",-3.934747253140658e-09
training,3.0,2.0,36.0,C,"IX,XZ",-9.115643566342275e-09
training,3.0,2.0,36.0,C,"IX,YI",1.4549155374980179e-09
training,3.0,2.0,36.0,C,"IX,YX",2.142000602894901e-10
training,3.0,2.0,36.0,C,"IX,YY",-8.72905835345337e-09
training,3.0,2.0,36.0,C,"IX,YZ",-1.0954436720536871e-09
training,3.0,2.0,36.0,C,"IX,ZI",8.369052681981987e-09
training,3.0,2.0,36.0,C,"IX,ZX",-9.326141735992042e-09
training,3.0,2.0,36.0,C,"IX,ZY",-2.710823907391005e-10
training,3.0,2.0,36.0,C,"IX,ZZ",-1.069973388486008e-08
training,3.0,2.0,36.0,C,"IY,IZ",-1.70682980095097e-09
training,3.0,2.0,36.0,C,"IY,XI",3.2400593856825217e-09
training,3.0,2.0,36.0,C,"IY,XX",1.1315901252117262e-09
training,3.0,2.0,36.0,C,"IY,XY",1.872311736620828e-09
training,3.0,2.0,36.0,C,"IY,XZ",2.273554302939171e-09
training,3.0,2.0,36.0,C,"IY,YI",1.2889428216538567e-09
training,3.0,2.0,36.0,C,"IY,YX",1.011763317693972e-09
training,3.0,2.0,36.0,C,"IY,YY",4.340473869011554e-09
training,3.0,2.0,36.0,C,"IY,YZ",-3.8521823720580165e-09
training,3.0,2.0,36.0,C,"IY,ZI",-2.248216612761885e-09
training,3.0,2.0,36.0,C,"IY,ZX",2.3095751771940526e-09
training,3.0,2.0,36.0,C,"IY,ZY",-1.427673104201748e-10
training,3.0,2.0,36.0,C,"IY,ZZ",4.175918455724276e-09
training,3.0,2.0,36.0,C,"IZ,XI",2.947098561984659e-09
training,3.0,2.0,36.0,C,"IZ,XX",5.827020947008876e-09
training,3.0,2.0,36.0,C,"IZ,XY",-4.156298359666677e-09
training,3.0,2.0,36.0,C,"IZ,XZ",-2.814565761728748e-10
training,3.0,2.0,36.0,C,"IZ,YI",-2.23630556534053e-09
training,3.0,2.0,36.0,C,"IZ,YX",2.6416154644539493e-10
training,3.0,2.0,36.0,C,"IZ,YY",-9.298470290776492e-10
training,3.0,2.0,36.0,C,"IZ,YZ",5.704831027315555e-10
training,3.0,2.0,36.0,C,"IZ,ZI",4.126068837958557e-09
training,3.0,2.0,36.0,C,"IZ,ZX",-2.8557601682913677e-09
training,3.0,2.0,36.0,C,"IZ,ZY",-3.6978615896984833e-09
training,3.0,2.0,36.0,C,"IZ,ZZ",-4.362212319858658e-09
training,3.0,2.0,36.0,C,"XI,XX",1.534418759106546e-08
training,3.0,2.0,36.0,C,"XI,XY",-3.731509452003915e-09
training,3.0,2.0,36.0,C,"XI,XZ",-9.811862261048055e-09
training,3.0,2.0,36.0,C,"XI,YI",4.0673500053347663e-10
training,3.0,2.0,36.0,C,"XI,YX",-4.752947392359677e-10
training,3.0,2.0,36.0,C,"XI,YY",-1.0049905513238601e-08
training,3.0,2.0,36.0,C,"XI,YZ",1.4785814970791034e-09
training,3.0,2.0,36.0,C,"XI,ZI",8.598862937992082e-09
training,3.0,2.0,36.0,C,"XI,ZX",-9.192705142964934e-09
training,3.0,2.0,36.0,C,"XI,ZY",-1.1163321219146178e-10
training,3.0,2.0,36.0,C,"XI,ZZ",-8.962395631382867e-09
training,3.0,2.0,36.0,C,"XX,XY",-3.324337967825795e-10
training,3.0,2.0,36.0,C,"XX,XZ",8.873575659095122e-09
training,3.0,2.0,36.0,C,"XX,YI",1.1979354677379613e-09
training,3.0,2.0,36.0,C,"XX,YX",-3.5465376184177017e-10
training,3.0,2.0,36.0,C,"XX,YY",1.932576511246479e-08
training,3.0,2.0,36.0,C,"XX,YZ",4.442718844102409e-11
training,3.0,2.0,36.0,C,"XX,ZI",5.637607439596737e-09
training,3.0,2.0,36.0,C,"XX,ZX",1.016101293123633e-08
training,3.0,2.0,36.0,C,"XX,ZY",-3.3468356455458246e-09
training,3.0,2.0,36.0,C,"XX,ZZ",3.1669774400411067e-10
training,3.0,2.0,36.0,C,"XY,XZ",-2.7884974536949364e-09
training,3.0,2.0,36.0,C,"XY,YI",3.7577934918233014e-09
training,3.0,2.0,36.0,C,"XY,YX",-3.6098680152137894e-09
training,3.0,2.0,36.0,C,"XY,YY",1.036195693242836e-09
training,3.0,2.0,36.0,C,"XY,YZ",5.501358427935012e-09
training,3.0,2.0,36.0,C,"XY,ZI",-3.4795806209012256e-09
training,3.0,2.0,36.0,C,"XY,ZX",4.770027497176814e-09
training,3.0,2.0,36.0,C,"XY,ZY",3.568471790145765e-09
training,3.0,2.0,36.0,C,"XY,ZZ",-4.1408424623743456e-09
training,3.0,2.0,36.0,C,"XZ,YI",-4.682558261501236e-10
training,3.0,2.0,36.0,C,"XZ,YX",1.7796085635834322e-09
training,3.0,2.0,36.0,C,"XZ,YY",2.467534775888125e-09
training,3.0,2.0,36.0,C,"XZ,YZ",-3.513186869943554e-09
training,3.0,2.0,36.0,C,"XZ,ZI",-4.5086752925604335e-10
training,3.0,2.0,36.0,C,"XZ,ZX",-7.319152480444675e-11
training,3.0,2.0,36.0,C,"XZ,ZY",-2.5850055969867136e-09
training,3.0,2.0,36.0,C,"XZ,ZZ",3.030566993641355e-09
training,3.0,2.0,36.0,C,"YI,YX",1.502783752856966e-09
training,3.0,2.0,36.0,C,"YI,YY",-4.0672805928935026e-10
training,3.0,2.0,36.0,C,"YI,YZ",1.9724974444016817e-09
training,3.0,2.0,36.0,C,"YI,ZI",-4.0480382736063044e-10
training,3.0,2.0,36.0,C,"YI,ZX",-8.329838328569603e-10
training,3.0,2.0,36.0,C,"YI,ZY",-1.0456150689842347e-09
training,3.0,2.0,36.0,C,"YI,ZZ",1.1087370021557124e-09
training,3.0,2.0,36.0,C,"YX,YY",1.274498628428686e-09
training,3.0,2.0,36.0,C,"YX,YZ",-1.3664193856852222e-10
training,3.0,2.0,36.0,C,"YX,ZI",1.5673096473407073e-10
training,3.0,2.0,36.0,C,"YX,ZX",-2.1684124168923846e-10
training,3.0,2.0,36.0,C,"YX,ZY",1.437568591586716e-10
training,3.0,2.0,36.0,C,"YX,ZZ",-3.0047226441674754e-09
training,3.0,2.0,36.0,C,"YY,YZ",-2.9124365092651496e-09
training,3.0,2.0,36.0,C,"YY,ZI",-7.637670739595382e-10
training,3.0,2.0,36.0,C,"YY,ZX",1.7222855822765578e-09
training,3.0,2.0,36.0,C,"YY,ZY",-5.258663357356189e-09
training,3.0,2.0,36.0,C,"YY,ZZ",3.1699134713609675e-09
training,3.0,2.0,36.0,C,"YZ,ZI",-1.6263772171602415e-09
training,3.0,2.0,36.0,C,"YZ,ZX",1.638824951454093e-09
training,3.0,2.0,36.0,C,"YZ,ZY",3.385952191152161e-09
training,3.0,2.0,36.0,C,"YZ,ZZ",-2.2190287015437224e-09
training,3.0,2.0,36.0,C,"ZI,ZX",-1.3313343750849948e-09
training,3.0,2.0,36.0,C,"ZI,ZY",-2.6063866152082265e-10
training,3.0,2.0,36.0,C,"ZI,ZZ",-2.16295448010576e-09
training,3.0,2.0,36.0,C,"ZX,ZY",-1.2204855897184939e-09
training,3.0,2.0,36.0,C,"ZX,ZZ",1.332907460562192e-09
training,3.0,2.0,36.0,C,"ZY,ZZ",-3.5189726446766237e-09
training,3.0,2.0,36.0,A,"IX,IY",1.0807794344964637e-08
training,3.0,2.0,36.0,A,"IX,IZ",-5.139718360549153e-09
training,3.0,2.0,36.0,A,"IX,XI",1.0151956055196184e-08
training,3.0,2.0,36.0,A,"IX,XX",2.097333902807251e-08
training,3.0,2.0,36.0,A,"IX,XY",-5.897164771046688e-09
training,3.0,2.0,36.0,A,"IX,XZ",1.6056627410950062e-10
training,3.0,2.0,36.0,A,"IX,YI",1.0631058051436932e-08
training,3.0,2.0,36.0,A,"IX,YX",-9.558049650592586e-09
training,3.0,2.0,36.0,A,"IX,YY",-2.665573197216308e-10
training,3.0,2.0,36.0,A,"IX,YZ",2.0819858344696696e-09
training,3.0,2.0,36.0,A,"IX,ZI",3.542251337754904e-09
training,3.0,2.0,36.0,A,"IX,ZX",1.7849662120466574e-09
training,3.0,2.0,36.0,A,"IX,ZY",-3.7154362190520525e-09
training,3.0,2.0,36.0,A,"IX,ZZ",-1.4240422700389465e-09
training,3.0,2.0,36.0,A,"IY,IZ",-2.964724047184344e-09
training,3.0,2.0,36.0,A,"IY,XI",-8.685905437794334e-09
training,3.0,2.0,36.0,A,"IY,XX",2.239721488980176e-09
training,3.0,2.0,36.0,A,"IY,XY",3.5483682483007333e-09
training,3.0,2.0,36.0,A,"IY,XZ",-4.1433086696816834e-09
training,3.0,2.0,36.0,A,"IY,YI",6.230335726614022e-10
training,3.0,2.0,36.0,A,"IY,YX",-3.634104620145357e-09
training,3.0,2.0,36.0,A,"IY,YY",-2.831183680860449e-09
training,3.0,2.0,36.0,A,"IY,YZ",1.1555771977099172e-09
training,3.0,2.0,36.0,A,"IY,ZI",-3.053228792115031e-09
training,3.0,2.0,36.0,A,"IY,ZX",1.0811989444154634e-09
training,3.0,2.0,36.0,A,"IY,ZY",7.593262779470324e-10
training,3.0,2.0,36.0,A,"IY,ZZ",4.044508299415136e-09
training,3.0,2.0,36.0,A,"IZ,XI",3.895533572032348e-09
training,3.0,2.0,36.0,A,"IZ,XX",3.004218632311809e-09
training,3.0,2.0,36.0,A,"IZ,XY",-5.256378193818634e-09
training,3.0,2.0,36.0,A,"IZ,XZ",6.410268171325247e-09
training,3.0,2.0,36.0,A,"IZ,YI",1.5553726783728656e-09
training,3.0,2.0,36.0,A,"IZ,YX",5.947739908008836e-10
training,3.0,2.0,36.0,A,"IZ,YY",5.0679060727146775e-09
training,3.0,2.0,36.0,A,"IZ,YZ",-1.911937393011749e-09
training,3.0,2.0,36.0,A,"IZ,ZI",-5.481966593066747e-10
training,3.0,2.0,36.0,A,"IZ,ZX",1.8539884696231367e-09
training,3.0,2.0,36.0,A,"IZ,ZY",3.6412959126266566e-10
training,3.0,2.0,36.0,A,"IZ,ZZ",-1.5148587130417209e-09
training,3.0,2.0,36.0,A,"XI,XX",-1.4525155167695003e-09
training,3.0,2.0,36.0,A,"XI,XY",-4.040320827414143e-09
training,3.0,2.0,36.0,A,"XI,XZ",-2.1574903246575587e-09
training,3.0,2.0,36.0,A,"XI,YI",9.059757264584227e-09
training,3.0,2.0,36.0,A,"XI,YX",-8.002147391439477e-09
training,3.0,2.0,36.0,A,"XI,YY",-3.033651315014983e-09
training,3.0,2.0,36.0,A,"XI,YZ",3.041947223257683e-09
training,3.0,2.0,36.0,A,"XI,ZI",3.695811104403974e-09
training,3.0,2.0,36.0,A,"XI,ZX",3.846169453742829e-11
training,3.0,2.0,36.0,A,"XI,ZY",-2.748762165121772e-09
training,3.0,2.0,36.0,A,"XI,ZZ",-2.0987498276213738e-09
training,3.0,2.0,36.0,A,"XX,XY",6.051702650998218e-09
training,3.0,2.0,36.0,A,"XX,XZ",4.691573516164532e-09
training,3.0,2.0,36.0,A,"XX,YI",-6.756567917656506e-09
training,3.0,2.0,36.0,A,"XX,YX",2.072260904707668e-08
training,3.0,2.0,36.0,A,"XX,YY",1.3928062559701735e-13
training,3.0,2.0,36.0,A,"XX,YZ",-1.2286806372295535e-08
training,3.0,2.0,36.0,A,"XX,ZI",4.607186130434316e-10
training,3.0,2.0,36.0,A,"XX,ZX",-5.578859910049098e-09
training,3.0,2.0,36.0,A,"XX,ZY",-6.492430612373355e-09
training,3.0,2.0,36.0,A,"XX,ZZ",3.413018237488798e-09
training,3.0,2.0,36.0,A,"XY,XZ",-1.9385172587259887e-10
training,3.0,2.0,36.0,A,"XY,YI",-1.0098735780443901e-10
training,3.0,2.0,36.0,A,"XY,YX",2.8773872129552015e-09
training,3.0,2.0,36.0,A,"XY,YY",2.055400328440495e-09
training,3.0,2.0,36.0,A,"XY,YZ",-7.831535137971039e-10
training,3.0,2.0,36.0,A,"XY,ZI",1.8439675811046742e-09
training,3.0,2.0,36.0,A,"XY,ZX",-4.874533252198231e-10
training,3.0,2.0,36.0,A,"XY,ZY",-3.529284744820197e-09
training,3.0,2.0,36.0,A,"XY,ZZ",2.1619140621817417e-09
training,3.0,2.0,36.0,A,"XZ,YI",1.4463782611430104e-09
training,3.0,2.0,36.0,A,"XZ,YX",-3.335399859900579e-09
training,3.0,2.0,36.0,A,"XZ,YY",-1.9618981463514844e-09
training,3.0,2.0,36.0,A,"XZ,YZ",1.9685397761993518e-09
training,3.0,2.0,36.0,A,"XZ,ZI",-5.204416874391972e-09
training,3.0,2.0,36.0,A,"XZ,ZX",1.4261404560899857e-09
training,3.0,2.0,36.0,A,"XZ,ZY",5.059963055901506e-09
training,3.0,2.0,36.0,A,"XZ,ZZ",1.4723975286907641e-09
training,3.0,2.0,36.0,A,"YI,YX",-5.133470575667494e-10
training,3.0,2.0,36.0,A,"YI,YY",-4.143681869161895e-10
training,3.0,2.0,36.0,A,"YI,YZ",-3.8632509457227257e-10
training,3.0,2.0,36.0,A,"YI,ZI",-4.256518284393258e-11
training,3.0,2.0,36.0,A,"YI,ZX",2.217582690828418e-10
training,3.0,2.0,36.0,A,"YI,ZY",-2.56141585364434e-09
training,3.0,2.0,36.0,A,"YI,ZZ",1.8557095133678566e-09
training,3.0,2.0,36.0,A,"YX,YY",3.3894911028715252e-09
training,3.0,2.0,36.0,A,"YX,YZ",-2.359539180810368e-09
training,3.0,2.0,36.0,A,"YX,ZI",-5.584762521144634e-10
training,3.0,2.0,36.0,A,"YX,ZX",4.875697242228811e-10
training,3.0,2.0,36.0,A,"YX,ZY",9.63238537418821e-10
training,3.0,2.0,36.0,A,"YX,ZZ",1.3663927592154483e-09
training,3.0,2.0,36.0,A,"YY,YZ",-4.782323531836836e-10
training,3.0,2.0,36.0,A,"YY,ZI",-2.7994724970961684e-09
training,3.0,2.0,36.0,A,"YY,ZX",6.361349100490499e-10
training,3.0,2.0,36.0,A,"YY,ZY",-1.4774083335241302e-09
training,3.0,2.0,36.0,A,"YY,ZZ",7.218306686016885e-09
training,3.0,2.0,36.0,A,"YZ,ZI",1.646116926368332e-09
training,3.0,2.0,36.0,A,"YZ,ZX",-4.3184424142750394e-10
training,3.0,2.0,36.0,A,"YZ,ZY",-2.326650805658636e-09
training,3.0,2.0,36.0,A,"YZ,ZZ",-1.5968653534599336e-09
training,3.0,2.0,36.0,A,"ZI,ZX",-7.761339159732289e-10
training,3.0,2.0,36.0,A,"ZI,ZY",1.421304817129075e-09
training,3.0,2.0,36.0,A,"ZI,ZZ",-1.5694894358743677e-09
training,3.0,2.0,36.0,A,"ZX,ZY",-4.056800778781876e-09
training,3.0,2.0,36.0,A,"ZX,ZZ",3.7060334789623475e-09
training,3.0,2.0,36.0,A,"ZY,ZZ",-4.450722078784321e-09
training,3.0,4.0,72.0,H,IX,-4.02096466004769e-09
training,3.0,4.0,72.0,H,IY,2.1209205463562234e-09
training,3.0,4.0,72.0,H,IZ,-3.3726750780070706e-10
training,3.0,4.0,72.0,H,XI,4.214172667471052e-08
training,3.0,4.0,72.0,H,XX,-0.0006235837156915715
training,3.0,4.0,72.0,H,XY,-9.989714002646432e-09
training,3.0,4.0,72.0,H,XZ,9.021911917440979e-09
training,3.0,4.0,72.0,H,YI,-6.599690689859067e-10
training,3.0,4.0,72.0,H,YX,1.2229773235848959e-08
training,3.0,4.0,72.0,H,YY,1.6801391784923494e-08
training,3.0,4.0,72.0,H,YZ,2.9760642716833443e-09
training,3.0,4.0,72.0,H,ZI,2.029240159920357e-10
training,3.0,4.0,72.0,H,ZX,6.4559987557108885e-09
training,3.0,4.0,72.0,H,ZY,1.7266933628260217e-09
training,3.0,4.0,72.0,H,ZZ,-1.3033763873528305e-14
training,3.0,4.0,72.0,S,IX,0.0055860145920472
training,3.0,4.0,72.0,S,IY,8.545376749963252e-09
training,3.0,4.0,72.0,S,IZ,2.8081443893303304e-09
training,3.0,4.0,72.0,S,XI,0.005585976054646877
training,3.0,4.0,72.0,S,XX,0.0006274748763772588
training,3.0,4.0,72.0,S,XY,5.396754035845441e-09
training,3.0,4.0,72.0,S,XZ,3.0002430868479243e-09
training,3.0,4.0,72.0,S,YI,1.5879291228280967e-09
training,3.0,4.0,72.0,S,YX,8.763016764914283e-09
training,3.0,4.0,72.0,S,YY,1.6473213932267222e-08
training,3.0,4.0,72.0,S,YZ,1.0468672356940545e-09
training,3.0,4.0,72.0,S,ZI,7.672361328182019e-09
training,3.0,4.0,72.0,S,ZX,4.97094183751854e-09
training,3.0,4.0,72.0,S,ZY,1.0666760439769635e-08
training,3.0,4.0,72.0,S,ZZ,1.803246266012231e-08
training,3.0,4.0,72.0,C,"IX,IY",-1.8143574162212433e-10
training,3.0,4.0,72.0,C,"IX,IZ",-2.798812319020901e-09
training,3.0,4.0,72.0,C,"IX,XI",0.005585994161822061
training,3.0,4.0,72.0,C,"IX,XX",-2.8561130286919653e-09
training,3.0,4.0,72.0,C,"IX,XY",-3.871449229007107e-09
training,3.0,4.0,72.0,C,"IX,XZ",1.4674148456041264e-09
training,3.0,4.0,72.0,C,"IX,YI",8.579458673695573e-10
training,3.0,4.0,72.0,C,"IX,YX",5.66179811517084e-09
training,3.0,4.0,72.0,C,"IX,YY",1.7180832387799064e-09
training,3.0,4.0,72.0,C,"IX,YZ",-1.9291167830146517e-09
training,3.0,4.0,72.0,C,"IX,ZI",7.352576930710366e-09
training,3.0,4.0,72.0,C,"IX,ZX",1.4510873758883885e-09
training,3.0,4.0,72.0,C,"IX,ZY",-2.7857496752057555e-10
training,3.0,4.0,72.0,C,"IX,ZZ",-1.8874341844752196e-09
training,3.0,4.0,72.0,C,"IY,IZ",-8.140063788323138e-10
training,3.0,4.0,72.0,C,"IY,XI",5.304828236800903e-10
training,3.0,4.0,72.0,C,"IY,XX",8.39683170890364e-09
training,3.0,4.0,72.0,C,"IY,XY",-9.44299022177173e-10
training,3.0,4.0,72.0,C,"IY,XZ",5.20694685160689e-09
training,3.0,4.0,72.0,C,"IY,YI",-1.1451769058718311e-09
training,3.0,4.0,72.0,C,"IY,YX",2.4180615497042357e-09
training,3.0,4.0,72.0,C,"IY,YY",5.4947146405058374e-09
training,3.0,4.0,72.0,C,"IY,YZ",-3.827740935386012e-09
training,3.0,4.0,72.0,C,"IY,ZI",1.0162377493142473e-09
training,3.0,4.0,72.0,C,"IY,ZX",-1.403668753726891e-10
training,3.0,4.0,72.0,C,"IY,ZY",-4.9531394763091944e-09
training,3.0,4.0,72.0,C,"IY,ZZ",9.361787108720297e-09
training,3.0,4.0,72.0,C,"IZ,XI",-5.019369808948017e-09
training,3.0,4.0,72.0,C,"IZ,XX",8.304223942037897e-09
training,3.0,4.0,72.0,C,"IZ,XY",-7.749535695312148e-09
training,3.0,4.0,72.0,C,"IZ,XZ",1.8029851958220523e-09
training,3.0,4.0,72.0,C,"IZ,YI",1.908775691179716e-09
training,3.0,4.0,72.0,C,"IZ,YX",-1.5164888393530068e-09
training,3.0,4.0,72.0,C,"IZ,YY",4.996397831564094e-09
training,3.0,4.0,72.0,C,"IZ,YZ",1.7225701642155544e-09
training,3.0,4.0,72.0,C,"IZ,ZI",-2.91128009910018e-09
training,3.0,4.0,72.0,C,"IZ,ZX",1.059627135321053e-09
training,3.0,4.0,72.0,C,"IZ,ZY",-1.950839956712025e-09
training,3.0,4.0,72.0,C,"IZ,ZZ",-6.733758516707701e-09
training,3.0,4.0,72.0,C,"XI,XX",1.228926751102226e-08
training,3.0,4.0,72.0,C,"XI,XY",-2.391623089779813e-09
training,3.0,4.0,72.0,C,"XI,XZ",5.147293641602035e-10
training,3.0,4.0,72.0,C,"XI,YI",-5.483325382542776e-10
training,3.0,4.0,72.0,C,"XI,YX",4.817321941133299e-09
training,3.0,4.0,72.0,C,"XI,YY",1.276050357687448e-10
training,3.0,4.0,72.0,C,"XI,YZ",1.4437202976530315e-09
training,3.0,4.0,72.0,C,"XI,ZI",8.811675394691792e-09
training,3.0,4.0,72.0,C,"XI,ZX",2.387417549458014e-09
training,3.0,4.0,72.0,C,"XI,ZY",7.642099905549029e-10
training,3.0,4.0,72.0,C,"XI,ZZ",-2.8133000771026644e-09
training,3.0,4.0,72.0,C,"XX,XY",-9.617094275857424e-10
training,3.0,4.0,72.0,C,"XX,XZ",-3.80547599470661e-09
training,3.0,4.0,72.0,C,"XX,YI",8.186881498524215e-09
training,3.0,4.0,72.0,C,"XX,YX",1.933968158644948e-09
training,3.0,4.0,72.0,C,"XX,YY",9.695479945411694e-10
training,3.0,4.0,72.0,C,"XX,YZ",-8.021046877441712e-09
training,3.0,4.0,72.0,C,"XX,ZI",-1.3777493970885223e-08
training,3.0,4.0,72.0,C,"XX,ZX",-8.87612897885231e-10
training,3.0,4.0,72.0,C,"XX,ZY",-9.178611078038748e-09
training,3.0,4.0,72.0,C,"XX,ZZ",2.35879526313926e-09
training,3.0,4.0,72.0,C,"XY,XZ",-4.165314599089364e-09
training,3.0,4.0,72.0,C,"XY,YI",1.716971020534531e-09
training,3.0,4.0,72.0,C,"XY,YX",-1.5152426688262178e-09
training,3.0,4.0,72.0,C,"XY,YY",-5.657157796853635e-09
training,3.0,4.0,72.0,C,"XY,YZ",9.149291180346017e-09
training,3.0,4.0,72.0,C,"XY,ZI",-2.1106059863586444e-09
training,3.0,4.0,72.0,C,"XY,ZX",5.257926063236098e-10
training,3.0,4.0,72.0,C,"XY,ZY",6.347890662359063e-09
training,3.0,4.0,72.0,C,"XY,ZZ",-6.328141286142685e-09
training,3.0,4.0,72.0,C,"XZ,YI",-2.7773108068356655e-09
training,3.0,4.0,72.0,C,"XZ,YX",5.643582457777072e-10
training,3.0,4.0,72.0,C,"XZ,YY",2.4408897793238478e-09
training,3.0,4.0,72.0,C,"XZ,YZ",-3.196915569044703e-09
training,3.0,4.0,72.0,C,"XZ,ZI",1.2155634294641144e-09
training,3.0,4.0,72.0,C,"XZ,ZX",-7.780491723132971e-10
training,3.0,4.0,72.0,C,"XZ,ZY",-5.0434140313345765e-09
training,3.0,4.0,72.0,C,"XZ,ZZ",5.462376952220122e-09
training,3.0,4.0,72.0,C,"YI,YX",9.187765452130868e-09
training,3.0,4.0,72.0,C,"YI,YY",-3.4061789467278414e-09
training,3.0,4.0,72.0,C,"YI,YZ",1.853964683683684e-09
training,3.0,4.0,72.0,C,"YI,ZI",-6.979946392189201e-09
training,3.0,4.0,72.0,C,"YI,ZX",-1.1106093259256205e-08
training,3.0,4.0,72.0,C,"YI,ZY",1.448789910376668e-09
training,3.0,4.0,72.0,C,"YI,ZZ",-1.3224258270561426e-09
training,3.0,4.0,72.0,C,"YX,YY",4.446606051898375e-09
training,3.0,4.0,72.0,C,"YX,YZ",-2.9178974706193293e-09
training,3.0,4.0,72.0,C,"YX,ZI",-7.91273941993533e-09
training,3.0,4.0,72.0,C,"YX,ZX",-7.454600623771063e-09
training,3.0,4.0,72.0,C,"YX,ZY",-2.8846330676568778e-09
training,3.0,4.0,72.0,C,"YX,ZZ",4.64658759094471e-09
training,3.0,4.0,72.0,C,"YY,YZ",-9.016416776445225e-10
training,3.0,4.0,72.0,C,"YY,ZI",-1.3099616513525983e-09
training,3.0,4.0,72.0,C,"YY,ZX",-8.811184479256054e-10
training,3.0,4.0,72.0,C,"YY,ZY",-1.627644265810711e-08
training,3.0,4.0,72.0,C,"YY,ZZ",3.597160624056739e-09
training,3.0,4.0,72.0,C,"YZ,ZI",7.703100442640927e-10
training,3.0,4.0,72.0,C,"YZ,ZX",4.550927059925333e-09
training,3.0,4.0,72.0,C,"YZ,ZY",2.8749122099862995e-09
training,3.0,4.0,72.0,C,"YZ,ZZ",-8.102742176303807e-09
training,3.0,4.0,72.0,C,"ZI,ZX",7.837525181916496e-09
training,3.0,4.0,72.0,C,"ZI,ZY",-5.152624869457208e-10
training,3.0,4.0,72.0,C,"ZI,ZZ",2.708039997063652e-09
training,3.0,4.0,72.0,C,"ZX,ZY",-3.1058685117947693e-09
training,3.0,4.0,72.0,C,"ZX,ZZ",-4.4629107225127184e-09
training,3.0,4.0,72.0,C,"ZY,ZZ",-6.428940440819113e-09
training,3.0,4.0,72.0,A,"IX,IY",3.7469569835611385e-09
training,3.0,4.0,72.0,A,"IX,IZ",-6.278152803432581e-09
training,3.0,4.0,72.0,A,"IX,XI",2.2159046676322207e-08
training,3.0,4.0,72.0,A,"IX,XX",4.30389352553898e-08
training,3.0,4.0,72.0,A,"IX,XY",6.062877412966644e-09
training,3.0,4.0,72.0,A,"IX,XZ",1.1882226630284227e-09
training,3.0,4.0,72.0,A,"IX,YI",5.6561941314997195e-09
training,3.0,4.0,72.0,A,"IX,YX",-3.771996154597366e-09
training,3.0,4.0,72.0,A,"IX,YY",-7.911977863049653e-09
training,3.0,4.0,72.0,A,"IX,YZ",-2.901219377450853e-09
training,3.0,4.0,72.0,A,"IX,ZI",6.343448105318105e-09
training,3.0,4.0,72.0,A,"IX,ZX",-1.8214464786907222e-09
training,3.0,4.0,72.0,A,"IX,ZY",-4.4820385927785395e-10
training,3.0,4.0,72.0,A,"IX,ZZ",-8.051124200600557e-09
training,3.0,4.0,72.0,A,"IY,IZ",-8.20730781230548e-09
training,3.0,4.0,72.0,A,"IY,XI",-6.964087564904633e-10
training,3.0,4.0,72.0,A,"IY,XX",-9.889773694537086e-09
training,3.0,4.0,72.0,A,"IY,XY",7.74779818822073e-09
training,3.0,4.0,72.0,A,"IY,XZ",-5.487453533237208e-09
training,3.0,4.0,72.0,A,"IY,YI",-1.9394148490980554e-09
training,3.0,4.0,72.0,A,"IY,YX",1.9307378439412507e-09
training,3.0,4.0,72.0,A,"IY,YY",-8.719173609735414e-09
training,3.0,4.0,72.0,A,"IY,YZ",1.7639821364994051e-09
training,3.0,4.0,72.0,A,"IY,ZI",1.2965195684029172e-09
training,3.0,4.0,72.0,A,"IY,ZX",-5.407912030570294e-09
training,3.0,4.0,72.0,A,"IY,ZY",1.4720198042782778e-09
training,3.0,4.0,72.0,A,"IY,ZZ",5.750485744422242e-09
training,3.0,4.0,72.0,A,"IZ,XI",5.096542345755491e-09
training,3.0,4.0,72.0,A,"IZ,XX",7.580260224606881e-10
training,3.0,4.0,72.0,A,"IZ,XY",-6.434630680715592e-09
training,3.0,4.0,72.0,A,"IZ,XZ",9.25292062999179e-09
training,3.0,4.0,72.0,A,"IZ,YI",7.112892486372579e-10
training,3.0,4.0,72.0,A,"IZ,YX",1.1081832801432618e-09
training,3.0,4.0,72.0,A,"IZ,YY",5.767408466251827e-09
training,3.0,4.0,72.0,A,"IZ,YZ",-2.8611033425987367e-09
training,3.0,4.0,72.0,A,"IZ,ZI",6.626318932393159e-10
training,3.0,4.0,72.0,A,"IZ,ZX",2.0273926376378217e-09
training,3.0,4.0,72.0,A,"IZ,ZY",5.959825744225959e-10
training,3.0,4.0,72.0,A,"IZ,ZZ",3.843274353996003e-09
training,3.0,4.0,72.0,A,"XI,XX",-3.122941965779995e-09
training,3.0,4.0,72.0,A,"XI,XY",8.158965497434696e-09
training,3.0,4.0,72.0,A,"XI,XZ",-1.5211000181657507e-09
training,3.0,4.0,72.0,A,"XI,YI",-5.452940465732946e-10
training,3.0,4.0,72.0,A,"XI,YX",-6.7754035276725026e-09
training,3.0,4.0,72.0,A,"XI,YY",-9.286430197909587e-09
training,3.0,4.0,72.0,A,"XI,YZ",-2.0754876758154813e-09
training,3.0,4.0,72.0,A,"XI,ZI",1.12654727892597e-08
training,3.0,4.0,72.0,A,"XI,ZX",1.447049399133238e-09
training,3.0,4.0,72.0,A,"XI,ZY",-2.0290268517271273e-09
training,3.0,4.0,72.0,A,"XI,ZZ",-8.350712129787769e-09
training,3.0,4.0,72.0,A,"XX,XY",-1.4597083580853838e-08
training,3.0,4.0,72.0,A,"XX,XZ",4.861469320311338e-10
training,3.0,4.0,72.0,A,"XX,YI",-1.015026951596841e-08
training,3.0,4.0,72.0,A,"XX,YX",1.2393618781064866e-08
training,3.0,4.0,72.0,A,"XX,YY",-8.03729714828354e-14
training,3.0,4.0,72.0,A,"XX,YZ",1.546680441184402e-09
training,3.0,4.0,72.0,A,"XX,ZI",-1.273478028645432e-09
training,3.0,4.0,72.0,A,"XX,ZX",-2.3096820122482278e-08
training,3.0,4.0,72.0,A,"XX,ZY",2.978095561639753e-10
training,3.0,4.0,72.0,A,"XX,ZZ",1.6800269672170117e-08
training,3.0,4.0,72.0,A,"XY,XZ",-3.5342948616657283e-09
training,3.0,4.0,72.0,A,"XY,YI",-1.5174979283327206e-09
training,3.0,4.0,72.0,A,"XY,YX",7.642452315922564e-10
training,3.0,4.0,72.0,A,"XY,YY",3.770262831934666e-09
training,3.0,4.0,72.0,A,"XY,YZ",1.2148308012619398e-09
training,3.0,4.0,72.0,A,"XY,ZI",-6.022428952056678e-10
training,3.0,4.0,72.0,A,"XY,ZX",1.893358281340461e-09
training,3.0,4.0,72.0,A,"XY,ZY",-2.0076611280569332e-09
training,3.0,4.0,72.0,A,"XY,ZZ",-4.445298037178827e-09
training,3.0,4.0,72.0,A,"XZ,YI",6.227777208897223e-10
training,3.0,4.0,72.0,A,"XZ,YX",1.1610741713786065e-09
training,3.0,4.0,72.0,A,"XZ,YY",-5.544692091133182e-09
training,3.0,4.0,72.0,A,"XZ,YZ",2.7051788139002615e-09
training,3.0,4.0,72.0,A,"XZ,ZI",-1.1800819314432883e-09
training,3.0,4.0,72.0,A,"XZ,ZX",-2.845742156074902e-09
training,3.0,4.0,72.0,A,"XZ,ZY",4.369537454644274e-09
training,3.0,4.0,72.0,A,"XZ,ZZ",1.6841399391776051e-09
training,3.0,4.0,72.0,A,"YI,YX",3.1646344013147786e-10
training,3.0,4.0,72.0,A,"YI,YY",1.8233571834830415e-09
training,3.0,4.0,72.0,A,"YI,YZ",-2.0844072325341407e-09
training,3.0,4.0,72.0,A,"YI,ZI",3.0248902237948685e-09
training,3.0,4.0,72.0,A,"YI,ZX",5.605564385065265e-10
training,3.0,4.0,72.0,A,"YI,ZY",-3.0447246983259685e-09
training,3.0,4.0,72.0,A,"YI,ZZ",-2.868152176366349e-09
training,3.0,4.0,72.0,A,"YX,YY",-4.877670815158462e-09
training,3.0,4.0,72.0,A,"YX,YZ",3.475015141549409e-10
training,3.0,4.0,72.0,A,"YX,ZI",1.1665881737184247e-09
training,3.0,4.0,72.0,A,"YX,ZX",-9.072762129149225e-10
training,3.0,4.0,72.0,A,"YX,ZY",3.7074299812955507e-09
training,3.0,4.0,72.0,A,"YX,ZZ",6.003228853616303e-10
training,3.0,4.0,72.0,A,"YY,YZ",-1.0253311827794165e-08
training,3.0,4.0,72.0,A,"YY,ZI",4.7963096075081735e-09
training,3.0,4.0,72.0,A,"YY,ZX",-5.619066628635218e-09
training,3.0,4.0,72.0,A,"YY,ZY",-4.188933399680083e-09
training,3.0,4.0,72.0,A,"YY,ZZ",1.8154837667344712e-08
training,3.0,4.0,72.0,A,"YZ,ZI",-1.529614634710184e-09
training,3.0,4.0,72.0,A,"YZ,ZX",1.698150550143002e-09
training,3.0,4.0,72.0,A,"YZ,ZY",-1.2205319787958317e-08
training,3.0,4.0,72.0,A,"YZ,ZZ",8.729100135348169e-10
training,3.0,4.0,72.0,A,"ZI,ZX",-5.88720043960117e-10
training,3.0,4.0,72.0,A,"ZI,ZY",5.5672078321900325e-09
training,3.0,4.0,72.0,A,"ZI,ZZ",4.265772151018955e-10
training,3.0,4.0,72.0,A,"ZX,ZY",-5.3155383520372056e-09
training,3.0,4.0,72.0,A,"ZX,ZZ",2.8543783790138486e-09
training,3.0,4.0,72.0,A,"ZY,ZZ",-1.771425962726438e-08
validation,3.0,0.25,4.5,H,IX,-1.3289785156468702e-08
validation,3.0,0.25,4.5,H,IY,-7.856363670817215e-09
validation,3.0,0.25,4.5,H,IZ,-2.371062271204095e-10
validation,3.0,0.25,4.5,H,XI,-6.580699981176506e-09
validation,3.0,0.25,4.5,H,XX,-4.045776526030372e-05
validation,3.0,0.25,4.5,H,XY,-9.428496727540845e-10
validation,3.0,0.25,4.5,H,XZ,6.407353626452172e-10
validation,3.0,0.25,4.5,H,YI,5.783394330356616e-09
validation,3.0,0.25,4.5,H,YX,-7.299467048899483e-09
validation,3.0,0.25,4.5,H,YY,1.9895649323769653e-09
validation,3.0,0.25,4.5,H,YZ,1.0266854750326427e-09
validation,3.0,0.25,4.5,H,ZI,-7.49669138823619e-10
validation,3.0,0.25,4.5,H,ZX,-2.0733603139522604e-11
validation,3.0,0.25,4.5,H,ZY,1.1974011347379283e-08
validation,3.0,0.25,4.5,H,ZZ,-2.536431529957286e-16
validation,3.0,0.25,4.5,S,IX,0.0003573129137543824
validation,3.0,0.25,4.5,S,IY,-1.3233208679243672e-09
validation,3.0,0.25,4.5,S,IZ,1.2346537181843163e-09
validation,3.0,0.25,4.5,S,XI,0.00035730405708051774
validation,3.0,0.25,4.5,S,XX,3.376664143300151e-05
validation,3.0,0.25,4.5,S,XY,5.89440779958381e-10
validation,3.0,0.25,4.5,S,XZ,-1.5711404739742656e-09
validation,3.0,0.25,4.5,S,YI,-3.9562317107771396e-09
validation,3.0,0.25,4.5,S,YX,1.7529984991002893e-09
validation,3.0,0.25,4.5,S,YY,-1.0848032556607084e-09
validation,3.0,0.25,4.5,S,YZ,-1.801208214318676e-09
validation,3.0,0.25,4.5,S,ZI,-5.259094231608273e-11
validation,3.0,0.25,4.5,S,ZX,-2.5985287083841796e-09
validation,3.0,0.25,4.5,S,ZY,-7.105909009808269e-10
validation,3.0,0.25,4.5,S,ZZ,-6.150357657110648e-11
validation,3.0,0.25,4.5,C,"IX,IY",2.054690891575077e-09
validation,3.0,0.25,4.5,C,"IX,IZ",3.6572664899974324e-09
validation,3.0,0.25,4.5,C,"IX,XI",0.0003573057014630154
validation,3.0,0.25,4.5,C,"IX,XX",8.662674406220896e-09
validation,3.0,0.25,4.5,C,"IX,XY",3.7085373995372633e-09
validation,3.0,0.25,4.5,C,"IX,XZ",-1.0540439726259158e-09
validation,3.0,0.25,4.5,C,"IX,YI",-9.378136188787003e-10
validation,3.0,0.25,4.5,C,"IX,YX",3.533514752567181e-09
validation,3.0,0.25,4.5,C,"IX,YY",-2.4083119322943617e-09
validation,3.0,0.25,4.5,C,"IX,YZ",-9.124576616303799e-10
validation,3.0,0.25,4.5,C,"IX,ZI",6.754791296541059e-10
validation,3.0,0.25,4.5,C,"IX,ZX",-3.7846460849375135e-09
validation,3.0,0.25,4.5,C,"IX,ZY",3.3666266550596584e-10
validation,3.0,0.25,4.5,C,"IX,ZZ",-7.247839004323549e-09
validation,3.0,0.25,4.5,C,"IY,IZ",1.9990097547503453e-10
validation,3.0,0.25,4.5,C,"IY,XI",9.135723852256784e-10
validation,3.0,0.25,4.5,C,"IY,XX",8.6666625543243e-10
validation,3.0,0.25,4.5,C,"IY,XY",-1.6575680362920517e-10
validation,3.0,0.25,4.5,C,"IY,XZ",-1.3756984093831349e-09
validation,3.0,0.25,4.5,C,"IY,YI",7.268853851342367e-11
validation,3.0,0.25,4.5,C,"IY,YX",-7.959675653482887e-10
validation,3.0,0.25,4.5,C,"IY,YY",7.836668071265136e-10
validation,3.0,0.25,4.5,C,"IY,YZ",-3.1701232867496845e-09
validation,3.0,0.25,4.5,C,"IY,ZI",6.663901490692866e-10
validation,3.0,0.25,4.5,C,"IY,ZX",1.2748864355617531e-09
validation,3.0,0.25,4.5,C,"IY,ZY",-1.8323927196292041e-09
validation,3.0,0.25,4.5,C,"IY,ZZ",4.776173928554682e-10
validation,3.0,0.25,4.5,C,"IZ,XI",4.566970398474677e-09
validation,3.0,0.25,4.5,C,"IZ,XX",-5.957579311955601e-10
validation,3.0,0.25,4.5,C,"IZ,XY",2.2699659339251458e-09
validation,3.0,0.25,4.5,C,"IZ,XZ",-1.9253544849103433e-09
validation,3.0,0.25,4.5,C,"IZ,YI",-2.4649742208241116e-09
validation,3.0,0.25,4.5,C,"IZ,YX",1.295320586194862e-09
validation,3.0,0.25,4.5,C,"IZ,YY",-1.8666326178770305e-09
validation,3.0,0.25,4.5,C,"IZ,YZ",1.7468589209701311e-09
validation,3.0,0.25,4.5,C,"IZ,ZI",4.4802883226573095e-10
validation,3.0,0.25,4.5,C,"IZ,ZX",-2.729003098280402e-09
validation,3.0,0.25,4.5,C,"IZ,ZY",2.8057079526566965e-10
validation,3.0,0.25,4.5,C,"IZ,ZZ",-5.343391049524517e-11
validation,3.0,0.25,4.5,C,"XI,XX",-7.331936923331404e-09
validation,3.0,0.25,4.5,C,"XI,XY",7.129877009755453e-09
validation,3.0,0.25,4.5,C,"XI,XZ",-5.665006173822852e-09
validation,3.0,0.25,4.5,C,"XI,YI",-3.195724895196431e-10
validation,3.0,0.25,4.5,C,"XI,YX",-1.1597310072678117e-10
validation,3.0,0.25,4.5,C,"XI,YY",-4.417337252336954e-09
validation,3.0,0.25,4.5,C,"XI,YZ",3.6560010886080555e-10
validation,3.0,0.25,4.5,C,"XI,ZI",-1.7974001549725618e-09
validation,3.0,0.25,4.5,C,"XI,ZX",-3.5517875067636013e-09
validation,3.0,0.25,4.5,C,"XI,ZY",2.1059694163793806e-10
validation,3.0,0.25,4.5,C,"XI,ZZ",-5.750912023287397e-09
validation,3.0,0.25,4.5,C,"XX,XY",-1.1372981458833845e-11
validation,3.0,0.25,4.5,C,"XX,XZ",6.317676518511028e-09
validation,3.0,0.25,4.5,C,"XX,YI",1.4494137285425536e-09
validation,3.0,0.25,4.5,C,"XX,YX",7.205791673875683e-10
validation,3.0,0.25,4.5,C,"XX,YY",7.970310480537055e-09
validation,3.0,0.25,4.5,C,"XX,YZ",2.0899816888636016e-09
validation,3.0,0.25,4.5,C,"XX,ZI",5.8337570421354155e-09
validation,3.0,0.25,4.5,C,"XX,ZX",-7.249030427051119e-09
validation,3.0,0.25,4.5,C,"XX,ZY",-3.764896911839738e-09
validation,3.0,0.25,4.5,C,"XX,ZZ",1.0706581449679676e-09
validation,3.0,0.25,4.5,C,"XY,XZ",-1.782137280970455e-09
validation,3.0,0.25,4.5,C,"XY,YI",3.7374268167108e-09
validation,3.0,0.25,4.5,C,"XY,YX",-2.817221119031951e-09
validation,3.0,0.25,4.5,C,"XY,YY",2.2808533006029727e-09
validation,3.0,0.25,4.5,C,"XY,YZ",1.6428029757508495e-10
validation,3.0,0.25,4.5,C,"XY,ZI",-2.9518175146086783e-09
validation,3.0,0.25,4.5,C,"XY,ZX",3.4656067968510324e-09
validation,3.0,0.25,4.5,C,"XY,ZY",1.0390995735952921e-09
validation,3.0,0.25,4.5,C,"XY,ZZ",-1.1374190116131386e-09
validation,3.0,0.25,4.5,C,"XZ,YI",-2.9949437949233403e-09
validation,3.0,0.25,4.5,C,"XZ,YX",1.7868512648574193e-10
validation,3.0,0.25,4.5,C,"XZ,YY",-3.0846406244651525e-09
validation,3.0,0.25,4.5,C,"XZ,YZ",-4.3416855773478663e-10
validation,3.0,0.25,4.5,C,"XZ,ZI",2.2202490322017745e-09
validation,3.0,0.25,4.5,C,"XZ,ZX",-1.14586095519191e-09
validation,3.0,0.25,4.5,C,"XZ,ZY",-1.6804987411165577e-09
validation,3.0,0.25,4.5,C,"XZ,ZZ",5.411935391196576e-10
validation,3.0,0.25,4.5,C,"YI,YX",-3.505084951452497e-11
validation,3.0,0.25,4.5,C,"YI,YY",-4.260332078908656e-09
validation,3.0,0.25,4.5,C,"YI,YZ",2.4088057836359513e-09
validation,3.0,0.25,4.5,C,"YI,ZI",1.9777903331746728e-10
validation,3.0,0.25,4.5,C,"YI,ZX",-3.539006787264064e-09
validation,3.0,0.25,4.5,C,"YI,ZY",9.74944831877387e-10
validation,3.0,0.25,4.5,C,"YI,ZZ",4.141508879696405e-10
validation,3.0,0.25,4.5,C,"YX,YY",5.48118301032264e-10
validation,3.0,0.25,4.5,C,"YX,YZ",-1.1438383553498063e-09
validation,3.0,0.25,4.5,C,"YX,ZI",2.29782350955745e-09
validation,3.0,0.25,4.5,C,"YX,ZX",7.610175292639156e-10
validation,3.0,0.25,4.5,C,"YX,ZY",-7.652539357790896e-10
validation,3.0,0.25,4.5,C,"YX,ZZ",-2.3915275295534154e-09
validation,3.0,0.25,4.5,C,"YY,YZ",-5.594742983217242e-10
validation,3.0,0.25,4.5,C,"YY,ZI",9.41940521581326e-10
validation,3.0,0.25,4.5,C,"YY,ZX",-1.4815828505230414e-09
validation,3.0,0.25,4.5,C,"YY,ZY",-7.583409238231503e-10
validation,3.0,0.25,4.5,C,"YY,ZZ",2.613113748414818e-10
validation,3.0,0.25,4.5,C,"YZ,ZI",4.1316406321965003e-10
validation,3.0,0.25,4.5,C,"YZ,ZX",1.2660690235330947e-09
validation,3.0,0.25,4.5,C,"YZ,ZY",-7.919523229885745e-10
validation,3.0,0.25,4.5,C,"YZ,ZZ",1.3037486049619593e-09
validation,3.0,0.25,4.5,C,"ZI,ZX",1.0616916936434967e-09
validation,3.0,0.25,4.5,C,"ZI,ZY",1.5452595592451811e-09
validation,3.0,0.25,4.5,C,"ZI,ZZ",-1.8028245092520486e-09
validation,3.0,0.25,4.5,C,"ZX,ZY",-1.907566625264846e-10
validation,3.0,0.25,4.5,C,"ZX,ZZ",1.697762212620744e-09
validation,3.0,0.25,4.5,C,"ZY,ZZ",-1.2080171396152177e-09
validation,3.0,0.25,4.5,A,"IX,IY",5.332879289017826e-09
validation,3.0,0.25,4.5,A,"IX,IZ",6.466868116994158e-09
validation,3.0,0.25,4.5,A,"IX,XI",9.796111328353456e-09
validation,3.0,0.25,4.5,A,"IX,XX",-5.066617863387847e-09
validation,3.0,0.25,4.5,A,"IX,XY",-1.9521998628699074e-09
validation,3.0,0.25,4.5,A,"IX,XZ",-9.460123245465518e-10
validation,3.0,0.25,4.5,A,"IX,YI",6.521021291531695e-09
validation,3.0,0.25,4.5,A,"IX,YX",1.4846866982632102e-09
validation,3.0,0.25,4.5,A,"IX,YY",8.159286607621872e-10
validation,3.0,0.25,4.5,A,"IX,YZ",2.058512947401845e-09
validation,3.0,0.25,4.5,A,"IX,ZI",5.2462132461024875e-09
validation,3.0,0.25,4.5,A,"IX,ZX",2.0032667146601324e-09
validation,3.0,0.25,4.5,A,"IX,ZY",-7.870188258603237e-09
validation,3.0,0.25,4.5,A,"IX,ZZ",2.9307516340943607e-10
validation,3.0,0.25,4.5,A,"IY,IZ",-1.1438686851128658e-09
validation,3.0,0.25,4.5,A,"IY,XI",-6.171179374227756e-09
validation,3.0,0.25,4.5,A,"IY,XX",-1.8752165645655812e-09
validation,3.0,0.25,4.5,A,"IY,XY",-2.792323524291294e-09
validation,3.0,0.25,4.5,A,"IY,XZ",1.5701326865199747e-09
validation,3.0,0.25,4.5,A,"IY,YI",1.5289136617086303e-09
validation,3.0,0.25,4.5,A,"IY,YX",-2.8863382243783796e-09
validation,3.0,0.25,4.5,A,"IY,YY",-7.510847541435571e-10
validation,3.0,0.25,4.5,A,"IY,YZ",1.8060262843857424e-09
validation,3.0,0.25,4.5,A,"IY,ZI",-2.2814310911348837e-09
validation,3.0,0.25,4.5,A,"IY,ZX",2.434439754179057e-09
validation,3.0,0.25,4.5,A,"IY,ZY",1.353960730619521e-09
validation,3.0,0.25,4.5,A,"IY,ZZ",-7.599547089500724e-10
validation,3.0,0.25,4.5,A,"IZ,XI",-2.8084447238701165e-09
validation,3.0,0.25,4.5,A,"IZ,XX",2.430768647521245e-09
validation,3.0,0.25,4.5,A,"IZ,XY",2.4023202261291236e-09
validation,3.0,0.25,4.5,A,"IZ,XZ",-1.2215076322634865e-09
validation,3.0,0.25,4.5,A,"IZ,YI",-3.953251141749638e-11
validation,3.0,0.25,4.5,A,"IZ,YX",1.7280836824851404e-10
validation,3.0,0.25,4.5,A,"IZ,YY",1.5165909876830922e-09
validation,3.0,0.25,4.5,A,"IZ,YZ",-1.0248441010051121e-09
validation,3.0,0.25,4.5,A,"IZ,ZI",1.9861054194492157e-10
validation,3.0,0.25,4.5,A,"IZ,ZX",-1.20150349913656e-09
validation,3.0,0.25,4.5,A,"IZ,ZY",-1.7420208341562814e-09
validation,3.0,0.25,4.5,A,"IZ,ZZ",-1.00469057916745e-09
validation,3.0,0.25,4.5,A,"XI,XX",-1.177587742637508e-08
validation,3.0,0.25,4.5,A,"XI,XY",-2.2500021687696894e-09
validation,3.0,0.25,4.5,A,"XI,XZ",-7.521118139321453e-10
validation,3.0,0.25,4.5,A,"XI,YI",4.415273041207063e-09
validation,3.0,0.25,4.5,A,"XI,YX",2.8123340316700784e-09
validation,3.0,0.25,4.5,A,"XI,YY",-2.4889624464175337e-09
validation,3.0,0.25,4.5,A,"XI,YZ",5.728720903732389e-09
validation,3.0,0.25,4.5,A,"XI,ZI",6.29519673831837e-09
validation,3.0,0.25,4.5,A,"XI,ZX",5.227241511478736e-10
validation,3.0,0.25,4.5,A,"XI,ZY",-6.236081564479763e-09
validation,3.0,0.25,4.5,A,"XI,ZZ",-2.597456266048375e-09
validation,3.0,0.25,4.5,A,"XX,XY",2.2746408702657904e-09
validation,3.0,0.25,4.5,A,"XX,XZ",-1.2682795262782057e-08
validation,3.0,0.25,4.5,A,"XX,YI",-2.862886446737093e-09
validation,3.0,0.25,4.5,A,"XX,YX",-9.941942551474447e-09
validation,3.0,0.25,4.5,A,"XX,YY",1.2933944924870878e-13
validation,3.0,0.25,4.5,A,"XX,YZ",-8.886553390413306e-09
validation,3.0,0.25,4.5,A,"XX,ZI",3.256585484241703e-10
validation,3.0,0.25,4.5,A,"XX,ZX",-7.595937062726784e-09
validation,3.0,0.25,4.5,A,"XX,ZY",2.0604759451026047e-09
validation,3.0,0.25,4.5,A,"XX,ZZ",1.9895904317165623e-09
validation,3.0,0.25,4.5,A,"XY,XZ",1.881404873302451e-09
validation,3.0,0.25,4.5,A,"XY,YI",-2.126811268929131e-09
validation,3.0,0.25,4.5,A,"XY,YX",2.360181441403547e-09
validation,3.0,0.25,4.5,A,"XY,YY",1.030553669399844e-10
validation,3.0,0.25,4.5,A,"XY,YZ",1.4477355057379286e-09
validation,3.0,0.25,4.5,A,"XY,ZI",1.1359893693902548e-09
validation,3.0,0.25,4.5,A,"XY,ZX",-1.9786266303707344e-09
validation,3.0,0.25,4.5,A,"XY,ZY",1.3663439564069771e-10
validation,3.0,0.25,4.5,A,"XY,ZZ",1.5186185721491802e-09
validation,3.0,0.25,4.5,A,"XZ,YI",3.0588763995229664e-09
validation,3.0,0.25,4.5,A,"XZ,YX",-2.8842376871104784e-09
validation,3.0,0.25,4.5,A,"XZ,YY",-1.0479512500507644e-09
validation,3.0,0.25,4.5,A,"XZ,YZ",1.949651418712592e-09
validation,3.0,0.25,4.5,A,"XZ,ZI",-4.624203720255454e-09
validation,3.0,0.25,4.5,A,"XZ,ZX",3.090175415698753e-09
validation,3.0,0.25,4.5,A,"XZ,ZY",3.965977804123131e-09
validation,3.0,0.25,4.5,A,"XZ,ZZ",-4.081033632141707e-09
validation,3.0,0.25,4.5,A,"YI,YX",-1.5286616292488336e-09
validation,3.0,0.25,4.5,A,"YI,YY",-6.971973588172378e-10
validation,3.0,0.25,4.5,A,"YI,YZ",3.496392984424979e-10
validation,3.0,0.25,4.5,A,"YI,ZI",6.816661769415122e-10
validation,3.0,0.25,4.5,A,"YI,ZX",1.0556116089208666e-09
validation,3.0,0.25,4.5,A,"YI,ZY",-1.7880418890592859e-09
validation,3.0,0.25,4.5,A,"YI,ZZ",-2.4741209415049536e-09
validation,3.0,0.25,4.5,A,"YX,YY",3.499047457325858e-09
validation,3.0,0.25,4.5,A,"YX,YZ",-6.338813667672856e-10
validation,3.0,0.25,4.5,A,"YX,ZI",-2.3222313447879674e-09
validation,3.0,0.25,4.5,A,"YX,ZX",9.611457631740836e-10
validation,3.0,0.25,4.5,A,"YX,ZY",1.4101247353371044e-09
validation,3.0,0.25,4.5,A,"YX,ZZ",-4.788978748819265e-10
validation,3.0,0.25,4.5,A,"YY,YZ",1.546784706915666e-09
validation,3.0,0.25,4.5,A,"YY,ZI",-1.759733670212679e-09
validation,3.0,0.25,4.5,A,"YY,ZX",1.1356279812001963e-09
validation,3.0,0.25,4.5,A,"YY,ZY",-1.910360998320099e-09
validation,3.0,0.25,4.5,A,"YY,ZZ",-4.2147354886157e-10
validation,3.0,0.25,4.5,A,"YZ,ZI",1.1686141263048394e-09
validation,3.0,0.25,4.5,A,"YZ,ZX",1.0391408401676062e-09
validation,3.0,0.25,4.5,A,"YZ,ZY",1.3124450225027322e-09
validation,3.0,0.25,4.5,A,"YZ,ZZ",-1.2357853824651438e-09
validation,3.0,0.25,4.5,A,"ZI,ZX",-2.161266619343652e-09
validation,3.0,0.25,4.5,A,"ZI,ZY",4.1219201639597263e-10
validation,3.0,0.25,4.5,A,"ZI,ZZ",1.5255458395438982e-09
validation,3.0,0.25,4.5,A,"ZX,ZY",-3.942051425634671e-09
validation,3.0,0.25,4.5,A,"ZX,ZZ",8.21667540829926e-10
validation,3.0,0.25,4.5,A,"ZY,ZZ",-1.3364785289304701e-09
validation,3.0,0.75,13.5,H,IX,-5.299861521533246e-09
validation,3.0,0.75,13.5,H,IY,-7.019789147056651e-09
validation,3.0,0.75,13.5,H,IZ,9.268694338469158e-11
validation,3.0,0.75,13.5,H,XI,5.0697373743093475e-09
validation,3.0,0.75,13.5,H,XX,-0.0001207742116570362
validation,3.0,0.75,13.5,H,XY,1.1752168536490944e-08
validation,3.0,0.75,13.5,H,XZ,4.948920966672324e-09
validation,3.0,0.75,13.5,H,YI,9.175229574892327e-10
validation,3.0,0.75,13.5,H,YX,-1.7373336592156105e-08
validation,3.0,0.75,13.5,H,YY,1.2614212959024561e-08
validation,3.0,0.75,13.5,H,YZ,-2.1203137196965526e-09
validation,3.0,0.75,13.5,H,ZI,-2.016453784823916e-09
validation,3.0,0.75,13.5,H,ZX,5.137325468815924e-09
validation,3.0,0.75,13.5,H,ZY,1.933920544286272e-08
validation,3.0,0.75,13.5,H,ZZ,-1.161345065673714e-15
validation,3.0,0.75,13.5,S,IX,0.0010685549661968536
validation,3.0,0.75,13.5,S,IY,9.264275145637324e-10
validation,3.0,0.75,13.5,S,IZ,4.451858237630203e-09
validation,3.0,0.75,13.5,S,XI,0.0010685690196456325
validation,3.0,0.75,13.5,S,XX,0.0001035342124745171
validation,3.0,0.75,13.5,S,XY,1.0564670263829914e-09
validation,3.0,0.75,13.5,S,XZ,3.113387425852151e-09
validation,3.0,0.75,13.5,S,YI,1.270383773871453e-09
validation,3.0,0.75,13.5,S,YX,4.560296626974526e-09
validation,3.0,0.75,13.5,S,YY,2.5545079840490204e-09
validation,3.0,0.75,13.5,S,YZ,6.898032545610711e-09
validation,3.0,0.75,13.5,S,ZI,4.421499426218159e-09
validation,3.0,0.75,13.5,S,ZX,2.1218488118200955e-09
validation,3.0,0.75,13.5,S,ZY,7.302348378214994e-10
validation,3.0,0.75,13.5,S,ZZ,5.00582201069051e-09
validation,3.0,0.75,13.5,C,"IX,IY",3.6451893076481315e-09
validation,3.0,0.75,13.5,C,"IX,IZ",5.144961769071695e-09
validation,3.0,0.75,13.5,C,"IX,XI",0.0010685600545079672
validation,3.0,0.75,13.5,C,"IX,XX",6.398085454898209e-09
validation,3.0,0.75,13.5,C,"IX,XY",-2.9705229467737192e-09
validation,3.0,0.75,13.5,C,"IX,XZ",-1.5222790484839789e-09
validation,3.0,0.75,13.5,C,"IX,YI",-1.809643232489688e-09
validation,3.0,0.75,13.5,C,"IX,YX",3.3753062573238303e-09
validation,3.0,0.75,13.5,C,"IX,YY",-1.015380142109338e-09
validation,3.0,0.75,13.5,C,"IX,YZ",-6.965258320920981e-10
validation,3.0,0.75,13.5,C,"IX,ZI",3.7926683315371544e-10
validation,3.0,0.75,13.5,C,"IX,ZX",-3.5323122234082643e-09
validation,3.0,0.75,13.5,C,"IX,ZY",-1.8232255240501366e-10
validation,3.0,0.75,13.5,C,"IX,ZZ",-1.0399070409104362e-08
validation,3.0,0.75,13.5,C,"IY,IZ",-5.998797828819747e-10
validation,3.0,0.75,13.5,C,"IY,XI",1.7341878886884502e-09
validation,3.0,0.75,13.5,C,"IY,XX",6.4392108472557266e-09
validation,3.0,0.75,13.5,C,"IY,XY",-1.956135532924458e-12
validation,3.0,0.75,13.5,C,"IY,XZ",2.5431638790723464e-09
validation,3.0,0.75,13.5,C,"IY,YI",7.695953321221259e-10
validation,3.0,0.75,13.5,C,"IY,YX",-3.840256125858221e-12
validation,3.0,0.75,13.5,C,"IY,YY",4.594907556315266e-09
validation,3.0,0.75,13.5,C,"IY,YZ",-3.119863314087125e-09
validation,3.0,0.75,13.5,C,"IY,ZI",4.830836632502825e-09
validation,3.0,0.75,13.5,C,"IY,ZX",1.7700724438835187e-09
validation,3.0,0.75,13.5,C,"IY,ZY",-3.84125643020226e-09
validation,3.0,0.75,13.5,C,"IY,ZZ",-3.2532768219991926e-11
validation,3.0,0.75,13.5,C,"IZ,XI",6.466394337920321e-09
validation,3.0,0.75,13.5,C,"IZ,XX",-1.4571716906100927e-08
validation,3.0,0.75,13.5,C,"IZ,XY",1.3063787359551046e-09
validation,3.0,0.75,13.5,C,"IZ,XZ",-2.6679615092164894e-09
validation,3.0,0.75,13.5,C,"IZ,YI",-1.4367127368649045e-09
validation,3.0,0.75,13.5,C,"IZ,YX",-2.8700635044749493e-09
validation,3.0,0.75,13.5,C,"IZ,YY",-2.715285042877887e-09
validation,3.0,0.75,13.5,C,"IZ,YZ",-3.934670459364698e-09
validation,3.0,0.75,13.5,C,"IZ,ZI",-2.7476345589672683e-09
validation,3.0,0.75,13.5,C,"IZ,ZX",-1.2079772741564865e-09
validation,3.0,0.75,13.5,C,"IZ,ZY",-5.461934644515139e-10
validation,3.0,0.75,13.5,C,"IZ,ZZ",2.569639517240063e-09
validation,3.0,0.75,13.5,C,"XI,XX",2.9100515171625767e-10
validation,3.0,0.75,13.5,C,"XI,XY",-1.5350519676513272e-09
validation,3.0,0.75,13.5,C,"XI,XZ",-4.140482910351695e-09
validation,3.0,0.75,13.5,C,"XI,YI",-1.999598264510197e-09
validation,3.0,0.75,13.5,C,"XI,YX",-1.609587998754071e-09
validation,3.0,0.75,13.5,C,"XI,YY",-4.644344620423005e-09
validation,3.0,0.75,13.5,C,"XI,YZ",7.979166825900127e-10
validation,3.0,0.75,13.5,C,"XI,ZI",-2.650402305531465e-09
validation,3.0,0.75,13.5,C,"XI,ZX",-2.6711580171194936e-09
validation,3.0,0.75,13.5,C,"XI,ZY",8.144550635375314e-11
validation,3.0,0.75,13.5,C,"XI,ZZ",-6.817319596482968e-09
validation,3.0,0.75,13.5,C,"XX,XY",1.5829626205966817e-09
validation,3.0,0.75,13.5,C,"XX,XZ",4.200239389821472e-09
validation,3.0,0.75,13.5,C,"XX,YI",7.011001750488793e-09
validation,3.0,0.75,13.5,C,"XX,YX",-1.4224143544635141e-10
validation,3.0,0.75,13.5,C,"XX,YY",8.505468712005734e-09
validation,3.0,0.75,13.5,C,"XX,YZ",-2.9275077187359015e-09
validation,3.0,0.75,13.5,C,"XX,ZI",1.4575839806519696e-08
validation,3.0,0.75,13.5,C,"XX,ZX",-3.714359842802856e-09
validation,3.0,0.75,13.5,C,"XX,ZY",-1.0478806903781758e-08
validation,3.0,0.75,13.5,C,"XX,ZZ",2.6442794521219914e-09
validation,3.0,0.75,13.5,C,"XY,XZ",-1.2670395764131583e-09
validation,3.0,0.75,13.5,C,"XY,YI",6.145183241077943e-09
validation,3.0,0.75,13.5,C,"XY,YX",-4.268419733401373e-09
validation,3.0,0.75,13.5,C,"XY,YY",2.4787948676326987e-09
validation,3.0,0.75,13.5,C,"XY,YZ",4.080894504193777e-10
validation,3.0,0.75,13.5,C,"XY,ZI",-5.3825251250265654e-09
validation,3.0,0.75,13.5,C,"XY,ZX",6.458670705055737e-09
validation,3.0,0.75,13.5,C,"XY,ZY",1.6378875167691762e-09
validation,3.0,0.75,13.5,C,"XY,ZZ",1.6884294697116176e-09
validation,3.0,0.75,13.5,C,"XZ,YI",-1.0154505860149062e-09
validation,3.0,0.75,13.5,C,"XZ,YX",-8.350515198061325e-10
validation,3.0,0.75,13.5,C,"XZ,YY",3.1611827722802857e-09
validation,3.0,0.75,13.5,C,"XZ,YZ",-1.8539236058586387e-09
validation,3.0,0.75,13.5,C,"XZ,ZI",6.067059991331443e-09
validation,3.0,0.75,13.5,C,"XZ,ZX",2.865335474889321e-10
validation,3.0,0.75,13.5,C,"XZ,ZY",-4.245523626447668e-09
validation,3.0,0.75,13.5,C,"XZ,ZZ",-2.328935316700416e-09
validation,3.0,0.75,13.5,C,"YI,YX",-2.229976289754471e-09
validation,3.0,0.75,13.5,C,"YI,YY",-8.840197304929223e-10
validation,3.0,0.75,13.5,C,"YI,YZ",1.0168264041708119e-10
validation,3.0,0.75,13.5,C,"YI,ZI",-1.3785835573607977e-09
validation,3.0,0.75,13.5,C,"YI,ZX",1.695805322596996e-09
validation,3.0,0.75,13.5,C,"YI,ZY",1.0679903891278357e-09
validation,3.0,0.75,13.5,C,"YI,ZZ",5.579402644199418e-09
validation,3.0,0.75,13.5,C,"YX,YY",-1.9158919443645693e-09
validation,3.0,0.75,13.5,C,"YX,YZ",3.746652942695623e-09
validation,3.0,0.75,13.5,C,"YX,ZI",3.2260330100679585e-09
validation,3.0,0.75,13.5,C,"YX,ZX",-2.3906509394215272e-09
validation,3.0,0.75,13.5,C,"YX,ZY",5.521124689338115e-10
validation,3.0,0.75,13.5,C,"YX,ZZ",-7.145016974377437e-09
validation,3.0,0.75,13.5,C,"YY,YZ",-2.0587663414928606e-09
validation,3.0,0.75,13.5,C,"YY,ZI",4.582928371175723e-09
validation,3.0,0.75,13.5,C,"YY,ZX",1.0319906249298508e-09
validation,3.0,0.75,13.5,C,"YY,ZY",-2.8542197594549643e-09
validation,3.0,0.75,13.5,C,"YY,ZZ",8.790708553880339e-10
validation,3.0,0.75,13.5,C,"YZ,ZI",1.17501922504027e-09
validation,3.0,0.75,13.5,C,"YZ,ZX",-7.760723494512568e-10
validation,3.0,0.75,13.5,C,"YZ,ZY",1.4517373662253398e-09
validation,3.0,0.75,13.5,C,"YZ,ZZ",-1.910538783825032e-09
validation,3.0,0.75,13.5,C,"ZI,ZX",-8.886121051386399e-10
validation,3.0,0.75,13.5,C,"ZI,ZY",-8.575300869076465e-10
validation,3.0,0.75,13.5,C,"ZI,ZZ",-7.838973245127056e-09
validation,3.0,0.75,13.5,C,"ZX,ZY",2.586714008647145e-10
validation,3.0,0.75,13.5,C,"ZX,ZZ",5.062004608891074e-09
validation,3.0,0.75,13.5,C,"ZY,ZZ",5.446443235140645e-10
validation,3.0,0.75,13.5,A,"IX,IY",7.647133499380943e-09
validation,3.0,0.75,13.5,A,"IX,IZ",4.5363539524694056e-10
validation,3.0,0.75,13.5,A,"IX,XI",2.123939513800938e-09
validation,3.0,0.75,13.5,A,"IX,XX",8.097391520046648e-09
validation,3.0,0.75,13.5,A,"IX,XY",-6.134168542207124e-09
validation,3.0,0.75,13.5,A,"IX,XZ",-1.3570720958329135e-09
validation,3.0,0.75,13.5,A,"IX,YI",9.191075552958452e-09
validation,3.0,0.75,13.5,A,"IX,YX",-3.267061210893351e-10
validation,3.0,0.75,13.5,A,"IX,YY",-4.497962073136441e-09
validation,3.0,0.75,13.5,A,"IX,YZ",3.8700191227838235e-09
validation,3.0,0.75,13.5,A,"IX,ZI",3.2244107141670804e-09
validation,3.0,0.75,13.5,A,"IX,ZX",4.6677012654463e-09
validation,3.0,0.75,13.5,A,"IX,ZY",-1.4785247606978434e-08
validation,3.0,0.75,13.5,A,"IX,ZZ",-4.1434531378053915e-09
validation,3.0,0.75,13.5,A,"IY,IZ",-1.9930975076405446e-10
validation,3.0,0.75,13.5,A,"IY,XI",-7.478515361729666e-09
validation,3.0,0.75,13.5,A,"IY,XX",1.1899014056342743e-08
validation,3.0,0.75,13.5,A,"IY,XY",-2.7448275521459054e-10
validation,3.0,0.75,13.5,A,"IY,XZ",-9.82222753977656e-10
validation,3.0,0.75,13.5,A,"IY,YI",5.894672270122708e-09
validation,3.0,0.75,13.5,A,"IY,YX",-4.112821499902239e-09
validation,3.0,0.75,13.5,A,"IY,YY",7.890288009422095e-10
validation,3.0,0.75,13.5,A,"IY,YZ",-1.4018997907586474e-10
validation,3.0,0.75,13.5,A,"IY,ZI",-6.013651195129623e-09
validation,3.0,0.75,13.5,A,"IY,ZX",4.877449808591359e-09
validation,3.0,0.75,13.5,A,"IY,ZY",2.5187044576433298e-09
validation,3.0,0.75,13.5,A,"IY,ZZ",2.1774520237403917e-09
validation,3.0,0.75,13.5,A,"IZ,XI",4.060343837746556e-09
validation,3.0,0.75,13.5,A,"IZ,XX",5.582337167027782e-09
validation,3.0,0.75,13.5,A,"IZ,XY",-5.51202500851701e-10
validation,3.0,0.75,13.5,A,"IZ,XZ",1.3062010333064875e-09
validation,3.0,0.75,13.5,A,"IZ,YI",-3.2236380625239947e-09
validation,3.0,0.75,13.5,A,"IZ,YX",-1.678105320234864e-09
validation,3.0,0.75,13.5,A,"IZ,YY",-1.4781168106213619e-09
validation,3.0,0.75,13.5,A,"IZ,YZ",1.549022490744739e-09
validation,3.0,0.75,13.5,A,"IZ,ZI",6.336354293599006e-10
validation,3.0,0.75,13.5,A,"IZ,ZX",-2.5155437789492574e-09
validation,3.0,0.75,13.5,A,"IZ,ZY",-5.857835673899358e-10
validation,3.0,0.75,13.5,A,"IZ,ZZ",-1.6766650523840932e-09
validation,3.0,0.75,13.5,A,"XI,XX",-2.272052607925985e-09
validation,3.0,0.75,13.5,A,"XI,XY",-6.3339049787332586e-09
validation,3.0,0.75,13.5,A,"XI,XZ",-1.8697003123061483e-09
validation,3.0,0.75,13.5,A,"XI,YI",5.564374188453693e-09
validation,3.0,0.75,13.5,A,"XI,YX",2.546124751201518e-09
validation,3.0,0.75,13.5,A,"XI,YY",-8.90609498111272e-09
validation,3.0,0.75,13.5,A,"XI,YZ",1.1610311040012712e-08
validation,3.0,0.75,13.5,A,"XI,ZI",5.066378292138042e-09
validation,3.0,0.75,13.5,A,"XI,ZX",1.3040424358167306e-09
validation,3.0,0.75,13.5,A,"XI,ZY",-1.2651776248490937e-08
validation,3.0,0.75,13.5,A,"XI,ZZ",-7.677886900423194e-09
validation,3.0,0.75,13.5,A,"XX,XY",1.8368116582265011e-09
validation,3.0,0.75,13.5,A,"XX,XZ",-6.294244447975224e-09
validation,3.0,0.75,13.5,A,"XX,YI",-2.338653802543118e-09
validation,3.0,0.75,13.5,A,"XX,YX",-8.683194664364667e-10
validation,3.0,0.75,13.5,A,"XX,YY",1.2910596467242603e-14
validation,3.0,0.75,13.5,A,"XX,YZ",-1.3559479656203245e-08
validation,3.0,0.75,13.5,A,"XX,ZI",3.0560615908330016e-09
validation,3.0,0.75,13.5,A,"XX,ZX",-1.1629040593315711e-08
validation,3.0,0.75,13.5,A,"XX,ZY",7.899208028352524e-09
validation,3.0,0.75,13.5,A,"XX,ZZ",1.2613689350804323e-08
validation,3.0,0.75,13.5,A,"XY,XZ",6.708155714896388e-10
validation,3.0,0.75,13.5,A,"XY,YI",-5.2479988935478354e-09
validation,3.0,0.75,13.5,A,"XY,YX",2.2830933930485392e-09
validation,3.0,0.75,13.5,A,"XY,YY",-2.3199681416388456e-09
validation,3.0,0.75,13.5,A,"XY,YZ",7.793394606893609e-10
validation,3.0,0.75,13.5,A,"XY,ZI",2.871452733023237e-09
validation,3.0,0.75,13.5,A,"XY,ZX",-4.409245594757887e-09
validation,3.0,0.75,13.5,A,"XY,ZY",-1.8928035108507003e-09
validation,3.0,0.75,13.5,A,"XY,ZZ",4.360717586009849e-09
validation,3.0,0.75,13.5,A,"XZ,YI",9.199898623067416e-09
validation,3.0,0.75,13.5,A,"XZ,YX",-5.471905418342773e-09
validation,3.0,0.75,13.5,A,"XZ,YY",2.4565192284685456e-09
validation,3.0,0.75,13.5,A,"XZ,YZ",1.3987413245177228e-09
validation,3.0,0.75,13.5,A,"XZ,ZI",-9.047593444462707e-09
validation,3.0,0.75,13.5,A,"XZ,ZX",7.569290864297616e-09
validation,3.0,0.75,13.5,A,"XZ,ZY",5.285919841741993e-09
validation,3.0,0.75,13.5,A,"XZ,ZZ",-4.061717353023337e-11
validation,3.0,0.75,13.5,A,"YI,YX",-2.6185588433811573e-09
validation,3.0,0.75,13.5,A,"YI,YY",-5.8589143991850225e-09
validation,3.0,0.75,13.5,A,"YI,YZ",8.180729033677389e-10
validation,3.0,0.75,13.5,A,"YI,ZI",-3.157399916164394e-09
validation,3.0,0.75,13.5,A,"YI,ZX",2.425555706807303e-10
validation,3.0,0.75,13.5,A,"YI,ZY",-1.0215714930474327e-09
validation,3.0,0.75,13.5,A,"YI,ZZ",2.7220645004879036e-09
validation,3.0,0.75,13.5,A,"YX,YY",6.237290520386414e-09
validation,3.0,0.75,13.5,A,"YX,YZ",-4.979742586539307e-09
validation,3.0,0.75,13.5,A,"YX,ZI",-6.461605112735233e-10
validation,3.0,0.75,13.5,A,"YX,ZX",2.5525033439080595e-09
validation,3.0,0.75,13.5,A,"YX,ZY",1.3409101918388069e-09
validation,3.0,0.75,13.5,A,"YX,ZZ",-2.812719166511472e-09
validation,3.0,0.75,13.5,A,"YY,YZ",-9.033438294607676e-10
validation,3.0,0.75,13.5,A,"YY,ZI",-8.78024232539094e-09
validation,3.0,0.75,13.5,A,"YY,ZX",4.270947983063873e-09
validation,3.0,0.75,13.5,A,"YY,ZY",2.538324172139615e-09
validation,3.0,0.75,13.5,A,"YY,ZZ",3.429686175408821e-09
validation,3.0,0.75,13.5,A,"YZ,ZI",5.779212979798731e-09
validation,3.0,0.75,13.5,A,"YZ,ZX",1.241806251962588e-10
validation,3.0,0.75,13.5,A,"YZ,ZY",-2.4693248676968234e-09
validation,3.0,0.75,13.5,A,"YZ,ZZ",-2.0039648869288697e-09
validation,3.0,0.75,13.5,A,"ZI,ZX",1.6052674363284442e-09
validation,3.0,0.75,13.5,A,"ZI,ZY",-1.0084300400974417e-10
validation,3.0,0.75,13.5,A,"ZI,ZZ",3.124108980586566e-09
validation,3.0,0.75,13.5,A,"ZX,ZY",-3.009654150970494e-09
validation,3.0,0.75,13.5,A,"ZX,ZZ",4.82067869206071e-09
validation,3.0,0.75,13.5,A,"ZY,ZZ",-2.616971722133566e-09
validation,3.0,1.5,27.0,H,IX,-7.871564368740909e-09
validation,3.0,1.5,27.0,H,IY,-1.6238643323082986e-08
validation,3.0,1.5,27.0,H,IZ,-1.8086448763096142e-10
validation,3.0,1.5,27.0,H,XI,-3.3083759125519195e-09
validation,3.0,1.5,27.0,H,XX,-0.00023975071450075663
validation,3.0,1.5,27.0,H,XY,6.91250332956054e-09
validation,3.0,1.5,27.0,H,XZ,5.454584926635755e-09
validation,3.0,1.5,27.0,H,YI,2.7803400505547143e-09
validation,3.0,1.5,27.0,H,YX,-2.2926835132182854e-08
validation,3.0,1.5,27.0,H,YY,1.5547867237996203e-08
validation,3.0,1.5,27.0,H,YZ,-4.992796167726232e-09
validation,3.0,1.5,27.0,H,ZI,-2.946219328080178e-09
validation,3.0,1.5,27.0,H,ZX,6.6788838351951876e-09
validation,3.0,1.5,27.0,H,ZY,2.183597161889108e-08
validation,3.0,1.5,27.0,H,ZZ,-2.127861450647167e-15
validation,3.0,1.5,27.0,S,IX,0.002127161495103939
validation,3.0,1.5,27.0,S,IY,8.881456828660483e-10
validation,3.0,1.5,27.0,S,IZ,4.781557817875801e-09
validation,3.0,1.5,27.0,S,XI,0.0021271691463608453
validation,3.0,1.5,27.0,S,XX,0.00021377506083964688
validation,3.0,1.5,27.0,S,XY,5.3116799396402126e-09
validation,3.0,1.5,27.0,S,XZ,4.949312141247714e-09
validation,3.0,1.5,27.0,S,YI,2.9642798968481515e-10
validation,3.0,1.5,27.0,S,YX,5.214946355498219e-09
validation,3.0,1.5,27.0,S,YY,6.508938238218576e-09
validation,3.0,1.5,27.0,S,YZ,6.498573535307535e-09
validation,3.0,1.5,27.0,S,ZI,2.4464524051872293e-09
validation,3.0,1.5,27.0,S,ZX,2.1119872122324877e-09
validation,3.0,1.5,27.0,S,ZY,2.9529607261497524e-09
validation,3.0,1.5,27.0,S,ZZ,5.315438273643383e-09
validation,3.0,1.5,27.0,C,"IX,IY",4.108166494996002e-09
validation,3.0,1.5,27.0,C,"IX,IZ",5.527848514132139e-09
validation,3.0,1.5,27.0,C,"IX,XI",0.0021271614979282037
validation,3.0,1.5,27.0,C,"IX,XX",1.7716111217371528e-08
validation,3.0,1.5,27.0,C,"IX,XY",-6.641277197462986e-11
validation,3.0,1.5,27.0,C,"IX,XZ",5.401366033326866e-11
validation,3.0,1.5,27.0,C,"IX,YI",-2.1736041205862677e-09
validation,3.0,1.5,27.0,C,"IX,YX",3.114131417443565e-09
validation,3.0,1.5,27.0,C,"IX,YY",-1.1159526002254912e-09
validation,3.0,1.5,27.0,C,"IX,YZ",-6.877474803571972e-10
validation,3.0,1.5,27.0,C,"IX,ZI",-3.3466638834726213e-09
validation,3.0,1.5,27.0,C,"IX,ZX",-3.750317632764804e-09
validation,3.0,1.5,27.0,C,"IX,ZY",2.441977271043799e-10
validation,3.0,1.5,27.0,C,"IX,ZZ",-1.0602643999732106e-08
validation,3.0,1.5,27.0,C,"IY,IZ",-6.815185802830246e-10
validation,3.0,1.5,27.0,C,"IY,XI",1.2755214921889854e-09
validation,3.0,1.5,27.0,C,"IY,XX",7.375696588938145e-09
validation,3.0,1.5,27.0,C,"IY,XY",3.304154720918712e-10
validation,3.0,1.5,27.0,C,"IY,XZ",2.913040580320358e-09
validation,3.0,1.5,27.0,C,"IY,YI",2.180059384105961e-10
validation,3.0,1.5,27.0,C,"IY,YX",-3.5997089069094105e-10
validation,3.0,1.5,27.0,C,"IY,YY",6.094503867537536e-09
validation,3.0,1.5,27.0,C,"IY,YZ",-3.952795381273117e-09
validation,3.0,1.5,27.0,C,"IY,ZI",4.069864717657572e-09
validation,3.0,1.5,27.0,C,"IY,ZX",2.297146487507576e-09
validation,3.0,1.5,27.0,C,"IY,ZY",-3.668329297805864e-09
validation,3.0,1.5,27.0,C,"IY,ZZ",-1.524525681749669e-10
validation,3.0,1.5,27.0,C,"IZ,XI",8.418228977739008e-09
validation,3.0,1.5,27.0,C,"IZ,XX",-9.166313361791875e-09
validation,3.0,1.5,27.0,C,"IZ,XY",3.899310631924179e-09
validation,3.0,1.5,27.0,C,"IZ,XZ",-5.135376008502659e-09
validation,3.0,1.5,27.0,C,"IZ,YI",-1.8409627458864925e-09
validation,3.0,1.5,27.0,C,"IZ,YX",-2.4682982785439806e-09
validation,3.0,1.5,27.0,C,"IZ,YY",-4.523917626814218e-09
validation,3.0,1.5,27.0,C,"IZ,YZ",-2.914920528165872e-09
validation,3.0,1.5,27.0,C,"IZ,ZI",-3.5580504942744666e-09
validation,3.0,1.5,27.0,C,"IZ,ZX",-2.7567147388658888e-09
validation,3.0,1.5,27.0,C,"IZ,ZY",-2.060912190389459e-10
validation,3.0,1.5,27.0,C,"IZ,ZZ",4.819953205698617e-09
validation,3.0,1.5,27.0,C,"XI,XX",-4.909901945955765e-10
validation,3.0,1.5,27.0,C,"XI,XY",4.445123080204199e-09
validation,3.0,1.5,27.0,C,"XI,XZ",-6.841477194052824e-09
validation,3.0,1.5,27.0,C,"XI,YI",-2.3296958633425336e-09
validation,3.0,1.5,27.0,C,"XI,YX",-3.5317790220558294e-09
validation,3.0,1.5,27.0,C,"XI,YY",-6.3229549701771515e-09
validation,3.0,1.5,27.0,C,"XI,YZ",1.266470845538924e-09
validation,3.0,1.5,27.0,C,"XI,ZI",-5.9862558669275675e-09
validation,3.0,1.5,27.0,C,"XI,ZX",-3.011058230639119e-09
validation,3.0,1.5,27.0,C,"XI,ZY",-8.226815384703219e-10
validation,3.0,1.5,27.0,C,"XI,ZZ",-6.238280963170989e-09
validation,3.0,1.5,27.0,C,"XX,XY",1.7400823309333713e-09
validation,3.0,1.5,27.0,C,"XX,XZ",1.398479349058384e-08
validation,3.0,1.5,27.0,C,"XX,YI",8.527042421799509e-09
validation,3.0,1.5,27.0,C,"XX,YX",-1.0972610167714783e-09
validation,3.0,1.5,27.0,C,"XX,YY",9.167262084391556e-09
validation,3.0,1.5,27.0,C,"XX,YZ",-1.9421201454044967e-09
validation,3.0,1.5,27.0,C,"XX,ZI",2.066842555088083e-08
validation,3.0,1.5,27.0,C,"XX,ZX",-5.0378698329367215e-09
validation,3.0,1.5,27.0,C,"XX,ZY",-1.253192637622305e-08
validation,3.0,1.5,27.0,C,"XX,ZZ",1.6220198127524877e-09
validation,3.0,1.5,27.0,C,"XY,XZ",-3.532963269728538e-09
validation,3.0,1.5,27.0,C,"XY,YI",8.393292127772493e-09
validation,3.0,1.5,27.0,C,"XY,YX",-6.799397007984491e-09
validation,3.0,1.5,27.0,C,"XY,YY",5.462037330085314e-09
validation,3.0,1.5,27.0,C,"XY,YZ",-1.7609580393597955e-09
validation,3.0,1.5,27.0,C,"XY,ZI",-6.948890509331053e-09
validation,3.0,1.5,27.0,C,"XY,ZX",9.115632093752716e-09
validation,3.0,1.5,27.0,C,"XY,ZY",3.2470919788200193e-10
validation,3.0,1.5,27.0,C,"XY,ZZ",3.51945803557813e-09
validation,3.0,1.5,27.0,C,"XZ,YI",-2.798594544095098e-09
validation,3.0,1.5,27.0,C,"XZ,YX",1.2581844831774466e-09
validation,3.0,1.5,27.0,C,"XZ,YY",3.322627228947831e-09
validation,3.0,1.5,27.0,C,"XZ,YZ",-4.745697291757636e-10
validation,3.0,1.5,27.0,C,"XZ,ZI",5.936966501001631e-09
validation,3.0,1.5,27.0,C,"XZ,ZX",-8.733113835908215e-10
validation,3.0,1.5,27.0,C,"XZ,ZY",-2.3123971037687018e-09
validation,3.0,1.5,27.0,C,"XZ,ZZ",-3.866441253402946e-09
validation,3.0,1.5,27.0,C,"YI,YX",-1.8316082602430444e-09
validation,3.0,1.5,27.0,C,"YI,YY",-1.87242613473799e-09
validation,3.0,1.5,27.0,C,"YI,YZ",3.904930048805948e-09
validation,3.0,1.5,27.0,C,"YI,ZI",-1.9871122008435117e-09
validation,3.0,1.5,27.0,C,"YI,ZX",9.59449893750457e-10
validation,3.0,1.5,27.0,C,"YI,ZY",3.5191402303318565e-09
validation,3.0,1.5,27.0,C,"YI,ZZ",1.8029292841482467e-09
validation,3.0,1.5,27.0,C,"YX,YY",-1.2732888570152134e-09
validation,3.0,1.5,27.0,C,"YX,YZ",9.118554321586075e-10
validation,3.0,1.5,27.0,C,"YX,ZI",2.7802021628998616e-09
validation,3.0,1.5,27.0,C,"YX,ZX",-1.6707464724529175e-09
validation,3.0,1.5,27.0,C,"YX,ZY",-6.723999453610411e-10
validation,3.0,1.5,27.0,C,"YX,ZZ",-3.965011993823948e-09
validation,3.0,1.5,27.0,C,"YY,YZ",-1.4103284609213665e-09
validation,3.0,1.5,27.0,C,"YY,ZI",3.2699242854794188e-09
validation,3.0,1.5,27.0,C,"YY,ZX",1.815750285710127e-09
validation,3.0,1.5,27.0,C,"YY,ZY",-2.547429153274687e-09
validation,3.0,1.5,27.0,C,"YY,ZZ",1.5729298194879296e-09
validation,3.0,1.5,27.0,C,"YZ,ZI",5.15164538237102e-10
validation,3.0,1.5,27.0,C,"YZ,ZX",3.022572029303943e-09
validation,3.0,1.5,27.0,C,"YZ,ZY",2.3248778989199553e-09
validation,3.0,1.5,27.0,C,"YZ,ZZ",-4.354650501186524e-09
validation,3.0,1.5,27.0,C,"ZI,ZX",-8.559087536957065e-10
validation,3.0,1.5,27.0,C,"ZI,ZY",-1.0151896556506118e-09
validation,3.0,1.5,27.0,C,"ZI,ZZ",-4.553063300981709e-09
validation,3.0,1.5,27.0,C,"ZX,ZY",1.8490237755861868e-09
validation,3.0,1.5,27.0,C,"ZX,ZZ",1.3942699605076546e-09
validation,3.0,1.5,27.0,C,"ZY,ZZ",-2.9815937877104687e-09
validation,3.0,1.5,27.0,A,"IX,IY",8.051371835135793e-09
validation,3.0,1.5,27.0,A,"IX,IZ",5.545703111680869e-09
validation,3.0,1.5,27.0,A,"IX,XI",5.815466815476734e-09
validation,3.0,1.5,27.0,A,"IX,XX",1.9433667633064052e-10
validation,3.0,1.5,27.0,A,"IX,XY",-6.422184771091292e-09
validation,3.0,1.5,27.0,A,"IX,XZ",-1.1305639336346368e-09
validation,3.0,1.5,27.0,A,"IX,YI",9.934455838694375e-09
validation,3.0,1.5,27.0,A,"IX,YX",1.3079155128458622e-09
validation,3.0,1.5,27.0,A,"IX,YY",-4.0744733441215915e-09
validation,3.0,1.5,27.0,A,"IX,YZ",6.378518776722197e-09
validation,3.0,1.5,27.0,A,"IX,ZI",3.4975626788993394e-09
validation,3.0,1.5,27.0,A,"IX,ZX",5.345131663472971e-09
validation,3.0,1.5,27.0,A,"IX,ZY",-1.675094056110432e-08
validation,3.0,1.5,27.0,A,"IX,ZZ",-5.602525691268779e-09
validation,3.0,1.5,27.0,A,"IY,IZ",1.07929949849537e-09
validation,3.0,1.5,27.0,A,"IY,XI",-6.978162670688347e-09
validation,3.0,1.5,27.0,A,"IY,XX",2.897926893596844e-09
validation,3.0,1.5,27.0,A,"IY,XY",6.623887577781698e-11
validation,3.0,1.5,27.0,A,"IY,XZ",-2.2528006868825778e-10
validation,3.0,1.5,27.0,A,"IY,YI",4.8098423284347595e-09
validation,3.0,1.5,27.0,A,"IY,YX",-4.694909138455594e-09
validation,3.0,1.5,27.0,A,"IY,YY",1.4670397097482303e-09
validation,3.0,1.5,27.0,A,"IY,YZ",-5.170870504217972e-10
validation,3.0,1.5,27.0,A,"IY,ZI",-5.1753423267338785e-09
validation,3.0,1.5,27.0,A,"IY,ZX",3.735590436989833e-09
validation,3.0,1.5,27.0,A,"IY,ZY",1.2981782257368781e-09
validation,3.0,1.5,27.0,A,"IY,ZZ",2.529344043114503e-09
validation,3.0,1.5,27.0,A,"IZ,XI",4.014444000166964e-10
validation,3.0,1.5,27.0,A,"IZ,XX",5.33816489951904e-09
validation,3.0,1.5,27.0,A,"IZ,XY",5.519640417471494e-10
validation,3.0,1.5,27.0,A,"IZ,XZ",-2.3947877749597898e-09
validation,3.0,1.5,27.0,A,"IZ,YI",-4.120138026107793e-09
validation,3.0,1.5,27.0,A,"IZ,YX",-7.873666384023927e-10
validation,3.0,1.5,27.0,A,"IZ,YY",-4.862655086985523e-09
validation,3.0,1.5,27.0,A,"IZ,YZ",2.9394807181849178e-09
validation,3.0,1.5,27.0,A,"IZ,ZI",1.953055733245265e-09
validation,3.0,1.5,27.0,A,"IZ,ZX",-3.6470962816235098e-09
validation,3.0,1.5,27.0,A,"IZ,ZY",-4.074770199561837e-10
validation,3.0,1.5,27.0,A,"IZ,ZZ",-3.587689370664132e-09
validation,3.0,1.5,27.0,A,"XI,XX",-4.369282206910829e-09
validation,3.0,1.5,27.0,A,"XI,XY",-9.395287065873368e-09
validation,3.0,1.5,27.0,A,"XI,XZ",-1.5916505568445574e-09
validation,3.0,1.5,27.0,A,"XI,YI",5.543893136991953e-09
validation,3.0,1.5,27.0,A,"XI,YX",5.061728608702185e-09
validation,3.0,1.5,27.0,A,"XI,YY",-1.0397690818695981e-08
validation,3.0,1.5,27.0,A,"XI,YZ",1.564369202990062e-08
validation,3.0,1.5,27.0,A,"XI,ZI",6.4514631092026835e-09
validation,3.0,1.5,27.0,A,"XI,ZX",1.8509983781553514e-09
validation,3.0,1.5,27.0,A,"XI,ZY",-1.4882794770192026e-08
validation,3.0,1.5,27.0,A,"XI,ZZ",-1.1018242186322404e-08
validation,3.0,1.5,27.0,A,"XX,XY",1.036723178523907e-08
validation,3.0,1.5,27.0,A,"XX,XZ",-1.738188587846116e-08
validation,3.0,1.5,27.0,A,"XX,YI",-9.710196120445871e-10
validation,3.0,1.5,27.0,A,"XX,YX",-4.008025462049189e-09
validation,3.0,1.5,27.0,A,"XX,YY",9.28929334347398e-14
validation,3.0,1.5,27.0,A,"XX,YZ",-1.713347859665101e-08
validation,3.0,1.5,27.0,A,"XX,ZI",3.86476101522835e-09
validation,3.0,1.5,27.0,A,"XX,ZX",-1.0070206418930824e-08
validation,3.0,1.5,27.0,A,"XX,ZY",9.694121036735888e-09
validation,3.0,1.5,27.0,A,"XX,ZZ",1.5547299189101137e-08
validation,3.0,1.5,27.0,A,"XY,XZ",-1.2752093533223308e-09
validation,3.0,1.5,27.0,A,"XY,YI",-6.6116583755968305e-09
validation,3.0,1.5,27.0,A,"XY,YX",2.4507147310174788e-09
validation,3.0,1.5,27.0,A,"XY,YY",-4.08335164689154e-09
validation,3.0,1.5,27.0,A,"XY,YZ",1.560327564492811e-09
validation,3.0,1.5,27.0,A,"XY,ZI",3.817961625961846e-09
validation,3.0,1.5,27.0,A,"XY,ZX",-5.2335040354086786e-09
validation,3.0,1.5,27.0,A,"XY,ZY",-4.221038341573506e-09
validation,3.0,1.5,27.0,A,"XY,ZZ",6.409924591973299e-09
validation,3.0,1.5,27.0,A,"XZ,YI",9.251739228314733e-09
validation,3.0,1.5,27.0,A,"XZ,YX",-5.9448994622507416e-09
validation,3.0,1.5,27.0,A,"XZ,YY",3.994840883922834e-09
validation,3.0,1.5,27.0,A,"XZ,YZ",-8.049464146117769e-10
validation,3.0,1.5,27.0,A,"XZ,ZI",-9.41302954974397e-09
validation,3.0,1.5,27.0,A,"XZ,ZX",7.213666427145305e-09
validation,3.0,1.5,27.0,A,"XZ,ZY",5.56840660695726e-09
validation,3.0,1.5,27.0,A,"XZ,ZZ",-7.576818415020166e-10
validation,3.0,1.5,27.0,A,"YI,YX",-9.486135382714574e-10
validation,3.0,1.5,27.0,A,"YI,YY",-2.6529193820171276e-09
validation,3.0,1.5,27.0,A,"YI,YZ",-1.274521563420939e-09
validation,3.0,1.5,27.0,A,"YI,ZI",-3.459046586272581e-10
validation,3.0,1.5,27.0,A,"YI,ZX",7.555071502218444e-10
validation,3.0,1.5,27.0,A,"YI,ZY",-4.205482075075592e-09
validation,3.0,1.5,27.0,A,"YI,ZZ",1.8830077056757405e-09
validation,3.0,1.5,27.0,A,"YX,YY",5.2010479894233925e-09
validation,3.0,1.5,27.0,A,"YX,YZ",-4.52296180445296e-09
validation,3.0,1.5,27.0,A,"YX,ZI",-1.8811750357320203e-09
validation,3.0,1.5,27.0,A,"YX,ZX",5.622513651123448e-10
validation,3.0,1.5,27.0,A,"YX,ZY",2.6852314920681977e-09
validation,3.0,1.5,27.0,A,"YX,ZZ",-1.94867256362433e-09
validation,3.0,1.5,27.0,A,"YY,YZ",-3.2636649757099846e-09
validation,3.0,1.5,27.0,A,"YY,ZI",-5.084378162232653e-09
validation,3.0,1.5,27.0,A,"YY,ZX",6.588866894860583e-10
validation,3.0,1.5,27.0,A,"YY,ZY",-1.7251601564870133e-09
validation,3.0,1.5,27.0,A,"YY,ZZ",5.325883224337262e-09
validation,3.0,1.5,27.0,A,"YZ,ZI",2.2633896044469638e-09
validation,3.0,1.5,27.0,A,"YZ,ZX",3.2793376797866697e-09
validation,3.0,1.5,27.0,A,"YZ,ZY",-1.316901021095881e-09
validation,3.0,1.5,27.0,A,"YZ,ZZ",5.793702893404534e-10
validation,3.0,1.5,27.0,A,"ZI,ZX",-1.7889424390120245e-09
validation,3.0,1.5,27.0,A,"ZI,ZY",2.495022838420302e-09
validation,3.0,1.5,27.0,A,"ZI,ZZ",1.0981217261330342e-09
validation,3.0,1.5,27.0,A,"ZX,ZY",-7.242098043931468e-09
validation,3.0,1.5,27.0,A,"ZX,ZZ",5.531559016333436e-09
validation,3.0,1.5,27.0,A,"ZY,ZZ",-1.1097300044248053e-09
validation,3.0,3.0,54.0,H,IX,-1.5508768526232932e-08
validation,3.0,3.0,54.0,H,IY,-1.7840439940216005e-08
validation,3.0,3.0,54.0,H,IZ,5.381417803010688e-10
validation,3.0,3.0,54.0,H,XI,2.061433240902541e-09
validation,3.0,3.0,54.0,H,XX,-0.00047243587484770567
validation,3.0,3.0,54.0,H,XY,1.1368911266961327e-09
validation,3.0,3.0,54.0,H,XZ,-2.9262498832205605e-09
validation,3.0,3.0,54.0,H,YI,-2.1177344498076715e-10
validation,3.0,3.0,54.0,H,YX,-7.999721278451446e-09
validation,3.0,3.0,54.0,H,YY,-3.5240101759857095e-09
validation,3.0,3.0,54.0,H,YZ,-6.354107148855911e-09
validation,3.0,3.0,54.0,H,ZI,-2.27508782460402e-09
validation,3.0,3.0,54.0,H,ZX,-4.007302344484446e-09
validation,3.0,3.0,54.0,H,ZY,1.5355489045134092e-08
validation,3.0,3.0,54.0,H,ZZ,4.47591781373723e-15
validation,3.0,3.0,54.0,S,IX,0.004215159112986758
validation,3.0,3.0,54.0,S,IY,2.8751131397539154e-09
validation,3.0,3.0,54.0,S,IZ,-3.8186419174315867e-10
validation,3.0,3.0,54.0,S,XI,0.004215131368048944
validation,3.0,3.0,54.0,S,XX,0.00045367618022827943
validation,3.0,3.0,54.0,S,XY,-1.8852527841790867e-09
validation,3.0,3.0,54.0,S,XZ,4.2673036290555647e-10
validation,3.0,3.0,54.0,S,YI,-5.932331290699894e-10
validation,3.0,3.0,54.0,S,YX,3.0650341644074264e-09
validation,3.0,3.0,54.0,S,YY,1.2080109740211092e-09
validation,3.0,3.0,54.0,S,YZ,-8.848613608329614e-10
validation,3.0,3.0,54.0,S,ZI,3.1173500382626618e-09
validation,3.0,3.0,54.0,S,ZX,4.499677802127615e-09
validation,3.0,3.0,54.0,S,ZY,2.5948088163817856e-09
validation,3.0,3.0,54.0,S,ZZ,1.7751055674734666e-09
validation,3.0,3.0,54.0,C,"IX,IY",3.362277343072589e-09
validation,3.0,3.0,54.0,C,"IX,IZ",6.728976000108337e-09
validation,3.0,3.0,54.0,C,"IX,XI",0.004215141719084251
validation,3.0,3.0,54.0,C,"IX,XX",1.5624276122369665e-08
validation,3.0,3.0,54.0,C,"IX,XY",1.143798261456547e-09
validation,3.0,3.0,54.0,C,"IX,XZ",-3.815161974401458e-09
validation,3.0,3.0,54.0,C,"IX,YI",-1.5006667818041387e-09
validation,3.0,3.0,54.0,C,"IX,YX",1.0572009019784057e-08
validation,3.0,3.0,54.0,C,"IX,YY",-2.5593976862846032e-09
validation,3.0,3.0,54.0,C,"IX,YZ",-1.0140080585951118e-09
validation,3.0,3.0,54.0,C,"IX,ZI",6.058461048411827e-09
validation,3.0,3.0,54.0,C,"IX,ZX",-3.520112896948361e-09
validation,3.0,3.0,54.0,C,"IX,ZY",-6.919985858526196e-10
validation,3.0,3.0,54.0,C,"IX,ZZ",-6.529338016287106e-09
validation,3.0,3.0,54.0,C,"IY,IZ",2.1128436093976687e-09
validation,3.0,3.0,54.0,C,"IY,XI",2.24266713782874e-09
validation,3.0,3.0,54.0,C,"IY,XX",-3.353260643118317e-09
validation,3.0,3.0,54.0,C,"IY,XY",2.0953313195038233e-09
validation,3.0,3.0,54.0,C,"IY,XZ",1.5185389462264547e-09
validation,3.0,3.0,54.0,C,"IY,YI",8.676721969980913e-10
validation,3.0,3.0,54.0,C,"IY,YX",-2.8619800239381434e-09
validation,3.0,3.0,54.0,C,"IY,YY",6.321231720345798e-09
validation,3.0,3.0,54.0,C,"IY,YZ",-5.880278753079635e-09
validation,3.0,3.0,54.0,C,"IY,ZI",1.6628708920839965e-10
validation,3.0,3.0,54.0,C,"IY,ZX",3.766980656035399e-09
validation,3.0,3.0,54.0,C,"IY,ZY",-5.6380338828724196e-09
validation,3.0,3.0,54.0,C,"IY,ZZ",1.0207121177996262e-09
validation,3.0,3.0,54.0,C,"IZ,XI",4.070616059046885e-09
validation,3.0,3.0,54.0,C,"IZ,XX",-1.1035406220824247e-09
validation,3.0,3.0,54.0,C,"IZ,XY",-8.54966064633457e-10
validation,3.0,3.0,54.0,C,"IZ,XZ",-8.260685456463067e-10
validation,3.0,3.0,54.0,C,"IZ,YI",-3.652596870134962e-09
validation,3.0,3.0,54.0,C,"IZ,YX",4.81047696165237e-09
validation,3.0,3.0,54.0,C,"IZ,YY",-2.2782740917098457e-09
validation,3.0,3.0,54.0,C,"IZ,YZ",1.2109190246093618e-09
validation,3.0,3.0,54.0,C,"IZ,ZI",2.6778069372611255e-09
validation,3.0,3.0,54.0,C,"IZ,ZX",-5.8027023268870675e-09
validation,3.0,3.0,54.0,C,"IZ,ZY",-1.8497604631824827e-09
validation,3.0,3.0,54.0,C,"IZ,ZZ",8.208807477578273e-10
validation,3.0,3.0,54.0,C,"XI,XX",6.800166896374855e-09
validation,3.0,3.0,54.0,C,"XI,XY",6.452874381773605e-10
validation,3.0,3.0,54.0,C,"XI,XZ",-5.879970677187045e-09
validation,3.0,3.0,54.0,C,"XI,YI",-2.5517207499454828e-09
validation,3.0,3.0,54.0,C,"XI,YX",6.680386353433568e-09
validation,3.0,3.0,54.0,C,"XI,YY",-6.651157184303641e-09
validation,3.0,3.0,54.0,C,"XI,YZ",1.5301564442851313e-09
validation,3.0,3.0,54.0,C,"XI,ZI",4.353919674529973e-09
validation,3.0,3.0,54.0,C,"XI,ZX",-5.131284657425584e-09
validation,3.0,3.0,54.0,C,"XI,ZY",1.7614718263113777e-10
validation,3.0,3.0,54.0,C,"XI,ZZ",-2.4701377163378155e-09
validation,3.0,3.0,54.0,C,"XX,XY",1.1073611174412874e-10
validation,3.0,3.0,54.0,C,"XX,XZ",1.7873424154968437e-08
validation,3.0,3.0,54.0,C,"XX,YI",-1.144207210001976e-09
validation,3.0,3.0,54.0,C,"XX,YX",5.878825574826456e-10
validation,3.0,3.0,54.0,C,"XX,YY",9.77562623879743e-09
validation,3.0,3.0,54.0,C,"XX,YZ",7.29047107395927e-09
validation,3.0,3.0,54.0,C,"XX,ZI",8.225209814675785e-09
validation,3.0,3.0,54.0,C,"XX,ZX",4.371927666421172e-10
validation,3.0,3.0,54.0,C,"XX,ZY",-3.683710236833689e-09
validation,3.0,3.0,54.0,C,"XX,ZZ",4.309475332919879e-10
validation,3.0,3.0,54.0,C,"XY,XZ",1.704205684174742e-10
validation,3.0,3.0,54.0,C,"XY,YI",5.639191817748752e-09
validation,3.0,3.0,54.0,C,"XY,YX",-1.954561552232983e-09
validation,3.0,3.0,54.0,C,"XY,YY",4.577322480242057e-09
validation,3.0,3.0,54.0,C,"XY,YZ",2.2690315789369538e-09
validation,3.0,3.0,54.0,C,"XY,ZI",-3.6728750638503253e-09
validation,3.0,3.0,54.0,C,"XY,ZX",5.4654952600769354e-09
validation,3.0,3.0,54.0,C,"XY,ZY",7.275646448533208e-10
validation,3.0,3.0,54.0,C,"XY,ZZ",-2.7560280312887624e-09
validation,3.0,3.0,54.0,C,"XZ,YI",-3.6554107337863022e-09
validation,3.0,3.0,54.0,C,"XZ,YX",-2.642219808372591e-09
validation,3.0,3.0,54.0,C,"XZ,YY",-5.547008228731346e-10
validation,3.0,3.0,54.0,C,"XZ,YZ",-1.982816942271453e-09
validation,3.0,3.0,54.0,C,"XZ,ZI",2.440146978894325e-09
validation,3.0,3.0,54.0,C,"XZ,ZX",-1.8432571410148717e-10
validation,3.0,3.0,54.0,C,"XZ,ZY",-4.344824559932468e-09
validation,3.0,3.0,54.0,C,"XZ,ZZ",1.177952141878773e-09
validation,3.0,3.0,54.0,C,"YI,YX",-1.0223419734523401e-09
validation,3.0,3.0,54.0,C,"YI,YY",-4.263228024011149e-09
validation,3.0,3.0,54.0,C,"YI,YZ",5.717088559610179e-09
validation,3.0,3.0,54.0,C,"YI,ZI",-3.553891838165416e-09
validation,3.0,3.0,54.0,C,"YI,ZX",6.870581423194387e-10
validation,3.0,3.0,54.0,C,"YI,ZY",3.2817189127058997e-09
validation,3.0,3.0,54.0,C,"YI,ZZ",-1.1983495669687508e-09
validation,3.0,3.0,54.0,C,"YX,YY",1.984372875027741e-10
validation,3.0,3.0,54.0,C,"YX,YZ",-3.1303057013443257e-09
validation,3.0,3.0,54.0,C,"YX,ZI",3.7577721668193204e-09
validation,3.0,3.0,54.0,C,"YX,ZX",-1.19320605661796e-09
validation,3.0,3.0,54.0,C,"YX,ZY",-4.1479196664275755e-09
validation,3.0,3.0,54.0,C,"YX,ZZ",-1.3527073163430316e-10
validation,3.0,3.0,54.0,C,"YY,YZ",2.238315782752903e-09
validation,3.0,3.0,54.0,C,"YY,ZI",5.737465673154149e-10
validation,3.0,3.0,54.0,C,"YY,ZX",3.880136064271855e-10
validation,3.0,3.0,54.0,C,"YY,ZY",-4.650318144565074e-09
validation,3.0,3.0,54.0,C,"YY,ZZ",-1.0416711336818513e-09
validation,3.0,3.0,54.0,C,"YZ,ZI",-1.508999146386922e-09
validation,3.0,3.0,54.0,C,"YZ,ZX",6.950695883315196e-09
validation,3.0,3.0,54.0,C,"YZ,ZY",1.707977344842307e-09
validation,3.0,3.0,54.0,C,"YZ,ZZ",-8.740988060468593e-10
validation,3.0,3.0,54.0,C,"ZI,ZX",-2.9955504355298857e-09
validation,3.0,3.0,54.0,C,"ZI,ZY",-1.1745687740648575e-09
validation,3.0,3.0,54.0,C,"ZI,ZZ",-1.381297639309566e-09
validation,3.0,3.0,54.0,C,"ZX,ZY",1.9631813138476745e-09
validation,3.0,3.0,54.0,C,"ZX,ZZ",-8.396597711318106e-10
validation,3.0,3.0,54.0,C,"ZY,ZZ",-1.835405124042244e-10
validation,3.0,3.0,54.0,A,"IX,IY",6.873108212121961e-09
validation,3.0,3.0,54.0,A,"IX,IZ",-2.8293857028859796e-09
validation,3.0,3.0,54.0,A,"IX,XI",-8.469179842862272e-09
validation,3.0,3.0,54.0,A,"IX,XX",4.508781194314155e-09
validation,3.0,3.0,54.0,A,"IX,XY",-6.723696626591811e-09
validation,3.0,3.0,54.0,A,"IX,XZ",-8.096086849999778e-10
validation,3.0,3.0,54.0,A,"IX,YI",7.311355378686774e-09
validation,3.0,3.0,54.0,A,"IX,YX",-7.82224692608019e-09
validation,3.0,3.0,54.0,A,"IX,YY",5.860296392887125e-09
validation,3.0,3.0,54.0,A,"IX,YZ",8.283456229807111e-09
validation,3.0,3.0,54.0,A,"IX,ZI",1.4090525819792339e-08
validation,3.0,3.0,54.0,A,"IX,ZX",4.569827653452386e-09
validation,3.0,3.0,54.0,A,"IX,ZY",-1.306053599300654e-08
validation,3.0,3.0,54.0,A,"IX,ZZ",4.011621717086357e-09
validation,3.0,3.0,54.0,A,"IY,IZ",-2.9392102214366477e-09
validation,3.0,3.0,54.0,A,"IY,XI",-8.239822147357581e-10
validation,3.0,3.0,54.0,A,"IY,XX",-3.6008783452857244e-09
validation,3.0,3.0,54.0,A,"IY,XY",-2.526285662714293e-09
validation,3.0,3.0,54.0,A,"IY,XZ",1.3102030484851701e-09
validation,3.0,3.0,54.0,A,"IY,YI",2.8378073063389267e-09
validation,3.0,3.0,54.0,A,"IY,YX",-7.018876291786293e-09
validation,3.0,3.0,54.0,A,"IY,YY",-2.153149559290801e-09
validation,3.0,3.0,54.0,A,"IY,YZ",2.6942019317392963e-09
validation,3.0,3.0,54.0,A,"IY,ZI",-4.840334700876315e-09
validation,3.0,3.0,54.0,A,"IY,ZX",4.710091406275644e-09
validation,3.0,3.0,54.0,A,"IY,ZY",2.5777021126493247e-09
validation,3.0,3.0,54.0,A,"IY,ZZ",2.5374792184284863e-09
validation,3.0,3.0,54.0,A,"IZ,XI",3.108766657644536e-09
validation,3.0,3.0,54.0,A,"IZ,XX",3.6549871608784904e-09
validation,3.0,3.0,54.0,A,"IZ,XY",-2.3616906520695924e-10
validation,3.0,3.0,54.0,A,"IZ,XZ",2.268781280547166e-09
validation,3.0,3.0,54.0,A,"IZ,YI",-1.9041707776208716e-09
validation,3.0,3.0,54.0,A,"IZ,YX",1.7636759126855412e-09
validation,3.0,3.0,54.0,A,"IZ,YY",1.9290062569411544e-09
validation,3.0,3.0,54.0,A,"IZ,YZ",-3.1846945705001452e-09
validation,3.0,3.0,54.0,A,"IZ,ZI",1.4554778263949906e-09
validation,3.0,3.0,54.0,A,"IZ,ZX",-4.710989291070571e-09
validation,3.0,3.0,54.0,A,"IZ,ZY",-5.963002487786883e-10
validation,3.0,3.0,54.0,A,"IZ,ZZ",-2.117995192274589e-09
validation,3.0,3.0,54.0,A,"XI,XX",-1.306154208346457e-08
validation,3.0,3.0,54.0,A,"XI,XY",-6.430935898919718e-09
validation,3.0,3.0,54.0,A,"XI,XZ",-3.876063092607298e-09
validation,3.0,3.0,54.0,A,"XI,YI",1.5792456450686167e-09
validation,3.0,3.0,54.0,A,"XI,YX",-4.818488362664561e-09
validation,3.0,3.0,54.0,A,"XI,YY",-2.2513949554241905e-09
validation,3.0,3.0,54.0,A,"XI,YZ",1.3398456022454557e-08
validation,3.0,3.0,54.0,A,"XI,ZI",1.7093106791070586e-08
validation,3.0,3.0,54.0,A,"XI,ZX",4.101971905097399e-10
validation,3.0,3.0,54.0,A,"XI,ZY",-8.675672119317209e-09
validation,3.0,3.0,54.0,A,"XI,ZZ",-5.706259929939722e-10
validation,3.0,3.0,54.0,A,"XX,XY",1.4340505137875078e-08
validation,3.0,3.0,54.0,A,"XX,XZ",3.5858034142867785e-10
validation,3.0,3.0,54.0,A,"XX,YI",-3.6944550983226425e-09
validation,3.0,3.0,54.0,A,"XX,YX",1.4569336296070992e-08
validation,3.0,3.0,54.0,A,"XX,YY",5.466593562090241e-14
validation,3.0,3.0,54.0,A,"XX,YZ",-1.545986362145863e-08
validation,3.0,3.0,54.0,A,"XX,ZI",1.997800508452782e-09
validation,3.0,3.0,54.0,A,"XX,ZX",-2.0366223929997164e-08
validation,3.0,3.0,54.0,A,"XX,ZY",6.249093283420819e-09
validation,3.0,3.0,54.0,A,"XX,ZZ",-3.5235706515995397e-09
validation,3.0,3.0,54.0,A,"XY,XZ",2.798975623693624e-09
validation,3.0,3.0,54.0,A,"XY,YI",-3.4078050022160372e-09
validation,3.0,3.0,54.0,A,"XY,YX",3.366157449365944e-09
validation,3.0,3.0,54.0,A,"XY,YY",1.4642772661957129e-09
validation,3.0,3.0,54.0,A,"XY,YZ",-6.474170538696739e-10
validation,3.0,3.0,54.0,A,"XY,ZI",1.9774099883354143e-09
validation,3.0,3.0,54.0,A,"XY,ZX",-3.0082756475287885e-09
validation,3.0,3.0,54.0,A,"XY,ZY",-1.3628008490141816e-09
validation,3.0,3.0,54.0,A,"XY,ZZ",3.714776572986653e-09
validation,3.0,3.0,54.0,A,"XZ,YI",4.987915868842382e-09
validation,3.0,3.0,54.0,A,"XZ,YX",-5.597116420483641e-09
validation,3.0,3.0,54.0,A,"XZ,YY",-3.281933969797487e-09
validation,3.0,3.0,54.0,A,"XZ,YZ",4.378743594535417e-09
validation,3.0,3.0,54.0,A,"XZ,ZI",-7.0760178801761136e-09
validation,3.0,3.0,54.0,A,"XZ,ZX",5.4151240903259125e-09
validation,3.0,3.0,54.0,A,"XZ,ZY",7.0100237260468625e-09
validation,3.0,3.0,54.0,A,"XZ,ZZ",-2.968860326672583e-09
validation,3.0,3.0,54.0,A,"YI,YX",-4.270525625870995e-10
validation,3.0,3.0,54.0,A,"YI,YY",6.193632987017919e-10
validation,3.0,3.0,54.0,A,"YI,YZ",-8.870201853165969e-10
validation,3.0,3.0,54.0,A,"YI,ZI",9.291046598833581e-10
validation,3.0,3.0,54.0,A,"YI,ZX",1.4953964485968363e-09
validation,3.0,3.0,54.0,A,"YI,ZY",-3.7092199783214947e-09
validation,3.0,3.0,54.0,A,"YI,ZZ",-1.5088667659265047e-09
validation,3.0,3.0,54.0,A,"YX,YY",3.125015834996075e-09
validation,3.0,3.0,54.0,A,"YX,YZ",-8.545862127830375e-10
validation,3.0,3.0,54.0,A,"YX,ZI",-1.7580077688733597e-09
validation,3.0,3.0,54.0,A,"YX,ZX",-2.0018050404329575e-09
validation,3.0,3.0,54.0,A,"YX,ZY",9.513939764877958e-10
validation,3.0,3.0,54.0,A,"YX,ZZ",-1.9654335635812702e-09
validation,3.0,3.0,54.0,A,"YY,YZ",-1.1844667815926968e-09
validation,3.0,3.0,54.0,A,"YY,ZI",-1.2677401150348402e-09
validation,3.0,3.0,54.0,A,"YY,ZX",-9.403448428497294e-11
validation,3.0,3.0,54.0,A,"YY,ZY",-1.9460598504148292e-10
validation,3.0,3.0,54.0,A,"YY,ZZ",1.3854585046419832e-09
validation,3.0,3.0,54.0,A,"YZ,ZI",1.8780158619638896e-09
validation,3.0,3.0,54.0,A,"YZ,ZX",4.447916135084412e-09
validation,3.0,3.0,54.0,A,"YZ,ZY",-5.384123607309163e-09
validation,3.0,3.0,54.0,A,"YZ,ZZ",3.5305869803149607e-09
validation,3.0,3.0,54.0,A,"ZI,ZX",-3.3452678322658686e-09
validation,3.0,3.0,54.0,A,"ZI,ZY",2.708022233336391e-09
validation,3.0,3.0,54.0,A,"ZI,ZZ",5.127091011014934e-10
validation,3.0,3.0,54.0,A,"ZX,ZY",-6.55420814991996e-09
validation,3.0,3.0,54.0,A,"ZX,ZZ",5.3360970171103345e-09
validation,3.0,3.0,54.0,A,"ZY,ZZ",-5.292525754741061e-09
training,4.0,0.0,0.0,H,IX,0.0
training,4.0,0.0,0.0,H,IY,0.0
training,4.0,0.0,0.0,H,IZ,0.0
training,4.0,0.0,0.0,H,XI,0.0
training,4.0,0.0,0.0,H,XX,0.0
training,4.0,0.0,0.0,H,XY,0.0
training,4.0,0.0,0.0,H,XZ,0.0
training,4.0,0.0,0.0,H,YI,0.0
training,4.0,0.0,0.0,H,YX,0.0
training,4.0,0.0,0.0,H,YY,0.0
training,4.0,0.0,0.0,H,YZ,0.0
training,4.0,0.0,0.0,H,ZI,0.0
training,4.0,0.0,0.0,H,ZX,0.0
training,4.0,0.0,0.0,H,ZY,0.0
training,4.0,0.0,0.0,H,ZZ,0.0
training,4.0,0.0,0.0,S,IX,0.0
training,4.0,0.0,0.0,S,IY,0.0
training,4.0,0.0,0.0,S,IZ,0.0
training,4.0,0.0,0.0,S,XI,0.0
training,4.0,0.0,0.0,S,XX,0.0
training,4.0,0.0,0.0,S,XY,0.0
training,4.0,0.0,0.0,S,XZ,0.0
training,4.0,0.0,0.0,S,YI,0.0
training,4.0,0.0,0.0,S,YX,0.0
training,4.0,0.0,0.0,S,YY,0.0
training,4.0,0.0,0.0,S,YZ,0.0
training,4.0,0.0,0.0,S,ZI,0.0
training,4.0,0.0,0.0,S,ZX,0.0
training,4.0,0.0,0.0,S,ZY,0.0
training,4.0,0.0,0.0,S,ZZ,0.0
training,4.0,0.0,0.0,C,"IX,IY",0.0
training,4.0,0.0,0.0,C,"IX,IZ",0.0
training,4.0,0.0,0.0,C,"IX,XI",0.0
training,4.0,0.0,0.0,C,"IX,XX",0.0
training,4.0,0.0,0.0,C,"IX,XY",0.0
training,4.0,0.0,0.0,C,"IX,XZ",0.0
training,4.0,0.0,0.0,C,"IX,YI",0.0
training,4.0,0.0,0.0,C,"IX,YX",0.0
training,4.0,0.0,0.0,C,"IX,YY",0.0
training,4.0,0.0,0.0,C,"IX,YZ",0.0
training,4.0,0.0,0.0,C,"IX,ZI",0.0
training,4.0,0.0,0.0,C,"IX,ZX",0.0
training,4.0,0.0,0.0,C,"IX,ZY",0.0
training,4.0,0.0,0.0,C,"IX,ZZ",0.0
training,4.0,0.0,0.0,C,"IY,IZ",0.0
training,4.0,0.0,0.0,C,"IY,XI",0.0
training,4.0,0.0,0.0,C,"IY,XX",0.0
training,4.0,0.0,0.0,C,"IY,XY",0.0
training,4.0,0.0,0.0,C,"IY,XZ",0.0
training,4.0,0.0,0.0,C,"IY,YI",0.0
training,4.0,0.0,0.0,C,"IY,YX",0.0
training,4.0,0.0,0.0,C,"IY,YY",0.0
training,4.0,0.0,0.0,C,"IY,YZ",0.0
training,4.0,0.0,0.0,C,"IY,ZI",0.0
training,4.0,0.0,0.0,C,"IY,ZX",0.0
training,4.0,0.0,0.0,C,"IY,ZY",0.0
training,4.0,0.0,0.0,C,"IY,ZZ",0.0
training,4.0,0.0,0.0,C,"IZ,XI",0.0
training,4.0,0.0,0.0,C,"IZ,XX",0.0
training,4.0,0.0,0.0,C,"IZ,XY",0.0
training,4.0,0.0,0.0,C,"IZ,XZ",0.0
training,4.0,0.0,0.0,C,"IZ,YI",0.0
training,4.0,0.0,0.0,C,"IZ,YX",0.0
training,4.0,0.0,0.0,C,"IZ,YY",0.0
training,4.0,0.0,0.0,C,"IZ,YZ",0.0
training,4.0,0.0,0.0,C,"IZ,ZI",0.0
training,4.0,0.0,0.0,C,"IZ,ZX",0.0
training,4.0,0.0,0.0,C,"IZ,ZY",0.0
training,4.0,0.0,0.0,C,"IZ,ZZ",0.0
training,4.0,0.0,0.0,C,"XI,XX",0.0
training,4.0,0.0,0.0,C,"XI,XY",0.0
training,4.0,0.0,0.0,C,"XI,XZ",0.0
training,4.0,0.0,0.0,C,"XI,YI",0.0
training,4.0,0.0,0.0,C,"XI,YX",0.0
training,4.0,0.0,0.0,C,"XI,YY",0.0
training,4.0,0.0,0.0,C,"XI,YZ",0.0
training,4.0,0.0,0.0,C,"XI,ZI",0.0
training,4.0,0.0,0.0,C,"XI,ZX",0.0
training,4.0,0.0,0.0,C,"XI,ZY",0.0
training,4.0,0.0,0.0,C,"XI,ZZ",0.0
training,4.0,0.0,0.0,C,"XX,XY",0.0
training,4.0,0.0,0.0,C,"XX,XZ",0.0
training,4.0,0.0,0.0,C,"XX,YI",0.0
training,4.0,0.0,0.0,C,"XX,YX",0.0
training,4.0,0.0,0.0,C,"XX,YY",0.0
training,4.0,0.0,0.0,C,"XX,YZ",0.0
training,4.0,0.0,0.0,C,"XX,ZI",0.0
training,4.0,0.0,0.0,C,"XX,ZX",0.0
training,4.0,0.0,0.0,C,"XX,ZY",0.0
training,4.0,0.0,0.0,C,"XX,ZZ",0.0
training,4.0,0.0,0.0,C,"XY,XZ",0.0
training,4.0,0.0,0.0,C,"XY,YI",0.0
training,4.0,0.0,0.0,C,"XY,YX",0.0
training,4.0,0.0,0.0,C,"XY,YY",0.0
training,4.0,0.0,0.0,C,"XY,YZ",0.0
training,4.0,0.0,0.0,C,"XY,ZI",0.0
training,4.0,0.0,0.0,C,"XY,ZX",0.0
training,4.0,0.0,0.0,C,"XY,ZY",0.0
training,4.0,0.0,0.0,C,"XY,ZZ",0.0
training,4.0,0.0,0.0,C,"XZ,YI",0.0
training,4.0,0.0,0.0,C,"XZ,YX",0.0
training,4.0,0.0,0.0,C,"XZ,YY",0.0
training,4.0,0.0,0.0,C,"XZ,YZ",0.0
training,4.0,0.0,0.0,C,"XZ,ZI",0.0
training,4.0,0.0,0.0,C,"XZ,ZX",0.0
training,4.0,0.0,0.0,C,"XZ,ZY",0.0
training,4.0,0.0,0.0,C,"XZ,ZZ",0.0
training,4.0,0.0,0.0,C,"YI,YX",0.0
training,4.0,0.0,0.0,C,"YI,YY",0.0
training,4.0,0.0,0.0,C,"YI,YZ",0.0
training,4.0,0.0,0.0,C,"YI,ZI",0.0
training,4.0,0.0,0.0,C,"YI,ZX",0.0
training,4.0,0.0,0.0,C,"YI,ZY",0.0
training,4.0,0.0,0.0,C,"YI,ZZ",0.0
training,4.0,0.0,0.0,C,"YX,YY",0.0
training,4.0,0.0,0.0,C,"YX,YZ",0.0
training,4.0,0.0,0.0,C,"YX,ZI",0.0
training,4.0,0.0,0.0,C,"YX,ZX",0.0
training,4.0,0.0,0.0,C,"YX,ZY",0.0
training,4.0,0.0,0.0,C,"YX,ZZ",0.0
training,4.0,0.0,0.0,C,"YY,YZ",0.0
training,4.0,0.0,0.0,C,"YY,ZI",0.0
training,4.0,0.0,0.0,C,"YY,ZX",0.0
training,4.0,0.0,0.0,C,"YY,ZY",0.0
training,4.0,0.0,0.0,C,"YY,ZZ",0.0
training,4.0,0.0,0.0,C,"YZ,ZI",0.0
training,4.0,0.0,0.0,C,"YZ,ZX",0.0
training,4.0,0.0,0.0,C,"YZ,ZY",0.0
training,4.0,0.0,0.0,C,"YZ,ZZ",0.0
training,4.0,0.0,0.0,C,"ZI,ZX",0.0
training,4.0,0.0,0.0,C,"ZI,ZY",0.0
training,4.0,0.0,0.0,C,"ZI,ZZ",0.0
training,4.0,0.0,0.0,C,"ZX,ZY",0.0
training,4.0,0.0,0.0,C,"ZX,ZZ",0.0
training,4.0,0.0,0.0,C,"ZY,ZZ",0.0
training,4.0,0.0,0.0,A,"IX,IY",0.0
training,4.0,0.0,0.0,A,"IX,IZ",0.0
training,4.0,0.0,0.0,A,"IX,XI",0.0
training,4.0,0.0,0.0,A,"IX,XX",0.0
training,4.0,0.0,0.0,A,"IX,XY",0.0
training,4.0,0.0,0.0,A,"IX,XZ",0.0
training,4.0,0.0,0.0,A,"IX,YI",0.0
training,4.0,0.0,0.0,A,"IX,YX",0.0
training,4.0,0.0,0.0,A,"IX,YY",0.0
training,4.0,0.0,0.0,A,"IX,YZ",0.0
training,4.0,0.0,0.0,A,"IX,ZI",0.0
training,4.0,0.0,0.0,A,"IX,ZX",0.0
training,4.0,0.0,0.0,A,"IX,ZY",0.0
training,4.0,0.0,0.0,A,"IX,ZZ",0.0
training,4.0,0.0,0.0,A,"IY,IZ",0.0
training,4.0,0.0,0.0,A,"IY,XI",0.0
training,4.0,0.0,0.0,A,"IY,XX",0.0
training,4.0,0.0,0.0,A,"IY,XY",0.0
training,4.0,0.0,0.0,A,"IY,XZ",0.0
training,4.0,0.0,0.0,A,"IY,YI",0.0
training,4.0,0.0,0.0,A,"IY,YX",0.0
training,4.0,0.0,0.0,A,"IY,YY",0.0
training,4.0,0.0,0.0,A,"IY,YZ",0.0
training,4.0,0.0,0.0,A,"IY,ZI",0.0
training,4.0,0.0,0.0,A,"IY,ZX",0.0
training,4.0,0.0,0.0,A,"IY,ZY",0.0
training,4.0,0.0,0.0,A,"IY,ZZ",0.0
training,4.0,0.0,0.0,A,"IZ,XI",0.0
training,4.0,0.0,0.0,A,"IZ,XX",0.0
training,4.0,0.0,0.0,A,"IZ,XY",0.0
training,4.0,0.0,0.0,A,"IZ,XZ",0.0
training,4.0,0.0,0.0,A,"IZ,YI",0.0
training,4.0,0.0,0.0,A,"IZ,YX",0.0
training,4.0,0.0,0.0,A,"IZ,YY",0.0
training,4.0,0.0,0.0,A,"IZ,YZ",0.0
training,4.0,0.0,0.0,A,"IZ,ZI",0.0
training,4.0,0.0,0.0,A,"IZ,ZX",0.0
training,4.0,0.0,0.0,A,"IZ,ZY",0.0
training,4.0,0.0,0.0,A,"IZ,ZZ",0.0
training,4.0,0.0,0.0,A,"XI,XX",0.0
training,4.0,0.0,0.0,A,"XI,XY",0.0
training,4.0,0.0,0.0,A,"XI,XZ",0.0
training,4.0,0.0,0.0,A,"XI,YI",0.0
training,4.0,0.0,0.0,A,"XI,YX",0.0
training,4.0,0.0,0.0,A,"XI,YY",0.0
training,4.0,0.0,0.0,A,"XI,YZ",0.0
training,4.0,0.0,0.0,A,"XI,ZI",0.0
training,4.0,0.0,0.0,A,"XI,ZX",0.0
training,4.0,0.0,0.0,A,"XI,ZY",0.0
training,4.0,0.0,0.0,A,"XI,ZZ",0.0
training,4.0,0.0,0.0,A,"XX,XY",0.0
training,4.0,0.0,0.0,A,"XX,XZ",0.0
training,4.0,0.0,0.0,A,"XX,YI",0.0
training,4.0,0.0,0.0,A,"XX,YX",0.0
training,4.0,0.0,0.0,A,"XX,YY",0.0
training,4.0,0.0,0.0,A,"XX,YZ",0.0
training,4.0,0.0,0.0,A,"XX,ZI",0.0
training,4.0,0.0,0.0,A,"XX,ZX",0.0
training,4.0,0.0,0.0,A,"XX,ZY",0.0
training,4.0,0.0,0.0,A,"XX,ZZ",0.0
training,4.0,0.0,0.0,A,"XY,XZ",0.0
training,4.0,0.0,0.0,A,"XY,YI",0.0
training,4.0,0.0,0.0,A,"XY,YX",0.0
training,4.0,0.0,0.0,A,"XY,YY",0.0
training,4.0,0.0,0.0,A,"XY,YZ",0.0
training,4.0,0.0,0.0,A,"XY,ZI",0.0
training,4.0,0.0,0.0,A,"XY,ZX",0.0
training,4.0,0.0,0.0,A,"XY,ZY",0.0
training,4.0,0.0,0.0,A,"XY,ZZ",0.0
training,4.0,0.0,0.0,A,"XZ,YI",0.0
training,4.0,0.0,0.0,A,"XZ,YX",0.0
training,4.0,0.0,0.0,A,"XZ,YY",0.0
training,4.0,0.0,0.0,A,"XZ,YZ",0.0
training,4.0,0.0,0.0,A,"XZ,ZI",0.0
training,4.0,0.0,0.0,A,"XZ,ZX",0.0
training,4.0,0.0,0.0,A,"XZ,ZY",0.0
training,4.0,0.0,0.0,A,"XZ,ZZ",0.0
training,4.0,0.0,0.0,A,"YI,YX",0.0
training,4.0,0.0,0.0,A,"YI,YY",0.0
training,4.0,0.0,0.0,A,"YI,YZ",0.0
training,4.0,0.0,0.0,A,"YI,ZI",0.0
training,4.0,0.0,0.0,A,"YI,ZX",0.0
training,4.0,0.0,0.0,A,"YI,ZY",0.0
training,4.0,0.0,0.0,A,"YI,ZZ",0.0
training,4.0,0.0,0.0,A,"YX,YY",0.0
training,4.0,0.0,0.0,A,"YX,YZ",0.0
training,4.0,0.0,0.0,A,"YX,ZI",0.0
training,4.0,0.0,0.0,A,"YX,ZX",0.0
training,4.0,0.0,0.0,A,"YX,ZY",0.0
training,4.0,0.0,0.0,A,"YX,ZZ",0.0
training,4.0,0.0,0.0,A,"YY,YZ",0.0
training,4.0,0.0,0.0,A,"YY,ZI",0.0
training,4.0,0.0,0.0,A,"YY,ZX",0.0
training,4.0,0.0,0.0,A,"YY,ZY",0.0
training,4.0,0.0,0.0,A,"YY,ZZ",0.0
training,4.0,0.0,0.0,A,"YZ,ZI",0.0
training,4.0,0.0,0.0,A,"YZ,ZX",0.0
training,4.0,0.0,0.0,A,"YZ,ZY",0.0
training,4.0,0.0,0.0,A,"YZ,ZZ",0.0
training,4.0,0.0,0.0,A,"ZI,ZX",0.0
training,4.0,0.0,0.0,A,"ZI,ZY",0.0
training,4.0,0.0,0.0,A,"ZI,ZZ",0.0
training,4.0,0.0,0.0,A,"ZX,ZY",0.0
training,4.0,0.0,0.0,A,"ZX,ZZ",0.0
training,4.0,0.0,0.0,A,"ZY,ZZ",0.0
training,4.0,0.5,9.0,H,IX,1.0528787969349532e-09
training,4.0,0.5,9.0,H,IY,3.848763831388412e-09
training,4.0,0.5,9.0,H,IZ,-2.044765419587456e-09
training,4.0,0.5,9.0,H,XI,7.951731244826457e-09
training,4.0,0.5,9.0,H,XX,-0.00012078285838174743
training,4.0,0.5,9.0,H,XY,-4.682770215055825e-09
training,4.0,0.5,9.0,H,XZ,4.612457299014906e-09
training,4.0,0.5,9.0,H,YI,-5.920315913673606e-09
training,4.0,0.5,9.0,H,YX,9.390792329691466e-09
training,4.0,0.5,9.0,H,YY,1.2414318260355496e-08
training,4.0,0.5,9.0,H,YZ,2.593117118389425e-09
training,4.0,0.5,9.0,H,ZI,1.1202798690114218e-09
training,4.0,0.5,9.0,H,ZX,6.242784719755456e-09
training,4.0,0.5,9.0,H,ZY,-7.631371761921775e-09
training,4.0,0.5,9.0,H,ZZ,1.0597950551121607e-16
training,4.0,0.5,9.0,S,IX,0.0008980650501832375
training,4.0,0.5,9.0,S,IY,-1.1903078523918878e-09
training,4.0,0.5,9.0,S,IZ,-1.6628324837940703e-09
training,4.0,0.5,9.0,S,XI,0.0008980551259914784
training,4.0,0.5,9.0,S,XX,6.155701024631242e-05
training,4.0,0.5,9.0,S,XY,-3.311644437950685e-10
training,4.0,0.5,9.0,S,XZ,-1.2682327851608463e-09
training,4.0,0.5,9.0,S,YI,-3.8219545800757815e-10
training,4.0,0.5,9.0,S,YX,-2.6367085612316946e-09
training,4.0,0.5,9.0,S,YY,1.1930588335838654e-09
training,4.0,0.5,9.0,S,YZ,-1.985050978301796e-09
training,4.0,0.5,9.0,S,ZI,-2.2297945400631593e-10
training,4.0,0.5,9.0,S,ZX,-7.978430069524112e-10
training,4.0,0.5,9.0,S,ZY,-2.294417578700041e-10
training,4.0,0.5,9.0,S,ZZ,2.514089326804102e-10
training,4.0,0.5,9.0,C,"IX,IY",-5.60975879697702e-10
training,4.0,0.5,9.0,C,"IX,IZ",-4.247524966422653e-09
training,4.0,0.5,9.0,C,"IX,XI",0.0008980594512622924
training,4.0,0.5,9.0,C,"IX,XX",-4.78053515253663e-09
training,4.0,0.5,9.0,C,"IX,XY",-4.032888123856486e-09
training,4.0,0.5,9.0,C,"IX,XZ",5.64381643708553e-09
training,4.0,0.5,9.0,C,"IX,YI",5.962214706802181e-10
training,4.0,0.5,9.0,C,"IX,YX",-3.741531178890085e-09
training,4.0,0.5,9.0,C,"IX,YY",6.564492823299849e-09
training,4.0,0.5,9.0,C,"IX,YZ",-5.034148366707718e-11
training,4.0,0.5,9.0,C,"IX,ZI",3.643267850831157e-09
training,4.0,0.5,9.0,C,"IX,ZX",5.574177324459876e-09
training,4.0,0.5,9.0,C,"IX,ZY",-3.705412664755197e-10
training,4.0,0.5,9.0,C,"IX,ZZ",3.487942281573323e-09
training,4.0,0.5,9.0,C,"IY,IZ",-1.1182657301209434e-09
training,4.0,0.5,9.0,C,"IY,XI",-9.983649395066266e-10
training,4.0,0.5,9.0,C,"IY,XX",7.929240922571018e-09
training,4.0,0.5,9.0,C,"IY,XY",-6.652590845825602e-10
training,4.0,0.5,9.0,C,"IY,XZ",2.158314995408489e-09
training,4.0,0.5,9.0,C,"IY,YI",-5.024488071145301e-10
training,4.0,0.5,9.0,C,"IY,YX",-1.5955882475478172e-09
training,4.0,0.5,9.0,C,"IY,YY",1.465683177435532e-09
training,4.0,0.5,9.0,C,"IY,YZ",1.684031060524e-09
training,4.0,0.5,9.0,C,"IY,ZI",1.244698950691419e-09
training,4.0,0.5,9.0,C,"IY,ZX",8.70471916085878e-10
training,4.0,0.5,9.0,C,"IY,ZY",1.1326298597036454e-09
training,4.0,0.5,9.0,C,"IY,ZZ",1.1676777375094858e-09
training,4.0,0.5,9.0,C,"IZ,XI",-3.6254909932616705e-09
training,4.0,0.5,9.0,C,"IZ,XX",2.389237617259724e-09
training,4.0,0.5,9.0,C,"IZ,XY",-5.062064449287229e-10
training,4.0,0.5,9.0,C,"IZ,XZ",1.9684273089019523e-09
training,4.0,0.5,9.0,C,"IZ,YI",-1.736833904781262e-09
training,4.0,0.5,9.0,C,"IZ,YX",-3.454831834702737e-09
training,4.0,0.5,9.0,C,"IZ,YY",3.11931685515294e-09
training,4.0,0.5,9.0,C,"IZ,YZ",-5.315064075447612e-10
training,4.0,0.5,9.0,C,"IZ,ZI",-3.1639539175342554e-09
training,4.0,0.5,9.0,C,"IZ,ZX",5.162917538821809e-10
training,4.0,0.5,9.0,C,"IZ,ZY",-3.241735883778767e-10
training,4.0,0.5,9.0,C,"IZ,ZZ",7.319092749343467e-10
training,4.0,0.5,9.0,C,"XI,XX",5.069990588548905e-09
training,4.0,0.5,9.0,C,"XI,XY",-4.190337214533866e-09
training,4.0,0.5,9.0,C,"XI,XZ",6.225930233987288e-09
training,4.0,0.5,9.0,C,"XI,YI",-1.9205689702352612e-10
training,4.0,0.5,9.0,C,"XI,YX",-4.497628492727904e-09
training,4.0,0.5,9.0,C,"XI,YY",8.528760746059645e-09
training,4.0,0.5,9.0,C,"XI,YZ",6.897215437959056e-11
training,4.0,0.5,9.0,C,"XI,ZI",3.321879208052147e-09
training,4.0,0.5,9.0,C,"XI,ZX",6.027776034216509e-09
training,4.0,0.5,9.0,C,"XI,ZY",3.526038774546599e-10
training,4.0,0.5,9.0,C,"XI,ZZ",1.5493956809190053e-09
training,4.0,0.5,9.0,C,"XX,XY",1.2720191865577775e-09
training,4.0,0.5,9.0,C,"XX,XZ",-6.142263999497188e-09
training,4.0,0.5,9.0,C,"XX,YI",4.947836509381444e-09
training,4.0,0.5,9.0,C,"XX,YX",-1.745387812175517e-10
training,4.0,0.5,9.0,C,"XX,YY",-1.3306775632551638e-08
training,4.0,0.5,9.0,C,"XX,YZ",-5.026492339930825e-09
training,4.0,0.5,9.0,C,"XX,ZI",-1.2020658739987583e-08
training,4.0,0.5,9.0,C,"XX,ZX",3.2902462097519225e-09
training,4.0,0.5,9.0,C,"XX,ZY",-7.913406722214384e-09
training,4.0,0.5,9.0,C,"XX,ZZ",2.5072291562994303e-09
training,4.0,0.5,9.0,C,"XY,XZ",-2.972813423981029e-10
training,4.0,0.5,9.0,C,"XY,YI",-3.3579618522669158e-09
training,4.0,0.5,9.0,C,"XY,YX",2.8707012192952273e-09
training,4.0,0.5,9.0,C,"XY,YY",2.051303840379587e-09
training,4.0,0.5,9.0,C,"XY,YZ",-8.890583224129581e-10
training,4.0,0.5,9.0,C,"XY,ZI",-2.2139508693876904e-09
training,4.0,0.5,9.0,C,"XY,ZX",2.710640175731953e-09
training,4.0,0.5,9.0,C,"XY,ZY",-1.1883190866710254e-09
training,4.0,0.5,9.0,C,"XY,ZZ",-7.950062665835803e-11
training,4.0,0.5,9.0,C,"XZ,YI",7.12163362022064e-10
training,4.0,0.5,9.0,C,"XZ,YX",3.6867460967603036e-10
training,4.0,0.5,9.0,C,"XZ,YY",-1.2611730948194121e-09
training,4.0,0.5,9.0,C,"XZ,YZ",-3.1144937400296457e-10
training,4.0,0.5,9.0,C,"XZ,ZI",-5.436688673597333e-10
training,4.0,0.5,9.0,C,"XZ,ZX",-5.30198415494424e-10
training,4.0,0.5,9.0,C,"XZ,ZY",-1.4913574146179442e-10
training,4.0,0.5,9.0,C,"XZ,ZZ",6.6654037597792e-10
training,4.0,0.5,9.0,C,"YI,YX",1.7428149428278598e-09
training,4.0,0.5,9.0,C,"YI,YY",-4.086978669211345e-10
training,4.0,0.5,9.0,C,"YI,YZ",6.321538978377145e-10
training,4.0,0.5,9.0,C,"YI,ZI",1.5190725761471142e-09
training,4.0,0.5,9.0,C,"YI,ZX",9.54309936664947e-10
training,4.0,0.5,9.0,C,"YI,ZY",7.962868861068693e-10
training,4.0,0.5,9.0,C,"YI,ZZ",4.00857877701152e-09
training,4.0,0.5,9.0,C,"YX,YY",-1.2645797750402685e-09
training,4.0,0.5,9.0,C,"YX,YZ",-2.674319524409014e-09
training,4.0,0.5,9.0,C,"YX,ZI",-6.409483049322139e-10
training,4.0,0.5,9.0,C,"YX,ZX",-1.2923061506903993e-09
training,4.0,0.5,9.0,C,"YX,ZY",-1.557628567550656e-09
training,4.0,0.5,9.0,C,"YX,ZZ",-3.873097406233634e-09
training,4.0,0.5,9.0,C,"YY,YZ",-1.2454386274573743e-09
training,4.0,0.5,9.0,C,"YY,ZI",-2.2795746088479263e-09
training,4.0,0.5,9.0,C,"YY,ZX",-6.60551116842385e-10
training,4.0,0.5,9.0,C,"YY,ZY",-3.6418672094008883e-10
training,4.0,0.5,9.0,C,"YY,ZZ",-3.203114614096659e-09
training,4.0,0.5,9.0,C,"YZ,ZI",-5.528853621607554e-10
training,4.0,0.5,9.0,C,"YZ,ZX",-6.793456589006805e-10
training,4.0,0.5,9.0,C,"YZ,ZY",3.8959995247848413e-10
training,4.0,0.5,9.0,C,"YZ,ZZ",6.815378925610396e-10
training,4.0,0.5,9.0,C,"ZI,ZX",-5.269117193243851e-10
training,4.0,0.5,9.0,C,"ZI,ZY",-6.75226380987497e-11
training,4.0,0.5,9.0,C,"ZI,ZZ",4.1288247763412346e-09
training,4.0,0.5,9.0,C,"ZX,ZY",-1.7230437540518679e-10
training,4.0,0.5,9.0,C,"ZX,ZZ",-1.381886201231888e-09
training,4.0,0.5,9.0,C,"ZY,ZZ",7.378918112609593e-10
training,4.0,0.5,9.0,A,"IX,IY",-4.944829552066921e-09
training,4.0,0.5,9.0,A,"IX,IZ",-2.529514617470444e-10
training,4.0,0.5,9.0,A,"IX,XI",9.68945343747288e-09
training,4.0,0.5,9.0,A,"IX,XX",9.600388864394856e-09
training,4.0,0.5,9.0,A,"IX,XY",6.8801341605624975e-09
training,4.0,0.5,9.0,A,"IX,XZ",7.579669086360182e-11
training,4.0,0.5,9.0,A,"IX,YI",-5.24994109949167e-09
training,4.0,0.5,9.0,A,"IX,YX",-6.746238921765317e-10
training,4.0,0.5,9.0,A,"IX,YY",-5.1740380499232875e-09
training,4.0,0.5,9.0,A,"IX,YZ",-6.36725694794615e-09
training,4.0,0.5,9.0,A,"IX,ZI",-4.629338217228837e-09
training,4.0,0.5,9.0,A,"IX,ZX",-9.378684578149461e-10
training,4.0,0.5,9.0,A,"IX,ZY",3.4579141816759644e-09
training,4.0,0.5,9.0,A,"IX,ZZ",-5.290383087404115e-09
training,4.0,0.5,9.0,A,"IY,IZ",2.760135987234875e-10
training,4.0,0.5,9.0,A,"IY,XI",4.092251602916391e-09
training,4.0,0.5,9.0,A,"IY,XX",-2.44501009586156e-09
training,4.0,0.5,9.0,A,"IY,XY",3.9462389199298393e-10
training,4.0,0.5,9.0,A,"IY,XZ",1.2898506309257443e-09
training,4.0,0.5,9.0,A,"IY,YI",2.985830476213921e-09
training,4.0,0.5,9.0,A,"IY,YX",-2.7933390914768554e-09
training,4.0,0.5,9.0,A,"IY,YY",-1.9332593400166e-09
training,4.0,0.5,9.0,A,"IY,YZ",-1.6926039235623362e-09
training,4.0,0.5,9.0,A,"IY,ZI",4.107306721366965e-09
training,4.0,0.5,9.0,A,"IY,ZX",-1.20993916693361e-09
training,4.0,0.5,9.0,A,"IY,ZY",2.0329919529316536e-09
training,4.0,0.5,9.0,A,"IY,ZZ",-1.6125143388880816e-09
training,4.0,0.5,9.0,A,"IZ,XI",1.420165904234387e-09
training,4.0,0.5,9.0,A,"IZ,XX",4.831518900190665e-09
training,4.0,0.5,9.0,A,"IZ,XY",-6.305542481384319e-10
training,4.0,0.5,9.0,A,"IZ,XZ",6.435326490549757e-10
training,4.0,0.5,9.0,A,"IZ,YI",-1.6003839333837963e-09
training,4.0,0.5,9.0,A,"IZ,YX",1.1995236804576888e-09
training,4.0,0.5,9.0,A,"IZ,YY",-1.4511293088561446e-11
training,4.0,0.5,9.0,A,"IZ,YZ",-3.1284050754603885e-09
training,4.0,0.5,9.0,A,"IZ,ZI",8.739649845636318e-11
training,4.0,0.5,9.0,A,"IZ,ZX",7.646134082046235e-10
training,4.0,0.5,9.0,A,"IZ,ZY",-4.987935974269858e-10
training,4.0,0.5,9.0,A,"IZ,ZZ",-3.0991443853383133e-09
training,4.0,0.5,9.0,A,"XI,XX",2.701559601245059e-09
training,4.0,0.5,9.0,A,"XI,XY",5.825182398215437e-09
training,4.0,0.5,9.0,A,"XI,XZ",-8.277814492883509e-10
training,4.0,0.5,9.0,A,"XI,YI",-4.13677081580924e-09
training,4.0,0.5,9.0,A,"XI,YX",-2.7942789464599634e-10
training,4.0,0.5,9.0,A,"XI,YY",-7.764884350635826e-09
training,4.0,0.5,9.0,A,"XI,YZ",-8.165190818963802e-09
training,4.0,0.5,9.0,A,"XI,ZI",-4.661689191101501e-09
training,4.0,0.5,9.0,A,"XI,ZX",-1.7773278612804519e-09
training,4.0,0.5,9.0,A,"XI,ZY",2.458132341851427e-09
training,4.0,0.5,9.0,A,"XI,ZZ",-6.5985886238952755e-09
training,4.0,0.5,9.0,A,"XX,XY",-6.78755539812359e-09
training,4.0,0.5,9.0,A,"XX,XZ",-1.2208310105974394e-09
training,4.0,0.5,9.0,A,"XX,YI",-9.707373079814987e-10
training,4.0,0.5,9.0,A,"XX,YX",5.548361192576202e-09
training,4.0,0.5,9.0,A,"XX,YY",3.548383929068281e-14
training,4.0,0.5,9.0,A,"XX,YZ",1.2659127001589942e-08
training,4.0,0.5,9.0,A,"XX,ZI",8.666526384725956e-10
training,4.0,0.5,9.0,A,"XX,ZX",4.785116562953054e-09
training,4.0,0.5,9.0,A,"XX,ZY",2.4347681725653565e-09
training,4.0,0.5,9.0,A,"XX,ZZ",1.2414271388465004e-08
training,4.0,0.5,9.0,A,"XY,XZ",-3.490809418913326e-10
training,4.0,0.5,9.0,A,"XY,YI",-1.545752673381054e-09
training,4.0,0.5,9.0,A,"XY,YX",8.100039582359287e-10
training,4.0,0.5,9.0,A,"XY,YY",1.9017641723479237e-09
training,4.0,0.5,9.0,A,"XY,YZ",1.3605992814807976e-09
training,4.0,0.5,9.0,A,"XY,ZI",-9.385321384945698e-10
training,4.0,0.5,9.0,A,"XY,ZX",9.795884455584982e-10
training,4.0,0.5,9.0,A,"XY,ZY",-1.1638530846589063e-09
training,4.0,0.5,9.0,A,"XY,ZZ",-2.5329480876970795e-09
training,4.0,0.5,9.0,A,"XZ,YI",-2.6906462096639805e-09
training,4.0,0.5,9.0,A,"XZ,YX",1.924307265068477e-09
training,4.0,0.5,9.0,A,"XZ,YY",2.5646936434339066e-09
training,4.0,0.5,9.0,A,"XZ,YZ",4.708530802840989e-10
training,4.0,0.5,9.0,A,"XZ,ZI",-3.6604418493760486e-09
training,4.0,0.5,9.0,A,"XZ,ZX",7.358968620013817e-10
training,4.0,0.5,9.0,A,"XZ,ZY",-1.9648975582689633e-09
training,4.0,0.5,9.0,A,"XZ,ZZ",1.853428902547658e-10
training,4.0,0.5,9.0,A,"YI,YX",-1.883625229638515e-09
training,4.0,0.5,9.0,A,"YI,YY",2.7647255244943896e-09
training,4.0,0.5,9.0,A,"YI,YZ",2.0195850795086506e-09
training,4.0,0.5,9.0,A,"YI,ZI",8.913437763884773e-10
training,4.0,0.5,9.0,A,"YI,ZX",-2.402312506907811e-11
training,4.0,0.5,9.0,A,"YI,ZY",-9.960567470023797e-10
training,4.0,0.5,9.0,A,"YI,ZZ",-1.5797213134768877e-09
training,4.0,0.5,9.0,A,"YX,YY",-4.095730976181062e-09
training,4.0,0.5,9.0,A,"YX,YZ",-2.7119418319749406e-09
training,4.0,0.5,9.0,A,"YX,ZI",1.8539205883080691e-09
training,4.0,0.5,9.0,A,"YX,ZX",-8.662165372934107e-10
training,4.0,0.5,9.0,A,"YX,ZY",1.903993119687454e-09
training,4.0,0.5,9.0,A,"YX,ZZ",1.9141086941044908e-09
training,4.0,0.5,9.0,A,"YY,YZ",-4.3837891574782433e-10
training,4.0,0.5,9.0,A,"YY,ZI",-3.8800406550915e-09
training,4.0,0.5,9.0,A,"YY,ZX",6.219085686145134e-10
training,4.0,0.5,9.0,A,"YY,ZY",-1.2276552900712854e-09
training,4.0,0.5,9.0,A,"YY,ZZ",3.00179571944317e-10
training,4.0,0.5,9.0,A,"YZ,ZI",-5.247179170913775e-10
training,4.0,0.5,9.0,A,"YZ,ZX",8.567002050778811e-10
training,4.0,0.5,9.0,A,"YZ,ZY",1.4331468663074571e-10
training,4.0,0.5,9.0,A,"YZ,ZZ",7.169392634032606e-10
training,4.0,0.5,9.0,A,"ZI,ZX",-4.916261532436735e-10
training,4.0,0.5,9.0,A,"ZI,ZY",-1.7273247210225448e-10
training,4.0,0.5,9.0,A,"ZI,ZZ",5.640048882413925e-10
training,4.0,0.5,9.0,A,"ZX,ZY",2.101615538433709e-09
training,4.0,0.5,9.0,A,"ZX,ZZ",1.697897860591996e-09
training,4.0,0.5,9.0,A,"ZY,ZZ",-4.2206403151507104e-10
training,4.0,1.0,18.0,H,IX,-1.175231367323112e-08
training,4.0,1.0,18.0,H,IY,3.299951873659713e-11
training,4.0,1.0,18.0,H,IZ,-3.6965007413443503e-09
training,4.0,1.0,18.0,H,XI,2.5648022058386176e-08
training,4.0,1.0,18.0,H,XX,-0.0002404445652213621
training,4.0,1.0,18.0,H,XY,-2.7203749934864893e-08
training,4.0,1.0,18.0,H,XZ,6.484270708873841e-09
training,4.0,1.0,18.0,H,YI,-8.634856878189553e-09
training,4.0,1.0,18.0,H,YX,8.67904427611652e-09
training,4.0,1.0,18.0,H,YY,1.2540844871566012e-08
training,4.0,1.0,18.0,H,YZ,2.913882999800713e-08
training,4.0,1.0,18.0,H,ZI,5.135868184848737e-09
training,4.0,1.0,18.0,H,ZX,1.0283269762796427e-08
training,4.0,1.0,18.0,H,ZY,-4.771129500269408e-09
training,4.0,1.0,18.0,H,ZZ,-4.3583855614417224e-15
training,4.0,1.0,18.0,S,IX,0.001789360518638585
training,4.0,1.0,18.0,S,IY,6.8595318674334604e-09
training,4.0,1.0,18.0,S,IZ,7.167048225297651e-09
training,4.0,1.0,18.0,S,XI,0.0017893514822535195
training,4.0,1.0,18.0,S,XX,0.00012776855862290317
training,4.0,1.0,18.0,S,XY,9.808009861851825e-09
training,4.0,1.0,18.0,S,XZ,3.293913698520839e-09
training,4.0,1.0,18.0,S,YI,5.796132951959958e-09
training,4.0,1.0,18.0,S,YX,1.154963138365675e-09
training,4.0,1.0,18.0,S,YY,-1.6358869658200659e-09
training,4.0,1.0,18.0,S,YZ,3.346595532378177e-09
training,4.0,1.0,18.0,S,ZI,6.917736755770922e-09
training,4.0,1.0,18.0,S,ZX,4.7576125797223895e-09
training,4.0,1.0,18.0,S,ZY,2.6680266554000506e-09
training,4.0,1.0,18.0,S,ZZ,-7.47834730312159e-10
training,4.0,1.0,18.0,C,"IX,IY",2.8356319931180656e-09
training,4.0,1.0,18.0,C,"IX,IZ",-4.628815109784652e-09
training,4.0,1.0,18.0,C,"IX,XI",0.001789346816233315
training,4.0,1.0,18.0,C,"IX,XX",8.578186557710996e-09
training,4.0,1.0,18.0,C,"IX,XY",-1.452584809000828e-08
training,4.0,1.0,18.0,C,"IX,XZ",-9.85642581251364e-09
training,4.0,1.0,18.0,C,"IX,YI",3.2437751843188847e-09
training,4.0,1.0,18.0,C,"IX,YX",1.3026968728530634e-08
training,4.0,1.0,18.0,C,"IX,YY",-1.2784219239992738e-08
training,4.0,1.0,18.0,C,"IX,YZ",-3.190405144715709e-09
training,4.0,1.0,18.0,C,"IX,ZI",7.113445633909525e-09
training,4.0,1.0,18.0,C,"IX,ZX",-1.137678739046495e-08
training,4.0,1.0,18.0,C,"IX,ZY",1.9893783936780905e-09
training,4.0,1.0,18.0,C,"IX,ZZ",-7.517434858819712e-09
training,4.0,1.0,18.0,C,"IY,IZ",6.408098346212218e-09
training,4.0,1.0,18.0,C,"IY,XI",-1.0656774113092607e-09
training,4.0,1.0,18.0,C,"IY,XX",8.757177162793334e-09
training,4.0,1.0,18.0,C,"IY,XY",-6.196638397439398e-09
training,4.0,1.0,18.0,C,"IY,XZ",-1.560955434476278e-09
training,4.0,1.0,18.0,C,"IY,YI",-1.7136290363150713e-09
training,4.0,1.0,18.0,C,"IY,YX",4.668704157941074e-09
training,4.0,1.0,18.0,C,"IY,YY",6.256736894638286e-10
training,4.0,1.0,18.0,C,"IY,YZ",1.5403037152401734e-09
training,4.0,1.0,18.0,C,"IY,ZI",1.1123765003367317e-08
training,4.0,1.0,18.0,C,"IY,ZX",5.731724880130655e-10
training,4.0,1.0,18.0,C,"IY,ZY",5.484907510222853e-09
training,4.0,1.0,18.0,C,"IY,ZZ",-2.4344332946247236e-09
training,4.0,1.0,18.0,C,"IZ,XI",1.9371709155311197e-09
training,4.0,1.0,18.0,C,"IZ,XX",2.520632613415526e-08
training,4.0,1.0,18.0,C,"IZ,XY",-1.1392326977834228e-08
training,4.0,1.0,18.0,C,"IZ,XZ",-1.4665454688026577e-09
training,4.0,1.0,18.0,C,"IZ,YI",-1.3882171590460942e-09
training,4.0,1.0,18.0,C,"IZ,YX",-1.2980439850244375e-10
training,4.0,1.0,18.0,C,"IZ,YY",1.7321259058976164e-09
training,4.0,1.0,18.0,C,"IZ,YZ",1.1881721786107363e-09
training,4.0,1.0,18.0,C,"IZ,ZI",5.472396716110919e-09
training,4.0,1.0,18.0,C,"IZ,ZX",-3.554582123221698e-10
training,4.0,1.0,18.0,C,"IZ,ZY",1.686172553742411e-09
training,4.0,1.0,18.0,C,"IZ,ZZ",-7.660966823013509e-09
training,4.0,1.0,18.0,C,"XI,XX",4.847852684681835e-09
training,4.0,1.0,18.0,C,"XI,XY",-2.2299513002722107e-08
training,4.0,1.0,18.0,C,"XI,XZ",-6.319857987408712e-09
training,4.0,1.0,18.0,C,"XI,YI",-1.4301685072092184e-09
training,4.0,1.0,18.0,C,"XI,YX",6.9909680540616405e-09
training,4.0,1.0,18.0,C,"XI,YY",-3.0078445037011e-09
training,4.0,1.0,18.0,C,"XI,YZ",1.879406480411036e-09
training,4.0,1.0,18.0,C,"XI,ZI",1.9950506703439185e-09
training,4.0,1.0,18.0,C,"XI,ZX",-7.077898779639165e-09
training,4.0,1.0,18.0,C,"XI,ZY",-6.784920811003127e-10
training,4.0,1.0,18.0,C,"XI,ZZ",-1.685018273036508e-08
training,4.0,1.0,18.0,C,"XX,XY",-1.4240051307551675e-09
training,4.0,1.0,18.0,C,"XX,XZ",-2.0299167150214628e-09
training,4.0,1.0,18.0,C,"XX,YI",2.7562971950859214e-09
training,4.0,1.0,18.0,C,"XX,YX",-2.3910343238490306e-09
training,4.0,1.0,18.0,C,"XX,YY",2.0534962923633273e-08
training,4.0,1.0,18.0,C,"XX,YZ",-2.4645364890810343e-11
training,4.0,1.0,18.0,C,"XX,ZI",-1.139024953857273e-08
training,4.0,1.0,18.0,C,"XX,ZX",5.923600470976333e-09
training,4.0,1.0,18.0,C,"XX,ZY",-1.1145374869075228e-08
training,4.0,1.0,18.0,C,"XX,ZZ",5.133938529025819e-09
training,4.0,1.0,18.0,C,"XY,XZ",3.907454215014361e-09
training,4.0,1.0,18.0,C,"XY,YI",-1.9813798990950044e-09
training,4.0,1.0,18.0,C,"XY,YX",-1.3986071880864025e-09
training,4.0,1.0,18.0,C,"XY,YY",-4.167142481473789e-10
training,4.0,1.0,18.0,C,"XY,YZ",-4.523937979253428e-09
training,4.0,1.0,18.0,C,"XY,ZI",-8.077036050175855e-09
training,4.0,1.0,18.0,C,"XY,ZX",2.851174244829567e-09
training,4.0,1.0,18.0,C,"XY,ZY",-1.3550574964824458e-09
training,4.0,1.0,18.0,C,"XY,ZZ",7.682346682315527e-09
training,4.0,1.0,18.0,C,"XZ,YI",2.366620601583756e-09
training,4.0,1.0,18.0,C,"XZ,YX",-4.829134838659614e-09
training,4.0,1.0,18.0,C,"XZ,YY",-2.1890251692187974e-09
training,4.0,1.0,18.0,C,"XZ,YZ",6.617060999584778e-11
training,4.0,1.0,18.0,C,"XZ,ZI",-7.179198247993833e-09
training,4.0,1.0,18.0,C,"XZ,ZX",-1.4456368874175297e-09
training,4.0,1.0,18.0,C,"XZ,ZY",-4.50762338986519e-09
training,4.0,1.0,18.0,C,"XZ,ZZ",7.501677373472839e-10
training,4.0,1.0,18.0,C,"YI,YX",3.0734725122251584e-09
training,4.0,1.0,18.0,C,"YI,YY",-1.2129181069016416e-09
training,4.0,1.0,18.0,C,"YI,YZ",-1.3746074727125626e-09
training,4.0,1.0,18.0,C,"YI,ZI",-2.6738351761768287e-09
training,4.0,1.0,18.0,C,"YI,ZX",-4.3886247829537795e-09
training,4.0,1.0,18.0,C,"YI,ZY",-7.605590871391173e-09
training,4.0,1.0,18.0,C,"YI,ZZ",3.7557495682087684e-09
training,4.0,1.0,18.0,C,"YX,YY",-4.512596507420314e-09
training,4.0,1.0,18.0,C,"YX,YZ",-1.9024339978466773e-09
training,4.0,1.0,18.0,C,"YX,ZI",7.3845300705948215e-09
training,4.0,1.0,18.0,C,"YX,ZX",-2.6747259902472067e-09
training,4.0,1.0,18.0,C,"YX,ZY",3.4256713213354065e-09
training,4.0,1.0,18.0,C,"YX,ZZ",-7.995373459052819e-10
training,4.0,1.0,18.0,C,"YY,YZ",1.5114259422701121e-09
training,4.0,1.0,18.0,C,"YY,ZI",-4.741298844476627e-09
training,4.0,1.0,18.0,C,"YY,ZX",3.964225112064408e-11
training,4.0,1.0,18.0,C,"YY,ZY",-1.3152132638997309e-09
training,4.0,1.0,18.0,C,"YY,ZZ",-5.516209171244676e-09
training,4.0,1.0,18.0,C,"YZ,ZI",1.2176155991854058e-09
training,4.0,1.0,18.0,C,"YZ,ZX",-8.858010894158664e-10
training,4.0,1.0,18.0,C,"YZ,ZY",2.9175027083886557e-09
training,4.0,1.0,18.0,C,"YZ,ZZ",-3.7127263605253575e-09
training,4.0,1.0,18.0,C,"ZI,ZX",-4.146680765152462e-11
training,4.0,1.0,18.0,C,"ZI,ZY",1.9198503616111684e-09
training,4.0,1.0,18.0,C,"ZI,ZZ",-1.1753553461812923e-10
training,4.0,1.0,18.0,C,"ZX,ZY",3.070975933584585e-09
training,4.0,1.0,18.0,C,"ZX,ZZ",-1.8102071946139206e-09
training,4.0,1.0,18.0,C,"ZY,ZZ",-1.8886448971138135e-09
training,4.0,1.0,18.0,A,"IX,IY",6.484050855870759e-09
training,4.0,1.0,18.0,A,"IX,IZ",-1.8995031060444373e-08
training,4.0,1.0,18.0,A,"IX,XI",-1.0478006636034702e-08
training,4.0,1.0,18.0,A,"IX,XX",2.00411591164508e-08
training,4.0,1.0,18.0,A,"IX,XY",7.779055436254334e-09
training,4.0,1.0,18.0,A,"IX,XZ",3.257982697430694e-09
training,4.0,1.0,18.0,A,"IX,YI",6.646517297553438e-09
training,4.0,1.0,18.0,A,"IX,YX",-8.075829494321949e-09
training,4.0,1.0,18.0,A,"IX,YY",-1.9742085898531106e-09
training,4.0,1.0,18.0,A,"IX,YZ",-1.5306539926972887e-08
training,4.0,1.0,18.0,A,"IX,ZI",-5.973508134060391e-11
training,4.0,1.0,18.0,A,"IX,ZX",2.9584640835175646e-09
training,4.0,1.0,18.0,A,"IX,ZY",1.7332326805458526e-08
training,4.0,1.0,18.0,A,"IX,ZZ",-3.707608458672652e-09
training,4.0,1.0,18.0,A,"IY,IZ",-2.5900342602880747e-09
training,4.0,1.0,18.0,A,"IY,XI",-1.5248267991938627e-08
training,4.0,1.0,18.0,A,"IY,XX",2.6074404186751706e-09
training,4.0,1.0,18.0,A,"IY,XY",4.5657650112454945e-09
training,4.0,1.0,18.0,A,"IY,XZ",1.9084578457492785e-09
training,4.0,1.0,18.0,A,"IY,YI",7.242318912497724e-09
training,4.0,1.0,18.0,A,"IY,YX",-2.4607082532195215e-10
training,4.0,1.0,18.0,A,"IY,YY",-5.3123350403379175e-09
training,4.0,1.0,18.0,A,"IY,YZ",2.4228019022672352e-11
training,4.0,1.0,18.0,A,"IY,ZI",1.9797659748268513e-09
training,4.0,1.0,18.0,A,"IY,ZX",-7.59274754390738e-09
training,4.0,1.0,18.0,A,"IY,ZY",-5.503705866196069e-10
training,4.0,1.0,18.0,A,"IY,ZZ",2.517496880434496e-10
training,4.0,1.0,18.0,A,"IZ,XI",1.2133667382987818e-08
training,4.0,1.0,18.0,A,"IZ,XX",3.6144735934074844e-09
training,4.0,1.0,18.0,A,"IZ,XY",-6.778906049779293e-10
training,4.0,1.0,18.0,A,"IZ,XZ",-4.437240735196592e-10
training,4.0,1.0,18.0,A,"IZ,YI",8.407621425093485e-09
training,4.0,1.0,18.0,A,"IZ,YX",4.570918110155892e-09
training,4.0,1.0,18.0,A,"IZ,YY",-7.343364202308494e-09
training,4.0,1.0,18.0,A,"IZ,YZ",-4.746723429639209e-09
training,4.0,1.0,18.0,A,"IZ,ZI",1.2254180877056562e-09
training,4.0,1.0,18.0,A,"IZ,ZX",-8.163658308866845e-09
training,4.0,1.0,18.0,A,"IZ,ZY",-6.316473087167253e-09
training,4.0,1.0,18.0,A,"IZ,ZZ",-1.9797810637823128e-10
training,4.0,1.0,18.0,A,"XI,XX",-1.7358427740383402e-08
training,4.0,1.0,18.0,A,"XI,XY",-3.8474142114715385e-10
training,4.0,1.0,18.0,A,"XI,XZ",-7.159899559220078e-10
training,4.0,1.0,18.0,A,"XI,YI",1.273956884207782e-08
training,4.0,1.0,18.0,A,"XI,YX",-4.457807384501399e-09
training,4.0,1.0,18.0,A,"XI,YY",-9.197080306350855e-09
training,4.0,1.0,18.0,A,"XI,YZ",-2.249990841091726e-08
training,4.0,1.0,18.0,A,"XI,ZI",6.202466003143718e-09
training,4.0,1.0,18.0,A,"XI,ZX",-4.624383844786765e-10
training,4.0,1.0,18.0,A,"XI,ZY",1.2679662698069265e-08
training,4.0,1.0,18.0,A,"XI,ZZ",-1.020191057485615e-08
training,4.0,1.0,18.0,A,"XX,XY",2.9220032705994854e-09
training,4.0,1.0,18.0,A,"XX,XZ",2.6790580669460642e-08
training,4.0,1.0,18.0,A,"XX,YI",-5.60625330818617e-09
training,4.0,1.0,18.0,A,"XX,YX",-1.462851666434135e-08
training,4.0,1.0,18.0,A,"XX,YY",1.214907156067847e-13
training,4.0,1.0,18.0,A,"XX,YZ",9.058725367198262e-09
training,4.0,1.0,18.0,A,"XX,ZI",9.167797882773163e-09
training,4.0,1.0,18.0,A,"XX,ZX",-1.6309923034323198e-08
training,4.0,1.0,18.0,A,"XX,ZY",-2.4850189373877496e-08
training,4.0,1.0,18.0,A,"XX,ZZ",1.2540265908804298e-08
training,4.0,1.0,18.0,A,"XY,XZ",1.1185451310519782e-09
training,4.0,1.0,18.0,A,"XY,YI",-1.3479403028934057e-08
training,4.0,1.0,18.0,A,"XY,YX",-2.7053609189260613e-09
training,4.0,1.0,18.0,A,"XY,YY",9.753794028785928e-09
training,4.0,1.0,18.0,A,"XY,YZ",4.525622581847912e-09
training,4.0,1.0,18.0,A,"XY,ZI",-6.229513372556727e-09
training,4.0,1.0,18.0,A,"XY,ZX",7.89157464030448e-09
training,4.0,1.0,18.0,A,"XY,ZY",9.659074721316516e-10
training,4.0,1.0,18.0,A,"XY,ZZ",-5.960713385598661e-09
training,4.0,1.0,18.0,A,"XZ,YI",-5.58836486411158e-09
training,4.0,1.0,18.0,A,"XZ,YX",-8.554498800485008e-11
training,4.0,1.0,18.0,A,"XZ,YY",4.455451130089299e-09
training,4.0,1.0,18.0,A,"XZ,YZ",-1.73820914158029e-09
training,4.0,1.0,18.0,A,"XZ,ZI",-4.2048281609996626e-09
training,4.0,1.0,18.0,A,"XZ,ZX",2.705324619111166e-09
training,4.0,1.0,18.0,A,"XZ,ZY",-1.7555760474884173e-09
training,4.0,1.0,18.0,A,"XZ,ZZ",-1.0339529272496796e-09
training,4.0,1.0,18.0,A,"YI,YX",-4.294578252113384e-09
training,4.0,1.0,18.0,A,"YI,YY",-9.229519662655823e-10
training,4.0,1.0,18.0,A,"YI,YZ",-4.659622187424758e-09
training,4.0,1.0,18.0,A,"YI,ZI",-4.875143315867158e-09
training,4.0,1.0,18.0,A,"YI,ZX",1.947057899675045e-09
training,4.0,1.0,18.0,A,"YI,ZY",-2.9233235328066714e-09
training,4.0,1.0,18.0,A,"YI,ZZ",3.824428333330397e-10
training,4.0,1.0,18.0,A,"YX,YY",-3.9995509213407786e-09
training,4.0,1.0,18.0,A,"YX,YZ",-1.0046611151286086e-09
training,4.0,1.0,18.0,A,"YX,ZI",6.789655438354733e-10
training,4.0,1.0,18.0,A,"YX,ZX",-3.1170262659467084e-09
training,4.0,1.0,18.0,A,"YX,ZY",1.586236620831998e-09
training,4.0,1.0,18.0,A,"YX,ZZ",5.221421797772873e-09
training,4.0,1.0,18.0,A,"YY,YZ",1.4169273831691948e-09
training,4.0,1.0,18.0,A,"YY,ZI",1.1141182468681608e-09
training,4.0,1.0,18.0,A,"YY,ZX",-7.650942600056106e-10
training,4.0,1.0,18.0,A,"YY,ZY",-1.8419669534309097e-09
training,4.0,1.0,18.0,A,"YY,ZZ",2.3830762775246144e-09
training,4.0,1.0,18.0,A,"YZ,ZI",-5.424035691152052e-09
training,4.0,1.0,18.0,A,"YZ,ZX",-4.225670227122883e-09
training,4.0,1.0,18.0,A,"YZ,ZY",-9.395426825184152e-09
training,4.0,1.0,18.0,A,"YZ,ZZ",-2.70780441492366e-09
training,4.0,1.0,18.0,A,"ZI,ZX",-7.140350361690481e-09
training,4.0,1.0,18.0,A,"ZI,ZY",-1.2211182759428501e-09
training,4.0,1.0,18.0,A,"ZI,ZZ",4.711757132851922e-09
training,4.0,1.0,18.0,A,"ZX,ZY",5.762346202860981e-09
training,4.0,1.0,18.0,A,"ZX,ZZ",-4.703879553262876e-10
training,4.0,1.0,18.0,A,"ZY,ZZ",1.4261087393134128e-10
training,4.0,2.0,36.0,H,IX,1.7916493129181526e-08
training,4.0,2.0,36.0,H,IY,1.1133275836287438e-09
training,4.0,2.0,36.0,H,IZ,-1.2646672088507917e-09
training,4.0,2.0,36.0,H,XI,7.961860262260458e-09
training,4.0,2.0,36.0,H,XX,-0.00047657524080829846
training,4.0,2.0,36.0,H,XY,-7.335771396282145e-09
training,4.0,2.0,36.0,H,XZ,5.082477266427939e-09
training,4.0,2.0,36.0,H,YI,-1.7982755786095135e-08
training,4.0,2.0,36.0,H,YX,-7.1920722471625784e-09
training,4.0,2.0,36.0,H,YY,1.0990573324548782e-08
training,4.0,2.0,36.0,H,YZ,6.984886575062414e-09
training,4.0,2.0,36.0,H,ZI,-9.225742869583094e-12
training,4.0,2.0,36.0,H,ZX,5.32411612753982e-09
training,4.0,2.0,36.0,H,ZY,4.881334654057176e-09
training,4.0,2.0,36.0,H,ZZ,-2.085666743641686e-16
training,4.0,2.0,36.0,S,IX,0.0035520224778060987
training,4.0,2.0,36.0,S,IY,5.364443151842369e-10
training,4.0,2.0,36.0,S,IZ,4.731906520262508e-10
training,4.0,2.0,36.0,S,XI,0.003552024551251595
training,4.0,2.0,36.0,S,XX,0.00027404770381504826
training,4.0,2.0,36.0,S,XY,1.276094952363388e-09
training,4.0,2.0,36.0,S,XZ,-6.729548114505629e-10
training,4.0,2.0,36.0,S,YI,4.763181960399515e-10
training,4.0,2.0,36.0,S,YX,6.3715398959489356e-09
training,4.0,2.0,36.0,S,YY,1.1587290957466856e-10
training,4.0,2.0,36.0,S,YZ,2.296911141537808e-09
training,4.0,2.0,36.0,S,ZI,2.493514851141434e-09
training,4.0,2.0,36.0,S,ZX,-4.4502727891693183e-11
training,4.0,2.0,36.0,S,ZY,2.2054331808604548e-09
training,4.0,2.0,36.0,S,ZZ,-4.608375443401758e-09
training,4.0,2.0,36.0,C,"IX,IY",6.079932169257904e-11
training,4.0,2.0,36.0,C,"IX,IZ",-1.1939147739839012e-09
training,4.0,2.0,36.0,C,"IX,XI",0.0035520225935200024
training,4.0,2.0,36.0,C,"IX,XX",-2.727653268507544e-09
training,4.0,2.0,36.0,C,"IX,XY",1.7321227309529249e-09
training,4.0,2.0,36.0,C,"IX,XZ",-1.5192268278395702e-09
training,4.0,2.0,36.0,C,"IX,YI",1.073931100857448e-09
training,4.0,2.0,36.0,C,"IX,YX",2.796334111952526e-09
training,4.0,2.0,36.0,C,"IX,YY",6.435176094092497e-10
training,4.0,2.0,36.0,C,"IX,YZ",5.606058899420861e-10
training,4.0,2.0,36.0,C,"IX,ZI",5.661835820002566e-09
training,4.0,2.0,36.0,C,"IX,ZX",-8.065081372611205e-10
training,4.0,2.0,36.0,C,"IX,ZY",-9.097334552731029e-10
training,4.0,2.0,36.0,C,"IX,ZZ",-5.931623395937028e-09
training,4.0,2.0,36.0,C,"IY,IZ",6.906470425181333e-10
training,4.0,2.0,36.0,C,"IY,XI",-1.5228271870398565e-10
training,4.0,2.0,36.0,C,"IY,XX",6.641126267873277e-09
training,4.0,2.0,36.0,C,"IY,XY",-2.166517922698478e-10
training,4.0,2.0,36.0,C,"IY,XZ",2.1808847173651873e-09
training,4.0,2.0,36.0,C,"IY,YI",1.9845122905540674e-09
training,4.0,2.0,36.0,C,"IY,YX",1.7836773687608618e-10
training,4.0,2.0,36.0,C,"IY,YY",-1.1164766559752662e-09
training,4.0,2.0,36.0,C,"IY,YZ",5.902405698950193e-10
training,4.0,2.0,36.0,C,"IY,ZI",2.1337267213128714e-09
training,4.0,2.0,36.0,C,"IY,ZX",6.739614605711218e-10
training,4.0,2.0,36.0,C,"IY,ZY",3.950371756619368e-09
training,4.0,2.0,36.0,C,"IY,ZZ",1.6748415569737303e-09
training,4.0,2.0,36.0,C,"IZ,XI",-1.4215475098063016e-09
training,4.0,2.0,36.0,C,"IZ,XX",4.344867034821954e-09
training,4.0,2.0,36.0,C,"IZ,XY",-1.6041486147302703e-09
training,4.0,2.0,36.0,C,"IZ,XZ",8.634121900320308e-10
training,4.0,2.0,36.0,C,"IZ,YI",1.34534859270975e-09
training,4.0,2.0,36.0,C,"IZ,YX",-4.578439720994688e-09
training,4.0,2.0,36.0,C,"IZ,YY",-2.1877822737558116e-09
training,4.0,2.0,36.0,C,"IZ,YZ",1.4416418467493073e-09
training,4.0,2.0,36.0,C,"IZ,ZI",1.4475678837763395e-09
training,4.0,2.0,36.0,C,"IZ,ZX",-1.7398025587111678e-09
training,4.0,2.0,36.0,C,"IZ,ZY",2.606398549262938e-09
training,4.0,2.0,36.0,C,"IZ,ZZ",8.880484643711282e-10
training,4.0,2.0,36.0,C,"XI,XX",1.2738686800190748e-08
training,4.0,2.0,36.0,C,"XI,XY",3.305130969375155e-09
training,4.0,2.0,36.0,C,"XI,XZ",-1.2447704216873664e-09
training,4.0,2.0,36.0,C,"XI,YI",1.9281163143938276e-09
training,4.0,2.0,36.0,C,"XI,YX",-2.6511218374586205e-09
training,4.0,2.0,36.0,C,"XI,YY",-2.1744368237437312e-10
training,4.0,2.0,36.0,C,"XI,YZ",-3.8126162341391404e-10
training,4.0,2.0,36.0,C,"XI,ZI",8.555000401149456e-09
training,4.0,2.0,36.0,C,"XI,ZX",-1.9726406442870867e-09
training,4.0,2.0,36.0,C,"XI,ZY",7.31118442052199e-10
training,4.0,2.0,36.0,C,"XI,ZZ",-5.9353359773481414e-09
training,4.0,2.0,36.0,C,"XX,XY",2.940349140138298e-10
training,4.0,2.0,36.0,C,"XX,XZ",-4.104228904678113e-09
training,4.0,2.0,36.0,C,"XX,YI",3.2723708866803004e-09
training,4.0,2.0,36.0,C,"XX,YX",-2.0608667288334134e-09
training,4.0,2.0,36.0,C,"XX,YY",1.470001854826446e-09
training,4.0,2.0,36.0,C,"XX,YZ",-5.999473847302545e-09
training,4.0,2.0,36.0,C,"XX,ZI",3.93826787463198e-09
training,4.0,2.0,36.0,C,"XX,ZX",1.4728727571557151e-08
training,4.0,2.0,36.0,C,"XX,ZY",-5.5982966542100236e-09
training,4.0,2.0,36.0,C,"XX,ZZ",2.6191887109550513e-09
training,4.0,2.0,36.0,C,"XY,XZ",-1.4439408286194307e-09
training,4.0,2.0,36.0,C,"XY,YI",-1.8624873905736382e-09
training,4.0,2.0,36.0,C,"XY,YX",2.0986603750951266e-09
training,4.0,2.0,36.0,C,"XY,YY",5.891673330469719e-10
training,4.0,2.0,36.0,C,"XY,YZ",-3.411672729458513e-09
training,4.0,2.0,36.0,C,"XY,ZI",-1.937405690880177e-09
training,4.0,2.0,36.0,C,"XY,ZX",5.210681737613198e-10
training,4.0,2.0,36.0,C,"XY,ZY",-2.4819004068028272e-09
training,4.0,2.0,36.0,C,"XY,ZZ",-1.6149254949707923e-09
training,4.0,2.0,36.0,C,"XZ,YI",-1.7226546309407739e-10
training,4.0,2.0,36.0,C,"XZ,YX",3.4124608471377407e-10
training,4.0,2.0,36.0,C,"XZ,YY",-1.594744216473661e-09
training,4.0,2.0,36.0,C,"XZ,YZ",4.2289345935782493e-10
training,4.0,2.0,36.0,C,"XZ,ZI",-1.2927762057728924e-09
training,4.0,2.0,36.0,C,"XZ,ZX",1.0145542656674616e-09
training,4.0,2.0,36.0,C,"XZ,ZY",-2.67214794399075e-09
training,4.0,2.0,36.0,C,"XZ,ZZ",5.98347754505976e-11
training,4.0,2.0,36.0,C,"YI,YX",4.575317276919381e-09
training,4.0,2.0,36.0,C,"YI,YY",-1.6231186119360846e-09
training,4.0,2.0,36.0,C,"YI,YZ",-3.5239139705096514e-10
training,4.0,2.0,36.0,C,"YI,ZI",-7.243526602701536e-10
training,4.0,2.0,36.0,C,"YI,ZX",1.4711634880625111e-09
training,4.0,2.0,36.0,C,"YI,ZY",-2.3544455041735663e-10
training,4.0,2.0,36.0,C,"YI,ZZ",1.5517749269935872e-09
training,4.0,2.0,36.0,C,"YX,YY",-2.5073137173594266e-09
training,4.0,2.0,36.0,C,"YX,YZ",-3.14862977598541e-09
training,4.0,2.0,36.0,C,"YX,ZI",-6.52704750176477e-09
training,4.0,2.0,36.0,C,"YX,ZX",-1.485358391524035e-09
training,4.0,2.0,36.0,C,"YX,ZY",-3.6144810857798476e-09
training,4.0,2.0,36.0,C,"YX,ZZ",-4.1409506008645326e-10
training,4.0,2.0,36.0,C,"YY,YZ",-1.608086656511626e-09
training,4.0,2.0,36.0,C,"YY,ZI",-2.7807093986471223e-09
training,4.0,2.0,36.0,C,"YY,ZX",-1.5966239890400404e-09
training,4.0,2.0,36.0,C,"YY,ZY",-4.889651196342168e-09
training,4.0,2.0,36.0,C,"YY,ZZ",-2.819530948885811e-09
training,4.0,2.0,36.0,C,"YZ,ZI",7.805698989727909e-10
training,4.0,2.0,36.0,C,"YZ,ZX",-1.0246750746997263e-09
training,4.0,2.0,36.0,C,"YZ,ZY",6.911609735059387e-10
training,4.0,2.0,36.0,C,"YZ,ZZ",-1.1695801137185961e-09
training,4.0,2.0,36.0,C,"ZI,ZX",-1.966587013206459e-09
training,4.0,2.0,36.0,C,"ZI,ZY",2.7899238755760314e-09
training,4.0,2.0,36.0,C,"ZI,ZZ",2.1801065617355004e-09
training,4.0,2.0,36.0,C,"ZX,ZY",-1.6955922935246118e-09
training,4.0,2.0,36.0,C,"ZX,ZZ",4.696907769582172e-10
training,4.0,2.0,36.0,C,"ZY,ZZ",6.009614965780899e-10
training,4.0,2.0,36.0,A,"IX,IY",2.624189395717462e-09
training,4.0,2.0,36.0,A,"IX,IZ",4.424708664734892e-09
training,4.0,2.0,36.0,A,"IX,XI",-3.3423134973177148e-09
training,4.0,2.0,36.0,A,"IX,XX",6.979508473755383e-09
training,4.0,2.0,36.0,A,"IX,XY",4.204213021323352e-09
training,4.0,2.0,36.0,A,"IX,XZ",1.3924426629652533e-09
training,4.0,2.0,36.0,A,"IX,YI",2.151666949672288e-09
training,4.0,2.0,36.0,A,"IX,YX",-3.91579904516164e-09
training,4.0,2.0,36.0,A,"IX,YY",-4.832726530742635e-09
training,4.0,2.0,36.0,A,"IX,YZ",-1.9812639122896497e-09
training,4.0,2.0,36.0,A,"IX,ZI",-1.7776159155848564e-09
training,4.0,2.0,36.0,A,"IX,ZX",-6.168716220545712e-10
training,4.0,2.0,36.0,A,"IX,ZY",-2.1301337509339782e-09
training,4.0,2.0,36.0,A,"IX,ZZ",-5.465558340294016e-09
training,4.0,2.0,36.0,A,"IY,IZ",5.626897042460655e-10
training,4.0,2.0,36.0,A,"IY,XI",-3.758100216064951e-09
training,4.0,2.0,36.0,A,"IY,XX",-2.6657661580857534e-09
training,4.0,2.0,36.0,A,"IY,XY",-1.708368755788607e-09
training,4.0,2.0,36.0,A,"IY,XZ",1.7661849929621887e-09
training,4.0,2.0,36.0,A,"IY,YI",9.493567734661126e-11
training,4.0,2.0,36.0,A,"IY,YX",2.637488089199545e-09
training,4.0,2.0,36.0,A,"IY,YY",1.2090528866612227e-09
training,4.0,2.0,36.0,A,"IY,YZ",2.352700792832568e-10
training,4.0,2.0,36.0,A,"IY,ZI",5.009681356846473e-10
training,4.0,2.0,36.0,A,"IY,ZX",2.430215971485703e-09
training,4.0,2.0,36.0,A,"IY,ZY",-1.8694141161112114e-10
training,4.0,2.0,36.0,A,"IY,ZZ",-4.115178516231149e-09
training,4.0,2.0,36.0,A,"IZ,XI",-2.5415623825611116e-09
training,4.0,2.0,36.0,A,"IZ,XX",2.1378753094513944e-09
training,4.0,2.0,36.0,A,"IZ,XY",-1.2902428513615616e-09
training,4.0,2.0,36.0,A,"IZ,XZ",1.0637030581775358e-09
training,4.0,2.0,36.0,A,"IZ,YI",-1.102816087681113e-09
training,4.0,2.0,36.0,A,"IZ,YX",-3.171354709990583e-10
training,4.0,2.0,36.0,A,"IZ,YY",7.432621934900299e-10
training,4.0,2.0,36.0,A,"IZ,YZ",-1.319509637159079e-09
training,4.0,2.0,36.0,A,"IZ,ZI",1.240743336870211e-09
training,4.0,2.0,36.0,A,"IZ,ZX",1.7066618670588616e-09
training,4.0,2.0,36.0,A,"IZ,ZY",-5.793413425168169e-10
training,4.0,2.0,36.0,A,"IZ,ZZ",-9.590186139474608e-10
training,4.0,2.0,36.0,A,"XI,XX",1.693408389633563e-08
training,4.0,2.0,36.0,A,"XI,XY",3.740769177791878e-09
training,4.0,2.0,36.0,A,"XI,XZ",6.258188518788598e-10
training,4.0,2.0,36.0,A,"XI,YI",3.924453147182037e-09
training,4.0,2.0,36.0,A,"XI,YX",-2.2417005695451244e-09
training,4.0,2.0,36.0,A,"XI,YY",-6.7643283388302764e-09
training,4.0,2.0,36.0,A,"XI,YZ",-5.546390503146973e-09
training,4.0,2.0,36.0,A,"XI,ZI",-1.7939699776430232e-09
training,4.0,2.0,36.0,A,"XI,ZX",-4.56391933370063e-10
training,4.0,2.0,36.0,A,"XI,ZY",-1.1905974913835185e-09
training,4.0,2.0,36.0,A,"XI,ZZ",-4.917764290570177e-09
training,4.0,2.0,36.0,A,"XX,XY",-1.3785480271677346e-08
training,4.0,2.0,36.0,A,"XX,XZ",-1.2860791592938753e-08
training,4.0,2.0,36.0,A,"XX,YI",3.9300211106984575e-09
training,4.0,2.0,36.0,A,"XX,YX",1.9668043743378705e-08
training,4.0,2.0,36.0,A,"XX,YY",2.269922150599581e-15
training,4.0,2.0,36.0,A,"XX,YZ",1.265131689386117e-09
training,4.0,2.0,36.0,A,"XX,ZI",2.781819234693621e-09
training,4.0,2.0,36.0,A,"XX,ZX",-3.0370355394723217e-09
training,4.0,2.0,36.0,A,"XX,ZY",-8.38371254208119e-10
training,4.0,2.0,36.0,A,"XX,ZZ",1.0990393912488226e-08
training,4.0,2.0,36.0,A,"XY,XZ",-1.4385444801777888e-09
training,4.0,2.0,36.0,A,"XY,YI",-1.3709693743052296e-09
training,4.0,2.0,36.0,A,"XY,YX",-6.81232236810976e-10
training,4.0,2.0,36.0,A,"XY,YY",-1.5879738853738485e-09
training,4.0,2.0,36.0,A,"XY,YZ",6.122672016372019e-10
training,4.0,2.0,36.0,A,"XY,ZI",6.152456973522361e-10
training,4.0,2.0,36.0,A,"XY,ZX",-5.415690072507587e-10
training,4.0,2.0,36.0,A,"XY,ZY",1.2252848065994273e-09
training,4.0,2.0,36.0,A,"XY,ZZ",3.0812234047292816e-10
training,4.0,2.0,36.0,A,"XZ,YI",-1.938827536453481e-09
training,4.0,2.0,36.0,A,"XZ,YX",-1.5390573656620321e-09
training,4.0,2.0,36.0,A,"XZ,YY",2.2905021798757398e-09
training,4.0,2.0,36.0,A,"XZ,YZ",9.602565317926743e-11
training,4.0,2.0,36.0,A,"XZ,ZI",-2.1133423148618358e-09
training,4.0,2.0,36.0,A,"XZ,ZX",-7.097297905724275e-10
training,4.0,2.0,36.0,A,"XZ,ZY",-1.832464944143655e-09
training,4.0,2.0,36.0,A,"XZ,ZZ",1.2518756345563842e-09
training,4.0,2.0,36.0,A,"YI,YX",3.842845911045787e-09
training,4.0,2.0,36.0,A,"YI,YY",1.669116228523367e-09
training,4.0,2.0,36.0,A,"YI,YZ",2.1170091114061705e-09
training,4.0,2.0,36.0,A,"YI,ZI",-7.639628779243305e-10
training,4.0,2.0,36.0,A,"YI,ZX",2.075000591489351e-09
training,4.0,2.0,36.0,A,"YI,ZY",-1.3494823379390806e-09
training,4.0,2.0,36.0,A,"YI,ZZ",-2.663802378778598e-09
training,4.0,2.0,36.0,A,"YX,YY",3.014431005033308e-09
training,4.0,2.0,36.0,A,"YX,YZ",2.6729499725952895e-09
training,4.0,2.0,36.0,A,"YX,ZI",-1.0608027827463049e-09
training,4.0,2.0,36.0,A,"YX,ZX",8.48673012968578e-11
training,4.0,2.0,36.0,A,"YX,ZY",5.112143248465574e-10
training,4.0,2.0,36.0,A,"YX,ZZ",2.218612915510611e-10
training,4.0,2.0,36.0,A,"YY,YZ",-6.341606103148504e-10
training,4.0,2.0,36.0,A,"YY,ZI",-2.8365838750516764e-10
training,4.0,2.0,36.0,A,"YY,ZX",-2.5821665326627556e-09
training,4.0,2.0,36.0,A,"YY,ZY",1.724487718417319e-10
training,4.0,2.0,36.0,A,"YY,ZZ",5.657806422109811e-09
training,4.0,2.0,36.0,A,"YZ,ZI",1.5052854212686233e-09
training,4.0,2.0,36.0,A,"YZ,ZX",1.0872624081676448e-09
training,4.0,2.0,36.0,A,"YZ,ZY",-2.219229867093161e-09
training,4.0,2.0,36.0,A,"YZ,ZZ",7.612246820889353e-10
training,4.0,2.0,36.0,A,"ZI,ZX",1.8751954922038745e-09
training,4.0,2.0,36.0,A,"ZI,ZY",-9.033378185593088e-11
training,4.0,2.0,36.0,A,"ZI,ZZ",4.66665140449048e-10
training,4.0,2.0,36.0,A,"ZX,ZY",-8.670529698768448e-10
training,4.0,2.0,36.0,A,"ZX,ZZ",1.209907195882966e-10
training,4.0,2.0,36.0,A,"ZY,ZZ",3.129616432897753e-09
training,4.0,4.0,72.0,H,IX,-6.08095153495682e-09
training,4.0,4.0,72.0,H,IY,-1.8749572337390257e-09
training,4.0,4.0,72.0,H,IZ,-3.6242556035121993e-09
training,4.0,4.0,72.0,H,XI,2.5107108154358377e-09
training,4.0,4.0,72.0,H,XX,-0.0009360141361567686
training,4.0,4.0,72.0,H,XY,-1.8296703204186453e-08
training,4.0,4.0,72.0,H,XZ,-1.3859037181602777e-09
training,4.0,4.0,72.0,H,YI,-1.755754388768161e-08
training,4.0,4.0,72.0,H,YX,3.6756223504736317e-09
training,4.0,4.0,72.0,H,YY,1.3206502285644458e-09
training,4.0,4.0,72.0,H,YZ,1.5439956462344104e-08
training,4.0,4.0,72.0,H,ZI,1.5510169055583867e-09
training,4.0,4.0,72.0,H,ZX,-1.0421266214328702e-09
training,4.0,4.0,72.0,H,ZY,-3.3717421311932183e-09
training,4.0,4.0,72.0,H,ZZ,1.1108266367229051e-15
training,4.0,4.0,72.0,S,IX,0.007000066383990542
training,4.0,4.0,72.0,S,IY,2.179461138472616e-09
training,4.0,4.0,72.0,S,IZ,5.558974422274765e-10
training,4.0,4.0,72.0,S,XI,0.007000057844431709
training,4.0,4.0,72.0,S,XX,0.0006193227298354818
training,4.0,4.0,72.0,S,XY,1.943906636787257e-09
training,4.0,4.0,72.0,S,XZ,1.5844737975010195e-09
training,4.0,4.0,72.0,S,YI,2.2375197914099865e-09
training,4.0,4.0,72.0,S,YX,2.7362808663854155e-09
training,4.0,4.0,72.0,S,YY,8.76854848712999e-10
training,4.0,4.0,72.0,S,YZ,1.3709738960407392e-09
training,4.0,4.0,72.0,S,ZI,3.5296449307168493e-09
training,4.0,4.0,72.0,S,ZX,2.4627975285214723e-09
training,4.0,4.0,72.0,S,ZY,2.890096983997406e-09
training,4.0,4.0,72.0,S,ZZ,-1.5297787356533324e-09
training,4.0,4.0,72.0,C,"IX,IY",7.196573458872679e-10
training,4.0,4.0,72.0,C,"IX,IZ",4.128930888926562e-10
training,4.0,4.0,72.0,C,"IX,XI",0.007000058661278328
training,4.0,4.0,72.0,C,"IX,XX",2.6337865195781777e-09
training,4.0,4.0,72.0,C,"IX,XY",4.952894442222391e-09
training,4.0,4.0,72.0,C,"IX,XZ",-5.580839460323975e-09
training,4.0,4.0,72.0,C,"IX,YI",8.795490698209457e-10
training,4.0,4.0,72.0,C,"IX,YX",1.6848242594585297e-08
training,4.0,4.0,72.0,C,"IX,YY",-5.561384391430013e-09
training,4.0,4.0,72.0,C,"IX,YZ",1.5360517493872945e-10
training,4.0,4.0,72.0,C,"IX,ZI",1.1402798752363656e-08
training,4.0,4.0,72.0,C,"IX,ZX",-5.119731163770853e-09
training,4.0,4.0,72.0,C,"IX,ZY",6.874781253779356e-10
training,4.0,4.0,72.0,C,"IX,ZZ",-4.112568547430644e-09
training,4.0,4.0,72.0,C,"IY,IZ",2.063516141316943e-09
training,4.0,4.0,72.0,C,"IY,XI",-1.2830930900246097e-09
training,4.0,4.0,72.0,C,"IY,XX",1.7967425933759938e-09
training,4.0,4.0,72.0,C,"IY,XY",4.2292287339455173e-10
training,4.0,4.0,72.0,C,"IY,XZ",1.3856989752696058e-09
training,4.0,4.0,72.0,C,"IY,YI",1.2028076470685683e-10
training,4.0,4.0,72.0,C,"IY,YX",3.0730994996828183e-09
training,4.0,4.0,72.0,C,"IY,YY",-2.453200994286111e-10
training,4.0,4.0,72.0,C,"IY,YZ",1.966104304515429e-09
training,4.0,4.0,72.0,C,"IY,ZI",6.381232529720355e-09
training,4.0,4.0,72.0,C,"IY,ZX",5.603211036327514e-10
training,4.0,4.0,72.0,C,"IY,ZY",4.8794988553312e-09
training,4.0,4.0,72.0,C,"IY,ZZ",-1.7475333396795482e-09
training,4.0,4.0,72.0,C,"IZ,XI",1.9888937162354255e-10
training,4.0,4.0,72.0,C,"IZ,XX",1.7139881799834615e-08
training,4.0,4.0,72.0,C,"IZ,XY",-5.84609559560142e-10
training,4.0,4.0,72.0,C,"IZ,XZ",2.392925315855274e-10
training,4.0,4.0,72.0,C,"IZ,YI",-1.302482921491188e-09
training,4.0,4.0,72.0,C,"IZ,YX",2.1349590759190192e-10
training,4.0,4.0,72.0,C,"IZ,YY",5.231444599508464e-10
training,4.0,4.0,72.0,C,"IZ,YZ",6.3656666577566705e-12
training,4.0,4.0,72.0,C,"IZ,ZI",1.1469420743532362e-09
training,4.0,4.0,72.0,C,"IZ,ZX",3.2352154830156764e-10
training,4.0,4.0,72.0,C,"IZ,ZY",2.040841347845349e-09
training,4.0,4.0,72.0,C,"IZ,ZZ",-3.3227931557078014e-09
training,4.0,4.0,72.0,C,"XI,XX",1.3658336406941773e-08
training,4.0,4.0,72.0,C,"XI,XY",5.840491623575513e-09
training,4.0,4.0,72.0,C,"XI,XZ",-1.4450277958098732e-09
training,4.0,4.0,72.0,C,"XI,YI",-2.6076394835920674e-09
training,4.0,4.0,72.0,C,"XI,YX",1.1539765405631943e-08
training,4.0,4.0,72.0,C,"XI,YY",-9.97189255706845e-10
training,4.0,4.0,72.0,C,"XI,YZ",-1.1063239510402069e-09
training,4.0,4.0,72.0,C,"XI,ZI",7.987828856048941e-09
training,4.0,4.0,72.0,C,"XI,ZX",-2.4155406049011612e-09
training,4.0,4.0,72.0,C,"XI,ZY",2.659273088370604e-10
training,4.0,4.0,72.0,C,"XI,ZZ",-7.956383675340959e-09
training,4.0,4.0,72.0,C,"XX,XY",-4.4191113035656597e-10
training,4.0,4.0,72.0,C,"XX,XZ",7.183240058039163e-10
training,4.0,4.0,72.0,C,"XX,YI",-1.5845199814559298e-09
training,4.0,4.0,72.0,C,"XX,YX",1.0088494084310437e-09
training,4.0,4.0,72.0,C,"XX,YY",7.239639909515502e-09
training,4.0,4.0,72.0,C,"XX,YZ",9.979619434411111e-10
training,4.0,4.0,72.0,C,"XX,ZI",-5.102685092026368e-09
training,4.0,4.0,72.0,C,"XX,ZX",1.6130155548073416e-08
training,4.0,4.0,72.0,C,"XX,ZY",-3.0285271569124076e-09
training,4.0,4.0,72.0,C,"XX,ZZ",1.6762462798320313e-09
training,4.0,4.0,72.0,C,"XY,XZ",9.845968258611417e-10
training,4.0,4.0,72.0,C,"XY,YI",-1.6294061951060925e-09
training,4.0,4.0,72.0,C,"XY,YX",-1.0363391703848834e-09
training,4.0,4.0,72.0,C,"XY,YY",-3.2246562912828915e-10
training,4.0,4.0,72.0,C,"XY,YZ",-8.001709870958373e-10
training,4.0,4.0,72.0,C,"XY,ZI",-1.3848093191782806e-09
training,4.0,4.0,72.0,C,"XY,ZX",1.9944107179137014e-09
training,4.0,4.0,72.0,C,"XY,ZY",-7.187898889239049e-11
training,4.0,4.0,72.0,C,"XY,ZZ",2.1220841403114567e-09
training,4.0,4.0,72.0,C,"XZ,YI",-1.546443381006806e-10
training,4.0,4.0,72.0,C,"XZ,YX",-4.3232823067242644e-09
training,4.0,4.0,72.0,C,"XZ,YY",-1.2602623356847642e-09
training,4.0,4.0,72.0,C,"XZ,YZ",-3.8905558002749347e-10
training,4.0,4.0,72.0,C,"XZ,ZI",-4.278096800015547e-09
training,4.0,4.0,72.0,C,"XZ,ZX",1.0669866639582835e-09
training,4.0,4.0,72.0,C,"XZ,ZY",-1.8900965875134713e-09
training,4.0,4.0,72.0,C,"XZ,ZZ",4.2733737851863844e-10
training,4.0,4.0,72.0,C,"YI,YX",4.89893155853615e-09
training,4.0,4.0,72.0,C,"YI,YY",-2.5960668182558694e-09
training,4.0,4.0,72.0,C,"YI,YZ",9.858295212283943e-10
training,4.0,4.0,72.0,C,"YI,ZI",6.12080423013122e-10
training,4.0,4.0,72.0,C,"YI,ZX",-1.3208761581658427e-09
training,4.0,4.0,72.0,C,"YI,ZY",-2.498367721623273e-09
training,4.0,4.0,72.0,C,"YI,ZZ",3.724058630792615e-09
training,4.0,4.0,72.0,C,"YX,YY",-5.383626623488236e-09
training,4.0,4.0,72.0,C,"YX,YZ",-1.4966797284416412e-09
training,4.0,4.0,72.0,C,"YX,ZI",5.676579483570752e-09
training,4.0,4.0,72.0,C,"YX,ZX",-3.1550526349503605e-09
training,4.0,4.0,72.0,C,"YX,ZY",1.0791710217097959e-09
training,4.0,4.0,72.0,C,"YX,ZZ",-2.6968937764424183e-09
training,4.0,4.0,72.0,C,"YY,YZ",-1.8395774433882027e-09
training,4.0,4.0,72.0,C,"YY,ZI",-6.1510918975335256e-09
training,4.0,4.0,72.0,C,"YY,ZX",1.469469626090584e-10
training,4.0,4.0,72.0,C,"YY,ZY",-2.7697030543267053e-09
training,4.0,4.0,72.0,C,"YY,ZZ",-3.250077054489306e-09
training,4.0,4.0,72.0,C,"YZ,ZI",-8.527885989126943e-10
training,4.0,4.0,72.0,C,"YZ,ZX",-1.7880007723580303e-09
training,4.0,4.0,72.0,C,"YZ,ZY",1.9535671474599225e-10
training,4.0,4.0,72.0,C,"YZ,ZZ",-1.211817034058133e-09
training,4.0,4.0,72.0,C,"ZI,ZX",-2.3377716276590444e-09
training,4.0,4.0,72.0,C,"ZI,ZY",1.7687736543016963e-09
training,4.0,4.0,72.0,C,"ZI,ZZ",7.099727204683294e-10
training,4.0,4.0,72.0,C,"ZX,ZY",-8.245591616223748e-10
training,4.0,4.0,72.0,C,"ZX,ZZ",-2.6153420331337274e-09
training,4.0,4.0,72.0,C,"ZY,ZZ",-1.0015625908650586e-09
training,4.0,4.0,72.0,A,"IX,IY",3.525065860101492e-09
training,4.0,4.0,72.0,A,"IX,IZ",8.701040385600851e-09
training,4.0,4.0,72.0,A,"IX,XI",-6.366453895656683e-09
training,4.0,4.0,72.0,A,"IX,XX",4.936590395290456e-09
training,4.0,4.0,72.0,A,"IX,XY",3.7662520249682835e-09
training,4.0,4.0,72.0,A,"IX,XZ",2.3186048487630545e-09
training,4.0,4.0,72.0,A,"IX,YI",3.2896114332530293e-09
training,4.0,4.0,72.0,A,"IX,YX",-1.0903535969182586e-08
training,4.0,4.0,72.0,A,"IX,YY",1.112356066231962e-09
training,4.0,4.0,72.0,A,"IX,YZ",-7.447511633086692e-09
training,4.0,4.0,72.0,A,"IX,ZI",1.1749017926597338e-08
training,4.0,4.0,72.0,A,"IX,ZX",1.958779881816989e-09
training,4.0,4.0,72.0,A,"IX,ZY",8.552017440386058e-09
training,4.0,4.0,72.0,A,"IX,ZZ",1.6556344329386347e-09
training,4.0,4.0,72.0,A,"IY,IZ",-7.290704121647699e-10
training,4.0,4.0,72.0,A,"IY,XI",-6.196787775371041e-09
training,4.0,4.0,72.0,A,"IY,XX",-7.5934536326888e-09
training,4.0,4.0,72.0,A,"IY,XY",-8.055062256589778e-10
training,4.0,4.0,72.0,A,"IY,XZ",2.498466477110495e-10
training,4.0,4.0,72.0,A,"IY,YI",3.853289926852365e-09
training,4.0,4.0,72.0,A,"IY,YX",-1.7053199459792008e-09
training,4.0,4.0,72.0,A,"IY,YY",-2.6526436701287855e-09
training,4.0,4.0,72.0,A,"IY,YZ",3.1682474711320016e-10
training,4.0,4.0,72.0,A,"IY,ZI",2.727440218836537e-09
training,4.0,4.0,72.0,A,"IY,ZX",-4.218144556386217e-09
training,4.0,4.0,72.0,A,"IY,ZY",1.5319115440453824e-09
training,4.0,4.0,72.0,A,"IY,ZZ",-1.9100356884220746e-09
training,4.0,4.0,72.0,A,"IZ,XI",-8.15844730201942e-09
training,4.0,4.0,72.0,A,"IZ,XX",2.8101059190716986e-09
training,4.0,4.0,72.0,A,"IZ,XY",-1.821670649396201e-09
training,4.0,4.0,72.0,A,"IZ,XZ",-5.508875705496111e-10
training,4.0,4.0,72.0,A,"IZ,YI",1.1515039777512408e-09
training,4.0,4.0,72.0,A,"IZ,YX",2.013684183910851e-09
training,4.0,4.0,72.0,A,"IZ,YY",-1.979442586190033e-09
training,4.0,4.0,72.0,A,"IZ,YZ",-1.0013043060598817e-11
training,4.0,4.0,72.0,A,"IZ,ZI",8.577234200778308e-10
training,4.0,4.0,72.0,A,"IZ,ZX",-2.8553187618468903e-09
training,4.0,4.0,72.0,A,"IZ,ZY",-2.023004281332139e-10
training,4.0,4.0,72.0,A,"IZ,ZZ",-5.992514732495066e-10
training,4.0,4.0,72.0,A,"XI,XX",-3.654900375936015e-09
training,4.0,4.0,72.0,A,"XI,XY",1.33351060787466e-09
training,4.0,4.0,72.0,A,"XI,XZ",-5.277942194758618e-10
training,4.0,4.0,72.0,A,"XI,YI",5.283829870155967e-09
training,4.0,4.0,72.0,A,"XI,YX",-6.72059751231022e-09
training,4.0,4.0,72.0,A,"XI,YY",-3.142172451602352e-09
training,4.0,4.0,72.0,A,"XI,YZ",-1.3124563264401142e-08
training,4.0,4.0,72.0,A,"XI,ZI",1.5503914537870077e-08
training,4.0,4.0,72.0,A,"XI,ZX",9.373308269891708e-10
training,4.0,4.0,72.0,A,"XI,ZY",8.499027504498024e-09
training,4.0,4.0,72.0,A,"XI,ZZ",-2.266409115889696e-09
training,4.0,4.0,72.0,A,"XX,XY",1.5380156333708898e-09
training,4.0,4.0,72.0,A,"XX,XZ",-1.5139893491160397e-08
training,4.0,4.0,72.0,A,"XX,YI",3.4154049861201256e-09
training,4.0,4.0,72.0,A,"XX,YX",1.661371451768807e-08
training,4.0,4.0,72.0,A,"XX,YY",4.797411225011128e-14
training,4.0,4.0,72.0,A,"XX,YZ",6.126812599691206e-09
training,4.0,4.0,72.0,A,"XX,ZI",4.9503827853801775e-09
training,4.0,4.0,72.0,A,"XX,ZX",-2.994980760484406e-08
training,4.0,4.0,72.0,A,"XX,ZY",-1.2684630366367065e-08
training,4.0,4.0,72.0,A,"XX,ZZ",1.3205235610046611e-09
training,4.0,4.0,72.0,A,"XY,XZ",1.0679591876335045e-09
training,4.0,4.0,72.0,A,"XY,YI",-5.4147538103416495e-09
training,4.0,4.0,72.0,A,"XY,YX",-1.46139996815167e-09
training,4.0,4.0,72.0,A,"XY,YY",3.1893569021961547e-09
training,4.0,4.0,72.0,A,"XY,YZ",6.040395851324949e-10
training,4.0,4.0,72.0,A,"XY,ZI",-1.2034511765379368e-09
training,4.0,4.0,72.0,A,"XY,ZX",1.9733053017663712e-09
training,4.0,4.0,72.0,A,"XY,ZY",1.6261054663231997e-09
training,4.0,4.0,72.0,A,"XY,ZZ",-2.9056579713874676e-09
training,4.0,4.0,72.0,A,"XZ,YI",-3.90292019450699e-09
training,4.0,4.0,72.0,A,"XZ,YX",1.0731073469838338e-09
training,4.0,4.0,72.0,A,"XZ,YY",3.0969534608768605e-09
training,4.0,4.0,72.0,A,"XZ,YZ",-1.666567565989204e-09
training,4.0,4.0,72.0,A,"XZ,ZI",-1.996108682374709e-09
training,4.0,4.0,72.0,A,"XZ,ZX",1.5515666378732012e-09
training,4.0,4.0,72.0,A,"XZ,ZY",-1.1673860159444949e-09
training,4.0,4.0,72.0,A,"XZ,ZZ",-1.0127394643810472e-09
training,4.0,4.0,72.0,A,"YI,YX",-4.667318606230024e-09
training,4.0,4.0,72.0,A,"YI,YY",1.7088335950224228e-09
training,4.0,4.0,72.0,A,"YI,YZ",8.694910301232097e-10
training,4.0,4.0,72.0,A,"YI,ZI",-7.532981212245016e-10
training,4.0,4.0,72.0,A,"YI,ZX",1.1920434452895867e-10
training,4.0,4.0,72.0,A,"YI,ZY",-8.384295079892661e-10
training,4.0,4.0,72.0,A,"YI,ZZ",-6.623245789670114e-10
training,4.0,4.0,72.0,A,"YX,YY",-5.033518046327911e-09
training,4.0,4.0,72.0,A,"YX,YZ",9.965877307063595e-10
training,4.0,4.0,72.0,A,"YX,ZI",3.3513754054900757e-10
training,4.0,4.0,72.0,A,"YX,ZX",-3.3481199475966455e-09
training,4.0,4.0,72.0,A,"YX,ZY",5.754716223383829e-10
training,4.0,4.0,72.0,A,"YX,ZZ",4.882310152945374e-09
training,4.0,4.0,72.0,A,"YY,YZ",4.8393452739873175e-11
training,4.0,4.0,72.0,A,"YY,ZI",-1.845147585586e-09
training,4.0,4.0,72.0,A,"YY,ZX",1.487155409175301e-09
training,4.0,4.0,72.0,A,"YY,ZY",-1.8434515081989143e-09
training,4.0,4.0,72.0,A,"YY,ZZ",2.939426644728532e-09
training,4.0,4.0,72.0,A,"YZ,ZI",-4.613135776050059e-09
training,4.0,4.0,72.0,A,"YZ,ZX",-4.671363120169906e-10
training,4.0,4.0,72.0,A,"YZ,ZY",-3.497441696415646e-09
training,4.0,4.0,72.0,A,"YZ,ZZ",1.313911447689649e-09
training,4.0,4.0,72.0,A,"ZI,ZX",-2.6274586404218068e-09
training,4.0,4.0,72.0,A,"ZI,ZY",1.4960100357777013e-09
training,4.0,4.0,72.0,A,"ZI,ZZ",4.3999041848126825e-09
training,4.0,4.0,72.0,A,"ZX,ZY",2.0320410593482744e-09
training,4.0,4.0,72.0,A,"ZX,ZZ",-1.2034630439222572e-09
training,4.0,4.0,72.0,A,"ZY,ZZ",2.1876795377742307e-09
validation,4.0,0.25,4.5,H,IX,1.1878143285135865e-09
validation,4.0,0.25,4.5,H,IY,4.526023219319705e-09
validation,4.0,0.25,4.5,H,IZ,1.50765778972882e-09
validation,4.0,0.25,4.5,H,XI,7.4336984281133465e-09
validation,4.0,0.25,4.5,H,XX,-6.052707676557598e-05
validation,4.0,0.25,4.5,H,XY,-1.6661289393266108e-09
validation,4.0,0.25,4.5,H,XZ,6.956887619432148e-09
validation,4.0,0.25,4.5,H,YI,-6.279324650276255e-09
validation,4.0,0.25,4.5,H,YX,-2.619335519341494e-09
validation,4.0,0.25,4.5,H,YY,8.482207338775297e-09
validation,4.0,0.25,4.5,H,YZ,-3.981521052814208e-09
validation,4.0,0.25,4.5,H,ZI,-8.274600754105798e-10
validation,4.0,0.25,4.5,H,ZX,2.982344247847952e-09
validation,4.0,0.25,4.5,H,ZY,1.5721339288178054e-09
validation,4.0,0.25,4.5,H,ZZ,3.9284808271064323e-16
validation,4.0,0.25,4.5,S,IX,0.0004498802434473525
validation,4.0,0.25,4.5,S,IY,9.989201655517116e-10
validation,4.0,0.25,4.5,S,IZ,-7.647817829600865e-10
validation,4.0,0.25,4.5,S,XI,0.00044987096582245207
validation,4.0,0.25,4.5,S,XX,3.0191044806065734e-05
validation,4.0,0.25,4.5,S,XY,1.1499471496020063e-09
validation,4.0,0.25,4.5,S,XZ,-1.5178088531910016e-09
validation,4.0,0.25,4.5,S,YI,-1.621549762412071e-10
validation,4.0,0.25,4.5,S,YX,-6.833429870404823e-10
validation,4.0,0.25,4.5,S,YY,2.0552566224970627e-09
validation,4.0,0.25,4.5,S,YZ,1.6081459176732916e-09
validation,4.0,0.25,4.5,S,ZI,-1.5768056393122474e-09
validation,4.0,0.25,4.5,S,ZX,1.8653528616760593e-09
validation,4.0,0.25,4.5,S,ZY,2.686286756933636e-09
validation,4.0,0.25,4.5,S,ZZ,-1.0849250060149186e-09
validation,4.0,0.25,4.5,C,"IX,IY",9.504318517032912e-10
validation,4.0,0.25,4.5,C,"IX,IZ",-4.943343206275506e-09
validation,4.0,0.25,4.5,C,"IX,XI",0.0004498753721054013
validation,4.0,0.25,4.5,C,"IX,XX",-4.807584510977318e-09
validation,4.0,0.25,4.5,C,"IX,XY",1.2029558804436856e-09
validation,4.0,0.25,4.5,C,"IX,XZ",2.4694011557112616e-09
validation,4.0,0.25,4.5,C,"IX,YI",-1.2185186440294521e-09
validation,4.0,0.25,4.5,C,"IX,YX",2.217572706626356e-09
validation,4.0,0.25,4.5,C,"IX,YY",3.732495376451623e-09
validation,4.0,0.25,4.5,C,"IX,YZ",6.100084177664418e-10
validation,4.0,0.25,4.5,C,"IX,ZI",2.734783959350662e-09
validation,4.0,0.25,4.5,C,"IX,ZX",2.7226030106981227e-09
validation,4.0,0.25,4.5,C,"IX,ZY",-2.67319467216503e-10
validation,4.0,0.25,4.5,C,"IX,ZZ",4.572293342378359e-10
validation,4.0,0.25,4.5,C,"IY,IZ",-5.249259371316209e-10
validation,4.0,0.25,4.5,C,"IY,XI",2.193260533945054e-09
validation,4.0,0.25,4.5,C,"IY,XX",3.328828119968095e-09
validation,4.0,0.25,4.5,C,"IY,XY",-6.152425885007043e-10
validation,4.0,0.25,4.5,C,"IY,XZ",1.6727946336802884e-09
validation,4.0,0.25,4.5,C,"IY,YI",8.936235775677558e-10
validation,4.0,0.25,4.5,C,"IY,YX",-1.6620034920530464e-09
validation,4.0,0.25,4.5,C,"IY,YY",-1.6984245317699226e-09
validation,4.0,0.25,4.5,C,"IY,YZ",-3.812976341800593e-10
validation,4.0,0.25,4.5,C,"IY,ZI",-1.2732436128939633e-09
validation,4.0,0.25,4.5,C,"IY,ZX",-1.093367936405577e-09
validation,4.0,0.25,4.5,C,"IY,ZY",-3.8761004106653757e-10
validation,4.0,0.25,4.5,C,"IY,ZZ",1.1231312926452593e-09
validation,4.0,0.25,4.5,C,"IZ,XI",-5.398505034172142e-09
validation,4.0,0.25,4.5,C,"IZ,XX",8.411314063202124e-10
validation,4.0,0.25,4.5,C,"IZ,XY",-6.442407354685564e-10
validation,4.0,0.25,4.5,C,"IZ,XZ",1.7659519253325802e-09
validation,4.0,0.25,4.5,C,"IZ,YI",3.193156890112034e-09
validation,4.0,0.25,4.5,C,"IZ,YX",-2.816218243886344e-09
validation,4.0,0.25,4.5,C,"IZ,YY",-1.5892376453052947e-09
validation,4.0,0.25,4.5,C,"IZ,YZ",1.0318668248085477e-09
validation,4.0,0.25,4.5,C,"IZ,ZI",-9.995656246439822e-10
validation,4.0,0.25,4.5,C,"IZ,ZX",-1.995125193347869e-09
validation,4.0,0.25,4.5,C,"IZ,ZY",5.440039262278264e-10
validation,4.0,0.25,4.5,C,"IZ,ZZ",2.375379687375896e-09
validation,4.0,0.25,4.5,C,"XI,XX",6.3335560574121245e-09
validation,4.0,0.25,4.5,C,"XI,XY",3.4929498316658577e-09
validation,4.0,0.25,4.5,C,"XI,XZ",1.60720451723759e-09
validation,4.0,0.25,4.5,C,"XI,YI",1.017986365819526e-09
validation,4.0,0.25,4.5,C,"XI,YX",1.5979457862924455e-09
validation,4.0,0.25,4.5,C,"XI,YY",9.010241956362437e-10
validation,4.0,0.25,4.5,C,"XI,YZ",-2.781171446594466e-11
validation,4.0,0.25,4.5,C,"XI,ZI",3.2223289607216666e-09
validation,4.0,0.25,4.5,C,"XI,ZX",6.138915809533371e-10
validation,4.0,0.25,4.5,C,"XI,ZY",-3.1466024830991543e-10
validation,4.0,0.25,4.5,C,"XI,ZZ",1.9513004567382995e-09
validation,4.0,0.25,4.5,C,"XX,XY",-2.120383610304804e-09
validation,4.0,0.25,4.5,C,"XX,XZ",-5.350990453431516e-09
validation,4.0,0.25,4.5,C,"XX,YI",4.686623407983221e-09
validation,4.0,0.25,4.5,C,"XX,YX",8.768993516143712e-10
validation,4.0,0.25,4.5,C,"XX,YY",-4.84971250787333e-09
validation,4.0,0.25,4.5,C,"XX,YZ",-5.76762975334833e-09
validation,4.0,0.25,4.5,C,"XX,ZI",2.1834268911264465e-09
validation,4.0,0.25,4.5,C,"XX,ZX",5.843294624477677e-09
validation,4.0,0.25,4.5,C,"XX,ZY",-4.023309848509749e-09
validation,4.0,0.25,4.5,C,"XX,ZZ",1.1201831028963182e-10
validation,4.0,0.25,4.5,C,"XY,XZ",-1.1901415333630099e-09
validation,4.0,0.25,4.5,C,"XY,YI",-1.452340851025943e-09
validation,4.0,0.25,4.5,C,"XY,YX",2.1971069843942848e-09
validation,4.0,0.25,4.5,C,"XY,YY",2.1464110137329108e-10
validation,4.0,0.25,4.5,C,"XY,YZ",-1.366565823088355e-09
validation,4.0,0.25,4.5,C,"XY,ZI",-4.864858947320406e-10
validation,4.0,0.25,4.5,C,"XY,ZX",-1.5215931237382725e-11
validation,4.0,0.25,4.5,C,"XY,ZY",-1.1931470422075993e-09
validation,4.0,0.25,4.5,C,"XY,ZZ",-1.8263706674530628e-09
validation,4.0,0.25,4.5,C,"XZ,YI",2.399525393111106e-10
validation,4.0,0.25,4.5,C,"XZ,YX",1.6616566278082682e-09
validation,4.0,0.25,4.5,C,"XZ,YY",-1.0691236968364766e-09
validation,4.0,0.25,4.5,C,"XZ,YZ",5.995473853925808e-10
validation,4.0,0.25,4.5,C,"XZ,ZI",2.6131895804676477e-10
validation,4.0,0.25,4.5,C,"XZ,ZX",1.3034957227416002e-09
validation,4.0,0.25,4.5,C,"XZ,ZY",-8.038001000842786e-10
validation,4.0,0.25,4.5,C,"XZ,ZZ",-3.998440154219526e-10
validation,4.0,0.25,4.5,C,"YI,YX",2.0589376956583325e-09
validation,4.0,0.25,4.5,C,"YI,YY",-5.669931279776271e-10
validation,4.0,0.25,4.5,C,"YI,YZ",3.671739824435843e-09
validation,4.0,0.25,4.5,C,"YI,ZI",8.413848041808294e-10
validation,4.0,0.25,4.5,C,"YI,ZX",-3.7436275085065226e-10
validation,4.0,0.25,4.5,C,"YI,ZY",2.387948131691648e-09
validation,4.0,0.25,4.5,C,"YI,ZZ",2.4085241812681976e-09
validation,4.0,0.25,4.5,C,"YX,YY",-7.270162726956499e-10
validation,4.0,0.25,4.5,C,"YX,YZ",-2.6426146355406638e-09
validation,4.0,0.25,4.5,C,"YX,ZI",5.38713124413437e-10
validation,4.0,0.25,4.5,C,"YX,ZX",-1.523426548675185e-09
validation,4.0,0.25,4.5,C,"YX,ZY",-1.3475605594009023e-09
validation,4.0,0.25,4.5,C,"YX,ZZ",-2.237760601311242e-09
validation,4.0,0.25,4.5,C,"YY,YZ",-1.828324515576251e-09
validation,4.0,0.25,4.5,C,"YY,ZI",-7.034938023182584e-10
validation,4.0,0.25,4.5,C,"YY,ZX",1.5558395062996344e-09
validation,4.0,0.25,4.5,C,"YY,ZY",-1.3728889036259794e-09
validation,4.0,0.25,4.5,C,"YY,ZZ",-1.4270271853159813e-09
validation,4.0,0.25,4.5,C,"YZ,ZI",4.553280442003488e-10
validation,4.0,0.25,4.5,C,"YZ,ZX",-1.853773412558219e-09
validation,4.0,0.25,4.5,C,"YZ,ZY",1.6748827073246719e-09
validation,4.0,0.25,4.5,C,"YZ,ZZ",1.0339570555330406e-09
validation,4.0,0.25,4.5,C,"ZI,ZX",-1.7864489617774272e-09
validation,4.0,0.25,4.5,C,"ZI,ZY",1.0221205798234042e-10
validation,4.0,0.25,4.5,C,"ZI,ZZ",1.9146626774249438e-09
validation,4.0,0.25,4.5,C,"ZX,ZY",-2.1161105447811192e-09
validation,4.0,0.25,4.5,C,"ZX,ZZ",-9.66471205415283e-10
validation,4.0,0.25,4.5,C,"ZY,ZZ",2.708794824372496e-09
validation,4.0,0.25,4.5,A,"IX,IY",-9.266953017635799e-10
validation,4.0,0.25,4.5,A,"IX,IZ",-3.765760928293498e-11
validation,4.0,0.25,4.5,A,"IX,XI",2.8602364001347342e-09
validation,4.0,0.25,4.5,A,"IX,XX",5.424240322039076e-09
validation,4.0,0.25,4.5,A,"IX,XY",6.068197732519873e-09
validation,4.0,0.25,4.5,A,"IX,XZ",-2.521283376914351e-09
validation,4.0,0.25,4.5,A,"IX,YI",-1.7725733316782359e-09
validation,4.0,0.25,4.5,A,"IX,YX",-2.157421961818528e-09
validation,4.0,0.25,4.5,A,"IX,YY",-6.290512512858131e-09
validation,4.0,0.25,4.5,A,"IX,YZ",2.1952728273852775e-09
validation,4.0,0.25,4.5,A,"IX,ZI",1.8108440539914182e-09
validation,4.0,0.25,4.5,A,"IX,ZX",-8.41675506639134e-10
validation,4.0,0.25,4.5,A,"IX,ZY",-4.6076792546082126e-09
validation,4.0,0.25,4.5,A,"IX,ZZ",-4.918503527645405e-09
validation,4.0,0.25,4.5,A,"IY,IZ",5.273573354540584e-10
validation,4.0,0.25,4.5,A,"IY,XI",2.7472495207464105e-09
validation,4.0,0.25,4.5,A,"IY,XX",-6.250200982684188e-09
validation,4.0,0.25,4.5,A,"IY,XY",5.717163775832994e-10
validation,4.0,0.25,4.5,A,"IY,XZ",2.059148798737656e-10
validation,4.0,0.25,4.5,A,"IY,YI",-6.634463250344979e-10
validation,4.0,0.25,4.5,A,"IY,YX",4.093194508960031e-10
validation,4.0,0.25,4.5,A,"IY,YY",9.934776945739237e-10
validation,4.0,0.25,4.5,A,"IY,YZ",-1.6683718069687355e-09
validation,4.0,0.25,4.5,A,"IY,ZI",1.2585933789114742e-09
validation,4.0,0.25,4.5,A,"IY,ZX",1.8312866741653445e-09
validation,4.0,0.25,4.5,A,"IY,ZY",4.022887983247695e-11
validation,4.0,0.25,4.5,A,"IY,ZZ",-2.402676141965077e-09
validation,4.0,0.25,4.5,A,"IZ,XI",8.778283626755419e-10
validation,4.0,0.25,4.5,A,"IZ,XX",1.6093641958159157e-09
validation,4.0,0.25,4.5,A,"IZ,XY",-7.123434642175054e-10
validation,4.0,0.25,4.5,A,"IZ,XZ",5.95082883153801e-10
validation,4.0,0.25,4.5,A,"IZ,YI",-2.7656700022077744e-09
validation,4.0,0.25,4.5,A,"IZ,YX",-5.847389066509424e-10
validation,4.0,0.25,4.5,A,"IZ,YY",1.819173826821209e-09
validation,4.0,0.25,4.5,A,"IZ,YZ",-1.2711842672544551e-09
validation,4.0,0.25,4.5,A,"IZ,ZI",-1.9454882929207736e-09
validation,4.0,0.25,4.5,A,"IZ,ZX",2.413242940949921e-09
validation,4.0,0.25,4.5,A,"IZ,ZY",-8.646914847469226e-10
validation,4.0,0.25,4.5,A,"IZ,ZZ",-6.65540896805255e-10
validation,4.0,0.25,4.5,A,"XI,XX",-8.215661802908235e-10
validation,4.0,0.25,4.5,A,"XI,XY",6.449222232757148e-09
validation,4.0,0.25,4.5,A,"XI,XZ",-1.6387625261797978e-09
validation,4.0,0.25,4.5,A,"XI,YI",-2.718478554934007e-09
validation,4.0,0.25,4.5,A,"XI,YX",-1.993334013829428e-09
validation,4.0,0.25,4.5,A,"XI,YY",-3.4996165737308705e-09
validation,4.0,0.25,4.5,A,"XI,YZ",2.573437012268044e-09
validation,4.0,0.25,4.5,A,"XI,ZI",2.5637253836746062e-09
validation,4.0,0.25,4.5,A,"XI,ZX",1.2840772908124098e-11
validation,4.0,0.25,4.5,A,"XI,ZY",-1.7307222825828866e-09
validation,4.0,0.25,4.5,A,"XI,ZZ",-2.2548834466161624e-09
validation,4.0,0.25,4.5,A,"XX,XY",-1.8674811400003934e-08
validation,4.0,0.25,4.5,A,"XX,XZ",-1.8313315090949257e-10
validation,4.0,0.25,4.5,A,"XX,YI",3.5142275038186836e-09
validation,4.0,0.25,4.5,A,"XX,YX",1.2934586813889296e-08
validation,4.0,0.25,4.5,A,"XX,YY",-4.8571266987326773e-14
validation,4.0,0.25,4.5,A,"XX,YZ",-4.5978344573727754e-10
validation,4.0,0.25,4.5,A,"XX,ZI",-1.3936895768318653e-09
validation,4.0,0.25,4.5,A,"XX,ZX",-1.1193184680677568e-08
validation,4.0,0.25,4.5,A,"XX,ZY",5.093795103975738e-09
validation,4.0,0.25,4.5,A,"XX,ZZ",8.482149454103214e-09
validation,4.0,0.25,4.5,A,"XY,XZ",-5.82201694800291e-10
validation,4.0,0.25,4.5,A,"XY,YI",1.5736570163043378e-09
validation,4.0,0.25,4.5,A,"XY,YX",-2.724901924993047e-10
validation,4.0,0.25,4.5,A,"XY,YY",-7.569453851796102e-10
validation,4.0,0.25,4.5,A,"XY,YZ",1.841686474111988e-09
validation,4.0,0.25,4.5,A,"XY,ZI",9.237453536614039e-10
validation,4.0,0.25,4.5,A,"XY,ZX",-1.8239840871910168e-09
validation,4.0,0.25,4.5,A,"XY,ZY",2.015380975709675e-09
validation,4.0,0.25,4.5,A,"XY,ZZ",1.1945005884236933e-09
validation,4.0,0.25,4.5,A,"XZ,YI",1.2062379682897739e-11
validation,4.0,0.25,4.5,A,"XZ,YX",-3.181289332496837e-10
validation,4.0,0.25,4.5,A,"XZ,YY",-1.262198870023406e-10
validation,4.0,0.25,4.5,A,"XZ,YZ",1.2277969325988299e-09
validation,4.0,0.25,4.5,A,"XZ,ZI",-1.3832713699777638e-09
validation,4.0,0.25,4.5,A,"XZ,ZX",-6.724140662612986e-10
validation,4.0,0.25,4.5,A,"XZ,ZY",-1.1512314591475803e-09
validation,4.0,0.25,4.5,A,"XZ,ZZ",1.5254668047324801e-09
validation,4.0,0.25,4.5,A,"YI,YX",-2.4094248839328753e-09
validation,4.0,0.25,4.5,A,"YI,YY",1.8479957604597048e-09
validation,4.0,0.25,4.5,A,"YI,YZ",3.2149638410559746e-09
validation,4.0,0.25,4.5,A,"YI,ZI",1.3430794968881328e-09
validation,4.0,0.25,4.5,A,"YI,ZX",1.0907236721479545e-09
validation,4.0,0.25,4.5,A,"YI,ZY",1.90952231876993e-09
validation,4.0,0.25,4.5,A,"YI,ZZ",-4.1687590014226746e-10
validation,4.0,0.25,4.5,A,"YX,YY",-1.8597055633464039e-09
validation,4.0,0.25,4.5,A,"YX,YZ",7.65051806110015e-11
validation,4.0,0.25,4.5,A,"YX,ZI",1.1445368240805371e-09
validation,4.0,0.25,4.5,A,"YX,ZX",-1.2039582016914436e-09
validation,4.0,0.25,4.5,A,"YX,ZY",1.1810383117894487e-09
validation,4.0,0.25,4.5,A,"YX,ZZ",8.499322501104547e-11
validation,4.0,0.25,4.5,A,"YY,YZ",-7.38997725227767e-10
validation,4.0,0.25,4.5,A,"YY,ZI",-2.6609127645416847e-09
validation,4.0,0.25,4.5,A,"YY,ZX",-2.401286654584773e-10
validation,4.0,0.25,4.5,A,"YY,ZY",-2.440653219384721e-09
validation,4.0,0.25,4.5,A,"YY,ZZ",1.4141545173321403e-09
validation,4.0,0.25,4.5,A,"YZ,ZI",-2.8575594172800446e-09
validation,4.0,0.25,4.5,A,"YZ,ZX",2.736237795426376e-09
validation,4.0,0.25,4.5,A,"YZ,ZY",-1.3396134114563224e-09
validation,4.0,0.25,4.5,A,"YZ,ZZ",1.3351304785532191e-09
validation,4.0,0.25,4.5,A,"ZI,ZX",9.97744564361201e-10
validation,4.0,0.25,4.5,A,"ZI,ZY",1.3656593951184015e-09
validation,4.0,0.25,4.5,A,"ZI,ZZ",8.512826753657848e-10
validation,4.0,0.25,4.5,A,"ZX,ZY",-2.334792317428239e-09
validation,4.0,0.25,4.5,A,"ZX,ZZ",-2.283513970782253e-09
validation,4.0,0.25,4.5,A,"ZY,ZZ",1.828185708106879e-09
validation,4.0,0.75,13.5,H,IX,4.851529528232656e-09
validation,4.0,0.75,13.5,H,IY,3.872802100684731e-09
validation,4.0,0.75,13.5,H,IZ,-2.028946478788636e-10
validation,4.0,0.75,13.5,H,XI,1.7419553620788455e-08
validation,4.0,0.75,13.5,H,XX,-0.00018074887651704782
validation,4.0,0.75,13.5,H,XY,5.918736008222655e-09
validation,4.0,0.75,13.5,H,XZ,4.8652566322628e-09
validation,4.0,0.75,13.5,H,YI,-3.854269237377413e-09
validation,4.0,0.75,13.5,H,YX,3.1323573373474488e-09
validation,4.0,0.75,13.5,H,YY,1.0431720965459589e-08
validation,4.0,0.75,13.5,H,YZ,-2.894391154657518e-09
validation,4.0,0.75,13.5,H,ZI,-7.585669748691277e-14
validation,4.0,0.75,13.5,H,ZX,4.371862862857388e-09
validation,4.0,0.75,13.5,H,ZY,5.095217570078515e-09
validation,4.0,0.75,13.5,H,ZZ,1.4673972411851474e-17
validation,4.0,0.75,13.5,S,IX,0.0013445590676038914
validation,4.0,0.75,13.5,S,IY,1.0210386763506718e-09
validation,4.0,0.75,13.5,S,IZ,2.67857083984923e-09
validation,4.0,0.75,13.5,S,XI,0.0013445512011724702
validation,4.0,0.75,13.5,S,XX,9.408939159665658e-05
validation,4.0,0.75,13.5,S,XY,-3.154307338438557e-09
validation,4.0,0.75,13.5,S,XZ,-1.0949842455551615e-09
validation,4.0,0.75,13.5,S,YI,-4.740595394535363e-09
validation,4.0,0.75,13.5,S,YX,-4.7939386637902565e-09
validation,4.0,0.75,13.5,S,YY,-7.2212821663119806e-09
validation,4.0,0.75,13.5,S,YZ,-6.356333698211321e-09
validation,4.0,0.75,13.5,S,ZI,8.450812996163137e-10
validation,4.0,0.75,13.5,S,ZX,-2.536948803512568e-09
validation,4.0,0.75,13.5,S,ZY,-4.256317465823169e-09
validation,4.0,0.75,13.5,S,ZZ,-1.3988974963217299e-09
validation,4.0,0.75,13.5,C,"IX,IY",-1.4876354270517241e-09
validation,4.0,0.75,13.5,C,"IX,IZ",-6.457104275987436e-10
validation,4.0,0.75,13.5,C,"IX,XI",0.0013445516627164683
validation,4.0,0.75,13.5,C,"IX,XX",-5.310290570247465e-09
validation,4.0,0.75,13.5,C,"IX,XY",-8.242361496154406e-09
validation,4.0,0.75,13.5,C,"IX,XZ",4.533591994484767e-09
validation,4.0,0.75,13.5,C,"IX,YI",-1.808900161629366e-09
validation,4.0,0.75,13.5,C,"IX,YX",-1.529617636811653e-08
validation,4.0,0.75,13.5,C,"IX,YY",5.77862647392781e-09
validation,4.0,0.75,13.5,C,"IX,YZ",-1.7469845101367587e-10
validation,4.0,0.75,13.5,C,"IX,ZI",6.696152915214524e-09
validation,4.0,0.75,13.5,C,"IX,ZX",4.956071517913974e-09
validation,4.0,0.75,13.5,C,"IX,ZY",-9.200646409821395e-11
validation,4.0,0.75,13.5,C,"IX,ZZ",-2.933016300084694e-09
validation,4.0,0.75,13.5,C,"IY,IZ",2.710207145966203e-09
validation,4.0,0.75,13.5,C,"IY,XI",-8.984869559788703e-10
validation,4.0,0.75,13.5,C,"IY,XX",6.606239324262337e-09
validation,4.0,0.75,13.5,C,"IY,XY",2.767406712599184e-10
validation,4.0,0.75,13.5,C,"IY,XZ",7.863428200141458e-09
validation,4.0,0.75,13.5,C,"IY,YI",-4.105329324904556e-09
validation,4.0,0.75,13.5,C,"IY,YX",-2.279845809713081e-09
validation,4.0,0.75,13.5,C,"IY,YY",4.646714627302956e-09
validation,4.0,0.75,13.5,C,"IY,YZ",-3.480623720719501e-09
validation,4.0,0.75,13.5,C,"IY,ZI",-1.963536404403217e-09
validation,4.0,0.75,13.5,C,"IY,ZX",1.4287664737398858e-09
validation,4.0,0.75,13.5,C,"IY,ZY",-2.7145193403312236e-09
validation,4.0,0.75,13.5,C,"IY,ZZ",-3.7193018433022635e-09
validation,4.0,0.75,13.5,C,"IZ,XI",5.453721133278331e-10
validation,4.0,0.75,13.5,C,"IZ,XX",-8.649254429460508e-09
validation,4.0,0.75,13.5,C,"IZ,XY",-1.5377308005056097e-09
validation,4.0,0.75,13.5,C,"IZ,XZ",3.64310368066022e-09
validation,4.0,0.75,13.5,C,"IZ,YI",-1.0187630150425661e-10
validation,4.0,0.75,13.5,C,"IZ,YX",-3.4893322439567945e-09
validation,4.0,0.75,13.5,C,"IZ,YY",1.4953657321100126e-09
validation,4.0,0.75,13.5,C,"IZ,YZ",-5.2560080486624855e-09
validation,4.0,0.75,13.5,C,"IZ,ZI",-2.613086650743844e-09
validation,4.0,0.75,13.5,C,"IZ,ZX",-1.8160405783793978e-09
validation,4.0,0.75,13.5,C,"IZ,ZY",-2.316364033533481e-09
validation,4.0,0.75,13.5,C,"IZ,ZZ",-1.5737736953955529e-09
validation,4.0,0.75,13.5,C,"XI,XX",3.5543589055208935e-09
validation,4.0,0.75,13.5,C,"XI,XY",-9.196222961147778e-09
validation,4.0,0.75,13.5,C,"XI,XZ",2.974862471574894e-09
validation,4.0,0.75,13.5,C,"XI,YI",-3.8032876012861053e-10
validation,4.0,0.75,13.5,C,"XI,YX",-1.4670833230885871e-08
validation,4.0,0.75,13.5,C,"XI,YY",3.3500905621656e-09
validation,4.0,0.75,13.5,C,"XI,YZ",3.7528733543193937e-10
validation,4.0,0.75,13.5,C,"XI,ZI",3.6308453521655745e-09
validation,4.0,0.75,13.5,C,"XI,ZX",2.2477110790319982e-09
validation,4.0,0.75,13.5,C,"XI,ZY",-1.0793879724152747e-10
validation,4.0,0.75,13.5,C,"XI,ZZ",7.313653530641548e-10
validation,4.0,0.75,13.5,C,"XX,XY",1.5382049408908057e-09
validation,4.0,0.75,13.5,C,"XX,XZ",-6.603420525510703e-09
validation,4.0,0.75,13.5,C,"XX,YI",7.244594890099542e-09
validation,4.0,0.75,13.5,C,"XX,YX",2.8727689197235884e-09
validation,4.0,0.75,13.5,C,"XX,YY",-7.025532439326423e-09
validation,4.0,0.75,13.5,C,"XX,YZ",-6.854913716756881e-09
validation,4.0,0.75,13.5,C,"XX,ZI",-5.780450993489234e-09
validation,4.0,0.75,13.5,C,"XX,ZX",1.2060029089861e-09
validation,4.0,0.75,13.5,C,"XX,ZY",-2.852465816698483e-09
validation,4.0,0.75,13.5,C,"XX,ZZ",2.393455076665417e-09
validation,4.0,0.75,13.5,C,"XY,XZ",-2.4749811209549694e-10
validation,4.0,0.75,13.5,C,"XY,YI",-2.400289253667696e-09
validation,4.0,0.75,13.5,C,"XY,YX",2.8426928896290997e-09
validation,4.0,0.75,13.5,C,"XY,YY",-3.5726365857138943e-10
validation,4.0,0.75,13.5,C,"XY,YZ",4.4757042680022756e-10
validation,4.0,0.75,13.5,C,"XY,ZI",-1.2177253633974546e-09
validation,4.0,0.75,13.5,C,"XY,ZX",2.920055857097133e-09
validation,4.0,0.75,13.5,C,"XY,ZY",-3.239740080025455e-10
validation,4.0,0.75,13.5,C,"XY,ZZ",6.823420323400112e-10
validation,4.0,0.75,13.5,C,"XZ,YI",2.9685943833686484e-09
validation,4.0,0.75,13.5,C,"XZ,YX",2.2077824412575285e-09
validation,4.0,0.75,13.5,C,"XZ,YY",-7.861210716607116e-09
validation,4.0,0.75,13.5,C,"XZ,YZ",-1.0354133787499001e-09
validation,4.0,0.75,13.5,C,"XZ,ZI",1.1548726285034873e-09
validation,4.0,0.75,13.5,C,"XZ,ZX",-1.3595069769957811e-09
validation,4.0,0.75,13.5,C,"XZ,ZY",-1.0888776487945726e-09
validation,4.0,0.75,13.5,C,"XZ,ZZ",2.2442624661867845e-09
validation,4.0,0.75,13.5,C,"YI,YX",1.8717394801372484e-09
validation,4.0,0.75,13.5,C,"YI,YY",7.3433237628994405e-09
validation,4.0,0.75,13.5,C,"YI,YZ",1.3502048815550882e-09
validation,4.0,0.75,13.5,C,"YI,ZI",4.785198925724958e-10
validation,4.0,0.75,13.5,C,"YI,ZX",3.905856346744096e-09
validation,4.0,0.75,13.5,C,"YI,ZY",4.4368754366420554e-10
validation,4.0,0.75,13.5,C,"YI,ZZ",-1.6617313938665424e-10
validation,4.0,0.75,13.5,C,"YX,YY",-4.817561744377461e-10
validation,4.0,0.75,13.5,C,"YX,YZ",-1.7674860281626602e-09
validation,4.0,0.75,13.5,C,"YX,ZI",-2.871497494766188e-09
validation,4.0,0.75,13.5,C,"YX,ZX",-2.2747494269907438e-09
validation,4.0,0.75,13.5,C,"YX,ZY",-3.4480046017138817e-10
validation,4.0,0.75,13.5,C,"YX,ZZ",4.5757511533046366e-10
validation,4.0,0.75,13.5,C,"YY,YZ",2.564130346353693e-11
validation,4.0,0.75,13.5,C,"YY,ZI",2.6830298677873386e-09
validation,4.0,0.75,13.5,C,"YY,ZX",-4.412131377586796e-09
validation,4.0,0.75,13.5,C,"YY,ZY",1.6123829550249202e-10
validation,4.0,0.75,13.5,C,"YY,ZZ",-9.934576450875386e-10
validation,4.0,0.75,13.5,C,"YZ,ZI",-1.1104517718179873e-09
validation,4.0,0.75,13.5,C,"YZ,ZX",-1.2386814489884724e-09
validation,4.0,0.75,13.5,C,"YZ,ZY",-7.306373664721019e-11
validation,4.0,0.75,13.5,C,"YZ,ZZ",-2.814607889465037e-09
validation,4.0,0.75,13.5,C,"ZI,ZX",6.5771626763034e-10
validation,4.0,0.75,13.5,C,"ZI,ZY",-4.796843172018847e-09
validation,4.0,0.75,13.5,C,"ZI,ZZ",-2.9205252444662785e-09
validation,4.0,0.75,13.5,C,"ZX,ZY",-1.2772540470689607e-09
validation,4.0,0.75,13.5,C,"ZX,ZZ",-2.0884773760431938e-10
validation,4.0,0.75,13.5,C,"ZY,ZZ",1.997005798455498e-10
validation,4.0,0.75,13.5,A,"IX,IY",-1.186941384667254e-09
validation,4.0,0.75,13.5,A,"IX,IZ",-6.136228877150411e-09
validation,4.0,0.75,13.5,A,"IX,XI",2.5878614796159903e-08
validation,4.0,0.75,13.5,A,"IX,XX",2.1618979664250682e-08
validation,4.0,0.75,13.5,A,"IX,XY",5.31157347191517e-09
validation,4.0,0.75,13.5,A,"IX,XZ",5.769675244810193e-10
validation,4.0,0.75,13.5,A,"IX,YI",9.262687022770311e-10
validation,4.0,0.75,13.5,A,"IX,YX",-4.933504977261408e-10
validation,4.0,0.75,13.5,A,"IX,YY",-5.785697354695555e-09
validation,4.0,0.75,13.5,A,"IX,YZ",1.5803545921647455e-09
validation,4.0,0.75,13.5,A,"IX,ZI",-1.039900518131546e-08
validation,4.0,0.75,13.5,A,"IX,ZX",8.830191132602624e-10
validation,4.0,0.75,13.5,A,"IX,ZY",-7.247941457735781e-09
validation,4.0,0.75,13.5,A,"IX,ZZ",-6.886503794361612e-09
validation,4.0,0.75,13.5,A,"IY,IZ",-3.060670993615156e-09
validation,4.0,0.75,13.5,A,"IY,XI",1.9690440443872124e-10
validation,4.0,0.75,13.5,A,"IY,XX",-6.421555838190916e-10
validation,4.0,0.75,13.5,A,"IY,XY",3.0734784896586367e-09
validation,4.0,0.75,13.5,A,"IY,XZ",2.8556952352950735e-09
validation,4.0,0.75,13.5,A,"IY,YI",-5.734413221853245e-10
validation,4.0,0.75,13.5,A,"IY,YX",1.3684003632694143e-09
validation,4.0,0.75,13.5,A,"IY,YY",-3.0894789677595575e-09
validation,4.0,0.75,13.5,A,"IY,YZ",-4.472602872771593e-09
validation,4.0,0.75,13.5,A,"IY,ZI",9.721539087420879e-10
validation,4.0,0.75,13.5,A,"IY,ZX",1.720115389485541e-09
validation,4.0,0.75,13.5,A,"IY,ZY",8.38261784733319e-10
validation,4.0,0.75,13.5,A,"IY,ZZ",-3.973401494263166e-09
validation,4.0,0.75,13.5,A,"IZ,XI",4.339719082224528e-09
validation,4.0,0.75,13.5,A,"IZ,XX",1.5291979803485918e-09
validation,4.0,0.75,13.5,A,"IZ,XY",1.1575507993539375e-09
validation,4.0,0.75,13.5,A,"IZ,XZ",3.5236490836273193e-09
validation,4.0,0.75,13.5,A,"IZ,YI",-3.676467684073334e-09
validation,4.0,0.75,13.5,A,"IZ,YX",3.660538339190529e-09
validation,4.0,0.75,13.5,A,"IZ,YY",-6.678919188040543e-10
validation,4.0,0.75,13.5,A,"IZ,YZ",-5.2108605922284675e-09
validation,4.0,0.75,13.5,A,"IZ,ZI",-6.332548627269802e-10
validation,4.0,0.75,13.5,A,"IZ,ZX",2.860956271613432e-09
validation,4.0,0.75,13.5,A,"IZ,ZY",-1.5379061660523473e-09
validation,4.0,0.75,13.5,A,"IZ,ZZ",-3.5416319961569103e-09
validation,4.0,0.75,13.5,A,"XI,XX",9.051039185390378e-09
validation,4.0,0.75,13.5,A,"XI,XY",4.9097592561365585e-09
validation,4.0,0.75,13.5,A,"XI,XZ",1.3635443423838331e-09
validation,4.0,0.75,13.5,A,"XI,YI",-2.7014217131069805e-09
validation,4.0,0.75,13.5,A,"XI,YX",1.0792574296867124e-09
validation,4.0,0.75,13.5,A,"XI,YY",-3.920671233216488e-09
validation,4.0,0.75,13.5,A,"XI,YZ",1.0335211213960023e-09
validation,4.0,0.75,13.5,A,"XI,ZI",-1.5675340132500777e-08
validation,4.0,0.75,13.5,A,"XI,ZX",8.517097708927499e-10
validation,4.0,0.75,13.5,A,"XI,ZY",-6.117402548168488e-09
validation,4.0,0.75,13.5,A,"XI,ZZ",-4.2698770075521276e-09
validation,4.0,0.75,13.5,A,"XX,XY",-1.3947104025895206e-08
validation,4.0,0.75,13.5,A,"XX,XZ",9.727379030598954e-09
validation,4.0,0.75,13.5,A,"XX,YI",-6.691427826726801e-09
validation,4.0,0.75,13.5,A,"XX,YX",1.4352109899764027e-08
validation,4.0,0.75,13.5,A,"XX,YY",-5.390597531784356e-14
validation,4.0,0.75,13.5,A,"XX,YZ",5.698260033023562e-10
validation,4.0,0.75,13.5,A,"XX,ZI",-1.2115716912564095e-09
validation,4.0,0.75,13.5,A,"XX,ZX",1.7505666650611282e-08
validation,4.0,0.75,13.5,A,"XX,ZY",8.559373181588767e-09
validation,4.0,0.75,13.5,A,"XX,ZZ",1.0431655341063924e-08
validation,4.0,0.75,13.5,A,"XY,XZ",-1.8899383300038547e-09
validation,4.0,0.75,13.5,A,"XY,YI",1.422242419885896e-09
validation,4.0,0.75,13.5,A,"XY,YX",-1.0374535756533257e-09
validation,4.0,0.75,13.5,A,"XY,YY",3.4366460952078955e-10
validation,4.0,0.75,13.5,A,"XY,YZ",3.1947307422345848e-09
validation,4.0,0.75,13.5,A,"XY,ZI",-2.0541828014111628e-09
validation,4.0,0.75,13.5,A,"XY,ZX",-1.4407768628176894e-09
validation,4.0,0.75,13.5,A,"XY,ZY",-3.4797806965776965e-09
validation,4.0,0.75,13.5,A,"XY,ZZ",2.41514803791268e-10
validation,4.0,0.75,13.5,A,"XZ,YI",5.823845297134906e-10
validation,4.0,0.75,13.5,A,"XZ,YX",1.1973808385970215e-10
validation,4.0,0.75,13.5,A,"XZ,YY",2.1489379025510527e-09
validation,4.0,0.75,13.5,A,"XZ,YZ",4.205755692896763e-09
validation,4.0,0.75,13.5,A,"XZ,ZI",-1.3796391807855892e-09
validation,4.0,0.75,13.5,A,"XZ,ZX",4.5846783603659994e-10
validation,4.0,0.75,13.5,A,"XZ,ZY",1.7653036288550405e-09
validation,4.0,0.75,13.5,A,"XZ,ZZ",7.974997367066078e-09
validation,4.0,0.75,13.5,A,"YI,YX",7.654159854595655e-10
validation,4.0,0.75,13.5,A,"YI,YY",-3.580323423223362e-10
validation,4.0,0.75,13.5,A,"YI,YZ",2.063839541779768e-09
validation,4.0,0.75,13.5,A,"YI,ZI",-2.34023016154497e-10
validation,4.0,0.75,13.5,A,"YI,ZX",-4.0946281895703e-10
validation,4.0,0.75,13.5,A,"YI,ZY",-1.3871024199481196e-09
validation,4.0,0.75,13.5,A,"YI,ZZ",-4.90533454871842e-09
validation,4.0,0.75,13.5,A,"YX,YY",-1.0858584579269621e-10
validation,4.0,0.75,13.5,A,"YX,YZ",-5.883369438870499e-09
validation,4.0,0.75,13.5,A,"YX,ZI",-6.319760087426449e-10
validation,4.0,0.75,13.5,A,"YX,ZX",8.190164433147147e-12
validation,4.0,0.75,13.5,A,"YX,ZY",6.688656492362257e-10
validation,4.0,0.75,13.5,A,"YX,ZZ",-1.4292467606947705e-09
validation,4.0,0.75,13.5,A,"YY,YZ",1.3218615319035449e-09
validation,4.0,0.75,13.5,A,"YY,ZI",2.6925250147724164e-10
validation,4.0,0.75,13.5,A,"YY,ZX",-8.192206462579695e-10
validation,4.0,0.75,13.5,A,"YY,ZY",-1.336499282497076e-09
validation,4.0,0.75,13.5,A,"YY,ZZ",3.926308375296804e-09
validation,4.0,0.75,13.5,A,"YZ,ZI",1.1854131091662428e-09
validation,4.0,0.75,13.5,A,"YZ,ZX",7.564590846904256e-10
validation,4.0,0.75,13.5,A,"YZ,ZY",-1.109878109373469e-09
validation,4.0,0.75,13.5,A,"YZ,ZZ",-1.8573969378556865e-09
validation,4.0,0.75,13.5,A,"ZI,ZX",-1.041548725813686e-09
validation,4.0,0.75,13.5,A,"ZI,ZY",-2.327797749539887e-09
validation,4.0,0.75,13.5,A,"ZI,ZZ",-2.4110408665688655e-09
validation,4.0,0.75,13.5,A,"ZX,ZY",1.9583898370328283e-09
validation,4.0,0.75,13.5,A,"ZX,ZZ",3.6298974306757098e-09
validation,4.0,0.75,13.5,A,"ZY,ZZ",-1.8239116557157139e-09
validation,4.0,1.5,27.0,H,IX,1.6236779802148182e-08
validation,4.0,1.5,27.0,H,IY,7.925427056505682e-09
validation,4.0,1.5,27.0,H,IZ,-4.338427381018628e-11
validation,4.0,1.5,27.0,H,XI,9.983607644488739e-09
validation,4.0,1.5,27.0,H,XX,-0.00035904918785936534
validation,4.0,1.5,27.0,H,XY,4.452719115155576e-09
validation,4.0,1.5,27.0,H,XZ,-2.133478100479751e-09
validation,4.0,1.5,27.0,H,YI,-5.703897766974265e-09
validation,4.0,1.5,27.0,H,YX,1.4552691253909593e-08
validation,4.0,1.5,27.0,H,YY,-5.814354930293e-09
validation,4.0,1.5,27.0,H,YZ,-4.7422238926774736e-09
validation,4.0,1.5,27.0,H,ZI,1.7309170315412578e-09
validation,4.0,1.5,27.0,H,ZX,-2.6798519821060557e-09
validation,4.0,1.5,27.0,H,ZY,-1.281175178786989e-08
validation,4.0,1.5,27.0,H,ZZ,2.049333732726259e-16
validation,4.0,1.5,27.0,S,IX,0.002673991664239938
validation,4.0,1.5,27.0,S,IY,-2.7980591034253155e-09
validation,4.0,1.5,27.0,S,IZ,2.6016811788698996e-09
validation,4.0,1.5,27.0,S,XI,0.0026739879369558285
validation,4.0,1.5,27.0,S,XX,0.00019865552859002342
validation,4.0,1.5,27.0,S,XY,2.120331401775366e-09
validation,4.0,1.5,27.0,S,XZ,-1.4422601228537488e-09
validation,4.0,1.5,27.0,S,YI,-3.4784064235730827e-09
validation,4.0,1.5,27.0,S,YX,1.3619972356968685e-09
validation,4.0,1.5,27.0,S,YY,-1.0314800146828118e-08
validation,4.0,1.5,27.0,S,YZ,-2.8360883845383877e-09
validation,4.0,1.5,27.0,S,ZI,2.3753452621185812e-09
validation,4.0,1.5,27.0,S,ZX,5.080825267347704e-10
validation,4.0,1.5,27.0,S,ZY,-1.5871381131007598e-09
validation,4.0,1.5,27.0,S,ZZ,-7.225413643319276e-09
validation,4.0,1.5,27.0,C,"IX,IY",-2.1977628157568008e-10
validation,4.0,1.5,27.0,C,"IX,IZ",-6.6067881017525164e-09
validation,4.0,1.5,27.0,C,"IX,XI",0.002673982918240966
validation,4.0,1.5,27.0,C,"IX,XX",-9.413970562221726e-09
validation,4.0,1.5,27.0,C,"IX,XY",-4.504317603900636e-09
validation,4.0,1.5,27.0,C,"IX,XZ",9.394632255232253e-09
validation,4.0,1.5,27.0,C,"IX,YI",-1.8359810702548592e-09
validation,4.0,1.5,27.0,C,"IX,YX",-1.1140358000376517e-08
validation,4.0,1.5,27.0,C,"IX,YY",8.997048990379064e-09
validation,4.0,1.5,27.0,C,"IX,YZ",4.1459400794076053e-10
validation,4.0,1.5,27.0,C,"IX,ZI",4.384064365791252e-09
validation,4.0,1.5,27.0,C,"IX,ZX",7.696523572047357e-09
validation,4.0,1.5,27.0,C,"IX,ZY",-1.5506088736769425e-10
validation,4.0,1.5,27.0,C,"IX,ZZ",9.802345333352298e-09
validation,4.0,1.5,27.0,C,"IY,IZ",-2.9719981306176796e-09
validation,4.0,1.5,27.0,C,"IY,XI",-1.3199425981780155e-09
validation,4.0,1.5,27.0,C,"IY,XX",-1.895732654760403e-09
validation,4.0,1.5,27.0,C,"IY,XY",2.0135116276887122e-10
validation,4.0,1.5,27.0,C,"IY,XZ",5.640049460233984e-09
validation,4.0,1.5,27.0,C,"IY,YI",-2.909078889243422e-09
validation,4.0,1.5,27.0,C,"IY,YX",-2.3861562600305427e-09
validation,4.0,1.5,27.0,C,"IY,YY",1.0058986258980102e-08
validation,4.0,1.5,27.0,C,"IY,YZ",-4.375108990029826e-10
validation,4.0,1.5,27.0,C,"IY,ZI",-7.0834184603385564e-09
validation,4.0,1.5,27.0,C,"IY,ZX",2.462462991000822e-09
validation,4.0,1.5,27.0,C,"IY,ZY",3.075905745749024e-09
validation,4.0,1.5,27.0,C,"IY,ZZ",-3.4819750563727447e-09
validation,4.0,1.5,27.0,C,"IZ,XI",-2.8204550599111053e-09
validation,4.0,1.5,27.0,C,"IZ,XX",-5.105705281909292e-09
validation,4.0,1.5,27.0,C,"IZ,XY",-6.037403930944977e-10
validation,4.0,1.5,27.0,C,"IZ,XZ",3.3944666848180945e-09
validation,4.0,1.5,27.0,C,"IZ,YI",-1.1937402369829477e-09
validation,4.0,1.5,27.0,C,"IZ,YX",2.1871573393184353e-09
validation,4.0,1.5,27.0,C,"IZ,YY",2.433466764445193e-09
validation,4.0,1.5,27.0,C,"IZ,YZ",-9.89316916981387e-09
validation,4.0,1.5,27.0,C,"IZ,ZI",-6.253896583288159e-09
validation,4.0,1.5,27.0,C,"IZ,ZX",2.6998934392014695e-09
validation,4.0,1.5,27.0,C,"IZ,ZY",-3.848227089977828e-09
validation,4.0,1.5,27.0,C,"IZ,ZZ",-1.232762255784702e-11
validation,4.0,1.5,27.0,C,"XI,XX",5.32947714986989e-09
validation,4.0,1.5,27.0,C,"XI,XY",-8.064323823918926e-09
validation,4.0,1.5,27.0,C,"XI,XZ",9.524398039688085e-09
validation,4.0,1.5,27.0,C,"XI,YI",2.1874316838557856e-09
validation,4.0,1.5,27.0,C,"XI,YX",-5.725483829684921e-09
validation,4.0,1.5,27.0,C,"XI,YY",1.1225822501354123e-08
validation,4.0,1.5,27.0,C,"XI,YZ",-3.946543439765017e-10
validation,4.0,1.5,27.0,C,"XI,ZI",2.5201914470843565e-09
validation,4.0,1.5,27.0,C,"XI,ZX",1.1657455487734504e-08
validation,4.0,1.5,27.0,C,"XI,ZY",1.3601899350609411e-10
validation,4.0,1.5,27.0,C,"XI,ZZ",7.75064379696658e-09
validation,4.0,1.5,27.0,C,"XX,XY",1.9444795864880845e-10
validation,4.0,1.5,27.0,C,"XX,XZ",-8.578478416991594e-09
validation,4.0,1.5,27.0,C,"XX,YI",-3.795962849543155e-09
validation,4.0,1.5,27.0,C,"XX,YX",6.14816306669983e-10
validation,4.0,1.5,27.0,C,"XX,YY",-2.2848558981220754e-08
validation,4.0,1.5,27.0,C,"XX,YZ",4.1926915233129035e-09
validation,4.0,1.5,27.0,C,"XX,ZI",-1.5304394441995532e-08
validation,4.0,1.5,27.0,C,"XX,ZX",4.951916316222661e-09
validation,4.0,1.5,27.0,C,"XX,ZY",2.728286137367511e-09
validation,4.0,1.5,27.0,C,"XX,ZZ",-2.1930984335353663e-09
validation,4.0,1.5,27.0,C,"XY,XZ",-3.2458278637038105e-09
validation,4.0,1.5,27.0,C,"XY,YI",-4.843563269742225e-09
validation,4.0,1.5,27.0,C,"XY,YX",3.953998180480671e-09
validation,4.0,1.5,27.0,C,"XY,YY",-1.6796941680470811e-09
validation,4.0,1.5,27.0,C,"XY,YZ",1.5070346641094757e-09
validation,4.0,1.5,27.0,C,"XY,ZI",3.4383070066763924e-09
validation,4.0,1.5,27.0,C,"XY,ZX",-2.6958103298249835e-09
validation,4.0,1.5,27.0,C,"XY,ZY",-1.6684812167003714e-09
validation,4.0,1.5,27.0,C,"XY,ZZ",5.998667431887455e-10
validation,4.0,1.5,27.0,C,"XZ,YI",2.661633460411473e-09
validation,4.0,1.5,27.0,C,"XZ,YX",2.095026022312011e-09
validation,4.0,1.5,27.0,C,"XZ,YY",-5.486509830526533e-09
validation,4.0,1.5,27.0,C,"XZ,YZ",8.642501889200638e-11
validation,4.0,1.5,27.0,C,"XZ,ZI",6.749697634620751e-10
validation,4.0,1.5,27.0,C,"XZ,ZX",-1.1246107903400038e-10
validation,4.0,1.5,27.0,C,"XZ,ZY",-9.635041593992536e-10
validation,4.0,1.5,27.0,C,"XZ,ZZ",-2.391075772913437e-10
validation,4.0,1.5,27.0,C,"YI,YX",2.223741165821138e-09
validation,4.0,1.5,27.0,C,"YI,YY",1.0274915531387508e-08
validation,4.0,1.5,27.0,C,"YI,YZ",1.5703116136558174e-10
validation,4.0,1.5,27.0,C,"YI,ZI",-4.1615643432829e-09
validation,4.0,1.5,27.0,C,"YI,ZX",5.663085752197054e-09
validation,4.0,1.5,27.0,C,"YI,ZY",-5.705304658838769e-10
validation,4.0,1.5,27.0,C,"YI,ZZ",-4.047497700199445e-09
validation,4.0,1.5,27.0,C,"YX,YY",8.22889870324333e-10
validation,4.0,1.5,27.0,C,"YX,YZ",-3.3813071834436063e-09
validation,4.0,1.5,27.0,C,"YX,ZI",-1.8842724969707998e-09
validation,4.0,1.5,27.0,C,"YX,ZX",-1.0699424073725356e-09
validation,4.0,1.5,27.0,C,"YX,ZY",-6.344960216443135e-10
validation,4.0,1.5,27.0,C,"YX,ZZ",-1.2416735013931196e-09
validation,4.0,1.5,27.0,C,"YY,YZ",-2.8861130335676706e-09
validation,4.0,1.5,27.0,C,"YY,ZI",-1.8693192787450177e-09
validation,4.0,1.5,27.0,C,"YY,ZX",-3.5777117510731202e-09
validation,4.0,1.5,27.0,C,"YY,ZY",-1.9855819615659622e-09
validation,4.0,1.5,27.0,C,"YY,ZZ",-3.8793047416963225e-09
validation,4.0,1.5,27.0,C,"YZ,ZI",-3.4161038675993323e-09
validation,4.0,1.5,27.0,C,"YZ,ZX",-2.878545752409444e-09
validation,4.0,1.5,27.0,C,"YZ,ZY",2.946857588135253e-09
validation,4.0,1.5,27.0,C,"YZ,ZZ",-3.7056218894562034e-09
validation,4.0,1.5,27.0,C,"ZI,ZX",-1.8171797344512737e-09
validation,4.0,1.5,27.0,C,"ZI,ZY",-1.0088015637081722e-08
validation,4.0,1.5,27.0,C,"ZI,ZZ",2.2835156596014707e-09
validation,4.0,1.5,27.0,C,"ZX,ZY",-2.629370414725173e-09
validation,4.0,1.5,27.0,C,"ZX,ZZ",-1.2314944715903723e-09
validation,4.0,1.5,27.0,C,"ZY,ZZ",-4.1503346664515494e-09
validation,4.0,1.5,27.0,A,"IX,IY",-1.137168653645273e-08
validation,4.0,1.5,27.0,A,"IX,IZ",-8.305918866059366e-09
validation,4.0,1.5,27.0,A,"IX,XI",-1.1934203116432647e-10
validation,4.0,1.5,27.0,A,"IX,XX",8.9780945543012e-09
validation,4.0,1.5,27.0,A,"IX,XY",8.111254985616084e-09
validation,4.0,1.5,27.0,A,"IX,XZ",-1.5410105533896792e-09
validation,4.0,1.5,27.0,A,"IX,YI",-8.810864618966664e-09
validation,4.0,1.5,27.0,A,"IX,YX",-1.6828167099434856e-09
validation,4.0,1.5,27.0,A,"IX,YY",2.5729979843721787e-09
validation,4.0,1.5,27.0,A,"IX,YZ",-2.3809218421276616e-09
validation,4.0,1.5,27.0,A,"IX,ZI",-5.509700894609206e-09
validation,4.0,1.5,27.0,A,"IX,ZX",-3.2200819541364793e-09
validation,4.0,1.5,27.0,A,"IX,ZY",3.3195851605014415e-09
validation,4.0,1.5,27.0,A,"IX,ZZ",1.4784005182542622e-09
validation,4.0,1.5,27.0,A,"IY,IZ",-6.813877266127772e-10
validation,4.0,1.5,27.0,A,"IY,XI",8.265945146954324e-09
validation,4.0,1.5,27.0,A,"IY,XX",3.093906600001896e-10
validation,4.0,1.5,27.0,A,"IY,XY",1.1270278381847074e-09
validation,4.0,1.5,27.0,A,"IY,XZ",2.0312203811295726e-09
validation,4.0,1.5,27.0,A,"IY,YI",-1.1028450441190584e-09
validation,4.0,1.5,27.0,A,"IY,YX",-7.100155766346739e-10
validation,4.0,1.5,27.0,A,"IY,YY",-1.4443188108402212e-09
validation,4.0,1.5,27.0,A,"IY,YZ",-1.616234662110956e-09
validation,4.0,1.5,27.0,A,"IY,ZI",4.805634616562101e-09
validation,4.0,1.5,27.0,A,"IY,ZX",-2.6055536324390394e-10
validation,4.0,1.5,27.0,A,"IY,ZY",1.101357987473259e-09
validation,4.0,1.5,27.0,A,"IY,ZZ",-6.6813506431531974e-09
validation,4.0,1.5,27.0,A,"IZ,XI",-6.932970934338502e-10
validation,4.0,1.5,27.0,A,"IZ,XX",1.6243696021431356e-09
validation,4.0,1.5,27.0,A,"IZ,XY",4.915482016646516e-10
validation,4.0,1.5,27.0,A,"IZ,XZ",-1.2177709531314878e-09
validation,4.0,1.5,27.0,A,"IZ,YI",-5.189008748422653e-09
validation,4.0,1.5,27.0,A,"IZ,YX",-2.408931113057302e-10
validation,4.0,1.5,27.0,A,"IZ,YY",-8.399978292604694e-10
validation,4.0,1.5,27.0,A,"IZ,YZ",-4.130111547983364e-09
validation,4.0,1.5,27.0,A,"IZ,ZI",-1.7469531971085097e-10
validation,4.0,1.5,27.0,A,"IZ,ZX",-3.1404466251770334e-10
validation,4.0,1.5,27.0,A,"IZ,ZY",-1.3523034095016115e-09
validation,4.0,1.5,27.0,A,"IZ,ZZ",-7.859038263399874e-10
validation,4.0,1.5,27.0,A,"XI,XX",1.52310825231472e-08
validation,4.0,1.5,27.0,A,"XI,XY",4.924459738860557e-09
validation,4.0,1.5,27.0,A,"XI,XZ",-1.8304313446298186e-10
validation,4.0,1.5,27.0,A,"XI,YI",-1.0591165531613434e-08
validation,4.0,1.5,27.0,A,"XI,YX",2.4857365813562662e-09
validation,4.0,1.5,27.0,A,"XI,YY",4.349006288914769e-09
validation,4.0,1.5,27.0,A,"XI,YZ",-6.591490317727788e-09
validation,4.0,1.5,27.0,A,"XI,ZI",-1.2094421417114912e-08
validation,4.0,1.5,27.0,A,"XI,ZX",-4.1281917807447904e-10
validation,4.0,1.5,27.0,A,"XI,ZY",3.846866989111453e-09
validation,4.0,1.5,27.0,A,"XI,ZZ",3.228908091782476e-09
validation,4.0,1.5,27.0,A,"XX,XY",-5.188172903951188e-09
validation,4.0,1.5,27.0,A,"XX,XZ",1.695831306207794e-08
validation,4.0,1.5,27.0,A,"XX,YI",-1.9090150325721153e-09
validation,4.0,1.5,27.0,A,"XX,YX",1.6312155939025947e-08
validation,4.0,1.5,27.0,A,"XX,YY",-4.7679743056628886e-14
validation,4.0,1.5,27.0,A,"XX,YZ",1.4146452930569959e-08
validation,4.0,1.5,27.0,A,"XX,ZI",8.864982370897373e-10
validation,4.0,1.5,27.0,A,"XX,ZX",2.1041598567945526e-08
validation,4.0,1.5,27.0,A,"XX,ZY",6.076992386029695e-09
validation,4.0,1.5,27.0,A,"XX,ZZ",-5.814297399220768e-09
validation,4.0,1.5,27.0,A,"XY,XZ",-1.5165837419928062e-09
validation,4.0,1.5,27.0,A,"XY,YI",4.031210459987519e-09
validation,4.0,1.5,27.0,A,"XY,YX",-1.0635046943140007e-09
validation,4.0,1.5,27.0,A,"XY,YY",-6.052775441322159e-10
validation,4.0,1.5,27.0,A,"XY,YZ",-2.444189055981454e-09
validation,4.0,1.5,27.0,A,"XY,ZI",-3.4238357910187524e-10
validation,4.0,1.5,27.0,A,"XY,ZX",-4.5023793645332603e-10
validation,4.0,1.5,27.0,A,"XY,ZY",-1.078764107927839e-08
validation,4.0,1.5,27.0,A,"XY,ZZ",-4.8472708855361306e-09
validation,4.0,1.5,27.0,A,"XZ,YI",-2.608322502377841e-09
validation,4.0,1.5,27.0,A,"XZ,YX",5.554939121051788e-10
validation,4.0,1.5,27.0,A,"XZ,YY",-2.0230135819063356e-09
validation,4.0,1.5,27.0,A,"XZ,YZ",2.7398492693635396e-09
validation,4.0,1.5,27.0,A,"XZ,ZI",1.1789040583827168e-09
validation,4.0,1.5,27.0,A,"XZ,ZX",-6.426602321359614e-10
validation,4.0,1.5,27.0,A,"XZ,ZY",-1.8089993370995108e-09
validation,4.0,1.5,27.0,A,"XZ,ZZ",9.297427013319313e-09
validation,4.0,1.5,27.0,A,"YI,YX",9.388942064989334e-11
validation,4.0,1.5,27.0,A,"YI,YY",9.225130211749851e-10
validation,4.0,1.5,27.0,A,"YI,YZ",2.4626294032784472e-09
validation,4.0,1.5,27.0,A,"YI,ZI",-5.258603088227757e-10
validation,4.0,1.5,27.0,A,"YI,ZX",2.799564218359911e-09
validation,4.0,1.5,27.0,A,"YI,ZY",-1.5791622916919196e-10
validation,4.0,1.5,27.0,A,"YI,ZZ",-6.209345576238921e-09
validation,4.0,1.5,27.0,A,"YX,YY",-1.5633395310854927e-09
validation,4.0,1.5,27.0,A,"YX,YZ",-1.1191088805649964e-08
validation,4.0,1.5,27.0,A,"YX,ZI",-1.3745274588666812e-09
validation,4.0,1.5,27.0,A,"YX,ZX",-3.346564905772197e-10
validation,4.0,1.5,27.0,A,"YX,ZY",-4.201247588755835e-09
validation,4.0,1.5,27.0,A,"YX,ZZ",-1.7853429340744741e-09
validation,4.0,1.5,27.0,A,"YY,YZ",1.8058705675491477e-09
validation,4.0,1.5,27.0,A,"YY,ZI",-2.5984461657797063e-09
validation,4.0,1.5,27.0,A,"YY,ZX",5.746986328369307e-10
validation,4.0,1.5,27.0,A,"YY,ZY",1.7044313505933256e-09
validation,4.0,1.5,27.0,A,"YY,ZZ",1.1934710845633398e-08
validation,4.0,1.5,27.0,A,"YZ,ZI",2.2112646505552337e-09
validation,4.0,1.5,27.0,A,"YZ,ZX",1.9792767465561125e-10
validation,4.0,1.5,27.0,A,"YZ,ZY",1.9647936959864536e-10
validation,4.0,1.5,27.0,A,"YZ,ZZ",1.2405252053855664e-09
validation,4.0,1.5,27.0,A,"ZI,ZX",2.426147948424123e-09
validation,4.0,1.5,27.0,A,"ZI,ZY",-2.7067171762265524e-09
validation,4.0,1.5,27.0,A,"ZI,ZZ",-2.9941483203932404e-09
validation,4.0,1.5,27.0,A,"ZX,ZY",3.648002217103863e-09
validation,4.0,1.5,27.0,A,"ZX,ZZ",7.3766249622787245e-09
validation,4.0,1.5,27.0,A,"ZY,ZZ",2.1511924527481064e-09
validation,4.0,3.0,54.0,H,IX,-6.092127945727758e-09
validation,4.0,3.0,54.0,H,IY,-1.5475383733738362e-09
validation,4.0,3.0,54.0,H,IZ,4.581237738570795e-10
validation,4.0,3.0,54.0,H,XI,-1.640851200915208e-09
validation,4.0,3.0,54.0,H,XX,-0.0007083746080184301
validation,4.0,3.0,54.0,H,XY,1.1585030424352299e-08
validation,4.0,3.0,54.0,H,XZ,-2.54740058674441e-09
validation,4.0,3.0,54.0,H,YI,-4.574235274400701e-09
validation,4.0,3.0,54.0,H,YX,7.793541913146772e-09
validation,4.0,3.0,54.0,H,YY,-4.283117054990819e-09
validation,4.0,3.0,54.0,H,YZ,-2.0888079307290555e-09
validation,4.0,3.0,54.0,H,ZI,-1.3040545535781876e-09
validation,4.0,3.0,54.0,H,ZX,-5.261606768823556e-09
validation,4.0,3.0,54.0,H,ZY,2.903515997771795e-09
validation,4.0,3.0,54.0,H,ZZ,2.519419519188043e-15
validation,4.0,3.0,54.0,S,IX,0.005288692092975047
validation,4.0,3.0,54.0,S,IY,1.485172164070181e-09
validation,4.0,3.0,54.0,S,IZ,6.853148047745311e-09
validation,4.0,3.0,54.0,S,XI,0.005288691589930193
validation,4.0,3.0,54.0,S,XX,0.00043807627639473135
validation,4.0,3.0,54.0,S,XY,-3.8289968782440065e-09
validation,4.0,3.0,54.0,S,XZ,1.1664874797426977e-09
validation,4.0,3.0,54.0,S,YI,1.4573156435944423e-09
validation,4.0,3.0,54.0,S,YX,-3.325752942137661e-09
validation,4.0,3.0,54.0,S,YY,-8.171032775741716e-09
validation,4.0,3.0,54.0,S,YZ,2.5928360717145105e-10
validation,4.0,3.0,54.0,S,ZI,9.627041921565944e-09
validation,4.0,3.0,54.0,S,ZX,2.5083203321471167e-09
validation,4.0,3.0,54.0,S,ZY,1.3275783814284403e-09
validation,4.0,3.0,54.0,S,ZZ,4.498595036197747e-09
validation,4.0,3.0,54.0,C,"IX,IY",7.528115585165756e-10
validation,4.0,3.0,54.0,C,"IX,IZ",8.256961167705162e-09
validation,4.0,3.0,54.0,C,"IX,XI",0.005288687709773258
validation,4.0,3.0,54.0,C,"IX,XX",7.792696231450333e-09
validation,4.0,3.0,54.0,C,"IX,XY",1.5249300637080336e-08
validation,4.0,3.0,54.0,C,"IX,XZ",-6.2867977970920155e-09
validation,4.0,3.0,54.0,C,"IX,YI",-1.8458342071890082e-09
validation,4.0,3.0,54.0,C,"IX,YX",1.0355702631268102e-08
validation,4.0,3.0,54.0,C,"IX,YY",-7.368071678940739e-09
validation,4.0,3.0,54.0,C,"IX,YZ",-4.746033816834136e-10
validation,4.0,3.0,54.0,C,"IX,ZI",1.177885692115634e-08
validation,4.0,3.0,54.0,C,"IX,ZX",-3.217593578125901e-09
validation,4.0,3.0,54.0,C,"IX,ZY",9.242873469388793e-10
validation,4.0,3.0,54.0,C,"IX,ZZ",-1.8017571344554777e-09
validation,4.0,3.0,54.0,C,"IY,IZ",-6.8279820865219605e-09
validation,4.0,3.0,54.0,C,"IY,XI",5.637044448197925e-10
validation,4.0,3.0,54.0,C,"IY,XX",-2.035004309298368e-09
validation,4.0,3.0,54.0,C,"IY,XY",9.287321944409617e-10
validation,4.0,3.0,54.0,C,"IY,XZ",1.633210644470199e-09
validation,4.0,3.0,54.0,C,"IY,YI",1.5235287746920304e-09
validation,4.0,3.0,54.0,C,"IY,YX",-3.62301465051324e-09
validation,4.0,3.0,54.0,C,"IY,YY",2.8992632439697313e-09
validation,4.0,3.0,54.0,C,"IY,YZ",-7.485448789486843e-09
validation,4.0,3.0,54.0,C,"IY,ZI",-2.627210977548098e-09
validation,4.0,3.0,54.0,C,"IY,ZX",-6.880730518264572e-10
validation,4.0,3.0,54.0,C,"IY,ZY",-2.1077387604673602e-09
validation,4.0,3.0,54.0,C,"IY,ZZ",-5.808866794874708e-10
validation,4.0,3.0,54.0,C,"IZ,XI",8.503844541455973e-09
validation,4.0,3.0,54.0,C,"IZ,XX",-7.497614954303254e-09
validation,4.0,3.0,54.0,C,"IZ,XY",2.09675008364346e-09
validation,4.0,3.0,54.0,C,"IZ,XZ",9.913803617982963e-10
validation,4.0,3.0,54.0,C,"IZ,YI",1.4768939134604362e-09
validation,4.0,3.0,54.0,C,"IZ,YX",-2.8560494504313657e-09
validation,4.0,3.0,54.0,C,"IZ,YY",4.222036605103205e-09
validation,4.0,3.0,54.0,C,"IZ,YZ",3.2187157034980386e-09
validation,4.0,3.0,54.0,C,"IZ,ZI",6.701639222689323e-09
validation,4.0,3.0,54.0,C,"IZ,ZX",-3.3655042752307016e-09
validation,4.0,3.0,54.0,C,"IZ,ZY",1.963721151535119e-09
validation,4.0,3.0,54.0,C,"IZ,ZZ",-1.0495283871378272e-08
validation,4.0,3.0,54.0,C,"XI,XX",1.1437898528009373e-08
validation,4.0,3.0,54.0,C,"XI,XY",1.974487191861656e-08
validation,4.0,3.0,54.0,C,"XI,XZ",-3.755381822189677e-09
validation,4.0,3.0,54.0,C,"XI,YI",1.2472974471071309e-09
validation,4.0,3.0,54.0,C,"XI,YX",6.164231193131105e-09
validation,4.0,3.0,54.0,C,"XI,YY",-9.388572805332329e-09
validation,4.0,3.0,54.0,C,"XI,YZ",5.213337786028339e-10
validation,4.0,3.0,54.0,C,"XI,ZI",8.330574980739992e-09
validation,4.0,3.0,54.0,C,"XI,ZX",-7.3289075405929564e-09
validation,4.0,3.0,54.0,C,"XI,ZY",-9.69918266002623e-10
validation,4.0,3.0,54.0,C,"XI,ZZ",9.861250814408622e-10
validation,4.0,3.0,54.0,C,"XX,XY",9.704774896731366e-10
validation,4.0,3.0,54.0,C,"XX,XZ",5.634541628221742e-09
validation,4.0,3.0,54.0,C,"XX,YI",-2.0253224043223638e-09
validation,4.0,3.0,54.0,C,"XX,YX",1.932150443438488e-09
validation,4.0,3.0,54.0,C,"XX,YY",1.1285353818089734e-08
validation,4.0,3.0,54.0,C,"XX,YZ",4.5272491634810395e-09
validation,4.0,3.0,54.0,C,"XX,ZI",-3.5084692993396768e-09
validation,4.0,3.0,54.0,C,"XX,ZX",8.858989496676901e-09
validation,4.0,3.0,54.0,C,"XX,ZY",4.3364773807579045e-09
validation,4.0,3.0,54.0,C,"XX,ZZ",-5.3331487698068075e-09
validation,4.0,3.0,54.0,C,"XY,XZ",-4.5859836957766663e-10
validation,4.0,3.0,54.0,C,"XY,YI",-2.8280431813658222e-09
validation,4.0,3.0,54.0,C,"XY,YX",2.1514870070661394e-09
validation,4.0,3.0,54.0,C,"XY,YY",9.229569757148967e-10
validation,4.0,3.0,54.0,C,"XY,YZ",1.824507562039972e-09
validation,4.0,3.0,54.0,C,"XY,ZI",-1.961533620968307e-09
validation,4.0,3.0,54.0,C,"XY,ZX",1.3040380300649664e-09
validation,4.0,3.0,54.0,C,"XY,ZY",-2.566786150752934e-10
validation,4.0,3.0,54.0,C,"XY,ZZ",3.837594600333121e-10
validation,4.0,3.0,54.0,C,"XZ,YI",-3.1655010646828153e-10
validation,4.0,3.0,54.0,C,"XZ,YX",2.1188772997455903e-09
validation,4.0,3.0,54.0,C,"XZ,YY",-5.960567354450824e-09
validation,4.0,3.0,54.0,C,"XZ,YZ",1.9923799226896127e-09
validation,4.0,3.0,54.0,C,"XZ,ZI",-2.0396681716576197e-09
validation,4.0,3.0,54.0,C,"XZ,ZX",2.016249546704785e-09
validation,4.0,3.0,54.0,C,"XZ,ZY",-4.827911437114894e-10
validation,4.0,3.0,54.0,C,"XZ,ZZ",3.669204228538092e-09
validation,4.0,3.0,54.0,C,"YI,YX",1.0919071000952194e-09
validation,4.0,3.0,54.0,C,"YI,YY",2.808318708209584e-09
validation,4.0,3.0,54.0,C,"YI,YZ",-1.0153558192594406e-10
validation,4.0,3.0,54.0,C,"YI,ZI",-5.102536972171858e-09
validation,4.0,3.0,54.0,C,"YI,ZX",-2.987658572959056e-10
validation,4.0,3.0,54.0,C,"YI,ZY",-6.123676329549072e-09
validation,4.0,3.0,54.0,C,"YI,ZZ",-7.378667558638075e-10
validation,4.0,3.0,54.0,C,"YX,YY",1.0774679783274546e-09
validation,4.0,3.0,54.0,C,"YX,YZ",-3.689920619134345e-10
validation,4.0,3.0,54.0,C,"YX,ZI",5.681458093836087e-10
validation,4.0,3.0,54.0,C,"YX,ZX",8.946040544873004e-11
validation,4.0,3.0,54.0,C,"YX,ZY",5.797257884535735e-10
validation,4.0,3.0,54.0,C,"YX,ZZ",-3.6626379534211444e-10
validation,4.0,3.0,54.0,C,"YY,YZ",5.691638058485937e-10
validation,4.0,3.0,54.0,C,"YY,ZI",5.217077770507295e-09
validation,4.0,3.0,54.0,C,"YY,ZX",-4.418779505231027e-09
validation,4.0,3.0,54.0,C,"YY,ZY",1.3157620528424435e-09
validation,4.0,3.0,54.0,C,"YY,ZZ",-3.056824364380123e-09
validation,4.0,3.0,54.0,C,"YZ,ZI",1.9172866531207426e-09
validation,4.0,3.0,54.0,C,"YZ,ZX",-6.863202219316672e-10
validation,4.0,3.0,54.0,C,"YZ,ZY",-9.425763652665814e-10
validation,4.0,3.0,54.0,C,"YZ,ZZ",-8.262516987528144e-09
validation,4.0,3.0,54.0,C,"ZI,ZX",-1.2214020894432726e-09
validation,4.0,3.0,54.0,C,"ZI,ZY",4.577114940215263e-09
validation,4.0,3.0,54.0,C,"ZI,ZZ",-1.2904521632352204e-08
validation,4.0,3.0,54.0,C,"ZX,ZY",-8.866454089734966e-11
validation,4.0,3.0,54.0,C,"ZX,ZZ",2.861863978782933e-09
validation,4.0,3.0,54.0,C,"ZY,ZZ",-9.59130565214427e-09
validation,4.0,3.0,54.0,A,"IX,IY",3.8777539934531726e-09
validation,4.0,3.0,54.0,A,"IX,IZ",2.500422279192433e-08
validation,4.0,3.0,54.0,A,"IX,XI",2.063236076583206e-08
validation,4.0,3.0,54.0,A,"IX,XX",2.7098537691730995e-09
validation,4.0,3.0,54.0,A,"IX,XY",-1.351285552054641e-08
validation,4.0,3.0,54.0,A,"IX,XZ",-1.2841608309609626e-10
validation,4.0,3.0,54.0,A,"IX,YI",6.549938353201183e-09
validation,4.0,3.0,54.0,A,"IX,YX",-1.3147916054805241e-08
validation,4.0,3.0,54.0,A,"IX,YY",3.5955069602137925e-09
validation,4.0,3.0,54.0,A,"IX,YZ",9.220185289731365e-09
validation,4.0,3.0,54.0,A,"IX,ZI",1.3405257453114108e-08
validation,4.0,3.0,54.0,A,"IX,ZX",6.89307854202153e-10
validation,4.0,3.0,54.0,A,"IX,ZY",-1.914854154877966e-09
validation,4.0,3.0,54.0,A,"IX,ZZ",-9.18808397145987e-10
validation,4.0,3.0,54.0,A,"IY,IZ",-6.320019304442635e-09
validation,4.0,3.0,54.0,A,"IY,XI",-4.6738666033404265e-09
validation,4.0,3.0,54.0,A,"IY,XX",5.164104878497764e-09
validation,4.0,3.0,54.0,A,"IY,XY",-6.351476179605622e-10
validation,4.0,3.0,54.0,A,"IY,XZ",5.653923449214227e-10
validation,4.0,3.0,54.0,A,"IY,YI",-9.5825415452388e-10
validation,4.0,3.0,54.0,A,"IY,YX",2.512160534641677e-09
validation,4.0,3.0,54.0,A,"IY,YY",-2.425257893482465e-09
validation,4.0,3.0,54.0,A,"IY,YZ",-5.993980570951032e-09
validation,4.0,3.0,54.0,A,"IY,ZI",-5.48527689763336e-09
validation,4.0,3.0,54.0,A,"IY,ZX",3.5005576319784607e-09
validation,4.0,3.0,54.0,A,"IY,ZY",-3.789071019759118e-09
validation,4.0,3.0,54.0,A,"IY,ZZ",8.864916427244229e-10
validation,4.0,3.0,54.0,A,"IZ,XI",-1.951749201697874e-08
validation,4.0,3.0,54.0,A,"IZ,XX",6.756926766638764e-10
validation,4.0,3.0,54.0,A,"IZ,XY",-3.709520798172994e-10
validation,4.0,3.0,54.0,A,"IZ,XZ",-3.414814063475002e-09
validation,4.0,3.0,54.0,A,"IZ,YI",3.876933139871059e-09
validation,4.0,3.0,54.0,A,"IZ,YX",-2.45045799553035e-10
validation,4.0,3.0,54.0,A,"IZ,YY",-2.7653623050527186e-09
validation,4.0,3.0,54.0,A,"IZ,YZ",-7.0712300079941785e-09
validation,4.0,3.0,54.0,A,"IZ,ZI",-4.752910334459147e-10
validation,4.0,3.0,54.0,A,"IZ,ZX",-4.1541314510009515e-09
validation,4.0,3.0,54.0,A,"IZ,ZY",-3.1211307425868915e-09
validation,4.0,3.0,54.0,A,"IZ,ZZ",-2.5341127906597595e-09
validation,4.0,3.0,54.0,A,"XI,XX",-1.7414050443732976e-09
validation,4.0,3.0,54.0,A,"XI,XY",-1.2175409448635723e-08
validation,4.0,3.0,54.0,A,"XI,XZ",1.038066275658748e-09
validation,4.0,3.0,54.0,A,"XI,YI",1.6875662379319616e-09
validation,4.0,3.0,54.0,A,"XI,YX",-1.3909339328529871e-08
validation,4.0,3.0,54.0,A,"XI,YY",5.2694242683106565e-09
validation,4.0,3.0,54.0,A,"XI,YZ",3.879914345251677e-09
validation,4.0,3.0,54.0,A,"XI,ZI",1.671265196875356e-08
validation,4.0,3.0,54.0,A,"XI,ZX",2.1068104270014634e-09
validation,4.0,3.0,54.0,A,"XI,ZY",5.030248552368602e-09
validation,4.0,3.0,54.0,A,"XI,ZZ",6.208106311789701e-10
validation,4.0,3.0,54.0,A,"XX,XY",1.819485709136086e-08
validation,4.0,3.0,54.0,A,"XX,XZ",-3.5596124463374406e-08
validation,4.0,3.0,54.0,A,"XX,YI",-6.8086898879783165e-09
validation,4.0,3.0,54.0,A,"XX,YX",3.0292702557996814e-08
validation,4.0,3.0,54.0,A,"XX,YY",2.9607038186977274e-13
validation,4.0,3.0,54.0,A,"XX,YZ",-1.0873981697902913e-08
validation,4.0,3.0,54.0,A,"XX,ZI",3.868879743009379e-10
validation,4.0,3.0,54.0,A,"XX,ZX",-2.268776527952606e-08
validation,4.0,3.0,54.0,A,"XX,ZY",-5.881688093105866e-09
validation,4.0,3.0,54.0,A,"XX,ZZ",-4.283170857101509e-09
validation,4.0,3.0,54.0,A,"XY,XZ",-1.4205455694478482e-10
validation,4.0,3.0,54.0,A,"XY,YI",-2.105775844096231e-09
validation,4.0,3.0,54.0,A,"XY,YX",-4.556527349813076e-10
validation,4.0,3.0,54.0,A,"XY,YY",-5.228889365951561e-10
validation,4.0,3.0,54.0,A,"XY,YZ",5.279752717400293e-10
validation,4.0,3.0,54.0,A,"XY,ZI",-2.896326493903811e-10
validation,4.0,3.0,54.0,A,"XY,ZX",-4.419021164173859e-10
validation,4.0,3.0,54.0,A,"XY,ZY",-2.0306873153628654e-09
validation,4.0,3.0,54.0,A,"XY,ZZ",-2.3170795057715488e-09
validation,4.0,3.0,54.0,A,"XZ,YI",-2.317239349450985e-09
validation,4.0,3.0,54.0,A,"XZ,YX",-4.84756452011685e-10
validation,4.0,3.0,54.0,A,"XZ,YY",2.0392702562059166e-09
validation,4.0,3.0,54.0,A,"XZ,YZ",4.11050167260409e-09
validation,4.0,3.0,54.0,A,"XZ,ZI",4.979059059441659e-09
validation,4.0,3.0,54.0,A,"XZ,ZX",-2.2355142960725555e-10
validation,4.0,3.0,54.0,A,"XZ,ZY",4.4461096388335985e-09
validation,4.0,3.0,54.0,A,"XZ,ZZ",-2.0972366047883863e-09
validation,4.0,3.0,54.0,A,"YI,YX",-1.3313402487742058e-09
validation,4.0,3.0,54.0,A,"YI,YY",-2.030908836648549e-09
validation,4.0,3.0,54.0,A,"YI,YZ",-2.018150888031428e-09
validation,4.0,3.0,54.0,A,"YI,ZI",-6.6079368890285924e-09
validation,4.0,3.0,54.0,A,"YI,ZX",2.6522026502079354e-10
validation,4.0,3.0,54.0,A,"YI,ZY",-5.024998102860127e-09
validation,4.0,3.0,54.0,A,"YI,ZZ",1.834473336375189e-09
validation,4.0,3.0,54.0,A,"YX,YY",-1.0820421883692653e-09
validation,4.0,3.0,54.0,A,"YX,YZ",-2.503512698591266e-09
validation,4.0,3.0,54.0,A,"YX,ZI",2.9672790266555005e-10
validation,4.0,3.0,54.0,A,"YX,ZX",-4.4523611155263915e-10
validation,4.0,3.0,54.0,A,"YX,ZY",-7.044501190873763e-10
validation,4.0,3.0,54.0,A,"YX,ZZ",-3.133133473234989e-09
validation,4.0,3.0,54.0,A,"YY,YZ",3.4096428259415953e-09
validation,4.0,3.0,54.0,A,"YY,ZI",2.0671940052774253e-09
validation,4.0,3.0,54.0,A,"YY,ZX",-2.075815923766281e-09
validation,4.0,3.0,54.0,A,"YY,ZY",2.6823842133682e-09
validation,4.0,3.0,54.0,A,"YY,ZZ",8.20787133779552e-09
validation,4.0,3.0,54.0,A,"YZ,ZI",4.837589479528362e-09
validation,4.0,3.0,54.0,A,"YZ,ZX",-3.5608913221004243e-09
validation,4.0,3.0,54.0,A,"YZ,ZY",1.1930549420163502e-09
validation,4.0,3.0,54.0,A,"YZ,ZZ",-3.276873129439138e-09
validation,4.0,3.0,54.0,A,"ZI,ZX",-4.390972527917844e-09
validation,4.0,3.0,54.0,A,"ZI,ZY",-6.315487811546898e-09
validation,4.0,3.0,54.0,A,"ZI,ZZ",-3.3716159490590274e-09
validation,4.0,3.0,54.0,A,"ZX,ZY",3.1951356643247053e-09
validation,4.0,3.0,54.0,A,"ZX,ZZ",-3.360702220772538e-09
validation,4.0,3.0,54.0,A,"ZY,ZZ",-3.2579568811731054e-09
