pair_id,source_x,source_y,multiplier_x,multiplier_y,strength_x_s^-1,strength_y_s^-1,condition_id,x_only_condition_id,y_only_condition_id,zero_condition_id,nbar,grid_infidelity,x_only_infidelity,y_only_infidelity,zero_infidelity,additive_prediction,interaction_infidelity,pair_noise_penalty,relative_interaction_to_pair_noise,interaction_per_multiplier_product,nominal_bilinear_coefficient,bilinear_prediction,bilinear_residual,relative_bilinear_residual
motional_heating__motional_dephasing,motional_heating,motional_dephasing,0.0,0.0,0.0,0.0,rates_7283b228c09abbcb,rates_7283b228c09abbcb,rates_7283b228c09abbcb,rates_7283b228c09abbcb,0.01,0.0002487641440845,0.0002487641440845,0.0002487641440845,0.0002487641440845,0.0002487641440845,0.0,0.0,0.0,,-2.9278646569990026e-07,-0.0,0.0,
motional_heating__motional_dephasing,motional_heating,motional_dephasing,0.5,0.0,5.0,0.0,rates_d40c9e1dbffac54a,rates_d40c9e1dbffac54a,rates_7283b228c09abbcb,rates_7283b228c09abbcb,0.01,0.0004438274759339,0.0004438274759339,0.0002487641440845,0.0002487641440845,0.0004438274759338999,5.421010862427522e-20,0.0001950633318494,2.7791029769822917e-16,,-2.9278646569990026e-07,-0.0,5.421010862427522e-20,
motional_heating__motional_dephasing,motional_heating,motional_dephasing,1.0,0.0,10.0,0.0,rates_a8953962d6e58e19,rates_a8953962d6e58e19,rates_7283b228c09abbcb,rates_7283b228c09abbcb,0.01,0.0006387326460262,0.0006387326460262,0.0002487641440845,0.0002487641440845,0.0006387326460261999,1.0842021724855044e-19,0.00038996850194170004,2.780230113681314e-16,,-2.9278646569990026e-07,-0.0,1.0842021724855044e-19,
motional_heating__motional_dephasing,motional_heating,motional_dephasing,2.0,0.0,20.0,0.0,rates_95304e3098130ea3,rates_95304e3098130ea3,rates_7283b228c09abbcb,rates_7283b228c09abbcb,0.01,0.0010282516239936,0.0010282516239936,0.0002487641440845,0.0002487641440845,0.0010282516239936,0.0,0.0007794874799091,0.0,,-2.9278646569990026e-07,-0.0,0.0,
motional_heating__motional_dephasing,motional_heating,motional_dephasing,4.0,0.0,40.0,0.0,rates_0e752ad71c6095d9,rates_0e752ad71c6095d9,rates_7283b228c09abbcb,rates_7283b228c09abbcb,0.01,0.0018057867413734,0.0018057867413734,0.0002487641440845,0.0002487641440845,0.0018057867413733997,2.168404344971009e-19,0.0015570225972889,1.3926608057883372e-16,,-2.9278646569990026e-07,-0.0,2.168404344971009e-19,
motional_heating__motional_dephasing,motional_heating,motional_dephasing,0.0,0.5,0.0,9.0,rates_70251d48c79bc447,rates_7283b228c09abbcb,rates_70251d48c79bc447,rates_7283b228c09abbcb,0.01,0.0004905090038785,0.0002487641440845,0.0004905090038785,0.0002487641440845,0.0004905090038785,0.0,0.00024174485979400006,0.0,,-2.9278646569990026e-07,-0.0,0.0,
motional_heating__motional_dephasing,motional_heating,motional_dephasing,0.5,0.5,5.0,9.0,rates_7affb8fbc133d6bd,rates_d40c9e1dbffac54a,rates_70251d48c79bc447,rates_7283b228c09abbcb,0.01,0.0006854727238632,0.0004438274759339,0.0004905090038785,0.0002487641440845,0.0006855723357279001,-9.961186470011478e-08,0.0004367085797787,-0.0002280968804198732,-3.984474588004591e-07,-2.9278646569990026e-07,-7.319661642497506e-08,-2.6415248275139715e-08,-0.26518174671926686
motional_heating__motional_dephasing,motional_heating,motional_dephasing,1.0,0.5,10.0,9.0,rates_6d2ebea4f1e4f35a,rates_a8953962d6e58e19,rates_70251d48c79bc447,rates_7283b228c09abbcb,0.01,0.0008803304078984,0.0006387326460262,0.0004905090038785,0.0002487641440845,0.0008804775058201999,-1.4709792179993814e-07,0.0006315662638139,-0.00023290972021153212,-2.941958435998763e-07,-2.9278646569990026e-07,-1.4639323284995013e-07,-7.046889499880138e-10,-0.0047906111885552835
motional_heating__motional_dephasing,motional_heating,motional_dephasing,2.0,0.5,20.0,9.0,rates_370adf81f1b648c5,rates_95304e3098130ea3,rates_70251d48c79bc447,rates_7283b228c09abbcb,0.01,0.001269666839238,0.0010282516239936,0.0004905090038785,0.0002487641440845,0.0012699964837876,-3.2964454959997537e-07,0.0010209026951535,-0.00032289517028888924,-3.2964454959997537e-07,-2.9278646569990026e-07,-2.9278646569990026e-07,-3.685808390007511e-08,-0.11181159811318739
motional_heating__motional_dephasing,motional_heating,motional_dephasing,4.0,0.5,40.0,9.0,rates_ceb4eecb4eaacfc2,rates_0e752ad71c6095d9,rates_70251d48c79bc447,rates_7283b228c09abbcb,0.01,0.0020468871180874,0.0018057867413734,0.0004905090038785,0.0002487641440845,0.0020475316011674,-6.444830800002126e-07,0.0017981229740029,-0.00035841991305271716,-3.222415400001063e-07,-2.9278646569990026e-07,-5.855729313998005e-07,-5.891014860041205e-08,-0.09140681955590303
motional_heating__motional_dephasing,motional_heating,motional_dephasing,0.0,1.0,0.0,18.0,rates_65e4c1ad12cf1435,rates_7283b228c09abbcb,rates_65e4c1ad12cf1435,rates_7283b228c09abbcb,0.01,0.0007318486089153,0.0002487641440845,0.0007318486089153,0.0002487641440845,0.0007318486089152999,1.0842021724855044e-19,0.00048308446483080004,2.2443325161889555e-16,,-2.9278646569990026e-07,-0.0,1.0842021724855044e-19,
motional_heating__motional_dephasing,motional_heating,motional_dephasing,0.5,1.0,5.0,18.0,rates_935232b07d52685d,rates_d40c9e1dbffac54a,rates_65e4c1ad12cf1435,rates_7283b228c09abbcb,0.01,0.0009267712089849,0.0004438274759339,0.0007318486089153,0.0002487641440845,0.0009269119407647,-1.4073177979998658e-07,0.0006780070649003999,-0.0002075668338657507,-2.8146355959997316e-07,-2.9278646569990026e-07,-1.4639323284995013e-07,5.661453049963551e-09,0.040228675129454244
motional_heating__motional_dephasing,motional_heating,motional_dephasing,1.0,1.0,10.0,18.0,rates_2524745c632f6db4,rates_a8953962d6e58e19,rates_65e4c1ad12cf1435,rates_7283b228c09abbcb,0.01,0.0011215243243913,0.0006387326460262,0.0007318486089153,0.0002487641440845,0.001121817110857,-2.9278646569990026e-07,0.0008727601803068001,-0.00033547184244471083,-2.9278646569990026e-07,-2.9278646569990026e-07,-2.9278646569990026e-07,0.0,0.0
motional_heating__motional_dephasing,motional_heating,motional_dephasing,2.0,1.0,20.0,18.0,rates_3fa0e6fcd1bc3bb5,rates_95304e3098130ea3,rates_65e4c1ad12cf1435,rates_7283b228c09abbcb,0.01,0.0015107096955505,0.0010282516239936,0.0007318486089153,0.0002487641440845,0.0015113360888244002,-6.263932739000895e-07,0.001261945551466,-0.0004963710781122129,-3.1319663695004475e-07,-2.9278646569990026e-07,-5.855729313998005e-07,-4.0820342500288986e-08,-0.06516727461987384
motional_heating__motional_dephasing,motional_heating,motional_dephasing,4.0,1.0,40.0,18.0,rates_15e2db7947d1c0fd,rates_0e752ad71c6095d9,rates_65e4c1ad12cf1435,rates_7283b228c09abbcb,0.01,0.0022876247519466,0.0018057867413734,0.0007318486089153,0.0002487641440845,0.0022888712062042,-1.2464542576001714e-06,0.0020388606078621,-0.0006113484427496852,-3.1161356440004284e-07,-2.9278646569990026e-07,-1.171145862799601e-06,-7.530839480057033e-08,-0.06041809744832788
motional_heating__motional_dephasing,motional_heating,motional_dephasing,0.0,2.0,0.0,36.0,rates_7f1e3dd0f07550fa,rates_7283b228c09abbcb,rates_7f1e3dd0f07550fa,rates_7283b228c09abbcb,0.01,0.0012134626861624,0.0002487641440845,0.0012134626861624,0.0002487641440845,0.0012134626861624,0.0,0.0009646985420778999,0.0,,-2.9278646569990026e-07,-0.0,0.0,
motional_heating__motional_dephasing,motional_heating,motional_dephasing,0.5,2.0,5.0,36.0,rates_9cf49ad0d13c8639,rates_d40c9e1dbffac54a,rates_7f1e3dd0f07550fa,rates_7283b228c09abbcb,0.01,0.0014082326379621,0.0004438274759339,0.0012134626861624,0.0002487641440845,0.0014085260180118,-2.933800496999952e-07,0.0011594684938776,-0.00025302977290814254,-2.933800496999952e-07,-2.9278646569990026e-07,-2.9278646569990026e-07,-5.935840000949322e-10,-0.0020232595934928767
motional_heating__motional_dephasing,motional_heating,motional_dephasing,1.0,2.0,10.0,36.0,rates_590721c3770d8a77,rates_a8953962d6e58e19,rates_7f1e3dd0f07550fa,rates_7283b228c09abbcb,0.01,0.0016028287651266,0.0006387326460262,0.0012134626861624,0.0002487641440845,0.0016034311881041,-6.024229774999681e-07,0.0013540646210421,-0.00044489972497497064,-3.012114887499841e-07,-2.9278646569990026e-07,-5.855729313998005e-07,-1.685004610016763e-08,-0.027970457186235934
motional_heating__motional_dephasing,motional_heating,motional_dephasing,2.0,2.0,20.0,36.0,rates_3f28f4785d99bb44,rates_95304e3098130ea3,rates_7f1e3dd0f07550fa,rates_7283b228c09abbcb,0.01,0.0019916930919459,0.0010282516239936,0.0012134626861624,0.0002487641440845,0.0019929501660715,-1.2570741256003569e-06,0.0017429289478613998,-0.000721242324388958,-3.142685314000892e-07,-2.9278646569990026e-07,-1.171145862799601e-06,-8.592826280075586e-08,-0.06835576443013494
motional_heating__motional_dephasing,motional_heating,motional_dephasing,4.0,2.0,40.0,36.0,rates_4e8eb8555c2e82a0,rates_0e752ad71c6095d9,rates_7f1e3dd0f07550fa,rates_7283b228c09abbcb,0.01,0.0027679817961564,0.0018057867413734,0.0012134626861624,0.0002487641440845,0.0027704852834513002,-2.5034872949002314e-06,0.0025192176520719,-0.0009937558562442069,-3.129359118625289e-07,-2.9278646569990026e-07,-2.342291725599202e-06,-1.6119556930102932e-07,-0.06438841116924991
motional_heating__motional_dephasing,motional_heating,motional_dephasing,0.0,4.0,0.0,72.0,rates_e627b957213b2032,rates_7283b228c09abbcb,rates_e627b957213b2032,rates_7283b228c09abbcb,0.01,0.002172277059574,0.0002487641440845,0.002172277059574,0.0002487641440845,0.002172277059574,0.0,0.0019235129154895,0.0,,-2.9278646569990026e-07,-0.0,0.0,
motional_heating__motional_dephasing,motional_heating,motional_dephasing,0.5,4.0,5.0,72.0,rates_17830da3b3822d7d,rates_d40c9e1dbffac54a,rates_e627b957213b2032,rates_7283b228c09abbcb,0.01,0.0023667004226475,0.0004438274759339,0.002172277059574,0.0002487641440845,0.0023673403914234,-6.399687758999739e-07,0.0021179362785630003,-0.0003021662088597806,-3.1998438794998696e-07,-2.9278646569990026e-07,-5.855729313998005e-07,-5.43958445001734e-08,-0.08499765386784336
motional_heating__motional_dephasing,motional_heating,motional_dephasing,1.0,4.0,10.0,72.0,rates_8142d8384202664f,rates_a8953962d6e58e19,rates_e627b957213b2032,rates_7283b228c09abbcb,0.01,0.0025609976029631,0.0006387326460262,0.002172277059574,0.0002487641440845,0.0025622455615157,-1.247958552599935e-06,0.0023122334588786004,-0.0005397199611518366,-3.1198963814998374e-07,-2.9278646569990026e-07,-1.171145862799601e-06,-7.681268980033393e-08,-0.0615506738106856
motional_heating__motional_dephasing,motional_heating,motional_dephasing,2.0,4.0,20.0,72.0,rates_32d7c04b5236f41d,rates_95304e3098130ea3,rates_e627b957213b2032,rates_7283b228c09abbcb,0.01,0.0029492576516918,0.0010282516239936,0.002172277059574,0.0002487641440845,0.0029517645394831005,-2.5068877913003197e-06,0.0027004935076073004,-0.0009283072831830209,-3.1336097391253996e-07,-2.9278646569990026e-07,-2.342291725599202e-06,-1.6459606570111765e-07,-0.0656575321290076
motional_heating__motional_dephasing,motional_heating,motional_dephasing,4.0,4.0,40.0,72.0,rates_4685856fe1f290d1,rates_0e752ad71c6095d9,rates_e627b957213b2032,rates_7283b228c09abbcb,0.01,0.003724300864864,0.0018057867413734,0.002172277059574,0.0002487641440845,0.0037292996568629,-4.998791998900038e-06,0.0034755367207795003,-0.001438279149523386,-3.124244999312524e-07,-2.9278646569990026e-07,-4.684583451198404e-06,-3.142085477016339e-07,-0.06285689578017531
motional_heating__motional_dephasing,motional_heating,motional_dephasing,0.0,0.0,0.0,0.0,rates_7283b228c09abbcb,rates_7283b228c09abbcb,rates_7283b228c09abbcb,rates_7283b228c09abbcb,1.0,0.0013018788028587,0.0013018788028587,0.0013018788028587,0.0013018788028587,0.0013018788028587,0.0,0.0,0.0,,-1.062953931400476e-06,-0.0,0.0,
motional_heating__motional_dephasing,motional_heating,motional_dephasing,0.5,0.0,5.0,0.0,rates_d40c9e1dbffac54a,rates_d40c9e1dbffac54a,rates_7283b228c09abbcb,rates_7283b228c09abbcb,1.0,0.0014930351155408,0.0014930351155408,0.0013018788028587,0.0013018788028587,0.0014930351155408002,-2.168404344971009e-19,0.0001911563126821001,-1.1343618814080937e-15,,-1.062953931400476e-06,-0.0,-2.168404344971009e-19,
motional_heating__motional_dephasing,motional_heating,motional_dephasing,1.0,0.0,10.0,0.0,rates_a8953962d6e58e19,rates_a8953962d6e58e19,rates_7283b228c09abbcb,rates_7283b228c09abbcb,1.0,0.0016840630080643,0.0016840630080643,0.0013018788028587,0.0013018788028587,0.0016840630080643,0.0,0.00038218420520560016,0.0,,-1.062953931400476e-06,-0.0,0.0,
motional_heating__motional_dephasing,motional_heating,motional_dephasing,2.0,0.0,20.0,0.0,rates_95304e3098130ea3,rates_95304e3098130ea3,rates_7283b228c09abbcb,rates_7283b228c09abbcb,1.0,0.0020657804870172,0.0020657804870172,0.0013018788028587,0.0013018788028587,0.0020657804870172,0.0,0.0007639016841585002,0.0,,-1.062953931400476e-06,-0.0,0.0,
motional_heating__motional_dephasing,motional_heating,motional_dephasing,4.0,0.0,40.0,0.0,rates_0e752ad71c6095d9,rates_0e752ad71c6095d9,rates_7283b228c09abbcb,rates_7283b228c09abbcb,1.0,0.0028277839058091,0.0028277839058091,0.0013018788028587,0.0013018788028587,0.0028277839058091,0.0,0.0015259051029504,0.0,,-1.062953931400476e-06,-0.0,0.0,
motional_heating__motional_dephasing,motional_heating,motional_dephasing,0.0,0.5,0.0,9.0,rates_70251d48c79bc447,rates_7283b228c09abbcb,rates_70251d48c79bc447,rates_7283b228c09abbcb,1.0,0.001871974006538,0.0013018788028587,0.001871974006538,0.0013018788028587,0.001871974006538,0.0,0.0005700952036793,0.0,,-1.062953931400476e-06,-0.0,0.0,
motional_heating__motional_dephasing,motional_heating,motional_dephasing,0.5,0.5,5.0,9.0,rates_7affb8fbc133d6bd,rates_d40c9e1dbffac54a,rates_70251d48c79bc447,rates_7283b228c09abbcb,1.0,0.0020628713097086,0.0014930351155408,0.001871974006538,0.0013018788028587,0.0020631303192201,-2.590095114999441e-07,0.0007609925068499,-0.00034035750571592916,-1.0360380459997764e-06,-1.062953931400476e-06,-2.65738482850119e-07,6.728971350174889e-09,0.025979630289277394
motional_heating__motional_dephasing,motional_heating,motional_dephasing,1.0,0.5,10.0,9.0,rates_6d2ebea4f1e4f35a,rates_a8953962d6e58e19,rates_70251d48c79bc447,rates_7283b228c09abbcb,1.0,0.0022536332121567,0.0016840630080643,0.001871974006538,0.0013018788028587,0.0022541582117436,-5.249995869002419e-07,0.000951754409298,-0.0005516124556622479,-1.0499991738004838e-06,-1.062953931400476e-06,-5.31476965700238e-07,6.477378799996103e-09,0.012337874089083628
motional_heating__motional_dephasing,motional_heating,motional_dephasing,2.0,0.5,20.0,9.0,rates_370adf81f1b648c5,rates_95304e3098130ea3,rates_70251d48c79bc447,rates_7283b228c09abbcb,1.0,0.0026348065414041,0.0020657804870172,0.001871974006538,0.0013018788028587,0.0026358756906965,-1.0691492924003003e-06,0.0013329277385454,-0.0008021059667998534,-1.0691492924003003e-06,-1.062953931400476e-06,-1.062953931400476e-06,-6.19536099982429e-09,-0.0057946640790598625
motional_heating__motional_dephasing,motional_heating,motional_dephasing,4.0,0.5,40.0,9.0,rates_ceb4eecb4eaacfc2,rates_0e752ad71c6095d9,rates_70251d48c79bc447,rates_7283b228c09abbcb,1.0,0.0033957674064793,0.0028277839058091,0.001871974006538,0.0013018788028587,0.0033978791094883996,-2.111703009099672e-06,0.0020938886036206,-0.0010085078095598153,-1.055851504549836e-06,-1.062953931400476e-06,-2.125907862800952e-06,1.4204853701280107e-08,0.0067267289197719
motional_heating__motional_dephasing,motional_heating,motional_dephasing,0.0,1.0,0.0,18.0,rates_65e4c1ad12cf1435,rates_7283b228c09abbcb,rates_65e4c1ad12cf1435,rates_7283b228c09abbcb,1.0,0.0024400370379658,0.0013018788028587,0.0024400370379658,0.0013018788028587,0.0024400370379658,0.0,0.0011381582351071002,0.0,,-1.062953931400476e-06,-0.0,0.0,
motional_heating__motional_dephasing,motional_heating,motional_dephasing,0.5,1.0,5.0,18.0,rates_935232b07d52685d,rates_d40c9e1dbffac54a,rates_65e4c1ad12cf1435,rates_7283b228c09abbcb,1.0,0.0026306516245956,0.0014930351155408,0.0024400370379658,0.0013018788028587,0.0026311933506479,-5.41726052300049e-07,0.0013287728217369,-0.0004076889920068759,-1.083452104600098e-06,-1.062953931400476e-06,-5.31476965700238e-07,-1.0249086599811025e-08,-0.018919316426255797
motional_heating__motional_dephasing,motional_heating,motional_dephasing,1.0,1.0,10.0,18.0,rates_2524745c632f6db4,rates_a8953962d6e58e19,rates_65e4c1ad12cf1435,rates_7283b228c09abbcb,1.0,0.00282115828924,0.0016840630080643,0.0024400370379658,0.0013018788028587,0.0028222212431714003,-1.062953931400476e-06,0.0015192794863813,-0.0006996434434405982,-1.062953931400476e-06,-1.062953931400476e-06,-1.062953931400476e-06,0.0,0.0
motional_heating__motional_dephasing,motional_heating,motional_dephasing,2.0,1.0,20.0,18.0,rates_3fa0e6fcd1bc3bb5,rates_95304e3098130ea3,rates_65e4c1ad12cf1435,rates_7283b228c09abbcb,1.0,0.0032018063972841,0.0020657804870172,0.0024400370379658,0.0013018788028587,0.0032039387221243004,-2.132324840200487e-06,0.0018999275944254,-0.00112231900123824,-1.0661624201002435e-06,-1.062953931400476e-06,-2.125907862800952e-06,-6.416977399534979e-09,-0.0030093807840889933
motional_heating__motional_dephasing,motional_heating,motional_dephasing,4.0,1.0,40.0,18.0,rates_15e2db7947d1c0fd,rates_0e752ad71c6095d9,rates_65e4c1ad12cf1435,rates_7283b228c09abbcb,1.0,0.0039616966127098,0.0028277839058091,0.0024400370379658,0.0013018788028587,0.0039659421409162,-4.2455282063995695e-06,0.0026598178098511003,-0.0015961725613970676,-1.0613820515998924e-06,-1.062953931400476e-06,-4.251815725601904e-06,6.287519202334557e-09,0.0014809745446648919
motional_heating__motional_dephasing,motional_heating,motional_dephasing,0.0,2.0,0.0,36.0,rates_7f1e3dd0f07550fa,rates_7283b228c09abbcb,rates_7f1e3dd0f07550fa,rates_7283b228c09abbcb,1.0,0.0035700257729672,0.0013018788028587,0.0035700257729672,0.0013018788028587,0.0035700257729672,0.0,0.0022681469701085,0.0,,-1.062953931400476e-06,-0.0,0.0,
motional_heating__motional_dephasing,motional_heating,motional_dephasing,0.5,2.0,5.0,36.0,rates_9cf49ad0d13c8639,rates_d40c9e1dbffac54a,rates_7f1e3dd0f07550fa,rates_7283b228c09abbcb,1.0,0.0037601312260487,0.0014930351155408,0.0035700257729672,0.0013018788028587,0.0037611820856493002,-1.0508596006001715e-06,0.00245825242319,-0.00042748238166546895,-1.0508596006001715e-06,-1.062953931400476e-06,-1.062953931400476e-06,1.2094330800304504e-08,0.01150898825437493
motional_heating__motional_dephasing,motional_heating,motional_dephasing,1.0,2.0,10.0,36.0,rates_590721c3770d8a77,rates_a8953962d6e58e19,rates_7f1e3dd0f07550fa,rates_7283b228c09abbcb,1.0,0.0039500894861645,0.0016840630080643,0.0035700257729672,0.0013018788028587,0.0039522099781728005,-2.1204920083008408e-06,0.0026482106833057998,-0.000800726325011951,-1.0602460041504204e-06,-1.062953931400476e-06,-2.125907862800952e-06,5.415854500111228e-09,0.0025540556054493104
motional_heating__motional_dephasing,motional_heating,motional_dephasing,2.0,2.0,20.0,36.0,rates_3f28f4785d99bb44,rates_95304e3098130ea3,rates_7f1e3dd0f07550fa,rates_7283b228c09abbcb,1.0,0.0043297010694782,0.0020657804870172,0.0035700257729672,0.0013018788028587,0.004333927457125701,-4.22638764750044e-06,0.0030278222666195002,-0.0013958506396146934,-1.05659691187511e-06,-1.062953931400476e-06,-4.251815725601904e-06,2.5428078101463747e-08,0.006016503979823611
motional_heating__motional_dephasing,motional_heating,motional_dephasing,4.0,2.0,40.0,36.0,rates_4e8eb8555c2e82a0,rates_0e752ad71c6095d9,rates_7f1e3dd0f07550fa,rates_7283b228c09abbcb,1.0,0.0050874944382822,0.0028277839058091,0.0035700257729672,0.0013018788028587,0.0050959308759176,-8.436437635399828e-06,0.0037856156354235003,-0.002228551033141545,-1.0545547044249785e-06,-1.062953931400476e-06,-8.503631451203808e-06,6.719381580398004e-08,0.00796471433890894
motional_heating__motional_dephasing,motional_heating,motional_dephasing,0.0,4.0,0.0,72.0,rates_e627b957213b2032,rates_7283b228c09abbcb,rates_e627b957213b2032,rates_7283b228c09abbcb,1.0,0.0058059823070857,0.0013018788028587,0.0058059823070857,0.0013018788028587,0.0058059823070857,0.0,0.004504103504227,0.0,,-1.062953931400476e-06,-0.0,0.0,
motional_heating__motional_dephasing,motional_heating,motional_dephasing,0.5,4.0,5.0,72.0,rates_17830da3b3822d7d,rates_d40c9e1dbffac54a,rates_e627b957213b2032,rates_7283b228c09abbcb,1.0,0.005995029780075,0.0014930351155408,0.0058059823070857,0.0013018788028587,0.0059971386197678,-2.1088396928003322e-06,0.0046931509772163,-0.000449344098035212,-1.0544198464001661e-06,-1.062953931400476e-06,-2.125907862800952e-06,1.7068170000619776e-08,0.008093630852497338
motional_heating__motional_dephasing,motional_heating,motional_dephasing,1.0,4.0,10.0,72.0,rates_8142d8384202664f,rates_a8953962d6e58e19,rates_e627b957213b2032,rates_7283b228c09abbcb,1.0,0.0061839759450801,0.0016840630080643,0.0058059823070857,0.0013018788028587,0.006188166512291301,-4.190567211201021e-06,0.0048820971422214,-0.0008583539182291392,-1.0476418028002553e-06,-1.062953931400476e-06,-4.251815725601904e-06,6.124851440088286e-08,0.014615805286971872
motional_heating__motional_dephasing,motional_heating,motional_dephasing,2.0,4.0,20.0,72.0,rates_32d7c04b5236f41d,rates_95304e3098130ea3,rates_e627b957213b2032,rates_7283b228c09abbcb,1.0,0.0065614977703105,0.0020657804870172,0.0058059823070857,0.0013018788028587,0.006569883991244201,-8.386220933701005e-06,0.0052596189674518,-0.001594454082243907,-1.0482776167126256e-06,-1.062953931400476e-06,-8.503631451203808e-06,1.1741051750280285e-07,0.014000408340182765
motional_heating__motional_dephasing,motional_heating,motional_dephasing,4.0,4.0,40.0,72.0,rates_4685856fe1f290d1,rates_0e752ad71c6095d9,rates_e627b957213b2032,rates_7283b228c09abbcb,1.0,0.0073151547089237,0.0028277839058091,0.0058059823070857,0.0013018788028587,0.0073318874100361,-1.6732701112400113e-05,0.006013275906065,-0.0027826265373127952,-1.045793819525007e-06,-1.062953931400476e-06,-1.7007262902407616e-05,2.745617900075034e-07,0.016408695055458423
motional_heating__motional_dephasing,motional_heating,motional_dephasing,0.0,0.0,0.0,0.0,rates_7283b228c09abbcb,rates_7283b228c09abbcb,rates_7283b228c09abbcb,rates_7283b228c09abbcb,2.0,0.0030258929745734,0.0030258929745734,0.0030258929745734,0.0030258929745734,0.0030258929745734,0.0,0.0,0.0,,-1.7580894611001277e-06,-0.0,0.0,
motional_heating__motional_dephasing,motional_heating,motional_dephasing,0.5,0.0,5.0,0.0,rates_d40c9e1dbffac54a,rates_d40c9e1dbffac54a,rates_7283b228c09abbcb,rates_7283b228c09abbcb,2.0,0.0032130852810559,0.0032130852810559,0.0030258929745734,0.0030258929745734,0.0032130852810559,0.0,0.00018719230648250006,0.0,,-1.7580894611001277e-06,-0.0,0.0,
motional_heating__motional_dephasing,motional_heating,motional_dephasing,1.0,0.0,10.0,0.0,rates_a8953962d6e58e19,rates_a8953962d6e58e19,rates_7283b228c09abbcb,rates_7283b228c09abbcb,2.0,0.003400184777955,0.003400184777955,0.0030258929745734,0.0030258929745734,0.0034001847779549996,4.336808689942018e-19,0.0003742918033816001,1.1586704947210746e-15,,-1.7580894611001277e-06,-0.0,4.336808689942018e-19,
motional_heating__motional_dephasing,motional_heating,motional_dephasing,2.0,0.0,20.0,0.0,rates_95304e3098130ea3,rates_95304e3098130ea3,rates_7283b228c09abbcb,rates_7283b228c09abbcb,2.0,0.0037740332750584,0.0037740332750584,0.0030258929745734,0.0030258929745734,0.0037740332750584,0.0,0.0007481403004850002,0.0,,-1.7580894611001277e-06,-0.0,0.0,
motional_heating__motional_dephasing,motional_heating,motional_dephasing,4.0,0.0,40.0,0.0,rates_0e752ad71c6095d9,rates_0e752ad71c6095d9,rates_7283b228c09abbcb,rates_7283b228c09abbcb,2.0,0.0045203137715349,0.0045203137715349,0.0030258929745734,0.0030258929745734,0.0045203137715349,0.0,0.0014944207969615,0.0,,-1.7580894611001277e-06,-0.0,0.0,
motional_heating__motional_dephasing,motional_heating,motional_dephasing,0.0,0.5,0.0,9.0,rates_70251d48c79bc447,rates_7283b228c09abbcb,rates_70251d48c79bc447,rates_7283b228c09abbcb,2.0,0.0039091162522086,0.0030258929745734,0.0039091162522086,0.0030258929745734,0.0039091162522086,0.0,0.0008832232776352002,0.0,,-1.7580894611001277e-06,-0.0,0.0,
motional_heating__motional_dephasing,motional_heating,motional_dephasing,0.5,0.5,5.0,9.0,rates_7affb8fbc133d6bd,rates_d40c9e1dbffac54a,rates_70251d48c79bc447,rates_7283b228c09abbcb,2.0,0.0040958635829413,0.0032130852810559,0.0039091162522086,0.0030258929745734,0.0040963085586911,-4.449757498000209e-07,0.0010699706083679003,-0.0004158766103666838,-1.7799029992000837e-06,-1.7580894611001277e-06,-4.395223652750319e-07,-5.453384524988988e-09,-0.012255464544842781
motional_heating__motional_dephasing,motional_heating,motional_dephasing,1.0,0.5,10.0,9.0,rates_6d2ebea4f1e4f35a,rates_a8953962d6e58e19,rates_70251d48c79bc447,rates_7283b228c09abbcb,2.0,0.00428254003945,0.003400184777955,0.0039091162522086,0.0030258929745734,0.0042834080555902,-8.680161401996428e-07,0.0012566470648766002,-0.0006907397983576876,-1.7360322803992856e-06,-1.7580894611001277e-06,-8.790447305500639e-07,1.1028590350421058e-08,0.012705512996434023
motional_heating__motional_dephasing,motional_heating,motional_dephasing,2.0,0.5,20.0,9.0,rates_370adf81f1b648c5,rates_95304e3098130ea3,rates_70251d48c79bc447,rates_7283b228c09abbcb,2.0,0.0046555031590884,0.0037740332750584,0.0039091162522086,0.0030258929745734,0.0046572565526936,-1.753393605200687e-06,0.0016296101845149997,-0.0010759589145072307,-1.753393605200687e-06,-1.7580894611001277e-06,-1.7580894611001277e-06,4.695855899440604e-09,0.0026781527464867956
motional_heating__motional_dephasing,motional_heating,motional_dephasing,4.0,0.5,40.0,9.0,rates_ceb4eecb4eaacfc2,rates_0e752ad71c6095d9,rates_70251d48c79bc447,rates_7283b228c09abbcb,2.0,0.0054000756279218,0.0045203137715349,0.0039091162522086,0.0030258929745734,0.0054035370491701,-3.461421248299873e-06,0.0023741826533484004,-0.0014579422705401786,-1.7307106241499365e-06,-1.7580894611001277e-06,-3.5161789222002554e-06,5.475767390038244e-08,0.01581941924210394
motional_heating__motional_dephasing,motional_heating,motional_dephasing,0.0,1.0,0.0,18.0,rates_65e4c1ad12cf1435,rates_7283b228c09abbcb,rates_65e4c1ad12cf1435,rates_7283b228c09abbcb,2.0,0.0047873986741631,0.0030258929745734,0.0047873986741631,0.0030258929745734,0.0047873986741631,0.0,0.0017615056995897004,0.0,,-1.7580894611001277e-06,-0.0,0.0,
motional_heating__motional_dephasing,motional_heating,motional_dephasing,0.5,1.0,5.0,18.0,rates_935232b07d52685d,rates_d40c9e1dbffac54a,rates_65e4c1ad12cf1435,rates_7283b228c09abbcb,2.0,0.004973730643724,0.0032130852810559,0.0047873986741631,0.0030258929745734,0.0049745909806456,-8.603369216000911e-07,0.0019478376691506004,-0.00044168820391242403,-1.7206738432001822e-06,-1.7580894611001277e-06,-8.790447305500639e-07,1.8707808949972732e-08,0.02174474729641866
motional_heating__motional_dephasing,motional_heating,motional_dephasing,1.0,1.0,10.0,18.0,rates_2524745c632f6db4,rates_a8953962d6e58e19,rates_65e4c1ad12cf1435,rates_7283b228c09abbcb,2.0,0.0051599323880836,0.003400184777955,0.0047873986741631,0.0030258929745734,0.0051616904775447,-1.7580894611001277e-06,0.0021340394135102,-0.0008238317671032671,-1.7580894611001277e-06,-1.7580894611001277e-06,-1.7580894611001277e-06,0.0,0.0
motional_heating__motional_dephasing,motional_heating,motional_dephasing,2.0,1.0,20.0,18.0,rates_3fa0e6fcd1bc3bb5,rates_95304e3098130ea3,rates_65e4c1ad12cf1435,rates_7283b228c09abbcb,2.0,0.0055320613978846,0.0037740332750584,0.0047873986741631,0.0030258929745734,0.005535538974648101,-3.477576763501536e-06,0.0025061684233112,-0.0013876069665369464,-1.738788381750768e-06,-1.7580894611001277e-06,-3.5161789222002554e-06,3.8602158698719524e-08,0.011100303839116815
motional_heating__motional_dephasing,motional_heating,motional_dephasing,4.0,1.0,40.0,18.0,rates_15e2db7947d1c0fd,rates_0e752ad71c6095d9,rates_65e4c1ad12cf1435,rates_7283b228c09abbcb,2.0,0.0062749283961082,0.0045203137715349,0.0047873986741631,0.0030258929745734,0.0062818194711246,-6.891075016400398e-06,0.0032490354215348,-0.0021209602612289,-1.7227687541000996e-06,-1.7580894611001277e-06,-7.032357844400511e-06,1.4128282800011244e-07,0.020502291393413464
motional_heating__motional_dephasing,motional_heating,motional_dephasing,0.0,2.0,0.0,36.0,rates_7f1e3dd0f07550fa,rates_7283b228c09abbcb,rates_7f1e3dd0f07550fa,rates_7283b228c09abbcb,2.0,0.0065293736695828,0.0030258929745734,0.0065293736695828,0.0030258929745734,0.0065293736695828004,-8.673617379884035e-19,0.0035034806950093996,-2.4757143352436156e-16,,-1.7580894611001277e-06,-0.0,-8.673617379884035e-19,
motional_heating__motional_dephasing,motional_heating,motional_dephasing,0.5,2.0,5.0,36.0,rates_9cf49ad0d13c8639,rates_d40c9e1dbffac54a,rates_7f1e3dd0f07550fa,rates_7283b228c09abbcb,2.0,0.0067148660770888,0.0032130852810559,0.0065293736695828,0.0030258929745734,0.006716565976065299,-1.699898976499116e-06,0.0036889731025153997,-0.00046080546787939604,-1.699898976499116e-06,-1.7580894611001277e-06,-1.7580894611001277e-06,5.819048460101173e-08,0.03423173106489719
motional_heating__motional_dephasing,motional_heating,motional_dephasing,1.0,2.0,10.0,36.0,rates_590721c3770d8a77,rates_a8953962d6e58e19,rates_7f1e3dd0f07550fa,rates_7283b228c09abbcb,2.0,0.0069002290431875,0.003400184777955,0.0065293736695828,0.0030258929745734,0.0069036654729644,-3.436429776899723e-06,0.0038743360686141004,-0.000886972558921296,-1.7182148884498614e-06,-1.7580894611001277e-06,-3.5161789222002554e-06,7.974914530053251e-08,0.023206976565218966
motional_heating__motional_dephasing,motional_heating,motional_dephasing,2.0,2.0,20.0,36.0,rates_3f28f4785d99bb44,rates_95304e3098130ea3,rates_7f1e3dd0f07550fa,rates_7283b228c09abbcb,2.0,0.0072706235424085,0.0037740332750584,0.0065293736695828,0.0030258929745734,0.0072775139700678,-6.890427659299314e-06,0.0042447305678351005,-0.0016232897587216174,-1.7226069148248285e-06,-1.7580894611001277e-06,-7.032357844400511e-06,1.419301851011967e-07,0.020598167794367288
motional_heating__motional_dephasing,motional_heating,motional_dephasing,4.0,2.0,40.0,36.0,rates_4e8eb8555c2e82a0,rates_0e752ad71c6095d9,rates_7f1e3dd0f07550fa,rates_7283b228c09abbcb,2.0,0.0080100890835929,0.0045203137715349,0.0065293736695828,0.0030258929745734,0.0080237944665443,-1.3705382951400766e-05,0.0049841961090195,-0.0027497679970094344,-1.7131728689250957e-06,-1.7580894611001277e-06,-1.4064715688801022e-05,3.5933273740025584e-07,0.02621836534407308
motional_heating__motional_dephasing,motional_heating,motional_dephasing,0.0,4.0,0.0,72.0,rates_e627b957213b2032,rates_7283b228c09abbcb,rates_e627b957213b2032,rates_7283b228c09abbcb,2.0,0.009956403138607,0.0030258929745734,0.009956403138607,0.0030258929745734,0.009956403138607,0.0,0.0069305101640336,0.0,,-1.7580894611001277e-06,-0.0,0.0,
motional_heating__motional_dephasing,motional_heating,motional_dephasing,0.5,4.0,5.0,72.0,rates_17830da3b3822d7d,rates_d40c9e1dbffac54a,rates_e627b957213b2032,rates_7283b228c09abbcb,2.0,0.0101402034477086,0.0032130852810559,0.009956403138607,0.0030258929745734,0.0101435954450895,-3.3919973809002496e-06,0.0071143104731352,-0.0004767851211595258,-1.6959986904501248e-06,-1.7580894611001277e-06,-3.5161789222002554e-06,1.241815413000058e-07,0.03661015247218367
motional_heating__motional_dephasing,motional_heating,motional_dephasing,1.0,4.0,10.0,72.0,rates_8142d8384202664f,rates_a8953962d6e58e19,rates_e627b957213b2032,rates_7283b228c09abbcb,2.0,0.0103238998116559,0.003400184777955,0.009956403138607,0.0030258929745734,0.0103306949419886,-6.795130332699906e-06,0.0072980068370825,-0.0009310939937974041,-1.6987825831749764e-06,-1.7580894611001277e-06,-7.032357844400511e-06,2.3722751170060508e-07,0.034911399794497776
motional_heating__motional_dephasing,motional_heating,motional_dephasing,2.0,4.0,20.0,72.0,rates_32d7c04b5236f41d,rates_95304e3098130ea3,rates_e627b957213b2032,rates_7283b228c09abbcb,2.0,0.0106909610962198,0.0037740332750584,0.009956403138607,0.0030258929745734,0.010704543439092,-1.3582342872199213e-05,0.0076650681216464,-0.0017719794079640646,-1.6977928590249016e-06,-1.7580894611001277e-06,-1.4064715688801022e-05,4.823728166018088e-07,0.035514698836615684
motional_heating__motional_dephasing,motional_heating,motional_dephasing,4.0,4.0,40.0,72.0,rates_4685856fe1f290d1,rates_0e752ad71c6095d9,rates_e627b957213b2032,rates_7283b228c09abbcb,2.0,0.0114237645113807,0.0045203137715349,0.009956403138607,0.0030258929745734,0.0114508239355685,-2.705942418780062e-05,0.0083978715368073,-0.0032221764847439028,-1.6912140117375388e-06,-1.7580894611001277e-06,-2.8129431377602043e-05,1.0700071898014224e-06,0.039542866188698164
motional_heating__motional_dephasing,motional_heating,motional_dephasing,0.0,0.0,0.0,0.0,rates_7283b228c09abbcb,rates_7283b228c09abbcb,rates_7283b228c09abbcb,rates_7283b228c09abbcb,3.0,0.0053504253160057,0.0053504253160057,0.0053504253160057,0.0053504253160057,0.0053504253160057,0.0,0.0,0.0,,-2.3173375438001464e-06,-0.0,0.0,
motional_heating__motional_dephasing,motional_heating,motional_dephasing,0.5,0.0,5.0,0.0,rates_d40c9e1dbffac54a,rates_d40c9e1dbffac54a,rates_7283b228c09abbcb,rates_7283b228c09abbcb,3.0,0.0055336339464873,0.0055336339464873,0.0053504253160057,0.0053504253160057,0.0055336339464873,0.0,0.0001832086304815999,0.0,,-2.3173375438001464e-06,-0.0,0.0,
motional_heating__motional_dephasing,motional_heating,motional_dephasing,1.0,0.0,10.0,0.0,rates_a8953962d6e58e19,rates_a8953962d6e58e19,rates_7283b228c09abbcb,rates_7283b228c09abbcb,3.0,0.0057167735028995,0.0057167735028995,0.0053504253160057,0.0053504253160057,0.005716773502899501,-8.673617379884035e-19,0.00036634818689380063,-2.3675884555144254e-15,,-2.3173375438001464e-06,-0.0,-8.673617379884035e-19,
motional_heating__motional_dephasing,motional_heating,motional_dephasing,2.0,0.0,20.0,0.0,rates_95304e3098130ea3,rates_95304e3098130ea3,rates_7283b228c09abbcb,rates_7283b228c09abbcb,3.0,0.0060826547658132,0.0060826547658132,0.0053504253160057,0.0053504253160057,0.006082654765813201,-8.673617379884035e-19,0.0007322294498075003,-1.1845491030392575e-15,,-2.3173375438001464e-06,-0.0,-8.673617379884035e-19,
motional_heating__motional_dephasing,motional_heating,motional_dephasing,4.0,0.0,40.0,0.0,rates_0e752ad71c6095d9,rates_0e752ad71c6095d9,rates_7283b228c09abbcb,rates_7283b228c09abbcb,3.0,0.0068131500709455,0.0068131500709455,0.0053504253160057,0.0053504253160057,0.0068131500709455,0.0,0.0014627247549398002,0.0,,-2.3173375438001464e-06,-0.0,0.0,
motional_heating__motional_dephasing,motional_heating,motional_dephasing,0.0,0.5,0.0,9.0,rates_70251d48c79bc447,rates_7283b228c09abbcb,rates_70251d48c79bc447,rates_7283b228c09abbcb,3.0,0.0065274971072746,0.0053504253160057,0.0065274971072746,0.0053504253160057,0.006527497107274599,8.673617379884035e-19,0.0011770717912689002,7.368809145051171e-16,,-2.3173375438001464e-06,-0.0,8.673617379884035e-19,
motional_heating__motional_dephasing,motional_heating,motional_dephasing,0.5,0.5,5.0,9.0,rates_7affb8fbc133d6bd,rates_d40c9e1dbffac54a,rates_70251d48c79bc447,rates_7283b228c09abbcb,3.0,0.0067101625574684,0.0055336339464873,0.0065274971072746,0.0053504253160057,0.006710705737756201,-5.431802878007319e-07,0.0013597372414627003,-0.00039947445082582316,-2.1727211512029276e-06,-2.3173375438001464e-06,-5.793343859500366e-07,3.61540981493047e-08,0.06656003349401367
motional_heating__motional_dephasing,motional_heating,motional_dephasing,1.0,0.5,10.0,9.0,rates_6d2ebea4f1e4f35a,rates_a8953962d6e58e19,rates_70251d48c79bc447,rates_7283b228c09abbcb,3.0,0.0068926840368146,0.0057167735028995,0.0065274971072746,0.0053504253160057,0.006893845294168401,-1.1612573538009874e-06,0.0015422587208088999,-0.0007529588506342951,-2.3225147076019748e-06,-2.3173375438001464e-06,-1.1586687719000732e-06,-2.5885819009141553e-09,-0.0022291199211279897
motional_heating__motional_dephasing,motional_heating,motional_dephasing,2.0,0.5,20.0,9.0,rates_370adf81f1b648c5,rates_95304e3098130ea3,rates_70251d48c79bc447,rates_7283b228c09abbcb,3.0,0.0072574057450079,0.0060826547658132,0.0065274971072746,0.0053504253160057,0.0072597265570821,-2.3208120742005192e-06,0.0019069804290022,-0.0012170088580378618,-2.3208120742005192e-06,-2.3173375438001464e-06,-2.3173375438001464e-06,-3.474530400372766e-09,-0.0014971183746403437
motional_heating__motional_dephasing,motional_heating,motional_dephasing,4.0,0.5,40.0,9.0,rates_ceb4eecb4eaacfc2,rates_0e752ad71c6095d9,rates_70251d48c79bc447,rates_7283b228c09abbcb,3.0,0.0079856292943331,0.0068131500709455,0.0065274971072746,0.0053504253160057,0.0079902218622144,-4.59256788129872e-06,0.002635203978327401,-0.0017427751016882132,-2.29628394064936e-06,-2.3173375438001464e-06,-4.634675087600293e-06,4.210720630157261e-08,0.009168553931023274
motional_heating__motional_dephasing,motional_heating,motional_dephasing,0.0,1.0,0.0,18.0,rates_65e4c1ad12cf1435,rates_7283b228c09abbcb,rates_65e4c1ad12cf1435,rates_7283b228c09abbcb,3.0,0.0076958389865998,0.0053504253160057,0.0076958389865998,0.0053504253160057,0.0076958389865998,0.0,0.0023454136705941004,0.0,,-2.3173375438001464e-06,-0.0,0.0,
motional_heating__motional_dephasing,motional_heating,motional_dephasing,0.5,1.0,5.0,18.0,rates_935232b07d52685d,rates_d40c9e1dbffac54a,rates_65e4c1ad12cf1435,rates_7283b228c09abbcb,3.0,0.0078779327075679,0.0055336339464873,0.0076958389865998,0.0053504253160057,0.0078790476170814,-1.1149095134992126e-06,0.002527507391562201,-0.00044111028803366217,-2.2298190269984253e-06,-2.3173375438001464e-06,-1.1586687719000732e-06,4.375925840086059e-08,0.039249156878677485
motional_heating__motional_dephasing,motional_heating,motional_dephasing,1.0,1.0,10.0,18.0,rates_2524745c632f6db4,rates_a8953962d6e58e19,rates_65e4c1ad12cf1435,rates_7283b228c09abbcb,3.0,0.0080598698359498,0.0057167735028995,0.0076958389865998,0.0053504253160057,0.0080621871734936,-2.3173375438001464e-06,0.0027094445199441,-0.0008552814153389481,-2.3173375438001464e-06,-2.3173375438001464e-06,-2.3173375438001464e-06,0.0,0.0
motional_heating__motional_dephasing,motional_heating,motional_dephasing,2.0,1.0,20.0,18.0,rates_3fa0e6fcd1bc3bb5,rates_95304e3098130ea3,rates_65e4c1ad12cf1435,rates_7283b228c09abbcb,3.0,0.0084234689860792,0.0060826547658132,0.0076958389865998,0.0053504253160057,0.0084280684364073,-4.599450328098692e-06,0.003073043670073501,-0.001496708417420141,-2.299725164049346e-06,-2.3173375438001464e-06,-4.634675087600293e-06,3.5224759501600866e-08,0.007658471553961097
motional_heating__motional_dephasing,motional_heating,motional_dephasing,4.0,1.0,40.0,18.0,rates_15e2db7947d1c0fd,rates_0e752ad71c6095d9,rates_65e4c1ad12cf1435,rates_7283b228c09abbcb,3.0,0.0091493786264674,0.0068131500709455,0.0076958389865998,0.0053504253160057,0.0091585637415396,-9.185115072200128e-06,0.0037989533104617005,-0.002417801515724295,-2.296278768050032e-06,-2.3173375438001464e-06,-9.269350175200586e-06,8.423510300045733e-08,0.009170827184887988
motional_heating__motional_dephasing,motional_heating,motional_dephasing,0.0,2.0,0.0,36.0,rates_7f1e3dd0f07550fa,rates_7283b228c09abbcb,rates_7f1e3dd0f07550fa,rates_7283b228c09abbcb,3.0,0.0100067734162732,0.0053504253160057,0.0100067734162732,0.0053504253160057,0.0100067734162732,0.0,0.0046563481002675,0.0,,-2.3173375438001464e-06,-0.0,0.0,
motional_heating__motional_dephasing,motional_heating,motional_dephasing,0.5,2.0,5.0,36.0,rates_9cf49ad0d13c8639,rates_d40c9e1dbffac54a,rates_7f1e3dd0f07550fa,rates_7283b228c09abbcb,3.0,0.0101876904658286,0.0055336339464873,0.0100067734162732,0.0053504253160057,0.0101899820467548,-2.2915809261992576e-06,0.004837265149822901,-0.00047373481817161825,-2.2915809261992576e-06,-2.3173375438001464e-06,-2.3173375438001464e-06,2.5756617600888876e-08,0.01123967183808253
motional_heating__motional_dephasing,motional_heating,motional_dephasing,1.0,2.0,10.0,36.0,rates_590721c3770d8a77,rates_a8953962d6e58e19,rates_7f1e3dd0f07550fa,rates_7283b228c09abbcb,3.0,0.0103685156756088,0.0057167735028995,0.0100067734162732,0.0053504253160057,0.010373121603167001,-4.605927558201661e-06,0.0050180903596031,-0.0009178646114626684,-2.3029637791008306e-06,-2.3173375438001464e-06,-4.634675087600293e-06,2.8747529398631677e-08,0.006241420221089162
motional_heating__motional_dephasing,motional_heating,motional_dephasing,2.0,2.0,20.0,36.0,rates_3f28f4785d99bb44,rates_95304e3098130ea3,rates_7f1e3dd0f07550fa,rates_7283b228c09abbcb,3.0,0.0107298487490767,0.0060826547658132,0.0100067734162732,0.0053504253160057,0.010739002866080701,-9.154117004001039e-06,0.005379423433071,-0.001701691104612515,-2.2885292510002597e-06,-2.3173375438001464e-06,-9.269350175200586e-06,1.152331711995469e-07,0.012588125228154865
motional_heating__motional_dephasing,motional_heating,motional_dephasing,4.0,2.0,40.0,36.0,rates_4e8eb8555c2e82a0,rates_0e752ad71c6095d9,rates_7f1e3dd0f07550fa,rates_7283b228c09abbcb,3.0,0.0114512279151913,0.0068131500709455,0.0100067734162732,0.0053504253160057,0.011469498171213,-1.827025602169942e-05,0.006100802599185601,-0.0029947299104774055,-2.2837820027124273e-06,-2.3173375438001464e-06,-1.853870035040117e-05,2.6844432870175294e-07,0.014692970278190083
motional_heating__motional_dephasing,motional_heating,motional_dephasing,0.0,4.0,0.0,72.0,rates_e627b957213b2032,rates_7283b228c09abbcb,rates_e627b957213b2032,rates_7283b228c09abbcb,3.0,0.0145289787927055,0.0053504253160057,0.0145289787927055,0.0053504253160057,0.0145289787927055,0.0,0.0091785534766998,0.0,,-2.3173375438001464e-06,-0.0,0.0,
motional_heating__motional_dephasing,motional_heating,motional_dephasing,0.5,4.0,5.0,72.0,rates_17830da3b3822d7d,rates_d40c9e1dbffac54a,rates_e627b957213b2032,rates_7283b228c09abbcb,3.0,0.0147076955192926,0.0055336339464873,0.0145289787927055,0.0053504253160057,0.014712187423187098,-4.491903894498009e-06,0.0093572702032869,-0.0004800442647173052,-2.2459519472490044e-06,-2.3173375438001464e-06,-4.634675087600293e-06,1.4277119310228403e-07,0.03178411570139779
motional_heating__motional_dephasing,motional_heating,motional_dephasing,1.0,4.0,10.0,72.0,rates_8142d8384202664f,rates_a8953962d6e58e19,rates_e627b957213b2032,rates_7283b228c09abbcb,3.0,0.0148862902176027,0.0057167735028995,0.0145289787927055,0.0053504253160057,0.014895326979599301,-9.036761996601694e-06,0.009535864901597,-0.0009476604471491915,-2.2591904991504236e-06,-2.3173375438001464e-06,-9.269350175200586e-06,2.3258817859889147e-07,0.025737999815238805
motional_heating__motional_dephasing,motional_heating,motional_dephasing,2.0,4.0,20.0,72.0,rates_32d7c04b5236f41d,rates_95304e3098130ea3,rates_e627b957213b2032,rates_7283b228c09abbcb,3.0,0.0152432058224629,0.0060826547658132,0.0145289787927055,0.0053504253160057,0.015261208242513001,-1.8002420050100207e-05,0.009892780506457201,-0.0018197533078136822,-2.250302506262526e-06,-2.3173375438001464e-06,-1.853870035040117e-05,5.362803003009647e-07,0.029789344921877858
motional_heating__motional_dephasing,motional_heating,motional_dephasing,4.0,4.0,40.0,72.0,rates_4685856fe1f290d1,rates_0e752ad71c6095d9,rates_e627b957213b2032,rates_7283b228c09abbcb,3.0,0.0159557441816083,0.0068131500709455,0.0145289787927055,0.0053504253160057,0.0159917035476453,-3.5959366037001395e-05,0.010605318865602599,-0.0033906916418734354,-2.247460377312587e-06,-2.3173375438001464e-06,-3.707740070080234e-05,1.1180346638009486e-06,0.03109161220057427
motional_heating__motional_dephasing,motional_heating,motional_dephasing,0.0,0.0,0.0,0.0,rates_7283b228c09abbcb,rates_7283b228c09abbcb,rates_7283b228c09abbcb,rates_7283b228c09abbcb,4.0,0.0082214370008468,0.0082214370008468,0.0082214370008468,0.0082214370008468,0.0082214370008468,0.0,0.0,0.0,,-2.838379198998389e-06,-0.0,0.0,
motional_heating__motional_dephasing,motional_heating,motional_dephasing,0.5,0.0,5.0,0.0,rates_d40c9e1dbffac54a,rates_d40c9e1dbffac54a,rates_7283b228c09abbcb,rates_7283b228c09abbcb,4.0,0.0084007493446396,0.0084007493446396,0.0082214370008468,0.0082214370008468,0.0084007493446396,0.0,0.0001793123437928007,0.0,,-2.838379198998389e-06,-0.0,0.0,
motional_heating__motional_dephasing,motional_heating,motional_dephasing,1.0,0.0,10.0,0.0,rates_a8953962d6e58e19,rates_a8953962d6e58e19,rates_7283b228c09abbcb,rates_7283b228c09abbcb,4.0,0.008579927670973,0.008579927670973,0.0082214370008468,0.0082214370008468,0.008579927670973,0.0,0.00035849067012620056,0.0,,-2.838379198998389e-06,-0.0,0.0,
motional_heating__motional_dephasing,motional_heating,motional_dephasing,2.0,0.0,20.0,0.0,rates_95304e3098130ea3,rates_95304e3098130ea3,rates_7283b228c09abbcb,rates_7283b228c09abbcb,4.0,0.0089379895788521,0.0089379895788521,0.0082214370008468,0.0082214370008468,0.008937989578852099,1.734723475976807e-18,0.0007165525780053004,2.4209297813230047e-15,,-2.838379198998389e-06,-0.0,1.734723475976807e-18,
motional_heating__motional_dephasing,motional_heating,motional_dephasing,4.0,0.0,40.0,0.0,rates_0e752ad71c6095d9,rates_0e752ad71c6095d9,rates_7283b228c09abbcb,rates_7283b228c09abbcb,4.0,0.00965286588746,0.00965286588746,0.0082214370008468,0.0082214370008468,0.009652865887459998,1.734723475976807e-18,0.0014314288866131997,1.2118824010050619e-15,,-2.838379198998389e-06,-0.0,1.734723475976807e-18,
motional_heating__motional_dephasing,motional_heating,motional_dephasing,0.0,0.5,0.0,9.0,rates_70251d48c79bc447,rates_7283b228c09abbcb,rates_70251d48c79bc447,rates_7283b228c09abbcb,4.0,0.0096728023401937,0.0082214370008468,0.0096728023401937,0.0082214370008468,0.0096728023401937,0.0,0.0014513653393469009,0.0,,-2.838379198998389e-06,-0.0,0.0,
motional_heating__motional_dephasing,motional_heating,motional_dephasing,0.5,0.5,5.0,9.0,rates_7affb8fbc133d6bd,rates_d40c9e1dbffac54a,rates_70251d48c79bc447,rates_7283b228c09abbcb,4.0,0.0098513907360429,0.0084007493446396,0.0096728023401937,0.0082214370008468,0.009852114683986501,-7.239479436014357e-07,0.0016299537351961001,-0.00044415244921926407,-2.8957917744057426e-06,-2.838379198998389e-06,-7.095947997495973e-07,-1.4353143851838362e-08,-0.01982620985210006
motional_heating__motional_dephasing,motional_heating,motional_dephasing,1.0,0.5,10.0,9.0,rates_6d2ebea4f1e4f35a,rates_a8953962d6e58e19,rates_70251d48c79bc447,rates_7283b228c09abbcb,4.0,0.0100298460449635,0.008579927670973,0.0096728023401937,0.0082214370008468,0.010031293010319901,-1.446965356401153e-06,0.0018084090441167003,-0.0008001316743623726,-2.893930712802306e-06,-2.838379198998389e-06,-1.4191895994991946e-06,-2.7775756901958493e-08,-0.019195868635750537
motional_heating__motional_dephasing,motional_heating,motional_dephasing,2.0,0.5,20.0,9.0,rates_370adf81f1b648c5,rates_95304e3098130ea3,rates_70251d48c79bc447,rates_7283b228c09abbcb,4.0,0.0103864960738953,0.0089379895788521,0.0096728023401937,0.0082214370008468,0.010389354918199,-2.858844303699551e-06,0.0021650590730485,-0.00132044632836469,-2.858844303699551e-06,-2.838379198998389e-06,-2.838379198998389e-06,-2.0465104701161696e-08,-0.007158523699481771
motional_heating__motional_dephasing,motional_heating,motional_dephasing,4.0,0.5,40.0,9.0,rates_ceb4eecb4eaacfc2,rates_0e752ad71c6095d9,rates_70251d48c79bc447,rates_7283b228c09abbcb,4.0,0.0110985344966163,0.00965286588746,0.0096728023401937,0.0082214370008468,0.011104231226806899,-5.696730190598437e-06,0.0028770974957695004,-0.001980026814862875,-2.8483650952992184e-06,-2.838379198998389e-06,-5.676758397996778e-06,-1.997179260165849e-08,-0.0035058343880527837
motional_heating__motional_dephasing,motional_heating,motional_dephasing,0.0,1.0,0.0,18.0,rates_65e4c1ad12cf1435,rates_7283b228c09abbcb,rates_65e4c1ad12cf1435,rates_7283b228c09abbcb,4.0,0.0111108966205832,0.0082214370008468,0.0111108966205832,0.0082214370008468,0.011110896620583198,1.734723475976807e-18,0.0028894596197364,6.003625951814003e-16,,-2.838379198998389e-06,-0.0,1.734723475976807e-18,
motional_heating__motional_dephasing,motional_heating,motional_dephasing,0.5,1.0,5.0,18.0,rates_935232b07d52685d,rates_d40c9e1dbffac54a,rates_65e4c1ad12cf1435,rates_7283b228c09abbcb,4.0,0.0112887741962278,0.0084007493446396,0.0111108966205832,0.0082214370008468,0.011290208964375999,-1.4347681481993724e-06,0.0030673371953809994,-0.00046775690340140685,-2.8695362963987447e-06,-2.838379198998389e-06,-1.4191895994991946e-06,-1.5578548700177774e-08,-0.010857885798293462
motional_heating__motional_dephasing,motional_heating,motional_dephasing,1.0,1.0,10.0,18.0,rates_2524745c632f6db4,rates_a8953962d6e58e19,rates_65e4c1ad12cf1435,rates_7283b228c09abbcb,4.0,0.0114665489115104,0.008579927670973,0.0111108966205832,0.0082214370008468,0.011469387290709399,-2.838379198998389e-06,0.0032451119106636003,-0.0008746629629848306,-2.838379198998389e-06,-2.838379198998389e-06,-2.838379198998389e-06,0.0,0.0
motional_heating__motional_dephasing,motional_heating,motional_dephasing,2.0,1.0,20.0,18.0,rates_3fa0e6fcd1bc3bb5,rates_95304e3098130ea3,rates_65e4c1ad12cf1435,rates_7283b228c09abbcb,4.0,0.0118217680726289,0.0089379895788521,0.0111108966205832,0.0082214370008468,0.0118274491985885,-5.6811259596008246e-06,0.0036003310717820994,-0.0015779454295542796,-2.8405629798004123e-06,-2.838379198998389e-06,-5.676758397996778e-06,-4.367561604046166e-09,-0.0007687845041818164
motional_heating__motional_dephasing,motional_heating,motional_dephasing,4.0,1.0,40.0,18.0,rates_15e2db7947d1c0fd,rates_0e752ad71c6095d9,rates_65e4c1ad12cf1435,rates_7283b228c09abbcb,4.0,0.0125310162490486,0.00965286588746,0.0111108966205832,0.0082214370008468,0.0125423255071964,-1.130925814779929e-05,0.0043095792482018,-0.002624213988527569,-2.8273145369498223e-06,-2.838379198998389e-06,-1.1353516795993557e-05,4.42586481942675e-08,0.0039134881895750125
motional_heating__motional_dephasing,motional_heating,motional_dephasing,0.0,2.0,0.0,36.0,rates_7f1e3dd0f07550fa,rates_7283b228c09abbcb,rates_7f1e3dd0f07550fa,rates_7283b228c09abbcb,4.0,0.0139481407819477,0.0082214370008468,0.0139481407819477,0.0082214370008468,0.013948140781947699,1.734723475976807e-18,0.005726703781100901,3.0291831781166865e-16,,-2.838379198998389e-06,-0.0,1.734723475976807e-18,
motional_heating__motional_dephasing,motional_heating,motional_dephasing,0.5,2.0,5.0,36.0,rates_9cf49ad0d13c8639,rates_d40c9e1dbffac54a,rates_7f1e3dd0f07550fa,rates_7283b228c09abbcb,4.0,0.0141246683600362,0.0084007493446396,0.0139481407819477,0.0082214370008468,0.0141274531257405,-2.7847657042990442e-06,0.0059032313591894005,-0.0004717358231206837,-2.7847657042990442e-06,-2.838379198998389e-06,-2.838379198998389e-06,5.3613494699344955e-08,0.019252425658854506
motional_heating__motional_dephasing,motional_heating,motional_dephasing,1.0,2.0,10.0,36.0,rates_590721c3770d8a77,rates_a8953962d6e58e19,rates_7f1e3dd0f07550fa,rates_7283b228c09abbcb,4.0,0.0143010431329688,0.008579927670973,0.0139481407819477,0.0082214370008468,0.0143066314520739,-5.588319105099063e-06,0.006079606132122,-0.0009191909777794338,-2.7941595525495314e-06,-2.838379198998389e-06,-5.676758397996778e-06,8.843929289771568e-08,0.015825741378479842
motional_heating__motional_dephasing,motional_heating,motional_dephasing,2.0,2.0,20.0,36.0,rates_3f28f4785d99bb44,rates_95304e3098130ea3,rates_7f1e3dd0f07550fa,rates_7283b228c09abbcb,4.0,0.0146535197982391,0.0089379895788521,0.0139481407819477,0.0082214370008468,0.014664693359953001,-1.1173561713900826e-05,0.0064320827973923,-0.0017371607402863066,-2.7933904284752065e-06,-2.838379198998389e-06,-1.1353516795993557e-05,1.7995508209273092e-07,0.01610543591206482
motional_heating__motional_dephasing,motional_heating,motional_dephasing,4.0,2.0,40.0,36.0,rates_4e8eb8555c2e82a0,rates_0e752ad71c6095d9,rates_7f1e3dd0f07550fa,rates_7283b228c09abbcb,4.0,0.0153572360989852,0.00965286588746,0.0139481407819477,0.0082214370008468,0.0153795696685609,-2.233356957570022e-05,0.0071357990981384,-0.003129792370629751,-2.7916961969625276e-06,-2.838379198998389e-06,-2.2707033591987114e-05,3.734640162868924e-07,0.01672209249941109
motional_heating__motional_dephasing,motional_heating,motional_dephasing,0.0,4.0,0.0,72.0,rates_e627b957213b2032,rates_7283b228c09abbcb,rates_e627b957213b2032,rates_7283b228c09abbcb,4.0,0.0194732949142132,0.0082214370008468,0.0194732949142132,0.0082214370008468,0.0194732949142132,0.0,0.0112518579133664,0.0,,-2.838379198998389e-06,-0.0,0.0,
motional_heating__motional_dephasing,motional_heating,motional_dephasing,0.5,4.0,5.0,72.0,rates_17830da3b3822d7d,rates_d40c9e1dbffac54a,rates_e627b957213b2032,rates_7283b228c09abbcb,4.0,0.0196471079239699,0.0084007493446396,0.0194732949142132,0.0082214370008468,0.019652607258006,-5.499334036099951e-06,0.011425670923123101,-0.0004813138828434557,-2.7496670180499755e-06,-2.838379198998389e-06,-5.676758397996778e-06,1.7742436189682742e-07,0.03226288142021179
motional_heating__motional_dephasing,motional_heating,motional_dephasing,1.0,4.0,10.0,72.0,rates_8142d8384202664f,rates_a8953962d6e58e19,rates_e627b957213b2032,rates_7283b228c09abbcb,4.0,0.0198208225635401,0.008579927670973,0.0194732949142132,0.0082214370008468,0.0198317855843394,-1.0963020799302503e-05,0.011599385562693298,-0.0009451380627058804,-2.7407551998256258e-06,-2.838379198998389e-06,-1.1353516795993557e-05,3.904959966910537e-07,0.03561937935171099
motional_heating__motional_dephasing,motional_heating,motional_dephasing,2.0,4.0,20.0,72.0,rates_32d7c04b5236f41d,rates_95304e3098130ea3,rates_e627b957213b2032,rates_7283b228c09abbcb,4.0,0.020167942260701,0.0089379895788521,0.0194732949142132,0.0082214370008468,0.0201898474922185,-2.1905231517498763e-05,0.0119465052598542,-0.0018336100006677688,-2.7381539396873454e-06,-2.838379198998389e-06,-2.2707033591987114e-05,8.018020744883503e-07,0.03660322301765399
motional_heating__motional_dephasing,motional_heating,motional_dephasing,4.0,4.0,40.0,72.0,rates_4685856fe1f290d1,rates_0e752ad71c6095d9,rates_e627b957213b2032,rates_7283b228c09abbcb,4.0,0.0208609160383874,0.00965286588746,0.0194732949142132,0.0082214370008468,0.0209047238008264,-4.380776243899723e-05,0.012639479037540601,-0.0034659468407585077,-2.7379851524373267e-06,-2.838379198998389e-06,-4.541406718397423e-05,1.6063047449769996e-06,0.03666712599653534
motional_heating__spin_dephasing,motional_heating,spin_dephasing,0.0,0.0,0.0,0.0,rates_7283b228c09abbcb,rates_7283b228c09abbcb,rates_7283b228c09abbcb,rates_7283b228c09abbcb,0.01,0.0002487641440845,0.0002487641440845,0.0002487641440845,0.0002487641440845,0.0002487641440845,0.0,0.0,0.0,,-1.285473040999992e-07,-0.0,0.0,
motional_heating__spin_dephasing,motional_heating,spin_dephasing,0.5,0.0,5.0,0.0,rates_d40c9e1dbffac54a,rates_d40c9e1dbffac54a,rates_7283b228c09abbcb,rates_7283b228c09abbcb,0.01,0.0004438274759339,0.0004438274759339,0.0002487641440845,0.0002487641440845,0.0004438274759338999,5.421010862427522e-20,0.0001950633318494,2.7791029769822917e-16,,-1.285473040999992e-07,-0.0,5.421010862427522e-20,
motional_heating__spin_dephasing,motional_heating,spin_dephasing,1.0,0.0,10.0,0.0,rates_a8953962d6e58e19,rates_a8953962d6e58e19,rates_7283b228c09abbcb,rates_7283b228c09abbcb,0.01,0.0006387326460262,0.0006387326460262,0.0002487641440845,0.0002487641440845,0.0006387326460261999,1.0842021724855044e-19,0.00038996850194170004,2.780230113681314e-16,,-1.285473040999992e-07,-0.0,1.0842021724855044e-19,
motional_heating__spin_dephasing,motional_heating,spin_dephasing,2.0,0.0,20.0,0.0,rates_95304e3098130ea3,rates_95304e3098130ea3,rates_7283b228c09abbcb,rates_7283b228c09abbcb,0.01,0.0010282516239936,0.0010282516239936,0.0002487641440845,0.0002487641440845,0.0010282516239936,0.0,0.0007794874799091,0.0,,-1.285473040999992e-07,-0.0,0.0,
motional_heating__spin_dephasing,motional_heating,spin_dephasing,4.0,0.0,40.0,0.0,rates_0e752ad71c6095d9,rates_0e752ad71c6095d9,rates_7283b228c09abbcb,rates_7283b228c09abbcb,0.01,0.0018057867413734,0.0018057867413734,0.0002487641440845,0.0002487641440845,0.0018057867413733997,2.168404344971009e-19,0.0015570225972889,1.3926608057883372e-16,,-1.285473040999992e-07,-0.0,2.168404344971009e-19,
motional_heating__spin_dephasing,motional_heating,spin_dephasing,0.0,0.5,0.0,1.6666666666666667,rates_a6ce76b38e46ff5e,rates_7283b228c09abbcb,rates_a6ce76b38e46ff5e,rates_7283b228c09abbcb,0.01,0.0003820584352766,0.0002487641440845,0.0003820584352766,0.0002487641440845,0.0003820584352766,0.0,0.0001332942911921,0.0,,-1.285473040999992e-07,-0.0,0.0,
motional_heating__spin_dephasing,motional_heating,spin_dephasing,0.5,0.5,5.0,1.6666666666666667,rates_7f6d8a2c30c891ba,rates_d40c9e1dbffac54a,rates_a6ce76b38e46ff5e,rates_7283b228c09abbcb,0.01,0.0005770712510895226,0.0004438274759339,0.0003820584352766,0.0002487641440845,0.000577121767126,-5.051603647735804e-08,0.00032830710700502264,-0.00015386823921720712,-2.0206414590943217e-07,-1.285473040999992e-07,-3.21368260249998e-08,-1.837921045235824e-08,-0.36382922600422235
motional_heating__spin_dephasing,motional_heating,spin_dephasing,1.0,0.5,10.0,1.6666666666666667,rates_c359844b45a07d98,rates_a8953962d6e58e19,rates_a6ce76b38e46ff5e,rates_7283b228c09abbcb,0.01,0.0007719629048665,0.0006387326460262,0.0003820584352766,0.0002487641440845,0.0007720269372183,-6.403235179998183e-08,0.000523198760782,-0.00012238628337780418,-1.2806470359996366e-07,-1.285473040999992e-07,-6.42736520499996e-08,2.413002500177737e-10,0.003768411486298746
motional_heating__spin_dephasing,motional_heating,spin_dephasing,2.0,0.5,20.0,1.6666666666666667,rates_f231d1a72f5d8b15,rates_95304e3098130ea3,rates_a6ce76b38e46ff5e,rates_7283b228c09abbcb,0.01,0.0011613988009193665,0.0010282516239936,0.0003820584352766,0.0002487641440845,0.0011615459151857,-1.471142663334122e-07,0.0009126346568348665,-0.00016119732604021771,-1.471142663334122e-07,-1.285473040999992e-07,-1.285473040999992e-07,-1.8566962233412983e-08,-0.12620776146436932
motional_heating__spin_dephasing,motional_heating,spin_dephasing,4.0,0.5,40.0,1.6666666666666667,rates_9040a2a1e67c1384,rates_0e752ad71c6095d9,rates_a6ce76b38e46ff5e,rates_7283b228c09abbcb,0.01,0.0019387831096941976,0.0018057867413734,0.0003820584352766,0.0002487641440845,0.0019390810325655,-2.9792287130239563e-07,0.0016900189656096976,-0.00017628374436313846,-1.4896143565119781e-07,-1.285473040999992e-07,-2.570946081999984e-07,-4.0828263102397205e-08,-0.1370430639444126
motional_heating__spin_dephasing,motional_heating,spin_dephasing,0.0,1.0,0.0,3.3333333333333335,rates_87cf81c0f802ee14,rates_7283b228c09abbcb,rates_87cf81c0f802ee14,rates_7283b228c09abbcb,0.01,0.0005153042151032,0.0002487641440845,0.0005153042151032,0.0002487641440845,0.0005153042151031999,1.0842021724855044e-19,0.0002665400710187,4.0676892158906893e-16,,-1.285473040999992e-07,-0.0,1.0842021724855044e-19,
motional_heating__spin_dephasing,motional_heating,spin_dephasing,0.5,1.0,5.0,3.3333333333333335,rates_62f303442749859c,rates_d40c9e1dbffac54a,rates_87cf81c0f802ee14,rates_7283b228c09abbcb,0.01,0.0007102869331501,0.0004438274759339,0.0005153042151032,0.0002487641440845,0.0007103675469525999,-8.061380249988793e-08,0.00046152278906560004,-0.00017466916999504792,-1.6122760499977587e-07,-1.285473040999992e-07,-6.42736520499996e-08,-1.634015044988833e-08,-0.20269668398176657
motional_heating__spin_dephasing,motional_heating,spin_dephasing,1.0,1.0,10.0,3.3333333333333335,rates_16ce2bd9b8d23759,rates_a8953962d6e58e19,rates_87cf81c0f802ee14,rates_7283b228c09abbcb,0.01,0.0009051441697408,0.0006387326460262,0.0005153042151032,0.0002487641440845,0.0009052727170449,-1.285473040999992e-07,0.0006563800256563,-0.00019584280306437962,-1.285473040999992e-07,-1.285473040999992e-07,-1.285473040999992e-07,0.0,0.0
motional_heating__spin_dephasing,motional_heating,spin_dephasing,2.0,1.0,20.0,3.3333333333333335,rates_504018cf22914d71,rates_95304e3098130ea3,rates_87cf81c0f802ee14,rates_7283b228c09abbcb,0.01,0.0012944958090461,0.0010282516239936,0.0005153042151032,0.0002487641440845,0.0012947916950123,-2.9588596620012605e-07,0.0010457316649616,-0.000282946358147232,-1.4794298310006303e-07,-1.285473040999992e-07,-2.570946081999984e-07,-3.879135800012763e-08,-0.13110239224353962
motional_heating__spin_dephasing,motional_heating,spin_dephasing,4.0,1.0,40.0,3.3333333333333335,rates_cf9789eef004e0c0,rates_0e752ad71c6095d9,rates_87cf81c0f802ee14,rates_7283b228c09abbcb,0.01,0.0020717925686017,0.0018057867413734,0.0005153042151032,0.0002487641440845,0.0020723268123921,-5.342437904001449e-07,0.0018230284245171998,-0.0002930529130623023,-1.3356094760003621e-07,-1.285473040999992e-07,-5.141892163999968e-07,-2.0054574000148012e-08,-0.03753824445039834
motional_heating__spin_dephasing,motional_heating,spin_dephasing,0.0,2.0,0.0,6.666666666666667,rates_b641ff121079f20c,rates_7283b228c09abbcb,rates_b641ff121079f20c,rates_7283b228c09abbcb,0.01,0.0007817128734529,0.0002487641440845,0.0007817128734529,0.0002487641440845,0.0007817128734529,0.0,0.0005329487293684,0.0,,-1.285473040999992e-07,-0.0,0.0,
motional_heating__spin_dephasing,motional_heating,spin_dephasing,0.5,2.0,5.0,6.666666666666667,rates_03fbb63aa712b73b,rates_d40c9e1dbffac54a,rates_b641ff121079f20c,rates_7283b228c09abbcb,0.01,0.0009766172417073893,0.0004438274759339,0.0007817128734529,0.0002487641440845,0.0009767762053023,-1.5896359491078017e-07,0.0007278530976228892,-0.0002184006572616682,-1.5896359491078017e-07,-1.285473040999992e-07,-1.285473040999992e-07,-3.041629081078096e-08,-0.19134123651300408
motional_heating__spin_dephasing,motional_heating,spin_dephasing,1.0,2.0,10.0,6.666666666666667,rates_737a9e85290e171b,rates_a8953962d6e58e19,rates_b641ff121079f20c,rates_7283b228c09abbcb,0.01,0.0011714445925538,0.0006387326460262,0.0007817128734529,0.0002487641440845,0.0011716813753946001,-2.3678284080002644e-07,0.0009226804484693,-0.00025662496825725774,-1.1839142040001322e-07,-1.285473040999992e-07,-2.570946081999984e-07,2.031176739997198e-08,0.08578226078943856
motional_heating__spin_dephasing,motional_heating,spin_dephasing,2.0,2.0,20.0,6.666666666666667,rates_06dc0fc32fe15b25,rates_95304e3098130ea3,rates_b641ff121079f20c,rates_7283b228c09abbcb,0.01,0.0015606485185305496,0.0010282516239936,0.0007817128734529,0.0002487641440845,0.001561200353362,-5.518348314503905e-07,0.0013118843744460496,-0.00042064288758939276,-1.3795870786259762e-07,-1.285473040999992e-07,-5.141892163999968e-07,-3.764561505039364e-08,-0.06821899036610188
motional_heating__spin_dephasing,motional_heating,spin_dephasing,4.0,2.0,40.0,6.666666666666667,rates_bd51f5d59f144df3,rates_0e752ad71c6095d9,rates_b641ff121079f20c,rates_7283b228c09abbcb,0.01,0.002337663875444873,0.0018057867413734,0.0007817128734529,0.0002487641440845,0.0023387354707418003,-1.0715952969272621e-06,0.0020888997313603733,-0.0005129950858050029,-1.3394941211590777e-07,-1.285473040999992e-07,-1.0283784327999937e-06,-4.321686412726844e-08,-0.04032946416542729
motional_heating__spin_dephasing,motional_heating,spin_dephasing,0.0,4.0,0.0,13.333333333333334,rates_14c3539000a4de2d,rates_7283b228c09abbcb,rates_14c3539000a4de2d,rates_7283b228c09abbcb,0.01,0.0013142085457644,0.0002487641440845,0.0013142085457644,0.0002487641440845,0.0013142085457644,0.0,0.0010654444016798999,0.0,,-1.285473040999992e-07,-0.0,0.0,
motional_heating__spin_dephasing,motional_heating,spin_dephasing,0.5,4.0,5.0,13.333333333333334,rates_2f88d59e22e1a883,rates_d40c9e1dbffac54a,rates_14c3539000a4de2d,rates_7283b228c09abbcb,0.01,0.0015090123697953928,0.0004438274759339,0.0013142085457644,0.0002487641440845,0.0015092718776138,-2.5950781840718314e-07,0.0012602482257108927,-0.00020591801925433977,-1.2975390920359157e-07,-1.285473040999992e-07,-2.570946081999984e-07,-2.413210207184713e-09,-0.00929918112678302
motional_heating__spin_dephasing,motional_heating,spin_dephasing,1.0,4.0,10.0,13.333333333333334,rates_9411963805d3030e,rates_a8953962d6e58e19,rates_14c3539000a4de2d,rates_7283b228c09abbcb,0.01,0.0017036750574025,0.0006387326460262,0.0013142085457644,0.0002487641440845,0.0017041770477061,-5.01990303599948e-07,0.001454910913318,-0.0003450316435218243,-1.25497575899987e-07,-1.285473040999992e-07,-5.141892163999968e-07,1.2198912800048811e-08,0.024301092496341346
motional_heating__spin_dephasing,motional_heating,spin_dephasing,2.0,4.0,20.0,13.333333333333334,rates_a02c2ca9bd9706b1,rates_95304e3098130ea3,rates_14c3539000a4de2d,rates_7283b228c09abbcb,0.01,0.002092641676276208,0.0010282516239936,0.0013142085457644,0.0002487641440845,0.0020936960256735,-1.0543493972922473e-06,0.0018438775321917079,-0.0005718109683992975,-1.317936746615309e-07,-1.285473040999992e-07,-1.0283784327999937e-06,-2.5970964492253584e-08,-0.024632218275034385
motional_heating__spin_dephasing,motional_heating,spin_dephasing,4.0,4.0,40.0,13.333333333333334,rates_646cae99efc6caab,rates_0e752ad71c6095d9,rates_14c3539000a4de2d,rates_7283b228c09abbcb,0.01,0.002869144209083685,0.0018057867413734,0.0013142085457644,0.0002487641440845,0.0028712311430533002,-2.08693396961529e-06,0.002620380064999185,-0.0007964241514010828,-1.3043337310095562e-07,-1.285473040999992e-07,-2.0567568655999874e-06,-3.01771040153026e-08,-0.014460018598894874
motional_heating__spin_dephasing,motional_heating,spin_dephasing,0.0,0.0,0.0,0.0,rates_7283b228c09abbcb,rates_7283b228c09abbcb,rates_7283b228c09abbcb,rates_7283b228c09abbcb,1.0,0.0013018788028587,0.0013018788028587,0.0013018788028587,0.0013018788028587,0.0013018788028587,0.0,0.0,0.0,,-1.342646125000388e-07,-0.0,0.0,
motional_heating__spin_dephasing,motional_heating,spin_dephasing,0.5,0.0,5.0,0.0,rates_d40c9e1dbffac54a,rates_d40c9e1dbffac54a,rates_7283b228c09abbcb,rates_7283b228c09abbcb,1.0,0.0014930351155408,0.0014930351155408,0.0013018788028587,0.0013018788028587,0.0014930351155408002,-2.168404344971009e-19,0.0001911563126821001,-1.1343618814080937e-15,,-1.342646125000388e-07,-0.0,-2.168404344971009e-19,
motional_heating__spin_dephasing,motional_heating,spin_dephasing,1.0,0.0,10.0,0.0,rates_a8953962d6e58e19,rates_a8953962d6e58e19,rates_7283b228c09abbcb,rates_7283b228c09abbcb,1.0,0.0016840630080643,0.0016840630080643,0.0013018788028587,0.0013018788028587,0.0016840630080643,0.0,0.00038218420520560016,0.0,,-1.342646125000388e-07,-0.0,0.0,
motional_heating__spin_dephasing,motional_heating,spin_dephasing,2.0,0.0,20.0,0.0,rates_95304e3098130ea3,rates_95304e3098130ea3,rates_7283b228c09abbcb,rates_7283b228c09abbcb,1.0,0.0020657804870172,0.0020657804870172,0.0013018788028587,0.0013018788028587,0.0020657804870172,0.0,0.0007639016841585002,0.0,,-1.342646125000388e-07,-0.0,0.0,
motional_heating__spin_dephasing,motional_heating,spin_dephasing,4.0,0.0,40.0,0.0,rates_0e752ad71c6095d9,rates_0e752ad71c6095d9,rates_7283b228c09abbcb,rates_7283b228c09abbcb,1.0,0.0028277839058091,0.0028277839058091,0.0013018788028587,0.0013018788028587,0.0028277839058091,0.0,0.0015259051029504,0.0,,-1.342646125000388e-07,-0.0,0.0,
motional_heating__spin_dephasing,motional_heating,spin_dephasing,0.0,0.5,0.0,1.6666666666666667,rates_a6ce76b38e46ff5e,rates_7283b228c09abbcb,rates_a6ce76b38e46ff5e,rates_7283b228c09abbcb,1.0,0.0014349793142726,0.0013018788028587,0.0014349793142726,0.0013018788028587,0.0014349793142726,0.0,0.0001331005114139001,0.0,,-1.342646125000388e-07,-0.0,0.0,
motional_heating__spin_dephasing,motional_heating,spin_dephasing,0.5,0.5,5.0,1.6666666666666667,rates_7f6d8a2c30c891ba,rates_d40c9e1dbffac54a,rates_a6ce76b38e46ff5e,rates_7283b228c09abbcb,1.0,0.001626110195702024,0.0014930351155408,0.0014349793142726,0.0013018788028587,0.0016261356269546999,-2.5431252675782445e-08,0.0003242313928433242,-7.843550389357699e-05,-1.0172501070312978e-07,-1.342646125000388e-07,-3.35661531250097e-08,8.134900449227253e-09,0.3198780867359286
motional_heating__spin_dephasing,motional_heating,spin_dephasing,1.0,0.5,10.0,1.6666666666666667,rates_c359844b45a07d98,rates_a8953962d6e58e19,rates_a6ce76b38e46ff5e,rates_7283b228c09abbcb,1.0,0.0018171028622038,0.0016840630080643,0.0014349793142726,0.0013018788028587,0.0018171635194782002,-6.065727440013151e-08,0.0005152240593451001,-0.0001177298949843934,-1.2131454880026302e-07,-1.342646125000388e-07,-6.71323062500194e-08,6.475031849887888e-09,0.10674782066821403
motional_heating__spin_dephasing,motional_heating,spin_dephasing,2.0,0.5,20.0,1.6666666666666667,rates_f231d1a72f5d8b15,rates_95304e3098130ea3,rates_a6ce76b38e46ff5e,rates_7283b228c09abbcb,1.0,0.0021987467641780833,0.0020657804870172,0.0014349793142726,0.0013018788028587,0.0021988809984311002,-1.342342530168822e-07,0.0008968679613193834,-0.0001496700281493053,-1.342342530168822e-07,-1.342646125000388e-07,-1.342646125000388e-07,3.035948315660564e-11,0.00022616793012426886
motional_heating__spin_dephasing,motional_heating,spin_dephasing,4.0,0.5,40.0,1.6666666666666667,rates_9040a2a1e67c1384,rates_0e752ad71c6095d9,rates_a6ce76b38e46ff5e,rates_7283b228c09abbcb,1.0,0.002960624878715401,0.0028277839058091,0.0014349793142726,0.0013018788028587,0.0029608844172230005,-2.59538507599473e-07,0.0016587460758567011,-0.00015646668973455012,-1.297692537997365e-07,-1.342646125000388e-07,-2.685292250000776e-07,8.990717400604586e-09,0.034641169373137146
motional_heating__spin_dephasing,motional_heating,spin_dephasing,0.0,1.0,0.0,3.3333333333333335,rates_87cf81c0f802ee14,rates_7283b228c09abbcb,rates_87cf81c0f802ee14,rates_7283b228c09abbcb,1.0,0.0015680744438917,0.0013018788028587,0.0015680744438917,0.0013018788028587,0.0015680744438917,0.0,0.000266195641033,0.0,,-1.342646125000388e-07,-0.0,0.0,
motional_heating__spin_dephasing,motional_heating,spin_dephasing,0.5,1.0,5.0,3.3333333333333335,rates_62f303442749859c,rates_d40c9e1dbffac54a,rates_87cf81c0f802ee14,rates_7283b228c09abbcb,1.0,0.0017591390379472,0.0014930351155408,0.0015680744438917,0.0013018788028587,0.0017592307565737998,-9.171862659987373e-08,0.0004572602350885,-0.00020058299314420404,-1.8343725319974746e-07,-1.342646125000388e-07,-6.71323062500194e-08,-2.4586320349854335e-08,-0.2680624564638671
motional_heating__spin_dephasing,motional_heating,spin_dephasing,1.0,1.0,10.0,3.3333333333333335,rates_16ce2bd9b8d23759,rates_a8953962d6e58e19,rates_87cf81c0f802ee14,rates_7283b228c09abbcb,1.0,0.0019501243844848,0.0016840630080643,0.0015680744438917,0.0013018788028587,0.0019502586490973,-1.342646125000388e-07,0.0006482455816261001,-0.0002071199809233423,-1.342646125000388e-07,-1.342646125000388e-07,-1.342646125000388e-07,0.0,0.0
motional_heating__spin_dephasing,motional_heating,spin_dephasing,2.0,1.0,20.0,3.3333333333333335,rates_504018cf22914d71,rates_95304e3098130ea3,rates_87cf81c0f802ee14,rates_7283b228c09abbcb,1.0,0.0023316797327821,0.0020657804870172,0.0015680744438917,0.0013018788028587,0.0023319761280502,-2.9639526810025865e-07,0.0010298009299234,-0.00028781802335554847,-1.4819763405012933e-07,-1.342646125000388e-07,-2.685292250000776e-07,-2.7866043100181065e-08,-0.09401649114976794
motional_heating__spin_dephasing,motional_heating,spin_dephasing,4.0,1.0,40.0,3.3333333333333335,rates_cf9789eef004e0c0,rates_0e752ad71c6095d9,rates_87cf81c0f802ee14,rates_7283b228c09abbcb,1.0,0.0030934510571931,0.0028277839058091,0.0015680744438917,0.0013018788028587,0.0030939795468421004,-5.28489649000239e-07,0.0017915722543344003,-0.0002949865112733519,-1.3212241225005975e-07,-1.342646125000388e-07,-5.370584500001552e-07,8.568800999916165e-09,0.016213753696266413
motional_heating__spin_dephasing,motional_heating,spin_dephasing,0.0,2.0,0.0,6.666666666666667,rates_b641ff121079f20c,rates_7283b228c09abbcb,rates_b641ff121079f20c,rates_7283b228c09abbcb,1.0,0.0018341137096719,0.0013018788028587,0.0018341137096719,0.0013018788028587,0.0018341137096719003,-2.168404344971009e-19,0.0005322349068132002,-4.074149059396548e-16,,-1.342646125000388e-07,-0.0,-2.168404344971009e-19,
motional_heating__spin_dephasing,motional_heating,spin_dephasing,0.5,2.0,5.0,6.666666666666667,rates_03fbb63aa712b73b,rates_d40c9e1dbffac54a,rates_b641ff121079f20c,rates_7283b228c09abbcb,1.0,0.00202514080987104,0.0014930351155408,0.0018341137096719,0.0013018788028587,0.002025270022354,-1.2921248296023438e-07,0.00072326200701234,-0.00017865238559120085,-1.2921248296023438e-07,-1.342646125000388e-07,-1.342646125000388e-07,5.052129539804412e-09,0.03909939213349242
motional_heating__spin_dephasing,motional_heating,spin_dephasing,1.0,2.0,10.0,6.666666666666667,rates_737a9e85290e171b,rates_a8953962d6e58e19,rates_b641ff121079f20c,rates_7283b228c09abbcb,1.0,0.002216035694869,0.0016840630080643,0.0018341137096719,0.0013018788028587,0.0022162979148775,-2.622200085001386e-07,0.0009141568920103,-0.00028684355037076513,-1.311100042500693e-07,-1.342646125000388e-07,-2.685292250000776e-07,6.3092164999389855e-09,0.0240607745229924
motional_heating__spin_dephasing,motional_heating,spin_dephasing,2.0,2.0,20.0,6.666666666666667,rates_06dc0fc32fe15b25,rates_95304e3098130ea3,rates_b641ff121079f20c,rates_7283b228c09abbcb,1.0,0.0025975211559913225,0.0020657804870172,0.0018341137096719,0.0013018788028587,0.0025980153938304,-4.942378390776145e-07,0.0012956423531326226,-0.0003814616262602401,-1.2355945976940362e-07,-1.342646125000388e-07,-5.370584500001552e-07,4.282061092254069e-08,0.08663968546490872
motional_heating__spin_dephasing,motional_heating,spin_dephasing,4.0,2.0,40.0,6.666666666666667,rates_bd51f5d59f144df3,rates_0e752ad71c6095d9,rates_b641ff121079f20c,rates_7283b228c09abbcb,1.0,0.003359000480254948,0.0028277839058091,0.0018341137096719,0.0013018788028587,0.0033600188126223004,-1.0183323673525896e-06,0.002057121677396248,-0.0004950277752366691,-1.272915459190737e-07,-1.342646125000388e-07,-1.0741169000003103e-06,5.5784532647720764e-08,0.054780280423322544
motional_heating__spin_dephasing,motional_heating,spin_dephasing,0.0,4.0,0.0,13.333333333333334,rates_14c3539000a4de2d,rates_7283b228c09abbcb,rates_14c3539000a4de2d,rates_7283b228c09abbcb,1.0,0.0023659522682372,0.0013018788028587,0.0023659522682372,0.0013018788028587,0.0023659522682372,0.0,0.0010640734653785,0.0,,-1.342646125000388e-07,-0.0,0.0,
motional_heating__spin_dephasing,motional_heating,spin_dephasing,0.5,4.0,5.0,13.333333333333334,rates_2f88d59e22e1a883,rates_d40c9e1dbffac54a,rates_14c3539000a4de2d,rates_7283b228c09abbcb,1.0,0.002556847108108995,0.0014930351155408,0.0023659522682372,0.0013018788028587,0.0025571085809193003,-2.614728103053285e-07,0.001254968305250295,-0.0002083501306060311,-1.3073640515266424e-07,-1.342646125000388e-07,-2.685292250000776e-07,7.0564146947491024e-09,0.0269871834341366
motional_heating__spin_dephasing,motional_heating,spin_dephasing,1.0,4.0,10.0,13.333333333333334,rates_9411963805d3030e,rates_a8953962d6e58e19,rates_14c3539000a4de2d,rates_7283b228c09abbcb,1.0,0.0027476020376588,0.0016840630080643,0.0023659522682372,0.0013018788028587,0.0027481364734427997,-5.344357839995491e-07,0.0014457232348001003,-0.00036966673228672664,-1.3360894599988727e-07,-1.342646125000388e-07,-5.370584500001552e-07,2.6226660006060942e-09,0.004907354782606225
motional_heating__spin_dephasing,motional_heating,spin_dephasing,2.0,4.0,20.0,13.333333333333334,rates_a02c2ca9bd9706b1,rates_95304e3098130ea3,rates_14c3539000a4de2d,rates_7283b228c09abbcb,1.0,0.003128800149646005,0.0020657804870172,0.0023659522682372,0.0013018788028587,0.0031298539523956998,-1.0538027496948335e-06,0.001826921346787305,-0.0005768188934613833,-1.317253437118542e-07,-1.342646125000388e-07,-1.0741169000003103e-06,2.031415030547684e-08,0.01927699497022525
motional_heating__spin_dephasing,motional_heating,spin_dephasing,4.0,4.0,40.0,13.333333333333334,rates_646cae99efc6caab,rates_0e752ad71c6095d9,rates_14c3539000a4de2d,rates_7283b228c09abbcb,1.0,0.003889812366342227,0.0028277839058091,0.0023659522682372,0.0013018788028587,0.0038918573711876,-2.045004845373233e-06,0.002587933563483527,-0.0007902076290631369,-1.2781280283582705e-07,-1.342646125000388e-07,-2.1482338000006207e-06,1.032289546273879e-07,0.050478586816525436
motional_heating__spin_dephasing,motional_heating,spin_dephasing,0.0,0.0,0.0,0.0,rates_7283b228c09abbcb,rates_7283b228c09abbcb,rates_7283b228c09abbcb,rates_7283b228c09abbcb,2.0,0.0030258929745734,0.0030258929745734,0.0030258929745734,0.0030258929745734,0.0030258929745734,0.0,0.0,0.0,,-1.0911228189979666e-07,-0.0,0.0,
motional_heating__spin_dephasing,motional_heating,spin_dephasing,0.5,0.0,5.0,0.0,rates_d40c9e1dbffac54a,rates_d40c9e1dbffac54a,rates_7283b228c09abbcb,rates_7283b228c09abbcb,2.0,0.0032130852810559,0.0032130852810559,0.0030258929745734,0.0030258929745734,0.0032130852810559,0.0,0.00018719230648250006,0.0,,-1.0911228189979666e-07,-0.0,0.0,
motional_heating__spin_dephasing,motional_heating,spin_dephasing,1.0,0.0,10.0,0.0,rates_a8953962d6e58e19,rates_a8953962d6e58e19,rates_7283b228c09abbcb,rates_7283b228c09abbcb,2.0,0.003400184777955,0.003400184777955,0.0030258929745734,0.0030258929745734,0.0034001847779549996,4.336808689942018e-19,0.0003742918033816001,1.1586704947210746e-15,,-1.0911228189979666e-07,-0.0,4.336808689942018e-19,
motional_heating__spin_dephasing,motional_heating,spin_dephasing,2.0,0.0,20.0,0.0,rates_95304e3098130ea3,rates_95304e3098130ea3,rates_7283b228c09abbcb,rates_7283b228c09abbcb,2.0,0.0037740332750584,0.0037740332750584,0.0030258929745734,0.0030258929745734,0.0037740332750584,0.0,0.0007481403004850002,0.0,,-1.0911228189979666e-07,-0.0,0.0,
motional_heating__spin_dephasing,motional_heating,spin_dephasing,4.0,0.0,40.0,0.0,rates_0e752ad71c6095d9,rates_0e752ad71c6095d9,rates_7283b228c09abbcb,rates_7283b228c09abbcb,2.0,0.0045203137715349,0.0045203137715349,0.0030258929745734,0.0030258929745734,0.0045203137715349,0.0,0.0014944207969615,0.0,,-1.0911228189979666e-07,-0.0,0.0,
motional_heating__spin_dephasing,motional_heating,spin_dephasing,0.0,0.5,0.0,1.6666666666666667,rates_a6ce76b38e46ff5e,rates_7283b228c09abbcb,rates_a6ce76b38e46ff5e,rates_7283b228c09abbcb,2.0,0.0031587185580059,0.0030258929745734,0.0031587185580059,0.0030258929745734,0.0031587185580058998,4.336808689942018e-19,0.00013282558343250027,3.2650401962253837e-15,,-1.0911228189979666e-07,-0.0,4.336808689942018e-19,
motional_heating__spin_dephasing,motional_heating,spin_dephasing,0.5,0.5,5.0,1.6666666666666667,rates_7f6d8a2c30c891ba,rates_d40c9e1dbffac54a,rates_a6ce76b38e46ff5e,rates_7283b228c09abbcb,2.0,0.003345879633840476,0.0032130852810559,0.0031587185580059,0.0030258929745734,0.0033459108644884,-3.1230647923666255e-08,0.00031998665926707623,-9.759984367848178e-05,-1.2492259169466502e-07,-1.0911228189979666e-07,-2.7278070474949165e-08,-3.95257744871709e-09,-0.1265608532483205
motional_heating__spin_dephasing,motional_heating,spin_dephasing,1.0,0.5,10.0,1.6666666666666667,rates_c359844b45a07d98,rates_a8953962d6e58e19,rates_a6ce76b38e46ff5e,rates_7283b228c09abbcb,2.0,0.0035329384945669,0.003400184777955,0.0031587185580059,0.0030258929745734,0.0035330103613875003,-7.186682060046634e-08,0.0005070455199934999,-0.00014173642753295137,-1.4373364120093268e-07,-1.0911228189979666e-07,-5.455614094989833e-08,-1.731067965056801e-08,-0.2408716498925748
motional_heating__spin_dephasing,motional_heating,spin_dephasing,2.0,0.5,20.0,1.6666666666666667,rates_f231d1a72f5d8b15,rates_95304e3098130ea3,rates_a6ce76b38e46ff5e,rates_7283b228c09abbcb,2.0,0.003906707290420974,0.0037740332750584,0.0031587185580059,0.0030258929745734,0.003906858858490901,-1.5156806992648597e-07,0.0008808143158475744,-0.00017207720991754968,-1.5156806992648597e-07,-1.0911228189979666e-07,-1.0911228189979666e-07,-4.245578802668931e-08,-0.2801103692042879
motional_heating__spin_dephasing,motional_heating,spin_dephasing,4.0,0.5,40.0,1.6666666666666667,rates_9040a2a1e67c1384,rates_0e752ad71c6095d9,rates_a6ce76b38e46ff5e,rates_7283b228c09abbcb,2.0,0.004652896014194163,0.0045203137715349,0.0031587185580059,0.0030258929745734,0.0046531393549674,-2.433407732364834e-07,0.0016270030396207634,-0.00014956380984586449,-1.216703866182417e-07,-1.0911228189979666e-07,-2.1822456379959332e-07,-2.511620943689008e-08,-0.1032141432890149
motional_heating__spin_dephasing,motional_heating,spin_dephasing,0.0,1.0,0.0,3.3333333333333335,rates_87cf81c0f802ee14,rates_7283b228c09abbcb,rates_87cf81c0f802ee14,rates_7283b228c09abbcb,2.0,0.0032915007067568,0.0030258929745734,0.0032915007067568,0.0030258929745734,0.0032915007067568,0.0,0.0002656077321834,0.0,,-1.0911228189979666e-07,-0.0,0.0,
motional_heating__spin_dephasing,motional_heating,spin_dephasing,0.5,1.0,5.0,3.3333333333333335,rates_62f303442749859c,rates_d40c9e1dbffac54a,rates_87cf81c0f802ee14,rates_7283b228c09abbcb,2.0,0.0034786515627522,0.0032130852810559,0.0032915007067568,0.0030258929745734,0.0034786930132393,-4.145048709998378e-08,0.0004527585881788001,-9.155096818089391e-05,-8.290097419996756e-08,-1.0911228189979666e-07,-5.455614094989833e-08,1.310565384991455e-08,0.3161761119550192
motional_heating__spin_dephasing,motional_heating,spin_dephasing,1.0,1.0,10.0,3.3333333333333335,rates_16ce2bd9b8d23759,rates_a8953962d6e58e19,rates_87cf81c0f802ee14,rates_7283b228c09abbcb,2.0,0.0036656833978565,0.003400184777955,0.0032915007067568,0.0030258929745734,0.0036657925101383996,-1.0911228189979666e-07,0.0006397904232830999,-0.00017054378735443455,-1.0911228189979666e-07,-1.0911228189979666e-07,-1.0911228189979666e-07,0.0,0.0
motional_heating__spin_dephasing,motional_heating,spin_dephasing,2.0,1.0,20.0,3.3333333333333335,rates_504018cf22914d71,rates_95304e3098130ea3,rates_87cf81c0f802ee14,rates_7283b228c09abbcb,2.0,0.0040393781022644,0.0037740332750584,0.0032915007067568,0.0030258929745734,0.0040396410072418,-2.6290497740031477e-07,0.0010134851276909999,-0.00025940684299856,-1.3145248870015738e-07,-1.0911228189979666e-07,-2.1822456379959332e-07,-4.468041360072145e-08,-0.169948907177548
motional_heating__spin_dephasing,motional_heating,spin_dephasing,4.0,1.0,40.0,3.3333333333333335,rates_cf9789eef004e0c0,rates_0e752ad71c6095d9,rates_87cf81c0f802ee14,rates_7283b228c09abbcb,2.0,0.0047854282860561,0.0045203137715349,0.0032915007067568,0.0030258929745734,0.0047859215037183,-4.932176621997436e-07,0.0017595353114827003,-0.00028031131798322704,-1.233044155499359e-07,-1.0911228189979666e-07,-4.3644912759918664e-07,-5.6768534600556975e-08,-0.11509834085699636
motional_heating__spin_dephasing,motional_heating,spin_dephasing,0.0,2.0,0.0,6.666666666666667,rates_b641ff121079f20c,rates_7283b228c09abbcb,rates_b641ff121079f20c,rates_7283b228c09abbcb,2.0,0.003557008479872,0.0030258929745734,0.003557008479872,0.0030258929745734,0.003557008479872,0.0,0.0005311155052986002,0.0,,-1.0911228189979666e-07,-0.0,0.0,
motional_heating__spin_dephasing,motional_heating,spin_dephasing,0.5,2.0,5.0,6.666666666666667,rates_03fbb63aa712b73b,rates_d40c9e1dbffac54a,rates_b641ff121079f20c,rates_7283b228c09abbcb,2.0,0.003744068785941246,0.0032130852810559,0.003557008479872,0.0030258929745734,0.0037442007863545002,-1.3200041325441003e-07,0.0007181758113678459,-0.0001837995810566225,-1.3200041325441003e-07,-1.0911228189979666e-07,-1.0911228189979666e-07,-2.2888131354613372e-08,-0.17339439165618445
motional_heating__spin_dephasing,motional_heating,spin_dephasing,1.0,2.0,10.0,6.666666666666667,rates_737a9e85290e171b,rates_a8953962d6e58e19,rates_b641ff121079f20c,rates_7283b228c09abbcb,2.0,0.0039310244450782,0.003400184777955,0.003557008479872,0.0030258929745734,0.0039313002832536,-2.758381753998479e-07,0.0009051314705048,-0.00030474929265912105,-1.3791908769992395e-07,-1.0911228189979666e-07,-2.1822456379959332e-07,-5.761361160025458e-08,-0.20886743293142573
motional_heating__spin_dephasing,motional_heating,spin_dephasing,2.0,2.0,20.0,6.666666666666667,rates_06dc0fc32fe15b25,rates_95304e3098130ea3,rates_b641ff121079f20c,rates_7283b228c09abbcb,2.0,0.004304613873187035,0.0037740332750584,0.003557008479872,0.0030258929745734,0.004305148780357,-5.349071699649668e-07,0.0012787208986136354,-0.0004183142471081085,-1.337267924912417e-07,-1.0911228189979666e-07,-4.3644912759918664e-07,-9.845804236578021e-08,-0.18406566203296285
motional_heating__spin_dephasing,motional_heating,spin_dephasing,4.0,2.0,40.0,6.666666666666667,rates_bd51f5d59f144df3,rates_0e752ad71c6095d9,rates_b641ff121079f20c,rates_7283b228c09abbcb,2.0,0.005050420450209314,0.0045203137715349,0.003557008479872,0.0030258929745734,0.0050514292768335,-1.0088266241860266e-06,0.0020245274756359143,-0.0004983022637759703,-1.2610332802325333e-07,-1.0911228189979666e-07,-8.728982551983733e-07,-1.3592836898765337e-07,-0.13473907778487448
motional_heating__spin_dephasing,motional_heating,spin_dephasing,0.0,4.0,0.0,13.333333333333334,rates_14c3539000a4de2d,rates_7283b228c09abbcb,rates_14c3539000a4de2d,rates_7283b228c09abbcb,2.0,0.0040876768075168,0.0030258929745734,0.0040876768075168,0.0030258929745734,0.0040876768075168,0.0,0.0010617838329434002,0.0,,-1.0911228189979666e-07,-0.0,0.0,
motional_heating__spin_dephasing,motional_heating,spin_dephasing,0.5,4.0,5.0,13.333333333333334,rates_2f88d59e22e1a883,rates_d40c9e1dbffac54a,rates_14c3539000a4de2d,rates_7283b228c09abbcb,2.0,0.0042746180309347626,0.0032130852810559,0.0040876768075168,0.0030258929745734,0.0042748691139993,-2.5108306453761053e-07,0.0012487250563613626,-0.00020107153553019664,-1.2554153226880527e-07,-1.0911228189979666e-07,-2.1822456379959332e-07,-3.2858500738017216e-08,-0.1308670530946751
motional_heating__spin_dephasing,motional_heating,spin_dephasing,1.0,4.0,10.0,13.333333333333334,rates_9411963805d3030e,rates_a8953962d6e58e19,rates_14c3539000a4de2d,rates_7283b228c09abbcb,2.0,0.0044614607199552,0.003400184777955,0.0040876768075168,0.0030258929745734,0.0044619686108984,-5.078909431997097e-07,0.0014355677453818001,-0.00035379099651241624,-1.2697273579992743e-07,-1.0911228189979666e-07,-4.3644912759918664e-07,-7.14418156005231e-08,-0.14066369278105278
motional_heating__spin_dephasing,motional_heating,spin_dephasing,2.0,4.0,20.0,13.333333333333334,rates_a02c2ca9bd9706b1,rates_95304e3098130ea3,rates_14c3539000a4de2d,rates_7283b228c09abbcb,2.0,0.004834780482000367,0.0037740332750584,0.0040876768075168,0.0030258929745734,0.004835817108001801,-1.0366260014341155e-06,0.001808887507426967,-0.0005730737799768728,-1.2957825017926444e-07,-1.0911228189979666e-07,-8.728982551983733e-07,-1.6372774623574227e-07,-0.15794292831670617
motional_heating__spin_dephasing,motional_heating,spin_dephasing,4.0,4.0,40.0,13.333333333333334,rates_646cae99efc6caab,rates_0e752ad71c6095d9,rates_14c3539000a4de2d,rates_7283b228c09abbcb,2.0,0.005580100310427105,0.0045203137715349,0.0040876768075168,0.0030258929745734,0.0055820976044783,-1.9972940511949616e-06,0.0025542073358537053,-0.00078196238150236,-1.248308781996851e-07,-1.0911228189979666e-07,-1.7457965103967465e-06,-2.5149754079821507e-07,-0.12591913576658706
motional_heating__spin_dephasing,motional_heating,spin_dephasing,0.0,0.0,0.0,0.0,rates_7283b228c09abbcb,rates_7283b228c09abbcb,rates_7283b228c09abbcb,rates_7283b228c09abbcb,3.0,0.0053504253160057,0.0053504253160057,0.0053504253160057,0.0053504253160057,0.0053504253160057,0.0,0.0,0.0,,-1.3560987240091027e-07,-0.0,0.0,
motional_heating__spin_dephasing,motional_heating,spin_dephasing,0.5,0.0,5.0,0.0,rates_d40c9e1dbffac54a,rates_d40c9e1dbffac54a,rates_7283b228c09abbcb,rates_7283b228c09abbcb,3.0,0.0055336339464873,0.0055336339464873,0.0053504253160057,0.0053504253160057,0.0055336339464873,0.0,0.0001832086304815999,0.0,,-1.3560987240091027e-07,-0.0,0.0,
motional_heating__spin_dephasing,motional_heating,spin_dephasing,1.0,0.0,10.0,0.0,rates_a8953962d6e58e19,rates_a8953962d6e58e19,rates_7283b228c09abbcb,rates_7283b228c09abbcb,3.0,0.0057167735028995,0.0057167735028995,0.0053504253160057,0.0053504253160057,0.005716773502899501,-8.673617379884035e-19,0.00036634818689380063,-2.3675884555144254e-15,,-1.3560987240091027e-07,-0.0,-8.673617379884035e-19,
motional_heating__spin_dephasing,motional_heating,spin_dephasing,2.0,0.0,20.0,0.0,rates_95304e3098130ea3,rates_95304e3098130ea3,rates_7283b228c09abbcb,rates_7283b228c09abbcb,3.0,0.0060826547658132,0.0060826547658132,0.0053504253160057,0.0053504253160057,0.006082654765813201,-8.673617379884035e-19,0.0007322294498075003,-1.1845491030392575e-15,,-1.3560987240091027e-07,-0.0,-8.673617379884035e-19,
motional_heating__spin_dephasing,motional_heating,spin_dephasing,4.0,0.0,40.0,0.0,rates_0e752ad71c6095d9,rates_0e752ad71c6095d9,rates_7283b228c09abbcb,rates_7283b228c09abbcb,3.0,0.0068131500709455,0.0068131500709455,0.0053504253160057,0.0053504253160057,0.0068131500709455,0.0,0.0014627247549398002,0.0,,-1.3560987240091027e-07,-0.0,0.0,
motional_heating__spin_dephasing,motional_heating,spin_dephasing,0.0,0.5,0.0,1.6666666666666667,rates_a6ce76b38e46ff5e,rates_7283b228c09abbcb,rates_a6ce76b38e46ff5e,rates_7283b228c09abbcb,3.0,0.0054828599167102,0.0053504253160057,0.0054828599167102,0.0053504253160057,0.0054828599167102005,-8.673617379884035e-19,0.00013243460070449988,-6.549358954339583e-15,,-1.3560987240091027e-07,-0.0,-8.673617379884035e-19,
motional_heating__spin_dephasing,motional_heating,spin_dephasing,0.5,0.5,5.0,1.6666666666666667,rates_7f6d8a2c30c891ba,rates_d40c9e1dbffac54a,rates_a6ce76b38e46ff5e,rates_7283b228c09abbcb,3.0,0.005666033569637241,0.0055336339464873,0.0054828599167102,0.0053504253160057,0.005666068547191799,-3.497755455758589e-08,0.0003156082536315413,-0.00011082585501208291,-1.3991021823034355e-07,-1.3560987240091027e-07,-3.390246810022757e-08,-1.0750864573583208e-09,-0.030736467170348745
motional_heating__spin_dephasing,motional_heating,spin_dephasing,1.0,0.5,10.0,1.6666666666666667,rates_c359844b45a07d98,rates_a8953962d6e58e19,rates_a6ce76b38e46ff5e,rates_7283b228c09abbcb,3.0,0.0058491230686883,0.0057167735028995,0.0054828599167102,0.0053504253160057,0.005849208103604,-8.503491570003435e-08,0.0004986977526826005,-0.00017051393402639893,-1.700698314000687e-07,-1.3560987240091027e-07,-6.780493620045513e-08,-1.7229979499579218e-08,-0.2026224093683938
motional_heating__spin_dephasing,motional_heating,spin_dephasing,2.0,0.5,20.0,1.6666666666666667,rates_f231d1a72f5d8b15,rates_95304e3098130ea3,rates_a6ce76b38e46ff5e,rates_7283b228c09abbcb,3.0,0.006214978217084832,0.0060826547658132,0.0054828599167102,0.0053504253160057,0.0062150893665177,-1.1114943286767709e-07,0.0008645529010791325,-0.00012856290543810642,-1.1114943286767709e-07,-1.3560987240091027e-07,-1.3560987240091027e-07,2.446043953323318e-08,0.2200680552491278
motional_heating__spin_dephasing,motional_heating,spin_dephasing,4.0,0.5,40.0,1.6666666666666667,rates_9040a2a1e67c1384,rates_0e752ad71c6095d9,rates_a6ce76b38e46ff5e,rates_7283b228c09abbcb,3.0,0.0069453527738183585,0.0068131500709455,0.0054828599167102,0.0053504253160057,0.006945584671650001,-2.3189783164220823e-07,0.0015949274578126588,-0.00014539710286274793,-1.1594891582110411e-07,-1.3560987240091027e-07,-2.7121974480182054e-07,3.932191315961231e-08,0.16956567847637968
motional_heating__spin_dephasing,motional_heating,spin_dephasing,0.0,1.0,0.0,3.3333333333333335,rates_87cf81c0f802ee14,rates_7283b228c09abbcb,rates_87cf81c0f802ee14,rates_7283b228c09abbcb,3.0,0.0056152454083486,0.0053504253160057,0.0056152454083486,0.0053504253160057,0.005615245408348599,8.673617379884035e-19,0.0002648200923429005,3.275286743972984e-15,,-1.3560987240091027e-07,-0.0,8.673617379884035e-19,
motional_heating__spin_dephasing,motional_heating,spin_dephasing,0.5,1.0,5.0,3.3333333333333335,rates_62f303442749859c,rates_d40c9e1dbffac54a,rates_87cf81c0f802ee14,rates_7283b228c09abbcb,3.0,0.0057983792711443,0.0055336339464873,0.0056152454083486,0.0053504253160057,0.005798454038830201,-7.476768590104071e-08,0.0004479539551386002,-0.00016690931075250145,-1.4953537180208143e-07,-1.3560987240091027e-07,-6.780493620045513e-08,-6.96274970058558e-09,-0.09312511971817845
motional_heating__spin_dephasing,motional_heating,spin_dephasing,1.0,1.0,10.0,3.3333333333333335,rates_16ce2bd9b8d23759,rates_a8953962d6e58e19,rates_87cf81c0f802ee14,rates_7283b228c09abbcb,3.0,0.00598145798537,0.0057167735028995,0.0056152454083486,0.0053504253160057,0.005981593595242401,-1.3560987240091027e-07,0.0006310326693643002,-0.0002149015082492054,-1.3560987240091027e-07,-1.3560987240091027e-07,-1.3560987240091027e-07,0.0,0.0
motional_heating__spin_dephasing,motional_heating,spin_dephasing,2.0,1.0,20.0,3.3333333333333335,rates_504018cf22914d71,rates_95304e3098130ea3,rates_87cf81c0f802ee14,rates_7283b228c09abbcb,3.0,0.0063472674026229,0.0060826547658132,0.0056152454083486,0.0053504253160057,0.0063474748581561005,-2.0745553320090232e-07,0.0009968420866172,-0.00020811273519249785,-1.0372776660045116e-07,-1.3560987240091027e-07,-2.7121974480182054e-07,6.376421160091822e-08,0.30736327258703783
motional_heating__spin_dephasing,motional_heating,spin_dephasing,4.0,1.0,40.0,3.3333333333333335,rates_cf9789eef004e0c0,rates_0e752ad71c6095d9,rates_87cf81c0f802ee14,rates_7283b228c09abbcb,3.0,0.0070775070652576,0.0068131500709455,0.0056152454083486,0.0053504253160057,0.0070779701632883996,-4.630980307996496e-07,0.0017270817492519002,-0.0002681390333724761,-1.157745076999124e-07,-1.3560987240091027e-07,-5.424394896036411e-07,7.934145880399146e-08,0.1713275667939884
motional_heating__spin_dephasing,motional_heating,spin_dephasing,0.0,2.0,0.0,6.666666666666667,rates_b641ff121079f20c,rates_7283b228c09abbcb,rates_b641ff121079f20c,rates_7283b228c09abbcb,3.0,0.0058799716566564,0.0053504253160057,0.0058799716566564,0.0053504253160057,0.005879971656656401,-8.673617379884035e-19,0.0005295463406507,-1.6379335884421373e-15,,-1.3560987240091027e-07,-0.0,-8.673617379884035e-19,
motional_heating__spin_dephasing,motional_heating,spin_dephasing,0.5,2.0,5.0,6.666666666666667,rates_03fbb63aa712b73b,rates_d40c9e1dbffac54a,rates_b641ff121079f20c,rates_7283b228c09abbcb,3.0,0.006063086324706646,0.0055336339464873,0.0058799716566564,0.0053504253160057,0.006063180287137999,-9.39624313529841e-08,0.0007126610087009461,-0.00013184730216159974,-9.39624313529841e-08,-1.3560987240091027e-07,-1.3560987240091027e-07,4.164744104792617e-08,0.4432350296627729
motional_heating__spin_dephasing,motional_heating,spin_dephasing,1.0,2.0,10.0,6.666666666666667,rates_737a9e85290e171b,rates_a8953962d6e58e19,rates_b641ff121079f20c,rates_7283b228c09abbcb,3.0,0.0062460674544553,0.0057167735028995,0.0058799716566564,0.0053504253160057,0.0062463198435502,-2.523890949004612e-07,0.0008956421384496002,-0.0002817968070789511,-1.261945474502306e-07,-1.3560987240091027e-07,-2.7121974480182054e-07,1.8830649901359353e-08,0.07460960192747593
motional_heating__spin_dephasing,motional_heating,spin_dephasing,2.0,2.0,20.0,6.666666666666667,rates_06dc0fc32fe15b25,rates_95304e3098130ea3,rates_b641ff121079f20c,rates_7283b228c09abbcb,3.0,0.006611722158128663,0.0060826547658132,0.0058799716566564,0.0053504253160057,0.0066122011064639,-4.789483352366647e-07,0.0012612968421229637,-0.0003797268963509956,-1.1973708380916617e-07,-1.3560987240091027e-07,-5.424394896036411e-07,6.349115436697639e-08,0.13256368108180863
motional_heating__spin_dephasing,motional_heating,spin_dephasing,4.0,2.0,40.0,6.666666666666667,rates_bd51f5d59f144df3,rates_0e752ad71c6095d9,rates_b641ff121079f20c,rates_7283b228c09abbcb,3.0,0.0073417337728987064,0.0068131500709455,0.0058799716566564,0.0053504253160057,0.007342696411596201,-9.626386974943835e-07,0.0019913084568930067,-0.00048342018242435766,-1.2032983718679793e-07,-1.3560987240091027e-07,-1.0848789792072822e-06,1.222402817128987e-07,0.12698459144752167
motional_heating__spin_dephasing,motional_heating,spin_dephasing,0.0,4.0,0.0,13.333333333333334,rates_14c3539000a4de2d,rates_7283b228c09abbcb,rates_14c3539000a4de2d,rates_7283b228c09abbcb,3.0,0.006409099840242,0.0053504253160057,0.006409099840242,0.0053504253160057,0.006409099840241999,8.673617379884035e-19,0.0010586745242363,8.192902711190632e-16,,-1.3560987240091027e-07,-0.0,8.673617379884035e-19,
motional_heating__spin_dephasing,motional_heating,spin_dephasing,0.5,4.0,5.0,13.333333333333334,rates_2f88d59e22e1a883,rates_d40c9e1dbffac54a,rates_14c3539000a4de2d,rates_7283b228c09abbcb,3.0,0.006592073717890168,0.0055336339464873,0.006409099840242,0.0053504253160057,0.006592308470723601,-2.3475283343274422e-07,0.0012416484018844681,-0.0001890654657763473,-1.1737641671637211e-07,-1.3560987240091027e-07,-2.7121974480182054e-07,3.6466911369076316e-08,0.15534173043122798
motional_heating__spin_dephasing,motional_heating,spin_dephasing,1.0,4.0,10.0,13.333333333333334,rates_9411963805d3030e,rates_a8953962d6e58e19,rates_14c3539000a4de2d,rates_7283b228c09abbcb,3.0,0.0067749443186631,0.0057167735028995,0.006409099840242,0.0053504253160057,0.0067754480271358004,-5.037084727004329e-07,0.0014245190026574003,-0.00035359898447179635,-1.2592711817510822e-07,-1.3560987240091027e-07,-5.424394896036411e-07,3.873101690320818e-08,0.0768917320281853
motional_heating__spin_dephasing,motional_heating,spin_dephasing,2.0,4.0,20.0,13.333333333333334,rates_a02c2ca9bd9706b1,rates_95304e3098130ea3,rates_14c3539000a4de2d,rates_7283b228c09abbcb,3.0,0.007140360493962605,0.0060826547658132,0.006409099840242,0.0053504253160057,0.0071413292900495,-9.687960868948187e-07,0.0017899351779569056,-0.0005412464645790337,-1.2109951086185233e-07,-1.3560987240091027e-07,-1.0848789792072822e-06,1.1608289231246349e-07,0.11982180139118018
motional_heating__spin_dephasing,motional_heating,spin_dephasing,4.0,4.0,40.0,13.333333333333334,rates_646cae99efc6caab,rates_0e752ad71c6095d9,rates_14c3539000a4de2d,rates_7283b228c09abbcb,3.0,0.007869893754126833,0.0068131500709455,0.006409099840242,0.0053504253160057,0.0078718245951818,-1.930841054965937e-06,0.0025194684381211335,-0.0007663684234940609,-1.2067756593537107e-07,-1.3560987240091027e-07,-2.1697579584145643e-06,2.3891690344862715e-07,0.12373721950553926
motional_heating__spin_dephasing,motional_heating,spin_dephasing,0.0,0.0,0.0,0.0,rates_7283b228c09abbcb,rates_7283b228c09abbcb,rates_7283b228c09abbcb,rates_7283b228c09abbcb,4.0,0.0082214370008468,0.0082214370008468,0.0082214370008468,0.0082214370008468,0.0082214370008468,0.0,0.0,0.0,,-1.200234270026801e-07,-0.0,0.0,
motional_heating__spin_dephasing,motional_heating,spin_dephasing,0.5,0.0,5.0,0.0,rates_d40c9e1dbffac54a,rates_d40c9e1dbffac54a,rates_7283b228c09abbcb,rates_7283b228c09abbcb,4.0,0.0084007493446396,0.0084007493446396,0.0082214370008468,0.0082214370008468,0.0084007493446396,0.0,0.0001793123437928007,0.0,,-1.200234270026801e-07,-0.0,0.0,
motional_heating__spin_dephasing,motional_heating,spin_dephasing,1.0,0.0,10.0,0.0,rates_a8953962d6e58e19,rates_a8953962d6e58e19,rates_7283b228c09abbcb,rates_7283b228c09abbcb,4.0,0.008579927670973,0.008579927670973,0.0082214370008468,0.0082214370008468,0.008579927670973,0.0,0.00035849067012620056,0.0,,-1.200234270026801e-07,-0.0,0.0,
motional_heating__spin_dephasing,motional_heating,spin_dephasing,2.0,0.0,20.0,0.0,rates_95304e3098130ea3,rates_95304e3098130ea3,rates_7283b228c09abbcb,rates_7283b228c09abbcb,4.0,0.0089379895788521,0.0089379895788521,0.0082214370008468,0.0082214370008468,0.008937989578852099,1.734723475976807e-18,0.0007165525780053004,2.4209297813230047e-15,,-1.200234270026801e-07,-0.0,1.734723475976807e-18,
motional_heating__spin_dephasing,motional_heating,spin_dephasing,4.0,0.0,40.0,0.0,rates_0e752ad71c6095d9,rates_0e752ad71c6095d9,rates_7283b228c09abbcb,rates_7283b228c09abbcb,4.0,0.00965286588746,0.00965286588746,0.0082214370008468,0.0082214370008468,0.009652865887459998,1.734723475976807e-18,0.0014314288866131997,1.2118824010050619e-15,,-1.200234270026801e-07,-0.0,1.734723475976807e-18,
motional_heating__spin_dephasing,motional_heating,spin_dephasing,0.0,0.5,0.0,1.6666666666666667,rates_a6ce76b38e46ff5e,rates_7283b228c09abbcb,rates_a6ce76b38e46ff5e,rates_7283b228c09abbcb,4.0,0.0083533707467529,0.0082214370008468,0.0083533707467529,0.0082214370008468,0.008353370746752901,-1.734723475976807e-18,0.00013193374590609978,-1.314844404714658e-14,,-1.200234270026801e-07,-0.0,-1.734723475976807e-18,
motional_heating__spin_dephasing,motional_heating,spin_dephasing,0.5,0.5,5.0,1.6666666666666667,rates_7f6d8a2c30c891ba,rates_d40c9e1dbffac54a,rates_a6ce76b38e46ff5e,rates_7283b228c09abbcb,4.0,0.008532662036015992,0.0084007493446396,0.0083533707467529,0.0082214370008468,0.008532683090545702,-2.105452970996291e-08,0.00031122503516919225,-6.765050150453665e-05,-8.421811883985164e-08,-1.200234270026801e-07,-3.0005856750670024e-08,8.951327040707113e-09,0.42514970241635863
motional_heating__spin_dephasing,motional_heating,spin_dephasing,1.0,0.5,10.0,1.6666666666666667,rates_c359844b45a07d98,rates_a8953962d6e58e19,rates_a6ce76b38e46ff5e,rates_7283b228c09abbcb,4.0,0.0087118205711778,0.008579927670973,0.0083533707467529,0.0082214370008468,0.008711861416879102,-4.0845701302152926e-08,0.0004903835703309999,-8.329337231788338e-05,-8.169140260430585e-08,-1.200234270026801e-07,-6.001171350134005e-08,1.916601219918712e-08,0.46922960282669707
motional_heating__spin_dephasing,motional_heating,spin_dephasing,2.0,0.5,20.0,1.6666666666666667,rates_f231d1a72f5d8b15,rates_95304e3098130ea3,rates_a6ce76b38e46ff5e,rates_7283b228c09abbcb,4.0,0.009069819056234607,0.0089379895788521,0.0083533707467529,0.0082214370008468,0.0090699233247582,-1.0426852359302075e-07,0.0008483820553878071,-0.00012290279235733972,-1.0426852359302075e-07,-1.200234270026801e-07,-1.200234270026801e-07,1.575490340965935e-08,0.15109932381083327
motional_heating__spin_dephasing,motional_heating,spin_dephasing,4.0,0.5,40.0,1.6666666666666667,rates_9040a2a1e67c1384,rates_0e752ad71c6095d9,rates_a6ce76b38e46ff5e,rates_7283b228c09abbcb,4.0,0.009784574294587678,0.00965286588746,0.0083533707467529,0.0082214370008468,0.0097847996333661,-2.2533877842151329e-07,0.001563137293740878,-0.00014415802074700407,-1.1266938921075664e-07,-1.200234270026801e-07,-2.400468540053602e-07,1.4708075583846902e-08,0.06527094753453545
motional_heating__spin_dephasing,motional_heating,spin_dephasing,0.0,1.0,0.0,3.3333333333333335,rates_87cf81c0f802ee14,rates_7283b228c09abbcb,rates_87cf81c0f802ee14,rates_7283b228c09abbcb,4.0,0.0084853181318891,0.0082214370008468,0.0084853181318891,0.0082214370008468,0.008485318131889102,-1.734723475976807e-18,0.0002638811310423008,-6.5738822216080565e-15,,-1.200234270026801e-07,-0.0,-1.734723475976807e-18,
motional_heating__spin_dephasing,motional_heating,spin_dephasing,0.5,1.0,5.0,3.3333333333333335,rates_62f303442749859c,rates_d40c9e1dbffac54a,rates_87cf81c0f802ee14,rates_7283b228c09abbcb,4.0,0.0086645549454047,0.0084007493446396,0.0084853181318891,0.0082214370008468,0.008664630475681903,-7.553027720277883e-08,0.00044311794455790046,-0.00017045185854103813,-1.5106055440555766e-07,-1.200234270026801e-07,-6.001171350134005e-08,-1.551856370143878e-08,-0.2054614953917823
motional_heating__spin_dephasing,motional_heating,spin_dephasing,1.0,1.0,10.0,3.3333333333333335,rates_16ce2bd9b8d23759,rates_a8953962d6e58e19,rates_87cf81c0f802ee14,rates_7283b228c09abbcb,4.0,0.0088436887785883,0.008579927670973,0.0084853181318891,0.0082214370008468,0.008843808802015303,-1.200234270026801e-07,0.0006222517777415004,-0.00019288563134092153,-1.200234270026801e-07,-1.200234270026801e-07,-1.200234270026801e-07,0.0,0.0
motional_heating__spin_dephasing,motional_heating,spin_dephasing,2.0,1.0,20.0,3.3333333333333335,rates_504018cf22914d71,rates_95304e3098130ea3,rates_87cf81c0f802ee14,rates_7283b228c09abbcb,4.0,0.0092016197645137,0.0089379895788521,0.0084853181318891,0.0082214370008468,0.009201870709894401,-2.5094538070105643e-07,0.0009801827636669001,-0.0002560189691178209,-1.2547269035052822e-07,-1.200234270026801e-07,-2.400468540053602e-07,-1.0898526695696242e-08,-0.04342987571737503
motional_heating__spin_dephasing,motional_heating,spin_dephasing,4.0,1.0,40.0,3.3333333333333335,rates_cf9789eef004e0c0,rates_0e752ad71c6095d9,rates_87cf81c0f802ee14,rates_7283b228c09abbcb,4.0,0.0099162534522306,0.00965286588746,0.0084853181318891,0.0082214370008468,0.0099167470185023,-4.935662717003853e-07,0.0016948164513838002,-0.00029122107665251505,-1.233915679250963e-07,-1.200234270026801e-07,-4.800937080107204e-07,-1.3472563689664874e-08,-0.027296362134411133
motional_heating__spin_dephasing,motional_heating,spin_dephasing,0.0,2.0,0.0,6.666666666666667,rates_b641ff121079f20c,rates_7283b228c09abbcb,rates_b641ff121079f20c,rates_7283b228c09abbcb,4.0,0.0087490675917362,0.0082214370008468,0.0087490675917362,0.0082214370008468,0.008749067591736201,-1.734723475976807e-18,0.0005276305908893993,-3.287761373071024e-15,,-1.200234270026801e-07,-0.0,-1.734723475976807e-18,
motional_heating__spin_dephasing,motional_heating,spin_dephasing,0.5,2.0,5.0,6.666666666666667,rates_03fbb63aa712b73b,rates_d40c9e1dbffac54a,rates_b641ff121079f20c,rates_7283b228c09abbcb,4.0,0.00892827517141015,0.0084007493446396,0.0087490675917362,0.0082214370008468,0.008928379935529002,-1.047641188522963e-07,0.0007068381705633495,-0.00014821514062943062,-1.047641188522963e-07,-1.200234270026801e-07,-1.200234270026801e-07,1.5259308150383788e-08,0.14565395402119893
motional_heating__spin_dephasing,motional_heating,spin_dephasing,1.0,2.0,10.0,6.666666666666667,rates_737a9e85290e171b,rates_a8953962d6e58e19,rates_b641ff121079f20c,rates_7283b228c09abbcb,4.0,0.0091073617871362,0.008579927670973,0.0087490675917362,0.0082214370008468,0.009107558261862402,-1.964747262019756e-07,0.0008859247862893996,-0.00022177359663328618,-9.82373631009878e-08,-1.200234270026801e-07,-2.400468540053602e-07,4.35721278033846e-08,0.22176963238820113
motional_heating__spin_dephasing,motional_heating,spin_dephasing,2.0,2.0,20.0,6.666666666666667,rates_06dc0fc32fe15b25,rates_95304e3098130ea3,rates_b641ff121079f20c,rates_7283b228c09abbcb,4.0,0.009465168584308459,0.0089379895788521,0.0087490675917362,0.0082214370008468,0.0094656201697415,-4.515854330408575e-07,0.0012437315834616589,-0.00036308914161684854,-1.1289635826021438e-07,-1.200234270026801e-07,-4.800937080107204e-07,2.8508274969862857e-08,0.06312930596076945
motional_heating__spin_dephasing,motional_heating,spin_dephasing,4.0,2.0,40.0,6.666666666666667,rates_bd51f5d59f144df3,rates_0e752ad71c6095d9,rates_b641ff121079f20c,rates_7283b228c09abbcb,4.0,0.010179559075531586,0.00965286588746,0.0087490675917362,0.0082214370008468,0.010180496478349399,-9.374028178132932e-07,0.0019581220746847858,-0.00047872542265486396,-1.1717535222666164e-07,-1.200234270026801e-07,-9.601874160214408e-07,2.27845982081476e-08,0.02430609101570432
motional_heating__spin_dephasing,motional_heating,spin_dephasing,0.0,4.0,0.0,13.333333333333334,rates_14c3539000a4de2d,rates_7283b228c09abbcb,rates_14c3539000a4de2d,rates_7283b228c09abbcb,4.0,0.0092763022154507,0.0082214370008468,0.0092763022154507,0.0082214370008468,0.009276302215450699,1.734723475976807e-18,0.001054865214603901,1.6444977537989924e-15,,-1.200234270026801e-07,-0.0,1.734723475976807e-18,
motional_heating__spin_dephasing,motional_heating,spin_dephasing,0.5,4.0,5.0,13.333333333333334,rates_2f88d59e22e1a883,rates_d40c9e1dbffac54a,rates_14c3539000a4de2d,rates_7283b228c09abbcb,4.0,0.009455353032559288,0.0084007493446396,0.0092763022154507,0.0082214370008468,0.0094556145592435,-2.615266842115327e-07,0.0012339160317124884,-0.00021194852606669945,-1.3076334210576634e-07,-1.200234270026801e-07,-2.400468540053602e-07,-2.14798302061725e-08,-0.08213246105624465
motional_heating__spin_dephasing,motional_heating,spin_dephasing,1.0,4.0,10.0,13.333333333333334,rates_9411963805d3030e,rates_a8953962d6e58e19,rates_14c3539000a4de2d,rates_7283b228c09abbcb,4.0,0.0096342919487287,0.008579927670973,0.0092763022154507,0.0082214370008468,0.0096347928855769,-5.009368482002119e-07,0.0014128549478818996,-0.00035455645956522156,-1.2523421205005297e-07,-1.200234270026801e-07,-4.800937080107204e-07,-2.0843140189491516e-08,-0.04160831902140494
motional_heating__spin_dephasing,motional_heating,spin_dephasing,2.0,4.0,20.0,13.333333333333334,rates_a02c2ca9bd9706b1,rates_95304e3098130ea3,rates_14c3539000a4de2d,rates_7283b228c09abbcb,4.0,0.009991913964045196,0.0089379895788521,0.0092763022154507,0.0082214370008468,0.009992854793456001,-9.408294108052828e-07,0.001770476963198396,-0.0005313988435667973,-1.1760367635066035e-07,-1.200234270026801e-07,-9.601874160214408e-07,1.9358005216157936e-08,0.020575467766881208
motional_heating__spin_dephasing,motional_heating,spin_dephasing,4.0,4.0,40.0,13.333333333333334,rates_646cae99efc6caab,rates_0e752ad71c6095d9,rates_14c3539000a4de2d,rates_7283b228c09abbcb,4.0,0.010705812500302003,0.00965286588746,0.0092763022154507,0.0082214370008468,0.0107077311020639,-1.918601761897315e-06,0.0024843754994552034,-0.0007722672206025391,-1.199126101185822e-07,-1.200234270026801e-07,-1.9203748320428815e-06,1.773070145566491e-09,0.0009241470433202839
motional_heating__photon_scattering,motional_heating,photon_scattering,0.0,0.0,0.0,0.0,rates_7283b228c09abbcb,rates_7283b228c09abbcb,rates_7283b228c09abbcb,rates_7283b228c09abbcb,0.01,0.0002487641440845,0.0002487641440845,0.0002487641440845,0.0002487641440845,0.0002487641440845,0.0,0.0,0.0,,-2.4976210259990313e-07,-0.0,0.0,
motional_heating__photon_scattering,motional_heating,photon_scattering,0.5,0.0,5.0,0.0,rates_d40c9e1dbffac54a,rates_d40c9e1dbffac54a,rates_7283b228c09abbcb,rates_7283b228c09abbcb,0.01,0.0004438274759339,0.0004438274759339,0.0002487641440845,0.0002487641440845,0.0004438274759338999,5.421010862427522e-20,0.0001950633318494,2.7791029769822917e-16,,-2.4976210259990313e-07,-0.0,5.421010862427522e-20,
motional_heating__photon_scattering,motional_heating,photon_scattering,1.0,0.0,10.0,0.0,rates_a8953962d6e58e19,rates_a8953962d6e58e19,rates_7283b228c09abbcb,rates_7283b228c09abbcb,0.01,0.0006387326460262,0.0006387326460262,0.0002487641440845,0.0002487641440845,0.0006387326460261999,1.0842021724855044e-19,0.00038996850194170004,2.780230113681314e-16,,-2.4976210259990313e-07,-0.0,1.0842021724855044e-19,
motional_heating__photon_scattering,motional_heating,photon_scattering,2.0,0.0,20.0,0.0,rates_95304e3098130ea3,rates_95304e3098130ea3,rates_7283b228c09abbcb,rates_7283b228c09abbcb,0.01,0.0010282516239936,0.0010282516239936,0.0002487641440845,0.0002487641440845,0.0010282516239936,0.0,0.0007794874799091,0.0,,-2.4976210259990313e-07,-0.0,0.0,
motional_heating__photon_scattering,motional_heating,photon_scattering,4.0,0.0,40.0,0.0,rates_0e752ad71c6095d9,rates_0e752ad71c6095d9,rates_7283b228c09abbcb,rates_7283b228c09abbcb,0.01,0.0018057867413734,0.0018057867413734,0.0002487641440845,0.0002487641440845,0.0018057867413733997,2.168404344971009e-19,0.0015570225972889,1.3926608057883372e-16,,-2.4976210259990313e-07,-0.0,2.168404344971009e-19,
motional_heating__photon_scattering,motional_heating,photon_scattering,0.0,0.5,0.0,2.0,rates_cba05db5d91a70e1,rates_7283b228c09abbcb,rates_cba05db5d91a70e1,rates_7283b228c09abbcb,0.01,0.0005286263298017,0.0002487641440845,0.0005286263298017,0.0002487641440845,0.0005286263298017,0.0,0.0002798621857172,0.0,,-2.4976210259990313e-07,-0.0,0.0,
motional_heating__photon_scattering,motional_heating,photon_scattering,0.5,0.5,5.0,2.0,rates_e6d1576ac61ecf0f,rates_d40c9e1dbffac54a,rates_cba05db5d91a70e1,rates_7283b228c09abbcb,0.01,0.000723596099284407,0.0004438274759339,0.0005286263298017,0.0002487641440845,0.0007236896616511,-9.35623666929817e-08,0.00047483195519990707,-0.0001970431131864143,-3.742494667719268e-07,-2.4976210259990313e-07,-6.244052564997578e-08,-3.112184104300591e-08,-0.3326320415250935
motional_heating__photon_scattering,motional_heating,photon_scattering,1.0,0.5,10.0,2.0,rates_0ddd426d8d9d7e11,rates_a8953962d6e58e19,rates_cba05db5d91a70e1,rates_7283b228c09abbcb,0.01,0.0009184723966739,0.0006387326460262,0.0005286263298017,0.0002487641440845,0.0009185948317434001,-1.2243506950003567e-07,0.0006697082525894001,-0.00018281851690888588,-2.4487013900007133e-07,-2.4976210259990313e-07,-1.2488105129995156e-07,2.4459817999158973e-09,0.01997778749098668
motional_heating__photon_scattering,motional_heating,photon_scattering,2.0,0.5,20.0,2.0,rates_b2635b77f35944f0,rates_95304e3098130ea3,rates_cba05db5d91a70e1,rates_7283b228c09abbcb,0.01,0.0013078180973421505,0.0010282516239936,0.0005286263298017,0.0002487641440845,0.0013081138097108,-2.95712368649512e-07,0.0010590539532576505,-0.0002792231384811894,-2.95712368649512e-07,-2.4976210259990313e-07,-2.4976210259990313e-07,-4.595026604960889e-08,-0.15538838047072237
motional_heating__photon_scattering,motional_heating,photon_scattering,4.0,0.5,40.0,2.0,rates_63b7c11698f2ab10,rates_0e752ad71c6095d9,rates_cba05db5d91a70e1,rates_7283b228c09abbcb,0.01,0.0020850682889281824,0.0018057867413734,0.0005286263298017,0.0002487641440845,0.0020856489270906003,-5.806381624179e-07,0.0018363041448436824,-0.00031619934205797236,-2.9031908120895e-07,-2.4976210259990313e-07,-4.995242051998063e-07,-8.11139572180937e-08,-0.13969794351841783
motional_heating__photon_scattering,motional_heating,photon_scattering,0.0,1.0,0.0,4.0,rates_660d67d330352843,rates_7283b228c09abbcb,rates_660d67d330352843,rates_7283b228c09abbcb,0.01,0.0008083429031502,0.0002487641440845,0.0008083429031502,0.0002487641440845,0.0008083429031501999,1.0842021724855044e-19,0.0005595787590657001,1.937532751056779e-16,,-2.4976210259990313e-07,-0.0,1.0842021724855044e-19,
motional_heating__photon_scattering,motional_heating,photon_scattering,0.5,1.0,5.0,4.0,rates_1a9c026201883970,rates_d40c9e1dbffac54a,rates_660d67d330352843,rates_7283b228c09abbcb,0.01,0.0010032551458891,0.0004438274759339,0.0008083429031502,0.0002487641440845,0.0010034062349996,-1.5108911049989578e-07,0.0007544910018046,-0.0002002530316975539,-3.0217822099979155e-07,-2.4976210259990313e-07,-1.2488105129995156e-07,-2.6208059199944213e-08,-0.17346094045581328
motional_heating__photon_scattering,motional_heating,photon_scattering,1.0,1.0,10.0,4.0,rates_c7ff262f79a0349b,rates_a8953962d6e58e19,rates_660d67d330352843,rates_7283b228c09abbcb,0.01,0.0011980616429893,0.0006387326460262,0.0008083429031502,0.0002487641440845,0.0011983114050919,-2.4976210259990313e-07,0.0009492974989048001,-0.00026310203375448947,-2.4976210259990313e-07,-2.4976210259990313e-07,-2.4976210259990313e-07,0.0,0.0
motional_heating__photon_scattering,motional_heating,photon_scattering,2.0,1.0,20.0,4.0,rates_734e958b365fba1a,rates_95304e3098130ea3,rates_660d67d330352843,rates_7283b228c09abbcb,0.01,0.0015872797632606,0.0010282516239936,0.0008083429031502,0.0002487641440845,0.0015878303830593,-5.506197986999799e-07,0.0013385156191761,-0.00041136598692729815,-2.7530989934998994e-07,-2.4976210259990313e-07,-4.995242051998063e-07,-5.109559350017362e-08,-0.09279650608425441
motional_heating__photon_scattering,motional_heating,photon_scattering,4.0,1.0,40.0,4.0,rates_5ee16b592439d3eb,rates_0e752ad71c6095d9,rates_660d67d330352843,rates_7283b228c09abbcb,0.01,0.0023642241935128,0.0018057867413734,0.0008083429031502,0.0002487641440845,0.0023653655004391002,-1.1413069263004234e-06,0.0021154600494283,-0.0005395076719169714,-2.8532673157510586e-07,-2.4976210259990313e-07,-9.990484103996125e-07,-1.4225851590081093e-07,-0.12464527518635646
motional_heating__photon_scattering,motional_heating,photon_scattering,0.0,2.0,0.0,8.0,rates_a6b00ad014b8547a,rates_7283b228c09abbcb,rates_a6b00ad014b8547a,rates_7283b228c09abbcb,0.01,0.0013674834534253,0.0002487641440845,0.0013674834534253,0.0002487641440845,0.0013674834534253,0.0,0.0011187193093408,0.0,,-2.4976210259990313e-07,-0.0,0.0,
motional_heating__photon_scattering,motional_heating,photon_scattering,0.5,2.0,5.0,8.0,rates_d447724ad0bdd3f5,rates_d40c9e1dbffac54a,rates_a6b00ad014b8547a,rates_7283b228c09abbcb,0.01,0.0015622353576059123,0.0004438274759339,0.0013674834534253,0.0002487641440845,0.0015625467852746998,-3.114276687875544e-07,0.0013134712135214122,-0.00023710277437494635,-3.114276687875544e-07,-2.4976210259990313e-07,-2.4976210259990313e-07,-6.166556618765126e-08,-0.19800927267550356
motional_heating__photon_scattering,motional_heating,photon_scattering,1.0,2.0,10.0,8.0,rates_a2a634c42104bf42,rates_a8953962d6e58e19,rates_a6b00ad014b8547a,rates_7283b228c09abbcb,0.01,0.0017569069543285,0.0006387326460262,0.0013674834534253,0.0002487641440845,0.0017574519553669999,-5.450010384998143e-07,0.001508142810244,-0.00036137230161355834,-2.7250051924990713e-07,-2.4976210259990313e-07,-4.995242051998063e-07,-4.547683330000801e-08,-0.08344357182362233
motional_heating__photon_scattering,motional_heating,photon_scattering,2.0,2.0,20.0,8.0,rates_4c5ba218961c0bf9,rates_95304e3098130ea3,rates_a6b00ad014b8547a,rates_7283b228c09abbcb,0.01,0.0021458210421174684,0.0010282516239936,0.0013674834534253,0.0002487641440845,0.0021469709333344,-1.1498912169316186e-06,0.0018970568980329683,-0.0006061448226059665,-2.8747280423290465e-07,-2.4976210259990313e-07,-9.990484103996125e-07,-1.508428065320061e-07,-0.13118006669754081
motional_heating__photon_scattering,motional_heating,photon_scattering,4.0,2.0,40.0,8.0,rates_7d999caf853d6576,rates_0e752ad71c6095d9,rates_a6b00ad014b8547a,rates_7283b228c09abbcb,0.01,0.0029222116212668237,0.0018057867413734,0.0013674834534253,0.0002487641440845,0.0029245060507142,-2.2944294473764386e-06,0.002673447477182324,-0.0008582287353535926,-2.868036809220548e-07,-2.4976210259990313e-07,-1.998096820799225e-06,-2.9633262657721357e-07,-0.12915307852069915
motional_heating__photon_scattering,motional_heating,photon_scattering,0.0,4.0,0.0,16.0,rates_57b91a072f7de420,rates_7283b228c09abbcb,rates_57b91a072f7de420,rates_7283b228c09abbcb,0.01,0.0024843546520184,0.0002487641440845,0.0024843546520184,0.0002487641440845,0.0024843546520184,0.0,0.0022355905079339,0.0,,-2.4976210259990313e-07,-0.0,0.0,
motional_heating__photon_scattering,motional_heating,photon_scattering,0.5,4.0,5.0,16.0,rates_8a1b00d366269f2a,rates_d40c9e1dbffac54a,rates_57b91a072f7de420,rates_7283b228c09abbcb,0.01,0.002678851914811986,0.0004438274759339,0.0024843546520184,0.0002487641440845,0.0026794179838678,-5.660690558140398e-07,0.0024300877707274862,-0.00023294181495534124,-2.830345279070199e-07,-2.4976210259990313e-07,-4.995242051998063e-07,-6.654485061423354e-08,-0.11755606481357336
motional_heating__photon_scattering,motional_heating,photon_scattering,1.0,4.0,10.0,16.0,rates_df1e41669f921008,rates_a8953962d6e58e19,rates_57b91a072f7de420,rates_7283b228c09abbcb,0.01,0.0028732146369133,0.0006387326460262,0.0024843546520184,0.0002487641440845,0.0028743231539601,-1.1085170468000047e-06,0.0026244504928288003,-0.00042238062780341275,-2.7712926170000117e-07,-2.4976210259990313e-07,-9.990484103996125e-07,-1.0946863640039217e-07,-0.09875232565561275
motional_heating__photon_scattering,motional_heating,photon_scattering,2.0,4.0,20.0,16.0,rates_e8358d2671545dfb,rates_95304e3098130ea3,rates_57b91a072f7de420,rates_7283b228c09abbcb,0.01,0.0032615807959690546,0.0010282516239936,0.0024843546520184,0.0002487641440845,0.0032638421319275005,-2.2613359584458884e-06,0.0030128166518845548,-0.0007505720459396008,-2.8266699480573605e-07,-2.4976210259990313e-07,-1.998096820799225e-06,-2.6323913764666335e-07,-0.11640868163064785
motional_heating__photon_scattering,motional_heating,photon_scattering,4.0,4.0,40.0,16.0,rates_ad14ec98801c08d9,rates_0e752ad71c6095d9,rates_57b91a072f7de420,rates_7283b228c09abbcb,0.01,0.004036839504003353,0.0018057867413734,0.0024843546520184,0.0002487641440845,0.0040413772493073,-4.537745303946801e-06,0.0037880753599188535,-0.0011979025950645307,-2.8360908149667506e-07,-2.4976210259990313e-07,-3.99619364159845e-06,-5.41551662348351e-07,-0.11934377671601024
motional_heating__photon_scattering,motional_heating,photon_scattering,0.0,0.0,0.0,0.0,rates_7283b228c09abbcb,rates_7283b228c09abbcb,rates_7283b228c09abbcb,rates_7283b228c09abbcb,1.0,0.0013018788028587,0.0013018788028587,0.0013018788028587,0.0013018788028587,0.0013018788028587,0.0,0.0,0.0,,-2.930460037001495e-07,-0.0,0.0,
motional_heating__photon_scattering,motional_heating,photon_scattering,0.5,0.0,5.0,0.0,rates_d40c9e1dbffac54a,rates_d40c9e1dbffac54a,rates_7283b228c09abbcb,rates_7283b228c09abbcb,1.0,0.0014930351155408,0.0014930351155408,0.0013018788028587,0.0013018788028587,0.0014930351155408002,-2.168404344971009e-19,0.0001911563126821001,-1.1343618814080937e-15,,-2.930460037001495e-07,-0.0,-2.168404344971009e-19,
motional_heating__photon_scattering,motional_heating,photon_scattering,1.0,0.0,10.0,0.0,rates_a8953962d6e58e19,rates_a8953962d6e58e19,rates_7283b228c09abbcb,rates_7283b228c09abbcb,1.0,0.0016840630080643,0.0016840630080643,0.0013018788028587,0.0013018788028587,0.0016840630080643,0.0,0.00038218420520560016,0.0,,-2.930460037001495e-07,-0.0,0.0,
motional_heating__photon_scattering,motional_heating,photon_scattering,2.0,0.0,20.0,0.0,rates_95304e3098130ea3,rates_95304e3098130ea3,rates_7283b228c09abbcb,rates_7283b228c09abbcb,1.0,0.0020657804870172,0.0020657804870172,0.0013018788028587,0.0013018788028587,0.0020657804870172,0.0,0.0007639016841585002,0.0,,-2.930460037001495e-07,-0.0,0.0,
motional_heating__photon_scattering,motional_heating,photon_scattering,4.0,0.0,40.0,0.0,rates_0e752ad71c6095d9,rates_0e752ad71c6095d9,rates_7283b228c09abbcb,rates_7283b228c09abbcb,1.0,0.0028277839058091,0.0028277839058091,0.0013018788028587,0.0013018788028587,0.0028277839058091,0.0,0.0015259051029504,0.0,,-2.930460037001495e-07,-0.0,0.0,
motional_heating__photon_scattering,motional_heating,photon_scattering,0.0,0.5,0.0,2.0,rates_cba05db5d91a70e1,rates_7283b228c09abbcb,rates_cba05db5d91a70e1,rates_7283b228c09abbcb,1.0,0.0015813673514564,0.0013018788028587,0.0015813673514564,0.0013018788028587,0.0015813673514563998,2.168404344971009e-19,0.0002794885485977001,7.758472953009041e-16,,-2.930460037001495e-07,-0.0,2.168404344971009e-19,
motional_heating__photon_scattering,motional_heating,photon_scattering,0.5,0.5,5.0,2.0,rates_e6d1576ac61ecf0f,rates_d40c9e1dbffac54a,rates_cba05db5d91a70e1,rates_7283b228c09abbcb,1.0,0.0017724418017301957,0.0014930351155408,0.0015813673514564,0.0013018788028587,0.0017725236641385,-8.186240830435759e-08,0.0004705629988714958,-0.00017396694704148013,-3.2744963321743037e-07,-2.930460037001495e-07,-7.326150092503737e-08,-8.600907379320219e-09,-0.10506540862251162
motional_heating__photon_scattering,motional_heating,photon_scattering,1.0,0.5,10.0,2.0,rates_0ddd426d8d9d7e11,rates_a8953962d6e58e19,rates_cba05db5d91a70e1,rates_7283b228c09abbcb,1.0,0.0019633854366581,0.0016840630080643,0.0015813673514564,0.0013018788028587,0.0019635515566620004,-1.661200039002747e-07,0.0006615066337994002,-0.00025112371579126156,-3.322400078005494e-07,-2.930460037001495e-07,-1.4652300185007475e-07,-1.9597002050199958e-08,-0.11796894768895169
motional_heating__photon_scattering,motional_heating,photon_scattering,2.0,0.5,20.0,2.0,rates_b2635b77f35944f0,rates_95304e3098130ea3,rates_cba05db5d91a70e1,rates_7283b228c09abbcb,1.0,0.0023449807786397603,0.0020657804870172,0.0015813673514564,0.0013018788028587,0.0023452690356149004,-2.882569751401498e-07,0.0010431019757810604,-0.0002763459199895647,-2.882569751401498e-07,-2.930460037001495e-07,-2.930460037001495e-07,4.789028559999686e-09,0.016613747360913894
motional_heating__photon_scattering,motional_heating,photon_scattering,4.0,0.5,40.0,2.0,rates_63b7c11698f2ab10,rates_0e752ad71c6095d9,rates_cba05db5d91a70e1,rates_7283b228c09abbcb,1.0,0.003106720826350995,0.0028277839058091,0.0015813673514564,0.0013018788028587,0.0031072724544068,-5.516280558049563e-07,0.001804842023492295,-0.00030563786116724986,-2.7581402790247816e-07,-2.930460037001495e-07,-5.86092007400299e-07,3.446395159534266e-08,0.06247679252834878
motional_heating__photon_scattering,motional_heating,photon_scattering,0.0,1.0,0.0,4.0,rates_660d67d330352843,rates_7283b228c09abbcb,rates_660d67d330352843,rates_7283b228c09abbcb,1.0,0.0018607331791671,0.0013018788028587,0.0018607331791671,0.0013018788028587,0.0018607331791671003,-2.168404344971009e-19,0.0005588543763084001,-3.8800883323035645e-16,,-2.930460037001495e-07,-0.0,-2.168404344971009e-19,
motional_heating__photon_scattering,motional_heating,photon_scattering,0.5,1.0,5.0,4.0,rates_1a9c026201883970,rates_d40c9e1dbffac54a,rates_660d67d330352843,rates_7283b228c09abbcb,1.0,0.0020517451243465,0.0014930351155408,0.0018607331791671,0.0013018788028587,0.0020518894918492,-1.4436750270024543e-07,0.0007498663214878,-0.00019252431875298485,-2.8873500540049085e-07,-2.930460037001495e-07,-1.4652300185007475e-07,2.1554991498293208e-09,0.014930639579634818
motional_heating__photon_scattering,motional_heating,photon_scattering,1.0,1.0,10.0,4.0,rates_c7ff262f79a0349b,rates_a8953962d6e58e19,rates_660d67d330352843,rates_7283b228c09abbcb,1.0,0.002242624338369,0.0016840630080643,0.0018607331791671,0.0013018788028587,0.0022429173843727,-2.930460037001495e-07,0.0009407455355102999,-0.0003115040068100765,-2.930460037001495e-07,-2.930460037001495e-07,-2.930460037001495e-07,0.0,0.0
motional_heating__photon_scattering,motional_heating,photon_scattering,2.0,1.0,20.0,4.0,rates_734e958b365fba1a,rates_95304e3098130ea3,rates_660d67d330352843,rates_7283b228c09abbcb,1.0,0.002624047571372,0.0020657804870172,0.0018607331791671,0.0013018788028587,0.0026246348633256,-5.872919535999943e-07,0.0013221687685133002,-0.00044418834235539315,-2.9364597679999715e-07,-2.930460037001495e-07,-5.86092007400299e-07,-1.1999461996953231e-09,-0.0020431851523588364
motional_heating__photon_scattering,motional_heating,photon_scattering,4.0,1.0,40.0,4.0,rates_5ee16b592439d3eb,rates_0e752ad71c6095d9,rates_660d67d330352843,rates_7283b228c09abbcb,1.0,0.0033855104678301,0.0028277839058091,0.0018607331791671,0.0013018788028587,0.0033866382821175003,-1.1278142874001675e-06,0.0020836316649714003,-0.000541273348049089,-2.8195357185004186e-07,-2.930460037001495e-07,-1.172184014800598e-06,4.436972740043052e-08,0.039341341829168895
motional_heating__photon_scattering,motional_heating,photon_scattering,0.0,2.0,0.0,8.0,rates_a6b00ad014b8547a,rates_7283b228c09abbcb,rates_a6b00ad014b8547a,rates_7283b228c09abbcb,1.0,0.0024191346070624,0.0013018788028587,0.0024191346070624,0.0013018788028587,0.0024191346070624,0.0,0.0011172558042037003,0.0,,-2.930460037001495e-07,-0.0,0.0,
motional_heating__photon_scattering,motional_heating,photon_scattering,0.5,2.0,5.0,8.0,rates_d447724ad0bdd3f5,rates_d40c9e1dbffac54a,rates_a6b00ad014b8547a,rates_7283b228c09abbcb,1.0,0.0026099906891600133,0.0014930351155408,0.0024191346070624,0.0013018788028587,0.0026102909197445005,-3.0023058448722106e-07,0.0013081118863013134,-0.00022951445333634502,-3.0023058448722106e-07,-2.930460037001495e-07,-2.930460037001495e-07,-7.1845807870715706e-09,-0.02393020950661132
motional_heating__photon_scattering,motional_heating,photon_scattering,1.0,2.0,10.0,8.0,rates_a2a634c42104bf42,rates_a8953962d6e58e19,rates_a6b00ad014b8547a,rates_7283b228c09abbcb,1.0,0.0028007415857583,0.0016840630080643,0.0024191346070624,0.0013018788028587,0.002801318812268001,-5.772265097006221e-07,0.0014988627828996003,-0.00038510964198067426,-2.8861325485031106e-07,-2.930460037001495e-07,-5.86092007400299e-07,8.865497699676872e-09,0.01535878472434496
motional_heating__photon_scattering,motional_heating,photon_scattering,2.0,2.0,20.0,8.0,rates_4c5ba218961c0bf9,rates_95304e3098130ea3,rates_a6b00ad014b8547a,rates_7283b228c09abbcb,1.0,0.003181906999578765,0.0020657804870172,0.0024191346070624,0.0013018788028587,0.003183036291220901,-1.1292916421356755e-06,0.0018800281967200653,-0.0006006780345666412,-2.823229105339189e-07,-2.930460037001495e-07,-1.172184014800598e-06,4.289237266492246e-08,0.03798166130390017
motional_heating__photon_scattering,motional_heating,photon_scattering,4.0,2.0,40.0,8.0,rates_7d999caf853d6576,rates_0e752ad71c6095d9,rates_a6b00ad014b8547a,rates_7283b228c09abbcb,1.0,0.003942817115518027,0.0028277839058091,0.0024191346070624,0.0013018788028587,0.0039450397100128,-2.2225944947733625e-06,0.002640938312659327,-0.0008415927339610186,-2.778243118466703e-07,-2.930460037001495e-07,-2.344368029601196e-06,1.2177353482783343e-07,0.054788912288856656
motional_heating__photon_scattering,motional_heating,photon_scattering,0.0,4.0,0.0,16.0,rates_57b91a072f7de420,rates_7283b228c09abbcb,rates_57b91a072f7de420,rates_7283b228c09abbcb,1.0,0.0035345741750463,0.0013018788028587,0.0035345741750463,0.0013018788028587,0.0035345741750463,0.0,0.0022326953721876,0.0,,-2.930460037001495e-07,-0.0,0.0,
motional_heating__photon_scattering,motional_heating,photon_scattering,0.5,4.0,5.0,16.0,rates_8a1b00d366269f2a,rates_d40c9e1dbffac54a,rates_57b91a072f7de420,rates_7283b228c09abbcb,1.0,0.0037251670348137367,0.0014930351155408,0.0035345741750463,0.0013018788028587,0.0037257304877284,-5.634529146635384e-07,0.0024232882319550368,-0.00023251584654003843,-2.817264573317692e-07,-2.930460037001495e-07,-5.86092007400299e-07,2.2639092736760624e-08,0.0401792095623099
motional_heating__photon_scattering,motional_heating,photon_scattering,1.0,4.0,10.0,16.0,rates_df1e41669f921008,rates_a8953962d6e58e19,rates_57b91a072f7de420,rates_7283b228c09abbcb,1.0,0.0039156316373183,0.0016840630080643,0.0035345741750463,0.0013018788028587,0.0039167583802519,-1.1267429335997878e-06,0.0026137528344596,-0.00043108243394128916,-2.8168573339994694e-07,-2.930460037001495e-07,-1.172184014800598e-06,4.5441081200810196e-08,0.04032959057984258
motional_heating__photon_scattering,motional_heating,photon_scattering,2.0,4.0,20.0,16.0,rates_e8358d2671545dfb,rates_95304e3098130ea3,rates_57b91a072f7de420,rates_7283b228c09abbcb,1.0,0.004296251597627032,0.0020657804870172,0.0035345741750463,0.0013018788028587,0.0042984758592048,-2.224261577767582e-06,0.0029943727947683322,-0.0007428138479129042,-2.7803269722094775e-07,-2.930460037001495e-07,-2.344368029601196e-06,1.2010645183361396e-07,0.053998348500971204
motional_heating__photon_scattering,motional_heating,photon_scattering,4.0,4.0,40.0,16.0,rates_ad14ec98801c08d9,rates_0e752ad71c6095d9,rates_57b91a072f7de420,rates_7283b228c09abbcb,1.0,0.005056033082878386,0.0028277839058091,0.0035345741750463,0.0013018788028587,0.0050604792779967,-4.446195118313831e-06,0.0037541542800196863,-0.0011843400102061112,-2.7788719489461444e-07,-2.930460037001495e-07,-4.688736059202392e-06,2.4254094088856093e-07,0.05455022427817829
motional_heating__photon_scattering,motional_heating,photon_scattering,0.0,0.0,0.0,0.0,rates_7283b228c09abbcb,rates_7283b228c09abbcb,rates_7283b228c09abbcb,rates_7283b228c09abbcb,2.0,0.0030258929745734,0.0030258929745734,0.0030258929745734,0.0030258929745734,0.0030258929745734,0.0,0.0,0.0,,-3.0091744660041414e-07,-0.0,0.0,
motional_heating__photon_scattering,motional_heating,photon_scattering,0.5,0.0,5.0,0.0,rates_d40c9e1dbffac54a,rates_d40c9e1dbffac54a,rates_7283b228c09abbcb,rates_7283b228c09abbcb,2.0,0.0032130852810559,0.0032130852810559,0.0030258929745734,0.0030258929745734,0.0032130852810559,0.0,0.00018719230648250006,0.0,,-3.0091744660041414e-07,-0.0,0.0,
motional_heating__photon_scattering,motional_heating,photon_scattering,1.0,0.0,10.0,0.0,rates_a8953962d6e58e19,rates_a8953962d6e58e19,rates_7283b228c09abbcb,rates_7283b228c09abbcb,2.0,0.003400184777955,0.003400184777955,0.0030258929745734,0.0030258929745734,0.0034001847779549996,4.336808689942018e-19,0.0003742918033816001,1.1586704947210746e-15,,-3.0091744660041414e-07,-0.0,4.336808689942018e-19,
motional_heating__photon_scattering,motional_heating,photon_scattering,2.0,0.0,20.0,0.0,rates_95304e3098130ea3,rates_95304e3098130ea3,rates_7283b228c09abbcb,rates_7283b228c09abbcb,2.0,0.0037740332750584,0.0037740332750584,0.0030258929745734,0.0030258929745734,0.0037740332750584,0.0,0.0007481403004850002,0.0,,-3.0091744660041414e-07,-0.0,0.0,
motional_heating__photon_scattering,motional_heating,photon_scattering,4.0,0.0,40.0,0.0,rates_0e752ad71c6095d9,rates_0e752ad71c6095d9,rates_7283b228c09abbcb,rates_7283b228c09abbcb,2.0,0.0045203137715349,0.0045203137715349,0.0030258929745734,0.0030258929745734,0.0045203137715349,0.0,0.0014944207969615,0.0,,-3.0091744660041414e-07,-0.0,0.0,
motional_heating__photon_scattering,motional_heating,photon_scattering,0.0,0.5,0.0,2.0,rates_cba05db5d91a70e1,rates_7283b228c09abbcb,rates_cba05db5d91a70e1,rates_7283b228c09abbcb,2.0,0.0033047811572902,0.0030258929745734,0.0033047811572902,0.0030258929745734,0.0033047811572901997,4.336808689942018e-19,0.00027888818271680016,1.5550349418519013e-15,,-3.0091744660041414e-07,-0.0,4.336808689942018e-19,
motional_heating__photon_scattering,motional_heating,photon_scattering,0.5,0.5,5.0,2.0,rates_e6d1576ac61ecf0f,rates_d40c9e1dbffac54a,rates_cba05db5d91a70e1,rates_7283b228c09abbcb,2.0,0.003491914714634725,0.0032130852810559,0.0033047811572902,0.0030258929745734,0.0034919734637726997,-5.874913797457304e-08,0.0004660217400613252,-0.0001260652302762572,-2.3499655189829216e-07,-3.0091744660041414e-07,-7.522936165010354e-08,1.6480223675530495e-08,0.2805185615261832
motional_heating__photon_scattering,motional_heating,photon_scattering,1.0,0.5,10.0,2.0,rates_0ddd426d8d9d7e11,rates_a8953962d6e58e19,rates_cba05db5d91a70e1,rates_7283b228c09abbcb,2.0,0.0036789365886964,0.003400184777955,0.0033047811572902,0.0030258929745734,0.0036790729606718,-1.3637197540010762e-07,0.0006530436141230001,-0.0002088252184859771,-2.7274395080021524e-07,-3.0091744660041414e-07,-1.5045872330020707e-07,1.408674790009945e-08,0.10329650104993884
motional_heating__photon_scattering,motional_heating,photon_scattering,2.0,0.5,20.0,2.0,rates_b2635b77f35944f0,rates_95304e3098130ea3,rates_cba05db5d91a70e1,rates_7283b228c09abbcb,2.0,0.004052610828467751,0.0037740332750584,0.0033047811572902,0.0030258929745734,0.004052921457775201,-3.1062930744979456e-07,0.001026717853894351,-0.0003025459295088466,-3.1062930744979456e-07,-3.0091744660041414e-07,-3.0091744660041414e-07,-9.711860849380416e-09,-0.03126511445141117
motional_heating__photon_scattering,motional_heating,photon_scattering,4.0,0.5,40.0,2.0,rates_63b7c11698f2ab10,rates_0e752ad71c6095d9,rates_cba05db5d91a70e1,rates_7283b228c09abbcb,2.0,0.00479865369764132,0.0045203137715349,0.0033047811572902,0.0030258929745734,0.0047992019542517,-5.482566103800351e-07,0.0017727607230679197,-0.0003092671240093973,-2.741283051900176e-07,-3.0091744660041414e-07,-6.018348932008283e-07,5.357828282079313e-08,0.09772482776569581
motional_heating__photon_scattering,motional_heating,photon_scattering,0.0,1.0,0.0,4.0,rates_660d67d330352843,rates_7283b228c09abbcb,rates_660d67d330352843,rates_7283b228c09abbcb,2.0,0.003583542645914,0.0030258929745734,0.003583542645914,0.0030258929745734,0.0035835426459139997,4.336808689942018e-19,0.0005576496713406002,7.776941174404799e-16,,-3.0091744660041414e-07,-0.0,4.336808689942018e-19,
motional_heating__photon_scattering,motional_heating,photon_scattering,0.5,1.0,5.0,4.0,rates_1a9c026201883970,rates_d40c9e1dbffac54a,rates_660d67d330352843,rates_7283b228c09abbcb,2.0,0.0037705919597872,0.0032130852810559,0.003583542645914,0.0030258929745734,0.0037707349523964998,-1.4299260929972676e-07,0.0007446989852138001,-0.0001920139709317237,-2.8598521859945353e-07,-3.0091744660041414e-07,-1.5045872330020707e-07,7.466114000480306e-09,0.05221328596662354
motional_heating__photon_scattering,motional_heating,photon_scattering,1.0,1.0,10.0,4.0,rates_c7ff262f79a0349b,rates_a8953962d6e58e19,rates_660d67d330352843,rates_7283b228c09abbcb,2.0,0.003957533531849,0.003400184777955,0.003583542645914,0.0030258929745734,0.0039578344492956,-3.0091744660041414e-07,0.0009316405572755999,-0.00032299736658136503,-3.0091744660041414e-07,-3.0091744660041414e-07,-3.0091744660041414e-07,0.0,0.0
motional_heating__photon_scattering,motional_heating,photon_scattering,2.0,1.0,20.0,4.0,rates_734e958b365fba1a,rates_95304e3098130ea3,rates_660d67d330352843,rates_7283b228c09abbcb,2.0,0.0043311170409504,0.0037740332750584,0.003583542645914,0.0030258929745734,0.004331682946399001,-5.659054486007592e-07,0.001305224066377,-0.0004335695787249631,-2.829527243003796e-07,-3.0091744660041414e-07,-6.018348932008283e-07,3.592944460006908e-08,0.06349019025865035
motional_heating__photon_scattering,motional_heating,photon_scattering,4.0,1.0,40.0,4.0,rates_5ee16b592439d3eb,rates_0e752ad71c6095d9,rates_660d67d330352843,rates_7283b228c09abbcb,2.0,0.005076853802528,0.0045203137715349,0.003583542645914,0.0030258929745734,0.0050779634428755,-1.1096403474998573e-06,0.0020509608279546,-0.0005410343934293904,-2.774100868749643e-07,-3.0091744660041414e-07,-1.2036697864016566e-06,9.402943890179927e-08,0.08473866249876189
motional_heating__photon_scattering,motional_heating,photon_scattering,0.0,2.0,0.0,8.0,rates_a6b00ad014b8547a,rates_7283b228c09abbcb,rates_a6b00ad014b8547a,rates_7283b228c09abbcb,2.0,0.0041407283261876,0.0030258929745734,0.0041407283261876,0.0030258929745734,0.0041407283261876,0.0,0.0011148353516142002,0.0,,-3.0091744660041414e-07,-0.0,0.0,
motional_heating__photon_scattering,motional_heating,photon_scattering,0.5,2.0,5.0,8.0,rates_d447724ad0bdd3f5,rates_d40c9e1dbffac54a,rates_a6b00ad014b8547a,rates_7283b228c09abbcb,2.0,0.0043276558732194825,0.0032130852810559,0.0041407283261876,0.0030258929745734,0.0043279206326701,-2.6475945061766454e-07,0.0013017628986460826,-0.00020338530994625168,-2.6475945061766454e-07,-3.0091744660041414e-07,-3.0091744660041414e-07,3.61579959827496e-08,0.13656923633281315
motional_heating__photon_scattering,motional_heating,photon_scattering,1.0,2.0,10.0,8.0,rates_a2a634c42104bf42,rates_a8953962d6e58e19,rates_a6b00ad014b8547a,rates_7283b228c09abbcb,2.0,0.00451446606639,0.003400184777955,0.0041407283261876,0.0030258929745734,0.004515020129569201,-5.540631792004189e-07,0.0014885730918166003,-0.0003722109329037114,-2.7703158960020943e-07,-3.0091744660041414e-07,-6.018348932008283e-07,4.7771714000409415e-08,0.08622069791634568
motional_heating__photon_scattering,motional_heating,photon_scattering,2.0,2.0,20.0,8.0,rates_4c5ba218961c0bf9,rates_95304e3098130ea3,rates_a6b00ad014b8547a,rates_7283b228c09abbcb,2.0,0.004887752140181112,0.0037740332750584,0.0041407283261876,0.0030258929745734,0.0048888686266726,-1.1164864914883776e-06,0.001861859165607712,-0.0005996621614094833,-2.791216228720944e-07,-3.0091744660041414e-07,-1.2036697864016566e-06,8.718329491327892e-08,0.0780871918988072
motional_heating__photon_scattering,motional_heating,photon_scattering,4.0,2.0,40.0,8.0,rates_7d999caf853d6576,rates_0e752ad71c6095d9,rates_a6b00ad014b8547a,rates_7283b228c09abbcb,2.0,0.005632981242719048,0.0045203137715349,0.0041407283261876,0.0030258929745734,0.005635149123149101,-2.1678804300526155e-06,0.0026070882681456485,-0.0008315331922361687,-2.7098505375657694e-07,-3.0091744660041414e-07,-2.407339572803313e-06,2.3945914275069757e-07,0.11045772609556966
motional_heating__photon_scattering,motional_heating,photon_scattering,0.0,4.0,0.0,16.0,rates_57b91a072f7de420,rates_7283b228c09abbcb,rates_57b91a072f7de420,rates_7283b228c09abbcb,2.0,0.0052537848426599,0.0030258929745734,0.0052537848426599,0.0030258929745734,0.005253784842659901,-8.673617379884035e-19,0.0022278918680865003,-3.8931949544452813e-16,,-3.0091744660041414e-07,-0.0,-8.673617379884035e-19,
motional_heating__photon_scattering,motional_heating,photon_scattering,0.5,4.0,5.0,16.0,rates_8a1b00d366269f2a,rates_d40c9e1dbffac54a,rates_57b91a072f7de420,rates_7283b228c09abbcb,2.0,0.005440428932521946,0.0032130852810559,0.0052537848426599,0.0030258929745734,0.0054409771491423994,-5.482166204537342e-07,0.0024145359579485458,-0.0002270484391209952,-2.741083102268671e-07,-3.0091744660041414e-07,-6.018348932008283e-07,5.3618272747094076e-08,0.09780490183372523
motional_heating__photon_scattering,motional_heating,photon_scattering,1.0,4.0,10.0,16.0,rates_df1e41669f921008,rates_a8953962d6e58e19,rates_57b91a072f7de420,rates_7283b228c09abbcb,2.0,0.0056269746468551,0.003400184777955,0.0052537848426599,0.0030258929745734,0.005628076646041501,-1.1019991864010328e-06,0.0026010816722817,-0.00042366958259882167,-2.754997966002582e-07,-3.0091744660041414e-07,-1.2036697864016566e-06,1.0167060000062372e-07,0.09226014071087016
motional_heating__photon_scattering,motional_heating,photon_scattering,2.0,4.0,20.0,16.0,rates_e8358d2671545dfb,rates_95304e3098130ea3,rates_57b91a072f7de420,rates_7283b228c09abbcb,2.0,0.005999712874540819,0.0037740332750584,0.0052537848426599,0.0030258929745734,0.0060019251431449,-2.2122686040813855e-06,0.002973819899967419,-0.0007439147892263492,-2.765335755101732e-07,-3.0091744660041414e-07,-2.407339572803313e-06,1.9507096872192764e-07,0.08817689152304732
motional_heating__photon_scattering,motional_heating,photon_scattering,4.0,4.0,40.0,16.0,rates_ad14ec98801c08d9,rates_0e752ad71c6095d9,rates_57b91a072f7de420,rates_7283b228c09abbcb,2.0,0.006743873426987124,0.0045203137715349,0.0052537848426599,0.0030258929745734,0.006748205639621401,-4.332212634277494e-06,0.0037179804524137237,-0.0011652058663904508,-2.7076328964234335e-07,-3.0091744660041414e-07,-4.814679145606626e-06,4.824665113291327e-07,0.11136722780219586
motional_heating__photon_scattering,motional_heating,photon_scattering,0.0,0.0,0.0,0.0,rates_7283b228c09abbcb,rates_7283b228c09abbcb,rates_7283b228c09abbcb,rates_7283b228c09abbcb,3.0,0.0053504253160057,0.0053504253160057,0.0053504253160057,0.0053504253160057,0.0053504253160057,0.0,0.0,0.0,,-2.705239507006657e-07,-0.0,0.0,
motional_heating__photon_scattering,motional_heating,photon_scattering,0.5,0.0,5.0,0.0,rates_d40c9e1dbffac54a,rates_d40c9e1dbffac54a,rates_7283b228c09abbcb,rates_7283b228c09abbcb,3.0,0.0055336339464873,0.0055336339464873,0.0053504253160057,0.0053504253160057,0.0055336339464873,0.0,0.0001832086304815999,0.0,,-2.705239507006657e-07,-0.0,0.0,
motional_heating__photon_scattering,motional_heating,photon_scattering,1.0,0.0,10.0,0.0,rates_a8953962d6e58e19,rates_a8953962d6e58e19,rates_7283b228c09abbcb,rates_7283b228c09abbcb,3.0,0.0057167735028995,0.0057167735028995,0.0053504253160057,0.0053504253160057,0.005716773502899501,-8.673617379884035e-19,0.00036634818689380063,-2.3675884555144254e-15,,-2.705239507006657e-07,-0.0,-8.673617379884035e-19,
motional_heating__photon_scattering,motional_heating,photon_scattering,2.0,0.0,20.0,0.0,rates_95304e3098130ea3,rates_95304e3098130ea3,rates_7283b228c09abbcb,rates_7283b228c09abbcb,3.0,0.0060826547658132,0.0060826547658132,0.0053504253160057,0.0053504253160057,0.006082654765813201,-8.673617379884035e-19,0.0007322294498075003,-1.1845491030392575e-15,,-2.705239507006657e-07,-0.0,-8.673617379884035e-19,
motional_heating__photon_scattering,motional_heating,photon_scattering,4.0,0.0,40.0,0.0,rates_0e752ad71c6095d9,rates_0e752ad71c6095d9,rates_7283b228c09abbcb,rates_7283b228c09abbcb,3.0,0.0068131500709455,0.0068131500709455,0.0053504253160057,0.0053504253160057,0.0068131500709455,0.0,0.0014627247549398002,0.0,,-2.705239507006657e-07,-0.0,0.0,
motional_heating__photon_scattering,motional_heating,photon_scattering,0.0,0.5,0.0,2.0,rates_cba05db5d91a70e1,rates_7283b228c09abbcb,rates_cba05db5d91a70e1,rates_7283b228c09abbcb,3.0,0.0056284731390515,0.0053504253160057,0.0056284731390515,0.0053504253160057,0.0056284731390515,0.0,0.00027804782304579993,0.0,,-2.705239507006657e-07,-0.0,0.0,
motional_heating__photon_scattering,motional_heating,photon_scattering,0.5,0.5,5.0,2.0,rates_e6d1576ac61ecf0f,rates_d40c9e1dbffac54a,rates_cba05db5d91a70e1,rates_7283b228c09abbcb,3.0,0.005811608874332519,0.0055336339464873,0.0056284731390515,0.0053504253160057,0.0058116817695330995,-7.289520058059717e-08,0.00046118355832681923,-0.00015806114347411264,-2.915808023223887e-07,-2.705239507006657e-07,-6.763098767516643e-08,-5.2642129054307485e-09,-0.07221617971419571
motional_heating__photon_scattering,motional_heating,photon_scattering,1.0,0.5,10.0,2.0,rates_0ddd426d8d9d7e11,rates_a8953962d6e58e19,rates_cba05db5d91a70e1,rates_7283b228c09abbcb,3.0,0.0059946842223096,0.0057167735028995,0.0056284731390515,0.0053504253160057,0.005994821325945299,-1.371036356997285e-07,0.0006442589063039,-0.00021280828927346807,-2.74207271399457e-07,-2.705239507006657e-07,-1.3526197535033285e-07,-1.8416603493956463e-09,-0.013432614970394203
motional_heating__photon_scattering,motional_heating,photon_scattering,2.0,0.5,20.0,2.0,rates_b2635b77f35944f0,rates_95304e3098130ea3,rates_cba05db5d91a70e1,rates_7283b228c09abbcb,3.0,0.006360484788062948,0.0060826547658132,0.0056284731390515,0.0053504253160057,0.006360702588858999,-2.1780079605127067e-07,0.0010100594720572481,-0.00021563165543872666,-2.1780079605127067e-07,-2.705239507006657e-07,-2.705239507006657e-07,5.272315464939503e-08,0.2420705323638207
motional_heating__photon_scattering,motional_heating,photon_scattering,4.0,0.5,40.0,2.0,rates_63b7c11698f2ab10,rates_0e752ad71c6095d9,rates_cba05db5d91a70e1,rates_7283b228c09abbcb,3.0,0.007090672765621475,0.0068131500709455,0.0056284731390515,0.0053504253160057,0.0070911978939913,-5.251283698246706e-07,0.0017402474496157755,-0.00030175500038262504,-2.625641849123353e-07,-2.705239507006657e-07,-5.410479014013314e-07,1.5919531576660817e-08,0.030315504725018032
motional_heating__photon_scattering,motional_heating,photon_scattering,0.0,1.0,0.0,4.0,rates_660d67d330352843,rates_7283b228c09abbcb,rates_660d67d330352843,rates_7283b228c09abbcb,3.0,0.0059064359897625,0.0053504253160057,0.0059064359897625,0.0053504253160057,0.005906435989762499,8.673617379884035e-19,0.0005560106737568004,1.5599731784425931e-15,,-2.705239507006657e-07,-0.0,8.673617379884035e-19,
motional_heating__photon_scattering,motional_heating,photon_scattering,0.5,1.0,5.0,4.0,rates_1a9c026201883970,rates_d40c9e1dbffac54a,rates_660d67d330352843,rates_7283b228c09abbcb,3.0,0.0060895140481969,0.0055336339464873,0.0059064359897625,0.0053504253160057,0.006089644620244101,-1.3057204720050286e-07,0.0007390887321912006,-0.00017666626686810882,-2.611440944010057e-07,-2.705239507006657e-07,-1.3526197535033285e-07,4.689928149829992e-09,0.03591831674836396
motional_heating__photon_scattering,motional_heating,photon_scattering,1.0,1.0,10.0,4.0,rates_c7ff262f79a0349b,rates_a8953962d6e58e19,rates_660d67d330352843,rates_7283b228c09abbcb,3.0,0.0062725136527056,0.0057167735028995,0.0059064359897625,0.0053504253160057,0.006272784176656301,-2.705239507006657e-07,0.0009220883366999003,-0.00029338181596446055,-2.705239507006657e-07,-2.705239507006657e-07,-2.705239507006657e-07,0.0,0.0
motional_heating__photon_scattering,motional_heating,photon_scattering,2.0,1.0,20.0,4.0,rates_734e958b365fba1a,rates_95304e3098130ea3,rates_660d67d330352843,rates_7283b228c09abbcb,3.0,0.0066380986181908,0.0060826547658132,0.0059064359897625,0.0053504253160057,0.00663866543957,-5.668213792003537e-07,0.0012876733021851003,-0.00044019036368812933,-2.834106896001769e-07,-2.705239507006657e-07,-5.410479014013314e-07,-2.5773477799022337e-08,-0.04547019351207678
motional_heating__photon_scattering,motional_heating,photon_scattering,4.0,1.0,40.0,4.0,rates_5ee16b592439d3eb,rates_0e752ad71c6095d9,rates_660d67d330352843,rates_7283b228c09abbcb,3.0,0.0073681168437929,0.0068131500709455,0.0059064359897625,0.0053504253160057,0.007369160744702299,-1.043900909399216e-06,0.0020176915277872005,-0.0005173738874465418,-2.60975227349804e-07,-2.705239507006657e-07,-1.0820958028026628e-06,3.8194893403446784e-08,0.03658861972390525
motional_heating__photon_scattering,motional_heating,photon_scattering,0.0,2.0,0.0,8.0,rates_a6b00ad014b8547a,rates_7283b228c09abbcb,rates_a6b00ad014b8547a,rates_7283b228c09abbcb,3.0,0.0064620058152909,0.0053504253160057,0.0064620058152909,0.0053504253160057,0.006462005815290901,-8.673617379884035e-19,0.0011115804992852,-7.802959286764737e-16,,-2.705239507006657e-07,-0.0,-8.673617379884035e-19,
motional_heating__photon_scattering,motional_heating,photon_scattering,0.5,2.0,5.0,8.0,rates_d447724ad0bdd3f5,rates_d40c9e1dbffac54a,rates_a6b00ad014b8547a,rates_7283b228c09abbcb,3.0,0.006644939651539117,0.0055336339464873,0.0064620058152909,0.0053504253160057,0.006645214445772499,-2.7479423338194753e-07,0.001294514335533417,-0.00021227592915664076,-2.7479423338194753e-07,-2.705239507006657e-07,-2.705239507006657e-07,-4.270282681281823e-09,-0.015539928290075817
motional_heating__photon_scattering,motional_heating,photon_scattering,1.0,2.0,10.0,8.0,rates_a2a634c42104bf42,rates_a8953962d6e58e19,rates_a6b00ad014b8547a,rates_7283b228c09abbcb,3.0,0.0068278140410434,0.0057167735028995,0.0064620058152909,0.0053504253160057,0.0068283540021847,-5.399611413001507e-07,0.0014773887250377005,-0.0003654834588549955,-2.6998057065007533e-07,-2.705239507006657e-07,-5.410479014013314e-07,1.0867601011807504e-09,0.002012663538276078
motional_heating__photon_scattering,motional_heating,photon_scattering,2.0,2.0,20.0,8.0,rates_4c5ba218961c0bf9,rates_95304e3098130ea3,rates_a6b00ad014b8547a,rates_7283b228c09abbcb,3.0,0.007193166856997224,0.0060826547658132,0.0064620058152909,0.0053504253160057,0.0071942352650984,-1.0684081011760188e-06,0.0018427415409915243,-0.0005797927041907029,-2.671020252940047e-07,-2.705239507006657e-07,-1.0820958028026628e-06,1.3687701626644011e-08,0.01281130460502656
motional_heating__photon_scattering,motional_heating,photon_scattering,4.0,2.0,40.0,8.0,rates_7d999caf853d6576,rates_0e752ad71c6095d9,rates_a6b00ad014b8547a,rates_7283b228c09abbcb,3.0,0.007922619308010304,0.0068131500709455,0.0064620058152909,0.0053504253160057,0.0079247305702307,-2.1112622203972586e-06,0.002572193992004604,-0.0008208020961715549,-2.6390777754965733e-07,-2.705239507006657e-07,-2.1641916056053256e-06,5.2929385208067004e-08,0.025070019581986232
motional_heating__photon_scattering,motional_heating,photon_scattering,0.0,4.0,0.0,16.0,rates_57b91a072f7de420,rates_7283b228c09abbcb,rates_57b91a072f7de420,rates_7283b228c09abbcb,3.0,0.0075717855335316,0.0053504253160057,0.0075717855335316,0.0053504253160057,0.0075717855335316,0.0,0.0022213602175259004,0.0,,-2.705239507006657e-07,-0.0,0.0,
motional_heating__photon_scattering,motional_heating,photon_scattering,0.5,4.0,5.0,16.0,rates_8a1b00d366269f2a,rates_d40c9e1dbffac54a,rates_57b91a072f7de420,rates_7283b228c09abbcb,3.0,0.007754484570689835,0.0055336339464873,0.0075717855335316,0.0053504253160057,0.0077549941640132,-5.095933233653649e-07,0.002404059254684135,-0.00021197203121032032,-2.5479666168268245e-07,-2.705239507006657e-07,-5.410479014013314e-07,3.145457803596652e-08,0.06172486293234737
motional_heating__photon_scattering,motional_heating,photon_scattering,1.0,4.0,10.0,16.0,rates_df1e41669f921008,rates_a8953962d6e58e19,rates_57b91a072f7de420,rates_7283b228c09abbcb,3.0,0.0079370502388436,0.0057167735028995,0.0075717855335316,0.0053504253160057,0.0079381337204254,-1.0834815817994253e-06,0.0025866249228379008,-0.00041887850543506313,-2.7087039544985633e-07,-2.705239507006657e-07,-1.0820958028026628e-06,-1.38577899676251e-09,-0.0012790055872117687
motional_heating__photon_scattering,motional_heating,photon_scattering,2.0,4.0,20.0,16.0,rates_e8358d2671545dfb,rates_95304e3098130ea3,rates_57b91a072f7de420,rates_7283b228c09abbcb,3.0,0.008301901836373249,0.0060826547658132,0.0075717855335316,0.0053504253160057,0.0083040149833391,-2.113146965850715e-06,0.002951476520367549,-0.0007159626550536013,-2.641433707313394e-07,-2.705239507006657e-07,-2.1641916056053256e-06,5.104463975461049e-08,0.02415574523661246
motional_heating__photon_scattering,motional_heating,photon_scattering,4.0,4.0,40.0,16.0,rates_ad14ec98801c08d9,rates_0e752ad71c6095d9,rates_57b91a072f7de420,rates_7283b228c09abbcb,3.0,0.009030271277762125,0.0068131500709455,0.0075717855335316,0.0053504253160057,0.0090345102884714,-4.239010709275112e-06,0.0036798459617564255,-0.0011519533027550403,-2.649381693296945e-07,-2.705239507006657e-07,-4.328383211210651e-06,8.937250193553903e-08,0.02108333950182968
motional_heating__photon_scattering,motional_heating,photon_scattering,0.0,0.0,0.0,0.0,rates_7283b228c09abbcb,rates_7283b228c09abbcb,rates_7283b228c09abbcb,rates_7283b228c09abbcb,4.0,0.0082214370008468,0.0082214370008468,0.0082214370008468,0.0082214370008468,0.0082214370008468,0.0,0.0,0.0,,-2.8582734859852743e-07,-0.0,0.0,
motional_heating__photon_scattering,motional_heating,photon_scattering,0.5,0.0,5.0,0.0,rates_d40c9e1dbffac54a,rates_d40c9e1dbffac54a,rates_7283b228c09abbcb,rates_7283b228c09abbcb,4.0,0.0084007493446396,0.0084007493446396,0.0082214370008468,0.0082214370008468,0.0084007493446396,0.0,0.0001793123437928007,0.0,,-2.8582734859852743e-07,-0.0,0.0,
motional_heating__photon_scattering,motional_heating,photon_scattering,1.0,0.0,10.0,0.0,rates_a8953962d6e58e19,rates_a8953962d6e58e19,rates_7283b228c09abbcb,rates_7283b228c09abbcb,4.0,0.008579927670973,0.008579927670973,0.0082214370008468,0.0082214370008468,0.008579927670973,0.0,0.00035849067012620056,0.0,,-2.8582734859852743e-07,-0.0,0.0,
motional_heating__photon_scattering,motional_heating,photon_scattering,2.0,0.0,20.0,0.0,rates_95304e3098130ea3,rates_95304e3098130ea3,rates_7283b228c09abbcb,rates_7283b228c09abbcb,4.0,0.0089379895788521,0.0089379895788521,0.0082214370008468,0.0082214370008468,0.008937989578852099,1.734723475976807e-18,0.0007165525780053004,2.4209297813230047e-15,,-2.8582734859852743e-07,-0.0,1.734723475976807e-18,
motional_heating__photon_scattering,motional_heating,photon_scattering,4.0,0.0,40.0,0.0,rates_0e752ad71c6095d9,rates_0e752ad71c6095d9,rates_7283b228c09abbcb,rates_7283b228c09abbcb,4.0,0.00965286588746,0.00965286588746,0.0082214370008468,0.0082214370008468,0.009652865887459998,1.734723475976807e-18,0.0014314288866131997,1.2118824010050619e-15,,-2.8582734859852743e-07,-0.0,1.734723475976807e-18,
motional_heating__photon_scattering,motional_heating,photon_scattering,0.0,0.5,0.0,2.0,rates_cba05db5d91a70e1,rates_7283b228c09abbcb,rates_cba05db5d91a70e1,rates_7283b228c09abbcb,4.0,0.0084985172100573,0.0082214370008468,0.0084985172100573,0.0082214370008468,0.008498517210057302,-1.734723475976807e-18,0.00027708020921050035,-6.260726743781697e-15,,-2.8582734859852743e-07,-0.0,-1.734723475976807e-18,
motional_heating__photon_scattering,motional_heating,photon_scattering,0.5,0.5,5.0,2.0,rates_e6d1576ac61ecf0f,rates_d40c9e1dbffac54a,rates_cba05db5d91a70e1,rates_7283b228c09abbcb,4.0,0.008677710365788682,0.0084007493446396,0.0084985172100573,0.0082214370008468,0.008677829553850103,-1.191880614204166e-07,0.00045627336494188236,-0.0002612207298920421,-4.767522456816664e-07,-2.8582734859852743e-07,-7.145683714963186e-08,-4.7731224270784745e-08,-0.4004698432204596
motional_heating__photon_scattering,motional_heating,photon_scattering,1.0,0.5,10.0,2.0,rates_0ddd426d8d9d7e11,rates_a8953962d6e58e19,rates_cba05db5d91a70e1,rates_7283b228c09abbcb,4.0,0.0088568533411843,0.008579927670973,0.0084985172100573,0.0082214370008468,0.008857007880183503,-1.5453899920338243e-07,0.0006354163403374993,-0.00024320904168328368,-3.0907799840676486e-07,-2.8582734859852743e-07,-1.4291367429926372e-07,-1.1625324904118717e-08,-0.07522583272859884
motional_heating__photon_scattering,motional_heating,photon_scattering,2.0,0.5,20.0,2.0,rates_b2635b77f35944f0,rates_95304e3098130ea3,rates_cba05db5d91a70e1,rates_7283b228c09abbcb,4.0,0.009214788651607742,0.0089379895788521,0.0084985172100573,0.0082214370008468,0.0092150697880626,-2.8113645485911e-07,0.0009933516507609416,-0.00028301805774797855,-2.8113645485911e-07,-2.8582734859852743e-07,-2.8582734859852743e-07,4.6908937394174455e-09,0.016685469487648843
motional_heating__photon_scattering,motional_heating,photon_scattering,4.0,0.5,40.0,2.0,rates_63b7c11698f2ab10,rates_0e752ad71c6095d9,rates_cba05db5d91a70e1,rates_7283b228c09abbcb,4.0,0.009929402801969411,0.00965286588746,0.0084985172100573,0.0082214370008468,0.0099299460966705,-5.432947010886036e-07,0.0017079658011226115,-0.00031809460161995453,-2.716473505443018e-07,-2.8582734859852743e-07,-5.716546971970549e-07,2.8359996108451302e-08,0.05220002339729464
motional_heating__photon_scattering,motional_heating,photon_scattering,0.0,1.0,0.0,4.0,rates_660d67d330352843,rates_7283b228c09abbcb,rates_660d67d330352843,rates_7283b228c09abbcb,4.0,0.0087754556654674,0.0082214370008468,0.0087754556654674,0.0082214370008468,0.008775455665467398,1.734723475976807e-18,0.0005540186646205997,3.131164321268439e-15,,-2.8582734859852743e-07,-0.0,1.734723475976807e-18,
motional_heating__photon_scattering,motional_heating,photon_scattering,0.5,1.0,5.0,4.0,rates_1a9c026201883970,rates_d40c9e1dbffac54a,rates_660d67d330352843,rates_7283b228c09abbcb,4.0,0.0089545896776662,0.0084007493446396,0.0087754556654674,0.0082214370008468,0.008954768009260199,-1.7833159399877063e-07,0.0007331526768193999,-0.00024323936832968787,-3.5666318799754126e-07,-2.8582734859852743e-07,-1.4291367429926372e-07,-3.541791969950692e-08,-0.1986070942636843
motional_heating__photon_scattering,motional_heating,photon_scattering,1.0,1.0,10.0,4.0,rates_c7ff262f79a0349b,rates_a8953962d6e58e19,rates_660d67d330352843,rates_7283b228c09abbcb,4.0,0.009133660508245,0.008579927670973,0.0087754556654674,0.0082214370008468,0.009133946335593598,-2.8582734859852743e-07,0.0009122235073982,-0.0003133303913793566,-2.8582734859852743e-07,-2.8582734859852743e-07,-2.8582734859852743e-07,0.0,0.0
motional_heating__photon_scattering,motional_heating,photon_scattering,2.0,1.0,20.0,4.0,rates_734e958b365fba1a,rates_95304e3098130ea3,rates_660d67d330352843,rates_7283b228c09abbcb,4.0,0.0094914800762477,0.0089379895788521,0.0087754556654674,0.0082214370008468,0.0094920082434727,-5.281672250008473e-07,0.0012700430754008993,-0.00041586559954600525,-2.6408361250042367e-07,-2.8582734859852743e-07,-5.716546971970549e-07,4.348747219620752e-08,0.08233655959272701
motional_heating__photon_scattering,motional_heating,photon_scattering,4.0,1.0,40.0,4.0,rates_5ee16b592439d3eb,rates_0e752ad71c6095d9,rates_660d67d330352843,rates_7283b228c09abbcb,4.0,0.0102058331796612,0.00965286588746,0.0087754556654674,0.0082214370008468,0.0102068845520806,-1.0513724193993157e-06,0.0019843961788144,-0.0005298198165385855,-2.628431048498289e-07,-2.8582734859852743e-07,-1.1433093943941097e-06,9.193697499479403e-08,0.0874447277657528
motional_heating__photon_scattering,motional_heating,photon_scattering,0.0,2.0,0.0,8.0,rates_a6b00ad014b8547a,rates_7283b228c09abbcb,rates_a6b00ad014b8547a,rates_7283b228c09abbcb,4.0,0.0093290005870588,0.0082214370008468,0.0093290005870588,0.0082214370008468,0.009329000587058801,-1.734723475976807e-18,0.0011075635862119997,-1.5662518139565867e-15,,-2.8582734859852743e-07,-0.0,-1.734723475976807e-18,
motional_heating__photon_scattering,motional_heating,photon_scattering,0.5,2.0,5.0,8.0,rates_d447724ad0bdd3f5,rates_d40c9e1dbffac54a,rates_a6b00ad014b8547a,rates_7283b228c09abbcb,4.0,0.009508054324893322,0.0084007493446396,0.0093290005870588,0.0082214370008468,0.009508312930851602,-2.5860595827958965e-07,0.0012866173240465226,-0.00020099679480939335,-2.5860595827958965e-07,-2.8582734859852743e-07,-2.8582734859852743e-07,2.7221390318937777e-08,0.10526203843110064
motional_heating__photon_scattering,motional_heating,photon_scattering,1.0,2.0,10.0,8.0,rates_a2a634c42104bf42,rates_a8953962d6e58e19,rates_a6b00ad014b8547a,rates_7283b228c09abbcb,4.0,0.0096869848830831,0.008579927670973,0.0093290005870588,0.0082214370008468,0.009687491257185002,-5.063741019013107e-07,0.0014655478822363007,-0.0003455186337062063,-2.5318705095065536e-07,-2.8582734859852743e-07,-5.716546971970549e-07,6.528059529574415e-08,0.1289177212077622
motional_heating__photon_scattering,motional_heating,photon_scattering,2.0,2.0,20.0,8.0,rates_4c5ba218961c0bf9,rates_95304e3098130ea3,rates_a6b00ad014b8547a,rates_7283b228c09abbcb,4.0,0.010044506391641006,0.0089379895788521,0.0093290005870588,0.0082214370008468,0.0100455531650641,-1.0467734230940051e-06,0.001823069390794206,-0.0005741818870854863,-2.616933557735013e-07,-2.8582734859852743e-07,-1.1433093943941097e-06,9.65359713001046e-08,0.09222241334210414
motional_heating__photon_scattering,motional_heating,photon_scattering,4.0,2.0,40.0,8.0,rates_7d999caf853d6576,rates_0e752ad71c6095d9,rates_a6b00ad014b8547a,rates_7283b228c09abbcb,4.0,0.0107583247623122,0.00965286588746,0.0093290005870588,0.0082214370008468,0.010760429473672,-2.1047113598002265e-06,0.0025368877614653992,-0.0008296430735999405,-2.630889199750283e-07,-2.8582734859852743e-07,-2.2866187887882194e-06,1.8190742898799295e-07,0.08642868208078618
motional_heating__photon_scattering,motional_heating,photon_scattering,0.0,4.0,0.0,16.0,rates_57b91a072f7de420,rates_7283b228c09abbcb,rates_57b91a072f7de420,rates_7283b228c09abbcb,4.0,0.0104347671805105,0.0082214370008468,0.0104347671805105,0.0082214370008468,0.0104347671805105,0.0,0.0022133301796637,0.0,,-2.8582734859852743e-07,-0.0,0.0,
motional_heating__photon_scattering,motional_heating,photon_scattering,0.5,4.0,5.0,16.0,rates_8a1b00d366269f2a,rates_d40c9e1dbffac54a,rates_57b91a072f7de420,rates_7283b228c09abbcb,4.0,0.010613559793169136,0.0084007493446396,0.0104347671805105,0.0082214370008468,0.0106140795243033,-5.197311341645361e-07,0.002392122792322336,-0.00021726774889342838,-2.5986556708226805e-07,-2.8582734859852743e-07,-5.716546971970549e-07,5.192356303251877e-08,0.09990466150538684
motional_heating__photon_scattering,motional_heating,photon_scattering,1.0,4.0,10.0,16.0,rates_df1e41669f921008,rates_a8953962d6e58e19,rates_57b91a072f7de420,rates_7283b228c09abbcb,4.0,0.0107922338373527,0.008579927670973,0.0104347671805105,0.0082214370008468,0.0107932578506367,-1.0240132840011462e-06,0.0025707968365058995,-0.0003983252466550156,-2.5600332100028655e-07,-2.8582734859852743e-07,-1.1433093943941097e-06,1.192961103929635e-07,0.1164985965092519
motional_heating__photon_scattering,motional_heating,photon_scattering,2.0,4.0,20.0,16.0,rates_e8358d2671545dfb,rates_95304e3098130ea3,rates_57b91a072f7de420,rates_7283b228c09abbcb,4.0,0.011149243828450728,0.0089379895788521,0.0104347671805105,0.0082214370008468,0.011151319758515799,-2.0759300650707857e-06,0.002927806827603928,-0.0007090392868472457,-2.594912581338482e-07,-2.8582734859852743e-07,-2.2866187887882194e-06,2.1068872371743375e-07,0.10149124349728497
motional_heating__photon_scattering,motional_heating,photon_scattering,4.0,4.0,40.0,16.0,rates_ad14ec98801c08d9,rates_0e752ad71c6095d9,rates_57b91a072f7de420,rates_7283b228c09abbcb,4.0,0.011862039711322603,0.00965286588746,0.0104347671805105,0.0082214370008468,0.011866196067123698,-4.156355801095135e-06,0.003640602710475803,-0.001141666952325025,-2.5977223756844595e-07,-2.8582734859852743e-07,-4.573237577576439e-06,4.1688177648130376e-07,0.10029982908861217
motional_dephasing__spin_dephasing,motional_dephasing,spin_dephasing,0.0,0.0,0.0,0.0,rates_7283b228c09abbcb,rates_7283b228c09abbcb,rates_7283b228c09abbcb,rates_7283b228c09abbcb,0.01,0.0002487641440845,0.0002487641440845,0.0002487641440845,0.0002487641440845,0.0002487641440845,0.0,0.0,0.0,,-1.590968073000333e-07,-0.0,0.0,
motional_dephasing__spin_dephasing,motional_dephasing,spin_dephasing,0.5,0.0,9.0,0.0,rates_70251d48c79bc447,rates_70251d48c79bc447,rates_7283b228c09abbcb,rates_7283b228c09abbcb,0.01,0.0004905090038785,0.0004905090038785,0.0002487641440845,0.0002487641440845,0.0004905090038785,0.0,0.00024174485979400006,0.0,,-1.590968073000333e-07,-0.0,0.0,
motional_dephasing__spin_dephasing,motional_dephasing,spin_dephasing,1.0,0.0,18.0,0.0,rates_65e4c1ad12cf1435,rates_65e4c1ad12cf1435,rates_7283b228c09abbcb,rates_7283b228c09abbcb,0.01,0.0007318486089153,0.0007318486089153,0.0002487641440845,0.0002487641440845,0.0007318486089152999,1.0842021724855044e-19,0.00048308446483080004,2.2443325161889555e-16,,-1.590968073000333e-07,-0.0,1.0842021724855044e-19,
motional_dephasing__spin_dephasing,motional_dephasing,spin_dephasing,2.0,0.0,36.0,0.0,rates_7f1e3dd0f07550fa,rates_7f1e3dd0f07550fa,rates_7283b228c09abbcb,rates_7283b228c09abbcb,0.01,0.0012134626861624,0.0012134626861624,0.0002487641440845,0.0002487641440845,0.0012134626861624,0.0,0.0009646985420778999,0.0,,-1.590968073000333e-07,-0.0,0.0,
motional_dephasing__spin_dephasing,motional_dephasing,spin_dephasing,4.0,0.0,72.0,0.0,rates_e627b957213b2032,rates_e627b957213b2032,rates_7283b228c09abbcb,rates_7283b228c09abbcb,0.01,0.002172277059574,0.002172277059574,0.0002487641440845,0.0002487641440845,0.002172277059574,0.0,0.0019235129154895,0.0,,-1.590968073000333e-07,-0.0,0.0,
motional_dephasing__spin_dephasing,motional_dephasing,spin_dephasing,0.0,0.5,0.0,1.6666666666666667,rates_a6ce76b38e46ff5e,rates_7283b228c09abbcb,rates_a6ce76b38e46ff5e,rates_7283b228c09abbcb,0.01,0.0003820584352766,0.0002487641440845,0.0003820584352766,0.0002487641440845,0.0003820584352766,0.0,0.0001332942911921,0.0,,-1.590968073000333e-07,-0.0,0.0,
motional_dephasing__spin_dephasing,motional_dephasing,spin_dephasing,0.5,0.5,9.0,1.6666666666666667,rates_d3709cb034eafd9f,rates_70251d48c79bc447,rates_a6ce76b38e46ff5e,rates_7283b228c09abbcb,0.01,0.0006237384391758471,0.0004905090038785,0.0003820584352766,0.0002487641440845,0.0006238032950705999,-6.485589475278136e-08,0.00037497429509134717,-0.00017296090852569472,-2.5942357901112545e-07,-1.590968073000333e-07,-3.977420182500833e-08,-2.5081692927773035e-08,-0.3867295798381904
motional_dephasing__spin_dephasing,motional_dephasing,spin_dephasing,1.0,0.5,18.0,1.6666666666666667,rates_6c688fb66a893df8,rates_65e4c1ad12cf1435,rates_a6ce76b38e46ff5e,rates_7283b228c09abbcb,0.01,0.0008650632991624,0.0007318486089153,0.0003820584352766,0.0002487641440845,0.0008651429001074,-7.960094499997669e-08,0.0006162991550779,-0.000129159588073612,-1.5920188999995338e-07,-1.590968073000333e-07,-7.954840365001666e-08,-5.254134996003634e-11,-0.0006600593744213933
motional_dephasing__spin_dephasing,motional_dephasing,spin_dephasing,2.0,0.5,36.0,1.6666666666666667,rates_ae8ba9de8b4b2cef,rates_7f1e3dd0f07550fa,rates_a6ce76b38e46ff5e,rates_7283b228c09abbcb,0.01,0.0013465842150971463,0.0012134626861624,0.0003820584352766,0.0002487641440845,0.0013467569773544998,-1.7276225735348046e-07,0.0010978200710126463,-0.00015736846311629362,-1.7276225735348046e-07,-1.590968073000333e-07,-1.590968073000333e-07,-1.3665450053447145e-08,-0.07909974240199312
motional_dephasing__spin_dephasing,motional_dephasing,spin_dephasing,4.0,0.5,72.0,1.6666666666666667,rates_603c33ce831b855f,rates_e627b957213b2032,rates_a6ce76b38e46ff5e,rates_7283b228c09abbcb,0.01,0.0023052344505787303,0.002172277059574,0.0003820584352766,0.0002487641440845,0.0023055713507661004,-3.369001873700442e-07,0.0020564703064942305,-0.00016382448426613806,-1.684500936850221e-07,-1.590968073000333e-07,-3.181936146000666e-07,-1.870657276997756e-08,-0.055525563568270285
motional_dephasing__spin_dephasing,motional_dephasing,spin_dephasing,0.0,1.0,0.0,3.3333333333333335,rates_87cf81c0f802ee14,rates_7283b228c09abbcb,rates_87cf81c0f802ee14,rates_7283b228c09abbcb,0.01,0.0005153042151032,0.0002487641440845,0.0005153042151032,0.0002487641440845,0.0005153042151031999,1.0842021724855044e-19,0.0002665400710187,4.0676892158906893e-16,,-1.590968073000333e-07,-0.0,1.0842021724855044e-19,
motional_dephasing__spin_dephasing,motional_dephasing,spin_dephasing,0.5,1.0,9.0,3.3333333333333335,rates_f178564d2b994859,rates_70251d48c79bc447,rates_87cf81c0f802ee14,rates_7283b228c09abbcb,0.01,0.0007569591105234,0.0004905090038785,0.0005153042151032,0.0002487641440845,0.0007570490748971999,-8.996437379988394e-08,0.0005081949664389,-0.00017702728232492303,-1.799287475997679e-07,-1.590968073000333e-07,-7.954840365001666e-08,-1.0415970149867289e-08,-0.11577883233018986
motional_dephasing__spin_dephasing,motional_dephasing,spin_dephasing,1.0,1.0,18.0,3.3333333333333335,rates_c78d3b44752e1de2,rates_65e4c1ad12cf1435,rates_87cf81c0f802ee14,rates_7283b228c09abbcb,0.01,0.0009982295831267,0.0007318486089153,0.0005153042151032,0.0002487641440845,0.000998388679934,-1.590968073000333e-07,0.0007494654390421999,-0.00021228037880353159,-1.590968073000333e-07,-1.590968073000333e-07,-1.590968073000333e-07,0.0,0.0
motional_dephasing__spin_dephasing,motional_dephasing,spin_dephasing,2.0,1.0,36.0,3.3333333333333335,rates_360eade92eac1e2f,rates_7f1e3dd0f07550fa,rates_87cf81c0f802ee14,rates_7283b228c09abbcb,0.01,0.0014796941566224,0.0012134626861624,0.0005153042151032,0.0002487641440845,0.0014800027571811,-3.0860055869985463e-07,0.0012309300125379,-0.0002507052030225422,-1.5430027934992731e-07,-1.590968073000333e-07,-3.181936146000666e-07,9.593055900211991e-09,0.03108567249724979
motional_dephasing__spin_dephasing,motional_dephasing,spin_dephasing,4.0,1.0,72.0,3.3333333333333335,rates_6a8c834ff6e2e567,rates_e627b957213b2032,rates_87cf81c0f802ee14,rates_7283b228c09abbcb,0.01,0.0024381556284254,0.002172277059574,0.0005153042151032,0.0002487641440845,0.0024388171305927,-6.615021673002548e-07,0.0021893914843409,-0.00030213973701436733,-1.653755418250637e-07,-1.590968073000333e-07,-6.363872292001332e-07,-2.511493810012158e-08,-0.03796652428611311
motional_dephasing__spin_dephasing,motional_dephasing,spin_dephasing,0.0,2.0,0.0,6.666666666666667,rates_b641ff121079f20c,rates_7283b228c09abbcb,rates_b641ff121079f20c,rates_7283b228c09abbcb,0.01,0.0007817128734529,0.0002487641440845,0.0007817128734529,0.0002487641440845,0.0007817128734529,0.0,0.0005329487293684,0.0,,-1.590968073000333e-07,-0.0,0.0,
motional_dephasing__spin_dephasing,motional_dephasing,spin_dephasing,0.5,2.0,9.0,6.666666666666667,rates_fb241267f5ea81c6,rates_70251d48c79bc447,rates_b641ff121079f20c,rates_7283b228c09abbcb,0.01,0.0010232625162792663,0.0004905090038785,0.0007817128734529,0.0002487641440845,0.0010234577332469,-1.9521696763367263e-07,0.0007744983721947663,-0.00025205600765882644,-1.9521696763367263e-07,-1.590968073000333e-07,-1.590968073000333e-07,-3.612016033363932e-08,-0.18502572174678641
motional_dephasing__spin_dephasing,motional_dephasing,spin_dephasing,1.0,2.0,18.0,6.666666666666667,rates_405ddd5e4fdb9f22,rates_65e4c1ad12cf1435,rates_b641ff121079f20c,rates_7283b228c09abbcb,0.01,0.0012644844258872,0.0007318486089153,0.0007817128734529,0.0002487641440845,0.0012647973382837001,-3.1291239650007435e-07,0.0010157202818027,-0.00030806945780851945,-1.5645619825003718e-07,-1.590968073000333e-07,-3.181936146000666e-07,5.281218099992269e-09,0.016877625044781547
motional_dephasing__spin_dephasing,motional_dephasing,spin_dephasing,2.0,2.0,36.0,6.666666666666667,rates_4607758b0fbf4666,rates_7f1e3dd0f07550fa,rates_b641ff121079f20c,rates_7283b228c09abbcb,0.01,0.0017457619492201593,0.0012134626861624,0.0007817128734529,0.0002487641440845,0.0017464114155307999,-6.494663106406274e-07,0.0014969978051356592,-0.0004338458669829327,-1.6236657766015685e-07,-1.590968073000333e-07,-6.363872292001332e-07,-1.3079081440494147e-08,-0.020138198434947404
motional_dephasing__spin_dephasing,motional_dephasing,spin_dephasing,4.0,2.0,72.0,6.666666666666667,rates_043985184c08dfb1,rates_e627b957213b2032,rates_b641ff121079f20c,rates_7283b228c09abbcb,0.01,0.00270392783393425,0.002172277059574,0.0007817128734529,0.0002487641440845,0.0027052257889424005,-1.2979550081506155e-06,0.00245516368984975,-0.0005286633284439161,-1.6224437601882694e-07,-1.590968073000333e-07,-1.2727744584002665e-06,-2.5180549750349057e-08,-0.019400171494563155
motional_dephasing__spin_dephasing,motional_dephasing,spin_dephasing,0.0,4.0,0.0,13.333333333333334,rates_14c3539000a4de2d,rates_7283b228c09abbcb,rates_14c3539000a4de2d,rates_7283b228c09abbcb,0.01,0.0013142085457644,0.0002487641440845,0.0013142085457644,0.0002487641440845,0.0013142085457644,0.0,0.0010654444016798999,0.0,,-1.590968073000333e-07,-0.0,0.0,
motional_dephasing__spin_dephasing,motional_dephasing,spin_dephasing,0.5,4.0,9.0,13.333333333333334,rates_61b7d4ddafada4b1,rates_70251d48c79bc447,rates_14c3539000a4de2d,rates_7283b228c09abbcb,0.01,0.0015556361711336342,0.0004905090038785,0.0013142085457644,0.0002487641440845,0.0015559534055584,-3.1723442476573604e-07,0.0013068720270491341,-0.0002427432971245386,-1.5861721238286802e-07,-1.590968073000333e-07,-3.181936146000666e-07,9.59189834330576e-10,0.003023599456581348
motional_dephasing__spin_dephasing,motional_dephasing,spin_dephasing,1.0,4.0,18.0,13.333333333333334,rates_e3c1dfd931a34ad1,rates_65e4c1ad12cf1435,rates_14c3539000a4de2d,rates_7283b228c09abbcb,0.01,0.0017966686457981,0.0007318486089153,0.0013142085457644,0.0002487641440845,0.0017972930105952,-6.2436479709993e-07,0.0015479045017136,-0.0004033613161591881,-1.560911992749825e-07,-1.590968073000333e-07,-6.363872292001332e-07,1.2022432100203262e-08,0.019255461159958805
motional_dephasing__spin_dephasing,motional_dephasing,spin_dephasing,2.0,4.0,36.0,13.333333333333334,rates_2d87d3caf1b8c595,rates_7f1e3dd0f07550fa,rates_14c3539000a4de2d,rates_7283b228c09abbcb,0.01,0.00227762138192511,0.0012134626861624,0.0013142085457644,0.0002487641440845,0.0022789070878423,-1.285705917189895e-06,0.0020288572378406103,-0.0006337094070543478,-1.6071323964873688e-07,-1.590968073000333e-07,-1.2727744584002665e-06,-1.2931458789628564e-08,-0.010057866745991358
motional_dephasing__spin_dephasing,motional_dephasing,spin_dephasing,4.0,4.0,72.0,13.333333333333334,rates_7d443f63742c20da,rates_e627b957213b2032,rates_14c3539000a4de2d,rates_7283b228c09abbcb,0.01,0.003235157638659225,0.002172277059574,0.0013142085457644,0.0002487641440845,0.0032377214612539004,-2.563822594675233e-06,0.0029863934945747253,-0.0008585012656010798,-1.6023891216720206e-07,-1.590968073000333e-07,-2.545548916800533e-06,-1.8273677874700023e-08,-0.007127512610526316
motional_dephasing__spin_dephasing,motional_dephasing,spin_dephasing,0.0,0.0,0.0,0.0,rates_7283b228c09abbcb,rates_7283b228c09abbcb,rates_7283b228c09abbcb,rates_7283b228c09abbcb,1.0,0.0013018788028587,0.0013018788028587,0.0013018788028587,0.0013018788028587,0.0013018788028587,0.0,0.0,0.0,,-3.9811935869998524e-07,-0.0,0.0,
motional_dephasing__spin_dephasing,motional_dephasing,spin_dephasing,0.5,0.0,9.0,0.0,rates_70251d48c79bc447,rates_70251d48c79bc447,rates_7283b228c09abbcb,rates_7283b228c09abbcb,1.0,0.001871974006538,0.001871974006538,0.0013018788028587,0.0013018788028587,0.001871974006538,0.0,0.0005700952036793,0.0,,-3.9811935869998524e-07,-0.0,0.0,
motional_dephasing__spin_dephasing,motional_dephasing,spin_dephasing,1.0,0.0,18.0,0.0,rates_65e4c1ad12cf1435,rates_65e4c1ad12cf1435,rates_7283b228c09abbcb,rates_7283b228c09abbcb,1.0,0.0024400370379658,0.0024400370379658,0.0013018788028587,0.0013018788028587,0.0024400370379658,0.0,0.0011381582351071002,0.0,,-3.9811935869998524e-07,-0.0,0.0,
motional_dephasing__spin_dephasing,motional_dephasing,spin_dephasing,2.0,0.0,36.0,0.0,rates_7f1e3dd0f07550fa,rates_7f1e3dd0f07550fa,rates_7283b228c09abbcb,rates_7283b228c09abbcb,1.0,0.0035700257729672,0.0035700257729672,0.0013018788028587,0.0013018788028587,0.0035700257729672,0.0,0.0022681469701085,0.0,,-3.9811935869998524e-07,-0.0,0.0,
motional_dephasing__spin_dephasing,motional_dephasing,spin_dephasing,4.0,0.0,72.0,0.0,rates_e627b957213b2032,rates_e627b957213b2032,rates_7283b228c09abbcb,rates_7283b228c09abbcb,1.0,0.0058059823070857,0.0058059823070857,0.0013018788028587,0.0013018788028587,0.0058059823070857,0.0,0.004504103504227,0.0,,-3.9811935869998524e-07,-0.0,0.0,
motional_dephasing__spin_dephasing,motional_dephasing,spin_dephasing,0.0,0.5,0.0,1.6666666666666667,rates_a6ce76b38e46ff5e,rates_7283b228c09abbcb,rates_a6ce76b38e46ff5e,rates_7283b228c09abbcb,1.0,0.0014349793142726,0.0013018788028587,0.0014349793142726,0.0013018788028587,0.0014349793142726,0.0,0.0001331005114139001,0.0,,-3.9811935869998524e-07,-0.0,0.0,
motional_dephasing__spin_dephasing,motional_dephasing,spin_dephasing,0.5,0.5,9.0,1.6666666666666667,rates_d3709cb034eafd9f,rates_70251d48c79bc447,rates_a6ce76b38e46ff5e,rates_7283b228c09abbcb,1.0,0.0020049822020332675,0.001871974006538,0.0014349793142726,0.0013018788028587,0.0020050745179519,-9.231591863254757e-08,0.0007031033991745676,-0.00013129778456614634,-3.6926367453019027e-07,-3.9811935869998524e-07,-9.952983967499631e-08,7.213921042448744e-09,0.07814384722923996
motional_dephasing__spin_dephasing,motional_dephasing,spin_dephasing,1.0,0.5,18.0,1.6666666666666667,rates_6c688fb66a893df8,rates_65e4c1ad12cf1435,rates_a6ce76b38e46ff5e,rates_7283b228c09abbcb,1.0,0.0025729443628803,0.0024400370379658,0.0014349793142726,0.0013018788028587,0.0025731375493797002,-1.931864994000193e-07,0.0012710655600216003,-0.00015198783247398845,-3.863729988000386e-07,-3.9811935869998524e-07,-1.9905967934999262e-07,5.8731799499733145e-09,0.030401606572993928
motional_dephasing__spin_dephasing,motional_dephasing,spin_dephasing,2.0,0.5,36.0,1.6666666666666667,rates_ae8ba9de8b4b2cef,rates_7f1e3dd0f07550fa,rates_a6ce76b38e46ff5e,rates_7283b228c09abbcb,1.0,0.003702754664941965,0.0035700257729672,0.0014349793142726,0.0013018788028587,0.0037031262843811004,-3.7161943913528034e-07,0.0024008758620832652,-0.00015478494536274033,-3.7161943913528034e-07,-3.9811935869998524e-07,-3.9811935869998524e-07,2.6499919564704905e-08,0.07130929325539981
motional_dephasing__spin_dephasing,motional_dephasing,spin_dephasing,4.0,0.5,72.0,1.6666666666666667,rates_603c33ce831b855f,rates_e627b957213b2032,rates_a6ce76b38e46ff5e,rates_7283b228c09abbcb,1.0,0.005938348813997907,0.0058059823070857,0.0014349793142726,0.0013018788028587,0.005939082818499601,-7.340045016937871e-07,0.004636470011139207,-0.0001583110642213424,-3.6700225084689356e-07,-3.9811935869998524e-07,-7.962387173999705e-07,6.223421570618337e-08,0.08478723980925436
motional_dephasing__spin_dephasing,motional_dephasing,spin_dephasing,0.0,1.0,0.0,3.3333333333333335,rates_87cf81c0f802ee14,rates_7283b228c09abbcb,rates_87cf81c0f802ee14,rates_7283b228c09abbcb,1.0,0.0015680744438917,0.0013018788028587,0.0015680744438917,0.0013018788028587,0.0015680744438917,0.0,0.000266195641033,0.0,,-3.9811935869998524e-07,-0.0,0.0,
motional_dephasing__spin_dephasing,motional_dephasing,spin_dephasing,0.5,1.0,9.0,3.3333333333333335,rates_f178564d2b994859,rates_70251d48c79bc447,rates_87cf81c0f802ee14,rates_7283b228c09abbcb,1.0,0.0021379806347674,0.001871974006538,0.0015680744438917,0.0013018788028587,0.002138169647571,-1.8901280360002562e-07,0.0008361018319087,-0.0002260643337768279,-3.7802560720005124e-07,-3.9811935869998524e-07,-1.9905967934999262e-07,1.0046875749967002e-08,0.05315447185909918
motional_dephasing__spin_dephasing,motional_dephasing,spin_dephasing,1.0,1.0,18.0,3.3333333333333335,rates_c78d3b44752e1de2,rates_65e4c1ad12cf1435,rates_87cf81c0f802ee14,rates_7283b228c09abbcb,1.0,0.0027058345596401,0.0024400370379658,0.0015680744438917,0.0013018788028587,0.0027062326789988,-3.9811935869998524e-07,0.0014039557567814003,-0.0002835697327191298,-3.9811935869998524e-07,-3.9811935869998524e-07,-3.9811935869998524e-07,0.0,0.0
motional_dephasing__spin_dephasing,motional_dephasing,spin_dephasing,2.0,1.0,36.0,3.3333333333333335,rates_360eade92eac1e2f,rates_7f1e3dd0f07550fa,rates_87cf81c0f802ee14,rates_7283b228c09abbcb,1.0,0.0038354501565077,0.0035700257729672,0.0015680744438917,0.0013018788028587,0.0038362214140002003,-7.71257492500517e-07,0.002533571353649,-0.00030441514559663224,-3.856287462502585e-07,-3.9811935869998524e-07,-7.962387173999705e-07,2.4981224899453536e-08,0.03239025246738435
motional_dephasing__spin_dephasing,motional_dephasing,spin_dephasing,4.0,1.0,72.0,3.3333333333333335,rates_6a8c834ff6e2e567,rates_e627b957213b2032,rates_87cf81c0f802ee14,rates_7283b228c09abbcb,1.0,0.0060706794593594,0.0058059823070857,0.0015680744438917,0.0013018788028587,0.0060721779481187005,-1.498488759300344e-06,0.0047688006565007,-0.00031422759457509395,-3.74622189825086e-07,-3.9811935869998524e-07,-1.592477434799941e-06,9.398867549959694e-08,0.06272230933749612
motional_dephasing__spin_dephasing,motional_dephasing,spin_dephasing,0.0,2.0,0.0,6.666666666666667,rates_b641ff121079f20c,rates_7283b228c09abbcb,rates_b641ff121079f20c,rates_7283b228c09abbcb,1.0,0.0018341137096719,0.0013018788028587,0.0018341137096719,0.0013018788028587,0.0018341137096719003,-2.168404344971009e-19,0.0005322349068132002,-4.074149059396548e-16,,-3.9811935869998524e-07,-0.0,-2.168404344971009e-19,
motional_dephasing__spin_dephasing,motional_dephasing,spin_dephasing,0.5,2.0,9.0,6.666666666666667,rates_fb241267f5ea81c6,rates_70251d48c79bc447,rates_b641ff121079f20c,rates_7283b228c09abbcb,1.0,0.0024038533659258565,0.001871974006538,0.0018341137096719,0.0013018788028587,0.0024042089133512,-3.555474253433971e-07,0.0011019745630671566,-0.00032264576448461026,-3.555474253433971e-07,-3.9811935869998524e-07,-3.9811935869998524e-07,4.2571933356588126e-08,0.11973630048219594
motional_dephasing__spin_dephasing,motional_dephasing,spin_dephasing,1.0,2.0,18.0,6.666666666666667,rates_405ddd5e4fdb9f22,rates_65e4c1ad12cf1435,rates_b641ff121079f20c,rates_7283b228c09abbcb,1.0,0.0029715191433943,0.0024400370379658,0.0018341137096719,0.0013018788028587,0.002972271944779,-7.528013847000505e-07,0.0016696403405356002,-0.0004508763752429227,-3.764006923500252e-07,-3.9811935869998524e-07,-7.962387173999705e-07,4.3437332699920034e-08,0.057700920299485634
motional_dephasing__spin_dephasing,motional_dephasing,spin_dephasing,2.0,2.0,36.0,6.666666666666667,rates_4607758b0fbf4666,rates_7f1e3dd0f07550fa,rates_b641ff121079f20c,rates_7283b228c09abbcb,1.0,0.004100760158649686,0.0035700257729672,0.0018341137096719,0.0013018788028587,0.0041022606797804,-1.5005211307147354e-06,0.0027988813557909857,-0.0005361145900701019,-3.7513028267868384e-07,-3.9811935869998524e-07,-1.592477434799941e-06,9.195630408520561e-08,0.061282911785057334
motional_dephasing__spin_dephasing,motional_dephasing,spin_dephasing,4.0,2.0,72.0,6.666666666666667,rates_043985184c08dfb1,rates_e627b957213b2032,rates_b641ff121079f20c,rates_7283b228c09abbcb,1.0,0.006335249295391754,0.0058059823070857,0.0018341137096719,0.0013018788028587,0.0063382172138989005,-2.96791850714663e-06,0.005033370492533054,-0.0005896483303880575,-3.709898133933288e-07,-3.9811935869998524e-07,-3.184954869599882e-06,2.1703636245325175e-07,0.07312746692021253
motional_dephasing__spin_dephasing,motional_dephasing,spin_dephasing,0.0,4.0,0.0,13.333333333333334,rates_14c3539000a4de2d,rates_7283b228c09abbcb,rates_14c3539000a4de2d,rates_7283b228c09abbcb,1.0,0.0023659522682372,0.0013018788028587,0.0023659522682372,0.0013018788028587,0.0023659522682372,0.0,0.0010640734653785,0.0,,-3.9811935869998524e-07,-0.0,0.0,
motional_dephasing__spin_dephasing,motional_dephasing,spin_dephasing,0.5,4.0,9.0,13.333333333333334,rates_61b7d4ddafada4b1,rates_70251d48c79bc447,rates_14c3539000a4de2d,rates_7283b228c09abbcb,1.0,0.0029352939719284876,0.001871974006538,0.0023659522682372,0.0013018788028587,0.0029360474719165005,-7.53499988012836e-07,0.0016334151690697877,-0.0004613034103521556,-3.76749994006418e-07,-3.9811935869998524e-07,-7.962387173999705e-07,4.273872938713452e-08,0.05672027878838727
motional_dephasing__spin_dephasing,motional_dephasing,spin_dephasing,1.0,4.0,18.0,13.333333333333334,rates_e3c1dfd931a34ad1,rates_65e4c1ad12cf1435,rates_14c3539000a4de2d,rates_7283b228c09abbcb,1.0,0.0035025721117672,0.0024400370379658,0.0023659522682372,0.0013018788028587,0.0035041105033443007,-1.5383915771007527e-06,0.0022006933089085,-0.0006990486002176124,-3.8459789427518817e-07,-3.9811935869998524e-07,-1.592477434799941e-06,5.4085857699188306e-08,0.03515740628346284
motional_dephasing__spin_dephasing,motional_dephasing,spin_dephasing,2.0,4.0,36.0,13.333333333333334,rates_2d87d3caf1b8c595,rates_7f1e3dd0f07550fa,rates_14c3539000a4de2d,rates_7283b228c09abbcb,1.0,0.00463106983740269,0.0035700257729672,0.0023659522682372,0.0013018788028587,0.0046340992383457,-3.0294009430095747e-06,0.0033291910345439905,-0.0009099510696671454,-3.7867511787619684e-07,-3.9811935869998524e-07,-3.184954869599882e-06,1.555539265903072e-07,0.051348081523923776
motional_dephasing__spin_dephasing,motional_dephasing,spin_dephasing,4.0,4.0,72.0,13.333333333333334,rates_7d443f63742c20da,rates_e627b957213b2032,rates_14c3539000a4de2d,rates_7283b228c09abbcb,1.0,0.006864063306079138,0.0058059823070857,0.0023659522682372,0.0013018788028587,0.006870055772464199,-5.99246638506145e-06,0.005562184503220438,-0.0010773584338297092,-3.745291490663406e-07,-3.9811935869998524e-07,-6.369909739199764e-06,3.7744335413831404e-07,0.06298631145920788
motional_dephasing__spin_dephasing,motional_dephasing,spin_dephasing,0.0,0.0,0.0,0.0,rates_7283b228c09abbcb,rates_7283b228c09abbcb,rates_7283b228c09abbcb,rates_7283b228c09abbcb,2.0,0.0030258929745734,0.0030258929745734,0.0030258929745734,0.0030258929745734,0.0030258929745734,0.0,0.0,0.0,,-5.757829977005857e-07,-0.0,0.0,
motional_dephasing__spin_dephasing,motional_dephasing,spin_dephasing,0.5,0.0,9.0,0.0,rates_70251d48c79bc447,rates_70251d48c79bc447,rates_7283b228c09abbcb,rates_7283b228c09abbcb,2.0,0.0039091162522086,0.0039091162522086,0.0030258929745734,0.0030258929745734,0.0039091162522086,0.0,0.0008832232776352002,0.0,,-5.757829977005857e-07,-0.0,0.0,
motional_dephasing__spin_dephasing,motional_dephasing,spin_dephasing,1.0,0.0,18.0,0.0,rates_65e4c1ad12cf1435,rates_65e4c1ad12cf1435,rates_7283b228c09abbcb,rates_7283b228c09abbcb,2.0,0.0047873986741631,0.0047873986741631,0.0030258929745734,0.0030258929745734,0.0047873986741631,0.0,0.0017615056995897004,0.0,,-5.757829977005857e-07,-0.0,0.0,
motional_dephasing__spin_dephasing,motional_dephasing,spin_dephasing,2.0,0.0,36.0,0.0,rates_7f1e3dd0f07550fa,rates_7f1e3dd0f07550fa,rates_7283b228c09abbcb,rates_7283b228c09abbcb,2.0,0.0065293736695828,0.0065293736695828,0.0030258929745734,0.0030258929745734,0.0065293736695828004,-8.673617379884035e-19,0.0035034806950093996,-2.4757143352436156e-16,,-5.757829977005857e-07,-0.0,-8.673617379884035e-19,
motional_dephasing__spin_dephasing,motional_dephasing,spin_dephasing,4.0,0.0,72.0,0.0,rates_e627b957213b2032,rates_e627b957213b2032,rates_7283b228c09abbcb,rates_7283b228c09abbcb,2.0,0.009956403138607,0.009956403138607,0.0030258929745734,0.0030258929745734,0.009956403138607,0.0,0.0069305101640336,0.0,,-5.757829977005857e-07,-0.0,0.0,
motional_dephasing__spin_dephasing,motional_dephasing,spin_dephasing,0.0,0.5,0.0,1.6666666666666667,rates_a6ce76b38e46ff5e,rates_7283b228c09abbcb,rates_a6ce76b38e46ff5e,rates_7283b228c09abbcb,2.0,0.0031587185580059,0.0030258929745734,0.0031587185580059,0.0030258929745734,0.0031587185580058998,4.336808689942018e-19,0.00013282558343250027,3.2650401962253837e-15,,-5.757829977005857e-07,-0.0,4.336808689942018e-19,
motional_dephasing__spin_dephasing,motional_dephasing,spin_dephasing,0.5,0.5,9.0,1.6666666666666667,rates_d3709cb034eafd9f,rates_70251d48c79bc447,rates_a6ce76b38e46ff5e,rates_7283b228c09abbcb,2.0,0.004041784519850822,0.0039091162522086,0.0031587185580059,0.0030258929745734,0.0040419418356411,-1.5731579027823683e-07,0.0010158915452774218,-0.00015485490651984577,-6.292631611129473e-07,-5.757829977005857e-07,-1.4394574942514643e-07,-1.3370040853090404e-08,-0.08498854965190372
motional_dephasing__spin_dephasing,motional_dephasing,spin_dephasing,1.0,0.5,18.0,1.6666666666666667,rates_6c688fb66a893df8,rates_65e4c1ad12cf1435,rates_a6ce76b38e46ff5e,rates_7283b228c09abbcb,2.0,0.004919918073974,0.0047873986741631,0.0031587185580059,0.0030258929745734,0.0049202242575956,-3.0618362159996054e-07,0.0018940250994006003,-0.0001616576367952347,-6.123672431999211e-07,-5.757829977005857e-07,-2.8789149885029286e-07,-1.8292122749667683e-08,-0.05974232930580125
motional_dephasing__spin_dephasing,motional_dephasing,spin_dephasing,2.0,0.5,36.0,1.6666666666666667,rates_ae8ba9de8b4b2cef,rates_7f1e3dd0f07550fa,rates_a6ce76b38e46ff5e,rates_7283b228c09abbcb,2.0,0.006661596995308772,0.0065293736695828,0.0031587185580059,0.0030258929745734,0.0066621992530153,-6.022577065285806e-07,0.0036357040207353718,-0.00016565091742720177,-6.022577065285806e-07,-5.757829977005857e-07,-5.757829977005857e-07,-2.6474708827994853e-08,-0.043959103455222415
motional_dephasing__spin_dephasing,motional_dephasing,spin_dephasing,4.0,0.5,72.0,1.6666666666666667,rates_603c33ce831b855f,rates_e627b957213b2032,rates_a6ce76b38e46ff5e,rates_7283b228c09abbcb,2.0,0.010088068767887703,0.009956403138607,0.0031587185580059,0.0030258929745734,0.0100892287220395,-1.159954151796344e-06,0.0070621757933143035,-0.00016424883573338148,-5.79977075898172e-07,-5.757829977005857e-07,-1.1515659954011714e-06,-8.388156395172652e-09,-0.007231455124482697
motional_dephasing__spin_dephasing,motional_dephasing,spin_dephasing,0.0,1.0,0.0,3.3333333333333335,rates_87cf81c0f802ee14,rates_7283b228c09abbcb,rates_87cf81c0f802ee14,rates_7283b228c09abbcb,2.0,0.0032915007067568,0.0030258929745734,0.0032915007067568,0.0030258929745734,0.0032915007067568,0.0,0.0002656077321834,0.0,,-5.757829977005857e-07,-0.0,0.0,
motional_dephasing__spin_dephasing,motional_dephasing,spin_dephasing,0.5,1.0,9.0,3.3333333333333335,rates_f178564d2b994859,rates_70251d48c79bc447,rates_87cf81c0f802ee14,rates_7283b228c09abbcb,2.0,0.0041744337096663,0.0039091162522086,0.0032915007067568,0.0030258929745734,0.004174723984392,-2.902747257005345e-07,0.0011485407350928997,-0.0002527335050742067,-5.80549451401069e-07,-5.757829977005857e-07,-2.8789149885029286e-07,-2.3832268502416154e-09,-0.008210245809345113
motional_dephasing__spin_dephasing,motional_dephasing,spin_dephasing,1.0,1.0,18.0,3.3333333333333335,rates_c78d3b44752e1de2,rates_65e4c1ad12cf1435,rates_87cf81c0f802ee14,rates_7283b228c09abbcb,2.0,0.0050524306233488,0.0047873986741631,0.0032915007067568,0.0030258929745734,0.0050530064063465,-5.757829977005857e-07,0.0020265376487754,-0.0002841215400308605,-5.757829977005857e-07,-5.757829977005857e-07,-5.757829977005857e-07,0.0,0.0
motional_dephasing__spin_dephasing,motional_dephasing,spin_dephasing,2.0,1.0,36.0,3.3333333333333335,rates_360eade92eac1e2f,rates_7f1e3dd0f07550fa,rates_87cf81c0f802ee14,rates_7283b228c09abbcb,2.0,0.0067938176629297,0.0065293736695828,0.0032915007067568,0.0030258929745734,0.006794981401766199,-1.1637388364991313e-06,0.0037679246883562997,-0.000308854059661897,-5.818694182495657e-07,-5.757829977005857e-07,-1.1515659954011714e-06,-1.2172841097959908e-08,-0.010460114173536903
motional_dephasing__spin_dephasing,motional_dephasing,spin_dephasing,4.0,1.0,72.0,3.3333333333333335,rates_6a8c834ff6e2e567,rates_e627b957213b2032,rates_87cf81c0f802ee14,rates_7283b228c09abbcb,2.0,0.0102196800785995,0.009956403138607,0.0032915007067568,0.0030258929745734,0.0102220108707904,-2.3307921908997248e-06,0.0071937871040261,-0.00032400071856383757,-5.826980477249312e-07,-5.757829977005857e-07,-2.303131990802343e-06,-2.7660200097381904e-08,-0.011867295679716776
motional_dephasing__spin_dephasing,motional_dephasing,spin_dephasing,0.0,2.0,0.0,6.666666666666667,rates_b641ff121079f20c,rates_7283b228c09abbcb,rates_b641ff121079f20c,rates_7283b228c09abbcb,2.0,0.003557008479872,0.0030258929745734,0.003557008479872,0.0030258929745734,0.003557008479872,0.0,0.0005311155052986002,0.0,,-5.757829977005857e-07,-0.0,0.0,
motional_dephasing__spin_dephasing,motional_dephasing,spin_dephasing,0.5,2.0,9.0,6.666666666666667,rates_fb241267f5ea81c6,rates_70251d48c79bc447,rates_b641ff121079f20c,rates_7283b228c09abbcb,2.0,0.004439637413337416,0.0039091162522086,0.003557008479872,0.0030258929745734,0.0044402317575072,-5.943441697842805e-07,0.0014137444387640162,-0.0004204042495147803,-5.943441697842805e-07,-5.757829977005857e-07,-5.757829977005857e-07,-1.8561172083694788e-08,-0.031229669654926767
motional_dephasing__spin_dephasing,motional_dephasing,spin_dephasing,1.0,2.0,18.0,6.666666666666667,rates_405ddd5e4fdb9f22,rates_65e4c1ad12cf1435,rates_b641ff121079f20c,rates_7283b228c09abbcb,2.0,0.0053173334656146,0.0047873986741631,0.003557008479872,0.0030258929745734,0.005318514179461701,-1.1807138471002857e-06,0.0022914404910412004,-0.0005152714424470106,-5.903569235501428e-07,-5.757829977005857e-07,-1.1515659954011714e-06,-2.9147851699114213e-08,-0.024686634929113774
motional_dephasing__spin_dephasing,motional_dephasing,spin_dephasing,2.0,2.0,36.0,6.666666666666667,rates_4607758b0fbf4666,rates_7f1e3dd0f07550fa,rates_b641ff121079f20c,rates_7283b228c09abbcb,2.0,0.007058153827555813,0.0065293736695828,0.003557008479872,0.0030258929745734,0.007060489174881401,-2.3353473255875723e-06,0.004032260852982413,-0.000579165736229654,-5.838368313968931e-07,-5.757829977005857e-07,-2.303131990802343e-06,-3.221533478522942e-08,-0.013794665329759486
motional_dephasing__spin_dephasing,motional_dephasing,spin_dephasing,4.0,2.0,72.0,6.666666666666667,rates_043985184c08dfb1,rates_e627b957213b2032,rates_b641ff121079f20c,rates_7283b228c09abbcb,2.0,0.010482874121316654,0.009956403138607,0.003557008479872,0.0030258929745734,0.0104875186439056,-4.644522588945904e-06,0.007456981146743254,-0.0006228422061888065,-5.80565323618238e-07,-5.757829977005857e-07,-4.606263981604686e-06,-3.825860734121833e-08,-0.00823736059165153
motional_dephasing__spin_dephasing,motional_dephasing,spin_dephasing,0.0,4.0,0.0,13.333333333333334,rates_14c3539000a4de2d,rates_7283b228c09abbcb,rates_14c3539000a4de2d,rates_7283b228c09abbcb,2.0,0.0040876768075168,0.0030258929745734,0.0040876768075168,0.0030258929745734,0.0040876768075168,0.0,0.0010617838329434002,0.0,,-5.757829977005857e-07,-0.0,0.0,
motional_dephasing__spin_dephasing,motional_dephasing,spin_dephasing,0.5,4.0,9.0,13.333333333333334,rates_61b7d4ddafada4b1,rates_70251d48c79bc447,rates_14c3539000a4de2d,rates_7283b228c09abbcb,2.0,0.004969705174337924,0.0039091162522086,0.0040876768075168,0.0030258929745734,0.004970900085152,-1.1949108140764386e-06,0.001943812199764524,-0.0006147254422115428,-5.974554070382193e-07,-5.757829977005857e-07,-1.1515659954011714e-06,-4.334481867526718e-08,-0.03627452205189802
motional_dephasing__spin_dephasing,motional_dephasing,spin_dephasing,1.0,4.0,18.0,13.333333333333334,rates_e3c1dfd931a34ad1,rates_65e4c1ad12cf1435,rates_14c3539000a4de2d,rates_7283b228c09abbcb,2.0,0.0058468088088903,0.0047873986741631,0.0040876768075168,0.0030258929745734,0.0058491825071065005,-2.3736982162009604e-06,0.0028209158343168996,-0.00084146367903804,-5.934245540502401e-07,-5.757829977005857e-07,-2.303131990802343e-06,-7.056622539861751e-08,-0.02972838961456391
motional_dephasing__spin_dephasing,motional_dephasing,spin_dephasing,2.0,4.0,36.0,13.333333333333334,rates_2d87d3caf1b8c595,rates_7f1e3dd0f07550fa,rates_14c3539000a4de2d,rates_7283b228c09abbcb,2.0,0.007586482097862279,0.0065293736695828,0.0040876768075168,0.0030258929745734,0.007591157502526199,-4.675404663919552e-06,0.004560589123288879,-0.0010251755941012887,-5.84425582989944e-07,-5.757829977005857e-07,-4.606263981604686e-06,-6.914068231486659e-08,-0.014788170711388986
motional_dephasing__spin_dephasing,motional_dephasing,spin_dephasing,4.0,4.0,72.0,13.333333333333334,rates_7d443f63742c20da,rates_e627b957213b2032,rates_14c3539000a4de2d,rates_7283b228c09abbcb,2.0,0.011008939012282282,0.009956403138607,0.0040876768075168,0.0030258929745734,0.0110181869715504,-9.247959268118486e-06,0.007983046037708882,-0.0011584499481068547,-5.779974542574054e-07,-5.757829977005857e-07,-9.212527963209372e-06,-3.543130490911428e-08,-0.003831256592063564
motional_dephasing__spin_dephasing,motional_dephasing,spin_dephasing,0.0,0.0,0.0,0.0,rates_7283b228c09abbcb,rates_7283b228c09abbcb,rates_7283b228c09abbcb,rates_7283b228c09abbcb,3.0,0.0053504253160057,0.0053504253160057,0.0053504253160057,0.0053504253160057,0.0053504253160057,0.0,0.0,0.0,,-7.577355859017532e-07,-0.0,0.0,
motional_dephasing__spin_dephasing,motional_dephasing,spin_dephasing,0.5,0.0,9.0,0.0,rates_70251d48c79bc447,rates_70251d48c79bc447,rates_7283b228c09abbcb,rates_7283b228c09abbcb,3.0,0.0065274971072746,0.0065274971072746,0.0053504253160057,0.0053504253160057,0.006527497107274599,8.673617379884035e-19,0.0011770717912689002,7.368809145051171e-16,,-7.577355859017532e-07,-0.0,8.673617379884035e-19,
motional_dephasing__spin_dephasing,motional_dephasing,spin_dephasing,1.0,0.0,18.0,0.0,rates_65e4c1ad12cf1435,rates_65e4c1ad12cf1435,rates_7283b228c09abbcb,rates_7283b228c09abbcb,3.0,0.0076958389865998,0.0076958389865998,0.0053504253160057,0.0053504253160057,0.0076958389865998,0.0,0.0023454136705941004,0.0,,-7.577355859017532e-07,-0.0,0.0,
motional_dephasing__spin_dephasing,motional_dephasing,spin_dephasing,2.0,0.0,36.0,0.0,rates_7f1e3dd0f07550fa,rates_7f1e3dd0f07550fa,rates_7283b228c09abbcb,rates_7283b228c09abbcb,3.0,0.0100067734162732,0.0100067734162732,0.0053504253160057,0.0053504253160057,0.0100067734162732,0.0,0.0046563481002675,0.0,,-7.577355859017532e-07,-0.0,0.0,
motional_dephasing__spin_dephasing,motional_dephasing,spin_dephasing,4.0,0.0,72.0,0.0,rates_e627b957213b2032,rates_e627b957213b2032,rates_7283b228c09abbcb,rates_7283b228c09abbcb,3.0,0.0145289787927055,0.0145289787927055,0.0053504253160057,0.0053504253160057,0.0145289787927055,0.0,0.0091785534766998,0.0,,-7.577355859017532e-07,-0.0,0.0,
motional_dephasing__spin_dephasing,motional_dephasing,spin_dephasing,0.0,0.5,0.0,1.6666666666666667,rates_a6ce76b38e46ff5e,rates_7283b228c09abbcb,rates_a6ce76b38e46ff5e,rates_7283b228c09abbcb,3.0,0.0054828599167102,0.0053504253160057,0.0054828599167102,0.0053504253160057,0.0054828599167102005,-8.673617379884035e-19,0.00013243460070449988,-6.549358954339583e-15,,-7.577355859017532e-07,-0.0,-8.673617379884035e-19,
motional_dephasing__spin_dephasing,motional_dephasing,spin_dephasing,0.5,0.5,9.0,1.6666666666666667,rates_d3709cb034eafd9f,rates_70251d48c79bc447,rates_a6ce76b38e46ff5e,rates_7283b228c09abbcb,3.0,0.006659748470807303,0.0065274971072746,0.0054828599167102,0.0053504253160057,0.0066599317079791,-1.832371717969128e-07,0.0013093231548016032,-0.0001399480114018743,-7.329486871876512e-07,-7.577355859017532e-07,-1.894338964754383e-07,6.1967246785255e-09,0.03381805458880098
motional_dephasing__spin_dephasing,motional_dephasing,spin_dephasing,1.0,0.5,18.0,1.6666666666666667,rates_6c688fb66a893df8,rates_65e4c1ad12cf1435,rates_a6ce76b38e46ff5e,rates_7283b228c09abbcb,3.0,0.0078278815562391,0.0076958389865998,0.0054828599167102,0.0053504253160057,0.007828273587304299,-3.920310651991249e-07,0.0024774562402334003,-0.00015823935003679088,-7.840621303982498e-07,-7.577355859017532e-07,-3.788677929508766e-07,-1.3163272248248314e-08,-0.033577115225708644
motional_dephasing__spin_dephasing,motional_dephasing,spin_dephasing,2.0,0.5,36.0,1.6666666666666667,rates_ae8ba9de8b4b2cef,rates_7f1e3dd0f07550fa,rates_a6ce76b38e46ff5e,rates_7283b228c09abbcb,3.0,0.010138410693656064,0.0100067734162732,0.0054828599167102,0.0053504253160057,0.0101392080169777,-7.973233216371223e-07,0.004787985377650364,-0.00016652584725068592,-7.973233216371223e-07,-7.577355859017532e-07,-7.577355859017532e-07,-3.958773573536911e-08,-0.04965079367562546
motional_dephasing__spin_dephasing,motional_dephasing,spin_dephasing,4.0,0.5,72.0,1.6666666666666667,rates_603c33ce831b855f,rates_e627b957213b2032,rates_a6ce76b38e46ff5e,rates_7283b228c09abbcb,3.0,0.014659893296128601,0.0145289787927055,0.0054828599167102,0.0053504253160057,0.01466141339341,-1.520097281399596e-06,0.009309467980122901,-0.0001632850861773444,-7.60048640699798e-07,-7.577355859017532e-07,-1.5154711718035063e-06,-4.626109596089778e-09,-0.003043298381423582
motional_dephasing__spin_dephasing,motional_dephasing,spin_dephasing,0.0,1.0,0.0,3.3333333333333335,rates_87cf81c0f802ee14,rates_7283b228c09abbcb,rates_87cf81c0f802ee14,rates_7283b228c09abbcb,3.0,0.0056152454083486,0.0053504253160057,0.0056152454083486,0.0053504253160057,0.005615245408348599,8.673617379884035e-19,0.0002648200923429005,3.275286743972984e-15,,-7.577355859017532e-07,-0.0,8.673617379884035e-19,
motional_dephasing__spin_dephasing,motional_dephasing,spin_dephasing,0.5,1.0,9.0,3.3333333333333335,rates_f178564d2b994859,rates_70251d48c79bc447,rates_87cf81c0f802ee14,rates_7283b228c09abbcb,3.0,0.0067919491378105,0.0065274971072746,0.0056152454083486,0.0053504253160057,0.0067923171996175005,-3.6806180700021257e-07,0.0014415238218048005,-0.0002553282862432311,-7.361236140004251e-07,-7.577355859017532e-07,-3.788677929508766e-07,1.080598595066401e-08,0.029359161274393704
motional_dephasing__spin_dephasing,motional_dephasing,spin_dephasing,1.0,1.0,18.0,3.3333333333333335,rates_c78d3b44752e1de2,rates_65e4c1ad12cf1435,rates_87cf81c0f802ee14,rates_7283b228c09abbcb,3.0,0.0079599013433568,0.0076958389865998,0.0056152454083486,0.0053504253160057,0.007960659078942701,-7.577355859017532e-07,0.0026094760273511,-0.00029037844301292034,-7.577355859017532e-07,-7.577355859017532e-07,-7.577355859017532e-07,0.0,0.0
motional_dephasing__spin_dephasing,motional_dephasing,spin_dephasing,2.0,1.0,36.0,3.3333333333333335,rates_360eade92eac1e2f,rates_7f1e3dd0f07550fa,rates_87cf81c0f802ee14,rates_7283b228c09abbcb,3.0,0.010270040514656,0.0100067734162732,0.0056152454083486,0.0053504253160057,0.0102715935086161,-1.5529939601001408e-06,0.0049196151986503,-0.0003156738682582747,-7.764969800500704e-07,-7.577355859017532e-07,-1.5154711718035063e-06,-3.752278829663447e-08,-0.02416158031562139
motional_dephasing__spin_dephasing,motional_dephasing,spin_dephasing,4.0,1.0,72.0,3.3333333333333335,rates_6a8c834ff6e2e567,rates_e627b957213b2032,rates_87cf81c0f802ee14,rates_7283b228c09abbcb,3.0,0.0147907606554087,0.0145289787927055,0.0056152454083486,0.0053504253160057,0.0147937988850484,-3.038229639699963e-06,0.009440335339403,-0.00032183492751774415,-7.595574099249908e-07,-7.577355859017532e-07,-3.0309423436070126e-06,-7.287296092950424e-09,-0.0023985336716253196
motional_dephasing__spin_dephasing,motional_dephasing,spin_dephasing,0.0,2.0,0.0,6.666666666666667,rates_b641ff121079f20c,rates_7283b228c09abbcb,rates_b641ff121079f20c,rates_7283b228c09abbcb,3.0,0.0058799716566564,0.0053504253160057,0.0058799716566564,0.0053504253160057,0.005879971656656401,-8.673617379884035e-19,0.0005295463406507,-1.6379335884421373e-15,,-7.577355859017532e-07,-0.0,-8.673617379884035e-19,
motional_dephasing__spin_dephasing,motional_dephasing,spin_dephasing,0.5,2.0,9.0,6.666666666666667,rates_fb241267f5ea81c6,rates_70251d48c79bc447,rates_b641ff121079f20c,rates_7283b228c09abbcb,3.0,0.007056282233777189,0.0065274971072746,0.0058799716566564,0.0053504253160057,0.0070570434479253,-7.61214148110867e-07,0.0017058569177714894,-0.00044623563687000656,-7.61214148110867e-07,-7.577355859017532e-07,-7.577355859017532e-07,-3.4785622091138002e-09,-0.004569755065308068
motional_dephasing__spin_dephasing,motional_dephasing,spin_dephasing,1.0,2.0,18.0,6.666666666666667,rates_405ddd5e4fdb9f22,rates_65e4c1ad12cf1435,rates_b641ff121079f20c,rates_7283b228c09abbcb,3.0,0.0082238496734596,0.0076958389865998,0.0058799716566564,0.0053504253160057,0.0082253853272505,-1.5356537908985807e-06,0.002873424357453901,-0.0005344333449791248,-7.678268954492903e-07,-7.577355859017532e-07,-1.5154711718035063e-06,-2.018261909507435e-08,-0.013142688289959278
motional_dephasing__spin_dephasing,motional_dephasing,spin_dephasing,2.0,2.0,36.0,6.666666666666667,rates_4607758b0fbf4666,rates_7f1e3dd0f07550fa,rates_b641ff121079f20c,rates_7283b228c09abbcb,3.0,0.010533236402685775,0.0100067734162732,0.0058799716566564,0.0053504253160057,0.010536319756923901,-3.0833542381258905e-06,0.005182811086680075,-0.000594919279626103,-7.708385595314726e-07,-7.577355859017532e-07,-3.0309423436070126e-06,-5.2411894518877844e-08,-0.016998337028811386
motional_dephasing__spin_dephasing,motional_dephasing,spin_dephasing,4.0,2.0,72.0,6.666666666666667,rates_043985184c08dfb1,rates_e627b957213b2032,rates_b641ff121079f20c,rates_7283b228c09abbcb,3.0,0.015052414089264943,0.0145289787927055,0.0058799716566564,0.0053504253160057,0.0150585251333562,-6.111044091258039e-06,0.009701988773259243,-0.00062987540328859,-7.638805114072549e-07,-7.577355859017532e-07,-6.061884687214025e-06,-4.915940404401353e-08,-0.008044354337802434
motional_dephasing__spin_dephasing,motional_dephasing,spin_dephasing,0.0,4.0,0.0,13.333333333333334,rates_14c3539000a4de2d,rates_7283b228c09abbcb,rates_14c3539000a4de2d,rates_7283b228c09abbcb,3.0,0.006409099840242,0.0053504253160057,0.006409099840242,0.0053504253160057,0.006409099840241999,8.673617379884035e-19,0.0010586745242363,8.192902711190632e-16,,-7.577355859017532e-07,-0.0,8.673617379884035e-19,
motional_dephasing__spin_dephasing,motional_dephasing,spin_dephasing,0.5,4.0,9.0,13.333333333333334,rates_61b7d4ddafada4b1,rates_70251d48c79bc447,rates_14c3539000a4de2d,rates_7283b228c09abbcb,3.0,0.007584606409189121,0.0065274971072746,0.006409099840242,0.0053504253160057,0.0075861716315109,-1.5652223217792888e-06,0.002234181093183421,-0.0007005798798292792,-7.826111608896444e-07,-7.577355859017532e-07,-1.5154711718035063e-06,-4.975114997578245e-08,-0.031785356804282676
motional_dephasing__spin_dephasing,motional_dephasing,spin_dephasing,1.0,4.0,18.0,13.333333333333334,rates_e3c1dfd931a34ad1,rates_65e4c1ad12cf1435,rates_14c3539000a4de2d,rates_7283b228c09abbcb,3.0,0.0087514108503284,0.0076958389865998,0.006409099840242,0.0053504253160057,0.008754513510836101,-3.102660507700236e-06,0.003400985534322701,-0.0009122827710933279,-7.75665126925059e-07,-7.577355859017532e-07,-3.0309423436070126e-06,-7.171816409322351e-08,-0.02311505364999881
motional_dephasing__spin_dephasing,motional_dephasing,spin_dephasing,2.0,4.0,36.0,13.333333333333334,rates_2d87d3caf1b8c595,rates_7f1e3dd0f07550fa,rates_14c3539000a4de2d,rates_7283b228c09abbcb,3.0,0.011059263340614023,0.0100067734162732,0.006409099840242,0.0053504253160057,0.0110654479405095,-6.1845998954764e-06,0.005708838024608323,-0.0010833377771128335,-7.7307498693455e-07,-7.577355859017532e-07,-6.061884687214025e-06,-1.2271520826237503e-07,-0.019842060979907945
motional_dephasing__spin_dephasing,motional_dephasing,spin_dephasing,4.0,4.0,72.0,13.333333333333334,rates_7d443f63742c20da,rates_e627b957213b2032,rates_14c3539000a4de2d,rates_7283b228c09abbcb,3.0,0.01557544722184434,0.0145289787927055,0.006409099840242,0.0053504253160057,0.015587653316941799,-1.2206095097458403e-05,0.010225021905838641,-0.0011937475743194778,-7.628809435911502e-07,-7.577355859017532e-07,-1.212376937442805e-05,-8.232572303035202e-08,-0.006744640474535888
motional_dephasing__spin_dephasing,motional_dephasing,spin_dephasing,0.0,0.0,0.0,0.0,rates_7283b228c09abbcb,rates_7283b228c09abbcb,rates_7283b228c09abbcb,rates_7283b228c09abbcb,4.0,0.0082214370008468,0.0082214370008468,0.0082214370008468,0.0082214370008468,0.0082214370008468,0.0,0.0,0.0,,-9.84400916800507e-07,-0.0,0.0,
motional_dephasing__spin_dephasing,motional_dephasing,spin_dephasing,0.5,0.0,9.0,0.0,rates_70251d48c79bc447,rates_70251d48c79bc447,rates_7283b228c09abbcb,rates_7283b228c09abbcb,4.0,0.0096728023401937,0.0096728023401937,0.0082214370008468,0.0082214370008468,0.0096728023401937,0.0,0.0014513653393469009,0.0,,-9.84400916800507e-07,-0.0,0.0,
motional_dephasing__spin_dephasing,motional_dephasing,spin_dephasing,1.0,0.0,18.0,0.0,rates_65e4c1ad12cf1435,rates_65e4c1ad12cf1435,rates_7283b228c09abbcb,rates_7283b228c09abbcb,4.0,0.0111108966205832,0.0111108966205832,0.0082214370008468,0.0082214370008468,0.011110896620583198,1.734723475976807e-18,0.0028894596197364,6.003625951814003e-16,,-9.84400916800507e-07,-0.0,1.734723475976807e-18,
motional_dephasing__spin_dephasing,motional_dephasing,spin_dephasing,2.0,0.0,36.0,0.0,rates_7f1e3dd0f07550fa,rates_7f1e3dd0f07550fa,rates_7283b228c09abbcb,rates_7283b228c09abbcb,4.0,0.0139481407819477,0.0139481407819477,0.0082214370008468,0.0082214370008468,0.013948140781947699,1.734723475976807e-18,0.005726703781100901,3.0291831781166865e-16,,-9.84400916800507e-07,-0.0,1.734723475976807e-18,
motional_dephasing__spin_dephasing,motional_dephasing,spin_dephasing,4.0,0.0,72.0,0.0,rates_e627b957213b2032,rates_e627b957213b2032,rates_7283b228c09abbcb,rates_7283b228c09abbcb,4.0,0.0194732949142132,0.0194732949142132,0.0082214370008468,0.0082214370008468,0.0194732949142132,0.0,0.0112518579133664,0.0,,-9.84400916800507e-07,-0.0,0.0,
motional_dephasing__spin_dephasing,motional_dephasing,spin_dephasing,0.0,0.5,0.0,1.6666666666666667,rates_a6ce76b38e46ff5e,rates_7283b228c09abbcb,rates_a6ce76b38e46ff5e,rates_7283b228c09abbcb,4.0,0.0083533707467529,0.0082214370008468,0.0083533707467529,0.0082214370008468,0.008353370746752901,-1.734723475976807e-18,0.00013193374590609978,-1.314844404714658e-14,,-9.84400916800507e-07,-0.0,-1.734723475976807e-18,
motional_dephasing__spin_dephasing,motional_dephasing,spin_dephasing,0.5,0.5,9.0,1.6666666666666667,rates_d3709cb034eafd9f,rates_70251d48c79bc447,rates_a6ce76b38e46ff5e,rates_7283b228c09abbcb,4.0,0.009804516345862546,0.0096728023401937,0.0083533707467529,0.0082214370008468,0.009804736086099802,-2.1974023725612746e-07,0.0015830793450157463,-0.00013880557405285444,-8.789609490245098e-07,-9.84400916800507e-07,-2.461002292001267e-07,2.6359991943999267e-08,0.11995978648768943
motional_dephasing__spin_dephasing,motional_dephasing,spin_dephasing,1.0,0.5,18.0,1.6666666666666667,rates_6c688fb66a893df8,rates_65e4c1ad12cf1435,rates_a6ce76b38e46ff5e,rates_7283b228c09abbcb,4.0,0.01124235331107,0.0111108966205832,0.0083533707467529,0.0082214370008468,0.0112428303664893,-4.770554192998211e-07,0.0030209163102232,-0.00015791745626497476,-9.541108385996422e-07,-9.84400916800507e-07,-4.922004584002534e-07,1.5145039100432356e-08,0.03174691762785313
motional_dephasing__spin_dephasing,motional_dephasing,spin_dephasing,2.0,0.5,36.0,1.6666666666666667,rates_ae8ba9de8b4b2cef,rates_7f1e3dd0f07550fa,rates_a6ce76b38e46ff5e,rates_7283b228c09abbcb,4.0,0.014079155344846939,0.0139481407819477,0.0083533707467529,0.0082214370008468,0.0140800745278538,-9.19183006861668e-07,0.005857718344000139,-0.000156918266273959,-9.19183006861668e-07,-9.84400916800507e-07,-9.84400916800507e-07,6.521790993883891e-08,0.07095204050987623
motional_dephasing__spin_dephasing,motional_dephasing,spin_dephasing,4.0,0.5,72.0,1.6666666666666667,rates_603c33ce831b855f,rates_e627b957213b2032,rates_a6ce76b38e46ff5e,rates_7283b228c09abbcb,4.0,0.019603384997959994,0.0194732949142132,0.0083533707467529,0.0082214370008468,0.019605228660119302,-1.8436621593079239e-06,0.011381947997113194,-0.0001619812495871122,-9.218310796539619e-07,-9.84400916800507e-07,-1.968801833601014e-06,1.2513967429308992e-07,0.06787559947537514
motional_dephasing__spin_dephasing,motional_dephasing,spin_dephasing,0.0,1.0,0.0,3.3333333333333335,rates_87cf81c0f802ee14,rates_7283b228c09abbcb,rates_87cf81c0f802ee14,rates_7283b228c09abbcb,4.0,0.0084853181318891,0.0082214370008468,0.0084853181318891,0.0082214370008468,0.008485318131889102,-1.734723475976807e-18,0.0002638811310423008,-6.5738822216080565e-15,,-9.84400916800507e-07,-0.0,-1.734723475976807e-18,
motional_dephasing__spin_dephasing,motional_dephasing,spin_dephasing,0.5,1.0,9.0,3.3333333333333335,rates_f178564d2b994859,rates_70251d48c79bc447,rates_87cf81c0f802ee14,rates_7283b228c09abbcb,4.0,0.0099361934078503,0.0096728023401937,0.0084853181318891,0.0082214370008468,0.009936683471236003,-4.900633857034958e-07,0.0017147564070035,-0.0002857918382470844,-9.801267714069917e-07,-9.84400916800507e-07,-4.922004584002534e-07,2.1370726967576137e-09,0.004360808742505427
motional_dephasing__spin_dephasing,motional_dephasing,spin_dephasing,1.0,1.0,18.0,3.3333333333333335,rates_c78d3b44752e1de2,rates_65e4c1ad12cf1435,rates_87cf81c0f802ee14,rates_7283b228c09abbcb,4.0,0.0113737933507087,0.0111108966205832,0.0084853181318891,0.0082214370008468,0.0113747777516255,-9.84400916800507e-07,0.0031523563498619,-0.00031227463127499275,-9.84400916800507e-07,-9.84400916800507e-07,-9.84400916800507e-07,0.0,0.0
motional_dephasing__spin_dephasing,motional_dephasing,spin_dephasing,2.0,1.0,36.0,3.3333333333333335,rates_360eade92eac1e2f,rates_7f1e3dd0f07550fa,rates_87cf81c0f802ee14,rates_7283b228c09abbcb,4.0,0.0142101140128865,0.0139481407819477,0.0084853181318891,0.0082214370008468,0.014212021912990001,-1.907900103501059e-06,0.0059886770120397,-0.0003185845721292693,-9.539500517505295e-07,-9.84400916800507e-07,-1.968801833601014e-06,6.090173009995481e-08,0.03192081702191752
motional_dephasing__spin_dephasing,motional_dephasing,spin_dephasing,4.0,1.0,72.0,3.3333333333333335,rates_6a8c834ff6e2e567,rates_e627b957213b2032,rates_87cf81c0f802ee14,rates_7283b228c09abbcb,4.0,0.0197334839173706,0.0194732949142132,0.0084853181318891,0.0082214370008468,0.019737176045255503,-3.69212788490364e-06,0.0115120469165238,-0.00032071862733673795,-9.2303197122591e-07,-9.84400916800507e-07,-3.937603667202028e-06,2.4547578229838773e-07,0.06648626210974118
motional_dephasing__spin_dephasing,motional_dephasing,spin_dephasing,0.0,2.0,0.0,6.666666666666667,rates_b641ff121079f20c,rates_7283b228c09abbcb,rates_b641ff121079f20c,rates_7283b228c09abbcb,4.0,0.0087490675917362,0.0082214370008468,0.0087490675917362,0.0082214370008468,0.008749067591736201,-1.734723475976807e-18,0.0005276305908893993,-3.287761373071024e-15,,-9.84400916800507e-07,-0.0,-1.734723475976807e-18,
motional_dephasing__spin_dephasing,motional_dephasing,spin_dephasing,0.5,2.0,9.0,6.666666666666667,rates_fb241267f5ea81c6,rates_70251d48c79bc447,rates_b641ff121079f20c,rates_7283b228c09abbcb,4.0,0.01019947171630764,0.0096728023401937,0.0087490675917362,0.0082214370008468,0.010200432931083102,-9.61214775462016e-07,0.00197803471546084,-0.00048594434058659753,-9.61214775462016e-07,-9.84400916800507e-07,-9.84400916800507e-07,2.318614133849095e-08,0.024121707167210717
motional_dephasing__spin_dephasing,motional_dephasing,spin_dephasing,1.0,2.0,18.0,6.666666666666667,rates_405ddd5e4fdb9f22,rates_65e4c1ad12cf1435,rates_b641ff121079f20c,rates_7283b228c09abbcb,4.0,0.011636598556897,0.0111108966205832,0.0087490675917362,0.0082214370008468,0.011638527211472599,-1.9286545755985846e-06,0.0034151615560502006,-0.0005647330423305557,-9.643272877992923e-07,-9.84400916800507e-07,-1.968801833601014e-06,4.014725800242924e-08,0.02081619928751056
motional_dephasing__spin_dephasing,motional_dephasing,spin_dephasing,2.0,2.0,36.0,6.666666666666667,rates_4607758b0fbf4666,rates_7f1e3dd0f07550fa,rates_b641ff121079f20c,rates_7283b228c09abbcb,4.0,0.014471985918540042,0.0139481407819477,0.0087490675917362,0.0082214370008468,0.0144757713728371,-3.785454297057511e-06,0.0062505489176932424,-0.0006056194978879597,-9.463635742643778e-07,-9.84400916800507e-07,-3.937603667202028e-06,1.5214937014451646e-07,0.04019315997627666
motional_dephasing__spin_dephasing,motional_dephasing,spin_dephasing,4.0,2.0,72.0,6.666666666666667,rates_043985184c08dfb1,rates_e627b957213b2032,rates_b641ff121079f20c,rates_7283b228c09abbcb,4.0,0.01999343456837832,0.0194732949142132,0.0087490675917362,0.0082214370008468,0.0200009255051026,-7.4909367242803615e-06,0.011771997567531521,-0.0006363352252927064,-9.363670905350452e-07,-9.84400916800507e-07,-7.875207334404055e-06,3.842706101236937e-07,0.05129807182567141
motional_dephasing__spin_dephasing,motional_dephasing,spin_dephasing,0.0,4.0,0.0,13.333333333333334,rates_14c3539000a4de2d,rates_7283b228c09abbcb,rates_14c3539000a4de2d,rates_7283b228c09abbcb,4.0,0.0092763022154507,0.0082214370008468,0.0092763022154507,0.0082214370008468,0.009276302215450699,1.734723475976807e-18,0.001054865214603901,1.6444977537989924e-15,,-9.84400916800507e-07,-0.0,1.734723475976807e-18,
motional_dephasing__spin_dephasing,motional_dephasing,spin_dephasing,0.5,4.0,9.0,13.333333333333334,rates_61b7d4ddafada4b1,rates_70251d48c79bc447,rates_14c3539000a4de2d,rates_7283b228c09abbcb,4.0,0.010725746730478214,0.0096728023401937,0.0092763022154507,0.0082214370008468,0.0107276675547976,-1.920824319386061e-06,0.002504309729631414,-0.0007670074897919152,-9.604121596930304e-07,-9.84400916800507e-07,-1.968801833601014e-06,4.7977514214953e-08,0.02497756496038519
motional_dephasing__spin_dephasing,motional_dephasing,spin_dephasing,1.0,4.0,18.0,13.333333333333334,rates_e3c1dfd931a34ad1,rates_65e4c1ad12cf1435,rates_14c3539000a4de2d,rates_7283b228c09abbcb,4.0,0.0121618803732601,0.0111108966205832,0.0092763022154507,0.0082214370008468,0.0121657618351871,-3.88146192700084e-06,0.0039404433724133,-0.0009850317743872723,-9.7036548175021e-07,-9.84400916800507e-07,-3.937603667202028e-06,5.614174020118767e-08,0.014464070821008345
motional_dephasing__spin_dephasing,motional_dephasing,spin_dephasing,2.0,4.0,36.0,13.333333333333334,rates_2d87d3caf1b8c595,rates_7f1e3dd0f07550fa,rates_14c3539000a4de2d,rates_7283b228c09abbcb,4.0,0.014995398666130422,0.0139481407819477,0.0092763022154507,0.0082214370008468,0.015003005996551601,-7.607330421179753e-06,0.006773961665283622,-0.0011230253132619755,-9.509163026474692e-07,-9.84400916800507e-07,-7.875207334404055e-06,2.6787691322430196e-07,0.035212998304700864
motional_dephasing__spin_dephasing,motional_dephasing,spin_dephasing,4.0,4.0,72.0,13.333333333333334,rates_7d443f63742c20da,rates_e627b957213b2032,rates_14c3539000a4de2d,rates_7283b228c09abbcb,4.0,0.020513180567433897,0.0194732949142132,0.0092763022154507,0.0082214370008468,0.0205281601288171,-1.4979561383202111e-05,0.012291743566587097,-0.0012186685560152235,-9.36222586450132e-07,-9.84400916800507e-07,-1.575041466880811e-05,7.708532856059991e-07,0.05146033758174148
motional_dephasing__photon_scattering,motional_dephasing,photon_scattering,0.0,0.0,0.0,0.0,rates_7283b228c09abbcb,rates_7283b228c09abbcb,rates_7283b228c09abbcb,rates_7283b228c09abbcb,0.01,0.0002487641440845,0.0002487641440845,0.0002487641440845,0.0002487641440845,0.0002487641440845,0.0,0.0,0.0,,-3.2136190440006963e-07,-0.0,0.0,
motional_dephasing__photon_scattering,motional_dephasing,photon_scattering,0.5,0.0,9.0,0.0,rates_70251d48c79bc447,rates_70251d48c79bc447,rates_7283b228c09abbcb,rates_7283b228c09abbcb,0.01,0.0004905090038785,0.0004905090038785,0.0002487641440845,0.0002487641440845,0.0004905090038785,0.0,0.00024174485979400006,0.0,,-3.2136190440006963e-07,-0.0,0.0,
motional_dephasing__photon_scattering,motional_dephasing,photon_scattering,1.0,0.0,18.0,0.0,rates_65e4c1ad12cf1435,rates_65e4c1ad12cf1435,rates_7283b228c09abbcb,rates_7283b228c09abbcb,0.01,0.0007318486089153,0.0007318486089153,0.0002487641440845,0.0002487641440845,0.0007318486089152999,1.0842021724855044e-19,0.00048308446483080004,2.2443325161889555e-16,,-3.2136190440006963e-07,-0.0,1.0842021724855044e-19,
motional_dephasing__photon_scattering,motional_dephasing,photon_scattering,2.0,0.0,36.0,0.0,rates_7f1e3dd0f07550fa,rates_7f1e3dd0f07550fa,rates_7283b228c09abbcb,rates_7283b228c09abbcb,0.01,0.0012134626861624,0.0012134626861624,0.0002487641440845,0.0002487641440845,0.0012134626861624,0.0,0.0009646985420778999,0.0,,-3.2136190440006963e-07,-0.0,0.0,
motional_dephasing__photon_scattering,motional_dephasing,photon_scattering,4.0,0.0,72.0,0.0,rates_e627b957213b2032,rates_e627b957213b2032,rates_7283b228c09abbcb,rates_7283b228c09abbcb,0.01,0.002172277059574,0.002172277059574,0.0002487641440845,0.0002487641440845,0.002172277059574,0.0,0.0019235129154895,0.0,,-3.2136190440006963e-07,-0.0,0.0,
motional_dephasing__photon_scattering,motional_dephasing,photon_scattering,0.0,0.5,0.0,2.0,rates_cba05db5d91a70e1,rates_7283b228c09abbcb,rates_cba05db5d91a70e1,rates_7283b228c09abbcb,0.01,0.0005286263298017,0.0002487641440845,0.0005286263298017,0.0002487641440845,0.0005286263298017,0.0,0.0002798621857172,0.0,,-3.2136190440006963e-07,-0.0,0.0,
motional_dephasing__photon_scattering,motional_dephasing,photon_scattering,0.5,0.5,9.0,2.0,rates_81677bfe42e2c55f,rates_70251d48c79bc447,rates_cba05db5d91a70e1,rates_7283b228c09abbcb,0.01,0.0007702782189117352,0.0004905090038785,0.0005286263298017,0.0002487641440845,0.0007703711895957,-9.297068396477842e-08,0.0005215140748272352,-0.00017827070917611826,-3.718827358591137e-07,-3.2136190440006963e-07,-8.034047610001741e-08,-1.2630207864761014e-08,-0.13585151067131998
motional_dephasing__photon_scattering,motional_dephasing,photon_scattering,1.0,0.5,18.0,2.0,rates_5a034204f6fe4b1a,rates_65e4c1ad12cf1435,rates_cba05db5d91a70e1,rates_7283b228c09abbcb,0.01,0.0010115555207932,0.0007318486089153,0.0005286263298017,0.0002487641440845,0.0010117107946325,-1.5527383930014071e-07,0.0007627913767086999,-0.0002035600349470623,-3.1054767860028143e-07,-3.2136190440006963e-07,-1.6068095220003482e-07,5.407112899894102e-09,0.03482307724382521
motional_dephasing__photon_scattering,motional_dephasing,photon_scattering,2.0,0.5,36.0,2.0,rates_2f2bff26a9e90023,rates_7f1e3dd0f07550fa,rates_cba05db5d91a70e1,rates_7283b228c09abbcb,0.01,0.0014929970952348715,0.0012134626861624,0.0005286263298017,0.0002487641440845,0.0014933248718795999,-3.2777664472839925e-07,0.0012442329511503714,-0.00026343671771861466,-3.2777664472839925e-07,-3.2136190440006963e-07,-3.2136190440006963e-07,-6.414740328329616e-09,-0.019570461872428304
motional_dephasing__photon_scattering,motional_dephasing,photon_scattering,4.0,0.5,72.0,2.0,rates_10c0db9943c7239f,rates_e627b957213b2032,rates_cba05db5d91a70e1,rates_7283b228c09abbcb,0.01,0.0024514483702062773,0.002172277059574,0.0005286263298017,0.0002487641440845,0.0024521392452912004,-6.908750849231662e-07,0.0022026842261217774,-0.0003136514425127456,-3.454375424615831e-07,-3.2136190440006963e-07,-6.427238088001393e-07,-4.815127612302697e-08,-0.06969606687782348
motional_dephasing__photon_scattering,motional_dephasing,photon_scattering,0.0,1.0,0.0,4.0,rates_660d67d330352843,rates_7283b228c09abbcb,rates_660d67d330352843,rates_7283b228c09abbcb,0.01,0.0008083429031502,0.0002487641440845,0.0008083429031502,0.0002487641440845,0.0008083429031501999,1.0842021724855044e-19,0.0005595787590657001,1.937532751056779e-16,,-3.2136190440006963e-07,-0.0,1.0842021724855044e-19,
motional_dephasing__photon_scattering,motional_dephasing,photon_scattering,0.5,1.0,9.0,4.0,rates_dc58ae7c10144f92,rates_70251d48c79bc447,rates_660d67d330352843,rates_7283b228c09abbcb,0.01,0.0010499156192146,0.0004905090038785,0.0008083429031502,0.0002487641440845,0.0010500877629442001,-1.721437296001594e-07,0.0008011514751300999,-0.0002148703896129066,-3.442874592003188e-07,-3.2136190440006963e-07,-1.6068095220003482e-07,-1.1462777400124587e-08,-0.06658841089797077
motional_dephasing__photon_scattering,motional_dephasing,photon_scattering,1.0,1.0,18.0,4.0,rates_1956bc5693502c6b,rates_65e4c1ad12cf1435,rates_660d67d330352843,rates_7283b228c09abbcb,0.01,0.0012911060060766,0.0007318486089153,0.0008083429031502,0.0002487641440845,0.001291427367981,-3.2136190440006963e-07,0.0010423418619920999,-0.0003083075870961281,-3.2136190440006963e-07,-3.2136190440006963e-07,-3.2136190440006963e-07,0.0,0.0
motional_dephasing__photon_scattering,motional_dephasing,photon_scattering,2.0,1.0,36.0,4.0,rates_53af069691f7b638,rates_7f1e3dd0f07550fa,rates_660d67d330352843,rates_7283b228c09abbcb,0.01,0.0017723557690676,0.0012134626861624,0.0008083429031502,0.0002487641440845,0.0017730414452280998,-6.856761604998214e-07,0.0015235916249831,-0.0004500393341998235,-3.428380802499107e-07,-3.2136190440006963e-07,-6.427238088001393e-07,-4.2952351699682145e-08,-0.06264232909654051
motional_dephasing__photon_scattering,motional_dephasing,photon_scattering,4.0,1.0,72.0,4.0,rates_7d4c45df6c6c0625,rates_e627b957213b2032,rates_660d67d330352843,rates_7283b228c09abbcb,0.01,0.0027304680618271,0.002172277059574,0.0008083429031502,0.0002487641440845,0.0027318558186397003,-1.3877568126002653e-06,0.0024817039177426003,-0.0005591951572783075,-3.469392031500663e-07,-3.2136190440006963e-07,-1.2854476176002785e-06,-1.0230919499998672e-07,-0.07372271140812353
motional_dephasing__photon_scattering,motional_dephasing,photon_scattering,0.0,2.0,0.0,8.0,rates_a6b00ad014b8547a,rates_7283b228c09abbcb,rates_a6b00ad014b8547a,rates_7283b228c09abbcb,0.01,0.0013674834534253,0.0002487641440845,0.0013674834534253,0.0002487641440845,0.0013674834534253,0.0,0.0011187193093408,0.0,,-3.2136190440006963e-07,-0.0,0.0,
motional_dephasing__photon_scattering,motional_dephasing,photon_scattering,0.5,2.0,9.0,8.0,rates_8c12b1161e3632d1,rates_70251d48c79bc447,rates_a6b00ad014b8547a,rates_7283b228c09abbcb,0.01,0.0016088532045529513,0.0004905090038785,0.0013674834534253,0.0002487641440845,0.0016092283132193,-3.7510866634864713e-07,0.0013600890604684513,-0.00027579713509308693,-3.7510866634864713e-07,-3.2136190440006963e-07,-3.2136190440006963e-07,-5.37467619485775e-08,-0.1432831783700306
motional_dephasing__photon_scattering,motional_dephasing,photon_scattering,1.0,2.0,18.0,8.0,rates_6f4d35c55359373b,rates_65e4c1ad12cf1435,rates_a6b00ad014b8547a,rates_7283b228c09abbcb,0.01,0.0018498803447645,0.0007318486089153,0.0013674834534253,0.0002487641440845,0.0018505679182560999,-6.875734915997786e-07,0.00160111620068,-0.0004294338482789466,-3.437867457998893e-07,-3.2136190440006963e-07,-6.427238088001393e-07,-4.484968279963933e-08,-0.0652289294854685
motional_dephasing__photon_scattering,motional_dephasing,photon_scattering,2.0,2.0,36.0,8.0,rates_10ba39339e235ff4,rates_7f1e3dd0f07550fa,rates_a6b00ad014b8547a,rates_7283b228c09abbcb,0.01,0.0023307939943737477,0.0012134626861624,0.0013674834534253,0.0002487641440845,0.0023321819955032,-1.388001129452171e-06,0.002082029850289248,-0.0006666576510703445,-3.4700028236304276e-07,-3.2136190440006963e-07,-1.2854476176002785e-06,-1.0255351185189249e-07,-0.07388575533246809
motional_dephasing__photon_scattering,motional_dephasing,photon_scattering,4.0,2.0,72.0,8.0,rates_99b70abb21175f01,rates_e627b957213b2032,rates_a6b00ad014b8547a,rates_7283b228c09abbcb,0.01,0.003288223820408831,0.002172277059574,0.0013674834534253,0.0002487641440845,0.0032909963689148,-2.772548505969221e-06,0.003039459676324331,-0.0009121846647829557,-3.4656856324615263e-07,-3.2136190440006963e-07,-2.570895235200557e-06,-2.01653270768664e-07,-0.07273209840495487
motional_dephasing__photon_scattering,motional_dephasing,photon_scattering,0.0,4.0,0.0,16.0,rates_57b91a072f7de420,rates_7283b228c09abbcb,rates_57b91a072f7de420,rates_7283b228c09abbcb,0.01,0.0024843546520184,0.0002487641440845,0.0024843546520184,0.0002487641440845,0.0024843546520184,0.0,0.0022355905079339,0.0,,-3.2136190440006963e-07,-0.0,0.0,
motional_dephasing__photon_scattering,motional_dephasing,photon_scattering,0.5,4.0,9.0,16.0,rates_dbce33219f597cb7,rates_70251d48c79bc447,rates_57b91a072f7de420,rates_7283b228c09abbcb,0.01,0.0027253939681605166,0.0004905090038785,0.0024843546520184,0.0002487641440845,0.0027260995118124002,-7.055436518836437e-07,0.002476629824076017,-0.00028488054412688363,-3.5277182594182187e-07,-3.2136190440006963e-07,-6.427238088001393e-07,-6.281984308350447e-08,-0.08903750025358394
motional_dephasing__photon_scattering,motional_dephasing,photon_scattering,1.0,4.0,18.0,16.0,rates_de7c92c5d91f74df,rates_65e4c1ad12cf1435,rates_57b91a072f7de420,rates_7283b228c09abbcb,0.01,0.0029660675752041,0.0007318486089153,0.0024843546520184,0.0002487641440845,0.0029674391168492,-1.3715416451003104e-06,0.0027173034311196,-0.0005047436474678867,-3.428854112750776e-07,-3.2136190440006963e-07,-1.2854476176002785e-06,-8.609402750003187e-08,-0.06277171955193181
motional_dephasing__photon_scattering,motional_dephasing,photon_scattering,2.0,4.0,36.0,16.0,rates_cb746d6080b12982,rates_7f1e3dd0f07550fa,rates_57b91a072f7de420,rates_7283b228c09abbcb,0.01,0.003446300882030351,0.0012134626861624,0.0024843546520184,0.0002487641440845,0.0034490531940963003,-2.7523120659494332e-06,0.003197536737945851,-0.0008607601073936566,-3.4403900824367915e-07,-3.2136190440006963e-07,-2.570895235200557e-06,-1.8141683074887616e-07,-0.06591433907270064
motional_dephasing__photon_scattering,motional_dephasing,photon_scattering,4.0,4.0,72.0,16.0,rates_7b7e6184da369793,rates_e627b957213b2032,rates_57b91a072f7de420,rates_7283b228c09abbcb,0.01,0.004402345794823126,0.002172277059574,0.0024843546520184,0.0002487641440845,0.0044078675675079,-5.521772684774322e-06,0.004153581650738626,-0.001329400298124004,-3.451107927983951e-07,-3.2136190440006963e-07,-5.141790470401114e-06,-3.799822143732076e-07,-0.06881525844426131
motional_dephasing__photon_scattering,motional_dephasing,photon_scattering,0.0,0.0,0.0,0.0,rates_7283b228c09abbcb,rates_7283b228c09abbcb,rates_7283b228c09abbcb,rates_7283b228c09abbcb,1.0,0.0013018788028587,0.0013018788028587,0.0013018788028587,0.0013018788028587,0.0013018788028587,0.0,0.0,0.0,,-8.41413312200126e-07,-0.0,0.0,
motional_dephasing__photon_scattering,motional_dephasing,photon_scattering,0.5,0.0,9.0,0.0,rates_70251d48c79bc447,rates_70251d48c79bc447,rates_7283b228c09abbcb,rates_7283b228c09abbcb,1.0,0.001871974006538,0.001871974006538,0.0013018788028587,0.0013018788028587,0.001871974006538,0.0,0.0005700952036793,0.0,,-8.41413312200126e-07,-0.0,0.0,
motional_dephasing__photon_scattering,motional_dephasing,photon_scattering,1.0,0.0,18.0,0.0,rates_65e4c1ad12cf1435,rates_65e4c1ad12cf1435,rates_7283b228c09abbcb,rates_7283b228c09abbcb,1.0,0.0024400370379658,0.0024400370379658,0.0013018788028587,0.0013018788028587,0.0024400370379658,0.0,0.0011381582351071002,0.0,,-8.41413312200126e-07,-0.0,0.0,
motional_dephasing__photon_scattering,motional_dephasing,photon_scattering,2.0,0.0,36.0,0.0,rates_7f1e3dd0f07550fa,rates_7f1e3dd0f07550fa,rates_7283b228c09abbcb,rates_7283b228c09abbcb,1.0,0.0035700257729672,0.0035700257729672,0.0013018788028587,0.0013018788028587,0.0035700257729672,0.0,0.0022681469701085,0.0,,-8.41413312200126e-07,-0.0,0.0,
motional_dephasing__photon_scattering,motional_dephasing,photon_scattering,4.0,0.0,72.0,0.0,rates_e627b957213b2032,rates_e627b957213b2032,rates_7283b228c09abbcb,rates_7283b228c09abbcb,1.0,0.0058059823070857,0.0058059823070857,0.0013018788028587,0.0013018788028587,0.0058059823070857,0.0,0.004504103504227,0.0,,-8.41413312200126e-07,-0.0,0.0,
motional_dephasing__photon_scattering,motional_dephasing,photon_scattering,0.0,0.5,0.0,2.0,rates_cba05db5d91a70e1,rates_7283b228c09abbcb,rates_cba05db5d91a70e1,rates_7283b228c09abbcb,1.0,0.0015813673514564,0.0013018788028587,0.0015813673514564,0.0013018788028587,0.0015813673514563998,2.168404344971009e-19,0.0002794885485977001,7.758472953009041e-16,,-8.41413312200126e-07,-0.0,2.168404344971009e-19,
motional_dephasing__photon_scattering,motional_dephasing,photon_scattering,0.5,0.5,9.0,2.0,rates_81677bfe42e2c55f,rates_70251d48c79bc447,rates_cba05db5d91a70e1,rates_7283b228c09abbcb,1.0,0.0021512749970410416,0.001871974006538,0.0015813673514564,0.0013018788028587,0.0021514625551357002,-1.8755809465861167e-07,0.0008493961941823417,-0.00022081343893842333,-7.502323786344467e-07,-8.41413312200126e-07,-2.103533280500315e-07,2.279523339141984e-08,0.1215369213091609
motional_dephasing__photon_scattering,motional_dephasing,photon_scattering,1.0,0.5,18.0,2.0,rates_5a034204f6fe4b1a,rates_65e4c1ad12cf1435,rates_cba05db5d91a70e1,rates_7283b228c09abbcb,1.0,0.0027191168440279,0.0024400370379658,0.0015813673514564,0.0013018788028587,0.0027195255865635004,-4.087425356006334e-07,0.0014172380411692,-0.00028840782121782943,-8.174850712012668e-07,-8.41413312200126e-07,-4.20706656100063e-07,1.1964120499429604e-08,0.029270554095498603
motional_dephasing__photon_scattering,motional_dephasing,photon_scattering,2.0,0.5,36.0,2.0,rates_2f2bff26a9e90023,rates_7f1e3dd0f07550fa,rates_cba05db5d91a70e1,rates_7283b228c09abbcb,1.0,0.0038487137430939233,0.0035700257729672,0.0015813673514564,0.0013018788028587,0.0038495143215648998,-8.005784709764346e-07,0.0025468349402352234,-0.0003143425034456665,-8.005784709764346e-07,-8.41413312200126e-07,-8.41413312200126e-07,4.083484122369141e-08,0.051006669182455944
motional_dephasing__photon_scattering,motional_dephasing,photon_scattering,4.0,0.5,72.0,2.0,rates_10c0db9943c7239f,rates_e627b957213b2032,rates_cba05db5d91a70e1,rates_7283b228c09abbcb,1.0,0.006083865747358863,0.0058059823070857,0.0015813673514564,0.0013018788028587,0.0060854708556834,-1.6051083245368497e-06,0.004781986944500163,-0.0003356571950458605,-8.025541622684249e-07,-8.41413312200126e-07,-1.682826624400252e-06,7.77182998634024e-08,0.048419348822346824
motional_dephasing__photon_scattering,motional_dephasing,photon_scattering,0.0,1.0,0.0,4.0,rates_660d67d330352843,rates_7283b228c09abbcb,rates_660d67d330352843,rates_7283b228c09abbcb,1.0,0.0018607331791671,0.0013018788028587,0.0018607331791671,0.0013018788028587,0.0018607331791671003,-2.168404344971009e-19,0.0005588543763084001,-3.8800883323035645e-16,,-8.41413312200126e-07,-0.0,-2.168404344971009e-19,
motional_dephasing__photon_scattering,motional_dephasing,photon_scattering,0.5,1.0,9.0,4.0,rates_dc58ae7c10144f92,rates_70251d48c79bc447,rates_660d67d330352843,rates_7283b228c09abbcb,1.0,0.0024304346969301,0.001871974006538,0.0018607331791671,0.0013018788028587,0.0024308283828464,-3.9368591629989486e-07,0.0011285558940714,-0.00034884042373800904,-7.873718325997897e-07,-8.41413312200126e-07,-4.20706656100063e-07,2.702073980016817e-08,0.0686352716249692
motional_dephasing__photon_scattering,motional_dephasing,photon_scattering,1.0,1.0,18.0,4.0,rates_1956bc5693502c6b,rates_65e4c1ad12cf1435,rates_660d67d330352843,rates_7283b228c09abbcb,1.0,0.002998050000962,0.0024400370379658,0.0018607331791671,0.0013018788028587,0.0029988914142742,-8.41413312200126e-07,0.0016961711981033,-0.0004960662656817985,-8.41413312200126e-07,-8.41413312200126e-07,-8.41413312200126e-07,0.0,0.0
motional_dephasing__photon_scattering,motional_dephasing,photon_scattering,2.0,1.0,36.0,4.0,rates_53af069691f7b638,rates_7f1e3dd0f07550fa,rates_660d67d330352843,rates_7283b228c09abbcb,1.0,0.0041272347695763,0.0035700257729672,0.0018607331791671,0.0013018788028587,0.0041288801492756,-1.6453796993004186e-06,0.0028253559667176,-0.0005823619107407423,-8.226898496502093e-07,-8.41413312200126e-07,-1.682826624400252e-06,3.744692509983355e-08,0.022758835006749634
motional_dephasing__photon_scattering,motional_dephasing,photon_scattering,4.0,1.0,72.0,4.0,rates_7d4c45df6c6c0625,rates_e627b957213b2032,rates_660d67d330352843,rates_7283b228c09abbcb,1.0,0.0063615892167117,0.0058059823070857,0.0018607331791671,0.0013018788028587,0.0063648366833941004,-3.247466682400682e-06,0.005059710413853,-0.0006418285666131071,-8.118666706001705e-07,-8.41413312200126e-07,-3.365653248800504e-06,1.1818656639982217e-07,0.036393465417312004
motional_dephasing__photon_scattering,motional_dephasing,photon_scattering,0.0,2.0,0.0,8.0,rates_a6b00ad014b8547a,rates_7283b228c09abbcb,rates_a6b00ad014b8547a,rates_7283b228c09abbcb,1.0,0.0024191346070624,0.0013018788028587,0.0024191346070624,0.0013018788028587,0.0024191346070624,0.0,0.0011172558042037003,0.0,,-8.41413312200126e-07,-0.0,0.0,
motional_dephasing__photon_scattering,motional_dephasing,photon_scattering,0.5,2.0,9.0,8.0,rates_8c12b1161e3632d1,rates_70251d48c79bc447,rates_a6b00ad014b8547a,rates_7283b228c09abbcb,1.0,0.0029884043311362296,0.001871974006538,0.0024191346070624,0.0013018788028587,0.0029892298107417,-8.254796054702265e-07,0.0016865255282775297,-0.0004894557429636416,-8.254796054702265e-07,-8.41413312200126e-07,-8.41413312200126e-07,1.593370672989952e-08,0.019302362680205815
motional_dephasing__photon_scattering,motional_dephasing,photon_scattering,1.0,2.0,18.0,8.0,rates_6f4d35c55359373b,rates_65e4c1ad12cf1435,rates_a6b00ad014b8547a,rates_7283b228c09abbcb,1.0,0.0035556257011764,0.0024400370379658,0.0024191346070624,0.0013018788028587,0.0035572928421695,-1.6671409930999088e-06,0.0022537468983177002,-0.000739719706034577,-8.335704965499544e-07,-8.41413312200126e-07,-1.682826624400252e-06,1.5685631300343256e-08,0.009408701102824628
motional_dephasing__photon_scattering,motional_dephasing,photon_scattering,2.0,2.0,36.0,8.0,rates_10ba39339e235ff4,rates_7f1e3dd0f07550fa,rates_a6b00ad014b8547a,rates_7283b228c09abbcb,1.0,0.004683991494697559,0.0035700257729672,0.0024191346070624,0.0013018788028587,0.0046872815771709,-3.2900824733410675e-06,0.0033821126918388593,-0.0009727891330410535,-8.225206183352669e-07,-8.41413312200126e-07,-3.365653248800504e-06,7.557077545943675e-08,0.022969264774294514
motional_dephasing__photon_scattering,motional_dephasing,photon_scattering,4.0,2.0,72.0,8.0,rates_99b70abb21175f01,rates_e627b957213b2032,rates_a6b00ad014b8547a,rates_7283b228c09abbcb,1.0,0.006916728341275324,0.0058059823070857,0.0024191346070624,0.0013018788028587,0.0069232381112894,-6.509770014075968e-06,0.0056148495384166245,-0.0011593845871623674,-8.13721251759496e-07,-8.41413312200126e-07,-6.731306497601008e-06,2.215364835250408e-07,0.03403138406518451
motional_dephasing__photon_scattering,motional_dephasing,photon_scattering,0.0,4.0,0.0,16.0,rates_57b91a072f7de420,rates_7283b228c09abbcb,rates_57b91a072f7de420,rates_7283b228c09abbcb,1.0,0.0035345741750463,0.0013018788028587,0.0035345741750463,0.0013018788028587,0.0035345741750463,0.0,0.0022326953721876,0.0,,-8.41413312200126e-07,-0.0,0.0,
motional_dephasing__photon_scattering,motional_dephasing,photon_scattering,0.5,4.0,9.0,16.0,rates_dbce33219f597cb7,rates_70251d48c79bc447,rates_57b91a072f7de420,rates_7283b228c09abbcb,1.0,0.004103019525044993,0.001871974006538,0.0035345741750463,0.0013018788028587,0.0041046693787256,-1.6498536806073757e-06,0.002801140722186293,-0.0005889935009475937,-8.249268403036879e-07,-8.41413312200126e-07,-1.682826624400252e-06,3.297294379287635e-08,0.01998537457014838
motional_dephasing__photon_scattering,motional_dephasing,photon_scattering,1.0,4.0,18.0,16.0,rates_de7c92c5d91f74df,rates_65e4c1ad12cf1435,rates_57b91a072f7de420,rates_7283b228c09abbcb,1.0,0.0046694168655332,0.0024400370379658,0.0035345741750463,0.0013018788028587,0.004672732410153401,-3.3155446202007624e-06,0.0033675380626745,-0.0009845603994651083,-8.288861550501906e-07,-8.41413312200126e-07,-3.365653248800504e-06,5.01086285997418e-08,0.015113242118487196
motional_dephasing__photon_scattering,motional_dephasing,photon_scattering,2.0,4.0,36.0,16.0,rates_cb746d6080b12982,rates_7f1e3dd0f07550fa,rates_57b91a072f7de420,rates_7283b228c09abbcb,1.0,0.0057961788776232925,0.0035700257729672,0.0035345741750463,0.0013018788028587,0.0058027211451548,-6.54226753150737e-06,0.004494300074764593,-0.001455681067724444,-8.177834414384213e-07,-8.41413312200126e-07,-6.731306497601008e-06,1.8903896609363813e-07,0.028895022281377514
motional_dephasing__photon_scattering,motional_dephasing,photon_scattering,4.0,4.0,72.0,16.0,rates_7b7e6184da369793,rates_e627b957213b2032,rates_57b91a072f7de420,rates_7283b228c09abbcb,1.0,0.008025685837201757,0.0058059823070857,0.0035345741750463,0.0013018788028587,0.008038677679273302,-1.2991842071544829e-05,0.006723807034343057,-0.0019322151877926676,-8.119901294715518e-07,-8.41413312200126e-07,-1.3462612995202017e-05,4.7077092365718776e-07,0.03623588718710537
motional_dephasing__photon_scattering,motional_dephasing,photon_scattering,0.0,0.0,0.0,0.0,rates_7283b228c09abbcb,rates_7283b228c09abbcb,rates_7283b228c09abbcb,rates_7283b228c09abbcb,2.0,0.0030258929745734,0.0030258929745734,0.0030258929745734,0.0030258929745734,0.0030258929745734,0.0,0.0,0.0,,-1.2843732449000986e-06,-0.0,0.0,
motional_dephasing__photon_scattering,motional_dephasing,photon_scattering,0.5,0.0,9.0,0.0,rates_70251d48c79bc447,rates_70251d48c79bc447,rates_7283b228c09abbcb,rates_7283b228c09abbcb,2.0,0.0039091162522086,0.0039091162522086,0.0030258929745734,0.0030258929745734,0.0039091162522086,0.0,0.0008832232776352002,0.0,,-1.2843732449000986e-06,-0.0,0.0,
motional_dephasing__photon_scattering,motional_dephasing,photon_scattering,1.0,0.0,18.0,0.0,rates_65e4c1ad12cf1435,rates_65e4c1ad12cf1435,rates_7283b228c09abbcb,rates_7283b228c09abbcb,2.0,0.0047873986741631,0.0047873986741631,0.0030258929745734,0.0030258929745734,0.0047873986741631,0.0,0.0017615056995897004,0.0,,-1.2843732449000986e-06,-0.0,0.0,
motional_dephasing__photon_scattering,motional_dephasing,photon_scattering,2.0,0.0,36.0,0.0,rates_7f1e3dd0f07550fa,rates_7f1e3dd0f07550fa,rates_7283b228c09abbcb,rates_7283b228c09abbcb,2.0,0.0065293736695828,0.0065293736695828,0.0030258929745734,0.0030258929745734,0.0065293736695828004,-8.673617379884035e-19,0.0035034806950093996,-2.4757143352436156e-16,,-1.2843732449000986e-06,-0.0,-8.673617379884035e-19,
motional_dephasing__photon_scattering,motional_dephasing,photon_scattering,4.0,0.0,72.0,0.0,rates_e627b957213b2032,rates_e627b957213b2032,rates_7283b228c09abbcb,rates_7283b228c09abbcb,2.0,0.009956403138607,0.009956403138607,0.0030258929745734,0.0030258929745734,0.009956403138607,0.0,0.0069305101640336,0.0,,-1.2843732449000986e-06,-0.0,0.0,
motional_dephasing__photon_scattering,motional_dephasing,photon_scattering,0.0,0.5,0.0,2.0,rates_cba05db5d91a70e1,rates_7283b228c09abbcb,rates_cba05db5d91a70e1,rates_7283b228c09abbcb,2.0,0.0033047811572902,0.0030258929745734,0.0033047811572902,0.0030258929745734,0.0033047811572901997,4.336808689942018e-19,0.00027888818271680016,1.5550349418519013e-15,,-1.2843732449000986e-06,-0.0,4.336808689942018e-19,
motional_dephasing__photon_scattering,motional_dephasing,photon_scattering,0.5,0.5,9.0,2.0,rates_81677bfe42e2c55f,rates_70251d48c79bc447,rates_cba05db5d91a70e1,rates_7283b228c09abbcb,2.0,0.004187688053843508,0.0039091162522086,0.0033047811572902,0.0030258929745734,0.0041880044349254,-3.1638108189194214e-07,0.001161795079270108,-0.00027232090024921344,-1.2655243275677686e-06,-1.2843732449000986e-06,-3.2109331122502464e-07,4.712229333082504e-09,0.014894156454942319
motional_dephasing__photon_scattering,motional_dephasing,photon_scattering,1.0,0.5,18.0,2.0,rates_5a034204f6fe4b1a,rates_65e4c1ad12cf1435,rates_cba05db5d91a70e1,rates_7283b228c09abbcb,2.0,0.0050656366970741,0.0047873986741631,0.0033047811572902,0.0030258929745734,0.0050662868568799,-6.501598058001462e-07,0.0020397437225007,-0.0003187458299923377,-1.3003196116002924e-06,-1.2843732449000986e-06,-6.421866224500493e-07,-7.973183350096918e-09,-0.012263420898934823
motional_dephasing__photon_scattering,motional_dephasing,photon_scattering,2.0,0.5,36.0,2.0,rates_2f2bff26a9e90023,rates_7f1e3dd0f07550fa,rates_cba05db5d91a70e1,rates_7283b228c09abbcb,2.0,0.006806988354610133,0.0065293736695828,0.0033047811572902,0.0030258929745734,0.0068082618522996,-1.273497689467315e-06,0.003781095380036733,-0.00033680654981386456,-1.273497689467315e-06,-1.2843732449000986e-06,-1.2843732449000986e-06,1.0875555432783568e-08,0.008539909826874244
motional_dephasing__photon_scattering,motional_dephasing,photon_scattering,4.0,0.5,72.0,2.0,rates_10c0db9943c7239f,rates_e627b957213b2032,rates_cba05db5d91a70e1,rates_7283b228c09abbcb,2.0,0.010232775351837753,0.009956403138607,0.0033047811572902,0.0030258929745734,0.0102352913213238,-2.515969486046807e-06,0.007206882377264353,-0.00034910650047293253,-1.2579847430234034e-06,-1.2843732449000986e-06,-2.568746489800197e-06,5.277700375339034e-08,0.02097680597721227
motional_dephasing__photon_scattering,motional_dephasing,photon_scattering,0.0,1.0,0.0,4.0,rates_660d67d330352843,rates_7283b228c09abbcb,rates_660d67d330352843,rates_7283b228c09abbcb,2.0,0.003583542645914,0.0030258929745734,0.003583542645914,0.0030258929745734,0.0035835426459139997,4.336808689942018e-19,0.0005576496713406002,7.776941174404799e-16,,-1.2843732449000986e-06,-0.0,4.336808689942018e-19,
motional_dephasing__photon_scattering,motional_dephasing,photon_scattering,0.5,1.0,9.0,4.0,rates_dc58ae7c10144f92,rates_70251d48c79bc447,rates_660d67d330352843,rates_7283b228c09abbcb,2.0,0.0044661022116659,0.0039091162522086,0.003583542645914,0.0030258929745734,0.0044667659235492,-6.637118833002775e-07,0.0014402092370924997,-0.0004608440677968305,-1.327423766600555e-06,-1.2843732449000986e-06,-6.421866224500493e-07,-2.152526085022824e-08,-0.03243163395417127
motional_dephasing__photon_scattering,motional_dephasing,photon_scattering,1.0,1.0,18.0,4.0,rates_1956bc5693502c6b,rates_65e4c1ad12cf1435,rates_660d67d330352843,rates_7283b228c09abbcb,2.0,0.0053437639722588,0.0047873986741631,0.003583542645914,0.0030258929745734,0.0053450483455037,-1.2843732449000986e-06,0.0023178709976854,-0.0005541176563245579,-1.2843732449000986e-06,-1.2843732449000986e-06,-1.2843732449000986e-06,0.0,0.0
motional_dephasing__photon_scattering,motional_dephasing,photon_scattering,2.0,1.0,36.0,4.0,rates_53af069691f7b638,rates_7f1e3dd0f07550fa,rates_660d67d330352843,rates_7283b228c09abbcb,2.0,0.007084465183287,0.0065293736695828,0.003583542645914,0.0030258929745734,0.0070870233409234,-2.558157636400188e-06,0.0040585722087136,-0.0006303097505344172,-1.279078818200094e-06,-1.2843732449000986e-06,-2.568746489800197e-06,1.0588853400009257e-08,0.004139249766839927
motional_dephasing__photon_scattering,motional_dephasing,photon_scattering,4.0,1.0,72.0,4.0,rates_7d4c45df6c6c0625,rates_e627b957213b2032,rates_660d67d330352843,rates_7283b228c09abbcb,2.0,0.0105090156488534,0.009956403138607,0.003583542645914,0.0030258929745734,0.0105140528099476,-5.037161094199882e-06,0.00748312267428,-0.0006731362445136636,-1.2592902735499706e-06,-1.2843732449000986e-06,-5.137492979600394e-06,1.0033188540051197e-07,0.019918339621109334
motional_dephasing__photon_scattering,motional_dephasing,photon_scattering,0.0,2.0,0.0,8.0,rates_a6b00ad014b8547a,rates_7283b228c09abbcb,rates_a6b00ad014b8547a,rates_7283b228c09abbcb,2.0,0.0041407283261876,0.0030258929745734,0.0041407283261876,0.0030258929745734,0.0041407283261876,0.0,0.0011148353516142002,0.0,,-1.2843732449000986e-06,-0.0,0.0,
motional_dephasing__photon_scattering,motional_dephasing,photon_scattering,0.5,2.0,9.0,8.0,rates_8c12b1161e3632d1,rates_70251d48c79bc447,rates_a6b00ad014b8547a,rates_7283b228c09abbcb,2.0,0.005022664579598102,0.0039091162522086,0.0041407283261876,0.0030258929745734,0.0050239516038227995,-1.2870242246977581e-06,0.001996771605024702,-0.0006445525474516333,-1.2870242246977581e-06,-1.2843732449000986e-06,-1.2843732449000986e-06,-2.6509797976595473e-09,-0.002059774592263092
motional_dephasing__photon_scattering,motional_dephasing,photon_scattering,1.0,2.0,18.0,8.0,rates_6f4d35c55359373b,rates_65e4c1ad12cf1435,rates_a6b00ad014b8547a,rates_7283b228c09abbcb,2.0,0.0058996802770376,0.0047873986741631,0.0041407283261876,0.0030258929745734,0.0059022340257773,-2.553748739699338e-06,0.0028737873024642004,-0.0008886352645199465,-1.276874369849669e-06,-1.2843732449000986e-06,-2.568746489800197e-06,1.499775010085913e-08,0.005872837005344884
motional_dephasing__photon_scattering,motional_dephasing,photon_scattering,2.0,2.0,36.0,8.0,rates_10ba39339e235ff4,rates_7f1e3dd0f07550fa,rates_a6b00ad014b8547a,rates_7283b228c09abbcb,2.0,0.0076391218987158505,0.0065293736695828,0.0041407283261876,0.0030258929745734,0.007644209021197,-5.087122481149328e-06,0.0046132289241424505,-0.001102724916712207,-1.271780620287332e-06,-1.2843732449000986e-06,-5.137492979600394e-06,5.0370498451066115e-08,0.009901569824142697
motional_dephasing__photon_scattering,motional_dephasing,photon_scattering,4.0,2.0,72.0,8.0,rates_99b70abb21175f01,rates_e627b957213b2032,rates_a6b00ad014b8547a,rates_7283b228c09abbcb,2.0,0.01106120394689436,0.009956403138607,0.0041407283261876,0.0030258929745734,0.011071238490221201,-1.0034543326840895e-05,0.00803531097232096,-0.0012488058472667257,-1.2543179158551118e-06,-1.2843732449000986e-06,-1.0274985959200789e-05,2.4044263235989405e-07,0.023961492270081305
motional_dephasing__photon_scattering,motional_dephasing,photon_scattering,0.0,4.0,0.0,16.0,rates_57b91a072f7de420,rates_7283b228c09abbcb,rates_57b91a072f7de420,rates_7283b228c09abbcb,2.0,0.0052537848426599,0.0030258929745734,0.0052537848426599,0.0030258929745734,0.005253784842659901,-8.673617379884035e-19,0.0022278918680865003,-3.8931949544452813e-16,,-1.2843732449000986e-06,-0.0,-8.673617379884035e-19,
motional_dephasing__photon_scattering,motional_dephasing,photon_scattering,0.5,4.0,9.0,16.0,rates_dbce33219f597cb7,rates_70251d48c79bc447,rates_57b91a072f7de420,rates_7283b228c09abbcb,2.0,0.006134434772505082,0.0039091162522086,0.0052537848426599,0.0030258929745734,0.0061370081202951,-2.573347790017777e-06,0.003108541797931682,-0.0008278311688554406,-1.2866738950088885e-06,-1.2843732449000986e-06,-2.568746489800197e-06,-4.601300217579873e-09,-0.0017880599876272795
motional_dephasing__photon_scattering,motional_dephasing,photon_scattering,1.0,4.0,18.0,16.0,rates_de7c92c5d91f74df,rates_65e4c1ad12cf1435,rates_57b91a072f7de420,rates_7283b228c09abbcb,2.0,0.0070101929632009,0.0047873986741631,0.0052537848426599,0.0030258929745734,0.0070152905422496,-5.0975790486995284e-06,0.0039842999886275,-0.0012794164754786768,-1.2743947621748821e-06,-1.2843732449000986e-06,-5.137492979600394e-06,3.991393090086587e-08,0.00782997782271734
motional_dephasing__photon_scattering,motional_dephasing,photon_scattering,2.0,4.0,36.0,16.0,rates_cb746d6080b12982,rates_7f1e3dd0f07550fa,rates_57b91a072f7de420,rates_7283b228c09abbcb,2.0,0.008747101334701801,0.0065293736695828,0.0052537848426599,0.0030258929745734,0.0087572655376693,-1.0164202967498717e-05,0.005721208360128401,-0.0017765832543932382,-1.2705253709373397e-06,-1.2843732449000986e-06,-1.0274985959200789e-05,1.107829917020714e-07,0.0108993289544014
motional_dephasing__photon_scattering,motional_dephasing,photon_scattering,4.0,4.0,72.0,16.0,rates_7b7e6184da369793,rates_e627b957213b2032,rates_57b91a072f7de420,rates_7283b228c09abbcb,2.0,0.012164252644083051,0.009956403138607,0.0052537848426599,0.0030258929745734,0.012184295006693501,-2.0042362610449976e-05,0.009138359669509651,-0.0021932122760851473,-1.2526476631531235e-06,-1.2843732449000986e-06,-2.0549971918401577e-05,5.076093079516009e-07,0.02532681988733884
motional_dephasing__photon_scattering,motional_dephasing,photon_scattering,0.0,0.0,0.0,0.0,rates_7283b228c09abbcb,rates_7283b228c09abbcb,rates_7283b228c09abbcb,rates_7283b228c09abbcb,3.0,0.0053504253160057,0.0053504253160057,0.0053504253160057,0.0053504253160057,0.0053504253160057,0.0,0.0,0.0,,-1.6880623076014761e-06,-0.0,0.0,
motional_dephasing__photon_scattering,motional_dephasing,photon_scattering,0.5,0.0,9.0,0.0,rates_70251d48c79bc447,rates_70251d48c79bc447,rates_7283b228c09abbcb,rates_7283b228c09abbcb,3.0,0.0065274971072746,0.0065274971072746,0.0053504253160057,0.0053504253160057,0.006527497107274599,8.673617379884035e-19,0.0011770717912689002,7.368809145051171e-16,,-1.6880623076014761e-06,-0.0,8.673617379884035e-19,
motional_dephasing__photon_scattering,motional_dephasing,photon_scattering,1.0,0.0,18.0,0.0,rates_65e4c1ad12cf1435,rates_65e4c1ad12cf1435,rates_7283b228c09abbcb,rates_7283b228c09abbcb,3.0,0.0076958389865998,0.0076958389865998,0.0053504253160057,0.0053504253160057,0.0076958389865998,0.0,0.0023454136705941004,0.0,,-1.6880623076014761e-06,-0.0,0.0,
motional_dephasing__photon_scattering,motional_dephasing,photon_scattering,2.0,0.0,36.0,0.0,rates_7f1e3dd0f07550fa,rates_7f1e3dd0f07550fa,rates_7283b228c09abbcb,rates_7283b228c09abbcb,3.0,0.0100067734162732,0.0100067734162732,0.0053504253160057,0.0053504253160057,0.0100067734162732,0.0,0.0046563481002675,0.0,,-1.6880623076014761e-06,-0.0,0.0,
motional_dephasing__photon_scattering,motional_dephasing,photon_scattering,4.0,0.0,72.0,0.0,rates_e627b957213b2032,rates_e627b957213b2032,rates_7283b228c09abbcb,rates_7283b228c09abbcb,3.0,0.0145289787927055,0.0145289787927055,0.0053504253160057,0.0053504253160057,0.0145289787927055,0.0,0.0091785534766998,0.0,,-1.6880623076014761e-06,-0.0,0.0,
motional_dephasing__photon_scattering,motional_dephasing,photon_scattering,0.0,0.5,0.0,2.0,rates_cba05db5d91a70e1,rates_7283b228c09abbcb,rates_cba05db5d91a70e1,rates_7283b228c09abbcb,3.0,0.0056284731390515,0.0053504253160057,0.0056284731390515,0.0053504253160057,0.0056284731390515,0.0,0.00027804782304579993,0.0,,-1.6880623076014761e-06,-0.0,0.0,
motional_dephasing__photon_scattering,motional_dephasing,photon_scattering,0.5,0.5,9.0,2.0,rates_81677bfe42e2c55f,rates_70251d48c79bc447,rates_cba05db5d91a70e1,rates_7283b228c09abbcb,3.0,0.006805165802385105,0.0065274971072746,0.0056284731390515,0.0053504253160057,0.006805544930320401,-3.7912793529604194e-07,0.001454740486379405,-0.0002606155110452897,-1.5165117411841678e-06,-1.6880623076014761e-06,-4.2201557690036903e-07,4.288764160432709e-08,0.11312181881516668
motional_dephasing__photon_scattering,motional_dephasing,photon_scattering,1.0,0.5,18.0,2.0,rates_5a034204f6fe4b1a,rates_65e4c1ad12cf1435,rates_cba05db5d91a70e1,rates_7283b228c09abbcb,3.0,0.0079730403259677,0.0076958389865998,0.0056284731390515,0.0053504253160057,0.0079738868096456,-8.464836779003421e-07,0.002622615009962,-0.00032276322475276577,-1.6929673558006841e-06,-1.6880623076014761e-06,-8.440311538007381e-07,-2.452524099604003e-09,-0.0028973081981773815
motional_dephasing__photon_scattering,motional_dephasing,photon_scattering,2.0,0.5,36.0,2.0,rates_2f2bff26a9e90023,rates_7f1e3dd0f07550fa,rates_cba05db5d91a70e1,rates_7283b228c09abbcb,3.0,0.010283134542190764,0.0100067734162732,0.0056284731390515,0.0053504253160057,0.010284821239319002,-1.686697128237824e-06,0.004932709226185064,-0.00034194132491817446,-1.686697128237824e-06,-1.6880623076014761e-06,-1.6880623076014761e-06,1.3651793636521026e-09,0.0008093802620499942
motional_dephasing__photon_scattering,motional_dephasing,photon_scattering,4.0,0.5,72.0,2.0,rates_10c0db9943c7239f,rates_e627b957213b2032,rates_cba05db5d91a70e1,rates_7283b228c09abbcb,3.0,0.014803723579391415,0.0145289787927055,0.0056284731390515,0.0053504253160057,0.014807026615751298,-3.3030363598834933e-06,0.009453298263385715,-0.00034940570664915267,-1.6515181799417467e-06,-1.6880623076014761e-06,-3.3761246152029523e-06,7.308825531945895e-08,0.02212759635562624
motional_dephasing__photon_scattering,motional_dephasing,photon_scattering,0.0,1.0,0.0,4.0,rates_660d67d330352843,rates_7283b228c09abbcb,rates_660d67d330352843,rates_7283b228c09abbcb,3.0,0.0059064359897625,0.0053504253160057,0.0059064359897625,0.0053504253160057,0.005906435989762499,8.673617379884035e-19,0.0005560106737568004,1.5599731784425931e-15,,-1.6880623076014761e-06,-0.0,8.673617379884035e-19,
motional_dephasing__photon_scattering,motional_dephasing,photon_scattering,0.5,1.0,9.0,4.0,rates_dc58ae7c10144f92,rates_70251d48c79bc447,rates_660d67d330352843,rates_7283b228c09abbcb,3.0,0.0070826801484378,0.0065274971072746,0.0059064359897625,0.0053504253160057,0.0070835077810314,-8.276325936000181e-07,0.0017322548324321006,-0.000477777621458856,-1.6552651872000362e-06,-1.6880623076014761e-06,-8.440311538007381e-07,1.6398560200719947e-08,0.019813816332909087
motional_dephasing__photon_scattering,motional_dephasing,photon_scattering,1.0,1.0,18.0,4.0,rates_1956bc5693502c6b,rates_65e4c1ad12cf1435,rates_660d67d330352843,rates_7283b228c09abbcb,3.0,0.008250161598049,0.0076958389865998,0.0059064359897625,0.0053504253160057,0.008251849660356601,-1.6880623076014761e-06,0.0028997362820433,-0.0005821433894022881,-1.6880623076014761e-06,-1.6880623076014761e-06,-1.6880623076014761e-06,0.0,0.0
motional_dephasing__photon_scattering,motional_dephasing,photon_scattering,2.0,1.0,36.0,4.0,rates_53af069691f7b638,rates_7f1e3dd0f07550fa,rates_660d67d330352843,rates_7283b228c09abbcb,3.0,0.010559402910801,0.0100067734162732,0.0059064359897625,0.0053504253160057,0.01056278409003,-3.3811792289999143e-06,0.0052089775947953,-0.0006491061187090375,-1.6905896144999571e-06,-1.6880623076014761e-06,-3.3761246152029523e-06,-5.0546137969620375e-09,-0.0014949263125744127
motional_dephasing__photon_scattering,motional_dephasing,photon_scattering,4.0,1.0,72.0,4.0,rates_7d4c45df6c6c0625,rates_e627b957213b2032,rates_660d67d330352843,rates_7283b228c09abbcb,3.0,0.0150783536170935,0.0145289787927055,0.0059064359897625,0.0053504253160057,0.0150849894664623,-6.6358493687988795e-06,0.0097279283010878,-0.0006821441486217412,-1.6589623421997199e-06,-1.6880623076014761e-06,-6.7522492304059045e-06,1.1639986160702498e-07,0.017541064472368202
motional_dephasing__photon_scattering,motional_dephasing,photon_scattering,0.0,2.0,0.0,8.0,rates_a6b00ad014b8547a,rates_7283b228c09abbcb,rates_a6b00ad014b8547a,rates_7283b228c09abbcb,3.0,0.0064620058152909,0.0053504253160057,0.0064620058152909,0.0053504253160057,0.006462005815290901,-8.673617379884035e-19,0.0011115804992852,-7.802959286764737e-16,,-1.6880623076014761e-06,-0.0,-8.673617379884035e-19,
motional_dephasing__photon_scattering,motional_dephasing,photon_scattering,0.5,2.0,9.0,8.0,rates_8c12b1161e3632d1,rates_70251d48c79bc447,rates_a6b00ad014b8547a,rates_7283b228c09abbcb,3.0,0.00763737312061219,0.0065274971072746,0.0064620058152909,0.0053504253160057,0.0076390776065598,-1.704485947610218e-06,0.00228694780460649,-0.0007453103845120353,-1.704485947610218e-06,-1.6880623076014761e-06,-1.6880623076014761e-06,-1.642364000874197e-08,-0.00963553852219715
motional_dephasing__photon_scattering,motional_dephasing,photon_scattering,1.0,2.0,18.0,8.0,rates_6f4d35c55359373b,rates_65e4c1ad12cf1435,rates_a6b00ad014b8547a,rates_7283b228c09abbcb,3.0,0.008804042144155,0.0076958389865998,0.0064620058152909,0.0053504253160057,0.008807419485885,-3.3773417299990532e-06,0.0034536168281493005,-0.000977914429438566,-1.6886708649995266e-06,-1.6880623076014761e-06,-3.3761246152029523e-06,-1.217114796100982e-09,-0.00036037656044398065
motional_dephasing__photon_scattering,motional_dephasing,photon_scattering,2.0,2.0,36.0,8.0,rates_10ba39339e235ff4,rates_7f1e3dd0f07550fa,rates_a6b00ad014b8547a,rates_7283b228c09abbcb,3.0,0.011111584427458299,0.0100067734162732,0.0064620058152909,0.0053504253160057,0.011118353915558401,-6.769488100102222e-06,0.005761159111452599,-0.0011750218956190896,-1.6923720250255556e-06,-1.6880623076014761e-06,-6.7522492304059045e-06,-1.7238869696317716e-08,-0.0025465543984126955
motional_dephasing__photon_scattering,motional_dephasing,photon_scattering,4.0,2.0,72.0,8.0,rates_99b70abb21175f01,rates_e627b957213b2032,rates_a6b00ad014b8547a,rates_7283b228c09abbcb,3.0,0.01562727926719487,0.0145289787927055,0.0064620058152909,0.0053504253160057,0.0156405592919907,-1.3280024795829515e-05,0.010276853951189172,-0.0012922266735427173,-1.6600030994786893e-06,-1.6880623076014761e-06,-1.3504498460811809e-05,2.2447366498229426e-07,0.01690310586263276
motional_dephasing__photon_scattering,motional_dephasing,photon_scattering,0.0,4.0,0.0,16.0,rates_57b91a072f7de420,rates_7283b228c09abbcb,rates_57b91a072f7de420,rates_7283b228c09abbcb,3.0,0.0075717855335316,0.0053504253160057,0.0075717855335316,0.0053504253160057,0.0075717855335316,0.0,0.0022213602175259004,0.0,,-1.6880623076014761e-06,-0.0,0.0,
motional_dephasing__photon_scattering,motional_dephasing,photon_scattering,0.5,4.0,9.0,16.0,rates_dbce33219f597cb7,rates_70251d48c79bc447,rates_57b91a072f7de420,rates_7283b228c09abbcb,3.0,0.008745457398817158,0.0065274971072746,0.0075717855335316,0.0053504253160057,0.008748857324800501,-3.3999259833432383e-06,0.0033950320828114583,-0.0010014414887436725,-1.6999629916716191e-06,-1.6880623076014761e-06,-3.3761246152029523e-06,-2.3801368140285994e-08,-0.007000554793513908
motional_dephasing__photon_scattering,motional_dephasing,photon_scattering,1.0,4.0,18.0,16.0,rates_de7c92c5d91f74df,rates_65e4c1ad12cf1435,rates_57b91a072f7de420,rates_7283b228c09abbcb,3.0,0.009910433608146,0.0076958389865998,0.0075717855335316,0.0053504253160057,0.0099171992041257,-6.765595979700209e-06,0.004560008292140301,-0.001483680630879881,-1.6913989949250523e-06,-1.6880623076014761e-06,-6.7522492304059045e-06,-1.3346749294304572e-08,-0.0019727381496546267
motional_dephasing__photon_scattering,motional_dephasing,photon_scattering,2.0,4.0,36.0,16.0,rates_cb746d6080b12982,rates_7f1e3dd0f07550fa,rates_57b91a072f7de420,rates_7283b228c09abbcb,3.0,0.012214675543907538,0.0100067734162732,0.0075717855335316,0.0053504253160057,0.012228133633799099,-1.3458089891560387e-05,0.006864250227901839,-0.0019606059576406285,-1.6822612364450484e-06,-1.6880623076014761e-06,-1.3504498460811809e-05,4.640856925142156e-08,0.0034483771192912395
motional_dephasing__photon_scattering,motional_dephasing,photon_scattering,4.0,4.0,72.0,16.0,rates_7b7e6184da369793,rates_e627b957213b2032,rates_57b91a072f7de420,rates_7283b228c09abbcb,3.0,0.016723838464657748,0.0145289787927055,0.0075717855335316,0.0053504253160057,0.016750339010231402,-2.6500545573654444e-05,0.011373413148652048,-0.002330043341193073,-1.6562840983534027e-06,-1.6880623076014761e-06,-2.7008996921623618e-05,5.084513479691743e-07,0.0191864483150359
motional_dephasing__photon_scattering,motional_dephasing,photon_scattering,0.0,0.0,0.0,0.0,rates_7283b228c09abbcb,rates_7283b228c09abbcb,rates_7283b228c09abbcb,rates_7283b228c09abbcb,4.0,0.0082214370008468,0.0082214370008468,0.0082214370008468,0.0082214370008468,0.0082214370008468,0.0,0.0,0.0,,-2.1491002655995434e-06,-0.0,0.0,
motional_dephasing__photon_scattering,motional_dephasing,photon_scattering,0.5,0.0,9.0,0.0,rates_70251d48c79bc447,rates_70251d48c79bc447,rates_7283b228c09abbcb,rates_7283b228c09abbcb,4.0,0.0096728023401937,0.0096728023401937,0.0082214370008468,0.0082214370008468,0.0096728023401937,0.0,0.0014513653393469009,0.0,,-2.1491002655995434e-06,-0.0,0.0,
motional_dephasing__photon_scattering,motional_dephasing,photon_scattering,1.0,0.0,18.0,0.0,rates_65e4c1ad12cf1435,rates_65e4c1ad12cf1435,rates_7283b228c09abbcb,rates_7283b228c09abbcb,4.0,0.0111108966205832,0.0111108966205832,0.0082214370008468,0.0082214370008468,0.011110896620583198,1.734723475976807e-18,0.0028894596197364,6.003625951814003e-16,,-2.1491002655995434e-06,-0.0,1.734723475976807e-18,
motional_dephasing__photon_scattering,motional_dephasing,photon_scattering,2.0,0.0,36.0,0.0,rates_7f1e3dd0f07550fa,rates_7f1e3dd0f07550fa,rates_7283b228c09abbcb,rates_7283b228c09abbcb,4.0,0.0139481407819477,0.0139481407819477,0.0082214370008468,0.0082214370008468,0.013948140781947699,1.734723475976807e-18,0.005726703781100901,3.0291831781166865e-16,,-2.1491002655995434e-06,-0.0,1.734723475976807e-18,
motional_dephasing__photon_scattering,motional_dephasing,photon_scattering,4.0,0.0,72.0,0.0,rates_e627b957213b2032,rates_e627b957213b2032,rates_7283b228c09abbcb,rates_7283b228c09abbcb,4.0,0.0194732949142132,0.0194732949142132,0.0082214370008468,0.0082214370008468,0.0194732949142132,0.0,0.0112518579133664,0.0,,-2.1491002655995434e-06,-0.0,0.0,
motional_dephasing__photon_scattering,motional_dephasing,photon_scattering,0.0,0.5,0.0,2.0,rates_cba05db5d91a70e1,rates_7283b228c09abbcb,rates_cba05db5d91a70e1,rates_7283b228c09abbcb,4.0,0.0084985172100573,0.0082214370008468,0.0084985172100573,0.0082214370008468,0.008498517210057302,-1.734723475976807e-18,0.00027708020921050035,-6.260726743781697e-15,,-2.1491002655995434e-06,-0.0,-1.734723475976807e-18,
motional_dephasing__photon_scattering,motional_dephasing,photon_scattering,0.5,0.5,9.0,2.0,rates_81677bfe42e2c55f,rates_70251d48c79bc447,rates_cba05db5d91a70e1,rates_7283b228c09abbcb,4.0,0.009949349284028464,0.0096728023401937,0.0084985172100573,0.0082214370008468,0.009949882549404203,-5.332653757392225e-07,0.0017279122831816637,-0.00030861831409480044,-2.13306150295689e-06,-2.1491002655995434e-06,-5.372750663998858e-07,4.00969066066334e-09,0.0075191280797202165
motional_dephasing__photon_scattering,motional_dephasing,photon_scattering,1.0,0.5,18.0,2.0,rates_5a034204f6fe4b1a,rates_65e4c1ad12cf1435,rates_cba05db5d91a70e1,rates_7283b228c09abbcb,4.0,0.011386909742858,0.0111108966205832,0.0084985172100573,0.0082214370008468,0.0113879768297937,-1.067086935700387e-06,0.0031654727420112,-0.0003371019189451013,-2.134173871400774e-06,-2.1491002655995434e-06,-1.0745501327997717e-06,7.463197099384644e-09,0.006993991632449462
motional_dephasing__photon_scattering,motional_dephasing,photon_scattering,2.0,0.5,36.0,2.0,rates_2f2bff26a9e90023,rates_7f1e3dd0f07550fa,rates_cba05db5d91a70e1,rates_7283b228c09abbcb,4.0,0.01422312802523129,0.0139481407819477,0.0084985172100573,0.0082214370008468,0.014225220991158201,-2.092965926910051e-06,0.006001691024384491,-0.00034872936950710437,-2.092965926910051e-06,-2.1491002655995434e-06,-2.1491002655995434e-06,5.613433868949247e-08,0.02682047422165461
motional_dephasing__photon_scattering,motional_dephasing,photon_scattering,4.0,0.5,72.0,2.0,rates_10c0db9943c7239f,rates_e627b957213b2032,rates_cba05db5d91a70e1,rates_7283b228c09abbcb,4.0,0.01974627506023441,0.0194732949142132,0.0084985172100573,0.0082214370008468,0.019750375123423702,-4.100063189294012e-06,0.011524838059387608,-0.00035575885475928984,-2.050031594647006e-06,-2.1491002655995434e-06,-4.298200531199087e-06,1.981373419050747e-07,0.04832543615972706
motional_dephasing__photon_scattering,motional_dephasing,photon_scattering,0.0,1.0,0.0,4.0,rates_660d67d330352843,rates_7283b228c09abbcb,rates_660d67d330352843,rates_7283b228c09abbcb,4.0,0.0087754556654674,0.0082214370008468,0.0087754556654674,0.0082214370008468,0.008775455665467398,1.734723475976807e-18,0.0005540186646205997,3.131164321268439e-15,,-2.1491002655995434e-06,-0.0,1.734723475976807e-18,
motional_dephasing__photon_scattering,motional_dephasing,photon_scattering,0.5,1.0,9.0,4.0,rates_dc58ae7c10144f92,rates_70251d48c79bc447,rates_660d67d330352843,rates_7283b228c09abbcb,4.0,0.0102257299229148,0.0096728023401937,0.0087754556654674,0.0082214370008468,0.010226821004814299,-1.0910818994992744e-06,0.0020042929220679996,-0.0005443724754431165,-2.1821637989985487e-06,-2.1491002655995434e-06,-1.0745501327997717e-06,-1.653176669950268e-08,-0.015151719322893668
motional_dephasing__photon_scattering,motional_dephasing,photon_scattering,1.0,1.0,18.0,4.0,rates_1956bc5693502c6b,rates_65e4c1ad12cf1435,rates_660d67d330352843,rates_7283b228c09abbcb,4.0,0.0116627661849382,0.0111108966205832,0.0087754556654674,0.0082214370008468,0.0116649152852038,-2.1491002655995434e-06,0.0034413291840914,-0.0006244971493963491,-2.1491002655995434e-06,-2.1491002655995434e-06,-2.1491002655995434e-06,0.0,0.0
motional_dephasing__photon_scattering,motional_dephasing,photon_scattering,2.0,1.0,36.0,4.0,rates_53af069691f7b638,rates_7f1e3dd0f07550fa,rates_660d67d330352843,rates_7283b228c09abbcb,4.0,0.0144979969242033,0.0139481407819477,0.0087754556654674,0.0082214370008468,0.0145021594465683,-4.162522365000476e-06,0.0062765599233565,-0.000663185314221376,-2.081261182500238e-06,-2.1491002655995434e-06,-4.298200531199087e-06,1.3567816619861062e-07,0.03259518010988395
motional_dephasing__photon_scattering,motional_dephasing,photon_scattering,4.0,1.0,72.0,4.0,rates_7d4c45df6c6c0625,rates_e627b957213b2032,rates_660d67d330352843,rates_7283b228c09abbcb,4.0,0.0200191764119181,0.0194732949142132,0.0087754556654674,0.0082214370008468,0.0200273135788338,-8.137166915698352e-06,0.0117977394110713,-0.0006897225504118379,-2.034291728924588e-06,-2.1491002655995434e-06,-8.596401062398173e-06,4.5923414669982177e-07,0.056436613806441646
motional_dephasing__photon_scattering,motional_dephasing,photon_scattering,0.0,2.0,0.0,8.0,rates_a6b00ad014b8547a,rates_7283b228c09abbcb,rates_a6b00ad014b8547a,rates_7283b228c09abbcb,4.0,0.0093290005870588,0.0082214370008468,0.0093290005870588,0.0082214370008468,0.009329000587058801,-1.734723475976807e-18,0.0011075635862119997,-1.5662518139565867e-15,,-2.1491002655995434e-06,-0.0,-1.734723475976807e-18,
motional_dephasing__photon_scattering,motional_dephasing,photon_scattering,0.5,2.0,9.0,8.0,rates_8c12b1161e3632d1,rates_70251d48c79bc447,rates_a6b00ad014b8547a,rates_7283b228c09abbcb,4.0,0.010778245122336494,0.0096728023401937,0.0093290005870588,0.0082214370008468,0.010780365926405702,-2.1208040692083374e-06,0.002556808121489694,-0.0008294732996908177,-2.1208040692083374e-06,-2.1491002655995434e-06,-2.1491002655995434e-06,2.8296196391205952e-08,0.013342202045928965
motional_dephasing__photon_scattering,motional_dephasing,photon_scattering,1.0,2.0,18.0,8.0,rates_6f4d35c55359373b,rates_65e4c1ad12cf1435,rates_a6b00ad014b8547a,rates_7283b228c09abbcb,4.0,0.0122142586501393,0.0111108966205832,0.0093290005870588,0.0082214370008468,0.0122184602067952,-4.201556655899011e-06,0.0039928216492925005,-0.0010522775683315323,-2.1007783279495054e-06,-2.1491002655995434e-06,-4.298200531199087e-06,9.66438753000759e-08,0.023001921243734107
motional_dephasing__photon_scattering,motional_dephasing,photon_scattering,2.0,2.0,36.0,8.0,rates_10ba39339e235ff4,rates_7f1e3dd0f07550fa,rates_a6b00ad014b8547a,rates_7283b228c09abbcb,4.0,0.015047425682313764,0.0139481407819477,0.0093290005870588,0.0082214370008468,0.0150557043681597,-8.278685845936051e-06,0.006825988681466964,-0.001212818572115899,-2.069671461484013e-06,-2.1491002655995434e-06,-8.596401062398173e-06,3.177152164621222e-07,0.038377494009883995
motional_dephasing__photon_scattering,motional_dephasing,photon_scattering,4.0,2.0,72.0,8.0,rates_99b70abb21175f01,rates_e627b957213b2032,rates_a6b00ad014b8547a,rates_7283b228c09abbcb,4.0,0.020564586025483722,0.0194732949142132,0.0093290005870588,0.0082214370008468,0.020580858500425202,-1.627247494147971e-05,0.012343149024636922,-0.0013183406364939655,-2.0340593676849636e-06,-2.1491002655995434e-06,-1.7192802124796347e-05,9.203271833166382e-07,0.05655729608596035
motional_dephasing__photon_scattering,motional_dephasing,photon_scattering,0.0,4.0,0.0,16.0,rates_57b91a072f7de420,rates_7283b228c09abbcb,rates_57b91a072f7de420,rates_7283b228c09abbcb,4.0,0.0104347671805105,0.0082214370008468,0.0104347671805105,0.0082214370008468,0.0104347671805105,0.0,0.0022133301796637,0.0,,-2.1491002655995434e-06,-0.0,0.0,
motional_dephasing__photon_scattering,motional_dephasing,photon_scattering,0.5,4.0,9.0,16.0,rates_dbce33219f597cb7,rates_70251d48c79bc447,rates_57b91a072f7de420,rates_7283b228c09abbcb,4.0,0.01188193035502716,0.0096728023401937,0.0104347671805105,0.0082214370008468,0.0118861325198574,-4.202164830241495e-06,0.0036604933541803594,-0.0011479777242164736,-2.1010824151207474e-06,-2.1491002655995434e-06,-4.298200531199087e-06,9.603570095759184e-08,0.022853863386428072
motional_dephasing__photon_scattering,motional_dephasing,photon_scattering,1.0,4.0,18.0,16.0,rates_de7c92c5d91f74df,rates_65e4c1ad12cf1435,rates_57b91a072f7de420,rates_7283b228c09abbcb,4.0,0.0133158790224875,0.0111108966205832,0.0104347671805105,0.0082214370008468,0.013324226800246898,-8.347777759397379e-06,0.005094442021640701,-0.0016386049196235467,-2.0869444398493447e-06,-2.1491002655995434e-06,-8.596401062398173e-06,2.486233030007945e-07,0.029783172260534934
motional_dephasing__photon_scattering,motional_dephasing,photon_scattering,2.0,4.0,36.0,16.0,rates_cb746d6080b12982,rates_7f1e3dd0f07550fa,rates_57b91a072f7de420,rates_7283b228c09abbcb,4.0,0.01614493143143725,0.0139481407819477,0.0104347671805105,0.0082214370008468,0.0161614709616114,-1.6539530174150552e-05,0.007923494430590448,-0.0020874035211403625,-2.067441271768819e-06,-2.1491002655995434e-06,-1.7192802124796347e-05,6.532719506457951e-07,0.03949761231227636
motional_dephasing__photon_scattering,motional_dephasing,photon_scattering,4.0,4.0,72.0,16.0,rates_7b7e6184da369793,rates_e627b957213b2032,rates_57b91a072f7de420,rates_7283b228c09abbcb,4.0,0.02165410506115928,0.0194732949142132,0.0104347671805105,0.0082214370008468,0.0216866250938769,-3.252003271762144e-05,0.013432668060312479,-0.0024209660040437966,-2.03250204485134e-06,-2.1491002655995434e-06,-3.4385604249592694e-05,1.8655715319712551e-06,0.0573668405616446
spin_dephasing__photon_scattering,spin_dephasing,photon_scattering,0.0,0.0,0.0,0.0,rates_7283b228c09abbcb,rates_7283b228c09abbcb,rates_7283b228c09abbcb,rates_7283b228c09abbcb,0.01,0.0002487641440845,0.0002487641440845,0.0002487641440845,0.0002487641440845,0.0002487641440845,0.0,0.0,0.0,,-2.2464185279991687e-07,-0.0,0.0,
spin_dephasing__photon_scattering,spin_dephasing,photon_scattering,0.5,0.0,1.6666666666666667,0.0,rates_a6ce76b38e46ff5e,rates_a6ce76b38e46ff5e,rates_7283b228c09abbcb,rates_7283b228c09abbcb,0.01,0.0003820584352766,0.0003820584352766,0.0002487641440845,0.0002487641440845,0.0003820584352766,0.0,0.0001332942911921,0.0,,-2.2464185279991687e-07,-0.0,0.0,
spin_dephasing__photon_scattering,spin_dephasing,photon_scattering,1.0,0.0,3.3333333333333335,0.0,rates_87cf81c0f802ee14,rates_87cf81c0f802ee14,rates_7283b228c09abbcb,rates_7283b228c09abbcb,0.01,0.0005153042151032,0.0005153042151032,0.0002487641440845,0.0002487641440845,0.0005153042151031999,1.0842021724855044e-19,0.0002665400710187,4.0676892158906893e-16,,-2.2464185279991687e-07,-0.0,1.0842021724855044e-19,
spin_dephasing__photon_scattering,spin_dephasing,photon_scattering,2.0,0.0,6.666666666666667,0.0,rates_b641ff121079f20c,rates_b641ff121079f20c,rates_7283b228c09abbcb,rates_7283b228c09abbcb,0.01,0.0007817128734529,0.0007817128734529,0.0002487641440845,0.0002487641440845,0.0007817128734529,0.0,0.0005329487293684,0.0,,-2.2464185279991687e-07,-0.0,0.0,
spin_dephasing__photon_scattering,spin_dephasing,photon_scattering,4.0,0.0,13.333333333333334,0.0,rates_14c3539000a4de2d,rates_14c3539000a4de2d,rates_7283b228c09abbcb,rates_7283b228c09abbcb,0.01,0.0013142085457644,0.0013142085457644,0.0002487641440845,0.0002487641440845,0.0013142085457644,0.0,0.0010654444016798999,0.0,,-2.2464185279991687e-07,-0.0,0.0,
spin_dephasing__photon_scattering,spin_dephasing,photon_scattering,0.0,0.5,0.0,2.0,rates_cba05db5d91a70e1,rates_7283b228c09abbcb,rates_cba05db5d91a70e1,rates_7283b228c09abbcb,0.01,0.0005286263298017,0.0002487641440845,0.0005286263298017,0.0002487641440845,0.0005286263298017,0.0,0.0002798621857172,0.0,,-2.2464185279991687e-07,-0.0,0.0,
spin_dephasing__photon_scattering,spin_dephasing,photon_scattering,0.5,0.5,1.6666666666666667,2.0,rates_54a013cf33b2c347,rates_a6ce76b38e46ff5e,rates_cba05db5d91a70e1,rates_7283b228c09abbcb,0.01,0.000661849431265793,0.0003820584352766,0.0005286263298017,0.0002487641440845,0.0006619206209937999,-7.118972800688496e-08,0.000413085287181293,-0.00017233663414316068,-2.8475891202753983e-07,-2.2464185279991687e-07,-5.616046319997922e-08,-1.502926480690574e-08,-0.21111563743370698
spin_dephasing__photon_scattering,spin_dephasing,photon_scattering,1.0,0.5,3.3333333333333335,2.0,rates_63ff4977174f181f,rates_87cf81c0f802ee14,rates_cba05db5d91a70e1,rates_7283b228c09abbcb,0.01,0.000795008913489,0.0005153042151032,0.0005286263298017,0.0002487641440845,0.0007951664008204,-1.574873314000389e-07,0.0005462447694045,-0.0002883090881981845,-3.149746628000778e-07,-2.2464185279991687e-07,-1.1232092639995844e-07,-4.516640500008048e-08,-0.2867938938234451
spin_dephasing__photon_scattering,spin_dephasing,photon_scattering,2.0,0.5,6.666666666666667,2.0,rates_1d72e6f3235ad885,rates_b641ff121079f20c,rates_cba05db5d91a70e1,rates_7283b228c09abbcb,0.01,0.0010613310175777713,0.0007817128734529,0.0005286263298017,0.0002487641440845,0.0010615750591701,-2.4404159232869517e-07,0.0008125668734932712,-0.0003003341636111087,-2.4404159232869517e-07,-2.2464185279991687e-07,-2.2464185279991687e-07,-1.9399739528778298e-08,-0.07949357871198096
spin_dephasing__photon_scattering,spin_dephasing,photon_scattering,4.0,0.5,13.333333333333334,2.0,rates_e3e3a7b8a141d143,rates_14c3539000a4de2d,rates_cba05db5d91a70e1,rates_7283b228c09abbcb,0.01,0.0015936148314377174,0.0013142085457644,0.0005286263298017,0.0002487641440845,0.0015940707314815998,-4.559000438824224e-07,0.0013448506873532174,-0.0003389967735226229,-2.279500219412112e-07,-2.2464185279991687e-07,-4.4928370559983374e-07,-6.61633828258866e-09,-0.014512694989551324
spin_dephasing__photon_scattering,spin_dephasing,photon_scattering,0.0,1.0,0.0,4.0,rates_660d67d330352843,rates_7283b228c09abbcb,rates_660d67d330352843,rates_7283b228c09abbcb,0.01,0.0008083429031502,0.0002487641440845,0.0008083429031502,0.0002487641440845,0.0008083429031501999,1.0842021724855044e-19,0.0005595787590657001,1.937532751056779e-16,,-2.2464185279991687e-07,-0.0,1.0842021724855044e-19,
spin_dephasing__photon_scattering,spin_dephasing,photon_scattering,0.5,1.0,1.6666666666666667,4.0,rates_b2f8899f35c84854,rates_a6ce76b38e46ff5e,rates_660d67d330352843,rates_7283b228c09abbcb,0.01,0.0009415098866419,0.0003820584352766,0.0008083429031502,0.0002487641440845,0.0009416371943423,-1.2730770040003843e-07,0.0006927457425573999,-0.00018377262042789083,-2.5461540080007686e-07,-2.2464185279991687e-07,-1.1232092639995844e-07,-1.4986774000079993e-08,-0.11772087590135646
spin_dephasing__photon_scattering,spin_dephasing,photon_scattering,1.0,1.0,3.3333333333333335,4.0,rates_c6c2edc9437efa76,rates_87cf81c0f802ee14,rates_660d67d330352843,rates_7283b228c09abbcb,0.01,0.0010746583323161,0.0005153042151032,0.0008083429031502,0.0002487641440845,0.0010748829741689,-2.2464185279991687e-07,0.0008258941882316,-0.00027199834555189056,-2.2464185279991687e-07,-2.2464185279991687e-07,-2.2464185279991687e-07,0.0,0.0
spin_dephasing__photon_scattering,spin_dephasing,photon_scattering,2.0,1.0,6.666666666666667,4.0,rates_b105ec6b15e0fd0e,rates_b641ff121079f20c,rates_660d67d330352843,rates_7283b228c09abbcb,0.01,0.0013408420797474,0.0007817128734529,0.0008083429031502,0.0002487641440845,0.0013412916325185999,-4.495527711999292e-07,0.0010920779356629,-0.00041164898265895933,-2.247763855999646e-07,-2.2464185279991687e-07,-4.4928370559983374e-07,-2.690656000954583e-10,-0.0005985183883468867
spin_dephasing__photon_scattering,spin_dephasing,photon_scattering,4.0,1.0,13.333333333333334,4.0,rates_25f65c81072ccd16,rates_14c3539000a4de2d,rates_660d67d330352843,rates_7283b228c09abbcb,0.01,0.001872909295692,0.0013142085457644,0.0008083429031502,0.0002487641440845,0.0018737873048300998,-8.780091380997286e-07,0.0016241451516075,-0.0005405977028781681,-2.1950228452493215e-07,-2.2464185279991687e-07,-8.985674111996675e-07,2.055827309993888e-08,0.023414645939144847
spin_dephasing__photon_scattering,spin_dephasing,photon_scattering,0.0,2.0,0.0,8.0,rates_a6b00ad014b8547a,rates_7283b228c09abbcb,rates_a6b00ad014b8547a,rates_7283b228c09abbcb,0.01,0.0013674834534253,0.0002487641440845,0.0013674834534253,0.0002487641440845,0.0013674834534253,0.0,0.0011187193093408,0.0,,-2.2464185279991687e-07,-0.0,0.0,
spin_dephasing__photon_scattering,spin_dephasing,photon_scattering,0.5,2.0,1.6666666666666667,8.0,rates_dbd4b247813332bd,rates_a6ce76b38e46ff5e,rates_a6b00ad014b8547a,rates_7283b228c09abbcb,0.01,0.0015005146635111988,0.0003820584352766,0.0013674834534253,0.0002487641440845,0.0015007777446173999,-2.6308110620109487e-07,0.0012517505194266987,-0.00021017055884393475,-2.6308110620109487e-07,-2.2464185279991687e-07,-2.2464185279991687e-07,-3.8439253401178e-08,-0.14611179782631623
spin_dephasing__photon_scattering,spin_dephasing,photon_scattering,1.0,2.0,3.3333333333333335,8.0,rates_4771f69755fa05c2,rates_87cf81c0f802ee14,rates_a6b00ad014b8547a,rates_7283b228c09abbcb,0.01,0.0016335696395746,0.0005153042151032,0.0013674834534253,0.0002487641440845,0.0016340235244439998,-4.5388486939984367e-07,0.0013848054954901,-0.00032776073670852103,-2.2694243469992183e-07,-2.2464185279991687e-07,-4.4928370559983374e-07,-4.601163800009925e-09,-0.010137292759051179
spin_dephasing__photon_scattering,spin_dephasing,photon_scattering,2.0,2.0,6.666666666666667,8.0,rates_f6d841da9a3afa0b,rates_b641ff121079f20c,rates_a6b00ad014b8547a,rates_7283b228c09abbcb,0.01,0.0018995364752514288,0.0007817128734529,0.0013674834534253,0.0002487641440845,0.0019004321827936997,-8.95707542270972e-07,0.0016507723311669287,-0.0005425990764200642,-2.23926885567743e-07,-2.2464185279991687e-07,-8.985674111996675e-07,2.859868928695511e-09,0.0031928601621960388
spin_dephasing__photon_scattering,spin_dephasing,photon_scattering,4.0,2.0,13.333333333333334,8.0,rates_0030c3ca7053f1df,rates_14c3539000a4de2d,rates_a6b00ad014b8547a,rates_7283b228c09abbcb,0.01,0.0024311272465311617,0.0013142085457644,0.0013674834534253,0.0002487641440845,0.0024329278551052,-1.800608574038104e-06,0.002182363102446662,-0.0008250728634567866,-2.25076071754763e-07,-2.2464185279991687e-07,-1.797134822399335e-06,-3.4737516387689515e-09,-0.0019292097621075978
spin_dephasing__photon_scattering,spin_dephasing,photon_scattering,0.0,4.0,0.0,16.0,rates_57b91a072f7de420,rates_7283b228c09abbcb,rates_57b91a072f7de420,rates_7283b228c09abbcb,0.01,0.0024843546520184,0.0002487641440845,0.0024843546520184,0.0002487641440845,0.0024843546520184,0.0,0.0022355905079339,0.0,,-2.2464185279991687e-07,-0.0,0.0,
spin_dephasing__photon_scattering,spin_dephasing,photon_scattering,0.5,4.0,1.6666666666666667,16.0,rates_f3d6a2fba2ee83bb,rates_a6ce76b38e46ff5e,rates_57b91a072f7de420,rates_7283b228c09abbcb,0.01,0.0026171786218867066,0.0003820584352766,0.0024843546520184,0.0002487641440845,0.0026176489432105004,-4.703213237937723e-07,0.0023684144778022068,-0.0001985806657583902,-2.3516066189688614e-07,-2.2464185279991687e-07,-4.4928370559983374e-07,-2.103761819393854e-08,-0.04473030910918929
spin_dephasing__photon_scattering,spin_dephasing,photon_scattering,1.0,4.0,3.3333333333333335,16.0,rates_fea8b8a55496db85,rates_87cf81c0f802ee14,rates_57b91a072f7de420,rates_7283b228c09abbcb,0.01,0.0027499887347941,0.0005153042151032,0.0024843546520184,0.0002487641440845,0.0027508947230371,-9.059882429998493e-07,0.0025012245907096004,-0.0003622178697446835,-2.2649706074996234e-07,-2.2464185279991687e-07,-8.985674111996675e-07,-7.420831800181854e-09,-0.008190869867814707
spin_dephasing__photon_scattering,spin_dephasing,photon_scattering,2.0,4.0,6.666666666666667,16.0,rates_bf5bd655768b8144,rates_b641ff121079f20c,rates_57b91a072f7de420,rates_7283b228c09abbcb,0.01,0.0030155120583963413,0.0007817128734529,0.0024843546520184,0.0002487641440845,0.0030173033813868004,-1.7913229904591502e-06,0.0027667479143118415,-0.0006474471277968584,-2.2391537380739377e-07,-2.2464185279991687e-07,-1.797134822399335e-06,5.8118319401848084e-09,0.003244435521198288
spin_dephasing__photon_scattering,spin_dephasing,photon_scattering,4.0,4.0,13.333333333333334,16.0,rates_6deed529f1dc36e9,rates_14c3539000a4de2d,rates_57b91a072f7de420,rates_7283b228c09abbcb,0.01,0.0035462362371717626,0.0013142085457644,0.0024843546520184,0.0002487641440845,0.0035497990536983003,-3.5628165265377126e-06,0.003297472093087263,-0.0010804690459721286,-2.2267603290860704e-07,-2.2464185279991687e-07,-3.59426964479867e-06,3.1453118260957313e-08,0.008828161098579765
spin_dephasing__photon_scattering,spin_dephasing,photon_scattering,0.0,0.0,0.0,0.0,rates_7283b228c09abbcb,rates_7283b228c09abbcb,rates_7283b228c09abbcb,rates_7283b228c09abbcb,1.0,0.0013018788028587,0.0013018788028587,0.0013018788028587,0.0013018788028587,0.0013018788028587,0.0,0.0,0.0,,-2.623138818996437e-07,-0.0,0.0,
spin_dephasing__photon_scattering,spin_dephasing,photon_scattering,0.5,0.0,1.6666666666666667,0.0,rates_a6ce76b38e46ff5e,rates_a6ce76b38e46ff5e,rates_7283b228c09abbcb,rates_7283b228c09abbcb,1.0,0.0014349793142726,0.0014349793142726,0.0013018788028587,0.0013018788028587,0.0014349793142726,0.0,0.0001331005114139001,0.0,,-2.623138818996437e-07,-0.0,0.0,
spin_dephasing__photon_scattering,spin_dephasing,photon_scattering,1.0,0.0,3.3333333333333335,0.0,rates_87cf81c0f802ee14,rates_87cf81c0f802ee14,rates_7283b228c09abbcb,rates_7283b228c09abbcb,1.0,0.0015680744438917,0.0015680744438917,0.0013018788028587,0.0013018788028587,0.0015680744438917,0.0,0.000266195641033,0.0,,-2.623138818996437e-07,-0.0,0.0,
spin_dephasing__photon_scattering,spin_dephasing,photon_scattering,2.0,0.0,6.666666666666667,0.0,rates_b641ff121079f20c,rates_b641ff121079f20c,rates_7283b228c09abbcb,rates_7283b228c09abbcb,1.0,0.0018341137096719,0.0018341137096719,0.0013018788028587,0.0013018788028587,0.0018341137096719003,-2.168404344971009e-19,0.0005322349068132002,-4.074149059396548e-16,,-2.623138818996437e-07,-0.0,-2.168404344971009e-19,
spin_dephasing__photon_scattering,spin_dephasing,photon_scattering,4.0,0.0,13.333333333333334,0.0,rates_14c3539000a4de2d,rates_14c3539000a4de2d,rates_7283b228c09abbcb,rates_7283b228c09abbcb,1.0,0.0023659522682372,0.0023659522682372,0.0013018788028587,0.0013018788028587,0.0023659522682372,0.0,0.0010640734653785,0.0,,-2.623138818996437e-07,-0.0,0.0,
spin_dephasing__photon_scattering,spin_dephasing,photon_scattering,0.0,0.5,0.0,2.0,rates_cba05db5d91a70e1,rates_7283b228c09abbcb,rates_cba05db5d91a70e1,rates_7283b228c09abbcb,1.0,0.0015813673514564,0.0013018788028587,0.0015813673514564,0.0013018788028587,0.0015813673514563998,2.168404344971009e-19,0.0002794885485977001,7.758472953009041e-16,,-2.623138818996437e-07,-0.0,2.168404344971009e-19,
spin_dephasing__photon_scattering,spin_dephasing,photon_scattering,0.5,0.5,1.6666666666666667,2.0,rates_54a013cf33b2c347,rates_a6ce76b38e46ff5e,rates_cba05db5d91a70e1,rates_7283b228c09abbcb,1.0,0.0017143957695566758,0.0014349793142726,0.0015813673514564,0.0013018788028587,0.0017144678628703003,-7.209331362445504e-08,0.00041251696669797593,-0.0001747644810867576,-2.8837325449782014e-07,-2.623138818996437e-07,-6.557847047491093e-08,-6.514843149544106e-09,-0.09036681520121143
spin_dephasing__photon_scattering,spin_dephasing,photon_scattering,1.0,0.5,3.3333333333333335,2.0,rates_63ff4977174f181f,rates_87cf81c0f802ee14,rates_cba05db5d91a70e1,rates_7283b228c09abbcb,1.0,0.0018474272376671,0.0015680744438917,0.0015813673514564,0.0013018788028587,0.0018475629924894002,-1.3575482230021585e-07,0.0005455484348084001,-0.00024884100776110515,-2.715096446004317e-07,-2.623138818996437e-07,-1.3115694094982186e-07,-4.59788135039399e-09,-0.03386900938388749
spin_dephasing__photon_scattering,spin_dephasing,photon_scattering,2.0,0.5,6.666666666666667,2.0,rates_1d72e6f3235ad885,rates_b641ff121079f20c,rates_cba05db5d91a70e1,rates_7283b228c09abbcb,1.0,0.0021133833498090393,0.0018341137096719,0.0015813673514564,0.0013018788028587,0.0021136022582696,-2.1890846056086405e-07,0.0008115045469503394,-0.0002697562957392281,-2.1890846056086405e-07,-2.623138818996437e-07,-2.623138818996437e-07,4.340542133877967e-08,0.19828115015550749
spin_dephasing__photon_scattering,spin_dephasing,photon_scattering,4.0,0.5,13.333333333333334,2.0,rates_e3e3a7b8a141d143,rates_14c3539000a4de2d,rates_cba05db5d91a70e1,rates_7283b228c09abbcb,1.0,0.0026450009933016716,0.0023659522682372,0.0015813673514564,0.0013018788028587,0.0026454408168349,-4.3982353322823825e-07,0.0013431221904429717,-0.00032746352964593725,-2.1991176661411913e-07,-2.623138818996437e-07,-5.246277637992874e-07,8.480423057104919e-08,0.1928142178946155
spin_dephasing__photon_scattering,spin_dephasing,photon_scattering,0.0,1.0,0.0,4.0,rates_660d67d330352843,rates_7283b228c09abbcb,rates_660d67d330352843,rates_7283b228c09abbcb,1.0,0.0018607331791671,0.0013018788028587,0.0018607331791671,0.0013018788028587,0.0018607331791671003,-2.168404344971009e-19,0.0005588543763084001,-3.8800883323035645e-16,,-2.623138818996437e-07,-0.0,-2.168404344971009e-19,
spin_dephasing__photon_scattering,spin_dephasing,photon_scattering,0.5,1.0,1.6666666666666667,4.0,rates_b2f8899f35c84854,rates_a6ce76b38e46ff5e,rates_660d67d330352843,rates_7283b228c09abbcb,1.0,0.0019937105047933,0.0014349793142726,0.0018607331791671,0.0013018788028587,0.001993833690581,-1.2318578769977134e-07,0.0006918317019346002,-0.00017805744858944938,-2.463715753995427e-07,-2.623138818996437e-07,-1.3115694094982186e-07,7.971153250050517e-09,0.06470838396940586
spin_dephasing__photon_scattering,spin_dephasing,photon_scattering,1.0,1.0,3.3333333333333335,4.0,rates_c6c2edc9437efa76,rates_87cf81c0f802ee14,rates_660d67d330352843,rates_7283b228c09abbcb,1.0,0.0021266665063182,0.0015680744438917,0.0018607331791671,0.0013018788028587,0.0021269288202001,-2.623138818996437e-07,0.0008247877034595003,-0.0003180380609451268,-2.623138818996437e-07,-2.623138818996437e-07,-2.623138818996437e-07,0.0,0.0
spin_dephasing__photon_scattering,spin_dephasing,photon_scattering,2.0,1.0,6.666666666666667,4.0,rates_b105ec6b15e0fd0e,rates_b641ff121079f20c,rates_660d67d330352843,rates_7283b228c09abbcb,1.0,0.0023925366325621,0.0018341137096719,0.0018607331791671,0.0013018788028587,0.0023929680859803002,-4.3145341820007704e-07,0.0010906578297034003,-0.0003955900800871791,-2.1572670910003852e-07,-2.623138818996437e-07,-5.246277637992874e-07,9.31743455992104e-08,0.2159545889980708
spin_dephasing__photon_scattering,spin_dephasing,photon_scattering,4.0,1.0,13.333333333333334,4.0,rates_25f65c81072ccd16,rates_14c3539000a4de2d,rates_660d67d330352843,rates_7283b228c09abbcb,1.0,0.0029239314713066,0.0023659522682372,0.0018607331791671,0.0013018788028587,0.0029248066445456003,-8.751732390004097e-07,0.0016220526684479,-0.0005395467459375657,-2.1879330975010242e-07,-2.623138818996437e-07,-1.0492555275985749e-06,1.7408228859816521e-07,0.19891180493246746
spin_dephasing__photon_scattering,spin_dephasing,photon_scattering,0.0,2.0,0.0,8.0,rates_a6b00ad014b8547a,rates_7283b228c09abbcb,rates_a6b00ad014b8547a,rates_7283b228c09abbcb,1.0,0.0024191346070624,0.0013018788028587,0.0024191346070624,0.0013018788028587,0.0024191346070624,0.0,0.0011172558042037003,0.0,,-2.623138818996437e-07,-0.0,0.0,
spin_dephasing__photon_scattering,spin_dephasing,photon_scattering,0.5,2.0,1.6666666666666667,8.0,rates_dbd4b247813332bd,rates_a6ce76b38e46ff5e,rates_a6b00ad014b8547a,rates_7283b228c09abbcb,1.0,0.002552003743424569,0.0014349793142726,0.0024191346070624,0.0013018788028587,0.0025522351184763003,-2.3137505173126752e-07,0.0012501249405658691,-0.0001850815420309394,-2.3137505173126752e-07,-2.623138818996437e-07,-2.623138818996437e-07,3.09388301683762e-08,0.13371722636851255
spin_dephasing__photon_scattering,spin_dephasing,photon_scattering,1.0,2.0,3.3333333333333335,8.0,rates_4771f69755fa05c2,rates_87cf81c0f802ee14,rates_a6b00ad014b8547a,rates_7283b228c09abbcb,1.0,0.0026848518092315,0.0015680744438917,0.0024191346070624,0.0013018788028587,0.0026853302480954007,-4.784388639004523e-07,0.0013829730063728003,-0.00034594953169424496,-2.3921943195022617e-07,-2.623138818996437e-07,-5.246277637992874e-07,4.6188899898835095e-08,0.09654086108783486
spin_dephasing__photon_scattering,spin_dephasing,photon_scattering,2.0,2.0,6.666666666666667,8.0,rates_f6d841da9a3afa0b,rates_b641ff121079f20c,rates_a6b00ad014b8547a,rates_7283b228c09abbcb,1.0,0.0029505027871348233,0.0018341137096719,0.0024191346070624,0.0013018788028587,0.0029513695138756006,-8.667267407773405e-07,0.0016486239842761234,-0.0005257273635733877,-2.1668168519433512e-07,-2.623138818996437e-07,-1.0492555275985749e-06,1.825287868212344e-07,0.21059554094007757
spin_dephasing__photon_scattering,spin_dephasing,photon_scattering,4.0,2.0,13.333333333333334,8.0,rates_0030c3ca7053f1df,rates_14c3539000a4de2d,rates_a6b00ad014b8547a,rates_7283b228c09abbcb,1.0,0.003481443317737032,0.0023659522682372,0.0024191346070624,0.0013018788028587,0.0034832080724409003,-1.7647547038684291e-06,0.002179564514878332,-0.0008096822515790232,-2.2059433798355364e-07,-2.623138818996437e-07,-2.0985110551971498e-06,3.337563513287206e-07,0.18912336688895645
spin_dephasing__photon_scattering,spin_dephasing,photon_scattering,0.0,4.0,0.0,16.0,rates_57b91a072f7de420,rates_7283b228c09abbcb,rates_57b91a072f7de420,rates_7283b228c09abbcb,1.0,0.0035345741750463,0.0013018788028587,0.0035345741750463,0.0013018788028587,0.0035345741750463,0.0,0.0022326953721876,0.0,,-2.623138818996437e-07,-0.0,0.0,
spin_dephasing__photon_scattering,spin_dephasing,photon_scattering,0.5,4.0,1.6666666666666667,16.0,rates_f3d6a2fba2ee83bb,rates_a6ce76b38e46ff5e,rates_57b91a072f7de420,rates_7283b228c09abbcb,1.0,0.003667221248688568,0.0014349793142726,0.0035345741750463,0.0013018788028587,0.0036676746864601996,-4.534377716315305e-07,0.002365342445829868,-0.00019170068690516572,-2.2671888581576524e-07,-2.623138818996437e-07,-5.246277637992874e-07,7.118999216775695e-08,0.15700057785571264
spin_dephasing__photon_scattering,spin_dephasing,photon_scattering,1.0,4.0,3.3333333333333335,16.0,rates_fea8b8a55496db85,rates_87cf81c0f802ee14,rates_57b91a072f7de420,rates_7283b228c09abbcb,1.0,0.0037998791242174,0.0015680744438917,0.0035345741750463,0.0013018788028587,0.0038007698160792995,-8.906918618992871e-07,0.0024980003213587003,-0.0003565619484847889,-2.2267296547482177e-07,-2.623138818996437e-07,-1.0492555275985749e-06,1.5856366569928781e-07,0.17802303184983748
spin_dephasing__photon_scattering,spin_dephasing,photon_scattering,2.0,4.0,6.666666666666667,16.0,rates_bf5bd655768b8144,rates_b641ff121079f20c,rates_57b91a072f7de420,rates_7283b228c09abbcb,1.0,0.00406505810000124,0.0018341137096719,0.0035345741750463,0.0013018788028587,0.0040668090818595,-1.75098185826051e-06,0.00276317929714254,-0.0006336837642317442,-2.1887273228256374e-07,-2.623138818996437e-07,-2.0985110551971498e-06,3.475291969366398e-07,0.19847675479738444
spin_dephasing__photon_scattering,spin_dephasing,photon_scattering,4.0,4.0,13.333333333333334,16.0,rates_6deed529f1dc36e9,rates_14c3539000a4de2d,rates_57b91a072f7de420,rates_7283b228c09abbcb,1.0,0.004595154415177327,0.0023659522682372,0.0035345741750463,0.0013018788028587,0.0045986476404248,-3.4932252474728295e-06,0.0032932756123186272,-0.0010607145160903882,-2.1832657796705185e-07,-2.623138818996437e-07,-4.1970221103942995e-06,7.0379686292147e-07,0.2014748013832292
spin_dephasing__photon_scattering,spin_dephasing,photon_scattering,0.0,0.0,0.0,0.0,rates_7283b228c09abbcb,rates_7283b228c09abbcb,rates_7283b228c09abbcb,rates_7283b228c09abbcb,2.0,0.0030258929745734,0.0030258929745734,0.0030258929745734,0.0030258929745734,0.0030258929745734,0.0,0.0,0.0,,-2.303253910998504e-07,-0.0,0.0,
spin_dephasing__photon_scattering,spin_dephasing,photon_scattering,0.5,0.0,1.6666666666666667,0.0,rates_a6ce76b38e46ff5e,rates_a6ce76b38e46ff5e,rates_7283b228c09abbcb,rates_7283b228c09abbcb,2.0,0.0031587185580059,0.0031587185580059,0.0030258929745734,0.0030258929745734,0.0031587185580058998,4.336808689942018e-19,0.00013282558343250027,3.2650401962253837e-15,,-2.303253910998504e-07,-0.0,4.336808689942018e-19,
spin_dephasing__photon_scattering,spin_dephasing,photon_scattering,1.0,0.0,3.3333333333333335,0.0,rates_87cf81c0f802ee14,rates_87cf81c0f802ee14,rates_7283b228c09abbcb,rates_7283b228c09abbcb,2.0,0.0032915007067568,0.0032915007067568,0.0030258929745734,0.0030258929745734,0.0032915007067568,0.0,0.0002656077321834,0.0,,-2.303253910998504e-07,-0.0,0.0,
spin_dephasing__photon_scattering,spin_dephasing,photon_scattering,2.0,0.0,6.666666666666667,0.0,rates_b641ff121079f20c,rates_b641ff121079f20c,rates_7283b228c09abbcb,rates_7283b228c09abbcb,2.0,0.003557008479872,0.003557008479872,0.0030258929745734,0.0030258929745734,0.003557008479872,0.0,0.0005311155052986002,0.0,,-2.303253910998504e-07,-0.0,0.0,
spin_dephasing__photon_scattering,spin_dephasing,photon_scattering,4.0,0.0,13.333333333333334,0.0,rates_14c3539000a4de2d,rates_14c3539000a4de2d,rates_7283b228c09abbcb,rates_7283b228c09abbcb,2.0,0.0040876768075168,0.0040876768075168,0.0030258929745734,0.0030258929745734,0.0040876768075168,0.0,0.0010617838329434002,0.0,,-2.303253910998504e-07,-0.0,0.0,
spin_dephasing__photon_scattering,spin_dephasing,photon_scattering,0.0,0.5,0.0,2.0,rates_cba05db5d91a70e1,rates_7283b228c09abbcb,rates_cba05db5d91a70e1,rates_7283b228c09abbcb,2.0,0.0033047811572902,0.0030258929745734,0.0033047811572902,0.0030258929745734,0.0033047811572901997,4.336808689942018e-19,0.00027888818271680016,1.5550349418519013e-15,,-2.303253910998504e-07,-0.0,4.336808689942018e-19,
spin_dephasing__photon_scattering,spin_dephasing,photon_scattering,0.5,0.5,1.6666666666666667,2.0,rates_54a013cf33b2c347,rates_a6ce76b38e46ff5e,rates_cba05db5d91a70e1,rates_7283b228c09abbcb,2.0,0.003437531679682193,0.0031587185580059,0.0033047811572902,0.0030258929745734,0.0034376067407227004,-7.506104050727241e-08,0.00041163870510879316,-0.00018234689686781112,-3.0024416202908966e-07,-2.303253910998504e-07,-5.75813477749626e-08,-1.7479692732309815e-08,-0.23287304058376684
spin_dephasing__photon_scattering,spin_dephasing,photon_scattering,1.0,0.5,3.3333333333333335,2.0,rates_63ff4977174f181f,rates_87cf81c0f802ee14,rates_cba05db5d91a70e1,rates_7283b228c09abbcb,2.0,0.003570272459773,0.0032915007067568,0.0033047811572902,0.0030258929745734,0.0035703888894735997,-1.1642970059984672e-07,0.0005443794851995999,-0.00021387598865368172,-2.3285940119969345e-07,-2.303253910998504e-07,-1.151626955499252e-07,-1.2670050499215268e-09,-0.010882146423068229
spin_dephasing__photon_scattering,spin_dephasing,photon_scattering,2.0,0.5,6.666666666666667,2.0,rates_1d72e6f3235ad885,rates_b641ff121079f20c,rates_cba05db5d91a70e1,rates_7283b228c09abbcb,2.0,0.0038356532957353195,0.003557008479872,0.0033047811572902,0.0030258929745734,0.0038358966625888,-2.433668534803507e-07,0.0008097603211619196,-0.00030054183580043194,-2.433668534803507e-07,-2.303253910998504e-07,-2.303253910998504e-07,-1.3041462380500302e-08,-0.05358766896147286
spin_dephasing__photon_scattering,spin_dephasing,photon_scattering,4.0,0.5,13.333333333333334,2.0,rates_e3e3a7b8a141d143,rates_14c3539000a4de2d,rates_cba05db5d91a70e1,rates_7283b228c09abbcb,2.0,0.004366116522463104,0.0040876768075168,0.0033047811572902,0.0030258929745734,0.0043665649902336,-4.484677704960638e-07,0.0013402235478897039,-0.00033462161682072704,-2.242338852480319e-07,-2.303253910998504e-07,-4.606507821997008e-07,1.2183011703637003e-08,0.02716585785007695
spin_dephasing__photon_scattering,spin_dephasing,photon_scattering,0.0,1.0,0.0,4.0,rates_660d67d330352843,rates_7283b228c09abbcb,rates_660d67d330352843,rates_7283b228c09abbcb,2.0,0.003583542645914,0.0030258929745734,0.003583542645914,0.0030258929745734,0.0035835426459139997,4.336808689942018e-19,0.0005576496713406002,7.776941174404799e-16,,-2.303253910998504e-07,-0.0,4.336808689942018e-19,
spin_dephasing__photon_scattering,spin_dephasing,photon_scattering,0.5,1.0,1.6666666666666667,4.0,rates_b2f8899f35c84854,rates_a6ce76b38e46ff5e,rates_660d67d330352843,rates_7283b228c09abbcb,2.0,0.0037162338235698,0.0031587185580059,0.003583542645914,0.0030258929745734,0.0037163682293465004,-1.3440577670059337e-07,0.0006903408489963999,-0.00019469480459687283,-2.6881155340118673e-07,-2.303253910998504e-07,-1.151626955499252e-07,-1.9243081150668168e-08,-0.1431715334195395
spin_dephasing__photon_scattering,spin_dephasing,photon_scattering,1.0,1.0,3.3333333333333335,4.0,rates_c6c2edc9437efa76,rates_87cf81c0f802ee14,rates_660d67d330352843,rates_7283b228c09abbcb,2.0,0.0038489200527063,0.0032915007067568,0.003583542645914,0.0030258929745734,0.0038491503780973997,-2.303253910998504e-07,0.0008230270781328999,-0.00027985153492441733,-2.303253910998504e-07,-2.303253910998504e-07,-2.303253910998504e-07,0.0,0.0
spin_dephasing__photon_scattering,spin_dephasing,photon_scattering,2.0,1.0,6.666666666666667,4.0,rates_b105ec6b15e0fd0e,rates_b641ff121079f20c,rates_660d67d330352843,rates_7283b228c09abbcb,2.0,0.0041142237714048,0.003557008479872,0.003583542645914,0.0030258929745734,0.0041146581512126,-4.3437980780033913e-07,0.0010883307968313997,-0.00039912479649110923,-2.1718990390016957e-07,-2.303253910998504e-07,-4.606507821997008e-07,2.6270974399361657e-08,0.06047927165950817
spin_dephasing__photon_scattering,spin_dephasing,photon_scattering,4.0,1.0,13.333333333333334,4.0,rates_25f65c81072ccd16,rates_14c3539000a4de2d,rates_660d67d330352843,rates_7283b228c09abbcb,2.0,0.0046444531438621,0.0040876768075168,0.003583542645914,0.0030258929745734,0.0046453264788574,-8.733349952999223e-07,0.0016185601692887,-0.0005395752421633619,-2.1833374882498056e-07,-2.303253910998504e-07,-9.213015643994016e-07,4.796656909947933e-08,0.054923447883829
spin_dephasing__photon_scattering,spin_dephasing,photon_scattering,0.0,2.0,0.0,8.0,rates_a6b00ad014b8547a,rates_7283b228c09abbcb,rates_a6b00ad014b8547a,rates_7283b228c09abbcb,2.0,0.0041407283261876,0.0030258929745734,0.0041407283261876,0.0030258929745734,0.0041407283261876,0.0,0.0011148353516142002,0.0,,-2.303253910998504e-07,-0.0,0.0,
spin_dephasing__photon_scattering,spin_dephasing,photon_scattering,0.5,2.0,1.6666666666666667,8.0,rates_dbd4b247813332bd,rates_a6ce76b38e46ff5e,rates_a6b00ad014b8547a,rates_7283b228c09abbcb,2.0,0.0042733148038820445,0.0031587185580059,0.0041407283261876,0.0030258929745734,0.004273553909620101,-2.391057380563e-07,0.0012474218293086446,-0.00019167993732226006,-2.391057380563e-07,-2.303253910998504e-07,-2.303253910998504e-07,-8.78034695644958e-09,-0.0367216070506102
spin_dephasing__photon_scattering,spin_dephasing,photon_scattering,1.0,2.0,3.3333333333333335,8.0,rates_4771f69755fa05c2,rates_87cf81c0f802ee14,rates_a6b00ad014b8547a,rates_7283b228c09abbcb,2.0,0.0044059030435754,0.0032915007067568,0.0041407283261876,0.0030258929745734,0.004406336058371,-4.3301479559984535e-07,0.0013800100690020004,-0.0003137765479588089,-2.1650739779992267e-07,-2.303253910998504e-07,-4.606507821997008e-07,2.7635986599855444e-08,0.06382226861687706
spin_dephasing__photon_scattering,spin_dephasing,photon_scattering,2.0,2.0,6.666666666666667,8.0,rates_f6d841da9a3afa0b,rates_b641ff121079f20c,rates_a6b00ad014b8547a,rates_7283b228c09abbcb,2.0,0.0046709623189535865,0.003557008479872,0.0041407283261876,0.0030258929745734,0.0046718438314862,-8.815125326138915e-07,0.0016450693443801866,-0.0005358512913910138,-2.2037813315347286e-07,-2.303253910998504e-07,-9.213015643994016e-07,3.978903178551013e-08,0.04513722756445256
spin_dephasing__photon_scattering,spin_dephasing,photon_scattering,4.0,2.0,13.333333333333334,8.0,rates_0030c3ca7053f1df,rates_14c3539000a4de2d,rates_a6b00ad014b8547a,rates_7283b228c09abbcb,2.0,0.005200762374986567,0.0040876768075168,0.0041407283261876,0.0030258929745734,0.0052025121591309995,-1.7497841444322204e-06,0.0021748694004131673,-0.0008045467668540502,-2.1872301805402755e-07,-2.303253910998504e-07,-1.8426031287988032e-06,9.281898436658276e-08,0.05304596264741053
spin_dephasing__photon_scattering,spin_dephasing,photon_scattering,0.0,4.0,0.0,16.0,rates_57b91a072f7de420,rates_7283b228c09abbcb,rates_57b91a072f7de420,rates_7283b228c09abbcb,2.0,0.0052537848426599,0.0030258929745734,0.0052537848426599,0.0030258929745734,0.005253784842659901,-8.673617379884035e-19,0.0022278918680865003,-3.8931949544452813e-16,,-2.303253910998504e-07,-0.0,-8.673617379884035e-19,
spin_dephasing__photon_scattering,spin_dephasing,photon_scattering,0.5,4.0,1.6666666666666667,16.0,rates_f3d6a2fba2ee83bb,rates_a6ce76b38e46ff5e,rates_57b91a072f7de420,rates_7283b228c09abbcb,2.0,0.00538617016457299,0.0031587185580059,0.0052537848426599,0.0030258929745734,0.005386610426092401,-4.402615194111503e-07,0.00236027718999959,-0.0001865295827441466,-2.2013075970557516e-07,-2.303253910998504e-07,-4.606507821997008e-07,2.0389262788550466e-08,0.046311707677339366
spin_dephasing__photon_scattering,spin_dephasing,photon_scattering,1.0,4.0,3.3333333333333335,16.0,rates_fea8b8a55496db85,rates_87cf81c0f802ee14,rates_57b91a072f7de420,rates_7283b228c09abbcb,2.0,0.0055185179356731,0.0032915007067568,0.0052537848426599,0.0030258929745734,0.005519392574843299,-8.746391701990736e-07,0.0024926249610997004,-0.00035089080140367316,-2.186597925497684e-07,-2.303253910998504e-07,-9.213015643994016e-07,4.666239420032803e-08,0.053350451009079966
spin_dephasing__photon_scattering,spin_dephasing,photon_scattering,2.0,4.0,6.666666666666667,16.0,rates_bf5bd655768b8144,rates_b641ff121079f20c,rates_57b91a072f7de420,rates_7283b228c09abbcb,2.0,0.005783132019824833,0.003557008479872,0.0052537848426599,0.0030258929745734,0.005784900347958501,-1.7683281336687562e-06,0.0027572390452514327,-0.0006413401611710828,-2.2104101670859452e-07,-2.303253910998504e-07,-1.8426031287988032e-06,7.427499513004698e-08,0.04200294827405613
spin_dephasing__photon_scattering,spin_dephasing,photon_scattering,4.0,4.0,13.333333333333334,16.0,rates_6deed529f1dc36e9,rates_14c3539000a4de2d,rates_57b91a072f7de420,rates_7283b228c09abbcb,2.0,0.0063121075984025055,0.0040876768075168,0.0052537848426599,0.0030258929745734,0.0063155686756033,-3.4610772007941104e-06,0.0032862146238291055,-0.0010532109423702992,-2.163173250496319e-07,-2.303253910998504e-07,-3.6852062575976063e-06,2.2412905680349593e-07,0.06475702326202712
spin_dephasing__photon_scattering,spin_dephasing,photon_scattering,0.0,0.0,0.0,0.0,rates_7283b228c09abbcb,rates_7283b228c09abbcb,rates_7283b228c09abbcb,rates_7283b228c09abbcb,3.0,0.0053504253160057,0.0053504253160057,0.0053504253160057,0.0053504253160057,0.0053504253160057,0.0,0.0,0.0,,-2.2164726880095909e-07,-0.0,0.0,
spin_dephasing__photon_scattering,spin_dephasing,photon_scattering,0.5,0.0,1.6666666666666667,0.0,rates_a6ce76b38e46ff5e,rates_a6ce76b38e46ff5e,rates_7283b228c09abbcb,rates_7283b228c09abbcb,3.0,0.0054828599167102,0.0054828599167102,0.0053504253160057,0.0053504253160057,0.0054828599167102005,-8.673617379884035e-19,0.00013243460070449988,-6.549358954339583e-15,,-2.2164726880095909e-07,-0.0,-8.673617379884035e-19,
spin_dephasing__photon_scattering,spin_dephasing,photon_scattering,1.0,0.0,3.3333333333333335,0.0,rates_87cf81c0f802ee14,rates_87cf81c0f802ee14,rates_7283b228c09abbcb,rates_7283b228c09abbcb,3.0,0.0056152454083486,0.0056152454083486,0.0053504253160057,0.0053504253160057,0.005615245408348599,8.673617379884035e-19,0.0002648200923429005,3.275286743972984e-15,,-2.2164726880095909e-07,-0.0,8.673617379884035e-19,
spin_dephasing__photon_scattering,spin_dephasing,photon_scattering,2.0,0.0,6.666666666666667,0.0,rates_b641ff121079f20c,rates_b641ff121079f20c,rates_7283b228c09abbcb,rates_7283b228c09abbcb,3.0,0.0058799716566564,0.0058799716566564,0.0053504253160057,0.0053504253160057,0.005879971656656401,-8.673617379884035e-19,0.0005295463406507,-1.6379335884421373e-15,,-2.2164726880095909e-07,-0.0,-8.673617379884035e-19,
spin_dephasing__photon_scattering,spin_dephasing,photon_scattering,4.0,0.0,13.333333333333334,0.0,rates_14c3539000a4de2d,rates_14c3539000a4de2d,rates_7283b228c09abbcb,rates_7283b228c09abbcb,3.0,0.006409099840242,0.006409099840242,0.0053504253160057,0.0053504253160057,0.006409099840241999,8.673617379884035e-19,0.0010586745242363,8.192902711190632e-16,,-2.2164726880095909e-07,-0.0,8.673617379884035e-19,
spin_dephasing__photon_scattering,spin_dephasing,photon_scattering,0.0,0.5,0.0,2.0,rates_cba05db5d91a70e1,rates_7283b228c09abbcb,rates_cba05db5d91a70e1,rates_7283b228c09abbcb,3.0,0.0056284731390515,0.0053504253160057,0.0056284731390515,0.0053504253160057,0.0056284731390515,0.0,0.00027804782304579993,0.0,,-2.2164726880095909e-07,-0.0,0.0,
spin_dephasing__photon_scattering,spin_dephasing,photon_scattering,0.5,0.5,1.6666666666666667,2.0,rates_54a013cf33b2c347,rates_a6ce76b38e46ff5e,rates_cba05db5d91a70e1,rates_7283b228c09abbcb,3.0,0.0057608615639758165,0.0054828599167102,0.0056284731390515,0.0053504253160057,0.005760907739755999,-4.6175780182150516e-08,0.0004104362479701168,-0.00011250414750286018,-1.8470312072860207e-07,-2.2164726880095909e-07,-5.541181720023977e-08,9.236037018089255e-09,0.2000190788689585
spin_dephasing__photon_scattering,spin_dephasing,photon_scattering,1.0,0.5,3.3333333333333335,2.0,rates_63ff4977174f181f,rates_87cf81c0f802ee14,rates_cba05db5d91a70e1,rates_7283b228c09abbcb,3.0,0.0058932076892979,0.0056152454083486,0.0056284731390515,0.0053504253160057,0.005893293231394401,-8.554209650086381e-08,0.0005427823732922004,-0.0001575992528681716,-1.7108419300172761e-07,-2.2164726880095909e-07,-1.1082363440047954e-07,2.5281537899615736e-08,0.2955449881843899
spin_dephasing__photon_scattering,spin_dephasing,photon_scattering,2.0,0.5,6.666666666666667,2.0,rates_1d72e6f3235ad885,rates_b641ff121079f20c,rates_cba05db5d91a70e1,rates_7283b228c09abbcb,3.0,0.006157804596638505,0.0058799716566564,0.0056284731390515,0.0053504253160057,0.006158019479702199,-2.1488306369346621e-07,0.0008073792806328056,-0.00026614884583741824,-2.1488306369346621e-07,-2.2164726880095909e-07,-2.2164726880095909e-07,6.764205107492871e-09,0.03147853996135362
spin_dephasing__photon_scattering,spin_dephasing,photon_scattering,4.0,0.5,13.333333333333334,2.0,rates_e3e3a7b8a141d143,rates_14c3539000a4de2d,rates_cba05db5d91a70e1,rates_7283b228c09abbcb,3.0,0.006686734535602978,0.006409099840242,0.0056284731390515,0.0053504253160057,0.006687147663287801,-4.1312768482223983e-07,0.0013363092195972787,-0.00030915575434459957,-2.0656384241111991e-07,-2.2164726880095909e-07,-4.4329453760191817e-07,3.0166852779678344e-08,0.07302065169672303
spin_dephasing__photon_scattering,spin_dephasing,photon_scattering,0.0,1.0,0.0,4.0,rates_660d67d330352843,rates_7283b228c09abbcb,rates_660d67d330352843,rates_7283b228c09abbcb,3.0,0.0059064359897625,0.0053504253160057,0.0059064359897625,0.0053504253160057,0.005906435989762499,8.673617379884035e-19,0.0005560106737568004,1.5599731784425931e-15,,-2.2164726880095909e-07,-0.0,8.673617379884035e-19,
spin_dephasing__photon_scattering,spin_dephasing,photon_scattering,0.5,1.0,1.6666666666666667,4.0,rates_b2f8899f35c84854,rates_a6ce76b38e46ff5e,rates_660d67d330352843,rates_7283b228c09abbcb,3.0,0.0060387496053341,0.0054828599167102,0.0059064359897625,0.0053504253160057,0.006038870590467,-1.2098513289988955e-07,0.0006883242893284004,-0.00017576763565605832,-2.419702657997791e-07,-2.2164726880095909e-07,-1.1082363440047954e-07,-1.0161498499410004e-08,-0.08398964613129983
spin_dephasing__photon_scattering,spin_dephasing,photon_scattering,1.0,1.0,3.3333333333333335,4.0,rates_c6c2edc9437efa76,rates_87cf81c0f802ee14,rates_660d67d330352843,rates_7283b228c09abbcb,3.0,0.0061710344348366,0.0056152454083486,0.0059064359897625,0.0053504253160057,0.006171256082105401,-2.2164726880095909e-07,0.0008206091188308999,-0.0002701009088428533,-2.2164726880095909e-07,-2.2164726880095909e-07,-2.2164726880095909e-07,0.0,0.0
spin_dephasing__photon_scattering,spin_dephasing,photon_scattering,2.0,1.0,6.666666666666667,4.0,rates_b105ec6b15e0fd0e,rates_b641ff121079f20c,rates_660d67d330352843,rates_7283b228c09abbcb,3.0,0.0064355464521611,0.0058799716566564,0.0059064359897625,0.0053504253160057,0.0064359823304132,-4.358782521004037e-07,0.0010851211361554,-0.0004016862611714732,-2.1793912605020185e-07,-2.2164726880095909e-07,-4.4329453760191817e-07,7.4162855015144635e-09,0.01701458025441044
spin_dephasing__photon_scattering,spin_dephasing,photon_scattering,4.0,1.0,13.333333333333334,4.0,rates_25f65c81072ccd16,rates_14c3539000a4de2d,rates_660d67d330352843,rates_7283b228c09abbcb,3.0,0.0069642524958425,0.006409099840242,0.0059064359897625,0.0053504253160057,0.0069651105139988,-8.580181563005301e-07,0.0016138271798368,-0.0005316666908456073,-2.1450453907513253e-07,-2.2164726880095909e-07,-8.865890752038363e-07,2.8570918903306208e-08,0.03329873464041119
spin_dephasing__photon_scattering,spin_dephasing,photon_scattering,0.0,2.0,0.0,8.0,rates_a6b00ad014b8547a,rates_7283b228c09abbcb,rates_a6b00ad014b8547a,rates_7283b228c09abbcb,3.0,0.0064620058152909,0.0053504253160057,0.0064620058152909,0.0053504253160057,0.006462005815290901,-8.673617379884035e-19,0.0011115804992852,-7.802959286764737e-16,,-2.2164726880095909e-07,-0.0,-8.673617379884035e-19,
spin_dephasing__photon_scattering,spin_dephasing,photon_scattering,0.5,2.0,1.6666666666666667,8.0,rates_dbd4b247813332bd,rates_a6ce76b38e46ff5e,rates_a6b00ad014b8547a,rates_7283b228c09abbcb,3.0,0.006594199265106071,0.0054828599167102,0.0064620058152909,0.0053504253160057,0.0065944404159954,-2.411508893285924e-07,0.0012437739491003713,-0.00019388642888285143,-2.411508893285924e-07,-2.2164726880095909e-07,-2.2164726880095909e-07,-1.9503620527633325e-08,-0.0808772490200427
spin_dephasing__photon_scattering,spin_dephasing,photon_scattering,1.0,2.0,3.3333333333333335,8.0,rates_4771f69755fa05c2,rates_87cf81c0f802ee14,rates_a6b00ad014b8547a,rates_7283b228c09abbcb,3.0,0.0067263882077674,0.0056152454083486,0.0064620058152909,0.0053504253160057,0.0067268259076338,-4.376998663999099e-07,0.0013759628917617006,-0.0003181044118417359,-2.1884993319995494e-07,-2.2164726880095909e-07,-4.4329453760191817e-07,5.5946712020082945e-09,0.012781980602426446
spin_dephasing__photon_scattering,spin_dephasing,photon_scattering,2.0,2.0,6.666666666666667,8.0,rates_f6d841da9a3afa0b,rates_b641ff121079f20c,rates_a6b00ad014b8547a,rates_7283b228c09abbcb,3.0,0.006990685117270745,0.0058799716566564,0.0064620058152909,0.0053504253160057,0.0069915521559416,-8.670386708545946e-07,0.0016402598012650454,-0.0005285983782483078,-2.1675966771364866e-07,-2.2164726880095909e-07,-8.865890752038363e-07,1.9550404349241712e-08,0.022548480254025928
spin_dephasing__photon_scattering,spin_dephasing,photon_scattering,4.0,2.0,13.333333333333334,8.0,rates_0030c3ca7053f1df,rates_14c3539000a4de2d,rates_a6b00ad014b8547a,rates_7283b228c09abbcb,3.0,0.007518958059478109,0.006409099840242,0.0064620058152909,0.0053504253160057,0.0075206803395272,-1.7222800490906964e-06,0.0021685327434724094,-0.0007942144541165003,-2.1528500613633705e-07,-2.2164726880095909e-07,-1.7731781504076727e-06,5.089810131697625e-08,0.029552743959293186
spin_dephasing__photon_scattering,spin_dephasing,photon_scattering,0.0,4.0,0.0,16.0,rates_57b91a072f7de420,rates_7283b228c09abbcb,rates_57b91a072f7de420,rates_7283b228c09abbcb,3.0,0.0075717855335316,0.0053504253160057,0.0075717855335316,0.0053504253160057,0.0075717855335316,0.0,0.0022213602175259004,0.0,,-2.2164726880095909e-07,-0.0,0.0,
spin_dephasing__photon_scattering,spin_dephasing,photon_scattering,0.5,4.0,1.6666666666666667,16.0,rates_f3d6a2fba2ee83bb,rates_a6ce76b38e46ff5e,rates_57b91a072f7de420,rates_7283b228c09abbcb,3.0,0.007703773072664455,0.0054828599167102,0.0075717855335316,0.0053504253160057,0.007704220134236099,-4.470615716442583e-07,0.002353347756658755,-0.0001899683420689975,-2.2353078582212915e-07,-2.2164726880095909e-07,-4.4329453760191817e-07,-3.767034042340134e-09,-0.00842620856112788
spin_dephasing__photon_scattering,spin_dephasing,photon_scattering,1.0,4.0,3.3333333333333335,16.0,rates_fea8b8a55496db85,rates_87cf81c0f802ee14,rates_57b91a072f7de420,rates_7283b228c09abbcb,3.0,0.0078357698368632,0.0056152454083486,0.0075717855335316,0.0053504253160057,0.007836605625874501,-8.357890113018518e-07,0.0024853445208575,-0.00033628698326841454,-2.0894725282546295e-07,-2.2164726880095909e-07,-8.865890752038363e-07,5.080006390198455e-08,0.060780966505956734
spin_dephasing__photon_scattering,spin_dephasing,photon_scattering,2.0,4.0,6.666666666666667,16.0,rates_bf5bd655768b8144,rates_b641ff121079f20c,rates_57b91a072f7de420,rates_7283b228c09abbcb,3.0,0.00809960869734605,0.0058799716566564,0.0075717855335316,0.0053504253160057,0.0081013318741823,-1.7231768362491184e-06,0.0027491833813403505,-0.000626795887078654,-2.153971045311398e-07,-2.2164726880095909e-07,-1.7731781504076727e-06,5.0001314158554244e-08,0.029016937267676682
spin_dephasing__photon_scattering,spin_dephasing,photon_scattering,4.0,4.0,13.333333333333334,16.0,rates_6deed529f1dc36e9,rates_14c3539000a4de2d,rates_57b91a072f7de420,rates_7283b228c09abbcb,3.0,0.008627039558267269,0.006409099840242,0.0075717855335316,0.0053504253160057,0.008630460057767901,-3.4204995006323347e-06,0.003276614242261569,-0.001043912785495144,-2.1378121878952092e-07,-2.2164726880095909e-07,-3.5463563008153454e-06,1.258568001830107e-07,0.03679485997870897
spin_dephasing__photon_scattering,spin_dephasing,photon_scattering,0.0,0.0,0.0,0.0,rates_7283b228c09abbcb,rates_7283b228c09abbcb,rates_7283b228c09abbcb,rates_7283b228c09abbcb,4.0,0.0082214370008468,0.0082214370008468,0.0082214370008468,0.0082214370008468,0.0082214370008468,0.0,0.0,0.0,,-2.52108318801042e-07,-0.0,0.0,
spin_dephasing__photon_scattering,spin_dephasing,photon_scattering,0.5,0.0,1.6666666666666667,0.0,rates_a6ce76b38e46ff5e,rates_a6ce76b38e46ff5e,rates_7283b228c09abbcb,rates_7283b228c09abbcb,4.0,0.0083533707467529,0.0083533707467529,0.0082214370008468,0.0082214370008468,0.008353370746752901,-1.734723475976807e-18,0.00013193374590609978,-1.314844404714658e-14,,-2.52108318801042e-07,-0.0,-1.734723475976807e-18,
spin_dephasing__photon_scattering,spin_dephasing,photon_scattering,1.0,0.0,3.3333333333333335,0.0,rates_87cf81c0f802ee14,rates_87cf81c0f802ee14,rates_7283b228c09abbcb,rates_7283b228c09abbcb,4.0,0.0084853181318891,0.0084853181318891,0.0082214370008468,0.0082214370008468,0.008485318131889102,-1.734723475976807e-18,0.0002638811310423008,-6.5738822216080565e-15,,-2.52108318801042e-07,-0.0,-1.734723475976807e-18,
spin_dephasing__photon_scattering,spin_dephasing,photon_scattering,2.0,0.0,6.666666666666667,0.0,rates_b641ff121079f20c,rates_b641ff121079f20c,rates_7283b228c09abbcb,rates_7283b228c09abbcb,4.0,0.0087490675917362,0.0087490675917362,0.0082214370008468,0.0082214370008468,0.008749067591736201,-1.734723475976807e-18,0.0005276305908893993,-3.287761373071024e-15,,-2.52108318801042e-07,-0.0,-1.734723475976807e-18,
spin_dephasing__photon_scattering,spin_dephasing,photon_scattering,4.0,0.0,13.333333333333334,0.0,rates_14c3539000a4de2d,rates_14c3539000a4de2d,rates_7283b228c09abbcb,rates_7283b228c09abbcb,4.0,0.0092763022154507,0.0092763022154507,0.0082214370008468,0.0082214370008468,0.009276302215450699,1.734723475976807e-18,0.001054865214603901,1.6444977537989924e-15,,-2.52108318801042e-07,-0.0,1.734723475976807e-18,
spin_dephasing__photon_scattering,spin_dephasing,photon_scattering,0.0,0.5,0.0,2.0,rates_cba05db5d91a70e1,rates_7283b228c09abbcb,rates_cba05db5d91a70e1,rates_7283b228c09abbcb,4.0,0.0084985172100573,0.0082214370008468,0.0084985172100573,0.0082214370008468,0.008498517210057302,-1.734723475976807e-18,0.00027708020921050035,-6.260726743781697e-15,,-2.52108318801042e-07,-0.0,-1.734723475976807e-18,
spin_dephasing__photon_scattering,spin_dephasing,photon_scattering,0.5,0.5,1.6666666666666667,2.0,rates_54a013cf33b2c347,rates_a6ce76b38e46ff5e,rates_cba05db5d91a70e1,rates_7283b228c09abbcb,4.0,0.008630397295097958,0.0083533707467529,0.0084985172100573,0.0082214370008468,0.0086304509559634,-5.366086544209003e-08,0.00040896029425115804,-0.00013121289816251663,-2.1464346176836013e-07,-2.52108318801042e-07,-6.30270797002605e-08,9.366214258170469e-09,0.1745445993277604
spin_dephasing__photon_scattering,spin_dephasing,photon_scattering,1.0,0.5,3.3333333333333335,2.0,rates_63ff4977174f181f,rates_87cf81c0f802ee14,rates_cba05db5d91a70e1,rates_7283b228c09abbcb,4.0,0.0087622956320696,0.0084853181318891,0.0084985172100573,0.0082214370008468,0.008762398341099601,-1.0270903000146603e-07,0.0005408586312227997,-0.00018989995550086058,-2.0541806000293206e-07,-2.52108318801042e-07,-1.26054159400521e-07,2.3345129399054976e-08,0.22729383578758125
spin_dephasing__photon_scattering,spin_dephasing,photon_scattering,2.0,0.5,6.666666666666667,2.0,rates_1d72e6f3235ad885,rates_b641ff121079f20c,rates_cba05db5d91a70e1,rates_7283b228c09abbcb,4.0,0.00902595662540695,0.0087490675917362,0.0084985172100573,0.0082214370008468,0.0090261478009467,-1.9117553974948298e-07,0.0008045196245601502,-0.00023762694397169384,-1.9117553974948298e-07,-2.52108318801042e-07,-2.52108318801042e-07,6.093277905155903e-08,0.31872685769008696
spin_dephasing__photon_scattering,spin_dephasing,photon_scattering,4.0,0.5,13.333333333333334,2.0,rates_e3e3a7b8a141d143,rates_14c3539000a4de2d,rates_cba05db5d91a70e1,rates_7283b228c09abbcb,4.0,0.009552951981618207,0.0092763022154507,0.0084985172100573,0.0082214370008468,0.009553382424661201,-4.304430429938333e-07,0.0013315149807714075,-0.0003232731506666624,-2.1522152149691665e-07,-2.52108318801042e-07,-5.04216637602084e-07,7.377359460825073e-08,0.17138991048650223
spin_dephasing__photon_scattering,spin_dephasing,photon_scattering,0.0,1.0,0.0,4.0,rates_660d67d330352843,rates_7283b228c09abbcb,rates_660d67d330352843,rates_7283b228c09abbcb,4.0,0.0087754556654674,0.0082214370008468,0.0087754556654674,0.0082214370008468,0.008775455665467398,1.734723475976807e-18,0.0005540186646205997,3.131164321268439e-15,,-2.52108318801042e-07,-0.0,1.734723475976807e-18,
spin_dephasing__photon_scattering,spin_dephasing,photon_scattering,0.5,1.0,1.6666666666666667,4.0,rates_b2f8899f35c84854,rates_a6ce76b38e46ff5e,rates_660d67d330352843,rates_7283b228c09abbcb,4.0,0.0089072776071666,0.0083533707467529,0.0087754556654674,0.0082214370008468,0.0089073894113735,-1.1180420689954618e-07,0.0006858406063198,-0.00016301777099417337,-2.2360841379909235e-07,-2.52108318801042e-07,-1.26054159400521e-07,1.4249952500974827e-08,0.12745452873502444
spin_dephasing__photon_scattering,spin_dephasing,photon_scattering,1.0,1.0,3.3333333333333335,4.0,rates_c6c2edc9437efa76,rates_87cf81c0f802ee14,rates_660d67d330352843,rates_7283b228c09abbcb,4.0,0.0090390846881909,0.0084853181318891,0.0087754556654674,0.0082214370008468,0.0090393367965097,-2.52108318801042e-07,0.0008176476873440995,-0.0003083336780660942,-2.52108318801042e-07,-2.52108318801042e-07,-2.52108318801042e-07,0.0,0.0
spin_dephasing__photon_scattering,spin_dephasing,photon_scattering,2.0,1.0,6.666666666666667,4.0,rates_b105ec6b15e0fd0e,rates_b641ff121079f20c,rates_660d67d330352843,rates_7283b228c09abbcb,4.0,0.0093026542714197,0.0087490675917362,0.0087754556654674,0.0082214370008468,0.009303086256356799,-4.3198493709928343e-07,0.0010812172705728998,-0.00039953573519075356,-2.1599246854964171e-07,-2.52108318801042e-07,-5.04216637602084e-07,7.223170050280059e-08,0.16720884063186564
spin_dephasing__photon_scattering,spin_dephasing,photon_scattering,4.0,1.0,13.333333333333334,4.0,rates_25f65c81072ccd16,rates_14c3539000a4de2d,rates_660d67d330352843,rates_7283b228c09abbcb,4.0,0.0098294465055221,0.0092763022154507,0.0087754556654674,0.0082214370008468,0.0098303208800713,-8.743745492003491e-07,0.0016080095046753003,-0.0005437620528100724,-2.1859363730008727e-07,-2.52108318801042e-07,-1.008433275204168e-06,1.3405872600381896e-07,0.15331956554135878
spin_dephasing__photon_scattering,spin_dephasing,photon_scattering,0.0,2.0,0.0,8.0,rates_a6b00ad014b8547a,rates_7283b228c09abbcb,rates_a6b00ad014b8547a,rates_7283b228c09abbcb,4.0,0.0093290005870588,0.0082214370008468,0.0093290005870588,0.0082214370008468,0.009329000587058801,-1.734723475976807e-18,0.0011075635862119997,-1.5662518139565867e-15,,-2.52108318801042e-07,-0.0,-1.734723475976807e-18,
spin_dephasing__photon_scattering,spin_dephasing,photon_scattering,0.5,2.0,1.6666666666666667,8.0,rates_dbd4b247813332bd,rates_a6ce76b38e46ff5e,rates_a6b00ad014b8547a,rates_7283b228c09abbcb,4.0,0.009460756127645409,0.0083533707467529,0.0093290005870588,0.0082214370008468,0.0094609343329649,-1.7820531949055973e-07,0.001239319126798609,-0.00014379292277276243,-1.7820531949055973e-07,-2.52108318801042e-07,-2.52108318801042e-07,7.390299931048228e-08,0.41470703299851397
spin_dephasing__photon_scattering,spin_dephasing,photon_scattering,1.0,2.0,3.3333333333333335,8.0,rates_4771f69755fa05c2,rates_87cf81c0f802ee14,rates_a6b00ad014b8547a,rates_7283b228c09abbcb,4.0,0.0095924436174934,0.0084853181318891,0.0093290005870588,0.0082214370008468,0.0095928817181011,-4.38100607701164e-07,0.0013710066166465994,-0.00031954667642139614,-2.19050303850582e-07,-2.52108318801042e-07,-5.04216637602084e-07,6.611602990092003e-08,0.15091517505042795
spin_dephasing__photon_scattering,spin_dephasing,photon_scattering,2.0,2.0,6.666666666666667,8.0,rates_f6d841da9a3afa0b,rates_b641ff121079f20c,rates_a6b00ad014b8547a,rates_7283b228c09abbcb,4.0,0.009855795201615614,0.0087490675917362,0.0093290005870588,0.0082214370008468,0.009856631177948199,-8.359763325853364e-07,0.0016343582007688137,-0.0005115012927962103,-2.089940831463341e-07,-2.52108318801042e-07,-1.008433275204168e-06,1.724569426188316e-07,0.2062940491215727
spin_dephasing__photon_scattering,spin_dephasing,photon_scattering,4.0,2.0,13.333333333333334,8.0,rates_0030c3ca7053f1df,rates_14c3539000a4de2d,rates_a6b00ad014b8547a,rates_7283b228c09abbcb,4.0,0.01038217707626854,0.0092763022154507,0.0093290005870588,0.0082214370008468,0.0103838658016627,-1.6887253941610947e-06,0.0021607400754217396,-0.0007815495317415651,-2.1109067427013684e-07,-2.52108318801042e-07,-2.016866550408336e-06,3.281411562472414e-07,0.19431291634614847
spin_dephasing__photon_scattering,spin_dephasing,photon_scattering,0.0,4.0,0.0,16.0,rates_57b91a072f7de420,rates_7283b228c09abbcb,rates_57b91a072f7de420,rates_7283b228c09abbcb,4.0,0.0104347671805105,0.0082214370008468,0.0104347671805105,0.0082214370008468,0.0104347671805105,0.0,0.0022133301796637,0.0,,-2.52108318801042e-07,-0.0,0.0,
spin_dephasing__photon_scattering,spin_dephasing,photon_scattering,0.5,4.0,1.6666666666666667,16.0,rates_f3d6a2fba2ee83bb,rates_a6ce76b38e46ff5e,rates_57b91a072f7de420,rates_7283b228c09abbcb,4.0,0.010566302873732503,0.0083533707467529,0.0104347671805105,0.0082214370008468,0.010566700926416601,-3.980526840988152e-07,0.0023448658728857028,-0.00016975499055259515,-1.990263420494076e-07,-2.52108318801042e-07,-5.04216637602084e-07,1.0616395350326879e-07,0.2667082970276215
spin_dephasing__photon_scattering,spin_dephasing,photon_scattering,1.0,4.0,3.3333333333333335,16.0,rates_fea8b8a55496db85,rates_87cf81c0f802ee14,rates_57b91a072f7de420,rates_7283b228c09abbcb,4.0,0.0106978150261752,0.0084853181318891,0.0104347671805105,0.0082214370008468,0.010698648311552802,-8.332853776021887e-07,0.0024763780253284004,-0.00033649360843915745,-2.0832134440054717e-07,-2.52108318801042e-07,-1.008433275204168e-06,1.7514789760197935e-07,0.21018957287595072
spin_dephasing__photon_scattering,spin_dephasing,photon_scattering,2.0,4.0,6.666666666666667,16.0,rates_bf5bd655768b8144,rates_b641ff121079f20c,rates_57b91a072f7de420,rates_7283b228c09abbcb,4.0,0.010960725692627071,0.0087490675917362,0.0104347671805105,0.0082214370008468,0.010962397771399901,-1.6720787728297104e-06,0.0027392886917802714,-0.0006104061896970128,-2.090098466037138e-07,-2.52108318801042e-07,-2.016866550408336e-06,3.4478777757862566e-07,0.20620307080098307
spin_dephasing__photon_scattering,spin_dephasing,photon_scattering,4.0,4.0,13.333333333333334,16.0,rates_6deed529f1dc36e9,rates_14c3539000a4de2d,rates_57b91a072f7de420,rates_7283b228c09abbcb,4.0,0.01148624685934363,0.0092763022154507,0.0104347671805105,0.0082214370008468,0.0114896323951144,-3.38553577076961e-06,0.0032648098584968296,-0.0010369779305703165,-2.1159598567310062e-07,-2.52108318801042e-07,-4.033733100816672e-06,6.481973300470623e-07,0.19146078314798373
