noise_source,noise_title,nbar,sector,mode,slope_per_rate_s,through_origin_relative_fit_residual,centered_R2_for_origin_fit,max_abs_coefficient_per_gate,max_abs_deviation_normalized_to_max_response,resolved_above_1e-7_per_gate
motional_heating,Motional heating/diffusion,0.01,H,IX,-1.8575040841177796e-10,0.8733241311084803,-1.6633165997741437,1.4709439969184754e-08,0.8737202716072726,False
motional_heating,Motional heating/diffusion,0.01,H,IY,-2.756327366845464e-10,0.38177824579370884,-0.5216939053163945,9.485936435852305e-09,0.47109532274335,False
motional_heating,Motional heating/diffusion,0.01,H,IZ,-3.485324409917082e-14,0.9997209165521578,-0.08825943838924477,4.8085694300859956e-11,1.0036240762045674,False
motional_heating,Motional heating/diffusion,0.01,H,XI,1.8481221589512466e-10,0.8436479317315171,0.25894374734264614,1.3543021997971017e-08,0.7149990900025889,False
motional_heating,Motional heating/diffusion,0.01,H,XX,7.728530719469905e-07,0.000642203341343157,0.9999987788201626,3.090303155123762e-05,0.000468303655323174,True
motional_heating,Motional heating/diffusion,0.01,H,XY,1.4181884198638685e-10,0.7759896923765343,-3.155121578510758,7.65603956112115e-09,0.907381067682454,False
motional_heating,Motional heating/diffusion,0.01,H,XZ,8.658603221422995e-11,0.7555727935178883,0.11132833515002061,4.801250093793847e-09,0.711964831167758,False
motional_heating,Motional heating/diffusion,0.01,H,YI,4.627288954756345e-12,0.9996794364787758,-0.00496388930552305,6.147188051778903e-09,0.9962362555726456,False
motional_heating,Motional heating/diffusion,0.01,H,YX,-1.4931857189836156e-10,0.8160218143438586,-1.1301585582704625,1.0341052344653507e-08,0.7112120373792292,False
motional_heating,Motional heating/diffusion,0.01,H,YY,1.857339727049057e-10,0.7358976036590722,0.09902593952323813,9.975996846748817e-09,0.6768960657439081,False
motional_heating,Motional heating/diffusion,0.01,H,YZ,4.7694493746106225e-11,0.7554151383845082,0.42369559496718867,2.657559453117113e-09,0.7248704395133596,False
motional_heating,Motional heating/diffusion,0.01,H,ZI,-5.767747837004323e-12,0.6399887499876492,-1.260425916305301,2.71881533856287e-10,0.5757161028778748,False
motional_heating,Motional heating/diffusion,0.01,H,ZX,9.350741881815636e-11,0.7399962076629841,0.09834440980477199,5.04486007799835e-09,0.6810807847267687,False
motional_heating,Motional heating/diffusion,0.01,H,ZY,2.3333879979707964e-10,0.44219649998496585,-4.098942216901414,7.4458087327910355e-09,0.5646816879055071,False
motional_heating,Motional heating/diffusion,0.01,H,ZZ,-2.7240610567451162e-17,0.9998944690159061,-0.034257161976641415,7.698024046755899e-14,1.0070772994217732,False
motional_heating,Motional heating/diffusion,0.01,S,IX,2.438100088174584e-05,1.0838375829238843e-05,0.999999999652687,0.000975235350424572,1.0384746213212753e-05,True
motional_heating,Motional heating/diffusion,0.01,S,IY,3.75204973856393e-11,0.8591158743302894,0.2585690254829055,2.7290368233463813e-09,0.6765843274343845,False
motional_heating,Motional heating/diffusion,0.01,S,IZ,6.587066709365507e-11,0.3188494795062103,0.7881534167157637,2.9500870427621485e-09,0.2666064830235002,False
motional_heating,Motional heating/diffusion,0.01,S,XI,2.4381217977776548e-05,2.6126179728162176e-05,0.9999999979818204,0.0009752345567071909,2.0108736348053185e-05,True
motional_heating,Motional heating/diffusion,0.01,S,XX,1.508437692539904e-08,0.010090597883295067,0.9996958539904967,6.002981445899907e-07,0.008660062648048665,True
motional_heating,Motional heating/diffusion,0.01,S,XY,-2.6352243080130615e-11,0.9429064329684197,-0.4820761404390028,3.5201789236709844e-09,0.9625697391360871,False
motional_heating,Motional heating/diffusion,0.01,S,XZ,8.304111185686372e-11,0.5372181705214509,0.6163445351034673,3.4411967118208467e-09,0.6116743787543398,False
motional_heating,Motional heating/diffusion,0.01,S,YI,5.203156634267943e-11,0.76382682802602,-0.2444599489902557,2.5708492849607417e-09,0.7976094256203199,False
motional_heating,Motional heating/diffusion,0.01,S,YX,2.8749080613488686e-11,0.8716943143186136,-1.189097228454115,2.4072100599469275e-09,0.8805709518590059,False
motional_heating,Motional heating/diffusion,0.01,S,YY,3.466628720615468e-11,0.9401663495756644,0.07959219650810023,3.217669015183767e-09,1.1077372689439744,False
motional_heating,Motional heating/diffusion,0.01,S,YZ,1.1740000375535896e-10,0.4741739720782862,0.7097978231933979,5.514658185505096e-09,0.4598125467586926,False
motional_heating,Motional heating/diffusion,0.01,S,ZI,8.187135881298214e-11,0.631429686897195,-0.0576892409049361,3.748910475090861e-09,0.6608438374994144,False
motional_heating,Motional heating/diffusion,0.01,S,ZX,5.744526703801956e-11,0.7222427216725127,0.15686510272609178,2.9634463401747592e-09,0.8061538477709304,False
motional_heating,Motional heating/diffusion,0.01,S,ZY,7.705760592977582e-11,0.8747693020852668,0.23123198100640863,6.067975477487097e-09,0.6207098802674043,False
motional_heating,Motional heating/diffusion,0.01,S,ZZ,1.3711794165741842e-10,0.5471840295804109,0.623689038575348,7.0006800954945225e-09,0.5228437331092429,False
motional_heating,Motional heating/diffusion,0.01,C,"IX,IY",4.8835254582775195e-11,0.5032606689871956,-1.0750417805256447,1.8539822785655611e-09,0.47318531414917986,False
motional_heating,Motional heating/diffusion,0.01,C,"IX,IZ",2.2774744326229894e-10,0.48843430251440656,-15.237510549936868,6.844569467125673e-09,0.5651083356067891,False
motional_heating,Motional heating/diffusion,0.01,C,"IX,XI",2.4381105393094394e-05,1.7174051137481797e-05,0.9999999991279421,0.0009752351667843592,1.1107539693703114e-05,True
motional_heating,Motional heating/diffusion,0.01,C,"IX,XX",2.8768831495971274e-10,0.46682511884450145,-1.8118351662581342,8.793619857660405e-09,0.6502388756775453,False
motional_heating,Motional heating/diffusion,0.01,C,"IX,XY",-1.5912534044066666e-10,0.7909343695639114,0.2119339463357809,9.763717462131493e-09,0.675369504153407,False
motional_heating,Motional heating/diffusion,0.01,C,"IX,XZ",-1.038329419472516e-10,0.30651750217125795,0.6110936771939028,3.531866776128934e-09,0.34524667182240304,False
motional_heating,Motional heating/diffusion,0.01,C,"IX,YI",4.208721562291539e-11,0.540611634877534,-1.5024622016444344,1.49235989637776e-09,0.5808524165634957,False
motional_heating,Motional heating/diffusion,0.01,C,"IX,YX",-6.90920959774921e-11,0.9544682961227869,0.06430727661957025,6.654650572596787e-09,1.1329063319425496,False
motional_heating,Motional heating/diffusion,0.01,C,"IX,YY",-9.803756616255528e-11,0.1548920754336969,0.926560685007673,3.6988078097764953e-09,0.1557537982520546,False
motional_heating,Motional heating/diffusion,0.01,C,"IX,YZ",5.778404997011373e-12,0.7925491422896086,-1.0258544259857225,3.35563885602791e-10,0.9139000761862184,False
motional_heating,Motional heating/diffusion,0.01,C,"IX,ZI",2.961701441515007e-11,0.8874200509946085,0.13761123095640304,2.144099613610032e-09,0.8618673580875109,False
motional_heating,Motional heating/diffusion,0.01,C,"IX,ZX",-9.95042755016464e-11,0.3496880490559905,0.23420898761777387,3.2772343771997094e-09,0.39275459702293514,False
motional_heating,Motional heating/diffusion,0.01,C,"IX,ZY",3.7157422988249947e-13,0.9988519515011914,-0.3878556663946642,2.3836887329757294e-10,0.9844117973650597,False
motional_heating,Motional heating/diffusion,0.01,C,"IX,ZZ",-1.6394896700298593e-10,0.2857017238250359,0.38503454404898096,5.702081496643349e-09,0.3056928018913245,False
motional_heating,Motional heating/diffusion,0.01,C,"IY,IZ",5.177587048892354e-11,0.7858745768847578,-1.4787497271903223,2.6555214705349684e-09,0.8050256001941003,False
motional_heating,Motional heating/diffusion,0.01,C,"IY,XI",3.23842315038783e-11,0.5524987467718007,-126.78035564321185,9.468696389280952e-10,0.7734527595358301,False
motional_heating,Motional heating/diffusion,0.01,C,"IY,XX",9.292658523116284e-11,0.7306205347492183,0.1129960673428696,4.987951765298121e-09,0.6631543359508804,False
motional_heating,Motional heating/diffusion,0.01,C,"IY,XY",5.1726267522764656e-11,0.7815968412104466,-3.524287654856143,2.684172964503745e-09,0.8072916007768228,False
motional_heating,Motional heating/diffusion,0.01,C,"IY,XZ",3.600604512052986e-11,0.9122692280718164,0.1671541521439741,3.269796262011593e-09,0.8474901107798131,False
motional_heating,Motional heating/diffusion,0.01,C,"IY,YI",3.1884894375853647e-11,0.8637120982818228,0.25078001565924857,2.4026042792668152e-09,0.5486870514992704,False
motional_heating,Motional heating/diffusion,0.01,C,"IY,YX",3.2023791569404845e-11,0.759015994501913,-2.11086138778003,1.7835971793297188e-09,0.6409078020471026,False
motional_heating,Motional heating/diffusion,0.01,C,"IY,YY",3.773881337202637e-11,0.9335493813925773,0.09717334245390108,3.671521133835333e-09,0.7522978115966998,False
motional_heating,Motional heating/diffusion,0.01,C,"IY,YZ",-5.986906751365177e-11,0.5032847770244715,0.40346419185537274,2.8328360766633828e-09,0.44614644802029113,False
motional_heating,Motional heating/diffusion,0.01,C,"IY,ZI",2.218202113116444e-11,0.3839736983208331,0.5152081047110311,9.476097814169183e-10,0.39519837406563363,False
motional_heating,Motional heating/diffusion,0.01,C,"IY,ZX",1.8628292230114367e-11,0.935504640192447,0.1008057746205181,1.8464909419294752e-09,0.8507312534685921,False
motional_heating,Motional heating/diffusion,0.01,C,"IY,ZY",-4.6440785075105735e-11,0.5818919988633527,0.5730556024938949,2.58705303510248e-09,0.49666928104256464,False
motional_heating,Motional heating/diffusion,0.01,C,"IY,ZZ",5.521148736339876e-11,0.6360242530674767,-1.4005549356459026,2.1067175855996772e-09,0.8230949057108461,False
motional_heating,Motional heating/diffusion,0.01,C,"IZ,XI",2.2321079937312445e-10,0.5420904507400477,-20.08282926612308,7.206604270588902e-09,0.6058950902915261,False
motional_heating,Motional heating/diffusion,0.01,C,"IZ,XX",-1.4735811933568768e-10,0.7658864575370491,-3.3700984182538045,7.798899137638915e-09,0.9055263334381961,False
motional_heating,Motional heating/diffusion,0.01,C,"IZ,XY",-3.055771139612181e-11,0.8681118753194265,0.2187548320808541,2.082089396203986e-09,0.9328899839936468,False
motional_heating,Motional heating/diffusion,0.01,C,"IZ,XZ",-3.1242606400993165e-11,0.649419608411368,0.4926117450868588,1.1801463560774738e-09,0.9781378622932299,False
motional_heating,Motional heating/diffusion,0.01,C,"IZ,YI",1.3181287899409545e-11,0.8879183859075762,0.16262758725201043,9.994683665225654e-10,0.8233497092500652,False
motional_heating,Motional heating/diffusion,0.01,C,"IZ,YX",-9.025101249787677e-11,0.651615707525028,-2.36956110921364,3.876983031536385e-09,0.8836066449559469,False
motional_heating,Motional heating/diffusion,0.01,C,"IZ,YY",-4.711845755209497e-12,0.9966845315715918,-0.4134213993434641,1.9431419705302276e-09,0.9515028152685748,False
motional_heating,Motional heating/diffusion,0.01,C,"IZ,YZ",-4.082547465749562e-11,0.8833562915022996,0.20943592497998076,3.1564440174154e-09,0.6711186402538961,False
motional_heating,Motional heating/diffusion,0.01,C,"IZ,ZI",-1.1973361696133894e-11,0.983314049236417,-0.6071292252747125,2.823517737630957e-09,0.9787970843310869,False
motional_heating,Motional heating/diffusion,0.01,C,"IZ,ZX",-3.2429325000273487e-12,0.9778435436248422,-0.7858154317508235,5.730477170439497e-10,0.9717045160152115,False
motional_heating,Motional heating/diffusion,0.01,C,"IZ,ZY",1.2655461960901255e-12,0.999338202762295,-0.5231160315546712,1.3550156369834234e-09,0.995330141728447,False
motional_heating,Motional heating/diffusion,0.01,C,"IZ,ZZ",-7.800809792772473e-11,0.5376944639529825,0.5299912240330471,4.059689984756766e-09,0.5034848182390719,False
motional_heating,Motional heating/diffusion,0.01,C,"XI,XX",1.4546464890500532e-11,0.9980102474441256,0.0008513384900451504,8.018350317431133e-09,1.0090707342000746,False
motional_heating,Motional heating/diffusion,0.01,C,"XI,XY",-1.576722872134405e-10,0.819700510512882,0.2052120501250434,1.032533636754181e-08,0.7568984671658371,False
motional_heating,Motional heating/diffusion,0.01,C,"XI,XZ",-1.3031425214082544e-10,0.2697716611346653,0.5700180821009313,4.394092472699561e-09,0.26907535153992485,False
motional_heating,Motional heating/diffusion,0.01,C,"XI,YI",-2.9728713343040896e-11,0.8974179842895206,-0.37133257249212415,2.6928795061396717e-09,0.7792050236539699,False
motional_heating,Motional heating/diffusion,0.01,C,"XI,YX",-7.968448011016764e-11,0.9297335154546378,0.008857954038729243,6.5836761804738025e-09,0.9394832932803562,False
motional_heating,Motional heating/diffusion,0.01,C,"XI,YY",-1.5509287227531317e-10,0.30670957403276716,0.2706644280142554,5.2447597782306655e-09,0.30242221166884076,False
motional_heating,Motional heating/diffusion,0.01,C,"XI,YZ",-4.160914360591273e-12,0.8279012011886505,-1.2418974497450939,2.8159754133682317e-10,0.9261194834862861,False
motional_heating,Motional heating/diffusion,0.01,C,"XI,ZI",5.779986913355971e-11,0.7804733322160893,0.16859691472154326,2.801402810241575e-09,0.8067052505573479,False
motional_heating,Motional heating/diffusion,0.01,C,"XI,ZX",-1.3498853824335598e-10,0.2943000821478154,0.6470924171270171,5.060745936456293e-09,0.3197272770270628,False
motional_heating,Motional heating/diffusion,0.01,C,"XI,ZY",-1.970479359966119e-12,0.9728508302396572,-0.753525950493332,2.718663880855659e-10,0.8550406047734052,False
motional_heating,Motional heating/diffusion,0.01,C,"XI,ZZ",-1.169841327812928e-10,0.13314378004202812,0.9262047935733726,4.398349244343068e-09,0.12112837257793545,False
motional_heating,Motional heating/diffusion,0.01,C,"XX,XY",6.005478342602192e-12,0.6088776652180073,-1.332744751326441,2.125000321324123e-10,0.8586946485998628,False
motional_heating,Motional heating/diffusion,0.01,C,"XX,XZ",2.6733626257081977e-10,0.3811398928709953,-0.5041757068765544,9.153130503187949e-09,0.47460976156061924,False
motional_heating,Motional heating/diffusion,0.01,C,"XX,YI",9.28446979551552e-11,0.7476514809206906,0.0993389552922429,5.058918349013718e-09,0.6912639778748176,False
motional_heating,Motional heating/diffusion,0.01,C,"XX,YX",-3.897817057992867e-12,0.8147863949375118,-0.5022770667353138,2.926607303495825e-10,0.7336289666647838,False
motional_heating,Motional heating/diffusion,0.01,C,"XX,YY",2.3028616612103812e-10,0.276549686931966,0.667411169385921,7.800691529882246e-09,0.3281125497613466,False
motional_heating,Motional heating/diffusion,0.01,C,"XX,YZ",-1.0439790469904858e-10,0.680420459910471,0.2048873863918219,5.498468760457699e-09,0.5895882110237627,False
motional_heating,Motional heating/diffusion,0.01,C,"XX,ZI",1.415340339134508e-10,0.8294030666127794,-1.0171505650313,1.0269066498950745e-08,0.7243487829630625,False
motional_heating,Motional heating/diffusion,0.01,C,"XX,ZX",-1.0882456305272262e-11,0.9982435071537527,-0.0083707420707968,6.2361219282551e-09,0.9912746604135776,False
motional_heating,Motional heating/diffusion,0.01,C,"XX,ZY",-1.3640833798146328e-10,0.6428477715013989,0.1383899533826347,6.739233617102631e-09,0.5570800907475066,False
motional_heating,Motional heating/diffusion,0.01,C,"XX,ZZ",-1.5836372686938996e-11,0.8732656627899458,0.14473104380536495,1.1251681291530062e-09,1.0356426343808574,False
motional_heating,Motional heating/diffusion,0.01,C,"XY,XZ",-1.107561641000814e-11,0.9706046323017694,0.007126170265095655,1.5928260978682672e-09,1.0347671865272394,False
motional_heating,Motional heating/diffusion,0.01,C,"XY,YI",5.172223562438933e-11,0.5448480528949634,-2.722337602418929,1.7600816569384047e-09,0.8427865391796134,False
motional_heating,Motional heating/diffusion,0.01,C,"XY,YX",-1.0737522727868723e-10,0.519054524982048,-2.2829736943656322,3.75773087022237e-09,0.7644431128778162,False
motional_heating,Motional heating/diffusion,0.01,C,"XY,YY",3.6776243199435304e-11,0.686575564159694,-2.0736859032459436,1.8546222692657677e-09,0.6034098823369055,False
motional_heating,Motional heating/diffusion,0.01,C,"XY,YZ",7.655692572599923e-11,0.591148468894394,0.37379460690274724,3.9279432306946325e-09,0.5594098113892422,False
motional_heating,Motional heating/diffusion,0.01,C,"XY,ZI",-6.07636789317866e-11,0.6697346184667843,0.14067124362080718,3.088772983040645e-09,0.6029317369663736,False
motional_heating,Motional heating/diffusion,0.01,C,"XY,ZX",5.3397512292291394e-11,0.4844228050197359,-0.69946957092902,2.0683424337749886e-09,0.5389836054372599,False
motional_heating,Motional heating/diffusion,0.01,C,"XY,ZY",6.542485907536409e-11,0.5265987033260683,0.3175271793073714,3.070520974548268e-09,0.41808342001935594,False
motional_heating,Motional heating/diffusion,0.01,C,"XY,ZZ",-7.929938950387186e-11,0.4976104316136886,0.3083465291933887,3.611734743724161e-09,0.41675169252980987,False
motional_heating,Motional heating/diffusion,0.01,C,"XZ,YI",5.382075632842336e-12,0.9927574856363527,-0.07336154663618877,1.2878605485061142e-09,1.0835816523626787,False
motional_heating,Motional heating/diffusion,0.01,C,"XZ,YX",-2.6232003804154488e-11,0.5978834344779962,0.4338563953318615,1.268478805393506e-09,0.5864021741219897,False
motional_heating,Motional heating/diffusion,0.01,C,"XZ,YY",1.164770859108621e-11,0.9865168766677911,-0.19587496704838303,2.370764634701641e-09,1.0245652993565768,False
motional_heating,Motional heating/diffusion,0.01,C,"XZ,YZ",-2.992201821506688e-11,0.5396120864377951,-0.1695426653275962,1.2127246079951185e-09,0.705156433989931,False
motional_heating,Motional heating/diffusion,0.01,C,"XZ,ZI",1.89792838235751e-11,0.7813021473070175,-1.322402942089961,1.1011563865956896e-09,0.9138211245259584,False
motional_heating,Motional heating/diffusion,0.01,C,"XZ,ZX",3.4563456938819176e-11,0.8404809636387691,0.2930153025878778,2.551476059809154e-09,0.5954544434235479,False
motional_heating,Motional heating/diffusion,0.01,C,"XZ,ZY",-5.2937599522644807e-11,0.320539378296306,0.7384499848742627,2.389547296170995e-09,0.28910600803349773,False
motional_heating,Motional heating/diffusion,0.01,C,"XZ,ZZ",2.325702439416543e-11,0.8562711041084371,0.23725732378468256,1.7657072672656527e-09,0.8672299682704248,False
motional_heating,Motional heating/diffusion,0.01,C,"YI,YX",5.3971751319927655e-11,0.8605504749181309,-0.7389186993199555,4.129702567037955e-09,0.738616762617657,False
motional_heating,Motional heating/diffusion,0.01,C,"YI,YY",-7.011203964504873e-13,0.9999709057984885,-0.49520987466122457,2.95599480388729e-09,0.9976281406329657,False
motional_heating,Motional heating/diffusion,0.01,C,"YI,YZ",-3.8775568482377084e-11,0.5681339551764099,0.4163934449931931,1.7236575688108654e-09,0.5205761712541541,False
motional_heating,Motional heating/diffusion,0.01,C,"YI,ZI",8.891311399002088e-12,0.9852503354434998,-0.32005676263093785,2.382633621626397e-09,0.9813414212779117,False
motional_heating,Motional heating/diffusion,0.01,C,"YI,ZX",-8.08583077755211e-11,0.8704242182675647,-1.5648098567991484,6.016181045741434e-09,0.865598612872934,False
motional_heating,Motional heating/diffusion,0.01,C,"YI,ZY",-3.691233244479975e-11,0.5108091818439925,-0.5200612742432051,1.2722987128249906e-09,0.6124722719395946,False
motional_heating,Motional heating/diffusion,0.01,C,"YI,ZZ",6.27299903945874e-11,0.29824796255698527,0.2038411386375445,2.1213557563443484e-09,0.2682782554288652,False
motional_heating,Motional heating/diffusion,0.01,C,"YX,YY",-1.1005116693740309e-11,0.9598881409915647,0.04873963590023467,1.6552196521259848e-09,1.033243674576982,False
motional_heating,Motional heating/diffusion,0.01,C,"YX,YZ",9.855886365581966e-11,0.5771425433977109,-1.712839104883403,3.378956928443012e-09,0.8541578573757752,False
motional_heating,Motional heating/diffusion,0.01,C,"YX,ZI",-4.591852675887635e-12,0.9968856746191789,-0.05000221775370761,1.7328344894501665e-09,0.9635306008279569,False
motional_heating,Motional heating/diffusion,0.01,C,"YX,ZX",-5.5665806850425023e-11,0.8439405648635486,0.07483441353315035,3.3128428356961182e-09,0.8319696719366764,False
motional_heating,Motional heating/diffusion,0.01,C,"YX,ZY",4.265200284273454e-11,0.8721029105603239,-2.779123676398511,2.4364856715313856e-09,0.912472288794691,False
motional_heating,Motional heating/diffusion,0.01,C,"YX,ZZ",-1.271706513551279e-10,0.49124633166504295,-2.614328504089517,4.389924542435931e-09,0.5047468569361723,False
motional_heating,Motional heating/diffusion,0.01,C,"YY,YZ",-5.244931564511638e-11,0.7420648250587804,0.4218037861829699,2.2164712949637963e-09,0.9210447857052229,False
motional_heating,Motional heating/diffusion,0.01,C,"YY,ZI",5.57075011608117e-11,0.6939706220331692,-1.497714086938407,2.7280871365905657e-09,0.8979000699544512,False
motional_heating,Motional heating/diffusion,0.01,C,"YY,ZX",-5.2115595683156493e-11,0.8596475551873928,-2.5645741890155644,3.0861879922840996e-09,0.8297755936594434,False
motional_heating,Motional heating/diffusion,0.01,C,"YY,ZY",-8.424504659069924e-11,0.3886280653713055,0.7835414931438756,3.851439599252612e-09,0.3820696116910783,False
motional_heating,Motional heating/diffusion,0.01,C,"YY,ZZ",1.1710820593343197e-11,0.8395492798486935,-3.674710329034422,6.998095972407027e-10,0.9163285225044205,False
motional_heating,Motional heating/diffusion,0.01,C,"YZ,ZI",2.923922900376911e-11,0.8288436562461624,-1.5356329269312017,2.050208437167381e-09,0.9286920576617889,False
motional_heating,Motional heating/diffusion,0.01,C,"YZ,ZX",-1.1841767924855051e-11,0.8517098219160409,0.27421467432942725,6.456106228761486e-10,0.9499891624492195,False
motional_heating,Motional heating/diffusion,0.01,C,"YZ,ZY",-1.1779008187195426e-11,0.9634212227557232,-0.8246358840787318,1.7156044513692262e-09,0.9313419350375631,False
motional_heating,Motional heating/diffusion,0.01,C,"YZ,ZZ",1.3072545439543563e-12,0.9998993340581348,-0.09355484162218763,3.50287984483939e-09,0.9981340288536013,False
motional_heating,Motional heating/diffusion,0.01,C,"ZI,ZX",2.68366135065871e-11,0.9049922622541033,-0.7100135311077362,2.7500272717548156e-09,0.951206641144576,False
motional_heating,Motional heating/diffusion,0.01,C,"ZI,ZY",-5.461585173828242e-11,0.9009667116541434,0.17485843195555362,4.609463146170542e-09,0.6318239262027071,False
motional_heating,Motional heating/diffusion,0.01,C,"ZI,ZZ",-1.2624870708438365e-10,0.47968739937657345,-1.838220243591549,4.3469852678125746e-09,0.6975011242603578,False
motional_heating,Motional heating/diffusion,0.01,C,"ZX,ZY",-4.0273168502583353e-11,0.5241353116115448,-1.6855756293387092,1.4595397819783126e-09,0.553797718509614,False
motional_heating,Motional heating/diffusion,0.01,C,"ZX,ZZ",6.388819909930213e-11,0.5210632967456845,-2.700067860770384,2.3300255503393094e-09,0.5011663278866372,False
motional_heating,Motional heating/diffusion,0.01,C,"ZY,ZZ",8.754854215437143e-11,0.5430847125755439,-1.5269791937118349,3.272459502502312e-09,0.7087970874082241,False
motional_heating,Motional heating/diffusion,0.01,A,"IX,IY",1.4089397275034712e-10,0.14152704917846237,0.9087834215808221,5.379251579634888e-09,0.15366951502197979,False
motional_heating,Motional heating/diffusion,0.01,A,"IX,IZ",-1.5799141047997438e-10,0.8370329866878832,0.21376836491158824,1.090474617011119e-08,0.782918972780787,False
motional_heating,Motional heating/diffusion,0.01,A,"IX,XI",2.0802485927893186e-10,0.7752259481080084,-1.811838933839403,9.799089522445448e-09,0.8938550062215282,False
motional_heating,Motional heating/diffusion,0.01,A,"IX,XX",1.9037380286050908e-10,0.8356156648789995,0.26714011083242273,1.3705875652632484e-08,0.7015785350212169,False
motional_heating,Motional heating/diffusion,0.01,A,"IX,XY",-2.1870539718520921e-10,0.29765585233115815,0.3142215894149213,7.719396338149424e-09,0.34977513283033945,False
motional_heating,Motional heating/diffusion,0.01,A,"IX,XZ",-1.3748812875136968e-11,0.7786948941065281,-5.593381889862651,7.229186838996083e-10,0.9049076114551892,False
motional_heating,Motional heating/diffusion,0.01,A,"IX,YI",1.50221520846043e-10,0.2560565737339817,0.48043164871193267,5.408477625847854e-09,0.2574097244421418,False
motional_heating,Motional heating/diffusion,0.01,A,"IX,YX",-1.5557255663954582e-11,0.9884047468819749,-0.023678625115874263,4.496158822171927e-09,1.0173006073397997,False
motional_heating,Motional heating/diffusion,0.01,A,"IX,YY",-9.830476997880291e-11,0.7388878740902678,0.16516040606222482,5.485779750723807e-09,0.692802259893538,False
motional_heating,Motional heating/diffusion,0.01,A,"IX,YZ",7.393289330581026e-11,0.646412634887321,-14.624890971356127,2.6929666806187255e-09,0.8627296545517902,False
motional_heating,Motional heating/diffusion,0.01,A,"IX,ZI",-7.393874789970296e-11,0.9150568433057442,0.0748266758259124,5.66241055176828e-09,1.0006980439736983,False
motional_heating,Motional heating/diffusion,0.01,A,"IX,ZX",2.11815614595514e-11,0.8959111919378527,-0.4493049202254449,2.0449874526458695e-09,0.7928440936677043,False
motional_heating,Motional heating/diffusion,0.01,A,"IX,ZY",-1.194805157470624e-10,0.6014964867974848,-33.72188437815927,3.928755767430473e-09,0.8479410240545363,False
motional_heating,Motional heating/diffusion,0.01,A,"IX,ZZ",-4.0619710346803406e-11,0.929046715164794,-0.004881946113888258,3.1666255067633613e-09,1.0669965320561219,False
motional_heating,Motional heating/diffusion,0.01,A,"IY,IZ",-5.7334301234866715e-11,0.3416638757643189,0.506867870854754,1.8855353766294514e-09,0.3571050417479948,False
motional_heating,Motional heating/diffusion,0.01,A,"IY,XI",-1.5094118465159479e-10,0.2876954749710498,0.47271088101060454,5.383700940431864e-09,0.33402449874981593,False
motional_heating,Motional heating/diffusion,0.01,A,"IY,XX",1.9145299380804569e-10,0.4512630109104249,0.30686166282095517,7.325845329767196e-09,0.5340113286872393,False
motional_heating,Motional heating/diffusion,0.01,A,"IY,XY",-1.896004611730619e-12,0.9978130269998012,0.0014263258752832408,1.0646639597798188e-09,1.008904239663202,False
motional_heating,Motional heating/diffusion,0.01,A,"IY,XZ",-1.5910981401243644e-11,0.9561527443946337,-0.5386798057923299,1.784423901582356e-09,0.9108340715054623,False
motional_heating,Motional heating/diffusion,0.01,A,"IY,YI",5.8217609247002255e-12,0.8854781084140033,0.2025325117566108,4.123076747093916e-10,1.1411994314392424,False
motional_heating,Motional heating/diffusion,0.01,A,"IY,YX",-4.749919742605838e-11,0.42882617241308957,-0.5741436235517032,1.502945849557947e-09,0.46985834107198665,False
motional_heating,Motional heating/diffusion,0.01,A,"IY,YY",-3.216656198599968e-11,0.7304144044546245,0.188684032451223,1.7931248061244142e-09,0.7374232969804555,False
motional_heating,Motional heating/diffusion,0.01,A,"IY,YZ",4.980267497151758e-12,0.633050035785597,0.5272836635270213,2.622789743696485e-10,0.6534220191792228,False
motional_heating,Motional heating/diffusion,0.01,A,"IY,ZI",-5.726524914821698e-11,0.09764347049520147,0.9672662493823574,2.1732599529922225e-09,0.10047173757866032,False
motional_heating,Motional heating/diffusion,0.01,A,"IY,ZX",-1.5575305335527075e-11,0.7064141190472155,-2.0356418018468574,7.725317156146741e-10,0.8991931009386819,False
motional_heating,Motional heating/diffusion,0.01,A,"IY,ZY",3.24267800713816e-11,0.3467711108222916,0.8143127114034078,1.5625147099127638e-09,0.21446190156696018,False
motional_heating,Motional heating/diffusion,0.01,A,"IY,ZZ",6.177828714552602e-11,0.8252362390178226,0.31461302741685426,4.522526949210667e-09,0.6563283017374962,False
motional_heating,Motional heating/diffusion,0.01,A,"IZ,XI",1.7915276461532424e-10,0.7705637023733444,0.23325279060464,1.0958299133829294e-08,0.7394281251908502,False
motional_heating,Motional heating/diffusion,0.01,A,"IZ,XX",7.046488300532939e-11,0.5579355695334222,-3.2655963126946608,2.635429697234518e-09,0.5688782719567529,False
motional_heating,Motional heating/diffusion,0.01,A,"IZ,XY",-1.8756224994271203e-11,0.8327719134347544,-0.7301835721120267,1.2572555317799314e-09,0.8508161267127814,False
motional_heating,Motional heating/diffusion,0.01,A,"IZ,XZ",5.092011756409017e-11,0.8353922762410261,0.26137193145100446,3.706182297150609e-09,0.8311844658512814,False
motional_heating,Motional heating/diffusion,0.01,A,"IZ,YI",3.710697108752011e-11,0.49170280700626307,0.6735555962526928,1.5468075808709357e-09,0.6186057628885997,False
motional_heating,Motional heating/diffusion,0.01,A,"IZ,YX",-4.3421765801085276e-11,0.840548263733892,0.28294171603261475,3.2429484670405304e-09,0.7847998095632002,False
motional_heating,Motional heating/diffusion,0.01,A,"IZ,YY",4.833461695106643e-11,0.689585132621012,0.34939316867262926,2.7939331336688808e-09,0.6501009485457256,False
motional_heating,Motional heating/diffusion,0.01,A,"IZ,YZ",3.260097055611665e-11,0.8381294276700786,-1.488388426247214,1.935785428704382e-09,0.8771229997080658,False
motional_heating,Motional heating/diffusion,0.01,A,"IZ,ZI",-3.055171759372471e-11,0.5265024355058826,-2.0107968412711252,1.0832550605707395e-09,0.7733233006633758,False
motional_heating,Motional heating/diffusion,0.01,A,"IZ,ZX",8.470860306214034e-11,0.37926755085434316,0.6671504581190479,3.9433321400267794e-09,0.34006052091128314,False
motional_heating,Motional heating/diffusion,0.01,A,"IZ,ZY",3.3271552196107614e-11,0.7053793143185142,-8.16362993914293,1.2915766700313678e-09,0.7423958409275109,False
motional_heating,Motional heating/diffusion,0.01,A,"IZ,ZZ",-1.7595005851158812e-11,0.74125261917942,0.20318579202699738,8.880640965945471e-10,0.6374361977261161,False
motional_heating,Motional heating/diffusion,0.01,A,"XI,XX",-1.7725612436726747e-10,0.8807371301981608,-1.5495212233653488,1.4587575734950647e-08,0.8784882919630188,False
motional_heating,Motional heating/diffusion,0.01,A,"XI,XY",-2.2307431930780415e-10,0.3387729688665317,-0.5415997658252332,7.690084708248745e-09,0.3496231062039582,False
motional_heating,Motional heating/diffusion,0.01,A,"XI,XZ",-5.217727400245889e-11,0.495508671063523,-1.2620682638430254,1.9633339787863077e-09,0.4684829523022486,False
motional_heating,Motional heating/diffusion,0.01,A,"XI,YI",1.4255466251660873e-10,0.1944850725293492,0.8574895078242863,5.129450996261099e-09,0.2159179638094582,False
motional_heating,Motional heating/diffusion,0.01,A,"XI,YX",-2.2600374624321005e-11,0.9652233248478372,0.004625657800006899,3.195333189347222e-09,1.035364660404848,False
motional_heating,Motional heating/diffusion,0.01,A,"XI,YY",-1.4518251203999836e-10,0.5898855018734096,0.1676047702804827,6.8840057918873045e-09,0.4982538266483262,False
motional_heating,Motional heating/diffusion,0.01,A,"XI,YZ",1.0547429638587458e-10,0.7392322657983699,-7.723846626887651,4.7349553000748e-09,0.8886216556424424,False
motional_heating,Motional heating/diffusion,0.01,A,"XI,ZI",-9.414088321500984e-11,0.9150704329849592,0.07302554278106221,7.043116207294948e-09,0.9258973971516253,False
motional_heating,Motional heating/diffusion,0.01,A,"XI,ZX",-1.8218838725167094e-11,0.5680196160107578,-3.867027878312939,6.374299551289056e-10,0.8570914452750911,False
motional_heating,Motional heating/diffusion,0.01,A,"XI,ZY",-7.23545103665218e-11,0.697360190240869,-19.62940830066277,2.759999209883991e-09,0.8689229509425058,False
motional_heating,Motional heating/diffusion,0.01,A,"XI,ZZ",-8.730667784493314e-11,0.7170099889997007,0.09643301048412811,4.587438132184273e-09,0.665792399497218,False
motional_heating,Motional heating/diffusion,0.01,A,"XX,XY",5.116268904685438e-10,0.3643418197931941,-0.8005644610550453,1.7611081304925608e-08,0.3827768276357824,False
motional_heating,Motional heating/diffusion,0.01,A,"XX,XZ",1.9400538830496726e-10,0.8685420009585466,0.18362664469298595,1.412192105842545e-08,0.7989844058012626,False
motional_heating,Motional heating/diffusion,0.01,A,"XX,YI",-6.54893885452832e-11,0.9316923396143751,0.1303051092776163,6.438085179893546e-09,0.9759761925750838,False
motional_heating,Motional heating/diffusion,0.01,A,"XX,YX",3.61195025505384e-11,0.9920170986966557,0.014121051039271859,9.874885345155378e-09,1.0182885680633542,False
motional_heating,Motional heating/diffusion,0.01,A,"XX,YY",-1.053423562694093e-12,0.6980599700002991,0.49189180221922746,6.356039054526269e-11,0.40000291546669525,False
motional_heating,Motional heating/diffusion,0.01,A,"XX,YZ",-2.1703542971699685e-10,0.4493214544608065,-3.9807379730599894,6.799457397166905e-09,0.5705054300399496,False
motional_heating,Motional heating/diffusion,0.01,A,"XX,ZI",-3.043321707334903e-12,0.9976754368365648,-0.006386747295473949,1.589366101949208e-09,1.0382960439838569,False
motional_heating,Motional heating/diffusion,0.01,A,"XX,ZX",5.085046578550183e-11,0.9874850076974355,0.01889007514602814,9.060372832010609e-09,1.1122480646841495,False
motional_heating,Motional heating/diffusion,0.01,A,"XX,ZY",-3.3755055501360157e-11,0.8724138229728761,0.2322770635663748,2.054773404058941e-09,1.0530713603497697,False
motional_heating,Motional heating/diffusion,0.01,A,"XX,ZZ",1.853058456534004e-10,0.734254149782165,0.09997809148394687,9.936633453210468e-09,0.673634042442926,False
motional_heating,Motional heating/diffusion,0.01,A,"XY,XZ",3.9634154033096385e-11,0.8498316820161529,0.1214791925566665,2.616721704608072e-09,0.8757862354682324,False
motional_heating,Motional heating/diffusion,0.01,A,"XY,YI",-6.218823668913041e-12,0.9793491210052523,0.03272568198369552,9.72828624746283e-10,1.127850343024907,False
motional_heating,Motional heating/diffusion,0.01,A,"XY,YX",4.008593358976662e-11,0.10999459861015248,0.953411017718659,1.5198308680625685e-09,0.11020533850846595,False
motional_heating,Motional heating/diffusion,0.01,A,"XY,YY",1.628762621904408e-11,0.9356457688828936,0.11014483999580937,1.6359391650535433e-09,0.8583960979130647,False
motional_heating,Motional heating/diffusion,0.01,A,"XY,YZ",3.141673452393968e-11,0.5756053924782903,-0.3312852318309656,1.3113536296776376e-09,0.6939973214637332,False
motional_heating,Motional heating/diffusion,0.01,A,"XY,ZI",5.2254111415347356e-11,0.8117158899286789,0.3277262260962701,3.751442245289312e-09,0.6902245747888885,False
motional_heating,Motional heating/diffusion,0.01,A,"XY,ZX",2.843006149812818e-11,0.5615165273172783,0.3498804452667237,1.2991303400842156e-09,0.5390800044318197,False
motional_heating,Motional heating/diffusion,0.01,A,"XY,ZY",-2.6941071425971152e-11,0.9673445456918706,-0.028835301375504496,3.3051187286188625e-09,0.8263080293059659,False
motional_heating,Motional heating/diffusion,0.01,A,"XY,ZZ",2.768093964809604e-11,0.8423310685518325,-1.2763230633412501,1.9911947626411006e-09,0.7219665281624152,False
motional_heating,Motional heating/diffusion,0.01,A,"XZ,YI",4.44193216042514e-11,0.7348180887008873,-7.706867561328025,2.0218417822936885e-09,0.8901513412343777,False
motional_heating,Motional heating/diffusion,0.01,A,"XZ,YX",-7.867577461028854e-11,0.6211758814466858,-6.3715029892968,3.0108191597225443e-09,0.8693449017749396,False
motional_heating,Motional heating/diffusion,0.01,A,"XZ,YY",-8.121999583203695e-12,0.9789868837831419,-0.1284576129812396,1.0843664468361216e-09,1.023910823562252,False
motional_heating,Motional heating/diffusion,0.01,A,"XZ,YZ",2.7775436979383615e-11,0.876391066628109,-0.14739064591444917,1.5834515867950012e-09,1.0271240422493295,False
motional_heating,Motional heating/diffusion,0.01,A,"XZ,ZI",-9.429546470147757e-11,0.5158431437764601,0.1637125514623351,4.194484842379945e-09,0.4107238237138951,False
motional_heating,Motional heating/diffusion,0.01,A,"XZ,ZX",1.5594763505032416e-11,0.7997584989298151,-5.2292334733857935,7.856360472337759e-10,0.9007507130054586,False
motional_heating,Motional heating/diffusion,0.01,A,"XZ,ZY",8.866803648145392e-11,0.43610500812954767,0.5071488841375936,4.0807138575385925e-09,0.3644613263091253,False
motional_heating,Motional heating/diffusion,0.01,A,"XZ,ZZ",7.02291819769789e-11,0.7792537954876714,0.3881957303929475,4.523708395229879e-09,0.6202080130639457,False
motional_heating,Motional heating/diffusion,0.01,A,"YI,YX",-9.510582859891213e-11,0.8056815636476097,-3.23275630125448,5.641328617223767e-09,0.8314123585913065,False
motional_heating,Motional heating/diffusion,0.01,A,"YI,YY",-6.252049416638334e-11,0.6098125321178891,-3.030177088742703,2.426875433122027e-09,0.8711913819038611,False
motional_heating,Motional heating/diffusion,0.01,A,"YI,YZ",3.013057530649988e-11,0.6395419122721471,0.4105090804643504,1.4350276110307316e-09,0.5064017358484325,False
motional_heating,Motional heating/diffusion,0.01,A,"YI,ZI",-8.798250904926787e-11,0.7988036070961879,-5.177940236982474,4.563568156976351e-09,0.8072067600989622,False
motional_heating,Motional heating/diffusion,0.01,A,"YI,ZX",2.8535863987179023e-11,0.9231395496523309,-0.0461519441606022,2.4820039926315776e-09,0.8850289360053627,False
motional_heating,Motional heating/diffusion,0.01,A,"YI,ZY",2.3611386276113814e-11,0.18610850183678582,0.896830194512928,9.996352485268379e-10,0.14743343357674074,False
motional_heating,Motional heating/diffusion,0.01,A,"YI,ZZ",1.1101767052959453e-11,0.9800676368525281,-0.08439566320157432,2.0127546780521045e-09,1.0551570798667997,False
motional_heating,Motional heating/diffusion,0.01,A,"YX,YY",1.065978032363777e-10,0.5335230995517793,-1.7870776756875109,3.8247674282604765e-09,0.601485945727949,False
motional_heating,Motional heating/diffusion,0.01,A,"YX,YZ",-5.224848806287989e-11,0.8130736167333549,0.32917508381899374,3.7000258686811297e-09,0.5688581145811881,False
motional_heating,Motional heating/diffusion,0.01,A,"YX,ZI",-4.9312582050398253e-11,0.863834843260418,-0.12664186822216372,3.4459240483443844e-09,0.8568959113475215,False
motional_heating,Motional heating/diffusion,0.01,A,"YX,ZX",2.1801928688588614e-11,0.9389632893255699,0.10808589502558019,2.351885481571855e-09,1.0926997885714127,False
motional_heating,Motional heating/diffusion,0.01,A,"YX,ZY",3.788189195861514e-11,0.7396434982863886,-3.708735592561082,1.947825952065372e-09,0.8055170590655331,False
motional_heating,Motional heating/diffusion,0.01,A,"YX,ZZ",-3.477551014941137e-11,0.8188899547372532,-2.4309600624646066,2.2867666199476293e-09,0.9239635784297748,False
motional_heating,Motional heating/diffusion,0.01,A,"YY,YZ",-8.969960423579535e-12,0.9922678662925203,-0.12930463175236295,3.1096182412897883e-09,0.9423082852777515,False
motional_heating,Motional heating/diffusion,0.01,A,"YY,ZI",-1.1846281576723455e-10,0.42465134839352026,-1.9294952292714473,3.832570413940735e-09,0.5467293472659234,False
motional_heating,Motional heating/diffusion,0.01,A,"YY,ZX",4.1891712194600136e-11,0.6130113036922553,0.452782201285013,1.8747636460325314e-09,0.5530987355845792,False
motional_heating,Motional heating/diffusion,0.01,A,"YY,ZY",6.809613423748076e-11,0.3462987031515741,0.35978635096995915,2.7217293468064617e-09,0.28834936738779965,False
motional_heating,Motional heating/diffusion,0.01,A,"YY,ZZ",3.185600770461714e-11,0.9766796261841998,-0.0485915862760502,5.8963416393594026e-09,1.0270133666373495,False
motional_heating,Motional heating/diffusion,0.01,A,"YZ,ZI",8.856252924463975e-11,0.39431118723291164,0.585043661982957,3.838204773231013e-09,0.3730805425654904,False
motional_heating,Motional heating/diffusion,0.01,A,"YZ,ZX",-6.71959333460033e-11,0.3485610577334631,0.6263655857016317,2.563048059176501e-09,0.31937774960608717,False
motional_heating,Motional heating/diffusion,0.01,A,"YZ,ZY",-8.854596984680863e-11,0.23834427082959989,0.8808098091053714,3.90959150788417e-09,0.19608507194190314,False
motional_heating,Motional heating/diffusion,0.01,A,"YZ,ZZ",-6.182325048384713e-11,0.6689468841945078,-0.515887340600097,2.784995708183201e-09,0.6272182522424418,False
motional_heating,Motional heating/diffusion,0.01,A,"ZI,ZX",-7.164259307560147e-13,0.9999496354928769,-0.17540312534902136,3.1090841826977526e-09,0.9976957010854097,False
motional_heating,Motional heating/diffusion,0.01,A,"ZI,ZY",-5.925513802385376e-12,0.9491781754504973,0.037897769305603624,5.813700651838632e-10,1.067402066657673,False
motional_heating,Motional heating/diffusion,0.01,A,"ZI,ZZ",4.1070937381245016e-11,0.6043079103544816,0.5694884482164926,1.7464827210630138e-09,0.8071606093308104,False
motional_heating,Motional heating/diffusion,0.01,A,"ZX,ZY",1.5699984149887326e-11,0.7963619222253128,-1.1292198603344845,9.723237293310963e-10,0.6770626145123902,False
motional_heating,Motional heating/diffusion,0.01,A,"ZX,ZZ",3.95304729851256e-11,0.9185644561745674,0.14526131837285738,3.6504294792442075e-09,0.8133472944430651,False
motional_heating,Motional heating/diffusion,0.01,A,"ZY,ZZ",-9.892745524862341e-11,0.13244641281217037,0.9228090836309045,3.815939560662913e-09,0.140438909267488,False
motional_heating,Motional heating/diffusion,1.0,H,IX,-2.1997898989831624e-11,0.9933518363590474,-0.7711839214814373,5.9034426357127574e-09,0.9627371682130766,False
motional_heating,Motional heating/diffusion,1.0,H,IY,4.0815993274319304e-11,0.836746097863753,0.2317062092571316,2.6507101634657227e-09,0.8991143181235463,False
motional_heating,Motional heating/diffusion,1.0,H,IZ,-7.553631349717015e-12,0.8322166688640791,-0.21551908597486524,5.39668517071436e-10,0.7200640352078519,False
motional_heating,Motional heating/diffusion,1.0,H,XI,-2.489121971534415e-10,0.5404214816617241,-6.579391059283937,8.131492874423958e-09,0.6462749084535265,False
motional_heating,Motional heating/diffusion,1.0,H,XX,7.963826208269595e-07,0.0002841632493998349,0.9999997611735814,3.1856394223791e-05,0.00029501393735356635,True
motional_heating,Motional heating/diffusion,1.0,H,XY,1.9333948219036713e-11,0.9866200044449,0.022458156625504766,4.163071103193961e-09,1.0928831035540252,False
motional_heating,Motional heating/diffusion,1.0,H,XZ,5.046443695834872e-11,0.6756839467567329,0.0726746121321934,2.2071643559875566e-09,0.7713607651308355,False
motional_heating,Motional heating/diffusion,1.0,H,YI,-5.656684875063936e-11,0.9352605001947218,-0.367155025084146,7.009713745771038e-09,0.8386043972629662,False
motional_heating,Motional heating/diffusion,1.0,H,YX,2.0919472943530055e-10,0.3717963644638747,0.8022616230958088,9.880068088288221e-09,0.2904003838885713,False
motional_heating,Motional heating/diffusion,1.0,H,YY,1.1479248887458372e-10,0.6851042526660811,-0.21857197735937994,5.325492131321102e-09,0.7844471721224626,False
motional_heating,Motional heating/diffusion,1.0,H,YZ,2.1279139812601407e-12,0.9962759263833195,0.0058091586148266705,8.200842005421332e-10,1.0259475061201453,False
motional_heating,Motional heating/diffusion,1.0,H,ZI,6.5674717173968126e-12,0.7520418718055231,0.41535024405771315,2.982722929317935e-10,1.091768018849176,False
motional_heating,Motional heating/diffusion,1.0,H,ZX,4.967364023472718e-11,0.7001268817576769,-0.06233723695624338,2.3963500585731798e-09,0.7927112524440457,False
motional_heating,Motional heating/diffusion,1.0,H,ZY,-9.41049518138184e-11,0.5771241741787455,0.22998530698432307,4.164099275139588e-09,0.5480177315865562,False
motional_heating,Motional heating/diffusion,1.0,H,ZZ,-1.2188734879530204e-17,0.4599578748490294,0.5241190036076879,4.995719429779523e-16,0.5120328492880101,False
motional_heating,Motional heating/diffusion,1.0,S,IX,2.3910402040136903e-05,1.449489076048239e-05,0.9999999993788079,0.0009564083383267654,1.0977693946066775e-05,True
motional_heating,Motional heating/diffusion,1.0,S,IY,-8.612436420879479e-12,0.9925988714722904,-0.7130683475900457,2.871797604272119e-09,0.9850051472846354,False
motional_heating,Motional heating/diffusion,1.0,S,IZ,-1.2155097603384177e-11,0.9904313687381341,-0.34153083934272366,2.8836767920368753e-09,0.9156972262845139,False
motional_heating,Motional heating/diffusion,1.0,S,XI,2.391020494734075e-05,2.0332818020388885e-05,0.999999998777641,0.0009563980610488184,1.4934837781352023e-05,True
motional_heating,Motional heating/diffusion,1.0,S,XX,3.425140609308963e-08,0.008432928985237578,0.9997854336801484,1.363656338733329e-06,0.00643305653725627,True
motional_heating,Motional heating/diffusion,1.0,S,XY,-8.773126898100712e-11,0.5841995366079294,0.2792295316669806,3.771637962558284e-09,0.629855680898325,False
motional_heating,Motional heating/diffusion,1.0,S,XZ,-2.2927257700140074e-11,0.8113005883677021,-0.18574667004483136,1.2692580498050799e-09,0.7363158593607847,False
motional_heating,Motional heating/diffusion,1.0,S,YI,3.8072237171736146e-11,0.7393253617428938,-6.058443369026981,1.7919488016782939e-09,0.8937686245944118,False
motional_heating,Motional heating/diffusion,1.0,S,YX,-1.1255142700072816e-10,0.6952935338744677,-1.3593344238740581,4.473090750292598e-09,0.8741905392894546,False
motional_heating,Motional heating/diffusion,1.0,S,YY,3.198351119347759e-11,0.8231566073659126,-0.0955095909427004,2.5484851911075634e-09,0.7489998269946576,False
motional_heating,Motional heating/diffusion,1.0,S,YZ,2.206875781260613e-11,0.39585102431001185,0.7803766202884526,1.0412198910686975e-09,0.340186712921111,False
motional_heating,Motional heating/diffusion,1.0,S,ZI,-4.357163612529836e-11,0.9421481433693322,-1.5775052982147617,4.142353561442549e-09,0.9474071497289999,False
motional_heating,Motional heating/diffusion,1.0,S,ZX,7.940807496508352e-11,0.37910076903846973,0.7350644732070326,3.810511538899705e-09,0.2737808477836711,False
motional_heating,Motional heating/diffusion,1.0,S,ZY,7.793588013259152e-11,0.3326039841902022,0.825694127662937,3.4859930440460938e-09,0.32771397279029224,False
motional_heating,Motional heating/diffusion,1.0,S,ZZ,8.070634762292296e-11,0.4567804625277537,0.7234111280985532,4.150618690054991e-09,0.2951474157284016,False
motional_heating,Motional heating/diffusion,1.0,C,"IX,IY",-2.1135104328536185e-11,0.5632090794038439,0.051383899581561976,7.48726623394237e-10,0.6353597161479327,False
motional_heating,Motional heating/diffusion,1.0,C,"IX,IZ",-2.626053340509939e-11,0.7985788732610939,-2.1032920094234826,1.5415202227522621e-09,0.6592904456587239,False
motional_heating,Motional heating/diffusion,1.0,C,"IX,XI",2.3910274541754822e-05,1.8123180912501592e-05,0.9999999990288879,0.0009564015737997178,1.20663349224339e-05,True
motional_heating,Motional heating/diffusion,1.0,C,"IX,XX",2.0339937604616117e-11,0.9460203074717826,0.1038396175612285,2.1047874543709214e-09,0.9446235017014467,False
motional_heating,Motional heating/diffusion,1.0,C,"IX,XY",5.3689571720019e-12,0.9945206944368061,-0.06363167760368116,1.4466883017581405e-09,1.074224104328169,False
motional_heating,Motional heating/diffusion,1.0,C,"IX,XZ",5.115610362905751e-11,0.6819655070858108,-0.5513381804251756,2.694255871372719e-09,0.620258015041507,False
motional_heating,Motional heating/diffusion,1.0,C,"IX,YI",4.900235517294155e-12,0.8894410868101668,-0.14563081753090223,3.5972767677371847e-10,0.9318896510654562,False
motional_heating,Motional heating/diffusion,1.0,C,"IX,YX",1.0097886185347065e-11,0.9970407423789961,-0.6860235122923741,4.639226158380274e-09,0.9891168420760148,False
motional_heating,Motional heating/diffusion,1.0,C,"IX,YY",6.062056119435472e-11,0.5114362851977857,-0.1700153083177538,2.3836636134545996e-09,0.49136647593912414,False
motional_heating,Motional heating/diffusion,1.0,C,"IX,YZ",-5.978358310746425e-12,0.885017761457471,-0.24460851348557355,5.834901291906479e-10,0.7950827953494627,False
motional_heating,Motional heating/diffusion,1.0,C,"IX,ZI",6.566401755506648e-11,0.5504033287040507,0.6400440476385225,3.189120691929118e-09,0.5431152628326988,False
motional_heating,Motional heating/diffusion,1.0,C,"IX,ZX",9.473493882691595e-11,0.1319650212959525,0.9589266197763084,3.884045643672571e-09,0.13783687907148506,False
motional_heating,Motional heating/diffusion,1.0,C,"IX,ZY",-4.885929532212554e-12,0.9654086627497567,0.06211990269683354,6.269005975665105e-10,1.1558757337663625,False
motional_heating,Motional heating/diffusion,1.0,C,"IX,ZZ",5.3469402417960315e-11,0.6280399039284325,-0.11265355903633556,2.209009406085277e-09,0.5884221975331585,False
motional_heating,Motional heating/diffusion,1.0,C,"IY,IZ",1.86328313224943e-12,0.9982286214806929,-0.2105161012061194,1.0378990811219828e-09,0.9820475500350652,False
motional_heating,Motional heating/diffusion,1.0,C,"IY,XI",-5.880111006801353e-12,0.7325190741648697,-1.8366653072906298,2.760976514128559e-10,0.893513925657979,False
motional_heating,Motional heating/diffusion,1.0,C,"IY,XX",6.395317303289025e-11,0.6794368705402459,-0.21614990933390588,2.953008204512686e-09,0.7834304255058987,False
motional_heating,Motional heating/diffusion,1.0,C,"IY,XY",-2.074750616641856e-11,0.9334945009743837,0.09651557369369168,1.622299822594251e-09,1.255628938632524,False
motional_heating,Motional heating/diffusion,1.0,C,"IY,XZ",-4.612264467409836e-11,0.6668578608615845,-1.140458165736153,2.0257440334657875e-09,0.8861587547287787,False
motional_heating,Motional heating/diffusion,1.0,C,"IY,YI",1.888579395923776e-11,0.5893548982981077,0.28183736251449243,7.41024899264805e-10,0.7451395495890222,False
motional_heating,Motional heating/diffusion,1.0,C,"IY,YX",2.7070206551554314e-13,0.9998601594754598,-0.28713426091909344,4.665836876182248e-10,0.9941982098238925,False
motional_heating,Motional heating/diffusion,1.0,C,"IY,YY",1.1205353042265497e-12,0.9987450316195167,-0.031020259187322985,8.187075435813142e-10,1.0068433185513652,False
motional_heating,Motional heating/diffusion,1.0,C,"IY,YZ",8.47286688649925e-12,0.9821283195568554,-0.43296487634290326,1.719850485402544e-09,0.9014697270673955,False
motional_heating,Motional heating/diffusion,1.0,C,"IY,ZI",1.5022318283569564e-11,0.8723549918751113,0.15663930619741462,9.605213255229166e-10,1.0075027390985227,False
motional_heating,Motional heating/diffusion,1.0,C,"IY,ZX",4.442742023313546e-12,0.9590458344798608,0.06609092073164036,6.453587586396822e-10,1.034420715329549,False
motional_heating,Motional heating/diffusion,1.0,C,"IY,ZY",-6.348114000712249e-11,0.6239528141704598,0.5228944171816308,3.678875725457823e-09,0.5294016380916934,False
motional_heating,Motional heating/diffusion,1.0,C,"IY,ZZ",1.878009889032396e-11,0.7312590573288115,0.4501090013306771,1.0220253059712495e-09,0.8165819379033231,False
motional_heating,Motional heating/diffusion,1.0,C,"IZ,XI",-1.7264376312497898e-11,0.9072937617525855,0.014853571423270373,1.8610611216471962e-09,0.8144673905474156,False
motional_heating,Motional heating/diffusion,1.0,C,"IZ,XX",-2.7256478661854134e-11,0.9710380989240374,0.035611823981484214,3.740265615503288e-09,1.1457462194603338,False
motional_heating,Motional heating/diffusion,1.0,C,"IZ,XY",9.965539822980689e-11,0.595677659122697,-0.3206539207256198,4.222984003255193e-09,0.7640166333734872,False
motional_heating,Motional heating/diffusion,1.0,C,"IZ,XZ",-1.8325884422296962e-11,0.44826005297128535,0.3070567198881877,7.554565833105585e-10,0.5264326633468374,False
motional_heating,Motional heating/diffusion,1.0,C,"IZ,YI",4.563442492322723e-11,0.46136591695410334,-0.3327267205595672,1.4404300857675591e-09,0.5762362859143364,False
motional_heating,Motional heating/diffusion,1.0,C,"IZ,YX",-2.4668547725210567e-11,0.8122370983527173,0.19795205036093566,1.2151199589469007e-09,0.9950163397968261,False
motional_heating,Motional heating/diffusion,1.0,C,"IZ,YY",4.608999349306579e-11,0.5667288790701152,0.6048990459346497,2.4797392294183684e-09,0.4303353138817387,False
motional_heating,Motional heating/diffusion,1.0,C,"IZ,YZ",-2.5777661627418308e-11,0.7758416631181118,0.3707656995489593,1.6234739941303311e-09,0.6416294996963313,False
motional_heating,Motional heating/diffusion,1.0,C,"IZ,ZI",-3.766647371299854e-11,0.731546833466773,-2.1171260794703963,1.706923216551628e-09,0.7548884840374442,False
motional_heating,Motional heating/diffusion,1.0,C,"IZ,ZX",2.5063840703198002e-11,0.7510794662529618,-0.09489488424897274,1.3052150843543968e-09,0.6159431345279706,False
motional_heating,Motional heating/diffusion,1.0,C,"IZ,ZY",4.074474122397826e-11,0.556518532157745,-4.263598510496331,1.5223662300553962e-09,0.4647182731779904,False
motional_heating,Motional heating/diffusion,1.0,C,"IZ,ZZ",-6.750615696588045e-11,0.5473402955484674,0.6445463732194324,3.6522486964446475e-09,0.3421595877839217,False
motional_heating,Motional heating/diffusion,1.0,C,"XI,XX",5.2134550848805435e-11,0.9407653350880977,-0.13027228828434323,7.0336187853314966e-09,0.8517561089391672,False
motional_heating,Motional heating/diffusion,1.0,C,"XI,XY",1.285582501860233e-11,0.9842685257635692,-0.014847884308035075,3.0993268528607025e-09,1.0207397051503884,False
motional_heating,Motional heating/diffusion,1.0,C,"XI,XZ",6.591059520445352e-11,0.5358905151073714,0.24427667602353653,2.592183822604216e-09,0.4914666573434829,False
motional_heating,Motional heating/diffusion,1.0,C,"XI,YI",-4.429607792715748e-11,0.4880761990154066,0.5874790783795178,2.246135088102571e-09,0.42818140631701646,False
motional_heating,Motional heating/diffusion,1.0,C,"XI,YX",-3.816768276466484e-11,0.8524682820476825,0.2724806982401885,2.441668669995435e-09,1.0781590132061944,False
motional_heating,Motional heating/diffusion,1.0,C,"XI,YY",6.452039859241896e-11,0.5662019837729336,-0.041920607430255385,2.746112700223806e-09,0.5300964990463749,False
motional_heating,Motional heating/diffusion,1.0,C,"XI,YZ",2.3739751262573807e-12,0.9725509727159108,-0.5255865840430307,3.2970686921232575e-10,0.9511144531245982,False
motional_heating,Motional heating/diffusion,1.0,C,"XI,ZI",4.7420232830179964e-11,0.8225385104944299,-0.6419879839930174,3.497607197169449e-09,0.7288418615529136,False
motional_heating,Motional heating/diffusion,1.0,C,"XI,ZX",6.215925707433596e-11,0.7442408174775057,-0.4304473345060529,3.4215341817792993e-09,0.6366585644220495,False
motional_heating,Motional heating/diffusion,1.0,C,"XI,ZY",8.484711761700903e-12,0.8907910032238208,0.20648762412573474,6.584839571163412e-10,0.8245053429446331,False
motional_heating,Motional heating/diffusion,1.0,C,"XI,ZZ",3.849832054206379e-11,0.5034151376038779,0.4551266142547006,1.259811814389584e-09,0.512771455726276,False
motional_heating,Motional heating/diffusion,1.0,C,"XX,XY",5.938719088420303e-12,0.897717889844726,-1.3670761021835602,4.434282899577966e-10,0.8660726159581401,False
motional_heating,Motional heating/diffusion,1.0,C,"XX,XZ",-4.873278034472171e-11,0.7508529970671629,0.31042290459919175,2.8206931630675692e-09,0.7512513140949486,False
motional_heating,Motional heating/diffusion,1.0,C,"XX,YI",5.935628050964344e-11,0.6504561537928701,-0.16439802124278802,2.6885832325199023e-09,0.7792284062784579,False
motional_heating,Motional heating/diffusion,1.0,C,"XX,YX",1.6260583247141367e-11,0.1849035486386514,0.908271055941376,6.400136599353343e-10,0.15902859243099127,False
motional_heating,Motional heating/diffusion,1.0,C,"XX,YY",-1.2151981766715082e-10,0.5092513697341454,0.004616252212628069,4.629425277181276e-09,0.4750112146052793,False
motional_heating,Motional heating/diffusion,1.0,C,"XX,YZ",-5.050277351537131e-11,0.6532879645884839,-0.5187843964759571,2.388090949301132e-09,0.7885224030929358,False
motional_heating,Motional heating/diffusion,1.0,C,"XX,ZI",-2.1721619674283828e-10,0.33503613120651854,0.8315244969216437,1.0046155455666402e-08,0.2677389243306458,False
motional_heating,Motional heating/diffusion,1.0,C,"XX,ZX",4.853821964190123e-11,0.9463044325352304,-0.3380106530375804,6.575014206098381e-09,0.8523555444279295,False
motional_heating,Motional heating/diffusion,1.0,C,"XX,ZY",-7.836705188993443e-11,0.6374436349779192,0.04290076215885741,3.3121152311214017e-09,0.7633927372043718,False
motional_heating,Motional heating/diffusion,1.0,C,"XX,ZZ",9.9714381360334e-12,0.8910285651546312,-1.4998426454381124,6.807673097853558e-10,0.8273174522730862,False
motional_heating,Motional heating/diffusion,1.0,C,"XY,XZ",-5.2971976848244556e-12,0.9904509852972413,-0.05726843903161494,1.5281025212578962e-09,1.0173325991258229,False
motional_heating,Motional heating/diffusion,1.0,C,"XY,YI",-4.267335005443541e-11,0.31068372664141497,0.7951956374863756,1.5619190964387346e-09,0.31729384240575786,False
motional_heating,Motional heating/diffusion,1.0,C,"XY,YX",3.573084776596543e-11,0.4892714427727552,0.5486820052666546,1.4514183511848215e-09,0.5076423315607436,False
motional_heating,Motional heating/diffusion,1.0,C,"XY,YY",-2.3469825374666902e-11,0.771165405064461,0.34575078891858957,1.431674588647365e-09,0.7135917222308736,False
motional_heating,Motional heating/diffusion,1.0,C,"XY,YZ",-1.1876975008695294e-11,0.9493762343089199,-1.5244981196299277,1.1617552279818125e-09,0.9488834880075048,False
motional_heating,Motional heating/diffusion,1.0,C,"XY,ZI",6.539298880766297e-14,0.9999905274393398,-0.1262201662974094,6.734427979237983e-10,1.0009710251413968,False
motional_heating,Motional heating/diffusion,1.0,C,"XY,ZX",-5.061044057324333e-11,0.1886060778966638,0.9097240186123783,1.9299855917180337e-09,0.18519659335374827,False
motional_heating,Motional heating/diffusion,1.0,C,"XY,ZY",4.101589861344428e-12,0.9940515115658114,-0.1387701699273014,1.1766789751420124e-09,1.0697146791604635,False
motional_heating,Motional heating/diffusion,1.0,C,"XY,ZZ",-8.608449345322806e-12,0.9277831893839115,0.005443291104826664,7.895428254592498e-10,0.9454845952129602,False
motional_heating,Motional heating/diffusion,1.0,C,"XZ,YI",1.744883885702926e-11,0.7431499553039507,-0.6710366386357041,8.838172839743212e-10,0.6629404259431361,False
motional_heating,Motional heating/diffusion,1.0,C,"XZ,YX",1.064039985687152e-11,0.8139155597727448,-0.1477574700443498,7.20291149034336e-10,0.7045528083709858,False
motional_heating,Motional heating/diffusion,1.0,C,"XZ,YY",-1.2595587936822031e-12,0.9990117964160775,-0.046828384858144556,9.9691816445194e-10,1.0252690509330755,False
motional_heating,Motional heating/diffusion,1.0,C,"XZ,YZ",3.339337558612198e-11,0.5880845970159958,-12.057599037096875,1.2067533574390925e-09,0.5549718581362894,False
motional_heating,Motional heating/diffusion,1.0,C,"XZ,ZI",-4.065069353281249e-13,0.9998758697667338,-0.002092159404514904,9.62948513810339e-10,1.004221481517424,False
motional_heating,Motional heating/diffusion,1.0,C,"XZ,ZX",1.5248339889924646e-11,0.7958375838292299,-0.49924685168951255,8.661356176120323e-10,0.6856959249621847,False
motional_heating,Motional heating/diffusion,1.0,C,"XZ,ZY",-4.04638826600241e-11,0.5641078879126582,0.5879677724982253,2.231860180691326e-09,0.48266628856578275,False
motional_heating,Motional heating/diffusion,1.0,C,"XZ,ZZ",3.919229649583467e-11,0.5848153799785472,0.5944827196489684,2.203642044912575e-09,0.4372919650961667,False
motional_heating,Motional heating/diffusion,1.0,C,"YI,YX",-1.7814437338742332e-11,0.758260452360633,-0.032443811837773895,9.117924707679928e-10,0.8046217981627176,False
motional_heating,Motional heating/diffusion,1.0,C,"YI,YY",2.3497677171314442e-11,0.7507720393309693,-0.33199533973117834,1.507372926834893e-09,0.6882300756103706,False
motional_heating,Motional heating/diffusion,1.0,C,"YI,YZ",-1.4306165905060161e-11,0.7133040341960108,0.3558667199578688,6.084784976713969e-10,0.8326284362707116,False
motional_heating,Motional heating/diffusion,1.0,C,"YI,ZI",7.19960876566577e-11,0.5808024594794757,0.26877449691367494,3.5073915810372645e-09,0.49335862289778054,False
motional_heating,Motional heating/diffusion,1.0,C,"YI,ZX",8.021690237154773e-11,0.44694192444452474,-2.7043135323002474,2.8054831166744303e-09,0.5552345957018159,False
motional_heating,Motional heating/diffusion,1.0,C,"YI,ZY",-1.172152287400201e-11,0.9395898834920988,0.09512210346145256,1.1502935877946404e-09,0.9130468172078534,False
motional_heating,Motional heating/diffusion,1.0,C,"YI,ZZ",-6.225778436496333e-12,0.9722262560067463,0.02640916471024335,1.1136394377721057e-09,0.888190410193243,False
motional_heating,Motional heating/diffusion,1.0,C,"YX,YY",1.007990965096989e-11,0.9779329141921526,-0.08099755983096446,2.1332178425951676e-09,0.9054957309122527,False
motional_heating,Motional heating/diffusion,1.0,C,"YX,YZ",3.436609528070691e-11,0.7307696317431309,-0.1725313230433796,1.568392162353211e-09,0.7808832758438163,False
motional_heating,Motional heating/diffusion,1.0,C,"YX,ZI",1.1467485034619743e-10,0.7661847714673324,-7.257259648861972,5.0604653323510716e-09,0.8866953503138417,False
motional_heating,Motional heating/diffusion,1.0,C,"YX,ZX",9.230547545844851e-11,0.6895253323732341,-13.94429143444276,3.617482772124629e-09,0.8724175327527055,False
motional_heating,Motional heating/diffusion,1.0,C,"YX,ZY",7.219242814499709e-12,0.9763331389895646,0.02630769626135243,1.1373416740765933e-09,1.1269494115804912,False
motional_heating,Motional heating/diffusion,1.0,C,"YX,ZZ",-3.955371732555632e-12,0.9932116484878235,-0.6004296346516598,1.1736707272570588e-09,0.9831495680999066,False
motional_heating,Motional heating/diffusion,1.0,C,"YY,YZ",-1.7110870292731313e-11,0.6926744160005248,0.4795137483648263,1.0538650168626945e-09,0.5403557235243202,False
motional_heating,Motional heating/diffusion,1.0,C,"YY,ZI",-4.518829313630185e-12,0.9940649405275216,-0.18569352124018024,1.7090166479190896e-09,0.9471177847315607,False
motional_heating,Motional heating/diffusion,1.0,C,"YY,ZX",1.550935226051686e-11,0.9222720651071343,-0.12675717141927567,1.823108676978225e-09,0.8298581707567386,False
motional_heating,Motional heating/diffusion,1.0,C,"YY,ZY",2.5874858509623955e-12,0.9905746698206865,-0.7389973844164401,7.198657259961327e-10,0.9820279966282469,False
motional_heating,Motional heating/diffusion,1.0,C,"YY,ZZ",-3.0540706927372657e-11,0.4135117647179993,0.7476870153571613,1.5007323845542438e-09,0.32180714421495,False
motional_heating,Motional heating/diffusion,1.0,C,"YZ,ZI",-8.04245475643255e-12,0.8408054632208091,0.2928390807142811,5.758754289386605e-10,0.6391559476640015,False
motional_heating,Motional heating/diffusion,1.0,C,"YZ,ZX",-9.469481788763871e-12,0.8628412566681527,-0.9154546304494633,7.654827970938698e-10,0.8762939960935184,False
motional_heating,Motional heating/diffusion,1.0,C,"YZ,ZY",1.5824933118398983e-11,0.8285846387157814,0.28146763615869874,9.420309297978723e-10,1.05510189991889,False
motional_heating,Motional heating/diffusion,1.0,C,"YZ,ZZ",3.7643389151313374e-11,0.637131581358438,0.3500289018441234,2.0253687768567587e-09,0.590825985284794,False
motional_heating,Motional heating/diffusion,1.0,C,"ZI,ZX",-3.666299244015438e-14,0.9999999389862116,-0.2277401222328328,3.606929204801196e-09,0.9997967080008592,False
motional_heating,Motional heating/diffusion,1.0,C,"ZI,ZY",-4.665034612038452e-11,0.36016973899240395,0.8018717480419065,2.148707506276694e-09,0.31336988749554423,False
motional_heating,Motional heating/diffusion,1.0,C,"ZI,ZZ",2.3883447594032363e-11,0.8737855992037976,-1.079042506427728,1.870571638203105e-09,0.7446401184936695,False
motional_heating,Motional heating/diffusion,1.0,C,"ZX,ZY",-9.337272850837546e-12,0.9782803553482387,-0.013362858420917778,1.412937947240002e-09,1.132168194209473,False
motional_heating,Motional heating/diffusion,1.0,C,"ZX,ZZ",2.3153926993941736e-11,0.875065562145143,0.026400592833849434,1.3736105170847357e-09,1.096694689678204,False
motional_heating,Motional heating/diffusion,1.0,C,"ZY,ZZ",-1.863686622530731e-11,0.768828611529122,0.3817998798187966,8.333392497886056e-10,0.8456962270964417,False
motional_heating,Motional heating/diffusion,1.0,A,"IX,IY",-6.078966292610588e-11,0.43959568923853737,-0.23012533085423192,2.0347824441902637e-09,0.6380829199494751,False
motional_heating,Motional heating/diffusion,1.0,A,"IX,IZ",1.3210487426485148e-11,0.9819290939522634,0.034239985411644525,2.4886222680625784e-09,1.0265417689056717,False
motional_heating,Motional heating/diffusion,1.0,A,"IX,XI",-1.9450592744160698e-10,0.7939065458850678,-2.283379878667833,1.2172303952115298e-08,0.9201030765388479,False
motional_heating,Motional heating/diffusion,1.0,A,"IX,XX",-2.262235261422908e-10,0.5234375811072423,-5.093652709450612,7.584794889993248e-09,0.5863182328641906,False
motional_heating,Motional heating/diffusion,1.0,A,"IX,XY",9.880923684712273e-12,0.9704608516531725,-0.06388894812184676,1.43908314106551e-09,0.8626775145542134,False
motional_heating,Motional heating/diffusion,1.0,A,"IX,XZ",7.1268735895493375e-12,0.8048696809194127,0.3405293586704172,3.983743139141134e-10,1.0894494617326889,False
motional_heating,Motional heating/diffusion,1.0,A,"IX,YI",-3.171465448748312e-11,0.8660871488214325,-0.5685162634757563,2.4418143794019297e-09,0.7402369749722668,False
motional_heating,Motional heating/diffusion,1.0,A,"IX,YX",-9.418015257905869e-11,0.23535531437581791,0.8716054353320575,3.5549041937571235e-09,0.2226268473353907,False
motional_heating,Motional heating/diffusion,1.0,A,"IX,YY",-6.902543589169186e-11,0.6231309563448999,-0.0998530962930777,2.980178778467012e-09,0.7683849157291223,False
motional_heating,Motional heating/diffusion,1.0,A,"IX,YZ",-5.1321091711811186e-11,0.6333506056903918,0.09778266136660241,2.7206897612803823e-09,0.6227347017496108,False
motional_heating,Motional heating/diffusion,1.0,A,"IX,ZI",-2.3313809688750336e-12,0.9998290431559225,-0.44449831096543524,3.935817985520241e-09,1.0029617489648304,False
motional_heating,Motional heating/diffusion,1.0,A,"IX,ZX",2.8180059537563046e-11,0.8396763416352616,0.28574592034578195,2.123844855772377e-09,0.7406623578444705,False
motional_heating,Motional heating/diffusion,1.0,A,"IX,ZY",4.93538681250915e-11,0.6717036822612273,0.04086957565118987,2.515705200976101e-09,0.6076339301922813,False
motional_heating,Motional heating/diffusion,1.0,A,"IX,ZZ",-4.599798352594701e-11,0.810087288133124,-0.5738874722052838,2.668888931979751e-09,0.827651188572219,False
motional_heating,Motional heating/diffusion,1.0,A,"IY,IZ",1.499870878978511e-11,0.9839343881240169,-0.8585520382486123,2.4476021439663097e-09,0.9387208054758447,False
motional_heating,Motional heating/diffusion,1.0,A,"IY,XI",4.8303687625406594e-11,0.6466950716172755,0.19911085150944163,2.3079280483455653e-09,0.5814108012593112,False
motional_heating,Motional heating/diffusion,1.0,A,"IY,XX",3.213974242796658e-11,0.9289310462418409,0.011421597208442713,2.354950896117394e-09,1.2729546716320528,False
motional_heating,Motional heating/diffusion,1.0,A,"IY,XY",-7.919296517711687e-11,0.5674425660668834,-1.4826809959160143,2.9470092394412983e-09,0.5892191535694244,False
motional_heating,Motional heating/diffusion,1.0,A,"IY,XZ",2.7463300268015963e-11,0.7137086354918593,0.19609346680513806,1.5076891945195806e-09,0.6897565850738576,False
motional_heating,Motional heating/diffusion,1.0,A,"IY,YI",-3.0405832366520485e-11,0.5189633145173403,0.4215684526358179,1.3328270638210154e-09,0.5437392713297474,False
motional_heating,Motional heating/diffusion,1.0,A,"IY,YX",3.5750894421242546e-11,0.46087053840931685,0.5248720559123704,1.3433822504740136e-09,0.46774800085935614,False
motional_heating,Motional heating/diffusion,1.0,A,"IY,YY",-3.745125256801911e-11,0.5482743833499717,0.6336812378576455,2.0199319920937737e-09,0.3839042756448598,False
motional_heating,Motional heating/diffusion,1.0,A,"IY,YZ",2.448592267094122e-11,0.8063393632391578,0.3466164264174112,1.71392153127023e-09,0.5404899675421481,False
motional_heating,Motional heating/diffusion,1.0,A,"IY,ZI",2.3001981193141886e-11,0.7606283105455581,-0.5079806160415374,1.0903447305129357e-09,0.8598623337508525,False
motional_heating,Motional heating/diffusion,1.0,A,"IY,ZX",-1.3127723977344866e-11,0.8605885454269014,0.007497063840706586,1.1644049743399851e-09,0.7745161817985877,False
motional_heating,Motional heating/diffusion,1.0,A,"IY,ZY",-3.70857139089238e-11,0.6398689505185675,-0.012931759171400214,1.8592918401134429e-09,0.6010770002985539,False
motional_heating,Motional heating/diffusion,1.0,A,"IY,ZZ",5.384239039120891e-11,0.6290380891387988,0.558665366199486,3.091011817920258e-09,0.4333796681251744,False
motional_heating,Motional heating/diffusion,1.0,A,"IZ,XI",9.639108327633945e-12,0.9302111621185628,0.03938697110987521,8.341490690496626e-10,0.9422219080180975,False
motional_heating,Motional heating/diffusion,1.0,A,"IZ,XX",-5.181252119909383e-12,0.9388256224408955,0.06509405117943101,4.5659202366438527e-10,1.0567383117901092,False
motional_heating,Motional heating/diffusion,1.0,A,"IZ,XY",-9.723791285049236e-12,0.9782655490502113,-0.13662434968905712,1.3004409561394726e-09,1.0373865158550357,False
motional_heating,Motional heating/diffusion,1.0,A,"IZ,XZ",-5.4350838848483484e-11,0.5651289359045059,-10.14194746676321,1.8541881541415347e-09,0.550942491049602,False
motional_heating,Motional heating/diffusion,1.0,A,"IZ,YI",2.2986058147929987e-11,0.5175190321360095,-0.3428942477083605,8.253813104835953e-10,0.7215098299904279,False
motional_heating,Motional heating/diffusion,1.0,A,"IZ,YX",-3.741535611394594e-12,0.9637449539717844,-0.0027540718275318454,5.320621847557383e-10,1.0351606984915895,False
motional_heating,Motional heating/diffusion,1.0,A,"IZ,YY",2.246313559102404e-11,0.4465752252750205,0.6488490339479116,8.181930999168919e-10,0.4388215961359306,False
motional_heating,Motional heating/diffusion,1.0,A,"IZ,YZ",-1.0574483107785731e-11,0.9769067847832262,-0.04929204936462228,1.4841405636745317e-09,0.9031569016491546,False
motional_heating,Motional heating/diffusion,1.0,A,"IZ,ZI",7.0773581054018745e-12,0.9594898899009366,0.07055061112635586,8.270314716655268e-10,1.1109883085949257,False
motional_heating,Motional heating/diffusion,1.0,A,"IZ,ZX",1.590707106870578e-11,0.4841727053216835,-3.31095459609834,4.723599239048771e-10,0.6503323487999648,False
motional_heating,Motional heating/diffusion,1.0,A,"IZ,ZY",-7.752277964670548e-11,0.5147779829171232,0.6213441679706893,4.0622229420583615e-09,0.45838126612583396,False
motional_heating,Motional heating/diffusion,1.0,A,"IZ,ZZ",3.4054177733102985e-11,0.5215399981070009,0.5437788995332888,1.5395730493073943e-09,0.39920715990182193,False
motional_heating,Motional heating/diffusion,1.0,A,"XI,XX",6.865319186452336e-13,0.9999916690631466,-0.4916580108813138,4.868711221196534e-09,1.0014100896262985,False
motional_heating,Motional heating/diffusion,1.0,A,"XI,XY",2.7560061099995188e-11,0.7169408610009922,0.4447423386907404,1.1985563761950412e-09,1.0810641572408362,False
motional_heating,Motional heating/diffusion,1.0,A,"XI,XZ",8.876060494013758e-12,0.5584202346887877,-1.85091679460032,3.206530086977275e-10,0.7231879866007737,False
motional_heating,Motional heating/diffusion,1.0,A,"XI,YI",-3.884677858081459e-11,0.5073207358161991,0.31589721419225725,1.3229645605434153e-09,0.5071622990366574,False
motional_heating,Motional heating/diffusion,1.0,A,"XI,YX",-1.0125722981921458e-10,0.2717577990524198,0.8769320618654708,4.556531444273549e-09,0.21585935865313394,False
motional_heating,Motional heating/diffusion,1.0,A,"XI,YY",-5.985806646850335e-11,0.655943170507954,-0.15048923269462255,2.7202609101475525e-09,0.7799546865331513,False
motional_heating,Motional heating/diffusion,1.0,A,"XI,YZ",-5.5146817354986915e-11,0.6425445548746475,0.3432760175516052,2.9223882901938923e-09,0.6225907587979824,False
motional_heating,Motional heating/diffusion,1.0,A,"XI,ZI",-2.4470838244840957e-11,0.9798993493364324,-0.14265925697096193,4.083323705778184e-09,1.0299643623774097,False
motional_heating,Motional heating/diffusion,1.0,A,"XI,ZX",1.351999504916006e-13,0.999936051655083,-0.13632842595683914,4.756637627328953e-10,0.99715765712917,False
motional_heating,Motional heating/diffusion,1.0,A,"XI,ZY",3.663043145859247e-11,0.5966951034964392,0.37842364994425415,1.7379558266562335e-09,0.578465333850652,False
motional_heating,Motional heating/diffusion,1.0,A,"XI,ZZ",-5.470716921926436e-11,0.6700960139108649,0.05103533994825893,2.281635781967127e-09,0.7602282991367788,False
motional_heating,Motional heating/diffusion,1.0,A,"XX,XY",1.3872632991563208e-11,0.9857104466747761,-0.10127259407851907,3.568954089860546e-09,0.9222593922910044,False
motional_heating,Motional heating/diffusion,1.0,A,"XX,XZ",-9.327074779281369e-11,0.8414515691451465,0.2017430559224288,5.271717626248087e-09,0.9453911914676956,False
motional_heating,Motional heating/diffusion,1.0,A,"XX,YI",-1.600528799600302e-10,0.6832156751644979,0.49709045700774435,9.767910915701345e-09,0.4915200044684961,False
motional_heating,Motional heating/diffusion,1.0,A,"XX,YX",2.453289341078006e-10,0.5224535316014847,0.20124906526522157,1.110498221335761e-08,0.5581642016270731,False
motional_heating,Motional heating/diffusion,1.0,A,"XX,YY",-3.875092960546664e-15,0.63430825112006,0.5052309283833494,2.2027891649015865e-13,0.5665200036091542,False
motional_heating,Motional heating/diffusion,1.0,A,"XX,YZ",1.1068740332125534e-10,0.5660409384801185,0.1346805591188902,5.039014534321803e-09,0.5606783724581867,False
motional_heating,Motional heating/diffusion,1.0,A,"XX,ZI",2.851168497342178e-11,0.7005090715515142,0.4753199270898951,1.756278636722317e-09,0.5285410692927998,False
motional_heating,Motional heating/diffusion,1.0,A,"XX,ZX",-5.605224155707457e-11,0.9665500868243302,-1.2765418998199416,6.73723340331795e-09,0.9488386094052516,False
motional_heating,Motional heating/diffusion,1.0,A,"XX,ZY",1.4455131476900456e-11,0.811579227338734,-1.2176426414116297,9.595712691385678e-10,0.8493584380670629,False
motional_heating,Motional heating/diffusion,1.0,A,"XX,ZZ",1.1478324987118273e-10,0.6851170605680058,-0.21852563966110083,5.325237867392883e-09,0.7844542295959861,False
motional_heating,Motional heating/diffusion,1.0,A,"XY,XZ",7.606689533467111e-11,0.3353482543633133,-0.19999733748214754,2.7495686442221927e-09,0.34275337570172093,False
motional_heating,Motional heating/diffusion,1.0,A,"XY,YI",-1.6610850666492743e-11,0.8587428728313408,-0.3111979102405087,1.2680767365644569e-09,0.8690075277976018,False
motional_heating,Motional heating/diffusion,1.0,A,"XY,YX",-1.6759895008975378e-11,0.490908418535069,0.39894633167691373,7.830377417867452e-10,0.4122328115308566,False
motional_heating,Motional heating/diffusion,1.0,A,"XY,YY",1.0150119238304713e-11,0.8471789168985625,0.2756970869520885,7.575846260611908e-10,0.6187171484231532,False
motional_heating,Motional heating/diffusion,1.0,A,"XY,YZ",-3.699899570356202e-11,0.35737943952187373,0.5479085852612979,1.3096806920085578e-09,0.43499211786012554,False
motional_heating,Motional heating/diffusion,1.0,A,"XY,ZI",2.5140482567146658e-11,0.46575482904921345,0.36611237930066365,9.656399038050887e-10,0.4792990126426842,False
motional_heating,Motional heating/diffusion,1.0,A,"XY,ZX",-1.1609195828683945e-11,0.8508127392847288,-0.19384140205414124,8.819789548929552e-10,0.8683733238272908,False
motional_heating,Motional heating/diffusion,1.0,A,"XY,ZY",8.609574350365323e-12,0.979088920416476,0.04083265964401028,1.5360996679934642e-09,1.112096558963672,False
motional_heating,Motional heating/diffusion,1.0,A,"XY,ZZ",-5.374519422187184e-11,0.46062821195044285,0.7017153001052481,2.6245729432951604e-09,0.32516331252195363,False
motional_heating,Motional heating/diffusion,1.0,A,"XZ,YI",-3.131717418694617e-11,0.48439893890875585,0.5966452363831434,1.2517056870622038e-09,0.49960802270622173,False
motional_heating,Motional heating/diffusion,1.0,A,"XZ,YX",2.8212252335025742e-11,0.6727635639840123,0.15624571081977268,1.323794947175313e-09,0.5737670340074272,False
motional_heating,Motional heating/diffusion,1.0,A,"XZ,YY",-1.2721185092413164e-11,0.8584030571596175,0.2585302945861918,8.823339630882609e-10,0.6979241032248757,False
motional_heating,Motional heating/diffusion,1.0,A,"XZ,YZ",2.6908811334635644e-12,0.9944274150373437,-0.0744986563982295,8.639670287288319e-10,1.0622912922365266,False
motional_heating,Motional heating/diffusion,1.0,A,"XZ,ZI",7.831115603834386e-12,0.9581723610964697,-0.07993911966963596,1.0095757998163025e-09,0.8448632464197477,False
motional_heating,Motional heating/diffusion,1.0,A,"XZ,ZX",-2.9511948409928594e-11,0.5616447350909969,0.5115079036874259,1.2888605302302843e-09,0.5420458968565729,False
motional_heating,Motional heating/diffusion,1.0,A,"XZ,ZY",6.447335446371351e-13,0.99986890419922,-0.11275097431642589,1.5520569664784161e-09,1.0083081170158337,False
motional_heating,Motional heating/diffusion,1.0,A,"XZ,ZZ",2.9094112433375803e-11,0.17807833295539788,0.918856091055235,1.188428210414725e-09,0.13847686694058864,False
motional_heating,Motional heating/diffusion,1.0,A,"YI,YX",-8.152779206897983e-12,0.966251390675903,-0.18188377462827998,1.0930409053309554e-09,0.9254119478316372,False
motional_heating,Motional heating/diffusion,1.0,A,"YI,YY",5.684708524513899e-12,0.9800375341943104,-0.060042791810115625,1.2622386291801623e-09,0.9099265639143657,False
motional_heating,Motional heating/diffusion,1.0,A,"YI,YZ",1.1783622543046913e-12,0.9988563726981518,0.0005254265295615568,8.647551843290384e-10,1.027253083315574,False
motional_heating,Motional heating/diffusion,1.0,A,"YI,ZI",-4.512368854246125e-12,0.9919470382618601,-0.20381228165445497,1.1892183538503914e-09,1.0189719946704328,False
motional_heating,Motional heating/diffusion,1.0,A,"YI,ZX",3.751703132350275e-11,0.7940170320041567,-3.529437418465278,2.1753485349179256e-09,0.9137677693452505,False
motional_heating,Motional heating/diffusion,1.0,A,"YI,ZY",3.5744726526105094e-12,0.9831519507882158,-0.03830476467143651,6.147537385769388e-10,1.1162895783565259,False
motional_heating,Motional heating/diffusion,1.0,A,"YI,ZZ",2.6103566656398776e-11,0.503778137107348,0.5217863742817295,9.54353126224528e-10,0.5270059033550936,False
motional_heating,Motional heating/diffusion,1.0,A,"YX,YY",-2.5319810533083573e-11,0.8841708749582669,-0.0085928517849585,2.4808068605675877e-09,0.7958743912269687,False
motional_heating,Motional heating/diffusion,1.0,A,"YX,YZ",1.3621870014436942e-11,0.8948750890591423,0.08161377874606057,9.876050601284984e-10,1.072587472066724,False
motional_heating,Motional heating/diffusion,1.0,A,"YX,ZI",-6.100975304334108e-11,0.6497335224803465,-0.5017952783527597,2.574196627234439e-09,0.6409792339245435,False
motional_heating,Motional heating/diffusion,1.0,A,"YX,ZX",-1.507524297550821e-11,0.9537034372180713,0.08889176560442602,1.6207072035938494e-09,0.8583302349066584,False
motional_heating,Motional heating/diffusion,1.0,A,"YX,ZY",-2.507228124532923e-12,0.9979702719847635,-0.18005464420302775,1.510455334853569e-09,0.9668016912956121,False
motional_heating,Motional heating/diffusion,1.0,A,"YX,ZZ",3.2308931320300505e-12,0.9977424314938768,-0.09468768917411285,2.030708437508009e-09,0.9681796453655863,False
motional_heating,Motional heating/diffusion,1.0,A,"YY,YZ",-1.317554231263497e-11,0.789141575275392,-0.03839719864533997,9.514010821391338e-10,0.723028645647301,False
motional_heating,Motional heating/diffusion,1.0,A,"YY,ZI",6.4596559665725495e-12,0.961556709339326,0.07102407614266038,7.597750269133911e-10,1.0850206408180472,False
motional_heating,Motional heating/diffusion,1.0,A,"YY,ZX",-1.1249224250829516e-11,0.9674034084195232,-0.10821113081580913,1.99640979025646e-09,0.8873054589720837,False
motional_heating,Motional heating/diffusion,1.0,A,"YY,ZY",-3.777415026527062e-11,0.6623813036120978,0.340725985757922,1.9354261611723896e-09,0.6096554751291692,False
motional_heating,Motional heating/diffusion,1.0,A,"YY,ZZ",2.061346809512128e-11,0.8276172174580574,0.24898299940550506,1.3951658217590027e-09,0.7045015327406438,False
motional_heating,Motional heating/diffusion,1.0,A,"YZ,ZI",2.8137616367749217e-12,0.9965621557220257,-0.2852338530037213,1.1536929781627984e-09,0.9756108280969543,False
motional_heating,Motional heating/diffusion,1.0,A,"YZ,ZX",9.64791773975118e-12,0.969427318887798,-0.47518457315334994,1.4395189269185243e-09,0.8659563614018777,False
motional_heating,Motional heating/diffusion,1.0,A,"YZ,ZY",6.316268406967325e-11,0.2286539384206075,0.8444870238477006,2.7133021195122886e-09,0.17160397157531485,False
motional_heating,Motional heating/diffusion,1.0,A,"YZ,ZZ",-4.475538419018756e-11,0.3609291446938909,0.77752034885689,2.176255120542612e-09,0.3115845173204485,False
motional_heating,Motional heating/diffusion,1.0,A,"ZI,ZX",6.440435123129816e-12,0.99501072013137,-0.2337860370249789,1.6257063532672592e-09,1.0765551445155732,False
motional_heating,Motional heating/diffusion,1.0,A,"ZI,ZY",1.2347139885600622e-11,0.9676436858894714,-0.37502892342043825,1.9554054913943485e-09,0.8737127420380086,False
motional_heating,Motional heating/diffusion,1.0,A,"ZI,ZZ",4.0833951045668877e-11,0.7719814254563154,0.35662758193191435,2.687075858473081e-09,0.730421781495733,False
motional_heating,Motional heating/diffusion,1.0,A,"ZX,ZY",2.63882632320507e-11,0.8163217814823028,0.2963995299579911,1.7884570935896101e-09,0.8098234110382085,False
motional_heating,Motional heating/diffusion,1.0,A,"ZX,ZZ",1.799292163230814e-11,0.7737176389234213,0.38670341944574516,9.195182149690604e-10,1.0681314252222531,False
motional_heating,Motional heating/diffusion,1.0,A,"ZY,ZZ",-6.99145089415591e-11,0.6134975187052258,0.56413288956496,4.016056028867744e-09,0.40916323336095584,False
motional_heating,Motional heating/diffusion,2.0,H,IX,-2.197657991242097e-10,0.534721977381026,0.4774564677124151,8.359538710915136e-09,0.5716984639313298,False
motional_heating,Motional heating/diffusion,2.0,H,IY,-3.47060220675879e-11,0.9013405292531202,0.18567557475557173,2.8448160113380146e-09,0.8217278548298869,False
motional_heating,Motional heating/diffusion,2.0,H,IZ,5.581110167295594e-12,0.8655945942089709,-0.4355872676286696,4.131378327452136e-10,0.8649092451734498,False
motional_heating,Motional heating/diffusion,2.0,H,XI,2.648452436498098e-11,0.9953151023618939,-0.0875828644305896,8.31217820065871e-09,1.0637246308383574,False
motional_heating,Motional heating/diffusion,2.0,H,XX,8.431708442843911e-07,0.000763783356625285,0.9999982769343204,3.373163074450388e-05,0.0008506253789192057,True
motional_heating,Motional heating/diffusion,2.0,H,XY,8.601066455941326e-11,0.7840865117669374,0.3268474546034299,4.593170528686583e-09,1.0321957029683488,False
motional_heating,Motional heating/diffusion,2.0,H,XZ,1.221021843892305e-10,0.7041290144577411,-0.43013439803509845,6.5862940534377565e-09,0.8146117021217745,False
motional_heating,Motional heating/diffusion,2.0,H,YI,-3.0166129056420726e-10,0.6583783220658492,-9.379425131590972,1.1136026268171428e-08,0.7291122674284595,False
motional_heating,Motional heating/diffusion,2.0,H,YX,-1.7317394712056557e-10,0.7564598332079633,-0.20249783071870708,1.0411544543521165e-08,0.8336712229422989,False
motional_heating,Motional heating/diffusion,2.0,H,YY,2.6799987391453603e-10,0.6326830389963908,-0.4624844860460644,1.2248017006372315e-08,0.7811891722757219,False
motional_heating,Motional heating/diffusion,2.0,H,YZ,2.057376060500809e-11,0.9925928520512309,-0.1467194050640137,6.527340044182516e-09,0.9369612722311151,False
motional_heating,Motional heating/diffusion,2.0,H,ZI,-2.3792350505153087e-12,0.9799232391899199,-0.09722576176955644,5.197487989524661e-10,0.9542233660700983,False
motional_heating,Motional heating/diffusion,2.0,H,ZX,1.2608465045238464e-10,0.6776531306720841,-0.42316834299142214,6.355827979852271e-09,0.8016235636771982,False
motional_heating,Motional heating/diffusion,2.0,H,ZY,5.3180846013025886e-11,0.7566282627500106,-0.8314552714353356,3.0079258150947648e-09,0.8231976142957156,False
motional_heating,Motional heating/diffusion,2.0,H,ZZ,-1.8132800211481446e-17,0.7570479978169028,-0.780461134825335,1.0371804015234773e-15,0.825172166916702,False
motional_heating,Motional heating/diffusion,2.0,S,IX,2.3447427670629356e-05,1.3666767984967417e-05,0.9999999994477639,0.0009378898228944576,1.2140654369827e-05,True
motional_heating,Motional heating/diffusion,2.0,S,IY,-1.1516877196299073e-10,0.6536407971317286,0.4322974693062116,5.617193569063417e-09,0.5899419503814842,False
motional_heating,Motional heating/diffusion,2.0,S,IZ,1.444807335163023e-10,0.36451192630990464,0.731584395927632,5.7970407691841294e-09,0.4014464243477246,False
motional_heating,Motional heating/diffusion,2.0,S,XI,2.3447878079663346e-05,2.236367527827808e-05,0.9999999985212705,0.0009379034404480336,1.627983403533253e-05,True
motional_heating,Motional heating/diffusion,2.0,S,XX,5.7039491450485215e-08,0.004715158818224078,0.9999341691734341,2.282699068447338e-06,0.004405368875631327,True
motional_heating,Motional heating/diffusion,2.0,S,XY,1.360518978935938e-10,0.6802298574795634,0.3920597576556888,7.715615326655233e-09,0.6686210994926444,False
motional_heating,Motional heating/diffusion,2.0,S,XZ,1.451622719880255e-11,0.9952863176276888,-0.3383706836107243,5.781925265639258e-09,0.9748937827248143,False
motional_heating,Motional heating/diffusion,2.0,S,YI,5.4943717411504086e-11,0.8216081010868427,0.32407305590812674,3.0350498771104448e-09,1.0905153451115834,False
motional_heating,Motional heating/diffusion,2.0,S,YX,-9.863202055392835e-11,0.8670989557092441,0.24698558216957145,6.433454758847574e-09,1.0766555639629587,False
motional_heating,Motional heating/diffusion,2.0,S,YY,-6.637211687851126e-12,0.9115270837646453,0.09830441093638176,4.486891395943547e-10,1.102461774417661,False
motional_heating,Motional heating/diffusion,2.0,S,YZ,1.1783550771677953e-11,0.7713742777169116,0.1353174769897324,7.607499760621961e-10,0.6902122604677001,False
motional_heating,Motional heating/diffusion,2.0,S,ZI,-1.7323713178751561e-10,0.6651610357959579,0.3898456318912815,7.86143201323428e-09,0.5946629579995609,False
motional_heating,Motional heating/diffusion,2.0,S,ZX,-1.0161051547335618e-10,0.8794139109796684,-2.05889789629805,7.971464692826789e-09,0.8725321890156629,False
motional_heating,Motional heating/diffusion,2.0,S,ZY,2.379348024120388e-12,0.9845114643961836,0.024844078047951856,4.4956545594104476e-10,1.0264627541181945,False
motional_heating,Motional heating/diffusion,2.0,S,ZZ,4.322843851394291e-12,0.9744533798099929,0.049476656067632185,6.870482382816709e-10,0.8741618532577609,False
motional_heating,Motional heating/diffusion,2.0,C,"IX,IY",-3.6905927242879543e-11,0.7281535738992565,-0.1387293709973818,2.0490257668935773e-09,0.6397709795633197,False
motional_heating,Motional heating/diffusion,2.0,C,"IX,IZ",5.1679076383469906e-11,0.25899519860905507,0.8741179033319029,2.329757541021269e-09,0.22054647723796802,False
motional_heating,Motional heating/diffusion,2.0,C,"IX,XI",2.344764990236009e-05,1.7232512935101027e-05,0.9999999991219999,0.0009378968274387574,1.3571072164573216e-05,True
motional_heating,Motional heating/diffusion,2.0,C,"IX,XX",-5.1755450001294584e-11,0.7622425676593292,-0.4736667175572733,2.8535321866234543e-09,0.6372534345755104,False
motional_heating,Motional heating/diffusion,2.0,C,"IX,XY",-1.0383520517916977e-10,0.8078163288298172,0.21825802638489,5.488422582598719e-09,0.7636698402462295,False
motional_heating,Motional heating/diffusion,2.0,C,"IX,XZ",-7.045761942492565e-11,0.8589015287668178,-0.9202001995108147,5.092721621273623e-09,0.7233007234064951,False
motional_heating,Motional heating/diffusion,2.0,C,"IX,YI",1.0413309430083155e-11,0.9565308648975213,0.08488608436848388,1.220233608192715e-09,1.0426693272508134,False
motional_heating,Motional heating/diffusion,2.0,C,"IX,YX",9.641324648411029e-11,0.8791917875705647,0.22609538316574584,6.712868989700897e-09,1.071812250940716,False
motional_heating,Motional heating/diffusion,2.0,C,"IX,YY",-4.976787839807145e-11,0.8915556402647064,-0.6778160016076364,3.620729416701294e-09,0.8375245765874996,False
motional_heating,Motional heating/diffusion,2.0,C,"IX,YZ",-2.4681142585630283e-12,0.8040258578706774,0.3282942995591025,1.5781161514580584e-10,0.6945144769858378,False
motional_heating,Motional heating/diffusion,2.0,C,"IX,ZI",4.8301413951691656e-11,0.925422250528457,-0.5324686548279478,4.9391088316333664e-09,0.8044124330999267,False
motional_heating,Motional heating/diffusion,2.0,C,"IX,ZX",-7.047357765530341e-11,0.8620703803837653,-1.4996662083996872,4.98663155610226e-09,0.8586749855840798,False
motional_heating,Motional heating/diffusion,2.0,C,"IX,ZY",-1.0101315197811622e-11,0.5069006885462356,-15.737512588219218,3.1254856931746764e-10,0.7011500163415062,False
motional_heating,Motional heating/diffusion,2.0,C,"IX,ZZ",-4.3949163201190115e-11,0.9212286697881518,-0.42873507765841223,4.0842657119751614e-09,0.7847879334964415,False
motional_heating,Motional heating/diffusion,2.0,C,"IY,IZ",-9.067411296248534e-11,0.4725706805607299,-3.4162889397811256,3.0088682647859867e-09,0.3972875846797183,False
motional_heating,Motional heating/diffusion,2.0,C,"IY,XI",-2.840806421865392e-11,0.5538450693622661,0.5461299211256168,1.1562961408116151e-09,0.6900363329760922,False
motional_heating,Motional heating/diffusion,2.0,C,"IY,XX",1.387179164602346e-10,0.6045081610491048,-0.36943662901665597,5.978972335009835e-09,0.7679903691007688,False
motional_heating,Motional heating/diffusion,2.0,C,"IY,XY",1.53318136809563e-11,0.68703585219604,0.4969578552110473,8.294317661399053e-10,0.6888059972018774,False
motional_heating,Motional heating/diffusion,2.0,C,"IY,XZ",-4.941691133893938e-11,0.9331426022534731,0.12883423805923322,4.063291016191483e-09,1.065750482532346,False
motional_heating,Motional heating/diffusion,2.0,C,"IY,YI",2.7471412610620393e-11,0.5765693612016513,-0.14069571556973814,1.1410379295904167e-09,0.7592418981156792,False
motional_heating,Motional heating/diffusion,2.0,C,"IY,YX",-6.3860503059743205e-12,0.9882941187324897,0.010377018376122371,1.4118771342582833e-09,1.090461841912741,False
motional_heating,Motional heating/diffusion,2.0,C,"IY,YY",5.88877301636009e-11,0.7625918355621756,-1.5221443734528428,3.5260958255454197e-09,0.8329945268730974,False
motional_heating,Motional heating/diffusion,2.0,C,"IY,YZ",1.0592569415080192e-12,0.9990836056685782,-0.2402683421179439,1.0972403180950436e-09,0.990346171900181,False
motional_heating,Motional heating/diffusion,2.0,C,"IY,ZI",2.6330056239934756e-11,0.8549963315853918,0.1196150997681722,1.7457484369865944e-09,0.9939551025104988,False
motional_heating,Motional heating/diffusion,2.0,C,"IY,ZX",3.020087903564503e-11,0.638203221181767,-0.20820497609241517,1.4065845589499674e-09,0.7852892750494121,False
motional_heating,Motional heating/diffusion,2.0,C,"IY,ZY",5.2885314313500755e-11,0.8680442941709009,-1.208467703217222,4.408393146860074e-09,0.8800349411867475,False
motional_heating,Motional heating/diffusion,2.0,C,"IY,ZZ",-1.678772784564794e-11,0.8998676854356954,-0.20198024162289596,1.6458397332761162e-09,0.8979990122596492,False
motional_heating,Motional heating/diffusion,2.0,C,"IZ,XI",8.273865747357033e-11,0.664880684650651,0.3314393077676254,4.513328141112451e-09,0.6333585554309961,False
motional_heating,Motional heating/diffusion,2.0,C,"IZ,XX",-7.712189953674408e-11,0.8183029322788109,0.2914600782094211,4.128838146462579e-09,1.1867883816245473,False
motional_heating,Motional heating/diffusion,2.0,C,"IZ,XY",-1.3171261459465996e-10,0.46685707812491545,0.658111440009709,6.767326017397992e-09,0.40434970968234196,False
motional_heating,Motional heating/diffusion,2.0,C,"IZ,XZ",7.668066191512147e-12,0.9882506177535001,-0.09321418772620982,2.0957997475550833e-09,0.926824438256016,False
motional_heating,Motional heating/diffusion,2.0,C,"IZ,YI",2.6600627322484996e-11,0.2555421314054231,0.49221327173772234,9.47817017751911e-10,0.2622799096273675,False
motional_heating,Motional heating/diffusion,2.0,C,"IZ,YX",-9.893929105587082e-11,0.6180108644524697,-0.471862514889106,4.4641447582104725e-09,0.7783689902216964,False
motional_heating,Motional heating/diffusion,2.0,C,"IZ,YY",-2.48613757799269e-11,0.9274479848856787,0.05586702423677692,2.2137416419553186e-09,0.88769522464253,False
motional_heating,Motional heating/diffusion,2.0,C,"IZ,YZ",9.489473107500063e-12,0.9765932363077797,-0.1224132109966356,1.5279091549522266e-09,1.0310537870551497,False
motional_heating,Motional heating/diffusion,2.0,C,"IZ,ZI",1.1859406144569793e-10,0.6196631433153659,-0.8377522871094911,5.217466307559841e-09,0.7726979831688398,False
motional_heating,Motional heating/diffusion,2.0,C,"IZ,ZX",-3.0364382706506195e-11,0.611874218489251,-0.44647390352596195,1.1337954807098956e-09,0.724351276275709,False
motional_heating,Motional heating/diffusion,2.0,C,"IZ,ZY",4.675491831542906e-11,0.4371682962073324,0.581810606668235,1.97601986941611e-09,0.4141762742379122,False
motional_heating,Motional heating/diffusion,2.0,C,"IZ,ZZ",9.210422611705757e-12,0.9945949609940817,-0.06609457042365485,3.1667272417070146e-09,1.058169977448016,False
motional_heating,Motional heating/diffusion,2.0,C,"XI,XX",3.1024110930325883e-10,0.7130244798201711,-10.264479755641972,1.3300592294379933e-08,0.7667463956215326,False
motional_heating,Motional heating/diffusion,2.0,C,"XI,XY",-1.258927757289108e-10,0.6555624932761144,0.4186101421788069,5.553357350888597e-09,0.633512898329316,False
motional_heating,Motional heating/diffusion,2.0,C,"XI,XZ",-4.680591039549639e-11,0.8497684819323544,-0.8011369466231792,3.3288318440918502e-09,0.859392385714618,False
motional_heating,Motional heating/diffusion,2.0,C,"XI,YI",5.99486731091857e-11,0.8006868752478458,-1.3855997355733871,3.994252646747526e-09,0.8499126659952239,False
motional_heating,Motional heating/diffusion,2.0,C,"XI,YX",-2.0080652462426147e-11,0.994590295587181,-0.5113007875135585,6.781291912263164e-09,0.9703881609548284,False
motional_heating,Motional heating/diffusion,2.0,C,"XI,YY",-5.6435870327758655e-11,0.8606817454598734,-0.9120756279605742,3.6534138405761e-09,0.8455256568501438,False
motional_heating,Motional heating/diffusion,2.0,C,"XI,YZ",6.87629218233787e-12,0.7710992185586533,-0.9570711655497277,4.248197630842657e-10,0.8381362455358765,False
motional_heating,Motional heating/diffusion,2.0,C,"XI,ZI",1.6526539982327133e-10,0.6306821887516649,-1.4101392703157938,7.87130929464834e-09,0.580081550255853,False
motional_heating,Motional heating/diffusion,2.0,C,"XI,ZX",-6.170801137094007e-11,0.7933477149847983,-0.0963713130091135,3.751938174613944e-09,0.6710606172113189,False
motional_heating,Motional heating/diffusion,2.0,C,"XI,ZY",5.690597544071577e-12,0.7317165621588265,0.35654097230110326,3.204224754233512e-10,0.6637003551062451,False
motional_heating,Motional heating/diffusion,2.0,C,"XI,ZZ",-2.9805911313499517e-11,0.9677100958419701,-0.2468715813481006,4.39937829041226e-09,0.8644994390300251,False
motional_heating,Motional heating/diffusion,2.0,C,"XX,XY",2.2200679411160333e-11,0.44500088615369593,0.5899368986112778,8.714303004253528e-10,0.4772976521687253,False
motional_heating,Motional heating/diffusion,2.0,C,"XX,XZ",4.358771882612966e-11,0.8725862197557293,0.2357146205943833,3.363726823205484e-09,0.843736169732781,False
motional_heating,Motional heating/diffusion,2.0,C,"XX,YI",1.1394909508842473e-10,0.6441445562094557,-0.23122724661679928,5.26932183636347e-09,0.7837499803066409,False
motional_heating,Motional heating/diffusion,2.0,C,"XX,YX",-1.453435392030379e-11,0.9148127587131919,-0.5119080609587654,1.6068715261054397e-09,0.9095487493295088,False
motional_heating,Motional heating/diffusion,2.0,C,"XX,YY",1.4080435661546076e-10,0.8387885151835365,-0.8379116471099184,8.88545879106557e-09,0.8415339489762295,False
motional_heating,Motional heating/diffusion,2.0,C,"XX,YZ",-1.4857975641241453e-10,0.6256415630225017,-0.3329259948641894,6.478419969696879e-09,0.7706543306741405,False
motional_heating,Motional heating/diffusion,2.0,C,"XX,ZI",1.807821704375879e-10,0.7530144419363096,-0.20247040172810404,1.063809724573342e-08,0.8300615549363458,False
motional_heating,Motional heating/diffusion,2.0,C,"XX,ZX",3.0927048130285416e-10,0.6497599937420144,-12.29312151934679,1.1362671430340335e-08,0.7278188644291452,False
motional_heating,Motional heating/diffusion,2.0,C,"XX,ZY",-1.185330802935502e-10,0.6403849788371279,-0.5920721354377532,5.576206839156371e-09,0.7874306249524217,False
motional_heating,Motional heating/diffusion,2.0,C,"XX,ZZ",2.9579218451503655e-11,0.7093029764709873,-0.14628090093823753,1.6031703927796464e-09,0.8154954795527509,False
motional_heating,Motional heating/diffusion,2.0,C,"XY,XZ",-7.07332187879725e-11,0.7640784492340685,-1.816318657809195,4.009095700163412e-09,0.6471362916824889,False
motional_heating,Motional heating/diffusion,2.0,C,"XY,YI",-1.2984873857969508e-11,0.7833045087627206,-0.03832514820318611,9.379936072047463e-10,0.7231351310236561,False
motional_heating,Motional heating/diffusion,2.0,C,"XY,YX",8.054274538542318e-11,0.5937756443833891,0.19041655664308488,3.627515977116136e-09,0.5231036669081836,False
motional_heating,Motional heating/diffusion,2.0,C,"XY,YY",5.057653811277327e-11,0.7203642687826358,-0.024351118289861473,2.729116304387366e-09,0.8146779672545809,False
motional_heating,Motional heating/diffusion,2.0,C,"XY,YZ",-9.391276922509495e-12,0.9817770780827361,-0.16476082266714775,1.602410190237633e-09,1.0293035983536676,False
motional_heating,Motional heating/diffusion,2.0,C,"XY,ZI",-9.0504805702992e-11,0.6589991110486451,-0.2921579277133375,4.177195107768257e-09,0.7833359386668777,False
motional_heating,Motional heating/diffusion,2.0,C,"XY,ZX",5.1528880787376114e-11,0.5698224696179813,-0.24987949933895015,2.069569910518407e-09,0.7510164767786528,False
motional_heating,Motional heating/diffusion,2.0,C,"XY,ZY",-3.8829166627182125e-11,0.6606862082416125,0.3477942749290902,1.7780326240538742e-09,0.6323154852682631,False
motional_heating,Motional heating/diffusion,2.0,C,"XY,ZZ",-3.1920755766883845e-11,0.8932432648717503,0.20211614875845485,2.7212375440854155e-09,0.7805812468739719,False
motional_heating,Motional heating/diffusion,2.0,C,"XZ,YI",6.546094674221276e-12,0.9697062750967681,-0.09341820063494621,1.1331208456367728e-09,0.9422295097700492,False
motional_heating,Motional heating/diffusion,2.0,C,"XZ,YX",4.515352053938752e-11,0.8320888029880993,-0.6381026733036137,2.805568590278474e-09,0.8390575062187102,False
motional_heating,Motional heating/diffusion,2.0,C,"XZ,YY",6.297230710288238e-11,0.7663033593927483,-1.6894791172250976,3.814911656648534e-09,0.8349311523554267,False
motional_heating,Motional heating/diffusion,2.0,C,"XZ,YZ",6.796647658284987e-12,0.9763165550098933,-0.5000901908448765,1.3660596224023588e-09,0.9502463322476923,False
motional_heating,Motional heating/diffusion,2.0,C,"XZ,ZI",-3.858321687808712e-11,0.8334542199353919,-0.5288555849369199,2.753948464252849e-09,0.719797103112786,False
motional_heating,Motional heating/diffusion,2.0,C,"XZ,ZX",1.875764119918778e-11,0.7879772186323712,0.047428734038147846,1.1740472133351888e-09,0.8402309465400306,False
motional_heating,Motional heating/diffusion,2.0,C,"XZ,ZY",3.36464739277311e-11,0.9362628732598867,-0.6712012611026239,4.229556665043689e-09,0.9204491709360192,False
motional_heating,Motional heating/diffusion,2.0,C,"XZ,ZZ",-2.669574017105408e-11,0.7619460137846562,-0.6131436473719873,1.6558923781293385e-09,0.8387833622302661,False
motional_heating,Motional heating/diffusion,2.0,C,"YI,YX",1.45720626324683e-10,0.6012451692637093,-3.887864604705662,5.759063027242502e-09,0.7469716416796093,False
motional_heating,Motional heating/diffusion,2.0,C,"YI,YY",-1.6341374128107756e-11,0.9675864334821557,0.005976298461780716,2.5143541789198507e-09,1.064992331888294,False
motional_heating,Motional heating/diffusion,2.0,C,"YI,YZ",5.184726945650541e-12,0.9969477621488031,-0.23366867327865481,2.75582349595946e-09,0.9811862880432933,False
motional_heating,Motional heating/diffusion,2.0,C,"YI,ZI",-1.738997143449185e-10,0.7966961936074467,-3.1582445776404366,9.82418552088383e-09,0.8229881612320432,False
motional_heating,Motional heating/diffusion,2.0,C,"YI,ZX",1.6180540389784166e-12,0.9998786029834329,-0.37846932533037014,3.484490996083122e-09,1.0046435879466966,False
motional_heating,Motional heating/diffusion,2.0,C,"YI,ZY",-6.843588071759106e-11,0.7262259605648093,-0.3255747249991765,4.270924215468068e-09,0.6795265976870495,False
motional_heating,Motional heating/diffusion,2.0,C,"YI,ZZ",1.8748070584386443e-11,0.9170872292012737,0.14440535567163182,1.5754881523823756e-09,1.1189984866343585,False
motional_heating,Motional heating/diffusion,2.0,C,"YX,YY",-1.5591742341359188e-11,0.9414726026004047,0.08117396861660531,1.4912341722650027e-09,1.1045559619766308,False
motional_heating,Motional heating/diffusion,2.0,C,"YX,YZ",1.5674283720279706e-11,0.968322475149483,-0.17507999300310284,2.7990182288430625e-09,0.8880015602702348,False
motional_heating,Motional heating/diffusion,2.0,C,"YX,ZI",1.3771303947225968e-10,0.7180153859518744,0.4469675767421162,6.8286909684858e-09,0.9070196958607416,False
motional_heating,Motional heating/diffusion,2.0,C,"YX,ZX",6.309307874341316e-11,0.5257693243095777,0.6418756710446631,3.1394098214385627e-09,0.5224336106970479,False
motional_heating,Motional heating/diffusion,2.0,C,"YX,ZY",3.8342989009608614e-11,0.845771460144949,-2.627414909210933,2.19728676199468e-09,0.8254984753341839,False
motional_heating,Motional heating/diffusion,2.0,C,"YX,ZZ",7.935191555980238e-11,0.7473450540983845,-2.6034479204208694,3.829503767629434e-09,0.7927879945423755,False
motional_heating,Motional heating/diffusion,2.0,C,"YY,YZ",-5.861254747102786e-13,0.9982812770524069,0.0020477083386817307,3.2999401911328713e-10,1.0177616999327816,False
motional_heating,Motional heating/diffusion,2.0,C,"YY,ZI",1.0605196340636699e-11,0.969928944712775,0.00855457166549678,1.5455596689473032e-09,0.862765617481983,False
motional_heating,Motional heating/diffusion,2.0,C,"YY,ZX",-2.853985639915273e-11,0.8577023953960952,0.26325971024145045,1.745577830748968e-09,1.1634980457268254,False
motional_heating,Motional heating/diffusion,2.0,C,"YY,ZY",-8.062101961088827e-12,0.6371663560047426,-0.02762258911677229,3.5372323379157157e-10,0.7947583095577706,False
motional_heating,Motional heating/diffusion,2.0,C,"YY,ZZ",-1.3681603053079203e-12,0.9963401551655202,-0.013733093468994095,5.331071116509729e-10,0.9486722170683155,False
motional_heating,Motional heating/diffusion,2.0,C,"YZ,ZI",-1.6585984309337004e-11,0.9649520742882206,-0.08008731770332078,2.8589944041467797e-09,0.8839732999457421,False
motional_heating,Motional heating/diffusion,2.0,C,"YZ,ZX",1.5378648621853454e-11,0.9795948340633858,-0.563454349659334,3.243393165546475e-09,0.9525846919047128,False
motional_heating,Motional heating/diffusion,2.0,C,"YZ,ZY",1.6391405503636168e-11,0.5552375377509243,0.14711669414936335,7.786007367267464e-10,0.57895222209663,False
motional_heating,Motional heating/diffusion,2.0,C,"YZ,ZZ",-3.5095981374490097e-12,0.9688637886880397,-0.47946630316708116,4.4757620734564746e-10,0.9204655305771728,False
motional_heating,Motional heating/diffusion,2.0,C,"ZI,ZX",-1.2038729241138778e-10,0.730195634355924,-5.329380115076763,5.192348566955871e-09,0.6824022794101233,False
motional_heating,Motional heating/diffusion,2.0,C,"ZI,ZY",-5.6420396176440235e-11,0.7507921269010994,-4.447179377499975,2.6458428226763265e-09,0.6006678212628254,False
motional_heating,Motional heating/diffusion,2.0,C,"ZI,ZZ",-6.920315953728405e-11,0.7789706606368241,-2.295001850283743,3.4230134317635233e-09,0.767354570189578,False
motional_heating,Motional heating/diffusion,2.0,C,"ZX,ZY",-7.47462873811103e-11,0.661185198817285,-0.167632134186819,4.151862411589e-09,0.6399385144725765,False
motional_heating,Motional heating/diffusion,2.0,C,"ZX,ZZ",4.5993746514102624e-11,0.4890617835710667,0.6051331984405388,1.7258109564564368e-09,0.5465457042275814,False
motional_heating,Motional heating/diffusion,2.0,C,"ZY,ZZ",-1.315599148815284e-13,0.9999319821796339,-0.2608463499747695,3.40621249316488e-10,0.9922752960864583,False
motional_heating,Motional heating/diffusion,2.0,A,"IX,IY",4.254562737814521e-11,0.9214899855437441,-0.6041664505694271,3.7718443771820274e-09,0.8872020605210352,False
motional_heating,Motional heating/diffusion,2.0,A,"IX,IZ",-1.3376819758973961e-10,0.6427469471478394,0.41109273213123143,5.794075273202708e-09,0.5988358454285401,False
motional_heating,Motional heating/diffusion,2.0,A,"IX,XI",-1.2719582966422753e-10,0.9741084191871854,-0.011517768809462314,1.9881980748387675e-08,1.0319877157296167,False
motional_heating,Motional heating/diffusion,2.0,A,"IX,XX",3.173549527822059e-11,0.992764116760756,-0.06671518121849518,8.326123716924012e-09,1.0762311403413662,False
motional_heating,Motional heating/diffusion,2.0,A,"IX,XY",-7.28352710056641e-11,0.6109554902203204,0.28288520103126813,3.7249427398002813e-09,0.6089321308087045,False
motional_heating,Motional heating/diffusion,2.0,A,"IX,XZ",1.8409486915774062e-11,0.46901971507676754,-1.1082180485756008,6.276860791856915e-10,0.5092963643911581,False
motional_heating,Motional heating/diffusion,2.0,A,"IX,YI",-1.4527471841572605e-11,0.9869688063989913,-0.03007567778246334,2.94576017432146e-09,1.098633092864859,False
motional_heating,Motional heating/diffusion,2.0,A,"IX,YX",-1.264007654072363e-10,0.7687388153379715,-4.183941370563548,6.116797352659725e-09,0.7517762523354713,False
motional_heating,Motional heating/diffusion,2.0,A,"IX,YY",-1.2814272032136986e-10,0.6783879185251981,-0.4093398646396653,6.356707042142167e-09,0.7984133617109613,False
motional_heating,Motional heating/diffusion,2.0,A,"IX,YZ",3.126135241890899e-11,0.910424518769303,0.11262995249593766,2.5104378430665514e-09,1.0975464859940904,False
motional_heating,Motional heating/diffusion,2.0,A,"IX,ZI",6.948573655930394e-11,0.8786191988868155,0.2245470976162025,4.8333806028456145e-09,1.0718810934508187,False
motional_heating,Motional heating/diffusion,2.0,A,"IX,ZX",-1.0693147148291374e-10,0.5050020256914743,-0.2957839793723982,3.862488890792818e-09,0.7231539701309927,False
motional_heating,Motional heating/diffusion,2.0,A,"IX,ZY",-1.4638204992037367e-11,0.966243429500498,0.06631179811848142,1.939248032391196e-09,1.1509678467894349,False
motional_heating,Motional heating/diffusion,2.0,A,"IX,ZZ",-1.3971016631286683e-10,0.6011749468620701,-0.4404850235269313,6.083329302183111e-09,0.7703393004506113,False
motional_heating,Motional heating/diffusion,2.0,A,"IY,IZ",1.8548430615891272e-11,0.9521955755884806,0.07565228988183559,2.4036860387242854e-09,0.845666777465367,False
motional_heating,Motional heating/diffusion,2.0,A,"IY,XI",-4.839590247343073e-11,0.924951898981631,-0.28004234227984837,4.953981566016376e-09,0.8046181568158434,False
motional_heating,Motional heating/diffusion,2.0,A,"IY,XX",1.290943331371894e-10,0.7793934771166593,0.0943100196421619,9.095201786292785e-09,0.7161265111638421,False
motional_heating,Motional heating/diffusion,2.0,A,"IY,XY",-2.5023496533858706e-11,0.9721165063882918,0.0355573800428135,4.381034173603857e-09,0.8857644312175075,False
motional_heating,Motional heating/diffusion,2.0,A,"IY,XZ",-7.134913354190944e-11,0.650099976263223,-3.1689506619245016,3.188373946669742e-09,0.5524418732850729,False
motional_heating,Motional heating/diffusion,2.0,A,"IY,YI",2.7890382535728913e-12,0.9981823234862173,-0.05820160592471346,1.7387609488397733e-09,1.0320807556143234,False
motional_heating,Motional heating/diffusion,2.0,A,"IY,YX",6.083356685377213e-11,0.5677663996195509,0.03431984667037691,2.4288188103615753e-09,0.7025594819162713,False
motional_heating,Motional heating/diffusion,2.0,A,"IY,YY",4.81374293665203e-11,0.7185460580395933,-0.1747995679391463,2.6916549729941555e-09,0.8211604761773275,False
motional_heating,Motional heating/diffusion,2.0,A,"IY,YZ",1.096010169411012e-11,0.9704191109036824,-1.1824964301242105,1.647141678636951e-09,0.9667299363610912,False
motional_heating,Motional heating/diffusion,2.0,A,"IY,ZI",-6.972580940515873e-11,0.6858759158874048,-0.6478743934858231,3.631747303692174e-09,0.8080102948399719,False
motional_heating,Motional heating/diffusion,2.0,A,"IY,ZX",5.735740583927849e-11,0.6110775822411341,0.2958297389945971,2.784613956244206e-09,0.5782251661189234,False
motional_heating,Motional heating/diffusion,2.0,A,"IY,ZY",-1.6654201762282588e-11,0.887998668035952,0.11760201489951538,1.2298414114151568e-09,0.8645825257817682,False
motional_heating,Motional heating/diffusion,2.0,A,"IY,ZZ",-1.656996365349924e-11,0.9273931985870526,0.1267876492702128,1.577865231992344e-09,0.7545616366656894,False
motional_heating,Motional heating/diffusion,2.0,A,"IZ,XI",1.4899119266520333e-10,0.5842436947902168,0.29168172085825794,5.522952467074272e-09,0.7302327087668565,False
motional_heating,Motional heating/diffusion,2.0,A,"IZ,XX",-3.6629870169781215e-11,0.7493559169071383,-0.006673715133808766,2.443607830300865e-09,0.7001984547964784,False
motional_heating,Motional heating/diffusion,2.0,A,"IZ,XY",-8.709995704466971e-11,0.5829350646995909,-3.2924164503725333,3.5283623362164073e-09,0.5062867770090177,False
motional_heating,Motional heating/diffusion,2.0,A,"IZ,XZ",5.113733596305959e-11,0.79533144214328,-0.591574807689714,2.393468222703581e-09,0.8931731462360996,False
motional_heating,Motional heating/diffusion,2.0,A,"IZ,YI",5.6308452692158275e-11,0.7672347168549315,-0.7792705889754652,2.799673015157478e-09,0.7988748957921038,False
motional_heating,Motional heating/diffusion,2.0,A,"IZ,YX",1.2387200252175375e-11,0.8042375709323305,-1.250259730892759,7.595833801589805e-10,0.8369211257678817,False
motional_heating,Motional heating/diffusion,2.0,A,"IZ,YY",5.426992165828703e-11,0.8085411996020228,-0.9795958145893737,3.649993620592148e-09,0.8513150232589101,False
motional_heating,Motional heating/diffusion,2.0,A,"IZ,YZ",-1.090394568076718e-11,0.9577706276508432,0.0808315397884426,1.3644974111867643e-09,1.0799118092227344,False
motional_heating,Motional heating/diffusion,2.0,A,"IZ,ZI",4.407294328738078e-12,0.6722592400376869,0.3794802451876862,2.3352919693243024e-10,0.523806343800021,False
motional_heating,Motional heating/diffusion,2.0,A,"IZ,ZX",7.889895701940774e-11,0.6247037009135372,-1.0377549193774795,3.3987153678464802e-09,0.7678565326010213,False
motional_heating,Motional heating/diffusion,2.0,A,"IZ,ZY",2.111943913182628e-11,0.9675105411411652,-0.6279062124268622,3.6750662121385316e-09,0.9425331737913456,False
motional_heating,Motional heating/diffusion,2.0,A,"IZ,ZZ",-1.3068599934992954e-11,0.957509670108535,-0.11005218172461784,1.8138185532661305e-09,0.9279497945841362,False
motional_heating,Motional heating/diffusion,2.0,A,"XI,XX",-2.1450820159741313e-10,0.6242397400593492,0.29340034819686167,8.647455397405435e-09,0.7519406672374699,False
motional_heating,Motional heating/diffusion,2.0,A,"XI,XY",-7.646334507871634e-11,0.47176421528749624,0.6820539773854332,3.021048053859478e-09,0.4193124219160863,False
motional_heating,Motional heating/diffusion,2.0,A,"XI,XZ",3.152891543963359e-11,0.7525988703830919,0.1529789650012543,2.0910921290957686e-09,0.6984454677923029,False
motional_heating,Motional heating/diffusion,2.0,A,"XI,YI",9.051798051944299e-11,0.8232189266136741,-0.5900177175285581,5.3215990466415094e-09,0.7668642993881972,False
motional_heating,Motional heating/diffusion,2.0,A,"XI,YX",-9.650898052907013e-11,0.7289119485874292,-0.34191057264361135,5.8930243686356584e-09,0.672463663843923,False
motional_heating,Motional heating/diffusion,2.0,A,"XI,YY",-1.3896951084483244e-10,0.5782734631713862,-0.483263103576169,5.697881462528635e-09,0.7561031907056208,False
motional_heating,Motional heating/diffusion,2.0,A,"XI,YZ",1.255559556705233e-11,0.9893204875071675,0.02002909068909353,3.2388712501971506e-09,1.077530686446941,False
motional_heating,Motional heating/diffusion,2.0,A,"XI,ZI",8.369958614474419e-11,0.9220383701738515,0.12620674882588323,7.311463279955181e-09,1.0572386011800208,False
motional_heating,Motional heating/diffusion,2.0,A,"XI,ZX",2.1221867635515253e-11,0.6991171274976534,0.35926892240207775,1.0777666395229803e-09,0.6083745838434956,False
motional_heating,Motional heating/diffusion,2.0,A,"XI,ZY",-6.74953583759465e-12,0.9910391925789042,-0.00833573867033044,1.8337149400480604e-09,1.0736159769458795,False
motional_heating,Motional heating/diffusion,2.0,A,"XI,ZZ",-1.2914928291089703e-10,0.6722361242223511,-0.4833253360694725,6.356978382263209e-09,0.7968385683499566,False
motional_heating,Motional heating/diffusion,2.0,A,"XX,XY",1.3047200298315973e-10,0.707744444923922,0.4800738404242586,6.869737993350503e-09,0.6877370097049046,False
motional_heating,Motional heating/diffusion,2.0,A,"XX,XZ",6.424513399170002e-11,0.9492982475994203,0.09729405519049206,6.099452778029094e-09,1.0526646703644613,False
motional_heating,Motional heating/diffusion,2.0,A,"XX,YI",1.3415285904500643e-10,0.76942259943868,0.12603076260889168,7.448206240152364e-09,0.8198856815728264,False
motional_heating,Motional heating/diffusion,2.0,A,"XX,YX",4.525373924744623e-10,0.6604177852571821,-13.277134645351692,1.6110346440777256e-08,0.8586661926918389,False
motional_heating,Motional heating/diffusion,2.0,A,"XX,YY",-1.2327435645333682e-15,0.6825777195318403,-0.017236468694636686,7.05980748528683e-14,0.6507713370081271,False
motional_heating,Motional heating/diffusion,2.0,A,"XX,YZ",-6.940724267158696e-11,0.6869594081863925,-1.30641876061128,3.5549906161575817e-09,0.8047611086337946,False
motional_heating,Motional heating/diffusion,2.0,A,"XX,ZI",-4.705643356850129e-11,0.7120721668133352,-0.0051238860194968705,2.409237576450405e-09,0.8046832988640714,False
motional_heating,Motional heating/diffusion,2.0,A,"XX,ZX",-1.747841959738741e-10,0.8786997791798229,0.2242496941299159,1.1828277267165879e-08,1.073884045844553,False
motional_heating,Motional heating/diffusion,2.0,A,"XX,ZY",-3.6804553993200605e-11,0.9713297175841438,-0.30272704951527896,5.8543028804169966e-09,0.8742649475266676,False
motional_heating,Motional heating/diffusion,2.0,A,"XX,ZZ",2.679900254082397e-10,0.6326815250137781,-0.4624627109359438,1.224752648901893e-08,0.7811884500527365,False
motional_heating,Motional heating/diffusion,2.0,A,"XY,XZ",-4.469004060951517e-11,0.944144782957956,-0.11271026013724716,4.281034276896308e-09,0.9572403915595777,False
motional_heating,Motional heating/diffusion,2.0,A,"XY,YI",-3.606537531393712e-11,0.5879728459376191,0.1526176000270384,1.5529779387388102e-09,0.6122990602073575,False
motional_heating,Motional heating/diffusion,2.0,A,"XY,YX",1.7038160349410025e-12,0.9930489166515796,0.013827707055603322,5.385828118964275e-10,1.0632703457038155,False
motional_heating,Motional heating/diffusion,2.0,A,"XY,YY",-5.2014763166411155e-11,0.8196478682861581,-1.053703139573663,3.6852985509274047e-09,0.8588587533747527,False
motional_heating,Motional heating/diffusion,2.0,A,"XY,YZ",1.0986268538123157e-11,0.9459721329980919,0.08721738896171072,1.2948274991344219e-09,1.0848473526046316,False
motional_heating,Motional heating/diffusion,2.0,A,"XY,ZI",-2.5056506081735472e-11,0.6634256904428283,-0.183352520684414,1.1087459659760943e-09,0.5818160263647975,False
motional_heating,Motional heating/diffusion,2.0,A,"XY,ZX",-5.0542015526943144e-11,0.6434857262296102,0.17881060278163707,2.3491929548086126e-09,0.5856781759275931,False
motional_heating,Motional heating/diffusion,2.0,A,"XY,ZY",-3.2669663427301246e-11,0.9505400508289303,-0.8416940226314187,4.405443489546917e-09,0.925842509375461,False
motional_heating,Motional heating/diffusion,2.0,A,"XY,ZZ",9.769467458946012e-12,0.9741297928475798,-0.09013316763524681,1.7351965648463732e-09,0.9436982088550241,False
motional_heating,Motional heating/diffusion,2.0,A,"XZ,YI",-3.805397255353787e-11,0.7754621791502644,-0.7044271108335727,1.9618995893746743e-09,0.7664528092413991,False
motional_heating,Motional heating/diffusion,2.0,A,"XZ,YX",3.666470321677584e-11,0.7638275177146,-0.05127663128401694,2.1866419784777494e-09,0.8323241592466807,False
motional_heating,Motional heating/diffusion,2.0,A,"XZ,YY",2.540730841192632e-11,0.8954259081743073,0.06628338241013332,2.0846905762040924e-09,0.8781243187744955,False
motional_heating,Motional heating/diffusion,2.0,A,"XZ,YZ",3.2105903447977223e-12,0.9966115255779545,-0.6339582786625342,1.5558374112568994e-09,0.9896821148483503,False
motional_heating,Motional heating/diffusion,2.0,A,"XZ,ZI",-5.823877224094773e-11,0.7149400063002235,-0.33820432072073725,3.256223860951344e-09,0.8211462886831971,False
motional_heating,Motional heating/diffusion,2.0,A,"XZ,ZX",-7.343451498364848e-12,0.9793808943802487,-0.18412629699607264,1.58053663032925e-09,0.9070764782359382,False
motional_heating,Motional heating/diffusion,2.0,A,"XZ,ZY",-2.8909803166276706e-11,0.7249277425970942,0.1893488323042436,1.4395708387881174e-09,0.7991776271974638,False
motional_heating,Motional heating/diffusion,2.0,A,"XZ,ZZ",4.671916401486253e-13,0.9999759251516566,-0.2827247242459554,2.0507002115850185e-09,0.9954435890969405,False
motional_heating,Motional heating/diffusion,2.0,A,"YI,YX",-1.3884452840946977e-11,0.9082480868542632,0.15300855692194926,9.436437595583443e-10,1.0982703395712088,False
motional_heating,Motional heating/diffusion,2.0,A,"YI,YY",-1.1203153133163878e-11,0.949335999661824,0.005992235807234181,1.4091475799261681e-09,0.8409938988256878,False
motional_heating,Motional heating/diffusion,2.0,A,"YI,YZ",2.775816000382429e-11,0.9269872336529301,-0.30042322117148945,3.2917689575092008e-09,0.8313480662699475,False
motional_heating,Motional heating/diffusion,2.0,A,"YI,ZI",4.90496373433231e-12,0.9983431189682368,-0.012578287401778576,2.9503408978158803e-09,1.0332501490791348,False
motional_heating,Motional heating/diffusion,2.0,A,"YI,ZX",-6.662705656039176e-11,0.9147511797719113,-1.5581513153991589,6.253196393775763e-09,0.8934512010102381,False
motional_heating,Motional heating/diffusion,2.0,A,"YI,ZY",1.6556810121271824e-11,0.949825963481649,-1.0413109978760509,1.575122034555016e-09,0.890939842593281,False
motional_heating,Motional heating/diffusion,2.0,A,"YI,ZZ",6.704296509583523e-11,0.7990436061113835,-2.2665525900961567,3.4645043834105205e-09,0.7701053535942521,False
motional_heating,Motional heating/diffusion,2.0,A,"YX,YY",1.6416264732762326e-11,0.9681800543078062,0.011540924549290899,2.5857215010363553e-09,1.0634881394851792,False
motional_heating,Motional heating/diffusion,2.0,A,"YX,YZ",-2.7985023458652474e-11,0.9513578354970237,-0.5811533794831674,3.9163402949426105e-09,0.9285429218324284,False
motional_heating,Motional heating/diffusion,2.0,A,"YX,ZI",7.720959599711204e-11,0.874652385634533,-1.7338369583606719,5.845556886428121e-09,0.8679174670656736,False
motional_heating,Motional heating/diffusion,2.0,A,"YX,ZX",1.2914349993402881e-10,0.3648134362017119,0.5669170001056512,4.55916000026813e-09,0.44488000954721707,False
motional_heating,Motional heating/diffusion,2.0,A,"YX,ZY",6.575998365738711e-11,0.6892171920079979,-0.076951214957516,3.865222271645922e-09,0.659735047374729,False
motional_heating,Motional heating/diffusion,2.0,A,"YX,ZZ",-3.7416823605232e-11,0.6995592209751738,0.4499009055818538,1.7704058594702554e-09,0.9212512291328379,False
motional_heating,Motional heating/diffusion,2.0,A,"YY,YZ",-1.0406123297008035e-11,0.8981814080453382,-1.4920518462085939,8.335238246365598e-10,0.87515505868659,False
motional_heating,Motional heating/diffusion,2.0,A,"YY,ZI",3.168584226465684e-11,0.7400381127579108,0.4064781246191098,1.439344359514425e-09,1.0315264368050738,False
motional_heating,Motional heating/diffusion,2.0,A,"YY,ZX",-1.9604312732803782e-12,0.9983971058540816,0.00044577231375630966,1.129490617980737e-09,1.0347135468337962,False
motional_heating,Motional heating/diffusion,2.0,A,"YY,ZY",1.1498208511914757e-11,0.5637568579452444,0.5391498780845416,6.156060360764285e-10,0.42516559918983515,False
motional_heating,Motional heating/diffusion,2.0,A,"YY,ZZ",4.5449028707852127e-13,0.9995066639745669,-0.03454930868116235,5.814148311673485e-10,0.992183029005882,False
motional_heating,Motional heating/diffusion,2.0,A,"YZ,ZI",-2.1835532017057794e-11,0.9647785432934672,-0.5381843315014105,3.4668979315263225e-09,0.9370170900663217,False
motional_heating,Motional heating/diffusion,2.0,A,"YZ,ZX",-2.981911851777918e-11,0.9237106713074072,-0.21884666662389374,3.5383903229871428e-09,0.8314537640233789,False
motional_heating,Motional heating/diffusion,2.0,A,"YZ,ZY",3.6492380641814005e-12,0.9411080348004605,-0.1086140024002824,4.935520690401141e-10,0.8521234822790378,False
motional_heating,Motional heating/diffusion,2.0,A,"YZ,ZZ",-9.409904942611217e-12,0.912089313958451,-0.638810809178723,9.341048609716035e-10,0.798525725841453,False
motional_heating,Motional heating/diffusion,2.0,A,"ZI,ZX",-1.3560221155673677e-10,0.6725084588776606,-0.2261282793220487,6.771187432436703e-09,0.7997364377964966,False
motional_heating,Motional heating/diffusion,2.0,A,"ZI,ZY",-6.947196070478624e-11,0.7080870583124294,0.036737532827303854,4.262831677420853e-09,0.6740572184786853,False
motional_heating,Motional heating/diffusion,2.0,A,"ZI,ZZ",5.971007038232983e-11,0.4382377187735072,0.4054260907043802,2.198028459563784e-09,0.4566942923552523,False
motional_heating,Motional heating/diffusion,2.0,A,"ZX,ZY",5.155031082355889e-11,0.8106783481110129,-2.3876063945413155,2.9897216551461412e-09,0.6551497646289146,False
motional_heating,Motional heating/diffusion,2.0,A,"ZX,ZZ",6.60104195961563e-11,0.828441534050064,-2.471020516961574,3.5923879085067874e-09,0.8162491877899839,False
motional_heating,Motional heating/diffusion,2.0,A,"ZY,ZZ",1.694153352611011e-11,0.6940382857853643,0.09318287119478719,7.962419322511369e-10,0.6553484172244006,False
motional_heating,Motional heating/diffusion,3.0,H,IX,-3.97866941155932e-10,0.7656399249867499,0.17855948296150082,2.054918333699623e-08,0.7610189960313795,False
motional_heating,Motional heating/diffusion,3.0,H,IY,-2.8436122713832973e-10,0.8574843065912582,0.16550285682366794,1.6492345886540447e-08,0.984317017471155,False
motional_heating,Motional heating/diffusion,3.0,H,IZ,-9.388320117467057e-12,0.9708496062743109,-0.6486853192708535,1.265488283089046e-09,0.9294820236720646,False
motional_heating,Motional heating/diffusion,3.0,H,XI,-8.594823246012266e-11,0.9899984626976592,-0.45030697467967884,2.4929575994788083e-08,0.9655235883361629,False
motional_heating,Motional heating/diffusion,3.0,H,XX,9.08707672047885e-07,0.0008804888615558052,0.9999977048008658,3.633337089347168e-05,0.0007681067221165827,True
motional_heating,Motional heating/diffusion,3.0,H,XY,1.2954199930792957e-11,0.9997771195040919,-0.041721498510043364,2.0884888886421864e-08,1.0124053328712848,False
motional_heating,Motional heating/diffusion,3.0,H,XZ,2.666720198893586e-10,0.6785462903380993,0.47998797872494214,1.0390566336914395e-08,0.9659773979001633,False
motional_heating,Motional heating/diffusion,3.0,H,YI,2.852672990305297e-11,0.9964797630844889,-0.20839829761302164,1.2275032875777847e-08,1.0116198181266562,False
motional_heating,Motional heating/diffusion,3.0,H,YX,-1.676847763607175e-10,0.9773405961529805,-0.015526720171772812,2.9146188426157342e-08,1.0575323174025144,False
motional_heating,Motional heating/diffusion,3.0,H,YY,6.002836164851956e-10,0.5998263944313146,0.5638796446390162,2.366328163992901e-08,0.7809096432085016,False
motional_heating,Motional heating/diffusion,3.0,H,YZ,1.5062656380664825e-10,0.9402169395945931,-1.0179151707364622,1.5434652830843852e-08,0.9512050690555075,False
motional_heating,Motional heating/diffusion,3.0,H,ZI,-3.051475505512615e-11,0.9077431712995391,0.10828807324886647,1.9787038805936714e-09,1.1043709242612214,False
motional_heating,Motional heating/diffusion,3.0,H,ZX,2.7588579186251965e-10,0.7164015299929742,0.4462529183192119,1.1313292931079117e-08,1.0675151725969234,False
motional_heating,Motional heating/diffusion,3.0,H,ZY,3.523624008243987e-10,0.8766175701040361,0.16565040321266267,2.1560887456042728e-08,1.1634266685649084,False
motional_heating,Motional heating/diffusion,3.0,H,ZZ,-3.0273825142230664e-17,0.7077641310496346,0.3795534245259369,1.447131128200804e-15,0.7464331170900345,False
motional_heating,Motional heating/diffusion,3.0,S,IX,2.299603089951659e-05,3.8023914001464823e-05,0.9999999957251018,0.0009198216277438364,3.5479296593826556e-05,True
motional_heating,Motional heating/diffusion,3.0,S,IY,9.249113365433724e-11,0.7372336110335866,-3.9079628668686306,4.133541981789224e-09,0.7762424234184214,False
motional_heating,Motional heating/diffusion,3.0,S,IZ,2.9942118083605364e-10,0.8151813848149232,-1.517813701723008,1.9911504857501243e-08,0.8496240324481286,False
motional_heating,Motional heating/diffusion,3.0,S,XI,2.299598918651792e-05,2.684480557284483e-05,0.9999999978694167,0.0009198415531519948,2.3010765204268762e-05,True
motional_heating,Motional heating/diffusion,3.0,S,XX,7.530541264421674e-08,0.013901883412618716,0.9994496327596745,3.0258227716379763e-06,0.011419254941370372,True
motional_heating,Motional heating/diffusion,3.0,S,XY,2.0071018408446377e-10,0.5447293743182673,-3.977733899487651,6.6423743970965045e-09,0.6978336780109872,False
motional_heating,Motional heating/diffusion,3.0,S,XZ,1.6264441059630713e-10,0.39746946999374405,0.4638497189227454,6.894108508530739e-09,0.31112741954333156,False
motional_heating,Motional heating/diffusion,3.0,S,YI,7.542579282233726e-11,0.9366123022500425,-0.17838547694759432,9.639245670604282e-09,0.9217513533736829,False
motional_heating,Motional heating/diffusion,3.0,S,YX,2.3725589118854657e-10,0.30447816166355873,0.8129168129899063,9.954532844021462e-09,0.3333526662982687,False
motional_heating,Motional heating/diffusion,3.0,S,YY,1.6154145292627406e-10,0.8848529440566945,0.16911199603641092,1.141957952746392e-08,1.1414600708701834,False
motional_heating,Motional heating/diffusion,3.0,S,YZ,2.2647460707799832e-10,0.42587916625197214,0.6282482402918281,1.090942260254012e-08,0.3835004322730259,False
motional_heating,Motional heating/diffusion,3.0,S,ZI,2.6871710542578187e-10,0.5640894491615683,-0.9097196525367364,9.581513149320943e-09,0.8597731374794251,False
motional_heating,Motional heating/diffusion,3.0,S,ZX,1.3473884923745594e-10,0.7715695153063562,-1.487396324359139,7.208728679551678e-09,0.6460221427434653,False
motional_heating,Motional heating/diffusion,3.0,S,ZY,1.962077472516709e-10,0.7995758472105133,-0.22902123712062306,1.1740865464765005e-08,0.6657695331907153,False
motional_heating,Motional heating/diffusion,3.0,S,ZZ,2.3705550612767366e-10,0.7337093828207817,-0.061283328350761446,1.0990187642676572e-08,0.8921512926643987,False
motional_heating,Motional heating/diffusion,3.0,C,"IX,IY",8.048364685690655e-11,0.7623325360217594,0.06661505679098634,4.003992837902485e-09,0.8994957657078773,False
motional_heating,Motional heating/diffusion,3.0,C,"IX,IZ",2.190216069178261e-11,0.9984712633712487,-0.014219655499874584,1.2302450525663285e-08,1.0178030878044126,False
motional_heating,Motional heating/diffusion,3.0,C,"IX,XI",2.2995847140246992e-05,1.3589397767814388e-05,0.9999999994540053,0.0009198272082816921,1.3656870945715283e-05,True
motional_heating,Motional heating/diffusion,3.0,C,"IX,XX",3.3187606149382183e-10,0.8353114406454225,0.15087467010148903,1.758189913130584e-08,0.9510816542365615,False
motional_heating,Motional heating/diffusion,3.0,C,"IX,XY",-6.121539316047938e-11,0.9522900238464291,0.08384804451280425,7.230892159166761e-09,0.8545611758977297,False
motional_heating,Motional heating/diffusion,3.0,C,"IX,XZ",-6.494772943342927e-11,0.9864426670949997,-0.19977338811709267,1.716925054867238e-08,0.9810860324830977,False
motional_heating,Motional heating/diffusion,3.0,C,"IX,YI",-4.243404359982093e-12,0.9991332645873179,-0.361362794260486,3.1683560215924787e-09,1.0066965396739873,False
motional_heating,Motional heating/diffusion,3.0,C,"IX,YX",1.5654188577039963e-10,0.8232399457904289,0.3149665114133814,1.080237170840067e-08,0.7436548510109348,False
motional_heating,Motional heating/diffusion,3.0,C,"IX,YY",-1.1125937797695335e-10,0.9568319693801878,-0.24467294549375307,1.5645254736554417e-08,0.9644430915793908,False
motional_heating,Motional heating/diffusion,3.0,C,"IX,YZ",-2.6913827746089948e-11,0.700218338541697,0.08847989755212093,1.0900926639669743e-09,0.8765525691726638,False
motional_heating,Motional heating/diffusion,3.0,C,"IX,ZI",8.580735568652795e-11,0.9789392186470436,-1.0376565923220662,1.374712462412875e-08,0.9687907987915086,False
motional_heating,Motional heating/diffusion,3.0,C,"IX,ZX",-1.5421390282686077e-10,0.9289165888177485,-0.10518222330126625,1.5498391635642637e-08,0.9502484172382748,False
motional_heating,Motional heating/diffusion,3.0,C,"IX,ZY",-1.9109971317439053e-11,0.8004754848217336,-0.2788580921584387,1.331148586755657e-09,0.8564399834280346,False
motional_heating,Motional heating/diffusion,3.0,C,"IX,ZZ",-2.5175703139598053e-10,0.8937086717284701,0.0431959476205791,1.6372517726213927e-08,1.0457914708666096,False
motional_heating,Motional heating/diffusion,3.0,C,"IY,IZ",-4.814881549200574e-11,0.8222262006572798,0.04589887829532313,3.303264930193682e-09,0.8542387107618927,False
motional_heating,Motional heating/diffusion,3.0,C,"IY,XI",2.5775972978504496e-11,0.9797128562575788,-0.015486453448293025,4.633946921489955e-09,0.972187884955082,False
motional_heating,Motional heating/diffusion,3.0,C,"IY,XX",3.128029876063814e-10,0.5884634935070167,0.5440658151142197,1.1543929055809842e-08,0.8325227733894475,False
motional_heating,Motional heating/diffusion,3.0,C,"IY,XY",-4.144806930497224e-11,0.8071605158495327,-0.3265639925306989,2.581990164887953e-09,0.6789447932945871,False
motional_heating,Motional heating/diffusion,3.0,C,"IY,XZ",9.355432323236938e-11,0.7175899367171017,0.43490867819836976,4.560258875298826e-09,0.9417414021315,False
motional_heating,Motional heating/diffusion,3.0,C,"IY,YI",1.4438644167682894e-11,0.9938749190632125,-0.031322997873642455,4.534895699556221e-09,0.9840805113014002,False
motional_heating,Motional heating/diffusion,3.0,C,"IY,YX",7.854325444049958e-11,0.7573275039212533,0.009485542025810645,5.3452363841604724e-09,0.7061186866375204,False
motional_heating,Motional heating/diffusion,3.0,C,"IY,YY",1.5674478553381448e-10,0.8252303723249143,0.12276984211785436,7.216874122478877e-09,1.1341711759438262,False
motional_heating,Motional heating/diffusion,3.0,C,"IY,YZ",-8.506700323262907e-11,0.8813803078998543,-0.5689187951907593,7.618927073127584e-09,0.9441738958673949,False
motional_heating,Motional heating/diffusion,3.0,C,"IY,ZI",8.361921784387049e-11,0.848452747979314,0.2789853618976983,5.053954346075216e-09,1.0827265267134905,False
motional_heating,Motional heating/diffusion,3.0,C,"IY,ZX",4.725432972313449e-11,0.9530707331953974,-0.01455967335200481,4.7108006238779854e-09,1.0389182196435405,False
motional_heating,Motional heating/diffusion,3.0,C,"IY,ZY",-1.2715806363409986e-10,0.6480809157994617,0.12440860863295178,4.700301723087449e-09,0.7731749788394321,False
motional_heating,Motional heating/diffusion,3.0,C,"IY,ZZ",8.166892385619867e-11,0.86592874074358,-0.6397303229247442,6.9534429954193964e-09,0.7650978834226488,False
motional_heating,Motional heating/diffusion,3.0,C,"IZ,XI",2.0094237577254416e-10,0.8459825351277436,-0.1354790329047031,1.0425405347004476e-08,0.996135470022757,False
motional_heating,Motional heating/diffusion,3.0,C,"IZ,XX",-7.20807470209974e-11,0.9929023884509269,-0.005289574666673902,1.913922926361349e-08,1.075322517984602,False
motional_heating,Motional heating/diffusion,3.0,C,"IZ,XY",2.0079103406212054e-10,0.8031783267388027,-1.2782460947271637,1.3499981491171317e-08,0.8512656967763745,False
motional_heating,Motional heating/diffusion,3.0,C,"IZ,XZ",-9.286587670209574e-11,0.9379606365746674,0.11533716004632766,9.590226013572051e-09,1.0968338770855581,False
motional_heating,Motional heating/diffusion,3.0,C,"IZ,YI",2.7204964723483813e-11,0.9869365340730597,-0.09984953987605039,5.338819862364491e-09,1.0509568882727485,False
motional_heating,Motional heating/diffusion,3.0,C,"IZ,YX",-1.3411115549516142e-10,0.8378617739788838,0.29756861591451855,6.736814779528732e-09,0.9850336073511174,False
motional_heating,Motional heating/diffusion,3.0,C,"IZ,YY",-8.857678615479026e-12,0.998146265324933,-0.09163430534095096,5.1829066110929445e-09,1.0170901759960733,False
motional_heating,Motional heating/diffusion,3.0,C,"IZ,YZ",-9.344466855659485e-11,0.8819272567931143,0.21984177541803718,6.469993455874071e-09,1.14442776363515,False
motional_heating,Motional heating/diffusion,3.0,C,"IZ,ZI",-1.6739176134981805e-10,0.9072167061576945,0.16601617635312038,1.4514356772415904e-08,1.0576642024081773,False
motional_heating,Motional heating/diffusion,3.0,C,"IZ,ZX",4.7110409579041133e-11,0.9732639013197797,0.05226246723217709,7.788671098267143e-09,1.0302429060006928,False
motional_heating,Motional heating/diffusion,3.0,C,"IZ,ZY",2.9006116817533504e-11,0.9777607752905676,0.03577812218893539,4.735895023480811e-09,1.0306236906368487,False
motional_heating,Motional heating/diffusion,3.0,C,"IZ,ZZ",-4.4452917918196506e-11,0.9916175921749764,-0.7490161154597534,1.007100383634005e-08,0.9558604895394902,False
motional_heating,Motional heating/diffusion,3.0,C,"XI,XX",1.6693250713874375e-10,0.9387732755139703,-1.490760895778012,1.8210750610258e-08,0.9541664946406131,False
motional_heating,Motional heating/diffusion,3.0,C,"XI,XY",1.4527285949467968e-10,0.9338070677141861,-0.19546127700371074,1.808427804481786e-08,0.9196689748218574,False
motional_heating,Motional heating/diffusion,3.0,C,"XI,XZ",-1.3858054676574722e-10,0.9624706341349756,-0.009585519629431438,1.6185492799118557e-08,0.9992349798985768,False
motional_heating,Motional heating/diffusion,3.0,C,"XI,YI",1.397987618432709e-11,0.9877683160981692,-0.18026860584141646,3.1012163679670208e-09,0.9098426260822847,False
motional_heating,Motional heating/diffusion,3.0,C,"XI,YX",-2.7390008300195467e-11,0.9731269417661892,-0.09412736273883038,4.2722567997855246e-09,0.8717773318234499,False
motional_heating,Motional heating/diffusion,3.0,C,"XI,YY",-1.457943578400477e-10,0.9528932523384199,-0.036026685511005185,1.666248146145963e-08,0.9562507066617687,False
motional_heating,Motional heating/diffusion,3.0,C,"XI,YZ",2.8034477942501835e-11,0.7472508999536859,0.1842069109892155,1.1828029375376053e-09,0.9310148897052803,False
motional_heating,Motional heating/diffusion,3.0,C,"XI,ZI",-8.351673078075259e-11,0.9775610485649627,-0.07149763344573734,1.4113415214695327e-08,1.029587711234412,False
motional_heating,Motional heating/diffusion,3.0,C,"XI,ZX",-4.7251092309468464e-11,0.9940346614440217,-0.07631793727739744,1.6857397189448578e-08,0.9859850569520175,False
motional_heating,Motional heating/diffusion,3.0,C,"XI,ZY",1.801676896483475e-11,0.8803425329975554,-0.32647091484087265,1.6804946924861983e-09,0.8927888969516473,False
motional_heating,Motional heating/diffusion,3.0,C,"XI,ZZ",-2.5112653440866943e-10,0.8061213410019191,-0.3842016470496814,1.5226350574752776e-08,0.9175355469533621,False
motional_heating,Motional heating/diffusion,3.0,C,"XX,XY",3.67515569229807e-11,0.9075257506504826,-0.05821009594026716,3.62597835082248e-09,0.8986437497216596,False
motional_heating,Motional heating/diffusion,3.0,C,"XX,XZ",2.252465867267296e-10,0.9017375157576103,0.11189468016343296,1.427506039832477e-08,1.0760604069011128,False
motional_heating,Motional heating/diffusion,3.0,C,"XX,YI",3.0132538914969935e-10,0.5897122451928463,0.5809731721376798,1.216882472355872e-08,0.7322101554921163,False
motional_heating,Motional heating/diffusion,3.0,C,"XX,YX",-5.045921770645744e-12,0.9958981258127074,-0.29195550969485207,1.894504800308607e-09,1.026634515625528,False
motional_heating,Motional heating/diffusion,3.0,C,"XX,YY",2.879252557831818e-10,0.9490964745753206,-0.11388487200673181,3.407262337430095e-08,0.9577482994748875,False
motional_heating,Motional heating/diffusion,3.0,C,"XX,YZ",-2.2691793649875672e-10,0.7287359735376099,0.405149187556337,1.0555155393243202e-08,0.8283181154153634,False
motional_heating,Motional heating/diffusion,3.0,C,"XX,ZI",1.0734360182948565e-10,0.9903145759995724,-0.07909531697662264,2.908875521172416e-08,1.0369020953451529,False
motional_heating,Motional heating/diffusion,3.0,C,"XX,ZX",-8.884655522722398e-11,0.968606257385847,-0.023770807061486376,1.2646185339661822e-08,1.0351278084421938,False
motional_heating,Motional heating/diffusion,3.0,C,"XX,ZY",-3.8172983642212006e-10,0.4501664716423936,0.7263395283994036,1.6207546686838453e-08,0.49833802969777996,False
motional_heating,Motional heating/diffusion,3.0,C,"XX,ZZ",3.67483206769022e-11,0.8578048170956742,-0.3716316182154531,2.2347527664935306e-09,0.9177798966671319,False
motional_heating,Motional heating/diffusion,3.0,C,"XY,XZ",-7.422442788062672e-11,0.8927973257893856,0.08606503023072509,4.75881725566514e-09,1.1559724273762901,False
motional_heating,Motional heating/diffusion,3.0,C,"XY,YI",1.8214949719918183e-10,0.6089026300439139,0.4615321686830496,7.984944945717828e-09,0.7353852383606997,False
motional_heating,Motional heating/diffusion,3.0,C,"XY,YX",-2.2338663437751936e-10,0.3936847211098295,0.727563104927168,8.576279806478227e-09,0.39398316997878674,False
motional_heating,Motional heating/diffusion,3.0,C,"XY,YY",9.323089990070329e-11,0.773025318551654,-0.6223227223519909,5.786782255710332e-09,0.8388899119044887,False
motional_heating,Motional heating/diffusion,3.0,C,"XY,YZ",3.8002936447857536e-11,0.9699639321734363,-1.005881073434284,5.562580442849526e-09,0.9316811022540649,False
motional_heating,Motional heating/diffusion,3.0,C,"XY,ZI",-2.6446014141293314e-10,0.4463677082276858,0.4432474338861706,8.518382796239296e-09,0.48494191264768743,False
motional_heating,Motional heating/diffusion,3.0,C,"XY,ZX",2.411038648431388e-10,0.1204439812622756,0.9450121600828744,9.519643743409182e-09,0.11677389333220646,False
motional_heating,Motional heating/diffusion,3.0,C,"XY,ZY",1.2027083629003127e-10,0.7660466886058956,-2.1740168621105873,6.677142502615108e-09,0.6397535734996607,False
motional_heating,Motional heating/diffusion,3.0,C,"XY,ZZ",-9.910613680181918e-11,0.9579499227523603,-1.2548452247400452,1.2023834898624972e-08,0.9587876340462922,False
motional_heating,Motional heating/diffusion,3.0,C,"XZ,YI",-5.15672209002707e-11,0.8232998812824633,-1.0740682894599964,3.6344699385334955e-09,0.8581162541653102,False
motional_heating,Motional heating/diffusion,3.0,C,"XZ,YX",1.1127169033150835e-10,0.6441462916957827,0.13980202684665666,5.95298699173938e-09,0.6261651823331255,False
motional_heating,Motional heating/diffusion,3.0,C,"XZ,YY",9.75745675236707e-11,0.8500528563452456,0.2757698069719844,6.316173718624777e-09,1.0536388185012078,False
motional_heating,Motional heating/diffusion,3.0,C,"XZ,YZ",-1.0805155203889331e-11,0.9756608635748162,-0.8791372591940296,2.0903977121417543e-09,0.974155264471614,False
motional_heating,Motional heating/diffusion,3.0,C,"XZ,ZI",1.3030732178806408e-10,0.7328924017047799,0.45039794224361995,6.714705405610014e-09,0.6974222830870469,False
motional_heating,Motional heating/diffusion,3.0,C,"XZ,ZX",-1.2540753517919611e-11,0.9801518065463928,0.01076711131418051,2.386700467202704e-09,0.9474556875056139,False
motional_heating,Motional heating/diffusion,3.0,C,"XZ,ZY",-1.3375607715180754e-10,0.6027217418214436,-0.12786032098198974,4.84597748729175e-09,0.7201241552521699,False
motional_heating,Motional heating/diffusion,3.0,C,"XZ,ZZ",4.156894149493557e-13,0.9999982397609974,-0.2918202320780847,8.673218151639514e-09,0.9997603603370274,False
motional_heating,Motional heating/diffusion,3.0,C,"YI,YX",-8.400023850987413e-11,0.6564654926897447,0.5010581987773621,4.332224113770192e-09,0.6015884942415906,False
motional_heating,Motional heating/diffusion,3.0,C,"YI,YY",2.2551185916236838e-12,0.9998383026928664,-0.0196384381140684,5.283144869952102e-09,1.0042685155284112,False
motional_heating,Motional heating/diffusion,3.0,C,"YI,YZ",-8.419440308209162e-11,0.9276677512650183,-0.11408559948274144,9.832158809204109e-09,0.9143683450238057,False
motional_heating,Motional heating/diffusion,3.0,C,"YI,ZI",-8.10549886133594e-11,0.8674630518843887,0.2340005382123188,5.544944522610514e-09,1.1461781777668705,False
motional_heating,Motional heating/diffusion,3.0,C,"YI,ZX",4.805833729804548e-11,0.8182338701998897,-0.022022680752501245,2.6725988982783457e-09,0.6942068810448502,False
motional_heating,Motional heating/diffusion,3.0,C,"YI,ZY",-1.8823357031327487e-11,0.9957362121321072,-0.48080650154444093,8.186133659807543e-09,0.977005802966855,False
motional_heating,Motional heating/diffusion,3.0,C,"YI,ZZ",8.94704325851788e-11,0.7602838742053507,0.3140926814624263,5.228255765924399e-09,0.7496111616898341,False
motional_heating,Motional heating/diffusion,3.0,C,"YX,YY",1.702368513581835e-11,0.9817137071064407,-0.8289620767447856,2.967476231901174e-09,0.9713162232728115,False
motional_heating,Motional heating/diffusion,3.0,C,"YX,YZ",9.310294984490682e-11,0.7202408419480215,0.37431659615279456,4.5817347300619346e-09,0.6420969042766044,False
motional_heating,Motional heating/diffusion,3.0,C,"YX,ZI",1.7810119093317927e-10,0.6091830450212036,0.481443763017964,8.430777378202689e-09,0.671257275173246,False
motional_heating,Motional heating/diffusion,3.0,C,"YX,ZX",-8.636034395893867e-11,0.7295486758606954,0.4242133762987953,4.610413930007149e-09,0.8843733445919453,False
motional_heating,Motional heating/diffusion,3.0,C,"YX,ZY",-7.341663269780158e-11,0.7552249521296478,-0.08710230323457901,4.463476092922703e-09,0.6710338257923633,False
motional_heating,Motional heating/diffusion,3.0,C,"YX,ZZ",-1.1915374181023344e-10,0.871771489977961,0.06241218950222682,7.909249141784595e-09,0.9664124453867784,False
motional_heating,Motional heating/diffusion,3.0,C,"YY,YZ",-5.737067037333385e-11,0.88816503315587,0.16222731744303687,3.934147860911965e-09,0.8997552944086434,False
motional_heating,Motional heating/diffusion,3.0,C,"YY,ZI",3.5814400075245593e-11,0.9484705483843486,0.07939660495793732,3.873521224906367e-09,0.9699434980424169,False
motional_heating,Motional heating/diffusion,3.0,C,"YY,ZX",5.7969454030919284e-11,0.9434932101993285,0.06890785832886948,6.203891488483929e-09,0.8882378046269808,False
motional_heating,Motional heating/diffusion,3.0,C,"YY,ZY",-1.4362138806197453e-10,0.798217053545497,-0.10062429824013819,8.135157585855174e-09,0.911727961907159,False
motional_heating,Motional heating/diffusion,3.0,C,"YY,ZZ",1.5128677847270922e-11,0.9941445182422037,-0.15683066667866807,5.724568888216511e-09,1.0264276282505953,False
motional_heating,Motional heating/diffusion,3.0,C,"YZ,ZI",5.873129767744902e-11,0.8832779984136399,0.2135066854914438,4.433427829821346e-09,1.0662368938120457,False
motional_heating,Motional heating/diffusion,3.0,C,"YZ,ZX",5.852952901363505e-12,0.9970482166914745,-0.1080019274039663,2.6788009254903744e-09,0.989075423922567,False
motional_heating,Motional heating/diffusion,3.0,C,"YZ,ZY",6.809177363507416e-11,0.7677443872921088,-0.5756735017858607,4.0322768746903345e-09,0.9155665945678602,False
motional_heating,Motional heating/diffusion,3.0,C,"YZ,ZZ",-7.676149684694658e-11,0.9332338674275329,0.11908962776271503,7.878351085908165e-09,1.0974334553130645,False
motional_heating,Motional heating/diffusion,3.0,C,"ZI,ZX",-9.814456216095276e-11,0.662729027909974,-2.1361520965698015,4.256913818497067e-09,0.6748246430091732,False
motional_heating,Motional heating/diffusion,3.0,C,"ZI,ZY",-1.297320571670001e-10,0.6959119923696871,0.16695620354957652,6.629478412153641e-09,0.6086206211059806,False
motional_heating,Motional heating/diffusion,3.0,C,"ZI,ZZ",-1.0694654455137121e-10,0.8332833130242453,0.08812583943264107,6.640964795705916e-09,0.91869699702688,False
motional_heating,Motional heating/diffusion,3.0,C,"ZX,ZY",-2.8157625932263245e-11,0.9580312411493744,-0.7891855318501226,3.437908086957978e-09,0.9180966296362552,False
motional_heating,Motional heating/diffusion,3.0,C,"ZX,ZZ",4.433966464159026e-11,0.9739517176055679,-0.01392650892570102,6.268426530590178e-09,1.1414698391221814,False
motional_heating,Motional heating/diffusion,3.0,C,"ZY,ZZ",-4.277954471695972e-11,0.9484957086397569,0.08536923617284564,4.679898837711676e-09,1.091411259517476,False
motional_heating,Motional heating/diffusion,3.0,A,"IX,IY",2.2701172901951772e-10,0.9035078396158918,-0.007736709846945411,1.632779540218709e-08,0.9340224358357351,False
motional_heating,Motional heating/diffusion,3.0,A,"IX,IZ",1.5257947645783973e-10,0.9445777353208223,-0.10803645578573184,1.9666409164514442e-08,0.9224161995301359,False
motional_heating,Motional heating/diffusion,3.0,A,"IX,XI",2.2083772747087998e-10,0.7338290270889175,0.42065701151198465,1.3709122725882063e-08,0.620678497160222,False
motional_heating,Motional heating/diffusion,3.0,A,"IX,XX",-2.160523618079113e-11,0.9990822318975999,-0.28468197916246196,2.1067542002204178e-08,0.9897447760263013,False
motional_heating,Motional heating/diffusion,3.0,A,"IX,XY",-1.8834133980538688e-10,0.8553737275006594,-0.03696859042372136,1.1696087207699825e-08,0.9194853216888648,False
motional_heating,Motional heating/diffusion,3.0,A,"IX,XZ",-3.2084332984246314e-11,0.9032029146116557,0.17728709523457775,2.749279926277894e-09,0.8796476810538433,False
motional_heating,Motional heating/diffusion,3.0,A,"IX,YI",3.151747873352302e-10,0.8277344020868969,0.051408391749714566,1.6447727973551114e-08,0.9103345774621329,False
motional_heating,Motional heating/diffusion,3.0,A,"IX,YX",-1.377410291724098e-10,0.958130656955171,-0.8508699842410028,1.8911431725036147e-08,0.9635826014721932,False
motional_heating,Motional heating/diffusion,3.0,A,"IX,YY",-2.5007687399583393e-10,0.6824333917088303,0.4840303360695819,1.0098982777709047e-08,0.9206449207729245,False
motional_heating,Motional heating/diffusion,3.0,A,"IX,YZ",-4.195911951852576e-11,0.9868370761500783,-0.23799519400601943,9.468864297576763e-09,0.9556872733625892,False
motional_heating,Motional heating/diffusion,3.0,A,"IX,ZI",6.312145268123781e-11,0.9637122810765497,0.0043458321655992505,8.175983275652663e-09,0.9613982498782697,False
motional_heating,Motional heating/diffusion,3.0,A,"IX,ZX",6.123142775047849e-11,0.7287814079359014,0.4150250253648283,3.755494031603451e-09,0.5634756340329018,False
motional_heating,Motional heating/diffusion,3.0,A,"IX,ZY",-1.233262323277589e-10,0.958892598694778,0.06096224922677962,1.4534163083506284e-08,1.0848526548238009,False
motional_heating,Motional heating/diffusion,3.0,A,"IX,ZZ",-2.626007679535022e-10,0.6824598433304332,0.4773133369167578,1.0272774340062519e-08,0.955452680581078,False
motional_heating,Motional heating/diffusion,3.0,A,"IY,IZ",-9.124059298518494e-11,0.9532681934801938,-1.3044571298804786,1.0953352913387317e-08,0.9167007639517671,False
motional_heating,Motional heating/diffusion,3.0,A,"IY,XI",-2.763795236961174e-10,0.7518586212090782,-0.29189054733913666,1.4374574650263499e-08,0.903865147171137,False
motional_heating,Motional heating/diffusion,3.0,A,"IY,XX",2.9917840015390983e-10,0.8052739094854768,-0.367401349971463,1.757131226775057e-08,0.8297347428609497,False
motional_heating,Motional heating/diffusion,3.0,A,"IY,XY",-8.034768941586601e-11,0.8938621895770476,-2.3557739557674764,5.609551601408351e-09,0.9196277743498643,False
motional_heating,Motional heating/diffusion,3.0,A,"IY,XZ",-2.238515693714901e-11,0.9792894762473242,0.02850048369477831,3.5940221622084764e-09,1.0311422077088608,False
motional_heating,Motional heating/diffusion,3.0,A,"IY,YI",4.561092232823188e-11,0.9539970879423527,0.08534474710257178,5.089447585368924e-09,1.0731739183024331,False
motional_heating,Motional heating/diffusion,3.0,A,"IY,YX",-9.23212903700374e-11,0.8988901468833758,-0.6121967096578829,7.326936722710302e-09,0.936998711832817,False
motional_heating,Motional heating/diffusion,3.0,A,"IY,YY",-8.05309958322371e-11,0.9292090343405602,-0.9556534208826646,7.877835762440734e-09,0.7955504576112495,False
motional_heating,Motional heating/diffusion,3.0,A,"IY,YZ",-2.2490288878992902e-11,0.9770607910068162,-0.11890576420935406,3.085753844234918e-09,1.036442130536451,False
motional_heating,Motional heating/diffusion,3.0,A,"IY,ZI",-7.789364894617648e-11,0.9385581763922084,0.05471208222815427,6.943672982612351e-09,0.9439103417303566,False
motional_heating,Motional heating/diffusion,3.0,A,"IY,ZX",-5.276285522517863e-11,0.9800052900904229,-0.05807516892788667,8.565983627485172e-09,0.8768084144922212,False
motional_heating,Motional heating/diffusion,3.0,A,"IY,ZY",5.592814667210246e-11,0.6897150404805243,-1.3011406625552846,2.706581645473018e-09,0.8966812126919449,False
motional_heating,Motional heating/diffusion,3.0,A,"IY,ZZ",1.5143574194452196e-10,0.6810701552394735,-1.0275544030992565,6.268391020495714e-09,0.8792068479380326,False
motional_heating,Motional heating/diffusion,3.0,A,"IZ,XI",3.143891270022703e-11,0.9932650304665109,-0.019584494076834158,1.0724070641577903e-08,1.0293162118667294,False
motional_heating,Motional heating/diffusion,3.0,A,"IZ,XX",1.2655198127600741e-10,0.6931266974138304,-0.4342777519921368,5.536718376520658e-09,0.8214946428506738,False
motional_heating,Motional heating/diffusion,3.0,A,"IZ,XY",7.745138957616578e-12,0.9845652094022698,-0.001297141599809537,1.3697107603265505e-09,1.0282728995856398,False
motional_heating,Motional heating/diffusion,3.0,A,"IZ,XZ",-2.576641514467616e-13,0.99999661831948,-0.3866445284442812,2.6649003341504567e-09,1.0019337620108701,False
motional_heating,Motional heating/diffusion,3.0,A,"IZ,YI",-1.6098047749292457e-11,0.9963976594506829,-0.2263032312978155,6.615783205692921e-09,1.0121663960628577,False
motional_heating,Motional heating/diffusion,3.0,A,"IZ,YX",-5.3044084811742705e-11,0.8966890235973324,0.19036792583143303,3.905269497379815e-09,1.1358269508604513,False
motional_heating,Motional heating/diffusion,3.0,A,"IZ,YY",6.346805501939095e-11,0.9862104264136745,-0.701772988820857,1.363289147939478e-08,0.976722452784386,False
motional_heating,Motional heating/diffusion,3.0,A,"IZ,YZ",3.8600220700805715e-11,0.9805068450654604,-0.11526783027937748,7.899782302102418e-09,1.0244311926738365,False
motional_heating,Motional heating/diffusion,3.0,A,"IZ,ZI",1.0970611285041019e-12,0.999901189895634,-0.08047165208599583,3.440834574558374e-09,1.0031883576636198,False
motional_heating,Motional heating/diffusion,3.0,A,"IZ,ZX",5.928008205816068e-11,0.9186999604330358,-0.48836309084405705,6.3039551485195414e-09,0.8119273355804811,False
motional_heating,Motional heating/diffusion,3.0,A,"IZ,ZY",-7.003815761797184e-11,0.9464330304156037,-0.6511297876709419,8.366205955031244e-09,0.958142222415734,False
motional_heating,Motional heating/diffusion,3.0,A,"IZ,ZZ",-8.856942712216736e-11,0.8849813127646231,-0.4442439550565167,8.232648222620531e-09,0.892416844826664,False
motional_heating,Motional heating/diffusion,3.0,A,"XI,XX",-3.3352427030102214e-10,0.8147839335603856,0.21958765625653076,1.882418841805006e-08,0.8529628794604819,False
motional_heating,Motional heating/diffusion,3.0,A,"XI,XY",-2.718470943866299e-10,0.7693169789128995,-0.16446640274406055,1.3494149957509611e-08,0.7491881971962117,False
motional_heating,Motional heating/diffusion,3.0,A,"XI,XZ",-1.873422953354798e-11,0.9501865306120035,-0.06882349753535322,2.163856190759166e-09,0.9567110106171721,False
motional_heating,Motional heating/diffusion,3.0,A,"XI,YI",1.9439602382503742e-10,0.8827160294949677,-0.2247806835599575,1.5210338612693054e-08,0.9360974042803972,False
motional_heating,Motional heating/diffusion,3.0,A,"XI,YX",-2.5203111252769235e-11,0.9983706326302426,-0.4746967437062528,1.7355159721931706e-08,0.9927390148933863,False
motional_heating,Motional heating/diffusion,3.0,A,"XI,YY",-3.5846598799785563e-10,0.47000146185098746,0.6880956997406371,1.405805510153326e-08,0.5352842418521565,False
motional_heating,Motional heating/diffusion,3.0,A,"XI,YZ",1.266826358139333e-10,0.9581816686107113,0.05337714695037277,1.479547458384371e-08,1.0856225564756588,False
motional_heating,Motional heating/diffusion,3.0,A,"XI,ZI",2.2519147199196758e-10,0.6758031162914071,0.32924172039577193,1.1009614425079307e-08,0.623131794004488,False
motional_heating,Motional heating/diffusion,3.0,A,"XI,ZX",-1.5304300232019925e-11,0.976219341343957,-0.44154098537732867,2.2623158419858065e-09,0.8815924677259499,False
motional_heating,Motional heating/diffusion,3.0,A,"XI,ZY",-1.9540666785328033e-10,0.8579656267502233,0.26357392663145507,1.3202147386579175e-08,1.014258127333158,False
motional_heating,Motional heating/diffusion,3.0,A,"XI,ZZ",-3.292942054513893e-10,0.5841839582934176,0.5716475279616016,1.2892194669344157e-08,0.8000902043118289,False
motional_heating,Motional heating/diffusion,3.0,A,"XX,XY",3.533771284206837e-10,0.8531712760810831,-0.06690972491435665,2.0260414602480318e-08,0.9885811791443463,False
motional_heating,Motional heating/diffusion,3.0,A,"XX,XZ",-5.05622888054908e-10,0.774450137574363,-0.03705147902705219,3.145857410975006e-08,0.8392734246978477,False
motional_heating,Motional heating/diffusion,3.0,A,"XX,YI",-2.515575448370295e-10,0.8844875413445522,-1.4719932323991163,1.922462714934474e-08,0.9345741420931527,False
motional_heating,Motional heating/diffusion,3.0,A,"XX,YX",-4.978257680088754e-11,0.9977621807070006,-0.2824768659629713,2.7628760044089268e-08,1.0090091948971733,False
motional_heating,Motional heating/diffusion,3.0,A,"XX,YY",-3.2636582007732146e-16,0.9984443750456838,-0.3911687474280032,2.1944345130069031e-13,0.9851275662070169,False
motional_heating,Motional heating/diffusion,3.0,A,"XX,YZ",-2.2939686570500174e-10,0.9398430285628184,0.08752564804511764,2.1449148607816003e-08,1.1069491707570203,False
motional_heating,Motional heating/diffusion,3.0,A,"XX,ZI",-2.163378992441765e-12,0.9998515907955242,-0.40151777095819075,4.059255539885481e-09,0.9973352515366612,False
motional_heating,Motional heating/diffusion,3.0,A,"XX,ZX",-4.839186108287054e-10,0.5424174067311018,0.612882486304821,2.4094138927871603e-08,0.5452159588213161,False
motional_heating,Motional heating/diffusion,3.0,A,"XX,ZY",-2.7673173902276737e-11,0.9978835222949555,-0.4942846430336867,1.5789859061351446e-08,0.9912370421437099,False
motional_heating,Motional heating/diffusion,3.0,A,"XX,ZZ",6.002565230431502e-10,0.5998030541870383,0.5639015968801213,2.3662039194088368e-08,0.7808561121089646,False
motional_heating,Motional heating/diffusion,3.0,A,"XY,XZ",5.337663139716006e-11,0.90818087069577,-1.1615747148255937,4.509613481678017e-09,0.9408190617510542,False
motional_heating,Motional heating/diffusion,3.0,A,"XY,YI",-8.33175998278241e-11,0.8776623199038018,0.2212654997159439,6.039574776152155e-09,0.8719812215919859,False
motional_heating,Motional heating/diffusion,3.0,A,"XY,YX",6.317899041227895e-11,0.8145957363603608,-2.472848157831533,3.7047007949181693e-09,0.9147313185197802,False
motional_heating,Motional heating/diffusion,3.0,A,"XY,YY",4.7977644027646395e-11,0.9806978528716827,-0.6572601874514286,9.629368873466944e-09,0.9750878564015523,False
motional_heating,Motional heating/diffusion,3.0,A,"XY,YZ",3.5080384211025366e-11,0.8781285599407568,0.22467905465916882,2.2328523898715375e-09,1.0785550902741126,False
motional_heating,Motional heating/diffusion,3.0,A,"XY,ZI",1.1273830593245633e-10,0.6221543272164515,0.5425242526736589,5.266148930183356e-09,0.7502624986177684,False
motional_heating,Motional heating/diffusion,3.0,A,"XY,ZX",-9.250085716271408e-12,0.9963380652504539,-0.046822244811048686,3.170063867976642e-09,1.0583589864526954,False
motional_heating,Motional heating/diffusion,3.0,A,"XY,ZY",-1.5077532760660827e-10,0.7571263761850078,0.03458782830885765,7.116760595653467e-09,0.7089388380509386,False
motional_heating,Motional heating/diffusion,3.0,A,"XY,ZZ",7.497854397863205e-11,0.9190792211646648,0.15446404476406894,6.410847427685406e-09,1.116955745436766,False
motional_heating,Motional heating/diffusion,3.0,A,"XZ,YI",1.504280404094692e-10,0.7224034095673262,0.4641834438042357,9.205778486453649e-09,0.4502794787895647,False
motional_heating,Motional heating/diffusion,3.0,A,"XZ,YX",-1.1037753499583744e-10,0.6962442628843022,0.016837830558521394,5.3407934301173235e-09,0.7622168421524923,False
motional_heating,Motional heating/diffusion,3.0,A,"XZ,YY",9.74884332285099e-12,0.9990443098759088,-0.291113481349875,8.830783301864017e-09,1.0055198066749036,False
motional_heating,Motional heating/diffusion,3.0,A,"XZ,YZ",-4.3684057454139786e-11,0.9404852243726328,0.06758135297757617,3.940763892760963e-09,1.1108517501756088,False
motional_heating,Motional heating/diffusion,3.0,A,"XZ,ZI",-2.0666542183292464e-10,0.35795634617611144,0.730652318061797,9.653559391093905e-09,0.26424055279989334,False
motional_heating,Motional heating/diffusion,3.0,A,"XZ,ZX",5.7723416595647954e-11,0.9155253869169325,0.16106538005882165,5.24179325323126e-09,0.9794758401877405,False
motional_heating,Motional heating/diffusion,3.0,A,"XZ,ZY",1.4305176637604542e-10,0.7201690612532334,-0.65951218750151,7.2373062390534265e-09,0.9011705725507925,False
motional_heating,Motional heating/diffusion,3.0,A,"XZ,ZZ",6.262231746451437e-11,0.8990106002427839,0.18276962566926358,5.125424966551142e-09,1.1221797565532452,False
motional_heating,Motional heating/diffusion,3.0,A,"YI,YX",-1.0041700971098207e-10,0.7837917911861108,0.2943288144913795,6.425943577895106e-09,0.6173893060960729,False
motional_heating,Motional heating/diffusion,3.0,A,"YI,YY",-1.0254896781969928e-10,0.8039106728088056,0.1070615331767707,5.606788105478143e-09,0.8858916931078259,False
motional_heating,Motional heating/diffusion,3.0,A,"YI,YZ",5.705853406290876e-11,0.9111661857355757,-0.7571651415314558,6.047231353565282e-09,0.9056451940948669,False
motional_heating,Motional heating/diffusion,3.0,A,"YI,ZI",-7.054659625823117e-11,0.9092717837330484,-0.3362122251687176,5.3041924410481886e-09,0.8669984223945502,False
motional_heating,Motional heating/diffusion,3.0,A,"YI,ZX",8.072081650667802e-11,0.8811942564133884,-0.7725247505709127,6.7791578678633646e-09,0.8809279587818194,False
motional_heating,Motional heating/diffusion,3.0,A,"YI,ZY",-6.544614192088755e-11,0.8418438596694265,0.009386441623169817,5.229994749076943e-09,0.7497276954917085,False
motional_heating,Motional heating/diffusion,3.0,A,"YI,ZZ",8.531509946088989e-11,0.616488560354625,-1.9547638523869164,3.376473268987615e-09,0.873662409466564,False
motional_heating,Motional heating/diffusion,3.0,A,"YX,YY",1.3047770564294044e-10,0.855900687756642,0.08091552222849263,8.358350150530305e-09,0.8449598938192222,False
motional_heating,Motional heating/diffusion,3.0,A,"YX,YZ",-1.6407436747061896e-10,0.6927671889578751,0.3990671307295105,8.251552367057383e-09,0.7846741545553804,False
motional_heating,Motional heating/diffusion,3.0,A,"YX,ZI",-9.856597121912836e-11,0.40666908996127327,0.5557689281994895,4.419135449527977e-09,0.3601758691756069,False
motional_heating,Motional heating/diffusion,3.0,A,"YX,ZX",-2.6043568437521172e-12,0.9997974633861959,-0.03319676387925452,4.3495770773112325e-09,0.9880247812720125,False
motional_heating,Motional heating/diffusion,3.0,A,"YX,ZY",9.463416878589628e-11,0.7354769899961009,-0.039520419574732735,4.780419746060902e-09,0.8020379510316527,False
motional_heating,Motional heating/diffusion,3.0,A,"YX,ZZ",-1.2859270061757883e-11,0.9961239937877501,0.007309035863949487,4.344042734167312e-09,1.059204160035607,False
motional_heating,Motional heating/diffusion,3.0,A,"YY,YZ",-5.897435878991187e-11,0.8751613951657421,0.22927625525556394,4.543293382333511e-09,0.6480108809363684,False
motional_heating,Motional heating/diffusion,3.0,A,"YY,ZI",-1.6299013928563682e-10,0.8572033910082265,-0.08411160776295423,9.360428181906647e-09,0.9331298068905677,False
motional_heating,Motional heating/diffusion,3.0,A,"YY,ZX",1.561584828315821e-11,0.9970897218140674,-0.06539017902573074,6.444913677361989e-09,1.048459449000875,False
motional_heating,Motional heating/diffusion,3.0,A,"YY,ZY",2.5693862805034384e-11,0.9789286475878145,0.0020340031144597814,4.261747321874107e-09,1.120579006048324,False
motional_heating,Motional heating/diffusion,3.0,A,"YY,ZZ",1.4730359400365582e-10,0.9105314933875163,0.11732818424028224,1.169675765363417e-08,1.1259354073715366,False
motional_heating,Motional heating/diffusion,3.0,A,"YZ,ZI",1.854101998603399e-10,0.6396466574686118,-0.05914633967881233,8.592697912835444e-09,0.5891463494170117,False
motional_heating,Motional heating/diffusion,3.0,A,"YZ,ZX",-5.332537616187032e-11,0.962823350840793,-0.6213201946009221,8.667350482006087e-09,0.9384755741993164,False
motional_heating,Motional heating/diffusion,3.0,A,"YZ,ZY",-1.2532781367265319e-10,0.4355983142690967,0.6021926688433741,5.919953183843503e-09,0.29472980593437775,False
motional_heating,Motional heating/diffusion,3.0,A,"YZ,ZZ",-1.2898851426762218e-11,0.9891459630994578,-0.180947170190199,2.346541887585395e-09,1.045551985205057,False
motional_heating,Motional heating/diffusion,3.0,A,"ZI,ZX",-6.338306061431156e-11,0.9266254996728227,0.12498890184133982,6.0202846561939334e-09,1.1052824978119602,False
motional_heating,Motional heating/diffusion,3.0,A,"ZI,ZY",7.00816463445634e-11,0.91919641533932,0.12099449288531239,7.234378907487698e-09,0.8062538685331293,False
motional_heating,Motional heating/diffusion,3.0,A,"ZI,ZZ",3.0769833586803867e-11,0.9532624833920715,0.07465454111543202,3.2374074930257784e-09,0.9049553272082983,False
motional_heating,Motional heating/diffusion,3.0,A,"ZX,ZY",-1.5024118406446754e-10,0.7633744229837809,0.2687189373758442,6.974214749837228e-09,0.9902022953912475,False
motional_heating,Motional heating/diffusion,3.0,A,"ZX,ZZ",1.3061430947867068e-10,0.7936337426808043,0.13851382516713717,5.369961819213941e-09,1.1282162533949578,False
motional_heating,Motional heating/diffusion,3.0,A,"ZY,ZZ",-1.590348183165497e-10,0.7765726470508802,-2.7720630479015944,9.216916586394886e-09,0.9137266694203887,False
motional_heating,Motional heating/diffusion,4.0,H,IX,2.0038762184600058e-10,0.9430010353145805,-1.1657014565048214,2.4189402374041876e-08,0.9585794599743729,False
motional_heating,Motional heating/diffusion,4.0,H,IY,1.789704714112057e-11,0.9959205678932631,-0.6643469610553427,7.629161656430047e-09,0.9882706331658102,False
motional_heating,Motional heating/diffusion,4.0,H,IZ,-2.836984626493495e-11,0.9674923467090986,-0.1533387795236527,4.2391001710707656e-09,0.8661515646242965,False
motional_heating,Motional heating/diffusion,4.0,H,XI,2.648625898187386e-10,0.7066193474046395,0.31191238902543106,1.432262481141956e-08,0.5060799801399405,False
motional_heating,Motional heating/diffusion,4.0,H,XX,9.9121945731377e-07,0.0005449241923535918,0.9999991233670316,3.965948324817676e-05,0.0003898875040894183,True
motional_heating,Motional heating/diffusion,4.0,H,XY,4.41651003187165e-11,0.9785694591804223,-0.1275219897371953,6.93066778551408e-09,0.9362758370686489,False
motional_heating,Motional heating/diffusion,4.0,H,XZ,2.193274480716611e-10,0.46353110089880667,-0.5210543332228352,7.916889309591057e-09,0.44592518729306235,False
motional_heating,Motional heating/diffusion,4.0,H,YI,-3.1531407636829536e-10,0.751966348944325,-8.894502575522209,1.4500104488257047e-08,0.891271791653759,False
motional_heating,Motional heating/diffusion,4.0,H,YX,4.3733170056396595e-10,0.8216752039329992,-0.2875638304681234,3.32627799588143e-08,0.7370444075296976,False
motional_heating,Motional heating/diffusion,4.0,H,YY,4.4551057894195917e-10,0.567290038003784,-0.6459365101482757,2.019900307777093e-08,0.5588786464097875,False
motional_heating,Motional heating/diffusion,4.0,H,YZ,2.0685668841438452e-11,0.99272727896871,-0.1124647200676252,6.723173673641803e-09,0.9846161427284434,False
motional_heating,Motional heating/diffusion,4.0,H,ZI,2.061036751813738e-11,0.9690185460855565,-0.07662717527911345,2.5126132902635183e-09,0.9589861925868111,False
motional_heating,Motional heating/diffusion,4.0,H,ZX,1.4867246527935483e-10,0.4793515222284635,-0.13563188445677477,5.8235022798136364e-09,0.48940531612838095,False
motional_heating,Motional heating/diffusion,4.0,H,ZY,-2.2558050755252653e-10,0.9105642905413984,-0.22901874121830845,2.391627108733577e-08,0.8113581279215581,False
motional_heating,Motional heating/diffusion,4.0,H,ZZ,-1.488263985400258e-17,0.6250175395018328,0.23030081615280418,6.288188407973025e-16,0.5533920858561626,False
motional_heating,Motional heating/diffusion,4.0,S,IX,2.2556613109714828e-05,2.5338153046375944e-05,0.9999999981017712,0.0009022516660434095,2.3517709489782566e-05,True
motional_heating,Motional heating/diffusion,4.0,S,IY,5.610061144819804e-11,0.888312806227081,0.19628179939718027,4.201227256654585e-09,0.8558423079716716,False
motional_heating,Motional heating/diffusion,4.0,S,IZ,1.4069718791840685e-10,0.3673279655389306,0.7930742291619443,6.058145429809012e-09,0.37075373012284657,False
motional_heating,Motional heating/diffusion,4.0,S,XI,2.255625485278702e-05,2.302460829410139e-05,0.9999999984325552,0.0009022436089422768,1.9346699895968212e-05,True
motional_heating,Motional heating/diffusion,4.0,S,XX,1.0189420650626067e-07,0.0026981690962141276,0.9999785582598254,4.078414492351978e-06,0.0024190873933598073,True
motional_heating,Motional heating/diffusion,4.0,S,XY,4.051380116705206e-11,0.9653464842611994,-0.009626299796312798,4.575173697998736e-09,1.044275697319179,False
motional_heating,Motional heating/diffusion,4.0,S,XZ,-4.8426608680709817e-11,0.3778733528229105,0.1062528699898233,1.6654772080367366e-09,0.5148838493252359,False
motional_heating,Motional heating/diffusion,4.0,S,YI,-3.840939534320634e-11,0.9336041067791483,0.1273115709361351,4.3061776140395605e-09,1.0445980156716934,False
motional_heating,Motional heating/diffusion,4.0,S,YX,-7.445845916033906e-11,0.6947784841691652,0.4798245048559705,3.394625680704609e-09,0.963989757155326,False
motional_heating,Motional heating/diffusion,4.0,S,YY,-1.3316454876441805e-10,0.7938128735378833,-3.3932882209746325,7.516852442004734e-09,0.9114226667399478,False
motional_heating,Motional heating/diffusion,4.0,S,YZ,-7.236468543816646e-11,0.722369777248497,-0.9516139280943956,3.937730748811369e-09,0.632454883005852,False
motional_heating,Motional heating/diffusion,4.0,S,ZI,2.94405847060976e-11,0.984774662610609,-0.5313031438206142,6.91032353527332e-09,0.9786981140927629,False
motional_heating,Motional heating/diffusion,4.0,S,ZX,1.0943264189711736e-11,0.9809268581491196,0.011354876632684086,2.3680135183994956e-09,0.9075743098197504,False
motional_heating,Motional heating/diffusion,4.0,S,ZY,-2.0094232698079793e-11,0.9871560314104348,-0.3968233211598413,4.442584768591564e-09,0.97738452528791,False
motional_heating,Motional heating/diffusion,4.0,S,ZZ,-6.699813708906443e-11,0.8783430933582275,-2.139575129701982,5.158794099442297e-09,0.870128297820013,False
motional_heating,Motional heating/diffusion,4.0,C,"IX,IY",1.0804961712552826e-12,0.9997304022373517,-0.35947220777058053,1.2111707909348296e-09,1.0178421768315815,False
motional_heating,Motional heating/diffusion,4.0,C,"IX,IZ",-6.054815142286534e-11,0.9416095382429162,-0.4498210116455341,7.530444166064491e-09,0.8391910222355221,False
motional_heating,Motional heating/diffusion,4.0,C,"IX,XI",2.255636944948412e-05,1.7327216825252077e-05,0.9999999991123228,0.0009022468989606403,1.5192953684147664e-05,True
motional_heating,Motional heating/diffusion,4.0,C,"IX,XX",-1.6160232585457067e-11,0.9979654889778556,-0.6170825937738986,8.436291456714595e-09,0.9808443880010868,False
motional_heating,Motional heating/diffusion,4.0,C,"IX,XY",-2.168368125534371e-10,0.6655192236204452,0.4801327747981917,8.718073248571203e-09,0.8236644655491451,False
motional_heating,Motional heating/diffusion,4.0,C,"IX,XZ",1.514716163098122e-10,0.864881325572727,-0.2721632182519311,1.3235377253380324e-08,0.7711109953120131,False
motional_heating,Motional heating/diffusion,4.0,C,"IX,YI",-4.1036940553831495e-11,0.7668816363800997,-0.5535437321235248,2.1078853760661473e-09,0.8053170204614404,False
motional_heating,Motional heating/diffusion,4.0,C,"IX,YX",-2.0350365216350208e-10,0.9155558965200778,-1.8900217698048811,1.6910284001504666e-08,0.9398284345356369,False
motional_heating,Motional heating/diffusion,4.0,C,"IX,YY",1.4417419243300844e-10,0.8885978547884098,-0.48182422560380256,1.3067233649111082e-08,0.7793347906611954,False
motional_heating,Motional heating/diffusion,4.0,C,"IX,YZ",-2.427544542835625e-11,0.9084045252108405,-0.23214955535565873,2.4440199305778794e-09,0.8013482204081993,False
motional_heating,Motional heating/diffusion,4.0,C,"IX,ZI",2.6281029029110853e-10,0.6797441747457543,-7.5017806919508825,1.0742600628841992e-08,0.7048480081833625,False
motional_heating,Motional heating/diffusion,4.0,C,"IX,ZX",1.5246234842702053e-10,0.8803932218353865,-0.40948822694301446,1.4045919933656978e-08,0.7829087035279353,False
motional_heating,Motional heating/diffusion,4.0,C,"IX,ZY",4.2139437864441264e-12,0.9934443012661066,-0.08013561131837821,1.5509082144022857e-09,0.9456583729802712,False
motional_heating,Motional heating/diffusion,4.0,C,"IX,ZZ",1.3973935403324832e-10,0.8916600375208579,-0.21451494153297568,1.3978332562061348e-08,0.8000629139236314,False
motional_heating,Motional heating/diffusion,4.0,C,"IY,IZ",5.548309916071695e-12,0.9983422391897109,-0.3008129301472091,3.028831915861627e-09,1.018318315674818,False
motional_heating,Motional heating/diffusion,4.0,C,"IY,XI",-1.6724441432407288e-11,0.907130389143994,-0.02449755134088183,1.702139601700118e-09,0.803489191888812,False
motional_heating,Motional heating/diffusion,4.0,C,"IY,XX",2.6006901083004276e-10,0.6515024269502191,-0.8045560741704394,1.3492409986736775e-08,0.6144958371622354,False
motional_heating,Motional heating/diffusion,4.0,C,"IY,XY",-1.5484277234267177e-11,0.9021929610323691,0.18569189492632743,1.0942711935027492e-09,1.1415031056853666,False
motional_heating,Motional heating/diffusion,4.0,C,"IY,XZ",6.45066714689537e-11,0.8633111568839709,-1.0098155815134207,5.285196542557909e-09,0.9389741980742555,False
motional_heating,Motional heating/diffusion,4.0,C,"IY,YI",-5.410619850794346e-11,0.9212253358202367,-1.0108947409382187,4.5616465532117095e-09,0.9406944423720761,False
motional_heating,Motional heating/diffusion,4.0,C,"IY,YX",-5.0643142172901586e-11,0.30333086061419184,0.31872238186783197,1.7013732269559332e-09,0.3199112574360362,False
motional_heating,Motional heating/diffusion,4.0,C,"IY,YY",9.449696159740194e-11,0.8757896948262986,-1.5051964937975164,6.852845425957334e-09,0.9310527556630239,False
motional_heating,Motional heating/diffusion,4.0,C,"IY,YZ",-3.395338388841669e-11,0.800719973134674,0.20662748009261023,2.0234112482152045e-09,0.8730555598658304,False
motional_heating,Motional heating/diffusion,4.0,C,"IY,ZI",-2.3970697599734315e-11,0.9700367048492914,-0.7123341301478718,3.4133840100564294e-09,0.9648871947470422,False
motional_heating,Motional heating/diffusion,4.0,C,"IY,ZX",3.078761185177944e-11,0.9421055537272172,-1.1740296203692844,2.9650467494948247e-09,0.7923296699654065,False
motional_heating,Motional heating/diffusion,4.0,C,"IY,ZY",-1.1645551926393449e-11,0.9838771909155478,0.004145799320549037,2.2436553968993973e-09,1.103808739456932,False
motional_heating,Motional heating/diffusion,4.0,C,"IY,ZZ",-1.978392555424977e-11,0.9612928215728324,-0.27215158904209535,2.6838641243199537e-09,0.9631428331729299,False
motional_heating,Motional heating/diffusion,4.0,C,"IZ,XI",8.824911151895345e-12,0.9954157788961826,-0.03930363117916191,3.2947430543557394e-09,0.9866075881998922,False
motional_heating,Motional heating/diffusion,4.0,C,"IZ,XX",-7.44988958112898e-11,0.9494601384298983,-0.34790244584982877,9.141348375062722e-09,0.9185033840144193,False
motional_heating,Motional heating/diffusion,4.0,C,"IZ,XY",-1.1405168097414665e-10,0.6731429421909089,0.5063202158855856,6.620798335043378e-09,0.5612809855198183,False
motional_heating,Motional heating/diffusion,4.0,C,"IZ,XZ",3.539385855748861e-11,0.973675508235025,-1.1103185621271332,5.62945286340192e-09,0.9685636780195901,False
motional_heating,Motional heating/diffusion,4.0,C,"IZ,YI",-6.704763374317749e-11,0.904817602391567,-0.3044755296448727,6.3107063677789925e-09,0.7875114770495195,False
motional_heating,Motional heating/diffusion,4.0,C,"IZ,YX",-9.813280930443766e-11,0.4880594708331798,-8.005411520049977,2.9126299094305754e-09,0.544778859799017,False
motional_heating,Motional heating/diffusion,4.0,C,"IZ,YY",1.3340550382385065e-10,0.841596120621164,-0.49556780663043853,1.0295328257527168e-08,0.7408426414644631,False
motional_heating,Motional heating/diffusion,4.0,C,"IZ,YZ",-3.4834229827566994e-12,0.9987033489198135,-0.2585093364710984,2.444194150713561e-09,0.9928740869833524,False
motional_heating,Motional heating/diffusion,4.0,C,"IZ,ZI",-8.116274495981825e-11,0.9324429200105141,-0.5476911079225337,9.404785400244596e-09,0.8274011760912537,False
motional_heating,Motional heating/diffusion,4.0,C,"IZ,ZX",2.515407839151234e-11,0.9703880978953267,-0.10005805754168118,4.690793314150073e-09,0.8927512823230412,False
motional_heating,Motional heating/diffusion,4.0,C,"IZ,ZY",-4.3301116549535747e-11,0.8127696006452455,0.17667824553550016,3.1115344770327547e-09,0.721673554516877,False
motional_heating,Motional heating/diffusion,4.0,C,"IZ,ZZ",-1.1237374578664181e-10,0.7756666810328757,-0.402318343034225,6.260961608256143e-09,0.6424170109467032,False
motional_heating,Motional heating/diffusion,4.0,C,"XI,XX",3.2282532890592175e-10,0.7773642709318935,-6.363425377221159,1.5424781675308817e-08,0.8953549762643696,False
motional_heating,Motional heating/diffusion,4.0,C,"XI,XY",-2.519810979545286e-10,0.6838134743550627,0.4262450733529156,1.1252434956064687e-08,0.770537768354634,False
motional_heating,Motional heating/diffusion,4.0,C,"XI,XZ",1.5690859780999797e-10,0.8908159086048026,-0.59996537102467,1.4736067380233102e-08,0.7870414218918753,False
motional_heating,Motional heating/diffusion,4.0,C,"XI,YI",-4.9774453979987753e-11,0.9062363553472558,0.09606424861104301,5.052508879479494e-09,0.8029713349653114,False
motional_heating,Motional heating/diffusion,4.0,C,"XI,YX",-2.104106031100948e-10,0.8951468130728829,-2.1623890331282722,1.427648830036021e-08,0.9263086976701455,False
motional_heating,Motional heating/diffusion,4.0,C,"XI,YY",1.9292443570695299e-10,0.8849608379414826,-0.3642734307430291,1.8488646987964116e-08,0.7913049712804355,False
motional_heating,Motional heating/diffusion,4.0,C,"XI,YZ",1.0039531171621604e-11,0.7743719199875446,-0.02523821845020735,5.522690483379489e-10,0.8182130394264259,False
motional_heating,Motional heating/diffusion,4.0,C,"XI,ZI",2.229525650403421e-10,0.6511493314168962,-22.442729413107106,8.059025538624024e-09,0.8616752335801579,False
motional_heating,Motional heating/diffusion,4.0,C,"XI,ZX",1.365517302471435e-10,0.9127096073114372,-0.4057526924178656,1.4695863936177624e-08,0.8141630450034495,False
motional_heating,Motional heating/diffusion,4.0,C,"XI,ZY",1.0044684702626004e-11,0.928774016645825,-0.08836813690448397,9.021527069776519e-10,0.9443293545264791,False
motional_heating,Motional heating/diffusion,4.0,C,"XI,ZZ",6.512569047179416e-11,0.929776662357367,-0.034937428899730616,7.797704976695652e-09,0.83296190182514,False
motional_heating,Motional heating/diffusion,4.0,C,"XX,XY",1.2375388376346569e-11,0.9301336951171376,-0.4805185588938474,1.3365313248390966e-09,0.8148133433709618,False
motional_heating,Motional heating/diffusion,4.0,C,"XX,XZ",-4.823415024508948e-11,0.9806474506901235,-1.0473355769847759,8.335337079265485e-09,0.9710664669068548,False
motional_heating,Motional heating/diffusion,4.0,C,"XX,YI",2.1766636004878135e-10,0.6239277600509858,-0.21602207543770247,1.0966858932542296e-08,0.6030470321763813,False
motional_heating,Motional heating/diffusion,4.0,C,"XX,YX",8.960843276209356e-11,0.8276180605971653,-0.2669667380538241,7.16854417087451e-09,0.7499954506071991,False
motional_heating,Motional heating/diffusion,4.0,C,"XX,YY",-2.89861452867542e-10,0.8940439064621227,-0.386744980591633,2.8446950850316117e-08,0.7962091231550598,False
motional_heating,Motional heating/diffusion,4.0,C,"XX,YZ",-1.6652582188399448e-10,0.6513809462305518,0.17700307859315534,7.131901365880444e-09,0.5330114275537612,False
motional_heating,Motional heating/diffusion,4.0,C,"XX,ZI",-4.6559601901633085e-10,0.8215356120569712,-0.3712770388515074,3.5352403304860397e-08,0.7365972463024494,False
motional_heating,Motional heating/diffusion,4.0,C,"XX,ZX",2.87037212718006e-10,0.7374176792820871,-7.848611016896372,1.3483046023909069e-08,0.8935562438157477,False
motional_heating,Motional heating/diffusion,4.0,C,"XX,ZY",-2.2409744813305664e-10,0.692413553831619,-0.800883323683752,1.2056166324148791e-08,0.6282442658671951,False
motional_heating,Motional heating/diffusion,4.0,C,"XX,ZZ",7.866043759149923e-11,0.7407801360114624,-1.0598087047402998,4.617600812969049e-09,0.6593016989663871,False
motional_heating,Motional heating/diffusion,4.0,C,"XY,XZ",2.180679836803663e-11,0.9447269463860939,0.040124286621069816,2.010957920857439e-09,1.054219927085144,False
motional_heating,Motional heating/diffusion,4.0,C,"XY,YI",-9.872517287131734e-11,0.6889993566867617,-3.862835693528761,4.444788770395856e-09,0.6337995640339227,False
motional_heating,Motional heating/diffusion,4.0,C,"XY,YX",1.1094612219448577e-10,0.5509960903450017,-1.665332925412479,4.571801257644943e-09,0.5146502835880618,False
motional_heating,Motional heating/diffusion,4.0,C,"XY,YY",2.1066443371635583e-11,0.8527301270434842,-2.3559600901861986,1.2681205745206717e-09,0.667753306824182,False
motional_heating,Motional heating/diffusion,4.0,C,"XY,YZ",-2.961886994327932e-11,0.9458242394671941,0.04816711099103743,3.0106470941498363e-09,0.7292706279649838,False
motional_heating,Motional heating/diffusion,4.0,C,"XY,ZI",-6.965507660897578e-11,0.6015196174916566,0.4914944653486508,3.831136046801821e-09,0.481550407336239,False
motional_heating,Motional heating/diffusion,4.0,C,"XY,ZX",1.027114305202828e-10,0.5945041375782001,-0.5338690875363563,4.629352908642588e-09,0.5562600970492885,False
motional_heating,Motional heating/diffusion,4.0,C,"XY,ZY",1.6790491745108573e-11,0.9630788955347837,-0.0006606081855187185,2.7804619451402787e-09,0.8792251641893163,False
motional_heating,Motional heating/diffusion,4.0,C,"XY,ZZ",5.782818480171448e-11,0.7324805856996752,0.31531820607582983,2.841221811359563e-09,0.8579417934773039,False
motional_heating,Motional heating/diffusion,4.0,C,"XZ,YI",2.995213167310808e-11,0.5193317154412809,0.2846651170584702,1.0420338279201007e-09,0.5096431824716875,False
motional_heating,Motional heating/diffusion,4.0,C,"XZ,YX",7.40741689988256e-11,0.7931669616433774,-3.0902629907972763,4.375610345010488e-09,0.9153556153791295,False
motional_heating,Motional heating/diffusion,4.0,C,"XZ,YY",-1.197322444590263e-10,0.5091167579155209,-7.972056538535686,3.789314377480474e-09,0.7407153293828042,False
motional_heating,Motional heating/diffusion,4.0,C,"XZ,YZ",2.0600547525185816e-11,0.9371655528646726,-1.5854049055849222,2.2627534895733017e-09,0.9544790282721637,False
motional_heating,Motional heating/diffusion,4.0,C,"XZ,ZI",3.0755966167790825e-13,0.9999827147616182,-0.0017313499751518968,1.7887915535325059e-09,1.0008596855823433,False
motional_heating,Motional heating/diffusion,4.0,C,"XZ,ZX",-1.413833092580256e-11,0.9270020579694541,-0.4387105128575348,1.5888389300957648e-09,0.8220293994816655,False
motional_heating,Motional heating/diffusion,4.0,C,"XZ,ZY",3.968788986713077e-12,0.97092399577501,0.030995303823145304,6.824384286137055e-10,0.8836879982044619,False
motional_heating,Motional heating/diffusion,4.0,C,"XZ,ZZ",4.42124541849674e-11,0.5849064026322266,0.618775607797216,2.3189169696846825e-09,0.427510767550417,False
motional_heating,Motional heating/diffusion,4.0,C,"YI,YX",6.60649356361498e-11,0.641377293742014,-2.7139508029728963,2.5428516164934486e-09,0.7401935087063701,False
motional_heating,Motional heating/diffusion,4.0,C,"YI,YY",5.0199696140533357e-11,0.7658608321660323,-1.901700078257035,2.9119511067403672e-09,0.8276080390761548,False
motional_heating,Motional heating/diffusion,4.0,C,"YI,YZ",-7.066253105990258e-11,0.877662219948479,-0.658569271831309,6.041676207313906e-09,0.9415207562974326,False
motional_heating,Motional heating/diffusion,4.0,C,"YI,ZI",-2.260111162091303e-11,0.9496281453054544,0.08472324244427121,2.4499397286037917e-09,1.0350562004885566,False
motional_heating,Motional heating/diffusion,4.0,C,"YI,ZX",2.0159676261369242e-11,0.9770738527641866,-0.512853128549879,3.346798420000617e-09,0.9698821474563659,False
motional_heating,Motional heating/diffusion,4.0,C,"YI,ZY",-4.8263733306509165e-11,0.9182824926625864,-0.28007031721184816,5.117855469724173e-09,0.9528476980328733,False
motional_heating,Motional heating/diffusion,4.0,C,"YI,ZZ",5.71850982942393e-11,0.853847188099701,0.025836367768903745,4.984390587873979e-09,0.7705432698899676,False
motional_heating,Motional heating/diffusion,4.0,C,"YX,YY",-6.268468567564087e-12,0.9879121590481157,-0.17628072985887577,1.7647753516125104e-09,0.9644800763913862,False
motional_heating,Motional heating/diffusion,4.0,C,"YX,YZ",-5.7936435804144394e-11,0.5661983338822433,0.17519482820334265,2.8003569961171165e-09,0.586221071924207,False
motional_heating,Motional heating/diffusion,4.0,C,"YX,ZI",-9.016441022561292e-11,0.9401665231197754,-1.4760385711210624,1.0410369110173748e-08,0.9566949023269992,False
motional_heating,Motional heating/diffusion,4.0,C,"YX,ZX",-1.0429044494113363e-11,0.9883981306746933,-0.1353900048411445,2.707626652265359e-09,1.0192586457320247,False
motional_heating,Motional heating/diffusion,4.0,C,"YX,ZY",-3.08313952811409e-11,0.9658627534841214,-0.93178603450891,3.5073655709989384e-09,0.9120952901628679,False
motional_heating,Motional heating/diffusion,4.0,C,"YX,ZZ",-1.1861995922493432e-11,0.9958357739748063,-0.06303518193963065,5.4412143529807555e-09,0.9563994536771179,False
motional_heating,Motional heating/diffusion,4.0,C,"YY,YZ",4.0680762611558404e-11,0.8352498753413288,0.2593254816354905,2.3256124375152817e-09,1.1749249443085295,False
motional_heating,Motional heating/diffusion,4.0,C,"YY,ZI",-5.026340865864717e-12,0.999285890779923,0.00071306371544122,5.331275097592476e-09,0.9811439448392579,False
motional_heating,Motional heating/diffusion,4.0,C,"YY,ZX",-4.782658632736181e-11,0.9408304899625889,-1.087427250782877,5.032213437832604e-09,0.9524795729372313,False
motional_heating,Motional heating/diffusion,4.0,C,"YY,ZY",-4.693067958986842e-11,0.8283264310382731,-0.15479898648148582,3.6402896755138847e-09,0.7421596423738261,False
motional_heating,Motional heating/diffusion,4.0,C,"YY,ZZ",-1.3950485838527993e-10,0.6365035552157478,-1.0223810641760975,6.9050770388004445e-09,0.5959354034679537,False
motional_heating,Motional heating/diffusion,4.0,C,"YZ,ZI",-9.40830366398491e-12,0.9951243433733419,-0.7150914443996985,3.620043545690817e-09,0.987005261752743,False
motional_heating,Motional heating/diffusion,4.0,C,"YZ,ZX",2.0293055213738964e-11,0.3866575971122677,0.7559996497547615,9.113313847394222e-10,0.4135536101296824,False
motional_heating,Motional heating/diffusion,4.0,C,"YZ,ZY",1.8612351116560073e-11,0.9502112728056221,-0.16481198045716505,2.1802644956906043e-09,0.8292652001319265,False
motional_heating,Motional heating/diffusion,4.0,C,"YZ,ZZ",-1.5315226416977703e-10,0.3850241990280036,0.2994547368368722,5.148000640193269e-09,0.40500293269572196,False
motional_heating,Motional heating/diffusion,4.0,C,"ZI,ZX",-7.570026866218591e-11,0.8846892329882444,-1.7435874912410152,5.072430356364119e-09,0.925380672238103,False
motional_heating,Motional heating/diffusion,4.0,C,"ZI,ZY",-1.0968612754448785e-11,0.991332831992977,-0.1853344051093211,3.3492511088585714e-09,0.9836252756243964,False
motional_heating,Motional heating/diffusion,4.0,C,"ZI,ZZ",7.11623192378179e-11,0.9235047992286819,0.012028223301687957,8.427782399766721e-09,0.8311244503897308,False
motional_heating,Motional heating/diffusion,4.0,C,"ZX,ZY",-4.544631194265346e-11,0.8844299554189116,-2.1221591916034375,2.9406434754239364e-09,0.7165471512610958,False
motional_heating,Motional heating/diffusion,4.0,C,"ZX,ZZ",-4.80939080895993e-12,0.9990859323010305,0.001773694346536181,4.46557373861077e-09,0.9784601438002181,False
motional_heating,Motional heating/diffusion,4.0,C,"ZY,ZZ",-1.9669350704509677e-11,0.9837657205388081,-0.6018725797980669,4.203906216886346e-09,0.9766058640586445,False
motional_heating,Motional heating/diffusion,4.0,A,"IX,IY",-1.7631665034399012e-10,0.8527930250258504,-0.3505948580185596,1.509338398410659e-08,0.7663656466573004,False
motional_heating,Motional heating/diffusion,4.0,A,"IX,IZ",-1.8204894150358428e-10,0.709324812664452,0.4732029728351119,9.746905800626756e-09,0.7561596726044281,False
motional_heating,Motional heating/diffusion,4.0,A,"IX,XI",-4.252862571582001e-11,0.9951281783177173,-0.280404612739922,1.6916753083416753e-08,1.0125699729451954,False
motional_heating,Motional heating/diffusion,4.0,A,"IX,XX",3.695865667508894e-10,0.5003199806151041,0.34062919560576377,1.4095098672813781e-08,0.5258711269415974,False
motional_heating,Motional heating/diffusion,4.0,A,"IX,XY",8.826662366550406e-11,0.8648585044178619,-0.19719678269940255,7.663282466045458e-09,0.7696375566042447,False
motional_heating,Motional heating/diffusion,4.0,A,"IX,XZ",9.821654437554014e-12,0.955190611437642,-0.014602853338486765,1.2112782143550915e-09,0.8378299168406449,False
motional_heating,Motional heating/diffusion,4.0,A,"IX,YI",-1.550743257562183e-10,0.8684333485966524,-0.2701470423182524,1.4160112510380397e-08,0.7809702067797307,False
motional_heating,Motional heating/diffusion,4.0,A,"IX,YX",-2.412502166979647e-10,0.5643678609981349,-1.5758253887963547,8.034317231166782e-09,0.8498626518242862,False
motional_heating,Motional heating/diffusion,4.0,A,"IX,YY",-1.8001754340381251e-10,0.596444102445296,-0.15743932790557125,8.515126555266917e-09,0.5771817547621414,False
motional_heating,Motional heating/diffusion,4.0,A,"IX,YZ",-1.2713990687883775e-10,0.9130180723625376,-0.3893044473189544,1.2836989330111329e-08,0.8019163160311902,False
motional_heating,Motional heating/diffusion,4.0,A,"IX,ZI",-1.0132017239407686e-10,0.9278426929229174,-1.6533227492650058,1.0613063762099659e-08,0.9522662943212018,False
motional_heating,Motional heating/diffusion,4.0,A,"IX,ZX",2.16996471754758e-11,0.9063816546882771,0.1719053227609305,1.67028808984855e-09,0.9923467275264002,False
motional_heating,Motional heating/diffusion,4.0,A,"IX,ZY",1.259050670807288e-10,0.9397996091772622,-0.152339281263691,1.4270213466331635e-08,0.8235414384265767,False
motional_heating,Motional heating/diffusion,4.0,A,"IX,ZZ",-2.5173663442634296e-10,0.4957318711008802,-0.6494396462878373,9.786822985881503e-09,0.4855600539838129,False
motional_heating,Motional heating/diffusion,4.0,A,"IY,IZ",-1.440257629369898e-10,0.5501090140116628,0.025010039749829183,6.566522002111734e-09,0.5613331901098559,False
motional_heating,Motional heating/diffusion,4.0,A,"IY,XI",8.9250646090363e-11,0.9400250552311271,-0.12671969695919083,1.1613966176758422e-08,0.8463046219835405,False
motional_heating,Motional heating/diffusion,4.0,A,"IY,XX",8.939796921330821e-11,0.9276269498006254,-0.3769416026507022,9.928349296874487e-09,0.9549784326980462,False
motional_heating,Motional heating/diffusion,4.0,A,"IY,XY",9.078561234026876e-11,0.72650086060053,0.4300889808206322,5.7575878438305945e-09,0.5142297558757751,False
motional_heating,Motional heating/diffusion,4.0,A,"IY,XZ",4.0124725001465e-11,0.8391372023356384,0.29525629785727037,2.6241732399806365e-09,0.8705605397284417,False
motional_heating,Motional heating/diffusion,4.0,A,"IY,YI",5.845619419511359e-11,0.9265052027640951,0.02874597843715876,6.278126929031292e-09,0.813778233999059,False
motional_heating,Motional heating/diffusion,4.0,A,"IY,YX",1.776994279076873e-11,0.985674184989604,0.028429110231333876,2.981637169559168e-09,1.0226756542549738,False
motional_heating,Motional heating/diffusion,4.0,A,"IY,YY",-1.2433635730680474e-10,0.7755971765342672,-0.1857295596930122,8.197921253549269e-09,0.6966636944628527,False
motional_heating,Motional heating/diffusion,4.0,A,"IY,YZ",-1.4790264540979902e-10,0.4724447968934854,-2.644256608633855,4.670428340317896e-09,0.6574400339305432,False
motional_heating,Motional heating/diffusion,4.0,A,"IY,ZI",1.2741556517256017e-10,0.8806534909325031,-0.41775762535448213,1.141659185849605e-08,0.7767887881920917,False
motional_heating,Motional heating/diffusion,4.0,A,"IY,ZX",-1.4358110277525e-11,0.9959828506699653,-0.038775666563539035,6.552231804040361e-09,0.9561733750974096,False
motional_heating,Motional heating/diffusion,4.0,A,"IY,ZY",5.091147745122095e-11,0.8427539986403475,-0.017353820515149332,4.322975112162047e-09,0.7644609273461275,False
motional_heating,Motional heating/diffusion,4.0,A,"IY,ZZ",-3.013781639001483e-11,0.9709847657790353,-0.7251882120778066,4.814320105866623e-09,0.9686998208186349,False
motional_heating,Motional heating/diffusion,4.0,A,"IZ,XI",1.2331657228262904e-10,0.7932949354130151,0.3616662500967671,6.411091556344055e-09,1.0120803678892678,False
motional_heating,Motional heating/diffusion,4.0,A,"IZ,XX",8.379565432443289e-11,0.8276496922602308,-0.5073339581233574,6.446243840909979e-09,0.7400171126241357,False
motional_heating,Motional heating/diffusion,4.0,A,"IZ,XY",2.0066726018727016e-12,0.9997996864681559,-0.31556237437477863,2.933043424888787e-09,1.0136832109940466,False
motional_heating,Motional heating/diffusion,4.0,A,"IZ,XZ",-3.216164524069746e-11,0.9443439411305753,-0.6818634234006071,3.785316895030844e-09,0.8300715837930636,False
motional_heating,Motional heating/diffusion,4.0,A,"IZ,YI",-2.8800591167317915e-11,0.9502285142541068,-0.3959934845785098,3.4626688680987817e-09,0.9168254538207369,False
motional_heating,Motional heating/diffusion,4.0,A,"IZ,YX",9.832866837439213e-11,0.7719278913731004,-0.8255177084404601,6.1950755728182e-09,0.6825586154079426,False
motional_heating,Motional heating/diffusion,4.0,A,"IZ,YY",-8.295322298064058e-11,0.5651874103244855,0.4344470584922172,3.693091428301953e-09,0.5339830085690851,False
motional_heating,Motional heating/diffusion,4.0,A,"IZ,YZ",-1.3541326187942264e-10,0.6401703212216803,-4.313612620500341,5.51161098293419e-09,0.8771563683479224,False
motional_heating,Motional heating/diffusion,4.0,A,"IZ,ZI",-2.1115126582633335e-11,0.9263212756840534,0.11216014151964404,1.8503504304747952e-09,0.9634288083747238,False
motional_heating,Motional heating/diffusion,4.0,A,"IZ,ZX",3.9486864758755886e-11,0.7279910419900076,-0.8344665476294706,1.983606855239182e-09,0.8009340174719521,False
motional_heating,Motional heating/diffusion,4.0,A,"IZ,ZY",-1.1172517903376245e-10,0.5862357236484939,0.49537426173296384,4.971729030223864e-09,0.687391412471141,False
motional_heating,Motional heating/diffusion,4.0,A,"IZ,ZZ",-9.283557426136393e-11,0.823277101216125,-2.6733337256377454,5.478073601888182e-09,0.9152662222086927,False
motional_heating,Motional heating/diffusion,4.0,A,"XI,XX",3.0511144443909407e-10,0.8969436796015331,-2.381601423771348,2.487655638339577e-08,0.9386749034438816,False
motional_heating,Motional heating/diffusion,4.0,A,"XI,XY",-1.0595910473518642e-11,0.994771325173671,0.010336847832494,2.697426598591406e-09,0.9803592237152035,False
motional_heating,Motional heating/diffusion,4.0,A,"XI,XZ",-4.163844552955384e-11,0.7260038894048569,0.25857699360119646,2.4612662028478726e-09,0.6616502068620209,False
motional_heating,Motional heating/diffusion,4.0,A,"XI,YI",-1.3203022852208625e-10,0.8680525354852912,-0.2203374258305959,1.1915805438140841e-08,0.7783947896640276,False
motional_heating,Motional heating/diffusion,4.0,A,"XI,YX",-2.069950456208018e-10,0.31103199484835276,0.5151828776862253,7.240592089443962e-09,0.3113398820725626,False
motional_heating,Motional heating/diffusion,4.0,A,"XI,YY",-2.1056758716565585e-10,0.6236573428333484,-0.5106094197730207,1.0671398696185681e-08,0.6053608469507941,False
motional_heating,Motional heating/diffusion,4.0,A,"XI,YZ",-1.5384565659522507e-10,0.9273131891265189,-0.37812483059385604,1.6600865927298786e-08,0.8146534557065024,False
motional_heating,Motional heating/diffusion,4.0,A,"XI,ZI",-1.1932477518914987e-10,0.9603258672309791,-1.0823777197769724,1.749989008135642e-08,0.9659069929484091,False
motional_heating,Motional heating/diffusion,4.0,A,"XI,ZX",2.1174075566438274e-11,0.7943322586028957,0.16248139089953717,1.1315897104001893e-09,0.7451971898930264,False
motional_heating,Motional heating/diffusion,4.0,A,"XI,ZY",8.562391648393986e-11,0.9322824603529076,-0.11649937268946209,8.401473287858974e-09,0.7961692823384309,False
motional_heating,Motional heating/diffusion,4.0,A,"XI,ZZ",-2.4866527636656035e-10,0.6061690445532141,-1.117783348089627,1.1423492155875043e-08,0.5646422775566523,False
motional_heating,Motional heating/diffusion,4.0,A,"XX,XY",1.6267004745043717e-10,0.9125262449233277,0.14016026970529905,1.2382592408393742e-08,1.128470580645063,False
motional_heating,Motional heating/diffusion,4.0,A,"XX,XZ",2.1432547600982776e-10,0.8882838118950303,0.20171877978293962,1.4159888759735587e-08,1.0791721102034344,False
motional_heating,Motional heating/diffusion,4.0,A,"XX,YI",-1.7950045987844597e-10,0.6351355825259025,0.192378663108683,8.845695375860228e-09,0.5941518393945601,False
motional_heating,Motional heating/diffusion,4.0,A,"XX,YX",7.19191758774705e-10,0.664863191580493,-37.17362065290724,2.403704678966984e-08,0.8470553791945336,False
motional_heating,Motional heating/diffusion,4.0,A,"XX,YY",1.0101621159468601e-15,0.9270705218630787,0.0706715516878631,1.0027970915547562e-13,0.7985311037588501,False
motional_heating,Motional heating/diffusion,4.0,A,"XX,YZ",2.9169134774280926e-10,0.8961882127219921,-0.39049267586260017,2.8806145589648894e-08,0.7974797795595223,False
motional_heating,Motional heating/diffusion,4.0,A,"XX,ZI",5.852204059716818e-11,0.6798816453411227,0.18135195676881788,2.5738956190510757e-09,0.7589342089544686,False
motional_heating,Motional heating/diffusion,4.0,A,"XX,ZX",9.567595261815885e-13,0.9999990239892136,-0.42177862837519875,2.8724949025951572e-08,0.9998334619279363,False
motional_heating,Motional heating/diffusion,4.0,A,"XX,ZY",4.5428891197201084e-11,0.9763662730491829,-0.03173604128483376,7.853609858520233e-09,0.9421554011268893,False
motional_heating,Motional heating/diffusion,4.0,A,"XX,ZZ",4.4550560409660354e-10,0.5672946812840276,-0.645944111550375,2.0198928122582566e-08,0.5588819353255438,False
motional_heating,Motional heating/diffusion,4.0,A,"XY,XZ",2.4941458337395806e-11,0.7953282225479893,-0.013504120628225813,1.196383684696809e-09,0.7839561179408862,False
motional_heating,Motional heating/diffusion,4.0,A,"XY,YI",-8.082622555391582e-11,0.7404605565189563,0.25064896399139136,3.757681380307294e-09,0.8680895514037668,False
motional_heating,Motional heating/diffusion,4.0,A,"XY,YX",-1.2632611553038904e-11,0.9353107393759302,-1.728595597517085,1.1753980098425866e-09,0.8925248175745106,False
motional_heating,Motional heating/diffusion,4.0,A,"XY,YY",7.05402069803045e-11,0.7291160956437777,0.39180711725970174,3.302366787169631e-09,1.0162228023137785,False
motional_heating,Motional heating/diffusion,4.0,A,"XY,YZ",1.1303445616192748e-10,0.6552302490330688,-1.5511112783464682,5.5948336409469695e-09,0.5959327357487058,False
motional_heating,Motional heating/diffusion,4.0,A,"XY,ZI",-8.572398924693877e-11,0.7550074942248484,-1.9863454260550832,4.605799809889385e-09,0.627756338593459,False
motional_heating,Motional heating/diffusion,4.0,A,"XY,ZX",-7.823133909972475e-12,0.9880113458034562,-0.7458996731435765,1.8435847448439392e-09,0.9575656398120461,False
motional_heating,Motional heating/diffusion,4.0,A,"XY,ZY",-4.31710206212548e-11,0.945416899896205,-1.5197710743675965,4.652993068932884e-09,0.9536094079856907,False
motional_heating,Motional heating/diffusion,4.0,A,"XY,ZZ",-8.969870256220086e-11,0.7700098051273503,-0.48986976793278103,5.682278649081467e-09,0.6842861531378771,False
motional_heating,Motional heating/diffusion,4.0,A,"XZ,YI",-5.390442787039552e-11,0.7532997188534525,0.25232570235715246,2.94805668762055e-09,0.7024011031961132,False
motional_heating,Motional heating/diffusion,4.0,A,"XZ,YX",7.442068859141576e-12,0.9931338101877553,-0.015942507578746712,2.494175832267858e-09,0.9403244249033172,False
motional_heating,Motional heating/diffusion,4.0,A,"XZ,YY",9.813054354980799e-11,0.49916901485136006,0.455910537362908,4.021120851179781e-09,0.5119244251462033,False
motional_heating,Motional heating/diffusion,4.0,A,"XZ,YZ",1.159561872089193e-10,0.485242393037286,-3.3468008493154286,3.4440647308164583e-09,0.6246720160200333,False
motional_heating,Motional heating/diffusion,4.0,A,"XZ,ZI",-1.0731900810097252e-10,0.7897465787863948,-0.5333298440067784,7.163151619403701e-09,0.7003581278099308,False
motional_heating,Motional heating/diffusion,4.0,A,"XZ,ZX",8.982745523439312e-12,0.9902181139200795,-0.011249707416489008,1.9965872787127886e-09,0.941482865803536,False
motional_heating,Motional heating/diffusion,4.0,A,"XZ,ZY",-3.43892384060368e-11,0.9058823365853904,-0.30066569625579853,3.6020060999556582e-09,0.8090550795765719,False
motional_heating,Motional heating/diffusion,4.0,A,"XZ,ZZ",6.371781800319831e-11,0.6721161346723817,-0.8626154841770386,2.8403389660141768e-09,0.7756682608462997,False
motional_heating,Motional heating/diffusion,4.0,A,"YI,YX",5.896980567081026e-11,0.9446420991035392,-0.6739364665174636,7.1417179977565e-09,0.9587145518141887,False
motional_heating,Motional heating/diffusion,4.0,A,"YI,YY",-1.8556204480892517e-11,0.9656819651632682,-0.2573075191625185,2.214934045214782e-09,0.9162223158699376,False
motional_heating,Motional heating/diffusion,4.0,A,"YI,YZ",2.8024022300817926e-11,0.9485660935952949,-1.4364097077308902,3.079480543166994e-09,0.908997566609083,False
motional_heating,Motional heating/diffusion,4.0,A,"YI,ZI",-1.7692765524744345e-11,0.9946472147259143,-0.2874579141657656,7.450567236396118e-09,0.9881265647544828,False
motional_heating,Motional heating/diffusion,4.0,A,"YI,ZX",5.774281956602348e-11,0.8919874031203266,-1.6147817739552366,5.0733818810269875e-09,0.9430923781019074,False
motional_heating,Motional heating/diffusion,4.0,A,"YI,ZY",-4.556502994937707e-11,0.914393373094593,-1.5833915720779346,4.350859522666628e-09,0.9476367488860564,False
motional_heating,Motional heating/diffusion,4.0,A,"YI,ZZ",-3.8143141524309854e-11,0.8838061038595857,-0.5421525965211629,2.9662267981591106e-09,0.7428170930963058,False
motional_heating,Motional heating/diffusion,4.0,A,"YX,YY",-9.392879132774014e-12,0.9971890202928391,-0.015683455354564613,5.286185162002439e-09,0.9644625420982571,False
motional_heating,Motional heating/diffusion,4.0,A,"YX,YZ",-1.1390426423604234e-10,0.6210922437225376,-0.5688423569557504,5.687459519431023e-09,0.5994546814904191,False
motional_heating,Motional heating/diffusion,4.0,A,"YX,ZI",1.1168871008800532e-11,0.9939002433704919,-0.07013036085666235,3.3202766484332626e-09,1.0168191873620995,False
motional_heating,Motional heating/diffusion,4.0,A,"YX,ZX",1.2712997859165887e-11,0.96608874389494,0.05388660342445106,1.3119682888135066e-09,1.1787416607020336,False
motional_heating,Motional heating/diffusion,4.0,A,"YX,ZY",5.4480015941483284e-11,0.7971788817914228,-0.9056078191732959,2.8543374853127265e-09,0.8904091731173581,False
motional_heating,Motional heating/diffusion,4.0,A,"YX,ZZ",-3.429268019401406e-11,0.6418877783212901,-1.5137733925358452,1.2623701280740198e-09,0.7180250853049,False
motional_heating,Motional heating/diffusion,4.0,A,"YY,YZ",8.803660868763637e-11,0.3431020263740323,0.7808390291364237,3.766254864627845e-09,0.37748915914020437,False
motional_heating,Motional heating/diffusion,4.0,A,"YY,ZI",-3.41692315570934e-11,0.964930945634193,0.03721420050344981,5.598029702357824e-09,0.8779240790998243,False
motional_heating,Motional heating/diffusion,4.0,A,"YY,ZX",-6.443826073934249e-11,0.7885733208103218,-0.3678348199006971,2.969234950517184e-09,0.7843162848305336,False
motional_heating,Motional heating/diffusion,4.0,A,"YY,ZY",-1.58001809202268e-11,0.9842705738682243,0.0010056584090744058,2.6497186645146915e-09,0.9186008931761449,False
motional_heating,Motional heating/diffusion,4.0,A,"YY,ZZ",1.3812864632307547e-10,0.7633248100985599,-8.184353820842542,5.6859674711220826e-09,0.8658033855917917,False
motional_heating,Motional heating/diffusion,4.0,A,"YZ,ZI",2.3090482941945187e-11,0.9866906353197274,-0.7500644948579078,5.4542064042267805e-09,0.9788324082087807,False
motional_heating,Motional heating/diffusion,4.0,A,"YZ,ZX",-2.174356234273487e-11,0.9227418610087221,-0.2267632170662548,2.067999710847682e-09,0.9474285169657445,False
motional_heating,Motional heating/diffusion,4.0,A,"YZ,ZY",-7.779909213008952e-11,0.813943340902708,0.33449801728204254,4.388682981194216e-09,1.0053223322017037,False
motional_heating,Motional heating/diffusion,4.0,A,"YZ,ZZ",-6.144364845950609e-11,0.6717030407318914,0.13405652047084893,2.8914558704362988e-09,0.7423049019552151,False
motional_heating,Motional heating/diffusion,4.0,A,"ZI,ZX",-1.0567113732707343e-11,0.9902142396629121,-0.052771788433818134,2.665865642279129e-09,1.0198192916498094,False
motional_heating,Motional heating/diffusion,4.0,A,"ZI,ZY",-6.24149978705622e-11,0.8866378268301661,-0.498342712207432,5.440577961383388e-09,0.942639368175976,False
motional_heating,Motional heating/diffusion,4.0,A,"ZI,ZZ",-3.9324982872936315e-11,0.740775864353196,-3.2667260527317525,1.8092273206306053e-09,0.8913210561643806,False
motional_heating,Motional heating/diffusion,4.0,A,"ZX,ZY",7.649603681763565e-11,0.8222567097929879,-1.3727309548291102,4.569887512493931e-09,0.779698265865796,False
motional_heating,Motional heating/diffusion,4.0,A,"ZX,ZZ",4.195967541055933e-11,0.9411506925352675,-1.2973655911468054,4.027801861513677e-09,0.9479124385294483,False
motional_heating,Motional heating/diffusion,4.0,A,"ZY,ZZ",-3.761928156504499e-12,0.9934270708796902,-0.05153289828795571,1.1734249273266243e-09,0.9839703074781478,False
motional_dephasing,Motional dephasing,0.01,H,IX,-1.373792466676449e-10,0.6549728210048522,-6.222318017814659,9.82486248040258e-09,0.8741546538208501,False
motional_dephasing,Motional dephasing,0.01,H,IY,-1.353827770446381e-10,0.3128996021151415,0.5725317125974942,9.917655348575127e-09,0.34991603971376617,False
motional_dephasing,Motional dephasing,0.01,H,IZ,5.545282864731671e-13,0.7726686707984063,0.37391800080802695,5.5907353925725386e-11,0.9557683763028946,False
motional_dephasing,Motional dephasing,0.01,H,XI,2.2331195740440005e-11,0.9617148296450918,-0.19459508684951987,5.029667121817346e-09,0.8401637668686587,False
motional_dephasing,Motional dephasing,0.01,H,XX,-4.173560393414684e-07,0.03899013825724817,0.9950592568325414,2.9396219523342532e-05,0.02882294050954249,True
motional_dephasing,Motional dephasing,0.01,H,XY,5.2655880175261654e-11,0.7848462187005786,0.3170259292325388,5.400339435858815e-09,0.7140069035960461,False
motional_dephasing,Motional dephasing,0.01,H,XZ,1.2861631585553488e-10,0.18962547889857748,0.883828147389953,8.59260606865892e-09,0.18843424319813354,False
motional_dephasing,Motional dephasing,0.01,H,YI,-7.895204078650138e-12,0.9914417292631036,-0.04001712695574722,3.261326209239768e-09,1.043575424320657,False
motional_dephasing,Motional dephasing,0.01,H,YX,-9.061301052689707e-11,0.4869222380610671,0.5517108883643518,6.949081856836627e-09,0.44607899895596603,False
motional_dephasing,Motional dephasing,0.01,H,YY,2.6376799422777564e-10,0.19691029007874586,0.8729246802617282,1.7553720019254918e-08,0.19543277486401534,False
motional_dephasing,Motional dephasing,0.01,H,YZ,5.5417329664195365e-11,0.8024298978716288,-0.02650409498350559,5.029629943456098e-09,0.8759473034224715,False
motional_dephasing,Motional dephasing,0.01,H,ZI,-3.639073560359587e-12,0.21948683418426854,0.8365043875335808,2.751430702130326e-10,0.1739035392260079,False
motional_dephasing,Motional dephasing,0.01,H,ZX,1.3147091255633585e-10,0.20081525623294963,0.864051300523462,8.683687007062332e-09,0.20561029773005254,False
motional_dephasing,Motional dephasing,0.01,H,ZY,1.721450400948683e-10,0.3856515314090416,0.21977097829092795,1.2179155656008399e-08,0.3775551289555665,False
motional_dephasing,Motional dephasing,0.01,H,ZZ,-6.551969895065161e-17,0.4312154506272491,-2.041305773274618,3.851920530742877e-15,0.5722423861631898,False
motional_dephasing,Motional dephasing,0.01,S,IX,1.2278886751328933e-05,0.0012764867698643358,0.9999951679681105,0.0008834519292024274,0.0009164014143749743,True
motional_dephasing,Motional dephasing,0.01,S,IY,-5.888677903956686e-12,0.9608259741308426,0.033357011304679385,1.401096449174218e-09,1.0378261619083013,False
motional_dephasing,Motional dephasing,0.01,S,IZ,6.530809741309528e-11,0.2883432063780356,0.8451730313287513,5.50221842556247e-09,0.24256795094589095,False
motional_dephasing,Motional dephasing,0.01,S,XI,1.2278941472997662e-05,0.001270676844683844,0.9999952119843003,0.0008834579644934127,0.0009161410364064758,True
motional_dephasing,Motional dephasing,0.01,S,XX,8.957748249000087e-06,0.00020110025722230914,0.9999998803800021,0.0006448845737282995,0.00015504298358667607,True
motional_dephasing,Motional dephasing,0.01,S,XY,-1.5551005218782583e-11,0.8375538682509245,-0.8651340885881893,2.0986889686768883e-09,0.7332448036694451,False
motional_dephasing,Motional dephasing,0.01,S,XZ,3.0663686460596593e-12,0.9818506584120938,0.01605252622915254,8.505785758413102e-10,1.0324453479059714,False
motional_dephasing,Motional dephasing,0.01,S,YI,1.4471782964723436e-12,0.9934926086221139,-0.1440763405022223,1.0101349757736869e-09,1.0128939250502391,False
motional_dephasing,Motional dephasing,0.01,S,YX,2.1530716279355432e-11,0.23901077756119055,0.6592013727279086,1.4447435659923832e-09,0.2873187660567227,False
motional_dephasing,Motional dephasing,0.01,S,YY,-3.4521938258325806e-11,0.8617968968678569,0.19701678788004795,3.9658433875744935e-09,1.0124810094093646,False
motional_dephasing,Motional dephasing,0.01,S,YZ,-7.370245980624642e-12,0.9655175935009933,0.054943980083054345,1.7033954955922564e-09,1.0103639126412556,False
motional_dephasing,Motional dephasing,0.01,S,ZI,8.814958788590806e-11,0.30313543623667816,0.6424291949014608,6.542113854881177e-09,0.32914580282924466,False
motional_dephasing,Motional dephasing,0.01,S,ZX,7.675792803853255e-12,0.9658470386309487,-0.40051130402283186,2.1327749369192737e-09,0.9676092708898453,False
motional_dephasing,Motional dephasing,0.01,S,ZY,-1.5163525239882696e-11,0.938558073428659,0.11231682714412516,2.130246504578558e-09,1.0313119469003074,False
motional_dephasing,Motional dephasing,0.01,S,ZZ,2.0434771310991685e-11,0.9461254665661951,-0.23010385233573905,4.500306429649593e-09,0.9182664804390909,False
motional_dephasing,Motional dephasing,0.01,C,"IX,IY",1.3529221417852264e-11,0.8526233343248,-2.156729962344102,1.7241389914924628e-09,0.8587550152725576,False
motional_dephasing,Motional dephasing,0.01,C,"IX,IZ",1.0516377484259297e-10,0.27348453397498673,0.7094063892738167,7.82539877423274e-09,0.28262064443720525,False
motional_dephasing,Motional dephasing,0.01,C,"IX,XI",1.2278894224575625e-05,0.0012725499249860478,0.9999951977957969,0.0008834541657796241,0.0009146537509859803,True
motional_dephasing,Motional dephasing,0.01,C,"IX,XX",1.561504391781918e-10,0.3157892547557794,0.5294414148045749,1.1415061746493829e-08,0.3330349297558781,False
motional_dephasing,Motional dephasing,0.01,C,"IX,XY",-4.336540715030251e-11,0.8252737243239856,0.16696119219587457,4.001759293945325e-09,0.9935341117828606,False
motional_dephasing,Motional dephasing,0.01,C,"IX,XZ",-9.078616312575055e-11,0.6283359671966599,0.12204844548162186,7.554269915409908e-09,0.5750598504520974,False
motional_dephasing,Motional dephasing,0.01,C,"IX,YI",9.171232541899693e-12,0.922211579408325,-2.012741858080903,1.2899185423183241e-09,0.936010616043437,False
motional_dephasing,Motional dephasing,0.01,C,"IX,YX",-6.576379751902714e-11,0.704431778326497,0.3361691713633911,6.321862196978967e-09,0.5772194827175237,False
motional_dephasing,Motional dephasing,0.01,C,"IX,YY",-8.610690584275729e-11,0.6351734817355558,0.049275614335011486,6.8625440316383765e-09,0.6227628853240408,False
motional_dephasing,Motional dephasing,0.01,C,"IX,YZ",2.8154977855403015e-12,0.6648228072996601,0.5162882275296032,2.634521347419772e-10,0.6951595488799376,False
motional_dephasing,Motional dephasing,0.01,C,"IX,ZI",6.169669058610645e-11,0.5148770404479751,0.32417929826686587,4.779555845995741e-09,0.5564519941276446,False
motional_dephasing,Motional dephasing,0.01,C,"IX,ZX",-9.470198460443867e-11,0.5914294260050011,0.0004868596714316942,7.029713542116153e-09,0.6792168274909075,False
motional_dephasing,Motional dephasing,0.01,C,"IX,ZY",3.035997149333515e-12,0.29258473720830563,0.7956556546197374,2.3305014988907987e-10,0.22307771518979175,False
motional_dephasing,Motional dephasing,0.01,C,"IX,ZZ",-1.2892734063123223e-10,0.47948390727080964,0.19763588999370751,9.763800819523755e-09,0.41782047436366565,False
motional_dephasing,Motional dephasing,0.01,C,"IY,IZ",2.9966088677315485e-11,0.5691927010813773,0.11088051855508119,2.1694691196076022e-09,0.7144138029563395,False
motional_dephasing,Motional dephasing,0.01,C,"IY,XI",1.6573614833000875e-11,0.4021494878570943,-1.197493826250136,9.338253092840353e-10,0.4478916365078895,False
motional_dephasing,Motional dephasing,0.01,C,"IY,XX",1.3045518046110503e-10,0.20323928377453726,0.8662415462558071,8.664598139427226e-09,0.20342393804703657,False
motional_dephasing,Motional dephasing,0.01,C,"IY,XY",3.348006950922004e-11,0.45261238381517593,0.4628374577289941,2.378086595673761e-09,0.44617418757235094,False
motional_dephasing,Motional dephasing,0.01,C,"IY,XZ",-7.730160239579393e-12,0.953924271066449,0.08826000707679671,1.7760755381423284e-09,1.0783428865069358,False
motional_dephasing,Motional dephasing,0.01,C,"IY,YI",-1.2478836892049199e-11,0.7867648513619522,0.07247538992359814,1.6235641017827473e-09,0.7233012681048521,False
motional_dephasing,Motional dephasing,0.01,C,"IY,YX",2.9064518123411297e-11,0.6489785834604735,-14.242483010508566,2.0169790076101856e-09,0.7406213330691676,False
motional_dephasing,Motional dephasing,0.01,C,"IY,YY",-3.848469561931773e-11,0.7234903724126527,0.45175761807545345,3.2091943613680986e-09,0.7514596010142256,False
motional_dephasing,Motional dephasing,0.01,C,"IY,YZ",-3.469852472138789e-11,0.5890754390608556,-28.274039763009757,2.041795188247047e-09,0.8470528658848491,False
motional_dephasing,Motional dephasing,0.01,C,"IY,ZI",2.439712485144607e-11,0.6289523743004017,-0.16780888781991887,1.6004310864581836e-09,0.7825179413344169,False
motional_dephasing,Motional dephasing,0.01,C,"IY,ZX",-5.342464115533949e-12,0.6777747233851585,-0.08942404001246818,4.3219391494714823e-10,0.7774972049493785,False
motional_dephasing,Motional dephasing,0.01,C,"IY,ZY",-1.836713966784093e-11,0.9053162822157144,-1.2859987168952096,3.2729151273971988e-09,0.9494932650019473,False
motional_dephasing,Motional dephasing,0.01,C,"IY,ZZ",4.341796524031719e-11,0.4835838444190884,-1.6393016037280392,2.776476301632418e-09,0.4370394057631856,False
motional_dephasing,Motional dephasing,0.01,C,"IZ,XI",1.3829014599074735e-10,0.0783931130754023,0.9781856847614949,9.743965622278068e-09,0.0870419665856302,False
motional_dephasing,Motional dephasing,0.01,C,"IZ,XX",-5.727918859813788e-11,0.7567796296732536,0.34651506420309663,5.560572727616257e-09,0.6929879807502123,False
motional_dephasing,Motional dephasing,0.01,C,"IZ,XY",5.058752105681454e-12,0.8041634286567816,0.22237544081776894,5.738008372487421e-10,0.8790698769742007,False
motional_dephasing,Motional dephasing,0.01,C,"IZ,XZ",-2.7663038907194608e-11,0.4245118430285967,-0.021371704144065307,1.8020384499698038e-09,0.5652769045373738,False
motional_dephasing,Motional dephasing,0.01,C,"IZ,YI",3.584638158948218e-11,0.37655828664244795,0.6771566532806493,2.4488347430494834e-09,0.3829379030247613,False
motional_dephasing,Motional dephasing,0.01,C,"IZ,YX",-9.3956874422408e-11,0.2343322722371283,0.7643758759814258,5.9345747199934815e-09,0.2537858803067096,False
motional_dephasing,Motional dephasing,0.01,C,"IZ,YY",-1.5346430258910018e-11,0.7454967418266835,0.15205747620573573,1.5020191814607956e-09,0.6321808029219361,False
motional_dephasing,Motional dephasing,0.01,C,"IZ,YZ",4.2530662695482416e-11,0.24847668737399348,0.8414036619386164,2.9048663649054867e-09,0.22141630048865896,False
motional_dephasing,Motional dephasing,0.01,C,"IZ,ZI",-1.1646449193464488e-11,0.9815033902218537,-0.16796515742027163,4.719185511929815e-09,0.9111558191758246,False
motional_dephasing,Motional dephasing,0.01,C,"IZ,ZX",-3.3772485658163506e-11,0.48397773160840873,0.6611163076479696,3.119714318839707e-09,0.41728117418654487,False
motional_dephasing,Motional dephasing,0.01,C,"IZ,ZY",4.199726546859984e-11,0.2776626457951596,0.8012220462288508,2.9494929335456137e-09,0.2686232269030304,False
motional_dephasing,Motional dephasing,0.01,C,"IZ,ZZ",-6.151065836339375e-11,0.33957273073571265,0.5783929856287325,4.700001562922294e-09,0.3216428693335134,False
motional_dephasing,Motional dephasing,0.01,C,"XI,XX",8.833218865607986e-12,0.9926213947873399,-0.029784506517230414,4.2674326160706155e-09,1.0745169069487717,False
motional_dephasing,Motional dephasing,0.01,C,"XI,XY",8.500892589278282e-12,0.9948432739198052,-0.008229586488272433,5.182248038343608e-09,0.9704730330399397,False
motional_dephasing,Motional dephasing,0.01,C,"XI,XZ",-1.0904644907452082e-10,0.5700828851969506,-0.18565895284613854,7.908886726773421e-09,0.6312655017400545,False
motional_dephasing,Motional dephasing,0.01,C,"XI,YI",-2.02876301417279e-12,0.9931487461337042,-0.12447033737032354,1.2804058019314231e-09,1.0285204379736683,False
motional_dephasing,Motional dephasing,0.01,C,"XI,YX",-1.1324433974663029e-10,0.3687081018090385,0.6589042340544036,8.675361105647977e-09,0.32117801763589604,False
motional_dephasing,Motional dephasing,0.01,C,"XI,YY",-1.2208151276275818e-10,0.5036027214949137,-0.0028154349564597503,9.002901458445114e-09,0.4782536345694076,False
motional_dephasing,Motional dephasing,0.01,C,"XI,YZ",-1.7255230075560542e-12,0.8869825974609015,0.21206590244356738,2.317360561157112e-10,1.0670146343573317,False
motional_dephasing,Motional dephasing,0.01,C,"XI,ZI",2.7861791541920445e-11,0.863170924516551,-0.06267386170121658,3.559159018322033e-09,0.9295462432034006,False
motional_dephasing,Motional dephasing,0.01,C,"XI,ZX",-1.0109621911251415e-10,0.6074973618464901,-0.004364157670581292,8.045896269738856e-09,0.5220868981446583,False
motional_dephasing,Motional dephasing,0.01,C,"XI,ZY",-4.112527138089407e-12,0.19569790082657074,0.840289188384902,2.9600993461269616e-10,0.1571195275715315,False
motional_dephasing,Motional dephasing,0.01,C,"XI,ZZ",-9.857887243258237e-11,0.591663481469992,-0.07368232821648779,7.442199454091004e-09,0.6085413357312695,False
motional_dephasing,Motional dephasing,0.01,C,"XX,XY",2.5174515005934904e-12,0.7044350300207352,0.16201407763672837,2.3091398468305856e-10,0.6075237532895306,False
motional_dephasing,Motional dephasing,0.01,C,"XX,XZ",1.2998026112682684e-10,0.31626859977051186,0.570185283963567,9.552580181100554e-09,0.3512631291152611,False
motional_dephasing,Motional dephasing,0.01,C,"XX,YI",1.3275352146177677e-10,0.19895910163389838,0.8672689753279751,8.794308585258642e-09,0.20049276489637485,False
motional_dephasing,Motional dephasing,0.01,C,"XX,YX",-1.2032355486234362e-12,0.5342838214725665,0.5838593404762078,1.0557164003300721e-10,0.4077363481370777,False
motional_dephasing,Motional dephasing,0.01,C,"XX,YY",1.8451428655850862e-10,0.6312453695547818,0.04111261322758697,1.4770098469773518e-08,0.5929897065970503,False
motional_dephasing,Motional dephasing,0.01,C,"XX,YZ",-1.2505119153090832e-10,0.2154335711378548,0.8407387520969685,8.276715927973524e-09,0.20248568379600698,False
motional_dephasing,Motional dephasing,0.01,C,"XX,ZI",8.505773734959316e-11,0.5146256125993902,0.5262697757309929,6.577312322260868e-09,0.46640952767731425,False
motional_dephasing,Motional dephasing,0.01,C,"XX,ZX",3.214072926374992e-12,0.9985630429839537,-0.10108467473095795,3.348289920018097e-09,1.0172784657412335,False
motional_dephasing,Motional dephasing,0.01,C,"XX,ZY",-1.4876160806505378e-10,0.20545531240919931,0.8439961402187787,9.788464318027404e-09,0.1967961216891781,False
motional_dephasing,Motional dephasing,0.01,C,"XX,ZZ",-1.1133706281219717e-11,0.8692547640528816,-0.7648939974595315,1.6900428436206321e-09,0.7628383045809451,False
motional_dephasing,Motional dephasing,0.01,C,"XY,XZ",1.5925880743270506e-11,0.8073089662113128,0.3436081467895681,1.6663658210524201e-09,0.9764529912320314,False
motional_dephasing,Motional dephasing,0.01,C,"XY,YI",4.084630603833171e-11,0.4753661361073088,-9.462599999739151,2.392755625672845e-09,0.5953491518485937,False
motional_dephasing,Motional dephasing,0.01,C,"XY,YX",-9.000781642360236e-11,0.4103113705744845,-2.8009773810025083,5.3990783854685015e-09,0.4134599260875532,False
motional_dephasing,Motional dephasing,0.01,C,"XY,YY",5.645995185597838e-12,0.9610171932467462,-1.1868358183665637,1.442827055739175e-09,0.9647816718793453,False
motional_dephasing,Motional dephasing,0.01,C,"XY,YZ",3.1028196817615097e-11,0.6062117428909322,-69.70169697779497,1.815502068430192e-09,0.6932631041022438,False
motional_dephasing,Motional dephasing,0.01,C,"XY,ZI",-7.701646740850497e-11,0.3065364934924599,0.42013568001186463,5.012808016291433e-09,0.3748236184708776,False
motional_dephasing,Motional dephasing,0.01,C,"XY,ZX",3.599812917712937e-11,0.6685781619367654,-15.374236503219628,2.363084131650079e-09,0.7257963368676718,False
motional_dephasing,Motional dephasing,0.01,C,"XY,ZY",3.2928362741095055e-11,0.695331127178409,-13.628601766945113,2.327582077880202e-09,0.8726767715363425,False
motional_dephasing,Motional dephasing,0.01,C,"XY,ZZ",-2.4124233268817295e-11,0.9427510479614423,-1.609851707826731,4.274862944889988e-09,0.8984210243844704,False
motional_dephasing,Motional dephasing,0.01,C,"XZ,YI",-1.0272113950440399e-11,0.8674831685114074,-0.7501085730721484,1.31822886423678e-09,0.9298687594680388,False
motional_dephasing,Motional dephasing,0.01,C,"XZ,YX",2.297490639882559e-11,0.45266474825743397,0.03884385736395257,1.5787997391645096e-09,0.47612315239207265,False
motional_dephasing,Motional dephasing,0.01,C,"XZ,YY",-3.1704855523221525e-11,0.7222153361029464,0.033501331545184865,2.3884292981760225e-09,0.7251536635620701,False
motional_dephasing,Motional dephasing,0.01,C,"XZ,YZ",-5.510032496253821e-15,0.999999937572773,-0.29230399498887816,1.115529745394969e-09,0.9999110910441052,False
motional_dephasing,Motional dephasing,0.01,C,"XZ,ZI",-5.551322644525921e-12,0.9843512850755799,-0.0058539374822330625,1.8382409490336714e-09,1.1087167682277936,False
motional_dephasing,Motional dephasing,0.01,C,"XZ,ZX",-5.964526784420074e-12,0.9488535786784018,-0.41138754435012137,1.2403180253732161e-09,0.8268807194231401,False
motional_dephasing,Motional dephasing,0.01,C,"XZ,ZY",-1.6400675932117564e-11,0.8119956737843393,-2.8847982311442806,1.7097041577295068e-09,0.8273314330766096,False
motional_dephasing,Motional dephasing,0.01,C,"XZ,ZZ",3.450241102034839e-11,0.4133797684226256,0.5090966786537278,2.7396571267066125e-09,0.3543563529993291,False
motional_dephasing,Motional dephasing,0.01,C,"YI,YX",1.5984632119004405e-11,0.4533357413706128,0.5906236289411757,1.3708805493368132e-09,0.297014404389136,False
motional_dephasing,Motional dephasing,0.01,C,"YI,YY",-5.738565911137999e-11,0.3766621363326186,0.6753188539574677,3.809776240110345e-09,0.3651683642068422,False
motional_dephasing,Motional dephasing,0.01,C,"YI,YZ",1.6721383487103535e-13,0.999881106399112,-0.37673877801996847,7.604787008323566e-10,1.00197891737427,False
motional_dephasing,Motional dephasing,0.01,C,"YI,ZI",3.261986310297194e-11,0.6838956399340609,0.4787137583380072,3.579857401761128e-09,0.4869435825626622,False
motional_dephasing,Motional dephasing,0.01,C,"YI,ZX",-4.852609502914986e-11,0.5556685654046136,-1.4162375101431497,3.0842686082938746e-09,0.6956028403827049,False
motional_dephasing,Motional dephasing,0.01,C,"YI,ZY",-1.4605101832004857e-11,0.618863921981719,-0.0674916663451508,1.1946117602346722e-09,0.5211778390917708,False
motional_dephasing,Motional dephasing,0.01,C,"YI,ZZ",2.8785359409963948e-11,0.5440337660350199,-0.12365163560078685,2.3667972177287367e-09,0.5621623470754513,False
motional_dephasing,Motional dephasing,0.01,C,"YX,YY",4.799865447799278e-12,0.8745560504804927,0.09230268339578229,5.910843458377075e-10,0.791909765877465,False
motional_dephasing,Motional dephasing,0.01,C,"YX,YZ",4.607298428272912e-11,0.21394920562725112,0.7142261112911639,2.9673086805140833e-09,0.1722943737007658,False
motional_dephasing,Motional dephasing,0.01,C,"YX,ZI",1.2040779190903338e-11,0.895744392998404,-0.40139019082307215,1.7203088393812722e-09,0.9370072336795611,False
motional_dephasing,Motional dephasing,0.01,C,"YX,ZX",3.250297233244832e-11,0.6770654495232709,0.5079441133183394,3.3751594119894966e-09,0.5800080674573643,False
motional_dephasing,Motional dephasing,0.01,C,"YX,ZY",3.4258306810054475e-11,0.4893753650376919,0.4133117500806909,2.371576372419294e-09,0.47996654904102987,False
motional_dephasing,Motional dephasing,0.01,C,"YX,ZZ",-3.8281559139235465e-11,0.7003523122968363,-1.4148318899242893,3.1518065207177015e-09,0.6586848621780568,False
motional_dephasing,Motional dephasing,0.01,C,"YY,YZ",2.277297895420054e-11,0.8136296176965414,0.3349409252768947,2.4911182963956108e-09,0.9416402919346502,False
motional_dephasing,Motional dephasing,0.01,C,"YY,ZI",2.1053080263619025e-11,0.3875833138783239,0.7364132607006699,1.5303330709682344e-09,0.4357540060617245,False
motional_dephasing,Motional dephasing,0.01,C,"YY,ZX",-4.658203537614902e-11,0.3752479095847983,0.44095644315407445,2.82051168629638e-09,0.3896405760657375,False
motional_dephasing,Motional dephasing,0.01,C,"YY,ZY",1.497154372902158e-11,0.9669053081354241,-0.03809488651725346,3.526033457937204e-09,1.0764280289274522,False
motional_dephasing,Motional dephasing,0.01,C,"YY,ZZ",5.073855745965438e-12,0.9668636131854745,-0.0621839246373197,1.496909875899424e-09,0.9389880413658823,False
motional_dephasing,Motional dephasing,0.01,C,"YZ,ZI",4.220202084631239e-11,0.16734816821765378,0.9241744385858258,2.954946670227887e-09,0.15190640947760284,False
motional_dephasing,Motional dephasing,0.01,C,"YZ,ZX",1.4629121769397864e-11,0.7358159148832332,-1.1087610627136604,1.37601485659336e-09,0.9043163703547936,False
motional_dephasing,Motional dephasing,0.01,C,"YZ,ZY",-1.8303561023732588e-12,0.9955158311909545,-0.011747521007136497,1.0696244029045703e-09,1.0308018494653381,False
motional_dephasing,Motional dephasing,0.01,C,"YZ,ZZ",2.2415741932953395e-11,0.7991720178976462,0.30621984230565646,2.039819627694917e-09,1.1685080690120226,False
motional_dephasing,Motional dephasing,0.01,C,"ZI,ZX",1.076237560484287e-11,0.714769246574222,-1.8632042090028,1.02818621002044e-09,0.6231757263437321,False
motional_dephasing,Motional dephasing,0.01,C,"ZI,ZY",4.6469745286683795e-11,0.5172906327514828,0.6729635132599002,3.727899226883738e-09,0.5066107197158887,False
motional_dephasing,Motional dephasing,0.01,C,"ZI,ZZ",-8.441331470020636e-11,0.24665364021860134,0.8945030714427527,6.518080355761214e-09,0.23110132283613025,False
motional_dephasing,Motional dephasing,0.01,C,"ZX,ZY",-2.4003054849893512e-11,0.6812885620894238,-14.127277468398916,1.6917841314595876e-09,0.7446157702606374,False
motional_dephasing,Motional dephasing,0.01,C,"ZX,ZZ",5.0293729721447894e-11,0.2425621563402023,0.8708082007509457,3.993716771054231e-09,0.2109831802195483,False
motional_dephasing,Motional dephasing,0.01,C,"ZY,ZZ",1.7904941970013514e-11,0.7551461378594111,0.14421045777779407,1.5612187665393547e-09,0.7768864874989879,False
motional_dephasing,Motional dephasing,0.01,A,"IX,IY",1.0583271489709847e-10,0.5560054902241137,0.02892084265420669,8.124779614201661e-09,0.5026429476814256,False
motional_dephasing,Motional dephasing,0.01,A,"IX,IZ",1.2101805516208868e-11,0.9913916134716276,-0.009174123970397075,5.601921232378375e-09,0.9611146800792706,False
motional_dephasing,Motional dephasing,0.01,A,"IX,XI",2.916351041520666e-10,0.4551389752784881,-0.7480273167585973,1.7062423223847485e-08,0.49821639919775856,False
motional_dephasing,Motional dephasing,0.01,A,"IX,XX",2.6071664063523333e-11,0.9492872459151283,-0.21933573672137308,5.2969339860768205e-09,0.8228069466687841,False
motional_dephasing,Motional dephasing,0.01,A,"IX,XY",-9.683662716864394e-11,0.2895377256901686,0.7868010876526648,7.816214661879592e-09,0.2611528912950947,False
motional_dephasing,Motional dephasing,0.01,A,"IX,XZ",-5.9626140341167764e-12,0.924930799369901,-1.0363193277926879,9.161887030114936e-10,0.7906285116477072,False
motional_dephasing,Motional dephasing,0.01,A,"IX,YI",1.4146993286313832e-10,0.41332679867704214,0.15454852770890282,1.0011683702128803e-08,0.4268476450339059,False
motional_dephasing,Motional dephasing,0.01,A,"IX,YX",-3.155917104707766e-11,0.7366021896622601,0.26001719527414413,3.2220921683526e-09,0.541234603765725,False
motional_dephasing,Motional dephasing,0.01,A,"IX,YY",-1.303979725196998e-10,0.19501883327828273,0.8845743637931738,8.739564753866621e-09,0.19545372579666007,False
motional_dephasing,Motional dephasing,0.01,A,"IX,YZ",4.09762882209847e-11,0.258732800728379,0.848288361062459,2.914951207023997e-09,0.27098753399181463,False
motional_dephasing,Motional dephasing,0.01,A,"IX,ZI",-8.169570280624618e-11,0.4827387731699942,0.6418679448536636,6.509805673648098e-09,0.5519688864950485,False
motional_dephasing,Motional dephasing,0.01,A,"IX,ZX",-6.326877592286765e-12,0.9412038894785784,-1.3502961213100169,1.2478293670911434e-09,0.9087344795173077,False
motional_dephasing,Motional dephasing,0.01,A,"IX,ZY",-6.273119326487016e-11,0.3235347016269451,0.22606724428547031,3.906321859649429e-09,0.37471227725380885,False
motional_dephasing,Motional dephasing,0.01,A,"IX,ZZ",-1.2094881166178037e-10,0.16598475853287847,0.933565458561251,8.565890117476712e-09,0.15165272919857986,False
motional_dephasing,Motional dephasing,0.01,A,"IY,IZ",-3.951346470226347e-11,0.5907495217702143,-0.08189703226401823,3.028865546298872e-09,0.7404696608774175,False
motional_dephasing,Motional dephasing,0.01,A,"IY,XI",-1.2450775149213663e-10,0.4634728033763258,0.151158951345571,9.055150416351532e-09,0.4769191692687219,False
motional_dephasing,Motional dephasing,0.01,A,"IY,XX",9.945121034756683e-11,0.2947529034425327,0.8317009361580094,8.224364879493688e-09,0.2614249432456351,False
motional_dephasing,Motional dephasing,0.01,A,"IY,XY",6.086138039788245e-12,0.9794617700527805,0.02041509587931345,2.1955742701036704e-09,1.0249480252633438,False
motional_dephasing,Motional dephasing,0.01,A,"IY,XZ",-5.5183761110780514e-12,0.8194056309803748,-3.0875644677527037,6.017477206354382e-10,0.8349295450683007,False
motional_dephasing,Motional dephasing,0.01,A,"IY,YI",-7.151228708739161e-12,0.6918474635253132,-0.5182472396460815,6.229089753620354e-10,0.8966766238337701,False
motional_dephasing,Motional dephasing,0.01,A,"IY,YX",1.2172129121744867e-11,0.866465453895365,0.2489488804179506,1.1143764140590764e-09,1.1966106976307493,False
motional_dephasing,Motional dephasing,0.01,A,"IY,YY",-2.01507248559607e-11,0.7858634395508465,-5.341643426405578,1.8091564814298772e-09,0.8997563087741807,False
motional_dephasing,Motional dephasing,0.01,A,"IY,YZ",-2.4009793007861436e-12,0.9844012254074357,-0.023695478921516244,9.921382614513156e-10,0.9564399145831437,False
motional_dephasing,Motional dephasing,0.01,A,"IY,ZI",-1.4956104245063345e-11,0.792393171672747,0.15703493666510404,1.434570398633224e-09,0.8123411185204797,False
motional_dephasing,Motional dephasing,0.01,A,"IY,ZX",5.944616886911868e-13,0.999553203366194,-0.4217627648791462,1.1704312763399685e-09,1.004571097258227,False
motional_dephasing,Motional dephasing,0.01,A,"IY,ZY",-1.4059789030183518e-12,0.994741924596868,-0.03415509743784595,1.012326528488147e-09,1.024999463653418,False
motional_dephasing,Motional dephasing,0.01,A,"IY,ZZ",1.1168522946200815e-11,0.9456096138831445,-0.2305009957553632,2.2671898130809563e-09,0.9113292535668093,False
motional_dephasing,Motional dephasing,0.01,A,"IZ,XI",5.125506663836563e-11,0.8476991534787656,0.021355519266145317,5.646764515286766e-09,0.9183079799951842,False
motional_dephasing,Motional dephasing,0.01,A,"IZ,XX",2.244330847796748e-11,0.7781009249420421,-2.9488012457569823,2.0834140163816966e-09,0.8060973241866668,False
motional_dephasing,Motional dephasing,0.01,A,"IZ,XY",3.469648907054059e-12,0.9604884813950985,0.03355048742775446,8.662413015760257e-10,1.0360486623146148,False
motional_dephasing,Motional dephasing,0.01,A,"IZ,XZ",8.477841430424933e-12,0.9226247152741723,-1.8250231995486685,1.1048829918617458e-09,0.9309423953162165,False
motional_dephasing,Motional dephasing,0.01,A,"IZ,YI",2.08277746247266e-12,0.9978399765471776,-0.10311717721206026,1.6403313489066028e-09,1.0457102698787017,False
motional_dephasing,Motional dephasing,0.01,A,"IZ,YX",-1.0410446092142017e-11,0.83320667900391,-1.684826939879367,1.2898908724769232e-09,0.8547256720262523,False
motional_dephasing,Motional dephasing,0.01,A,"IZ,YY",-3.511323451569156e-13,0.9999803966810634,-0.494070510919433,3.424688068728465e-09,1.0009227675756134,False
motional_dephasing,Motional dephasing,0.01,A,"IZ,YZ",-8.814584171764653e-12,0.9136330467089328,0.16155055344827285,1.417638088714949e-09,1.0001964097909808,False
motional_dephasing,Motional dephasing,0.01,A,"IZ,ZI",-1.2038513387001082e-11,0.4976871445379244,-0.16944725849083886,8.246202302669607e-10,0.6122304234300685,False
motional_dephasing,Motional dephasing,0.01,A,"IZ,ZX",4.232010329253735e-11,0.5464656662927272,-1.9605645741222784,3.0236242047268016e-09,0.4961266297082702,False
motional_dephasing,Motional dephasing,0.01,A,"IZ,ZY",-6.369114769275443e-12,0.9237938794620562,-0.26206406815199523,1.068804392013541e-09,0.9463680788067413,False
motional_dephasing,Motional dephasing,0.01,A,"IZ,ZZ",1.8579985823716513e-13,0.9999619673190552,-0.3517834811018017,1.1737081229066864e-09,1.002849428561495,False
motional_dephasing,Motional dephasing,0.01,A,"XI,XX",-1.3307451618222149e-10,0.6603424571273524,-6.5060152577198105,9.641905506511198e-09,0.8757848596596176,False
motional_dephasing,Motional dephasing,0.01,A,"XI,XY",-1.2312443488307346e-10,0.17156726029068614,0.8966225119752848,9.131614820051518e-09,0.1279089850054582,False
motional_dephasing,Motional dephasing,0.01,A,"XI,XZ",-1.4628679579254862e-11,0.660611880271713,-4.82439496102256,1.1453706590353922e-09,0.7701039132184972,False
motional_dephasing,Motional dephasing,0.01,A,"XI,YI",9.333853348029569e-11,0.6290308750814309,0.04831854292225135,7.593315048562387e-09,0.561738680568001,False
motional_dephasing,Motional dephasing,0.01,A,"XI,YX",-2.9906192061339354e-11,0.8451422299442022,-0.032165469878868036,3.1184301745706895e-09,0.8758600396823328,False
motional_dephasing,Motional dephasing,0.01,A,"XI,YY",-1.4461710235495802e-10,0.2367069003285236,0.7611520655297438,9.387294875975217e-09,0.20371570640780884,False
motional_dephasing,Motional dephasing,0.01,A,"XI,YZ",7.854452529790923e-11,0.32496214847412497,0.05220356854903374,4.646199147851867e-09,0.2786120310620555,False
motional_dephasing,Motional dephasing,0.01,A,"XI,ZI",-7.325698632303125e-11,0.6869653858810079,0.42996487127688876,7.471198498631534e-09,0.5592230101854124,False
motional_dephasing,Motional dephasing,0.01,A,"XI,ZX",8.705868016309235e-12,0.8736550358015162,0.22772053961669403,1.081544367728808e-09,0.7865259467705331,False
motional_dephasing,Motional dephasing,0.01,A,"XI,ZY",-5.117885211522398e-11,0.38574227542681117,0.10642623677184915,2.9931773251671262e-09,0.3844538842865952,False
motional_dephasing,Motional dephasing,0.01,A,"XI,ZZ",-1.3153440866222363e-10,0.24202546622654109,0.7856471063018238,8.412617003486703e-09,0.2641940493674191,False
motional_dephasing,Motional dephasing,0.01,A,"XX,XY",2.047192499380318e-10,0.3146975081573435,0.7685703425337911,1.559132539395818e-08,0.2848375281862349,False
motional_dephasing,Motional dephasing,0.01,A,"XX,XZ",-1.1020112413932977e-10,0.7830281634203541,0.06807388049949625,9.987429864214673e-09,0.8013883189692957,False
motional_dephasing,Motional dephasing,0.01,A,"XX,YI",-7.280327661302181e-11,0.6347347134875693,-1.2160942374819026,5.077091047867094e-09,0.8272740638811434,False
motional_dephasing,Motional dephasing,0.01,A,"XX,YX",4.5275359443976625e-11,0.947796302902999,0.09253307652359155,8.771033346036272e-09,1.0929145333097914,False
motional_dephasing,Motional dephasing,0.01,A,"XX,YY",3.864841028402992e-13,0.5741909731481336,-299.1709783588875,2.0390449195531397e-11,0.7406306851304071,False
motional_dephasing,Motional dephasing,0.01,A,"XX,YZ",-1.613043313201334e-10,0.39925306982584635,0.19601002543008716,1.1448327152829188e-08,0.3969636711459598,False
motional_dephasing,Motional dephasing,0.01,A,"XX,ZI",-3.5089953009109575e-12,0.9953223158920121,-0.6572957343897563,2.3336921919564845e-09,0.9729347702177276,False
motional_dephasing,Motional dephasing,0.01,A,"XX,ZX",4.0624825250074417e-11,0.9324252153332435,0.09398960434125181,5.749338845038045e-09,0.8810682430029648,False
motional_dephasing,Motional dephasing,0.01,A,"XX,ZY",-4.58167996972033e-11,0.8502676639495824,-0.036733507021801115,4.824169609893749e-09,0.9124646700649058,False
motional_dephasing,Motional dephasing,0.01,A,"XX,ZZ",2.633230964397635e-10,0.19685637228666705,0.8734030389866143,1.753069195762288e-08,0.195304633336372,False
motional_dephasing,Motional dephasing,0.01,A,"XY,XZ",3.346343213148486e-11,0.710899563314607,-12.650430128154218,2.468343385151013e-09,0.7559732645019014,False
motional_dephasing,Motional dephasing,0.01,A,"XY,YI",-3.417527238191768e-11,0.3747913534941418,0.7658853181797107,2.372952941729881e-09,0.29274507171099423,False
motional_dephasing,Motional dephasing,0.01,A,"XY,YX",1.4487774622432786e-11,0.645240829558383,-0.5901957698291702,1.1264501630240607e-09,0.884247012533736,False
motional_dephasing,Motional dephasing,0.01,A,"XY,YY",1.8493833979954605e-11,0.9430140660571862,-1.0488559115151945,3.2303256626883284e-09,0.9472207954744293,False
motional_dephasing,Motional dephasing,0.01,A,"XY,YZ",3.259117484635997e-11,0.3691099792678635,0.6818994524456701,2.090661477750692e-09,0.4387985300560117,False
motional_dephasing,Motional dephasing,0.01,A,"XY,ZI",3.8941615056314154e-12,0.9809921885706301,-0.8998735736318211,1.0473541704526662e-09,0.933074303727582,False
motional_dephasing,Motional dephasing,0.01,A,"XY,ZX",3.998387565341747e-11,0.5018245951111412,-4.255788794452776,2.4012929277027827e-09,0.5971025144442437,False
motional_dephasing,Motional dephasing,0.01,A,"XY,ZY",4.227318312503545e-11,0.6745436994938305,0.4994651473716719,3.288287207521886e-09,0.6880156252938714,False
motional_dephasing,Motional dephasing,0.01,A,"XY,ZZ",2.2590210859326475e-11,0.5758721846492413,0.5424729871566296,2.138180614508487e-09,0.5117216863726428,False
motional_dephasing,Motional dephasing,0.01,A,"XZ,YI",1.9531503499670502e-11,0.7571677693117334,-1.841724411941478,2.0180197781247876e-09,0.6515722325370299,False
motional_dephasing,Motional dephasing,0.01,A,"XZ,YX",-6.196449388277091e-11,0.38172567842290345,-0.7438545856538805,3.941546172454143e-09,0.4083377202980089,False
motional_dephasing,Motional dephasing,0.01,A,"XZ,YY",3.3721806095543635e-11,0.5005183978703398,0.6885897738669615,2.9333216001364948e-09,0.4687659134933713,False
motional_dephasing,Motional dephasing,0.01,A,"XZ,YZ",3.8430122221174864e-11,0.24278583852857985,0.8562594579295888,2.756034572119364e-09,0.2506889127119011,False
motional_dephasing,Motional dephasing,0.01,A,"XZ,ZI",-4.66396721068757e-11,0.4291151394464692,-1.8084298273180797,2.5575551675461445e-09,0.48641973554170714,False
motional_dephasing,Motional dephasing,0.01,A,"XZ,ZX",6.003315708466368e-12,0.7924434272559443,-1.8388233532411329,5.5297808911782e-10,0.7966757926388893,False
motional_dephasing,Motional dephasing,0.01,A,"XZ,ZY",5.662473560021076e-11,0.3948568901818846,-1.4642974860369886,3.5808815214139584e-09,0.42924960509944,False
motional_dephasing,Motional dephasing,0.01,A,"XZ,ZZ",-4.8790290733556944e-11,0.5269770751668346,0.5011895012620777,3.5528138618110967e-09,0.5056170869833652,False
motional_dephasing,Motional dephasing,0.01,A,"YI,YX",-4.183506588594453e-11,0.6290776507419551,-11.047683286718392,2.863236106184399e-09,0.5680505579933274,False
motional_dephasing,Motional dephasing,0.01,A,"YI,YY",-3.0547379271973024e-11,0.38577351351736605,0.09730361704690305,1.9123151601763597e-09,0.4249349287752283,False
motional_dephasing,Motional dephasing,0.01,A,"YI,YZ",2.2612735901491765e-12,0.9897347770481939,-0.7928570583974281,1.0400630608887152e-09,0.9804324727253052,False
motional_dephasing,Motional dephasing,0.01,A,"YI,ZI",-5.694036917018957e-11,0.29437943178429987,0.4828007418092255,3.621310298381122e-09,0.3272047451487985,False
motional_dephasing,Motional dephasing,0.01,A,"YI,ZX",9.771611927740002e-12,0.9020651521536267,-1.9614190327421928,1.4326640748578163e-09,0.8772294093318589,False
motional_dephasing,Motional dephasing,0.01,A,"YI,ZY",6.149756298156307e-13,0.9855433105577877,-0.3014584143685701,2.400369371562082e-10,0.9769419626249488,False
motional_dephasing,Motional dephasing,0.01,A,"YI,ZZ",3.137238511942934e-12,0.9945180122442432,-0.08295499541268869,1.94638432034432e-09,1.0145064601642966,False
motional_dephasing,Motional dephasing,0.01,A,"YX,YY",5.707536913940748e-11,0.5473781089970472,-2.6214622484876084,3.498423838759309e-09,0.7034925426202269,False
motional_dephasing,Motional dephasing,0.01,A,"YX,YZ",3.645085680174184e-11,0.6878975681401323,0.4817097201466829,2.9193553723330542e-09,0.8065195248071347,False
motional_dephasing,Motional dephasing,0.01,A,"YX,ZI",-1.3578796229395574e-11,0.9379664810862989,-1.3043624518268664,2.0618140374474548e-09,0.8814547152701936,False
motional_dephasing,Motional dephasing,0.01,A,"YX,ZX",-4.9248744922226705e-12,0.9726271378978137,-0.4151564467630202,1.5944478625612353e-09,0.9722011164674871,False
motional_dephasing,Motional dephasing,0.01,A,"YX,ZY",4.76025454200268e-11,0.4701226494668364,-1.3566149730278734,3.0016611378565425e-09,0.4502430488929005,False
motional_dephasing,Motional dephasing,0.01,A,"YX,ZZ",-1.7886139976726857e-11,0.6488928057116901,0.45995021824639404,1.3100765697793046e-09,0.8142651989192814,False
motional_dephasing,Motional dephasing,0.01,A,"YY,YZ",1.1709221837480278e-11,0.9146502881273411,-0.32302857011121366,1.9567788074744776e-09,0.9461446556275129,False
motional_dephasing,Motional dephasing,0.01,A,"YY,ZI",-2.6266343585369863e-11,0.8259694427130453,-2.050595322103859,2.6564823941364804e-09,0.7496366512941008,False
motional_dephasing,Motional dephasing,0.01,A,"YY,ZX",-2.0534188912677403e-11,0.7766174275560432,0.3927655867958477,2.1714643659546047e-09,0.7482712981540323,False
motional_dephasing,Motional dephasing,0.01,A,"YY,ZY",3.26516852872389e-11,0.2923133305643882,0.6098481399652247,1.947482769631364e-09,0.3533438977421071,False
motional_dephasing,Motional dephasing,0.01,A,"YY,ZZ",-7.611561035334274e-11,0.633567548779454,0.501422000016755,6.551718912147388e-09,0.7647444175724943,False
motional_dephasing,Motional dephasing,0.01,A,"YZ,ZI",2.7475426939799613e-11,0.6756797210414686,-0.31396902238120106,2.2049292144779805e-09,0.7134992133786855,False
motional_dephasing,Motional dephasing,0.01,A,"YZ,ZX",-3.772398644761122e-11,0.15393325448430142,0.9194032671663588,2.693534659137995e-09,0.16845553898517066,False
motional_dephasing,Motional dephasing,0.01,A,"YZ,ZY",3.2401029710149423e-12,0.9902812289815185,-0.2115653983522352,1.3969215196331672e-09,1.0417502720507765,False
motional_dephasing,Motional dephasing,0.01,A,"YZ,ZZ",-2.9283439098321934e-11,0.5105931444680495,0.6421164644091041,2.6263984426143192e-09,0.3729072258006765,False
motional_dephasing,Motional dephasing,0.01,A,"ZI,ZX",-1.872232099877379e-11,0.9050985773340349,-1.8032779730373552,3.151804388585639e-09,0.9465382783274255,False
motional_dephasing,Motional dephasing,0.01,A,"ZI,ZY",-1.8833492369942894e-11,0.7772416010357371,0.382620960940958,2.1913237767668448e-09,0.5817857085299099,False
motional_dephasing,Motional dephasing,0.01,A,"ZI,ZZ",6.796708661988157e-13,0.99916946306577,-0.15951768060487304,1.3614103728936897e-09,0.9955068376754119,False
motional_dephasing,Motional dephasing,0.01,A,"ZX,ZY",1.580965942133357e-11,0.9080339784554162,0.1475501389922772,2.0929423581241762e-09,1.067984163175678,False
motional_dephasing,Motional dephasing,0.01,A,"ZX,ZZ",-3.9049659839733635e-11,0.653781657610415,0.4978110406185856,2.86987178628642e-09,0.7150829885370344,False
motional_dephasing,Motional dephasing,0.01,A,"ZY,ZZ",-4.357679935922051e-11,0.7234067354000451,-1.5354687137968086,3.457358338487701e-09,0.7731266731208806,False
motional_dephasing,Motional dephasing,1.0,H,IX,-3.662640979153228e-11,0.9559043897176608,-0.5831366343210393,8.713568745433776e-09,0.9621696118141568,False
motional_dephasing,Motional dephasing,1.0,H,IY,8.132115593314302e-11,0.5567873543788449,-2.880562732339163,5.405526816166684e-09,0.7292066330299678,False
motional_dephasing,Motional dephasing,1.0,H,IZ,-2.9451225124933447e-12,0.869084616446592,-1.8685247972716494,3.507860980109282e-10,0.6977519603799767,False
motional_dephasing,Motional dephasing,1.0,H,XI,-1.0880442060700565e-10,0.8326900275122588,-2.622340082248044,1.1242935024332884e-08,0.7816768800726601,False
motional_dephasing,Motional dephasing,1.0,H,XX,-2.1867093301697364e-06,0.016947548617317794,0.9991156113533357,0.00015595874157147725,0.012248923883666683,True
motional_dephasing,Motional dephasing,1.0,H,XY,3.648855348254489e-11,0.9447159738738594,0.05637957361914059,5.669887772678088e-09,1.177018478705281,False
motional_dephasing,Motional dephasing,1.0,H,XZ,-2.4051162610528813e-11,0.8848609724718673,0.19683563505750556,3.5004969203410077e-09,0.910053131384879,False
motional_dephasing,Motional dephasing,1.0,H,YI,-1.72187396841987e-11,0.9736665621345082,-0.14810698816804924,4.275046380136495e-09,0.8558347855307039,False
motional_dephasing,Motional dephasing,1.0,H,YX,6.524356752236521e-11,0.782710584584493,-5.028586331218139,5.321979547599252e-09,0.7208313349494107,False
motional_dephasing,Motional dephasing,1.0,H,YY,-3.927238582550499e-11,0.9232985493004036,0.14510268991435238,6.54200455480751e-09,0.9677111035890773,False
motional_dephasing,Motional dephasing,1.0,H,YZ,-1.2682169381828529e-11,0.9914589285558901,-0.028892457738228128,5.273850694830604e-09,1.0216425399657854,False
motional_dephasing,Motional dephasing,1.0,H,ZI,7.638063824725171e-13,0.9773501767749698,-0.8025663254497564,1.9255862438000417e-10,0.9286008875023258,False
motional_dephasing,Motional dephasing,1.0,H,ZX,-2.18325785237786e-11,0.9091644097370696,0.16442050104838524,3.4189192050857353e-09,0.9367832542038645,False
motional_dephasing,Motional dephasing,1.0,H,ZY,-1.2036500866174346e-10,0.42844041288634194,-1.5704962312566915,6.620176229620878e-09,0.5044706839317955,False
motional_dephasing,Motional dephasing,1.0,H,ZZ,-1.0327245239668173e-17,0.8370484688219632,-0.7973891737270364,1.178014353465643e-15,0.7051577458137398,False
motional_dephasing,Motional dephasing,1.0,S,IX,3.514778304862002e-05,0.0031149334217581764,0.9999711003292644,0.00252625533613149,0.0022352239767665706,True
motional_dephasing,Motional dephasing,1.0,S,IY,-3.80962770081625e-12,0.9858635665388599,-0.9067928294260854,1.2431987611669776e-09,0.944841242803103,False
motional_dephasing,Motional dephasing,1.0,S,IZ,-1.9756282707632784e-11,0.5983970432700094,0.12350739019824852,1.6915801573065894e-09,0.5795492312896204,False
motional_dephasing,Motional dephasing,1.0,S,XI,3.5147939916811375e-05,0.0031144869966458983,0.9999711085399905,0.0025262681840547327,0.002232871795917238,True
motional_dephasing,Motional dephasing,1.0,S,XX,8.779352946098326e-06,0.006483313185600071,0.9998776200946242,0.0006343907882023789,0.004607969094017009,True
motional_dephasing,Motional dephasing,1.0,S,XY,-3.4769122922513466e-11,0.807577646162441,-5.409857933390381,3.156042577100301e-09,0.9008498463952515,False
motional_dephasing,Motional dephasing,1.0,S,XZ,4.050035795814621e-11,0.5361974568314642,0.4663546396431323,3.667154667116087e-09,0.4471795452704119,False
motional_dephasing,Motional dephasing,1.0,S,YI,4.9962985674331535e-11,0.582427932761009,-34.63724751728265,2.922719783424524e-09,0.6922955983538639,False
motional_dephasing,Motional dephasing,1.0,S,YX,-1.971316805727839e-11,0.9077554027138705,-2.1598907674921035,3.036218147479128e-09,0.9415659534665484,False
motional_dephasing,Motional dephasing,1.0,S,YY,8.496785129440582e-11,0.5644135320546995,-41.272258657453825,4.682492854666143e-09,0.673374552664779,False
motional_dephasing,Motional dephasing,1.0,S,YZ,8.122354747768969e-11,0.6065340861387665,-11.722062718463356,4.824460927326316e-09,0.8484780085669946,False
motional_dephasing,Motional dephasing,1.0,S,ZI,-2.5857380662850257e-11,0.5802658686590224,-0.8992189751784467,1.939479425124664e-09,0.5200435272455772,False
motional_dephasing,Motional dephasing,1.0,S,ZX,2.0287531506620688e-11,0.7378246976550223,-1.2154482948033132,2.084226049899247e-09,0.6495816112299093,False
motional_dephasing,Motional dephasing,1.0,S,ZY,7.056243576636773e-11,0.6909039049835737,-18.437713842105026,4.753556623444223e-09,0.8664027859129253,False
motional_dephasing,Motional dephasing,1.0,S,ZZ,6.542231337031827e-11,0.8072865524626572,-5.022565169762264,6.302544740914291e-09,0.9065772882958624,False
motional_dephasing,Motional dephasing,1.0,C,"IX,IY",-2.985183324239418e-11,0.5191929520699834,-20.124894329202554,1.6489076081716649e-09,0.5884775182280445,False
motional_dephasing,Motional dephasing,1.0,C,"IX,IZ",-5.7018189035239505e-11,0.5375056139496868,-0.8849307486971567,3.960029477630182e-09,0.4816566854201799,False
motional_dephasing,Motional dephasing,1.0,C,"IX,XI",3.5147867244201746e-05,0.0031148644507918576,0.999971101561953,0.0025262619768637207,0.002234104840545193,True
motional_dephasing,Motional dephasing,1.0,C,"IX,XX",-7.814443753819022e-11,0.5397624016685161,-6.61515095642092,4.621843044354058e-09,0.6956625609764712,False
motional_dephasing,Motional dephasing,1.0,C,"IX,XY",-4.299482296311892e-12,0.9932276024690064,-0.18571472025520563,2.777052349732901e-09,0.9442641537952587,False
motional_dephasing,Motional dephasing,1.0,C,"IX,XZ",6.3300306712549e-11,0.5905311129131264,0.4564589150430076,4.895974141327115e-09,0.5463822217901646,False
motional_dephasing,Motional dephasing,1.0,C,"IX,YI",-8.668296557959217e-12,0.8679265675343342,0.23598310634280872,1.0125086637883977e-09,0.830260335832547,False
motional_dephasing,Motional dephasing,1.0,C,"IX,YX",3.776782896386264e-11,0.6487952929290127,-0.666953507595623,2.9761716956994162e-09,0.8857893645161883,False
motional_dephasing,Motional dephasing,1.0,C,"IX,YY",6.108058469576586e-11,0.6070037622065313,0.3768048359223254,4.548627886549056e-09,0.6717608936113973,False
motional_dephasing,Motional dephasing,1.0,C,"IX,YZ",8.672870513427988e-14,0.9991213771059227,-0.11302902202384835,1.4917154392732117e-10,0.9895347554143594,False
motional_dephasing,Motional dephasing,1.0,C,"IX,ZI",-5.25251481489745e-11,0.5747238004636673,0.46314798467762675,4.3175081540612704e-09,0.47662748365659063,False
motional_dephasing,Motional dephasing,1.0,C,"IX,ZX",4.629823817078057e-11,0.6458167009553545,0.33471264997231165,3.4782311953952103e-09,0.7331284122659103,False
motional_dephasing,Motional dephasing,1.0,C,"IX,ZY",-1.3984876045634099e-12,0.9651451049023151,-0.5159059933575378,4.287400852477895e-10,0.9412866262141251,False
motional_dephasing,Motional dephasing,1.0,C,"IX,ZZ",8.113615162551826e-11,0.44925983205548126,0.4156602174951669,5.601871263212006e-09,0.5640614398706795,False
motional_dephasing,Motional dephasing,1.0,C,"IY,IZ",1.5504917029283825e-12,0.994517222113626,-0.11921149672267228,1.1559130094415993e-09,0.9879277893644465,False
motional_dephasing,Motional dephasing,1.0,C,"IY,XI",-9.824814010713365e-12,0.7926294182674922,0.25688208295869563,8.458717376216821e-10,0.9586002913259914,False
motional_dephasing,Motional dephasing,1.0,C,"IY,XX",-1.2780140492895779e-11,0.9703122091726311,0.04655200357554834,2.955389567220099e-09,1.0935210746226212,False
motional_dephasing,Motional dephasing,1.0,C,"IY,XY",-1.6219185433980885e-11,0.7230394139967339,-12.16133633565804,1.2421345849013666e-09,0.8824824051433854,False
motional_dephasing,Motional dephasing,1.0,C,"IY,XZ",9.042665069375568e-12,0.950076432539325,0.08242615922359087,1.7839585137222709e-09,0.9612769063993564,False
motional_dephasing,Motional dephasing,1.0,C,"IY,YI",3.8454787609756005e-11,0.6021250598021595,-26.668679404323605,2.1619235827807316e-09,0.8399142822418132,False
motional_dephasing,Motional dephasing,1.0,C,"IY,YX",-5.14662778930721e-13,0.999885592539086,-0.02981248825616123,2.1106290338903535e-09,1.0087783593156372,False
motional_dephasing,Motional dephasing,1.0,C,"IY,YY",5.1679590885391476e-11,0.4396118288722546,-5.14195818595877,3.0578791711439263e-09,0.4820206205831166,False
motional_dephasing,Motional dephasing,1.0,C,"IY,YZ",5.0114389738512857e-11,0.2536253248459235,0.7922605759457805,3.211802041736767e-09,0.21429800740818863,False
motional_dephasing,Motional dephasing,1.0,C,"IY,ZI",-8.179875042978666e-12,0.9604693023781649,-0.06978167699786231,1.7101290255757455e-09,0.9569512742688975,False
motional_dephasing,Motional dephasing,1.0,C,"IY,ZX",1.086202779464314e-11,0.8073220186124286,-1.1755578598176077,1.3592524946324753e-09,0.8561588070828284,False
motional_dephasing,Motional dephasing,1.0,C,"IY,ZY",1.511988388262855e-11,0.7395657891944258,0.41529346838347203,1.3704322012145444e-09,0.9678077253028436,False
motional_dephasing,Motional dephasing,1.0,C,"IY,ZZ",-1.8697996322522778e-11,0.7598516491741811,0.40372035528860906,2.2137440368207674e-09,0.5944295535860505,False
motional_dephasing,Motional dephasing,1.0,C,"IZ,XI",-3.85143917499242e-11,0.5646029820487934,0.16846835048103193,3.0939357195883918e-09,0.5518594344999096,False
motional_dephasing,Motional dephasing,1.0,C,"IZ,XX",-3.865593530931148e-11,0.9359647872699997,0.059966445987498784,5.668213976284967e-09,1.1464304803035716,False
motional_dephasing,Motional dephasing,1.0,C,"IZ,XY",7.767202836390857e-11,0.6761379843041074,-8.564630870477465,5.286981099278902e-09,0.8435989378766584,False
motional_dephasing,Motional dephasing,1.0,C,"IZ,XZ",2.4749399243729695e-12,0.980180059074807,-0.2844112763637543,1.0182754086487822e-09,0.9562506191740128,False
motional_dephasing,Motional dephasing,1.0,C,"IZ,YI",3.872139103243561e-11,0.6566653040927921,-9.941755158732729,2.737821021970204e-09,0.5840834348207218,False
motional_dephasing,Motional dephasing,1.0,C,"IZ,YX",4.491424402176769e-12,0.9758922493291147,0.04537428404140431,1.068448324900385e-09,1.1513328016995474,False
motional_dephasing,Motional dephasing,1.0,C,"IZ,YY",2.1188191871340874e-11,0.8425953321525748,-4.020466153151521,2.1237162610070073e-09,0.9102075308536527,False
motional_dephasing,Motional dephasing,1.0,C,"IZ,YZ",-5.788448537355384e-11,0.6393476857988092,-7.211496332396708,3.849166659900939e-09,0.7293126464025894,False
motional_dephasing,Motional dephasing,1.0,C,"IZ,ZI",-5.535434645541231e-11,0.4595866535343573,0.3307576626541675,3.2765442613318364e-09,0.6142631287550233,False
motional_dephasing,Motional dephasing,1.0,C,"IZ,ZX",4.351281106335395e-11,0.5473054944942938,-3.83983867513731,2.8064201596582e-09,0.5069498085322159,False
motional_dephasing,Motional dephasing,1.0,C,"IZ,ZY",1.7588433236385993e-11,0.7250142208652336,0.40631151063528315,1.3230990163639753e-09,1.1196402515380057,False
motional_dephasing,Motional dephasing,1.0,C,"IZ,ZZ",1.477684014291561e-11,0.899760161008249,0.19041111865825933,1.9122566859558992e-09,1.069546919230543,False
motional_dephasing,Motional dephasing,1.0,C,"XI,XX",2.7594183665609675e-12,0.9990793697883197,-0.005554408911242703,3.919676574129971e-09,1.0126718441327325,False
motional_dephasing,Motional dephasing,1.0,C,"XI,XY",-2.4431208534524738e-11,0.8130502112338661,-1.178910857455874,2.930939014791758e-09,0.6999174998851416,False
motional_dephasing,Motional dephasing,1.0,C,"XI,XZ",7.078936613379092e-11,0.47230879553122523,0.3176277055017258,4.651019817389316e-09,0.6437957462734123,False
motional_dephasing,Motional dephasing,1.0,C,"XI,YI",1.2414329632846443e-11,0.770859569680548,-0.22507730059510123,1.2843646241428175e-09,0.652033497044702,False
motional_dephasing,Motional dephasing,1.0,C,"XI,YX",-5.383697895201073e-13,0.9998707831700895,-0.024105094809634853,2.4106281786852148e-09,1.0020099856744906,False
motional_dephasing,Motional dephasing,1.0,C,"XI,YY",8.1895564207409e-11,0.42118729759753293,0.5301184218177615,5.687290126444182e-09,0.49972136650209203,False
motional_dephasing,Motional dephasing,1.0,C,"XI,YZ",1.893404919526797e-13,0.9983306109322645,-0.21031359612384848,2.359145700685599e-10,1.014446453452018,False
motional_dephasing,Motional dephasing,1.0,C,"XI,ZI",-1.7521772062430313e-11,0.9517201503032418,0.09091045199612025,3.2112224624441675e-09,1.0491077620458114,False
motional_dephasing,Motional dephasing,1.0,C,"XI,ZX",9.569567567955416e-11,0.4138431973689462,0.5021023321080791,6.470986622585597e-09,0.5167986278634371,False
motional_dephasing,Motional dephasing,1.0,C,"XI,ZY",1.1201175787524587e-12,0.985853589103455,-0.5258577276173633,5.153500535786688e-10,0.9608768520008187,False
motional_dephasing,Motional dephasing,1.0,C,"XI,ZZ",5.190498989591118e-11,0.716807131715602,0.34725502576961065,4.3184508739259775e-09,0.6558534091625519,False
motional_dephasing,Motional dephasing,1.0,C,"XX,XY",8.329256098218086e-12,0.7195634366445366,-0.18283240652084798,8.330187049622228e-10,0.8200201161452614,False
motional_dephasing,Motional dephasing,1.0,C,"XX,XZ",-8.348508008180521e-11,0.552118400461023,-3.456549299340816,5.403630392334309e-09,0.721903362671826,False
motional_dephasing,Motional dephasing,1.0,C,"XX,YI",-1.9739578963412962e-11,0.9171391316475463,0.15529750285884147,3.2042937784869934e-09,0.9351162887217264,False
motional_dephasing,Motional dephasing,1.0,C,"XX,YX",2.8543920109898803e-12,0.8473312020336353,-2.040683613733881,3.152141263730692e-10,0.8370026851619952,False
motional_dephasing,Motional dephasing,1.0,C,"XX,YY",-1.5697661144835218e-10,0.45996220954685724,0.49524242550046416,1.121409966525278e-08,0.5254021263679544,False
motional_dephasing,Motional dephasing,1.0,C,"XX,YZ",2.0907048385819123e-11,0.9279508303918569,0.1383149050921576,3.6323179146440675e-09,0.9569792971969963,False
motional_dephasing,Motional dephasing,1.0,C,"XX,ZI",-6.767349750247725e-11,0.7796592664275188,-4.991427881673158,5.591717728731449e-09,0.7075059911523828,False
motional_dephasing,Motional dephasing,1.0,C,"XX,ZX",1.4787076108562712e-11,0.9789659411301173,-0.13287951163511402,4.005123521692911e-09,0.8834871888253729,False
motional_dephasing,Motional dephasing,1.0,C,"XX,ZY",1.5264345413339433e-11,0.9594243739764999,0.0554245640020139,3.196449355978623e-09,0.9267380636684228,False
motional_dephasing,Motional dephasing,1.0,C,"XX,ZZ",-7.973936687029883e-12,0.7343062423065582,-0.08169643256276271,6.988789614320722e-10,0.8457092334852387,False
motional_dephasing,Motional dephasing,1.0,C,"XY,XZ",1.3753922285382282e-12,0.9977662483623783,-0.34470637029027595,1.2026986398318842e-09,1.0205845914294447,False
motional_dephasing,Motional dephasing,1.0,C,"XY,YI",-4.407696665652282e-11,0.49906493978288274,-4.988344799570777,2.6371355067694456e-09,0.5763043274778066,False
motional_dephasing,Motional dephasing,1.0,C,"XY,YX",3.460533620614822e-11,0.7418881806734513,0.19751033314201005,3.0746579586062956e-09,0.7195020957477406,False
motional_dephasing,Motional dephasing,1.0,C,"XY,YY",-2.4160222523868264e-11,0.7679246408852304,-4.093151885912438,2.2749351970888347e-09,0.8088367501693514,False
motional_dephasing,Motional dephasing,1.0,C,"XY,YZ",-1.356695802501315e-11,0.7434849370301228,0.025639192875537176,1.5995011110326189e-09,0.6946482340452009,False
motional_dephasing,Motional dephasing,1.0,C,"XY,ZI",2.752916310171224e-11,0.6555017673567121,0.2949768198189925,2.6375475855562063e-09,0.5542011571062475,False
motional_dephasing,Motional dephasing,1.0,C,"XY,ZX",-6.01421543607286e-11,0.5080464883924402,-7.360347069906837,3.3776449885328583e-09,0.6585817908753212,False
motional_dephasing,Motional dephasing,1.0,C,"XY,ZY",-2.239039755969607e-11,0.59357102578801,0.567126592444414,2.2792130980046073e-09,0.43346983786815696,False
motional_dephasing,Motional dephasing,1.0,C,"XY,ZZ",6.299287040224286e-13,0.9997420658617555,-0.27313201223757355,1.7500584211822872e-09,1.0032395251881772,False
motional_dephasing,Motional dephasing,1.0,C,"XZ,YI",3.4946364758837904e-11,0.661972513632283,-12.032151666364632,2.334683823897855e-09,0.7582137608829281,False
motional_dephasing,Motional dephasing,1.0,C,"XZ,YX",-1.2865320064487737e-11,0.9586267217653563,0.07135932886916208,2.2630749662392136e-09,1.20465584624058,False
motional_dephasing,Motional dephasing,1.0,C,"XZ,YY",5.90919070135045e-11,0.44997568157761425,-0.7500464673481111,3.945027203281441e-09,0.45933275117432243,False
motional_dephasing,Motional dephasing,1.0,C,"XZ,YZ",2.6634414118425117e-11,0.3921468323545739,0.7618321603023068,1.9573963434780406e-09,0.373779055931756,False
motional_dephasing,Motional dephasing,1.0,C,"XZ,ZI",6.597736141592982e-12,0.9537087292363454,0.09043420594072948,1.3077898572013917e-09,1.0454045617094831,False
motional_dephasing,Motional dephasing,1.0,C,"XZ,ZX",3.3780814144108844e-11,0.6769297818663306,-24.36197379947798,2.218340699732747e-09,0.7693867228378816,False
motional_dephasing,Motional dephasing,1.0,C,"XZ,ZY",4.770744376677614e-12,0.9566352004087026,0.030163054021839164,1.0738552013355058e-09,1.0799673910164052,False
motional_dephasing,Motional dephasing,1.0,C,"XZ,ZZ",-9.335562549608746e-12,0.895330021394231,0.18204747486597417,1.2043387344630784e-09,1.061898433800418,False
motional_dephasing,Motional dephasing,1.0,C,"YI,YX",-1.5724048470613064e-11,0.7940910373729073,-2.999706830923054,1.6983863204662024e-09,0.8333518887544128,False
motional_dephasing,Motional dephasing,1.0,C,"YI,YY",6.665098843473515e-11,0.6156601118203037,-82.55730854100082,3.791448185716573e-09,0.7349978065630133,False
motional_dephasing,Motional dephasing,1.0,C,"YI,YZ",-9.15361465446685e-12,0.9593659223240317,-1.409386578206897,1.7808639767441521e-09,0.9537401323368803,False
motional_dephasing,Motional dephasing,1.0,C,"YI,ZI",5.283811479226425e-12,0.9485989987551422,-1.2816062103574204,1.0134556255924722e-09,0.9061541480215529,False
motional_dephasing,Motional dephasing,1.0,C,"YI,ZX",4.56952738767745e-11,0.6121913184142371,-5.535976956586937,2.925871198983224e-09,0.7188820444085936,False
motional_dephasing,Motional dephasing,1.0,C,"YI,ZY",3.948626121313058e-12,0.991192261867755,-0.13556029727119667,2.319205924153916e-09,1.0153231908912022,False
motional_dephasing,Motional dephasing,1.0,C,"YI,ZZ",-1.2649449623360254e-11,0.8146527907820909,0.15765549460764972,1.4312744551595932e-09,0.7231331374709924,False
motional_dephasing,Motional dephasing,1.0,C,"YX,YY",-1.5010407772394225e-11,0.8986182736902565,-0.04458155138582476,2.43290850940179e-09,0.8889447182830847,False
motional_dephasing,Motional dephasing,1.0,C,"YX,YZ",1.8678335084481312e-11,0.8369898794114834,-2.8263538605882754,2.119140515488708e-09,0.8413460414430668,False
motional_dephasing,Motional dephasing,1.0,C,"YX,ZI",6.919505901373314e-11,0.7414532856726304,-3.1810346839799646,5.7553913031696915e-09,0.8135301832553992,False
motional_dephasing,Motional dephasing,1.0,C,"YX,ZX",2.7045877550098198e-11,0.6540397440342373,-3.377073259306119,2.2000722768566442e-09,0.5574456339249723,False
motional_dephasing,Motional dephasing,1.0,C,"YX,ZY",1.4521646394494028e-11,0.894587351655843,-0.23555985303214566,2.4793635881636645e-09,0.8945738993874269,False
motional_dephasing,Motional dephasing,1.0,C,"YX,ZZ",-6.382900227348749e-12,0.9800324463739454,-0.6071142269160581,2.1824822396799946e-09,0.973678547755531,False
motional_dephasing,Motional dephasing,1.0,C,"YY,YZ",4.3453755382114356e-12,0.991894498069083,-0.2436981296536802,1.9248347560109194e-09,1.0406355711541204,False
motional_dephasing,Motional dephasing,1.0,C,"YY,ZI",6.203874606710233e-12,0.9768965935521412,-0.06255055123610953,1.866782678996354e-09,0.9401806411762821,False
motional_dephasing,Motional dephasing,1.0,C,"YY,ZX",5.2398313995100775e-11,0.590719422204827,-3.6351697866751556,3.504900897171435e-09,0.7308997659040856,False
motional_dephasing,Motional dephasing,1.0,C,"YY,ZY",-2.190166371445821e-12,0.9979242027935619,-0.44157572516367516,2.3642057629437395e-09,0.9916625288492363,False
motional_dephasing,Motional dephasing,1.0,C,"YY,ZZ",-1.736409393620751e-11,0.49107505027732523,0.5123336801321079,1.3518309856935806e-09,0.4399037222337702,False
motional_dephasing,Motional dephasing,1.0,C,"YZ,ZI",-7.642298469220048e-12,0.9125534553162452,-0.503134544864466,1.4287603800608647e-09,0.9518598869461579,False
motional_dephasing,Motional dephasing,1.0,C,"YZ,ZX",-2.7937861545105886e-11,0.7191833307924205,-5.273586235279697,2.1875727511452173e-09,0.7701189560216262,False
motional_dephasing,Motional dephasing,1.0,C,"YZ,ZY",1.9417442015665963e-11,0.6828475500090827,-0.957748649702435,1.3977136173719956e-09,0.8487135623470253,False
motional_dephasing,Motional dephasing,1.0,C,"YZ,ZZ",-1.9107035506593454e-11,0.10809258481179078,0.9650466256675114,1.4118268238224537e-09,0.09405046408122736,False
motional_dephasing,Motional dephasing,1.0,C,"ZI,ZX",-2.96613678491073e-11,0.7470070682702018,-2.309483626121554,2.5457972528461283e-09,0.8105148879520374,False
motional_dephasing,Motional dephasing,1.0,C,"ZI,ZY",-6.708576550808354e-11,0.6418809306941102,-32.2867437942737,4.2600429693453344e-09,0.7165418781371884,False
motional_dephasing,Motional dephasing,1.0,C,"ZI,ZZ",2.770951900454141e-11,0.6625376400465784,0.1696506836134175,2.66084584410028e-09,0.6251031654557226,False
motional_dephasing,Motional dephasing,1.0,C,"ZX,ZY",-8.703270433890949e-12,0.8800172152987311,-1.493987483641027,1.1877782856507326e-09,0.9340538256581233,False
motional_dephasing,Motional dephasing,1.0,C,"ZX,ZZ",8.532530443630734e-12,0.9614678231580561,-0.30865632272587784,1.6902887405589836e-09,0.909136501770365,False
motional_dephasing,Motional dephasing,1.0,C,"ZY,ZZ",-3.2064555679265766e-12,0.9887751570775718,0.022217003658012824,1.4136701973995936e-09,1.0204136015348013,False
motional_dephasing,Motional dephasing,1.0,A,"IX,IY",-8.655829453900369e-11,0.453595958496875,0.4436531895007274,6.135901694077759e-09,0.5414714998380434,False
motional_dephasing,Motional dephasing,1.0,A,"IX,IZ",-3.34241468865101e-12,0.9948448580387725,-0.1952276406511413,2.2451789886155806e-09,0.9464065317724926,False
motional_dephasing,Motional dephasing,1.0,A,"IX,XI",-1.3842971052491954e-10,0.7268926878400254,-3.729070827618181,1.2083676285319588e-08,0.5961012327983304,False
motional_dephasing,Motional dephasing,1.0,A,"IX,XX",-9.559157333397771e-11,0.8558457952389622,-1.9851303755415892,1.0938939771014286e-08,0.7789873944190416,False
motional_dephasing,Motional dephasing,1.0,A,"IX,XY",7.714615878323453e-12,0.9775003384536829,0.0191759581627039,2.6474928073472916e-09,1.0262253943475221,False
motional_dephasing,Motional dephasing,1.0,A,"IX,XZ",3.2914343824492787e-12,0.8763884146211337,0.11616575171037646,3.4646827010598695e-10,1.0584108349366268,False
motional_dephasing,Motional dephasing,1.0,A,"IX,YI",-8.189286654008407e-11,0.46063578731594984,0.5016201288259003,5.891238190043238e-09,0.5178580617298696,False
motional_dephasing,Motional dephasing,1.0,A,"IX,YX",-1.1008741246349963e-12,0.9997843276979406,-0.21055199417835957,3.378628549010304e-09,0.997067488485937,False
motional_dephasing,Motional dephasing,1.0,A,"IX,YY",8.662490850233351e-12,0.9893175312360561,-0.0713525783124822,3.360301892729225e-09,1.09280406361201,False
motional_dephasing,Motional dephasing,1.0,A,"IX,YZ",-4.5259912993632954e-11,0.7691483790058936,-1.4377276137064592,4.6989012654320324e-09,0.6532472644706703,False
motional_dephasing,Motional dephasing,1.0,A,"IX,ZI",4.600389670812895e-11,0.5661519293383214,0.14586874284276752,3.5957960389005017e-09,0.6584369728959657,False
motional_dephasing,Motional dephasing,1.0,A,"IX,ZX",-2.214967988498557e-11,0.7198572806933482,-1.6213518422372029,1.936557178304274e-09,0.68993554361484,False
motional_dephasing,Motional dephasing,1.0,A,"IX,ZY",5.230580214176886e-11,0.8131040333238729,-1.324699219396428,5.93009000132202e-09,0.6824653796681176,False
motional_dephasing,Motional dephasing,1.0,A,"IX,ZZ",9.055467339764441e-12,0.9835037105512862,0.023204979417103866,3.177816721423532e-09,1.102585156039297,False
motional_dephasing,Motional dephasing,1.0,A,"IY,IZ",6.011496818203642e-11,0.5415198251343696,-87.46581515504126,3.1805478176549127e-09,0.7386940404465792,False
motional_dephasing,Motional dephasing,1.0,A,"IY,XI",5.848616832198779e-11,0.661727284972783,0.3892914119387457,4.650871126557005e-09,0.6184041118711094,False
motional_dephasing,Motional dephasing,1.0,A,"IY,XX",5.892770378145316e-11,0.8359473091441528,-1.894484965095229,7.047719736805672e-09,0.9247488047427017,False
motional_dephasing,Motional dephasing,1.0,A,"IY,XY",-4.3318242508714e-11,0.8421801669372804,-3.407546922045243,4.233645052128334e-09,0.9079128793798068,False
motional_dephasing,Motional dephasing,1.0,A,"IY,XZ",1.7538948840770688e-11,0.502874663132032,0.6002094951347949,1.5179745438062553e-09,0.44537997081486186,False
motional_dephasing,Motional dephasing,1.0,A,"IY,YI",-2.0736914672201937e-11,0.8228679443943857,-0.6540388847582399,2.618918004858673e-09,0.7149475749854356,False
motional_dephasing,Motional dephasing,1.0,A,"IY,YX",2.344530457266917e-11,0.6291878783355406,0.1906759085234241,1.9645749521744087e-09,0.5703747705416332,False
motional_dephasing,Motional dephasing,1.0,A,"IY,YY",7.208784363079263e-13,0.9995872803659366,-0.27560233923944,1.3407493636381395e-09,1.0193560589405504,False
motional_dephasing,Motional dephasing,1.0,A,"IY,YZ",-1.6126507686398657e-11,0.741157909023456,-0.23853854819326425,1.4567612034227185e-09,0.6426148280848034,False
motional_dephasing,Motional dephasing,1.0,A,"IY,ZI",4.7123222012401357e-11,0.20298914875289856,0.7905977688775045,3.003490625703184e-09,0.1823532053290084,False
motional_dephasing,Motional dephasing,1.0,A,"IY,ZX",-1.8209696758526535e-11,0.9138522175091398,-0.2568207167812242,3.5913466963625988e-09,0.8174642721152734,False
motional_dephasing,Motional dephasing,1.0,A,"IY,ZY",-2.7420209825206167e-11,0.34814298596397075,0.7925423780788379,2.1005211277941285e-09,0.3663110544414982,False
motional_dephasing,Motional dephasing,1.0,A,"IY,ZZ",3.014206320008787e-11,0.7223542676504396,-4.407267456253069,2.2793723238828736e-09,0.8809854072727039,False
motional_dephasing,Motional dephasing,1.0,A,"IZ,XI",6.959232738980789e-12,0.9844762463117076,-0.4137025547972779,2.7498134863213898e-09,0.9088911375809483,False
motional_dephasing,Motional dephasing,1.0,A,"IZ,XX",-1.853244705388545e-11,0.42391296384480304,0.3300943850976572,1.1517771414706746e-09,0.4207489713782769,False
motional_dephasing,Motional dephasing,1.0,A,"IZ,XY",6.311030452431193e-12,0.8136534261214475,-0.10272872852644976,7.263274530433517e-10,0.6871974268140978,False
motional_dephasing,Motional dephasing,1.0,A,"IZ,XZ",-3.703149715372559e-11,0.6223116804986683,-4.350982624586461,2.7618447167038614e-09,0.5430156986620336,False
motional_dephasing,Motional dephasing,1.0,A,"IZ,YI",-9.50325901753543e-12,0.9659638713274387,0.007709024986182977,2.138832638745434e-09,1.0399887908985657,False
motional_dephasing,Motional dephasing,1.0,A,"IZ,YX",-2.5936503030690337e-11,0.7189793898000144,-5.039928779666624,1.9700049071387858e-09,0.8815086569427676,False
motional_dephasing,Motional dephasing,1.0,A,"IZ,YY",-8.82399812303688e-12,0.9459783731893273,0.06532907041282199,1.507911001855963e-09,0.9831456926211171,False
motional_dephasing,Motional dephasing,1.0,A,"IZ,YZ",2.510818576492114e-11,0.48936783321141847,0.49802302035156,1.6240999299599557e-09,0.44344884765837794,False
motional_dephasing,Motional dephasing,1.0,A,"IZ,ZI",-1.6504435074658487e-11,0.7741529562761189,-2.138369962370767,1.7669383458492217e-09,0.9159337302170917,False
motional_dephasing,Motional dephasing,1.0,A,"IZ,ZX",-1.084760801633159e-11,0.9719494652039495,0.02189162140741907,2.7039705247984284e-09,1.0361055977687708,False
motional_dephasing,Motional dephasing,1.0,A,"IZ,ZY",5.197151554833859e-12,0.9786646042285738,-0.07849496117702959,1.2684514933145556e-09,1.0249782039354107,False
motional_dephasing,Motional dephasing,1.0,A,"IZ,ZZ",1.9007823301420286e-11,0.8164368123364009,-3.970026063345781,1.7877368419896376e-09,0.9043089532560106,False
motional_dephasing,Motional dephasing,1.0,A,"XI,XX",-2.341759961581853e-11,0.981150445843314,-0.3508539990663504,8.327812461123567e-09,0.9746922258965073,False
motional_dephasing,Motional dephasing,1.0,A,"XI,XY",2.758962265463179e-11,0.7127162414024646,0.19598400359274049,2.337171492378189e-09,0.5958426499180851,False
motional_dephasing,Motional dephasing,1.0,A,"XI,XZ",2.399219443684997e-11,0.5407858929309053,-11.867550968928475,1.4109643042396977e-09,0.6524293637920704,False
motional_dephasing,Motional dephasing,1.0,A,"XI,YI",-5.4941601192721295e-11,0.6820627515171719,0.35782291281695855,4.423808104954473e-09,0.6602083948280234,False
motional_dephasing,Motional dephasing,1.0,A,"XI,YX",1.6670483046389025e-11,0.9548857187415543,0.06431956465495858,3.4131501815469302e-09,1.0439577338930635,False
motional_dephasing,Motional dephasing,1.0,A,"XI,YY",2.7503044229242087e-11,0.8557058096004652,0.25349526305487113,3.780285402611218e-09,0.7317672016986695,False
motional_dephasing,Motional dephasing,1.0,A,"XI,YZ",-6.13570368651862e-11,0.7883833764564802,-1.6994167287726984,5.913058940142446e-09,0.7996292998999625,False
motional_dephasing,Motional dephasing,1.0,A,"XI,ZI",9.355322237531431e-12,0.9400294352644473,0.04002627911332923,1.492171541455087e-09,1.067201334683718,False
motional_dephasing,Motional dephasing,1.0,A,"XI,ZX",6.032891825879686e-12,0.5826086356709398,-0.2182545880839426,4.608096805788209e-10,0.4508999586240304,False
motional_dephasing,Motional dephasing,1.0,A,"XI,ZY",5.643428824775993e-11,0.6985136418220297,-2.2242472060011793,4.634824911441844e-09,0.7072851730359093,False
motional_dephasing,Motional dephasing,1.0,A,"XI,ZZ",3.332005297032753e-11,0.7978549646743239,0.18373070950213188,3.695076050310235e-09,0.7359080405923315,False
motional_dephasing,Motional dephasing,1.0,A,"XX,XY",-2.8975008061537136e-11,0.8581166560166676,0.11299632694213901,2.9361251494276357e-09,0.9656165824581664,False
motional_dephasing,Motional dephasing,1.0,A,"XX,XZ",3.177016993906951e-11,0.7884549271333022,0.04181378864705865,2.6462349549551822e-09,0.8509085957900036,False
motional_dephasing,Motional dephasing,1.0,A,"XX,YI",2.4927806637830564e-11,0.8838784196667746,0.20646292366351582,3.2105918538779844e-09,0.9429067066402959,False
motional_dephasing,Motional dephasing,1.0,A,"XX,YX",-1.0713719974861853e-11,0.9904657555425415,-0.006226491941343726,4.126697999036812e-09,1.0233657708405757,False
motional_dephasing,Motional dephasing,1.0,A,"XX,YY",-2.602941028472157e-15,0.9100868123055218,-2.009962809740412,3.679845518278454e-13,0.8726768874405954,False
motional_dephasing,Motional dephasing,1.0,A,"XX,YZ",1.2532838976707226e-10,0.43718216543999816,-1.8762222441150285,6.8403365682663715e-09,0.48403072840393685,False
motional_dephasing,Motional dephasing,1.0,A,"XX,ZI",-1.3196233649094076e-11,0.8695299819901999,-0.7001320607452015,1.6416155235216084e-09,0.8182574678696137,False
motional_dephasing,Motional dephasing,1.0,A,"XX,ZX",-1.5087802660284675e-11,0.9786802498105092,-0.5767773091066801,5.467582735802977e-09,0.9751644866654917,False
motional_dephasing,Motional dephasing,1.0,A,"XX,ZY",1.7648679420446482e-11,0.981736564175477,0.01287116743110217,4.980925557082024e-09,1.0318892769955532,False
motional_dephasing,Motional dephasing,1.0,A,"XX,ZZ",-3.9276157254187623e-11,0.9232771608812333,0.14513711610246827,6.542043366663209e-09,0.9676697133713483,False
motional_dephasing,Motional dephasing,1.0,A,"XY,XZ",2.828431860011488e-11,0.9071072701076577,-1.9830692136115027,3.5472299652470393e-09,0.928237280950206,False
motional_dephasing,Motional dephasing,1.0,A,"XY,YI",-1.510516476179905e-11,0.8929589017934143,0.18112311317719898,1.6754320539469261e-09,0.9224508813537341,False
motional_dephasing,Motional dephasing,1.0,A,"XY,YX",-1.1571032419276026e-11,0.4114617228243622,-0.10378929282261895,7.72281046275414e-10,0.49113597833744443,False
motional_dephasing,Motional dephasing,1.0,A,"XY,YY",-9.69292621345432e-12,0.9590990247594448,0.028621387177197977,2.0274995739017123e-09,1.0430265619011754,False
motional_dephasing,Motional dephasing,1.0,A,"XY,YZ",-5.0257864808455593e-11,0.44190565691620604,0.46305845641510923,3.837056102193015e-09,0.4193659325860438,False
motional_dephasing,Motional dephasing,1.0,A,"XY,ZI",5.106895097974242e-11,0.5913451495352653,-151.71770779847031,2.8103380826323077e-09,0.8364536417671223,False
motional_dephasing,Motional dephasing,1.0,A,"XY,ZX",1.1989488105081741e-11,0.878043923224698,-0.4725892776516074,1.4849943750502223e-09,0.8614769842676554,False
motional_dephasing,Motional dephasing,1.0,A,"XY,ZY",-4.805517357657877e-11,0.5559714720181322,-8.166461586682766,2.709344164275948e-09,0.8012723209128495,False
motional_dephasing,Motional dephasing,1.0,A,"XY,ZZ",-1.2452748587741479e-11,0.9157788698857314,-2.16291688475444,1.6310659973363283e-09,0.9301422181475176,False
motional_dephasing,Motional dephasing,1.0,A,"XZ,YI",-2.6338607891025126e-11,0.7082329513351088,-1.3636403645177215,2.030901048910963e-09,0.8832796550347252,False
motional_dephasing,Motional dephasing,1.0,A,"XZ,YX",8.104839024527496e-12,0.8316616492177118,0.17230888567863478,9.166271877701594e-10,0.7576679983248906,False
motional_dephasing,Motional dephasing,1.0,A,"XZ,YY",-1.078085302365424e-11,0.8916764938537808,-1.3351643825999697,1.6946000635361882e-09,0.9427430227929906,False
motional_dephasing,Motional dephasing,1.0,A,"XZ,YZ",-9.435094724978281e-12,0.9555766719644755,-0.16768738185162624,2.0528163210916626e-09,0.8345378460754884,False
motional_dephasing,Motional dephasing,1.0,A,"XZ,ZI",4.173741417363229e-11,0.1127087655930604,0.9695181876884579,3.0122150307408905e-09,0.12526490413696453,False
motional_dephasing,Motional dephasing,1.0,A,"XZ,ZX",-1.3522702669505992e-11,0.8777108708959881,-0.6318343762309113,2.1032566287156186e-09,0.7685411806359088,False
motional_dephasing,Motional dephasing,1.0,A,"XZ,ZY",-3.324637781491668e-11,0.3483252287570836,0.8029449071370817,2.5107418976543244e-09,0.40436397322863094,False
motional_dephasing,Motional dephasing,1.0,A,"XZ,ZZ",5.840800115510743e-11,0.6841113610730092,-8.840969691765753,4.43775336971838e-09,0.8815454653287039,False
motional_dephasing,Motional dephasing,1.0,A,"YI,YX",6.625676944755739e-12,0.9657207622167103,-0.02833132182640785,1.8150039226903503e-09,1.0328545254130423,False
motional_dephasing,Motional dephasing,1.0,A,"YI,YY",-3.97813484502974e-12,0.9766877504297361,-0.13663341694568487,1.1386357642993538e-09,0.9371120867131751,False
motional_dephasing,Motional dephasing,1.0,A,"YI,YZ",-5.848791012250648e-12,0.9661033961759804,-0.020038261574857552,1.1986334560418276e-09,0.9952628878022453,False
motional_dephasing,Motional dephasing,1.0,A,"YI,ZI",6.477515097243086e-12,0.9710867597499439,-5.054998268438915e-05,2.1287898348697015e-09,0.8904586353800283,False
motional_dephasing,Motional dephasing,1.0,A,"YI,ZX",1.2513070166559263e-11,0.813464703841807,-3.5484505669787705,1.3756761104208705e-09,0.9181365216376554,False
motional_dephasing,Motional dephasing,1.0,A,"YI,ZY",2.122595433296496e-11,0.7305939579917146,-0.5672228497720311,1.6283345185192145e-09,0.7531700093626819,False
motional_dephasing,Motional dephasing,1.0,A,"YI,ZZ",4.469384696989933e-11,0.7343201023591099,-7.644964475778121,3.581855531647518e-09,0.7753987456082145,False
motional_dephasing,Motional dephasing,1.0,A,"YX,YY",-2.7960575621244075e-11,0.5545143458306253,0.4895454464521696,2.265377805739959e-09,0.5556676154351221,False
motional_dephasing,Motional dephasing,1.0,A,"YX,YZ",-4.580022738772272e-11,0.5336240004276877,-19.449121624704215,2.5612598490018828e-09,0.7719040392577341,False
motional_dephasing,Motional dephasing,1.0,A,"YX,ZI",-3.374528807680397e-12,0.9661244355841762,-0.9338148336285741,7.443987045155885e-10,0.8368038037417752,False
motional_dephasing,Motional dephasing,1.0,A,"YX,ZX",7.097519848785769e-12,0.9695257600521502,-0.6402528676807797,2.128998722418963e-09,0.9699963753071236,False
motional_dephasing,Motional dephasing,1.0,A,"YX,ZY",-3.5906766095792726e-11,0.4546999980967599,0.14517949007782038,2.6151644203522653e-09,0.4489428433323939,False
motional_dephasing,Motional dephasing,1.0,A,"YX,ZZ",7.080419420869733e-12,0.9782320983980574,-0.03549602842593069,2.3260277527065546e-09,0.890416140196644,False
motional_dephasing,Motional dephasing,1.0,A,"YY,YZ",-1.2730783648671205e-11,0.7393947051829205,0.42449045567932087,1.412103683252772e-09,0.6445895888563263,False
motional_dephasing,Motional dephasing,1.0,A,"YY,ZI",3.4739882936217242e-12,0.9923724403189218,-0.01928483018748617,1.5544333485986136e-09,1.0050824843487773,False
motional_dephasing,Motional dephasing,1.0,A,"YY,ZX",7.2150724438918714e-12,0.9651145359995033,-0.0583538104456367,1.4509429738599276e-09,1.1790164139181272,False
motional_dephasing,Motional dephasing,1.0,A,"YY,ZY",-9.201469492293095e-13,0.9990480878030652,-0.07170288324790675,1.4675334832188511e-09,1.0056430211901535,False
motional_dephasing,Motional dephasing,1.0,A,"YY,ZZ",6.374427982139306e-11,0.6706121999257251,-6.353588176405296,4.8202694438851635e-09,0.7619641287396027,False
motional_dephasing,Motional dephasing,1.0,A,"YZ,ZI",1.4940611701804187e-11,0.9161546833587431,-0.4944302346210574,2.9267385161015766e-09,0.9540561944374361,False
motional_dephasing,Motional dephasing,1.0,A,"YZ,ZX",2.14523282630306e-12,0.996912501474496,-0.17059877941855883,1.9970736545874592e-09,1.0096676932232205,False
motional_dephasing,Motional dephasing,1.0,A,"YZ,ZY",4.278212369641526e-13,0.9999053937840253,-0.0996036236457758,1.699579781643463e-09,0.9954690080756855,False
motional_dephasing,Motional dephasing,1.0,A,"YZ,ZZ",-8.545252197613198e-12,0.9735054961512984,-0.8090342449535501,2.26079106276822e-09,0.9319642836128785,False
motional_dephasing,Motional dephasing,1.0,A,"ZI,ZX",-1.8449666968992912e-11,0.8738276044331187,-0.31145796977345164,3.0239694202136998e-09,0.7803588864212762,False
motional_dephasing,Motional dephasing,1.0,A,"ZI,ZY",1.0454497264879297e-11,0.9252515749299522,0.014042303601939476,2.1415847937255396e-09,0.8242600981113016,False
motional_dephasing,Motional dephasing,1.0,A,"ZI,ZZ",8.896588993271855e-12,0.9141714736927347,0.06580101378296688,1.4132942051009613e-09,0.8866912485023218,False
motional_dephasing,Motional dephasing,1.0,A,"ZX,ZY",4.261686129343242e-11,0.5634756689823934,-0.6829163013119139,3.0315644180661163e-09,0.5162544153769232,False
motional_dephasing,Motional dephasing,1.0,A,"ZX,ZZ",3.9672074310103516e-11,0.745133308610608,-9.435100820808419,3.0387607579403526e-09,0.7650037648683233,False
motional_dephasing,Motional dephasing,1.0,A,"ZY,ZZ",-3.5043519752570638e-12,0.9847569528844637,-0.5623282521061392,1.4370413122706332e-09,0.9780527062736427,False
motional_dephasing,Motional dephasing,2.0,H,IX,-3.128008270897998e-10,0.29635785522554164,0.6907721487306021,2.0135128409523598e-08,0.2717269565357898,False
motional_dephasing,Motional dephasing,2.0,H,IY,-3.6424044613863725e-11,0.926831308852442,-0.22834677942925352,6.99564693734745e-09,0.9062798896340323,False
motional_dephasing,Motional dephasing,2.0,H,IZ,1.422370513513071e-11,0.6595488714441884,-6.292198922343777,1.068734154268436e-09,0.5208786181113362,False
motional_dephasing,Motional dephasing,2.0,H,XI,-3.305936627863674e-11,0.9894908294302819,-0.10667987423158931,1.6201248228949466e-08,1.0183648995622496,False
motional_dephasing,Motional dephasing,2.0,H,XX,-5.022749190515595e-06,0.012143424781836401,0.9995511706435903,0.0003591973845669029,0.008714478177576339,True
motional_dephasing,Motional dephasing,2.0,H,XY,9.578793881434185e-11,0.8081394302236103,-2.0536860526035894,9.133197279038439e-09,0.9056090191648811,False
motional_dephasing,Motional dephasing,2.0,H,XZ,2.4105650403516068e-11,0.8307291387903443,-3.91222552457225,2.443028081652976e-09,0.8223918462002666,False
motional_dephasing,Motional dephasing,2.0,H,YI,-1.6672674948773943e-10,0.605468198822083,-7.343621314941922,1.1416294340817704e-08,0.7371229751803724,False
motional_dephasing,Motional dephasing,2.0,H,YX,-2.247670810488441e-10,0.7092211509858113,-1.8150160554238632,1.8399688557528904e-08,0.7801154380287756,False
motional_dephasing,Motional dephasing,2.0,H,YY,4.4972985741916255e-11,0.8347995462644038,-4.391292703575888,4.2992004591161254e-09,0.9058529892880454,False
motional_dephasing,Motional dephasing,2.0,H,YZ,-6.449449785409425e-11,0.6927549884003245,0.2225235689022177,6.112931067056255e-09,0.6201818902784584,False
motional_dephasing,Motional dephasing,2.0,H,ZI,-9.827459065211225e-12,0.7951120869624531,0.07381654821750872,1.1816450100016439e-09,0.7005966061269857,False
motional_dephasing,Motional dephasing,2.0,H,ZX,2.1630350094322176e-11,0.8770846466848647,-2.8223372255232855,2.5767891452187516e-09,0.8489025373223752,False
motional_dephasing,Motional dephasing,2.0,H,ZY,7.696332527854643e-11,0.9222732748040974,-0.3944039256989158,1.5490134098685408e-08,0.9105663097434771,False
motional_dephasing,Motional dephasing,2.0,H,ZZ,3.686281932059601e-19,0.9999003302605425,-0.07237104856629162,2.05543076997239e-15,1.0032281833933023,False
motional_dephasing,Motional dephasing,2.0,S,IX,5.70484695612468e-05,0.004747831794910855,0.9999325967469196,0.004096645999010851,0.0034038258482113064,True
motional_dephasing,Motional dephasing,2.0,S,IY,-2.4394942927754917e-11,0.9487996963280018,0.018420254607406816,5.6845398275703896e-09,0.8455076449390393,False
motional_dephasing,Motional dephasing,2.0,S,IZ,-1.132685605026322e-11,0.9948743112609009,-0.14482461580686357,8.989697780886069e-09,1.0113398366593722,False
motional_dephasing,Motional dephasing,2.0,S,XI,5.7048843483322366e-05,0.004753885397252724,0.9999324234965646,0.004096659821103309,0.003407496591690645,True
motional_dephasing,Motional dephasing,2.0,S,XX,8.672262109214074e-06,0.01946081642093672,0.9989302745834582,0.0006311560873849957,0.013729291529973237,True
motional_dephasing,Motional dephasing,2.0,S,XY,2.9972708751068616e-11,0.9597390863172576,-0.4754052496268253,8.158467511049268e-09,0.9669356556982938,False
motional_dephasing,Motional dephasing,2.0,S,XZ,7.456297700954438e-11,0.8451907042678434,-2.243184660541369,8.064787049413607e-09,0.8356727972877825,False
motional_dephasing,Motional dephasing,2.0,S,YI,-7.227451222782906e-11,0.4888583877358041,0.6234222798610018,5.5599256197289004e-09,0.5743844389061833,False
motional_dephasing,Motional dephasing,2.0,S,YX,4.333838738261484e-12,0.994708542660133,0.005100500156571042,3.0182694140236735e-09,0.948308724909542,False
motional_dephasing,Motional dephasing,2.0,S,YY,4.645201767712656e-12,0.9814913254137106,-0.038105064167963665,1.8541692430561196e-09,0.9098101404367895,False
motional_dephasing,Motional dephasing,2.0,S,YZ,8.150004897613282e-12,0.8361177034722106,-3.6252583108980962,8.734553512868178e-10,0.8320462655121259,False
motional_dephasing,Motional dephasing,2.0,S,ZI,-1.2404272415996594e-10,0.3668046264415458,-0.545711600176773,7.602260003534544e-09,0.45742940209879945,False
motional_dephasing,Motional dephasing,2.0,S,ZX,-2.1659789505564874e-10,0.47498262721737156,-1.1597475866288218,1.2593934734916185e-08,0.6098896258167298,False
motional_dephasing,Motional dephasing,2.0,S,ZY,-8.861874130638037e-14,0.9997942088658262,-0.07674362101076726,2.596809935527934e-10,0.9969286598112338,False
motional_dephasing,Motional dephasing,2.0,S,ZZ,7.902254016441081e-12,0.9089408098459406,-0.1212132573730087,1.4340869054340483e-09,0.8016290759549357,False
motional_dephasing,Motional dephasing,2.0,C,"IX,IY",4.4832629293541153e-13,0.9999043275119981,-0.14756687603381868,2.4544916140948615e-09,1.0016438991330212,False
motional_dephasing,Motional dephasing,2.0,C,"IX,IZ",3.754387975859531e-11,0.9008626973568937,-0.47555388361497575,6.220306412098614e-09,0.8913574684455589,False
motional_dephasing,Motional dephasing,2.0,C,"IX,XI",5.704865713211056e-05,0.004750816065799268,0.9999325113707558,0.0040966530408718255,0.0034056333724625837,True
motional_dephasing,Motional dephasing,2.0,C,"IX,XX",-7.706786711098357e-11,0.7545947115534777,0.26410232255764143,6.9903951612077574e-09,0.8206818481747938,False
motional_dephasing,Motional dephasing,2.0,C,"IX,XY",-3.755045177167631e-12,0.9978562182859412,-0.138606541276024,4.5088186968357795e-09,0.9925045984620704,False
motional_dephasing,Motional dephasing,2.0,C,"IX,XZ",3.609589704253979e-12,0.9994325408751542,-0.03565243204796853,8.374443807574118e-09,1.007758439386483,False
motional_dephasing,Motional dephasing,2.0,C,"IX,YI",5.877887561489559e-12,0.8677685223854472,-0.2732623974722812,8.657932549374057e-10,0.8777976433710363,False
motional_dephasing,Motional dephasing,2.0,C,"IX,YX",2.4751637588675562e-11,0.7814264377432911,0.33623269903734987,2.931556774596127e-09,0.5816790409271633,False
motional_dephasing,Motional dephasing,2.0,C,"IX,YY",5.763124543460205e-12,0.9984603014695014,-0.017176935121102188,7.961897245151663e-09,1.01302908573022,False
motional_dephasing,Motional dephasing,2.0,C,"IX,YZ",5.299758002157385e-12,0.7383042367573451,0.1719775722690473,6.142989024304035e-10,0.6894161989825769,False
motional_dephasing,Motional dephasing,2.0,C,"IX,ZI",-1.595396047116312e-11,0.9664303435779406,0.03768844900488533,3.5514928066654443e-09,1.080859318634117,False
motional_dephasing,Motional dephasing,2.0,C,"IX,ZX",-1.7098871263210976e-11,0.9879684089876745,-0.18389324760221326,9.118416873793262e-09,0.9662463685311021,False
motional_dephasing,Motional dephasing,2.0,C,"IX,ZY",-7.644799615562282e-12,0.4765484322608592,-0.96164956669448,5.141074007432329e-10,0.46467841979638197,False
motional_dephasing,Motional dephasing,2.0,C,"IX,ZZ",-1.66150701301376e-11,0.9894236478478579,-0.2038682336320985,9.428771122101941e-09,0.9682809924570738,False
motional_dephasing,Motional dephasing,2.0,C,"IY,IZ",-2.3273171281349808e-12,0.9992669856371512,-0.0032198315924467646,3.475005686999936e-09,0.990934612727372,False
motional_dephasing,Motional dephasing,2.0,C,"IY,XI",-9.337291723945854e-12,0.8640357716575853,-0.8894758047927771,1.1471206093831e-09,0.9267421186332747,False
motional_dephasing,Motional dephasing,2.0,C,"IY,XX",1.727111533525303e-11,0.8656831037168832,-2.833796800419502,2.1664320971462846e-09,0.9282506762053473,False
motional_dephasing,Motional dephasing,2.0,C,"IY,XY",-1.532287895675883e-12,0.9991350458259635,-0.022176723013496158,2.505769799940518e-09,0.9944964652932562,False
motional_dephasing,Motional dephasing,2.0,C,"IY,XZ",1.8573655319542372e-11,0.9714417286762678,-0.2945215490698432,5.217968228431581e-09,0.9359279740474283,False
motional_dephasing,Motional dephasing,2.0,C,"IY,YI",-4.1168695736449253e-13,0.9940357016199545,-0.016299354672503208,2.3109549470177135e-10,1.0641324941632804,False
motional_dephasing,Motional dephasing,2.0,C,"IY,YX",-3.058015235234809e-11,0.4747731386028419,-0.26760175924396945,2.1915701835723272e-09,0.4976727220799957,False
motional_dephasing,Motional dephasing,2.0,C,"IY,YY",5.893975094944621e-11,0.5341194115607599,-9.719545511078543,3.588540034837237e-09,0.49744265667336,False
motional_dephasing,Motional dephasing,2.0,C,"IY,YZ",2.0934855738197935e-11,0.8981027138680927,0.1266883401049288,2.656561832910004e-09,1.141847781828133,False
motional_dephasing,Motional dephasing,2.0,C,"IY,ZI",3.0851447876002154e-11,0.6566775871009576,-1.6805926800310593,2.37618606404344e-09,0.6153705884073986,False
motional_dephasing,Motional dephasing,2.0,C,"IY,ZX",2.1164130930009196e-11,0.6092156674115923,-4.498366190449739,1.3798637164286054e-09,0.6677469918071961,False
motional_dephasing,Motional dephasing,2.0,C,"IY,ZY",2.6769312502463472e-11,0.7149485340325238,-12.00513777856132,2.061968492722445e-09,0.8831583443818406,False
motional_dephasing,Motional dephasing,2.0,C,"IY,ZZ",-3.270690552361807e-11,0.7308317324082507,-0.9182721718602811,2.7013225962035606e-09,0.7820607208289307,False
motional_dephasing,Motional dephasing,2.0,C,"IZ,XI",2.453300107984373e-11,0.9565598777351865,-1.2956689721896626,5.1929269444277065e-09,0.9149624047934968,False
motional_dephasing,Motional dephasing,2.0,C,"IZ,XX",-9.896385263412683e-11,0.8125972279320643,-2.0869769142772356,9.564517326773997e-09,0.906877195860802,False
motional_dephasing,Motional dephasing,2.0,C,"IZ,XY",4.474801464417549e-12,0.9990658638927156,-0.16285065843673663,8.311897122906015e-09,1.004845249235433,False
motional_dephasing,Motional dephasing,2.0,C,"IZ,XZ",-9.76348293308184e-13,0.9992732209036603,-0.001509458057022739,1.5975585903637321e-09,1.005500352032643,False
motional_dephasing,Motional dephasing,2.0,C,"IZ,YI",-3.1281252292395458e-12,0.99590825280604,-0.05419896427928572,2.5830900163481524e-09,0.9782019775656464,False
motional_dephasing,Motional dephasing,2.0,C,"IZ,YX",-8.60089939455203e-13,0.9994759248292787,-0.15638950392490014,1.317606187510464e-09,0.9941250963083874,False
motional_dephasing,Motional dephasing,2.0,C,"IZ,YY",-4.325113964414572e-11,0.7371858087808059,-0.8703288761685375,4.597059018591652e-09,0.661296272053027,False
motional_dephasing,Motional dephasing,2.0,C,"IZ,YZ",-1.3696257867458876e-12,0.9990116987531165,-0.029365228078875205,2.350483092889813e-09,0.9895114054485217,False
motional_dephasing,Motional dephasing,2.0,C,"IZ,ZI",2.2399595760602965e-11,0.9444543914904485,-0.3156537660750003,5.6128177229742344e-09,0.9281657193248025,False
motional_dephasing,Motional dephasing,2.0,C,"IZ,ZX",-2.9319788027431444e-11,0.8659733966764143,-0.32086645510634826,4.268720439304402e-09,0.8763666555358295,False
motional_dephasing,Motional dephasing,2.0,C,"IZ,ZY",2.1067427828827835e-11,0.8562885483206825,-0.05417951152867073,2.238243396618077e-09,0.9152876533687351,False
motional_dephasing,Motional dephasing,2.0,C,"IZ,ZZ",3.516397077360363e-11,0.7698177431645693,-0.26996333992094557,3.5383116901062975e-09,0.6422296680675692,False
motional_dephasing,Motional dephasing,2.0,C,"XI,XX",1.598012673808343e-10,0.7653328302772784,-4.685197734783646,1.3511978981105036e-08,0.8111376645759271,False
motional_dephasing,Motional dephasing,2.0,C,"XI,XY",6.88036528194031e-12,0.9981278691935654,-0.06929710208022644,8.817097875665981e-09,1.0070230917713143,False
motional_dephasing,Motional dephasing,2.0,C,"XI,XZ",-7.508653958684293e-12,0.9976975196473664,-0.07024884249352592,8.75077463656212e-09,0.9845549934869063,False
motional_dephasing,Motional dephasing,2.0,C,"XI,YI",5.600861874978295e-11,0.6181893512898192,-75.36940541429486,3.2124166603405544e-09,0.7926312955710711,False
motional_dephasing,Motional dephasing,2.0,C,"XI,YX",-3.521150960114555e-11,0.8194449423819933,-2.7322705926209987,3.590329652172739e-09,0.7237318494860735,False
motional_dephasing,Motional dephasing,2.0,C,"XI,YY",-6.6880448090469105e-12,0.9980762526220378,-0.08309531166495976,8.642289163588952e-09,0.9860702639909295,False
motional_dephasing,Motional dephasing,2.0,C,"XI,YZ",8.040594884265986e-13,0.9775615149255759,-0.14967455911163507,3.0734076463903626e-10,0.9529087174339629,False
motional_dephasing,Motional dephasing,2.0,C,"XI,ZI",4.3004460742667766e-11,0.8028019445769013,-0.45111600387315187,4.724684935033034e-09,0.836162558136248,False
motional_dephasing,Motional dephasing,2.0,C,"XI,ZX",1.3196163534200819e-11,0.991913440249672,0.01224216494701158,7.684954113055204e-09,1.0309085701906922,False
motional_dephasing,Motional dephasing,2.0,C,"XI,ZY",1.5379866468564195e-12,0.9509925024075927,-0.08129712758711216,3.4012423304466984e-10,0.9593034589220526,False
motional_dephasing,Motional dephasing,2.0,C,"XI,ZZ",4.1469399847845014e-12,0.9991749626552636,-0.03616751603820956,7.975546613511587e-09,1.0093592230530837,False
motional_dephasing,Motional dephasing,2.0,C,"XX,XY",7.389335406273154e-12,0.9116596030417417,-0.12172780159419894,1.2480373981903869e-09,0.7868524813346554,False
motional_dephasing,Motional dephasing,2.0,C,"XX,XZ",3.324228529753553e-11,0.9352088183180217,-0.16432008999917458,6.739981031492596e-09,0.9112221336291906,False
motional_dephasing,Motional dephasing,2.0,C,"XX,YI",1.0949581961485182e-11,0.9130376008594657,-1.3744681460112371,1.6455937766056877e-09,0.7604603540574035,False
motional_dephasing,Motional dephasing,2.0,C,"XX,YX",-2.052257424520862e-11,0.7336237244896276,-2.481282265938233,1.998658396395663e-09,0.8151728494074152,False
motional_dephasing,Motional dephasing,2.0,C,"XX,YY",1.22616860566161e-11,0.9984599913412122,-0.09439908268399888,1.7814085625881708e-08,0.9876103464609812,False
motional_dephasing,Motional dephasing,2.0,C,"XX,YZ",-5.7834152956823656e-11,0.7419452687369971,-3.276984901906798,4.8751581920112036e-09,0.7864654412796881,False
motional_dephasing,Motional dephasing,2.0,C,"XX,ZI",2.2141030667901865e-10,0.7063012133273475,-1.6798190677437597,1.8129785653696293e-08,0.7801747027599414,False
motional_dephasing,Motional dephasing,2.0,C,"XX,ZX",1.6337324965368758e-10,0.59503954408294,-5.982253434301738,1.1146511717027763e-08,0.7361758935511599,False
motional_dephasing,Motional dephasing,2.0,C,"XX,ZY",4.390101223262165e-12,0.9867574893069552,-0.017044594018232884,2.110446458352546e-09,1.0187215889097714,False
motional_dephasing,Motional dephasing,2.0,C,"XX,ZZ",9.838389009404634e-12,0.9152189626928434,-1.4867439352833243,1.3208205833473864e-09,0.8271314184142279,False
motional_dephasing,Motional dephasing,2.0,C,"XY,XZ",2.5335024011354644e-12,0.9988197136500834,0.0017345803092934098,3.5454310807165536e-09,1.0257249638660142,False
motional_dephasing,Motional dephasing,2.0,C,"XY,YI",1.4930884829262365e-11,0.9518158065440148,-0.2136701589310439,3.540992756513734e-09,0.9241015315740649,False
motional_dephasing,Motional dephasing,2.0,C,"XY,YX",2.2189729659137067e-11,0.8441610603287396,-0.007024506774809813,2.395232745819028e-09,0.9166228971773908,False
motional_dephasing,Motional dephasing,2.0,C,"XY,YY",5.2513592966569283e-11,0.6256949267637245,-1.3271747488221717,4.436547260357925e-09,0.5738827435270066,False
motional_dephasing,Motional dephasing,2.0,C,"XY,YZ",-3.130802269704777e-12,0.9939761577500746,0.011945410683600333,1.7044504693616489e-09,1.0330631143982683,False
motional_dephasing,Motional dephasing,2.0,C,"XY,ZI",-3.271869523646679e-11,0.7306068711172684,-1.6949559842574957,3.0496464318290387e-09,0.8068836740844134,False
motional_dephasing,Motional dephasing,2.0,C,"XY,ZX",3.302766771709622e-11,0.8783066287694018,-0.429377545059465,5.161872450399853e-09,0.8848289986588722,False
motional_dephasing,Motional dephasing,2.0,C,"XY,ZY",-2.7180625645747995e-11,0.7687669497759363,0.14207599307917684,1.9159842027433573e-09,1.0619577468147003,False
motional_dephasing,Motional dephasing,2.0,C,"XY,ZZ",-4.661621452271409e-11,0.5848501698788762,-0.43581183774294474,3.1876793817572526e-09,0.6498356453597239,False
motional_dephasing,Motional dephasing,2.0,C,"XZ,YI",-2.607985402976919e-11,0.6051842633344934,-4.491529732412023,1.6655373370858466e-09,0.6900998362094184,False
motional_dephasing,Motional dephasing,2.0,C,"XZ,YX",-2.4984931568836404e-11,0.6982774641555851,0.13100485006859663,2.7081288596093815e-09,0.6678675265814908,False
motional_dephasing,Motional dephasing,2.0,C,"XZ,YY",6.460016641575232e-11,0.5435702518696748,-9.662209643460159,3.894919923572171e-09,0.5149120493890363,False
motional_dephasing,Motional dephasing,2.0,C,"XZ,YZ",2.743642202398435e-11,0.8608350099717212,0.10460955121323312,2.589528526353018e-09,1.190712553040396,False
motional_dephasing,Motional dephasing,2.0,C,"XZ,ZI",1.7354194761801105e-11,0.8256263733449828,0.07217148785138872,2.392977256004969e-09,0.7389231302315635,False
motional_dephasing,Motional dephasing,2.0,C,"XZ,ZX",3.12494440066628e-12,0.8758310369455067,0.17780609973922845,4.4360927424915695e-10,0.7464029609967068,False
motional_dephasing,Motional dephasing,2.0,C,"XZ,ZY",1.3385535940496144e-11,0.8723764770595718,-2.536354742526571,1.6655298342005388e-09,0.8553375376523455,False
motional_dephasing,Motional dephasing,2.0,C,"XZ,ZZ",-4.2764874611671104e-11,0.6144471483684975,-1.0694723055323458,3.2435783636545623e-09,0.5292277873384732,False
motional_dephasing,Motional dephasing,2.0,C,"YI,YX",9.555172975058959e-11,0.47917461338853384,-7.146739533099604,5.319509830955372e-09,0.5375850823818417,False
motional_dephasing,Motional dephasing,2.0,C,"YI,YY",-7.701136959477894e-12,0.9461726990929076,-0.8911077963599365,1.3670077736365836e-09,0.8985957008116809,False
motional_dephasing,Motional dephasing,2.0,C,"YI,YZ",1.380348372381539e-11,0.9377296629382607,-0.07566617778538864,3.0709178991985903e-09,0.9190917129065815,False
motional_dephasing,Motional dephasing,2.0,C,"YI,ZI",-1.6519797898457788e-10,0.4917438699088651,-7.913843422487766,9.084799207716423e-09,0.6252951799684545,False
motional_dephasing,Motional dephasing,2.0,C,"YI,ZX",-1.2859952230722687e-10,0.41553647527341614,0.33360202263533545,7.907812288580234e-09,0.40798459450225993,False
motional_dephasing,Motional dephasing,2.0,C,"YI,ZY",-2.0338403591102817e-11,0.7754648750575229,-4.041212064406173,2.0335741830751263e-09,0.9099882198331571,False
motional_dephasing,Motional dephasing,2.0,C,"YI,ZZ",8.434359903633693e-13,0.9982136232276853,-0.470285480992944,7.465805895845762e-10,0.9593296476272216,False
motional_dephasing,Motional dephasing,2.0,C,"YX,YY",-3.493020081575708e-11,0.762370276601701,-1.8891911496226523,3.6192188578571507e-09,0.6525528632684617,False
motional_dephasing,Motional dephasing,2.0,C,"YX,YZ",-2.866262909779292e-12,0.9892690742258842,-0.23185774060991382,1.1515798334380084e-09,1.022400849197749,False
motional_dephasing,Motional dephasing,2.0,C,"YX,ZI",6.040824428369357e-11,0.4573486721073153,-0.6605789833883764,4.1665252043063695e-09,0.4952531545780929,False
motional_dephasing,Motional dephasing,2.0,C,"YX,ZX",-2.318806730593912e-11,0.7389517012897171,0.3235556404109725,1.721202674327563e-09,1.0893449587304933,False
motional_dephasing,Motional dephasing,2.0,C,"YX,ZY",3.1069502196897496e-12,0.9909225585947663,-0.4797526540555641,1.8919306731581933e-09,0.9852200969232504,False
motional_dephasing,Motional dephasing,2.0,C,"YX,ZZ",4.876463686069723e-11,0.820837275192402,-2.0835911329487122,5.7162763254013965e-09,0.8464448858792855,False
motional_dephasing,Motional dephasing,2.0,C,"YY,YZ",-3.306795616298041e-12,0.8269574249402064,-0.5158915607228989,3.615171961538175e-10,0.7268350016164982,False
motional_dephasing,Motional dephasing,2.0,C,"YY,ZI",3.181978028620885e-11,0.7463483704451803,-1.3788013859567028,3.2899196105942613e-09,0.6518115255416216,False
motional_dephasing,Motional dephasing,2.0,C,"YY,ZX",-7.359046480093168e-12,0.9474804995076196,-1.0388230855603608,1.6934092167206339e-09,0.921777420759409,False
motional_dephasing,Motional dephasing,2.0,C,"YY,ZY",-1.0053300630405223e-11,0.6821832927865809,0.27466317702455456,8.481418160856545e-10,0.6552407361095832,False
motional_dephasing,Motional dephasing,2.0,C,"YY,ZZ",-6.120687406868122e-12,0.9568532323194826,-0.006128823189203603,1.6933375756277014e-09,0.8698754756176876,False
motional_dephasing,Motional dephasing,2.0,C,"YZ,ZI",8.414717762340844e-12,0.8502041077848009,0.2770153833514333,7.993679618609552e-10,1.0287710514293695,False
motional_dephasing,Motional dephasing,2.0,C,"YZ,ZX",2.9543126324635805e-11,0.7510306956222653,-0.3793854466289588,3.219872551842319e-09,0.8348455520268412,False
motional_dephasing,Motional dephasing,2.0,C,"YZ,ZY",3.954739189263554e-12,0.8409834849907862,-4.093598308909149,3.901441545316967e-10,0.9087705088236038,False
motional_dephasing,Motional dephasing,2.0,C,"YZ,ZZ",1.8969484586665205e-12,0.9609100416254492,-0.026256677031974096,5.132998094421743e-10,0.9334792812545473,False
motional_dephasing,Motional dephasing,2.0,C,"ZI,ZX",-7.328747664126469e-11,0.6397879830893461,-18.994384138313748,4.83485782152838e-09,0.7271533872891115,False
motional_dephasing,Motional dephasing,2.0,C,"ZI,ZY",-2.2777499583176014e-11,0.8223630151888477,-3.4532963838042328,2.5399737327974344e-09,0.9192914896711127,False
motional_dephasing,Motional dephasing,2.0,C,"ZI,ZZ",-5.494875579792099e-11,0.787468801952718,-2.632907619297746,5.81332258708836e-09,0.829860189324542,False
motional_dephasing,Motional dephasing,2.0,C,"ZX,ZY",-1.6414235822332665e-11,0.8027407393858426,-4.528114999931724,1.6813211932920635e-09,0.9121356924599641,False
motional_dephasing,Motional dephasing,2.0,C,"ZX,ZZ",2.026703497772529e-11,0.7951008204763711,-4.423837834875208,1.9218777329484704e-09,0.8101821862312838,False
motional_dephasing,Motional dephasing,2.0,C,"ZY,ZZ",8.587420370839536e-12,0.5528401310782497,0.5341223094842671,6.140838542924486e-10,0.5748380695000586,False
motional_dephasing,Motional dephasing,2.0,A,"IX,IY",1.2178367005651695e-11,0.9942763214779424,-0.07994712794598469,9.00345369790121e-09,0.9756526091589908,False
motional_dephasing,Motional dephasing,2.0,A,"IX,IZ",-3.020812510016668e-11,0.9689426684048128,-0.6031573042421146,9.740140122929185e-09,0.9720873496202087,False
motional_dephasing,Motional dephasing,2.0,A,"IX,XI",2.2859064742682897e-10,0.5508039547381928,-5.118755021859308,1.4748095269251149e-08,0.48170640461319525,False
motional_dephasing,Motional dephasing,2.0,A,"IX,XX",-5.0887757218078584e-11,0.9690153934953523,0.004155635544239145,1.4892861657977068e-08,1.0307523043912379,False
motional_dephasing,Motional dephasing,2.0,A,"IX,XY",-2.6266661631329923e-11,0.9434949089406219,-1.0613042116437974,5.51623685922234e-09,0.9142894111637925,False
motional_dephasing,Motional dephasing,2.0,A,"IX,XZ",6.068406548328976e-12,0.9623407953461398,0.03654485394689688,1.2178860225538993e-09,1.0448446389264179,False
motional_dephasing,Motional dephasing,2.0,A,"IX,YI",-1.7221554615794564e-11,0.9888543674700689,0.018722202270051724,8.514870787404923e-09,1.0364054829279186,False
motional_dephasing,Motional dephasing,2.0,A,"IX,YX",-3.8781831687757864e-11,0.7923795688192183,-0.445608481960166,4.740915625268369e-09,0.8527556646106467,False
motional_dephasing,Motional dephasing,2.0,A,"IX,YY",-2.371952111847726e-11,0.8397956860069734,-3.70331506383459,2.471845471568108e-09,0.82727424305301,False
motional_dephasing,Motional dephasing,2.0,A,"IX,YZ",7.09147134913631e-11,0.7695860236681844,-0.512711566325428,6.882643347470525e-09,0.8145385750209394,False
motional_dephasing,Motional dephasing,2.0,A,"IX,ZI",4.8539350263936784e-11,0.646254566074565,0.4442507833826106,3.7772128006435785e-09,0.8468353167347302,False
motional_dephasing,Motional dephasing,2.0,A,"IX,ZX",-6.403995788112499e-11,0.6048378894779709,-2.958882740490526,4.354626002244186e-09,0.8676442889393731,False
motional_dephasing,Motional dephasing,2.0,A,"IX,ZY",-7.729666783199685e-11,0.7525360169263464,-0.9964711287860457,7.046626002218342e-09,0.8025523107742718,False
motional_dephasing,Motional dephasing,2.0,A,"IX,ZZ",-1.8159067886800165e-11,0.8652207767812757,-3.341418442922814,2.03526216935203e-09,0.9196999711181025,False
motional_dephasing,Motional dephasing,2.0,A,"IY,IZ",3.4333464868459254e-11,0.7993537118882229,0.32035262947354615,3.476214457144682e-09,0.7521251631449836,False
motional_dephasing,Motional dephasing,2.0,A,"IY,XI",1.3402595797119463e-12,0.9999051034528413,-0.10630223077412837,7.845892055143296e-09,1.003074815746286,False
motional_dephasing,Motional dephasing,2.0,A,"IY,XX",3.789457210509096e-11,0.9604442171622042,-1.2827521563346451,9.454267151666097e-09,0.9639262204595397,False
motional_dephasing,Motional dephasing,2.0,A,"IY,XY",-8.28848779539293e-12,0.98293596081473,0.031171515448277565,2.704044719342552e-09,0.9687610209484615,False
motional_dephasing,Motional dephasing,2.0,A,"IY,XZ",1.333774603349408e-11,0.9629513978194939,-0.06136306576079753,2.537347936794332e-09,1.1892365056612677,False
motional_dephasing,Motional dephasing,2.0,A,"IY,YI",2.2026503117505256e-11,0.8850631965874988,-0.4186520783090648,3.4183118522650064e-09,0.8840137842156253,False
motional_dephasing,Motional dephasing,2.0,A,"IY,YX",1.5234156865301454e-11,0.7616534658122266,-0.24322327476007732,1.3355193611599504e-09,0.8973377580474535,False
motional_dephasing,Motional dephasing,2.0,A,"IY,YY",4.814786593982865e-11,0.5705968805810337,-6.169618138759535,2.8666390751847033e-09,0.6976732807351846,False
motional_dephasing,Motional dephasing,2.0,A,"IY,YZ",8.90577333894636e-12,0.9469350022027536,-0.42356422565329743,2.1669412482732563e-09,0.9260229504474227,False
motional_dephasing,Motional dephasing,2.0,A,"IY,ZI",-3.3192434485209426e-11,0.8773770281470844,-0.7439071964245176,5.302344515014384e-09,0.8873208221302933,False
motional_dephasing,Motional dephasing,2.0,A,"IY,ZX",4.303747855507294e-11,0.8040027049664781,-0.7827920901037875,5.243191380592462e-09,0.8522513183747688,False
motional_dephasing,Motional dephasing,2.0,A,"IY,ZY",-1.7427414287518105e-11,0.8842974883371473,0.16448376575050472,2.143040723032318e-09,1.1463777397246386,False
motional_dephasing,Motional dephasing,2.0,A,"IY,ZZ",-3.573474464296971e-11,0.5427544168010581,0.29699629931689253,2.4597274951829387e-09,0.569136113202754,False
motional_dephasing,Motional dephasing,2.0,A,"IZ,XI",1.7192804754043746e-11,0.9891360947634544,-0.38921199004660156,9.220861816791302e-09,0.9832190042687096,False
motional_dephasing,Motional dephasing,2.0,A,"IZ,XX",-1.1824460417268207e-11,0.9558400324471067,-1.4772696401039687,2.4575726858530003e-09,0.9566970513759284,False
motional_dephasing,Motional dephasing,2.0,A,"IZ,XY",-7.369407815591948e-12,0.9932636625887014,0.007027471207102454,4.638127083572349e-09,0.9428004717031226,False
motional_dephasing,Motional dephasing,2.0,A,"IZ,XZ",2.544682803945209e-11,0.9704442664243316,-0.865972745354294,8.093845852942994e-09,0.9717042483244483,False
motional_dephasing,Motional dephasing,2.0,A,"IZ,YI",-7.0290995233453675e-12,0.959427239391854,0.05874528000999624,1.589404047966587e-09,1.0796045483727599,False
motional_dephasing,Motional dephasing,2.0,A,"IZ,YX",-4.343622679565076e-12,0.7341218518758235,0.42943144920446685,3.3425207294125933e-10,1.1159790104330316,False
motional_dephasing,Motional dephasing,2.0,A,"IZ,YY",6.242465838069222e-11,0.5444737724254936,-16.760076726781563,3.7010196514952952e-09,0.5821559419183009,False
motional_dephasing,Motional dephasing,2.0,A,"IZ,YZ",2.517797363155499e-11,0.844283186770183,-0.09294993204160962,2.5223024253546043e-09,0.9101607482091933,False
motional_dephasing,Motional dephasing,2.0,A,"IZ,ZI",1.7207084422191244e-11,0.5076316520800804,-2.21000739877327,1.158335536945614e-09,0.4652196885607859,False
motional_dephasing,Motional dephasing,2.0,A,"IZ,ZX",2.3054460177063047e-11,0.7988752385927229,-0.8289827186390759,2.778327267899194e-09,0.8506366445804211,False
motional_dephasing,Motional dephasing,2.0,A,"IZ,ZY",1.7527800362517987e-11,0.8236150087375831,-3.7224852986241785,1.841614917883965e-09,0.8286827482436789,False
motional_dephasing,Motional dephasing,2.0,A,"IZ,ZZ",-4.378639507845481e-11,0.5815288827818795,-1.7189971013955172,3.278899258958357e-09,0.5192562813518289,False
motional_dephasing,Motional dephasing,2.0,A,"XI,XX",-3.3062302017771035e-10,0.25839391673905004,0.6712305813248967,2.123704812866575e-08,0.24928638928036606,False
motional_dephasing,Motional dephasing,2.0,A,"XI,XY",-4.063597913782922e-11,0.8945614762419185,-1.1085277778950777,6.275146159954589e-09,0.8834373565433862,False
motional_dephasing,Motional dephasing,2.0,A,"XI,XZ",-6.2894013472785526e-12,0.9839547047212341,-0.0804121333986072,2.761333497774192e-09,1.0204990133104652,False
motional_dephasing,Motional dephasing,2.0,A,"XI,YI",2.830645226891523e-11,0.9633942528384527,-0.25917738281868186,8.688687606194096e-09,0.941358676484439,False
motional_dephasing,Motional dephasing,2.0,A,"XI,YX",1.1624487882425516e-11,0.9804073950158749,0.007290239760898598,3.305648415290853e-09,1.0418001889355522,False
motional_dephasing,Motional dephasing,2.0,A,"XI,YY",-2.972538624632704e-11,0.7880596725935648,-5.25258137293158,2.4058327913479466e-09,0.7997835137649452,False
motional_dephasing,Motional dephasing,2.0,A,"XI,YZ",6.327598038135336e-11,0.7905783105852359,-0.5772555887675437,6.35242861551794e-09,0.8207035897920917,False
motional_dephasing,Motional dephasing,2.0,A,"XI,ZI",2.261660351601166e-11,0.8649278663974697,0.24820128756632076,2.6744257322404448e-09,1.1522191692895398,False
motional_dephasing,Motional dephasing,2.0,A,"XI,ZX",-6.876334546433787e-12,0.8642738416514885,-2.680094703489083,8.927053584384362e-10,0.9306747625821806,False
motional_dephasing,Motional dephasing,2.0,A,"XI,ZY",-7.141917597472274e-11,0.772098752405023,-0.8973700251410583,6.868863384773742e-09,0.8128445573113761,False
motional_dephasing,Motional dephasing,2.0,A,"XI,ZZ",-1.832961652839376e-11,0.8685506272489599,-3.067000212908324,2.1517322458916386e-09,0.9233331428338637,False
motional_dephasing,Motional dephasing,2.0,A,"XX,XY",2.3991064188359788e-11,0.9552026851033345,-1.2396121060758727,4.732516120448405e-09,0.9543753106804463,False
motional_dephasing,Motional dephasing,2.0,A,"XX,XZ",-1.7062815984444614e-11,0.9946703035431708,-0.0073444261936364,1.1718502257691641e-08,1.0131045197144717,False
motional_dephasing,Motional dephasing,2.0,A,"XX,YI",1.560686494386014e-10,0.5242701286099157,-1.051164578691981,1.0438881563074813e-08,0.531255477713062,False
motional_dephasing,Motional dephasing,2.0,A,"XX,YX",2.451762735614562e-10,0.5822338904945181,-2.4616255671171228,1.743883822302461e-08,0.7469342356602935,False
motional_dephasing,Motional dephasing,2.0,A,"XX,YY",-1.0182410948700278e-15,0.7346287945985677,-0.09970482044946016,9.595500389292145e-14,0.808990266645046,False
motional_dephasing,Motional dephasing,2.0,A,"XX,YZ",-7.119166249198535e-11,0.9293552789996719,-0.3087127220023751,1.508979314806725e-08,0.9150783637468305,False
motional_dephasing,Motional dephasing,2.0,A,"XX,ZI",-4.5403371097436655e-11,0.6813961254123901,-0.7318652674126445,3.9033000792455884e-09,0.583341291671366,False
motional_dephasing,Motional dephasing,2.0,A,"XX,ZX",2.491285579009145e-11,0.9479524601595508,-1.446006904944754,3.8979707049621185e-09,0.942478864239437,False
motional_dephasing,Motional dephasing,2.0,A,"XX,ZY",7.026111417990992e-11,0.6997210457948464,0.08120365395457008,6.8536581325338166e-09,0.6309415991337708,False
motional_dephasing,Motional dephasing,2.0,A,"XX,ZZ",4.4969414861438425e-11,0.8348069616302475,-4.391048723346629,4.2990928872414785e-09,0.9058581090550387,False
motional_dephasing,Motional dephasing,2.0,A,"XY,XZ",-4.268876007507692e-11,0.909283798476914,-1.2370060048145257,7.835980932386487e-09,0.9509699112350082,False
motional_dephasing,Motional dephasing,2.0,A,"XY,YI",-2.7349549792479624e-12,0.9851884408941349,0.029403680930464415,1.1413637342148336e-09,1.0431319027849866,False
motional_dephasing,Motional dephasing,2.0,A,"XY,YX",1.586551721537571e-11,0.7548893063139509,-0.7728669343331742,1.4623620365257497e-09,0.6906481805851387,False
motional_dephasing,Motional dephasing,2.0,A,"XY,YY",-7.035540563004188e-11,0.5670589468287592,-3.3207108113350445,5.033401615395541e-09,0.4968026006638311,False
motional_dephasing,Motional dephasing,2.0,A,"XY,YZ",-2.5448186763998825e-11,0.851100529693696,0.07106138763460934,2.4357899566975697e-09,1.0428790826610255,False
motional_dephasing,Motional dephasing,2.0,A,"XY,ZI",-2.080461688789629e-11,0.8565088135371489,-1.1041276226564625,2.654859331647503e-09,0.8589442764375227,False
motional_dephasing,Motional dephasing,2.0,A,"XY,ZX",-2.6372441775436218e-11,0.6187907927747374,0.011374242311429472,2.2457577861052215e-09,0.5772438551522311,False
motional_dephasing,Motional dephasing,2.0,A,"XY,ZY",-1.9510655371530588e-11,0.7884454124885985,-4.640596426104674,1.7261856980555226e-09,0.8398613246423913,False
motional_dephasing,Motional dephasing,2.0,A,"XY,ZZ",4.6775393158917386e-11,0.7137681529427163,-0.685439030052378,4.500380853853257e-09,0.6258285224284413,False
motional_dephasing,Motional dephasing,2.0,A,"XZ,YI",2.3593719502458262e-11,0.8833021197616162,-0.39842927398599426,3.4000035961163706e-09,0.8750922053349167,False
motional_dephasing,Motional dephasing,2.0,A,"XZ,YX",-1.147470243695721e-11,0.9480764104310523,-0.14916563912854275,2.545649755234978e-09,0.918863683646785,False
motional_dephasing,Motional dephasing,2.0,A,"XZ,YY",4.237789735704735e-11,0.691393970187815,-1.3524209585714497,3.695380084664611e-09,0.5871590283270774,False
motional_dephasing,Motional dephasing,2.0,A,"XZ,YZ",7.72877800233307e-14,0.9999978409938959,-0.05861977529752682,2.9433014860849994e-09,0.9995273402853915,False
motional_dephasing,Motional dephasing,2.0,A,"XZ,ZI",-9.13576375736856e-12,0.9787761724729601,-0.21430476772239593,3.6688986522854976e-09,0.9551789887872221,False
motional_dephasing,Motional dephasing,2.0,A,"XZ,ZX",2.9156597081770196e-11,0.864565198173817,-0.3704581528935198,3.997446294946956e-09,0.8687114951024432,False
motional_dephasing,Motional dephasing,2.0,A,"XZ,ZY",-1.9561333233171425e-11,0.9038913160470384,0.09829294437031866,2.527995797908252e-09,1.13928187637354,False
motional_dephasing,Motional dephasing,2.0,A,"XZ,ZZ",-3.446614516206248e-11,0.682841633056052,0.043174599963192506,2.6694686101681184e-09,0.5918655153371088,False
motional_dephasing,Motional dephasing,2.0,A,"YI,YX",-4.128360486119795e-11,0.5035333617469061,0.6309018310442664,3.694611448023717e-09,0.43642884690433487,False
motional_dephasing,Motional dephasing,2.0,A,"YI,YY",-2.2647281097046165e-11,0.7755084969608556,-3.3021955574328494,2.098426552594794e-09,0.6114697850703872,False
motional_dephasing,Motional dephasing,2.0,A,"YI,YZ",1.4940423596441658e-11,0.8802159135122414,-2.5941724786857296,1.7864090293279855e-09,0.8885161180504615,False
motional_dephasing,Motional dephasing,2.0,A,"YI,ZI",6.065059818729392e-11,0.31885515364094197,0.8190587416118985,4.6266753921262114e-09,0.3539108107751598,False
motional_dephasing,Motional dephasing,2.0,A,"YI,ZX",-1.0153458513797988e-10,0.4647570764542025,-1.4124265246208556,5.769956478753058e-09,0.60855684138949,False
motional_dephasing,Motional dephasing,2.0,A,"YI,ZY",1.4356148707589838e-12,0.9966526894541494,-0.2501188483225161,1.4394557194879e-09,0.9910240143813334,False
motional_dephasing,Motional dephasing,2.0,A,"YI,ZZ",4.7143092145051497e-11,0.8048396753169154,-2.0444258393646133,5.477292365335958e-09,0.8450738792069431,False
motional_dephasing,Motional dephasing,2.0,A,"YX,YY",1.7939643389233862e-11,0.9133699095916509,-1.0773941868488923,2.6000728270281792e-09,0.8758059475682871,False
motional_dephasing,Motional dephasing,2.0,A,"YX,YZ",-1.8896438172351252e-11,0.8931522546077422,-0.08393465475711848,3.223449937039691e-09,0.8944807911567281,False
motional_dephasing,Motional dephasing,2.0,A,"YX,ZI",9.721666627792458e-11,0.4447453263190383,-1.1097163462775588,5.559776256026071e-09,0.5486770701684766,False
motional_dephasing,Motional dephasing,2.0,A,"YX,ZX",1.3956901074333086e-10,0.46031949269663625,-2.3597934276552333,7.815203407221342e-09,0.6061510200578162,False
motional_dephasing,Motional dephasing,2.0,A,"YX,ZY",1.6504224492591545e-11,0.8849666874910348,-2.497891036224278,2.216345546560721e-09,0.9329806578835047,False
motional_dephasing,Motional dephasing,2.0,A,"YX,ZZ",-2.3905320118974965e-11,0.817302809584507,-2.092738404411192,2.654724997966028e-09,0.6758264886410236,False
motional_dephasing,Motional dephasing,2.0,A,"YY,YZ",-1.3720790070246374e-11,0.7299276296764319,-0.09055428590166659,1.422701750335943e-09,0.652809562923337,False
motional_dephasing,Motional dephasing,2.0,A,"YY,ZI",2.3915728417239125e-11,0.8364708069455261,-2.618120156481625,2.7189444467524458e-09,0.8416727079420542,False
motional_dephasing,Motional dephasing,2.0,A,"YY,ZX",1.8367547646711338e-11,0.7663376369200462,-4.749530265404885,1.5695294097839023e-09,0.661663890028413,False
motional_dephasing,Motional dephasing,2.0,A,"YY,ZY",6.454771405132716e-12,0.771037991192162,-1.3992580665541707,6.012107617731323e-10,0.8067468304297724,False
motional_dephasing,Motional dephasing,2.0,A,"YY,ZZ",-2.3584265792345764e-12,0.9709936763503334,-0.00017086479791261766,5.303749362573851e-10,1.1600817667810044,False
motional_dephasing,Motional dephasing,2.0,A,"YZ,ZI",-2.0585436464088606e-11,0.7644122559394596,0.13383836242083158,2.0603629311952587e-09,0.8201589386299829,False
motional_dephasing,Motional dephasing,2.0,A,"YZ,ZX",-4.495076247719615e-12,0.979001091404504,-0.7924447038690163,1.3390287753344702e-09,0.9697872913751452,False
motional_dephasing,Motional dephasing,2.0,A,"YZ,ZY",-6.69339954879929e-12,0.7609903055993568,-2.8021339062505946,6.813481609747434e-10,0.823172353314896,False
motional_dephasing,Motional dephasing,2.0,A,"YZ,ZZ",-1.6532878596067458e-11,0.6099446270838302,-0.32033030541380914,1.4104485025488915e-09,0.5780181776343889,False
motional_dephasing,Motional dephasing,2.0,A,"ZI,ZX",-1.7158963606012788e-10,0.4428240673714955,-1.3930652200648672,9.68466135011644e-09,0.5585996255317461,False
motional_dephasing,Motional dephasing,2.0,A,"ZI,ZY",-1.0202282540709208e-11,0.9453064630683048,-1.5320013474606582,1.9166966930889585e-09,0.9520943802963397,False
motional_dephasing,Motional dephasing,2.0,A,"ZI,ZZ",4.180558113012444e-11,0.6670539142144074,-12.988745120780111,2.8668646438688935e-09,0.7130708521438438,False
motional_dephasing,Motional dephasing,2.0,A,"ZX,ZY",2.114161418663687e-11,0.7822563707691166,-3.379994878547093,2.205097836120361e-09,0.9137115258275795,False
motional_dephasing,Motional dephasing,2.0,A,"ZX,ZZ",5.554523162331531e-11,0.7841962755720516,-2.648220458985319,5.94595900251981e-09,0.8318498044140619,False
motional_dephasing,Motional dephasing,2.0,A,"ZY,ZZ",8.083607983739584e-12,0.5873139597331409,-79.3847334771277,4.568835121809327e-10,0.6815272606079723,False
motional_dephasing,Motional dephasing,3.0,H,IX,-7.536694924304824e-11,0.8988112564858785,-0.7569319779120731,1.3418252362713604e-08,0.9494492632235559,False
motional_dephasing,Motional dephasing,3.0,H,IY,-4.302852145424326e-11,0.9655353854272417,-0.7332732685071572,9.875351545613284e-09,0.96078552836327,False
motional_dephasing,Motional dephasing,3.0,H,IZ,-3.944771786452747e-12,0.6392789803996514,0.3322945834835509,3.3726750780070706e-10,0.555332837231149,False
motional_dephasing,Motional dephasing,3.0,H,XI,5.93903047915679e-10,0.5460707182756767,-0.009452234026643414,4.214172667471052e-08,0.7243822181598528,False
motional_dephasing,Motional dephasing,3.0,H,XX,-8.709813806739805e-06,0.010094046340383064,0.9996914291034328,0.0006235837156915715,0.007280614624329095,True
motional_dephasing,Motional dephasing,3.0,H,XY,-1.3884810867467514e-10,0.5169424406383872,0.6271636389293868,9.989714002646432e-09,0.6762293637370688,False
motional_dephasing,Motional dephasing,3.0,H,XZ,1.2024657216341032e-10,0.5408371821851132,-0.262698090895898,9.021911917440979e-09,0.6011079845113332,False
motional_dephasing,Motional dephasing,3.0,H,YI,-9.828195052346065e-11,0.9706540617226855,-0.5033080291377787,3.2252889936350545e-08,0.9725749364954045,False
motional_dephasing,Motional dephasing,3.0,H,YX,5.710596346339501e-11,0.994454874986083,-0.11557945913158396,4.258913574326315e-08,1.012067717792368,False
motional_dephasing,Motional dephasing,3.0,H,YY,2.394521411485764e-10,0.6568428669445451,-1.050993198667466,1.8113405767591446e-08,0.881023519376293,False
motional_dephasing,Motional dephasing,3.0,H,YZ,6.21669821814104e-11,0.784316243752999,0.14112557563754602,6.934882957120508e-09,0.6772820287856685,False
motional_dephasing,Motional dephasing,3.0,H,ZI,-1.6891128910797264e-11,0.9647188575866952,-1.0020459974891534,4.8220256074917665e-09,0.9684737965802197,False
motional_dephasing,Motional dephasing,3.0,H,ZX,8.152871941917745e-11,0.6551118128692888,-0.31523269426684175,6.4559987557108885e-09,0.735704414825908,False
motional_dephasing,Motional dephasing,3.0,H,ZY,1.067783401431304e-10,0.8934440017744212,-0.9652984009360144,1.4934607228957788e-08,0.9356524717017792,False
motional_dephasing,Motional dephasing,3.0,H,ZZ,-1.291241162916806e-16,0.6154362332759965,0.49110588855531434,1.3033763873528305e-14,0.5742357345142348,False
motional_dephasing,Motional dephasing,3.0,S,IX,7.785156430399398e-05,0.006192944440504462,0.9998849234241376,0.0055860145920472,0.0044388535015181885,True
motional_dephasing,Motional dephasing,3.0,S,IY,1.2590906880345765e-10,0.5058158769259009,-0.8967142581028806,8.545376749963252e-09,0.6908914597441624,False
motional_dephasing,Motional dephasing,3.0,S,IZ,5.6066880460530165e-11,0.6085634741943496,-12.602271570968668,3.6912315920858974e-09,0.7265942753488284,False
motional_dephasing,Motional dephasing,3.0,S,XI,7.785112549311399e-05,0.006196108415301809,0.9998848034345236,0.005585976054646877,0.004439735265852887,True
motional_dephasing,Motional dephasing,3.0,S,XX,8.53692658558817e-06,0.037507363126909304,0.9961872749891093,0.0006274748763772588,0.026189597805720864,True
motional_dephasing,Motional dephasing,3.0,S,XY,1.0472182163282938e-10,0.8667811241394906,-1.2680642501850627,1.570626161442358e-08,0.9399923153050029,False
motional_dephasing,Motional dephasing,3.0,S,XZ,7.651381364552737e-11,0.9595166961799644,-0.4999869200364049,2.2093259506434618e-08,0.968831021850389,False
motional_dephasing,Motional dephasing,3.0,S,YI,2.5888592983271903e-11,0.9926088617511148,-0.24380881158683065,1.747103194055374e-08,0.9866637908028424,False
motional_dephasing,Motional dephasing,3.0,S,YX,1.2783032017632085e-10,0.8384995093790713,-0.6739803765353045,1.7176997420460284e-08,0.9330224687455266,False
motional_dephasing,Motional dephasing,3.0,S,YY,2.417433706815488e-10,0.39199476349288426,0.25482451902938485,1.6473213933134584e-08,0.480379264037945,False
motional_dephasing,Motional dephasing,3.0,S,YZ,5.121195353912703e-11,0.9321024447527613,-1.5371406157574947,9.9602679490122e-09,0.9537253832716565,False
motional_dephasing,Motional dephasing,3.0,S,ZI,1.0305999455876293e-10,0.5060312785267592,-0.1908338687405977,7.672361328073599e-09,0.5158160218241065,False
motional_dephasing,Motional dephasing,3.0,S,ZX,6.893078877586896e-11,0.4200970139731299,0.06554145376507092,4.970941837735381e-09,0.3352925154645158,False
motional_dephasing,Motional dephasing,3.0,S,ZY,1.663951285770876e-10,0.6022159314289222,0.1531037498539446,1.2688433412137191e-08,0.7639494004419344,False
motional_dephasing,Motional dephasing,3.0,S,ZZ,2.5830587950228295e-10,0.4286689385092859,0.6347139002242479,1.803246265990547e-08,0.40625355277284864,False
motional_dephasing,Motional dephasing,3.0,C,"IX,IY",1.2013589796605959e-11,0.9361326594572921,-0.3624321014633731,2.448451778801441e-09,0.8233621603568908,False
motional_dephasing,Motional dephasing,3.0,C,"IX,IZ",9.910255828128343e-13,0.9999724386267466,-0.12552750321798323,8.367609870798841e-09,0.9989340767097135,False
motional_dephasing,Motional dephasing,3.0,C,"IX,XI",7.78513228596986e-05,0.006194200078548052,0.9998848758750281,0.0055859941618220605,0.004439488818261084,True
motional_dephasing,Motional dephasing,3.0,C,"IX,XX",5.6060572926237803e-11,0.9735102737197757,-0.8514126790333518,1.6917465725421374e-08,0.9701760792943133,False
motional_dephasing,Motional dephasing,3.0,C,"IX,XY",-7.950449832421958e-11,0.6703893165048063,-20.617448166281477,5.468292072271906e-09,0.869147354336417,False
motional_dephasing,Motional dephasing,3.0,C,"IX,XZ",-3.030217178075027e-11,0.972761281261364,-0.15653501052428132,9.115643566354e-09,0.8803289996842942,False
motional_dephasing,Motional dephasing,3.0,C,"IX,YI",1.7949269332500267e-11,0.8138712492550924,-0.4497868265566016,1.8823600242012398e-09,0.9141803789309372,False
motional_dephasing,Motional dephasing,3.0,C,"IX,YX",4.216919457676736e-11,0.912625930045412,0.15839019169105462,6.2728773412310475e-09,1.121004359098922,False
motional_dephasing,Motional dephasing,3.0,C,"IX,YY",-2.3023470180493425e-11,0.9801184320601815,-0.0782768749770495,8.729058353236766e-09,0.905047613046323,False
motional_dephasing,Motional dephasing,3.0,C,"IX,YZ",-3.185231777852737e-11,0.8199861437760795,-0.8100738137727508,4.041598932451847e-09,0.9290699387054627,False
motional_dephasing,Motional dephasing,3.0,C,"IX,ZI",1.1848091146253888e-10,0.5310973275219881,0.579513154573043,8.369052682044376e-09,0.5045113088391364,False
motional_dephasing,Motional dephasing,3.0,C,"IX,ZX",-3.055660121082882e-11,0.9709493322654817,-0.12789139184765408,9.326141735859774e-09,0.8820479384995723,False
motional_dephasing,Motional dephasing,3.0,C,"IX,ZY",-4.501884292281302e-12,0.8851785387473834,0.18506417875816494,5.999714587167101e-10,1.0675314767759023,False
motional_dephasing,Motional dephasing,3.0,C,"IX,ZZ",-8.802578766044683e-11,0.8662289998920946,-0.7714417201558437,1.0699733885010077e-08,0.8398686749112108,False
motional_dephasing,Motional dephasing,3.0,C,"IY,IZ",-2.6455966191443084e-11,0.8984094159738147,-1.4697210472287305,4.464080804597769e-09,0.9466623239709834,False
motional_dephasing,Motional dephasing,3.0,C,"IY,XI",2.3833368390748527e-11,0.8182701725176261,-0.3036376361233879,3.2400593859077262e-09,0.7351896493629941,False
motional_dephasing,Motional dephasing,3.0,C,"IY,XX",1.1635552245183825e-10,0.6864270068541615,-0.8388310982520542,9.431858604106094e-09,0.8889720736896275,False
motional_dephasing,Motional dephasing,3.0,C,"IY,XY",-8.444953257665882e-13,0.9998058750837231,-0.00938385278246523,2.674846840388439e-09,0.997158544625009,False
motional_dephasing,Motional dephasing,3.0,C,"IY,XZ",8.351450034887432e-11,0.8793362171320729,-0.5723073757281087,1.3396388449029716e-08,0.9438930495334876,False
motional_dephasing,Motional dephasing,3.0,C,"IY,YI",-3.667855562406757e-12,0.9866732455574018,-0.003403343332208486,1.2889428215786238e-09,1.1024427135448296,False
motional_dephasing,Motional dephasing,3.0,C,"IY,YX",3.502968435590667e-11,0.8703440033434915,-0.32827193636203456,5.2109259392137855e-09,0.9394988217294206,False
motional_dephasing,Motional dephasing,3.0,C,"IY,YY",1.0386441082412568e-10,0.6467544771694135,-16.094381319597122,6.835243354882709e-09,0.8632411972941129,False
motional_dephasing,Motional dephasing,3.0,C,"IY,YZ",-5.678157802549495e-11,0.7009975640385324,0.4433567573138084,3.852182372134264e-09,1.0983023832348133,False
motional_dephasing,Motional dephasing,3.0,C,"IY,ZI",8.320123065366176e-12,0.9854891354451116,-0.1414950394662362,2.853855466482938e-09,0.9475228451701667,False
motional_dephasing,Motional dephasing,3.0,C,"IY,ZX",1.639925692127985e-11,0.9351623346969552,-0.15391499228637828,2.818772113437981e-09,0.895278293986311,False
motional_dephasing,Motional dephasing,3.0,C,"IY,ZY",-5.6244336910932856e-11,0.9197187932773735,0.1481191128238566,9.032415982617069e-09,1.0560424844440932,False
motional_dephasing,Motional dephasing,3.0,C,"IY,ZZ",1.186208842422805e-10,0.6305573009247194,0.5344199148320876,9.361787108988144e-09,0.844622398330391,False
motional_dephasing,Motional dephasing,3.0,C,"IZ,XI",-4.1668300046814905e-11,0.9359996837461217,0.12275840421057682,6.234051274638854e-09,1.0601558575475558,False
motional_dephasing,Motional dephasing,3.0,C,"IZ,XX",1.1655115912822336e-10,0.6604887325862113,0.4819665666901377,8.304223942232824e-09,0.9946403026269737,False
motional_dephasing,Motional dephasing,3.0,C,"IZ,XY",-1.0716511505581052e-10,0.10299701777497464,0.974491017893649,7.749535695312148e-09,0.10402974986316127,False
motional_dephasing,Motional dephasing,3.0,C,"IZ,XZ",8.442183541224576e-12,0.9973555261072994,-0.12624704089396865,9.378658276328064e-09,1.0081013349279178,False
motional_dephasing,Motional dephasing,3.0,C,"IZ,YI",2.885703530941587e-12,0.9992682436672331,-0.19984456801286443,5.484332946859454e-09,1.004735549797965,False
motional_dephasing,Motional dephasing,3.0,C,"IZ,YX",-2.427039248708271e-11,0.968798206261647,-0.35187524669519954,7.974482679745413e-09,0.9726084385462961,False
motional_dephasing,Motional dephasing,3.0,C,"IZ,YY",3.975242017231378e-11,0.9568365900102995,0.057727279511550766,9.939136370011752e-09,1.0359962644873542,False
motional_dephasing,Motional dephasing,3.0,C,"IZ,YZ",1.0228337956426457e-11,0.9814663298937762,-0.010156396240253995,4.036607242520911e-09,1.0456101057532408,False
motional_dephasing,Motional dephasing,3.0,C,"IZ,ZI",-2.0447601472275826e-11,0.9701465152039709,-0.10196660852227923,4.262261797540006e-09,1.1407517234082367,False
motional_dephasing,Motional dephasing,3.0,C,"IZ,ZX",-6.491617301105011e-12,0.9897365043260012,-0.3413841313235,2.8557601683396394e-09,0.9181660191809263,False
motional_dephasing,Motional dephasing,3.0,C,"IZ,ZY",-4.154102901052447e-11,0.7641091475285632,-0.30306055486426264,3.697861589557317e-09,0.7643953535268033,False
motional_dephasing,Motional dephasing,3.0,C,"IZ,ZZ",-9.355939909096901e-11,0.32919322275501434,0.8182599716903397,6.733758516694904e-09,0.35534723584336864,False
motional_dephasing,Motional dephasing,3.0,C,"XI,XX",2.5863940607650467e-10,0.8590157387771058,-0.8694871375516822,3.701992373192844e-08,0.9371215707643143,False
motional_dephasing,Motional dephasing,3.0,C,"XI,XY",-5.477684200785429e-11,0.6199990199913972,-10.872092783987556,3.731509451916363e-09,0.5919946794066957,False
motional_dephasing,Motional dephasing,3.0,C,"XI,XZ",-5.0519433987661696e-11,0.9280988967425395,-0.3751376814120273,9.81186226097254e-09,0.8146427686016504,False
motional_dephasing,Motional dephasing,3.0,C,"XI,YI",-3.2342117048148055e-12,0.9983366053575581,-0.049474180478198404,4.173758631704077e-09,1.0069740269890617,False
motional_dephasing,Motional dephasing,3.0,C,"XI,YX",3.1745388861342675e-11,0.9373057769764074,0.10115463134351599,5.7382425060322405e-09,1.0995804898282837,False
motional_dephasing,Motional dephasing,3.0,C,"XI,YY",-5.8166815256935224e-11,0.9202795868170596,-0.47919933080323696,1.0049905513290492e-08,0.7916392998441178,False
motional_dephasing,Motional dephasing,3.0,C,"XI,YZ",3.156367479864571e-11,0.862717781708128,-1.3738649422273301,4.637691670369455e-09,0.9387468824193781,False
motional_dephasing,Motional dephasing,3.0,C,"XI,ZI",1.3868717193783224e-10,0.3687205026938386,0.7249366185589077,8.811675395081113e-09,0.40924393906299456,False
motional_dephasing,Motional dephasing,3.0,C,"XI,ZX",-2.2119204469377864e-11,0.9819828873668357,-0.120411796748084,9.192705142884675e-09,0.913377906881529,False
motional_dephasing,Motional dephasing,3.0,C,"XI,ZY",4.793831743805168e-12,0.963225773403503,-0.03332326449008738,1.1975697379251065e-09,1.0360267000141452,False
motional_dephasing,Motional dephasing,3.0,C,"XI,ZZ",-8.087938515219413e-11,0.8248241705966569,-0.40579363061848306,8.962395631200073e-09,0.704195771254377,False
motional_dephasing,Motional dephasing,3.0,C,"XX,XY",-7.828363391338772e-12,0.9744880746782933,-0.025597609806100596,2.7043557943158475e-09,1.026052515231219,False
motional_dephasing,Motional dephasing,3.0,C,"XX,XZ",2.0741670799216355e-11,0.9907999907588865,-0.4603632722555471,8.873575659208699e-09,0.9158512670146799,False
motional_dephasing,Motional dephasing,3.0,C,"XX,YI",1.1249803213505972e-10,0.5688028121291383,-0.618835178678748,8.186881498493525e-09,0.617123398188314,False
motional_dephasing,Motional dephasing,3.0,C,"XX,YX",1.4079152581205127e-11,0.9685956424879483,0.008347718318042707,4.240304005268948e-09,1.029882851105344,False
motional_dephasing,Motional dephasing,3.0,C,"XX,YY",1.1692339444720075e-10,0.8976155134847441,-0.32360031964941527,1.932576511240968e-08,0.7821953140992932,False
motional_dephasing,Motional dephasing,3.0,C,"XX,YZ",-1.0264469143907815e-10,0.6870978489226366,-0.42735404230155094,8.021046877275995e-09,0.8663953781876976,False
motional_dephasing,Motional dephasing,3.0,C,"XX,ZI",-7.736689123971636e-11,0.9892057233254306,-0.0768377801928648,4.074443845320375e-08,1.0170894985325953,False
motional_dephasing,Motional dephasing,3.0,C,"XX,ZX",7.802249153694802e-11,0.9795086184974704,-0.4562212691503331,3.040874431811554e-08,0.976907878323203,False
motional_dephasing,Motional dephasing,3.0,C,"XX,ZY",-1.3791855002321273e-10,0.528719993842786,-1.7437443255984277,9.178611078034008e-09,0.6673523437145709,False
motional_dephasing,Motional dephasing,3.0,C,"XX,ZZ",2.8191890173776905e-11,0.6167008006644784,0.2115739136349607,2.3587952632386286e-09,0.643321095887417,False
motional_dephasing,Motional dephasing,3.0,C,"XY,XZ",-6.719311837559787e-11,0.4075895584325979,-1.6675933002403753,4.165314598899037e-09,0.530826330481275,False
motional_dephasing,Motional dephasing,3.0,C,"XY,YI",5.3087919770712936e-11,0.871038365865827,-1.7281172529023303,7.682178029861813e-09,0.9378052323079252,False
motional_dephasing,Motional dephasing,3.0,C,"XY,YX",-4.047357235249275e-11,0.8891140421826711,-0.5874077530118345,6.144412485793239e-09,0.9407165205762696,False
motional_dephasing,Motional dephasing,3.0,C,"XY,YY",-4.631604483275039e-11,0.9195311469488702,0.14424743073346225,7.834661276852318e-09,1.0532051595805845,False
motional_dephasing,Motional dephasing,3.0,C,"XY,YZ",1.1558275073251761e-10,0.8123215770040114,0.3235050905505584,1.2209570997731233e-08,1.0851991242596448,False
motional_dephasing,Motional dephasing,3.0,C,"XY,ZI",-5.614125132203089e-11,0.761737438890498,-8.598776455604023,4.5523510755986445e-09,0.8890087224145309,False
motional_dephasing,Motional dephasing,3.0,C,"XY,ZX",4.1838675537161524e-11,0.926516517219501,-0.8758884977981742,7.869064778864771e-09,0.9521483060038074,False
motional_dephasing,Motional dephasing,3.0,C,"XY,ZY",8.842301547662058e-11,0.6992672824179417,0.4161291975460911,6.347890662435614e-09,1.0498318993162914,False
motional_dephasing,Motional dephasing,3.0,C,"XY,ZZ",-8.954916612681904e-11,0.7150332637008492,0.4060898650653755,6.395844385401397e-09,1.126010335239073,False
motional_dephasing,Motional dephasing,3.0,C,"XZ,YI",-3.417332990763654e-11,0.2904741637547878,0.7990278586042531,2.7773108067953206e-09,0.2743603807974246,False
motional_dephasing,Motional dephasing,3.0,C,"XZ,YX",1.9599583532631058e-11,0.9507245167887358,-0.45231700221133586,4.8454338174751564e-09,0.9635953645352655,False
motional_dephasing,Motional dephasing,3.0,C,"XZ,YY",5.959100289512842e-11,0.9024056103573245,-1.2310711270953596,1.057098426649101e-08,0.9492649868228227,False
motional_dephasing,Motional dephasing,3.0,C,"XZ,YZ",-4.810558930594941e-11,0.8554585535187382,0.2506479244796437,5.875631263242049e-09,1.073685751259117,False
motional_dephasing,Motional dephasing,3.0,C,"XZ,ZI",1.800055530631429e-11,0.8689255814551894,-0.3122317386694875,2.6811806207772705e-09,0.8791539842549931,False
motional_dephasing,Motional dephasing,3.0,C,"XZ,ZX",-3.8828318616766255e-12,0.993268629253845,0.010209986136548888,2.378884616324674e-09,1.029379724023,False
motional_dephasing,Motional dephasing,3.0,C,"XZ,ZY",-6.106735980600166e-11,0.9497463024399432,0.09607085716443386,1.42633375742775e-08,1.038532793281509,False
motional_dephasing,Motional dephasing,3.0,C,"XZ,ZZ",6.29647825335223e-11,0.9318720592149379,0.12859140896474397,1.2725555110013316e-08,1.044531105944117,False
motional_dephasing,Motional dephasing,3.0,C,"YI,YX",1.3136822789888523e-10,0.8703989083688157,-0.5068338549224396,2.0082027529896115e-08,0.941125762857866,False
motional_dephasing,Motional dephasing,3.0,C,"YI,YY",-3.1026910558875225e-11,0.7922096524963006,0.3713681311678949,3.406178946761772e-09,0.6543455634838644,False
motional_dephasing,Motional dephasing,3.0,C,"YI,YZ",3.3503487526387366e-11,0.3884393662929463,-0.40046676804782644,1.9724974442047184e-09,0.3885287129301011,False
motional_dephasing,Motional dephasing,3.0,C,"YI,ZI",-5.975341911391398e-11,0.9569597335917369,0.05276789329596365,1.5475787252338987e-08,1.0347498168110283,False
motional_dephasing,Motional dephasing,3.0,C,"YI,ZX",-1.0976402883380556e-10,0.7086365644567653,0.48136975117083036,1.1106093259310415e-08,0.6712632316655184,False
motional_dephasing,Motional dephasing,3.0,C,"YI,ZY",1.458176770322303e-11,0.9571990742866889,0.06651993327910144,3.013814133502928e-09,0.9129104161599554,False
motional_dephasing,Motional dephasing,3.0,C,"YI,ZZ",-1.012771794144396e-11,0.9695283417481956,0.059769452951103696,2.2522707549906014e-09,1.040470028423992,False
motional_dephasing,Motional dephasing,3.0,C,"YX,YY",6.360971669491243e-11,0.8654753587674695,-0.4114552606420949,9.438667938817003e-09,0.9393465842886762,False
motional_dephasing,Motional dephasing,3.0,C,"YX,YZ",-2.6861087686447698e-11,0.8995687979955153,0.1869744526152759,4.163790594563108e-09,1.0580600257596278,False
motional_dephasing,Motional dephasing,3.0,C,"YX,ZI",-6.446603785870337e-11,0.9354303598316867,0.09651671333642209,1.289458755822888e-08,1.0449951840730316,False
motional_dephasing,Motional dephasing,3.0,C,"YX,ZX",-6.667751519020202e-11,0.8719776841482902,0.23707413110501163,8.47627043560762e-09,1.0707973679309348,False
motional_dephasing,Motional dephasing,3.0,C,"YX,ZY",-3.365661101456917e-11,0.5241468478621405,0.3666503065698288,2.8846330680427517e-09,0.4698673361626721,False
motional_dephasing,Motional dephasing,3.0,C,"YX,ZZ",3.333348197560325e-11,0.9157603920178392,0.16138134202118448,4.646587590596878e-09,0.9049066467559466,False
motional_dephasing,Motional dephasing,3.0,C,"YY,YZ",-3.201652056553975e-11,0.8557737359165181,-0.06281440287563167,3.717117599351966e-09,0.8449612220285455,False
motional_dephasing,Motional dephasing,3.0,C,"YY,ZI",-1.442096823765526e-11,0.909700185768611,0.168385212620083,2.4501178620867916e-09,1.0529724370191542,False
motional_dephasing,Motional dephasing,3.0,C,"YY,ZX",1.1339620693105662e-11,0.9885257151815207,-0.10045999331722943,5.506072647249593e-09,0.9629294443512544,False
motional_dephasing,Motional dephasing,3.0,C,"YY,ZY",-1.9872763063852732e-10,0.6361001759331519,0.526746613780164,1.627644265789088e-08,0.8040273159760091,False
motional_dephasing,Motional dephasing,3.0,C,"YY,ZZ",4.9754155836299875e-11,0.914094797541457,0.1632300707511085,8.596545028859972e-09,1.0520892289894843,False
motional_dephasing,Motional dephasing,3.0,C,"YZ,ZI",9.060018068684223e-12,0.9947297205726318,-0.21649021422547987,7.107230716234227e-09,0.9885271541232079,False
motional_dephasing,Motional dephasing,3.0,C,"YZ,ZX",5.887433354307136e-11,0.13158657769464796,0.9608209466622886,4.550927059980009e-09,0.10561607552350384,False
motional_dephasing,Motional dephasing,3.0,C,"YZ,ZY",5.5061023194094083e-11,0.71317974333404,0.2088108642881894,4.049431580961833e-09,0.7552499906028084,False
motional_dephasing,Motional dephasing,3.0,C,"YZ,ZZ",-1.008731641335489e-10,0.44691892395899097,0.7033037067106355,8.102742176259991e-09,0.4475509945688796,False
motional_dephasing,Motional dephasing,3.0,C,"ZI,ZX",7.88719412526924e-11,0.7796255184517924,0.14372109438565117,7.837525181861279e-09,0.7442035498011756,False
motional_dephasing,Motional dephasing,3.0,C,"ZI,ZY",-1.8339453907296573e-11,0.9805383576239135,-0.0022506033009259685,6.513387890503156e-09,0.9493182079923943,False
motional_dephasing,Motional dephasing,3.0,C,"ZI,ZZ",2.0407846606076622e-11,0.9725294691530969,0.0519421602091541,5.1054137108781046e-09,1.0359756583611124,False
motional_dephasing,Motional dephasing,3.0,C,"ZX,ZY",-3.36877321056029e-11,0.7329981167295962,0.3990382705147002,3.105868511768566e-09,0.9379100313606108,False
motional_dephasing,Motional dephasing,3.0,C,"ZX,ZZ",-4.381671001838504e-11,0.7793765550753097,0.3277014079926225,4.462910722055258e-09,0.6521100695726093,False
motional_dephasing,Motional dephasing,3.0,C,"ZY,ZZ",-1.0623565859067657e-10,0.5727933653742395,-0.05189236309872247,7.869698264991142e-09,0.75701204922444,False
motional_dephasing,Motional dephasing,3.0,A,"IX,IY",1.0495002546252283e-10,0.7740193992891231,-0.6389631964582514,1.0807794345138022e-08,0.6504188740091564,False
motional_dephasing,Motional dephasing,3.0,A,"IX,IZ",-1.019401472475866e-10,0.6848249735209813,0.3473091519290389,6.301656419220235e-09,1.0030152337613374,False
motional_dephasing,Motional dephasing,3.0,A,"IX,XI",3.4679091566754183e-10,0.8435315276198372,-0.601278333315876,4.771185922647407e-08,0.9345840155548572,False
motional_dephasing,Motional dephasing,3.0,A,"IX,XX",6.18193494208695e-10,0.5600345877863985,-0.17048991776730138,4.303893525510325e-08,0.7806305648506896,False
motional_dephasing,Motional dephasing,3.0,A,"IX,XY",3.0005217318322106e-11,0.973612543434129,0.017954927083468575,6.50575175750628e-09,1.0724898297051908,False
motional_dephasing,Motional dephasing,3.0,A,"IX,XZ",1.7374318241483895e-11,0.6478310974305734,-1.2742829479589366,1.188222663243375e-09,0.7057301174802899,False
motional_dephasing,Motional dephasing,3.0,A,"IX,YI",1.1562667182567004e-10,0.6046811270812203,0.29549095318796215,1.0631058051481934e-08,0.6084528778258459,False
motional_dephasing,Motional dephasing,3.0,A,"IX,YX",-1.179811661901073e-10,0.8440287807256978,-1.829613104841556,1.4652016491103748e-08,0.927530077763994,False
motional_dephasing,Motional dephasing,3.0,A,"IX,YY",-1.0340456081955964e-10,0.699348497343527,-0.5224953635898664,8.458687326913191e-09,0.8899780768092709,False
motional_dephasing,Motional dephasing,3.0,A,"IX,YZ",-1.527806399651366e-11,0.9571041749947152,0.031845480896125156,2.9012193775649877e-09,0.9106471456053171,False
motional_dephasing,Motional dephasing,3.0,A,"IX,ZI",7.248214320429921e-11,0.7159026460905142,0.4670910219304679,6.3434481051939215e-09,0.6710565035762767,False
motional_dephasing,Motional dephasing,3.0,A,"IX,ZX",-1.1822889834124238e-11,0.9892792849224155,-0.06206408878075664,5.843611946157008e-09,0.9817910550037302,False
motional_dephasing,Motional dephasing,3.0,A,"IX,ZY",-4.168986275090731e-11,0.9264671725699409,-1.4713335867274964,7.928375292472055e-09,0.952675201296989,False
motional_dephasing,Motional dephasing,3.0,A,"IX,ZZ",-1.1303002932151904e-10,0.7248048501621195,-0.7943140994021971,1.047913266558408e-08,0.9029241926448146,False
motional_dephasing,Motional dephasing,3.0,A,"IY,IZ",-1.0832070078881968e-10,0.11624389351674855,0.9627668645561057,8.20730781257918e-09,0.11390107480093911,False
motional_dephasing,Motional dephasing,3.0,A,"IY,XI",-5.7751371534947115e-11,0.8962660316642148,-0.45328770890656345,8.685905437773802e-09,0.7606410304426529,False
motional_dephasing,Motional dephasing,3.0,A,"IY,XX",-9.170625162333904e-11,0.7982374729262439,0.34400975243292764,9.889773695087444e-09,0.7649569722008416,False
motional_dephasing,Motional dephasing,3.0,A,"IY,XY",1.1235435562663945e-10,0.8319550315289622,-0.33669952851565665,1.4303028488851372e-08,0.9293024409880791,False
motional_dephasing,Motional dephasing,3.0,A,"IY,XZ",-7.548416926353023e-11,0.457011290503484,0.7056649987336854,5.4874535336708885e-09,0.3726490008571407,False
motional_dephasing,Motional dephasing,3.0,A,"IY,YI",-1.3592805480967514e-11,0.9815927959992996,-0.015873170924836755,5.3704022265253705e-09,1.0227795319919377,False
motional_dephasing,Motional dephasing,3.0,A,"IY,YX",1.2599143771771654e-12,0.9997885957838636,-0.09529893551784707,3.6341046203228937e-09,1.01248090583984,False
motional_dephasing,Motional dephasing,3.0,A,"IY,YY",-1.0405301772271814e-10,0.7585819029719153,0.3889717988602528,8.832778664957497e-09,1.106022939669005,False
motional_dephasing,Motional dephasing,3.0,A,"IY,YZ",1.7168786007987803e-11,0.9924694074922336,-0.04179673104128989,1.1101540087069847e-08,1.0139187061308603,False
motional_dephasing,Motional dephasing,3.0,A,"IY,ZI",-3.823002010456088e-12,0.9979770066519921,-0.19348630958996482,3.5222542919666486e-09,0.9902315349086015,False
motional_dephasing,Motional dephasing,3.0,A,"IY,ZX",-4.8012787764208106e-11,0.8235074899148219,0.3175880057345244,5.407912030584857e-09,0.8618329557256771,False
motional_dephasing,Motional dephasing,3.0,A,"IY,ZY",1.701569650057057e-11,0.647266103367971,0.5435373495555291,1.4720198044368613e-09,0.6340366291026073,False
motional_dephasing,Motional dephasing,3.0,A,"IY,ZZ",8.78514512586679e-11,0.527138884545554,0.5366441672065454,5.750485744624691e-09,0.6426857136842639,False
motional_dephasing,Motional dephasing,3.0,A,"IZ,XI",8.820486422971365e-11,0.5865662025012859,0.15963887483549088,6.2249680283400325e-09,0.7449484802320787,False
motional_dephasing,Motional dephasing,3.0,A,"IZ,XX",2.8270170997379975e-11,0.8951716742213495,-0.7010763210681898,4.239883817777983e-09,0.9399909172252363,False
motional_dephasing,Motional dephasing,3.0,A,"IZ,XY",-1.0596893892813885e-10,0.6500202574676014,-0.6681579707484431,8.048840253256813e-09,0.8815083390470639,False
motional_dephasing,Motional dephasing,3.0,A,"IZ,XZ",1.3293646597636998e-10,0.23225605982600117,0.8700496415900122,9.252920629873907e-09,0.22090415059824334,False
motional_dephasing,Motional dephasing,3.0,A,"IZ,YI",1.2116591152711575e-11,0.9569673114228947,0.07822833718178834,3.007394766411823e-09,1.0362603944092492,False
motional_dephasing,Motional dephasing,3.0,A,"IZ,YX",9.611359391204187e-12,0.958520236517927,0.08038962551852369,2.358982410351065e-09,1.0733386006960215,False
motional_dephasing,Motional dephasing,3.0,A,"IZ,YY",8.929173320376294e-11,0.7058136152507254,0.39409961569414576,5.927495008773103e-09,1.1355759216404981,False
motional_dephasing,Motional dephasing,3.0,A,"IZ,YZ",-3.16751775559074e-11,0.9758715498649687,0.020470387981608162,1.126513179938525e-08,1.0253061040989084,False
motional_dephasing,Motional dephasing,3.0,A,"IZ,ZI",7.300444485188859e-12,0.9156437241207059,-0.050266896428321495,1.2373972386689485e-09,0.8938028980291298,False
motional_dephasing,Motional dephasing,3.0,A,"IZ,ZX",2.740714430104464e-11,0.6891984434184062,0.4792344144748202,2.0273926378684467e-09,0.7984965065202815,False
motional_dephasing,Motional dephasing,3.0,A,"IZ,ZY",4.22390264467525e-12,0.9973405390463852,-0.010580743015601968,3.485077676134824e-09,0.9890920296949482,False
motional_dephasing,Motional dephasing,3.0,A,"IZ,ZZ",3.451932133873404e-11,0.7874078430666269,0.33270050330611756,3.843274353757541e-09,0.7175012834200372,False
motional_dephasing,Motional dephasing,3.0,A,"XI,XX",-5.106280769039862e-11,0.9188273266639905,-0.43449158644649,1.0125855226746234e-08,0.9546146711638044,False
motional_dephasing,Motional dephasing,3.0,A,"XI,XY",6.571537581379314e-11,0.8798987030643918,0.22150540594159396,8.158965497326055e-09,0.8076806328634529,False
motional_dephasing,Motional dephasing,3.0,A,"XI,XZ",-3.107105999567064e-11,0.6341642277894154,-1.6972590398233218,2.157490324748518e-09,0.7859704342722981,False
motional_dephasing,Motional dephasing,3.0,A,"XI,YI",6.141361868615416e-11,0.9694938903389478,-0.49790439822785326,1.8620944939630143e-08,0.9703171579118388,False
motional_dephasing,Motional dephasing,3.0,A,"XI,YX",-1.1228865229314285e-10,0.6378106027065799,0.4635742237579241,8.002147391304067e-09,0.8082774282408312,False
motional_dephasing,Motional dephasing,3.0,A,"XI,YY",-1.37128598502418e-10,0.512599613799612,-1.306575437781479,9.286430197716653e-09,0.59711836197487,False
motional_dephasing,Motional dephasing,3.0,A,"XI,YZ",8.524669329479797e-12,0.996767149325401,-0.5207137711323055,7.84364783824067e-09,0.9902185787088412,False
motional_dephasing,Motional dephasing,3.0,A,"XI,ZI",1.437601851010496e-10,0.5950695332779056,0.22591664681726564,1.1265472789418395e-08,0.6608693873045658,False
motional_dephasing,Motional dephasing,3.0,A,"XI,ZX",1.8400107103897487e-11,0.6396189441839526,-0.2857043259427532,1.4470493991572557e-09,0.7446881785842202,False
motional_dephasing,Motional dephasing,3.0,A,"XI,ZY",-5.4269319714547795e-11,0.8697454454213853,-2.056809137898186,7.81789515950633e-09,0.9375248877778796,False
motional_dephasing,Motional dephasing,3.0,A,"XI,ZZ",-1.2529372789020296e-10,0.6970604967173752,-1.498500005056803,1.0506112157216711e-08,0.8926678552315623,False
motional_dephasing,Motional dephasing,3.0,A,"XX,XY",-1.2049321210216596e-10,0.8419152112802472,0.2828901863674561,1.4597083581021646e-08,0.7117489071652158,False
motional_dephasing,Motional dephasing,3.0,A,"XX,XZ",2.5952311975710473e-11,0.9747392599795414,0.049757264673972124,7.997781776762495e-09,1.0292044487210232,False
motional_dephasing,Motional dephasing,3.0,A,"XX,YI",-1.367295208610384e-10,0.9076630541159515,0.17169524767799804,2.2255686490144433e-08,1.0552921918761877,False
motional_dephasing,Motional dephasing,3.0,A,"XX,YX",3.0137522466376936e-10,0.8200021461465199,-1.612558186134879,3.585839181654279e-08,0.9243586540118455,False
motional_dephasing,Motional dephasing,3.0,A,"XX,YY",-4.054208368584152e-16,0.9917436560855429,0.016338430317785813,1.7082858812582674e-13,0.9572813008436485,False
motional_dephasing,Motional dephasing,3.0,A,"XX,YZ",-6.291062050760623e-11,0.9498813975652992,-0.5959018703231627,1.2286806372509249e-08,0.865573524061637,False
motional_dephasing,Motional dephasing,3.0,A,"XX,ZI",-1.207190646377233e-11,0.9569218800687043,-0.08931468274175325,2.993639791096838e-09,0.9637073376372567,False
motional_dephasing,Motional dephasing,3.0,A,"XX,ZX",-2.6505279700151846e-10,0.4338480880541922,0.7152215199844874,2.30968201223528e-08,0.38302760777032924,False
motional_dephasing,Motional dephasing,3.0,A,"XX,ZY",-1.8295532239983468e-11,0.9808152567986157,0.03710276424293435,6.492430612469607e-09,0.8985527609067707,False
motional_dephasing,Motional dephasing,3.0,A,"XX,ZZ",2.394414183176448e-10,0.6568523265568729,-1.0511482056925732,1.8113356053919e-08,0.8810285206979878,False
motional_dephasing,Motional dephasing,3.0,A,"XY,XZ",-5.97398608813182e-11,0.976081572604208,-0.2864465161272429,2.2343685807051206e-08,0.9759368820088675,False
motional_dephasing,Motional dephasing,3.0,A,"XY,YI",-2.5899061555568213e-11,0.806441923718633,-1.4636520369122246,2.6515096955843573e-09,0.8241820089224726,False
motional_dephasing,Motional dephasing,3.0,A,"XY,YX",3.1091181810469034e-11,0.7736717942699874,-2.9177390794741562,2.8773872127499958e-09,0.6110073262933712,False
motional_dephasing,Motional dephasing,3.0,A,"XY,YY",3.265603209964796e-11,0.9899423094924404,-0.053529189620709294,1.8491542186020946e-08,1.0158939847169164,False
motional_dephasing,Motional dephasing,3.0,A,"XY,YZ",7.356007662404674e-12,0.987444342462842,-0.010499484086085475,2.990316886239478e-09,0.9778605173029344,False
motional_dephasing,Motional dephasing,3.0,A,"XY,ZI",1.522681406902392e-11,0.9608290915732604,-0.8100031654072828,3.950188369651581e-09,0.9306152953747354,False
motional_dephasing,Motional dephasing,3.0,A,"XY,ZX",9.470222137619657e-12,0.9748014985803287,-0.11572026831159454,2.2859939295233175e-09,1.0372844381333723,False
motional_dephasing,Motional dephasing,3.0,A,"XY,ZY",-6.359190106020743e-11,0.8443230688669648,-3.833462596928678,6.8258857571538246e-09,0.9161534297666727,False
motional_dephasing,Motional dephasing,3.0,A,"XY,ZZ",-1.9447093750054005e-11,0.9911007012830296,-0.1502347639035979,1.1057739302501947e-08,1.0158281759917134,False
motional_dephasing,Motional dephasing,3.0,A,"XZ,YI",2.976318410143864e-11,0.9618112710581566,-0.761828550924452,8.732578672226384e-09,0.9693253657404892,False
motional_dephasing,Motional dephasing,3.0,A,"XZ,YX",-1.2891877320691293e-11,0.9815917813674082,-0.647807347029475,4.279183591070886e-09,0.9728857401378319,False
motional_dephasing,Motional dephasing,3.0,A,"XZ,YY",-5.760049817404522e-11,0.9340680447369211,0.11982658456352624,1.1876716393266601e-08,1.0436488054779445,False
motional_dephasing,Motional dephasing,3.0,A,"XZ,YZ",2.2719039603398392e-11,0.9923506501024902,-0.07420996434899707,1.4837870943901447e-08,1.0137803703242632,False
motional_dephasing,Motional dephasing,3.0,A,"XZ,ZI",-5.442863742077059e-11,0.8429182565053066,-2.5339426562936223,5.862551964480379e-09,0.9164429177336335,False
motional_dephasing,Motional dephasing,3.0,A,"XZ,ZX",-1.0186377999439696e-11,0.9947644631153203,-0.20605615350578588,7.58725406712687e-09,1.0120830805432186,False
motional_dephasing,Motional dephasing,3.0,A,"XZ,ZY",7.792577596181168e-11,0.49836724400884475,0.46766450191947617,5.059963055692779e-09,0.44558331676571256,False
motional_dephasing,Motional dephasing,3.0,A,"XZ,ZZ",2.6674390032637866e-11,0.7840076897155058,0.2945279665853521,2.2394378124248244e-09,1.1072007934142174,False
motional_dephasing,Motional dephasing,3.0,A,"YI,YX",-4.0660201069117027e-13,0.9999361205315969,-0.12182311936071732,2.7534788396053923e-09,0.9986709837593141,False
motional_dephasing,Motional dephasing,3.0,A,"YI,YY",2.2015433591094576e-11,0.9049717475588795,0.12263397554233024,3.10614724417525e-09,0.8724214361109842,False
motional_dephasing,Motional dephasing,3.0,A,"YI,YZ",-3.602675743122574e-11,0.8851066715448447,-1.0129719835204387,5.799259134233294e-09,0.9440892690986986,False
motional_dephasing,Motional dephasing,3.0,A,"YI,ZI",3.379015678660221e-11,0.7590716046459263,0.35825455903996417,3.024890223460005e-09,0.8540202255117311,False
motional_dephasing,Motional dephasing,3.0,A,"YI,ZX",8.656666704824173e-12,0.8506851605505016,-0.5968252009580435,1.2261962564568372e-09,0.9364620468108892,False
motional_dephasing,Motional dephasing,3.0,A,"YI,ZY",-5.860280472710957e-11,0.6083288667915412,-1.5975960506900138,4.486896326718158e-09,0.7649041991885024,False
motional_dephasing,Motional dephasing,3.0,A,"YI,ZZ",-1.477301293780131e-11,0.9665854527342554,0.06488429034271215,2.9239517691660426e-09,1.090943440204647,False
motional_dephasing,Motional dephasing,3.0,A,"YX,YY",-2.776919285703568e-11,0.9648737390117889,0.023085963475274585,6.363588669408235e-09,1.0392738671050155,False
motional_dephasing,Motional dephasing,3.0,A,"YX,YZ",-2.6225072401452133e-11,0.968254129416504,-0.9922929091695185,7.908478279401577e-09,0.9701553644994105,False
motional_dephasing,Motional dephasing,3.0,A,"YX,ZI",2.8184790763231923e-12,0.9988478741932624,-0.22676460000290444,4.696973024848625e-09,1.0054005657585665,False
motional_dephasing,Motional dephasing,3.0,A,"YX,ZX",-9.056939758964087e-12,0.9609326414923015,0.07346381841852656,1.8273242916461822e-09,1.0446075489738305,False
motional_dephasing,Motional dephasing,3.0,A,"YX,ZY",4.886146778555494e-11,0.8105552360216244,-0.23019151633505208,5.69347325113105e-09,0.9227618729950766,False
motional_dephasing,Motional dephasing,3.0,A,"YX,ZZ",1.1285111153073613e-11,0.9424040147833838,0.11186116664414614,2.3420568102917604e-09,1.0433661557359961,False
motional_dephasing,Motional dephasing,3.0,A,"YY,YZ",-1.2617634269260514e-10,0.7859646684247048,-0.21595728307420847,1.346097991776769e-08,0.9156386020058956,False
motional_dephasing,Motional dephasing,3.0,A,"YY,ZI",3.975531757865116e-11,0.9482634989709404,0.10078682114666371,7.098708506579377e-09,1.0504032329086677,False
motional_dephasing,Motional dephasing,3.0,A,"YY,ZX",-6.175393352111746e-11,0.7647120034093959,0.3332126256028113,5.6190666291397485e-09,0.7475691048437477,False
motional_dephasing,Motional dephasing,3.0,A,"YY,ZY",-7.296919972820914e-11,0.708256769890647,-1.6206274886164804,6.64231029375613e-09,0.8022607290203798,False
motional_dephasing,Motional dephasing,3.0,A,"YY,ZZ",2.514402179468154e-10,0.39474238779340665,0.6775751157040215,1.8154837667683525e-08,0.35479643890893975,False
motional_dephasing,Motional dephasing,3.0,A,"YZ,ZI",-6.773404659161076e-12,0.9967020633453962,-0.05424297958844604,5.950809309268872e-09,1.0102440926543383,False
motional_dephasing,Motional dephasing,3.0,A,"YZ,ZX",2.587198384585469e-11,0.8510195561064122,-0.3507806792344088,3.6322063096161176e-09,0.8717870986588856,False
motional_dephasing,Motional dephasing,3.0,A,"YZ,ZY",-1.280408862676165e-10,0.5946395601742931,0.6083952926229268,1.2205319788283577e-08,0.41001385590715506,False
motional_dephasing,Motional dephasing,3.0,A,"YZ,ZZ",-8.016967614847709e-12,0.9870391539921812,-0.8728637004899948,3.3084367334494907e-09,0.9781912986867364,False
motional_dephasing,Motional dephasing,3.0,A,"ZI,ZX",-1.770814106188899e-11,0.8729824486860687,-0.5146200613992062,2.850465580442024e-09,0.8881773766008522,False
motional_dephasing,Motional dephasing,3.0,A,"ZI,ZY",8.163530164569495e-11,0.5370744139301505,-1.0452102279653164,5.567207832050719e-09,0.5141456285715896,False
motional_dephasing,Motional dephasing,3.0,A,"ZI,ZZ",-7.85294367928727e-12,0.9557911352013736,-1.0040580819365994,1.5694894359149083e-09,0.8198739246119595,False
motional_dephasing,Motional dephasing,3.0,A,"ZX,ZY",-9.555809636189709e-11,0.5178436651009859,-3.8627646012846064,5.704035826419033e-09,0.6984510990363143,False
motional_dephasing,Motional dephasing,3.0,A,"ZX,ZZ",6.820863918240352e-11,0.7654470366303678,-0.4699843096975447,7.439370640176807e-09,0.8349651382265201,False
motional_dephasing,Motional dephasing,3.0,A,"ZY,ZZ",-2.1608239679631406e-10,0.28547835647118575,0.8595240054311337,1.7714259627043882e-08,0.20168064390077145,False
motional_dephasing,Motional dephasing,4.0,H,IX,7.40668872606876e-13,0.999996201708998,-0.0006418182407208484,1.7916493129181526e-08,0.9985117578969503,False
motional_dephasing,Motional dephasing,4.0,H,IY,-8.668738126190357e-12,0.9866919084390512,-0.11184102846901456,3.848763831388412e-09,1.0202710913305295,False
motional_dephasing,Motional dephasing,4.0,H,IZ,-5.685030139317245e-11,0.5630269241209066,-1.3854061486935985,3.6965007413443503e-09,0.7231691546462543,False
motional_dephasing,Motional dephasing,4.0,H,XI,1.4533451363938215e-10,0.9033771979818742,-1.1147394086439633,2.5648022058386176e-08,0.8980030023541907,False
motional_dephasing,Motional dephasing,4.0,H,XX,-1.3066779138969693e-05,0.0091614189155494,0.9997463665713034,0.0009360141361567686,0.006593054065110756,True
motional_dephasing,Motional dephasing,4.0,H,XY,-3.069372304619684e-10,0.6604833413776902,-0.5517747814235825,2.7203749934864893e-08,0.7969077733200802,False
motional_dephasing,Motional dephasing,4.0,H,XZ,3.506363142116618e-11,0.9523940308478196,-1.2717981971514174,6.484270708873841e-09,0.9026651733220734,False
motional_dephasing,Motional dephasing,4.0,H,YI,-3.079495476024655e-10,0.34520496217186253,0.22425477948627837,1.7982755786095135e-08,0.38351030033667227,False
motional_dephasing,Motional dephasing,4.0,H,YX,3.579813163014804e-11,0.980524643596492,-0.2510093314884023,9.390792329691466e-09,0.9656915866776581,False
motional_dephasing,Motional dephasing,4.0,H,YY,1.2029216095450745e-10,0.8777266988351337,-2.8545066010830484,1.2540844871566012e-08,0.903582567826621,False
motional_dephasing,Motional dephasing,4.0,H,YZ,2.775555230240603e-10,0.7320849011675464,-0.49504736364329793,2.913882999800713e-08,0.8285449547982959,False
motional_dephasing,Motional dephasing,4.0,H,ZI,3.106306994993158e-11,0.8825143793888481,-0.5768779668536179,5.135868184848737e-09,0.8911313065338657,False
motional_dephasing,Motional dephasing,4.0,H,ZX,5.198532782228055e-11,0.9450704411671851,-1.3600638760263295,1.0283269762796427e-08,0.909004050036067,False
motional_dephasing,Motional dephasing,4.0,H,ZY,-3.2185920517356377e-11,0.9688231666312047,-0.26037784264259933,7.631371761921775e-09,0.9620417804697199,False
motional_dephasing,Motional dephasing,4.0,H,ZZ,-7.299937530008657e-19,0.9999095571668426,-0.16032435350264684,4.3583855614417224e-15,0.9969851479707846,False
motional_dephasing,Motional dephasing,4.0,S,IX,9.762798309883549e-05,0.007461870086844726,0.9998324219066567,0.007000066383990542,0.005344961632591242,True
motional_dephasing,Motional dephasing,4.0,S,IY,4.197414673332406e-11,0.8793751312096716,-0.1516106560231616,6.8595318674334604e-09,0.8898562386178517,False
motional_dephasing,Motional dephasing,4.0,S,IZ,2.4851249820556922e-11,0.9603203530634118,-0.14590663131857817,7.167048225297651e-09,0.9375862303826696,False
motional_dephasing,Motional dephasing,4.0,S,XI,9.762786804046869e-05,0.007461560809658525,0.9998324362959834,0.007000057844431708,0.00534585608095925,True
motional_dephasing,Motional dephasing,4.0,S,XX,8.324008864622442e-06,0.05995899987771597,0.9907320195743173,0.000619322729835482,0.04136230446146308,True
motional_dephasing,Motional dephasing,4.0,S,XY,5.220978846481423e-11,0.9030430812433929,-0.3506662900322388,9.808009861743405e-09,0.9041827847224851,False
motional_dephasing,Motional dephasing,4.0,S,XZ,2.0004661107111825e-11,0.9062766147040849,0.04511885043142261,3.293913698520839e-09,0.8906820478964851,False
motional_dephasing,Motional dephasing,4.0,S,YI,4.054313929326309e-11,0.8423933180917677,-0.2314392434454473,5.7961329518515375e-09,0.8740925176594485,False
motional_dephasing,Motional dephasing,4.0,S,YX,6.150277677662643e-11,0.7334819638795178,0.2750108177919499,6.3715398959489356e-09,0.6525015930032408,False
motional_dephasing,Motional dephasing,4.0,S,YY,7.058320699826681e-12,0.9642288265630315,0.05563885968683724,1.6358869657116457e-09,1.0776641511668326,False
motional_dephasing,Motional dephasing,4.0,S,YZ,3.250140630187151e-11,0.8208499700593467,0.05942508275452141,3.346595532378177e-09,0.8251879237351539,False
motional_dephasing,Motional dephasing,4.0,S,ZI,6.774341556673771e-11,0.724873976630563,-0.3381181588694748,6.917736755798027e-09,0.823731153230243,False
motional_dephasing,Motional dephasing,4.0,S,ZX,3.691732218333247e-11,0.824722841798848,-0.04102684653893185,4.7576125797494945e-09,0.8603266263990387,False
motional_dephasing,Motional dephasing,4.0,S,ZY,4.843022241648191e-11,0.45597926512436576,0.31595748888863806,2.8900969841058263e-09,0.6215302330022802,False
motional_dephasing,Motional dephasing,4.0,S,ZZ,-4.172025122596314e-11,0.7104886346933021,0.07422861167085604,4.608375443455968e-09,0.6740870915221421,False
motional_dephasing,Motional dephasing,4.0,C,"IX,IY",1.4523848574375094e-11,0.9145464608997605,-0.1346477785833693,2.8356319930945753e-09,0.9078056408675763,False
motional_dephasing,Motional dephasing,4.0,C,"IX,IZ",-1.9578653040878e-11,0.9673308220777687,-1.1650869908132284,4.6288151099160206e-09,0.9238648020352237,False
motional_dephasing,Motional dephasing,4.0,C,"IX,XI",9.762785980135367e-05,0.00746122925883995,0.9998324512037408,0.007000058661278327,0.005345618155782259,True
motional_dephasing,Motional dephasing,4.0,C,"IX,XX",2.9458192219702173e-11,0.9726686812453331,0.02370131988572155,8.578186557772629e-09,0.9381865320387341,False
motional_dephasing,Motional dephasing,4.0,C,"IX,XY",1.760400281479058e-11,0.995804183327786,-0.15082076699949742,1.4525848090114265e-08,1.021814358012038,False
motional_dephasing,Motional dephasing,4.0,C,"IX,XZ",-8.469628520554943e-11,0.8342559226901385,0.13333531652144714,9.856425812522054e-09,0.8453259667654524,False
motional_dephasing,Motional dephasing,4.0,C,"IX,YI",2.4073057246650012e-11,0.8296958705287271,-0.9972252879441943,3.2437751841358437e-09,0.8664164420028581,False
motional_dephasing,Motional dephasing,4.0,C,"IX,YX",2.1997867122601985e-10,0.546952411565626,0.46565551395797256,1.6848242595076152e-08,0.5381779491493209,False
motional_dephasing,Motional dephasing,4.0,C,"IX,YY",-7.963522920887381e-11,0.9035722961696847,0.061160020919588165,1.2784219239856678e-08,0.8878747228230577,False
motional_dephasing,Motional dephasing,4.0,C,"IX,YZ",-3.869133090674128e-12,0.9950887643326918,-0.16729063735914695,3.1904051447289107e-09,0.9781706734810158,False
motional_dephasing,Motional dephasing,4.0,C,"IX,ZI",1.722090096983009e-10,0.31042299049421834,0.3289682339348138,1.1402798752516476e-08,0.3519910810048621,False
motional_dephasing,Motional dephasing,4.0,C,"IX,ZX",-8.021343700941027e-11,0.8738225885620405,0.06476917519549796,1.1376787390380991e-08,0.8730887888974576,False
motional_dephasing,Motional dephasing,4.0,C,"IX,ZY",7.1491590841280504e-12,0.9668380341588002,-0.027654191606223844,1.9893783935949837e-09,0.9353140338064294,False
motional_dephasing,Motional dephasing,4.0,C,"IX,ZZ",-8.911629987348753e-11,0.739775501848678,0.07243499575753554,7.517434858914632e-09,0.7866169208209973,False
motional_dephasing,Motional dephasing,4.0,C,"IY,IZ",4.0481893160325626e-11,0.8718872356574769,-0.15850297922886147,6.4080983463253015e-09,0.8862885621436013,False
motional_dephasing,Motional dephasing,4.0,C,"IY,XI",-1.8305353400289438e-11,0.627043502039903,-1.018878134986347,1.2830930894695858e-09,0.649693124898526,False
motional_dephasing,Motional dephasing,4.0,C,"IY,XX",8.677390989365962e-11,0.8500660357241078,-3.643123946084242,8.757177162840903e-09,0.8216399703875387,False
motional_dephasing,Motional dephasing,4.0,C,"IY,XY",-1.3780078517080123e-11,0.9831247357292621,-0.34891466161935636,6.196638397539745e-09,0.9599716172875405,False
motional_dephasing,Motional dephasing,4.0,C,"IY,XZ",2.463468601089023e-11,0.8346228631206847,-0.016565223097047888,2.1808847174193974e-09,0.9190672788199905,False
motional_dephasing,Motional dephasing,4.0,C,"IY,YI",6.497501174019037e-12,0.9794386869362488,0.040283803610490665,1.9845122904588928e-09,0.9224352332290395,False
motional_dephasing,Motional dephasing,4.0,C,"IY,YX",4.318965621938747e-11,0.7875529257117362,0.11935418943796261,4.668704157810126e-09,0.8334840277577958,False
motional_dephasing,Motional dephasing,4.0,C,"IY,YY",-4.8515514467513914e-12,0.9787073570446151,0.007807421917583879,1.4656831775098006e-09,1.0297908604606814,False
motional_dephasing,Motional dephasing,4.0,C,"IY,YZ",2.987507869894983e-11,0.5897742276386475,-2.0676705862027225,1.9661043043266867e-09,0.7197763359223501,False
motional_dephasing,Motional dephasing,4.0,C,"IY,ZI",1.0859738049359046e-10,0.7238348066341659,-0.45232230256705397,1.1123765003299472e-08,0.8242723710627814,False
motional_dephasing,Motional dephasing,4.0,C,"IY,ZX",1.2019910539695497e-11,0.6808756416342143,-12.954198065406235,8.704719160786853e-10,0.8757235094446393,False
motional_dephasing,Motional dephasing,4.0,C,"IY,ZY",8.750316698663013e-11,0.5051919969101522,-0.6236072744372774,5.4849075101150245e-09,0.7128380008496603,False
motional_dephasing,Motional dephasing,4.0,C,"IY,ZZ",-1.4355672336948843e-11,0.9445051905032693,0.0764046548978855,2.4344332945409732e-09,0.9002693835091395,False
motional_dephasing,Motional dephasing,4.0,C,"IZ,XI",-5.027744093195806e-12,0.9953990554707393,-0.11547242599205432,3.6254909932962764e-09,0.9875190155147451,False
motional_dephasing,Motional dephasing,4.0,C,"IZ,XX",2.709809312759796e-10,0.6854904135247644,-0.2749608379554329,2.5206326134217107e-08,0.8064907699362699,False
motional_dephasing,Motional dephasing,4.0,C,"IZ,XY",-4.494683834840476e-11,0.9462479846869905,-0.428392789718117,1.1392326977851169e-08,0.9289835086506718,False
motional_dephasing,Motional dephasing,4.0,C,"IZ,XZ",5.7559808940273646e-12,0.9831546666941078,-0.06719435184985634,1.968427308899582e-09,0.9736826308942004,False
motional_dephasing,Motional dephasing,4.0,C,"IZ,YI",-1.248593101630265e-11,0.9343326434024702,-0.2142491437374079,1.7368339048234718e-09,1.033398820776812,False
motional_dephasing,Motional dephasing,4.0,C,"IZ,YX",-2.6562395106294695e-11,0.9233728973651764,-0.6375435146551165,4.578439721059066e-09,0.7911414625755051,False
motional_dephasing,Motional dephasing,4.0,C,"IZ,YY",2.6373794066424702e-12,0.998653134169883,-0.16333047876832052,3.1193168550873934e-09,0.9923905086393934,False
motional_dephasing,Motional dephasing,4.0,C,"IZ,YZ",1.0016118521686015e-11,0.9038319688200881,-0.15634447657563544,1.441641846708996e-09,0.7498822140853949,False
motional_dephasing,Motional dephasing,4.0,C,"IZ,ZI",2.973417993449831e-11,0.927168336632301,0.002072859324879439,5.472396716237652e-09,0.9021972882132461,False
motional_dephasing,Motional dephasing,4.0,C,"IZ,ZX",-5.968186301246584e-12,0.9645821163830457,-0.04753264786021005,1.7398025587709733e-09,0.8765062703456109,False
motional_dephasing,Motional dephasing,4.0,C,"IZ,ZY",3.8954897389154184e-11,0.4987099092448299,0.29107930455435316,2.606398549442998e-09,0.46194863164374983,False
motional_dephasing,Motional dephasing,4.0,C,"IZ,ZZ",-4.9176700338735437e-11,0.8750269559129794,-0.10725186794072816,7.660966823010419e-09,0.8844557577982824,False
motional_dephasing,Motional dephasing,4.0,C,"XI,XX",2.2874135217438695e-10,0.30812575558900723,0.4470219502389968,1.3658336406867307e-08,0.3297618383164808,False
motional_dephasing,Motional dephasing,4.0,C,"XI,XY",1.4581821762587798e-11,0.9986917210011235,-0.15215218544884035,2.2299513002668572e-08,1.0117703373923534,False
motional_dephasing,Motional dephasing,4.0,C,"XI,XZ",-3.000403894389879e-11,0.9616262446113928,0.05299405923155953,6.319857987361672e-09,1.0278659105151509,False
motional_dephasing,Motional dephasing,4.0,C,"XI,YI",-2.117783598459439e-11,0.8688614600566679,0.15639813643892464,2.6076394841181233e-09,1.031783122613048,False
motional_dephasing,Motional dephasing,4.0,C,"XI,YX",1.1921299804701856e-10,0.7297210389692288,0.3700220795347716,1.1539765405196035e-08,0.601640460060456,False
motional_dephasing,Motional dephasing,4.0,C,"XI,YY",-8.28002227171997e-12,0.9971465061793394,-0.053253059400811376,8.528760746043081e-09,1.0087375179893578,False
motional_dephasing,Motional dephasing,4.0,C,"XI,YZ",-8.559284949262927e-12,0.9472017830190249,0.09299553834984764,1.8794064804249064e-09,1.0819764807088992,False
motional_dephasing,Motional dephasing,4.0,C,"XI,ZI",1.3782302353855733e-10,0.3736863132099513,0.34779968517751836,8.55500040140021e-09,0.4200317224326504,False
motional_dephasing,Motional dephasing,4.0,C,"XI,ZX",-4.619988096643892e-11,0.920419019762934,0.08226117049110737,7.077898779589537e-09,0.9103796428285443,False
motional_dephasing,Motional dephasing,4.0,C,"XI,ZY",5.2908653041270575e-12,0.9154396946786594,0.07437019337538076,7.311184422179098e-10,1.0582794959243296,False
motional_dephasing,Motional dephasing,4.0,C,"XI,ZZ",-1.5626586024451232e-10,0.7504363540545449,-0.261483167464847,1.6850182730247873e-08,0.833070920984615,False
motional_dephasing,Motional dephasing,4.0,C,"XX,XY",-5.1439744610001375e-12,0.9765320986018631,0.040895649045169624,1.4240051307765414e-09,0.9349780851930567,False
motional_dephasing,Motional dephasing,4.0,C,"XX,XZ",-2.7284210455928168e-11,0.9557380171224386,-1.0953314603682522,6.142263999460256e-09,0.9600215988559053,False
motional_dephasing,Motional dephasing,4.0,C,"XX,YI",1.4214058293006235e-11,0.9845257232471277,-0.8888481035834896,4.947836509375536e-09,0.9741449572162194,False
motional_dephasing,Motional dephasing,4.0,C,"XX,YX",-6.704939968460901e-12,0.9858465015460004,-0.3826798363839259,2.3910343238270694e-09,0.9495243885754335,False
motional_dephasing,Motional dephasing,4.0,C,"XX,YY",1.1968663648193871e-10,0.9214333014708261,0.05954867112700635,2.0534962923597922e-08,0.8950882227209089,False
motional_dephasing,Motional dephasing,4.0,C,"XX,YZ",-2.7568605110164664e-11,0.9570511837086533,-0.5415008433370785,5.99947384720254e-09,0.8345738627681991,False
motional_dephasing,Motional dephasing,4.0,C,"XX,ZI",-7.826087196074211e-11,0.9308390861791859,-0.6603224840961539,1.2020658739929316e-08,0.9414052205552571,False
motional_dephasing,Motional dephasing,4.0,C,"XX,ZX",2.654818324386375e-10,0.26873695233542116,0.6893047388544422,1.6130155547420836e-08,0.3206033313337702,False
motional_dephasing,Motional dephasing,4.0,C,"XX,ZY",-1.0042556906204774e-10,0.8334180705379906,-3.419595888515209,1.1145374869074513e-08,0.8378107273778076,False
motional_dephasing,Motional dephasing,4.0,C,"XX,ZZ",4.7923962481266677e-11,0.7913870466601495,-2.9595448362501755,5.133938529057715e-09,0.8319747461368362,False
motional_dephasing,Motional dephasing,4.0,C,"XY,XZ",1.257338350664372e-11,0.9699898900958568,-0.08748054984523579,3.90745421507505e-09,0.9420797044156177,False
motional_dephasing,Motional dephasing,4.0,C,"XY,YI",-3.634760884974393e-11,0.7572748839142585,-5.690390777906821,3.357961852224463e-09,0.9025812400367232,False
motional_dephasing,Motional dephasing,4.0,C,"XY,YX",2.319150067704747e-13,0.9999881882149299,-0.11410746309968167,2.870701219292326e-09,0.9992729180428436,False
motional_dephasing,Motional dephasing,4.0,C,"XY,YY",1.3004178407978376e-12,0.9987946290516024,-0.22705848530279416,2.051303840439222e-09,0.9942944773287831,False
motional_dephasing,Motional dephasing,4.0,C,"XY,YZ",-3.9196069410917023e-11,0.8273998211755792,-1.2124832221181316,4.523937979344845e-09,0.8440453311655078,False
motional_dephasing,Motional dephasing,4.0,C,"XY,ZI",-4.8622379456354994e-11,0.8861686914786621,-1.0193759080552853,8.077036050113928e-09,0.8916430699597974,False
motional_dephasing,Motional dephasing,4.0,C,"XY,ZX",3.457849294765422e-11,0.7633291739122374,-2.365385634110367,2.8511742448585178e-09,0.8415598392642814,False
motional_dephasing,Motional dephasing,4.0,C,"XY,ZY",-1.8824924989394723e-11,0.86069929443713,-1.3897592810113033,2.4819004067495e-09,0.7269442005911196,False
motional_dephasing,Motional dephasing,4.0,C,"XY,ZZ",3.372831880431573e-11,0.9389205062862762,-0.1732775209646491,7.682346682428057e-09,0.920973399981241,False
motional_dephasing,Motional dephasing,4.0,C,"XZ,YI",4.6002457628214646e-12,0.9881059776001644,-0.4093986722906213,2.3666206015968966e-09,0.9650115343055353,False
motional_dephasing,Motional dephasing,4.0,C,"XZ,YX",-5.5569763629378225e-11,0.704944711922779,0.14080465076727566,4.8291348385132346e-09,0.7928706116566501,False
motional_dephasing,Motional dephasing,4.0,C,"XZ,YY",-2.8889279727471364e-11,0.673400675052655,-7.292277142362593,2.1890251693833993e-09,0.7624481242301298,False
motional_dephasing,Motional dephasing,4.0,C,"XZ,YZ",-2.091475753109145e-12,0.9644778897710841,0.04505183578386063,4.2289345962762674e-10,1.1780427798013893,False
motional_dephasing,Motional dephasing,4.0,C,"XZ,ZI",-7.097770534614918e-11,0.7190141824756517,-0.3436752064187365,7.1791982480715645e-09,0.8220415912634998,False
motional_dephasing,Motional dephasing,4.0,C,"XZ,ZX",1.1990376714740869e-11,0.8842576329559582,0.21760690753450562,1.4456368873510165e-09,1.149295291752562,False
motional_dephasing,Motional dephasing,4.0,C,"XZ,ZY",-4.571731634044705e-11,0.7325332693374109,-0.6992845930428027,4.507623389941729e-09,0.8174400070857107,False
motional_dephasing,Motional dephasing,4.0,C,"XZ,ZZ",7.61426664305262e-12,0.8157621993594493,-1.7663970059720357,7.501677373789136e-10,0.8172984617362729,False
motional_dephasing,Motional dephasing,4.0,C,"YI,YX",8.546729613944547e-11,0.35224637561452676,-0.11982096133027276,4.898931558858326e-09,0.3133461170774971,False
motional_dephasing,Motional dephasing,4.0,C,"YI,YY",-3.934057918288993e-11,0.17992392326734274,0.8564564147311584,2.5960668182930934e-09,0.19444325471975793,False
motional_dephasing,Motional dephasing,4.0,C,"YI,YZ",5.6993588612806096e-12,0.9664031491844187,0.06524454632880905,1.3746074728357556e-09,1.074631093988901,False
motional_dephasing,Motional dephasing,4.0,C,"YI,ZI",-2.391326841720014e-12,0.9980973437314667,-0.03636104998703016,2.6738351761937247e-09,0.9839018188053632,False
motional_dephasing,Motional dephasing,4.0,C,"YI,ZX",-1.634679077697747e-11,0.9610389745153052,-0.0400502142014032,4.388624783001213e-09,0.9329534310781581,False
motional_dephasing,Motional dephasing,4.0,C,"YI,ZY",-4.620080370448454e-11,0.8792753236348033,-0.19214250128735144,7.605590871453334e-09,0.8906574806959331,False
motional_dephasing,Motional dephasing,4.0,C,"YI,ZZ",6.211718518564511e-11,0.6542808998615162,-4.0475415349143935,4.008578777002911e-09,0.8605354421676618,False
motional_dephasing,Motional dephasing,4.0,C,"YX,YY",-8.286018385429047e-11,0.4171989693333866,0.05383055719312224,5.383626623610298e-09,0.5611669250660252,False
motional_dephasing,Motional dephasing,4.0,C,"YX,YZ",-4.058450255012933e-11,0.7108685085277789,-5.963948644744174,3.1486297759504943e-09,0.7333536064118236,False
motional_dephasing,Motional dephasing,4.0,C,"YX,ZI",4.3702689800713505e-11,0.9479802685770435,0.03689645420984322,7.3845300705948215e-09,1.0969343014589383,False
motional_dephasing,Motional dephasing,4.0,C,"YX,ZX",-4.944263108656772e-11,0.4449166521841213,-0.6866576923221406,3.1550526353578032e-09,0.5656826801527836,False
motional_dephasing,Motional dephasing,4.0,C,"YX,ZY",-6.939112411078043e-13,0.9999416123208611,-0.003818926602105144,3.6144810860235184e-09,0.9930886885045611,False
motional_dephasing,Motional dephasing,4.0,C,"YX,ZZ",-3.752117980988734e-11,0.7616531766881263,-0.6869208755423548,3.873097406289107e-09,0.9128112250054319,False
motional_dephasing,Motional dephasing,4.0,C,"YY,YZ",-2.5322291391418044e-11,0.7414611510449575,0.2589811332847448,1.839577443234388e-09,1.0693907965599383,False
motional_dephasing,Motional dephasing,4.0,C,"YY,ZI",-9.424018963833226e-11,0.4064057213308773,-0.25718412919236533,6.1510918975956104e-09,0.49503006648189574,False
motional_dephasing,Motional dephasing,4.0,C,"YY,ZX",-7.571486107059569e-12,0.9321019737089214,-0.3496014402426768,1.596623989135757e-09,0.8292813450700518,False
motional_dephasing,Motional dephasing,4.0,C,"YY,ZY",-5.84455457069041e-11,0.5447474998147853,0.14736854474960748,4.8896511962023434e-09,0.5696953502362916,False
motional_dephasing,Motional dephasing,4.0,C,"YY,ZZ",-6.733891921518636e-11,0.6874898826686919,-5.186198984686153,5.516209171515726e-09,0.7802656664775646,False
motional_dephasing,Motional dephasing,4.0,C,"YZ,ZI",-2.3760566833473687e-12,0.9937609112891906,-0.01610028442816258,1.2176155991002711e-09,1.0351252237010236,False
motional_dephasing,Motional dephasing,4.0,C,"YZ,ZX",-2.725967884271421e-11,0.261937105813977,0.46291864837410723,1.7880007722906213e-09,0.24273398313558595,False
motional_dephasing,Motional dephasing,4.0,C,"YZ,ZY",1.3793598684135227e-11,0.9259019173545089,-0.6453557949129851,2.917502708551286e-09,0.9148981848117214,False
motional_dephasing,Motional dephasing,4.0,C,"YZ,ZZ",-2.7603622947914616e-11,0.8324337627321,-0.2128754796056409,3.7127263605090877e-09,0.8661724121800527,False
motional_dephasing,Motional dephasing,4.0,C,"ZI,ZX",-3.5527276352305836e-11,0.30968492508933365,0.7492355898756595,2.3377716277325386e-09,0.2941284154553502,False
motional_dephasing,Motional dephasing,4.0,C,"ZI,ZY",3.801576839678594e-11,0.5644486161930955,-0.07513180095124183,2.7899238756564913e-09,0.5094605719440073,False
motional_dephasing,Motional dephasing,4.0,C,"ZI,ZZ",2.3913675454197006e-11,0.9075142514486267,-0.7655517332017192,4.1288247763973025e-09,0.9478730411815707,False
motional_dephasing,Motional dephasing,4.0,C,"ZX,ZY",-9.685222189633287e-12,0.9748740537503976,0.04699786801279249,3.0709759335899113e-09,1.0567682727521757,False
motional_dephasing,Motional dephasing,4.0,C,"ZX,ZZ",-3.143303757062218e-11,0.6667467704857137,-0.06249803693118805,2.615342032555489e-09,0.6122641359568637,False
motional_dephasing,Motional dephasing,4.0,C,"ZY,ZZ",-1.130464408140277e-11,0.9161415498764053,0.05707620160175231,1.888644897081972e-09,0.8922594746213861,False
motional_dephasing,Motional dephasing,4.0,A,"IX,IY",6.107262304306898e-11,0.8370909702892945,0.15348694468715696,6.484050855980603e-09,0.8473843406597522,False
motional_dephasing,Motional dephasing,4.0,A,"IX,IZ",6.41361361627697e-11,0.968459795487146,0.04241497717410003,1.8995031060362442e-08,1.0607764444954704,False
motional_dephasing,Motional dephasing,4.0,A,"IX,XI",-9.878097384037368e-11,0.8584471274972759,0.17396067199639254,1.0478006636007597e-08,1.009589187097726,False
motional_dephasing,Motional dephasing,4.0,A,"IX,XX",1.5306335183117108e-10,0.845849703138997,-2.0013028698502406,2.004115911636062e-08,0.8625258989779728,False
motional_dephasing,Motional dephasing,4.0,A,"IX,XY",9.06994945331893e-11,0.7711016490796663,-6.10940833750436,7.779055436248483e-09,0.790129930943809,False
motional_dephasing,Motional dephasing,4.0,A,"IX,XZ",4.0144276510587375e-11,0.6175304661928739,-0.2373145285527909,3.257982697500351e-09,0.7782072391774896,False
motional_dephasing,Motional dephasing,4.0,A,"IX,YI",5.616555916541211e-11,0.8665424602021684,0.1328492864740648,6.646517297582364e-09,0.8659318669131253,False
motional_dephasing,Motional dephasing,4.0,A,"IX,YX",-1.5649381282386537e-10,0.3955716385922057,0.48732332203197626,1.0903535968744736e-08,0.48231517541240265,False
motional_dephasing,Motional dephasing,4.0,A,"IX,YY",-2.556145467320187e-11,0.9584329127341707,-0.9729524206824511,5.174038049950548e-09,0.9555370312630354,False
motional_dephasing,Motional dephasing,4.0,A,"IX,YZ",-1.3658233400953814e-10,0.7846732379602285,-1.22758276675388,1.530653992701015e-08,0.839383556055447,False
motional_dephasing,Motional dephasing,4.0,A,"IX,ZI",1.0736323054751672e-10,0.7155537091883665,0.4650370433256651,1.1749017926440046e-08,0.4802692659679289,False
motional_dephasing,Motional dephasing,4.0,A,"IX,ZX",2.3767074861752203e-11,0.848046847166442,0.09639508198826219,2.9584640833671625e-09,0.8553954567450308,False
motional_dephasing,Motional dephasing,4.0,A,"IX,ZY",1.281283298105636e-10,0.8427394212813999,-0.35182561404291657,1.7332326805294e-08,0.8669359306169034,False
motional_dephasing,Motional dephasing,4.0,A,"IX,ZZ",-2.787288614737693e-11,0.9633562751299092,-1.0697249442824361,5.465558340309744e-09,0.9220516547987573,False
motional_dephasing,Motional dephasing,4.0,A,"IY,IZ",-1.1092626674298345e-11,0.9428712355316455,-0.1133678709136956,2.590034260375285e-09,0.9229094057974201,False
motional_dephasing,Motional dephasing,4.0,A,"IY,XI",-1.189686110426002e-10,0.8228560445648313,-0.07338914737146629,1.5248267991924214e-08,0.8595620827295959,False
motional_dephasing,Motional dephasing,4.0,A,"IY,XX",-8.972656596051451e-11,0.5340178376076172,0.575208737498971,7.593453633384457e-09,0.5560735351331471,False
motional_dephasing,Motional dephasing,4.0,A,"IY,XY",-4.903752832506729e-12,0.9966250156939233,-0.05767774552487803,4.5657650111751825e-09,1.0193324778583823,False
motional_dephasing,Motional dephasing,4.0,A,"IY,XZ",1.8523241122229798e-11,0.8495173362384444,-2.6236155163162596,1.9084578453155976e-09,0.8252943647571113,False
motional_dephasing,Motional dephasing,4.0,A,"IY,YI",6.362945153843126e-11,0.7964252841291832,-0.8609063451045691,7.242318912533227e-09,0.8418558832434586,False
motional_dephasing,Motional dephasing,4.0,A,"IY,YX",-8.337369879552146e-12,0.9864093690611692,-0.038003518769018196,2.793339091533514e-09,1.0516565688510255,False
motional_dephasing,Motional dephasing,4.0,A,"IY,YY",-3.78338133798083e-11,0.8697138222932514,-0.4179701560918083,5.31233504034931e-09,0.8718061576191983,False
motional_dephasing,Motional dephasing,4.0,A,"IY,YZ",2.3941574021706755e-12,0.9934472813219407,-0.10040067150160614,1.6926039235124267e-09,1.012730335975366,False
motional_dephasing,Motional dephasing,4.0,A,"IY,ZI",4.1686579040328425e-11,0.7615028640311114,-1.4340883464368246,4.107306721383906e-09,0.9086556625027156,False
motional_dephasing,Motional dephasing,4.0,A,"IY,ZX",-5.283624420932252e-11,0.876299953711574,-0.1610241617546,7.59274754391314e-09,0.874741996850635,False
motional_dephasing,Motional dephasing,4.0,A,"IY,ZY",1.6261147042755525e-11,0.856132850390995,-0.036990801104708426,2.032991952956607e-09,0.9280123449716756,False
motional_dephasing,Motional dephasing,4.0,A,"IY,ZZ",-4.2941195467241455e-11,0.673700245229484,-0.0981023623138444,4.115178516104897e-09,0.6243460567334261,False
motional_dephasing,Motional dephasing,4.0,A,"IZ,XI",-6.502787878967373e-11,0.9322072735348753,0.12295526858784123,1.2133667383038143e-08,1.0964672741771702,False
motional_dephasing,Motional dephasing,4.0,A,"IZ,XX",5.633047670859716e-11,0.7436433489983332,-5.714147087966596,4.83151890024699e-09,0.8950693765574512,False
motional_dephasing,Motional dephasing,4.0,A,"IZ,XY",-2.8393035384185156e-11,0.2227957061598018,0.6965809518426419,1.8216706502635627e-09,0.20586428718239916,False
motional_dephasing,Motional dephasing,4.0,A,"IZ,XZ",-5.179135049354375e-13,0.999548572605408,-0.06519589584684571,1.0637030581010795e-09,1.0175282810702457,False
motional_dephasing,Motional dephasing,4.0,A,"IZ,YI",2.6164217497498042e-11,0.9684075009560538,-0.10989424559334005,8.40762142503378e-09,0.9439846430819675,False
motional_dephasing,Motional dephasing,4.0,A,"IZ,YX",3.291802809828361e-11,0.8475482642122776,-0.5162641745520371,4.570918110326367e-09,0.8703707895290214,False
motional_dephasing,Motional dephasing,4.0,A,"IZ,YY",-3.603102171299127e-11,0.920290850252006,-0.23856179892426077,7.3433642022407465e-09,0.9116810261656446,False
motional_dephasing,Motional dephasing,4.0,A,"IZ,YZ",-2.3503261219509344e-11,0.9425146019964081,-1.3494300530955612,4.7467234297596214e-09,0.9108735302969627,False
motional_dephasing,Motional dephasing,4.0,A,"IZ,ZI",1.877515474522174e-11,0.5989029936757488,-0.5509565959427372,1.2407433367815457e-09,0.7152690455298099,False
motional_dephasing,Motional dephasing,4.0,A,"IZ,ZX",-4.127922331119838e-11,0.9220407526544471,-0.1088451180072505,8.163658308795085e-09,0.9089836943810994,False
motional_dephasing,Motional dephasing,4.0,A,"IZ,ZY",-2.231046871756238e-11,0.956780920653818,-0.4215836377783124,6.316473087216124e-09,0.936422045757007,False
motional_dephasing,Motional dephasing,4.0,A,"IZ,ZZ",-1.5849917441867216e-11,0.9174129640412708,-0.8280094545732337,3.0991443853758846e-09,0.9539714065437117,False
motional_dephasing,Motional dephasing,4.0,A,"XI,XX",8.472989156363707e-12,0.9995939241023364,3.25207126304905e-05,1.7358427740232594e-08,1.008786153164152,False
motional_dephasing,Motional dephasing,4.0,A,"XI,XY",4.011354395901173e-11,0.8819134417956385,-0.7455791935566121,5.8251823981981635e-09,0.9380239328226398,False
motional_dephasing,Motional dephasing,4.0,A,"XI,XZ",-5.201097662544619e-12,0.9488409876499623,-0.24993569942849225,8.277814493173823e-10,0.9822138056922023,False
motional_dephasing,Motional dephasing,4.0,A,"XI,YI",1.0367427244105198e-10,0.8171583767965939,-0.03699756987305025,1.2739568842055083e-08,0.8535164786912914,False
motional_dephasing,Motional dephasing,4.0,A,"XI,YX",-9.402173207414916e-11,0.36369203605579137,0.6004824633514607,6.720597511974212e-09,0.4114836816448795,False
motional_dephasing,Motional dephasing,4.0,A,"XI,YY",-1.024231868351353e-10,0.7998632127479701,-5.404333242765154,9.197080306288055e-09,0.7995431917918612,False
motional_dephasing,Motional dephasing,4.0,A,"XI,YZ",-2.357478114616618e-10,0.7119370797918284,-1.3490737436839866,2.2499908410907482e-08,0.8114009831145459,False
motional_dephasing,Motional dephasing,4.0,A,"XI,ZI",1.6287409047006094e-10,0.6314916867918572,0.5068236287550845,1.550391453806017e-08,0.49390347293721926,False
motional_dephasing,Motional dephasing,4.0,A,"XI,ZX",3.883495754796166e-12,0.9882896059916905,-0.18162918689817587,1.777327861278141e-09,1.0196651740821925,False
motional_dephasing,Motional dephasing,4.0,A,"XI,ZY",1.1901606249508446e-10,0.7709969008926867,-0.2483075417416969,1.2679662698075645e-08,0.8310452591742327,False
motional_dephasing,Motional dephasing,4.0,A,"XI,ZZ",-8.471207825877518e-11,0.8489805453905811,-2.850045478866266,1.0201910574975038e-08,0.8505360934648574,False
motional_dephasing,Motional dephasing,4.0,A,"XX,XY",-5.7230516181575715e-11,0.9532612138826333,-0.23259265039075228,1.3785480271783562e-08,0.8505457523483029,False
motional_dephasing,Motional dephasing,4.0,A,"XX,XZ",-1.5712677642960034e-10,0.920538311292949,0.15148377464987217,2.6790580669557416e-08,1.1055700139768387,False
motional_dephasing,Motional dephasing,4.0,A,"XX,YI",4.0339974390247396e-11,0.9009112408387552,0.18633959795306243,5.606253308158591e-09,1.129519573788747,False
motional_dephasing,Motional dephasing,4.0,A,"XX,YX",2.455859071615643e-10,0.7365365879387872,0.3186486087219613,1.9668043743363888e-08,0.9685286061906464,False
motional_dephasing,Motional dephasing,4.0,A,"XX,YY",8.775697198500692e-16,0.8430083032688838,-0.7156760729769303,1.2149078672053593e-13,0.8699798117725814,False
motional_dephasing,Motional dephasing,4.0,A,"XX,YZ",1.1091713109213451e-10,0.8360913095458942,-1.8265547731507854,1.2659127001523046e-08,0.9211435212152379,False
motional_dephasing,Motional dephasing,4.0,A,"XX,ZI",9.141514722380949e-11,0.7130394318201796,-0.5606316730586915,9.16779788278238e-09,0.8205160420127872,False
motional_dephasing,Motional dephasing,4.0,A,"XX,ZX",-3.6546579411837567e-10,0.48014976393237974,0.6062770940642217,2.994980760467758e-08,0.33788975149521244,False
motional_dephasing,Motional dephasing,4.0,A,"XX,ZY",-1.988184817325347e-10,0.8082898779867026,-0.10977958495635431,2.4850189373935322e-08,0.8559877103013445,False
motional_dephasing,Motional dephasing,4.0,A,"XX,ZZ",1.2028832332867089e-10,0.877729026797857,-2.854465209434151,1.2540265908860865e-08,0.9036233012035616,False
motional_dephasing,Motional dephasing,4.0,A,"XY,XZ",6.114385489338899e-12,0.9715117814314996,0.04790145192143591,1.4385444802362473e-09,1.1530143006631615,False
motional_dephasing,Motional dephasing,4.0,A,"XY,YI",-1.010542048576298e-10,0.8206153655302485,-0.5045896913923056,1.3479403029051325e-08,0.8650551746604052,False
motional_dephasing,Motional dephasing,4.0,A,"XY,YX",-2.4858622977188435e-11,0.7730903639715347,0.027430039399354622,2.705360919057665e-09,0.8346042443219553,False
motional_dephasing,Motional dephasing,4.0,A,"XY,YY",5.303570184141012e-11,0.9089724014544206,-0.36395357182266097,9.753794028850433e-09,0.9021260208774476,False
motional_dephasing,Motional dephasing,4.0,A,"XY,YZ",2.312840514964488e-11,0.9167187077351253,-0.853527264341772,4.525622582008563e-09,0.9080101610000274,False
motional_dephasing,Motional dephasing,4.0,A,"XY,ZI",-2.688128824159034e-11,0.9381680646806104,-0.38016492844850736,6.22951337251534e-09,0.9223272895627075,False
motional_dephasing,Motional dephasing,4.0,A,"XY,ZX",3.9716214528226196e-11,0.9159288068961523,-0.3834333960309102,7.891574640371875e-09,0.9094107457527154,False
motional_dephasing,Motional dephasing,4.0,A,"XY,ZY",2.4415614134345492e-11,0.6016642538123561,0.5016411342056293,1.6261054659656815e-09,0.8508633916264124,False
motional_dephasing,Motional dephasing,4.0,A,"XY,ZZ",-4.7669476166027715e-11,0.830717509902242,-0.7657522815839815,5.960713385571961e-09,0.8560490136859408,False
motional_dephasing,Motional dephasing,4.0,A,"XZ,YI",-6.907980083410761e-11,0.654383029030536,-2.232393929189085,5.588364864072109e-09,0.7774954847690682,False
motional_dephasing,Motional dephasing,4.0,A,"XZ,YX",5.466466150026534e-12,0.9856702102951688,-0.039266037614169136,1.9243072650984226e-09,0.9744332954291879,False
motional_dephasing,Motional dephasing,4.0,A,"XZ,YY",5.936370236774913e-11,0.6418997916249445,-5.118257545710485,4.455451130117365e-09,0.7601709430956464,False
motional_dephasing,Motional dephasing,4.0,A,"XZ,YZ",-2.0854906034572126e-11,0.7094948054544602,0.24426725965647933,1.7382091415415274e-09,0.7840373176904444,False
motional_dephasing,Motional dephasing,4.0,A,"XZ,ZI",-4.7702401171959615e-11,0.7769621589083275,-5.481738573689522,4.204828161160926e-09,0.7957958831644129,False
motional_dephasing,Motional dephasing,4.0,A,"XZ,ZX",2.054922881381256e-11,0.8544516465449263,-0.2714217949719544,2.705324619150306e-09,0.8632747744835145,False
motional_dephasing,Motional dephasing,4.0,A,"XZ,ZY",-2.894770923242361e-11,0.7108779897787755,-14.806416283669405,1.9648975583338473e-09,0.867408159785831,False
motional_dephasing,Motional dephasing,4.0,A,"XZ,ZZ",-6.505851154405699e-12,0.959770343772934,0.05510121115620781,1.251875634934691e-09,1.187087786536259,False
motional_dephasing,Motional dephasing,4.0,A,"YI,YX",-4.2405159395383534e-11,0.8879868303963696,0.002619117496366341,4.667318606037812e-09,1.1504317794871703,False
motional_dephasing,Motional dephasing,4.0,A,"YI,YY",2.77986343384084e-11,0.7907975155226047,-0.20173895340958126,2.7647255245262903e-09,0.9095072162403741,False
motional_dephasing,Motional dephasing,4.0,A,"YI,YZ",1.0620007051496743e-11,0.9874076966980226,0.024082184695068953,4.65962218734981e-09,1.0410248125794217,False
motional_dephasing,Motional dephasing,4.0,A,"YI,ZI",-2.3452522014697396e-11,0.9234296701803375,-0.2082152800489132,4.875143315971588e-09,0.913408618187377,False
motional_dephasing,Motional dephasing,4.0,A,"YI,ZX",1.7155202345350667e-11,0.866139280892437,-0.5709654592554612,2.0750005913809308e-09,0.7895247183106795,False
motional_dephasing,Motional dephasing,4.0,A,"YI,ZY",-2.476871794954667e-11,0.8061142577319055,-1.86349720674658,2.923323532881267e-09,0.8474897088614693,False
motional_dephasing,Motional dephasing,4.0,A,"YI,ZZ",-2.1919793194586174e-11,0.8215366320178885,-0.3570861185589991,2.6638023787879456e-09,0.703764603076841,False
motional_dephasing,Motional dephasing,4.0,A,"YX,YY",-5.268660545444216e-11,0.8459155897487616,-0.1552927603686265,5.033518046636494e-09,0.9756891215514436,False
motional_dephasing,Motional dephasing,4.0,A,"YX,YZ",1.8226454475819785e-11,0.9281140974187911,0.13857531363827114,2.7119418319726117e-09,1.0604873188460167,False
motional_dephasing,Motional dephasing,4.0,A,"YX,ZI",2.1565240190364996e-12,0.9968777557482509,-0.18163232891795267,1.8539205883893843e-09,0.989530988385975,False
motional_dephasing,Motional dephasing,4.0,A,"YX,ZX",-4.3850665939315167e-11,0.624048199853409,0.012987276165956962,3.3481199474849307e-09,0.6952302532525596,False
motional_dephasing,Motional dephasing,4.0,A,"YX,ZY",1.5326923708387145e-11,0.8716720920636839,-2.418252784567272,1.903993119656954e-09,0.9275510441968731,False
motional_dephasing,Motional dephasing,4.0,A,"YX,ZZ",6.836977605015436e-11,0.6425363821439113,-0.3035110395278451,5.221421797748033e-09,0.7643063486206855,False
motional_dephasing,Motional dephasing,4.0,A,"YY,YZ",3.2154383202977535e-13,0.999863326967755,-0.014754684755118541,1.4169273831749466e-09,0.9959152536359576,False
motional_dephasing,Motional dephasing,4.0,A,"YY,ZI",-2.2938063267855086e-11,0.9038063795915879,-0.17162967147199693,3.88004065513768e-09,0.9467937097160725,False
motional_dephasing,Motional dephasing,4.0,A,"YY,ZX",8.631335747358386e-13,0.9997396302323963,-0.039939865480161485,2.5821665329801424e-09,1.0120336191696468,False
motional_dephasing,Motional dephasing,4.0,A,"YY,ZY",-2.4796609378275583e-11,0.7011914841577656,-0.5111318595000052,1.8434515081263712e-09,0.7570733368633834,False
motional_dephasing,Motional dephasing,4.0,A,"YY,ZZ",6.694506010107194e-11,0.5790394789506991,-0.06546217949832056,5.657806422306323e-09,0.5740359454263232,False
motional_dephasing,Motional dephasing,4.0,A,"YZ,ZI",-5.5237560555163174e-11,0.7780989290127184,0.015331675395672706,5.4240356911990705e-09,0.8166907176502859,False
motional_dephasing,Motional dephasing,4.0,A,"YZ,ZX",-9.127687729890901e-12,0.9855482763947461,-0.07266861430975302,4.2256702271406165e-09,0.9611189775097021,False
motional_dephasing,Motional dephasing,4.0,A,"YZ,ZY",-7.25542379188801e-11,0.8101251349094696,-0.3999687630323343,9.39542682529596e-09,0.8609987276976422,False
motional_dephasing,Motional dephasing,4.0,A,"YZ,ZZ",1.157845848775956e-11,0.9534576386965624,0.09075952216910677,2.707804414930729e-09,1.076967247571684,False
motional_dephasing,Motional dephasing,4.0,A,"ZI,ZX",-3.698197912657662e-11,0.9204624640256066,-0.18509307963670163,7.1403503617061e-09,0.9067726945377337,False
motional_dephasing,Motional dephasing,4.0,A,"ZI,ZY",1.1753955729407638e-11,0.8645824546047008,0.2524902420443844,1.496010035608173e-09,0.9576737087419633,False
motional_dephasing,Motional dephasing,4.0,A,"ZI,ZZ",6.150772966424616e-11,0.617442344329789,0.02018541511798788,4.71175713282568e-09,0.7650262730557017,False
motional_dephasing,Motional dephasing,4.0,A,"ZX,ZY",3.452865952392088e-11,0.8982593649568823,-0.5502233731917492,5.762346202774262e-09,0.8921418725012827,False
motional_dephasing,Motional dephasing,4.0,A,"ZX,ZZ",-1.0962901332932083e-11,0.9048854196778097,0.18023842579387817,1.6978978606328917e-09,1.0581107464023842,False
motional_dephasing,Motional dephasing,4.0,A,"ZY,ZZ",3.9062823206664756e-11,0.5377105144080029,0.4933494104787931,3.1296164330390345e-09,0.5506600679258411,False
spin_dephasing,Spin dephasing,0.01,H,IX,-5.291773677025017e-10,0.4678674547598308,0.22393471270002585,6.841873998550608e-09,0.5791368138369887,False
spin_dephasing,Spin dephasing,0.01,H,IY,-1.0162951298817668e-10,0.9781979565641954,-0.31162065976271647,4.732766067555634e-09,0.9435997333768134,False
spin_dephasing,Spin dephasing,0.01,H,IZ,-2.300134134203457e-12,0.9868231240057145,-0.13466998675837805,1.523196269874964e-10,1.0503356916788378,False
spin_dephasing,Spin dephasing,0.01,H,XI,-1.9188106527356616e-10,0.9423541221244816,0.08490338418105614,6.3596700429775495e-09,1.050285906862271,False
spin_dephasing,Spin dephasing,0.01,H,XX,5.825400878605839e-09,0.2964209644135138,0.8529837391352717,9.124124522564585e-08,0.20714376980870297,False
spin_dephasing,Spin dephasing,0.01,H,XY,-1.990124433358288e-10,0.9551947606414232,0.013131511212217784,7.036910004041039e-09,1.0942707538874985,False
spin_dephasing,Spin dephasing,0.01,H,XZ,3.220300714114725e-10,0.7432232178660201,-0.2518318874285619,6.135893263587683e-09,0.8250566746749545,False
spin_dephasing,Spin dephasing,0.01,H,YI,6.279317159777175e-11,0.95713800330813,-0.20898984107687202,2.3215454619722655e-09,0.8639204209054462,False
spin_dephasing,Spin dephasing,0.01,H,YX,-2.333200818040388e-10,0.9045128408030046,-1.630003103327971,7.414888954042275e-09,0.947555950545323,False
spin_dephasing,Spin dephasing,0.01,H,YY,6.296588634565062e-10,0.7575107743756284,-0.27537691703725553,1.2556680014803413e-08,0.8328488998912175,False
spin_dephasing,Spin dephasing,0.01,H,YZ,2.8353878208140007e-10,0.5475482382238179,0.6297350380996083,3.99832616159543e-09,0.4924715417617318,False
spin_dephasing,Spin dephasing,0.01,H,ZI,-8.00018989182689e-12,0.7617085229173403,-2.6504331808252797,1.2325169816457852e-10,0.8918177192016697,False
spin_dephasing,Spin dephasing,0.01,H,ZX,3.08072517919994e-10,0.7651892960583802,-0.29728261347836793,6.249358946080871e-09,0.8356778028071749,False
spin_dephasing,Spin dephasing,0.01,H,ZY,3.6163211120087477e-10,0.7473385616798812,-7.074321442959192,5.7222156702774484e-09,0.8946701382708339,False
spin_dephasing,Spin dephasing,0.01,H,ZZ,-3.00199220103036e-16,0.7180456267722068,-0.17407362817607597,5.371366196145077e-15,0.8137039943900535,False
spin_dephasing,Spin dephasing,0.01,S,IX,-1.158615338432235e-09,0.2417580596383811,0.8941195027042216,1.7584257952643146e-08,0.1554712889177943,False
spin_dephasing,Spin dephasing,0.01,S,IY,6.662262678857755e-06,0.00011189928045649781,0.9999999629915437,8.883472584252441e-05,8.233150116132057e-05,True
spin_dephasing,Spin dephasing,0.01,S,IZ,1.8337106615697635e-05,2.7106455247025388e-05,0.9999999978277478,0.00024449444847487935,2.981009891803797e-05,True
spin_dephasing,Spin dephasing,0.01,S,XI,-1.235118059789879e-09,0.73908358489169,0.44225543755697516,2.5792805879120122e-08,0.46909485953574637,False
spin_dephasing,Spin dephasing,0.01,S,XX,1.2357943424397008e-09,0.3808060591164098,0.10384652505892145,1.5882111964208244e-08,0.4843400970927777,False
spin_dephasing,Spin dephasing,0.01,S,XY,1.833734384308464e-05,3.270176830733295e-05,0.9999999968385282,0.0002445019777246556,2.7556369525381992e-05,True
spin_dephasing,Spin dephasing,0.01,S,XZ,6.661967681585591e-06,3.432005945247809e-05,0.9999999965173866,8.882455982403797e-05,2.5990093210932723e-05,True
spin_dephasing,Spin dephasing,0.01,S,YI,6.661901288692963e-06,2.9117193144629345e-05,0.9999999974933476,8.882406098049243e-05,2.3116580397467466e-05,True
spin_dephasing,Spin dephasing,0.01,S,YX,1.83374411363335e-05,2.7667863713969013e-05,0.999999997736893,0.0002445027190267538,2.3087702299583083e-05,True
spin_dephasing,Spin dephasing,0.01,S,YY,-5.050627190896443e-10,0.5295801964759383,0.5344488702717247,5.758358965492986e-09,0.6785953471708093,False
spin_dephasing,Spin dephasing,0.01,S,YZ,-1.1603851104252423e-09,0.5055181239993328,0.6859246821576588,2.017075203983006e-08,0.30053829852766833,False
spin_dephasing,Spin dephasing,0.01,S,ZI,1.8337103773300748e-05,2.6993291105102345e-05,0.9999999978458503,0.0002444943838073566,2.9715267024713758e-05,True
spin_dephasing,Spin dephasing,0.01,S,ZX,6.6622823124046005e-06,0.0001101712286768659,0.9999999641255436,8.883499847263816e-05,7.952409326577692e-05,True
spin_dephasing,Spin dephasing,0.01,S,ZY,-8.222229556765773e-10,0.2584971391457605,0.8300636746845004,1.0349608533849388e-08,0.2372514417227671,False
spin_dephasing,Spin dephasing,0.01,S,ZZ,1.4775570515746236e-09,0.23453870138919902,0.8951752323507973,2.241004119017784e-08,0.1848762590804855,False
spin_dephasing,Spin dephasing,0.01,C,"IX,IY",1.1406923218835785e-10,0.5527754143888082,-27.141234711541447,1.1961387736242423e-09,0.6996611429294709,False
spin_dephasing,Spin dephasing,0.01,C,"IX,IZ",1.2144374332955407e-10,0.9698088823408821,-0.358352018279791,4.924301785862204e-09,0.9588964592983102,False
spin_dephasing,Spin dephasing,0.01,C,"IX,XI",6.456364430338957e-10,0.5487229551558737,-82.64077636212551,6.202472319286917e-09,0.6828530762841931,False
spin_dephasing,Spin dephasing,0.01,C,"IX,XX",-8.647279008435131e-11,0.9781374318429431,0.03654230117503399,4.678891054651499e-09,0.8767901922709018,False
spin_dephasing,Spin dephasing,0.01,C,"IX,XY",-3.0409478169077384e-10,0.766455600360589,-0.2771510955603702,6.237860973051657e-09,0.8375005027073107,False
spin_dephasing,Spin dephasing,0.01,C,"IX,XZ",-2.2704305754601057e-10,0.8517818416010019,-0.35527788320706266,5.876238576906796e-09,0.7424167919953945,False
spin_dephasing,Spin dephasing,0.01,C,"IX,YI",9.032077708139915e-11,0.5877249540766164,-102.98389440586655,9.028262246263678e-10,0.8332628978170225,False
spin_dephasing,Spin dephasing,0.01,C,"IX,YX",8.44494331310788e-11,0.9981349991010101,-0.0003792184933233411,1.635692131312892e-08,1.03441944911858,False
spin_dephasing,Spin dephasing,0.01,C,"IX,YY",-4.13494436076403e-10,0.24138869855197378,0.8676824622704826,5.359220907395965e-09,0.23248223014620698,False
spin_dephasing,Spin dephasing,0.01,C,"IX,YZ",1.0067229266909824e-11,0.9761197506358871,-0.5149343410205518,5.743071527101907e-10,0.9707844219497007,False
spin_dephasing,Spin dephasing,0.01,C,"IX,ZI",1.039430592745867e-10,0.7981556035175917,0.3415449527247545,1.8775907654772864e-09,1.0922663422240861,False
spin_dephasing,Spin dephasing,0.01,C,"IX,ZX",-4.788548943514168e-10,0.4291554177632375,0.13051851432550787,5.403477543770498e-09,0.49375652541218606,False
spin_dephasing,Spin dephasing,0.01,C,"IX,ZY",5.597195533548334e-12,0.9876328819884982,-0.0021921114764202887,4.0752127231217105e-10,1.0228912203028129,False
spin_dephasing,Spin dephasing,0.01,C,"IX,ZZ",-1.7043787987396505e-10,0.7931555641361852,-5.271051831492166,3.005615589716643e-09,0.9054892002506363,False
spin_dephasing,Spin dephasing,0.01,C,"IY,IZ",-4.504149322172706e-10,0.8760714407475887,-0.21882376079353127,1.3392780827088467e-08,0.7757921783720706,False
spin_dephasing,Spin dephasing,0.01,C,"IY,XI",9.720499205840881e-11,0.49658059536237265,-15.067081194925795,1.007446651338782e-09,0.6677056170232128,False
spin_dephasing,Spin dephasing,0.01,C,"IY,XX",3.0695816147622976e-10,0.7641650182439732,-0.26004261124369177,6.1969499189713226e-09,0.8348875035354039,False
spin_dephasing,Spin dephasing,0.01,C,"IY,XY",-1.7583743334618788e-10,0.8918975758755843,0.16618056038675677,5.1356794195065625e-09,0.7717440167334505,False
spin_dephasing,Spin dephasing,0.01,C,"IY,XZ",-3.944410013429123e-06,0.00019684391694247934,0.9999998854638013,5.2590426939623116e-05,0.00019953000713127236,True
spin_dephasing,Spin dephasing,0.01,C,"IY,YI",-1.260785554542921e-10,0.5926223318551037,-819.9629254875757,1.2335694991340372e-09,0.8296561921280764,False
spin_dephasing,Spin dephasing,0.01,C,"IY,YX",3.006881342706824e-10,0.5384987702724622,0.6343094899092349,4.250801032093428e-09,0.5399570693855129,False
spin_dephasing,Spin dephasing,0.01,C,"IY,YY",1.1338683292659669e-09,0.7757287565498919,-0.9106845959591896,2.3827936342234867e-08,0.6827621961660209,False
spin_dephasing,Spin dephasing,0.01,C,"IY,YZ",1.379459978067512e-10,0.7131124772969395,-4.395724335531465,1.972725442757834e-09,0.8097187510016335,False
spin_dephasing,Spin dephasing,0.01,C,"IY,ZI",1.9859285796406626e-10,0.8471274103568615,-0.046968968509833786,4.932791998437666e-09,0.865800910838483,False
spin_dephasing,Spin dephasing,0.01,C,"IY,ZX",-7.949860002082588e-11,0.5815794161024552,-103604081847.2268,7.50820770377712e-10,0.823525138442294,False
spin_dephasing,Spin dephasing,0.01,C,"IY,ZY",2.245297121237204e-10,0.6082937267908559,0.44974892064740146,2.953411491133095e-09,0.7870635064825483,False
spin_dephasing,Spin dephasing,0.01,C,"IY,ZZ",2.741955397694287e-10,0.7977321191335227,-0.23353019137575104,6.076129398521418e-09,0.8495777373030973,False
spin_dephasing,Spin dephasing,0.01,C,"IZ,XI",2.6749591766603543e-10,0.919777678551857,-1.460589644996908,7.57160850084096e-09,0.8822373002001158,False
spin_dephasing,Spin dephasing,0.01,C,"IZ,XX",1.83465462044711e-10,0.9637876849802378,-0.022023461215050055,7.386263024906439e-09,1.0827957978326643,False
spin_dephasing,Spin dephasing,0.01,C,"IZ,XY",6.232749402816294e-06,0.0001578790175382655,0.999999926278296,8.309902077172795e-05,0.0001608937980426449,True
spin_dephasing,Spin dephasing,0.01,C,"IZ,XZ",3.8752674487242164e-10,0.6927672592944545,0.13143378828587882,7.719165255482674e-09,0.6653120451530914,False
spin_dephasing,Spin dephasing,0.01,C,"IZ,YI",9.237413283608278e-11,0.9603565305419709,0.021773857866074553,4.028193567321408e-09,0.9235603326964681,False
spin_dephasing,Spin dephasing,0.01,C,"IZ,YX",-4.3563032653511003e-10,0.831949210839286,-0.07004472649998905,1.0330365959816401e-08,0.8594337224742254,False
spin_dephasing,Spin dephasing,0.01,C,"IZ,YY",9.057553025106753e-11,0.9567913231734048,0.05846344218974231,4.390825301423131e-09,1.0343806019875543,False
spin_dephasing,Spin dephasing,0.01,C,"IZ,YZ",-1.0729109688728652e-09,0.7870335202272766,-0.8548688310242827,2.3220585198604672e-08,0.6919655671332702,False
spin_dephasing,Spin dephasing,0.01,C,"IZ,ZI",-1.5112695237241938e-10,0.9248650360267818,-1.4498746674144813,5.13132043292056e-09,0.901827119453278,False
spin_dephasing,Spin dephasing,0.01,C,"IZ,ZX",1.8429295409956137e-10,0.4944934058239283,0.4925254977809991,2.156124471958733e-09,0.4696556126532327,False
spin_dephasing,Spin dephasing,0.01,C,"IZ,ZY",2.2929989016370194e-10,0.8312190298318577,-0.11402899624170959,5.492601987579512e-09,0.8608431907244081,False
spin_dephasing,Spin dephasing,0.01,C,"IZ,ZZ",-3.111510370691113e-10,0.7256662167487702,0.4527750839009632,4.8287447368569325e-09,0.9192977611179296,False
spin_dephasing,Spin dephasing,0.01,C,"XI,XX",-3.3809691013068046e-10,0.6182806153345256,-1.5271756118403936,5.124215895716419e-09,0.5601318432434874,False
spin_dephasing,Spin dephasing,0.01,C,"XI,XY",1.4361652021960541e-10,0.9735613149897386,0.049851380024609426,7.3044868656180676e-09,1.1310760749858217,False
spin_dephasing,Spin dephasing,0.01,C,"XI,XZ",-3.2953783246862183e-10,0.7333952801826108,0.2601514952378027,6.117001401416768e-09,0.5508727630453671,False
spin_dephasing,Spin dephasing,0.01,C,"XI,YI",-2.0892001548177688e-11,0.5989356472858574,-3.7718377767979794,2.6186868924270705e-10,0.7340651707465184,False
spin_dephasing,Spin dephasing,0.01,C,"XI,YX",-5.216922282282564e-10,0.6452608958356032,-0.9042793941141241,8.048783184045228e-09,0.7839457152304357,False
spin_dephasing,Spin dephasing,0.01,C,"XI,YY",-1.6615053131502315e-10,0.801362191150803,-3.6006789110233033,3.3404513227589034e-09,0.9171017549918983,False
spin_dephasing,Spin dephasing,0.01,C,"XI,YZ",-1.2950377570995789e-11,0.9619693108508619,-0.4479531047674832,5.817209307731183e-10,0.9628963623680503,False
spin_dephasing,Spin dephasing,0.01,C,"XI,ZI",1.6516190280749795e-10,0.740976748962317,-0.061136595052502685,3.0435748968869744e-09,0.8191141356212079,False
spin_dephasing,Spin dephasing,0.01,C,"XI,ZX",-9.484206388596793e-11,0.574792164093,-0.2187917551155656,1.228751623289737e-09,0.7427143069753802,False
spin_dephasing,Spin dephasing,0.01,C,"XI,ZY",-2.6382925728492766e-12,0.9975586439924669,-0.022539279664261613,4.158762982235385e-10,1.0105732264783183,False
spin_dephasing,Spin dephasing,0.01,C,"XI,ZZ",-4.744343241866633e-10,0.21408569651095619,0.8459170499005877,5.803046538156761e-09,0.21029626201525595,False
spin_dephasing,Spin dephasing,0.01,C,"XX,XY",-1.670224381696206e-11,0.7535322440887052,0.4091602336229001,3.0355880173318804e-10,0.9107226040716326,False
spin_dephasing,Spin dephasing,0.01,C,"XX,XZ",8.194795432359446e-11,0.9847716397016899,-0.2605733649803694,4.487683549803389e-09,0.9695656072098396,False
spin_dephasing,Spin dephasing,0.01,C,"XX,YI",3.151056187286035e-10,0.7565513411398743,-0.2681482776215376,6.257298582373531e-09,0.8321396927761346,False
spin_dephasing,Spin dephasing,0.01,C,"XX,YX",5.190071981033293e-12,0.8774021828654146,0.2200594560900897,1.167018615157881e-10,1.005591706026479,False
spin_dephasing,Spin dephasing,0.01,C,"XX,YY",5.243973725248577e-10,0.3427285163200866,0.22944712682605461,6.109851281727423e-09,0.41209911779661484,False
spin_dephasing,Spin dephasing,0.01,C,"XX,YZ",-2.9971486936466374e-10,0.7708219247614122,-0.2093913119410451,6.114381246954559e-09,0.8366065961218098,False
spin_dephasing,Spin dephasing,0.01,C,"XX,ZI",2.1307262086832942e-10,0.9137856750480131,-1.4344242098222653,7.259731253112414e-09,0.951083446149842,False
spin_dephasing,Spin dephasing,0.01,C,"XX,ZX",-7.823445732555441e-11,0.9357923387809621,-0.3310260707862447,2.470417627485719e-09,0.8461674956451517,False
spin_dephasing,Spin dephasing,0.01,C,"XX,ZY",-3.949591410063235e-10,0.7057998186317838,-0.5646849760308112,7.03273891813801e-09,0.8127997519393706,False
spin_dephasing,Spin dephasing,0.01,C,"XX,ZZ",-5.377028779158132e-11,0.5167188265758441,-3.593827026487185,5.555759210669494e-10,0.775494151706922,False
spin_dephasing,Spin dephasing,0.01,C,"XY,XZ",-5.69400284554039e-10,0.827330824070338,-0.28790588617889434,1.4456342919320907e-08,0.737416169621048,False
spin_dephasing,Spin dephasing,0.01,C,"XY,YI",-7.30944323496689e-11,0.8695395014145259,0.23498172814129614,1.7549844010705248e-09,1.0694160323258732,False
spin_dephasing,Spin dephasing,0.01,C,"XY,YX",-2.7485431436538644e-10,0.4606549276286615,0.6193789828890994,3.7953280970408124e-09,0.520855207595713,False
spin_dephasing,Spin dephasing,0.01,C,"XY,YY",8.504575498067911e-11,0.687349941085598,-21.354442564896946,1.0471093338433858e-09,0.7844873185109764,False
spin_dephasing,Spin dephasing,0.01,C,"XY,YZ",1.4785777788139323e-10,0.6466888651207743,0.46173895715644053,1.8083892839628998e-09,0.978395369587916,False
spin_dephasing,Spin dephasing,0.01,C,"XY,ZI",-3.7831518208013185e-10,0.8616385070709158,-0.034601585472222585,9.789056210168902e-09,0.8711775088569019,False
spin_dephasing,Spin dephasing,0.01,C,"XY,ZX",2.454092242786382e-10,0.8092037042303933,-0.17630208549101178,5.6086926951415584e-09,0.8541494797345437,False
spin_dephasing,Spin dephasing,0.01,C,"XY,ZY",1.0664240835185328e-10,0.7750435056587507,0.36859163243756055,1.8084368887431733e-09,1.0982823057633007,False
spin_dephasing,Spin dephasing,0.01,C,"XY,ZZ",-1.936022849735956e-10,0.6538310625429293,-34.70646357618336,2.2674495103997943e-09,0.7454671502456721,False
spin_dephasing,Spin dephasing,0.01,C,"XZ,YI",-8.567132606866363e-11,0.5815779030680046,-23318334656.197266,8.091187441323075e-10,0.8235203616491265,False
spin_dephasing,Spin dephasing,0.01,C,"XZ,YX",9.787614877756777e-11,0.9549939166030754,0.03846160816967403,3.853232753024126e-09,0.9153298411567519,False
spin_dephasing,Spin dephasing,0.01,C,"XZ,YY",-1.5536958488387551e-10,0.6212451940361882,0.48048726899374683,2.1129464984852966e-09,0.7731229418038847,False
spin_dephasing,Spin dephasing,0.01,C,"XZ,YZ",-2.999152009585962e-11,0.6960311633903573,-12.646740675698638,3.679117347943509e-10,0.7282725061522001,False
spin_dephasing,Spin dephasing,0.01,C,"XZ,ZI",-1.437477089922418e-10,0.8928264316378707,0.19551068874300392,2.7740375106568744e-09,1.1727298308452496,False
spin_dephasing,Spin dephasing,0.01,C,"XZ,ZX",-1.4135860642872355e-10,0.5914323307666957,-1024.5693048502164,1.3778847290878727e-09,0.8290149586481258,False
spin_dephasing,Spin dephasing,0.01,C,"XZ,ZY",-4.1186670473565656e-11,0.7534427425319093,-6.054812416169989,6.684315779736887e-10,0.7946103893015715,False
spin_dephasing,Spin dephasing,0.01,C,"XZ,ZZ",-5.283138239397968e-11,0.9735695005664182,-0.66476624063065,3.444724571642999e-09,0.9744385067198656,False
spin_dephasing,Spin dephasing,0.01,C,"YI,YX",1.1673880521147922e-10,0.860885920018601,-0.4594252949910589,2.4491564338325344e-09,0.8411169881476267,False
spin_dephasing,Spin dephasing,0.01,C,"YI,YY",1.0061372668185232e-09,0.8022786388674638,-0.7751803163561009,2.2723105759922155e-08,0.7048122800792204,False
spin_dephasing,Spin dephasing,0.01,C,"YI,YZ",2.462921143761412e-11,0.9982795178469744,-0.08088444899014346,4.088843890287644e-09,1.020078382462515,False
spin_dephasing,Spin dephasing,0.01,C,"YI,ZI",-5.50778029162708e-10,0.8173703403252028,-0.7882968997011253,1.2450181664679612e-08,0.9262690772985224,False
spin_dephasing,Spin dephasing,0.01,C,"YI,ZX",-3.944368551479941e-06,0.00011006052656784814,0.9999999641899836,5.259368619961517e-05,9.432246333794787e-05,True
spin_dephasing,Spin dephasing,0.01,C,"YI,ZY",-3.970287990102599e-11,0.9924397757219494,-0.026796268376633847,4.106100152180541e-09,0.9355383804103563,False
spin_dephasing,Spin dephasing,0.01,C,"YI,ZZ",3.12032111980171e-10,0.7495152834182538,-0.23025190214931257,6.080789409670447e-09,0.8289519715516225,False
spin_dephasing,Spin dephasing,0.01,C,"YX,YY",2.230255203859392e-11,0.3960912065827381,0.7227417439642048,3.2332954908377605e-10,0.4320015370837421,False
spin_dephasing,Spin dephasing,0.01,C,"YX,YZ",-2.7481968661305083e-11,0.9980213580254891,-0.2207803214073063,4.560470239315003e-09,1.0200870869443739,False
spin_dephasing,Spin dephasing,0.01,C,"YX,ZI",6.232610985457782e-06,8.524512083506536e-05,0.999999978510882,8.309835241492708e-05,7.496082370494705e-05,True
spin_dephasing,Spin dephasing,0.01,C,"YX,ZX",-6.200008651337318e-10,0.7983462641291463,-0.9712709670859374,1.320419609159759e-08,0.9217419396035444,False
spin_dephasing,Spin dephasing,0.01,C,"YX,ZY",5.5774376685019386e-11,0.9939024126987571,-0.4885624975909386,5.39934167545344e-09,0.9655671746436658,False
spin_dephasing,Spin dephasing,0.01,C,"YX,ZZ",-3.04928222194758e-10,0.562073527403841,-496.40860584648027,2.9542171371443664e-09,0.7675013623300128,False
spin_dephasing,Spin dephasing,0.01,C,"YY,YZ",-4.4994547065230157e-10,0.8410344914557936,-0.2462376579770036,1.1996711206597168e-08,0.7499617670744796,False
spin_dephasing,Spin dephasing,0.01,C,"YY,ZI",-3.1375582178321265e-10,0.8788701856728153,0.22351731826596044,7.593127633570015e-09,0.9484711431230496,False
spin_dephasing,Spin dephasing,0.01,C,"YY,ZX",-5.006189301409247e-11,0.9947816239999498,-0.4987537155289803,5.673658068041754e-09,0.9705881153371589,False
spin_dephasing,Spin dephasing,0.01,C,"YY,ZY",-5.745111152669714e-10,0.5217598848592131,0.02612401088229055,8.126794591458802e-09,0.6074175653780721,False
spin_dephasing,Spin dephasing,0.01,C,"YY,ZZ",1.0679588475692133e-09,0.19920257627661114,0.919396570735474,1.5895509173658435e-08,0.1586658251729471,False
spin_dephasing,Spin dephasing,0.01,C,"YZ,ZI",2.325466615578137e-10,0.8273156028592971,-0.13656489388224013,5.522531549871986e-09,0.8596376441626641,False
spin_dephasing,Spin dephasing,0.01,C,"YZ,ZX",1.8838150356610627e-11,0.3930066568347952,0.29536606011236877,2.5579260938119533e-10,0.4555827915998331,False
spin_dephasing,Spin dephasing,0.01,C,"YZ,ZY",8.026427326533336e-10,0.41413790184105986,0.7637973090123598,1.3334341952016433e-08,0.25047844684715137,False
spin_dephasing,Spin dephasing,0.01,C,"YZ,ZZ",-4.767217879804428e-10,0.5376930352513343,0.10383365886737772,7.059391792424136e-09,0.5360736043423618,False
spin_dephasing,Spin dephasing,0.01,C,"ZI,ZX",1.7751738453838158e-10,0.8830856978215478,-1.1060785052215176,4.682113960900119e-09,0.9368101011562967,False
spin_dephasing,Spin dephasing,0.01,C,"ZI,ZY",-1.0637372315118098e-09,0.7877963263203394,-0.835756618256793,2.309296210563096e-08,0.6929115671270745,False
spin_dephasing,Spin dephasing,0.01,C,"ZI,ZZ",1.50271765227739e-10,0.9469388916880842,0.04380467494063078,4.89450472718936e-09,0.986948436911001,False
spin_dephasing,Spin dephasing,0.01,C,"ZX,ZY",-7.789360616098775e-11,0.5886446533347901,-31.835327239758143,8.555032332196627e-10,0.7166679014656546,False
spin_dephasing,Spin dephasing,0.01,C,"ZX,ZZ",-1.0268546812199716e-10,0.9706749145171933,0.0009482637292527185,4.28371843127411e-09,1.0799036863023195,False
spin_dephasing,Spin dephasing,0.01,C,"ZY,ZZ",-2.984119843377124e-10,0.9083303612212995,-0.05580456785626864,1.0758920382097524e-08,0.8150917417115198,False
spin_dephasing,Spin dephasing,0.01,A,"IX,IY",3.190026324244095e-10,0.7364292095979742,0.25901941809022455,5.9703163856465095e-09,0.5435234831807163,False
spin_dephasing,Spin dephasing,0.01,A,"IX,IZ",1.8199098452511688e-10,0.9581164329261924,0.06504604908757172,6.982588482505532e-09,1.1737569431747599,False
spin_dephasing,Spin dephasing,0.01,A,"IX,XI",5.324221788796616e-10,0.8060835734372336,-0.6738800630884099,1.1873964560732257e-08,0.7010702554840551,False
spin_dephasing,Spin dephasing,0.01,A,"IX,XX",-1.9633231939693873e-10,0.9388879821901837,0.08869089194162127,6.307994688545053e-09,1.0518739391018266,False
spin_dephasing,Spin dephasing,0.01,A,"IX,XY",-7.376265301400036e-12,0.9998669435386573,-0.342945775972916,4.912933536744409e-09,0.9949953422286759,False
spin_dephasing,Spin dephasing,0.01,A,"IX,XZ",-7.02179348208081e-11,0.5980094784960017,-57.78909885087019,7.559578690859016e-10,0.69142504557305,False
spin_dephasing,Spin dephasing,0.01,A,"IX,YI",9.448704684686795e-11,0.6386923927059587,-0.3480089222404552,1.4318049879024284e-09,0.7800281284923445,False
spin_dephasing,Spin dephasing,0.01,A,"IX,YX",1.5330232231796286e-10,0.8381734191145254,-0.9469179887379611,3.178132482610194e-09,0.8091404425857877,False
spin_dephasing,Spin dephasing,0.01,A,"IX,YY",-3.0147214978991443e-10,0.7657254571929463,-0.1139175464645672,5.892547142931529e-09,0.8294613277431595,False
spin_dephasing,Spin dephasing,0.01,A,"IX,YZ",1.4079646417225454e-10,0.6824083258941621,-6.765482100744521,2.016672073730209e-09,0.8836395977922302,False
spin_dephasing,Spin dephasing,0.01,A,"IX,ZI",-4.3420830430412706e-10,0.6820948813066658,-0.6349671813716331,7.2809830129241e-09,0.8012135158428534,False
spin_dephasing,Spin dephasing,0.01,A,"IX,ZX",-1.230653030268331e-12,0.9936368877252713,-0.6740660478172331,1.3399490538203606e-10,0.969385576594384,False
spin_dephasing,Spin dephasing,0.01,A,"IX,ZY",9.891239685183942e-11,0.9709199617799039,-0.05945495293023817,4.44307311658321e-09,1.0371035970886389,False
spin_dephasing,Spin dephasing,0.01,A,"IX,ZZ",-2.1914862704008466e-10,0.8451806876529073,-0.02665990523908235,5.242838003483642e-09,0.8606679391998063,False
spin_dephasing,Spin dephasing,0.01,A,"IY,IZ",4.469043084765556e-11,0.9920539623946031,-0.45010920694438794,5.4007285163641895e-09,0.9862085177606923,False
spin_dephasing,Spin dephasing,0.01,A,"IY,XI",-3.333780936541554e-10,0.7842406706772693,-0.711246739701535,6.882277496037809e-09,0.67706611283248,False
spin_dephasing,Spin dephasing,0.01,A,"IY,XX",-1.39932958936045e-10,0.9438012668150257,0.09230959276451911,4.643353280784812e-09,0.9428413781675513,False
spin_dephasing,Spin dephasing,0.01,A,"IY,XY",-6.720584659367334e-10,0.6708071717678752,-0.1491061020203257,1.0309111091495214e-08,0.7826975704720179,False
spin_dephasing,Spin dephasing,0.01,A,"IY,XZ",-1.2458953481943627e-10,0.5807634860180382,-156.03092341278708,1.2467023901493637e-09,0.8334412235512096,False
spin_dephasing,Spin dephasing,0.01,A,"IY,YI",2.735566850501087e-11,0.24969354378076636,0.8286149266346376,3.3790954290022607e-10,0.24003678813558346,False
spin_dephasing,Spin dephasing,0.01,A,"IY,YX",3.178151326739472e-11,0.9947993770622633,0.007922391314013733,3.5911652934383334e-09,0.9705002780708675,False
spin_dephasing,Spin dephasing,0.01,A,"IY,YY",-4.382216893533355e-11,0.9683103468875516,0.017769810315644397,2.507057207717933e-09,1.029132541531447,False
spin_dephasing,Spin dephasing,0.01,A,"IY,YZ",-1.8603160949099064e-11,0.32082606487145415,0.019753962909378586,2.2540434727579605e-10,0.3831929533357965,False
spin_dephasing,Spin dephasing,0.01,A,"IY,ZI",1.4484286767313903e-10,0.5954721254816683,0.46791939283933126,1.783549229825805e-09,0.739796067457136,False
spin_dephasing,Spin dephasing,0.01,A,"IY,ZX",-4.69532863386831e-10,0.46202159479925514,0.6908542555675496,6.0569642338296375e-09,0.444764265823646,False
spin_dephasing,Spin dephasing,0.01,A,"IY,ZY",1.3045121826347931e-11,0.9038440364213589,-1.6256787116338929,3.9487888622019737e-10,0.8898808193130087,False
spin_dephasing,Spin dephasing,0.01,A,"IY,ZZ",-1.5903566975075923e-10,0.879895469110615,-2.102104361765419,4.302118705336755e-09,0.9383886248290187,False
spin_dephasing,Spin dephasing,0.01,A,"IZ,XI",3.9746742600020604e-10,0.6973240551734236,-0.49330218914993895,6.916401759645051e-09,0.8084420966215415,False
spin_dephasing,Spin dephasing,0.01,A,"IZ,XX",1.7776206927358961e-10,0.5615460728993625,-180.35620127241486,1.7468657204673522e-09,0.7280645758031098,False
spin_dephasing,Spin dephasing,0.01,A,"IZ,XY",-1.6785468355631482e-11,0.8204081032477527,-0.6254113741325928,3.7631295305545714e-10,0.9256582045194806,False
spin_dephasing,Spin dephasing,0.01,A,"IZ,XZ",-6.740307827187719e-10,0.6500586757346491,-0.062425542850352844,9.767445913259595e-09,0.7699737172151437,False
spin_dephasing,Spin dephasing,0.01,A,"IZ,YI",2.144649946935962e-10,0.7471404633537376,0.42417276674116855,3.4360672832974757e-09,0.8210096708661051,False
spin_dephasing,Spin dephasing,0.01,A,"IZ,YX",4.460522396359015e-11,0.5491834731978149,-78.16796431368256,4.430727418865285e-10,0.6847170656809053,False
spin_dephasing,Spin dephasing,0.01,A,"IZ,YY",1.0606304940132619e-10,0.5577964517864774,-71.71654744132304,1.0792206551074913e-09,0.6965326900517957,False
spin_dephasing,Spin dephasing,0.01,A,"IZ,YZ",1.3463676281752374e-10,0.897302872719236,-1.6814825873802213,4.121269262414067e-09,0.9455520640831819,False
spin_dephasing,Spin dephasing,0.01,A,"IZ,ZI",-5.282241142752665e-11,0.5815933889132403,-152443705.78518102,4.98906877707182e-10,0.8235395094495332,False
spin_dephasing,Spin dephasing,0.01,A,"IZ,ZX",2.2880868644691657e-10,0.815923467732564,-0.08914454305346542,5.218221400204671e-09,0.853839926864773,False
spin_dephasing,Spin dephasing,0.01,A,"IZ,ZY",1.3952975010934426e-10,0.8936788752741456,-1.547834033323376,4.2763873379570145e-09,0.9456200841650908,False
spin_dephasing,Spin dephasing,0.01,A,"IZ,ZZ",-5.874643429633147e-11,0.6213947421983997,-27.826886976078516,6.652395059859796e-10,0.7056376750141995,False
spin_dephasing,Spin dephasing,0.01,A,"XI,XX",-5.306824898768069e-10,0.47293728168313204,0.2252151486629348,6.822211317249534e-09,0.5821719083507959,False
spin_dephasing,Spin dephasing,0.01,A,"XI,XY",1.0415597398598403e-10,0.9672553360717249,0.06427714094729609,5.111898759504472e-09,0.8641653145779691,False
spin_dephasing,Spin dephasing,0.01,A,"XI,XZ",-1.1840221900609404e-10,0.5560914013511308,-155.7403156963217,1.1684831940485154e-09,0.7417543061261929,False
spin_dephasing,Spin dephasing,0.01,A,"XI,YI",5.407073804945026e-10,0.42613967027984345,-0.20629388641480673,5.938444628790253e-09,0.5246936922493786,False
spin_dephasing,Spin dephasing,0.01,A,"XI,YX",6.273524174039521e-11,0.9664643472581276,-0.9859188203225664,3.414496239095641e-09,0.9693779905109267,False
spin_dephasing,Spin dephasing,0.01,A,"XI,YY",-3.9971244263345187e-10,0.7163236591700755,-0.7332601603066302,7.34306533154212e-09,0.8185533222678871,False
spin_dephasing,Spin dephasing,0.01,A,"XI,YZ",-9.380013031319449e-11,0.9748697681807602,-0.07698627609063724,4.804041424857666e-09,1.032542090439327,False
spin_dephasing,Spin dephasing,0.01,A,"XI,ZI",1.0905704388330023e-10,0.9969027641391722,0.00402027961621354,1.622153126806291e-08,1.0448198722554276,False
spin_dephasing,Spin dephasing,0.01,A,"XI,ZX",-4.5675254619029114e-11,0.6821269780629982,-20.87915951152829,5.608431762681002e-10,0.7359689194739971,False
spin_dephasing,Spin dephasing,0.01,A,"XI,ZY",-2.0796541403648997e-10,0.7052095479492918,-9.257029992024302,2.817145378484469e-09,0.8769644527253279,False
spin_dephasing,Spin dephasing,0.01,A,"XI,ZZ",-3.3878814264389507e-10,0.7419942629199386,-0.4883545086587824,6.633008282727246e-09,0.829746359317275,False
spin_dephasing,Spin dephasing,0.01,A,"XX,XY",-8.29498650905184e-11,0.9954799929767195,-0.12190144520955593,1.06537633309127e-08,1.0259532281423451,False
spin_dephasing,Spin dephasing,0.01,A,"XX,XZ",-1.372166577405681e-10,0.9750883963213681,0.04480000316426147,7.231449811537667e-09,1.1264999055667844,False
spin_dephasing,Spin dephasing,0.01,A,"XX,YI",9.813786327104214e-11,0.9298852405690843,-0.9949519969712943,3.873300961138626e-09,0.9577716508237318,False
spin_dephasing,Spin dephasing,0.01,A,"XX,YX",-2.9998563746106995e-10,0.8698303762274279,-0.04815653358858052,6.74833933433023e-09,0.7191896094081663,False
spin_dephasing,Spin dephasing,0.01,A,"XX,YY",1.92928122465438e-12,0.5095097273350189,-0.5508281620352957,2.2356935784035708e-11,0.7123515727899213,False
spin_dephasing,Spin dephasing,0.01,A,"XX,YZ",-3.2260433630458716e-10,0.7524391178656327,-5.702809731007243,5.406542120997689e-09,0.9005512429556806,False
spin_dephasing,Spin dephasing,0.01,A,"XX,ZI",-6.655116684847773e-11,0.6024223743594984,-150.35776084870236,6.786800859972094e-10,0.7588739644865551,False
spin_dephasing,Spin dephasing,0.01,A,"XX,ZX",9.664804785704495e-11,0.997684674346499,-0.05007888126634619,1.813331488742094e-08,0.964467593319414,False
spin_dephasing,Spin dephasing,0.01,A,"XX,ZY",-2.5173248331551107e-10,0.6566259853231451,0.5248739011047725,3.788720162583554e-09,0.6750788567798938,False
spin_dephasing,Spin dephasing,0.01,A,"XX,ZZ",6.271760388108782e-10,0.7576432306831169,-0.2755912805862464,1.2512148421198193e-08,0.8329154414045816,False
spin_dephasing,Spin dephasing,0.01,A,"XY,XZ",1.784659423246059e-10,0.36700660243411654,0.2978604140882418,2.0540797727322363e-09,0.49774668403970235,False
spin_dephasing,Spin dephasing,0.01,A,"XY,YI",-1.7260672087275967e-10,0.8790346475531937,0.019254604814273435,4.55895277051045e-09,0.8737965131018209,False
spin_dephasing,Spin dephasing,0.01,A,"XY,YX",3.866640834272824e-11,0.5815965048452911,-86826102.43388233,3.652085546987105e-10,0.8235418829175235,False
spin_dephasing,Spin dephasing,0.01,A,"XY,YY",1.06392770737813e-10,0.9749250655481575,-0.08437291062764407,5.816416770263783e-09,1.0304863443537213,False
spin_dephasing,Spin dephasing,0.01,A,"XY,YZ",2.1201815408168358e-10,0.8329992331700973,-0.031962342084978834,4.9744510730930375e-09,0.8579286096319274,False
spin_dephasing,Spin dephasing,0.01,A,"XY,ZI",-4.674866256495393e-11,0.5506612200630883,-86.62685269855609,4.6331667860670174e-10,0.6907771351019093,False
spin_dephasing,Spin dephasing,0.01,A,"XY,ZX",2.404036660762265e-10,0.6845732851784322,0.49520474775846723,3.6814500402942874e-09,0.7235325297168744,False
spin_dephasing,Spin dephasing,0.01,A,"XY,ZY",-1.0812926183925645e-09,0.7899304170895243,-0.8894198511696254,2.3400143099587696e-08,0.6919413088513359,False
spin_dephasing,Spin dephasing,0.01,A,"XY,ZZ",-8.829633106952627e-11,0.9587847914334586,0.046542769643173054,4.376903669446104e-09,1.033622067766725,False
spin_dephasing,Spin dephasing,0.01,A,"XZ,YI",-2.2608755855878177e-10,0.8535708372244638,0.27140577158823,4.1217932116081505e-09,1.0914195783856302,False
spin_dephasing,Spin dephasing,0.01,A,"XZ,YX",-3.105732296799972e-11,0.9857996961816351,-0.5353567258981768,2.7386457933013112e-09,0.9810993429404868,False
spin_dephasing,Spin dephasing,0.01,A,"XZ,YY",2.0179601878142533e-10,0.8480117563701739,-0.05080807463733006,5.035880157116334e-09,0.8664278388381542,False
spin_dephasing,Spin dephasing,0.01,A,"XZ,YZ",-9.317498045135756e-11,0.924307572203304,0.14547322971293464,3.0260183184958538e-09,1.1026376034384267,False
spin_dephasing,Spin dephasing,0.01,A,"XZ,ZI",-3.080124949041546e-10,0.7568295358726417,-0.22876793160508258,6.064722286179656e-09,0.8307081069999109,False
spin_dephasing,Spin dephasing,0.01,A,"XZ,ZX",7.25887766509855e-11,0.7008409667077837,-16.519226797486287,9.168388467247916e-10,0.8277549455242404,False
spin_dephasing,Spin dephasing,0.01,A,"XZ,ZY",-1.033105653004089e-10,0.748020853117516,-1.9857292374192212,1.6440934053511765e-09,0.8233513716337935,False
spin_dephasing,Spin dephasing,0.01,A,"XZ,ZZ",1.0381510635780133e-09,0.7963346945584076,-0.8089923362375047,2.302397609938817e-08,0.6994000054272117,False
spin_dephasing,Spin dephasing,0.01,A,"YI,YX",-7.037587642019613e-10,0.44230551763129616,-0.08640288592863188,8.60658567414654e-09,0.6004898729480999,False
spin_dephasing,Spin dephasing,0.01,A,"YI,YY",7.347076870490106e-11,0.9850547941855862,-0.0758180857147297,4.35741737984926e-09,1.056203604337334,False
spin_dephasing,Spin dephasing,0.01,A,"YI,YZ",3.9476175160847866e-11,0.6172808314244802,-15.833157640306563,4.5800471053477223e-10,0.7126945476553799,False
spin_dephasing,Spin dephasing,0.01,A,"YI,ZI",1.4116385318662257e-10,0.9202952703669834,0.14620254583670544,4.240650016527354e-09,0.8207697338696694,False
spin_dephasing,Spin dephasing,0.01,A,"YI,ZX",-5.2921978034662016e-11,0.4138342792806377,-1.4882914598625687,6.300498681572297e-10,0.49173554253458746,False
spin_dephasing,Spin dephasing,0.01,A,"YI,ZY",3.524534602150358e-11,0.4740453005053366,-5.031466883454245,3.885144809095336e-10,0.6555649992380724,False
spin_dephasing,Spin dephasing,0.01,A,"YI,ZZ",-3.78601649032391e-10,0.5665530757730665,0.5517581560509396,6.6275630935322115e-09,0.4048909228806086,False
spin_dephasing,Spin dephasing,0.01,A,"YX,YY",-2.467941599624044e-10,0.8314727228665553,0.30852412414129005,5.758255022039567e-09,0.7008061558760297,False
spin_dephasing,Spin dephasing,0.01,A,"YX,YZ",-1.171890348284178e-09,0.770687790221964,-0.9822948066482395,2.4156330664168898e-08,0.6765815789447295,False
spin_dephasing,Spin dephasing,0.01,A,"YX,ZI",-8.707925989976164e-11,0.6565081688367499,-15.16342852244706,1.0756207983881833e-09,0.730142630097119,False
spin_dephasing,Spin dephasing,0.01,A,"YX,ZX",-6.014870129168957e-11,0.9907648795998227,-0.10415988052534586,4.499469432956337e-09,1.0445598473241688,False
spin_dephasing,Spin dephasing,0.01,A,"YX,ZY",2.5068014067052895e-10,0.8104758362587595,-0.16346112049422112,5.691820193026718e-09,0.853192750198699,False
spin_dephasing,Spin dephasing,0.01,A,"YX,ZZ",3.3484683914819874e-10,0.8554557833641846,0.26765441057143435,7.744236440004778e-09,0.8868491133005296,False
spin_dephasing,Spin dephasing,0.01,A,"YY,YZ",5.724044335519407e-11,0.9905402355518792,-0.06988021767843011,6.2135247285474845e-09,1.015353723223634,False
spin_dephasing,Spin dephasing,0.01,A,"YY,ZI",-2.325254088228408e-10,0.6096956354745136,-234.80292753744007,2.319609346592251e-09,0.8287459001062267,False
spin_dephasing,Spin dephasing,0.01,A,"YY,ZX",-8.955898253868365e-11,0.9617896988676045,0.026569654642806695,3.976051326158232e-09,0.9249179858842366,False
spin_dephasing,Spin dephasing,0.01,A,"YY,ZY",-1.2818977239792523e-10,0.8925631353066986,0.19419648119388933,3.5086149788851096e-09,0.6442214262495138,False
spin_dephasing,Spin dephasing,0.01,A,"YY,ZZ",2.982880235744147e-09,0.0882008162892155,0.9808052680184273,4.07019061963628e-08,0.09343078746970403,False
spin_dephasing,Spin dephasing,0.01,A,"YZ,ZI",-2.102416514501451e-10,0.8673392994388829,0.2440072587780474,5.3682376328226145e-09,0.706467978313065,False
spin_dephasing,Spin dephasing,0.01,A,"YZ,ZX",-5.244234099294709e-11,0.9875292237092097,-0.042707644759163665,4.2294539619064685e-09,0.9173378857487186,False
spin_dephasing,Spin dephasing,0.01,A,"YZ,ZY",-1.4027322182484728e-10,0.9878372684034137,0.018991246163563735,1.0248368971597227e-08,1.0912491358144283,False
spin_dephasing,Spin dephasing,0.01,A,"YZ,ZZ",1.5968866872503272e-10,0.9332237166987555,0.12230108783393623,5.076714401443152e-09,0.8348517080160401,False
spin_dephasing,Spin dephasing,0.01,A,"ZI,ZX",-5.34177434359663e-10,0.46844572928393935,0.2594644631960681,6.950601079270441e-09,0.56817355001074,False
spin_dephasing,Spin dephasing,0.01,A,"ZI,ZY",2.146788398760198e-10,0.8489568717624278,0.2727106883243635,5.2468000402165764e-09,0.707889579315611,False
spin_dephasing,Spin dephasing,0.01,A,"ZI,ZZ",3.862168631607655e-11,0.26367360900304215,0.7019277062055838,4.999675139348906e-10,0.3121038265565182,False
spin_dephasing,Spin dephasing,0.01,A,"ZX,ZY",4.4292467378583104e-11,0.995384267419738,-0.2379677185803628,4.943190915967578e-09,0.970132337504567,False
spin_dephasing,Spin dephasing,0.01,A,"ZX,ZZ",1.0971333202750485e-09,0.7870120183318708,-0.8925850465785743,2.362432301950662e-08,0.690394424037987,False
spin_dephasing,Spin dephasing,0.01,A,"ZY,ZZ",-5.1910229898429415e-11,0.9848716605226292,-0.4453257647465285,4.513637808555381e-09,0.9808320796882003,False
spin_dephasing,Spin dephasing,1.0,H,IX,2.0133191958864144e-10,0.9711605235767528,0.04543954986864096,1.1133322979786866e-08,1.0301395369489967,False
spin_dephasing,Spin dephasing,1.0,H,IY,1.2912113005071057e-10,0.9372951428556513,-0.042815820553264494,4.532279244263892e-09,0.9050359115933939,False
spin_dephasing,Spin dephasing,1.0,H,IZ,-3.957675252735609e-11,0.7855849533301315,-0.3450990415296513,8.82771964579384e-10,0.8505587923973349,False
spin_dephasing,Spin dephasing,1.0,H,XI,-2.799104391360888e-10,0.9353321841093102,-1.3923423961780022,1.0084511116116124e-08,0.9537392151995744,False
spin_dephasing,Spin dephasing,1.0,H,XX,4.0237456919611546e-09,0.330627814158779,0.8259346624043407,6.390501732651111e-08,0.21204299725753786,False
spin_dephasing,Spin dephasing,1.0,H,XY,-3.531966910172629e-11,0.9980981070332376,-0.02141181467711939,7.632119300479226e-09,0.9845741103219265,False
spin_dephasing,Spin dephasing,1.0,H,XZ,5.274760383513902e-11,0.9934236229381198,-0.24861884887258645,5.032430657317635e-09,1.0174692269094123,False
spin_dephasing,Spin dephasing,1.0,H,YI,-2.4069513916495643e-10,0.8147040981220929,0.0029103451037094663,4.42928527518599e-09,0.8188608137198468,False
spin_dephasing,Spin dephasing,1.0,H,YX,4.768433858752985e-10,0.7289767010992018,0.20782361218042955,7.955273674524386e-09,0.8001982058759669,False
spin_dephasing,Spin dephasing,1.0,H,YY,2.0253736270879964e-10,0.9739878304239972,-0.08477381896307423,9.395901394090336e-09,1.0359265446733665,False
spin_dephasing,Spin dephasing,1.0,H,YZ,5.814728170094145e-12,0.9999535930829868,-0.021838061665108155,8.234272017336892e-09,0.9976461274059396,False
spin_dephasing,Spin dephasing,1.0,H,ZI,2.1784203328599325e-11,0.8282569374294656,0.15598485620940283,4.501976649181696e-10,0.8387063799885995,False
spin_dephasing,Spin dephasing,1.0,H,ZX,6.748352557764489e-11,0.9888043830132649,-0.20163825252164158,4.816645020261803e-09,1.023350805831918,False
spin_dephasing,Spin dephasing,1.0,H,ZY,-5.972907904811778e-10,0.5511187792549531,-1.694579387456891,7.072773365302449e-09,0.6720056891561713,False
spin_dephasing,Spin dephasing,1.0,H,ZZ,3.920691286741093e-17,0.6170301894513224,0.37253982731619584,6.210982640579661e-16,0.5096871813288139,False
spin_dephasing,Spin dephasing,1.0,S,IX,-9.704703668704513e-10,0.443564365123071,0.6971884697786386,1.4402640930162949e-08,0.49898438241838927,False
spin_dephasing,Spin dephasing,1.0,S,IY,9.390029239905082e-06,7.092573186350998e-05,0.9999999851299544,0.0001252046560321189,5.604498901809449e-05,True
spin_dephasing,Spin dephasing,1.0,S,IZ,1.5608854824659754e-05,5.885684952268079e-05,0.9999999897595638,0.00020811966719207157,6.633858874118115e-05,True
spin_dephasing,Spin dephasing,1.0,S,XI,-8.220663007434588e-10,0.8000281546169844,0.3560392060984343,1.878334812285777e-08,0.5651349980113921,False
spin_dephasing,Spin dephasing,1.0,S,XX,1.5146081056403275e-09,0.6446990035461235,-5.261539700083879,2.07035266776136e-08,0.8780716502052079,False
spin_dephasing,Spin dephasing,1.0,S,XY,1.5609193199883076e-05,3.798811215330982e-05,0.9999999957336878,0.000208126176007075,3.3087406087847895e-05,True
spin_dephasing,Spin dephasing,1.0,S,XZ,9.390008368848876e-06,4.509494144216297e-05,0.9999999939879403,0.00012519912450968446,3.6615613273918134e-05,True
spin_dephasing,Spin dephasing,1.0,S,YI,9.389973228639252e-06,5.7730499500463186e-05,0.9999999901466481,0.00012519832337756233,4.860552735647359e-05,True
spin_dephasing,Spin dephasing,1.0,S,YX,1.5609262116574816e-05,2.981621686296662e-05,0.9999999973717134,0.0002081261817189917,2.3293212435916384e-05,True
spin_dephasing,Spin dephasing,1.0,S,YY,3.2548120034889513e-10,0.9022844178580922,-0.4439006295884582,1.0320989425562419e-08,0.9474402458058329,False
spin_dephasing,Spin dephasing,1.0,S,YZ,-8.95693082951429e-10,0.5029038609105404,0.6612706238528735,1.575161013786259e-08,0.4074570922675849,False
spin_dephasing,Spin dephasing,1.0,S,ZI,1.560881080686001e-05,5.8949631057469715e-05,0.9999999897273069,0.00020811952053454547,6.626434997807296e-05,True
spin_dephasing,Spin dephasing,1.0,S,ZX,9.390330109507551e-06,6.889833850651881e-05,0.9999999859676703,0.00012520834293419574,5.5916694575354485e-05,True
spin_dephasing,Spin dephasing,1.0,S,ZY,-5.779520463055822e-10,0.49011123984615923,0.588671007452681,7.171273970559987e-09,0.5094614027894181,False
spin_dephasing,Spin dephasing,1.0,S,ZZ,1.026294592318238e-09,0.17230850265925352,0.9152524991821678,1.4388185334168095e-08,0.15262265321908983,False
spin_dephasing,Spin dephasing,1.0,C,"IX,IY",-1.3139153180861197e-10,0.48918224779285197,-7.850320607053494,1.4211472365146554e-09,0.6768521340965008,False
spin_dephasing,Spin dephasing,1.0,C,"IX,IZ",-1.6163227336591715e-11,0.9989434132556012,0.0004156804442398965,4.1993507640291265e-09,1.0064149707279528,False
spin_dephasing,Spin dephasing,1.0,C,"IX,XI",4.5940557305711306e-10,0.5361581978646549,-2.2556981009330244,5.017142739267872e-09,0.7415341865478178,False
spin_dephasing,Spin dephasing,1.0,C,"IX,XX",-3.1368751236199966e-10,0.7639601653232053,-0.12513038727487324,5.383516774303582e-09,0.8057728646453547,False
spin_dephasing,Spin dephasing,1.0,C,"IX,XY",1.1818189087601285e-10,0.9799863634797149,-0.9792572725038449,6.7705634673065115e-09,0.9709079134878789,False
spin_dephasing,Spin dephasing,1.0,C,"IX,XZ",3.531906398410413e-10,0.8959819846459784,0.07697236778158179,8.193768086028801e-09,0.9281586859401787,False
spin_dephasing,Spin dephasing,1.0,C,"IX,YI",-7.811966655793183e-12,0.956937155478533,0.06810848885309584,3.072731774148785e-10,1.0847450762598945,False
spin_dephasing,Spin dephasing,1.0,C,"IX,YX",3.259375017468223e-10,0.6857574753886572,0.41949803301308464,5.318383245539426e-09,0.829083735678504,False
spin_dephasing,Spin dephasing,1.0,C,"IX,YY",2.683765915014511e-10,0.828445815856313,0.02253456277619592,5.001896080136628e-09,0.9105750475413981,False
spin_dephasing,Spin dephasing,1.0,C,"IX,YZ",-2.659788711407674e-11,0.6103738533549239,-0.6354839194769057,3.9405905878970545e-10,0.7750092994032566,False
spin_dephasing,Spin dephasing,1.0,C,"IX,ZI",-4.3467060686663476e-11,0.9945982869159788,-0.23074561901445412,6.041161428233336e-09,0.9880080838750861,False
spin_dephasing,Spin dephasing,1.0,C,"IX,ZX",1.6864385119219227e-10,0.8949553185210323,0.19812507330547413,4.280033767086356e-09,1.1313415270140084,False
spin_dephasing,Spin dephasing,1.0,C,"IX,ZY",-9.525655408706922e-13,0.9938043032778506,-0.3529210114091068,1.3149176332499512e-10,0.9879261697110218,False
spin_dephasing,Spin dephasing,1.0,C,"IX,ZZ",4.3820285669542707e-10,0.562374756337368,-0.8875650309998411,5.741376776690214e-09,0.6600129197178125,False
spin_dephasing,Spin dephasing,1.0,C,"IY,IZ",-5.785767916507542e-10,0.5003475237536938,-15.474481856721635,6.163556232709673e-09,0.6230972942607428,False
spin_dephasing,Spin dephasing,1.0,C,"IY,XI",-3.074356525688612e-11,0.5971250210291269,0.33203167281261514,3.5413030324082895e-10,0.710619085917096,False
spin_dephasing,Spin dephasing,1.0,C,"IY,XX",1.3533104359045184e-10,0.9516339733009677,0.02164443923063153,4.705394363749028e-09,1.0479347153248408,False
spin_dephasing,Spin dephasing,1.0,C,"IY,XY",-2.0130286816160137e-11,0.9984622974673931,-0.0016514326239700505,4.547272262452601e-09,1.0073781546585552,False
spin_dephasing,Spin dephasing,1.0,C,"IY,XZ",-5.119110394190492e-06,0.0001435845657483363,0.9999999390672221,6.82590633506487e-05,0.00014201825026254465,True
spin_dephasing,Spin dephasing,1.0,C,"IY,YI",-9.523102794981218e-12,0.8517580810772548,-1.6379306735720367,2.417533283433299e-10,0.868693944357244,False
spin_dephasing,Spin dephasing,1.0,C,"IY,YX",-8.000265330799288e-12,0.9999109360582531,-0.03226387248398721,8.466996667015885e-09,1.003149588000495,False
spin_dephasing,Spin dephasing,1.0,C,"IY,YY",1.4060305950137544e-09,0.4895497947249234,-1.622348843043834,1.5486788629680544e-08,0.6973698833169569,False
spin_dephasing,Spin dephasing,1.0,C,"IY,YZ",3.345196974825267e-10,0.7626252882513543,-1.2837451342998625,6.523719617727598e-09,0.9145375856401766,False
spin_dephasing,Spin dephasing,1.0,C,"IY,ZI",2.0413057814903474e-10,0.8620279339024076,0.2549348085459988,3.817250716132965e-09,1.0247721281997593,False
spin_dephasing,Spin dephasing,1.0,C,"IY,ZX",-8.737743947694323e-11,0.5815794425454553,-45220566101.567,8.25233562007734e-10,0.8235223917605391,False
spin_dephasing,Spin dephasing,1.0,C,"IY,ZY",-1.9805310596401795e-11,0.9988580838496074,-0.23972302101729737,5.6194685977006424e-09,1.011748032903862,False
spin_dephasing,Spin dephasing,1.0,C,"IY,ZZ",2.2657261252011593e-10,0.8421235777220117,0.2908186376716132,4.1048366503325765e-09,0.9483845731005004,False
spin_dephasing,Spin dephasing,1.0,C,"IZ,XI",-1.4265338958165007e-10,0.9151488069256862,0.05023469382227619,3.5802637669332633e-09,1.1016580193160155,False
spin_dephasing,Spin dephasing,1.0,C,"IZ,XX",8.784691207159458e-12,0.9998809310961568,-0.014914848943805792,7.449750958333227e-09,0.9960693579976508,False
spin_dephasing,Spin dephasing,1.0,C,"IZ,XY",5.551148634424699e-06,7.54125508498278e-05,0.9999999831833429,7.401275223682406e-05,5.8316960410461685e-05,True
spin_dephasing,Spin dephasing,1.0,C,"IZ,XZ",2.6485662508860714e-11,0.9971858440715924,-0.0010731805733790178,3.864455481967207e-09,0.9771544679171047,False
spin_dephasing,Spin dephasing,1.0,C,"IZ,YI",3.534904819472897e-10,0.5736223688549057,0.6112088370956053,5.08439914747872e-09,0.5708013980224379,False
spin_dephasing,Spin dephasing,1.0,C,"IZ,YX",-4.1241490394283165e-10,0.8566007954772832,0.2652002581706062,7.52953945291444e-09,1.0548930539786299,False
spin_dephasing,Spin dephasing,1.0,C,"IZ,YY",3.293240441480762e-10,0.8473514204106167,0.193041252377116,6.494914963583651e-09,0.8309836510590394,False
spin_dephasing,Spin dephasing,1.0,C,"IZ,YZ",-1.4073883685909923e-09,0.4853487141510581,-1.8191701721913995,1.5231297953376264e-08,0.6919964026486611,False
spin_dephasing,Spin dephasing,1.0,C,"IZ,ZI",-5.010436062643048e-10,0.66754482520144,0.2934272116853752,7.925678337212266e-09,0.6042392574498017,False
spin_dephasing,Spin dephasing,1.0,C,"IZ,ZX",3.774866949914723e-10,0.5335876079441613,0.09716493552731453,5.156887431777147e-09,0.586480892292381,False
spin_dephasing,Spin dephasing,1.0,C,"IZ,ZY",3.362640387193518e-10,0.6483870043398258,0.5389639204254048,5.101536458065291e-09,0.5965993681403492,False
spin_dephasing,Spin dephasing,1.0,C,"IZ,ZZ",5.720141083344771e-11,0.9980793583832761,-0.007225186054217625,1.007470968108526e-08,1.018925743319711,False
spin_dephasing,Spin dephasing,1.0,C,"XI,XX",-7.266528466095312e-11,0.9740120658798167,-0.04788068634973053,4.097903540626804e-09,0.9704461545842706,False
spin_dephasing,Spin dephasing,1.0,C,"XI,XY",-7.067075372509407e-11,0.9883309752295012,-0.06551208517363238,5.268941227399161e-09,1.0223545081371053,False
spin_dephasing,Spin dephasing,1.0,C,"XI,XZ",2.877914805845353e-10,0.7232047703610799,-0.23373947537132245,4.6181943880743836e-09,0.7922770557776848,False
spin_dephasing,Spin dephasing,1.0,C,"XI,YI",-1.90616270652642e-11,0.44788368984759525,0.4385489517797525,2.5108381311968117e-10,0.46894526806547526,False
spin_dephasing,Spin dephasing,1.0,C,"XI,YX",4.4760605982371285e-11,0.996457903139127,-0.6313386350477346,6.14706769638468e-09,0.9878639680486203,False
spin_dephasing,Spin dephasing,1.0,C,"XI,YY",4.38309773718966e-10,0.3586418152029959,0.39906796007248246,6.000817776430606e-09,0.33305088493635343,False
spin_dephasing,Spin dephasing,1.0,C,"XI,YZ",9.592524912240924e-12,0.610236803899665,-4.793494305359818,1.1804526091064068e-10,0.8645643086637423,False
spin_dephasing,Spin dephasing,1.0,C,"XI,ZI",1.7494202432752425e-10,0.8816382912845911,-0.023757081559148352,4.127147973644307e-09,0.8587062822036813,False
spin_dephasing,Spin dephasing,1.0,C,"XI,ZX",5.123090231755765e-10,0.696932706171489,-2.641345648417346,8.200639560873248e-09,0.8958802706031417,False
spin_dephasing,Spin dephasing,1.0,C,"XI,ZY",1.794383214858664e-11,0.7389980730169566,-0.7996529826859531,3.4856070962564695e-10,0.8284006998583952,False
spin_dephasing,Spin dephasing,1.0,C,"XI,ZZ",1.532404600102445e-10,0.940708595455405,0.06725807608117229,4.872979037048938e-09,1.1048232568791885,False
spin_dephasing,Spin dephasing,1.0,C,"XX,XY",4.294025433203905e-11,0.5453989240395495,-0.09461802086797233,5.864977629449646e-10,0.5119020390185933,False
spin_dephasing,Spin dephasing,1.0,C,"XX,XZ",-1.5552721116034656e-10,0.9194707429897401,-0.02990605654186429,4.7147993740305465e-09,0.8900432455182139,False
spin_dephasing,Spin dephasing,1.0,C,"XX,YI",9.731920792634061e-11,0.975443480808436,-0.0892788063306238,4.487360956732763e-09,1.03614567257708,False
spin_dephasing,Spin dephasing,1.0,C,"XX,YX",5.161271152698374e-11,0.48699780146253974,-0.7207200956634541,5.550133350902385e-10,0.6900211925022658,False
spin_dephasing,Spin dephasing,1.0,C,"XX,YY",-7.229126711849391e-10,0.5714541685887815,0.0849108165154685,9.82387930487342e-09,0.7225192797789529,False
spin_dephasing,Spin dephasing,1.0,C,"XX,YZ",-7.243907393254855e-11,0.9871683811751601,-0.18183434392592535,5.200911396133451e-09,1.0232135832918319,False
spin_dephasing,Spin dephasing,1.0,C,"XX,ZI",-5.048884448622262e-10,0.714530365858707,0.22486981799003902,8.160672475373302e-09,0.7937717157559246,False
spin_dephasing,Spin dephasing,1.0,C,"XX,ZX",2.1274989789057946e-10,0.8327195452662093,-0.022959604456375793,4.223470750378472e-09,0.8320892061964956,False
spin_dephasing,Spin dephasing,1.0,C,"XX,ZY",-1.5802332855089892e-10,0.9320664212103908,0.0904912865898665,3.93180099300133e-09,1.1146375378230147,False
spin_dephasing,Spin dephasing,1.0,C,"XX,ZZ",1.8360785023072907e-11,0.7930939890298676,0.19959629972191184,2.6191038995928897e-10,1.0465757733244894,False
spin_dephasing,Spin dephasing,1.0,C,"XY,XZ",-6.216878536489949e-10,0.5388836217806968,-20.43425257712501,6.521263659397487e-09,0.6821954790921321,False
spin_dephasing,Spin dephasing,1.0,C,"XY,YI",-3.754023898037855e-10,0.534745056553157,0.10134883800845873,5.136459109574745e-09,0.5866009049264291,False
spin_dephasing,Spin dephasing,1.0,C,"XY,YX",3.2125743916344113e-10,0.8318179987872832,0.23359092215960997,6.280678965992293e-09,0.957143701497351,False
spin_dephasing,Spin dephasing,1.0,C,"XY,YY",-1.0512099109266446e-10,0.6042728986991277,-1.8008086545064454,1.4781503477233181e-09,0.762944747682863,False
spin_dephasing,Spin dephasing,1.0,C,"XY,YZ",-8.854498506498798e-11,0.981753513751425,-0.29515871081208345,6.519732994464087e-09,0.9773648744153144,False
spin_dephasing,Spin dephasing,1.0,C,"XY,ZI",-3.2181329047220306e-10,0.917929408115033,0.13100970766287867,8.11118450452254e-09,1.06612542025413,False
spin_dephasing,Spin dephasing,1.0,C,"XY,ZX",1.960977180715557e-11,0.9991647672883521,-0.3528896095887457,5.199930964445401e-09,1.0125705334303075,False
spin_dephasing,Spin dephasing,1.0,C,"XY,ZY",-9.535950335143054e-11,0.9742128684694258,-0.2875410488434684,5.818399832741413e-09,0.9726844991484825,False
spin_dephasing,Spin dephasing,1.0,C,"XY,ZZ",-4.807190717364141e-11,0.8099501973743702,-0.07943078391748193,8.487775541421893e-10,0.9056056031425397,False
spin_dephasing,Spin dephasing,1.0,C,"XZ,YI",1.095085700922378e-11,0.5815879411899567,-773237557.7949928,1.034291870448001e-10,0.823536964079581,False
spin_dephasing,Spin dephasing,1.0,C,"XZ,YX",2.5400100652194727e-10,0.7741815528301692,0.39301157074587634,4.170265701374658e-09,1.0062652508514827,False
spin_dephasing,Spin dephasing,1.0,C,"XZ,YY",-3.0295641138774365e-11,0.9965559210347202,-0.03127415229018404,4.823908052792895e-09,1.0104671844236452,False
spin_dephasing,Spin dephasing,1.0,C,"XZ,YZ",1.2464002543816068e-10,0.5701944988945663,-9.074270954836981,1.3920976604728653e-09,0.7015534446632066,False
spin_dephasing,Spin dephasing,1.0,C,"XZ,ZI",1.3792757708382869e-11,0.9997342208187299,-0.02773635816671649,8.413592685239056e-09,1.0054644740657108,False
spin_dephasing,Spin dephasing,1.0,C,"XZ,ZX",-1.582704722651943e-11,0.7762493001430865,-3.1799633905204283,3.0128885172983716e-10,0.8248961958416415,False
spin_dephasing,Spin dephasing,1.0,C,"XZ,ZY",-9.361446285009398e-12,0.974100398000104,0.04968633055604199,5.309322739887057e-10,1.0587736373899455,False
spin_dephasing,Spin dephasing,1.0,C,"XZ,ZZ",3.098737748707655e-11,0.9971375627536805,-0.052695968808426086,5.580166569685674e-09,1.0092552128149173,False
spin_dephasing,Spin dephasing,1.0,C,"YI,YX",-1.4056958036252767e-11,0.9989647338467973,-0.010573281425140246,3.7382798495629e-09,0.9937328759920171,False
spin_dephasing,Spin dephasing,1.0,C,"YI,YY",1.4483582648734906e-09,0.4857033407184979,-2.3187088326178853,1.540851032656556e-08,0.6866756889153652,False
spin_dephasing,Spin dephasing,1.0,C,"YI,YZ",-1.1384070221247044e-10,0.910543510555242,-0.004276156831679145,3.047351565811467e-09,0.8754758027816019,False
spin_dephasing,Spin dephasing,1.0,C,"YI,ZI",-7.513594503472976e-10,0.5612285361916286,-2.751343961065954,9.958683064895768e-09,0.4970155220651412,False
spin_dephasing,Spin dephasing,1.0,C,"YI,ZX",-5.118821701042393e-06,0.0001706657897622059,0.9999999138884749,6.82508609518763e-05,0.00016397802401031227,True
spin_dephasing,Spin dephasing,1.0,C,"YI,ZY",1.6881375620295526e-10,0.973886814038138,0.045347369784252245,7.614276798392519e-09,1.0739022937536649,False
spin_dephasing,Spin dephasing,1.0,C,"YI,ZZ",2.7031216226998887e-10,0.7677125872905529,0.4039620222680521,4.652123039494151e-09,0.7932572153069477,False
spin_dephasing,Spin dephasing,1.0,C,"YX,YY",2.684567465617605e-11,0.8495239862582052,-0.06314999384125897,6.97699840404876e-10,0.8717420056519936,False
spin_dephasing,Spin dephasing,1.0,C,"YX,YZ",-1.1356744439902412e-10,0.9315332033825123,0.07494162655592307,3.199166095778679e-09,1.1384279783134446,False
spin_dephasing,Spin dephasing,1.0,C,"YX,ZI",5.5511254446604965e-06,0.00013253054873833917,0.999999948078614,7.401921143168012e-05,0.00011132573397613473,True
spin_dephasing,Spin dephasing,1.0,C,"YX,ZX",-5.342408570794329e-10,0.5936113084871083,-1.5524688740550707,7.812580209402605e-09,0.5441191490646818,False
spin_dephasing,Spin dephasing,1.0,C,"YX,ZY",-1.2824455674169313e-10,0.9207670452633461,0.014403793295015621,3.127492502368997e-09,1.0941927613563487,False
spin_dephasing,Spin dephasing,1.0,C,"YX,ZZ",-1.761062142762599e-10,0.4911443710977583,-5.727935042442898,1.9151810817378827e-09,0.5832634704792363,False
spin_dephasing,Spin dephasing,1.0,C,"YY,YZ",-6.131657776542542e-10,0.2919940263246437,0.3362344814437612,7.115059955261817e-09,0.32132203624260364,False
spin_dephasing,Spin dephasing,1.0,C,"YY,ZI",-1.4188806332743106e-10,0.9726525511487706,-0.10787190497197763,8.702944357249371e-09,0.9456551493751111,False
spin_dephasing,Spin dephasing,1.0,C,"YY,ZX",1.3782443510148728e-10,0.9144822963689213,0.054355469936572254,3.4710798698893377e-09,1.1102946732957613,False
spin_dephasing,Spin dephasing,1.0,C,"YY,ZY",-7.841247265977158e-10,0.4855161574942803,-0.00785858255223637,1.0888438329124464e-08,0.5199037713851434,False
spin_dephasing,Spin dephasing,1.0,C,"YY,ZZ",6.597343189565712e-10,0.2664531901295735,0.8518093671214767,9.949849822685701e-09,0.17022595884756564,False
spin_dephasing,Spin dephasing,1.0,C,"YZ,ZI",2.6125049849011637e-10,0.7874968552205,0.37505962629245804,4.404390148602741e-09,0.8630677108881181,False
spin_dephasing,Spin dephasing,1.0,C,"YZ,ZX",-1.3385829158036764e-10,0.48249294164390255,-6.160404256262546,1.3541067032510913e-09,0.6045027299551119,False
spin_dephasing,Spin dephasing,1.0,C,"YZ,ZY",6.656840963131639e-10,0.24084393985683827,0.8335370372633695,9.636974198814614e-09,0.21233463478474388,False
spin_dephasing,Spin dephasing,1.0,C,"YZ,ZZ",-7.370345592274338e-10,0.5080064016638818,-0.16688748546010035,1.0439412688755405e-08,0.5293256551227796,False
spin_dephasing,Spin dephasing,1.0,C,"ZI,ZX",-1.7454563214801797e-10,0.8879534381721804,0.09487734115712865,3.398984142609571e-09,1.0855871562525201,False
spin_dephasing,Spin dephasing,1.0,C,"ZI,ZY",-1.4422056102513858e-09,0.4842792107724901,-2.1373783826670882,1.546138085800365e-08,0.6843516540797113,False
spin_dephasing,Spin dephasing,1.0,C,"ZI,ZZ",5.251873753750042e-10,0.6941804856953142,-0.031176269694566328,8.453632927721494e-09,0.6599572101620307,False
spin_dephasing,Spin dephasing,1.0,C,"ZX,ZY",-9.114584433726399e-12,0.9723720573624912,-0.025096186053724656,4.932551449505296e-10,0.9384052078859341,False
spin_dephasing,Spin dephasing,1.0,C,"ZX,ZZ",-8.392720168328586e-11,0.9676003943857543,0.011132769586162716,3.263851735326546e-09,1.1714277250503211,False
spin_dephasing,Spin dephasing,1.0,C,"ZY,ZZ",-5.714129510741317e-10,0.3092269161594025,0.1594395879008048,6.475798457532079e-09,0.33219764228653526,False
spin_dephasing,Spin dephasing,1.0,A,"IX,IY",-3.3282789168925174e-10,0.6873839456429506,-0.5822196614061372,5.10963163997564e-09,0.7828754822654637,False
spin_dephasing,Spin dephasing,1.0,A,"IX,IZ",7.463238365756789e-11,0.9895384710991624,-0.4842655468885022,6.1875880574325734e-09,0.9798972871268423,False
spin_dephasing,Spin dephasing,1.0,A,"IX,XI",-8.110159787560835e-10,0.513266598645184,0.6225283622375284,1.205088704950367e-08,0.5125273715958178,False
spin_dephasing,Spin dephasing,1.0,A,"IX,XX",-1.69167070991874e-10,0.9706735372077963,-0.9232805248684561,9.418346589544414e-09,0.9700642659898728,False
spin_dephasing,Spin dephasing,1.0,A,"IX,XY",1.5094176934745523e-10,0.8968977155649875,0.08279708625388926,3.6808063562485777e-09,1.0394163257039166,False
spin_dephasing,Spin dephasing,1.0,A,"IX,XZ",6.28884025217455e-12,0.7818597201317375,-1.4033808467589148,1.206148955184389e-10,0.8262005637821312,False
spin_dephasing,Spin dephasing,1.0,A,"IX,YI",-4.516535715776957e-10,0.7354823913931026,-1.9792870330789545,8.067359281584983e-09,0.906691157991714,False
spin_dephasing,Spin dephasing,1.0,A,"IX,YX",-1.8815043641471267e-11,0.998060930878183,0.0038119526723299213,3.4348719545155793e-09,1.0091294250511709,False
spin_dephasing,Spin dephasing,1.0,A,"IX,YY",-1.672057702867674e-10,0.9190633774835418,0.1304491388398904,5.1249038055195565e-09,1.0543768808911385,False
spin_dephasing,Spin dephasing,1.0,A,"IX,YZ",-2.4969571549844985e-10,0.7463620123490255,-1.013433511793406,4.90105227315857e-09,0.8301754388093688,False
spin_dephasing,Spin dephasing,1.0,A,"IX,ZI",2.695327011439771e-10,0.9305102257734589,-1.780629391765257,8.31856276104328e-09,0.9459977424613485,False
spin_dephasing,Spin dephasing,1.0,A,"IX,ZX",-1.0029347743280858e-10,0.5218850807175169,-6.986519087031602,1.1136881409513748e-09,0.6290648331337753,False
spin_dephasing,Spin dephasing,1.0,A,"IX,ZY",4.0907144551391914e-10,0.8572566085757968,-0.3438613528854362,1.1517217277641031e-08,0.881605820904884,False
spin_dephasing,Spin dephasing,1.0,A,"IX,ZZ",-1.3376034944943339e-10,0.9503246312720637,0.03273396856055166,5.359504263721521e-09,1.04159599559573,False
spin_dephasing,Spin dephasing,1.0,A,"IY,IZ",4.928666806886761e-10,0.8006880592528398,-2.1813177365873715,1.0296687336433667e-08,0.9202224520397088,False
spin_dephasing,Spin dephasing,1.0,A,"IY,XI",3.4647506305226843e-10,0.9034542733262207,0.062286636899351655,8.550941094286464e-09,0.9324684345204656,False
spin_dephasing,Spin dephasing,1.0,A,"IY,XX",-6.271928667885143e-11,0.9796693387050883,0.009973502130064205,3.17749390954122e-09,1.1315906779879181,False
spin_dephasing,Spin dephasing,1.0,A,"IY,XY",8.734465221649973e-10,0.35448644057576384,0.5636886598674461,1.0909651328310696e-08,0.4467375447315327,False
spin_dephasing,Spin dephasing,1.0,A,"IY,XZ",7.008332692984815e-11,0.2525930683664122,0.6988766410853082,8.767439862926634e-10,0.308312345999411,False
spin_dephasing,Spin dephasing,1.0,A,"IY,YI",-5.395105031224347e-11,0.8059272869337185,-0.4770438687123384,1.0303316881659892e-09,0.9127286695926735,False
spin_dephasing,Spin dephasing,1.0,A,"IY,YX",2.087465995584042e-10,0.8624750045909355,0.2553769696207404,3.835410935411863e-09,1.0715432488784669,False
spin_dephasing,Spin dephasing,1.0,A,"IY,YY",-3.3239566616133274e-11,0.9963312921028755,-0.03827632835471806,5.1376674769587005e-09,1.0107829628799467,False
spin_dephasing,Spin dephasing,1.0,A,"IY,YZ",-8.552541322221582e-11,0.5427849824198513,-32.82721908536227,8.627952656418725e-10,0.6529800971387518,False
spin_dephasing,Spin dephasing,1.0,A,"IY,ZI",4.1890222446468806e-10,0.5167627388680464,-0.017659657937517226,5.54803081035763e-09,0.5907540527103395,False
spin_dephasing,Spin dephasing,1.0,A,"IY,ZX",-2.9085122029240105e-10,0.9333832149863527,-0.1087854093274685,1.1855091623458062e-08,0.9182204492015105,False
spin_dephasing,Spin dephasing,1.0,A,"IY,ZY",-6.753291283999626e-11,0.718875405424456,-5.231249254885568,1.0770005575828741e-09,0.7909845933860324,False
spin_dephasing,Spin dephasing,1.0,A,"IY,ZZ",-1.4382350974101947e-10,0.943786079566248,-0.45849610555076437,6.031324557859147e-09,0.9602565162479912,False
spin_dephasing,Spin dephasing,1.0,A,"IZ,XI",-9.769919744957577e-11,0.9846121573461247,-0.8891435516635342,6.123032822889692e-09,0.9734066433319483,False
spin_dephasing,Spin dephasing,1.0,A,"IZ,XX",-1.8538383511683033e-11,0.8570232068300061,-0.7997139765345478,4.975891025421527e-10,0.9379059836822137,False
spin_dephasing,Spin dephasing,1.0,A,"IZ,XY",1.389799034135057e-10,0.43348486595348407,-4.263750641473669,1.5208864582772442e-09,0.44810206920221035,False
spin_dephasing,Spin dephasing,1.0,A,"IZ,XZ",9.92982647830062e-10,0.3238512609104449,0.5525916434553878,1.2087453709184e-08,0.4200405841038061,False
spin_dephasing,Spin dephasing,1.0,A,"IZ,YI",-5.7169083887863566e-11,0.9953227367266578,0.003336279615310467,8.003936948224062e-09,1.0238087349003704,False
spin_dephasing,Spin dephasing,1.0,A,"IZ,YX",4.031586601265606e-11,0.505436079121472,-5.053759761007891,4.08003895401356e-10,0.7227157253316482,False
spin_dephasing,Spin dephasing,1.0,A,"IZ,YY",-4.5802743191795195e-11,0.6408504517122063,-1.6574679595878452,6.561624573560892e-10,0.8836600532934312,False
spin_dephasing,Spin dephasing,1.0,A,"IZ,YZ",7.090671820250239e-11,0.9862789737310075,-0.23919346623863058,6.016011296225256e-09,0.9803561100782859,False
spin_dephasing,Spin dephasing,1.0,A,"IZ,ZI",-5.7169452428985154e-11,0.5815524911790049,-16511068.34975549,5.399870177176903e-10,0.8235468305928982,False
spin_dephasing,Spin dephasing,1.0,A,"IZ,ZX",1.7502266841643304e-10,0.9023892500058601,0.16961927671286647,3.846365919616927e-09,1.0758389746209518,False
spin_dephasing,Spin dephasing,1.0,A,"IZ,ZY",-1.2910580334298635e-10,0.9517470939970476,0.09224586011066449,4.894686184923294e-09,1.0439612123792057,False
spin_dephasing,Spin dephasing,1.0,A,"IZ,ZZ",4.019439315801225e-11,0.780657857626066,-6.426250262702575,6.626853594547754e-10,0.8989103134578522,False
spin_dephasing,Spin dephasing,1.0,A,"XI,XX",3.121332383979621e-10,0.9314182586159137,0.1309896477465725,1.0467599411007894e-08,1.049698316067534,False
spin_dephasing,Spin dephasing,1.0,A,"XI,XY",1.2258618415665307e-10,0.948138074730203,0.030304585479556057,4.082141294093005e-09,0.9363254074821048,False
spin_dephasing,Spin dephasing,1.0,A,"XI,XZ",6.685733732339249e-11,0.7036729559875724,-1.5420545534722483,1.1035860221116841e-09,0.7980603354765746,False
spin_dephasing,Spin dephasing,1.0,A,"XI,YI",-1.876265203832989e-10,0.8643328056091407,0.25012864848237515,4.0438252298985535e-09,1.1546609210474426,False
spin_dephasing,Spin dephasing,1.0,A,"XI,YX",-1.4412350164001985e-11,0.9992356881873057,-0.08076633883912532,5.053174499496775e-09,1.0047535630540885,False
spin_dephasing,Spin dephasing,1.0,A,"XI,YY",-6.328119272033068e-11,0.9919702230285405,-0.1957718148610461,5.916257755007699e-09,1.0356538402826052,False
spin_dephasing,Spin dephasing,1.0,A,"XI,YZ",-3.763141915969419e-10,0.8494440747767332,-0.1882042488413871,1.016578038623919e-08,0.8766075410841598,False
spin_dephasing,Spin dephasing,1.0,A,"XI,ZI",2.2273828329781622e-10,0.8448665756548042,0.26568429989678455,4.472948867986353e-09,1.1659891418924933,False
spin_dephasing,Spin dephasing,1.0,A,"XI,ZX",3.83548109383457e-11,0.7344009257050476,-7.428613795795592,5.666120724132448e-10,0.7743617264454581,False
spin_dephasing,Spin dephasing,1.0,A,"XI,ZY",1.71094700395255e-10,0.7495987925552592,-1.2865120646598807,3.371989975238331e-09,0.8308667368016497,False
spin_dephasing,Spin dephasing,1.0,A,"XI,ZZ",-4.102360675868168e-11,0.9967941076224769,-0.27274219129024546,6.0655400190674504e-09,1.0225446300630123,False
spin_dephasing,Spin dephasing,1.0,A,"XX,XY",2.1961160757677188e-10,0.9171739922661853,-0.20491085198667913,7.539606997458951e-09,0.9514537898215856,False
spin_dephasing,Spin dephasing,1.0,A,"XX,XZ",-2.473173268886843e-10,0.930788387969843,-1.0934639048205796,7.785315520498002e-09,0.9470547412331328,False
spin_dephasing,Spin dephasing,1.0,A,"XX,YI",1.605039121471475e-10,0.9496876423595223,-0.43330174451536796,7.123033137936663e-09,0.9624448581011747,False
spin_dephasing,Spin dephasing,1.0,A,"XX,YX",3.0400704905511454e-10,0.8593433566565737,0.24450098267872922,6.964249742730467e-09,1.0727541994915888,False
spin_dephasing,Spin dephasing,1.0,A,"XX,YY",4.278707839158882e-15,0.6619103435647242,0.38461804204143313,5.492427850476019e-14,0.9124370815374839,False
spin_dephasing,Spin dephasing,1.0,A,"XX,YZ",6.548969130542318e-10,0.5107469779816567,-1.4608174278574286,7.663623415946405e-09,0.6494803854972949,False
spin_dephasing,Spin dephasing,1.0,A,"XX,ZI",-4.8343761606026804e-11,0.7365259647595906,-4.779742448060905,8.08722359205977e-10,0.9003700898177798,False
spin_dephasing,Spin dephasing,1.0,A,"XX,ZX",-5.041051187143005e-10,0.47072188656191116,0.5351670317881723,6.8662160560285315e-09,0.47014233168960184,False
spin_dephasing,Spin dephasing,1.0,A,"XX,ZY",5.180359735004345e-11,0.9960058748273412,0.002638430264574998,7.817722576192563e-09,1.0220881025324868,False
spin_dephasing,Spin dephasing,1.0,A,"XX,ZZ",2.025372440646411e-10,0.9739872946676223,-0.08477097542991818,9.395782276381405e-09,1.0359269790967394,False
spin_dephasing,Spin dephasing,1.0,A,"XY,XZ",3.127786630104763e-10,0.7297499905015354,-0.0201097618166457,5.776799522142154e-09,0.8195202136802493,False
spin_dephasing,Spin dephasing,1.0,A,"XY,YI",-2.3634695869093996e-10,0.8061562747467842,0.34789364485861174,4.0034868222212e-09,1.082516590564256,False
spin_dephasing,Spin dephasing,1.0,A,"XY,YX",-4.870552730717106e-11,0.5816127207430523,-12324086.899817947,4.6013994516114284e-10,0.823161400107985,False
spin_dephasing,Spin dephasing,1.0,A,"XY,YY",4.7950257403780564e-11,0.998601154672111,0.00033277160241651504,1.1150382433175238e-08,0.9856655866017305,False
spin_dephasing,Spin dephasing,1.0,A,"XY,YZ",1.6725372332246887e-10,0.913643369401364,0.14005688970903618,4.25653812721032e-09,1.0654889483440715,False
spin_dephasing,Spin dephasing,1.0,A,"XY,ZI",5.6851291128975854e-11,0.644334436751885,-23.90586648769773,6.899469804373836e-10,0.7253349762569887,False
spin_dephasing,Spin dephasing,1.0,A,"XY,ZX",3.214128589466211e-11,0.9986114552826424,-0.06660878833432293,8.846085004737895e-09,0.9878886965712524,False
spin_dephasing,Spin dephasing,1.0,A,"XY,ZY",-1.3649562088124684e-09,0.4683561685769734,-1.7800357095492236,1.4739970013513046e-08,0.6532077919711711,False
spin_dephasing,Spin dephasing,1.0,A,"XY,ZZ",-2.895273962350005e-10,0.8740676256927056,0.16872272216045003,6.2005597885893006e-09,0.8443541625774882,False
spin_dephasing,Spin dephasing,1.0,A,"XZ,YI",-2.917562922495629e-10,0.9359972206590154,-0.11546482095939758,1.2170199321994995e-08,0.9200899715415845,False
spin_dephasing,Spin dephasing,1.0,A,"XZ,YX",2.463688239734509e-10,0.6543713222086452,0.2762143169732858,3.9178126741158285e-09,0.5865668920354357,False
spin_dephasing,Spin dephasing,1.0,A,"XZ,YY",2.365397291477663e-10,0.8080582047736056,0.34587178720424583,4.201940143170899e-09,0.8740326654462842,False
spin_dephasing,Spin dephasing,1.0,A,"XZ,YZ",-2.4179238746971985e-11,0.9985780389755053,-0.4316551892986331,6.118673540211334e-09,0.9868276249810963,False
spin_dephasing,Spin dephasing,1.0,A,"XZ,ZI",-9.744541015309953e-11,0.9730841414127646,-0.07420357536741351,4.731365215181786e-09,1.0343260368911498,False
spin_dephasing,Spin dephasing,1.0,A,"XZ,ZX",-9.428219358864605e-11,0.6827192529838698,-1.12497268960959,1.6068019633278505e-09,0.8044102597572592,False
spin_dephasing,Spin dephasing,1.0,A,"XZ,ZY",-3.0245017923273994e-10,0.802101710355533,-1.0540583268895394,6.650328667202862e-09,0.9242016962950216,False
spin_dephasing,Spin dephasing,1.0,A,"XZ,ZZ",1.4346819007476108e-09,0.4757035342693887,-1.906477546598631,1.535907436979943e-08,0.6720143818345805,False
spin_dephasing,Spin dephasing,1.0,A,"YI,YX",1.1447964116794372e-09,0.5425510462142717,0.21807742179615874,1.411196766448096e-08,0.729592064717092,False
spin_dephasing,Spin dephasing,1.0,A,"YI,YY",1.5647497692555783e-10,0.8907120986537161,0.010416665181509077,3.4630399803209295e-09,1.0202944450070572,False
spin_dephasing,Spin dephasing,1.0,A,"YI,YZ",4.056545999254496e-11,0.47288813030009125,0.48985492878603953,6.086421521184647e-10,0.42563519504684527,False
spin_dephasing,Spin dephasing,1.0,A,"YI,ZI",4.2167466558116733e-10,0.6832796328038377,-0.4258827196409063,6.127024995202153e-09,0.7068574522426664,False
spin_dephasing,Spin dephasing,1.0,A,"YI,ZX",1.4431590376572654e-10,0.64228691149075,-4.261566684175542,2.0494296302074675e-09,0.7652746864483833,False
spin_dephasing,Spin dephasing,1.0,A,"YI,ZY",4.424207074833373e-11,0.5617399228808152,-14.27455274336441,4.706072850572417e-10,0.75649569863184,False
spin_dephasing,Spin dephasing,1.0,A,"YI,ZZ",-2.6474226288720573e-10,0.7530356682099376,0.03299954110240633,4.698391872830255e-09,0.7261951945661342,False
spin_dephasing,Spin dephasing,1.0,A,"YX,YY",-4.1214009956554884e-10,0.7491988423853602,0.10290225141117582,7.413252108966593e-09,0.7828665937091008,False
spin_dephasing,Spin dephasing,1.0,A,"YX,YZ",-1.3985052077591546e-09,0.47567036195791285,-1.496284342608695,1.5191945576511926e-08,0.6787656694228991,False
spin_dephasing,Spin dephasing,1.0,A,"YX,ZI",-1.9416978714176392e-10,0.6283342712182124,-8.754294417085829,2.510438234921887e-09,0.7421834105287125,False
spin_dephasing,Spin dephasing,1.0,A,"YX,ZX",-3.4102185323173926e-11,0.9941951368907231,-0.012470813531536118,3.9757457308511455e-09,1.057183712829095,False
spin_dephasing,Spin dephasing,1.0,A,"YX,ZY",1.6690823571655903e-10,0.9129141956936189,0.14626118182858838,3.800764088288747e-09,1.0731906496691246,False
spin_dephasing,Spin dephasing,1.0,A,"YX,ZZ",1.9520299619404125e-10,0.9515058053134541,-0.13659909949168259,9.144259607795743e-09,0.9288431560467272,False
spin_dephasing,Spin dephasing,1.0,A,"YY,YZ",-7.458439062567731e-12,0.9997505424679891,-0.3367616377538072,4.892610315764773e-09,0.9974592843147772,False
spin_dephasing,Spin dephasing,1.0,A,"YY,ZI",2.260048836576143e-11,0.688342937221438,-0.4674251279290951,3.224998299416063e-10,0.6385200775204061,False
spin_dephasing,Spin dephasing,1.0,A,"YY,ZX",-2.2677389739417925e-10,0.8243929356344173,0.32017967841659456,4.098232377812426e-09,0.8719797439953504,False
spin_dephasing,Spin dephasing,1.0,A,"YY,ZY",-1.4212967418249317e-10,0.9159731832964915,-0.05294656998084735,3.162170772836067e-09,1.2080659372227223,False
spin_dephasing,Spin dephasing,1.0,A,"YY,ZZ",2.630911910943393e-09,0.09983554550819236,0.9669266300044699,3.361487687164534e-08,0.0927128420346981,False
spin_dephasing,Spin dephasing,1.0,A,"YZ,ZI",-4.4959458824298065e-11,0.9902774872016528,0.00869114559038242,3.442667032949491e-09,1.0870632340062605,False
spin_dephasing,Spin dephasing,1.0,A,"YZ,ZX",1.9685975822646185e-10,0.9660469064740579,0.047852839723357854,7.282552847179505e-09,1.0901056549616868,False
spin_dephasing,Spin dephasing,1.0,A,"YZ,ZY",-1.0147020475289726e-10,0.9519598153718417,-0.009815272133374853,4.988931814966537e-09,0.8644062382940146,False
spin_dephasing,Spin dephasing,1.0,A,"YZ,ZZ",9.106061532793845e-11,0.9526645601053267,0.0749491258456575,3.3860857602668182e-09,0.9615039990054618,False
spin_dephasing,Spin dephasing,1.0,A,"ZI,ZX",1.1111790306874426e-09,0.5500448353850207,0.26519083760286954,1.3616901585589657e-08,0.7279902421993539,False
spin_dephasing,Spin dephasing,1.0,A,"ZI,ZY",2.0153636248751644e-10,0.8414353276571765,0.011571178911691793,4.002991777593287e-09,0.87102627711088,False
spin_dephasing,Spin dephasing,1.0,A,"ZI,ZZ",-2.4823551177223387e-11,0.6916522566329645,0.31071172401747527,3.561403544166282e-10,0.8223177209596859,False
spin_dephasing,Spin dephasing,1.0,A,"ZX,ZY",1.6343593949793313e-10,0.8570092521129554,0.001137270412957303,3.4507132570542006e-09,0.8421235192812911,False
spin_dephasing,Spin dephasing,1.0,A,"ZX,ZZ",1.3821388508419613e-09,0.47610035139389767,-1.539470530349294,1.4873827128136313e-08,0.6839964277058452,False
spin_dephasing,Spin dephasing,1.0,A,"ZY,ZZ",-2.156208207037439e-11,0.9955200425533886,-0.043400871121986206,3.032120758329992e-09,0.9762959286157079,False
spin_dephasing,Spin dephasing,2.0,H,IX,-3.9764741388230883e-10,0.8868320524682924,-0.23667289734541908,1.1480920998846169e-08,0.9422741703500569,False
spin_dephasing,Spin dephasing,2.0,H,IY,1.2428237172948269e-10,0.8772991558782101,-0.9634962747177418,3.0234809456589465e-09,0.8629809217000636,False
spin_dephasing,Spin dephasing,2.0,H,IZ,4.374391830497236e-11,0.842517754765931,0.2736818024515555,9.179966647282497e-10,1.0794191670945443,False
spin_dephasing,Spin dephasing,2.0,H,XI,2.0614546533524756e-10,0.962729446364088,-1.1105450462930242,9.575289431788006e-09,0.9282369941908712,False
spin_dephasing,Spin dephasing,2.0,H,XX,3.6624334507719713e-09,0.34204980688871567,0.8269540687459789,5.7247763932996413e-08,0.21011381245398625,False
spin_dephasing,Spin dephasing,2.0,H,XY,2.9835191210684555e-10,0.7416308082659389,0.4214677569522377,5.140389133453513e-09,0.9301701642609173,False
spin_dephasing,Spin dephasing,2.0,H,XZ,1.3309476295287967e-10,0.9401577799891965,-0.03910152400958067,5.4968583611525245e-09,0.9192904054107895,False
spin_dephasing,Spin dephasing,2.0,H,YI,-7.104218359653626e-10,0.66812107877415,-2.3923798116999118,1.1254396258985161e-08,0.579173732280732,False
spin_dephasing,Spin dephasing,2.0,H,YX,-3.9165489734466974e-10,0.8319792359258064,-0.07051089102083119,1.074091619928883e-08,0.7569078279246472,False
spin_dephasing,Spin dephasing,2.0,H,YY,1.8334292371517886e-10,0.9598788575057979,-0.13970024138990333,9.789119505832397e-09,0.9375691471856611,False
spin_dephasing,Spin dephasing,2.0,H,YZ,1.785338352893499e-10,0.7085277274952828,0.0056815722389327306,2.7499314070943665e-09,0.7835899532757288,False
spin_dephasing,Spin dephasing,2.0,H,ZI,4.852115249239258e-11,0.7935898830346589,-1.3906211292037476,8.358794570277595e-10,0.8065065798485455,False
spin_dephasing,Spin dephasing,2.0,H,ZX,1.3357500614869424e-10,0.94115847784114,-0.18517749139196193,5.928394295951074e-09,0.9248953429430731,False
spin_dephasing,Spin dephasing,2.0,H,ZY,2.768102770730228e-10,0.7953123518196669,0.3641569425940886,4.688065085858579e-09,0.9505035148039562,False
spin_dephasing,Spin dephasing,2.0,H,ZZ,-3.19476101688356e-17,0.8474106705585884,0.27952676818229527,7.302258793938306e-16,0.6701328062490638,False
spin_dephasing,Spin dephasing,2.0,S,IX,-6.066056636636709e-10,0.7436335491839804,0.4362809528911362,1.0778015516860716e-08,0.719094405605063,False
spin_dephasing,Spin dephasing,2.0,S,IY,1.0128654606247194e-05,0.00010067903415274959,0.9999999700399661,0.00013505539746305252,7.512956547009342e-05,True
spin_dephasing,Spin dephasing,2.0,S,IZ,1.4869452130941964e-05,0.00011055178828196407,0.9999999638770499,0.00019827029428338088,7.525070447773418e-05,True
spin_dephasing,Spin dephasing,2.0,S,XI,6.613360745531389e-10,0.8928193631755326,-1.6098414153994574,1.650380194441833e-08,0.7328550610013405,False
spin_dephasing,Spin dephasing,2.0,S,XX,2.9269998680076217e-09,0.7225398321724741,-9.257442182966646,3.891845133157854e-08,0.7343341470797828,False
spin_dephasing,Spin dephasing,2.0,S,XY,1.4869161658881424e-05,4.3310586285523714e-05,0.9999999944538299,0.00019825082575228076,4.299803245700097e-05,True
spin_dephasing,Spin dephasing,2.0,S,XZ,1.0129293844642294e-05,8.696530412551995e-05,0.9999999776446176,0.00013505913118720946,7.303975325404175e-05,True
spin_dephasing,Spin dephasing,2.0,S,YI,1.0128456344147114e-05,0.00013645065570686452,0.9999999449727749,0.0001350507836098279,0.00011119819312060112,True
spin_dephasing,Spin dephasing,2.0,S,YX,1.4868992724526297e-05,3.896631281819407e-05,0.9999999955111835,0.00019825259976149876,3.2310189474254246e-05,True
spin_dephasing,Spin dephasing,2.0,S,YY,-2.777702366136014e-10,0.9640131386080432,-0.03970080354265271,1.063291352166622e-08,1.0435393736074943,False
spin_dephasing,Spin dephasing,2.0,S,YZ,-4.4698038668915094e-10,0.7304103264363893,0.43515305856579023,9.561243472818023e-09,0.58144616825542,False
spin_dephasing,Spin dephasing,2.0,S,ZI,1.4868725969697593e-05,0.00013881679884344543,0.9999999430490489,0.00019826314203394814,9.454014941124188e-05,True
spin_dephasing,Spin dephasing,2.0,S,ZX,1.0128312540783828e-05,9.247363453396867e-05,0.9999999747237324,0.00013504952925405463,8.395849463012857e-05,True
spin_dephasing,Spin dephasing,2.0,S,ZY,-5.263427217224335e-10,0.7362101787105664,0.42224806293169725,7.5869428241656e-09,0.9086343729189177,False
spin_dephasing,Spin dephasing,2.0,S,ZZ,1.4215927274371664e-09,0.585323423344991,0.42079523525834506,2.4705671060836322e-08,0.49812366852063505,False
spin_dephasing,Spin dephasing,2.0,C,"IX,IY",-4.865375685453828e-11,0.9363238889950627,-1.177558696517278,1.683433815844948e-09,0.9518308388519192,False
spin_dephasing,Spin dephasing,2.0,C,"IX,IZ",-7.01545643750794e-11,0.9426153563839806,-0.4114236832223821,2.656888025830576e-09,0.9119840408615537,False
spin_dephasing,Spin dephasing,2.0,C,"IX,XI",1.1315135462998803e-09,0.5105202829426152,-16.335787714886738,1.1422122733667162e-08,0.7028279528163845,False
spin_dephasing,Spin dephasing,2.0,C,"IX,XX",-1.3872375357046368e-09,0.5981763424372675,-54.43161693325501,1.4886106000478983e-08,0.7156784621565359,False
spin_dephasing,Spin dephasing,2.0,C,"IX,XY",1.5323127465919349e-10,0.8265263297464333,0.14757995412272917,2.3103294530357608e-09,1.2210814197340967,False
spin_dephasing,Spin dephasing,2.0,C,"IX,XZ",-4.32305944283831e-10,0.5916047854640204,0.5800768358424355,8.14612176595898e-09,0.46750788743555527,False
spin_dephasing,Spin dephasing,2.0,C,"IX,YI",3.890650730622514e-11,0.907681630690958,-0.8702862011020247,1.341485533915478e-09,0.9033248183386013,False
spin_dephasing,Spin dephasing,2.0,C,"IX,YX",-5.936720894143856e-10,0.8913645436299159,0.20503133021858178,1.5480127086301005e-08,0.9236045209780154,False
spin_dephasing,Spin dephasing,2.0,C,"IX,YY",-1.1628307388224689e-10,0.7802633576255535,0.31631140639477273,2.2884254538657508e-09,0.7298622502874802,False
spin_dephasing,Spin dephasing,2.0,C,"IX,YZ",-2.0811378655489426e-11,0.9600262515092018,-0.17014903220975497,1.121014824516481e-09,0.9381174444192689,False
spin_dephasing,Spin dephasing,2.0,C,"IX,ZI",2.411830491362269e-10,0.8604562113005505,0.2059516048308504,5.728101243479379e-09,0.9694180562363969,False
spin_dephasing,Spin dephasing,2.0,C,"IX,ZX",-3.016711980420388e-11,0.9979950589119712,-0.38838912277104476,5.175735711782549e-09,0.9611428899721077,False
spin_dephasing,Spin dephasing,2.0,C,"IX,ZY",-9.456030419763136e-12,0.9926020501904739,0.008596937696363605,1.0775043455296302e-09,1.0292528763619206,False
spin_dephasing,Spin dephasing,2.0,C,"IX,ZZ",-2.1361796088846872e-10,0.742795866390085,0.4379669820335249,3.6639008070307957e-09,0.8098095905664303,False
spin_dephasing,Spin dephasing,2.0,C,"IY,IZ",4.7499418956675477e-11,0.9975136418654057,-0.10587770337175084,7.255400690576665e-09,0.9890887214039128,False
spin_dephasing,Spin dephasing,2.0,C,"IY,XI",-1.7828637340187816e-12,0.9997999078558322,-0.36842118708884253,1.1802251688670053e-09,0.997482311312213,False
spin_dephasing,Spin dephasing,2.0,C,"IY,XX",6.66651917320904e-11,0.9769434747867664,-0.19390813577830812,4.771938408932667e-09,0.953432486605933,False
spin_dephasing,Spin dephasing,2.0,C,"IY,XY",-3.9728670240918195e-10,0.6590521831625641,-11.248315036932851,4.9908023392640134e-09,0.7346540860550496,False
spin_dephasing,Spin dephasing,2.0,C,"IY,XZ",-5.433106301786343e-06,0.00039263899433720627,0.9999995446971436,7.245220624598358e-05,0.0003161096965314832,True
spin_dephasing,Spin dephasing,2.0,C,"IY,YI",3.913397824977446e-11,0.5036611588994547,-9.958544272339802,3.909322660691704e-10,0.6837091534856524,False
spin_dephasing,Spin dephasing,2.0,C,"IY,YX",-8.376387646997748e-12,0.9988282616324338,-0.028419904164493692,2.2493179191839843e-09,0.9751735475732229,False
spin_dephasing,Spin dephasing,2.0,C,"IY,YY",3.144985717883733e-11,0.9994002514463565,-0.0004938627378570093,1.1425864857189e-08,0.9908249521088259,False
spin_dephasing,Spin dephasing,2.0,C,"IY,YZ",-2.872970549177519e-11,0.9995060455983956,-0.373508652162853,8.557915347959645e-09,1.005595152620633,False
spin_dephasing,Spin dephasing,2.0,C,"IY,ZI",-4.008307932071163e-11,0.9885110831358239,0.01911713097363965,3.240104191289614e-09,1.041236409854213,False
spin_dephasing,Spin dephasing,2.0,C,"IY,ZX",6.626552305022213e-11,0.5815868463888525,-1928273210.9994612,6.258591479705457e-10,0.8235345144747576,False
spin_dephasing,Spin dephasing,2.0,C,"IY,ZY",2.5313759994696128e-11,0.9985042594570053,-0.3387336907249159,5.21620627660679e-09,0.96764729172589,False
spin_dephasing,Spin dephasing,2.0,C,"IY,ZZ",-2.929948628275953e-10,0.747681286923417,-0.1098329384181691,4.41629026036431e-09,0.8894264772943066,False
spin_dephasing,Spin dephasing,2.0,C,"IZ,XI",3.850416165203193e-10,0.6659530506338314,0.527448409713847,7.325135519039785e-09,0.5301325935987445,False
spin_dephasing,Spin dephasing,2.0,C,"IZ,XX",-3.759085202543822e-10,0.6372035876344097,0.5324991684008136,5.964395976461128e-09,0.7599642965845427,False
spin_dephasing,Spin dephasing,2.0,C,"IZ,XY",5.733422220602186e-06,0.0005407101327577812,0.9999991369140371,7.646248737258347e-05,0.00045384984992246713,True
spin_dephasing,Spin dephasing,2.0,C,"IZ,XZ",4.420157836482738e-10,0.727112994276366,-7.2135948059173085,6.283598588206164e-09,0.8827593834319972,False
spin_dephasing,Spin dephasing,2.0,C,"IZ,YI",-1.62065043026802e-10,0.9162979771677471,-0.1577967725248084,4.7032638936370485e-09,0.9425700085827431,False
spin_dephasing,Spin dephasing,2.0,C,"IZ,YX",1.652945414030111e-10,0.9645423537000494,-0.017417024655478563,6.0965268155136116e-09,1.0903763439987897,False
spin_dephasing,Spin dephasing,2.0,C,"IZ,YY",3.125532222234529e-10,0.8951364045160619,-0.2934460159326684,6.043273643604658e-09,1.007209528899282,False
spin_dephasing,Spin dephasing,2.0,C,"IZ,YZ",1.5524017990976894e-10,0.9864157679790984,-0.0013746306791029284,1.0458767841642214e-08,1.0494768862069552,False
spin_dephasing,Spin dephasing,2.0,C,"IZ,ZI",1.2234955793485977e-10,0.9644067968412954,-0.0510024719076525,5.194920379688546e-09,1.0392529461449915,False
spin_dephasing,Spin dephasing,2.0,C,"IZ,ZX",5.675707633427208e-11,0.9946531935918332,-0.6922230098987563,6.413343444833686e-09,0.9852502632928556,False
spin_dephasing,Spin dephasing,2.0,C,"IZ,ZY",-7.776948683701385e-11,0.9641332913973847,-0.004448256748608381,2.955622368510013e-09,1.0877079648442132,False
spin_dephasing,Spin dephasing,2.0,C,"IZ,ZZ",-2.4996842487238736e-10,0.9328834596796929,0.12585726171666156,7.548964357181087e-09,1.154021845258577,False
spin_dephasing,Spin dephasing,2.0,C,"XI,XX",-8.741742869010576e-11,0.9657733938031189,0.06467517430741221,3.66591432570728e-09,1.1589733982180828,False
spin_dephasing,Spin dephasing,2.0,C,"XI,XY",-2.788119298757516e-10,0.9617611000331993,-1.3211894848533814,9.913190581969855e-09,0.9531244208460903,False
spin_dephasing,Spin dephasing,2.0,C,"XI,XZ",2.054516248711945e-10,0.7639468408689829,-0.25242343609496176,3.48552797407775e-09,0.9017596825123957,False
spin_dephasing,Spin dephasing,2.0,C,"XI,YI",2.1447072199844542e-10,0.46319705025044194,-3.8699254533828906,2.3124949488766747e-09,0.5734344077122271,False
spin_dephasing,Spin dephasing,2.0,C,"XI,YX",2.0816241415629673e-10,0.7941486940639026,-0.21133643750542608,3.536037241075367e-09,0.9018852649805091,False
spin_dephasing,Spin dephasing,2.0,C,"XI,YY",-4.1443763388321e-11,0.9926627928165828,-0.2603981337943344,4.110397842399354e-09,1.0168044412314639,False
spin_dephasing,Spin dephasing,2.0,C,"XI,YZ",2.476719487196629e-11,0.9575292126043711,-0.10898228340263061,1.2518865676587498e-09,0.9340536767685874,False
spin_dephasing,Spin dephasing,2.0,C,"XI,ZI",3.557371930921729e-10,0.7858132670828892,-0.7307856536295045,7.972350417736576e-09,0.7025242039029104,False
spin_dephasing,Spin dephasing,2.0,C,"XI,ZX",-2.195232298020184e-10,0.9631746645897747,-0.017976341063333345,8.33155815113827e-09,0.8553098073540248,False
spin_dephasing,Spin dephasing,2.0,C,"XI,ZY",5.483708697172419e-12,0.998179988326347,-0.003442426817401145,1.2089885295746909e-09,1.015119274123308,False
spin_dephasing,Spin dephasing,2.0,C,"XI,ZZ",-2.417246510798638e-10,0.464293338500767,0.653279363525751,3.670517689434865e-09,0.33442422468257105,False
spin_dephasing,Spin dephasing,2.0,C,"XX,XY",-2.2826268401533552e-11,0.9391658012044543,0.11775815992683081,6.755328887852279e-10,1.0874601231709942,False
spin_dephasing,Spin dephasing,2.0,C,"XX,XZ",-2.017854973645668e-10,0.7687745280440045,-1.7822900001368556,3.530738565651174e-09,0.8094964234701119,False
spin_dephasing,Spin dephasing,2.0,C,"XX,YI",4.094371512842557e-11,0.9884619172616825,-0.04618896199078382,3.86615752340842e-09,0.9646990456023208,False
spin_dephasing,Spin dephasing,2.0,C,"XX,YX",-4.41923214415818e-11,0.8658797461646266,-0.4258048661713889,1.2273488184485117e-09,0.8799789139612182,False
spin_dephasing,Spin dephasing,2.0,C,"XX,YY",3.0796570821947537e-10,0.7252710428736268,0.458591341571851,5.746738328648902e-09,0.7420838178324628,False
spin_dephasing,Spin dephasing,2.0,C,"XX,YZ",-1.6421237682937455e-10,0.9156625318702749,-0.18525948663357172,6.04819605264067e-09,0.9094978759505883,False
spin_dephasing,Spin dephasing,2.0,C,"XX,ZI",3.1290206233156376e-10,0.8754411412713894,-0.049643765795218675,9.927848378537303e-09,0.7898825939579437,False
spin_dephasing,Spin dephasing,2.0,C,"XX,ZX",6.31753974657497e-10,0.6904183644409716,-2.238393710573267,1.044154423953828e-08,0.596640777670109,False
spin_dephasing,Spin dephasing,2.0,C,"XX,ZY",-2.8361267447416488e-11,0.9940907604499993,-0.08102681141788648,3.828327310043505e-09,0.9753057796521112,False
spin_dephasing,Spin dephasing,2.0,C,"XX,ZZ",1.329054627567314e-10,0.5040672493462852,-15.087963261176498,1.318649459877216e-09,0.5497066835509361,False
spin_dephasing,Spin dephasing,2.0,C,"XY,XZ",8.442552183435646e-11,0.9949852252138237,-0.1815924016876096,9.47504047348703e-09,0.985149487915013,False
spin_dephasing,Spin dephasing,2.0,C,"XY,YI",-1.23770139334747e-10,0.9789232556719809,-0.9925852868477021,7.047054305933477e-09,0.9707276889601625,False
spin_dephasing,Spin dephasing,2.0,C,"XY,YX",2.2382202331584001e-10,0.950071524237604,-1.5391386982466977,8.390928385025532e-09,0.9555428567127182,False
spin_dephasing,Spin dephasing,2.0,C,"XY,YY",4.99991223695988e-11,0.8017202172872415,-0.6779127298722911,9.982983643980828e-10,0.6661043488086154,False
spin_dephasing,Spin dephasing,2.0,C,"XY,YZ",2.555603505629049e-10,0.8919705506476416,0.18500551462451975,6.693766744082504e-09,1.0162757793985202,False
spin_dephasing,Spin dephasing,2.0,C,"XY,ZI",1.1614184619112652e-10,0.9817885185932778,-0.004433523039969245,6.560747955816011e-09,1.059008437743834,False
spin_dephasing,Spin dephasing,2.0,C,"XY,ZX",-3.877955575581039e-11,0.988440113320793,-0.003315058666270021,2.8296974385567663e-09,1.0456816280395795,False
spin_dephasing,Spin dephasing,2.0,C,"XY,ZY",1.671214863657631e-10,0.9493225713782558,0.09795134034561515,5.8330342025624725e-09,1.15736042264289,False
spin_dephasing,Spin dephasing,2.0,C,"XY,ZZ",9.060608106433881e-12,0.989903111007391,-0.028097863248907062,6.573314294184778e-10,1.0918928433048307,False
spin_dephasing,Spin dephasing,2.0,C,"XZ,YI",-4.0192757222599125e-11,0.5815664634959744,-464479173.8816316,3.796001065350087e-10,0.8234668018719151,False
spin_dephasing,Spin dephasing,2.0,C,"XZ,YX",-9.427137387840714e-11,0.9653505042429424,-0.012865844171354945,3.5717206547772906e-09,1.0879794203692053,False
spin_dephasing,Spin dephasing,2.0,C,"XZ,YY",-7.700202918192016e-11,0.9897596584997026,-0.05361630042948029,6.1517764865467686e-09,1.0834469298966618,False
spin_dephasing,Spin dephasing,2.0,C,"XZ,YZ",5.255496789320409e-11,0.861092645210652,-3.1327198726268577,1.1179067351831237e-09,0.9216467613991146,False
spin_dephasing,Spin dephasing,2.0,C,"XZ,ZI",-6.253497846494934e-11,0.9375745342244589,0.021657807569700593,1.7430275679756895e-09,1.145042236863167,False
spin_dephasing,Spin dephasing,2.0,C,"XZ,ZX",-7.48725643986201e-12,0.8521586192877822,-2.129467238142794,1.7830187227199977e-10,0.8600265877851583,False
spin_dephasing,Spin dephasing,2.0,C,"XZ,ZY",1.3656713991337302e-10,0.6418854595974548,-18.402750309933488,1.5717899033596364e-09,0.7963758218284049,False
spin_dephasing,Spin dephasing,2.0,C,"XZ,ZZ",1.4838643297086512e-10,0.9619218602623651,0.06321878954020832,5.773767268307656e-09,1.1713340424894525,False
spin_dephasing,Spin dephasing,2.0,C,"YI,YX",1.8393217501579967e-10,0.9272729600964594,-0.45112478908590736,6.0003944218862535e-09,0.795644350372577,False
spin_dephasing,Spin dephasing,2.0,C,"YI,YY",-2.462876410314742e-10,0.9689852240729062,-0.040707161904692146,9.923839348368357e-09,1.0106009178883246,False
spin_dephasing,Spin dephasing,2.0,C,"YI,YZ",-2.1709416924641612e-10,0.7808640977038929,-0.41407612590232623,3.9652664923704814e-09,0.9087517532284719,False
spin_dephasing,Spin dephasing,2.0,C,"YI,ZI",-1.9677828855154665e-11,0.9998848437306443,-0.04645952538841547,1.863177429988216e-08,0.99647952139207,False
spin_dephasing,Spin dephasing,2.0,C,"YI,ZX",-5.433083073001242e-06,0.0005391764433222914,0.99999914173721,7.24594183044704e-05,0.00044263949894535583,True
spin_dephasing,Spin dephasing,2.0,C,"YI,ZY",-3.3605672772202414e-10,0.7431537111197285,0.4256370482587044,7.257595268365273e-09,0.5654329225395395,False
spin_dephasing,Spin dephasing,2.0,C,"YI,ZZ",-1.4185682388041103e-10,0.8820912494081802,0.08154187260671608,2.736936912876501e-09,1.1727683518669059,False
spin_dephasing,Spin dephasing,2.0,C,"YX,YY",-3.481001558013162e-11,0.8276830055941065,0.2652658937666088,6.563626475654823e-10,1.0883912161192333,False
spin_dephasing,Spin dephasing,2.0,C,"YX,YZ",2.158426569977344e-10,0.8604930271500818,0.2572926765912348,5.230457436260997e-09,0.7559267681821199,False
spin_dephasing,Spin dephasing,2.0,C,"YX,ZI",5.733251365416096e-06,0.00025056801754125047,0.999999814503057,7.645130618566962e-05,0.00020969090037773548,True
spin_dephasing,Spin dephasing,2.0,C,"YX,ZX",6.328925066033897e-10,0.9041564850460602,0.04962201561214419,1.3993595530085794e-08,1.1190372173750744,False
spin_dephasing,Spin dephasing,2.0,C,"YX,ZY",2.7864145698882617e-10,0.7529102086283281,0.4256221529734917,5.849237832677865e-09,0.46063851531311284,False
spin_dephasing,Spin dephasing,2.0,C,"YX,ZZ",2.0399916054170133e-10,0.3702993372000376,0.04533959019695577,2.184891727323642e-09,0.4476356550855116,False
spin_dephasing,Spin dephasing,2.0,C,"YY,YZ",2.2706963432070853e-10,0.9084817775550377,-0.28686341975523066,7.546809329073203e-09,0.7994122421635421,False
spin_dephasing,Spin dephasing,2.0,C,"YY,ZI",2.7989029301580353e-10,0.7905698708529622,0.36357181761444335,5.035584270094569e-09,1.016600071521228,False
spin_dephasing,Spin dephasing,2.0,C,"YY,ZX",-2.6889570185021614e-10,0.8081374351993111,0.34460573772908276,5.795745621557405e-09,0.7921879229258378,False
spin_dephasing,Spin dephasing,2.0,C,"YY,ZY",6.886404694954047e-10,0.7541803807132798,0.26710591077553814,9.955112673796576e-09,1.0616257292777653,False
spin_dephasing,Spin dephasing,2.0,C,"YY,ZZ",6.355631791761917e-10,0.29132623992076084,0.7155961385650373,8.94235792949076e-09,0.2874575192707084,False
spin_dephasing,Spin dephasing,2.0,C,"YZ,ZI",-1.2799219414851483e-10,0.9098077245990489,0.027678267054671024,2.793767159595213e-09,1.152711597921257,False
spin_dephasing,Spin dephasing,2.0,C,"YZ,ZX",1.1350188134167877e-10,0.33112996499380554,0.32882926339459917,1.2588528238072913e-09,0.39362758635536166,False
spin_dephasing,Spin dephasing,2.0,C,"YZ,ZY",6.103088462308273e-10,0.35435643461244115,0.49690116044831867,8.492457355637261e-09,0.36941191382616095,False
spin_dephasing,Spin dephasing,2.0,C,"YZ,ZZ",7.521539760892417e-10,0.6513973795181365,0.3371885740007766,9.936998888663089e-09,0.8249217578057086,False
spin_dephasing,Spin dephasing,2.0,C,"ZI,ZX",-1.1535915328206174e-10,0.9682161604126913,-0.0001437900035403672,5.895713033310238e-09,0.8695558929793076,False
spin_dephasing,Spin dephasing,2.0,C,"ZI,ZY",5.297411345236452e-11,0.9983895919606618,-0.00040847453741732487,1.1109526287578435e-08,1.0158945011338587,False
spin_dephasing,Spin dephasing,2.0,C,"ZI,ZZ",-3.381243486574111e-10,0.9182883351407435,0.11914098438503717,8.435836293247957e-09,0.9526096901072655,False
spin_dephasing,Spin dephasing,2.0,C,"ZX,ZY",-1.3826095961309276e-10,0.6430608878520125,-18.822482805568356,1.6990199133911462e-09,0.8643718470441273,False
spin_dephasing,Spin dephasing,2.0,C,"ZX,ZZ",2.9306909573575084e-10,0.7542768121727506,0.42337611335499414,6.048690025210643e-09,0.589710943249915,False
spin_dephasing,Spin dephasing,2.0,C,"ZY,ZZ",2.457643054626803e-10,0.9377388171397854,-0.25091892459947407,8.633344238721114e-09,0.8102208532660987,False
spin_dephasing,Spin dephasing,2.0,A,"IX,IY",-9.566483107072509e-11,0.9273813705267792,-0.07657137434914474,2.874318758981809e-09,0.9445289828695426,False
spin_dephasing,Spin dephasing,2.0,A,"IX,IZ",-4.4627231935233216e-10,0.910028731592096,-2.1589887899396603,1.0890663722368947e-08,0.8634082884419895,False
spin_dephasing,Spin dephasing,2.0,A,"IX,XI",6.229958982978036e-10,0.9381101738431087,0.11879411408966722,1.8971268754767036e-08,1.0383536004835292,False
spin_dephasing,Spin dephasing,2.0,A,"IX,XX",4.0337871380092715e-11,0.9982220975719761,-0.638050438493722,6.770925515551433e-09,0.9900708129960853,False
spin_dephasing,Spin dephasing,2.0,A,"IX,XY",-3.141010768477368e-10,0.7598473062268419,0.4141215131460818,6.562726126633482e-09,0.6233887041878179,False
spin_dephasing,Spin dephasing,2.0,A,"IX,XZ",1.632868810373511e-11,0.9772192171218839,-0.5078198747307388,9.45119743072178e-10,0.9712052569292127,False
spin_dephasing,Spin dephasing,2.0,A,"IX,YI",1.7304802943419533e-10,0.9791795027654988,-0.1089447237132577,7.94716399239387e-09,0.9874219474252883,False
spin_dephasing,Spin dephasing,2.0,A,"IX,YX",-7.453344658305879e-11,0.9779897122438292,-0.10027973776897992,5.246166468597375e-09,0.9052851931288585,False
spin_dephasing,Spin dephasing,2.0,A,"IX,YY",-1.1441168697362347e-10,0.9668258442144106,-0.040552099489494786,6.320965373987225e-09,0.9396654992793433,False
spin_dephasing,Spin dephasing,2.0,A,"IX,YZ",3.612995172447289e-11,0.9554854059739523,0.03550104572170765,1.2641191028310927e-09,1.0476352157582265,False
spin_dephasing,Spin dephasing,2.0,A,"IX,ZI",4.050040570924706e-10,0.7009548897541624,-0.47622768470066124,5.678930667131307e-09,0.8811384041492866,False
spin_dephasing,Spin dephasing,2.0,A,"IX,ZX",-2.981789884817068e-10,0.6962464885578811,-14.220517742782716,3.988609875752049e-09,0.7508079274315378,False
spin_dephasing,Spin dephasing,2.0,A,"IX,ZY",-8.273924781046602e-11,0.9797746061017478,-0.03520832413357766,4.4210829547399495e-09,1.0623823383376836,False
spin_dephasing,Spin dephasing,2.0,A,"IX,ZZ",-6.503593559304152e-11,0.9892134349842832,-0.012291839719713371,5.9624844864844045e-09,0.9636415906040157,False
spin_dephasing,Spin dephasing,2.0,A,"IY,IZ",9.101007809306172e-10,0.8123986915674835,-3.5506214868014476,1.5857441363913487e-08,0.7194537816514524,False
spin_dephasing,Spin dephasing,2.0,A,"IY,XI",-4.227088328253109e-10,0.6235238126689885,0.5566497022695833,8.14735942478236e-09,0.4660186980090768,False
spin_dephasing,Spin dephasing,2.0,A,"IY,XX",4.5363698978676703e-10,0.3396722545265174,0.8205152729404249,7.161021048848233e-09,0.258244833925559,False
spin_dephasing,Spin dephasing,2.0,A,"IY,XY",2.798462995342389e-09,0.6635762310879519,-31.664614759713395,3.2773545009054905e-08,0.7921203273517087,False
spin_dephasing,Spin dephasing,2.0,A,"IY,XZ",-5.817246066466814e-11,0.5339928780264078,0.6634734058726179,9.319435366101022e-10,0.4375811399309969,False
spin_dephasing,Spin dephasing,2.0,A,"IY,YI",7.791370882635288e-11,0.8161652401732739,-2.7979583966148023,1.51702943091657e-09,0.914401013763591,False
spin_dephasing,Spin dephasing,2.0,A,"IY,YX",-7.25743256253554e-11,0.9619640290457491,-0.025347500443292814,2.5102566253556175e-09,1.0963703934919058,False
spin_dephasing,Spin dephasing,2.0,A,"IY,YY",-7.2926789733928e-11,0.9913961129308424,-0.048343822504968825,6.593757577038861e-09,1.0737331623957762,False
spin_dephasing,Spin dephasing,2.0,A,"IY,YZ",5.395968057851637e-11,0.8111873388962287,-3.5452849521493075,9.907925078635586e-10,0.8184628966197662,False
spin_dephasing,Spin dephasing,2.0,A,"IY,ZI",-3.440986875313851e-11,0.9974799210360898,-0.32530454951038323,5.552309551055358e-09,1.0103289956598926,False
spin_dephasing,Spin dephasing,2.0,A,"IY,ZX",-2.986682664642986e-11,0.9985518197784701,-0.4013599616237611,6.055798141854558e-09,0.9835602035455322,False
spin_dephasing,Spin dephasing,2.0,A,"IY,ZY",-2.931770117266263e-11,0.8709200644959714,0.23823249819542736,7.521452302924432e-10,0.6622961085187141,False
spin_dephasing,Spin dephasing,2.0,A,"IY,ZZ",1.8758535146169759e-10,0.9327060206511025,0.12989119229052526,6.041323213450224e-09,1.0703014987483337,False
spin_dephasing,Spin dephasing,2.0,A,"IZ,XI",1.7187518434572815e-11,0.9985375713442034,-0.00016531352256765608,4.0170429307423405e-09,0.9857378352427378,False
spin_dephasing,Spin dephasing,2.0,A,"IZ,XX",-7.666931174772188e-11,0.3260304218546688,-0.06239111645552109,9.226603970076598e-10,0.30185284214424746,False
spin_dephasing,Spin dephasing,2.0,A,"IZ,XY",-5.4830758403749045e-11,0.5759020866926543,0.6225218148404952,9.012186768861628e-10,0.5045561572232927,False
spin_dephasing,Spin dephasing,2.0,A,"IZ,XZ",2.9114899948486528e-09,0.6794902145438366,-27.081816177751616,3.3943318110073523e-08,0.8458833799133719,False
spin_dephasing,Spin dephasing,2.0,A,"IZ,YI",1.0727308117695442e-10,0.8507364839999989,-0.03783325024238726,2.1655480404703405e-09,0.8642458793627611,False
spin_dephasing,Spin dephasing,2.0,A,"IZ,YX",1.201596002067189e-11,0.4337437042757792,0.29826446906543347,1.3474335688963077e-10,0.41526502571987056,False
spin_dephasing,Spin dephasing,2.0,A,"IZ,YY",2.407912546311729e-10,0.5252544740003563,-30.74226121116427,2.4868427861990115e-09,0.7162091286005153,False
spin_dephasing,Spin dephasing,2.0,A,"IZ,YZ",-2.0248965560321782e-10,0.9245273066848196,0.14468499124228873,6.212624513187971e-09,1.0535871184393217,False
spin_dephasing,Spin dephasing,2.0,A,"IZ,ZI",3.584309262119741e-11,0.5816730690318688,-15672642.703713499,3.386116390818571e-10,0.8234735483180772,False
spin_dephasing,Spin dephasing,2.0,A,"IZ,ZX",7.51219549376698e-12,0.9996070732429039,-0.02456723377532577,3.6893533735455515e-09,0.9932127261580732,False
spin_dephasing,Spin dephasing,2.0,A,"IZ,ZY",-3.823962846062221e-11,0.9979066555219002,-0.11581885554623184,7.0442108526896095e-09,1.0361901228874786,False
spin_dephasing,Spin dephasing,2.0,A,"IZ,ZZ",-1.486309351454758e-10,0.6260286919509327,-26.11240424333581,1.7493085117461617e-09,0.858390773509021,False
spin_dephasing,Spin dephasing,2.0,A,"XI,XX",-5.633073219014961e-10,0.7608309899237855,-0.4095188170524455,1.0777724669734885e-08,0.9128901910865396,False
spin_dephasing,Spin dephasing,2.0,A,"XI,XY",2.436801960967229e-10,0.733103562188203,-1.9481750709646644,4.070428442946193e-09,0.8004467265036878,False
spin_dephasing,Spin dephasing,2.0,A,"XI,XZ",-1.1472867534677758e-11,0.9725587108409708,0.020675391265481458,6.181874098422021e-10,1.0309314709207853,False
spin_dephasing,Spin dephasing,2.0,A,"XI,YI",1.3054934333173933e-10,0.9703012717485038,-0.722760268763363,6.193655784437541e-09,0.8594805740203134,False
spin_dephasing,Spin dephasing,2.0,A,"XI,YX",-2.1041257682380519e-10,0.8928635427780381,0.16548976553512373,5.382553930644955e-09,1.0604256307124102,False
spin_dephasing,Spin dephasing,2.0,A,"XI,YY",-7.816984552405166e-11,0.9477140610129478,-0.494534210594507,3.555829583723423e-09,0.9267214174324993,False
spin_dephasing,Spin dephasing,2.0,A,"XI,YZ",-1.040600865426966e-10,0.9702818085022782,-0.7559619707583327,5.08170693987618e-09,0.9317420387979372,False
spin_dephasing,Spin dephasing,2.0,A,"XI,ZI",-6.696395843324681e-10,0.8488179037149979,0.27677174380568415,1.6108984563706624e-08,0.7850468020009119,False
spin_dephasing,Spin dephasing,2.0,A,"XI,ZX",-8.539746290493298e-13,0.999486735740167,-0.0366327360538079,2.8849429217892834e-10,1.004933515452475,False
spin_dephasing,Spin dephasing,2.0,A,"XI,ZY",-1.816983209394019e-10,0.3837040457232836,0.6898610566957724,2.0969729324992494e-09,0.4223472698084307,False
spin_dephasing,Spin dephasing,2.0,A,"XI,ZZ",-1.0899497863104939e-10,0.9154528752815931,-0.715249862232727,3.738705732432901e-09,0.9028228960934005,False
spin_dephasing,Spin dephasing,2.0,A,"XX,XY",-1.9037260597443875e-10,0.8911975921479598,-0.7540400851888238,6.140035051193927e-09,0.8966495552619466,False
spin_dephasing,Spin dephasing,2.0,A,"XX,XZ",1.88440303522257e-10,0.9748770904960883,-1.1003338681440487,8.528727076000545e-09,0.9263507508826573,False
spin_dephasing,Spin dephasing,2.0,A,"XX,YI",1.7596451712316603e-10,0.9763016606635442,-0.615860673943994,9.762154914979734e-09,0.8798321896099984,False
spin_dephasing,Spin dephasing,2.0,A,"XX,YX",9.592053983511937e-10,0.5190363120211917,-0.7085588470290891,1.3181936253852454e-08,0.5148889713523112,False
spin_dephasing,Spin dephasing,2.0,A,"XX,YY",-3.863655210170051e-15,0.5125398855680591,0.09941076738185628,4.2048086054339426e-14,0.6937113693136165,False
spin_dephasing,Spin dephasing,2.0,A,"XX,YZ",-1.2800466642330693e-10,0.9540454174310579,0.00925077825263454,4.707635653247832e-09,1.0453181015736266,False
spin_dephasing,Spin dephasing,2.0,A,"XX,ZI",-1.5437533684873137e-10,0.6210581839555515,-60.30991682178848,1.7134934758880188e-09,0.8498434737559318,False
spin_dephasing,Spin dephasing,2.0,A,"XX,ZX",4.750851018886214e-10,0.9196981082037269,0.14461783925301075,1.3795902902504544e-08,0.9452993677375565,False
spin_dephasing,Spin dephasing,2.0,A,"XX,ZY",-2.974108074440388e-11,0.9880260485291201,0.009415391168125842,2.058655728949119e-09,1.0963123016836682,False
spin_dephasing,Spin dephasing,2.0,A,"XX,ZZ",1.8332113504344837e-10,0.9598861396020751,-0.1396896505899663,9.788822736375864e-09,0.9375746740336759,False
spin_dephasing,Spin dephasing,2.0,A,"XY,XZ",7.401814938825405e-10,0.5679786370414973,0.1838584189619723,1.146962818458127e-08,0.5012569017744761,False
spin_dephasing,Spin dephasing,2.0,A,"XY,YI",9.25727828944063e-11,0.9665031785783775,-0.01199285096853786,3.5880348306610127e-09,1.086001378900914,False
spin_dephasing,Spin dephasing,2.0,A,"XY,YX",2.709605072202911e-11,0.5814552099306414,-8838387.659025768,2.5592776308537646e-10,0.8232284678000615,False
spin_dephasing,Spin dephasing,2.0,A,"XY,YY",1.2570425237496244e-11,0.9998526280351008,-0.11101264229522423,9.395040863519312e-09,1.0089199010556777,False
spin_dephasing,Spin dephasing,2.0,A,"XY,YZ",-1.25046356847168e-10,0.9196862206137062,-0.08220517128085159,2.9830387646962943e-09,0.926933486278943,False
spin_dephasing,Spin dephasing,2.0,A,"XY,ZI",-7.658737395896805e-11,0.5407466374273824,-49.83839730982781,7.44584466514642e-10,0.749647525860228,False
spin_dephasing,Spin dephasing,2.0,A,"XY,ZX",-4.6495569236275504e-11,0.9685867634104475,-0.1285334271293117,2.6093335152345907e-09,0.881207036292828,False
spin_dephasing,Spin dephasing,2.0,A,"XY,ZY",8.62108618744008e-11,0.9957593839619241,0.003886643519415034,1.1310621077813397e-08,1.0254070521507463,False
spin_dephasing,Spin dephasing,2.0,A,"XY,ZZ",-2.416043639939409e-10,0.9333001309898782,-0.21739230493918993,5.7212643830873075e-09,1.116871195305653,False
spin_dephasing,Spin dephasing,2.0,A,"XZ,YI",-1.862540318025653e-10,0.9630552213508728,-0.9194407896481669,7.749353014223922e-09,0.9198840507671215,False
spin_dephasing,Spin dephasing,2.0,A,"XZ,YX",1.6678536817737882e-10,0.9660083209268103,-1.199074278091107,7.453312290457985e-09,0.9627044188145933,False
spin_dephasing,Spin dephasing,2.0,A,"XZ,YY",-7.593201637531383e-11,0.9699641842300434,0.028900454985934965,3.5690733283845635e-09,1.0709166492148277,False
spin_dephasing,Spin dephasing,2.0,A,"XZ,YZ",2.937589966176389e-10,0.7275763888950398,0.40281736116932176,6.223476937633666e-09,0.6512525222483025,False
spin_dephasing,Spin dephasing,2.0,A,"XZ,ZI",6.652377269290661e-11,0.9825238491518028,-0.03823976053981637,3.801170731768034e-09,0.970831893037173,False
spin_dephasing,Spin dephasing,2.0,A,"XZ,ZX",1.0681383500845386e-11,0.9829391699879045,-0.021709232941799605,6.803273819578064e-10,1.0261672634482415,False
spin_dephasing,Spin dephasing,2.0,A,"XZ,ZY",6.110870877929395e-11,0.9977530234365171,-0.3188797031503654,8.617657389656755e-09,1.011818507438893,False
spin_dephasing,Spin dephasing,2.0,A,"XZ,ZZ",-2.2248308616806638e-10,0.9719809918668477,-0.024574236641554448,9.227134265632102e-09,1.0803727642708236,False
spin_dephasing,Spin dephasing,2.0,A,"YI,YX",3.1415292376240795e-09,0.5893350772109235,-10.910002187961412,3.613721303259944e-08,0.7102221436952816,False
spin_dephasing,Spin dephasing,2.0,A,"YI,YY",-2.378506536525192e-10,0.8317831611742501,0.30807635838948844,5.480043443066876e-09,0.6710829020332315,False
spin_dephasing,Spin dephasing,2.0,A,"YI,YZ",1.3900963992088081e-10,0.7500921055392354,-7.497652249577172,2.1819806388321268e-09,0.8938199867229469,False
spin_dephasing,Spin dephasing,2.0,A,"YI,ZI",1.1030296162855285e-09,0.7712703421412528,-7.496445945409441,1.6314028522894282e-08,0.8052272464909999,False
spin_dephasing,Spin dephasing,2.0,A,"YI,ZX",-3.0489325616679144e-10,0.7646946726025832,-5.743097208553165,4.4168133926950175e-09,0.7698995263032428,False
spin_dephasing,Spin dephasing,2.0,A,"YI,ZY",1.124314089577943e-10,0.6750336140678824,-12.54711893409106,1.5047951099147344e-09,0.8754742885847485,False
spin_dephasing,Spin dephasing,2.0,A,"YI,ZZ",4.4318202743397186e-10,0.4912824284806003,0.6782853853268674,7.392569895751267e-09,0.44667516737012547,False
spin_dephasing,Spin dephasing,2.0,A,"YX,YY",2.4127862488911352e-11,0.9997001023234982,-0.45207222550463766,1.0144568184998657e-08,1.0039640035351778,False
spin_dephasing,Spin dephasing,2.0,A,"YX,YZ",3.238703047158322e-11,0.9993463448814147,0.0011804756907469738,1.1409361077995063e-08,1.0094621221557116,False
spin_dephasing,Spin dephasing,2.0,A,"YX,ZI",2.372666143073824e-10,0.7992155538002211,-4.181596318528452,3.7516247156470665e-09,0.7891876788583498,False
spin_dephasing,Spin dephasing,2.0,A,"YX,ZX",1.300206520249725e-09,0.364076503646754,-0.48120906213985504,1.5425517791987654e-08,0.46414956770661936,False
spin_dephasing,Spin dephasing,2.0,A,"YX,ZY",-7.0867626594314e-11,0.9769695581417878,-0.029652068683574395,3.331030861632803e-09,1.0411965015519644,False
spin_dephasing,Spin dephasing,2.0,A,"YX,ZZ",-1.8267390817932364e-10,0.9087818766432759,0.16489150514695328,4.881459512237608e-09,1.1247399524133905,False
spin_dephasing,Spin dephasing,2.0,A,"YY,YZ",1.3420293061027642e-10,0.9799320976362439,-0.09912470768549175,6.47580490532706e-09,0.9255463302896252,False
spin_dephasing,Spin dephasing,2.0,A,"YY,ZI",6.984133791371974e-11,0.6652924906867125,-15.438357710648276,8.274495550885859e-10,0.8385811763796518,False
spin_dephasing,Spin dephasing,2.0,A,"YY,ZX",2.2625048165968546e-10,0.826558368891176,-0.19090171354086638,4.191235805620735e-09,0.9100303219413759,False
spin_dephasing,Spin dephasing,2.0,A,"YY,ZY",2.8665354268628004e-10,0.7915952952453327,0.37245131418648747,5.95583874599839e-09,0.6806720925133181,False
spin_dephasing,Spin dephasing,2.0,A,"YY,ZZ",1.0778967653079255e-11,0.9999650797839396,-0.06657626029042563,1.2070262835222104e-08,1.005953456468584,False
spin_dephasing,Spin dephasing,2.0,A,"YZ,ZI",2.1570411880739508e-11,0.9991316471782694,-0.4114176582147473,4.926448162810662e-09,1.0072974859939232,False
spin_dephasing,Spin dephasing,2.0,A,"YZ,ZX",-3.154292712199933e-10,0.7824298943016488,0.37901484354582804,7.111816230175898e-09,0.5720822465294594,False
spin_dephasing,Spin dephasing,2.0,A,"YZ,ZY",4.841307190137784e-10,0.76486318709727,0.37905983208494254,9.994681626608278e-09,0.7165782515010037,False
spin_dephasing,Spin dephasing,2.0,A,"YZ,ZZ",-3.494220277536291e-10,0.5273439364519327,0.5741689790097788,6.020325390007106e-09,0.36039029970481196,False
spin_dephasing,Spin dephasing,2.0,A,"ZI,ZX",2.7281632966250225e-09,0.5951399035697647,-12.222760254839093,3.11529996491734e-08,0.7080898225587713,False
spin_dephasing,Spin dephasing,2.0,A,"ZI,ZY",-3.0654399265847913e-10,0.7236390645365023,0.46061757027253036,6.1339040782548425e-09,0.5908950268709102,False
spin_dephasing,Spin dephasing,2.0,A,"ZI,ZZ",1.3854585126125762e-10,0.48759431943682846,-6.488902540989681,1.5205809331874298e-09,0.534286190695281,False
spin_dephasing,Spin dephasing,2.0,A,"ZX,ZY",5.536601891143466e-10,0.6089712410233175,-2.8136927529168214,6.84126214749571e-09,0.8651174356481823,False
spin_dephasing,Spin dephasing,2.0,A,"ZX,ZZ",8.014267453123966e-11,0.9961794148490608,-0.012889926245941208,1.2398329723538705e-08,0.9784533679621146,False
spin_dephasing,Spin dephasing,2.0,A,"ZY,ZZ",-2.9983735515111745e-10,0.8890595673127952,-0.010844014100910071,6.410985553216172e-09,1.1172551517325195,False
spin_dephasing,Spin dephasing,3.0,H,IX,6.109113708848023e-10,0.8412592339515147,-0.057033520103520585,1.386989220678254e-08,0.7063609138523996,False
spin_dephasing,Spin dephasing,3.0,H,IY,-7.026342074748009e-10,0.08717929061657148,0.9725861817674311,8.987979277195422e-09,0.06992035948086804,False
spin_dephasing,Spin dephasing,3.0,H,IZ,-4.742642494914719e-11,0.40474605704134425,0.7138391965657881,5.852296187372139e-10,0.37874714050386193,False
spin_dephasing,Spin dephasing,3.0,H,XI,2.761176077599748e-09,0.45510675540727663,0.6978195298111192,4.669886922643168e-08,0.3811709548409526,False
spin_dephasing,Spin dephasing,3.0,H,XX,1.0541551291723504e-08,0.08344725097912652,0.9813245656160381,1.464851665149562e-07,0.0664931317769971,True
spin_dephasing,Spin dephasing,3.0,H,XY,-3.4737965798742294e-11,0.9987753149439266,-0.2601397821931746,8.851109182469832e-09,1.0130823399578526,False
spin_dephasing,Spin dephasing,3.0,H,XZ,1.2662277724931561e-10,0.9509607659160417,-0.7585898065909611,4.957884534443942e-09,0.9574338690996034,False
spin_dephasing,Spin dephasing,3.0,H,YI,-3.958104798742927e-11,0.9983985431276828,-0.042886673071522496,9.765803669054204e-09,0.9729798322604325,False
spin_dephasing,Spin dephasing,3.0,H,YX,-5.286986107586574e-10,0.6826948830245833,-2.6997179134862437,7.985262269946602e-09,0.7793023393656621,False
spin_dephasing,Spin dephasing,3.0,H,YY,4.4720346582435573e-10,0.8778462224257788,-1.066373363657052,1.0104432263308604e-08,0.9262364188026924,False
spin_dephasing,Spin dephasing,3.0,H,YZ,2.3039989915199666e-10,0.8350768773924123,-0.07309056765760902,5.702222379982497e-09,0.7306314581711049,False
spin_dephasing,Spin dephasing,3.0,H,ZI,-9.572604225672578e-11,0.8325874245294733,-4.462296157462338,1.7223736058309781e-09,0.9073700367788462,False
spin_dephasing,Spin dephasing,3.0,H,ZX,8.55636227830044e-11,0.9674304544270684,-0.18119238565056328,3.0214246329523617e-09,1.0977179560600825,False
spin_dephasing,Spin dephasing,3.0,H,ZY,9.32944705976996e-10,0.6996665398005304,-5.631449806809894,1.3513813840275998e-08,0.7698787534484437,False
spin_dephasing,Spin dephasing,3.0,H,ZZ,-2.010114441679399e-16,0.6450160327165734,-3.466615171126959,2.89324572525465e-15,0.5368259658156116,False
spin_dephasing,Spin dephasing,3.0,S,IX,1.1939006397358634e-10,0.9877773809843393,-0.4056620417118064,8.577571476570665e-09,0.9072075631199374,False
spin_dephasing,Spin dephasing,3.0,S,IY,1.0497853954955075e-05,0.00016999125297820325,0.9999999146009978,0.0001399772246987828,0.00015775600476772435,True
spin_dephasing,Spin dephasing,3.0,S,IZ,1.4499744588532884e-05,4.3944021601499945e-05,0.999999994290552,0.00019332637707621846,2.9160367670232413e-05,True
spin_dephasing,Spin dephasing,3.0,S,XI,-9.680225283290545e-11,0.9959506400147615,-0.23017907781154312,1.2861510937108809e-08,1.0250883568569449,False
spin_dephasing,Spin dephasing,3.0,S,XX,3.203106148785958e-09,0.3778588735466632,0.035132226357788454,4.0821006544249864e-08,0.480425600770541,False
spin_dephasing,Spin dephasing,3.0,S,XY,1.4499433906994542e-05,0.00016437760761901413,0.9999999201488579,0.00019334237101729094,0.00011275488438697957,True
spin_dephasing,Spin dephasing,3.0,S,XZ,1.0499148697516784e-05,9.32786942156543e-05,0.9999999742808353,0.0001399954077210479,7.545114578300755e-05,True
spin_dephasing,Spin dephasing,3.0,S,YI,1.049749155947185e-05,9.317033324413022e-05,0.9999999743410264,0.00013997261606842184,7.59664774874311e-05,True
spin_dephasing,Spin dephasing,3.0,S,YX,1.4499050187881558e-05,0.00012641641330040187,0.9999999527673891,0.0001933326710677153,9.62970796345085e-05,True
spin_dephasing,Spin dephasing,3.0,S,YY,-2.34776074621675e-10,0.9795716267237096,-0.13567142777006058,1.1090458092720987e-08,1.0705639847211739,False
spin_dephasing,Spin dephasing,3.0,S,YZ,-1.2513924437343384e-09,0.4333177747360755,0.7488467986066001,1.9938037894241725e-08,0.38175838456060335,False
spin_dephasing,Spin dephasing,3.0,S,ZI,1.4500616217660568e-05,3.509110048478011e-05,0.9999999963595054,0.00019334107639189368,3.619115358655355e-05,True
spin_dephasing,Spin dephasing,3.0,S,ZX,1.0499231113575572e-05,0.00015764766307658115,0.9999999265512235,0.00013999698076672253,0.0001541994484528697,True
spin_dephasing,Spin dephasing,3.0,S,ZY,-9.095441550895167e-10,0.3409474742069378,0.6917083035431901,1.3331853694739573e-08,0.29905805807379704,False
spin_dephasing,Spin dephasing,3.0,S,ZZ,5.961090845566483e-10,0.9591912501387203,-0.9859252833353467,2.4158220044601553e-08,0.9177493094198585,False
spin_dephasing,Spin dephasing,3.0,C,"IX,IY",1.2899364798476168e-10,0.8110275498947986,-3.077131885227919,2.2137795331113856e-09,0.7359338029070992,False
spin_dephasing,Spin dephasing,3.0,C,"IX,IZ",7.077213635393019e-10,0.16442906993845632,0.9202149111544933,8.954369777143938e-09,0.15444520099707867,False
spin_dephasing,Spin dephasing,3.0,C,"IX,XI",1.3023313471306517e-09,0.6031528268320607,-33.42467750927735,1.4419935272020801e-08,0.6989511805327856,False
spin_dephasing,Spin dephasing,3.0,C,"IX,XX",1.9766717791106972e-10,0.8753065881418811,0.21371001826669556,4.31418231691801e-09,1.0257019743372806,False
spin_dephasing,Spin dephasing,3.0,C,"IX,XY",-1.4424112506650952e-09,0.6429238193648508,-17.813206123382244,1.6257728186373538e-08,0.8390986645345028,False
spin_dephasing,Spin dephasing,3.0,C,"IX,XZ",-7.045930424648839e-10,0.8464371488336908,-1.4677891912921543,1.4656056984683001e-08,0.7235146479022084,False
spin_dephasing,Spin dephasing,3.0,C,"IX,YI",3.537591660422178e-11,0.9425225836009707,0.06949520431045653,1.3661385316735227e-09,1.0431580397156432,False
spin_dephasing,Spin dephasing,3.0,C,"IX,YX",1.7586038008516812e-09,0.44209237647815636,-0.16497727160764808,2.2167450414373627e-08,0.4711153010447599,False
spin_dephasing,Spin dephasing,3.0,C,"IX,YY",-5.125317205451559e-10,0.6728733644569367,-0.49154003356092946,9.38570948329995e-09,0.6359488706690338,False
spin_dephasing,Spin dephasing,3.0,C,"IX,YZ",-1.0072185171943999e-10,0.5296905277269549,-12.818614713773277,1.0853000812740375e-09,0.6768404842870808,False
spin_dephasing,Spin dephasing,3.0,C,"IX,ZI",6.32327174886511e-10,0.7234671838552341,-2.0217968104470625,1.1060756806252679e-08,0.6188764862038767,False
spin_dephasing,Spin dephasing,3.0,C,"IX,ZX",-4.388384465716068e-10,0.259578061079824,0.6336819824930844,5.155928173871353e-09,0.24792869215133032,False
spin_dephasing,Spin dephasing,3.0,C,"IX,ZY",-2.4513200236785023e-11,0.6972182637633553,-0.8916028559454985,4.560561460541363e-10,0.6416640005274675,False
spin_dephasing,Spin dephasing,3.0,C,"IX,ZZ",-5.681678864739988e-10,0.7530368221152416,-2.659944209545765,9.301434144981762e-09,0.7963869952317936,False
spin_dephasing,Spin dephasing,3.0,C,"IY,IZ",-2.7967903567912777e-09,0.6652127499988484,-9.661444037076587,3.7017583515374785e-08,0.6604958385107126,False
spin_dephasing,Spin dephasing,3.0,C,"IY,XI",1.240133251681109e-10,0.6905869697581551,-0.2193332720791319,1.9254900790521772e-09,0.5962547848081904,False
spin_dephasing,Spin dephasing,3.0,C,"IY,XX",2.1058521374371136e-10,0.9166529157836895,-0.9350125595394101,5.594688912359461e-09,0.8990924983449127,False
spin_dephasing,Spin dephasing,3.0,C,"IY,XY",1.1877619948678541e-09,0.5503834277715933,-1.8560275449572687,1.560315459129418e-08,0.49251202679635525,False
spin_dephasing,Spin dephasing,3.0,C,"IY,XZ",-5.683105881098688e-06,0.0003656067559687311,0.999999604984451,7.577314924487546e-05,0.00033824264901807544,True
spin_dephasing,Spin dephasing,3.0,C,"IY,YI",-1.9038812125027336e-10,0.5860395659594296,-5108.331991318543,1.8293002570189205e-09,0.8125017089116642,False
spin_dephasing,Spin dephasing,3.0,C,"IY,YX",2.016002488783911e-10,0.9062186960057084,0.05571771336724862,7.0703003541766785e-09,0.8099088310448757,False
spin_dephasing,Spin dephasing,3.0,C,"IY,YY",2.448946401656946e-09,0.7235473105420133,-7.141724323726166,3.766935543435288e-08,0.7832945486307588,False
spin_dephasing,Spin dephasing,3.0,C,"IY,YZ",-4.164454207888872e-10,0.9006238304844553,-0.5464576116693427,1.2944563524970355e-08,0.7855236447406128,False
spin_dephasing,Spin dephasing,3.0,C,"IY,ZI",2.0659721074601555e-11,0.9975747450368241,-0.3090941775732732,3.028645360827325e-09,0.9819636708765545,False
spin_dephasing,Spin dephasing,3.0,C,"IY,ZX",-1.0936804957417753e-10,0.5816005320154148,-394935372.3140797,1.0329787420966986e-09,0.8235393670796706,False
spin_dephasing,Spin dephasing,3.0,C,"IY,ZY",-7.278897028145147e-11,0.9625945190730341,-1.325328076069845,3.031842794728043e-09,0.9599863981470161,False
spin_dephasing,Spin dephasing,3.0,C,"IY,ZZ",1.9259277651622194e-10,0.881714954571586,-0.34576871218176786,3.727882328759501e-09,0.9138953613465631,False
spin_dephasing,Spin dephasing,3.0,C,"IZ,XI",6.840911044566158e-10,0.8377179930439244,-2.7325363631648756,1.4418353917477798e-08,0.8418471557451583,False
spin_dephasing,Spin dephasing,3.0,C,"IZ,XX",1.4340369300036036e-11,0.9998361957943964,-0.26305042683272695,1.0376279605503882e-08,1.0046067793869746,False
spin_dephasing,Spin dephasing,3.0,C,"IZ,XY",5.981500340879293e-06,0.0003275819986643086,0.9999996824618788,7.97401465776259e-05,0.0002413741053346243,True
spin_dephasing,Spin dephasing,3.0,C,"IZ,XZ",-1.7414482516520443e-10,0.9532237671948033,0.01878443909846328,5.772766692716789e-09,1.100555380366064,False
spin_dephasing,Spin dephasing,3.0,C,"IZ,YI",-2.493679249332914e-10,0.6048762638759739,0.47000692346615447,3.900000994297979e-09,0.5737301515258051,False
spin_dephasing,Spin dephasing,3.0,C,"IZ,YX",7.932057260428782e-11,0.9891899298107868,-0.06574636043521531,5.19806609897428e-09,1.0254327189811163,False
spin_dephasing,Spin dephasing,3.0,C,"IZ,YY",-6.801598285883575e-11,0.9235068666850004,-0.23518933172328027,2.284793787570057e-09,0.9007700633220344,False
spin_dephasing,Spin dephasing,3.0,C,"IZ,YZ",-2.2072309003787564e-09,0.7246637431648609,-6.042943982006834,3.496988513447694e-08,0.7896065055317516,False
spin_dephasing,Spin dephasing,3.0,C,"IZ,ZI",1.1952388823670752e-10,0.9866768975881183,-0.009432689853342335,1.0033830537469518e-08,0.9205860694375445,False
spin_dephasing,Spin dephasing,3.0,C,"IZ,ZX",-1.772547474662887e-10,0.9130538210813866,-0.4717193779348303,5.413208029306113e-09,0.7817009229934584,False
spin_dephasing,Spin dephasing,3.0,C,"IZ,ZY",1.97758858245614e-10,0.8889543999521775,-0.8547573427249364,4.7188785126397665e-09,0.9301532988837967,False
spin_dephasing,Spin dephasing,3.0,C,"IZ,ZZ",-4.974753764826975e-10,0.8565476054054485,-0.26549098249740877,1.4101031643582408e-08,0.7648042644174874,False
spin_dephasing,Spin dephasing,3.0,C,"XI,XX",-1.7201095676421657e-10,0.9619487692704852,0.04796948731755146,7.068068117382547e-09,1.1622423118618876,False
spin_dephasing,Spin dephasing,3.0,C,"XI,XY",1.2937294398244349e-09,0.5630479188658497,-1.6680524216788117,1.8061223515502055e-08,0.5224651904252151,False
spin_dephasing,Spin dephasing,3.0,C,"XI,XZ",-2.792362364017494e-10,0.7531563006056582,0.3933220234734781,4.222471564310446e-09,1.0589721525782594,False
spin_dephasing,Spin dephasing,3.0,C,"XI,YI",-1.3626530127440345e-10,0.6211559806788295,-3.1632407216141942,1.7531269727556307e-09,0.8704549989893996,False
spin_dephasing,Spin dephasing,3.0,C,"XI,YX",-1.1460358909947976e-09,0.7015438792127449,-12.793581646058508,1.5167334175880813e-08,0.8740675324895227,False
spin_dephasing,Spin dephasing,3.0,C,"XI,YY",-5.499459311889716e-10,0.740974317786065,-1.8527535447530217,9.938551970488644e-09,0.6311025772352813,False
spin_dephasing,Spin dephasing,3.0,C,"XI,YZ",7.663676791800669e-11,0.5888677349770027,-7.41079948139744,8.552539485324955e-10,0.8506549466983746,False
spin_dephasing,Spin dephasing,3.0,C,"XI,ZI",4.055489405658828e-10,0.9037878211896828,-0.29149462304563056,1.3996943850990301e-08,0.8068392905940489,False
spin_dephasing,Spin dephasing,3.0,C,"XI,ZX",-5.153443590540628e-10,0.8694354589208345,-0.7195607816109177,1.3849388596561976e-08,0.751929189046418,False
spin_dephasing,Spin dephasing,3.0,C,"XI,ZY",4.865347063812638e-11,0.5663176503098991,-1.0555042510996788,6.850552864753278e-10,0.5265251180095459,False
spin_dephasing,Spin dephasing,3.0,C,"XI,ZZ",-5.94961769470753e-10,0.6424701397274383,-1.5364680583050458,8.579113894942585e-09,0.5542020525772307,False
spin_dephasing,Spin dephasing,3.0,C,"XX,XY",3.642511322535145e-11,0.9673559167406689,-0.3125367346125605,2.076687982586493e-09,0.9415333236853034,False
spin_dephasing,Spin dephasing,3.0,C,"XX,XZ",6.822050559303785e-10,0.19901968577541643,0.8889906057981106,8.680002527801749e-09,0.1655145957430116,False
spin_dephasing,Spin dephasing,3.0,C,"XX,YI",2.1478986963298733e-10,0.9152497393936757,-1.0393460640734626,6.0853950980796255e-09,0.9411733979001712,False
spin_dephasing,Spin dephasing,3.0,C,"XX,YX",3.338443047364578e-11,0.9655830855116846,-0.9943581216228596,1.7056407900819714e-09,0.9673784082911138,False
spin_dephasing,Spin dephasing,3.0,C,"XX,YY",9.687553704300348e-10,0.7172746001819786,-1.1944247962769095,1.7521163815168895e-08,0.6313961101939519,False
spin_dephasing,Spin dephasing,3.0,C,"XX,YZ",-1.655826792487256e-11,0.9983959085682588,-0.17121640984458142,3.1293979051135666e-09,0.9911813345426523,False
spin_dephasing,Spin dephasing,3.0,C,"XX,ZI",5.109549310194986e-10,0.6336258233917295,-6.958088086366475,6.457662521701659e-09,0.7362539312522757,False
spin_dephasing,Spin dephasing,3.0,C,"XX,ZX",2.1796387647132306e-11,0.9996117277194962,-0.02098053481056117,1.0572487940788953e-08,0.986255907616572,False
spin_dephasing,Spin dephasing,3.0,C,"XX,ZY",-4.2825523808974706e-10,0.7859119686764542,-2.2615370822273206,6.952345880628128e-09,0.8973355551629874,False
spin_dephasing,Spin dephasing,3.0,C,"XX,ZZ",-5.1367034840238233e-11,0.9014489594377504,0.04650411610893346,1.4030675226955205e-09,0.7951183958763022,False
spin_dephasing,Spin dephasing,3.0,C,"XY,XZ",-2.989844587403775e-09,0.687383120603856,-7.609761830823828,4.1473644439519186e-08,0.6684322222962955,False
spin_dephasing,Spin dephasing,3.0,C,"XY,YI",3.2978072582844015e-10,0.8196186643242391,-1.0807759511580435,6.852835622894043e-09,0.6791783295013387,False
spin_dephasing,Spin dephasing,3.0,C,"XY,YX",-4.3118328829460667e-10,0.875236288764023,-0.16948315656199187,1.2976438812131921e-08,0.7784788803065213,False
spin_dephasing,Spin dephasing,3.0,C,"XY,YY",2.8601854190634274e-10,0.3743511160956293,-0.4704417296748402,3.4702446245636825e-09,0.35457205733684494,False
spin_dephasing,Spin dephasing,3.0,C,"XY,YZ",6.288221249833169e-10,0.761661282884258,-2.0454123302344787,1.1863221573530673e-08,0.6466265530062816,False
spin_dephasing,Spin dephasing,3.0,C,"XY,ZI",-1.3605862324097798e-10,0.9789621310851493,-0.586261378423683,7.232184269941281e-09,0.9686451058761342,False
spin_dephasing,Spin dephasing,3.0,C,"XY,ZX",2.851547965431493e-10,0.8684574243460403,-1.822950474331055,6.027489611664563e-09,0.9070806072595751,False
spin_dephasing,Spin dephasing,3.0,C,"XY,ZY",2.3275530724097063e-10,0.909163738231402,-0.29189544720551264,8.369200646343548e-09,0.8145937570571848,False
spin_dephasing,Spin dephasing,3.0,C,"XY,ZZ",-1.2958357843407393e-10,0.6934762419807196,0.4338978248381372,2.639519895087772e-09,0.6265890497145437,False
spin_dephasing,Spin dephasing,3.0,C,"XZ,YI",-4.29161140983029e-10,0.5815802631913275,-542018729048.93695,4.0531944527497385e-09,0.8235278011605528,False
spin_dephasing,Spin dephasing,3.0,C,"XZ,YX",5.745620212771732e-12,0.9997376748382226,-0.2800656812788376,2.751759329449364e-09,0.9965200322624621,False
spin_dephasing,Spin dephasing,3.0,C,"XZ,YY",-5.576969588140316e-10,0.7193581075980784,-1.5596633868635394,9.876197639959817e-09,0.6235413809071965,False
spin_dephasing,Spin dephasing,3.0,C,"XZ,YZ",-4.0586551738897337e-11,0.5255673463563553,-17.613137963715992,4.273187872499943e-10,0.591375435488755,False
spin_dephasing,Spin dephasing,3.0,C,"XZ,ZI",-3.428502236655201e-11,0.9970408664217704,0.00024734635612522204,5.490970509092462e-09,0.9583740587572759,False
spin_dephasing,Spin dephasing,3.0,C,"XZ,ZX",-3.201732147542711e-10,0.5842326608755035,-14337.120799157514,3.0550223270123323e-09,0.8169383959032526,False
spin_dephasing,Spin dephasing,3.0,C,"XZ,ZY",-6.48593303025345e-11,0.7068942448206111,0.3435354955060774,1.269190916373073e-09,0.6061741428917999,False
spin_dephasing,Spin dephasing,3.0,C,"XZ,ZZ",5.746980171814807e-11,0.9883252968187987,-0.16718504848743732,4.914754829375209e-09,0.9220445322797463,False
spin_dephasing,Spin dephasing,3.0,C,"YI,YX",3.206686311392002e-10,0.9720837825569384,-0.6140772238280272,1.677521619383992e-08,0.8725625440793806,False
spin_dephasing,Spin dephasing,3.0,C,"YI,YY",1.9841521843594046e-09,0.7476905185865771,-4.508643473469825,3.4086955564995766e-08,0.8059715071379632,False
spin_dephasing,Spin dephasing,3.0,C,"YI,YZ",9.187201423311525e-11,0.9658370930015925,-0.02533940520023159,3.9570117718302335e-09,1.0773917453629591,False
spin_dephasing,Spin dephasing,3.0,C,"YI,ZI",-4.0099423082272966e-10,0.9919779511892706,-0.6395876891136227,3.811348726844259e-08,0.9649298048572299,False
spin_dephasing,Spin dephasing,3.0,C,"YI,ZX",-5.681870267152119e-06,0.00040118376889203787,0.9999995246117581,7.576965632711654e-05,0.00039454006634578686,True
spin_dephasing,Spin dephasing,3.0,C,"YI,ZY",-3.7643998674887807e-10,0.9278031173267552,-0.7153692039147215,1.1598328320118481e-08,0.7836239980113314,False
spin_dephasing,Spin dephasing,3.0,C,"YI,ZZ",2.1117685437367661e-10,0.8666321755650773,-0.7171884939474127,5.0483006446352166e-09,0.9302812077307333,False
spin_dephasing,Spin dephasing,3.0,C,"YX,YY",1.8274183450040707e-10,0.4646165012444565,0.02490676236078815,2.1232627490439703e-09,0.5911014894630271,False
spin_dephasing,Spin dephasing,3.0,C,"YX,YZ",1.9324319622640123e-10,0.9659856056734067,-0.8936631838436366,9.005463592057247e-09,0.9284718681235391,False
spin_dephasing,Spin dephasing,3.0,C,"YX,ZI",5.985657663261108e-06,0.0001443256685216826,0.9999999384258238,7.981465536473479e-05,0.0001486827781493691,True
spin_dephasing,Spin dephasing,3.0,C,"YX,ZX",-4.326445341716415e-10,0.9904337127587324,-0.6259393469741878,3.8500943236989343e-08,0.9625425164687063,False
spin_dephasing,Spin dephasing,3.0,C,"YX,ZY",4.0917823246416453e-10,0.9174244281920474,-1.6383636878597496,1.2138650072510336e-08,0.887637634053228,False
spin_dephasing,Spin dephasing,3.0,C,"YX,ZZ",-2.0281001640133258e-10,0.48049414909115706,0.45255698311141934,2.9583934025315098e-09,0.46530377828518654,False
spin_dephasing,Spin dephasing,3.0,C,"YY,YZ",-1.8074274488939529e-09,0.3704421069472004,-1.1962848419854453,1.960789638569775e-08,0.3537058503651467,False
spin_dephasing,Spin dephasing,3.0,C,"YY,ZI",-3.501930442655418e-11,0.9989995508576833,-0.22394523055318238,1.020882708819756e-08,1.0114343218615323,False
spin_dephasing,Spin dephasing,3.0,C,"YY,ZX",-6.03781554584872e-10,0.8544009323134285,-2.237694951847193,1.4184428631821143e-08,0.8581116494580173,False
spin_dephasing,Spin dephasing,3.0,C,"YY,ZY",3.2175840800731025e-10,0.9772967879459814,-0.0485520883023165,1.527132592322765e-08,0.9154714623990962,False
spin_dephasing,Spin dephasing,3.0,C,"YY,ZZ",7.805537886205722e-10,0.6973753986175691,-11.67496036138612,1.080982081125393e-08,0.7593072070760105,False
spin_dephasing,Spin dephasing,3.0,C,"YZ,ZI",2.9581197703106087e-10,0.8700952222665205,-1.4319320075757465,6.227145724026144e-09,0.9208272965547891,False
spin_dephasing,Spin dephasing,3.0,C,"YZ,ZX",3.129146368214327e-10,0.5917010560439279,-12.05762538013119,3.769815428590344e-09,0.6049315316307384,False
spin_dephasing,Spin dephasing,3.0,C,"YZ,ZY",2.6166427544561504e-10,0.8727704210843839,-1.6544154359579335,6.970362004157807e-09,0.8748681559200068,False
spin_dephasing,Spin dephasing,3.0,C,"YZ,ZZ",5.752270799722161e-10,0.9520831041812645,0.04226167265295633,1.9790236402457788e-08,1.012732012104152,False
spin_dephasing,Spin dephasing,3.0,C,"ZI,ZX",5.143527464887402e-10,0.8675495721839084,0.1473765041558911,1.1523968423757826e-08,1.0350489598895116,False
spin_dephasing,Spin dephasing,3.0,C,"ZI,ZY",-2.2304366516910957e-09,0.7086292391295668,-6.963364493313855,3.3841044209389025e-08,0.7803026173492728,False
spin_dephasing,Spin dephasing,3.0,C,"ZI,ZZ",-5.892479255742746e-10,0.9092652078316081,-1.2890908707981548,1.7507662847296777e-08,0.8878114246861043,False
spin_dephasing,Spin dephasing,3.0,C,"ZX,ZY",5.009355010354767e-12,0.9974431197103615,-0.1789637852214192,9.66955580047432e-10,1.0172684768349924,False
spin_dephasing,Spin dephasing,3.0,C,"ZX,ZZ",2.098814168932605e-10,0.9691624926249447,-0.8057408503457337,1.1581298393627945e-08,0.9395918575621487,False
spin_dephasing,Spin dephasing,3.0,C,"ZY,ZZ",-1.6583797769290672e-09,0.4311515402113709,0.06576440466907651,2.0816239788995612e-08,0.46888269487692313,False
spin_dephasing,Spin dephasing,3.0,A,"IX,IY",4.966875412790073e-10,0.28319772318989933,0.8122509577306417,6.390122153701698e-09,0.2825048953543206,False
spin_dephasing,Spin dephasing,3.0,A,"IX,IZ",1.3100131270841559e-09,0.5506282728688046,-2.4042583875540693,1.7464720126912228e-08,0.4999392613357739,False
spin_dephasing,Spin dephasing,3.0,A,"IX,XI",1.1011244888900609e-09,0.9172007292372585,0.1585810707438272,3.120834795367663e-08,0.9993670159829355,False
spin_dephasing,Spin dephasing,3.0,A,"IX,XX",2.971219581205037e-09,0.3929095932682387,0.732785207066615,4.786161730295501e-08,0.3545802893298073,False
spin_dephasing,Spin dephasing,3.0,A,"IX,XY",-2.951781004285579e-10,0.9313551532101534,-1.2463167902592218,9.431726054700832e-09,0.8956790097886557,False
spin_dephasing,Spin dephasing,3.0,A,"IX,XZ",4.2286134214575835e-11,0.2961890544067312,0.43988111189388246,4.820886125358507e-10,0.28525611802150896,False
spin_dephasing,Spin dephasing,3.0,A,"IX,YI",6.303978241462822e-10,0.8351382309741304,-1.0710507106353582,1.3960204885716743e-08,0.698954836595907,False
spin_dephasing,Spin dephasing,3.0,A,"IX,YX",1.320984704438747e-10,0.9879068664457427,0.011120457216070578,9.893083167623727e-09,1.0890173927282734,False
spin_dephasing,Spin dephasing,3.0,A,"IX,YY",-9.49335161524689e-11,0.9486994116117456,-0.5435031998156765,3.5930273035691486e-09,0.9559640065179548,False
spin_dephasing,Spin dephasing,3.0,A,"IX,YZ",4.083875937571979e-10,0.5755354892481013,-30.30105033856844,4.132482343758538e-09,0.8305805927320863,False
spin_dephasing,Spin dephasing,3.0,A,"IX,ZI",-7.022000214411592e-10,0.6853943963275553,-7.484581865103362,8.767955098140975e-09,0.8665215143133274,False
spin_dephasing,Spin dephasing,3.0,A,"IX,ZX",9.727293059499697e-11,0.9300149287220655,-1.6852060105934874,2.6613497635012565e-09,0.9390829596263306,False
spin_dephasing,Spin dephasing,3.0,A,"IX,ZY",-4.280787820286844e-10,0.8197566630232358,-2.4669933357111806,8.903858808556716e-09,0.8397403525696464,False
spin_dephasing,Spin dephasing,3.0,A,"IX,ZZ",-1.2302030080386154e-10,0.9286140224961272,-0.732365278414536,3.998605475166379e-09,0.9487236648010213,False
spin_dephasing,Spin dephasing,3.0,A,"IY,IZ",3.0829905125186214e-10,0.9041124102976781,0.14509516209874007,8.114719423540718e-09,1.1061872099343213,False
spin_dephasing,Spin dephasing,3.0,A,"IY,XI",-7.0498092210981e-10,0.8506259668207738,-1.5123605603081907,1.4288729281614314e-08,0.8355391609205988,False
spin_dephasing,Spin dephasing,3.0,A,"IY,XX",-3.681697487399139e-10,0.8267316182379717,0.30137000389007484,7.2724321900576896e-09,1.0904395573885162,False
spin_dephasing,Spin dephasing,3.0,A,"IY,XY",3.1696926083200217e-09,0.309857047033267,0.801236110129274,4.849338903593799e-08,0.2880901684839906,False
spin_dephasing,Spin dephasing,3.0,A,"IY,XZ",-2.2892772545686336e-10,0.5286120656152913,0.46069252538734784,3.335983365961284e-09,0.5425082594980777,False
spin_dephasing,Spin dephasing,3.0,A,"IY,YI",1.9819645315812582e-10,0.47466989317163677,-6.363050715716178,2.040677230487072e-09,0.5413383106008125,False
spin_dephasing,Spin dephasing,3.0,A,"IY,YX",-3.803580232143094e-10,0.5060978891518447,0.43650573769133494,5.561938126599527e-09,0.5440941454139552,False
spin_dephasing,Spin dephasing,3.0,A,"IY,YY",-2.2686666248406298e-10,0.9022514633810933,-0.4676367627647331,7.53825698311923e-09,0.7993641739798328,False
spin_dephasing,Spin dephasing,3.0,A,"IY,YZ",1.6876674964258568e-10,0.21485814076425008,0.8748311127384767,2.4079297010157897e-09,0.19300908939038366,False
spin_dephasing,Spin dephasing,3.0,A,"IY,ZI",-2.1080162284989285e-10,0.8902467934653525,-0.5865293682261714,5.730045225356854e-09,0.7547411761928812,False
spin_dephasing,Spin dephasing,3.0,A,"IY,ZX",-4.998130738422343e-11,0.9870166676721187,-0.049698643299435075,3.890436739173961e-09,1.042824075834423,False
spin_dephasing,Spin dephasing,3.0,A,"IY,ZY",2.1287159884817057e-10,0.4241468880830942,0.6660563724968951,3.482283879275882e-09,0.38688967261461216,False
spin_dephasing,Spin dephasing,3.0,A,"IY,ZZ",-6.861208839408875e-10,0.6678736077702403,-1.15201801492015,8.90903773170323e-09,0.8122708970264777,False
spin_dephasing,Spin dephasing,3.0,A,"IZ,XI",1.3494487342757777e-09,0.6393321016028851,-23.66471653869053,1.553709430718318e-08,0.8552444119005471,False
spin_dephasing,Spin dephasing,3.0,A,"IZ,XX",2.7086088224324323e-10,0.6921610913093338,-16.682275095167615,3.3389271816948182e-09,0.8647964513231483,False
spin_dephasing,Spin dephasing,3.0,A,"IZ,XY",-5.809030566740562e-11,0.9477679545751023,0.10030270664594987,2.191995235534062e-09,1.0883370315253025,False
spin_dephasing,Spin dephasing,3.0,A,"IZ,XZ",3.333528848853861e-09,0.3383295821743342,0.7717723473026956,5.162024115472963e-08,0.3127860672035544,False
spin_dephasing,Spin dephasing,3.0,A,"IZ,YI",1.1982521350268056e-10,0.9639702493020302,0.04668350618306605,6.298848463821346e-09,0.8731776512369207,False
spin_dephasing,Spin dephasing,3.0,A,"IZ,YX",3.267670155502005e-10,0.5788890032905174,-14113.549820686401,3.0950410526235762e-09,0.8192346210741083,False
spin_dephasing,Spin dephasing,3.0,A,"IZ,YY",1.4722030368120442e-10,0.4781079576169891,-6.716131314940728,1.529479484596691e-09,0.5016691417347202,False
spin_dephasing,Spin dephasing,3.0,A,"IZ,YZ",-7.158643606713993e-11,0.9847253307843377,-0.11435389940483764,5.81411498751064e-09,0.9179165000796446,False
spin_dephasing,Spin dephasing,3.0,A,"IZ,ZI",5.706843578574932e-11,0.58155130093427,-23807615.594746403,5.39071485222583e-10,0.8233013065286419,False
spin_dephasing,Spin dephasing,3.0,A,"IZ,ZX",-9.955854586531672e-11,0.9230617225134524,0.14788252943552405,2.741047057243588e-09,0.8118707551931837,False
spin_dephasing,Spin dephasing,3.0,A,"IZ,ZY",-2.0712110840028079e-10,0.9175758377200196,-0.6554861796369569,6.851456613835307e-09,0.7984651341808238,False
spin_dephasing,Spin dephasing,3.0,A,"IZ,ZZ",-7.928962368894794e-11,0.594134443042679,0.5251351764640666,1.4584916046992907e-09,0.4418147553018493,False
spin_dephasing,Spin dephasing,3.0,A,"XI,XX",8.209451027632397e-10,0.7893653845912151,-0.450709582984149,1.609963510849643e-08,0.6600564351382955,False
spin_dephasing,Spin dephasing,3.0,A,"XI,XY",-1.7610819071878456e-11,0.9994919644045428,-0.34781886668529993,6.501937208285247e-09,1.0090284984857731,False
spin_dephasing,Spin dephasing,3.0,A,"XI,XZ",-2.0771518426489823e-10,0.5256019118059121,0.08102686270626014,2.5909180990660173e-09,0.6765045901948352,False
spin_dephasing,Spin dephasing,3.0,A,"XI,YI",6.024228800140616e-10,0.35787394320843613,-0.8802103425335761,6.875118189420553e-09,0.34063493958206953,False
spin_dephasing,Spin dephasing,3.0,A,"XI,YX",-4.18757063260658e-11,0.9956736056409075,-0.039227585000207954,6.461719360368633e-09,0.9567961157181578,False
spin_dephasing,Spin dephasing,3.0,A,"XI,YY",-3.49656329065932e-10,0.8391574308077628,-1.4411550079386344,6.486834776504938e-09,0.9101625725763888,False
spin_dephasing,Spin dephasing,3.0,A,"XI,YZ",2.8634514186990295e-10,0.8201031677776754,-4.58512600873514,4.9579262859484705e-09,0.8762004875687023,False
spin_dephasing,Spin dephasing,3.0,A,"XI,ZI",2.043125988000349e-09,0.49563008531852704,-1.5107210333531063,2.574753174926769e-08,0.47098463446346733,False
spin_dephasing,Spin dephasing,3.0,A,"XI,ZX",9.080359032975832e-11,0.794435420611994,-5.5301585637973005,1.3707788926575881e-09,0.8895961135476372,False
spin_dephasing,Spin dephasing,3.0,A,"XI,ZY",-2.8216622208447843e-10,0.7403629959515126,-2.064728267864995,4.9507115840724204e-09,0.8100163870097166,False
spin_dephasing,Spin dephasing,3.0,A,"XI,ZZ",-3.2659289232911396e-10,0.8454687688372222,-1.2928589326931568,6.128228585282561e-09,0.9111780052522156,False
spin_dephasing,Spin dephasing,3.0,A,"XX,XY",6.951622472553639e-10,0.21383669495933974,0.9072468956608242,9.369705742806232e-09,0.1968180469262711,False
spin_dephasing,Spin dephasing,3.0,A,"XX,XZ",-2.4828269028241816e-10,0.8694346643606908,-0.055782278275001485,7.594688161931386e-09,0.782055839565217,False
spin_dephasing,Spin dephasing,3.0,A,"XX,YI",2.67624099085402e-10,0.7805657020699702,0.10600082710616776,5.0963525893709836e-09,0.7328839397149798,False
spin_dephasing,Spin dephasing,3.0,A,"XX,YX",3.135353108031341e-10,0.9833002060353809,-0.13707796475605338,2.459841279175844e-08,0.915025598478673,False
spin_dephasing,Spin dephasing,3.0,A,"XX,YY",7.835430152750484e-16,0.9498285615850613,-0.15449658215347317,3.790052461871131e-14,0.8621755198804087,False
spin_dephasing,Spin dephasing,3.0,A,"XX,YZ",-8.825293937563315e-10,0.680923911612016,-5.531806427081864,1.2262787034311063e-08,0.5952727582667396,False
spin_dephasing,Spin dephasing,3.0,A,"XX,ZI",5.890717747432512e-11,0.8068224835202955,-0.19794090729382763,1.4701637822128267e-09,0.7328770295889047,False
spin_dephasing,Spin dephasing,3.0,A,"XX,ZX",-1.0770148883130618e-09,0.5869320160880386,-0.09692518830399921,1.768957519581841e-08,0.594105614411945,False
spin_dephasing,Spin dephasing,3.0,A,"XX,ZY",-1.8000769928082948e-10,0.9253823959285958,0.044948743633919874,7.062547277902664e-09,0.8300823652829071,False
spin_dephasing,Spin dephasing,3.0,A,"XX,ZZ",4.472084857524336e-10,0.8778404884611981,-1.0664355914686738,1.0104275764355306e-08,0.9262344483032217,False
spin_dephasing,Spin dephasing,3.0,A,"XY,XZ",1.0663647728689395e-11,0.9999385933062617,-0.2777613836052646,1.0325072012582006e-08,0.993114722611978,False
spin_dephasing,Spin dephasing,3.0,A,"XY,YI",-7.865734220503841e-11,0.9657931957093856,-0.7468825362337377,3.4403271416490407e-09,0.9618944463871848,False
spin_dephasing,Spin dephasing,3.0,A,"XY,YX",2.2980099935024038e-10,0.5815825165149782,-540554717.7837296,2.1704009513264343e-09,0.8235170998334169,False
spin_dephasing,Spin dephasing,3.0,A,"XY,YY",6.863537642245201e-11,0.9963282861016117,-0.004822517479027955,1.1079666021398779e-08,0.9587018981198575,False
spin_dephasing,Spin dephasing,3.0,A,"XY,YZ",2.4810965387675687e-10,0.9057052762238205,-1.866422231213059,6.605937080040965e-09,0.9374023571850263,False
spin_dephasing,Spin dephasing,3.0,A,"XY,ZI",-2.0730530240562225e-10,0.5773316135444428,-5629.325162780518,1.966796328405535e-09,0.8167544168953492,False
spin_dephasing,Spin dephasing,3.0,A,"XY,ZX",3.263201682841883e-11,0.9973207808108866,-0.0010198109044796677,5.474479753516738e-09,0.9602616524946729,False
spin_dephasing,Spin dephasing,3.0,A,"XY,ZY",-2.4760787088632547e-09,0.686261931237682,-7.321823118240193,3.608693144496385e-08,0.7712857434609423,False
spin_dephasing,Spin dephasing,3.0,A,"XY,ZZ",-7.546548584447232e-11,0.9586945535417268,0.021859710925370757,3.2771590259963978e-09,0.846481896370536,False
spin_dephasing,Spin dephasing,3.0,A,"XZ,YI",1.1509258093880861e-10,0.9599731630392476,-0.7706534749060061,5.388163453901508e-09,0.928799127987681,False
spin_dephasing,Spin dephasing,3.0,A,"XZ,YX",-2.623147921118014e-10,0.8573193092997295,-0.784019970330337,6.215678144921609e-09,0.718652536381065,False
spin_dephasing,Spin dephasing,3.0,A,"XZ,YY",-2.959852627292143e-11,0.9952464229828526,-0.10405426122332084,3.0364771113250705e-09,1.016246088909265,False
spin_dephasing,Spin dephasing,3.0,A,"XZ,YZ",1.1280154401649208e-10,0.9397474609872991,-1.5507020974694399,3.744761111317953e-09,0.8995916867473271,False
spin_dephasing,Spin dephasing,3.0,A,"XZ,ZI",-3.0766324696720195e-10,0.8435987326524316,-2.451450431213235,6.039494444048531e-09,0.9150968540448003,False
spin_dephasing,Spin dephasing,3.0,A,"XZ,ZX",2.2565370493212976e-10,0.6643177366047851,-24.924446319601344,2.632604421996293e-09,0.8325932165233396,False
spin_dephasing,Spin dephasing,3.0,A,"XZ,ZY",3.047298552817781e-10,0.9334624576384802,-0.43473846734766997,1.0858198597941135e-08,0.8129033697237409,False
spin_dephasing,Spin dephasing,3.0,A,"XZ,ZZ",2.09240774652266e-09,0.7172448431264182,-5.923300751121275,3.289083854852272e-08,0.7879442180192717,False
spin_dephasing,Spin dephasing,3.0,A,"YI,YX",1.8302676866122797e-09,0.6316572341106443,-2.359506984448907,2.57663821439307e-08,0.611183319762071,False
spin_dephasing,Spin dephasing,3.0,A,"YI,YY",-2.9805853489394866e-10,0.9413859045501146,-1.2137389548761628,1.1068774189974102e-08,0.9102404265734849,False
spin_dephasing,Spin dephasing,3.0,A,"YI,YZ",5.642549327687321e-11,0.9192837418640132,0.15153112862690354,1.5195061795386663e-09,1.021770378502056,False
spin_dephasing,Spin dephasing,3.0,A,"YI,ZI",1.4716260635786419e-10,0.9709403688782084,0.054862525207787005,8.354666764128364e-09,1.0587147321421693,False
spin_dephasing,Spin dephasing,3.0,A,"YI,ZX",-4.908996432476175e-11,0.8712227263353682,0.17097366345251674,1.0924461994070806e-09,0.9938028821120961,False
spin_dephasing,Spin dephasing,3.0,A,"YI,ZY",4.9592850475667246e-12,0.9983109210157817,-0.06389722276692589,1.239141407742083e-09,1.0133406486582333,False
spin_dephasing,Spin dephasing,3.0,A,"YI,ZZ",-7.935691465778112e-10,0.4073158320828834,0.505124180719561,1.1082675692761275e-08,0.43178103990290745,False
spin_dephasing,Spin dephasing,3.0,A,"YX,YY",8.604641466715429e-11,0.9959473511947649,-0.3623430244139083,1.1411520234697231e-08,0.9748656290901755,False
spin_dephasing,Spin dephasing,3.0,A,"YX,YZ",-2.5257240709471218e-09,0.6872487387394207,-9.35571189864339,3.576040098836182e-08,0.7645697474357074,False
spin_dephasing,Spin dephasing,3.0,A,"YX,ZI",-2.0804982825521885e-10,0.712216127637864,-2.1541615203599362,3.63427548359778e-09,0.8091780794694021,False
spin_dephasing,Spin dephasing,3.0,A,"YX,ZX",2.4545372810629684e-10,0.9745581851655435,-0.8761773431238011,1.3900412043705583e-08,0.9411399395129336,False
spin_dephasing,Spin dephasing,3.0,A,"YX,ZY",3.3236064640571725e-10,0.8621540250542815,-1.997997632461343,7.340852775268871e-09,0.8490817272504402,False
spin_dephasing,Spin dephasing,3.0,A,"YX,ZZ",-1.6631793316172683e-10,0.9803050186841219,-0.7597273247465655,1.0721802669254011e-08,0.9482929197970715,False
spin_dephasing,Spin dephasing,3.0,A,"YY,YZ",8.29470675246158e-11,0.9934144443339953,-0.11276004026703523,9.968993777016978e-09,1.027735018324466,False
spin_dephasing,Spin dephasing,3.0,A,"YY,ZI",-2.4130195017352133e-10,0.7336075822093112,-8.834594940406934,3.5815841651764564e-09,0.7754234448174387,False
spin_dephasing,Spin dephasing,3.0,A,"YY,ZX",7.753810248056388e-11,0.9426515505309816,0.10898675042927086,2.7953234243334534e-09,0.8150766102040521,False
spin_dephasing,Spin dephasing,3.0,A,"YY,ZY",-1.4194485254779725e-10,0.9748568812848399,-0.40863784783630086,6.985952808089954e-09,0.9661356495319626,False
spin_dephasing,Spin dephasing,3.0,A,"YY,ZZ",2.0949964231995322e-09,0.63904508208379,-2.3508146937064396,3.054923422564327e-08,0.5428152889800916,False
spin_dephasing,Spin dephasing,3.0,A,"YZ,ZI",3.994807784686671e-10,0.9261587759892751,-1.4237446156242304,1.3407689578070756e-08,0.9006836646133657,False
spin_dephasing,Spin dephasing,3.0,A,"YZ,ZX",-1.5044272397922763e-10,0.9840350565788859,-0.3468588165950419,9.036651707812483e-09,0.9445064651364307,False
spin_dephasing,Spin dephasing,3.0,A,"YZ,ZY",2.1182171316050703e-09,0.4618398528247321,0.7050660357676104,3.487432384281092e-08,0.41375548582895605,False
spin_dephasing,Spin dephasing,3.0,A,"YZ,ZZ",-5.112594887350417e-11,0.9989244041385618,-0.5080043653387059,9.370507681273197e-09,0.9636263401354596,False
spin_dephasing,Spin dephasing,3.0,A,"ZI,ZX",1.8152374869713493e-09,0.6629482791432637,-2.513745819936682,2.564657855529735e-08,0.7079367663284188,False
spin_dephasing,Spin dephasing,3.0,A,"ZI,ZY",1.2616279187744041e-11,0.9998056848546377,-0.26803310666066604,8.417692086279056e-09,1.004995937547739,False
spin_dephasing,Spin dephasing,3.0,A,"ZI,ZZ",1.0974500662157825e-10,0.6432378260814016,-0.35637654881426384,1.9333123410850247e-09,0.6215648336126708,False
spin_dephasing,Spin dephasing,3.0,A,"ZX,ZY",3.750079214816834e-11,0.9971292398682766,-0.4572189548853205,6.51168966241649e-09,0.9808033479827253,False
spin_dephasing,Spin dephasing,3.0,A,"ZX,ZZ",2.405533838948313e-09,0.7153040881226979,-6.525910498224072,3.717383892659495e-08,0.7842986798952544,False
spin_dephasing,Spin dephasing,3.0,A,"ZY,ZZ",-3.835833055932049e-10,0.9205508265343597,-1.0266198811143195,1.3228913983040989e-08,0.9033472422389962,False
spin_dephasing,Spin dephasing,4.0,H,IX,4.6517859388943376e-10,0.965485350623145,-0.019805075462271615,2.1980836627309964e-08,0.8589138949298908,False
spin_dephasing,Spin dephasing,4.0,H,IY,-2.912073624430102e-10,0.9261932295029669,-0.16894716321879644,1.0600456993720431e-08,0.9084293055744301,False
spin_dephasing,Spin dephasing,4.0,H,IZ,-9.545067377242317e-11,0.9517841625933089,-0.7661941341466731,4.5016082243755605e-09,0.9293210566721677,False
spin_dephasing,Spin dephasing,4.0,H,XI,-4.759542047432453e-10,0.8144693860082735,0.27094896074512165,8.119572109662037e-09,1.0976968979635586,False
spin_dephasing,Spin dephasing,4.0,H,XX,4.203038662195694e-09,0.6586436313398579,0.43358671025669904,6.892187838850717e-08,0.4756167722966725,False
spin_dephasing,Spin dephasing,4.0,H,XY,7.546677598461111e-10,0.36895099268192905,0.7762640192753589,1.0053483464781863e-08,0.4456305173603513,False
spin_dephasing,Spin dephasing,4.0,H,XZ,-7.23033163910409e-11,0.9970886886619102,-0.2319292130426298,1.4017862491794245e-08,0.9828068612616305,False
spin_dephasing,Spin dephasing,4.0,H,YI,-1.3195442808495635e-09,0.3999206779714924,-2.0405791404629268,1.4494328082862448e-08,0.48638884940748295,False
spin_dephasing,Spin dephasing,4.0,H,YX,9.291467116204751e-10,0.9539814190122627,-0.6100393799942676,4.533205402284493e-08,0.93167846081184,False
spin_dephasing,Spin dephasing,4.0,H,YY,3.070051938551034e-10,0.9734131329359789,0.0356418512595128,1.743934860767303e-08,1.0586805544866178,False
spin_dephasing,Spin dephasing,4.0,H,YZ,2.1809753054164018e-10,0.9747312053491939,-0.3137078177265613,1.47984266425545e-08,0.9508737120484424,False
spin_dephasing,Spin dephasing,4.0,H,ZI,-2.7206273137258357e-11,0.9956695265902211,-0.07712363806806355,3.935385109472046e-09,1.023044142974958,False
spin_dephasing,Spin dephasing,4.0,H,ZX,-5.779744436188554e-11,0.9957479926776909,-0.2156781465519655,9.176813599581624e-09,0.9790059865788562,False
spin_dephasing,Spin dephasing,4.0,H,ZY,-4.651890700420434e-10,0.8670020437794738,-0.6613007466208174,1.0808762453186155e-08,0.8565395215049443,False
spin_dephasing,Spin dephasing,4.0,H,ZZ,6.338396864558691e-17,0.45355992070924667,0.5651852181747704,1.0146460993289191e-15,0.41831687267808026,False
spin_dephasing,Spin dephasing,4.0,S,IX,-1.5016971893350986e-10,0.9973004057380453,-0.2884929323973382,2.5089901998098395e-08,1.0199508842169374,False
spin_dephasing,Spin dephasing,4.0,S,IY,1.0731178650757988e-05,9.851091378893654e-05,0.9999999713017963,0.00014307766404749941,9.900455419703202e-05,True
spin_dephasing,Spin dephasing,4.0,S,IZ,1.4269386012068792e-05,0.00018574381151607094,0.9999998979661491,0.00019025037928562362,0.00020885257636305267,True
spin_dephasing,Spin dephasing,4.0,S,XI,5.629493669197977e-10,0.7978502702031487,0.35861060347428375,1.0761857947518992e-08,0.9331991743054382,False
spin_dephasing,Spin dephasing,4.0,S,XX,1.8535144430344381e-09,0.8371885742202795,0.10441874576014842,2.769277135612473e-08,1.223104484463777,False
spin_dephasing,Spin dephasing,4.0,S,XY,1.4266166391173465e-05,0.0003228730173402076,0.9999996920075191,0.0001902347780159442,0.00034878298759631534,True
spin_dephasing,Spin dephasing,4.0,S,XZ,1.0730054836835668e-05,0.0002244784478975916,0.9999998511081579,0.00014308052247918846,0.00019946908771279075,True
spin_dephasing,Spin dephasing,4.0,S,YI,1.0732571572325097e-05,0.00017560688995416093,0.9999999088699237,0.00014311265545537046,0.00014600991979740673,True
spin_dephasing,Spin dephasing,4.0,S,YX,1.4265851902912813e-05,0.00033787467578732264,0.9999996627156356,0.0001902278044845308,0.00037127780061601884,True
spin_dephasing,Spin dephasing,4.0,S,YY,-1.0995012694518589e-09,0.5109372185731359,-1.7049168221411013,1.2405426354976335e-08,0.7025060829987159,False
spin_dephasing,Spin dephasing,4.0,S,YZ,-2.8029687910712694e-10,0.9119425004472451,-1.953962549156433,8.468073445272217e-09,0.9448326153288898,False
spin_dephasing,Spin dephasing,4.0,S,ZI,1.4269057311898576e-05,0.00021190407811972028,0.9999998671949891,0.00019024548076078775,0.00023787305598559186,True
spin_dephasing,Spin dephasing,4.0,S,ZX,1.0729406783287402e-05,3.805521605264977e-05,0.9999999957181879,0.00014305836354936411,4.123088706712829e-05,True
spin_dephasing,Spin dephasing,4.0,S,ZY,-1.999820474145987e-09,0.5468103874457485,0.6316639547165558,3.539472300961735e-08,0.4347221967333823,False
spin_dephasing,Spin dephasing,4.0,S,ZZ,1.1724217355357175e-09,0.9228264795109068,-0.3389686462426824,4.5972761016079905e-08,0.91499156532237,False
spin_dephasing,Spin dephasing,4.0,C,"IX,IY",-6.615387747943881e-11,0.8496940796650682,-0.16790002074550014,1.317332633764243e-09,0.7935116876143834,False
spin_dephasing,Spin dephasing,4.0,C,"IX,IZ",6.746610023912135e-10,0.8300126978925843,-0.7203022735540694,1.6326392178209547e-08,0.8622555440648899,False
spin_dephasing,Spin dephasing,4.0,C,"IX,XI",1.1052646980986648e-09,0.4094956822649515,-2.2067829403742256,1.2634920861224933e-08,0.42432259236685294,False
spin_dephasing,Spin dephasing,4.0,C,"IX,XX",-1.4254317620984184e-10,0.9826774215148351,0.031687302764474734,9.505946954477828e-09,1.0499838598905344,False
spin_dephasing,Spin dephasing,4.0,C,"IX,XY",9.989677066282171e-11,0.9816116206219477,-0.48284675132913124,6.416054794465181e-09,0.948100624728144,False
spin_dephasing,Spin dephasing,4.0,C,"IX,XZ",-1.109963155573365e-09,0.8981262558937892,-0.39464215486147847,3.724568953499755e-08,0.9006629429757772,False
spin_dephasing,Spin dephasing,4.0,C,"IX,YI",-1.0227047282586682e-10,0.8505388408207992,-1.160999304191919,2.662219380087108e-09,0.8719483530786001,False
spin_dephasing,Spin dephasing,4.0,C,"IX,YX",-1.2903681426972351e-09,0.6648474035838026,-0.030309301426867385,2.4097320651640826e-08,0.643012000835766,False
spin_dephasing,Spin dephasing,4.0,C,"IX,YY",9.840652919068388e-11,0.9872158224925178,0.0078118868033285604,6.505213970738698e-09,1.0504244388339001,False
spin_dephasing,Spin dephasing,4.0,C,"IX,YZ",1.0754772007161572e-10,0.8395193767688173,-1.2225394643059877,2.687897876324595e-09,0.8666272244208482,False
spin_dephasing,Spin dephasing,4.0,C,"IX,ZI",8.837537793775555e-10,0.9448823230314032,-0.7098832663357055,3.968976417110396e-08,0.9257781951397122,False
spin_dephasing,Spin dephasing,4.0,C,"IX,ZX",7.61651301932507e-11,0.9976584864995885,-0.30894592057851544,1.5643056927999663e-08,0.9837701947592862,False
spin_dephasing,Spin dephasing,4.0,C,"IX,ZY",-8.931660767756773e-11,0.9253501632260714,-0.6205321304896321,3.3994042355137453e-09,0.9124193520495223,False
spin_dephasing,Spin dephasing,4.0,C,"IX,ZZ",4.415212859461164e-10,0.8711455475841833,-0.6293900599356492,1.1099221667964931e-08,0.8674017274501163,False
spin_dephasing,Spin dephasing,4.0,C,"IY,IZ",1.3916239973470713e-09,0.3744410898103023,0.7463744754707906,2.2352302131709306e-08,0.27898228176968,False
spin_dephasing,Spin dephasing,4.0,C,"IY,XI",-2.7661115126716113e-10,0.8248836049732854,-0.4737313838065953,6.842583726133448e-09,0.8652501441277133,False
spin_dephasing,Spin dephasing,4.0,C,"IY,XX",3.4665527443040174e-10,0.7753500465561725,0.3311843417757253,6.4244592732200816e-09,0.9145898179756503,False
spin_dephasing,Spin dephasing,4.0,C,"IY,XY",2.716281822578991e-10,0.9697359022346829,-0.44953103982257536,1.6443545375254368e-08,0.9449372228719264,False
spin_dephasing,Spin dephasing,4.0,C,"IY,XZ",-5.931853451200115e-06,0.00016606296656157798,0.9999999184983103,7.909306066441675e-05,0.00014292241658223117,True
spin_dephasing,Spin dephasing,4.0,C,"IY,YI",-4.546123179192568e-10,0.6041423344772373,-131.0248010128273,4.767757920448536e-09,0.7477426815666944,False
spin_dephasing,Spin dephasing,4.0,C,"IY,YX",5.549613315795708e-10,0.9339296747480614,-0.6892644578735443,2.250824680783215e-08,0.9178136297749525,False
spin_dephasing,Spin dephasing,4.0,C,"IY,YY",-3.1434179406699383e-09,0.13313694808966323,0.932243796905218,4.099335364255771e-08,0.14630657481799234,False
spin_dephasing,Spin dephasing,4.0,C,"IY,YZ",-3.5873421681801397e-10,0.9884979655736532,-0.4134582203351045,3.337629800189967e-08,0.9641727574862061,False
spin_dephasing,Spin dephasing,4.0,C,"IY,ZI",-4.598801528388955e-10,0.826958928364742,-2.092451051094293,9.302022357451973e-09,0.8352042401222284,False
spin_dephasing,Spin dephasing,4.0,C,"IY,ZX",2.4807051017272617e-10,0.5816107209244595,-38767972.795307,2.343330302550422e-09,0.8233512535475263,False
spin_dephasing,Spin dephasing,4.0,C,"IY,ZY",4.461720030900144e-10,0.9166990165421488,0.1596523787617561,1.355138186023662e-08,1.1097482179779767,False
spin_dephasing,Spin dephasing,4.0,C,"IY,ZZ",-5.098602779439501e-10,0.9396982910554383,-0.759746526737195,2.1364212182836803e-08,0.9204494766636652,False
spin_dephasing,Spin dephasing,4.0,C,"IZ,XI",9.031688942119728e-10,0.779308649659687,-0.344045301657979,1.9787860259112616e-08,0.8478580836288165,False
spin_dephasing,Spin dephasing,4.0,C,"IZ,XX",-7.634059526786937e-10,0.508251053994203,0.6662047485518736,1.0481152654979903e-08,0.5599916334150002,False
spin_dephasing,Spin dephasing,4.0,C,"IZ,XY",6.2361090901907815e-06,0.00011408173556410283,0.9999999615245938,8.314524371055146e-05,0.00010004073673975802,True
spin_dephasing,Spin dephasing,4.0,C,"IZ,XZ",2.6404114410308515e-10,0.9400519759837946,0.10924511548642968,9.294625038059769e-09,1.0946931310737427,False
spin_dephasing,Spin dephasing,4.0,C,"IZ,YI",-4.684512476052227e-10,0.90834533632035,-0.9088525617309731,1.488655318306057e-08,0.8951063997500165,False
spin_dephasing,Spin dephasing,4.0,C,"IZ,YX",3.450203113218011e-10,0.9692317515586888,-0.4834328508419681,1.8679260638142984e-08,0.9384307694675253,False
spin_dephasing,Spin dephasing,4.0,C,"IZ,YY",4.4507651444096447e-10,0.9848020233354918,-0.34339511728578476,3.7717863201575954e-08,0.9606661603935217,False
spin_dephasing,Spin dephasing,4.0,C,"IZ,YZ",3.471333933804487e-09,0.3120374762052993,0.4078501674465673,4.2145068711441785e-08,0.3870467236380516,False
spin_dephasing,Spin dephasing,4.0,C,"IZ,ZI",4.2402172480797104e-10,0.9636359876726519,-0.440202623794947,1.9203859291655022e-08,0.9263999111900337,False
spin_dephasing,Spin dephasing,4.0,C,"IZ,ZX",-4.626681028129267e-11,0.9972494367255282,-0.01797771957069405,6.7518480686472486e-09,0.988579223097911,False
spin_dephasing,Spin dephasing,4.0,C,"IZ,ZY",-4.72642254042786e-10,0.8751514588495652,-1.2717280517156784,1.2721452880767874e-08,0.8761561124418106,False
spin_dephasing,Spin dephasing,4.0,C,"IZ,ZZ",-9.562987600176164e-10,0.9656680460359252,-0.5417330946815959,5.491167704408161e-08,0.9419492773671239,False
spin_dephasing,Spin dephasing,4.0,C,"XI,XX",1.0696595607749385e-09,0.5938895348262369,-12.567975477947673,1.2666956438113041e-08,0.7185170812996857,False
spin_dephasing,Spin dephasing,4.0,C,"XI,XY",-1.5742936020084781e-10,0.9947614430235339,-0.10224064173269753,2.096593808876549e-08,1.025029384889962,False
spin_dephasing,Spin dephasing,4.0,C,"XI,XZ",1.418205809297875e-09,0.7196029786694496,-0.3069245797282514,2.4794236369727644e-08,0.809336628595208,False
spin_dephasing,Spin dephasing,4.0,C,"XI,YI",3.0729865029825115e-11,0.9949178410664737,-0.44879394572943787,4.312795602864582e-09,0.976249075341128,False
spin_dephasing,Spin dephasing,4.0,C,"XI,YX",-3.5226304628978473e-10,0.8606924333764571,0.23709978265826237,7.636100702117265e-09,1.044421852562852,False
spin_dephasing,Spin dephasing,4.0,C,"XI,YY",3.047843719740359e-10,0.937086787559028,0.11303761903006715,1.083261407005303e-08,0.8124279329051836,False
spin_dephasing,Spin dephasing,4.0,C,"XI,YZ",-6.730645952937794e-11,0.957344612088753,-0.3308662309806045,3.3969735504919243e-09,0.9339544857317369,False
spin_dephasing,Spin dephasing,4.0,C,"XI,ZI",1.3645688570696271e-09,0.46257946999999605,-9.748190773029341,1.4425335393303865e-08,0.5593587177399274,False
spin_dephasing,Spin dephasing,4.0,C,"XI,ZX",2.4003574858249897e-10,0.9931297455296548,-0.07140900592446231,2.7617729238725628e-08,1.028971214650759,False
spin_dephasing,Spin dephasing,4.0,C,"XI,ZY",4.915988245621895e-11,0.9848882361686442,-0.2189725460191725,4.108877645467593e-09,0.9601189694624225,False
spin_dephasing,Spin dephasing,4.0,C,"XI,ZZ",-1.9452467809496684e-10,0.9810807253608473,-0.24747003031517534,1.5089718429344743e-08,0.9570293112700549,False
spin_dephasing,Spin dephasing,4.0,C,"XX,XY",3.235312977338236e-10,0.6203019473834339,-1.1638081850180497,4.797005790688688e-09,0.7751852496809435,False
spin_dephasing,Spin dephasing,4.0,C,"XX,XZ",2.823850853304647e-10,0.9573680505485342,-0.2157383329953677,1.362288034620464e-08,0.9309042145385605,False
spin_dephasing,Spin dephasing,4.0,C,"XX,YI",1.4645642847846532e-10,0.9686155561575992,0.05235198799653751,7.2444446106024045e-09,1.0673879256684142,False
spin_dephasing,Spin dephasing,4.0,C,"XX,YX",1.7704789457378356e-10,0.8974093294362745,-0.7281586205806982,5.8687709646709664e-09,0.8994406746945923,False
spin_dephasing,Spin dephasing,4.0,C,"XX,YY",-4.149312196901984e-10,0.9489950634960316,0.09422763502456721,1.6115819369555858e-08,0.828354484011307,False
spin_dephasing,Spin dephasing,4.0,C,"XX,YZ",-1.3349957649977753e-10,0.984824837734942,-0.004278598806753742,1.026759953622518e-08,1.04334008029458,False
spin_dephasing,Spin dephasing,4.0,C,"XX,ZI",-9.535547280083065e-10,0.9467423978843266,-0.6265116774103285,4.2846439792256686e-08,0.9258161057152264,False
spin_dephasing,Spin dephasing,4.0,C,"XX,ZX",1.2950309178988061e-09,0.47921045890240044,-10.00287130239223,1.4035940993746272e-08,0.5974568127593032,False
spin_dephasing,Spin dephasing,4.0,C,"XX,ZY",-8.499416840847037e-11,0.9895923656391582,-0.04065485860233631,8.007943183606508e-09,1.0353791089920428,False
spin_dephasing,Spin dephasing,4.0,C,"XX,ZZ",6.178264255803529e-11,0.9329938416706363,0.128995804227224,1.6620580100288194e-09,1.1081409517841216,False
spin_dephasing,Spin dephasing,4.0,C,"XY,XZ",1.8797934071630384e-09,0.27607922101569543,0.7928285962330668,2.753818416564594e-08,0.1990228741391991,False
spin_dephasing,Spin dephasing,4.0,C,"XY,YI",-2.591325689433872e-10,0.9240297606329003,-0.030462893872925445,8.779481469406927e-09,0.8032286456048205,False
spin_dephasing,Spin dephasing,4.0,C,"XY,YX",-4.803457743433834e-10,0.9583146966026858,-0.4818952936186107,2.0683588567344256e-08,0.9225882599660414,False
spin_dephasing,Spin dephasing,4.0,C,"XY,YY",8.246587463232368e-11,0.9840842129924763,0.01756407508651492,6.3650502885449785e-09,1.0431868149210255,False
spin_dephasing,Spin dephasing,4.0,C,"XY,YZ",7.452413314808655e-11,0.9994871895593224,-0.2778499719340073,3.400946496572005e-08,0.9926957458045672,False
spin_dephasing,Spin dephasing,4.0,C,"XY,ZI",5.706049335657829e-10,0.9329543318675224,-0.7576041530997402,2.0809813909156278e-08,0.90860002624135,False
spin_dephasing,Spin dephasing,4.0,C,"XY,ZX",-1.4488315791750026e-10,0.981228895951798,-0.35321702210880734,1.0202553580859271e-08,0.9526644132865875,False
spin_dephasing,Spin dephasing,4.0,C,"XY,ZY",2.798770311626521e-10,0.9936123262264496,-0.3375972431201508,3.707481804002325e-08,0.9748367359159599,False
spin_dephasing,Spin dephasing,4.0,C,"XY,ZZ",-9.567566079406003e-11,0.9876005966023026,-0.0034216521814318668,8.679943949403942e-09,1.0367420424800593,False
spin_dephasing,Spin dephasing,4.0,C,"XZ,YI",2.651346249661446e-10,0.5816108170435447,-38443147.4018109,2.5045237223186116e-09,0.8233505682045249,False
spin_dephasing,Spin dephasing,4.0,C,"XZ,YX",-8.118913385871279e-11,0.989761710475661,-0.353718418261062,7.353559103200486e-09,0.9631973521396022,False
spin_dephasing,Spin dephasing,4.0,C,"XZ,YY",-1.2094504657773059e-09,0.9077681457287975,-0.905998108826658,4.164812176708523e-08,0.9032008796186064,False
spin_dephasing,Spin dephasing,4.0,C,"XZ,YZ",-6.043960568430234e-11,0.93541606989944,-0.8563714583752047,2.047464076971649e-09,0.9508012485916262,False
spin_dephasing,Spin dephasing,4.0,C,"XZ,ZI",-6.951437575189573e-10,0.9100338214638708,-0.871244975267983,2.3831977982835983e-08,0.9027715676782954,False
spin_dephasing,Spin dephasing,4.0,C,"XZ,ZX",-1.8453433209204607e-10,0.637774178201256,-24.965444515135133,2.2168773667372448e-09,0.7225311379257152,False
spin_dephasing,Spin dephasing,4.0,C,"XZ,ZY",-1.4596499977561402e-10,0.6715748165241799,-0.8208534969900267,2.1265943084522766e-09,0.8856034746923227,False
spin_dephasing,Spin dephasing,4.0,C,"XZ,ZZ",1.764599294402603e-10,0.9963022820070137,-0.2809586699071043,3.085375138642687e-08,0.9809358752705958,False
spin_dephasing,Spin dephasing,4.0,C,"YI,YX",6.45509589405576e-10,0.5261197175644605,-7.04984835169409,7.113464349757264e-09,0.6107967245310143,False
spin_dephasing,Spin dephasing,4.0,C,"YI,YY",-3.0254205165355127e-09,0.24010789239173916,0.7350185151591848,3.780458751314112e-08,0.2937898545650041,False
spin_dephasing,Spin dephasing,4.0,C,"YI,YZ",-9.181327910672299e-10,0.8426747820686873,-0.16684379707506647,2.2913455520135627e-08,0.8664346966697648,False
spin_dephasing,Spin dephasing,4.0,C,"YI,ZI",2.5188086668101876e-09,0.551721831870914,-2.0039641471000116,2.863803652565632e-08,0.6572778109340954,False
spin_dephasing,Spin dephasing,4.0,C,"YI,ZX",-5.9309469873094446e-06,0.0002218446559765057,0.9999998545356978,7.908590472106492e-05,0.00018087985023076947,True
spin_dephasing,Spin dephasing,4.0,C,"YI,ZY",-1.6510941498074644e-09,0.8339070010307855,-0.7055187368787685,4.220455451227278e-08,0.8695958948121474,False
spin_dephasing,Spin dephasing,4.0,C,"YI,ZZ",-5.499883389540677e-10,0.879699841550969,-1.150338475103486,1.596434108460377e-08,0.8851631612313595,False
spin_dephasing,Spin dephasing,4.0,C,"YX,YY",-9.607652929742955e-11,0.5540651343827843,0.5915394995258028,1.745031664560648e-09,0.40606891197622397,False
spin_dephasing,Spin dephasing,4.0,C,"YX,YZ",8.147253248709155e-10,0.8161675292525338,-0.24210890555999787,1.972687352427273e-08,0.8623324127078991,False
spin_dephasing,Spin dephasing,4.0,C,"YX,ZI",6.235253533041319e-06,0.0002405034677476782,0.9999998289733205,8.31417197461881e-05,0.00021094111989338284,True
spin_dephasing,Spin dephasing,4.0,C,"YX,ZX",2.5935654654239703e-09,0.5452586598005971,-1.589397185511201,2.915016071425212e-08,0.6688176269238556,False
spin_dephasing,Spin dephasing,4.0,C,"YX,ZY",5.373473767442362e-10,0.87154884347243,-0.2576996713359889,1.5983615527828163e-08,0.8879378749218345,False
spin_dephasing,Spin dephasing,4.0,C,"YX,ZZ",-9.864392357693412e-12,0.9981544426269896,-0.0007015233977074598,2.095092871139889e-09,0.9686111214334016,False
spin_dephasing,Spin dephasing,4.0,C,"YY,YZ",1.487542055385166e-09,0.35472715499453183,0.8051698772424306,2.4091739595165875e-08,0.2551352343497334,False
spin_dephasing,Spin dephasing,4.0,C,"YY,ZI",2.7333281278295987e-10,0.9395807602180422,0.0708055337237179,9.288100236301714e-09,1.0490471330392306,False
spin_dephasing,Spin dephasing,4.0,C,"YY,ZX",-1.7314842569058857e-09,0.5890656351287803,-0.3926149696294756,2.4664764652668966e-08,0.7659975973433122,False
spin_dephasing,Spin dephasing,4.0,C,"YY,ZY",1.785967358471878e-09,0.22991313339592764,0.767157848957521,2.067952553597704e-08,0.2568760478374353,False
spin_dephasing,Spin dephasing,4.0,C,"YY,ZZ",2.134688559152123e-10,0.5615999525061353,-1.458465894380267,2.8540984456101023e-09,0.501374695645019,False
spin_dephasing,Spin dephasing,4.0,C,"YZ,ZI",-5.234169175893893e-10,0.8665943157931937,-2.0948674656738326,1.2738397113854147e-08,0.8630343328884169,False
spin_dephasing,Spin dephasing,4.0,C,"YZ,ZX",-2.0553366841850592e-10,0.7375699192907555,-0.27797225420764815,3.5320941096666833e-09,0.8060322837416303,False
spin_dephasing,Spin dephasing,4.0,C,"YZ,ZY",1.4905292676701973e-10,0.877366653602331,-1.0331133266350685,4.21785326604345e-09,0.882204747798289,False
spin_dephasing,Spin dephasing,4.0,C,"YZ,ZZ",1.8198993235643262e-09,0.3352711334197115,0.647634720761778,2.03168903060577e-08,0.3109978865203992,False
spin_dephasing,Spin dephasing,4.0,C,"ZI,ZX",-4.0011896899237655e-11,0.9980129584958162,-0.158669834510893,8.074153244744961e-09,1.0165185110588446,False
spin_dephasing,Spin dephasing,4.0,C,"ZI,ZY",3.4567520027413505e-09,0.3108340081631986,0.4984704479558675,4.2116501821251894e-08,0.39734812208324255,False
spin_dephasing,Spin dephasing,4.0,C,"ZI,ZZ",-7.646304093472216e-10,0.7544379274688762,0.010462217007366159,1.2160337353462828e-08,0.7904031806788971,False
spin_dephasing,Spin dephasing,4.0,C,"ZX,ZY",-2.8999430202612553e-10,0.8047373147921847,-0.8918836151517084,6.726209940503983e-09,0.8562864254950702,False
spin_dephasing,Spin dephasing,4.0,C,"ZX,ZZ",7.749321705691744e-10,0.7394270595922648,0.045509596159579946,1.4537486267982427e-08,0.82231403781824,False
spin_dephasing,Spin dephasing,4.0,C,"ZY,ZZ",1.273066066299343e-09,0.6755203799413483,0.4880381848115356,2.380742332040757e-08,0.64820966752512,False
spin_dephasing,Spin dephasing,4.0,A,"IX,IY",-1.439359596215141e-09,0.7511312337467606,-0.4688512796948954,2.8144513961825703e-08,0.8295275119255994,False
spin_dephasing,Spin dephasing,4.0,A,"IX,IZ",3.887159104418633e-10,0.9838814379978156,-0.4352982888393897,3.148559693940613e-08,0.9588472245272502,False
spin_dephasing,Spin dephasing,4.0,A,"IX,XI",8.600996178909207e-10,0.9562389006858856,-0.45965259366371325,4.4640541775272275e-08,0.9357758975969422,False
spin_dephasing,Spin dephasing,4.0,A,"IX,XX",1.4091563513347346e-10,0.9898596129650564,-0.4405264649610874,1.1994458942624737e-08,0.9804193425470404,False
spin_dephasing,Spin dephasing,4.0,A,"IX,XY",-5.541115948887733e-10,0.9084918038184276,-0.19215481242645116,1.9590648541173245e-08,0.9057183509904043,False
spin_dephasing,Spin dephasing,4.0,A,"IX,XZ",-5.02910424313741e-13,0.9999897544831154,-0.3447039768170288,1.2462318723771066e-09,1.0006725747102938,False
spin_dephasing,Spin dephasing,4.0,A,"IX,YI",-3.1715916104839456e-10,0.9845832128928519,-0.017315047234967684,2.4116851264363535e-08,1.0438364524417343,False
spin_dephasing,Spin dephasing,4.0,A,"IX,YX",-8.164645037796968e-10,0.5200568831850283,-6.521080112173067,9.024286491259066e-09,0.5912813504017664,False
spin_dephasing,Spin dephasing,4.0,A,"IX,YY",-3.8234729909316594e-11,0.9990519258357555,-0.12497982460020607,1.2411031652701435e-08,1.0102690173761648,False
spin_dephasing,Spin dephasing,4.0,A,"IX,YZ",-1.069532327661895e-10,0.9661612029774155,-0.24440968079515946,5.95172470369141e-09,0.9400995856434385,False
spin_dephasing,Spin dephasing,4.0,A,"IX,ZI",-1.505111024764078e-11,0.9997714496682215,-0.1523519745542108,9.992917388637565e-09,1.0050205926398614,False
spin_dephasing,Spin dephasing,4.0,A,"IX,ZX",4.367502595165843e-12,0.9998860401426568,-0.13272274177641608,4.0734833616249404e-09,0.9964260705908274,False
spin_dephasing,Spin dephasing,4.0,A,"IX,ZY",5.434884568989346e-10,0.9316527774509225,-0.6278528345219827,2.2191394510900932e-08,0.9183634814489373,False
spin_dephasing,Spin dephasing,4.0,A,"IX,ZZ",-1.782748288353816e-10,0.9764338707384207,0.02552286180485408,1.0768065685407363e-08,1.0551862745652252,False
spin_dephasing,Spin dephasing,4.0,A,"IY,IZ",-8.86431977179183e-10,0.9283130478073444,-0.8341568119547078,3.464196509475704e-08,0.9147053797559787,False
spin_dephasing,Spin dephasing,4.0,A,"IY,XI",-1.039387086343819e-09,0.8897361590990212,-0.3393157859786551,3.353468046086026e-08,0.8966853545782322,False
spin_dephasing,Spin dephasing,4.0,A,"IY,XX",5.153872159090895e-10,0.8300512078093353,0.20408333788908495,9.819832192374717e-09,0.8250522664025096,False
spin_dephasing,Spin dephasing,4.0,A,"IY,XY",-9.34007528401032e-10,0.5716515566245045,0.5310160037278961,1.3432156133264095e-08,0.536432066882642,False
spin_dephasing,Spin dephasing,4.0,A,"IY,XZ",2.448284221456512e-10,0.7067111917105873,0.4672967884173852,4.146447488299019e-09,0.8353549421443425,False
spin_dephasing,Spin dephasing,4.0,A,"IY,YI",8.202434820856844e-11,0.965668090576078,-0.3115471552269091,4.65056208715197e-09,0.9412082907603966,False
spin_dephasing,Spin dephasing,4.0,A,"IY,YX",-2.7712702447416696e-10,0.9453186200085614,-0.6068053099132986,1.145091302115697e-08,0.9193289874317908,False
spin_dephasing,Spin dephasing,4.0,A,"IY,YY",-3.482120999438673e-10,0.9891779724625178,-0.3838133300793989,3.553121647805613e-08,0.9673327537060337,False
spin_dephasing,Spin dephasing,4.0,A,"IY,YZ",-2.44280772138623e-10,0.8806731833944463,-1.2618841259601772,7.125152486844188e-09,0.8857190436323243,False
spin_dephasing,Spin dephasing,4.0,A,"IY,ZI",3.158686748049687e-10,0.8954440689253094,-0.060405390426246486,9.316219018417252e-09,0.7739650429854091,False
spin_dephasing,Spin dephasing,4.0,A,"IY,ZX",-7.003888669924735e-10,0.9133574102352021,-0.6504436621780254,2.4998829951426353e-08,0.9066104469218019,False
spin_dephasing,Spin dephasing,4.0,A,"IY,ZY",8.746802340252547e-11,0.9810288670430034,0.013427365348586129,6.324222398270556e-09,1.046102122861484,False
spin_dephasing,Spin dephasing,4.0,A,"IY,ZZ",-8.471053697127541e-11,0.9992631834429536,-0.10504567144911636,3.271496721823394e-08,1.0086311703963295,False
spin_dephasing,Spin dephasing,4.0,A,"IZ,XI",-6.686566865353218e-10,0.8592323589054929,-1.372715482380066,1.7120420980497218e-08,0.8698130364712752,False
spin_dephasing,Spin dephasing,4.0,A,"IZ,XX",1.672449809269275e-10,0.678271922232753,-0.9181810458360624,2.4708854157381515e-09,0.7018858502508494,False
spin_dephasing,Spin dephasing,4.0,A,"IZ,XY",2.5960363134285054e-10,0.6475423714993866,0.5323150150590774,4.227381479011299e-09,0.7358548066903625,False
spin_dephasing,Spin dephasing,4.0,A,"IZ,XZ",-6.076008331356774e-10,0.7706085451573265,0.3525529554412119,1.0950964275680807e-08,0.6301081695700544,False
spin_dephasing,Spin dephasing,4.0,A,"IZ,YI",4.3504183989960675e-10,0.9541809566488936,-0.5462732929773022,2.1375728562595437e-08,0.932159530278207,False
spin_dephasing,Spin dephasing,4.0,A,"IZ,YX",4.0108915661556844e-10,0.5574674509251223,-79.5202877060173,3.883041369457736e-09,0.7959356562606787,False
spin_dephasing,Spin dephasing,4.0,A,"IZ,YY",2.2353496414889434e-10,0.8521429628384175,-1.823453216615213,5.583422777730627e-09,0.8665484279401402,False
spin_dephasing,Spin dephasing,4.0,A,"IZ,YZ",-5.617617577817267e-10,0.9734841388438965,-0.5290331472443202,3.654814058530316e-08,0.9487651310677416,False
spin_dephasing,Spin dephasing,4.0,A,"IZ,ZI",3.931479447900434e-11,0.5818059289253027,-740974.9637566642,3.7178282157797635e-10,0.822138488962949,False
spin_dephasing,Spin dephasing,4.0,A,"IZ,ZX",-6.446380736464914e-11,0.9897355847426889,-0.34766430760201605,5.566811366297723e-09,0.9613999211140736,False
spin_dephasing,Spin dephasing,4.0,A,"IZ,ZY",1.487659333328389e-10,0.9972117401863896,-0.1394359286204505,2.8714287687548165e-08,1.0172696759828674,False
spin_dephasing,Spin dephasing,4.0,A,"IZ,ZZ",-3.6789544495166005e-10,0.6663843762500373,-13.967137457212585,4.661675787163684e-09,0.7369361993779925,False
spin_dephasing,Spin dephasing,4.0,A,"XI,XX",1.0820157905440681e-09,0.8203484359211262,-0.33183452680451375,2.563010142885053e-08,0.7185559868480539,False
spin_dephasing,Spin dephasing,4.0,A,"XI,XY",-2.716037970397657e-10,0.9692864942771714,-0.23381162159944258,1.5674453308242143e-08,0.9422406656022579,False
spin_dephasing,Spin dephasing,4.0,A,"XI,XZ",2.849379563468109e-10,0.8893973905064755,-0.5082124333843028,9.250780065047115e-09,0.8973283138130833,False
spin_dephasing,Spin dephasing,4.0,A,"XI,YI",-7.856817609533416e-11,0.9980927471777755,-0.3266831367255676,1.829272185078845e-08,0.9856831628199446,False
spin_dephasing,Spin dephasing,4.0,A,"XI,YX",-3.624826053350449e-10,0.9894405884843702,-0.3531836005395468,3.7541857405926144e-08,0.9678152485090926,False
spin_dephasing,Spin dephasing,4.0,A,"XI,YY",-1.8014463250118876e-10,0.9335065558231278,0.1282842824545679,5.865408470058581e-09,1.1023768611176195,False
spin_dephasing,Spin dephasing,4.0,A,"XI,YZ",-5.810937298091163e-10,0.8460666123472109,-0.6539450600892223,1.4313221160639401e-08,0.8646720345039934,False
spin_dephasing,Spin dephasing,4.0,A,"XI,ZI",-1.0218217852433655e-09,0.7572211957648778,0.008905283785950568,2.297414138054504e-08,0.7034864057759986,False
spin_dephasing,Spin dephasing,4.0,A,"XI,ZX",8.518256175667692e-12,0.9980923461563181,-0.25863576179498593,1.6176560685171125e-09,1.017552672539506,False
spin_dephasing,Spin dephasing,4.0,A,"XI,ZY",1.3502054610461923e-10,0.9732110811565822,-0.5106548239648849,8.758495376491815e-09,0.9486134926526991,False
spin_dephasing,Spin dephasing,4.0,A,"XI,ZZ",-2.1698924969383906e-10,0.9066687005812141,0.16915464910050504,5.8379164199535375e-09,1.123896514946204,False
spin_dephasing,Spin dephasing,4.0,A,"XX,XY",1.9034410086035346e-09,0.8559335941276656,-0.38596041830509176,5.346184796621534e-08,0.8813209119516161,False
spin_dephasing,Spin dephasing,4.0,A,"XX,XZ",-9.405372401584115e-10,0.939212773382943,-0.6965211490089833,3.963741254776374e-08,0.9209049246066834,False
spin_dephasing,Spin dephasing,4.0,A,"XX,YI",1.1000735271369351e-10,0.9984209765210107,-0.1337815573961394,2.8578797069478816e-08,1.0128308820983907,False
spin_dephasing,Spin dephasing,4.0,A,"XX,YX",2.7462921715244728e-09,0.6759029655038525,-7.980883888759532,3.902350539571406e-08,0.765415557992893,False
spin_dephasing,Spin dephasing,4.0,A,"XX,YY",-5.319528739480954e-15,0.9559147328880054,-0.5073930650456513,2.738141924868227e-13,0.9352416238767832,False
spin_dephasing,Spin dephasing,4.0,A,"XX,YZ",5.43274326652247e-10,0.8101451247992703,-0.1430159755385585,1.2477671307629332e-08,0.7097351937669822,False
spin_dephasing,Spin dephasing,4.0,A,"XX,ZI",1.365091740860242e-11,0.9095065008580231,-0.01357218806706717,3.3973409277017705e-10,0.8660627267118093,False
spin_dephasing,Spin dephasing,4.0,A,"XX,ZX",9.684931050523881e-10,0.7965277873829617,0.19331381832441785,2.285962587735471e-08,0.7175535271228853,False
spin_dephasing,Spin dephasing,4.0,A,"XX,ZY",-1.4001168203781561e-10,0.994439732633798,-0.24151322088994087,1.944822215004322e-08,0.9760026596162836,False
spin_dephasing,Spin dephasing,4.0,A,"XX,ZZ",3.0699723579933747e-10,0.9734147536175332,0.035636395328114245,1.7439522668014763e-08,1.0586784477311395,False
spin_dephasing,Spin dephasing,4.0,A,"XY,XZ",1.265907466702641e-09,0.9216717412068481,-0.9312612765984867,4.6803336221913355e-08,0.909842077588909,False
spin_dephasing,Spin dephasing,4.0,A,"XY,YI",3.6506664818707505e-10,0.8923232378821168,-1.22395703896989,1.0034813856886432e-08,0.8787332934476751,False
spin_dephasing,Spin dephasing,4.0,A,"XY,YX",-8.275767647313818e-11,0.5816854569492278,-3594175.4044674747,7.820557937180968e-10,0.8229044533223289,False
spin_dephasing,Spin dephasing,4.0,A,"XY,YY",8.259958305810525e-10,0.9761127207540186,-0.4694203201632887,5.679569339570212e-08,0.9515223906839646,False
spin_dephasing,Spin dephasing,4.0,A,"XY,YZ",-2.591546257881023e-10,0.8377578397370282,-1.7471563236017942,5.060069457635739e-09,0.7653585079707771,False
spin_dephasing,Spin dephasing,4.0,A,"XY,ZI",-3.8969408623152307e-10,0.5568000165309325,-74.76946401466026,3.775409927150101e-09,0.7951491861426085,False
spin_dephasing,Spin dephasing,4.0,A,"XY,ZX",6.092097940973557e-10,0.9246356438768183,-0.7578282780817382,2.3020073293768023e-08,0.9117857146785192,False
spin_dephasing,Spin dephasing,4.0,A,"XY,ZY",3.345275368934999e-09,0.40041917451493936,0.09753110933866793,3.9530705655655515e-08,0.5473008834104459,False
spin_dephasing,Spin dephasing,4.0,A,"XY,ZZ",-5.664176026982455e-10,0.9798952113588568,-0.40954469008410066,4.2117052107011756e-08,0.955171157970325,False
spin_dephasing,Spin dephasing,4.0,A,"XZ,YI",-7.857640823450247e-10,0.90522787419902,-0.7152249024696553,2.6755094700478963e-08,0.9021041174722563,False
spin_dephasing,Spin dephasing,4.0,A,"XZ,YX",3.2112597984339804e-11,0.9986445362446843,0.0027028352750403384,6.635403749858472e-09,0.9677361024840678,False
spin_dephasing,Spin dephasing,4.0,A,"XZ,YY",-4.118909673357044e-10,0.9190659209147722,-1.066698514248007,1.4237712673386887e-08,0.9035680855053797,False
spin_dephasing,Spin dephasing,4.0,A,"XZ,YZ",-1.6046783038958415e-10,0.9864315948179955,-0.03799818508823183,1.3013256832374103e-08,1.0411036817958272,False
spin_dephasing,Spin dephasing,4.0,A,"XZ,ZI",2.2909126184115819e-10,0.968431660192917,-0.4605110466158717,1.2626187567781777e-08,0.9395195473399192,False
spin_dephasing,Spin dephasing,4.0,A,"XZ,ZX",-1.441811901070594e-10,0.9175478618151555,-0.5614353284926401,5.237834569432996e-09,0.9082437674094854,False
spin_dephasing,Spin dephasing,4.0,A,"XZ,ZY",7.079912583124287e-11,0.9993445583462556,-0.24023398633172155,2.7500546515249437e-08,0.9914184583214272,False
spin_dephasing,Spin dephasing,4.0,A,"XZ,ZZ",-3.278893004811283e-09,0.2577019870251902,0.6826290636392705,4.084719598616306e-08,0.3166217215088769,False
spin_dephasing,Spin dephasing,4.0,A,"YI,YX",9.653232481556066e-11,0.9973772151356971,-0.001968239813554984,1.598512672700302e-08,0.9597407738396834,False
spin_dephasing,Spin dephasing,4.0,A,"YI,YY",-8.92604109971925e-10,0.7566820662312526,-0.19930980935377263,1.823280142257268e-08,0.836813500883293,False
spin_dephasing,Spin dephasing,4.0,A,"YI,YZ",3.4682111066085495e-11,0.9917390522027452,0.01642427748163522,3.483155200408068e-09,1.0331903203375512,False
spin_dephasing,Spin dephasing,4.0,A,"YI,ZI",-1.4997646529873434e-09,0.6809162283997753,-0.27446286340791204,2.5663576706410418e-08,0.8052019183783891,False
spin_dephasing,Spin dephasing,4.0,A,"YI,ZX",1.3512676144054309e-11,0.9987541654453396,-0.013006287590193732,3.2296894357794112e-09,0.9721073776849727,False
spin_dephasing,Spin dephasing,4.0,A,"YI,ZY",-2.864995815025469e-10,0.6187159565877752,-1.4924044683423139,4.1909596773996485e-09,0.7721288968351433,False
spin_dephasing,Spin dephasing,4.0,A,"YI,ZZ",6.482822100055901e-10,0.8681441890097795,0.027955353715674813,1.7205430811244623e-08,0.8744035692145327,False
spin_dephasing,Spin dephasing,4.0,A,"YX,YY",7.073475039369925e-10,0.8323147759802744,-0.10710303813379252,1.4299138894079578e-08,0.8351072025673137,False
spin_dephasing,Spin dephasing,4.0,A,"YX,YZ",3.437833811854922e-09,0.30885020116526213,0.5046848888471973,4.247843579224283e-08,0.3856599768492288,False
spin_dephasing,Spin dephasing,4.0,A,"YX,ZI",-6.756931181736597e-11,0.9703576990847619,-0.09577463663916408,3.7388734312395435e-09,0.8795193025207331,False
spin_dephasing,Spin dephasing,4.0,A,"YX,ZX",1.690724052225193e-09,0.6898446915245834,-0.5282628857897247,2.9558406564770566e-08,0.809335228257275,False
spin_dephasing,Spin dephasing,4.0,A,"YX,ZY",-2.587260321053513e-10,0.9483605737258032,-0.8434907924732145,1.0452007181989005e-08,0.9174876086476511,False
spin_dephasing,Spin dephasing,4.0,A,"YX,ZZ",-4.0397388228479064e-10,0.7724735268044228,0.39503653833891084,6.796746542325538e-09,1.0434034104166403,False
spin_dephasing,Spin dephasing,4.0,A,"YY,YZ",-2.88163580482682e-10,0.580832938563746,0.5097819774186529,4.233024376957205e-09,0.5461659642196208,False
spin_dephasing,Spin dephasing,4.0,A,"YY,ZI",-2.628270496910817e-10,0.6446369018097209,-2.116806072209299,3.971679992041691e-09,0.7794157214598313,False
spin_dephasing,Spin dephasing,4.0,A,"YY,ZX",3.951304012539647e-10,0.9241391069287342,-0.6983559520740519,1.4580238702047982e-08,0.9096653103952125,False
spin_dephasing,Spin dephasing,4.0,A,"YY,ZY",9.178909848935131e-10,0.3686139346694535,0.7189905405777341,1.3427038803914767e-08,0.2647389587315044,False
spin_dephasing,Spin dephasing,4.0,A,"YY,ZZ",-2.0065414928971647e-09,0.1617958050816479,0.945141309004053,2.747420550436373e-08,0.17521079208264057,False
spin_dephasing,Spin dephasing,4.0,A,"YZ,ZI",5.454908358859388e-10,0.8245084765796664,-0.12623662737112462,1.332584688178391e-08,0.8635506769350595,False
spin_dephasing,Spin dephasing,4.0,A,"YZ,ZX",-1.409715874947009e-09,0.8400896577698502,-0.538637421419093,3.717244821171089e-08,0.8735877473087815,False
spin_dephasing,Spin dephasing,4.0,A,"YZ,ZY",3.940197557321471e-10,0.9445943968037428,-0.46956604626822274,1.4806023032609694e-08,0.8225858243120232,False
spin_dephasing,Spin dephasing,4.0,A,"YZ,ZZ",-7.708329313813244e-10,0.6451398554906139,0.1040829526843221,1.1425880720779638e-08,0.7751207834743534,False
spin_dephasing,Spin dephasing,4.0,A,"ZI,ZX",1.310207295751049e-10,0.9949383175944516,0.002792837638375789,1.611615330832461e-08,0.9458014878743106,False
spin_dephasing,Spin dephasing,4.0,A,"ZI,ZY",-9.939061615790282e-10,0.7217249980514466,-0.22554283471097558,1.874094667952934e-08,0.8232202142586768,False
spin_dephasing,Spin dephasing,4.0,A,"ZI,ZZ",-2.4450797186422545e-10,0.3347164554500854,0.32681142461092494,2.6037923619099463e-09,0.3523404553842222,False
spin_dephasing,Spin dephasing,4.0,A,"ZX,ZY",1.1147891728609392e-09,0.7793042013819078,-0.1417514096140502,2.2119856462028725e-08,0.8320077747378088,False
spin_dephasing,Spin dephasing,4.0,A,"ZX,ZZ",-3.41064934860592e-09,0.2708046861102756,0.5601185680713103,4.197805456069238e-08,0.31577266778442775,False
spin_dephasing,Spin dephasing,4.0,A,"ZY,ZZ",-2.4102888891990614e-10,0.9938311558187732,-0.3921561866777068,3.151297706512986e-08,0.9745048007342333,False
photon_scattering,Photon scattering,0.01,H,IX,-9.946702436498818e-10,0.7819904457305074,-0.6268732079160957,2.1880948466940755e-08,0.7204226684662253,False
photon_scattering,Photon scattering,0.01,H,IY,-8.680495259039215e-10,0.6190180116372093,-0.871396700318332,1.6950173936229922e-08,0.5903053128919129,False
photon_scattering,Photon scattering,0.01,H,IZ,1.0444825861817865e-11,0.8547159593743553,-0.2581222076558316,3.571480725219512e-10,0.7660393172375103,False
photon_scattering,Photon scattering,0.01,H,XI,-2.1323457623770886e-10,0.9385556729652208,-0.014437237571210071,1.1237889430992359e-08,0.8482031149730725,False
photon_scattering,Photon scattering,0.01,H,XX,1.6207574638738832e-08,0.24351926383266984,0.8939238467777515,2.9303259961870905e-07,0.17652296230036832,True
photon_scattering,Photon scattering,0.01,H,XY,8.303452189376895e-10,0.8183897701809566,-0.2197489293701056,2.5939434946454648e-08,0.7439126270401107,False
photon_scattering,Photon scattering,0.01,H,XZ,2.6047269059018067e-10,0.9446529291263495,-0.08349564843649726,1.4541403975792797e-08,0.8567001145013002,False
photon_scattering,Photon scattering,0.01,H,YI,1.5112366956164812e-10,0.94228624345603,-0.7886396295126079,6.190888565466685e-09,0.804714728151136,False
photon_scattering,Photon scattering,0.01,H,YX,-1.2037855876938077e-09,0.7393977962004336,-0.13396499025869857,3.128455832100479e-08,0.6921713069196638,False
photon_scattering,Photon scattering,0.01,H,YY,5.685560794356546e-10,0.9381415241462434,-0.09123047489286917,3.0131580779966764e-08,0.8490471287019461,False
photon_scattering,Photon scattering,0.01,H,YZ,-2.8879992109663426e-10,0.8651380526125533,-0.12623099917846425,1.0491502436387914e-08,0.7797837456759421,False
photon_scattering,Photon scattering,0.01,H,ZI,-2.478507088233458e-11,0.7453771817689844,-0.3614700165528437,6.405889151688837e-10,0.6904714359498364,False
photon_scattering,Photon scattering,0.01,H,ZX,2.9039628239233715e-10,0.936609188027494,-0.09807046665049435,1.521519410306678e-08,0.8473124796567375,False
photon_scattering,Photon scattering,0.01,H,ZY,8.217040517937387e-10,0.6853379576296109,-0.9210502407825962,1.732430332556129e-08,0.6205542993090644,False
photon_scattering,Photon scattering,0.01,H,ZZ,-2.3708295252974357e-16,0.6075010213919193,-122.4793073079992,2.932738575312414e-15,0.7463635629435724,False
photon_scattering,Photon scattering,0.01,S,IX,6.245565961558353e-06,0.00019660871720663227,0.9999998856657812,9.992677209542445e-05,0.00016140097547053935,True
photon_scattering,Photon scattering,0.01,S,IY,1.22847621671704e-05,0.00010842632026712698,0.999999965245642,0.00019656683050435996,0.00011219405110239586,True
photon_scattering,Photon scattering,0.01,S,IZ,2.8338804393493548e-05,1.0212735478819963e-05,0.9999999996916374,0.00045342143440534597,8.455194632950373e-06,True
photon_scattering,Photon scattering,0.01,S,XI,6.247419789743024e-06,0.0004026224210207283,0.9999995203794397,9.993578626389928e-05,0.00037264824450048784,True
photon_scattering,Photon scattering,0.01,S,XX,1.3589297199195525e-09,0.2872395010584638,0.5364928112326879,1.9820547871390545e-08,0.34244970686197573,False
photon_scattering,Photon scattering,0.01,S,XY,2.8339035264678284e-05,1.615841885622008e-05,0.9999999992280986,0.0004534270519483963,1.646909786616846e-05,True
photon_scattering,Photon scattering,0.01,S,XZ,1.2286418723258785e-05,0.00010625205198074325,0.9999999666214171,0.00019657372834111438,0.00010783320314208496,True
photon_scattering,Photon scattering,0.01,S,YI,1.2286390776885576e-05,0.0001074681278741011,0.9999999658532528,0.00019657340740389156,0.00010859061718650335,True
photon_scattering,Photon scattering,0.01,S,YX,2.833912457920463e-05,1.437342202202871e-05,0.9999999993892178,0.0004534281889933645,1.4663895623902993e-05,True
photon_scattering,Photon scattering,0.01,S,YY,-1.5754979530805093e-09,0.22108956238112815,0.8778198383613474,2.70131881137327e-08,0.18608726396008485,False
photon_scattering,Photon scattering,0.01,S,YZ,-1.1825019383285643e-09,0.8097995755434331,0.2812876910527212,3.2504473628739566e-08,0.8249220015338345,False
photon_scattering,Photon scattering,0.01,S,ZI,2.8338807424941433e-05,9.218869762298656e-06,0.9999999997487341,0.0004534213563400271,7.475278936295971e-06,True
photon_scattering,Photon scattering,0.01,S,ZX,1.2284737510473197e-05,0.00011002061190546687,0.9999999642160763,0.00019656654288181566,0.00011394296814457472,True
photon_scattering,Photon scattering,0.01,S,ZY,-2.901656589796255e-09,0.3400493027260391,0.7231005443705449,4.001784857388937e-08,0.4167601185082729,False
photon_scattering,Photon scattering,0.01,S,ZZ,4.4744952951089695e-09,0.3311256643764411,0.8265690138228554,8.566683178088427e-08,0.22820983351166524,False
photon_scattering,Photon scattering,0.01,C,"IX,IY",8.338462051845363e-11,0.6047477526958472,-115.54292679290329,1.0564938136753266e-09,0.736864062274118,False
photon_scattering,Photon scattering,0.01,C,"IX,IZ",8.825670393055289e-10,0.6050600210955096,-1.0508069880445832,1.660980189534401e-08,0.5749174879428629,False
photon_scattering,Photon scattering,0.01,C,"IX,XI",5.475770863227335e-10,0.5672008592628995,-643.3024493339179,6.2894822630238975e-09,0.7943106331346819,False
photon_scattering,Photon scattering,0.01,C,"IX,XX",6.948099049714792e-10,0.6384680111989307,-0.5148450406405971,1.4452776922249505e-08,0.615404065967782,False
photon_scattering,Photon scattering,0.01,C,"IX,XY",-3.0532013012627475e-10,0.9331704047425222,-0.09933186141946604,1.5602346276596512e-08,0.8434491199138404,False
photon_scattering,Photon scattering,0.01,C,"IX,XZ",-1.3890365050022427e-10,0.8965297902954988,-0.11399228353359336,4.509163234822068e-09,0.8767809961479867,False
photon_scattering,Photon scattering,0.01,C,"IX,YI",7.938351287370934e-11,0.5640242030296787,-284.29982157533,9.262988931503009e-10,0.7509833091501784,False
photon_scattering,Photon scattering,0.01,C,"IX,YX",2.119234675481562e-10,0.9854326861257323,-0.11104575166269814,1.8921842876048595e-08,0.9104004957925487,False
photon_scattering,Photon scattering,0.01,C,"IX,YY",1.716356935637649e-10,0.9471654687745585,-0.02495903252456544,9.667153608408669e-09,0.8579638222241774,False
photon_scattering,Photon scattering,0.01,C,"IX,YZ",4.562286137320429e-12,0.8450847294100899,-0.5882824209118644,1.4706567104233643e-10,0.7518231900083839,False
photon_scattering,Photon scattering,0.01,C,"IX,ZI",-4.0192756795653556e-10,0.8572915098583173,0.1125997185071641,1.3829455271658566e-08,0.7674947797660682,False
photon_scattering,Photon scattering,0.01,C,"IX,ZX",-3.652188350930453e-10,0.49387651285117645,0.47514966384463997,6.298937327167224e-09,0.5361518095849447,False
photon_scattering,Photon scattering,0.01,C,"IX,ZY",1.689570397242768e-11,0.5814653440683114,-5953128.105817665,1.914922993718947e-10,0.8229830310940973,False
photon_scattering,Photon scattering,0.01,C,"IX,ZZ",-6.622177532942079e-10,0.7259301253490483,-0.5693981578583158,1.5516797629243708e-08,0.6585801946421418,False
photon_scattering,Photon scattering,0.01,C,"IY,IZ",-4.697980707621458e-10,0.8544590106464987,-0.38183952310208347,1.4146271900275716e-08,0.7343197845628915,False
photon_scattering,Photon scattering,0.01,C,"IY,XI",6.341808208582888e-11,0.6140488388142346,-20.07497424564651,8.491062994369744e-10,0.7446337217806174,False
photon_scattering,Photon scattering,0.01,C,"IY,XX",2.771016736442342e-10,0.9403966278822358,-0.0875013802497675,1.4941934004996417e-08,0.8516381220521657,False
photon_scattering,Photon scattering,0.01,C,"IY,XY",6.244195465552709e-10,0.6778339476651981,-0.35620313918524427,1.415189298529278e-08,0.6470185029215848,False
photon_scattering,Photon scattering,0.01,C,"IY,XZ",-6.695946995922576e-06,4.846101948413454e-05,0.9999999930570731,0.000107134146119222,4.482610221995316e-05,True
photon_scattering,Photon scattering,0.01,C,"IY,YI",-1.0486702757582394e-10,0.5820161071750808,-578732.1216446335,1.18996069593982e-09,0.8233840368085136,False
photon_scattering,Photon scattering,0.01,C,"IY,YX",-2.73592878469115e-10,0.8916640874648577,-0.08730196818081404,1.1071582865882726e-08,0.8023098364283964,False
photon_scattering,Photon scattering,0.01,C,"IY,YY",6.619170122373973e-10,0.6796490047402981,-0.5462406899467556,1.3572586843182755e-08,0.8049253189874073,False
photon_scattering,Photon scattering,0.01,C,"IY,YZ",7.94586194239376e-11,0.9792948102404684,0.03153578841149751,6.27812991115683e-09,1.0506256611751421,False
photon_scattering,Photon scattering,0.01,C,"IY,ZI",1.6854510703660378e-10,0.974832157792512,-0.039143725131956186,1.3541789122626259e-08,0.9004296371710645,False
photon_scattering,Photon scattering,0.01,C,"IY,ZX",-6.624880562169435e-11,0.5815800973866668,-1154142011527.7637,7.508202287622074e-10,0.8235295132340499,False
photon_scattering,Photon scattering,0.01,C,"IY,ZY",1.5041926430686167e-10,0.8659074774408874,0.23451040728715122,4.104126928162042e-09,0.7067941280768836,False
photon_scattering,Photon scattering,0.01,C,"IY,ZZ",2.7546060069942353e-10,0.9429928307278808,-0.08206795917895571,1.5165092166363207e-08,0.8546870153230423,False
photon_scattering,Photon scattering,0.01,C,"IZ,XI",6.969787032140507e-10,0.7495100545965121,-0.5132217896137508,1.753749359774749e-08,0.6820623429092192,False
photon_scattering,Photon scattering,0.01,C,"IZ,XX",-8.4006027020276e-10,0.8191376304498504,-0.21911185978050107,2.6300167988419545e-08,0.7444699910441167,False
photon_scattering,Photon scattering,0.01,C,"IZ,XY",9.840937778011413e-06,0.00013357629214691096,0.9999999472338474,0.00015744343656952565,0.00012079703043939316,True
photon_scattering,Photon scattering,0.01,C,"IZ,XZ",-4.849121339400231e-10,0.7364676926199011,-0.13309558975435865,1.2576010953395028e-08,0.6915319900804534,False
photon_scattering,Photon scattering,0.01,C,"IZ,YI",1.1816224316483517e-10,0.9882138846509381,-0.019514649258327577,1.3485302594609176e-08,0.9299016140952915,False
photon_scattering,Photon scattering,0.01,C,"IZ,YX",-4.072294196970032e-10,0.9657652281805872,-0.051504055736684595,2.8393320377642265e-08,0.8852605009119912,False
photon_scattering,Photon scattering,0.01,C,"IZ,YY",-9.365419928846697e-10,0.7985710817436378,-0.027514891839564237,2.8002417173901742e-08,0.7324396713130816,False
photon_scattering,Photon scattering,0.01,C,"IZ,YZ",-6.33103898764423e-10,0.6810815082620812,-0.46677873248235446,1.2967893971656445e-08,0.8047165098208915,False
photon_scattering,Photon scattering,0.01,C,"IZ,ZI",-1.2906354468305803e-10,0.9147890338572446,-0.13398591265217275,4.602292146251109e-09,0.9439133629149599,False
photon_scattering,Photon scattering,0.01,C,"IZ,ZX",-3.673424538449564e-10,0.8336314420934563,-0.1693527147315248,1.1412578963243196e-08,0.7424999520069452,False
photon_scattering,Photon scattering,0.01,C,"IZ,ZY",2.1625847301594287e-10,0.960735731087852,-0.061714410631567684,1.4157548893714114e-08,0.8777989186464554,False
photon_scattering,Photon scattering,0.01,C,"IZ,ZZ",7.519421592462577e-10,0.8480349465134445,0.01445689333100475,2.5785042572449545e-08,0.7667043885202866,False
photon_scattering,Photon scattering,0.01,C,"XI,XX",-3.942805849374368e-10,0.8240648033131486,-1.8443753387213402,9.389330810418724e-09,0.6640607575569244,False
photon_scattering,Photon scattering,0.01,C,"XI,XY",2.076092060083166e-10,0.9825683528353819,-0.166634556265983,1.917923616823644e-08,0.9134025133484108,False
photon_scattering,Photon scattering,0.01,C,"XI,XZ",-3.2682941468958556e-10,0.613023739188607,-5.5911705953418815,4.456042454046454e-09,0.7375602010553387,False
photon_scattering,Photon scattering,0.01,C,"XI,YI",-1.1082914593227277e-11,0.5195572873215685,0.3488025851232246,1.6727242858770651e-10,0.5094056373113662,False
photon_scattering,Photon scattering,0.01,C,"XI,YX",-4.450941110993992e-10,0.8761213204087311,-0.2085185880142273,1.6851983125785172e-08,0.7887042217988638,False
photon_scattering,Photon scattering,0.01,C,"XI,YY",-6.60912422777756e-10,0.7145525552695295,-0.6364195781903013,1.49985019957546e-08,0.6474781692385917,False
photon_scattering,Photon scattering,0.01,C,"XI,YZ",2.725498560586632e-12,0.5804485857334416,-60990.00906835833,3.0900490662401404e-11,0.8181631685035505,False
photon_scattering,Photon scattering,0.01,C,"XI,ZI",3.684203345027156e-11,0.99446932062208,-0.055439931923203734,4.565511509105164e-09,1.064557118520974,False
photon_scattering,Photon scattering,0.01,C,"XI,ZX",-1.146306651943271e-10,0.9709492914242569,-0.418138892593771,8.477970739409401e-09,0.9459159892300772,False
photon_scattering,Photon scattering,0.01,C,"XI,ZY",-2.4126884309791937e-11,0.6251340757334348,-10.398810896999363,3.688110542952313e-10,0.5939566744474406,False
photon_scattering,Photon scattering,0.01,C,"XI,ZZ",1.2955874476647402e-10,0.9642961414861653,-0.009929778192651284,8.686782762990454e-09,0.8806842548719401,False
photon_scattering,Photon scattering,0.01,C,"XX,XY",2.7824701020004678e-11,0.7717265330514385,-0.3349903273743038,7.653828476647737e-10,0.7091682824625671,False
photon_scattering,Photon scattering,0.01,C,"XX,XZ",8.547024797934958e-10,0.6150441703927659,-0.8907682958046863,1.6551717174945967e-08,0.5868936276474113,False
photon_scattering,Photon scattering,0.01,C,"XX,YI",2.8595819326572464e-10,0.9384535989869912,-0.09451492657106253,1.519072507207309e-08,0.8494037950610084,False
photon_scattering,Photon scattering,0.01,C,"XX,YX",-2.4071794309588386e-11,0.7362237617206752,-0.42934947964663484,6.070172447448357e-10,0.6827530747373459,False
photon_scattering,Photon scattering,0.01,C,"XX,YY",4.4011632823827085e-10,0.677707456336561,-1.2517787394050304,8.591258361359401e-09,0.7950864426483708,False
photon_scattering,Photon scattering,0.01,C,"XX,YZ",-2.7659211455160885e-10,0.9413506516182981,-0.0866100691482905,1.5027980648694555e-08,0.8527588657358908,False
photon_scattering,Photon scattering,0.01,C,"XX,ZI",1.1896156178809668e-09,0.7386235391325489,-0.1306804506523287,3.08708015694955e-08,0.6917175952939384,False
photon_scattering,Photon scattering,0.01,C,"XX,ZX",-1.6148434608818617e-10,0.9385850759664202,-0.7816850102053168,6.558072957729658e-09,0.8030100035433696,False
photon_scattering,Photon scattering,0.01,C,"XX,ZY",-3.462020487948773e-10,0.9142526558255811,-0.13169754539529688,1.57180146688542e-08,0.8237934975434835,False
photon_scattering,Photon scattering,0.01,C,"XX,ZZ",-4.758095582627218e-11,0.6246602541582386,-4.658397289205694,6.368192837591754e-10,0.8505668498434926,False
photon_scattering,Photon scattering,0.01,C,"XY,XZ",-5.117543930980817e-10,0.8368601292782607,-0.45374686002581655,1.4395325715024337e-08,0.7155996866044005,False
photon_scattering,Photon scattering,0.01,C,"XY,YI",4.5981652602391296e-10,0.7853943935204335,-0.2941165870585005,1.2464000163333563e-08,0.7048674454439785,False
photon_scattering,Photon scattering,0.01,C,"XY,YX",-2.2559608931308475e-10,0.8122488391109756,-0.31030837208409445,6.4565090872901914e-09,0.8602364923440274,False
photon_scattering,Photon scattering,0.01,C,"XY,YY",1.081584042151801e-10,0.5891921906826362,-10.987482011930899,1.5798719179589427e-09,0.5551481050237775,False
photon_scattering,Photon scattering,0.01,C,"XY,YZ",-3.6440100738844693e-10,0.8910090836078007,0.09171903738480547,1.4166193884846336e-08,0.7942137399216319,False
photon_scattering,Photon scattering,0.01,C,"XY,ZI",-3.594668112146291e-10,0.9727731146725406,-0.04148790632745891,2.7852010827022436e-08,0.8967494839932005,False
photon_scattering,Photon scattering,0.01,C,"XY,ZX",2.46021668236064e-10,0.9537856805584289,-0.06847347802553205,1.4934371430132803e-08,0.8682118390388118,False
photon_scattering,Photon scattering,0.01,C,"XY,ZY",-3.9867994757121026e-10,0.8766099117556828,0.09189112625955198,1.4732269684916435e-08,0.7835065710319453,False
photon_scattering,Photon scattering,0.01,C,"XY,ZZ",-1.981899686920973e-10,0.5727947997374342,-42.67826339977884,2.550092911043496e-09,0.6741283240195859,False
photon_scattering,Photon scattering,0.01,C,"XZ,YI",-7.139281759082779e-11,0.581580175718812,-863252204341.943,8.091193345235498e-10,0.8235295721047935,False
photon_scattering,Photon scattering,0.01,C,"XZ,YX",8.427264766944794e-11,0.9933592168537354,-0.01280090112212151,1.2586775373814253e-08,0.9464373390854212,False
photon_scattering,Photon scattering,0.01,C,"XZ,YY",3.5851136008805513e-10,0.8875115376617808,0.10004082306041828,1.3698863476585335e-08,0.7906329320233974,False
photon_scattering,Photon scattering,0.01,C,"XZ,YZ",-4.021129809020545e-11,0.6701820162370469,-21.679108450873137,6.009744130856203e-10,0.7323593336778111,False
photon_scattering,Photon scattering,0.01,C,"XZ,ZI",4.0418439329050205e-10,0.817232343257193,-0.22921378399333125,1.2555001578721784e-08,0.742455217862807,False
photon_scattering,Photon scattering,0.01,C,"XZ,ZX",-1.176003420907474e-10,0.58196890693956,-728380.3195058461,1.3342702914176974e-09,0.8234010462966757,False
photon_scattering,Photon scattering,0.01,C,"XZ,ZY",-4.9372424006979437e-11,0.624558775774394,-59.18781179965855,6.479130718123461e-10,0.7740099417710498,False
photon_scattering,Photon scattering,0.01,C,"XZ,ZZ",-5.31861228105786e-10,0.7901276622037997,0.08321362180159364,1.548636854081176e-08,0.725249349863189,False
photon_scattering,Photon scattering,0.01,C,"YI,YX",6.432409481475278e-14,0.9999999832043521,-0.14651925664721777,4.585865393698604e-09,1.000112212791772,False
photon_scattering,Photon scattering,0.01,C,"YI,YY",6.031035512004129e-10,0.6956609731282208,-0.43188597250622585,1.274648855597277e-08,0.810738918863169,False
photon_scattering,Photon scattering,0.01,C,"YI,YZ",7.064989428594171e-11,0.8075166152219742,-0.3584496473420502,1.4788430319863815e-09,0.8089049540544008,False
photon_scattering,Photon scattering,0.01,C,"YI,ZI",-7.22563049986245e-10,0.6621324320090446,-0.25808077252386097,1.5764937383049884e-08,0.6333315978720581,False
photon_scattering,Photon scattering,0.01,C,"YI,ZX",-6.696492319521021e-06,0.00011643199570657459,0.9999999599171653,0.0001071425579769622,8.997925545931271e-05,True
photon_scattering,Photon scattering,0.01,C,"YI,ZY",1.734280490877711e-11,0.9978977979865511,-0.005696257849467923,3.736748275060895e-09,0.9907177023271687,False
photon_scattering,Photon scattering,0.01,C,"YI,ZZ",2.5935993185673843e-10,0.9451894177358718,-0.07948380826765145,1.4542611989322336e-08,0.8573241549470376,False
photon_scattering,Photon scattering,0.01,C,"YX,YY",-1.6091185986129282e-11,0.8626754410568536,-0.27802045149613863,5.753416446251747e-10,0.7762555707697826,False
photon_scattering,Photon scattering,0.01,C,"YX,YZ",4.485741277421289e-10,0.822956704585767,-0.21105220477257092,1.3794085157479977e-08,0.7398455221228585,False
photon_scattering,Photon scattering,0.01,C,"YX,ZI",9.841143969704118e-06,0.00019162530973080834,0.9999998913913866,0.0001574444903731109,0.0001460927347861721,True
photon_scattering,Photon scattering,0.01,C,"YX,ZX",-8.05823929088989e-10,0.6426023531890641,-0.4064726876730007,1.6779758637208713e-08,0.6158114325663332,False
photon_scattering,Photon scattering,0.01,C,"YX,ZY",5.179543358882335e-10,0.7967840108967027,-0.27511192428681785,1.4758360596140759e-08,0.719234757809793,False
photon_scattering,Photon scattering,0.01,C,"YX,ZZ",-2.1923034346989073e-10,0.5761719018737556,-32.02434165926211,2.6815845704163957e-09,0.8009445019263014,False
photon_scattering,Photon scattering,0.01,C,"YY,YZ",-5.472150496268254e-10,0.8309193216889911,-0.4017395580158294,1.52788373839281e-08,0.7134781733052834,False
photon_scattering,Photon scattering,0.01,C,"YY,ZI",7.315446056239804e-10,0.847616764471318,-0.15667050018832596,2.507103258553529e-08,0.7665689745715398,False
photon_scattering,Photon scattering,0.01,C,"YY,ZX",-5.122839547342442e-10,0.8066315933006786,-0.26167019868145314,1.5092095819086784e-08,0.7284491374159631,False
photon_scattering,Photon scattering,0.01,C,"YY,ZY",-8.118491026330923e-10,0.6207182823111681,-0.20147761766568073,1.6714908403836737e-08,0.6114371276139374,False
photon_scattering,Photon scattering,0.01,C,"YY,ZZ",2.2867528917345382e-09,0.2558465843850854,0.8831278070176513,4.201382810731552e-08,0.17007644485835732,False
photon_scattering,Photon scattering,0.01,C,"YZ,ZI",2.2346196923056873e-10,0.9604148065243358,-0.05661714476761226,1.4567338961885833e-08,0.8772805549097266,False
photon_scattering,Photon scattering,0.01,C,"YZ,ZX",2.0216191573215007e-11,0.6761574064007133,-29.235414143197957,2.804562023069171e-10,0.8558335211920796,False
photon_scattering,Photon scattering,0.01,C,"YZ,ZY",2.060792234597413e-09,0.3397227612703782,0.8231789999100312,3.9452660921186883e-08,0.20021576125757304,False
photon_scattering,Photon scattering,0.01,C,"YZ,ZZ",-6.840913561332139e-10,0.6606695852174956,0.013945923093685808,1.540280004850404e-08,0.6446924694320604,False
photon_scattering,Photon scattering,0.01,C,"ZI,ZX",2.2349123583093965e-10,0.905833418182176,-1.2464215025423098,7.05233424760263e-09,0.7464768651237275,False
photon_scattering,Photon scattering,0.01,C,"ZI,ZY",-6.210359363751152e-10,0.6901525319163765,-0.4628641862443952,1.3043328366954775e-08,0.8095467908487199,False
photon_scattering,Photon scattering,0.01,C,"ZI,ZZ",-8.663716966509923e-10,0.8254202911023438,-0.19924669637765424,2.6694663882754322e-08,0.7403610847602546,False
photon_scattering,Photon scattering,0.01,C,"ZX,ZY",-6.027512936872533e-11,0.5771165565836844,-155.2396923423453,7.224195699739852e-10,0.7152876722303954,False
photon_scattering,Photon scattering,0.01,C,"ZX,ZZ",3.8503807474887784e-10,0.8684050658364263,-0.12185432419253162,1.3827752405527092e-08,0.7772375070326112,False
photon_scattering,Photon scattering,0.01,C,"ZY,ZZ",-4.2282009599786654e-10,0.8743244603138882,-0.36011147083685824,1.3855143871215495e-08,0.7558624580571617,False
photon_scattering,Photon scattering,0.01,A,"IX,IY",3.1500821821714486e-10,0.6056519505022967,-7.192624824162062,4.2550511768788275e-09,0.7241190332059092,False
photon_scattering,Photon scattering,0.01,A,"IX,IZ",2.6896458956746756e-10,0.9728167974554726,-0.20410715643929644,2.008581992409811e-08,0.8928738421099652,False
photon_scattering,Photon scattering,0.01,A,"IX,XI",9.134518108835352e-10,0.7001569984286644,-4.475579889960008,1.617051179092487e-08,0.8870225231342179,False
photon_scattering,Photon scattering,0.01,A,"IX,XX",-1.9777402443471386e-10,0.9436898739285519,-0.012281621623376981,1.0832436339878605e-08,0.85393939591844,False
photon_scattering,Photon scattering,0.01,A,"IX,XY",-4.834342207789828e-10,0.8217400059105936,-0.2400596866378124,1.48667228052514e-08,0.7398570070287617,False
photon_scattering,Photon scattering,0.01,A,"IX,XZ",-4.6899955125043265e-11,0.586605692261558,-47.52070320405755,5.846170823182436e-10,0.7422338382419448,False
photon_scattering,Photon scattering,0.01,A,"IX,YI",1.1163912815987995e-10,0.9714344935446336,-0.4254568084146959,8.376039476905679e-09,0.9466864364869865,False
photon_scattering,Photon scattering,0.01,A,"IX,YX",2.260396291164469e-10,0.9084121392506168,-0.9535458111159933,7.794600141456232e-09,0.768003874462541,False
photon_scattering,Photon scattering,0.01,A,"IX,YY",-2.674734230866005e-10,0.9438087218522712,-0.08184642955160815,1.4825755405491217e-08,0.8556709370842405,False
photon_scattering,Photon scattering,0.01,A,"IX,YZ",1.2245985354432705e-10,0.5897297983663011,-30.39513980796144,1.4845590808009366e-09,0.8341223552502701,False
photon_scattering,Photon scattering,0.01,A,"IX,ZI",-3.8249146911593234e-10,0.9000026423608443,-0.1579714536868031,1.6116657237927794e-08,0.8101385598915368,False
photon_scattering,Photon scattering,0.01,A,"IX,ZX",-4.981350092539944e-12,0.5619597720536988,0.6030425134767161,9.799495670370587e-11,0.604912138873359,False
photon_scattering,Photon scattering,0.01,A,"IX,ZY",-9.584772799251582e-10,0.7736076384980153,-0.34573778179650594,2.63446484323766e-08,0.7089420927713805,False
photon_scattering,Photon scattering,0.01,A,"IX,ZZ",-2.0928954305145007e-10,0.9640597215588477,-0.05239388689241631,1.4265429470907411e-08,0.8826311995845507,False
photon_scattering,Photon scattering,0.01,A,"IY,IZ",5.095018020261339e-10,0.8030375753168764,0.06861443694918334,1.530402976857837e-08,0.7336639775376167,False
photon_scattering,Photon scattering,0.01,A,"IY,XI",-2.2426891268776303e-10,0.8120250147570247,-0.30454253684803145,5.410213137866937e-09,0.8341884824329235,False
photon_scattering,Photon scattering,0.01,A,"IY,XX",3.4806681523508695e-10,0.8749494833303797,-0.09359345562928278,1.2731438153250699e-08,0.7812867259485744,False
photon_scattering,Photon scattering,0.01,A,"IY,XY",-6.552616322398524e-10,0.7369566152328719,-0.43126822991454894,1.654998928152332e-08,0.6832570119080876,False
photon_scattering,Photon scattering,0.01,A,"IY,XZ",-1.1081848904599213e-10,0.6120053984301489,-62.09915235593711,1.4154008669260643e-09,0.7998384070898511,False
photon_scattering,Photon scattering,0.01,A,"IY,YI",-1.5966700750867206e-11,0.9078351759347457,-0.09358855828321899,6.991963879348014e-10,0.8173136929608272,False
photon_scattering,Photon scattering,0.01,A,"IY,YX",6.800055016354209e-11,0.996006405190077,-0.008305294897854365,1.2916799509326727e-08,0.9578839633675872,False
photon_scattering,Photon scattering,0.01,A,"IY,YY",4.490432649394582e-10,0.8400141410438009,0.09555375155437185,1.4798058202842765e-08,0.7572420603923857,False
photon_scattering,Photon scattering,0.01,A,"IY,YZ",-2.572215733960545e-12,0.8943695651054596,-0.6705157391835088,8.483640584741012e-11,0.8787211358959723,False
photon_scattering,Photon scattering,0.01,A,"IY,ZI",-4.002177668373041e-10,0.8155112803019468,-0.2098244149798285,1.1785165524185773e-08,0.7283243813480813,False
photon_scattering,Photon scattering,0.01,A,"IY,ZX",6.536484143358212e-10,0.8512056215637833,-0.14134391743381136,2.2629670522188482e-08,0.7689234003844938,False
photon_scattering,Photon scattering,0.01,A,"IY,ZY",2.3617097516871363e-11,0.47226827542219085,-3.7373135670578836,3.003541856580541e-10,0.6582832988055148,False
photon_scattering,Photon scattering,0.01,A,"IY,ZZ",-6.181252660064469e-10,0.7600367296273893,0.05346267550248751,1.6894872758589296e-08,0.707307524672682,False
photon_scattering,Photon scattering,0.01,A,"IZ,XI",3.539437275236658e-10,0.9128651066701191,-0.13837666890625888,1.594134559769648e-08,0.8223769880129513,False
photon_scattering,Photon scattering,0.01,A,"IZ,XX",1.291440520985987e-10,0.5844964086844004,-29.57922720412153,1.5693573805549275e-09,0.80388967113037,False
photon_scattering,Photon scattering,0.01,A,"IZ,XY",-1.9920137137379338e-11,0.7466659701707025,-3.3094051619020286,3.8531275942932073e-10,0.7329154383747455,False
photon_scattering,Photon scattering,0.01,A,"IZ,XZ",-5.994851566217268e-10,0.7508687460483777,-0.3658971093745087,1.5692811958547286e-08,0.6943899368932616,False
photon_scattering,Photon scattering,0.01,A,"IZ,YI",-3.4525358811904484e-10,0.849580905714862,-0.15716838614776374,1.1887119898086003e-08,0.7676452556521209,False
photon_scattering,Photon scattering,0.01,A,"IZ,YX",3.7184280706653925e-11,0.5823987083776784,-84325.36427044493,4.2294446386281585e-10,0.8211756808077701,False
photon_scattering,Photon scattering,0.01,A,"IZ,YY",7.958527537826177e-11,0.6448444808280132,-8.946938490633888,1.1202655989014735e-09,0.7980542994966553,False
photon_scattering,Photon scattering,0.01,A,"IZ,YZ",6.020124112852674e-10,0.7696111277572354,0.05669054581105415,1.678641239095148e-08,0.7130953786838812,False
photon_scattering,Photon scattering,0.01,A,"IZ,ZI",-4.401936682636173e-11,0.581579856431619,-6901521868095.782,4.98886280299194e-10,0.82352904325683,False
photon_scattering,Photon scattering,0.01,A,"IZ,ZX",1.9372651251238528e-10,0.9674591256565455,-0.04970723603515359,1.3827178846536764e-08,0.8879155236726213,False
photon_scattering,Photon scattering,0.01,A,"IZ,ZY",6.063473052069291e-10,0.7629972856510773,0.052546956440516546,1.6654540426723686e-08,0.7087413811868426,False
photon_scattering,Photon scattering,0.01,A,"IZ,ZZ",-3.9669825546658386e-11,0.7056927365113382,-2.0108752563126036,6.151833018760906e-10,0.8502182441001889,False
photon_scattering,Photon scattering,0.01,A,"XI,XX",-9.769294588710192e-10,0.7826918194026717,-0.6339254443500022,2.1449188721667948e-08,0.7274070933710611,False
photon_scattering,Photon scattering,0.01,A,"XI,XY",-6.976154912044407e-10,0.6317930897083109,-0.5747911608484353,1.4266493760294226e-08,0.6088090021692598,False
photon_scattering,Photon scattering,0.01,A,"XI,XZ",-8.096040180600106e-11,0.5876104690652654,-22.586084733376566,9.915233505100534e-10,0.8011804240984284,False
photon_scattering,Photon scattering,0.01,A,"XI,YI",4.142252342262449e-10,0.4830648695083964,0.4127484511548719,7.104112369186389e-09,0.5335375200168071,False
photon_scattering,Photon scattering,0.01,A,"XI,YX",5.381591103345633e-10,0.7890252842645818,0.09247468795518876,1.562656800213834e-08,0.7244901835075128,False
photon_scattering,Photon scattering,0.01,A,"XI,YY",-3.6071351134758026e-10,0.9098131370718201,-0.14102258559994318,1.5981623347005694e-08,0.8194358590411088,False
photon_scattering,Photon scattering,0.01,A,"XI,YZ",9.67578605749806e-10,0.7642955334029601,-0.3779251708021325,2.5944313188987e-08,0.7016444879610753,False
photon_scattering,Photon scattering,0.01,A,"XI,ZI",2.2220925009774322e-10,0.9841672054177661,-0.11524890907503216,1.90638057491256e-08,0.9067513578256281,False
photon_scattering,Photon scattering,0.01,A,"XI,ZX",-4.428148652504336e-11,0.622603432239722,-31.46408690955308,6.071709766196564e-10,0.7082766586006819,False
photon_scattering,Photon scattering,0.01,A,"XI,ZY",-1.7238760060182202e-10,0.5834533782813448,-59.25157848548153,2.2054964785596402e-09,0.6864001672867868,False
photon_scattering,Photon scattering,0.01,A,"XI,ZZ",-2.9952876899592966e-10,0.9320461237357823,-0.10073025757322962,1.5189040691306358e-08,0.8422395330510273,False
photon_scattering,Photon scattering,0.01,A,"XX,XY",1.448389446946751e-09,0.6566663459761031,-0.4934761981761113,3.1178921048151476e-08,0.6283670125185111,False
photon_scattering,Photon scattering,0.01,A,"XX,XZ",-2.617131749727613e-10,0.9750831855360768,-0.18988400238775527,2.0435718419509374e-08,0.8975467680263546,False
photon_scattering,Photon scattering,0.01,A,"XX,YI",5.714687751257021e-10,0.7885062807160171,0.053673633651749486,1.6621301360824396e-08,0.7249463142650785,False
photon_scattering,Photon scattering,0.01,A,"XX,YX",-4.107033863201973e-10,0.9115291145127146,-0.38102020065543796,1.6767229813150482e-08,0.8040447272939104,False
photon_scattering,Photon scattering,0.01,A,"XX,YY",1.7124575342479188e-12,0.5492307474197022,-60.174042552450224,1.9612264803546575e-11,0.669136187088852,False
photon_scattering,Photon scattering,0.01,A,"XX,YZ",-7.947163680817757e-10,0.6808501938294949,-0.9598707507458304,1.6514934625311603e-08,0.6150314192034382,False
photon_scattering,Photon scattering,0.01,A,"XX,ZI",-6.229007965567682e-11,0.623401556178998,-14.024198622832403,9.00697382532081e-10,0.571209676551467,False
photon_scattering,Photon scattering,0.01,A,"XX,ZX",-2.8674184130386258e-11,0.9996993725517385,-0.036753641098915546,1.6534039398865347e-08,0.9861259872733319,False
photon_scattering,Photon scattering,0.01,A,"XX,ZY",3.1019248272375353e-10,0.8640650661444748,-0.13101533952208966,1.1237653666469144e-08,0.7791763356087014,False
photon_scattering,Photon scattering,0.01,A,"XX,ZZ",5.665977286044185e-10,0.9384988414377973,-0.09067260095270102,3.010931236350602e-08,0.8494558170538193,False
photon_scattering,Photon scattering,0.01,A,"XY,XZ",-3.452028163312114e-10,0.8947391535320495,0.10407917512284959,1.3509180459271557e-08,0.7955743844731642,False
photon_scattering,Photon scattering,0.01,A,"XY,YI",-1.465461543503148e-10,0.9806495939832602,-0.030912515207088376,1.3292542179074036e-08,0.9118024814961178,False
photon_scattering,Photon scattering,0.01,A,"XY,YX",3.222271805174601e-11,0.5815798379783392,-4257064200764.953,3.651909170875673e-10,0.823529042745351,False
photon_scattering,Photon scattering,0.01,A,"XY,YY",-9.203355889581451e-10,0.8042731132287921,-0.029799558784580515,2.7943836643896685e-08,0.7365184743422385,False
photon_scattering,Photon scattering,0.01,A,"XY,YZ",1.7383853733274893e-10,0.9735934945329304,-0.041426529207412965,1.36628844792685e-08,0.8982126870228468,False
photon_scattering,Photon scattering,0.01,A,"XY,ZI",-3.8970506528370415e-11,0.5823609021696714,-92622.95062320832,4.431882656813855e-10,0.8212834587783542,False
photon_scattering,Photon scattering,0.01,A,"XY,ZX",-3.238297413955427e-10,0.8618744802165228,-0.13410074333767152,1.1640934625720889e-08,0.7774544729904872,False
photon_scattering,Photon scattering,0.01,A,"XY,ZY",-6.681021641046862e-10,0.6717203538622044,-0.5499638634855164,1.3397057869958103e-08,0.8005227205585622,False
photon_scattering,Photon scattering,0.01,A,"XY,ZZ",9.359290279422347e-10,0.8022602815508241,-0.026414920231329075,2.824916213950666e-08,0.7349502903285529,False
photon_scattering,Photon scattering,0.01,A,"XZ,YI",8.564464947433175e-10,0.7945016488374548,-0.27462369314807633,2.4931835224556883e-08,0.7251878212640357,False
photon_scattering,Photon scattering,0.01,A,"XZ,YX",-5.466094728246807e-10,0.7478196186966294,-0.44126570759145656,1.344765304734229e-08,0.6748223822251517,False
photon_scattering,Photon scattering,0.01,A,"XZ,YY",1.8708005442196627e-10,0.9713634877358494,-0.03966525667022136,1.4149546670736387e-08,0.8942269692306799,False
photon_scattering,Photon scattering,0.01,A,"XZ,YZ",-4.3149400552699335e-11,0.9895410120916561,-0.0731937236170559,3.7189626844036624e-09,1.023205073142388,False
photon_scattering,Photon scattering,0.01,A,"XZ,ZI",-2.9785931763349977e-10,0.9358685390322391,-0.09666234856263256,1.5521870178606866e-08,0.846482768271557,False
photon_scattering,Photon scattering,0.01,A,"XZ,ZX",9.925373018301556e-11,0.6136601546034871,-4.44607157412348,1.6431160800629579e-09,0.5167536541704951,False
photon_scattering,Photon scattering,0.01,A,"XZ,ZY",-5.3057758173769644e-11,0.9906676503336224,-0.015243299181626258,6.50881707922453e-09,1.0326066979778088,False
photon_scattering,Photon scattering,0.01,A,"XZ,ZZ",6.10054970007673e-10,0.6972003967791656,-0.4448908551049986,1.3017367286221237e-08,0.812541213105845,False
photon_scattering,Photon scattering,0.01,A,"YI,YX",-1.0917542978003164e-09,0.7588061957562119,-0.7772692470544573,2.240351265257288e-08,0.7489372783543552,False
photon_scattering,Photon scattering,0.01,A,"YI,YY",-4.1224730630284564e-10,0.8506321472089499,-0.15245573516645083,1.388743977744082e-08,0.7625207739312683,False
photon_scattering,Photon scattering,0.01,A,"YI,YZ",2.2218148766452226e-11,0.5225958948979363,-1.7352936671420758,3.2804164374173465e-10,0.6116215356485186,False
photon_scattering,Photon scattering,0.01,A,"YI,ZI",-3.8554803529077866e-10,0.8674838848896422,-0.13135740747320623,1.3902223106256054e-08,0.7781373339535715,False
photon_scattering,Photon scattering,0.01,A,"YI,ZX",-4.42769855791951e-11,0.6792393827856255,-12.377551194994812,6.514894149902473e-10,0.8523594595823154,False
photon_scattering,Photon scattering,0.01,A,"YI,ZY",1.881273865145133e-11,0.5742628306165033,-5.337612664237246,2.4989232085596014e-10,0.6752244151955027,False
photon_scattering,Photon scattering,0.01,A,"YI,ZZ",1.5803773503947543e-10,0.9679906212019477,-0.008768203437069078,1.0825135156117227e-08,0.8832068272513574,False
photon_scattering,Photon scattering,0.01,A,"YX,YY",7.887641007423786e-10,0.841997138532593,-0.1629342077701228,2.556631906124383e-08,0.7531864954503922,False
photon_scattering,Photon scattering,0.01,A,"YX,YZ",-6.958672809261176e-10,0.6668933019705616,-0.6023327934784597,1.3872547599073172e-08,0.7993541486287324,False
photon_scattering,Photon scattering,0.01,A,"YX,ZI",-7.345232121683957e-11,0.5232828740705624,-15.3107808896726,9.182271826757691e-10,0.6158682452935089,False
photon_scattering,Photon scattering,0.01,A,"YX,ZX",4.1611990400713774e-10,0.8528091975574927,-0.16266657486944114,1.4243498160764571e-08,0.7662821875298078,False
photon_scattering,Photon scattering,0.01,A,"YX,ZY",2.5366521548179967e-10,0.9511544805564103,-0.07390252538811293,1.5007563784140202e-08,0.8647800700338213,False
photon_scattering,Photon scattering,0.01,A,"YX,ZZ",-7.170460327335436e-10,0.8485810216313084,-0.15392161311008223,2.4654543516005213e-08,0.767330177573784,False
photon_scattering,Photon scattering,0.01,A,"YY,YZ",-4.3258413053595075e-10,0.8495228528106785,0.047135608307468546,1.471900693758381e-08,0.7648840673176766,False
photon_scattering,Photon scattering,0.01,A,"YY,ZI",-2.1354462335302368e-10,0.5834134459858197,-46.60452510619717,2.765743969867242e-09,0.6627998521544971,False
photon_scattering,Photon scattering,0.01,A,"YY,ZX",-8.908635520036655e-11,0.9926820922628254,-0.013884588696243982,1.2710790468720544e-08,0.9439302501794233,False
photon_scattering,Photon scattering,0.01,A,"YY,ZY",4.435840338495798e-10,0.8293330604197322,-0.2298405990941561,1.3983968434218862e-08,0.746232817423056,False
photon_scattering,Photon scattering,0.01,A,"YY,ZZ",6.968133182503243e-09,0.12163134103245396,0.9671152570331367,1.1505521609343126e-07,0.09620180951296886,True
photon_scattering,Photon scattering,0.01,A,"YZ,ZI",2.9324152405371973e-10,0.9088527942000512,-0.0611232138629787,1.2463755737645471e-08,0.8117796720498851,False
photon_scattering,Photon scattering,0.01,A,"YZ,ZX",9.697148693898e-12,0.9993719842344081,-0.0027892845891712703,3.744678380203703e-09,0.9948208376211094,False
photon_scattering,Photon scattering,0.01,A,"YZ,ZY",-2.472374281393861e-10,0.8872628987467401,0.1812230795972266,6.949627251494686e-09,1.142302554765775,False
photon_scattering,Photon scattering,0.01,A,"YZ,ZZ",-3.0659974946781493e-10,0.8962500062687803,-0.10986101547870808,1.2415868967101712e-08,0.8024465301428607,False
photon_scattering,Photon scattering,0.01,A,"ZI,ZX",-9.757935104572052e-10,0.7814138508500542,-0.6408628458598198,2.116188639342646e-08,0.7430586229439013,False
photon_scattering,Photon scattering,0.01,A,"ZI,ZY",-2.8973318219417396e-10,0.9073438086707768,-0.06552391840684701,1.2242669856140435e-08,0.8106732040649742,False
photon_scattering,Photon scattering,0.01,A,"ZI,ZZ",1.2787304158909882e-11,0.879150876363513,-0.3984315521947699,3.0337718345981003e-10,0.9157002908849018,False
photon_scattering,Photon scattering,0.01,A,"ZX,ZY",-1.6045322539162937e-11,0.9870589179498073,-0.013051948108529832,1.3533803390789745e-09,1.0948459029637292,False
photon_scattering,Photon scattering,0.01,A,"ZX,ZZ",6.636519760056713e-10,0.675233964609823,-0.5367158381924138,1.341375373225238e-08,0.8020980586783939,False
photon_scattering,Photon scattering,0.01,A,"ZY,ZZ",5.02012761338588e-10,0.8217159500522054,0.11468324669758989,1.5707393631034052e-08,0.74431772800461,False
photon_scattering,Photon scattering,1.0,H,IX,-4.402010947270773e-11,0.9628262881596454,-0.19618981393396262,2.5690118311802954e-09,0.9657299285753126,False
photon_scattering,Photon scattering,1.0,H,IY,-1.2962976662758612e-10,0.8858643825029456,0.2039607093260617,4.0194413312969454e-09,0.7010738439632315,False
photon_scattering,Photon scattering,1.0,H,IZ,-5.805966461041754e-12,0.9813291718086756,-0.5970510074187556,5.159937018065682e-10,0.9549919586947343,False
photon_scattering,Photon scattering,1.0,H,XI,-1.1615235500204606e-09,0.5073537788631616,-1.128468985448503,1.4790660358649093e-08,0.7179652400172402,False
photon_scattering,Photon scattering,1.0,H,XX,1.2918633045210685e-08,0.30477678280024867,0.8420094404411538,2.4414791271805023e-07,0.214010065355544,True
photon_scattering,Photon scattering,1.0,H,XY,5.497397994786075e-10,0.344622079517845,0.7204255446788632,8.43969985793932e-09,0.3467449126965805,False
photon_scattering,Photon scattering,1.0,H,XZ,1.0973015061291188e-10,0.8865795669922303,0.2039454939799067,3.5025508362437353e-09,0.7341320687057628,False
photon_scattering,Photon scattering,1.0,H,YI,-2.377737457867521e-11,0.9979649927895039,-0.38612854191296453,5.374363767189353e-09,0.98230311485513,False
photon_scattering,Photon scattering,1.0,H,YX,-1.0232599487950844e-10,0.9629850847072924,0.03770283998715296,5.054166089402296e-09,1.080983484174822,False
photon_scattering,Photon scattering,1.0,H,YY,3.3061079545384684e-10,0.759466501564458,0.3535111219945313,8.467261423683559e-09,0.5832513212657129,False
photon_scattering,Photon scattering,1.0,H,YZ,-1.0331493375293295e-10,0.7867460417387074,0.3384780615588868,1.9623015552725016e-09,1.1918889359969815,False
photon_scattering,Photon scattering,1.0,H,ZI,-1.4644169023880126e-11,0.3165095946418406,0.7918638669760175,2.3759726402451547e-10,0.34746654161912377,False
photon_scattering,Photon scattering,1.0,H,ZX,1.495646587779661e-10,0.8196022734269324,0.2889739649728592,4.1521411246415285e-09,0.6334224259404171,False
photon_scattering,Photon scattering,1.0,H,ZY,-4.7747647671534485e-11,0.9809615557414707,-0.09524829914470856,3.915972494897067e-09,0.9512278007736216,False
photon_scattering,Photon scattering,1.0,H,ZZ,4.2937159434903485e-18,0.8775475291697378,0.13120560004051762,1.1728700544479974e-16,0.8535655019170507,False
photon_scattering,Photon scattering,1.0,S,IX,6.246790690543502e-06,0.00014980128327503274,0.9999999336292731,9.994165674816218e-05,0.00013441707061576227,True
photon_scattering,Photon scattering,1.0,S,IY,1.6036082944309648e-05,2.4269331107979302e-05,0.9999999982586889,0.0002565801938291469,1.939030089338155e-05,True
photon_scattering,Photon scattering,1.0,S,IZ,2.458805973001137e-05,1.4480649607654722e-05,0.9999999993800723,0.0003934119086052196,9.70321794832672e-06,True
photon_scattering,Photon scattering,1.0,S,XI,6.247978830766351e-06,0.00020671378220857506,0.9999998736038336,9.995623286216006e-05,0.00015877724930579636,True
photon_scattering,Photon scattering,1.0,S,XX,7.964474130561229e-10,0.7338939968101403,-7.8784158927421615,1.3263125465848118e-08,0.7480473072770976,False
photon_scattering,Photon scattering,1.0,S,XY,2.4587342366901875e-05,1.5184424433093703e-05,0.999999999318352,0.0003933990989009569,1.4125931820957698e-05,True
photon_scattering,Photon scattering,1.0,S,XZ,1.6036997381073432e-05,2.4415298579031575e-05,0.9999999982376628,0.0002565917557401882,2.1369450163297875e-05,True
photon_scattering,Photon scattering,1.0,S,YI,1.6037024362202667e-05,2.4542867499877976e-05,0.9999999982191927,0.0002565920799787508,2.192914732363056e-05,True
photon_scattering,Photon scattering,1.0,S,YX,2.458746063341278e-05,1.3274464011827548e-05,0.9999999994790446,0.00039340044192034463,1.1129598599568644e-05,True
photon_scattering,Photon scattering,1.0,S,YY,-1.0431874380492331e-10,0.8349157752925392,-0.46169469314563916,3.1260426199783984e-09,0.86651654313575,False
photon_scattering,Photon scattering,1.0,S,YZ,-1.2850048665364858e-09,0.4324975365576166,0.719960052228623,2.5701145425858357e-08,0.3595724587517417,False
photon_scattering,Photon scattering,1.0,S,ZI,2.4587990087460965e-05,1.5263612837148046e-05,0.9999999993112222,0.00039341094324528593,1.054021785459935e-05,True
photon_scattering,Photon scattering,1.0,S,ZX,1.6036249529478186e-05,2.2809882815071088e-05,0.999999998461794,0.0002565822367546226,1.883840310285304e-05,True
photon_scattering,Photon scattering,1.0,S,ZY,-2.0091561332643765e-09,0.25131975300088577,0.8898625198691836,3.485255819108421e-08,0.22472023005195957,False
photon_scattering,Photon scattering,1.0,S,ZZ,3.1254424606039532e-09,0.28343214654521354,0.8609160541360302,5.841084592300206e-08,0.20306867756133135,False
photon_scattering,Photon scattering,1.0,C,"IX,IY",-1.004817792050279e-10,0.5537095860782331,-35.6702870525822,1.2055890893954433e-09,0.6666135084038769,False
photon_scattering,Photon scattering,1.0,C,"IX,IZ",2.1875571688414625e-10,0.6102296644020777,0.5897308405391146,4.815534794506573e-09,0.4166182204808832,False
photon_scattering,Photon scattering,1.0,C,"IX,XI",4.4101557557253345e-10,0.5807453115506823,-147.0619723973553,5.20705956346854e-09,0.830608591971334,False
photon_scattering,Photon scattering,1.0,C,"IX,XX",-3.36459357538375e-11,0.9951922158786001,-0.7113334683841908,4.174176178290898e-09,0.9677580108584551,False
photon_scattering,Photon scattering,1.0,C,"IX,XY",-6.2436004854872455e-12,0.9997391043989584,-0.234024540286067,3.0943745796659068e-09,1.0161418091436398,False
photon_scattering,Photon scattering,1.0,C,"IX,XZ",-9.350190089147169e-11,0.6745678005779865,0.47644115755478134,1.4295288930964898e-09,0.9639786165093422,False
photon_scattering,Photon scattering,1.0,C,"IX,YI",-5.023967631701784e-12,0.898458501290543,0.10737657300158743,1.520574302420825e-10,1.0111087019942129,False
photon_scattering,Photon scattering,1.0,C,"IX,YX",-3.2488762922758546e-11,0.9948255218995999,-0.00023014998836101697,4.093149506140638e-09,1.0260226722378523,False
photon_scattering,Photon scattering,1.0,C,"IX,YY",2.7328354713933927e-10,0.405097059777417,0.3481516670875009,4.08871269502554e-09,0.48364798517680696,False
photon_scattering,Photon scattering,1.0,C,"IX,YZ",-9.859610884959804e-13,0.9970307357440821,-0.5113629791242753,1.6623820038114819e-10,0.9762759441275138,False
photon_scattering,Photon scattering,1.0,C,"IX,ZI",-9.424886661563639e-11,0.9352542853486364,0.010381202904317655,4.517598545485054e-09,0.8330991730819819,False
photon_scattering,Photon scattering,1.0,C,"IX,ZX",1.8542653580242307e-10,0.7433379718930024,0.08834900854901562,3.968421437729421e-09,0.7638138711705141,False
photon_scattering,Photon scattering,1.0,C,"IX,ZY",8.825654268987653e-14,0.8084535426700075,-2.58672946259809,2.2723985153929594e-12,0.922323006205085,False
photon_scattering,Photon scattering,1.0,C,"IX,ZZ",-6.972348679153261e-11,0.9560490831357442,0.026613483297390106,3.0522273337475556e-09,0.9543130447587432,False
photon_scattering,Photon scattering,1.0,C,"IY,IZ",-5.213555916213964e-10,0.47315778226188193,-3.3942774433772485,6.518191361859131e-09,0.6493892172770047,False
photon_scattering,Photon scattering,1.0,C,"IY,XI",-2.262299753424315e-11,0.7287407014558396,0.2749926396896062,3.2463492599366355e-10,1.0405919812059796,False
photon_scattering,Photon scattering,1.0,C,"IY,XX",1.8605794479936501e-10,0.6848122005419475,0.4188459849705969,4.387254715179033e-09,0.5288063902747201,False
photon_scattering,Photon scattering,1.0,C,"IY,XY",2.2107112851489002e-10,0.6231908402066455,0.5714161670144253,4.918601092297624e-09,0.48323879865516445,False
photon_scattering,Photon scattering,1.0,C,"IY,XZ",-8.374316779615041e-06,5.500802947712669e-05,0.9999999910546564,0.00013398938994284938,5.615584519719605e-05,True
photon_scattering,Photon scattering,1.0,C,"IY,YI",-5.633227663704091e-12,0.5710604789246257,-1681.5723429030609,6.478110278387597e-11,0.7952330522578832,False
photon_scattering,Photon scattering,1.0,C,"IY,YX",-1.0695006183464238e-10,0.7766172721962201,0.3547799222608583,2.3125048519062215e-09,1.013573901190811,False
photon_scattering,Photon scattering,1.0,C,"IY,YY",1.0617099802423626e-09,0.4450252050417617,-2.084324549598961,1.4795487484587332e-08,0.4754517693318729,False
photon_scattering,Photon scattering,1.0,C,"IY,YZ",-1.446317291855226e-10,0.8849941442621634,-0.12467214023435824,4.106534702125064e-09,0.9295602060244721,False
photon_scattering,Photon scattering,1.0,C,"IY,ZI",2.4878084763076794e-10,0.5725895675849605,0.4279004595126249,5.0704297701961e-09,0.43170164486412677,False
photon_scattering,Photon scattering,1.0,C,"IY,ZX",-7.281458252669746e-11,0.5815799731035014,-17760419605622.26,8.25232046243105e-10,0.8235294354886287,False
photon_scattering,Photon scattering,1.0,C,"IY,ZY",-7.387847120582487e-11,0.9295308311036546,0.11144821563996687,2.604968269831081e-09,1.1853597694748341,False
photon_scattering,Photon scattering,1.0,C,"IY,ZZ",3.0086836961189957e-10,0.4824991818601799,0.5666862914097288,5.9029831773452605e-09,0.3434662774421144,False
photon_scattering,Photon scattering,1.0,C,"IZ,XI",3.7361595279928786e-10,0.2791515527004451,0.7878959590861125,5.627403144865493e-09,0.24503546576991916,False
photon_scattering,Photon scattering,1.0,C,"IZ,XX",-5.593159333738249e-10,0.3279828788721436,0.7291685319429217,8.648855656960888e-09,0.3175521561576804,False
photon_scattering,Photon scattering,1.0,C,"IZ,XY",8.968162273684925e-06,5.949980963453815e-05,0.999999989533459,0.00014349146059368677,5.867551859899782e-05,True
photon_scattering,Photon scattering,1.0,C,"IZ,XZ",-2.3054591765906862e-10,0.6391566478446274,0.5618397926449783,5.093947177478375e-09,0.43962194519908787,False
photon_scattering,Photon scattering,1.0,C,"IZ,YI",4.1655555205951676e-10,0.4522303940689562,0.30947029942592363,7.175162929210861e-09,0.47719632158700287,False
photon_scattering,Photon scattering,1.0,C,"IZ,YX",-5.44464042913379e-10,0.555651199401203,0.4340209003046235,1.0876113530338512e-08,0.40125936237401694,False
photon_scattering,Photon scattering,1.0,C,"IZ,YY",-2.36930306133838e-10,0.8489291050146066,0.007305918517081289,5.688060472951571e-09,0.805587754824671,False
photon_scattering,Photon scattering,1.0,C,"IZ,YZ",-1.0774280798697867e-09,0.43243311564004355,-1.9370139761381524,1.4952380380316975e-08,0.4665933721198173,False
photon_scattering,Photon scattering,1.0,C,"IZ,ZI",-5.947362259048915e-11,0.9044607861543252,0.1793207745285761,2.113764997224454e-09,1.0562726913054032,False
photon_scattering,Photon scattering,1.0,C,"IZ,ZX",-1.412974060394169e-10,0.8408655693350695,-0.06186795785624155,3.6111220823468193e-09,0.9217432128754897,False
photon_scattering,Photon scattering,1.0,C,"IZ,ZY",3.773702027538103e-10,0.45219763402255586,0.43619294663371244,6.789236174558232e-09,0.40943020383188805,False
photon_scattering,Photon scattering,1.0,C,"IZ,ZZ",1.9306390912585228e-10,0.8588823693302967,0.16325262888638548,5.48631825035001e-09,0.7973167023764232,False
photon_scattering,Photon scattering,1.0,C,"XI,XX",-2.534336023582413e-10,0.6908079892953615,0.43092376086785167,5.777722638374148e-09,0.569824410008771,False
photon_scattering,Photon scattering,1.0,C,"XI,XY",2.5128227318599466e-10,0.8178254897934211,0.08259695211135398,4.446024124818074e-09,1.0900438245395876,False
photon_scattering,Photon scattering,1.0,C,"XI,XZ",2.4914718314438225e-10,0.5656914001733248,0.47160841171815293,3.341554698067968e-09,0.7353522787979311,False
photon_scattering,Photon scattering,1.0,C,"XI,YI",8.636059513055003e-12,0.9410299010311097,-0.24299606560616605,4.280901109084289e-10,0.95965307633606,False
photon_scattering,Photon scattering,1.0,C,"XI,YX",-4.03139749165804e-11,0.9853185079892642,-0.04556205212741404,2.7154263634201494e-09,1.0453641462006829,False
photon_scattering,Photon scattering,1.0,C,"XI,YY",-7.57042175730527e-11,0.9434294801886125,0.046558437213716,2.748579020049267e-09,1.1101721537140974,False
photon_scattering,Photon scattering,1.0,C,"XI,YZ",8.357407801953765e-12,0.58431425063462,-10654.92096307514,9.58756014968847e-11,0.825661426442778,False
photon_scattering,Photon scattering,1.0,C,"XI,ZI",-3.604943425043008e-11,0.9949684071478143,-0.14370309034589268,4.854570124048056e-09,1.0297035027442303,False
photon_scattering,Photon scattering,1.0,C,"XI,ZX",3.0404957820579156e-12,0.9999313353885769,-0.0015869901722271873,3.679139047122479e-09,0.9933886798120644,False
photon_scattering,Photon scattering,1.0,C,"XI,ZY",-7.472126739484122e-12,0.7212793405665923,0.43742887906144623,1.8434808726836472e-10,0.5448638478089168,False
photon_scattering,Photon scattering,1.0,C,"XI,ZZ",2.2076010776784908e-10,0.44998744611459157,0.5279445919469328,3.2934024297539995e-09,0.4486316580356694,False
photon_scattering,Photon scattering,1.0,C,"XX,XY",7.075068335142007e-11,0.2584853615624546,0.6103375069278074,9.725898936484288e-10,0.2497127007342189,False
photon_scattering,Photon scattering,1.0,C,"XX,XZ",1.2030221377478236e-10,0.9053501356739745,0.155437600286088,3.815273208374009e-09,0.7859294158261104,False
photon_scattering,Photon scattering,1.0,C,"XX,YI",1.6819194270553195e-10,0.7766250759479035,0.3303097311206843,4.379204409408334e-09,0.6018264704622189,False
photon_scattering,Photon scattering,1.0,C,"XX,YX",3.8643166138940525e-12,0.9789837813703486,-0.534107997104349,3.297501677494289e-10,0.9531243105619224,False
photon_scattering,Photon scattering,1.0,C,"XX,YY",-2.256641796360087e-10,0.5430949950808464,-0.12370249188735793,3.1869341432725152e-09,0.7167632972744337,False
photon_scattering,Photon scattering,1.0,C,"XX,YZ",-1.4689034070302627e-10,0.8121608186120386,0.30393104648034275,4.075376885983214e-09,0.6338537060994911,False
photon_scattering,Photon scattering,1.0,C,"XX,ZI",9.108720884518585e-11,0.9717556742255272,0.03611725541971944,5.2935619875054686e-09,1.068828670796852,False
photon_scattering,Photon scattering,1.0,C,"XX,ZX",1.2768352380135817e-11,0.9994017104683734,-0.313205457512979,5.1350282454092635e-09,0.9900539184830769,False
photon_scattering,Photon scattering,1.0,C,"XX,ZY",-2.0686687712879084e-10,0.6503293468671836,0.4317495574451897,4.6540154602435365e-09,0.4894834653840101,False
photon_scattering,Photon scattering,1.0,C,"XX,ZZ",5.544390285013699e-13,0.9997089662738761,-0.03535115479051609,3.099432895748704e-10,1.0143107219197902,False
photon_scattering,Photon scattering,1.0,C,"XY,XZ",-5.112274732966303e-10,0.5514647649720404,-6.150832100961615,6.2938510547619916e-09,0.8375470061656988,False
photon_scattering,Photon scattering,1.0,C,"XY,YI",1.431790449173962e-10,0.837977067097925,-0.06458566246468611,3.630126240410947e-09,0.9211162172138743,False
photon_scattering,Photon scattering,1.0,C,"XY,YX",-8.57431808695541e-11,0.9209401204157662,-1.1217425060515636,3.75713672038928e-09,0.9543571675716555,False
photon_scattering,Photon scattering,1.0,C,"XY,YY",-3.233719019100492e-11,0.8769594329319602,-2.9009765087793284,8.425515907462685e-10,0.8465444988555035,False
photon_scattering,Photon scattering,1.0,C,"XY,YZ",-1.305373450370691e-10,0.8803507825064649,-0.04251851405829821,4.776881724627448e-09,0.7813848404676592,False
photon_scattering,Photon scattering,1.0,C,"XY,ZI",-4.689626868914534e-10,0.6175608948357355,0.4204286064734801,1.0020431455721952e-08,0.4606401988912061,False
photon_scattering,Photon scattering,1.0,C,"XY,ZX",1.487343648979404e-10,0.8228978828774625,0.28175736824941156,4.139835795696062e-09,0.643668937429612,False
photon_scattering,Photon scattering,1.0,C,"XY,ZY",-1.2033609002489356e-10,0.8819076595287657,-0.0008681049918346506,4.3453461613876744e-09,0.7784552290094844,False
photon_scattering,Photon scattering,1.0,C,"XY,ZZ",-7.585195331691943e-11,0.20388198128489174,0.8359219308764259,1.0738716449238546e-09,0.23130940702025832,False
photon_scattering,Photon scattering,1.0,C,"XZ,YI",9.125636759124849e-12,0.581579483453728,-48515766558.85209,1.0342412394330754e-10,0.8235228205218199,False
photon_scattering,Photon scattering,1.0,C,"XZ,YX",2.7992745540072767e-10,0.5284874717228898,0.4245278864237457,5.423444469300993e-09,0.39626754798646147,False
photon_scattering,Photon scattering,1.0,C,"XZ,YY",5.868478060958047e-12,0.9997112495006548,-0.007345093717187279,3.408475933377324e-09,0.9862261534464919,False
photon_scattering,Photon scattering,1.0,C,"XZ,YZ",6.324372323395862e-11,0.7240822698692407,-6.356359244496437,1.0272435275119243e-09,0.7461949382339982,False
photon_scattering,Photon scattering,1.0,C,"XZ,ZI",1.1192054865139528e-10,0.7578531888284316,0.3738887916436118,2.371027105073635e-09,0.9742427891513223,False
photon_scattering,Photon scattering,1.0,C,"XZ,ZX",-1.0886463260443906e-11,0.5761660528108827,-6445.525377881195,1.2431828355418533e-10,0.8087789950050362,False
photon_scattering,Photon scattering,1.0,C,"XZ,ZY",-2.8699825435600213e-11,0.37447523555265777,0.7740861967113608,5.586773263815184e-10,0.24271022552866736,False
photon_scattering,Photon scattering,1.0,C,"XZ,ZZ",-2.1374295045323718e-11,0.9965128873011369,0.006764755428983582,3.897492775201103e-09,0.9561270872775982,False
photon_scattering,Photon scattering,1.0,C,"YI,YX",-2.3734761429714845e-10,0.7249749067233251,0.39125055692162025,5.545160096755495e-09,0.6175362246848253,False
photon_scattering,Photon scattering,1.0,C,"YI,YY",1.173931909509712e-09,0.4305069941046583,-1.9915476907613594,1.6319672691557536e-08,0.45122518997973854,False
photon_scattering,Photon scattering,1.0,C,"YI,YZ",-1.1651445850951952e-10,0.8848449491041417,0.2100441845093035,3.6884474874049597e-09,1.0631780492510112,False
photon_scattering,Photon scattering,1.0,C,"YI,ZI",-1.365998148247539e-10,0.9008673940113072,0.18788841114873756,3.921210508787011e-09,1.0696722680502095,False
photon_scattering,Photon scattering,1.0,C,"YI,ZX",-8.373406901637228e-06,0.00011231546952864196,0.9999999627151678,0.00013398126721152754,9.856565486469377e-05,True
photon_scattering,Photon scattering,1.0,C,"YI,ZY",-2.4773665207470994e-10,0.33868873585551934,0.42656627147308246,3.1743068353702217e-09,0.37564535522712633,False
photon_scattering,Photon scattering,1.0,C,"YI,ZZ",2.605175834482803e-10,0.5412234405028682,0.4618009145112377,5.194010656176282e-09,0.3941751260899436,False
photon_scattering,Photon scattering,1.0,C,"YX,YY",-3.704177071122126e-11,0.2534259628786784,0.8029587588349353,6.131582474879179e-10,0.24523817482896088,False
photon_scattering,Photon scattering,1.0,C,"YX,YZ",3.8660226276195883e-10,0.2889433922124838,0.7518107571376265,5.554466858605829e-09,0.2976014354246444,False
photon_scattering,Photon scattering,1.0,C,"YX,ZI",8.967276420054315e-06,2.3282205699030903e-05,0.9999999983973913,0.0001434772774159278,1.891098891033202e-05,True
photon_scattering,Photon scattering,1.0,C,"YX,ZX",-1.8573568834965705e-11,0.9985089790361401,-0.23424259979075712,4.9305687089837144e-09,1.0075340472595478,False
photon_scattering,Photon scattering,1.0,C,"YX,ZY",3.5839562426435176e-10,0.27571470370280593,0.8114793547442378,5.413777186315307e-09,0.2511174252039406,False
photon_scattering,Photon scattering,1.0,C,"YX,ZZ",-6.800051153215217e-11,0.6956560215575491,-7.544307905847353,1.0900672768388784e-09,0.7504722397342334,False
photon_scattering,Photon scattering,1.0,C,"YY,YZ",-5.854324107240355e-10,0.3546352232523662,-0.36434275445607245,7.562567097983445e-09,0.33085677084392257,False
photon_scattering,Photon scattering,1.0,C,"YY,ZI",4.4772466540256097e-10,0.4191452306476897,0.6931559895978332,7.3828812391743424e-09,0.4824818188563018,False
photon_scattering,Photon scattering,1.0,C,"YY,ZX",-3.7337194055660185e-10,0.26537519364858303,0.7920057811687622,5.5358834757604515e-09,0.22797575157662303,False
photon_scattering,Photon scattering,1.0,C,"YY,ZY",-2.1806688959988724e-10,0.6784553924473957,0.4532517360774615,4.579342623578223e-09,0.5176423510920822,False
photon_scattering,Photon scattering,1.0,C,"YY,ZZ",1.3981608488138635e-09,0.28756612064520154,0.8618523012890769,2.6083418402220097e-08,0.18313786354306233,False
photon_scattering,Photon scattering,1.0,C,"YZ,ZI",2.967815176913615e-10,0.48660565680118995,0.539735180650512,5.770344868926714e-09,0.34457346866887284,False
photon_scattering,Photon scattering,1.0,C,"YZ,ZX",-7.657832566202314e-11,0.5076982921589868,-2.4556362461709402,1.0406438333718609e-09,0.5157986485858149,False
photon_scattering,Photon scattering,1.0,C,"YZ,ZY",1.3702690967275167e-09,0.304553666600269,0.8498108896554992,2.577054284245198e-08,0.18884363577840838,False
photon_scattering,Photon scattering,1.0,C,"YZ,ZZ",-2.0398765823295532e-10,0.7096756492063887,0.39674369731313086,4.235808440369727e-09,0.5350934031891362,False
photon_scattering,Photon scattering,1.0,C,"ZI,ZX",5.544889291575892e-11,0.9861600171812941,-0.055404386162293706,4.544885259189137e-09,1.0488011377657105,False
photon_scattering,Photon scattering,1.0,C,"ZI,ZY",-1.1248515440626293e-09,0.44316432224581737,-2.24985644988443,1.559879583862004e-08,0.47095666801645586,False
photon_scattering,Photon scattering,1.0,C,"ZI,ZZ",-4.931649546641092e-10,0.5141656428927189,0.40118335507627956,7.82839106357264e-09,0.4877479666279844,False
photon_scattering,Photon scattering,1.0,C,"ZX,ZY",7.847182150491464e-12,0.8851153845311637,-0.739437868994913,2.787420006945714e-10,0.9436957320322176,False
photon_scattering,Photon scattering,1.0,C,"ZX,ZZ",4.022162473174778e-10,0.23422573028562593,0.8220545464106266,6.042563398943308e-09,0.17258461491177204,False
photon_scattering,Photon scattering,1.0,C,"ZY,ZZ",-5.614099133114758e-10,0.42154168232682887,-2.4639521082425295,7.040055666714738e-09,0.4835923295269114,False
photon_scattering,Photon scattering,1.0,A,"IX,IY",-2.993421006547323e-10,0.5254328072186872,0.45328485264936413,4.0602653141891475e-09,0.5510754528339584,False
photon_scattering,Photon scattering,1.0,A,"IX,IZ",3.8018394482990754e-10,0.6806028061764732,0.01706741284675406,5.521563667212802e-09,0.8412959740573536,False
photon_scattering,Photon scattering,1.0,A,"IX,XI",-7.632836428274435e-10,0.5939623236171996,-0.7803407343919952,1.1202289212121759e-08,0.7274544056579041,False
photon_scattering,Photon scattering,1.0,A,"IX,XX",-1.0669650598881985e-09,0.5259641099573434,-0.8379848407047441,1.3773714134938234e-08,0.7476506947367928,False
photon_scattering,Photon scattering,1.0,A,"IX,XY",-3.792519772044343e-10,0.3043764909106458,0.7584181845101385,5.590692757485378e-09,0.27651062070131427,False
photon_scattering,Photon scattering,1.0,A,"IX,XZ",1.5741528356889998e-11,0.7277355335110192,-4.406984833454414,2.876189575470423e-10,0.7810780138953066,False
photon_scattering,Photon scattering,1.0,A,"IX,YI",3.540579458294717e-11,0.9921354215506246,-0.004447428266197484,3.5593956711959194e-09,1.0795770919641563,False
photon_scattering,Photon scattering,1.0,A,"IX,YX",1.5388354961381888e-10,0.8929279616709634,0.2007936782385178,4.906644002887796e-09,0.81931445431225,False
photon_scattering,Photon scattering,1.0,A,"IX,YY",-1.9409840406843556e-10,0.6799913201543424,0.4129008786175399,4.5093375674100774e-09,0.5146197041553668,False
photon_scattering,Photon scattering,1.0,A,"IX,YZ",-1.6604281713276987e-10,0.6068868891484467,-30.595968779117097,2.114029589044402e-09,0.8429134407642557,False
photon_scattering,Photon scattering,1.0,A,"IX,ZI",1.4077868725856436e-10,0.922711396076953,-1.1930290092660703,4.500928173612031e-09,0.8581054365935471,False
photon_scattering,Photon scattering,1.0,A,"IX,ZX",-6.539462546011748e-11,0.5777526557511035,-3.8976094513250503,9.898760125585601e-10,0.5012951958767091,False
photon_scattering,Photon scattering,1.0,A,"IX,ZY",-1.8948656836890988e-10,0.8647804883385222,0.1600134386794061,4.207944925535634e-09,1.180122669590111,False
photon_scattering,Photon scattering,1.0,A,"IX,ZZ",-1.871692735966592e-10,0.7143758388380494,0.39215587694415766,4.531895204809323e-09,0.5403711975195606,False
photon_scattering,Photon scattering,1.0,A,"IY,IZ",3.813585298546942e-10,0.6439697229606433,-1.3846355154797734,7.296334045911625e-09,0.5818628615904649,False
photon_scattering,Photon scattering,1.0,A,"IY,XI",-8.655559972848358e-11,0.6240918088465268,0.5484966701369434,1.432853880822278e-09,0.8349249590846951,False
photon_scattering,Photon scattering,1.0,A,"IY,XX",3.961825539853588e-10,0.22346850367675403,0.8239030911705705,5.853866651427613e-09,0.18896530587173474,False
photon_scattering,Photon scattering,1.0,A,"IY,XY",-2.2932109863615573e-10,0.8905599575485942,0.17528606794112966,6.816127995147569e-09,1.1345755823830834,False
photon_scattering,Photon scattering,1.0,A,"IY,XZ",3.525605757959316e-11,0.770110354432256,-1.4252037883081021,6.876066591984846e-10,0.79490566527852,False
photon_scattering,Photon scattering,1.0,A,"IY,YI",-9.889106996424803e-11,0.4783702387425555,-2.4205572241581574,1.3253560750493095e-09,0.694862830044983,False
photon_scattering,Photon scattering,1.0,A,"IY,YX",3.063524617855666e-10,0.5290172439534359,0.43544307414038064,5.926174261814258e-09,0.40425456541851384,False
photon_scattering,Photon scattering,1.0,A,"IY,YY",8.117543248135697e-12,0.9994137401218156,-0.0005389906368151731,3.4263819002278635e-09,0.9810469621086993,False
photon_scattering,Photon scattering,1.0,A,"IY,YZ",-5.3751269756428634e-11,0.7359612493223369,-8.500397418611415,9.841862094734848e-10,0.8907701220784546,False
photon_scattering,Photon scattering,1.0,A,"IY,ZI",-1.0678470511648439e-10,0.8946875550761895,-0.008042556568840675,3.2199777549093893e-09,0.9336736379910243,False
photon_scattering,Photon scattering,1.0,A,"IY,ZX",3.114602204512178e-10,0.7162778757660128,0.18415694460107146,5.316559224331993e-09,0.7842932226898405,False
photon_scattering,Photon scattering,1.0,A,"IY,ZY",-5.838611185466241e-11,0.7839118478987411,-4.371725256234669,1.2867891218430189e-09,0.9092530223273287,False
photon_scattering,Photon scattering,1.0,A,"IY,ZZ",-1.3983980799224241e-10,0.8525508295396108,-0.033613610573827835,4.6033736233412484e-09,0.756978564966894,False
photon_scattering,Photon scattering,1.0,A,"IZ,XI",1.582166126495578e-11,0.9982886338631352,-0.15107516876998406,3.0127014806207e-09,1.0320628282068447,False
photon_scattering,Photon scattering,1.0,A,"IZ,XX",-3.635436132328319e-11,0.21327893888096003,0.8269023976748414,5.865590709849935e-10,0.23932897735118455,False
photon_scattering,Photon scattering,1.0,A,"IZ,XY",9.199712945647876e-11,0.6462858156361568,-7.249760520088364,1.3317492380909983e-09,0.7582656498609883,False
photon_scattering,Photon scattering,1.0,A,"IZ,XZ",-8.349083843635218e-11,0.98542324443355,0.02074650100601394,8.168534750542953e-09,1.0408841198506513,False
photon_scattering,Photon scattering,1.0,A,"IZ,YI",-1.4806771997106053e-10,0.6223800494295513,0.4864914218386175,2.7806947200188227e-09,0.7353833003127318,False
photon_scattering,Photon scattering,1.0,A,"IZ,YX",3.604463128631673e-11,0.5799300745701791,-71127.53721796261,4.0944672654417876e-10,0.8189464877775865,False
photon_scattering,Photon scattering,1.0,A,"IZ,YY",-3.550471938698182e-11,0.6352859433941058,-5.832753964354942,5.868718999050668e-10,0.5160140481392943,False
photon_scattering,Photon scattering,1.0,A,"IZ,YZ",1.1130989060124198e-10,0.9081659724703117,0.0175106825166661,4.5639285864355324e-09,0.8048875857837627,False
photon_scattering,Photon scattering,1.0,A,"IZ,ZI",-4.764292393846819e-11,0.5815801842876465,-4139772729196.872,5.399533946384347e-10,0.8235294419952274,False
photon_scattering,Photon scattering,1.0,A,"IZ,ZX",2.245280610417972e-10,0.6154319945409115,0.41756027238444304,4.79556467729485e-09,0.4733030560750505,False
photon_scattering,Photon scattering,1.0,A,"IZ,ZY",-3.9647769946770655e-11,0.9888665493697762,-0.0561833875145874,3.2688882142230548e-09,1.0672817609344454,False
photon_scattering,Photon scattering,1.0,A,"IZ,ZZ",5.022574757340306e-11,0.6927098735958744,-13.974897560529017,7.922329841998169e-10,0.8732046037589994,False
photon_scattering,Photon scattering,1.0,A,"XI,XX",5.0191701622390115e-11,0.9551171587940731,0.058241498501919176,2.099183308725267e-09,1.0287419902838928,False
photon_scattering,Photon scattering,1.0,A,"XI,XY",-1.4270435568724272e-10,0.8446582538495557,0.2847214485712922,3.855163507707138e-09,0.6941748714708674,False
photon_scattering,Photon scattering,1.0,A,"XI,XZ",7.250688523893485e-11,0.5326853676476397,-6.6224148904902185,9.291715421784757e-10,0.6878643740253176,False
photon_scattering,Photon scattering,1.0,A,"XI,YI",-2.1356178839117992e-10,0.6612487805646294,0.09293574672398242,4.188718196283739e-09,0.626430982309033,False
photon_scattering,Photon scattering,1.0,A,"XI,YX",3.3912762644362977e-11,0.9893205419154217,0.013897527905614826,3.517862622624102e-09,0.9228787106664985,False
photon_scattering,Photon scattering,1.0,A,"XI,YY",-1.5968280270258797e-10,0.7812878658358958,0.3348995839095462,4.2203213273151406e-09,0.6019891715899005,False
photon_scattering,Photon scattering,1.0,A,"XI,YZ",2.2728121638197287e-10,0.8139182666482888,0.1957764729362117,4.271716490659158e-09,1.1518908495100026,False
photon_scattering,Photon scattering,1.0,A,"XI,ZI",-1.2482569929880354e-10,0.9360874310926647,-0.05591192930025146,5.184715408143822e-09,0.9518485820445476,False
photon_scattering,Photon scattering,1.0,A,"XI,ZX",2.7188056732460052e-11,0.693336137803568,-4.258730445627662,4.596662801201815e-10,0.7634104748744969,False
photon_scattering,Photon scattering,1.0,A,"XI,ZY",1.3953763557389768e-10,0.5671780407232802,-17.069477922500244,1.8977193358522653e-09,0.5629625331613693,False
photon_scattering,Photon scattering,1.0,A,"XI,ZZ",-1.201911790763767e-10,0.861855429081522,0.24412834709562325,3.671665290996324e-09,0.6991400925315879,False
photon_scattering,Photon scattering,1.0,A,"XX,XY",6.865013329751791e-10,0.4865642344389742,0.7077925154875795,1.2981980494141072e-08,0.4620595623335233,False
photon_scattering,Photon scattering,1.0,A,"XX,XZ",-5.67994758746218e-10,0.5787256960432047,-0.19909656915819518,7.588195765454037e-09,0.7924759376966513,False
photon_scattering,Photon scattering,1.0,A,"XX,YI",1.7570846127230656e-10,0.826672385037283,-0.06953648240558508,5.497380629472746e-09,0.744302280500219,False
photon_scattering,Photon scattering,1.0,A,"XX,YX",-3.527823691516388e-11,0.9982679982103223,-0.18612639094728234,9.599754584843554e-09,1.0146996411641032,False
photon_scattering,Photon scattering,1.0,A,"XX,YY",5.0901769221017976e-15,0.7434393258643511,-4.877797192485031,1.0405667768333671e-13,0.902165299999446,False
photon_scattering,Photon scattering,1.0,A,"XX,YZ",7.100684413886593e-11,0.9594329495743005,-0.19946461696984286,4.411383920959751e-09,0.9356149041560476,False
photon_scattering,Photon scattering,1.0,A,"XX,ZI",-4.500574447489222e-11,0.4809620450090475,-0.8192133139879447,6.452833119101851e-10,0.69394623631237,False
photon_scattering,Photon scattering,1.0,A,"XX,ZX",-9.50170962923646e-11,0.961009167230113,-0.08857892936236889,5.783996332435331e-09,0.9342896566102364,False
photon_scattering,Photon scattering,1.0,A,"XX,ZY",1.265840858845164e-10,0.6633800450904564,0.44013260769157936,2.426034947922565e-09,0.7981714654235892,False
photon_scattering,Photon scattering,1.0,A,"XX,ZZ",3.3060836157359504e-10,0.759469286367837,0.3535091796765436,8.467235139024859e-09,0.5832539313056023,False
photon_scattering,Photon scattering,1.0,A,"XY,XZ",2.652696140813973e-10,0.752155752906021,-1.1085956623942792,5.225233145313939e-09,0.796931844605407,False
photon_scattering,Photon scattering,1.0,A,"XY,YI",-2.6521156722204933e-10,0.5478100324009725,0.4284879690018156,5.256664359562963e-09,0.4059844177599821,False
photon_scattering,Photon scattering,1.0,A,"XY,YX",-4.058623458884398e-11,0.5815799503092448,-3137354029078.753,4.599774456455916e-10,0.8235294579199203,False
photon_scattering,Photon scattering,1.0,A,"XY,YY",-9.407304046722713e-11,0.960712796692464,0.07607208139838095,4.620302313980194e-09,1.0814431905744168,False
photon_scattering,Photon scattering,1.0,A,"XY,YZ",1.980827228528814e-10,0.6886636654785384,0.34104521469865245,4.464910593324098e-09,0.5392990298469695,False
photon_scattering,Photon scattering,1.0,A,"XY,ZI",4.492797170427409e-11,0.5828993337795253,-112176.10521604645,5.103791099533016e-10,0.8237595009779892,False
photon_scattering,Photon scattering,1.0,A,"XY,ZX",-7.349830627940306e-11,0.8941644394047538,0.200321446423943,2.295213873911213e-09,1.1280896863073706,False
photon_scattering,Photon scattering,1.0,A,"XY,ZY",-1.080598491695766e-09,0.40236458371955525,-1.051812749625861,1.5281810013946073e-08,0.4268911805688668,False
photon_scattering,Photon scattering,1.0,A,"XY,ZZ",2.58854013259071e-10,0.8240404567841461,-0.02088581003145773,5.613133722679688e-09,0.7696962607901805,False
photon_scattering,Photon scattering,1.0,A,"XZ,YI",3.1560268000283053e-10,0.7119908417071105,0.18314129908136267,5.366012340861318e-09,0.7774822439406452,False
photon_scattering,Photon scattering,1.0,A,"XZ,YX",-2.5070660831614394e-10,0.7100907739316745,-0.40783627315343507,4.848771372966584e-09,0.8965896351748356,False
photon_scattering,Photon scattering,1.0,A,"XZ,YY",2.7071511326301923e-10,0.5247049492742049,0.4542852315874887,5.268845253168208e-09,0.38223965020296685,False
photon_scattering,Photon scattering,1.0,A,"XZ,YZ",2.5901470439114503e-11,0.9928751307391166,0.0032366283323541634,3.36127206484223e-09,1.0616468287944558,False
photon_scattering,Photon scattering,1.0,A,"XZ,ZI",-2.0318067024636249e-10,0.7019408851160015,0.3793175991873009,4.7569141722462714e-09,0.5220140093354858,False
photon_scattering,Photon scattering,1.0,A,"XZ,ZX",-2.4636649252539413e-11,0.8806129368188091,-1.4710220408791286,8.098934189719116e-10,0.8783215239169941,False
photon_scattering,Photon scattering,1.0,A,"XZ,ZY",1.601638588345569e-10,0.8821276663834651,-0.14786449089637377,4.495614731555583e-09,0.9287466260352178,False
photon_scattering,Photon scattering,1.0,A,"XZ,ZZ",1.1240761716866095e-09,0.4231085239373002,-1.5478929745583785,1.5795842684015693e-08,0.4441467056721875,False
photon_scattering,Photon scattering,1.0,A,"YI,YX",8.195879004873191e-10,0.5496529758054969,-12.193991514355703,1.0683786896107629e-08,0.5663926534005397,False
photon_scattering,Photon scattering,1.0,A,"YI,YY",-3.559212892162866e-10,0.2824761029310616,0.8080223514686604,5.420724623192722e-09,0.26891356357576474,False
photon_scattering,Photon scattering,1.0,A,"YI,YZ",-7.464486563642069e-12,0.8230963276185951,-0.7667779078513091,1.7659001596729803e-10,0.9154596988651456,False
photon_scattering,Photon scattering,1.0,A,"YI,ZI",-1.5034484253982984e-10,0.7756276039964726,0.3893389365881659,3.127906324242481e-09,0.8951618635949937,False
photon_scattering,Photon scattering,1.0,A,"YI,ZX",1.1105395662020368e-10,0.6644311736490666,-16.20667500103768,1.6457771110256562e-09,0.865043746353971,False
photon_scattering,Photon scattering,1.0,A,"YI,ZY",1.5442884490752526e-11,0.7819842738291456,-5.082025237538398,3.331660537581564e-10,0.9072961706839291,False
photon_scattering,Photon scattering,1.0,A,"YI,ZZ",2.815079270339935e-10,0.4098366775580962,0.7132917851033642,4.395456576283943e-09,0.43714954999421723,False
photon_scattering,Photon scattering,1.0,A,"YX,YY",6.014389927339199e-10,0.46536842890414687,0.32860990577930593,8.958253228781013e-09,0.5138468314186798,False
photon_scattering,Photon scattering,1.0,A,"YX,YZ",-1.0317510519585548e-09,0.42517066385160185,-1.496467615562842,1.447667594530856e-08,0.45986391517034875,False
photon_scattering,Photon scattering,1.0,A,"YX,ZI",-1.519261076618657e-10,0.6411301113912738,-28.87531680451465,2.093916723782382e-09,0.8548881090290626,False
photon_scattering,Photon scattering,1.0,A,"YX,ZX",4.5854331702639236e-10,0.3007252052612003,0.5630416861199921,6.5528126482965885e-09,0.31612644466933126,False
photon_scattering,Photon scattering,1.0,A,"YX,ZY",2.745713975758942e-10,0.5560783676192997,0.46875090075612613,5.583433714138686e-09,0.40612991416843347,False
photon_scattering,Photon scattering,1.0,A,"YX,ZZ",-4.172950175404854e-10,0.47498239185547636,0.651484866777684,6.938619904828723e-09,0.5620542083360642,False
photon_scattering,Photon scattering,1.0,A,"YY,YZ",-2.5244059076250484e-12,0.9999413941687917,-0.0025089442489398817,3.207859352167131e-09,0.9937044474074722,False
photon_scattering,Photon scattering,1.0,A,"YY,ZI",-3.5443646693562484e-12,0.9852240165760185,-0.14706678218622637,2.8820686301609227e-10,1.0491919537552212,False
photon_scattering,Photon scattering,1.0,A,"YY,ZX",-2.806355334566662e-10,0.5528928623262851,0.38929768992442004,5.486880463334582e-09,0.42401196652997397,False
photon_scattering,Photon scattering,1.0,A,"YY,ZY",3.6535248498407e-10,0.3039871425220362,0.8231266282646507,5.5775041842100795e-09,0.24703891074180054,False
photon_scattering,Photon scattering,1.0,A,"YY,ZZ",4.2168672550457534e-09,0.20723142857079122,0.9160293566100322,7.556578776562572e-08,0.15333040293545103,False
photon_scattering,Photon scattering,1.0,A,"YZ,ZI",4.1385866554962063e-10,0.23082582024046389,0.8131787732770638,6.141665449854351e-09,0.18195415181867183,False
photon_scattering,Photon scattering,1.0,A,"YZ,ZX",-2.1045574906002882e-10,0.27790099284050085,0.6541499487542011,2.8371073646327956e-09,0.2665360823698952,False
photon_scattering,Photon scattering,1.0,A,"YZ,ZY",4.19609395618048e-10,0.7301544463363487,-2.0356088370543666,7.976359031182747e-09,0.7584842947943214,False
photon_scattering,Photon scattering,1.0,A,"YZ,ZZ",-3.6358996137637804e-10,0.33884239641296904,0.6153215427281518,5.353588648990228e-09,0.3009546748531761,False
photon_scattering,Photon scattering,1.0,A,"ZI,ZX",7.288311897115765e-10,0.5465763584899889,-7.055892268832952,9.794086030743024e-09,0.5587847191340367,False
photon_scattering,Photon scattering,1.0,A,"ZI,ZY",-2.991781371980856e-10,0.32838156168398464,0.7822449751974103,4.660839337610551e-09,0.34296217447181,False
photon_scattering,Photon scattering,1.0,A,"ZI,ZZ",-2.3372050385810457e-11,0.6290776168662434,0.5476903419102417,3.912704129422345e-10,0.6621714735132176,False
photon_scattering,Photon scattering,1.0,A,"ZX,ZY",1.4376656010583902e-10,0.8061308234044925,0.3070542573122096,3.153887911221448e-09,1.0911678310407427,False
photon_scattering,Photon scattering,1.0,A,"ZX,ZZ",1.0620364516123616e-09,0.40893346788576734,-1.1754523968216843,1.4984538749369188e-08,0.4362468072414215,False
photon_scattering,Photon scattering,1.0,A,"ZY,ZZ",5.254385039963232e-11,0.97512479682142,0.018288362240137856,3.800010661892402e-09,0.8893816779483129,False
photon_scattering,Photon scattering,2.0,H,IX,-5.383241861533342e-10,0.6944505204232364,-0.7533459288961664,9.24938440241709e-09,0.7671956693625331,False
photon_scattering,Photon scattering,2.0,H,IY,-3.2427055333549935e-10,0.7661771261527253,-2.1207032827479906,7.430975412202641e-09,0.8254492658915252,False
photon_scattering,Photon scattering,2.0,H,IZ,9.273074107172718e-11,0.6809448045523192,-0.7888007188549622,1.6317438811664995e-09,0.8863415488888662,False
photon_scattering,Photon scattering,2.0,H,XI,5.795207464354744e-10,0.5451813184387603,-14.253191520003528,7.654684883417203e-09,0.5228502295571822,False
photon_scattering,Photon scattering,2.0,H,XX,1.3910068360734531e-08,0.25633531201633547,0.8819382701005191,2.548463216593477e-07,0.1900111066415487,True
photon_scattering,Photon scattering,2.0,H,XY,5.701968587223531e-10,0.8549812319276914,-1.7725392349385656,1.520166566284611e-08,0.9249823182053066,False
photon_scattering,Photon scattering,2.0,H,XZ,1.879528913352302e-10,0.9361804169454755,-1.6800057280580472,6.738436105311891e-09,0.8884293694276822,False
photon_scattering,Photon scattering,2.0,H,YI,-6.745950658312011e-10,0.37264353075590617,0.6965543399713798,1.2550851463624549e-08,0.3505247790961334,False
photon_scattering,Photon scattering,2.0,H,YX,-1.0439654212756903e-09,0.6266123557633251,-10.961068370107823,1.388143338091324e-08,0.8495882388181717,False
photon_scattering,Photon scattering,2.0,H,YY,3.312627585419221e-10,0.9511546506209921,-1.3625076003865013,1.4814541326189327e-08,0.9105574040402286,False
photon_scattering,Photon scattering,2.0,H,YZ,-1.5266556279994048e-10,0.97139018789661,-0.4277263889667111,8.975669155978779e-09,0.8639294206175159,False
photon_scattering,Photon scattering,2.0,H,ZI,-7.26694408619348e-11,0.6448224526877351,-1.0822293024115823,1.2085844218165705e-09,0.8797445349283776,False
photon_scattering,Photon scattering,2.0,H,ZX,1.5526562255205576e-10,0.9547367405518072,-1.247632784641823,7.483248216100175e-09,0.9170062956254732,False
photon_scattering,Photon scattering,2.0,H,ZY,7.504619983300016e-10,0.4891186623349943,-3.268818712543035,9.717587373155123e-09,0.6535621095516106,False
photon_scattering,Photon scattering,2.0,H,ZZ,-6.904029943164284e-17,0.8008213656888207,0.27011070928011216,1.5938433396717598e-15,0.7665683676403131,False
photon_scattering,Photon scattering,2.0,S,IX,6.247703202098639e-06,0.0001305504072461696,0.9999999496032036,9.995666586165092e-05,0.00010470953213339548,True
photon_scattering,Photon scattering,2.0,S,IY,1.7052368748280322e-05,7.192374150806598e-05,0.9999999847087504,0.0002728431509704337,7.253485685720207e-05,True
photon_scattering,Photon scattering,2.0,S,IZ,2.3570705514570328e-05,3.170410602773302e-05,0.9999999970285145,0.00037713608632322876,2.6864355604600707e-05,True
photon_scattering,Photon scattering,2.0,S,XI,6.24919039103755e-06,0.00032766480293786276,0.9999996822843236,9.997341824026103e-05,0.0002695923278748074,True
photon_scattering,Photon scattering,2.0,S,XX,2.549082808278815e-09,0.6311912361039795,-99.95480083789711,3.234664206525043e-08,0.8423896487841462,False
photon_scattering,Photon scattering,2.0,S,XY,2.3570808879007377e-05,1.4376158212853411e-05,0.999999999388987,0.0003771352860086382,1.2961473462191919e-05,True
photon_scattering,Photon scattering,2.0,S,XZ,1.705336356292252e-05,2.2447226277113773e-05,0.9999999985102348,0.0002728544587152213,2.3853519668130278e-05,True
photon_scattering,Photon scattering,2.0,S,YI,1.705276081265859e-05,2.948737621662291e-05,0.9999999974294371,0.0002728485312166983,2.1506964565474294e-05,True
photon_scattering,Photon scattering,2.0,S,YX,2.3570473359725833e-05,1.6488900708540706e-05,0.999999999196206,0.00037712963923702716,1.4932980989621297e-05,True
photon_scattering,Photon scattering,2.0,S,YY,3.004658575710053e-11,0.9919148221743749,-0.13127272605970353,3.0708806146709016e-09,1.0391374195578367,False
photon_scattering,Photon scattering,2.0,S,YZ,-1.0856695788144901e-09,0.5562683394042724,0.642048459393984,2.0613085685615776e-08,0.5670568509031699,False
photon_scattering,Photon scattering,2.0,S,ZI,2.357014191806714e-05,4.7149543185198425e-05,0.9999999934282825,0.0003771295473603876,4.0090940694463295e-05,True
photon_scattering,Photon scattering,2.0,S,ZX,1.7052141729750283e-05,8.800984788406269e-05,0.9999999771050382,0.00027284167017887833,8.550848854120126e-05,True
photon_scattering,Photon scattering,2.0,S,ZY,-1.5058511673785988e-09,0.20834935052066483,0.894860708079924,2.660207337087093e-08,0.1885423882098343,False
photon_scattering,Photon scattering,2.0,S,ZZ,2.4059600128083804e-09,0.18794195278903186,0.9302152254279608,4.248500579410921e-08,0.11762271180399621,False
photon_scattering,Photon scattering,2.0,C,"IX,IY",-3.1809716831914976e-11,0.8804123751869374,-1.3203683197884937,8.639696199097451e-10,0.798277231980896,False
photon_scattering,Photon scattering,2.0,C,"IX,IZ",3.9918778243727494e-10,0.6921967179338394,-2.824915757054028,7.452781747821391e-09,0.7857509875133718,False
photon_scattering,Photon scattering,2.0,C,"IX,XI",9.150122613531431e-10,0.5739216622069938,-188.646507013161,1.076325779200203e-08,0.7641729205507535,False
photon_scattering,Photon scattering,2.0,C,"IX,XX",-6.942086082035765e-10,0.535889877862054,-3.6789286583786174,9.784210372262941e-09,0.5981120712706061,False
photon_scattering,Photon scattering,2.0,C,"IX,XY",9.398170967223597e-12,0.9997413611508887,-0.3409675776558536,6.36117252270502e-09,1.0059097098427554,False
photon_scattering,Photon scattering,2.0,C,"IX,XZ",-2.5216414167871334e-10,0.8955646572094432,0.14843583903829194,7.53488292862862e-09,1.0922136594324037,False
photon_scattering,Photon scattering,2.0,C,"IX,YI",-5.7775453612677775e-12,0.9968146862360036,-0.07974881818611812,1.1468823615913072e-09,0.9596991248291489,False
photon_scattering,Photon scattering,2.0,C,"IX,YX",-1.5661475259783222e-10,0.9764167997213624,-0.6385269195318481,9.608578049196456e-09,0.869604220898488,False
photon_scattering,Photon scattering,2.0,C,"IX,YY",4.111052763320698e-11,0.9975870557065464,-0.25414383693801734,8.053095845371952e-09,0.9591605231850479,False
photon_scattering,Photon scattering,2.0,C,"IX,YZ",3.682562299077801e-11,0.5002766660483958,0.4633534478687642,6.991240200417291e-10,0.3923882322587129,False
photon_scattering,Photon scattering,2.0,C,"IX,ZI",5.000898435831437e-11,0.986303265662176,-0.0686798978412293,5.2310741496953695e-09,1.0191199676881761,False
photon_scattering,Photon scattering,2.0,C,"IX,ZX",5.57502647217233e-12,0.9999471678418067,-0.027013880633655507,8.912953617309793e-09,0.9949960233506925,False
photon_scattering,Photon scattering,2.0,C,"IX,ZY",-2.2989815184679732e-11,0.5815412711513875,-50513704.54872955,2.605554213298294e-10,0.8233404810001521,False
photon_scattering,Photon scattering,2.0,C,"IX,ZZ",-6.600837611312999e-10,0.48101386456091566,-2.1593502978366996,8.693422242517066e-09,0.6543335076461062,False
photon_scattering,Photon scattering,2.0,C,"IY,IZ",3.37980251954809e-11,0.998262473144987,-0.20032153876410908,8.953057379946522e-09,1.015100104360409,False
photon_scattering,Photon scattering,2.0,C,"IY,XI",3.091779357100323e-11,0.6735235189613809,0.5018251787248709,6.229603947922839e-10,0.7817509538880731,False
photon_scattering,Photon scattering,2.0,C,"IY,XX",1.235836163599818e-10,0.9710203182817913,-1.0518540491466397,7.301199570998554e-09,0.9322940757018207,False
photon_scattering,Photon scattering,2.0,C,"IY,XY",1.462399706711914e-10,0.9023725628767987,-0.6877133469757915,5.340805136730973e-09,0.8904734646351821,False
photon_scattering,Photon scattering,2.0,C,"IY,XZ",-8.868372607327114e-06,0.00018573480450555655,0.9999998980588385,0.0001419068023808074,0.00013698896842540933,True
photon_scattering,Photon scattering,2.0,C,"IY,YI",3.451193570797914e-11,0.5805363752204049,-188295.58994570933,3.915497527641712e-10,0.8199608986617227,False
photon_scattering,Photon scattering,2.0,C,"IY,YX",-2.104578654106012e-10,0.957444365528321,-0.6746601011392936,1.011973592748849e-08,0.8336258045319705,False
photon_scattering,Photon scattering,2.0,C,"IY,YY",5.7282972439464966e-11,0.9631108663394395,-0.03204726170146199,3.1861414241770582e-09,0.9280848338936989,False
photon_scattering,Photon scattering,2.0,C,"IY,YZ",-5.086950169109684e-10,0.4384666730628926,0.6546146003752631,7.733458485984094e-09,0.5026005811324615,False
photon_scattering,Photon scattering,2.0,C,"IY,ZI",3.273663572541068e-11,0.9966834260855923,-0.5379983485835267,6.250631370222432e-09,0.9790506694210983,False
photon_scattering,Photon scattering,2.0,C,"IY,ZX",5.5221100057050375e-11,0.5815807970162833,-143446527474.72687,6.258405859036578e-10,0.8235295291029028,False
photon_scattering,Photon scattering,2.0,C,"IY,ZY",-7.575837235437915e-11,0.9907221042058536,-0.06922058019381083,9.559513859514885e-09,0.9366006485537133,False
photon_scattering,Photon scattering,2.0,C,"IY,ZZ",-7.149634195522495e-11,0.9760445847485895,-0.0975492657870638,4.254851314976465e-09,1.0672139510055902,False
photon_scattering,Photon scattering,2.0,C,"IZ,XI",3.2772720561559357e-10,0.7606462117541481,-3.3266847909703037,7.19099202325509e-09,0.9088506274083603,False
photon_scattering,Photon scattering,2.0,C,"IZ,XX",-5.684849666345218e-10,0.859171083935828,-1.8513284729915025,1.5247377641267447e-08,0.9254317719401268,False
photon_scattering,Photon scattering,2.0,C,"IZ,XY",9.280937522684253e-06,0.0002601815472255401,0.9999998000046495,0.00014850981691467017,0.00020344388432373426,True
photon_scattering,Photon scattering,2.0,C,"IZ,XZ",-1.190323990419299e-10,0.9202596931543401,-0.4094497223747351,5.0944447321924735e-09,0.9065394520507812,False
photon_scattering,Photon scattering,2.0,C,"IZ,YI",4.4460513999219303e-11,0.9935566242963135,-0.6478881495264117,5.8753574180859834e-09,0.9697308532329573,False
photon_scattering,Photon scattering,2.0,C,"IZ,YX",-1.0809200997813973e-10,0.9912247786142602,-0.6743200864707168,1.2474717246745876e-08,0.9653404537064482,False
photon_scattering,Photon scattering,2.0,C,"IZ,YY",-5.232538602190857e-10,0.6705879190118346,-2.7712792109471986,7.931195543991001e-09,0.8680517061225342,False
photon_scattering,Photon scattering,2.0,C,"IZ,YZ",5.5514266185847274e-11,0.9739935217329699,-0.028262569966501117,3.951917111603984e-09,0.8876205859220252,False
photon_scattering,Photon scattering,2.0,C,"IZ,ZI",5.124475840088854e-10,0.7681583635167443,0.33589056936272366,1.206942209388518e-08,0.7079611389800755,False
photon_scattering,Photon scattering,2.0,C,"IZ,ZX",-5.647323702324083e-10,0.3644542576551525,0.03150150794236539,8.251249344814446e-09,0.4328314781457676,False
photon_scattering,Photon scattering,2.0,C,"IZ,ZY",6.536151004627675e-11,0.9879907994912589,-0.7847196143427655,5.7762250684747346e-09,0.9547375600698079,False
photon_scattering,Photon scattering,2.0,C,"IZ,ZZ",1.8679348132529014e-10,0.9758503013986553,-0.6818957597740798,1.3193622677021868e-08,0.9716842771848234,False
photon_scattering,Photon scattering,2.0,C,"XI,XX",5.1059640375078355e-11,0.9958628474792739,-0.21896241421359552,6.2170285276689875e-09,1.0657029513669902,False
photon_scattering,Photon scattering,2.0,C,"XI,XY",-6.569552282307319e-10,0.2943127451054986,0.770785855869201,1.164292429353507e-08,0.270927177854859,False
photon_scattering,Photon scattering,2.0,C,"XI,XZ",-3.906459983191111e-10,0.4971045294747867,0.490382425793795,5.603063009228736e-09,0.547908874820739,False
photon_scattering,Photon scattering,2.0,C,"XI,YI",1.7764061698145056e-10,0.4414222579321865,-2.4876458896273848,2.311151706640771e-09,0.553583789202032,False
photon_scattering,Photon scattering,2.0,C,"XI,YX",2.2889545509383088e-11,0.9981319914040165,-0.33408548362226176,5.098249209980519e-09,1.0179587498112674,False
photon_scattering,Photon scattering,2.0,C,"XI,YY",-6.566023884562312e-10,0.4100275560373018,-0.975204447870258,9.14091970959648e-09,0.4875793158830794,False
photon_scattering,Photon scattering,2.0,C,"XI,YZ",1.0219828807600424e-11,0.5820252927877578,-399446.9659811694,1.1605486401092724e-10,0.8238793540503712,False
photon_scattering,Photon scattering,2.0,C,"XI,ZI",4.0891019371842413e-10,0.6821037423766352,0.48142687808737594,9.958390069671496e-09,0.564693974833501,False
photon_scattering,Photon scattering,2.0,C,"XI,ZX",-6.714816995996278e-10,0.341921117960218,0.6638415868665607,9.577325567349945e-09,0.36177296728501124,False
photon_scattering,Photon scattering,2.0,C,"XI,ZY",-2.4066359678184432e-11,0.68117131535142,0.4057456286483375,5.544974700648975e-10,0.49794322565662147,False
photon_scattering,Photon scattering,2.0,C,"XI,ZZ",6.229104204212263e-11,0.9943167495862589,-0.2394787134884122,7.951542245321868e-09,0.9373293480733045,False
photon_scattering,Photon scattering,2.0,C,"XX,XY",2.8409110796553244e-11,0.8629777640786706,-2.863934338744259,7.760350757971311e-10,0.9267839516986476,False
photon_scattering,Photon scattering,2.0,C,"XX,XZ",3.2580541597212244e-10,0.7405820104840262,-2.210575594086962,6.901444195642164e-09,0.8111668185752493,False
photon_scattering,Photon scattering,2.0,C,"XX,YI",1.4961221231908844e-10,0.9608801901109129,-1.2438543871028975,7.115010920880694e-09,0.9158892578056257,False
photon_scattering,Photon scattering,2.0,C,"XX,YX",-7.845802810465753e-11,0.6476111428895877,0.15194823619384012,1.5304737903681888e-09,0.6213529484961527,False
photon_scattering,Photon scattering,2.0,C,"XX,YY",6.723603747182614e-10,0.6481052002352724,0.375083523299633,1.3317476678708898e-08,0.5678002321018303,False
photon_scattering,Photon scattering,2.0,C,"XX,YZ",-2.4685200053391525e-10,0.9131161090047347,-1.9920894875380055,8.13790765589256e-09,0.8786656172707131,False
photon_scattering,Photon scattering,2.0,C,"XX,ZI",1.048191892219687e-09,0.6153826357401995,-10.312306591041898,1.3899526495912313e-08,0.8491758848723447,False
photon_scattering,Photon scattering,2.0,C,"XX,ZX",6.787034596379807e-10,0.37478820124442963,0.7104559706594595,1.2825834996949287e-08,0.35294998266822797,False
photon_scattering,Photon scattering,2.0,C,"XX,ZY",-9.188770847812325e-11,0.9817244317188442,-0.890165889437849,6.7632035268523625e-09,0.9456543289798712,False
photon_scattering,Photon scattering,2.0,C,"XX,ZZ",4.2471687293917784e-11,0.827901787049982,-2.624771695035431,1.084303545530299e-09,0.8433217802561138,False
photon_scattering,Photon scattering,2.0,C,"XY,XZ",1.636235202551075e-10,0.9472518010592678,0.08428176419293887,7.168068434512276e-09,1.091306896271975,False
photon_scattering,Photon scattering,2.0,C,"XY,YI",5.086833408768803e-10,0.35024520201693243,0.2819825480791529,7.614641486629404e-09,0.4153021726513789,False
photon_scattering,Photon scattering,2.0,C,"XY,YX",-2.199470458865011e-10,0.9571917963179064,0.07010956378963151,8.752283192434767e-09,1.0874611396780214,False
photon_scattering,Photon scattering,2.0,C,"XY,YY",1.731345091870216e-10,0.5100911574163723,-1.5869558046477614,2.548338564230325e-09,0.6839331636169523,False
photon_scattering,Photon scattering,2.0,C,"XY,YZ",1.0468744620082817e-10,0.9207181077883393,0.14435001636994227,4.101836421036227e-09,1.0510441838508915,False
photon_scattering,Photon scattering,2.0,C,"XY,ZI",-1.4905259705640326e-10,0.9845402995245456,-0.7888357107328634,1.2938937245087962e-08,0.9539212242139937,False
photon_scattering,Photon scattering,2.0,C,"XY,ZX",1.494451719820752e-10,0.9512249103384163,-1.3032688977801703,7.0651451638744616e-09,0.9153901761304387,False
photon_scattering,Photon scattering,2.0,C,"XY,ZY",3.5875597592559596e-11,0.993064380678639,-0.1391385774733629,5.110249604754933e-09,1.0140406439478722,False
photon_scattering,Photon scattering,2.0,C,"XY,ZZ",-9.151677794552771e-11,0.6745775600910277,-1.3097567975843765,1.6853294164987046e-09,0.8913959763004017,False
photon_scattering,Photon scattering,2.0,C,"XZ,YI",-3.349415510105466e-11,0.5815788245116164,-60086823949.52188,3.7960127054090166e-10,0.8235249631856962,False
photon_scattering,Photon scattering,2.0,C,"XZ,YX",-1.4666045666896353e-11,0.999216533188264,-0.31174094522377627,5.71343921237627e-09,1.0102677530095199,False
photon_scattering,Photon scattering,2.0,C,"XZ,YY",1.2617719162610455e-10,0.9476065087011433,-0.6605895978917986,6.7741472063920636e-09,0.9627474314384417,False
photon_scattering,Photon scattering,2.0,C,"XZ,YZ",-4.488305227279492e-11,0.39430111184113126,0.7453373881647289,7.514247766190084e-10,0.44626952237547374,False
photon_scattering,Photon scattering,2.0,C,"XZ,ZI",1.5116061512803347e-10,0.9751587374595971,-0.5209692657804432,9.449093295188506e-09,0.8720210624187575,False
photon_scattering,Photon scattering,2.0,C,"XZ,ZX",-4.3391285614003945e-12,0.5898122293275594,-3105.6033223799864,5.023468734636701e-11,0.827245722403637,False
photon_scattering,Photon scattering,2.0,C,"XZ,ZY",5.727925341390994e-11,0.7997211614100075,-0.6511796648812394,1.4371211117936182e-09,0.8405722302905374,False
photon_scattering,Photon scattering,2.0,C,"XZ,ZZ",-7.13994488176853e-11,0.977006715632856,-0.4756788437245698,5.923736100284086e-09,0.975893777977631,False
photon_scattering,Photon scattering,2.0,C,"YI,YX",3.2959792515887373e-10,0.8087563372946399,0.3339823866546039,9.365899434915344e-09,0.6892616352601875,False
photon_scattering,Photon scattering,2.0,C,"YI,YY",-1.732051951641506e-11,0.9973107871869547,-0.038402236964220515,3.931437963961226e-09,0.9647548410018134,False
photon_scattering,Photon scattering,2.0,C,"YI,YZ",3.132539521266359e-10,0.6210860144813805,0.3838822642237091,4.467892462266034e-09,0.7395712372220299,False
photon_scattering,Photon scattering,2.0,C,"YI,ZI",-6.992440404335194e-10,0.6471210629955939,-15.339032407280232,9.863514807302571e-09,0.7851290289964354,False
photon_scattering,Photon scattering,2.0,C,"YI,ZX",-8.868823798898191e-06,0.00010329803562170493,0.9999999684615274,0.00014190747329910911,7.568248819339542e-05,True
photon_scattering,Photon scattering,2.0,C,"YI,ZY",-1.7403139550316624e-10,0.9490389700477958,0.09467836802642626,7.11709550409418e-09,1.1956206943161607,False
photon_scattering,Photon scattering,2.0,C,"YI,ZZ",-1.022597864680467e-10,0.9641076644871894,-0.005712280722258711,5.005391654396481e-09,1.0817197082895416,False
photon_scattering,Photon scattering,2.0,C,"YX,YY",-1.3429908353578082e-10,0.5895032142173258,-1.1998206477681577,2.060548069306181e-09,0.869647221012416,False
photon_scattering,Photon scattering,2.0,C,"YX,YZ",3.038074577946835e-10,0.7191640957453761,-1.65022715114651,6.219792573779453e-09,0.9023094567251541,False
photon_scattering,Photon scattering,2.0,C,"YX,ZI",9.281443687671404e-06,0.0002878139091452962,0.9999997552803904,0.00014852316820255796,0.0002322121494245895,True
photon_scattering,Photon scattering,2.0,C,"YX,ZX",-1.9077762064822082e-10,0.7880920845654992,-0.3240778850694259,3.511262735614885e-09,0.7968880696225038,False
photon_scattering,Photon scattering,2.0,C,"YX,ZY",3.514812918049302e-10,0.7127267823473228,-1.735694496037436,6.988284015328369e-09,0.8994084124131252,False
photon_scattering,Photon scattering,2.0,C,"YX,ZZ",3.073887499662566e-10,0.5036464830948881,-3.2292247176603546,4.317529782480689e-09,0.6687337298218899,False
photon_scattering,Photon scattering,2.0,C,"YY,YZ",1.7899048192120539e-10,0.9430477694101799,0.09840323958766484,7.56924324287769e-09,1.094588310179952,False
photon_scattering,Photon scattering,2.0,C,"YY,ZI",4.862536438556004e-10,0.8805460642108832,-1.5571359729834513,1.4305061730135185e-08,0.9320165612663868,False
photon_scattering,Photon scattering,2.0,C,"YY,ZX",-2.5175133029568317e-10,0.7816980309863882,-3.2901028173600286,5.793291020691962e-09,0.9130886643199866,False
photon_scattering,Photon scattering,2.0,C,"YY,ZY",-1.3561905370015515e-10,0.7823280095115005,-0.1188715021873259,3.058771108356219e-09,0.8226489673193798,False
photon_scattering,Photon scattering,2.0,C,"YY,ZZ",1.1927230713827646e-09,0.3050308951108999,0.8459520944862423,2.253417614205588e-08,0.21386211237827693,False
photon_scattering,Photon scattering,2.0,C,"YZ,ZI",-3.4523050468038446e-11,0.9963194206197232,-0.2743891481829783,5.586825343684646e-09,1.0247174725138406,False
photon_scattering,Photon scattering,2.0,C,"YZ,ZX",1.759239123567637e-10,0.39666767055752516,-0.8429703963088362,2.5677011650553204e-09,0.46170454357233703,False
photon_scattering,Photon scattering,2.0,C,"YZ,ZY",1.153104874985108e-09,0.3316347456160344,0.826461429518431,2.2084275549634444e-08,0.22423925281705376,False
photon_scattering,Photon scattering,2.0,C,"YZ,ZZ",-1.0540079505917627e-10,0.9090940859606373,-0.10372891677799023,2.531750756546083e-09,1.24537093775409,False
photon_scattering,Photon scattering,2.0,C,"ZI,ZX",-3.1762709988512604e-10,0.8267107360754449,0.3109153362619479,9.26121815832808e-09,0.6980150935589744,False
photon_scattering,Photon scattering,2.0,C,"ZI,ZY",-8.773784216259129e-11,0.9193222011426003,0.027714734360199778,2.619196901615669e-09,1.105066348512877,False
photon_scattering,Photon scattering,2.0,C,"ZI,ZZ",-9.225678249651438e-10,0.5440786305340669,-6.681617180152872,1.2315570155607835e-08,0.6765687580877378,False
photon_scattering,Photon scattering,2.0,C,"ZX,ZY",-6.602791204392019e-11,0.7575742064300409,-3.018937594770219,1.4703643451319635e-09,0.8203767324404366,False
photon_scattering,Photon scattering,2.0,C,"ZX,ZZ",2.6717756763233817e-10,0.7841522206415227,-2.8050581555361855,6.199104814913381e-09,0.9138012420794754,False
photon_scattering,Photon scattering,2.0,C,"ZY,ZZ",2.2290968870950294e-10,0.9076085684262558,0.17022402807423653,7.044819210030882e-09,1.1265665914560925,False
photon_scattering,Photon scattering,2.0,A,"IX,IY",4.159536867233752e-10,0.5168064308512859,0.36743620309181235,5.655497391703573e-09,0.6724065594364823,False
photon_scattering,Photon scattering,2.0,A,"IX,IZ",-8.053173890469058e-10,0.2457132437089463,0.7859324748077996,1.353321698173255e-08,0.1894473155793864,False
photon_scattering,Photon scattering,2.0,A,"IX,XI",3.4624873099403943e-10,0.9576170790342143,-1.3399841291302739,1.4424481113900939e-08,0.951991516608475,False
photon_scattering,Photon scattering,2.0,A,"IX,XX",5.098788429495799e-10,0.6141109213526148,-12.590593819163006,7.322204011833596e-09,0.576388291581155,False
photon_scattering,Photon scattering,2.0,A,"IX,XY",-3.348883126397353e-10,0.7450652446983037,-2.7601530930235034,7.208108940575427e-09,0.9070801189602995,False
photon_scattering,Photon scattering,2.0,A,"IX,XZ",3.694076923903383e-11,0.7950423233154438,-0.13548538391355103,9.974997608753416e-10,0.8518665540065213,False
photon_scattering,Photon scattering,2.0,A,"IX,YI",5.628825530690726e-10,0.4242573500697988,0.6045845906273735,8.116683419581068e-09,0.41064688924245907,False
photon_scattering,Photon scattering,2.0,A,"IX,YX",-2.4419517604811384e-10,0.8962788375452175,0.1927725055893188,8.32004128360759e-09,0.7588521925909042,False
photon_scattering,Photon scattering,2.0,A,"IX,YY",-1.5948060379541648e-10,0.9560997551860483,-1.277785402659135,7.529330885005302e-09,0.9152750191319003,False
photon_scattering,Photon scattering,2.0,A,"IX,YZ",1.3384405138909758e-10,0.4757742006586094,-3.8325492764233386,1.760345046288817e-09,0.6763940304807976,False
photon_scattering,Photon scattering,2.0,A,"IX,ZI",2.5846910862796834e-10,0.640544364166081,0.5300013832544224,5.298835334853353e-09,0.7107956562696948,False
photon_scattering,Photon scattering,2.0,A,"IX,ZX",-1.7813131599678337e-10,0.6217370553726327,-30.04104761101187,2.3452707866960356e-09,0.7897193811066738,False
photon_scattering,Photon scattering,2.0,A,"IX,ZY",-7.975935244196692e-10,0.7192431514534906,-4.887051748972283,1.4408591837353388e-08,0.6947959184764784,False
photon_scattering,Photon scattering,2.0,A,"IX,ZZ",-1.6157730054872837e-10,0.9503797937185084,-1.3852053240709625,7.171500364652864e-09,0.9098781050921416,False
photon_scattering,Photon scattering,2.0,A,"IY,IZ",9.382137905175025e-10,0.7074567841754158,-10.232151621673745,1.6158402383263434e-08,0.8838729512653694,False
photon_scattering,Photon scattering,2.0,A,"IY,XI",-1.7785497189607325e-10,0.9454249806114943,0.09505404888273195,6.873948398442547e-09,1.2069901740157032,False
photon_scattering,Photon scattering,2.0,A,"IY,XX",4.517871106838066e-10,0.6743053908474945,-4.965286573880958,7.656049463638702e-09,0.881979051251039,False
photon_scattering,Photon scattering,2.0,A,"IY,XY",2.705819005131895e-09,0.5784048513591638,-215.0549300050557,3.2457222021370345e-08,0.7329875619354844,False
photon_scattering,Photon scattering,2.0,A,"IY,XZ",-5.5702333886958223e-11,0.8720939194365429,-1.1330961404070692,1.5535717880657361e-09,0.8132468547738783,False
photon_scattering,Photon scattering,2.0,A,"IY,YI",-5.0945960996599077e-11,0.6069119172997289,-0.800054888482352,7.266322580186251e-10,0.8597751188874599,False
photon_scattering,Photon scattering,2.0,A,"IY,YX",1.21285099100294e-10,0.9642944378211168,-1.1154921523272798,6.745997347171042e-09,0.9280847039460189,False
photon_scattering,Photon scattering,2.0,A,"IY,YY",7.255972119158005e-11,0.977589358009905,-0.570774202767504,6.001930159739595e-09,0.9758212044257681,False
photon_scattering,Photon scattering,2.0,A,"IY,YZ",9.657336078739493e-11,0.5581222990742428,-0.950138412225294,1.5084958131265004e-09,0.6553502609212553,False
photon_scattering,Photon scattering,2.0,A,"IY,ZI",-6.407046510490032e-10,0.3844837405946711,-0.4118155786618176,9.112267575169233e-09,0.4530740667884789,False
photon_scattering,Photon scattering,2.0,A,"IY,ZX",7.886900684933586e-10,0.711509031564374,-4.607173403610359,1.4153589596970301e-08,0.6975671462066935,False
photon_scattering,Photon scattering,2.0,A,"IY,ZY",-4.981072331624277e-12,0.9905201676820721,0.015138430673640069,5.515811872709337e-10,1.0180610667897112,False
photon_scattering,Photon scattering,2.0,A,"IY,ZZ",2.7768872837288052e-11,0.9958291809876245,-0.09575690460984765,5.096984068691848e-09,1.0108961976192383,False
photon_scattering,Photon scattering,2.0,A,"IZ,XI",1.4162312685096842e-10,0.9557948669321812,-1.2921175903646511,6.780465283121018e-09,0.9164522663637739,False
photon_scattering,Photon scattering,2.0,A,"IZ,XX",-9.076059109650523e-11,0.5805074267481556,-4.981240154536179,1.2325039268866017e-09,0.7829289316384958,False
photon_scattering,Photon scattering,2.0,A,"IZ,XY",-5.296501587725084e-11,0.8788563665565743,-1.0667653589262218,1.5228468685109478e-09,0.8101383861719182,False
photon_scattering,Photon scattering,2.0,A,"IZ,XZ",2.8992274258311194e-09,0.5798512304753748,-286.7358614678602,3.4436907333320434e-08,0.7442617565521731,False
photon_scattering,Photon scattering,2.0,A,"IZ,YI",-1.1387864962558762e-10,0.9847873454532394,-0.4306018268891707,9.026563904532123e-09,0.8990724259374838,False
photon_scattering,Photon scattering,2.0,A,"IZ,YX",1.1821592688966027e-11,0.5824034439418226,-38446.297055092895,1.3452842972932855e-10,0.8180888246642114,False
photon_scattering,Photon scattering,2.0,A,"IZ,YY",2.097031594112755e-10,0.5125456324069242,-22.75430685225665,2.461701767152639e-09,0.5964998367229478,False
photon_scattering,Photon scattering,2.0,A,"IZ,YZ",-3.5913718683925642e-12,0.9999332786726548,-0.2378396483898082,5.414130338788916e-09,1.001326666202571,False
photon_scattering,Photon scattering,2.0,A,"IZ,ZI",2.9867536150780306e-11,0.5815810562600544,-82096164768.21388,3.3849973485084794e-10,0.8235299288258483,False
photon_scattering,Photon scattering,2.0,A,"IZ,ZX",7.24012426820636e-11,0.9859266164007294,-0.744181556093044,6.70016339914241e-09,0.9567764316366788,False
photon_scattering,Photon scattering,2.0,A,"IZ,ZY",1.3827540488524577e-10,0.9398440661423185,-1.118965884505648,6.786902688150459e-09,0.9592522800933431,False
photon_scattering,Photon scattering,2.0,A,"IZ,ZZ",-1.0056267555585124e-10,0.695645111950651,-2.267620674736531,2.0081324410470186e-09,0.5993783138987827,False
photon_scattering,Photon scattering,2.0,A,"XI,XX",-6.080744729767076e-10,0.6436494944020741,-0.6073029647631718,9.721884426543723e-09,0.6862043724618195,False
photon_scattering,Photon scattering,2.0,A,"XI,XY",-3.206890825489019e-10,0.6933697833027869,-1.8492479541287041,6.016202997870019e-09,0.7867830705430392,False
photon_scattering,Photon scattering,2.0,A,"XI,XZ",-9.641293094846111e-12,0.987078288685915,0.012753771453202667,8.090900370249689e-10,0.9453157459186472,False
photon_scattering,Photon scattering,2.0,A,"XI,YI",8.419421541004285e-12,0.9998775173265458,-0.010624888200738924,8.612952402134398e-09,1.00782024202425,False
photon_scattering,Photon scattering,2.0,A,"XI,YX",-9.422238016150508e-11,0.9485978908812184,0.07219648596839456,4.759311338566216e-09,1.039594963833524,False
photon_scattering,Photon scattering,2.0,A,"XI,YY",-1.792639228127228e-10,0.9425759081164591,-1.5051917196387756,7.37183411476474e-09,0.9027303544697608,False
photon_scattering,Photon scattering,2.0,A,"XI,YZ",7.636574705110426e-10,0.7050106237038767,-4.088759753524241,1.3682161757756368e-08,0.7002842364617545,False
photon_scattering,Photon scattering,2.0,A,"XI,ZI",-1.4843848355339744e-10,0.9750486778611253,-0.6772631997755152,8.846279979323464e-09,0.8657618941291979,False
photon_scattering,Photon scattering,2.0,A,"XI,ZX",3.2632678331975875e-11,0.8045914548284895,-1.0959086706098002,7.15065084500084e-10,0.9087280891227124,False
photon_scattering,Photon scattering,2.0,A,"XI,ZY",-1.11168180539889e-10,0.7025315385930935,-10.12602858086803,1.8626247725016087e-09,0.761265538435669,False
photon_scattering,Photon scattering,2.0,A,"XI,ZZ",-1.6171123587940187e-10,0.9551988808873845,-1.2913604723094632,7.554498401613643e-09,0.9143761889764328,False
photon_scattering,Photon scattering,2.0,A,"XX,XY",2.966311457498028e-10,0.9110180440611206,-1.2899315180960813,9.526685415603702e-09,0.9377262641077762,False
photon_scattering,Photon scattering,2.0,A,"XX,XZ",5.343436363614843e-10,0.3243960520935863,0.8150375902311602,1.0200109616759854e-08,0.2763072504989251,False
photon_scattering,Photon scattering,2.0,A,"XX,YI",3.6422584760052514e-10,0.8006070432079465,-2.386335704879343,8.933721675094576e-09,0.9184604444045052,False
photon_scattering,Photon scattering,2.0,A,"XX,YX",1.1638065918059502e-09,0.16515462590135463,0.9410629103673587,1.9998655732687204e-08,0.15509973138086203,False
photon_scattering,Photon scattering,2.0,A,"XX,YY",-3.440518208563566e-15,0.5528869822993686,-104.16837441135924,4.003317465695713e-14,0.6972335512772783,False
photon_scattering,Photon scattering,2.0,A,"XX,YZ",-7.593136297350858e-10,0.43105328429689094,-1.985208864500259,1.030479671035945e-08,0.5055851946081334,False
photon_scattering,Photon scattering,2.0,A,"XX,ZI",-1.269145539524003e-10,0.7015382086620736,-15.32069319555054,1.8578330897971394e-09,0.8633735671418594,False
photon_scattering,Photon scattering,2.0,A,"XX,ZX",2.9003127992907637e-11,0.9986792297975456,-0.3757228364419034,6.887416532228518e-09,0.9915779369935904,False
photon_scattering,Photon scattering,2.0,A,"XX,ZY",1.4380140092500926e-10,0.9759199398867237,-0.4873781883943,9.216738161625956e-09,0.8751823923793528,False
photon_scattering,Photon scattering,2.0,A,"XX,ZZ",3.3124431555168664e-10,0.9511585106181869,-1.3624477879797863,1.4814334082151127e-08,0.9105611325585583,False
photon_scattering,Photon scattering,2.0,A,"XY,XZ",3.9182409315822973e-10,0.42663161695454055,0.4940651611776492,5.480495222642166e-09,0.42804571157811544,False
photon_scattering,Photon scattering,2.0,A,"XY,YI",1.3252869161794422e-11,0.9993632227308247,-0.31816723808309244,5.7294550760385495e-09,1.009252446514308,False
photon_scattering,Photon scattering,2.0,A,"XY,YX",2.2581764092575148e-11,0.5815792250770888,-71615233693.82132,2.559271761251699e-10,0.8235266084697999,False
photon_scattering,Photon scattering,2.0,A,"XY,YY",-3.229003780778883e-10,0.9450338914769966,-1.0784130665571077,1.4800765791789317e-08,0.9563670714582868,False
photon_scattering,Photon scattering,2.0,A,"XY,YZ",-8.213918297155776e-11,0.9753489015109703,-0.06108066956525304,5.0821454191942195e-09,1.0646492189391787,False
photon_scattering,Photon scattering,2.0,A,"XY,ZI",-6.563111358727631e-11,0.5817280060237466,-1182192.5721566777,7.443698640035767e-10,0.822546873061182,False
photon_scattering,Photon scattering,2.0,A,"XY,ZX",-2.422238720741667e-10,0.9472838092802042,-0.7621248196784562,1.0479750267984509e-08,0.8150918746114344,False
photon_scattering,Photon scattering,2.0,A,"XY,ZY",-1.1015821378536334e-10,0.8914756657266948,-0.04588280533020006,2.8359493410672895e-09,1.0484033315543952,False
photon_scattering,Photon scattering,2.0,A,"XY,ZZ",5.203591935709616e-10,0.6866674815712334,-3.1374157214945892,7.9652910024432e-09,0.8693433313581761,False
photon_scattering,Photon scattering,2.0,A,"XZ,YI",6.617617099731407e-10,0.7342925221914045,-3.502729292459131,1.2717178159969892e-08,0.6832718770349109,False
photon_scattering,Photon scattering,2.0,A,"XZ,YX",-4.72837365588589e-10,0.3425626349374511,0.4101078000393411,7.208386121647955e-09,0.40224098403085673,False
photon_scattering,Photon scattering,2.0,A,"XZ,YY",1.3764061934002288e-12,0.9999944213109032,-0.4261579647623168,6.058444855691887e-09,0.9990912478524206,False
photon_scattering,Photon scattering,2.0,A,"XZ,YZ",2.7995727799265053e-10,0.9126993463110294,-0.35772726258548726,1.2043776227016108e-08,0.8140401995416275,False
photon_scattering,Photon scattering,2.0,A,"XZ,ZI",-1.240762040770826e-10,0.9630228251124902,-1.1336663461061423,6.7776683032957114e-09,0.9267735164810298,False
photon_scattering,Photon scattering,2.0,A,"XZ,ZX",1.2477537742694997e-10,0.5610925235019496,-7.507896463495566,1.5633652841389428e-09,0.8403759138150841,False
photon_scattering,Photon scattering,2.0,A,"XZ,ZY",4.738090792284253e-10,0.49405787611510577,0.5855627610387759,7.103222974285503e-09,0.5834200067974279,False
photon_scattering,Photon scattering,2.0,A,"XZ,ZZ",-4.615498459042219e-11,0.9690661049623777,-0.12342578686132621,3.019362058244262e-09,0.8777093075952315,False
photon_scattering,Photon scattering,2.0,A,"YI,YX",2.4995705948038202e-09,0.5918921711393312,-31.388648892837935,3.3144277843516326e-08,0.7143043939642603,False
photon_scattering,Photon scattering,2.0,A,"YI,YY",-2.9235495489283966e-10,0.7555755668656827,-2.44543943024962,6.429375655392505e-09,0.9090565023533403,False
photon_scattering,Photon scattering,2.0,A,"YI,YZ",5.815356035544155e-11,0.8707075549513389,-1.1075671944120047,1.8130240762009261e-09,0.7433964121323813,False
photon_scattering,Photon scattering,2.0,A,"YI,ZI",8.174557069846172e-10,0.5809775532099327,-9.746567739779579,1.1425494876945466e-08,0.561022160463837,False
photon_scattering,Photon scattering,2.0,A,"YI,ZX",-3.379043473385203e-10,0.4603034081229349,-7.524799405997255,4.363223516783342e-09,0.5883608278698667,False
photon_scattering,Photon scattering,2.0,A,"YI,ZY",6.834867075607478e-11,0.7103383522216326,-1.4608921208534236,1.2389083358130153e-09,0.7793261413122321,False
photon_scattering,Photon scattering,2.0,A,"YI,ZZ",4.682622144520341e-10,0.6849738704614577,-6.51633249112762,8.189381806519324e-09,0.8856416209391375,False
photon_scattering,Photon scattering,2.0,A,"YX,YY",7.320630384370025e-10,0.5221595140727275,-2.7377431055710955,1.0435364881493415e-08,0.6227581626832476,False
photon_scattering,Photon scattering,2.0,A,"YX,YZ",2.014474427314608e-12,0.9999441452512281,-0.0008505693049001284,2.666729383705702e-09,1.0030216405753407,False
photon_scattering,Photon scattering,2.0,A,"YX,ZI",2.8159625307556565e-10,0.4329074792312026,-4.0706420263307885,3.7253631464458905e-09,0.546909222368765,False
photon_scattering,Photon scattering,2.0,A,"YX,ZX",1.1751710654691124e-09,0.6179769269242773,-17.852464178432065,1.647032301310436e-08,0.8572983584433522,False
photon_scattering,Photon scattering,2.0,A,"YX,ZY",1.1973903121973576e-10,0.9640277470234767,-1.2186642977849882,6.271033871137054e-09,0.9236240570979248,False
photon_scattering,Photon scattering,2.0,A,"YX,ZZ",-4.76675080906241e-10,0.8794291250348722,-1.4329313288899712,1.4140056195516803e-08,0.9325780499999181,False
photon_scattering,Photon scattering,2.0,A,"YY,YZ",4.4211703336982954e-11,0.9825457009710107,0.0010111892268024336,3.782101970600693e-09,1.0233794348648728,False
photon_scattering,Photon scattering,2.0,A,"YY,ZI",2.7458133714234838e-11,0.6412175941195745,-0.6703553157345874,4.876087266420382e-10,0.5758168332629067,False
photon_scattering,Photon scattering,2.0,A,"YY,ZX",6.589877129799957e-11,0.9786798841333406,-0.09942271480890641,4.353321317725112e-09,1.0605503398333445,False
photon_scattering,Photon scattering,2.0,A,"YY,ZY",2.894499005956452e-10,0.515407726279304,-5.261061658828401,3.896353355946001e-09,0.580333814438807,False
photon_scattering,Photon scattering,2.0,A,"YY,ZZ",2.64684497238274e-09,0.3294811123726293,0.7898327215973224,4.9588452957638886e-08,0.30521096621331073,False
photon_scattering,Photon scattering,2.0,A,"YZ,ZI",6.585554331718275e-11,0.9589081899744596,-0.2453797595501257,3.810630012855747e-09,0.9654358764325012,False
photon_scattering,Photon scattering,2.0,A,"YZ,ZX",-8.560370319280487e-11,0.9875488481520095,0.01592783055715441,7.899165892931889e-09,1.08669644805855,False
photon_scattering,Photon scattering,2.0,A,"YZ,ZY",-3.1510515372769477e-10,0.7264883931414933,0.43125096119759154,6.265448345012898e-09,0.9400152057494546,False
photon_scattering,Photon scattering,2.0,A,"YZ,ZZ",-3.115530570167758e-10,0.6980898522036331,-3.957068132109044,5.694818752628733e-09,0.8905836794637362,False
photon_scattering,Photon scattering,2.0,A,"ZI,ZX",2.1199240648933595e-09,0.6203375835227573,-16.020932667743878,3.061282868629906e-08,0.6782723141011653,False
photon_scattering,Photon scattering,2.0,A,"ZI,ZY",-3.0815905992502786e-10,0.7297594400406231,-2.5059847538629536,6.3222478164114584e-09,0.9025159820135172,False
photon_scattering,Photon scattering,2.0,A,"ZI,ZZ",1.1700551917942374e-10,0.40615464109056987,-0.4916961121280916,1.7289674225605222e-09,0.40754214653464477,False
photon_scattering,Photon scattering,2.0,A,"ZX,ZY",-1.0386673656102257e-10,0.9437318512393879,0.10090909572570239,5.1049421013654095e-09,1.0406926207971061,False
photon_scattering,Photon scattering,2.0,A,"ZX,ZZ",1.4777164213592074e-10,0.8454635084523732,-0.352678637115752,4.175540925146333e-09,0.8584407196241364,False
photon_scattering,Photon scattering,2.0,A,"ZY,ZZ",-4.669683739860451e-11,0.9645476827604452,0.06475919156071952,2.452155022688544e-09,1.0380863664544389,False
photon_scattering,Photon scattering,3.0,H,IX,-1.7934960292857424e-10,0.9479025726617245,-0.5933287350403482,1.0134113419479895e-08,0.9646047768552054,False
photon_scattering,Photon scattering,3.0,H,IY,-9.581998844653411e-10,0.5754239741185717,-0.1181185933010791,1.674818749254848e-08,0.5355636709637079,False
photon_scattering,Photon scattering,3.0,H,IZ,-2.6233868245011537e-11,0.9740499153987517,0.032262380511407285,1.5642939331322217e-09,1.067081685070485,False
photon_scattering,Photon scattering,3.0,H,XI,-4.2448920419923656e-10,0.921175708310093,0.14871534586377,1.169245224535696e-08,1.0726090977823408,False
photon_scattering,Photon scattering,3.0,H,XX,1.616912724765679e-08,0.17441891262154857,0.9262104575391359,2.823696929679789e-07,0.15907028409986487,True
photon_scattering,Photon scattering,3.0,H,XY,-1.0872590805849581e-10,0.9925286731522894,-0.06282426220299064,1.4365014050443812e-08,0.9848624014321605,False
photon_scattering,Photon scattering,3.0,H,XZ,5.164689560289111e-10,0.3256888779273353,0.6175748770995195,8.776575059792119e-09,0.25061474262245326,False
photon_scattering,Photon scattering,3.0,H,YI,-1.1434788568542392e-10,0.9191896730637812,0.03360025843325798,3.754338989133062e-09,0.9390849435725416,False
photon_scattering,Photon scattering,3.0,H,YX,-6.019611566430952e-10,0.8052912169550009,-0.36506858276106624,1.3661608243159228e-08,0.8237510120539389,False
photon_scattering,Photon scattering,3.0,H,YY,1.2668844917436945e-09,0.38315851201821266,0.5011096869361045,2.2005887786470905e-08,0.29943954604342987,False
photon_scattering,Photon scattering,3.0,H,YZ,1.2941694701571489e-10,0.9488337382811213,-0.03522826338520524,5.331434885982298e-09,0.9514513635509326,False
photon_scattering,Photon scattering,3.0,H,ZI,-1.2690042413353451e-10,0.7260470166432912,-2.634449140934779,2.367071829777153e-09,0.7855571216096446,False
photon_scattering,Photon scattering,3.0,H,ZX,5.285058574643309e-10,0.389743577270947,0.6558359920826051,9.865315772501688e-09,0.36130233932196404,False
photon_scattering,Photon scattering,3.0,H,ZY,1.0425413706999895e-09,0.47064293050931677,-1.0842095673878078,1.4871677908608481e-08,0.5684110161531573,False
photon_scattering,Photon scattering,3.0,H,ZZ,-1.850942629243328e-16,0.5399307898809802,-6.9141967160889966,2.4142779429844523e-15,0.8120405522411522,False
photon_scattering,Photon scattering,3.0,S,IX,6.2494858902364775e-06,0.0002350203231561656,0.9999998365990334,9.9980197516977e-05,0.0001788995568906453,True
photon_scattering,Photon scattering,3.0,S,IY,1.7560946118413843e-05,5.70567364298058e-05,0.9999999903764886,0.00028098031111755545,5.6532182539937566e-05,True
photon_scattering,Photon scattering,3.0,S,IZ,2.3063423839776795e-05,5.9641181813988886e-05,0.9999999894845808,0.0003690138634562301,5.4582146126085055e-05,True
photon_scattering,Photon scattering,3.0,S,XI,6.248601729667213e-06,0.0001942893112619199,0.9999998883517554,9.99689598776868e-05,0.0001922029667959228,True
photon_scattering,Photon scattering,3.0,S,XX,2.6318673518541277e-09,0.6608027843735365,-9.603801422852834,4.113909374070125e-08,0.8720502999680679,False
photon_scattering,Photon scattering,3.0,S,XY,2.306216094826745e-05,3.700764727636659e-05,0.9999999959510519,0.00036900195949889493,3.73502306430913e-05,True
photon_scattering,Photon scattering,3.0,S,XZ,1.756096861955514e-05,3.7577977671213656e-05,0.9999999958254567,0.0002809785797747382,4.0503570040928904e-05,True
photon_scattering,Photon scattering,3.0,S,YI,1.756040872853732e-05,6.445836741774591e-05,0.9999999877180399,0.00028097202215943346,6.823745109353266e-05,True
photon_scattering,Photon scattering,3.0,S,YX,2.3062550875216608e-05,4.058075514014892e-05,0.9999999951315344,0.0003690092369041218,3.628189459229932e-05,True
photon_scattering,Photon scattering,3.0,S,YY,-7.782234502642882e-10,0.8680328748725686,0.18791848111295195,2.4260920582853994e-08,0.7433820542442946,False
photon_scattering,Photon scattering,3.0,S,YZ,-1.8018554404878994e-09,0.2206816516900017,0.8797479921442782,2.9215898060032126e-08,0.22793360837034357,False
photon_scattering,Photon scattering,3.0,S,ZI,2.3063275151587762e-05,4.8400190449956394e-05,0.9999999930746905,0.0003690113788884235,4.933387226965702e-05,True
photon_scattering,Photon scattering,3.0,S,ZX,1.7561438045874584e-05,3.6139255321544005e-05,0.9999999961388639,0.0002809840396769042,3.8949659591192824e-05,True
photon_scattering,Photon scattering,3.0,S,ZY,-1.4763475279864332e-09,0.1788473095615514,0.922110869722603,2.413137524032898e-08,0.15182879271793995,False
photon_scattering,Photon scattering,3.0,S,ZZ,5.557913451851107e-10,0.4769096346508361,0.6411218497364383,1.0918994867260357e-08,0.3718539397807842,False
photon_scattering,Photon scattering,3.0,C,"IX,IY",8.582722957161906e-11,0.7792857513314775,-0.9957767890977796,2.0901663345693647e-09,0.6715008632485626,False
photon_scattering,Photon scattering,3.0,C,"IX,IZ",8.541499786872128e-10,0.589983690323104,-0.13856097246633858,1.5011325139611715e-08,0.555631627975152,False
photon_scattering,Photon scattering,3.0,C,"IX,XI",1.3347692396258754e-09,0.5831384421550158,-96.83490324596853,1.654640056004488e-08,0.699331452905379,False
photon_scattering,Photon scattering,3.0,C,"IX,XX",1.952633751448213e-10,0.9523002265117777,0.051589744615032185,8.15691989238365e-09,1.1915069685332027,False
photon_scattering,Photon scattering,3.0,C,"IX,XY",-1.7146635262394377e-09,0.4524732788603212,-2.682363106999654,2.408160932045166e-08,0.5546623838709063,False
photon_scattering,Photon scattering,3.0,C,"IX,XZ",-7.571481357753114e-11,0.986236922394855,0.027330287565714206,7.096922295579935e-09,0.914650536754855,False
photon_scattering,Photon scattering,3.0,C,"IX,YI",-2.4096504269862383e-11,0.8091634125066145,-1.0597074748797777,6.117339262112862e-10,0.8424380062155342,False
photon_scattering,Photon scattering,3.0,C,"IX,YX",1.0433084011578005e-09,0.7485533360132888,-7.346711103317222,1.8137842460598328e-08,0.8849578274346326,False
photon_scattering,Photon scattering,3.0,C,"IX,YY",-1.2210921269097415e-10,0.9663642418202443,-0.07802368091898959,5.966277789311283e-09,0.9590668698297168,False
photon_scattering,Photon scattering,3.0,C,"IX,YZ",-4.9516083262904276e-11,0.7830660163963391,-0.349426418464595,1.1351983694993472e-09,0.6510489472620212,False
photon_scattering,Photon scattering,3.0,C,"IX,ZI",6.072572507751678e-10,0.630111521287666,0.0018159947114353425,1.27958434266437e-08,0.6203409307052149,False
photon_scattering,Photon scattering,3.0,C,"IX,ZX",-7.761267215803677e-11,0.9895522255014305,-0.285745714407611,9.541680720196759e-09,0.9837318656043993,False
photon_scattering,Photon scattering,3.0,C,"IX,ZY",-1.2940515579125775e-11,0.5762662698472506,-5196.666642159246,1.4703703521469749e-10,0.8048569096116327,False
photon_scattering,Photon scattering,3.0,C,"IX,ZZ",-7.324564057651807e-10,0.47154539299742476,-0.0361695520196057,1.1356957910149976e-08,0.5436671703216747,False
photon_scattering,Photon scattering,3.0,C,"IY,IZ",-1.7095119683753984e-09,0.6038521436004427,-2.886589352568966,2.665673766467252e-08,0.7434776918495966,False
photon_scattering,Photon scattering,3.0,C,"IY,XI",1.2801353932545226e-10,0.6863414496996924,-12.22977905612874,1.980682566215019e-09,0.8707379551786741,False
photon_scattering,Photon scattering,3.0,C,"IY,XX",6.114836699740309e-10,0.3257036889585898,0.6412677491181891,1.0532422137423641e-08,0.25156279532710824,False
photon_scattering,Photon scattering,3.0,C,"IY,XY",1.015730191020846e-09,0.6419811227350538,-0.4326842452340329,1.7247469522761702e-08,0.5978720202284249,False
photon_scattering,Photon scattering,3.0,C,"IY,XZ",-9.277312939545072e-06,0.00028462428636764415,0.9999997606685904,0.00014845120216606768,0.00029159057437771015,True
photon_scattering,Photon scattering,3.0,C,"IY,YI",-1.579345262439702e-10,0.5814829576087321,-21138076.33859188,1.790093773501817e-09,0.8232746302547317,False
photon_scattering,Photon scattering,3.0,C,"IY,YX",-1.2865022739837944e-10,0.9553798320195426,0.00528550067036182,7.000202469918706e-09,0.9264877106333906,False
photon_scattering,Photon scattering,3.0,C,"IY,YY",3.038122624754424e-09,0.4489209665942172,-7.201561565941287,3.8887401862521654e-08,0.5010809469374806,False
photon_scattering,Photon scattering,3.0,C,"IY,YZ",-3.991932757865292e-10,0.636041771467837,0.5204433725398118,6.254429818794041e-09,0.7088908790795804,False
photon_scattering,Photon scattering,3.0,C,"IY,ZI",4.4913150511139426e-10,0.4435848475330361,0.6272743653741963,8.771271739814635e-09,0.3455967772259672,False
photon_scattering,Photon scattering,3.0,C,"IY,ZX",-9.113895713538371e-11,0.5815787374382253,-31324970515.00881,1.0329099991220804e-09,0.8235212635840636,False
photon_scattering,Photon scattering,3.0,C,"IY,ZY",-2.2029564503715462e-10,0.8938959270995934,0.14809481681136838,6.482336164781167e-09,0.9523636476216097,False
photon_scattering,Photon scattering,3.0,C,"IY,ZZ",6.29474423420386e-10,0.4560084546494966,0.40334222723712565,1.1303963897770728e-08,0.3900827095294808,False
photon_scattering,Photon scattering,3.0,C,"IZ,XI",3.6877419250881963e-10,0.785189471019428,0.121908831903627,7.314711874160382e-09,0.7240015011088541,False
photon_scattering,Photon scattering,3.0,C,"IZ,XX",-3.4980769147255374e-11,0.9992009195765247,-0.00672765498683181,1.3085468190507614e-08,1.0053465063134128,False
photon_scattering,Photon scattering,3.0,C,"IZ,XY",9.687851115958453e-06,0.00017238134834636427,0.9999999121276967,0.00015499458873766996,0.00015415163555684014,True
photon_scattering,Photon scattering,3.0,C,"IZ,XZ",-3.8800949102151645e-10,0.8395889437292878,0.2309697688158301,1.1083735961747008e-08,0.8783279305977862,False
photon_scattering,Photon scattering,3.0,C,"IZ,YI",3.012728574952144e-10,0.7134306542414341,0.4237958593840633,7.529567941680235e-09,0.6445396557335409,False
photon_scattering,Photon scattering,3.0,C,"IZ,YX",-8.749687371238374e-10,0.4763274624400758,0.6094081200433987,1.7713780573835022e-08,0.4217455999682056,False
photon_scattering,Photon scattering,3.0,C,"IZ,YY",-9.016096055683669e-11,0.9905698691484917,-0.017914806395126437,8.400569372521474e-09,1.0858617615627397,False
photon_scattering,Photon scattering,3.0,C,"IZ,YZ",-2.801227681695168e-09,0.44862830267080367,-6.453497304718064,3.6395687619369615e-08,0.4972884575047587,False
photon_scattering,Photon scattering,3.0,C,"IZ,ZI",-1.7197398855027805e-10,0.8987616389627042,-0.9143110923581421,6.566197392936977e-09,0.8952367842396792,False
photon_scattering,Photon scattering,3.0,C,"IZ,ZX",-1.7175517326065276e-10,0.817097233467177,0.26295634517920063,3.977982927610131e-09,0.7555205001731442,False
photon_scattering,Photon scattering,3.0,C,"IZ,ZY",6.684898279678872e-10,0.3416080090436491,0.6120744091311741,1.1547465702856281e-08,0.27617389361197414,False
photon_scattering,Photon scattering,3.0,C,"IZ,ZZ",-2.7401192696510823e-10,0.9335744048978178,0.07438393725598391,1.0263502523728052e-08,0.9710122061891676,False
photon_scattering,Photon scattering,3.0,C,"XI,XX",-4.322184263263563e-10,0.6807136021275947,-0.07270184233968191,8.326850705371293e-09,0.7923736396294216,False
photon_scattering,Photon scattering,3.0,C,"XI,XY",6.488726632192029e-10,0.7955491967649077,-0.824034107466961,1.4205382611652123e-08,0.9086441131565217,False
photon_scattering,Photon scattering,3.0,C,"XI,XZ",-5.088974981910362e-10,0.779491049613586,-0.31403142632326886,1.0881254913301384e-08,0.9064634544001071,False
photon_scattering,Photon scattering,3.0,C,"XI,YI",-6.84046443486094e-11,0.8652717498300406,-2.2574668701510734,2.1196873921565483e-09,0.9354577994833331,False
photon_scattering,Photon scattering,3.0,C,"XI,YX",-1.4213933466580233e-09,0.4587137002805326,-3.093324483334375,1.980918093460793e-08,0.5764476572800366,False
photon_scattering,Photon scattering,3.0,C,"XI,YY",-4.5635904858313455e-10,0.46170002553790795,0.2828245301687815,7.3308999201663754e-09,0.5221798193731639,False
photon_scattering,Photon scattering,3.0,C,"XI,YZ",7.396617545257813e-11,0.5827046298649384,-127364.6635130787,8.406307844721076e-10,0.8240222061364864,False
photon_scattering,Photon scattering,3.0,C,"XI,ZI",3.1109621705758343e-10,0.7279808833758302,-0.6035928103516404,6.326146592626802e-09,0.9016474839770012,False
photon_scattering,Photon scattering,3.0,C,"XI,ZX",-4.840845378722314e-10,0.5181397184349932,0.6177725052112086,7.177921422932158e-09,0.5101833641848854,False
photon_scattering,Photon scattering,3.0,C,"XI,ZY",-1.1482860035265185e-11,0.9789003707337566,-0.046854023931418576,8.944300045006446e-10,0.9486472503047301,False
photon_scattering,Photon scattering,3.0,C,"XI,ZZ",-4.3932668336887463e-10,0.7388743503129761,-0.5942261371148756,8.828744119663053e-09,0.9004781025671766,False
photon_scattering,Photon scattering,3.0,C,"XX,XY",6.889714010517111e-11,0.7703622013723828,0.11155984743630987,1.6050521420277828e-09,0.8282993099074571,False
photon_scattering,Photon scattering,3.0,C,"XX,XZ",8.147568492883571e-10,0.595072964182656,-0.032435275547598064,1.471215735077236e-08,0.5422239381524999,False
photon_scattering,Photon scattering,3.0,C,"XX,YI",6.732705364507807e-10,0.3709550035729798,0.4238116464802709,1.1260731330433806e-08,0.3070093993238247,False
photon_scattering,Photon scattering,3.0,C,"XX,YX",1.7864783508781432e-11,0.9791060220121731,-0.11578488706680123,1.2929050522824441e-09,0.8894595795584919,False
photon_scattering,Photon scattering,3.0,C,"XX,YY",6.2748679203625e-10,0.4826332818330966,-0.2713559552173783,9.244721823345801e-09,0.676172061129663,False
photon_scattering,Photon scattering,3.0,C,"XX,YZ",-4.804817719882583e-10,0.4682181910545101,0.5505424153538474,9.332742959877158e-09,0.42825834132331825,False
photon_scattering,Photon scattering,3.0,C,"XX,ZI",4.6116808393214485e-10,0.8486479806975449,-0.2976123380197966,1.1912418656383192e-08,0.8451471200821066,False
photon_scattering,Photon scattering,3.0,C,"XX,ZX",-2.618917079292816e-11,0.995886167681603,-0.02354507323423949,4.647668915856163e-09,0.9774603817379673,False
photon_scattering,Photon scattering,3.0,C,"XX,ZY",-7.844058788813835e-10,0.3693297609648374,0.27453656234999657,1.2649928789922308e-08,0.3809139678485952,False
photon_scattering,Photon scattering,3.0,C,"XX,ZZ",8.379616590632741e-11,0.5702299273004475,-0.10244989303387264,1.3983805264491754e-09,0.5545683742954804,False
photon_scattering,Photon scattering,3.0,C,"XY,XZ",-1.7941220356577474e-09,0.610653349433067,-5.991300008354733,2.72115565284779e-08,0.7362705755137333,False
photon_scattering,Photon scattering,3.0,C,"XY,YI",2.9913682515452285e-10,0.6078541272590192,0.3484153184079207,5.4233763969457514e-09,0.5753677870376359,False
photon_scattering,Photon scattering,3.0,C,"XY,YX",-8.669337594471775e-11,0.9407618037201646,0.10974719905318364,3.6372405724317464e-09,1.0953397216580119,False
photon_scattering,Photon scattering,3.0,C,"XY,YY",2.93154772307789e-10,0.6308525592134165,-1.9940335780908534,4.908155962975293e-09,0.7610876471577481,False
photon_scattering,Photon scattering,3.0,C,"XY,YZ",5.662927442636689e-10,0.6221258451246658,0.22273565293163622,1.1747320610121576e-08,0.6143510418702648,False
photon_scattering,Photon scattering,3.0,C,"XY,ZI",-1.0544517886213628e-09,0.3996409855436915,0.6326032939400692,1.9747921405768722e-08,0.34800790813342075,False
photon_scattering,Photon scattering,3.0,C,"XY,ZX",7.522359083471517e-10,0.3686874088296085,0.45498768317269966,1.264058222638325e-08,0.2773516018900249,False
photon_scattering,Photon scattering,3.0,C,"XY,ZY",8.421645051773577e-11,0.9866395761494633,0.024374021638165377,7.456087943317156e-09,0.9096400673833591,False
photon_scattering,Photon scattering,3.0,C,"XY,ZZ",-1.3334465414058406e-10,0.8091247193115564,-0.48125062798996643,3.4966439184454705e-09,0.8474598417789523,False
photon_scattering,Photon scattering,3.0,C,"XZ,YI",-3.5763412701257304e-10,0.5815801754337897,-3474392201711.2217,4.053189569710622e-09,0.8235295335381482,False
photon_scattering,Photon scattering,3.0,C,"XZ,YX",4.311714840090602e-10,0.4625546712490855,0.6183914897489948,8.567638051491593e-09,0.36080852536652736,False
photon_scattering,Photon scattering,3.0,C,"XZ,YY",-4.4201305776122806e-10,0.7116363872348433,0.0639534215737898,1.0829481306647081e-08,0.6734742540328889,False
photon_scattering,Photon scattering,3.0,C,"XZ,YZ",-1.2332832556338554e-10,0.5707437036450087,0.13577009852974753,1.9948846251625334e-09,0.7527108605524746,False
photon_scattering,Photon scattering,3.0,C,"XZ,ZI",2.683554846411876e-10,0.8515999837210758,-0.09176741751492279,8.581452288747726e-09,0.8749137206097088,False
photon_scattering,Photon scattering,3.0,C,"XZ,ZX",-2.660897928126036e-10,0.581525723565578,-64638555.096040234,3.0158516723538904e-09,0.823393893363272,False
photon_scattering,Photon scattering,3.0,C,"XZ,ZY",-1.1468703314006618e-10,0.6682503559205109,-0.19796453150342574,2.297788612423701e-09,0.8003523343792802,False
photon_scattering,Photon scattering,3.0,C,"XZ,ZZ",1.7713154074237066e-10,0.9230971520534638,0.13978358565739468,6.657850528820176e-09,0.7871606880020964,False
photon_scattering,Photon scattering,3.0,C,"YI,YX",5.712043581580107e-10,0.7247817771420138,-0.6233218683495099,1.1727261034688395e-08,0.902585206133226,False
photon_scattering,Photon scattering,3.0,C,"YI,YY",2.7314566248178885e-09,0.4284602352303249,-3.4985344103143072,3.58509679096693e-08,0.4651640182158197,False
photon_scattering,Photon scattering,3.0,C,"YI,YZ",4.766997252447535e-10,0.8008321750576481,-0.18713636657498633,1.0170208987392503e-08,0.9062556677378618,False
photon_scattering,Photon scattering,3.0,C,"YI,ZI",-2.4829365050959622e-09,0.49190512271590336,-1.76642602405966,3.222663693902763e-08,0.722445184174337,False
photon_scattering,Photon scattering,3.0,C,"YI,ZX",-9.277039679603308e-06,0.00026906420993337137,0.9999997861085828,0.00014844973597770935,0.0002505891091450859,True
photon_scattering,Photon scattering,3.0,C,"YI,ZY",1.9478470000786954e-10,0.9385821522069127,-0.34091535412895446,6.905151277524183e-09,0.9435827856105394,False
photon_scattering,Photon scattering,3.0,C,"YI,ZZ",5.635351136894561e-10,0.45649096892642743,0.4077018004456595,1.0117346996690229e-08,0.41289102911737624,False
photon_scattering,Photon scattering,3.0,C,"YX,YY",6.251777779652359e-11,0.9330247900244196,-0.2464965956880112,2.6137092736081593e-09,0.9521616436626715,False
photon_scattering,Photon scattering,3.0,C,"YX,YZ",-1.8470863938761637e-10,0.9579833302415104,-0.20211210251104594,1.0857070737265283e-08,0.9659744983048455,False
photon_scattering,Photon scattering,3.0,C,"YX,ZI",9.686502208537777e-06,0.00019720716251359129,0.9999998849568349,0.00015497305863357806,0.00015764761741329745,True
photon_scattering,Photon scattering,3.0,C,"YX,ZX",-2.6010413717479576e-09,0.45702931840515904,-1.7982875244493615,3.419198017480549e-08,0.642152786265627,False
photon_scattering,Photon scattering,3.0,C,"YX,ZY",1.47173693534947e-10,0.9647081187188349,0.0647919410157285,8.092837139990628e-09,1.0363713469056952,False
photon_scattering,Photon scattering,3.0,C,"YX,ZZ",-4.9314785962042206e-11,0.9562532676680032,-0.31364412400602837,2.739790218761824e-09,0.9640010496976452,False
photon_scattering,Photon scattering,3.0,C,"YY,YZ",-1.3702178494632156e-09,0.37056558044175386,0.51244445275356,2.0930244390273724e-08,0.4604867831145313,False
photon_scattering,Photon scattering,3.0,C,"YY,ZI",1.4564274117011636e-11,0.9998610726360716,-0.014251517519953572,1.3263880856791687e-08,1.002196080359023,False
photon_scattering,Photon scattering,3.0,C,"YY,ZX",-2.3391329250127206e-10,0.9166501359397361,0.0282786211294781,6.7018777612694385e-09,0.924500528364014,False
photon_scattering,Photon scattering,3.0,C,"YY,ZY",-2.286229157099333e-09,0.31964807255161937,0.5463307297754174,3.2154160257254536e-08,0.3037763835415655,False
photon_scattering,Photon scattering,3.0,C,"YY,ZZ",1.2231760655577198e-09,0.30830086909600213,0.7006429868879155,2.1202312574044936e-08,0.25266011508966935,False
photon_scattering,Photon scattering,3.0,C,"YZ,ZI",6.511296006567473e-10,0.337070842655356,0.5197918743609553,1.0832414936651321e-08,0.2961453962948723,False
photon_scattering,Photon scattering,3.0,C,"YZ,ZX",3.6269902301394726e-10,0.543139067937377,-11.735639185941706,4.628555398826024e-09,0.6458228618976017,False
photon_scattering,Photon scattering,3.0,C,"YZ,ZY",7.591610742777004e-10,0.5019031473027366,0.6076254755548607,1.5769467333382153e-08,0.40680159341482713,False
photon_scattering,Photon scattering,3.0,C,"YZ,ZZ",-2.1461985153397574e-09,0.2482621813907146,0.7806937903360581,3.01987452031588e-08,0.28850893898492425,False
photon_scattering,Photon scattering,3.0,C,"ZI,ZX",-2.1029380916600476e-12,0.9999872971425979,-0.18962597008854898,7.403083189889284e-09,1.0011362498773657,False
photon_scattering,Photon scattering,3.0,C,"ZI,ZY",-2.9198635712231754e-09,0.4430946310078106,-5.36138556423843,3.826210296511315e-08,0.478588640555506,False
photon_scattering,Photon scattering,3.0,C,"ZI,ZZ",-4.2851840225155594e-10,0.8236894269296742,0.2252588037776313,8.49664851989236e-09,1.1008676306306677,False
photon_scattering,Photon scattering,3.0,C,"ZX,ZY",7.748124925947368e-11,0.7480541126578779,-0.38989136786577094,1.5108636318864227e-09,0.7948689805638309,False
photon_scattering,Photon scattering,3.0,C,"ZX,ZZ",5.742478674978008e-11,0.9943917939851923,-0.00017383394976544508,8.737796391527869e-09,1.0131439974512244,False
photon_scattering,Photon scattering,3.0,C,"ZY,ZZ",-1.3597993424943809e-09,0.3072093660953059,0.3514305295688219,2.0507269288260892e-08,0.3002398590863525,False
photon_scattering,Photon scattering,3.0,A,"IX,IY",8.164873227904179e-10,0.68624514043132,-0.7407914312362809,1.4025843272784548e-08,0.8835738704745528,False
photon_scattering,Photon scattering,3.0,A,"IX,IZ",6.872805138325195e-10,0.7745062429588543,-0.6992640883092052,1.4335556842786588e-08,0.9041152678797618,False
photon_scattering,Photon scattering,3.0,A,"IX,XI",-1.1819428919251138e-09,0.6666452635438793,0.33662248746026546,2.152771059415429e-08,0.6188046414260491,False
photon_scattering,Photon scattering,3.0,A,"IX,XX",-2.0208193878312982e-10,0.9842060821606335,-0.05369183894199936,1.4816008055115058e-08,1.0272788645944835,False
photon_scattering,Photon scattering,3.0,A,"IX,XY",8.231278677597752e-11,0.9885883859628196,-0.15418525914654357,9.308673102147691e-09,0.982314818476763,False
photon_scattering,Photon scattering,3.0,A,"IX,XZ",8.541072187405544e-11,0.6426486128970818,0.0909330397876984,1.633710189726184e-09,0.6422497221549276,False
photon_scattering,Photon scattering,3.0,A,"IX,YI",7.059611295766054e-10,0.2896768432291136,0.7994551131072782,1.0059467468543934e-08,0.31207322568733414,False
photon_scattering,Photon scattering,3.0,A,"IX,YX",2.6269068672095273e-10,0.7856523729705734,-0.37442718240641804,7.0054229839747145e-09,0.8500072373520503,False
photon_scattering,Photon scattering,3.0,A,"IX,YY",-4.973177664857827e-10,0.4201948212641199,0.6041395200343243,9.39599192947656e-09,0.35799271780546393,False
photon_scattering,Photon scattering,3.0,A,"IX,YZ",2.2403492249131247e-10,0.6586709481969185,-11.61210275176255,3.4265778615350536e-09,0.7128945584778819,False
photon_scattering,Photon scattering,3.0,A,"IX,ZI",-1.0144571312204676e-09,0.38899011995565513,-0.244780353792176,1.5442486976219666e-08,0.4382652061100062,False
photon_scattering,Photon scattering,3.0,A,"IX,ZX",1.6338341678174194e-10,0.5310150167283162,-12.769041485491655,2.0676817366097907e-09,0.5488939802569844,False
photon_scattering,Photon scattering,3.0,A,"IX,ZY",-8.052798729951805e-10,0.6743050297258532,-0.043762301734943776,1.587089077963358e-08,0.7970422998490896,False
photon_scattering,Photon scattering,3.0,A,"IX,ZZ",-5.619152448872603e-10,0.42082192046829725,0.5288246756562672,1.025567227934845e-08,0.36324884831390375,False
photon_scattering,Photon scattering,3.0,A,"IY,IZ",-3.2164056958375945e-10,0.8935950123300931,0.19246521399944194,9.92931516000271e-09,0.7408557876141205,False
photon_scattering,Photon scattering,3.0,A,"IY,XI",-2.0273259926678523e-10,0.8913820849111329,0.11633168131733951,7.68844663545108e-09,0.7890522141812164,False
photon_scattering,Photon scattering,3.0,A,"IY,XX",-4.431319952690753e-10,0.8650224544788908,-0.6110377757156447,1.4794462976318276e-08,0.940094886042379,False
photon_scattering,Photon scattering,3.0,A,"IY,XY",-5.755311191372371e-11,0.99873166144556,-0.24955004494519084,1.6417781722424145e-08,1.007011070421909,False
photon_scattering,Photon scattering,3.0,A,"IY,XZ",-7.851749800733923e-11,0.7569632749873619,-0.3011101867454422,1.7413589261148946e-09,0.9098204318135402,False
photon_scattering,Photon scattering,3.0,A,"IY,YI",8.231928215797077e-11,0.881968506842953,-0.41264411189609373,2.2643844234213045e-09,0.8785592089539046,False
photon_scattering,Photon scattering,3.0,A,"IY,YX",1.9764739013875662e-10,0.8725675871312828,0.2368780841431244,6.355243160626722e-09,0.8179745165620231,False
photon_scattering,Photon scattering,3.0,A,"IY,YY",-1.8719798532872944e-10,0.9274629386271598,0.1195240037107429,7.754126748470369e-09,0.8068662105729367,False
photon_scattering,Photon scattering,3.0,A,"IY,YZ",1.309901460695667e-10,0.6267747501517689,-2.97475176348054,1.9243376525786947e-09,0.7277189979751542,False
photon_scattering,Photon scattering,3.0,A,"IY,ZI",-1.997114168996828e-10,0.7651832763902217,0.29927934391189315,4.294819326693678e-09,0.6780875750712198,False
photon_scattering,Photon scattering,3.0,A,"IY,ZX",2.7829777614826563e-10,0.9157594686306914,0.09374411529671733,9.62463245638176e-09,0.8843393646834853,False
photon_scattering,Photon scattering,3.0,A,"IY,ZY",1.3899013281893802e-10,0.7049557711968647,-3.040837983487071,2.4241606859355405e-09,0.7706585481311881,False
photon_scattering,Photon scattering,3.0,A,"IY,ZZ",-7.263932581955876e-10,0.7576623522129976,-1.7637507765994136,1.387873542963622e-08,0.790645693369305,False
photon_scattering,Photon scattering,3.0,A,"IZ,XI",1.6121552814462724e-09,0.46642964118036057,-3.8161575249340904,2.2240835806226123e-08,0.5706389773914398,False
photon_scattering,Photon scattering,3.0,A,"IZ,XX",1.9892767890265515e-10,0.6308287169514384,-10.48028910173877,2.976055792470333e-09,0.5626461840963493,False
photon_scattering,Photon scattering,3.0,A,"IZ,XY",6.066295858150724e-11,0.8632355534301768,-0.8178197760830517,1.9810526587607666e-09,0.8775136878603631,False
photon_scattering,Photon scattering,3.0,A,"IZ,XZ",1.554246225298064e-10,0.9923146932320381,-0.45961137090116133,1.7345383198375067e-08,0.9820788482154299,False
photon_scattering,Photon scattering,3.0,A,"IZ,YI",-1.970713952698693e-10,0.9064571624166099,-0.02783469966759755,7.77356449013374e-09,0.8985940642700045,False
photon_scattering,Photon scattering,3.0,A,"IZ,YX",2.7310917071116194e-10,0.5814527778711183,-11700690.510963215,3.0955195835605442e-09,0.823143015040976,False
photon_scattering,Photon scattering,3.0,A,"IZ,YY",1.4803452266329286e-10,0.41837714775845924,-1.0450788285785233,1.952071355954422e-09,0.393323313876855,False
photon_scattering,Photon scattering,3.0,A,"IZ,YZ",-8.064965447566598e-11,0.9856143213858026,0.018940186988341767,6.431795773188056e-09,0.8996862993543836,False
photon_scattering,Photon scattering,3.0,A,"IZ,ZI",4.755531852670648e-11,0.5815845006384396,-2637996656.3329387,5.389728861738779e-10,0.8235335403816041,False
photon_scattering,Photon scattering,3.0,A,"IZ,ZX",3.4895447571538617e-10,0.5736560115414764,0.5494935902801177,7.635931037789046e-09,0.44071208649207566,False
photon_scattering,Photon scattering,3.0,A,"IZ,ZY",-3.4607804589782053e-10,0.7544011234477919,0.3070082740316422,8.266304689357874e-09,0.6650710963089806,False
photon_scattering,Photon scattering,3.0,A,"IZ,ZZ",-6.291762413598411e-11,0.4600382801800966,-0.49224517123916134,9.052524875071145e-10,0.4439772328337103,False
photon_scattering,Photon scattering,3.0,A,"XI,XX",4.293849323316998e-11,0.9939810821702052,-0.07120358038428631,7.010471681848823e-09,1.0122498157561477,False
photon_scattering,Photon scattering,3.0,A,"XI,XY",-1.5260623820519964e-10,0.9596432857394515,0.07540914201814863,7.018416040051116e-09,1.173949492118268,False
photon_scattering,Photon scattering,3.0,A,"XI,XZ",-1.6949950920066552e-10,0.7206371824976993,-9.058657739824582,2.7546952418915986e-09,0.8769377413348466,False
photon_scattering,Photon scattering,3.0,A,"XI,YI",3.396208302704958e-10,0.8883794173363155,-0.9043578050201238,1.2098854569921966e-08,0.9438590110646009,False
photon_scattering,Photon scattering,3.0,A,"XI,YX",1.1106341887188443e-11,0.9997938522183577,-0.0633848807813131,6.692111802248435e-09,1.0132769352519866,False
photon_scattering,Photon scattering,3.0,A,"XI,YY",-7.673878551523243e-10,0.3896616278868229,0.26925210095609364,1.2584611716680507e-08,0.3509018280110541,False
photon_scattering,Photon scattering,3.0,A,"XI,YZ",4.278792548914754e-10,0.8171745179350156,0.07743996899289884,1.1273268535542772e-08,0.8481791670117882,False
photon_scattering,Photon scattering,3.0,A,"XI,ZI",1.3175556887224613e-09,0.7322372817794792,-9.06602550798008,2.209513864835313e-08,0.8807379569151819,False
photon_scattering,Photon scattering,3.0,A,"XI,ZX",5.935512155075784e-11,0.8385414200601481,-1.8289339455639082,1.7188616291418502e-09,0.930936707708821,False
photon_scattering,Photon scattering,3.0,A,"XI,ZY",-3.690036230938311e-10,0.5436330956379325,-17.493552851516235,4.630772397080245e-09,0.6634118110202741,False
photon_scattering,Photon scattering,3.0,A,"XI,ZZ",-7.069596995966662e-10,0.3649371061734495,0.42675172571812037,1.1772239417204003e-08,0.34732831372474554,False
photon_scattering,Photon scattering,3.0,A,"XX,XY",6.864197215656523e-10,0.6047220916397728,0.39611870772739,1.4400617757057592e-08,0.5851619498304542,False
photon_scattering,Photon scattering,3.0,A,"XX,XZ",1.8028645555261477e-10,0.953302754772095,-0.03161410605404913,9.908994517195748e-09,0.9272231081610748,False
photon_scattering,Photon scattering,3.0,A,"XX,YI",1.5830698753473904e-10,0.9626124276586882,-0.5747127781235108,7.878459080589759e-09,0.9196254059757641,False
photon_scattering,Photon scattering,3.0,A,"XX,YX",3.5234282293041703e-10,0.7813745693773897,0.23341725326540097,8.161302717172207e-09,0.7301620613988172,False
photon_scattering,Photon scattering,3.0,A,"XX,YY",-7.703716838667152e-16,0.8510657784753929,-1.5428816249624946,2.3600599714294284e-14,0.8694318461068393,False
photon_scattering,Photon scattering,3.0,A,"XX,YZ",-7.458019445777906e-10,0.45096164721399995,-0.800846720207639,1.0611127615222778e-08,0.5612509521485765,False
photon_scattering,Photon scattering,3.0,A,"XX,ZI",3.762809629347225e-11,0.5941824374820448,0.38122527962541075,6.105095217167409e-10,0.6698835007465197,False
photon_scattering,Photon scattering,3.0,A,"XX,ZX",-5.475780948625069e-10,0.8445003611005325,-2.470047468463583,1.2562825325532922e-08,0.912825645398476,False
photon_scattering,Photon scattering,3.0,A,"XX,ZY",1.6730147565338618e-10,0.9368481281209556,-0.026315269084690174,7.998104713711022e-09,0.9163294397150945,False
photon_scattering,Photon scattering,3.0,A,"XX,ZZ",1.26688207092617e-09,0.3831555416699804,0.5011233079548068,2.2005882569331264e-08,0.29943461917109687,False
photon_scattering,Photon scattering,3.0,A,"XY,XZ",4.605856723733813e-10,0.721776961371147,0.19452924148781192,1.0892065676349363e-08,0.6617092213290778,False
photon_scattering,Photon scattering,3.0,A,"XY,YI",-4.919254315614414e-10,0.4077166697330554,0.6361609877338619,9.256180939151292e-09,0.31209036199993934,False
photon_scattering,Photon scattering,3.0,A,"XY,YX",1.9150308420290767e-10,0.5815803622848268,-342263434006.9791,2.170372540035705e-09,0.8235297575228654,False
photon_scattering,Photon scattering,3.0,A,"XY,YY",-2.1462602182729537e-10,0.9699154315648593,-0.17995154792353119,1.465306596753331e-08,0.9414112999142048,False
photon_scattering,Photon scattering,3.0,A,"XY,YZ",6.594096302139511e-10,0.31089029938438284,0.6004234160558399,1.0867573127570093e-08,0.33121054668640854,False
photon_scattering,Photon scattering,3.0,A,"XY,ZI",-1.7355823941040198e-10,0.581380721251004,-4769656.234359451,1.9672754546907283e-09,0.8229269429279854,False
photon_scattering,Photon scattering,3.0,A,"XY,ZX",-2.6945552528940076e-10,0.8508015492759244,-0.09343715349603476,8.595997356420782e-09,0.8746134908530977,False
photon_scattering,Photon scattering,3.0,A,"XY,ZY",-3.0765752402262414e-09,0.45790345330552656,-6.2010728659704535,4.009272979369978e-08,0.4858789268012942,False
photon_scattering,Photon scattering,3.0,A,"XY,ZZ",1.0086857479803494e-10,0.9899519096342627,-0.008497486730555392,9.266919047578554e-09,1.087078412387247,False
photon_scattering,Photon scattering,3.0,A,"XZ,YI",4.1785506679038273e-10,0.8342561704374714,0.10033618238097508,1.1202918044010708e-08,0.8508049188081758,False
photon_scattering,Photon scattering,3.0,A,"XZ,YX",-2.429154954900344e-10,0.6893331943617469,0.3361268212179347,4.786202732745589e-09,0.5787562260847874,False
photon_scattering,Photon scattering,3.0,A,"XZ,YY",3.932505395980481e-10,0.5291622346320773,0.5151867506354546,8.049404862862644e-09,0.45025786966175746,False
photon_scattering,Photon scattering,3.0,A,"XZ,YZ",3.850060846744901e-10,0.7267451677097114,0.24785263345488673,7.368164035374627e-09,0.6903268895240745,False
photon_scattering,Photon scattering,3.0,A,"XZ,ZI",-7.654594210804216e-10,0.36857774135444304,0.43589137470591377,1.2790347523407445e-08,0.28429422461890264,False
photon_scattering,Photon scattering,3.0,A,"XZ,ZX",2.7088949495183633e-10,0.6121373510492676,-1.6177972729610723,4.60101349978785e-09,0.7644958051400398,False
photon_scattering,Photon scattering,3.0,A,"XZ,ZY",4.3786590169181074e-10,0.5642856229005401,0.6055266784454274,7.031109014232377e-09,0.6441010060096465,False
photon_scattering,Photon scattering,3.0,A,"XZ,ZZ",2.7922815274214814e-09,0.4302840427797238,-4.023187568651979,3.667626976681231e-08,0.4458186604851798,False
photon_scattering,Photon scattering,3.0,A,"YI,YX",9.413621947917293e-10,0.5026288947328491,-0.09534305959281197,1.2202483212927937e-08,0.691419466557626,False
photon_scattering,Photon scattering,3.0,A,"YI,YY",-1.0500326627157863e-11,0.9998206938294654,-0.03301625533050445,8.987994116639933e-09,1.0023365228082912,False
photon_scattering,Photon scattering,3.0,A,"YI,YZ",-8.508097179070402e-12,0.9944814841135079,-0.027687261094403004,1.3937005081541002e-09,1.012209362240011,False
photon_scattering,Photon scattering,3.0,A,"YI,ZI",5.399620425866685e-11,0.9959351725101327,-0.15237779491500048,1.0252282152397199e-08,0.9894665005398742,False
photon_scattering,Photon scattering,3.0,A,"YI,ZX",-1.1329270379232859e-11,0.9936786891727338,-0.1493056086320339,1.6236698141938403e-09,0.9441794370742409,False
photon_scattering,Photon scattering,3.0,A,"YI,ZY",-2.3131545185238324e-11,0.9505813131849834,0.04826274720304724,9.078941111909159e-10,1.0509564824798696,False
photon_scattering,Photon scattering,3.0,A,"YI,ZZ",-1.0519336875788268e-09,0.693058213818464,-2.306455348594,2.0006641425561823e-08,0.8948415513425652,False
photon_scattering,Photon scattering,3.0,A,"YX,YY",-1.1162519216546705e-10,0.9899690626007941,-0.2784691461727655,1.4339426315462732e-08,0.9844310100404647,False
photon_scattering,Photon scattering,3.0,A,"YX,YZ",-3.0369121722878848e-09,0.4597733439337544,-8.430015062801345,3.9205040659649346e-08,0.5353171468435626,False
photon_scattering,Photon scattering,3.0,A,"YX,ZI",-1.9977018028039125e-10,0.6088315124282162,-1.5405601243961962,2.913770437088883e-09,0.7037403124949426,False
photon_scattering,Photon scattering,3.0,A,"YX,ZX",5.600738559900334e-11,0.9939771229264943,0.001731898464599424,6.266057994285715e-09,1.0178764338440782,False
photon_scattering,Photon scattering,3.0,A,"YX,ZY",8.108079521215858e-10,0.341422452491922,0.42576765016055684,1.3022870174406802e-08,0.2724262331495671,False
photon_scattering,Photon scattering,3.0,A,"YX,ZZ",-6.246427702579988e-11,0.9973722134479303,0.004000457277041014,1.2471122661678968e-08,1.0100174264531514,False
photon_scattering,Photon scattering,3.0,A,"YY,YZ",2.1710996084050498e-10,0.9523446441427125,0.09248719356921986,9.27481060508003e-09,1.0468171200653067,False
photon_scattering,Photon scattering,3.0,A,"YY,ZI",-1.9074555068185203e-10,0.5925768617581589,-8.161526879761547,2.6801095902445677e-09,0.71531678946838,False
photon_scattering,Photon scattering,3.0,A,"YY,ZX",-4.5248778878287216e-10,0.5133722151775549,0.5429003715678139,9.23919831368053e-09,0.46368214324595136,False
photon_scattering,Photon scattering,3.0,A,"YY,ZY",1.4055608595816054e-10,0.9676232432457712,0.06039747523852179,7.394463508240222e-09,0.8941751876538621,False
photon_scattering,Photon scattering,3.0,A,"YY,ZZ",5.9809244964076214e-09,0.04584460768551934,0.9942486641997924,9.734642020951714e-08,0.04739683819476382,False
photon_scattering,Photon scattering,3.0,A,"YZ,ZI",2.59836092478186e-10,0.8926729794329378,0.13501017807744342,7.08415482127413e-09,1.0733569773765765,False
photon_scattering,Photon scattering,3.0,A,"YZ,ZX",2.6199026937707205e-10,0.9008259800628923,-0.6440874995797268,7.957345392600672e-09,0.9341513390582015,False
photon_scattering,Photon scattering,3.0,A,"YZ,ZY",-9.063402739340368e-10,0.7170433130686719,0.19332659646268868,1.826699599481068e-08,0.6309553157536791,False
photon_scattering,Photon scattering,3.0,A,"YZ,ZZ",3.4964798567556295e-10,0.7329950499054028,0.34896506334310184,7.539389996921418e-09,0.7558202385135439,False
photon_scattering,Photon scattering,3.0,A,"ZI,ZX",8.37289624787311e-10,0.5091077162171088,-0.48047729286081564,1.1129088133184888e-08,0.6232403741116483,False
photon_scattering,Photon scattering,3.0,A,"ZI,ZY",2.36136398334391e-10,0.9372102337041872,-0.3212552127585526,1.1709609952569267e-08,0.9596679309915734,False
photon_scattering,Photon scattering,3.0,A,"ZI,ZZ",1.300406634056903e-10,0.5538517582003418,-1.7163402729561974,1.7762901173733492e-09,0.8535817295454133,False
photon_scattering,Photon scattering,3.0,A,"ZX,ZY",-2.4794582166080253e-10,0.9152302032834378,-0.045963116304420515,7.866906236144837e-09,0.9369648463530416,False
photon_scattering,Photon scattering,3.0,A,"ZX,ZZ",2.9543317051479286e-09,0.45090539985638023,-6.744498381694028,3.799144777826052e-08,0.4849013782347578,False
photon_scattering,Photon scattering,3.0,A,"ZY,ZZ",-8.72835384601023e-11,0.9858522236736206,-0.3274895231810262,7.518988263888445e-09,0.9767831693848227,False
photon_scattering,Photon scattering,4.0,H,IX,1.328546724781119e-09,0.7058361248141416,-2.3385214314897307,2.6187314030501166e-08,0.5941403617847267,False
photon_scattering,Photon scattering,4.0,H,IY,-7.714552473297732e-11,0.9986749100136242,-0.03696331985706691,2.2761262914395048e-08,1.0271146728626162,False
photon_scattering,Photon scattering,4.0,H,IZ,-1.381258832629689e-10,0.8443323376591406,0.16105531118663707,3.7353073567820675e-09,0.8707338013787084,False
photon_scattering,Photon scattering,4.0,H,XI,5.4204786793198e-10,0.6672912703440064,-5.114120786000841,8.575381712471915e-09,0.7471609376204755,False
photon_scattering,Photon scattering,4.0,H,XX,1.3279404724913364e-08,0.372050640604499,0.8017301315083111,2.5612695080981485e-07,0.20277616433007417,True
photon_scattering,Photon scattering,4.0,H,XY,5.8199832100278e-10,0.926569240186443,-0.19291415982275884,2.590203922095369e-08,0.8202463316380226,False
photon_scattering,Photon scattering,4.0,H,XZ,1.462787088927342e-10,0.9859834477435603,-0.8860424642638354,1.0863954920939036e-08,0.9461416362798787,False
photon_scattering,Photon scattering,4.0,H,YI,-5.122671509817871e-10,0.7684361745551679,-2.109849070955906,1.1820572563856361e-08,0.8266523391436584,False
photon_scattering,Photon scattering,4.0,H,YX,6.187656687901285e-10,0.8822850440733815,0.10238813776632749,1.498273523027967e-08,1.1651943144639227,False
photon_scattering,Photon scattering,4.0,H,YY,6.440724034876228e-10,0.9252424861665732,-1.8148467586053094,2.2877331062315886e-08,0.8873867932000942,False
photon_scattering,Photon scattering,4.0,H,YZ,-3.594678141076959e-10,0.6488610995472739,0.4224212572066932,6.139515927048358e-09,0.7154620989883343,False
photon_scattering,Photon scattering,4.0,H,ZI,-2.936406043224172e-12,0.9998371975838074,-0.0008334483135306048,2.2082277144579657e-09,1.0026595138028553,False
photon_scattering,Photon scattering,4.0,H,ZX,2.057735155964562e-10,0.9636784205092345,-1.2185524302611768,1.002805977854873e-08,0.9282586287014334,False
photon_scattering,Photon scattering,4.0,H,ZY,-4.3695039213004333e-10,0.9032031224063112,0.07570432061019405,1.1858542114665342e-08,1.1473875584047286,False
photon_scattering,Photon scattering,4.0,H,ZZ,-5.02218522647806e-18,0.9978708684286622,-0.2580539792665282,1.0844821603015541e-15,1.0092619047326359,False
photon_scattering,Photon scattering,4.0,S,IX,6.248995089946415e-06,0.00013850411682567895,0.9999999432777399,9.998748684476123e-05,0.000119955323160751,True
photon_scattering,Photon scattering,4.0,S,IY,1.7881002259270936e-05,8.265872432268764e-05,0.9999999798023717,0.0002861083843709526,5.9536446922006694e-05,True
photon_scattering,Photon scattering,4.0,S,IZ,2.2744037528363068e-05,5.629880763463601e-05,0.9999999906287567,0.00036389455974031077,5.76709854989287e-05,True
photon_scattering,Photon scattering,4.0,S,XI,6.248747574635143e-06,0.0003475521165390054,0.9999996426154626,9.996085655548633e-05,0.0002482940195901202,True
photon_scattering,Photon scattering,4.0,S,XX,2.630792918032684e-09,0.5881451659225595,-1.9052017386918743,3.885806012119482e-08,0.736957029678081,False
photon_scattering,Photon scattering,4.0,S,XY,2.2742854910197237e-05,7.524579883536375e-05,0.9999999832626218,0.00036390038946287163,7.11733633645903e-05,True
photon_scattering,Photon scattering,4.0,S,XZ,1.787997927057827e-05,6.477085231756355e-05,0.9999999875969027,0.00028607334358602765,5.4647341475136206e-05,True
photon_scattering,Photon scattering,4.0,S,YI,1.7881264145261444e-05,6.124777201707629e-05,0.9999999889083884,0.0002860912337926487,4.934629947338086e-05,True
photon_scattering,Photon scattering,4.0,S,YX,2.2743335034086376e-05,5.731161150395046e-05,0.9999999902899297,0.0003639051987034607,5.388636341133882e-05,True
photon_scattering,Photon scattering,4.0,S,YY,-6.783781715135484e-10,0.9355008371965884,-0.4994494491613626,3.2245877007626433e-08,0.8316986270578143,False
photon_scattering,Photon scattering,4.0,S,YZ,-1.8001141407593304e-09,0.587786659921726,0.5498642368759155,4.012957224657464e-08,0.4474158028749104,False
photon_scattering,Photon scattering,4.0,S,ZI,2.2743644277621934e-05,5.193483570059894e-05,0.9999999920252998,0.0003638890364425964,5.2284456825789154e-05,True
photon_scattering,Photon scattering,4.0,S,ZX,1.7879715254434015e-05,0.00010856400941467913,0.9999999651630489,0.00028609216864313976,7.970995276425458e-05,True
photon_scattering,Photon scattering,4.0,S,ZY,-2.030116037064013e-09,0.5150923211020029,-0.13766635691541884,3.38434017102242e-08,0.5201153703291691,False
photon_scattering,Photon scattering,4.0,S,ZZ,1.1298454293252821e-09,0.6823863781411535,0.43334812016326074,2.1927173654548893e-08,0.5877825579801926,False
photon_scattering,Photon scattering,4.0,C,"IX,IY",-1.1946233850811e-10,0.8718953717981625,0.22059208789540896,3.769813292254966e-09,0.898286945815405,False
photon_scattering,Photon scattering,4.0,C,"IX,IZ",3.646576819241383e-10,0.9678596819724016,0.0632448111383277,1.8852197081700185e-08,1.1547438445901295,False
photon_scattering,Photon scattering,4.0,C,"IX,XI",8.071271626102632e-10,0.5682679005896407,-13.776612019088722,1.0696974344326774e-08,0.6981848748517081,False
photon_scattering,Photon scattering,4.0,C,"IX,XX",-1.934661555393371e-10,0.9923412525304546,-0.2226852693755379,2.4368579192137238e-08,0.93648668508281,False
photon_scattering,Photon scattering,4.0,C,"IX,XY",-1.3193293850661603e-10,0.9717868760225657,-0.5870407601092407,8.22279654071384e-09,0.9358208911757107,False
photon_scattering,Photon scattering,4.0,C,"IX,XZ",2.335862028861422e-10,0.9805231269625239,0.03116693528007819,1.6853078096177948e-08,1.1108812059390463,False
photon_scattering,Photon scattering,4.0,C,"IX,YI",-5.693252567009444e-11,0.8854969318157133,0.2137922942024325,1.4541536510948022e-09,1.0783033149588164,False
photon_scattering,Photon scattering,4.0,C,"IX,YX",-2.0151852428828703e-09,0.579964352168711,-4.231487959885775,3.187628795494941e-08,0.4942484530869037,False
photon_scattering,Photon scattering,4.0,C,"IX,YY",4.54368171797935e-10,0.4608068047487406,0.09789894488973416,6.244425654138315e-09,0.6748090384143434,False
photon_scattering,Photon scattering,4.0,C,"IX,YZ",-2.151465472383231e-11,0.9550540103152655,-0.28109215878011695,1.279280449550651e-09,0.9663644438068457,False
photon_scattering,Photon scattering,4.0,C,"IX,ZI",4.362228611167497e-10,0.5767433424335995,0.1344998634374348,6.7232055208038325e-09,0.7108321107071212,False
photon_scattering,Photon scattering,4.0,C,"IX,ZX",4.1657869542929774e-10,0.43008890692739465,0.7173590505006473,6.612333964796747e-09,0.4119670499622443,False
photon_scattering,Photon scattering,4.0,C,"IX,ZY",-8.165186791906532e-12,0.592265204755656,-524.1700863941174,9.753489272342562e-11,0.8325689081330082,False
photon_scattering,Photon scattering,4.0,C,"IX,ZZ",4.501905841459737e-10,0.8980684998998717,0.07594834922921512,1.1706724088484402e-08,1.1538229074993966,False
photon_scattering,Photon scattering,4.0,C,"IY,IZ",1.946848632107195e-09,0.24660619747559145,0.892986451837239,3.323133671639315e-08,0.255194137805177,False
photon_scattering,Photon scattering,4.0,C,"IY,XI",-1.7770146788297538e-10,0.6218342908772144,-0.6587770968653912,3.4352162114286848e-09,0.586165278815867,False
photon_scattering,Photon scattering,4.0,C,"IY,XX",4.947478586570816e-10,0.8834187519299201,-2.663084021588474,1.3502383566691257e-08,0.8534339196591735,False
photon_scattering,Photon scattering,4.0,C,"IY,XY",-8.085261456009627e-11,0.9984024156879565,-0.06407152468389077,2.2839634286066694e-08,0.9716798917014463,False
photon_scattering,Photon scattering,4.0,C,"IY,XZ",-9.67383823879627e-06,3.6776691385276065e-05,0.999999996001171,0.00015477915923614753,2.477829335345663e-05,True
photon_scattering,Photon scattering,4.0,C,"IY,YI",-3.72244141717833e-10,0.5816536928209023,-37472661.889190495,4.219443308427814e-09,0.8235151913879755,False
photon_scattering,Photon scattering,4.0,C,"IY,YX",-1.278804640766957e-10,0.861084546262301,0.19781007050442234,3.1007748523599977e-09,1.0824829084119836,False
photon_scattering,Photon scattering,4.0,C,"IY,YY",-1.530184100345721e-09,0.507209134757094,0.564917158956666,3.135278959572429e-08,0.4653895316658601,False
photon_scattering,Photon scattering,4.0,C,"IY,YZ",-2.4228396496574075e-11,0.9993526772461615,3.7205027229814114e-05,8.463918768115411e-09,1.005725101376881,False
photon_scattering,Photon scattering,4.0,C,"IY,ZI",-2.410103405567976e-10,0.8778179942478532,0.22326006666018727,6.0495420483104174e-09,1.0286928126583545,False
photon_scattering,Photon scattering,4.0,C,"IY,ZX",2.0671896773267897e-10,0.5815803220012303,-1241802116929.9565,2.342817676201335e-09,0.823529615784823,False
photon_scattering,Photon scattering,4.0,C,"IY,ZY",2.725593546163386e-11,0.998925337215792,-0.4142999111782508,7.497420611068564e-09,0.9905254149156293,False
photon_scattering,Photon scattering,4.0,C,"IY,ZZ",-2.946426589896186e-10,0.8047531797030759,0.34939163897496806,6.569670088605636e-09,0.9409544104292702,False
photon_scattering,Photon scattering,4.0,C,"IZ,XI",1.8551826444867207e-10,0.9880985346205555,-0.2448961524199127,1.9414370460865346e-08,0.9235542497460294,False
photon_scattering,Photon scattering,4.0,C,"IZ,XX",-6.043620608775641e-10,0.916129653025391,-0.29932558595981207,2.451196427263457e-08,0.8027536090847585,False
photon_scattering,Photon scattering,4.0,C,"IZ,XY",1.0096437484886763e-05,9.098889876778607e-05,0.9999999755261875,0.00016155048325821624,6.630391922881783e-05,True
photon_scattering,Photon scattering,4.0,C,"IZ,XZ",4.874769927129689e-10,0.9545761074080281,-0.268286410415739,2.7371581818078053e-08,0.8575231797846609,False
photon_scattering,Photon scattering,4.0,C,"IZ,YI",-1.693886626804576e-10,0.955641980714826,0.04575443821060299,8.67979323433314e-09,1.0780611510469795,False
photon_scattering,Photon scattering,4.0,C,"IZ,YX",-7.542881171972482e-11,0.9982941273706855,-0.5270194208462688,1.9449075324578213e-08,0.9844869104652181,False
photon_scattering,Photon scattering,4.0,C,"IZ,YY",2.2669950281343206e-10,0.9815723245356656,0.03527012033741039,1.798007614359742e-08,1.0504334911605273,False
photon_scattering,Photon scattering,4.0,C,"IZ,YZ",1.7823411146648034e-09,0.4246637385011406,0.6262650486927825,3.426059948784557e-08,0.3796041540726529,False
photon_scattering,Photon scattering,4.0,C,"IZ,ZI",-3.2623479661727177e-10,0.896326889273546,0.10897770136962426,8.532149881929903e-09,1.152943772030165,False
photon_scattering,Photon scattering,4.0,C,"IZ,ZX",5.720748057824294e-11,0.9978415928723643,0.004127675079749427,1.2798024905206772e-08,1.0178800966561548,False
photon_scattering,Photon scattering,4.0,C,"IZ,ZY",-2.8399335481541576e-10,0.7576834389382571,0.41835924038486016,6.396523117734242e-09,0.740040955375346,False
photon_scattering,Photon scattering,4.0,C,"IZ,ZZ",-3.0550874922607814e-11,0.9976251762917948,-0.029937092120183806,6.365736814852462e-09,0.990401464650148,False
photon_scattering,Photon scattering,4.0,C,"XI,XX",1.6300322708683513e-10,0.9420816521393824,-0.31589240992922685,8.126125528314847e-09,0.9197633723383362,False
photon_scattering,Photon scattering,4.0,C,"XI,XY",-7.240320668550182e-10,0.9147325509676473,0.06623593405737949,2.847418059985393e-08,0.796578640269288,False
photon_scattering,Photon scattering,4.0,C,"XI,XZ",6.602651751917665e-10,0.8964593116640334,-0.397120079563714,2.4716900034114884e-08,0.7862951505146837,False
photon_scattering,Photon scattering,4.0,C,"XI,YI",2.916204454986801e-11,0.9438935810241139,-0.5464303324999926,1.528430838547408e-09,0.9236810883047006,False
photon_scattering,Photon scattering,4.0,C,"XI,YX",-4.6158617222961665e-10,0.8800681508811985,-2.4935290262609486,1.3468261466080472e-08,0.8629114311770346,False
photon_scattering,Photon scattering,4.0,C,"XI,YY",5.318917610109347e-10,0.8658362050355644,-0.024319805474895206,1.4711104923644199e-08,0.9276884008683726,False
photon_scattering,Photon scattering,4.0,C,"XI,YZ",1.3415937843227664e-11,0.5718173031239192,-689.0318669376692,1.5290639309624724e-10,0.7731891681219609,False
photon_scattering,Photon scattering,4.0,C,"XI,ZI",5.171309588954282e-10,0.712135717194377,-1.6862765861245568,1.0118981600507841e-08,0.7955798402204922,False
photon_scattering,Photon scattering,4.0,C,"XI,ZX",4.847091227983608e-10,0.8443756727187515,-0.2846262717385939,1.42891903868262e-08,0.9321572307910133,False
photon_scattering,Photon scattering,4.0,C,"XI,ZY",1.6335246879720848e-11,0.972406079169477,-0.21185069150263125,1.232812057362205e-09,0.9734992097422007,False
photon_scattering,Photon scattering,4.0,C,"XI,ZZ",3.461463972283721e-10,0.665835725008111,0.4127418762316678,5.9883745794833655e-09,0.7533780689245594,False
photon_scattering,Photon scattering,4.0,C,"XX,XY",2.104608654922885e-10,0.6545445873654335,-0.2669864715670245,4.071866033346872e-09,0.58650728925028,False
photon_scattering,Photon scattering,4.0,C,"XX,XZ",5.4677734502159536e-11,0.9992764983270463,-0.06974920552444352,2.1374555966726533e-08,1.020464606455367,False
photon_scattering,Photon scattering,4.0,C,"XX,YI",3.33063899884247e-10,0.9086290641453678,-2.129089806800904,1.0681979116847854e-08,0.8752800782548128,False
photon_scattering,Photon scattering,4.0,C,"XX,YX",1.2445746012783736e-10,0.7084161864289343,0.2425607643785217,1.934878354620385e-09,0.9346098452016905,False
photon_scattering,Photon scattering,4.0,C,"XX,YY",-9.878548310278065e-10,0.6070259486462635,0.09429188386880971,1.5308165616414986e-08,0.7667728105817581,False
photon_scattering,Photon scattering,4.0,C,"XX,YZ",-3.088253332404087e-10,0.9279614044088588,-1.7279190148230734,1.1512649977115747e-08,0.8927005219982278,False
photon_scattering,Photon scattering,4.0,C,"XX,ZI",-6.572306303080922e-10,0.8663322421795501,0.0734425428852411,1.5089816510243528e-08,1.0389282388012357,False
photon_scattering,Photon scattering,4.0,C,"XX,ZX",4.735935921181099e-10,0.758315276825785,-1.2291479922087323,9.886416201834834e-09,0.8083861401545223,False
photon_scattering,Photon scattering,4.0,C,"XX,ZY",-2.617152271202834e-10,0.9443605909784727,-1.5288967116219072,1.0527976266207587e-08,0.9005638992708105,False
photon_scattering,Photon scattering,4.0,C,"XX,ZZ",5.982967085212623e-11,0.9468963118189797,-0.46746527692847173,2.260233828657751e-09,0.9470588661283277,False
photon_scattering,Photon scattering,4.0,C,"XY,XZ",2.1751719860770935e-09,0.21563128183415756,0.9145977901941396,3.724218740619568e-08,0.21087858044568542,False
photon_scattering,Photon scattering,4.0,C,"XY,YI",-3.1180338476822527e-10,0.9410384961472823,0.0087183319465155,1.200794426758168e-08,0.9480671499100787,False
photon_scattering,Photon scattering,4.0,C,"XY,YX",2.926660610971002e-10,0.9146505504712192,0.10203439383506197,8.91793916900944e-09,1.1312707142538665,False
photon_scattering,Photon scattering,4.0,C,"XY,YY",-2.003093438214554e-11,0.9849183128832414,0.029744066872011254,1.720284668507791e-09,1.0465758597953925,False
photon_scattering,Photon scattering,4.0,C,"XY,YZ",-9.551164273124146e-11,0.970440931418207,-0.1701029245048966,5.801062043979725e-09,0.9341419608980998,False
photon_scattering,Photon scattering,4.0,C,"XY,ZI",1.1255791869786797e-10,0.9953672595931213,-0.24657098333353566,1.7318559927048202e-08,1.02599706192016,False
photon_scattering,Photon scattering,4.0,C,"XY,ZX",5.190552041029912e-11,0.9971273478540142,-0.47516482016484596,1.118678566824852e-08,0.9814404165952254,False
photon_scattering,Photon scattering,4.0,C,"XY,ZY",5.801192886468145e-12,0.9999218242272706,-0.1483775729163006,7.767203883079471e-09,1.002987532179556,False
photon_scattering,Photon scattering,4.0,C,"XY,ZZ",-3.398367419299343e-12,0.9918917447812042,0.011938979206920664,3.845694150501172e-10,0.9646527541057163,False
photon_scattering,Photon scattering,4.0,C,"XZ,YI",2.2093861051651973e-10,0.5815801013794352,-9953049239174.562,2.5039719263681693e-09,0.8235294827470567,False
photon_scattering,Photon scattering,4.0,C,"XZ,YX",1.229107488585461e-10,0.9845710201520192,-0.9044818331364348,9.38450177101743e-09,0.9476111777236224,False
photon_scattering,Photon scattering,4.0,C,"XZ,YY",-7.45855665790416e-10,0.46605418400149756,0.11441173530912918,1.1180762428814747e-08,0.6026971250094099,False
photon_scattering,Photon scattering,4.0,C,"XZ,YZ",5.580928186841471e-11,0.8735549277769726,-0.3185539938284243,1.7844799982044757e-09,0.9374503699401849,False
photon_scattering,Photon scattering,4.0,C,"XZ,ZI",1.0953592358629936e-11,0.9990618742330304,-0.09275873231691056,4.423357992920574e-09,1.0049526139987586,False
photon_scattering,Photon scattering,4.0,C,"XZ,ZX",-1.4718124082347427e-10,0.5817656533630323,-5911382.655705986,1.6687264479688443e-09,0.8234947430534102,False
photon_scattering,Photon scattering,4.0,C,"XZ,ZY",-2.4878313656863466e-11,0.9429486778013487,0.11074302821032533,9.085550261062936e-10,1.0938423155378139,False
photon_scattering,Photon scattering,4.0,C,"XZ,ZZ",-4.641764480085137e-11,0.9867045430952336,-0.203941980667524,5.22550901649137e-09,0.9644684223838402,False
photon_scattering,Photon scattering,4.0,C,"YI,YX",-1.2920531790885763e-10,0.9379948599693375,0.08797399447200926,3.98035609122181e-09,1.0591543031056432,False
photon_scattering,Photon scattering,4.0,C,"YI,YY",-1.59824021112448e-09,0.568137084293517,0.4978953304423085,3.405944717639136e-08,0.5047818396125071,False
photon_scattering,Photon scattering,4.0,C,"YI,YZ",-2.271464518762623e-10,0.9845346048195851,-0.06740214595404015,2.1546023311438593e-08,0.9156609278313841,False
photon_scattering,Photon scattering,4.0,C,"YI,ZI",1.268193998428522e-09,0.4652359384288073,-0.6712806732927801,1.8320054995702885e-08,0.5767766689660653,False
photon_scattering,Photon scattering,4.0,C,"YI,ZX",-9.67503803375911e-06,8.424478909355859e-05,0.9999999790186721,0.00015480723813252555,8.673840107195718e-05,True
photon_scattering,Photon scattering,4.0,C,"YI,ZY",-2.1425636018839968e-10,0.9875307083981804,-0.27287300673658255,2.2010565489607352e-08,0.9221259952491218,False
photon_scattering,Photon scattering,4.0,C,"YI,ZZ",-1.6161698192147979e-10,0.9395499131411604,0.09620051675689578,6.127564406749255e-09,1.0527508064194202,False
photon_scattering,Photon scattering,4.0,C,"YX,YY",4.566423087388382e-12,0.9998610616068992,-0.003360267545030604,2.9064619358913433e-09,0.9968577444411031,False
photon_scattering,Photon scattering,4.0,C,"YX,YZ",5.913945499118554e-11,0.9989248099150237,-0.0530597106690891,2.0461457416236795e-08,0.9768777154869696,False
photon_scattering,Photon scattering,4.0,C,"YX,ZI",1.0093973320365785e-05,0.00016729878117883903,0.999999917282717,0.0001615171858197848,0.00012362641749838894,True
photon_scattering,Photon scattering,4.0,C,"YX,ZX",1.3402340032599344e-09,0.36926966908695275,-0.22101256059533436,1.9853273591755753e-08,0.35043468765802815,False
photon_scattering,Photon scattering,4.0,C,"YX,ZY",-1.0258653816390202e-10,0.9972619520750906,-0.01786998518247085,2.0417264676624948e-08,1.0401959967855439,False
photon_scattering,Photon scattering,4.0,C,"YX,ZZ",-1.0413216744370217e-10,0.9576006194441309,0.034729474342282574,4.524041468480367e-09,0.9539649810156667,False
photon_scattering,Photon scattering,4.0,C,"YY,YZ",2.0964661977635687e-09,0.24885560210130922,0.8791965003458744,3.346495249735142e-08,0.28632394337486905,False
photon_scattering,Photon scattering,4.0,C,"YY,ZI",1.9860449767449294e-10,0.9876476455359439,-0.08022935734395986,1.983102743574981e-08,0.9198813078876733,False
photon_scattering,Photon scattering,4.0,C,"YY,ZX",-8.045930776909946e-10,0.8531422708430215,-0.8324446297529091,2.467122380814051e-08,0.7390990948975912,False
photon_scattering,Photon scattering,4.0,C,"YY,ZY",1.2311033648196492e-09,0.2665468357582303,0.6951748381593144,1.9258955393735202e-08,0.29351561009115,False
photon_scattering,Photon scattering,4.0,C,"YY,ZZ",5.782691783241234e-10,0.4965261336877278,0.6878752508522574,1.1849578504344344e-08,0.3353077721879788,False
photon_scattering,Photon scattering,4.0,C,"YZ,ZI",-2.611973150055261e-10,0.8485505290338212,0.27811290643963293,7.234938685829528e-09,0.7204573381337538,False
photon_scattering,Photon scattering,4.0,C,"YZ,ZX",-1.4631098291882617e-10,0.8685671902108936,-0.4960788147844064,3.914686617804247e-09,0.8456657396500522,False
photon_scattering,Photon scattering,4.0,C,"YZ,ZY",4.5487083490265573e-10,0.6570081734403268,0.5342612656587207,1.0400630055622555e-08,0.4640219585631077,False
photon_scattering,Photon scattering,4.0,C,"YZ,ZZ",1.0275472195885315e-09,0.26016448776504386,0.7849498690212932,1.712689400176752e-08,0.2159240340736294,False
photon_scattering,Photon scattering,4.0,C,"ZI,ZX",3.954423251707737e-10,0.7584237652969693,-0.3285532607052464,8.890937294565364e-09,0.9110459759034653,False
photon_scattering,Photon scattering,4.0,C,"ZI,ZY",1.833783225129565e-09,0.3771179045683879,0.649404922414746,3.373896630703337e-08,0.32425691327000933,False
photon_scattering,Photon scattering,4.0,C,"ZI,ZZ",1.116635512012983e-11,0.9999795699825516,-0.05994611925050819,2.083656256607959e-08,1.0021436079170387,False
photon_scattering,Photon scattering,4.0,C,"ZX,ZY",-2.0359118015175063e-10,0.813729967577392,-1.7153251981849835,4.900517989911365e-09,0.6893970753417448,False
photon_scattering,Photon scattering,4.0,C,"ZX,ZZ",7.726199587660611e-11,0.9978753053531051,-0.13817285908578847,1.8197826806818886e-08,0.9660346274544583,False
photon_scattering,Photon scattering,4.0,C,"ZY,ZZ",1.8484246524201352e-09,0.30755078347025244,0.8475315577497735,3.1412318877036064e-08,0.24476411810892332,False
photon_scattering,Photon scattering,4.0,A,"IX,IY",-6.621452870000868e-10,0.9030579761693176,-0.27159397127938845,2.6380687588894342e-08,0.7992030238730139,False
photon_scattering,Photon scattering,4.0,A,"IX,IZ",-2.697818236316097e-10,0.987781262188953,0.019466966177338896,2.5351679710483588e-08,0.9148673928631095,False
photon_scattering,Photon scattering,4.0,A,"IX,XI",1.068028046205967e-09,0.8533624139743563,-0.6468391719745963,2.6077034235096503e-08,0.9180866937108567,False
photon_scattering,Photon scattering,4.0,A,"IX,XX",1.0105039486883064e-09,0.48121920543571023,-2.094409218159725,1.2347845563337929e-08,0.61025386303239,False
photon_scattering,Photon scattering,4.0,A,"IX,XY",1.2047453358910063e-10,0.9946102173605933,-0.002520590984600446,1.7588507474144554e-08,1.054796933175234,False
photon_scattering,Photon scattering,4.0,A,"IX,XZ",5.1960522595933236e-11,0.9703459275812899,0.05145098900291767,2.85659576066597e-09,1.1455173274746286,False
photon_scattering,Photon scattering,4.0,A,"IX,YI",-5.300457451367699e-10,0.8044331974141995,-0.22201146245750047,1.3036027943079367e-08,0.9186798697500241,False
photon_scattering,Photon scattering,4.0,A,"IX,YX",-4.2340262407161144e-11,0.9939969659856115,0.004891583207169092,4.733426495902047e-09,1.0178898996081664,False
photon_scattering,Photon scattering,4.0,A,"IX,YY",-3.286919272485574e-10,0.9246721660559191,-1.8542291583745456,1.1289347191749716e-08,0.8835390845313832,False
photon_scattering,Photon scattering,4.0,A,"IX,YZ",4.7742716538473814e-11,0.9453944829896597,0.09537034789826149,2.3171628580012035e-09,0.8351683693751006,False
photon_scattering,Photon scattering,4.0,A,"IX,ZI",-2.2356046332534615e-10,0.9621649757613536,-1.202041604465128,1.1559342404055997e-08,0.922639037581618,False
photon_scattering,Photon scattering,4.0,A,"IX,ZX",-3.5786306967199226e-11,0.9778346246170153,-0.24255960469359783,2.986465979697709e-09,0.9760343448005248,False
photon_scattering,Photon scattering,4.0,A,"IX,ZY",5.831721246796436e-11,0.9985770700737341,0.0017193672282579398,1.560310601151805e-08,1.014950154776854,False
photon_scattering,Photon scattering,4.0,A,"IX,ZZ",-3.852711765595496e-10,0.9054957295579015,-2.11814552603198,1.2379779272531812e-08,0.8755159787333568,False
photon_scattering,Photon scattering,4.0,A,"IY,IZ",-5.037327702109031e-10,0.6174056093370855,0.1947220075615147,7.581860713599408e-09,0.6080180408114229,False
photon_scattering,Photon scattering,4.0,A,"IY,XI",2.7816073921691803e-10,0.9685235570585443,0.05446236890778433,1.4704370112090438e-08,1.1513350042723447,False
photon_scattering,Photon scattering,4.0,A,"IY,XX",-1.786647297402628e-10,0.9889039877403285,0.020804383696213402,1.6153178260839822e-08,1.0884852389320312,False
photon_scattering,Photon scattering,4.0,A,"IY,XY",2.174752693362595e-10,0.7844021771969045,-0.21815099675181737,5.080745235270719e-09,0.657569495393647,False
photon_scattering,Photon scattering,4.0,A,"IY,XZ",4.341845350916098e-11,0.9789630354706665,-0.02726164064682668,3.5624351870843826e-09,0.9512485687693916,False
photon_scattering,Photon scattering,4.0,A,"IY,YI",3.796683740211371e-11,0.9855433706952054,-0.046997684251415484,3.401327810399249e-09,0.9776752847602436,False
photon_scattering,Photon scattering,4.0,A,"IY,YX",-5.832164857045266e-11,0.9955371969695093,-0.19593643459953625,9.937543928329935e-09,1.0234752767851176,False
photon_scattering,Photon scattering,4.0,A,"IY,YY",-9.608680664797675e-11,0.9574631574781945,0.08284970319210494,4.99359444750455e-09,1.0769680498951966,False
photon_scattering,Photon scattering,4.0,A,"IY,YZ",-2.841954205797662e-10,0.45366235786634024,-4.9887475095921605,3.4509014321672956e-09,0.4816840130141545,False
photon_scattering,Photon scattering,4.0,A,"IY,ZI",3.589835889526839e-10,0.9245747839339188,-0.00011778950051888337,1.2545243770175062e-08,0.9427697706749825,False
photon_scattering,Photon scattering,4.0,A,"IY,ZX",-9.565671615696091e-11,0.9960542666406379,-0.005298698890624065,1.4110529505230192e-08,0.9896251490791068,False
photon_scattering,Photon scattering,4.0,A,"IY,ZY",2.9861168311595213e-12,0.9996576861863125,-0.015220017678668762,1.7048340926413465e-09,0.9964968827828483,False
photon_scattering,Photon scattering,4.0,A,"IY,ZZ",-3.368553084327635e-10,0.9064501350222379,-1.3283778834798374,1.3019732353623035e-08,0.8965092985681765,False
photon_scattering,Photon scattering,4.0,A,"IZ,XI",-3.4152336601354696e-10,0.7378370289488382,0.42079824583341363,5.983398182280173e-09,0.9248821997523179,False
photon_scattering,Photon scattering,4.0,A,"IZ,XX",1.8205578969159721e-10,0.8427978922415035,-1.1271123316159182,5.0739160139494756e-09,0.7129541928702329,False
photon_scattering,Photon scattering,4.0,A,"IZ,XY",5.2042991124012795e-11,0.9707061636173944,-0.04828954239005734,3.7112385591663925e-09,0.9439076844085146,False
photon_scattering,Photon scattering,4.0,A,"IZ,XZ",3.112569120223614e-10,0.5230495783627409,0.4237195915429165,4.7018036600207e-09,0.4704042371331328,False
photon_scattering,Photon scattering,4.0,A,"IZ,YI",-2.2770850260196372e-10,0.6752458832531442,0.2563602849925828,3.802428356810626e-09,0.7604599153652858,False
photon_scattering,Photon scattering,4.0,A,"IZ,YX",3.408264139564818e-10,0.581617950252885,-81026172.79733354,3.863109984152504e-09,0.8234984620807508,False
photon_scattering,Photon scattering,4.0,A,"IZ,YY",8.513482148435316e-11,0.7938053174673612,-0.7338599353004742,1.8068029148321765e-09,0.9057619170464303,False
photon_scattering,Photon scattering,4.0,A,"IZ,YZ",-2.431976751188902e-10,0.7624134224684427,0.2733649836278996,3.963546851051952e-09,1.1777224020457084,False
photon_scattering,Photon scattering,4.0,A,"IZ,ZI",3.274910609256751e-11,0.5815778237106048,-19823202737.39587,3.711571273227589e-10,0.8235193306468053,False
photon_scattering,Photon scattering,4.0,A,"IZ,ZX",8.847753992247039e-11,0.9913326566434821,-0.7747260073130093,8.993274869016805e-09,0.9606472430961545,False
photon_scattering,Photon scattering,4.0,A,"IZ,ZY",2.7898940014985023e-10,0.7602573509292214,-0.8773978842365169,6.494575925559033e-09,0.8281708284897227,False
photon_scattering,Photon scattering,4.0,A,"IZ,ZZ",-2.1535035564042186e-10,0.6869064190944264,-0.5280680846812549,3.770121615381273e-09,0.8857594647547498,False
photon_scattering,Photon scattering,4.0,A,"XI,XX",1.7969820671058105e-09,0.6051698211203946,-2.558397998613749,3.060721300363551e-08,0.5303114813119728,False
photon_scattering,Photon scattering,4.0,A,"XI,XY",-1.2974439654292548e-11,0.9999606083547259,-0.12368018994883245,2.1196598986513246e-08,1.004896800533915,False
photon_scattering,Photon scattering,4.0,A,"XI,XZ",1.728781845660592e-10,0.7183971388790226,-1.3064605490238197,3.7176332440537695e-09,0.627982271048233,False
photon_scattering,Photon scattering,4.0,A,"XI,YI",-4.0166053473217013e-10,0.668953978345012,0.4766302367229288,6.880014603249557e-09,0.6292670981694649,False
photon_scattering,Photon scattering,4.0,A,"XI,YX",1.7227808199157048e-11,0.9992313214498316,-0.21545556524955622,7.843613326040304e-09,0.9912143510991488,False
photon_scattering,Photon scattering,4.0,A,"XI,YY",-2.4175182929235614e-10,0.9483297556444591,-1.4084473750007929,1.0750278364564578e-08,0.9100481602079342,False
photon_scattering,Photon scattering,4.0,A,"XI,YZ",-1.5909478135920629e-10,0.9899731029591299,-0.02894964384993126,1.6648442705311633e-08,0.9808877281586887,False
photon_scattering,Photon scattering,4.0,A,"XI,ZI",-1.8342415803286162e-09,0.5994438495262553,-5.791077535778305,2.8951055872467216e-08,0.49314689221459423,False
photon_scattering,Photon scattering,4.0,A,"XI,ZX",-7.424454116873376e-12,0.9621916037241852,0.03991494298491316,3.2423941581996014e-10,1.0915922464034533,False
photon_scattering,Photon scattering,4.0,A,"XI,ZY",-1.4676133014009524e-11,0.9956439113987223,-0.16278273789060438,1.7419975001386688e-09,0.9912157818851886,False
photon_scattering,Photon scattering,4.0,A,"XI,ZZ",-3.325735421091452e-10,0.9235731816055546,-1.8737513802149053,1.133028228169627e-08,0.8825894946513707,False
photon_scattering,Photon scattering,4.0,A,"XX,XY",6.693433265044392e-10,0.9514459429148231,0.09437313320458007,2.673759846570974e-08,0.8913064856089674,False
photon_scattering,Photon scattering,4.0,A,"XX,XZ",-6.728662870652124e-11,0.9989566847765596,-0.0647815508673506,2.0849471972628337e-08,0.9935454836654994,False
photon_scattering,Photon scattering,4.0,A,"XX,YI",1.9512233843022621e-10,0.8842980920197163,-0.846173903651875,7.098108859161233e-09,0.8900426340019343,False
photon_scattering,Photon scattering,4.0,A,"XX,YX",1.3992337868781632e-09,0.5856325671343751,-0.4190381994891683,2.277490851314518e-08,0.5162749072017842,False
photon_scattering,Photon scattering,4.0,A,"XX,YY",-5.975178143630857e-16,0.4313424564711916,-0.8604786020205395,7.568654345488906e-15,0.5295481635762282,False
photon_scattering,Photon scattering,4.0,A,"XX,YZ",5.318974097034674e-10,0.8658913816489918,-0.024385968303537675,1.4715277867689734e-08,0.9277081391889511,False
photon_scattering,Photon scattering,4.0,A,"XX,ZI",-1.7224657556404538e-11,0.9578463532859364,0.05693142781171234,7.259784099793348e-10,1.0949045168265807,False
photon_scattering,Photon scattering,4.0,A,"XX,ZX",1.8096275708313666e-09,0.6075357371678921,-7.5885399484839,2.792658547812061e-08,0.4885903996759551,False
photon_scattering,Photon scattering,4.0,A,"XX,ZY",4.5441398756599207e-10,0.4609797117858372,0.09840984767463967,6.2449631456774185e-09,0.6751115765327564,False
photon_scattering,Photon scattering,4.0,A,"XX,ZZ",6.440648369396653e-10,0.9252435323724083,-1.814830065510105,2.287722042384833e-08,0.887387571565598,False
photon_scattering,Photon scattering,4.0,A,"XY,XZ",5.814066644082537e-10,0.6262227672518246,-0.26828428700283524,8.159959649168448e-09,0.8506724893590015,False
photon_scattering,Photon scattering,4.0,A,"XY,YI",1.1363565643268531e-10,0.977614625292891,-0.11010843263513004,6.703642211468795e-09,1.0678053230455968,False
photon_scattering,Photon scattering,4.0,A,"XY,YX",-6.89517779487036e-11,0.5815799230696053,-325963283456.87555,7.814544568748914e-10,0.823529631593764,False
photon_scattering,Photon scattering,4.0,A,"XY,YY",-7.987255551942309e-11,0.9851819140222864,-0.014887810970531712,7.625793347973741e-09,0.9581040021019472,False
photon_scattering,Photon scattering,4.0,A,"XY,YZ",7.352664200133498e-11,0.9921560896874909,-0.7239247134959426,8.407436846314047e-09,0.9650182840047997,False
photon_scattering,Photon scattering,4.0,A,"XY,ZI",-3.3132953531833816e-10,0.581618856981419,-76666877.02445914,3.755479281791788e-09,0.8234968211374345,False
photon_scattering,Photon scattering,4.0,A,"XY,ZX",-8.266566638510208e-11,0.9399407419636444,0.11371017457591182,3.613213586104958e-09,1.0457574203213464,False
photon_scattering,Photon scattering,4.0,A,"XY,ZY",1.8552372393014958e-09,0.4184447104271673,0.6192957862467066,3.525184037512334e-08,0.3784850397346359,False
photon_scattering,Photon scattering,4.0,A,"XY,ZZ",-3.245123878944573e-10,0.9644664313773318,0.06089961968493085,1.825797276358996e-08,1.071094944021737,False
photon_scattering,Photon scattering,4.0,A,"XZ,YI",-1.537913164094371e-10,0.9899660659360968,-0.012435630313582191,1.4765200408572732e-08,0.9791684078571469,False
photon_scattering,Photon scattering,4.0,A,"XZ,YX",1.2262190874805632e-10,0.9901051293253457,0.01363911855454103,1.205948857315917e-08,1.0406723412868357,False
photon_scattering,Photon scattering,4.0,A,"XZ,YY",-3.679053871774948e-11,0.9980184212325786,-0.28869852866258117,8.680127155943498e-09,1.016953916944665,False
photon_scattering,Photon scattering,4.0,A,"XZ,YZ",2.144989882477395e-10,0.822938096536933,0.3206720088927427,4.315374533650412e-09,0.9813133185520572,False
photon_scattering,Photon scattering,4.0,A,"XZ,ZI",-3.0097496578394534e-11,0.9989915296392495,-0.41668344207056807,1.094063530868034e-08,0.9889960698883674,False
photon_scattering,Photon scattering,4.0,A,"XZ,ZX",-8.976128723324318e-11,0.9327017993870976,-0.15671341356964152,3.9883410916625375e-09,0.954988159151741,False
photon_scattering,Photon scattering,4.0,A,"XZ,ZY",-2.1361935418492288e-10,0.9505235959544942,-0.01214528162942119,9.526972235952073e-09,0.9551548280200115,False
photon_scattering,Photon scattering,4.0,A,"XZ,ZZ",-1.8208686254587082e-09,0.4451525414968115,0.5735516245951311,3.4812235846628476e-08,0.4079654710022872,False
photon_scattering,Photon scattering,4.0,A,"YI,YX",8.80960015307197e-10,0.7732111157536795,-0.9228144511502523,2.2774650827886507e-08,0.6905471712511166,False
photon_scattering,Photon scattering,4.0,A,"YI,YY",-1.579018385704717e-10,0.992590371197821,-0.1381224856373291,2.0927740133094347e-08,0.9396392204542824,False
photon_scattering,Photon scattering,4.0,A,"YI,YZ",1.2023880963479804e-10,0.8824651006435137,0.11930994996477373,3.3144685580936314e-09,0.7682857457757132,False
photon_scattering,Photon scattering,4.0,A,"YI,ZI",-4.0659626230951434e-10,0.951844279485435,-0.37900108307413394,2.115021653119656e-08,0.8462062979980237,False
photon_scattering,Photon scattering,4.0,A,"YI,ZX",1.6208410855364368e-10,0.7873705353137511,-5.26457706848701,2.9998176719717697e-09,0.7838747200297591,False
photon_scattering,Photon scattering,4.0,A,"YI,ZY",-1.5941693604849035e-10,0.8331711688304463,-0.9307785559290926,4.4187312206554295e-09,0.7113797095359983,False
photon_scattering,Photon scattering,4.0,A,"YI,ZZ",-1.1843169555591237e-10,0.9940323144133536,0.011547843130587099,1.6026688584841252e-08,1.059117238063978,False
photon_scattering,Photon scattering,4.0,A,"YX,YY",-7.759811885146078e-11,0.9990605537097024,-0.025317568767426968,1.9047341993947395e-08,1.0325916839740132,False
photon_scattering,Photon scattering,4.0,A,"YX,YZ",1.7656901040442367e-09,0.36168084185211996,0.6843215261527307,3.2300756968421094e-08,0.33475547515349324,False
photon_scattering,Photon scattering,4.0,A,"YX,ZI",-2.0344103222441813e-10,0.7639890551440381,-7.001905518432336,3.519588056401065e-09,0.7687899504552296,False
photon_scattering,Photon scattering,4.0,A,"YX,ZX",5.259349301759082e-10,0.9295221681211335,-0.5076701821661465,2.242616290087817e-08,0.8123852279142008,False
photon_scattering,Photon scattering,4.0,A,"YX,ZY",-9.34616759106382e-11,0.989274959244938,-0.13543910394466785,9.430116001452171e-09,1.0396439135621431,False
photon_scattering,Photon scattering,4.0,A,"YX,ZZ",-2.885684623990086e-10,0.9785205978071643,-0.0750520560375767,2.2667365016382048e-08,0.8981554451731091,False
photon_scattering,Photon scattering,4.0,A,"YY,YZ",2.314981135928247e-10,0.802691085152432,0.31145225895421247,4.570025833345638e-09,1.0805303565400983,False
photon_scattering,Photon scattering,4.0,A,"YY,ZI",-1.7663879160002868e-10,0.8248918983291471,-1.1261797653002006,4.832161907581082e-09,0.7075614683805961,False
photon_scattering,Photon scattering,4.0,A,"YY,ZX",8.736455595047957e-11,0.986158817422087,-0.08551118277707381,7.797188470055613e-09,1.044818491324659,False
photon_scattering,Photon scattering,4.0,A,"YY,ZY",3.4208869722380914e-10,0.966860425994396,-0.22126093712897865,2.2874525243120183e-08,0.8803599397712714,False
photon_scattering,Photon scattering,4.0,A,"YY,ZZ",-5.338000248598579e-10,0.7000289587165245,0.1956676434466873,9.772751210689534e-09,0.5785782644871222,False
photon_scattering,Photon scattering,4.0,A,"YZ,ZI",-7.635102935291297e-11,0.9982861164673947,-0.046421962239324044,1.8897658164536426e-08,1.0323219009204831,False
photon_scattering,Photon scattering,4.0,A,"YZ,ZX",-3.319212739331297e-11,0.9996197469346323,-0.18612892267321435,1.8142655281890813e-08,0.985363938463211,False
photon_scattering,Photon scattering,4.0,A,"YZ,ZY",-8.19474354254756e-10,0.6617993304886572,0.5107851364147605,1.394304002290403e-08,0.6699654024894242,False
photon_scattering,Photon scattering,4.0,A,"YZ,ZZ",-1.0020863476563143e-10,0.9966984567099496,-0.09559352955845424,1.9903734682944426e-08,0.9597226806478684,False
photon_scattering,Photon scattering,4.0,A,"ZI,ZX",9.197029032804876e-10,0.7647661761432808,-0.5886463217651523,2.3730440442684676e-08,0.6899499929630671,False
photon_scattering,Photon scattering,4.0,A,"ZI,ZY",-2.2705683638720857e-10,0.9834817744889094,-0.1879947232843091,2.0549040421170504e-08,0.9116039165884223,False
photon_scattering,Photon scattering,4.0,A,"ZI,ZZ",-1.7126246600406717e-10,0.7802027445217506,-0.9123507384262588,4.464738164184969e-09,0.6931287619455178,False
photon_scattering,Photon scattering,4.0,A,"ZX,ZY",4.0946260944477217e-10,0.9497669287048579,-0.2093127723283308,2.179675776443284e-08,0.849716140769186,False
photon_scattering,Photon scattering,4.0,A,"ZX,ZZ",-1.8664375465496763e-09,0.47209477781337084,0.5544078866472304,3.6432770927516084e-08,0.4376319087698076,False
photon_scattering,Photon scattering,4.0,A,"ZY,ZZ",4.275437191030297e-11,0.9883392737321238,-0.023501682277722535,4.652969181929523e-09,0.9632455146478547,False
